chain,bridge,flow_id,tx_hashes,address_set,primary_address,token_contracts,token_symbols,asset_group,route_id,start_time,end_time,tx_count,raw_amount_sum,human_amount_sum,usd_amount_sum,aml_score_mean,aml_score_max,evidence_quality_mean,flow_construction_rule,bridge_contract_hit
BNB,Multi,bnb_flow_0xf768ef14a3ba__synth_split_a,0xf768ef14a3ba209f10fc7fbe6b46c54db7ccdfe860067469a5608ff8f9b3a363,0x3122205b0b30ab414cb96186ff625b5d5beb1469|0xd1c5966f9f5ee6881ff6b261bbeda45972b1b5f3|0xedf0c420bc3b92b961c6ec411cc810ca81f5f21a,0x3122205b0b30ab414cb96186ff625b5d5beb1469,0xedf0c420bc3b92b961c6ec411cc810ca81f5f21a,USDT,USDT,0xf768ef14a3ba209f10fc7fbe6b46c54db7ccdfe860067469a5608ff8f9b3a363_USDT,1638991572,1638991572,1,3.442857142857143e+18,3.442857142857143,3.442857142857143,0,0,0.750000,bridge_dst_event_flow,True
BNB,Multi,bnb_flow_0xf768ef14a3ba__synth_split_b,0xf768ef14a3ba209f10fc7fbe6b46c54db7ccdfe860067469a5608ff8f9b3a363,0x3122205b0b30ab414cb96186ff625b5d5beb1469|0xd1c5966f9f5ee6881ff6b261bbeda45972b1b5f3|0xedf0c420bc3b92b961c6ec411cc810ca81f5f21a,0x3122205b0b30ab414cb96186ff625b5d5beb1469,0xedf0c420bc3b92b961c6ec411cc810ca81f5f21a,USDT,USDT,0xf768ef14a3ba209f10fc7fbe6b46c54db7ccdfe860067469a5608ff8f9b3a363_USDT,1638991572,1638991572,1,3.442857142857143e+18,3.442857142857143,3.442857142857143,0,0,0.750000,bridge_dst_event_flow,True
BNB,Multi,bnb_flow_0xf768ef14a3ba__synth_split_c,0xf768ef14a3ba209f10fc7fbe6b46c54db7ccdfe860067469a5608ff8f9b3a363,0x3122205b0b30ab414cb96186ff625b5d5beb1469|0xd1c5966f9f5ee6881ff6b261bbeda45972b1b5f3|0xedf0c420bc3b92b961c6ec411cc810ca81f5f21a,0x3122205b0b30ab414cb96186ff625b5d5beb1469,0xedf0c420bc3b92b961c6ec411cc810ca81f5f21a,USDT,USDT,0xf768ef14a3ba209f10fc7fbe6b46c54db7ccdfe860067469a5608ff8f9b3a363_USDT,1638991572,1638991572,1,3.442857142857143e+18,3.442857142857143,3.442857142857143,0,0,0.750000,bridge_dst_event_flow,True
BNB,Multi,bnb_flow_0xf768ef14a3ba__synth_split_d,0xf768ef14a3ba209f10fc7fbe6b46c54db7ccdfe860067469a5608ff8f9b3a363,0x3122205b0b30ab414cb96186ff625b5d5beb1469|0xd1c5966f9f5ee6881ff6b261bbeda45972b1b5f3|0xedf0c420bc3b92b961c6ec411cc810ca81f5f21a,0x3122205b0b30ab414cb96186ff625b5d5beb1469,0xedf0c420bc3b92b961c6ec411cc810ca81f5f21a,USDT,USDT,0xf768ef14a3ba209f10fc7fbe6b46c54db7ccdfe860067469a5608ff8f9b3a363_USDT,1638991572,1638991572,1,3.442857142857143e+18,3.442857142857143,3.442857142857143,0,0,0.750000,bridge_dst_event_flow,True
BNB,Multi,bnb_flow_0xf768ef14a3ba__synth_split_e,0xf768ef14a3ba209f10fc7fbe6b46c54db7ccdfe860067469a5608ff8f9b3a363,0x3122205b0b30ab414cb96186ff625b5d5beb1469|0xd1c5966f9f5ee6881ff6b261bbeda45972b1b5f3|0xedf0c420bc3b92b961c6ec411cc810ca81f5f21a,0x3122205b0b30ab414cb96186ff625b5d5beb1469,0xedf0c420bc3b92b961c6ec411cc810ca81f5f21a,USDT,USDT,0xf768ef14a3ba209f10fc7fbe6b46c54db7ccdfe860067469a5608ff8f9b3a363_USDT,1638991572,1638991572,1,3.442857142857143e+18,3.442857142857143,3.442857142857143,0,0,0.750000,bridge_dst_event_flow,True
BNB,Multi,bnb_flow_0xf768ef14a3ba__synth_split_f,0xf768ef14a3ba209f10fc7fbe6b46c54db7ccdfe860067469a5608ff8f9b3a363,0x3122205b0b30ab414cb96186ff625b5d5beb1469|0xd1c5966f9f5ee6881ff6b261bbeda45972b1b5f3|0xedf0c420bc3b92b961c6ec411cc810ca81f5f21a,0x3122205b0b30ab414cb96186ff625b5d5beb1469,0xedf0c420bc3b92b961c6ec411cc810ca81f5f21a,USDT,USDT,0xf768ef14a3ba209f10fc7fbe6b46c54db7ccdfe860067469a5608ff8f9b3a363_USDT,1638991572,1638991572,1,3.442857142857143e+18,3.442857142857143,3.442857142857143,0,0,0.750000,bridge_dst_event_flow,True
BNB,Multi,bnb_flow_0xf768ef14a3ba__synth_split_g,0xf768ef14a3ba209f10fc7fbe6b46c54db7ccdfe860067469a5608ff8f9b3a363,0x3122205b0b30ab414cb96186ff625b5d5beb1469|0xd1c5966f9f5ee6881ff6b261bbeda45972b1b5f3|0xedf0c420bc3b92b961c6ec411cc810ca81f5f21a,0x3122205b0b30ab414cb96186ff625b5d5beb1469,0xedf0c420bc3b92b961c6ec411cc810ca81f5f21a,USDT,USDT,0xf768ef14a3ba209f10fc7fbe6b46c54db7ccdfe860067469a5608ff8f9b3a363_USDT,1638991572,1638991572,1,3.442857142857143e+18,3.442857142857143,3.442857142857143,0,0,0.750000,bridge_dst_event_flow,True
BNB,Multi,bnb_flow_0xf768ef14a3ba__synth_merge_dst,0xf768ef14a3ba209f10fc7fbe6b46c54db7ccdfe860067469a5608ff8f9b3a363,0x3122205b0b30ab414cb96186ff625b5d5beb1469|0xd1c5966f9f5ee6881ff6b261bbeda45972b1b5f3|0xedf0c420bc3b92b961c6ec411cc810ca81f5f21a,0x3122205b0b30ab414cb96186ff625b5d5beb1469,0xedf0c420bc3b92b961c6ec411cc810ca81f5f21a,USDT,USDT,0xf768ef14a3ba209f10fc7fbe6b46c54db7ccdfe860067469a5608ff8f9b3a363_USDT,1638991572,1638991572,1,2.41e+19,24.1,24.1,0,0,0.750000,bridge_dst_event_flow,True
BNB,Multi,bnb_flow_0xf768ef14a3ba__synth_hidden_dst,0xf768ef14a3ba209f10fc7fbe6b46c54db7ccdfe860067469a5608ff8f9b3a363,0x3122205b0b30ab414cb96186ff625b5d5beb1469|0xd1c5966f9f5ee6881ff6b261bbeda45972b1b5f3|0xedf0c420bc3b92b961c6ec411cc810ca81f5f21a,0x3122205b0b30ab414cb96186ff625b5d5beb1469,0xedf0c420bc3b92b961c6ec411cc810ca81f5f21a,USDT,USDT,0xf768ef14a3ba209f10fc7fbe6b46c54db7ccdfe860067469a5608ff8f9b3a363_USDT,1638991572,1638991572,1,2.41e+19,24.1,24.1,0,0,0.750000,bridge_dst_event_flow,True
BNB,Multi,bnb_flow_0xf768ef14a3ba__synth_noise_dst_0,0xf768ef14a3ba209f10fc7fbe6b46c54db7ccdfe860067469a5608ff8f9b3a363,0x3122205b0b30ab414cb96186ff625b5d5beb1469|0xd1c5966f9f5ee6881ff6b261bbeda45972b1b5f3|0xedf0c420bc3b92b961c6ec411cc810ca81f5f21a,0x3122205b0b30ab414cb96186ff625b5d5beb1469,0xedf0c420bc3b92b961c6ec411cc810ca81f5f21a,USDT,USDT,0xf768ef14a3ba209f10fc7fbe6b46c54db7ccdfe860067469a5608ff8f9b3a363_USDT,1638991632,1638991632,1,2.41e+19,24.1,24.1,0,0,0.750000,bridge_dst_event_flow,True
BNB,Multi,bnb_flow_0xf768ef14a3ba__synth_noise_dst_1,0xf768ef14a3ba209f10fc7fbe6b46c54db7ccdfe860067469a5608ff8f9b3a363,0x3122205b0b30ab414cb96186ff625b5d5beb1469|0xd1c5966f9f5ee6881ff6b261bbeda45972b1b5f3|0xedf0c420bc3b92b961c6ec411cc810ca81f5f21a,0x3122205b0b30ab414cb96186ff625b5d5beb1469,0xedf0c420bc3b92b961c6ec411cc810ca81f5f21a,USDT,USDT,0xf768ef14a3ba209f10fc7fbe6b46c54db7ccdfe860067469a5608ff8f9b3a363_USDT,1638991692,1638991692,1,2.41e+19,24.1,24.1,0,0,0.750000,bridge_dst_event_flow,True
BNB,Multi,bnb_flow_0xbb22578b4ef7__synth_split_a,0xbb22578b4ef70de289f101b6b76af86237c7068eec032e1178526c03598a3da8,0xd1c5966f9f5ee6881ff6b261bbeda45972b1b5f3|0xedf0c420bc3b92b961c6ec411cc810ca81f5f21a|0xfe0c348c05f12a17a2bc974eb50546338f293742,0xfe0c348c05f12a17a2bc974eb50546338f293742,0xedf0c420bc3b92b961c6ec411cc810ca81f5f21a,USDT,USDT,0xbb22578b4ef70de289f101b6b76af86237c7068eec032e1178526c03598a3da8_USDT,1638629275,1638629275,1,1.605e+19,16.05,16.05,0,0,0.750000,bridge_dst_event_flow,True
BNB,Multi,bnb_flow_0xbb22578b4ef7__synth_split_b,0xbb22578b4ef70de289f101b6b76af86237c7068eec032e1178526c03598a3da8,0xd1c5966f9f5ee6881ff6b261bbeda45972b1b5f3|0xedf0c420bc3b92b961c6ec411cc810ca81f5f21a|0xfe0c348c05f12a17a2bc974eb50546338f293742,0xfe0c348c05f12a17a2bc974eb50546338f293742,0xedf0c420bc3b92b961c6ec411cc810ca81f5f21a,USDT,USDT,0xbb22578b4ef70de289f101b6b76af86237c7068eec032e1178526c03598a3da8_USDT,1638629275,1638629275,1,1.605e+19,16.05,16.05,0,0,0.750000,bridge_dst_event_flow,True
BNB,Multi,bnb_flow_0xbb22578b4ef7__synth_merge_dst,0xbb22578b4ef70de289f101b6b76af86237c7068eec032e1178526c03598a3da8,0xd1c5966f9f5ee6881ff6b261bbeda45972b1b5f3|0xedf0c420bc3b92b961c6ec411cc810ca81f5f21a|0xfe0c348c05f12a17a2bc974eb50546338f293742,0xfe0c348c05f12a17a2bc974eb50546338f293742,0xedf0c420bc3b92b961c6ec411cc810ca81f5f21a,USDT,USDT,0xbb22578b4ef70de289f101b6b76af86237c7068eec032e1178526c03598a3da8_USDT,1638629275,1638629275,1,3.21e+19,32.1,32.1,0,0,0.750000,bridge_dst_event_flow,True
BNB,Multi,bnb_flow_0xbb22578b4ef7__synth_hidden_dst,0xbb22578b4ef70de289f101b6b76af86237c7068eec032e1178526c03598a3da8,0xd1c5966f9f5ee6881ff6b261bbeda45972b1b5f3|0xedf0c420bc3b92b961c6ec411cc810ca81f5f21a|0xfe0c348c05f12a17a2bc974eb50546338f293742,0xfe0c348c05f12a17a2bc974eb50546338f293742,0xedf0c420bc3b92b961c6ec411cc810ca81f5f21a,USDT,USDT,0xbb22578b4ef70de289f101b6b76af86237c7068eec032e1178526c03598a3da8_USDT,1638629275,1638629275,1,3.21e+19,32.1,32.1,0,0,0.750000,bridge_dst_event_flow,True
BNB,Multi,bnb_flow_0xbb22578b4ef7__synth_noise_dst_0,0xbb22578b4ef70de289f101b6b76af86237c7068eec032e1178526c03598a3da8,0xd1c5966f9f5ee6881ff6b261bbeda45972b1b5f3|0xedf0c420bc3b92b961c6ec411cc810ca81f5f21a|0xfe0c348c05f12a17a2bc974eb50546338f293742,0xfe0c348c05f12a17a2bc974eb50546338f293742,0xedf0c420bc3b92b961c6ec411cc810ca81f5f21a,USDT,USDT,0xbb22578b4ef70de289f101b6b76af86237c7068eec032e1178526c03598a3da8_USDT,1638629335,1638629335,1,3.21e+19,32.1,32.1,0,0,0.750000,bridge_dst_event_flow,True
BNB,Multi,bnb_flow_0xbb22578b4ef7__synth_noise_dst_1,0xbb22578b4ef70de289f101b6b76af86237c7068eec032e1178526c03598a3da8,0xd1c5966f9f5ee6881ff6b261bbeda45972b1b5f3|0xedf0c420bc3b92b961c6ec411cc810ca81f5f21a|0xfe0c348c05f12a17a2bc974eb50546338f293742,0xfe0c348c05f12a17a2bc974eb50546338f293742,0xedf0c420bc3b92b961c6ec411cc810ca81f5f21a,USDT,USDT,0xbb22578b4ef70de289f101b6b76af86237c7068eec032e1178526c03598a3da8_USDT,1638629395,1638629395,1,3.21e+19,32.1,32.1,0,0,0.750000,bridge_dst_event_flow,True
BNB,Multi,bnb_flow_0xea4fa249ebbf__synth_split_a,0xea4fa249ebbfafcd1c88c8827123c9f59ee8c88be5def5b254ae4fadaa568f25,0x4396005dbc7c3ef36f379f124196631477744fc1|0xd1c5966f9f5ee6881ff6b261bbeda45972b1b5f3|0xdebb1d6a2196f2335ad51fbde7ca587205889360,0x4396005dbc7c3ef36f379f124196631477744fc1,0xdebb1d6a2196f2335ad51fbde7ca587205889360,ETH,WETH_ETH,0xea4fa249ebbfafcd1c88c8827123c9f59ee8c88be5def5b254ae4fadaa568f25_ETH,1645588054,1645588054,1,1.99e+16,0.0199,48.97208062970979,0,0,0.825000,bridge_dst_event_flow,True
BNB,Multi,bnb_flow_0xea4fa249ebbf__synth_split_b,0xea4fa249ebbfafcd1c88c8827123c9f59ee8c88be5def5b254ae4fadaa568f25,0x4396005dbc7c3ef36f379f124196631477744fc1|0xd1c5966f9f5ee6881ff6b261bbeda45972b1b5f3|0xdebb1d6a2196f2335ad51fbde7ca587205889360,0x4396005dbc7c3ef36f379f124196631477744fc1,0xdebb1d6a2196f2335ad51fbde7ca587205889360,ETH,WETH_ETH,0xea4fa249ebbfafcd1c88c8827123c9f59ee8c88be5def5b254ae4fadaa568f25_ETH,1645588054,1645588054,1,1.99e+16,0.0199,48.97208062970979,0,0,0.825000,bridge_dst_event_flow,True
BNB,Multi,bnb_flow_0xea4fa249ebbf__synth_split_c,0xea4fa249ebbfafcd1c88c8827123c9f59ee8c88be5def5b254ae4fadaa568f25,0x4396005dbc7c3ef36f379f124196631477744fc1|0xd1c5966f9f5ee6881ff6b261bbeda45972b1b5f3|0xdebb1d6a2196f2335ad51fbde7ca587205889360,0x4396005dbc7c3ef36f379f124196631477744fc1,0xdebb1d6a2196f2335ad51fbde7ca587205889360,ETH,WETH_ETH,0xea4fa249ebbfafcd1c88c8827123c9f59ee8c88be5def5b254ae4fadaa568f25_ETH,1645588054,1645588054,1,1.99e+16,0.0199,48.97208062970979,0,0,0.825000,bridge_dst_event_flow,True
BNB,Multi,bnb_flow_0xea4fa249ebbf__synth_merge_dst,0xea4fa249ebbfafcd1c88c8827123c9f59ee8c88be5def5b254ae4fadaa568f25,0x4396005dbc7c3ef36f379f124196631477744fc1|0xd1c5966f9f5ee6881ff6b261bbeda45972b1b5f3|0xdebb1d6a2196f2335ad51fbde7ca587205889360,0x4396005dbc7c3ef36f379f124196631477744fc1,0xdebb1d6a2196f2335ad51fbde7ca587205889360,ETH,WETH_ETH,0xea4fa249ebbfafcd1c88c8827123c9f59ee8c88be5def5b254ae4fadaa568f25_ETH,1645588054,1645588054,1,5.97e+16,0.0597,146.91624188912937,0,0,0.825000,bridge_dst_event_flow,True
BNB,Multi,bnb_flow_0xea4fa249ebbf__synth_hidden_dst,0xea4fa249ebbfafcd1c88c8827123c9f59ee8c88be5def5b254ae4fadaa568f25,0x4396005dbc7c3ef36f379f124196631477744fc1|0xd1c5966f9f5ee6881ff6b261bbeda45972b1b5f3|0xdebb1d6a2196f2335ad51fbde7ca587205889360,0x4396005dbc7c3ef36f379f124196631477744fc1,0xdebb1d6a2196f2335ad51fbde7ca587205889360,ETH,WETH_ETH,0xea4fa249ebbfafcd1c88c8827123c9f59ee8c88be5def5b254ae4fadaa568f25_ETH,1645588054,1645588054,1,5.97e+16,0.0597,146.91624188912937,0,0,0.825000,bridge_dst_event_flow,True
BNB,Multi,bnb_flow_0xea4fa249ebbf__synth_noise_dst_0,0xea4fa249ebbfafcd1c88c8827123c9f59ee8c88be5def5b254ae4fadaa568f25,0x4396005dbc7c3ef36f379f124196631477744fc1|0xd1c5966f9f5ee6881ff6b261bbeda45972b1b5f3|0xdebb1d6a2196f2335ad51fbde7ca587205889360,0x4396005dbc7c3ef36f379f124196631477744fc1,0xdebb1d6a2196f2335ad51fbde7ca587205889360,ETH,WETH_ETH,0xea4fa249ebbfafcd1c88c8827123c9f59ee8c88be5def5b254ae4fadaa568f25_ETH,1645588114,1645588114,1,5.97e+16,0.0597,146.91624188912937,0,0,0.825000,bridge_dst_event_flow,True
BNB,Multi,bnb_flow_0xea4fa249ebbf__synth_noise_dst_1,0xea4fa249ebbfafcd1c88c8827123c9f59ee8c88be5def5b254ae4fadaa568f25,0x4396005dbc7c3ef36f379f124196631477744fc1|0xd1c5966f9f5ee6881ff6b261bbeda45972b1b5f3|0xdebb1d6a2196f2335ad51fbde7ca587205889360,0x4396005dbc7c3ef36f379f124196631477744fc1,0xdebb1d6a2196f2335ad51fbde7ca587205889360,ETH,WETH_ETH,0xea4fa249ebbfafcd1c88c8827123c9f59ee8c88be5def5b254ae4fadaa568f25_ETH,1645588174,1645588174,1,5.97e+16,0.0597,146.91624188912937,0,0,0.825000,bridge_dst_event_flow,True
BNB,Multi,bnb_flow_0xcbea9c6210e8__synth_split_a,0xcbea9c6210e80c9b3e5dcb23e579c8d80689fbf3b772570ed273fac75c43471a,0x9597ceb928f39d150cb4d1fd432351567f691a13|0xd1c5966f9f5ee6881ff6b261bbeda45972b1b5f3|0xedf0c420bc3b92b961c6ec411cc810ca81f5f21a,0x9597ceb928f39d150cb4d1fd432351567f691a13,0xedf0c420bc3b92b961c6ec411cc810ca81f5f21a,USDT,USDT,0xcbea9c6210e80c9b3e5dcb23e579c8d80689fbf3b772570ed273fac75c43471a_USDT,1631873894,1631873894,1,9.871428571428571e+18,9.87142857142857,9.87142857142857,0,0,0.800000,bridge_dst_event_flow,True
BNB,Multi,bnb_flow_0xcbea9c6210e8__synth_split_b,0xcbea9c6210e80c9b3e5dcb23e579c8d80689fbf3b772570ed273fac75c43471a,0x9597ceb928f39d150cb4d1fd432351567f691a13|0xd1c5966f9f5ee6881ff6b261bbeda45972b1b5f3|0xedf0c420bc3b92b961c6ec411cc810ca81f5f21a,0x9597ceb928f39d150cb4d1fd432351567f691a13,0xedf0c420bc3b92b961c6ec411cc810ca81f5f21a,USDT,USDT,0xcbea9c6210e80c9b3e5dcb23e579c8d80689fbf3b772570ed273fac75c43471a_USDT,1631873894,1631873894,1,9.871428571428571e+18,9.87142857142857,9.87142857142857,0,0,0.800000,bridge_dst_event_flow,True
BNB,Multi,bnb_flow_0xcbea9c6210e8__synth_split_c,0xcbea9c6210e80c9b3e5dcb23e579c8d80689fbf3b772570ed273fac75c43471a,0x9597ceb928f39d150cb4d1fd432351567f691a13|0xd1c5966f9f5ee6881ff6b261bbeda45972b1b5f3|0xedf0c420bc3b92b961c6ec411cc810ca81f5f21a,0x9597ceb928f39d150cb4d1fd432351567f691a13,0xedf0c420bc3b92b961c6ec411cc810ca81f5f21a,USDT,USDT,0xcbea9c6210e80c9b3e5dcb23e579c8d80689fbf3b772570ed273fac75c43471a_USDT,1631873894,1631873894,1,9.871428571428571e+18,9.87142857142857,9.87142857142857,0,0,0.800000,bridge_dst_event_flow,True
BNB,Multi,bnb_flow_0xcbea9c6210e8__synth_split_d,0xcbea9c6210e80c9b3e5dcb23e579c8d80689fbf3b772570ed273fac75c43471a,0x9597ceb928f39d150cb4d1fd432351567f691a13|0xd1c5966f9f5ee6881ff6b261bbeda45972b1b5f3|0xedf0c420bc3b92b961c6ec411cc810ca81f5f21a,0x9597ceb928f39d150cb4d1fd432351567f691a13,0xedf0c420bc3b92b961c6ec411cc810ca81f5f21a,USDT,USDT,0xcbea9c6210e80c9b3e5dcb23e579c8d80689fbf3b772570ed273fac75c43471a_USDT,1631873894,1631873894,1,9.871428571428571e+18,9.87142857142857,9.87142857142857,0,0,0.800000,bridge_dst_event_flow,True
BNB,Multi,bnb_flow_0xcbea9c6210e8__synth_split_e,0xcbea9c6210e80c9b3e5dcb23e579c8d80689fbf3b772570ed273fac75c43471a,0x9597ceb928f39d150cb4d1fd432351567f691a13|0xd1c5966f9f5ee6881ff6b261bbeda45972b1b5f3|0xedf0c420bc3b92b961c6ec411cc810ca81f5f21a,0x9597ceb928f39d150cb4d1fd432351567f691a13,0xedf0c420bc3b92b961c6ec411cc810ca81f5f21a,USDT,USDT,0xcbea9c6210e80c9b3e5dcb23e579c8d80689fbf3b772570ed273fac75c43471a_USDT,1631873894,1631873894,1,9.871428571428571e+18,9.87142857142857,9.87142857142857,0,0,0.800000,bridge_dst_event_flow,True
BNB,Multi,bnb_flow_0xcbea9c6210e8__synth_split_f,0xcbea9c6210e80c9b3e5dcb23e579c8d80689fbf3b772570ed273fac75c43471a,0x9597ceb928f39d150cb4d1fd432351567f691a13|0xd1c5966f9f5ee6881ff6b261bbeda45972b1b5f3|0xedf0c420bc3b92b961c6ec411cc810ca81f5f21a,0x9597ceb928f39d150cb4d1fd432351567f691a13,0xedf0c420bc3b92b961c6ec411cc810ca81f5f21a,USDT,USDT,0xcbea9c6210e80c9b3e5dcb23e579c8d80689fbf3b772570ed273fac75c43471a_USDT,1631873894,1631873894,1,9.871428571428571e+18,9.87142857142857,9.87142857142857,0,0,0.800000,bridge_dst_event_flow,True
BNB,Multi,bnb_flow_0xcbea9c6210e8__synth_split_g,0xcbea9c6210e80c9b3e5dcb23e579c8d80689fbf3b772570ed273fac75c43471a,0x9597ceb928f39d150cb4d1fd432351567f691a13|0xd1c5966f9f5ee6881ff6b261bbeda45972b1b5f3|0xedf0c420bc3b92b961c6ec411cc810ca81f5f21a,0x9597ceb928f39d150cb4d1fd432351567f691a13,0xedf0c420bc3b92b961c6ec411cc810ca81f5f21a,USDT,USDT,0xcbea9c6210e80c9b3e5dcb23e579c8d80689fbf3b772570ed273fac75c43471a_USDT,1631873894,1631873894,1,9.871428571428571e+18,9.87142857142857,9.87142857142857,0,0,0.800000,bridge_dst_event_flow,True
BNB,Multi,bnb_flow_0xcbea9c6210e8__synth_merge_dst,0xcbea9c6210e80c9b3e5dcb23e579c8d80689fbf3b772570ed273fac75c43471a,0x9597ceb928f39d150cb4d1fd432351567f691a13|0xd1c5966f9f5ee6881ff6b261bbeda45972b1b5f3|0xedf0c420bc3b92b961c6ec411cc810ca81f5f21a,0x9597ceb928f39d150cb4d1fd432351567f691a13,0xedf0c420bc3b92b961c6ec411cc810ca81f5f21a,USDT,USDT,0xcbea9c6210e80c9b3e5dcb23e579c8d80689fbf3b772570ed273fac75c43471a_USDT,1631873894,1631873894,1,6.91e+19,69.1,69.1,0,0,0.800000,bridge_dst_event_flow,True
BNB,Multi,bnb_flow_0xcbea9c6210e8__synth_hidden_dst,0xcbea9c6210e80c9b3e5dcb23e579c8d80689fbf3b772570ed273fac75c43471a,0x9597ceb928f39d150cb4d1fd432351567f691a13|0xd1c5966f9f5ee6881ff6b261bbeda45972b1b5f3|0xedf0c420bc3b92b961c6ec411cc810ca81f5f21a,0x9597ceb928f39d150cb4d1fd432351567f691a13,0xedf0c420bc3b92b961c6ec411cc810ca81f5f21a,USDT,USDT,0xcbea9c6210e80c9b3e5dcb23e579c8d80689fbf3b772570ed273fac75c43471a_USDT,1631873894,1631873894,1,6.91e+19,69.1,69.1,0,0,0.800000,bridge_dst_event_flow,True
BNB,Multi,bnb_flow_0xcbea9c6210e8__synth_noise_dst_0,0xcbea9c6210e80c9b3e5dcb23e579c8d80689fbf3b772570ed273fac75c43471a,0x9597ceb928f39d150cb4d1fd432351567f691a13|0xd1c5966f9f5ee6881ff6b261bbeda45972b1b5f3|0xedf0c420bc3b92b961c6ec411cc810ca81f5f21a,0x9597ceb928f39d150cb4d1fd432351567f691a13,0xedf0c420bc3b92b961c6ec411cc810ca81f5f21a,USDT,USDT,0xcbea9c6210e80c9b3e5dcb23e579c8d80689fbf3b772570ed273fac75c43471a_USDT,1631873954,1631873954,1,6.91e+19,69.1,69.1,0,0,0.800000,bridge_dst_event_flow,True
BNB,Multi,bnb_flow_0xcbea9c6210e8__synth_noise_dst_1,0xcbea9c6210e80c9b3e5dcb23e579c8d80689fbf3b772570ed273fac75c43471a,0x9597ceb928f39d150cb4d1fd432351567f691a13|0xd1c5966f9f5ee6881ff6b261bbeda45972b1b5f3|0xedf0c420bc3b92b961c6ec411cc810ca81f5f21a,0x9597ceb928f39d150cb4d1fd432351567f691a13,0xedf0c420bc3b92b961c6ec411cc810ca81f5f21a,USDT,USDT,0xcbea9c6210e80c9b3e5dcb23e579c8d80689fbf3b772570ed273fac75c43471a_USDT,1631874014,1631874014,1,6.91e+19,69.1,69.1,0,0,0.800000,bridge_dst_event_flow,True
BNB,Multi,bnb_flow_0x4f4b0583fa61__synth_split_a,0x4f4b0583fa613b38e384ae5983d3b10010f00c362bede31526acd74927beb672,0x634398cb81b76bfc75ebb434cf7c82036f9e7d78|0xa444e53ede6a4f5d7970a920300e02e97c9e2bfa|0xabd380327fe66724ffda91a87c772fb8d00be488,0xa444e53ede6a4f5d7970a920300e02e97c9e2bfa,0x634398cb81b76bfc75ebb434cf7c82036f9e7d78,HGET,HGET,0x4f4b0583fa613b38e384ae5983d3b10010f00c362bede31526acd74927beb672_HGET,1622716557,1622716557,1,257282000.0,257.282,15.932755608587716,0,0,0.800000,bridge_dst_event_flow,True
BNB,Multi,bnb_flow_0x4f4b0583fa61__synth_split_b,0x4f4b0583fa613b38e384ae5983d3b10010f00c362bede31526acd74927beb672,0x634398cb81b76bfc75ebb434cf7c82036f9e7d78|0xa444e53ede6a4f5d7970a920300e02e97c9e2bfa|0xabd380327fe66724ffda91a87c772fb8d00be488,0xa444e53ede6a4f5d7970a920300e02e97c9e2bfa,0x634398cb81b76bfc75ebb434cf7c82036f9e7d78,HGET,HGET,0x4f4b0583fa613b38e384ae5983d3b10010f00c362bede31526acd74927beb672_HGET,1622716557,1622716557,1,257282000.0,257.282,15.932755608587716,0,0,0.800000,bridge_dst_event_flow,True
BNB,Multi,bnb_flow_0x4f4b0583fa61__synth_merge_dst,0x4f4b0583fa613b38e384ae5983d3b10010f00c362bede31526acd74927beb672,0x634398cb81b76bfc75ebb434cf7c82036f9e7d78|0xa444e53ede6a4f5d7970a920300e02e97c9e2bfa|0xabd380327fe66724ffda91a87c772fb8d00be488,0xa444e53ede6a4f5d7970a920300e02e97c9e2bfa,0x634398cb81b76bfc75ebb434cf7c82036f9e7d78,HGET,HGET,0x4f4b0583fa613b38e384ae5983d3b10010f00c362bede31526acd74927beb672_HGET,1622716557,1622716557,1,514564000.0,514.564,31.86551121717543,0,0,0.800000,bridge_dst_event_flow,True
BNB,Multi,bnb_flow_0x4f4b0583fa61__synth_hidden_dst,0x4f4b0583fa613b38e384ae5983d3b10010f00c362bede31526acd74927beb672,0x634398cb81b76bfc75ebb434cf7c82036f9e7d78|0xa444e53ede6a4f5d7970a920300e02e97c9e2bfa|0xabd380327fe66724ffda91a87c772fb8d00be488,0xa444e53ede6a4f5d7970a920300e02e97c9e2bfa,0x634398cb81b76bfc75ebb434cf7c82036f9e7d78,HGET,HGET,0x4f4b0583fa613b38e384ae5983d3b10010f00c362bede31526acd74927beb672_HGET,1622716557,1622716557,1,514564000.0,514.564,31.86551121717543,0,0,0.800000,bridge_dst_event_flow,True
BNB,Multi,bnb_flow_0x4f4b0583fa61__synth_noise_dst_0,0x4f4b0583fa613b38e384ae5983d3b10010f00c362bede31526acd74927beb672,0x634398cb81b76bfc75ebb434cf7c82036f9e7d78|0xa444e53ede6a4f5d7970a920300e02e97c9e2bfa|0xabd380327fe66724ffda91a87c772fb8d00be488,0xa444e53ede6a4f5d7970a920300e02e97c9e2bfa,0x634398cb81b76bfc75ebb434cf7c82036f9e7d78,HGET,HGET,0x4f4b0583fa613b38e384ae5983d3b10010f00c362bede31526acd74927beb672_HGET,1622716617,1622716617,1,514564000.0,514.564,31.86551121717543,0,0,0.800000,bridge_dst_event_flow,True
BNB,Multi,bnb_flow_0x4f4b0583fa61__synth_noise_dst_1,0x4f4b0583fa613b38e384ae5983d3b10010f00c362bede31526acd74927beb672,0x634398cb81b76bfc75ebb434cf7c82036f9e7d78|0xa444e53ede6a4f5d7970a920300e02e97c9e2bfa|0xabd380327fe66724ffda91a87c772fb8d00be488,0xa444e53ede6a4f5d7970a920300e02e97c9e2bfa,0x634398cb81b76bfc75ebb434cf7c82036f9e7d78,HGET,HGET,0x4f4b0583fa613b38e384ae5983d3b10010f00c362bede31526acd74927beb672_HGET,1622716677,1622716677,1,514564000.0,514.564,31.86551121717543,0,0,0.800000,bridge_dst_event_flow,True
BNB,Multi,bnb_flow_0xea435f948dd4__synth_split_a,0xea435f948dd4a9f58e1b0463635dfa3be544f69acc91ba5da51c8bb6f5e10bd0,0x0bd988063235d21aa138139227ef81906aa3969e|0x634398cb81b76bfc75ebb434cf7c82036f9e7d78|0xabd380327fe66724ffda91a87c772fb8d00be488,0x0bd988063235d21aa138139227ef81906aa3969e,0x634398cb81b76bfc75ebb434cf7c82036f9e7d78,HGET,HGET,0xea435f948dd4a9f58e1b0463635dfa3be544f69acc91ba5da51c8bb6f5e10bd0_HGET,1622010693,1622010693,1,752245000.0,752.245,46.58443164613952,0,0,0.800000,bridge_dst_event_flow,True
BNB,Multi,bnb_flow_0xea435f948dd4__synth_split_b,0xea435f948dd4a9f58e1b0463635dfa3be544f69acc91ba5da51c8bb6f5e10bd0,0x0bd988063235d21aa138139227ef81906aa3969e|0x634398cb81b76bfc75ebb434cf7c82036f9e7d78|0xabd380327fe66724ffda91a87c772fb8d00be488,0x0bd988063235d21aa138139227ef81906aa3969e,0x634398cb81b76bfc75ebb434cf7c82036f9e7d78,HGET,HGET,0xea435f948dd4a9f58e1b0463635dfa3be544f69acc91ba5da51c8bb6f5e10bd0_HGET,1622010693,1622010693,1,752245000.0,752.245,46.58443164613952,0,0,0.800000,bridge_dst_event_flow,True
BNB,Multi,bnb_flow_0xea435f948dd4__synth_merge_dst,0xea435f948dd4a9f58e1b0463635dfa3be544f69acc91ba5da51c8bb6f5e10bd0,0x0bd988063235d21aa138139227ef81906aa3969e|0x634398cb81b76bfc75ebb434cf7c82036f9e7d78|0xabd380327fe66724ffda91a87c772fb8d00be488,0x0bd988063235d21aa138139227ef81906aa3969e,0x634398cb81b76bfc75ebb434cf7c82036f9e7d78,HGET,HGET,0xea435f948dd4a9f58e1b0463635dfa3be544f69acc91ba5da51c8bb6f5e10bd0_HGET,1622010693,1622010693,1,1504490000.0,1504.49,93.16886329227904,0,0,0.800000,bridge_dst_event_flow,True
BNB,Multi,bnb_flow_0xea435f948dd4__synth_hidden_dst,0xea435f948dd4a9f58e1b0463635dfa3be544f69acc91ba5da51c8bb6f5e10bd0,0x0bd988063235d21aa138139227ef81906aa3969e|0x634398cb81b76bfc75ebb434cf7c82036f9e7d78|0xabd380327fe66724ffda91a87c772fb8d00be488,0x0bd988063235d21aa138139227ef81906aa3969e,0x634398cb81b76bfc75ebb434cf7c82036f9e7d78,HGET,HGET,0xea435f948dd4a9f58e1b0463635dfa3be544f69acc91ba5da51c8bb6f5e10bd0_HGET,1622010693,1622010693,1,1504490000.0,1504.49,93.16886329227904,0,0,0.800000,bridge_dst_event_flow,True
BNB,Multi,bnb_flow_0xea435f948dd4__synth_noise_dst_0,0xea435f948dd4a9f58e1b0463635dfa3be544f69acc91ba5da51c8bb6f5e10bd0,0x0bd988063235d21aa138139227ef81906aa3969e|0x634398cb81b76bfc75ebb434cf7c82036f9e7d78|0xabd380327fe66724ffda91a87c772fb8d00be488,0x0bd988063235d21aa138139227ef81906aa3969e,0x634398cb81b76bfc75ebb434cf7c82036f9e7d78,HGET,HGET,0xea435f948dd4a9f58e1b0463635dfa3be544f69acc91ba5da51c8bb6f5e10bd0_HGET,1622010753,1622010753,1,1504490000.0,1504.49,93.16886329227904,0,0,0.800000,bridge_dst_event_flow,True
BNB,Multi,bnb_flow_0xea435f948dd4__synth_noise_dst_1,0xea435f948dd4a9f58e1b0463635dfa3be544f69acc91ba5da51c8bb6f5e10bd0,0x0bd988063235d21aa138139227ef81906aa3969e|0x634398cb81b76bfc75ebb434cf7c82036f9e7d78|0xabd380327fe66724ffda91a87c772fb8d00be488,0x0bd988063235d21aa138139227ef81906aa3969e,0x634398cb81b76bfc75ebb434cf7c82036f9e7d78,HGET,HGET,0xea435f948dd4a9f58e1b0463635dfa3be544f69acc91ba5da51c8bb6f5e10bd0_HGET,1622010813,1622010813,1,1504490000.0,1504.49,93.16886329227904,0,0,0.800000,bridge_dst_event_flow,True
BNB,Multi,bnb_flow_0xcfed659e8d50__synth_split_a,0xcfed659e8d50e10a9a9c00bf24d3f064541df008601e7df2149941c29e31cdbf,0x60ead9e40c47ae0ffb1dfc462f69eda9d8b61d82|0xd1c5966f9f5ee6881ff6b261bbeda45972b1b5f3|0xedf0c420bc3b92b961c6ec411cc810ca81f5f21a,0x60ead9e40c47ae0ffb1dfc462f69eda9d8b61d82,0xedf0c420bc3b92b961c6ec411cc810ca81f5f21a,USDT,USDT,0xcfed659e8d50e10a9a9c00bf24d3f064541df008601e7df2149941c29e31cdbf_USDT,1639256108,1639256108,1,9.9465e+19,99.465,99.465,0,0,0.800000,bridge_dst_event_flow,True
BNB,Multi,bnb_flow_0xcfed659e8d50__synth_split_b,0xcfed659e8d50e10a9a9c00bf24d3f064541df008601e7df2149941c29e31cdbf,0x60ead9e40c47ae0ffb1dfc462f69eda9d8b61d82|0xd1c5966f9f5ee6881ff6b261bbeda45972b1b5f3|0xedf0c420bc3b92b961c6ec411cc810ca81f5f21a,0x60ead9e40c47ae0ffb1dfc462f69eda9d8b61d82,0xedf0c420bc3b92b961c6ec411cc810ca81f5f21a,USDT,USDT,0xcfed659e8d50e10a9a9c00bf24d3f064541df008601e7df2149941c29e31cdbf_USDT,1639256108,1639256108,1,9.9465e+19,99.465,99.465,0,0,0.800000,bridge_dst_event_flow,True
BNB,Multi,bnb_flow_0xcfed659e8d50__synth_merge_dst,0xcfed659e8d50e10a9a9c00bf24d3f064541df008601e7df2149941c29e31cdbf,0x60ead9e40c47ae0ffb1dfc462f69eda9d8b61d82|0xd1c5966f9f5ee6881ff6b261bbeda45972b1b5f3|0xedf0c420bc3b92b961c6ec411cc810ca81f5f21a,0x60ead9e40c47ae0ffb1dfc462f69eda9d8b61d82,0xedf0c420bc3b92b961c6ec411cc810ca81f5f21a,USDT,USDT,0xcfed659e8d50e10a9a9c00bf24d3f064541df008601e7df2149941c29e31cdbf_USDT,1639256108,1639256108,1,1.9893e+20,198.93,198.93,0,0,0.800000,bridge_dst_event_flow,True
BNB,Multi,bnb_flow_0xcfed659e8d50__synth_hidden_dst,0xcfed659e8d50e10a9a9c00bf24d3f064541df008601e7df2149941c29e31cdbf,0x60ead9e40c47ae0ffb1dfc462f69eda9d8b61d82|0xd1c5966f9f5ee6881ff6b261bbeda45972b1b5f3|0xedf0c420bc3b92b961c6ec411cc810ca81f5f21a,0x60ead9e40c47ae0ffb1dfc462f69eda9d8b61d82,0xedf0c420bc3b92b961c6ec411cc810ca81f5f21a,USDT,USDT,0xcfed659e8d50e10a9a9c00bf24d3f064541df008601e7df2149941c29e31cdbf_USDT,1639256108,1639256108,1,1.9893e+20,198.93,198.93,0,0,0.800000,bridge_dst_event_flow,True
BNB,Multi,bnb_flow_0xcfed659e8d50__synth_noise_dst_0,0xcfed659e8d50e10a9a9c00bf24d3f064541df008601e7df2149941c29e31cdbf,0x60ead9e40c47ae0ffb1dfc462f69eda9d8b61d82|0xd1c5966f9f5ee6881ff6b261bbeda45972b1b5f3|0xedf0c420bc3b92b961c6ec411cc810ca81f5f21a,0x60ead9e40c47ae0ffb1dfc462f69eda9d8b61d82,0xedf0c420bc3b92b961c6ec411cc810ca81f5f21a,USDT,USDT,0xcfed659e8d50e10a9a9c00bf24d3f064541df008601e7df2149941c29e31cdbf_USDT,1639256168,1639256168,1,1.9893e+20,198.93,198.93,0,0,0.800000,bridge_dst_event_flow,True
BNB,Multi,bnb_flow_0xcfed659e8d50__synth_noise_dst_1,0xcfed659e8d50e10a9a9c00bf24d3f064541df008601e7df2149941c29e31cdbf,0x60ead9e40c47ae0ffb1dfc462f69eda9d8b61d82|0xd1c5966f9f5ee6881ff6b261bbeda45972b1b5f3|0xedf0c420bc3b92b961c6ec411cc810ca81f5f21a,0x60ead9e40c47ae0ffb1dfc462f69eda9d8b61d82,0xedf0c420bc3b92b961c6ec411cc810ca81f5f21a,USDT,USDT,0xcfed659e8d50e10a9a9c00bf24d3f064541df008601e7df2149941c29e31cdbf_USDT,1639256228,1639256228,1,1.9893e+20,198.93,198.93,0,0,0.800000,bridge_dst_event_flow,True
BNB,Multi,bnb_flow_0xe568cfc1a8f0__synth_split_a,0xe568cfc1a8f09ca8326c5881ce631ef125056d272d653be0bca823978a8c8697,0x94977c9888f3d2fafae290d33fab4a5a598ad764|0xabd380327fe66724ffda91a87c772fb8d00be488|0xf4484efb942029b1535eb55d3858145bd6c2a2bc,0xf4484efb942029b1535eb55d3858145bd6c2a2bc,0x94977c9888f3d2fafae290d33fab4a5a598ad764,HYVE,HYVE,0xe568cfc1a8f09ca8326c5881ce631ef125056d272d653be0bca823978a8c8697_HYVE,1629377986,1629377986,1,1.4982580000000002e+21,1498.2580000000003,0.2625832328024819,0,0,0.775000,bridge_dst_event_flow,True
BNB,Multi,bnb_flow_0xe568cfc1a8f0__synth_split_b,0xe568cfc1a8f09ca8326c5881ce631ef125056d272d653be0bca823978a8c8697,0x94977c9888f3d2fafae290d33fab4a5a598ad764|0xabd380327fe66724ffda91a87c772fb8d00be488|0xf4484efb942029b1535eb55d3858145bd6c2a2bc,0xf4484efb942029b1535eb55d3858145bd6c2a2bc,0x94977c9888f3d2fafae290d33fab4a5a598ad764,HYVE,HYVE,0xe568cfc1a8f09ca8326c5881ce631ef125056d272d653be0bca823978a8c8697_HYVE,1629377986,1629377986,1,1.4982580000000002e+21,1498.2580000000003,0.2625832328024819,0,0,0.775000,bridge_dst_event_flow,True
BNB,Multi,bnb_flow_0xe568cfc1a8f0__synth_split_c,0xe568cfc1a8f09ca8326c5881ce631ef125056d272d653be0bca823978a8c8697,0x94977c9888f3d2fafae290d33fab4a5a598ad764|0xabd380327fe66724ffda91a87c772fb8d00be488|0xf4484efb942029b1535eb55d3858145bd6c2a2bc,0xf4484efb942029b1535eb55d3858145bd6c2a2bc,0x94977c9888f3d2fafae290d33fab4a5a598ad764,HYVE,HYVE,0xe568cfc1a8f09ca8326c5881ce631ef125056d272d653be0bca823978a8c8697_HYVE,1629377986,1629377986,1,1.4982580000000002e+21,1498.2580000000003,0.2625832328024819,0,0,0.775000,bridge_dst_event_flow,True
BNB,Multi,bnb_flow_0xe568cfc1a8f0__synth_split_d,0xe568cfc1a8f09ca8326c5881ce631ef125056d272d653be0bca823978a8c8697,0x94977c9888f3d2fafae290d33fab4a5a598ad764|0xabd380327fe66724ffda91a87c772fb8d00be488|0xf4484efb942029b1535eb55d3858145bd6c2a2bc,0xf4484efb942029b1535eb55d3858145bd6c2a2bc,0x94977c9888f3d2fafae290d33fab4a5a598ad764,HYVE,HYVE,0xe568cfc1a8f09ca8326c5881ce631ef125056d272d653be0bca823978a8c8697_HYVE,1629377986,1629377986,1,1.4982580000000002e+21,1498.2580000000003,0.2625832328024819,0,0,0.775000,bridge_dst_event_flow,True
BNB,Multi,bnb_flow_0xe568cfc1a8f0__synth_split_e,0xe568cfc1a8f09ca8326c5881ce631ef125056d272d653be0bca823978a8c8697,0x94977c9888f3d2fafae290d33fab4a5a598ad764|0xabd380327fe66724ffda91a87c772fb8d00be488|0xf4484efb942029b1535eb55d3858145bd6c2a2bc,0xf4484efb942029b1535eb55d3858145bd6c2a2bc,0x94977c9888f3d2fafae290d33fab4a5a598ad764,HYVE,HYVE,0xe568cfc1a8f09ca8326c5881ce631ef125056d272d653be0bca823978a8c8697_HYVE,1629377986,1629377986,1,1.4982580000000002e+21,1498.2580000000003,0.2625832328024819,0,0,0.775000,bridge_dst_event_flow,True
BNB,Multi,bnb_flow_0xe568cfc1a8f0__synth_merge_dst,0xe568cfc1a8f09ca8326c5881ce631ef125056d272d653be0bca823978a8c8697,0x94977c9888f3d2fafae290d33fab4a5a598ad764|0xabd380327fe66724ffda91a87c772fb8d00be488|0xf4484efb942029b1535eb55d3858145bd6c2a2bc,0xf4484efb942029b1535eb55d3858145bd6c2a2bc,0x94977c9888f3d2fafae290d33fab4a5a598ad764,HYVE,HYVE,0xe568cfc1a8f09ca8326c5881ce631ef125056d272d653be0bca823978a8c8697_HYVE,1629377986,1629377986,1,7.49129e+21,7491.290000000001,1.3129161640124096,0,0,0.775000,bridge_dst_event_flow,True
BNB,Multi,bnb_flow_0xe568cfc1a8f0__synth_hidden_dst,0xe568cfc1a8f09ca8326c5881ce631ef125056d272d653be0bca823978a8c8697,0x94977c9888f3d2fafae290d33fab4a5a598ad764|0xabd380327fe66724ffda91a87c772fb8d00be488|0xf4484efb942029b1535eb55d3858145bd6c2a2bc,0xf4484efb942029b1535eb55d3858145bd6c2a2bc,0x94977c9888f3d2fafae290d33fab4a5a598ad764,HYVE,HYVE,0xe568cfc1a8f09ca8326c5881ce631ef125056d272d653be0bca823978a8c8697_HYVE,1629377986,1629377986,1,7.49129e+21,7491.290000000001,1.3129161640124096,0,0,0.775000,bridge_dst_event_flow,True
BNB,Multi,bnb_flow_0xe568cfc1a8f0__synth_noise_dst_0,0xe568cfc1a8f09ca8326c5881ce631ef125056d272d653be0bca823978a8c8697,0x94977c9888f3d2fafae290d33fab4a5a598ad764|0xabd380327fe66724ffda91a87c772fb8d00be488|0xf4484efb942029b1535eb55d3858145bd6c2a2bc,0xf4484efb942029b1535eb55d3858145bd6c2a2bc,0x94977c9888f3d2fafae290d33fab4a5a598ad764,HYVE,HYVE,0xe568cfc1a8f09ca8326c5881ce631ef125056d272d653be0bca823978a8c8697_HYVE,1629378046,1629378046,1,7.49129e+21,7491.290000000001,1.3129161640124096,0,0,0.775000,bridge_dst_event_flow,True
BNB,Multi,bnb_flow_0xe568cfc1a8f0__synth_noise_dst_1,0xe568cfc1a8f09ca8326c5881ce631ef125056d272d653be0bca823978a8c8697,0x94977c9888f3d2fafae290d33fab4a5a598ad764|0xabd380327fe66724ffda91a87c772fb8d00be488|0xf4484efb942029b1535eb55d3858145bd6c2a2bc,0xf4484efb942029b1535eb55d3858145bd6c2a2bc,0x94977c9888f3d2fafae290d33fab4a5a598ad764,HYVE,HYVE,0xe568cfc1a8f09ca8326c5881ce631ef125056d272d653be0bca823978a8c8697_HYVE,1629378106,1629378106,1,7.49129e+21,7491.290000000001,1.3129161640124096,0,0,0.775000,bridge_dst_event_flow,True
BNB,Multi,bnb_flow_0xe5051899c9d0__synth_split_a,0xe5051899c9d0e404b25e3901853d21f4515b6aa2541504443902033933d1c47c,0x0014caba8d9ab78481b1a95493a510abd643652c|0xd1c5966f9f5ee6881ff6b261bbeda45972b1b5f3|0xedf0c420bc3b92b961c6ec411cc810ca81f5f21a,0x0014caba8d9ab78481b1a95493a510abd643652c,0xedf0c420bc3b92b961c6ec411cc810ca81f5f21a,USDT,USDT,0xe5051899c9d0e404b25e3901853d21f4515b6aa2541504443902033933d1c47c_USDT,1639078718,1639078718,1,8.955e+19,89.55,89.55,0,0,0.775000,bridge_dst_event_flow,True
BNB,Multi,bnb_flow_0xe5051899c9d0__synth_split_b,0xe5051899c9d0e404b25e3901853d21f4515b6aa2541504443902033933d1c47c,0x0014caba8d9ab78481b1a95493a510abd643652c|0xd1c5966f9f5ee6881ff6b261bbeda45972b1b5f3|0xedf0c420bc3b92b961c6ec411cc810ca81f5f21a,0x0014caba8d9ab78481b1a95493a510abd643652c,0xedf0c420bc3b92b961c6ec411cc810ca81f5f21a,USDT,USDT,0xe5051899c9d0e404b25e3901853d21f4515b6aa2541504443902033933d1c47c_USDT,1639078718,1639078718,1,8.955e+19,89.55,89.55,0,0,0.775000,bridge_dst_event_flow,True
BNB,Multi,bnb_flow_0xe5051899c9d0__synth_merge_dst,0xe5051899c9d0e404b25e3901853d21f4515b6aa2541504443902033933d1c47c,0x0014caba8d9ab78481b1a95493a510abd643652c|0xd1c5966f9f5ee6881ff6b261bbeda45972b1b5f3|0xedf0c420bc3b92b961c6ec411cc810ca81f5f21a,0x0014caba8d9ab78481b1a95493a510abd643652c,0xedf0c420bc3b92b961c6ec411cc810ca81f5f21a,USDT,USDT,0xe5051899c9d0e404b25e3901853d21f4515b6aa2541504443902033933d1c47c_USDT,1639078718,1639078718,1,1.791e+20,179.1,179.1,0,0,0.775000,bridge_dst_event_flow,True
BNB,Multi,bnb_flow_0xe5051899c9d0__synth_hidden_dst,0xe5051899c9d0e404b25e3901853d21f4515b6aa2541504443902033933d1c47c,0x0014caba8d9ab78481b1a95493a510abd643652c|0xd1c5966f9f5ee6881ff6b261bbeda45972b1b5f3|0xedf0c420bc3b92b961c6ec411cc810ca81f5f21a,0x0014caba8d9ab78481b1a95493a510abd643652c,0xedf0c420bc3b92b961c6ec411cc810ca81f5f21a,USDT,USDT,0xe5051899c9d0e404b25e3901853d21f4515b6aa2541504443902033933d1c47c_USDT,1639078718,1639078718,1,1.791e+20,179.1,179.1,0,0,0.775000,bridge_dst_event_flow,True
BNB,Multi,bnb_flow_0xe5051899c9d0__synth_noise_dst_0,0xe5051899c9d0e404b25e3901853d21f4515b6aa2541504443902033933d1c47c,0x0014caba8d9ab78481b1a95493a510abd643652c|0xd1c5966f9f5ee6881ff6b261bbeda45972b1b5f3|0xedf0c420bc3b92b961c6ec411cc810ca81f5f21a,0x0014caba8d9ab78481b1a95493a510abd643652c,0xedf0c420bc3b92b961c6ec411cc810ca81f5f21a,USDT,USDT,0xe5051899c9d0e404b25e3901853d21f4515b6aa2541504443902033933d1c47c_USDT,1639078778,1639078778,1,1.791e+20,179.1,179.1,0,0,0.775000,bridge_dst_event_flow,True
BNB,Multi,bnb_flow_0xe5051899c9d0__synth_noise_dst_1,0xe5051899c9d0e404b25e3901853d21f4515b6aa2541504443902033933d1c47c,0x0014caba8d9ab78481b1a95493a510abd643652c|0xd1c5966f9f5ee6881ff6b261bbeda45972b1b5f3|0xedf0c420bc3b92b961c6ec411cc810ca81f5f21a,0x0014caba8d9ab78481b1a95493a510abd643652c,0xedf0c420bc3b92b961c6ec411cc810ca81f5f21a,USDT,USDT,0xe5051899c9d0e404b25e3901853d21f4515b6aa2541504443902033933d1c47c_USDT,1639078838,1639078838,1,1.791e+20,179.1,179.1,0,0,0.775000,bridge_dst_event_flow,True
BNB,Multi,bnb_flow_0x9788656ca5d7__synth_split_a,0x9788656ca5d7aa8fa5a9ddaff6d306e62edce44e350c87a3121acae32c51898f,0xa37fe5a2ab45750a549dd2e2f73213c4ab12ceaa|0xd1c5966f9f5ee6881ff6b261bbeda45972b1b5f3|0xedf0c420bc3b92b961c6ec411cc810ca81f5f21a,0xa37fe5a2ab45750a549dd2e2f73213c4ab12ceaa,0xedf0c420bc3b92b961c6ec411cc810ca81f5f21a,USDT,USDT,0x9788656ca5d7aa8fa5a9ddaff6d306e62edce44e350c87a3121acae32c51898f_USDT,1638712327,1638712327,1,1.23e+19,12.3,12.3,0,0,0.775000,bridge_dst_event_flow,True
BNB,Multi,bnb_flow_0x9788656ca5d7__synth_split_b,0x9788656ca5d7aa8fa5a9ddaff6d306e62edce44e350c87a3121acae32c51898f,0xa37fe5a2ab45750a549dd2e2f73213c4ab12ceaa|0xd1c5966f9f5ee6881ff6b261bbeda45972b1b5f3|0xedf0c420bc3b92b961c6ec411cc810ca81f5f21a,0xa37fe5a2ab45750a549dd2e2f73213c4ab12ceaa,0xedf0c420bc3b92b961c6ec411cc810ca81f5f21a,USDT,USDT,0x9788656ca5d7aa8fa5a9ddaff6d306e62edce44e350c87a3121acae32c51898f_USDT,1638712327,1638712327,1,1.23e+19,12.3,12.3,0,0,0.775000,bridge_dst_event_flow,True
BNB,Multi,bnb_flow_0x9788656ca5d7__synth_merge_dst,0x9788656ca5d7aa8fa5a9ddaff6d306e62edce44e350c87a3121acae32c51898f,0xa37fe5a2ab45750a549dd2e2f73213c4ab12ceaa|0xd1c5966f9f5ee6881ff6b261bbeda45972b1b5f3|0xedf0c420bc3b92b961c6ec411cc810ca81f5f21a,0xa37fe5a2ab45750a549dd2e2f73213c4ab12ceaa,0xedf0c420bc3b92b961c6ec411cc810ca81f5f21a,USDT,USDT,0x9788656ca5d7aa8fa5a9ddaff6d306e62edce44e350c87a3121acae32c51898f_USDT,1638712327,1638712327,1,2.46e+19,24.6,24.6,0,0,0.775000,bridge_dst_event_flow,True
BNB,Multi,bnb_flow_0x9788656ca5d7__synth_hidden_dst,0x9788656ca5d7aa8fa5a9ddaff6d306e62edce44e350c87a3121acae32c51898f,0xa37fe5a2ab45750a549dd2e2f73213c4ab12ceaa|0xd1c5966f9f5ee6881ff6b261bbeda45972b1b5f3|0xedf0c420bc3b92b961c6ec411cc810ca81f5f21a,0xa37fe5a2ab45750a549dd2e2f73213c4ab12ceaa,0xedf0c420bc3b92b961c6ec411cc810ca81f5f21a,USDT,USDT,0x9788656ca5d7aa8fa5a9ddaff6d306e62edce44e350c87a3121acae32c51898f_USDT,1638712327,1638712327,1,2.46e+19,24.6,24.6,0,0,0.775000,bridge_dst_event_flow,True
BNB,Multi,bnb_flow_0x9788656ca5d7__synth_noise_dst_0,0x9788656ca5d7aa8fa5a9ddaff6d306e62edce44e350c87a3121acae32c51898f,0xa37fe5a2ab45750a549dd2e2f73213c4ab12ceaa|0xd1c5966f9f5ee6881ff6b261bbeda45972b1b5f3|0xedf0c420bc3b92b961c6ec411cc810ca81f5f21a,0xa37fe5a2ab45750a549dd2e2f73213c4ab12ceaa,0xedf0c420bc3b92b961c6ec411cc810ca81f5f21a,USDT,USDT,0x9788656ca5d7aa8fa5a9ddaff6d306e62edce44e350c87a3121acae32c51898f_USDT,1638712387,1638712387,1,2.46e+19,24.6,24.6,0,0,0.775000,bridge_dst_event_flow,True
BNB,Multi,bnb_flow_0x9788656ca5d7__synth_noise_dst_1,0x9788656ca5d7aa8fa5a9ddaff6d306e62edce44e350c87a3121acae32c51898f,0xa37fe5a2ab45750a549dd2e2f73213c4ab12ceaa|0xd1c5966f9f5ee6881ff6b261bbeda45972b1b5f3|0xedf0c420bc3b92b961c6ec411cc810ca81f5f21a,0xa37fe5a2ab45750a549dd2e2f73213c4ab12ceaa,0xedf0c420bc3b92b961c6ec411cc810ca81f5f21a,USDT,USDT,0x9788656ca5d7aa8fa5a9ddaff6d306e62edce44e350c87a3121acae32c51898f_USDT,1638712447,1638712447,1,2.46e+19,24.6,24.6,0,0,0.775000,bridge_dst_event_flow,True
BNB,Multi,bnb_flow_0x164559b25988__synth_split_a,0x164559b25988a81ad35017e1c123e12050da8346d9f3e426b155e2eb23b11834,0xa134a93897b1d14108c3826c3da928f7fc45085a|0xd1c5966f9f5ee6881ff6b261bbeda45972b1b5f3|0xedf0c420bc3b92b961c6ec411cc810ca81f5f21a,0xa134a93897b1d14108c3826c3da928f7fc45085a,0xedf0c420bc3b92b961c6ec411cc810ca81f5f21a,USDT,USDT,0x164559b25988a81ad35017e1c123e12050da8346d9f3e426b155e2eb23b11834_USDT,1637740981,1637740981,1,2.4775e+19,24.775,24.775,0,0,0.775000,bridge_dst_event_flow,True
BNB,Multi,bnb_flow_0x164559b25988__synth_split_b,0x164559b25988a81ad35017e1c123e12050da8346d9f3e426b155e2eb23b11834,0xa134a93897b1d14108c3826c3da928f7fc45085a|0xd1c5966f9f5ee6881ff6b261bbeda45972b1b5f3|0xedf0c420bc3b92b961c6ec411cc810ca81f5f21a,0xa134a93897b1d14108c3826c3da928f7fc45085a,0xedf0c420bc3b92b961c6ec411cc810ca81f5f21a,USDT,USDT,0x164559b25988a81ad35017e1c123e12050da8346d9f3e426b155e2eb23b11834_USDT,1637740981,1637740981,1,2.4775e+19,24.775,24.775,0,0,0.775000,bridge_dst_event_flow,True
BNB,Multi,bnb_flow_0x164559b25988__synth_split_c,0x164559b25988a81ad35017e1c123e12050da8346d9f3e426b155e2eb23b11834,0xa134a93897b1d14108c3826c3da928f7fc45085a|0xd1c5966f9f5ee6881ff6b261bbeda45972b1b5f3|0xedf0c420bc3b92b961c6ec411cc810ca81f5f21a,0xa134a93897b1d14108c3826c3da928f7fc45085a,0xedf0c420bc3b92b961c6ec411cc810ca81f5f21a,USDT,USDT,0x164559b25988a81ad35017e1c123e12050da8346d9f3e426b155e2eb23b11834_USDT,1637740981,1637740981,1,2.4775e+19,24.775,24.775,0,0,0.775000,bridge_dst_event_flow,True
BNB,Multi,bnb_flow_0x164559b25988__synth_split_d,0x164559b25988a81ad35017e1c123e12050da8346d9f3e426b155e2eb23b11834,0xa134a93897b1d14108c3826c3da928f7fc45085a|0xd1c5966f9f5ee6881ff6b261bbeda45972b1b5f3|0xedf0c420bc3b92b961c6ec411cc810ca81f5f21a,0xa134a93897b1d14108c3826c3da928f7fc45085a,0xedf0c420bc3b92b961c6ec411cc810ca81f5f21a,USDT,USDT,0x164559b25988a81ad35017e1c123e12050da8346d9f3e426b155e2eb23b11834_USDT,1637740981,1637740981,1,2.4775e+19,24.775,24.775,0,0,0.775000,bridge_dst_event_flow,True
BNB,Multi,bnb_flow_0x164559b25988__synth_merge_dst,0x164559b25988a81ad35017e1c123e12050da8346d9f3e426b155e2eb23b11834,0xa134a93897b1d14108c3826c3da928f7fc45085a|0xd1c5966f9f5ee6881ff6b261bbeda45972b1b5f3|0xedf0c420bc3b92b961c6ec411cc810ca81f5f21a,0xa134a93897b1d14108c3826c3da928f7fc45085a,0xedf0c420bc3b92b961c6ec411cc810ca81f5f21a,USDT,USDT,0x164559b25988a81ad35017e1c123e12050da8346d9f3e426b155e2eb23b11834_USDT,1637740981,1637740981,1,9.91e+19,99.1,99.1,0,0,0.775000,bridge_dst_event_flow,True
BNB,Multi,bnb_flow_0x164559b25988__synth_hidden_dst,0x164559b25988a81ad35017e1c123e12050da8346d9f3e426b155e2eb23b11834,0xa134a93897b1d14108c3826c3da928f7fc45085a|0xd1c5966f9f5ee6881ff6b261bbeda45972b1b5f3|0xedf0c420bc3b92b961c6ec411cc810ca81f5f21a,0xa134a93897b1d14108c3826c3da928f7fc45085a,0xedf0c420bc3b92b961c6ec411cc810ca81f5f21a,USDT,USDT,0x164559b25988a81ad35017e1c123e12050da8346d9f3e426b155e2eb23b11834_USDT,1637740981,1637740981,1,9.91e+19,99.1,99.1,0,0,0.775000,bridge_dst_event_flow,True
BNB,Multi,bnb_flow_0x164559b25988__synth_noise_dst_0,0x164559b25988a81ad35017e1c123e12050da8346d9f3e426b155e2eb23b11834,0xa134a93897b1d14108c3826c3da928f7fc45085a|0xd1c5966f9f5ee6881ff6b261bbeda45972b1b5f3|0xedf0c420bc3b92b961c6ec411cc810ca81f5f21a,0xa134a93897b1d14108c3826c3da928f7fc45085a,0xedf0c420bc3b92b961c6ec411cc810ca81f5f21a,USDT,USDT,0x164559b25988a81ad35017e1c123e12050da8346d9f3e426b155e2eb23b11834_USDT,1637741041,1637741041,1,9.91e+19,99.1,99.1,0,0,0.775000,bridge_dst_event_flow,True
BNB,Multi,bnb_flow_0x164559b25988__synth_noise_dst_1,0x164559b25988a81ad35017e1c123e12050da8346d9f3e426b155e2eb23b11834,0xa134a93897b1d14108c3826c3da928f7fc45085a|0xd1c5966f9f5ee6881ff6b261bbeda45972b1b5f3|0xedf0c420bc3b92b961c6ec411cc810ca81f5f21a,0xa134a93897b1d14108c3826c3da928f7fc45085a,0xedf0c420bc3b92b961c6ec411cc810ca81f5f21a,USDT,USDT,0x164559b25988a81ad35017e1c123e12050da8346d9f3e426b155e2eb23b11834_USDT,1637741101,1637741101,1,9.91e+19,99.1,99.1,0,0,0.775000,bridge_dst_event_flow,True
BNB,Multi,bnb_flow_0x8c1dd6099f87__synth_split_a,0x8c1dd6099f871e2c775f938aa2b3b8961926efe36188232581ea63de23d318e3,0x80aa51d8bef888153fa3158a61d7ed26d06b78b1|0xd1c5966f9f5ee6881ff6b261bbeda45972b1b5f3|0xdebb1d6a2196f2335ad51fbde7ca587205889360,0x80aa51d8bef888153fa3158a61d7ed26d06b78b1,0xdebb1d6a2196f2335ad51fbde7ca587205889360,ETH,WETH_ETH,0x8c1dd6099f871e2c775f938aa2b3b8961926efe36188232581ea63de23d318e3_ETH,1646199970,1646199970,1,7850000000000000.0,0.00785,19.318132308704616,0,0,0.775000,bridge_dst_event_flow,True
BNB,Multi,bnb_flow_0x8c1dd6099f87__synth_split_b,0x8c1dd6099f871e2c775f938aa2b3b8961926efe36188232581ea63de23d318e3,0x80aa51d8bef888153fa3158a61d7ed26d06b78b1|0xd1c5966f9f5ee6881ff6b261bbeda45972b1b5f3|0xdebb1d6a2196f2335ad51fbde7ca587205889360,0x80aa51d8bef888153fa3158a61d7ed26d06b78b1,0xdebb1d6a2196f2335ad51fbde7ca587205889360,ETH,WETH_ETH,0x8c1dd6099f871e2c775f938aa2b3b8961926efe36188232581ea63de23d318e3_ETH,1646199970,1646199970,1,7850000000000000.0,0.00785,19.318132308704616,0,0,0.775000,bridge_dst_event_flow,True
BNB,Multi,bnb_flow_0x8c1dd6099f87__synth_merge_dst,0x8c1dd6099f871e2c775f938aa2b3b8961926efe36188232581ea63de23d318e3,0x80aa51d8bef888153fa3158a61d7ed26d06b78b1|0xd1c5966f9f5ee6881ff6b261bbeda45972b1b5f3|0xdebb1d6a2196f2335ad51fbde7ca587205889360,0x80aa51d8bef888153fa3158a61d7ed26d06b78b1,0xdebb1d6a2196f2335ad51fbde7ca587205889360,ETH,WETH_ETH,0x8c1dd6099f871e2c775f938aa2b3b8961926efe36188232581ea63de23d318e3_ETH,1646199970,1646199970,1,1.57e+16,0.0157,38.63626461740923,0,0,0.775000,bridge_dst_event_flow,True
BNB,Multi,bnb_flow_0x8c1dd6099f87__synth_hidden_dst,0x8c1dd6099f871e2c775f938aa2b3b8961926efe36188232581ea63de23d318e3,0x80aa51d8bef888153fa3158a61d7ed26d06b78b1|0xd1c5966f9f5ee6881ff6b261bbeda45972b1b5f3|0xdebb1d6a2196f2335ad51fbde7ca587205889360,0x80aa51d8bef888153fa3158a61d7ed26d06b78b1,0xdebb1d6a2196f2335ad51fbde7ca587205889360,ETH,WETH_ETH,0x8c1dd6099f871e2c775f938aa2b3b8961926efe36188232581ea63de23d318e3_ETH,1646199970,1646199970,1,1.57e+16,0.0157,38.63626461740923,0,0,0.775000,bridge_dst_event_flow,True
BNB,Multi,bnb_flow_0x8c1dd6099f87__synth_noise_dst_0,0x8c1dd6099f871e2c775f938aa2b3b8961926efe36188232581ea63de23d318e3,0x80aa51d8bef888153fa3158a61d7ed26d06b78b1|0xd1c5966f9f5ee6881ff6b261bbeda45972b1b5f3|0xdebb1d6a2196f2335ad51fbde7ca587205889360,0x80aa51d8bef888153fa3158a61d7ed26d06b78b1,0xdebb1d6a2196f2335ad51fbde7ca587205889360,ETH,WETH_ETH,0x8c1dd6099f871e2c775f938aa2b3b8961926efe36188232581ea63de23d318e3_ETH,1646200030,1646200030,1,1.57e+16,0.0157,38.63626461740923,0,0,0.775000,bridge_dst_event_flow,True
BNB,Multi,bnb_flow_0x8c1dd6099f87__synth_noise_dst_1,0x8c1dd6099f871e2c775f938aa2b3b8961926efe36188232581ea63de23d318e3,0x80aa51d8bef888153fa3158a61d7ed26d06b78b1|0xd1c5966f9f5ee6881ff6b261bbeda45972b1b5f3|0xdebb1d6a2196f2335ad51fbde7ca587205889360,0x80aa51d8bef888153fa3158a61d7ed26d06b78b1,0xdebb1d6a2196f2335ad51fbde7ca587205889360,ETH,WETH_ETH,0x8c1dd6099f871e2c775f938aa2b3b8961926efe36188232581ea63de23d318e3_ETH,1646200090,1646200090,1,1.57e+16,0.0157,38.63626461740923,0,0,0.775000,bridge_dst_event_flow,True
BNB,Multi,bnb_flow_0x9ada1dc9998e__synth_split_a,0x9ada1dc9998eabf4c2532cbb371824d94da06948992a2ec671c24fc36c410381,0x87058292f212cc4eb6560debae7283d3cf0a5b3f|0xd1c5966f9f5ee6881ff6b261bbeda45972b1b5f3|0xedf0c420bc3b92b961c6ec411cc810ca81f5f21a,0x87058292f212cc4eb6560debae7283d3cf0a5b3f,0xedf0c420bc3b92b961c6ec411cc810ca81f5f21a,USDT,USDT,0x9ada1dc9998eabf4c2532cbb371824d94da06948992a2ec671c24fc36c410381_USDT,1637973233,1637973233,1,5.3026e+20,530.26,530.26,0,0,0.775000,bridge_dst_event_flow,True
BNB,Multi,bnb_flow_0x9ada1dc9998e__synth_split_b,0x9ada1dc9998eabf4c2532cbb371824d94da06948992a2ec671c24fc36c410381,0x87058292f212cc4eb6560debae7283d3cf0a5b3f|0xd1c5966f9f5ee6881ff6b261bbeda45972b1b5f3|0xedf0c420bc3b92b961c6ec411cc810ca81f5f21a,0x87058292f212cc4eb6560debae7283d3cf0a5b3f,0xedf0c420bc3b92b961c6ec411cc810ca81f5f21a,USDT,USDT,0x9ada1dc9998eabf4c2532cbb371824d94da06948992a2ec671c24fc36c410381_USDT,1637973233,1637973233,1,5.3026e+20,530.26,530.26,0,0,0.775000,bridge_dst_event_flow,True
BNB,Multi,bnb_flow_0x9ada1dc9998e__synth_merge_dst,0x9ada1dc9998eabf4c2532cbb371824d94da06948992a2ec671c24fc36c410381,0x87058292f212cc4eb6560debae7283d3cf0a5b3f|0xd1c5966f9f5ee6881ff6b261bbeda45972b1b5f3|0xedf0c420bc3b92b961c6ec411cc810ca81f5f21a,0x87058292f212cc4eb6560debae7283d3cf0a5b3f,0xedf0c420bc3b92b961c6ec411cc810ca81f5f21a,USDT,USDT,0x9ada1dc9998eabf4c2532cbb371824d94da06948992a2ec671c24fc36c410381_USDT,1637973233,1637973233,1,1.06052e+21,1060.52,1060.52,0,0,0.775000,bridge_dst_event_flow,True
BNB,Multi,bnb_flow_0x9ada1dc9998e__synth_hidden_dst,0x9ada1dc9998eabf4c2532cbb371824d94da06948992a2ec671c24fc36c410381,0x87058292f212cc4eb6560debae7283d3cf0a5b3f|0xd1c5966f9f5ee6881ff6b261bbeda45972b1b5f3|0xedf0c420bc3b92b961c6ec411cc810ca81f5f21a,0x87058292f212cc4eb6560debae7283d3cf0a5b3f,0xedf0c420bc3b92b961c6ec411cc810ca81f5f21a,USDT,USDT,0x9ada1dc9998eabf4c2532cbb371824d94da06948992a2ec671c24fc36c410381_USDT,1637973233,1637973233,1,1.06052e+21,1060.52,1060.52,0,0,0.775000,bridge_dst_event_flow,True
BNB,Multi,bnb_flow_0x9ada1dc9998e__synth_noise_dst_0,0x9ada1dc9998eabf4c2532cbb371824d94da06948992a2ec671c24fc36c410381,0x87058292f212cc4eb6560debae7283d3cf0a5b3f|0xd1c5966f9f5ee6881ff6b261bbeda45972b1b5f3|0xedf0c420bc3b92b961c6ec411cc810ca81f5f21a,0x87058292f212cc4eb6560debae7283d3cf0a5b3f,0xedf0c420bc3b92b961c6ec411cc810ca81f5f21a,USDT,USDT,0x9ada1dc9998eabf4c2532cbb371824d94da06948992a2ec671c24fc36c410381_USDT,1637973293,1637973293,1,1.06052e+21,1060.52,1060.52,0,0,0.775000,bridge_dst_event_flow,True
BNB,Multi,bnb_flow_0x9ada1dc9998e__synth_noise_dst_1,0x9ada1dc9998eabf4c2532cbb371824d94da06948992a2ec671c24fc36c410381,0x87058292f212cc4eb6560debae7283d3cf0a5b3f|0xd1c5966f9f5ee6881ff6b261bbeda45972b1b5f3|0xedf0c420bc3b92b961c6ec411cc810ca81f5f21a,0x87058292f212cc4eb6560debae7283d3cf0a5b3f,0xedf0c420bc3b92b961c6ec411cc810ca81f5f21a,USDT,USDT,0x9ada1dc9998eabf4c2532cbb371824d94da06948992a2ec671c24fc36c410381_USDT,1637973353,1637973353,1,1.06052e+21,1060.52,1060.52,0,0,0.775000,bridge_dst_event_flow,True
BNB,Multi,bnb_flow_0x9f103d94d7a9__synth_split_a,0x9f103d94d7a9971fd7b447de77785b681305ce9f1980d19b0c121a8e2b690841,0x2fce78e39729856f1c302117328518a4f588b0cd|0xd1c5966f9f5ee6881ff6b261bbeda45972b1b5f3|0xedf0c420bc3b92b961c6ec411cc810ca81f5f21a,0x2fce78e39729856f1c302117328518a4f588b0cd,0xedf0c420bc3b92b961c6ec411cc810ca81f5f21a,USDT,USDT,0x9f103d94d7a9971fd7b447de77785b681305ce9f1980d19b0c121a8e2b690841_USDT,1638488678,1638488678,1,1.55432e+20,155.432,155.432,0,0,0.775000,bridge_dst_event_flow,True
BNB,Multi,bnb_flow_0x9f103d94d7a9__synth_split_b,0x9f103d94d7a9971fd7b447de77785b681305ce9f1980d19b0c121a8e2b690841,0x2fce78e39729856f1c302117328518a4f588b0cd|0xd1c5966f9f5ee6881ff6b261bbeda45972b1b5f3|0xedf0c420bc3b92b961c6ec411cc810ca81f5f21a,0x2fce78e39729856f1c302117328518a4f588b0cd,0xedf0c420bc3b92b961c6ec411cc810ca81f5f21a,USDT,USDT,0x9f103d94d7a9971fd7b447de77785b681305ce9f1980d19b0c121a8e2b690841_USDT,1638488678,1638488678,1,1.55432e+20,155.432,155.432,0,0,0.775000,bridge_dst_event_flow,True
BNB,Multi,bnb_flow_0x9f103d94d7a9__synth_split_c,0x9f103d94d7a9971fd7b447de77785b681305ce9f1980d19b0c121a8e2b690841,0x2fce78e39729856f1c302117328518a4f588b0cd|0xd1c5966f9f5ee6881ff6b261bbeda45972b1b5f3|0xedf0c420bc3b92b961c6ec411cc810ca81f5f21a,0x2fce78e39729856f1c302117328518a4f588b0cd,0xedf0c420bc3b92b961c6ec411cc810ca81f5f21a,USDT,USDT,0x9f103d94d7a9971fd7b447de77785b681305ce9f1980d19b0c121a8e2b690841_USDT,1638488678,1638488678,1,1.55432e+20,155.432,155.432,0,0,0.775000,bridge_dst_event_flow,True
BNB,Multi,bnb_flow_0x9f103d94d7a9__synth_merge_dst,0x9f103d94d7a9971fd7b447de77785b681305ce9f1980d19b0c121a8e2b690841,0x2fce78e39729856f1c302117328518a4f588b0cd|0xd1c5966f9f5ee6881ff6b261bbeda45972b1b5f3|0xedf0c420bc3b92b961c6ec411cc810ca81f5f21a,0x2fce78e39729856f1c302117328518a4f588b0cd,0xedf0c420bc3b92b961c6ec411cc810ca81f5f21a,USDT,USDT,0x9f103d94d7a9971fd7b447de77785b681305ce9f1980d19b0c121a8e2b690841_USDT,1638488678,1638488678,1,4.66296e+20,466.296,466.296,0,0,0.775000,bridge_dst_event_flow,True
BNB,Multi,bnb_flow_0x9f103d94d7a9__synth_hidden_dst,0x9f103d94d7a9971fd7b447de77785b681305ce9f1980d19b0c121a8e2b690841,0x2fce78e39729856f1c302117328518a4f588b0cd|0xd1c5966f9f5ee6881ff6b261bbeda45972b1b5f3|0xedf0c420bc3b92b961c6ec411cc810ca81f5f21a,0x2fce78e39729856f1c302117328518a4f588b0cd,0xedf0c420bc3b92b961c6ec411cc810ca81f5f21a,USDT,USDT,0x9f103d94d7a9971fd7b447de77785b681305ce9f1980d19b0c121a8e2b690841_USDT,1638488678,1638488678,1,4.66296e+20,466.296,466.296,0,0,0.775000,bridge_dst_event_flow,True
BNB,Multi,bnb_flow_0x9f103d94d7a9__synth_noise_dst_0,0x9f103d94d7a9971fd7b447de77785b681305ce9f1980d19b0c121a8e2b690841,0x2fce78e39729856f1c302117328518a4f588b0cd|0xd1c5966f9f5ee6881ff6b261bbeda45972b1b5f3|0xedf0c420bc3b92b961c6ec411cc810ca81f5f21a,0x2fce78e39729856f1c302117328518a4f588b0cd,0xedf0c420bc3b92b961c6ec411cc810ca81f5f21a,USDT,USDT,0x9f103d94d7a9971fd7b447de77785b681305ce9f1980d19b0c121a8e2b690841_USDT,1638488738,1638488738,1,4.66296e+20,466.296,466.296,0,0,0.775000,bridge_dst_event_flow,True
BNB,Multi,bnb_flow_0x9f103d94d7a9__synth_noise_dst_1,0x9f103d94d7a9971fd7b447de77785b681305ce9f1980d19b0c121a8e2b690841,0x2fce78e39729856f1c302117328518a4f588b0cd|0xd1c5966f9f5ee6881ff6b261bbeda45972b1b5f3|0xedf0c420bc3b92b961c6ec411cc810ca81f5f21a,0x2fce78e39729856f1c302117328518a4f588b0cd,0xedf0c420bc3b92b961c6ec411cc810ca81f5f21a,USDT,USDT,0x9f103d94d7a9971fd7b447de77785b681305ce9f1980d19b0c121a8e2b690841_USDT,1638488798,1638488798,1,4.66296e+20,466.296,466.296,0,0,0.775000,bridge_dst_event_flow,True
BNB,Multi,bnb_flow_0x6dc56a61fd9e__synth_split_a,0x6dc56a61fd9edad5d688b976289073772cc9a6ae3bd727f358d42b3c87d70df9,0x8ea5529a6082463370db0646b10d37d6cbae65eb|0xd1c5966f9f5ee6881ff6b261bbeda45972b1b5f3|0xedf0c420bc3b92b961c6ec411cc810ca81f5f21a,0x8ea5529a6082463370db0646b10d37d6cbae65eb,0xedf0c420bc3b92b961c6ec411cc810ca81f5f21a,USDT,USDT,0x6dc56a61fd9edad5d688b976289073772cc9a6ae3bd727f358d42b3c87d70df9_USDT,1636698106,1636698106,1,1.59615e+20,159.615,159.615,0,0,0.800000,bridge_dst_event_flow,True
BNB,Multi,bnb_flow_0x6dc56a61fd9e__synth_split_b,0x6dc56a61fd9edad5d688b976289073772cc9a6ae3bd727f358d42b3c87d70df9,0x8ea5529a6082463370db0646b10d37d6cbae65eb|0xd1c5966f9f5ee6881ff6b261bbeda45972b1b5f3|0xedf0c420bc3b92b961c6ec411cc810ca81f5f21a,0x8ea5529a6082463370db0646b10d37d6cbae65eb,0xedf0c420bc3b92b961c6ec411cc810ca81f5f21a,USDT,USDT,0x6dc56a61fd9edad5d688b976289073772cc9a6ae3bd727f358d42b3c87d70df9_USDT,1636698106,1636698106,1,1.59615e+20,159.615,159.615,0,0,0.800000,bridge_dst_event_flow,True
BNB,Multi,bnb_flow_0x6dc56a61fd9e__synth_split_c,0x6dc56a61fd9edad5d688b976289073772cc9a6ae3bd727f358d42b3c87d70df9,0x8ea5529a6082463370db0646b10d37d6cbae65eb|0xd1c5966f9f5ee6881ff6b261bbeda45972b1b5f3|0xedf0c420bc3b92b961c6ec411cc810ca81f5f21a,0x8ea5529a6082463370db0646b10d37d6cbae65eb,0xedf0c420bc3b92b961c6ec411cc810ca81f5f21a,USDT,USDT,0x6dc56a61fd9edad5d688b976289073772cc9a6ae3bd727f358d42b3c87d70df9_USDT,1636698106,1636698106,1,1.59615e+20,159.615,159.615,0,0,0.800000,bridge_dst_event_flow,True
BNB,Multi,bnb_flow_0x6dc56a61fd9e__synth_split_d,0x6dc56a61fd9edad5d688b976289073772cc9a6ae3bd727f358d42b3c87d70df9,0x8ea5529a6082463370db0646b10d37d6cbae65eb|0xd1c5966f9f5ee6881ff6b261bbeda45972b1b5f3|0xedf0c420bc3b92b961c6ec411cc810ca81f5f21a,0x8ea5529a6082463370db0646b10d37d6cbae65eb,0xedf0c420bc3b92b961c6ec411cc810ca81f5f21a,USDT,USDT,0x6dc56a61fd9edad5d688b976289073772cc9a6ae3bd727f358d42b3c87d70df9_USDT,1636698106,1636698106,1,1.59615e+20,159.615,159.615,0,0,0.800000,bridge_dst_event_flow,True
BNB,Multi,bnb_flow_0x6dc56a61fd9e__synth_merge_dst,0x6dc56a61fd9edad5d688b976289073772cc9a6ae3bd727f358d42b3c87d70df9,0x8ea5529a6082463370db0646b10d37d6cbae65eb|0xd1c5966f9f5ee6881ff6b261bbeda45972b1b5f3|0xedf0c420bc3b92b961c6ec411cc810ca81f5f21a,0x8ea5529a6082463370db0646b10d37d6cbae65eb,0xedf0c420bc3b92b961c6ec411cc810ca81f5f21a,USDT,USDT,0x6dc56a61fd9edad5d688b976289073772cc9a6ae3bd727f358d42b3c87d70df9_USDT,1636698106,1636698106,1,6.3846e+20,638.46,638.46,0,0,0.800000,bridge_dst_event_flow,True
BNB,Multi,bnb_flow_0x6dc56a61fd9e__synth_hidden_dst,0x6dc56a61fd9edad5d688b976289073772cc9a6ae3bd727f358d42b3c87d70df9,0x8ea5529a6082463370db0646b10d37d6cbae65eb|0xd1c5966f9f5ee6881ff6b261bbeda45972b1b5f3|0xedf0c420bc3b92b961c6ec411cc810ca81f5f21a,0x8ea5529a6082463370db0646b10d37d6cbae65eb,0xedf0c420bc3b92b961c6ec411cc810ca81f5f21a,USDT,USDT,0x6dc56a61fd9edad5d688b976289073772cc9a6ae3bd727f358d42b3c87d70df9_USDT,1636698106,1636698106,1,6.3846e+20,638.46,638.46,0,0,0.800000,bridge_dst_event_flow,True
BNB,Multi,bnb_flow_0x6dc56a61fd9e__synth_noise_dst_0,0x6dc56a61fd9edad5d688b976289073772cc9a6ae3bd727f358d42b3c87d70df9,0x8ea5529a6082463370db0646b10d37d6cbae65eb|0xd1c5966f9f5ee6881ff6b261bbeda45972b1b5f3|0xedf0c420bc3b92b961c6ec411cc810ca81f5f21a,0x8ea5529a6082463370db0646b10d37d6cbae65eb,0xedf0c420bc3b92b961c6ec411cc810ca81f5f21a,USDT,USDT,0x6dc56a61fd9edad5d688b976289073772cc9a6ae3bd727f358d42b3c87d70df9_USDT,1636698166,1636698166,1,6.3846e+20,638.46,638.46,0,0,0.800000,bridge_dst_event_flow,True
BNB,Multi,bnb_flow_0x6dc56a61fd9e__synth_noise_dst_1,0x6dc56a61fd9edad5d688b976289073772cc9a6ae3bd727f358d42b3c87d70df9,0x8ea5529a6082463370db0646b10d37d6cbae65eb|0xd1c5966f9f5ee6881ff6b261bbeda45972b1b5f3|0xedf0c420bc3b92b961c6ec411cc810ca81f5f21a,0x8ea5529a6082463370db0646b10d37d6cbae65eb,0xedf0c420bc3b92b961c6ec411cc810ca81f5f21a,USDT,USDT,0x6dc56a61fd9edad5d688b976289073772cc9a6ae3bd727f358d42b3c87d70df9_USDT,1636698226,1636698226,1,6.3846e+20,638.46,638.46,0,0,0.800000,bridge_dst_event_flow,True
BNB,Multi,bnb_flow_0xdf20fa4b9ab9__synth_split_a,0xdf20fa4b9ab9b2c3b258d5aee388cea85fc2c370e7f082523d58f0501f177855,0xd1c5966f9f5ee6881ff6b261bbeda45972b1b5f3|0xecdb7ac81ab7813e155438b6a4faabf020708ab7|0xedf0c420bc3b92b961c6ec411cc810ca81f5f21a,0xecdb7ac81ab7813e155438b6a4faabf020708ab7,0xedf0c420bc3b92b961c6ec411cc810ca81f5f21a,USDT,USDT,0xdf20fa4b9ab9b2c3b258d5aee388cea85fc2c370e7f082523d58f0501f177855_USDT,1633341499,1633341499,1,9.151666666666666e+19,91.51666666666667,91.51666666666667,0,0,0.825000,bridge_dst_event_flow,True
BNB,Multi,bnb_flow_0xdf20fa4b9ab9__synth_split_b,0xdf20fa4b9ab9b2c3b258d5aee388cea85fc2c370e7f082523d58f0501f177855,0xd1c5966f9f5ee6881ff6b261bbeda45972b1b5f3|0xecdb7ac81ab7813e155438b6a4faabf020708ab7|0xedf0c420bc3b92b961c6ec411cc810ca81f5f21a,0xecdb7ac81ab7813e155438b6a4faabf020708ab7,0xedf0c420bc3b92b961c6ec411cc810ca81f5f21a,USDT,USDT,0xdf20fa4b9ab9b2c3b258d5aee388cea85fc2c370e7f082523d58f0501f177855_USDT,1633341499,1633341499,1,9.151666666666666e+19,91.51666666666667,91.51666666666667,0,0,0.825000,bridge_dst_event_flow,True
BNB,Multi,bnb_flow_0xdf20fa4b9ab9__synth_split_c,0xdf20fa4b9ab9b2c3b258d5aee388cea85fc2c370e7f082523d58f0501f177855,0xd1c5966f9f5ee6881ff6b261bbeda45972b1b5f3|0xecdb7ac81ab7813e155438b6a4faabf020708ab7|0xedf0c420bc3b92b961c6ec411cc810ca81f5f21a,0xecdb7ac81ab7813e155438b6a4faabf020708ab7,0xedf0c420bc3b92b961c6ec411cc810ca81f5f21a,USDT,USDT,0xdf20fa4b9ab9b2c3b258d5aee388cea85fc2c370e7f082523d58f0501f177855_USDT,1633341499,1633341499,1,9.151666666666666e+19,91.51666666666667,91.51666666666667,0,0,0.825000,bridge_dst_event_flow,True
BNB,Multi,bnb_flow_0xdf20fa4b9ab9__synth_split_d,0xdf20fa4b9ab9b2c3b258d5aee388cea85fc2c370e7f082523d58f0501f177855,0xd1c5966f9f5ee6881ff6b261bbeda45972b1b5f3|0xecdb7ac81ab7813e155438b6a4faabf020708ab7|0xedf0c420bc3b92b961c6ec411cc810ca81f5f21a,0xecdb7ac81ab7813e155438b6a4faabf020708ab7,0xedf0c420bc3b92b961c6ec411cc810ca81f5f21a,USDT,USDT,0xdf20fa4b9ab9b2c3b258d5aee388cea85fc2c370e7f082523d58f0501f177855_USDT,1633341499,1633341499,1,9.151666666666666e+19,91.51666666666667,91.51666666666667,0,0,0.825000,bridge_dst_event_flow,True
BNB,Multi,bnb_flow_0xdf20fa4b9ab9__synth_split_e,0xdf20fa4b9ab9b2c3b258d5aee388cea85fc2c370e7f082523d58f0501f177855,0xd1c5966f9f5ee6881ff6b261bbeda45972b1b5f3|0xecdb7ac81ab7813e155438b6a4faabf020708ab7|0xedf0c420bc3b92b961c6ec411cc810ca81f5f21a,0xecdb7ac81ab7813e155438b6a4faabf020708ab7,0xedf0c420bc3b92b961c6ec411cc810ca81f5f21a,USDT,USDT,0xdf20fa4b9ab9b2c3b258d5aee388cea85fc2c370e7f082523d58f0501f177855_USDT,1633341499,1633341499,1,9.151666666666666e+19,91.51666666666667,91.51666666666667,0,0,0.825000,bridge_dst_event_flow,True
BNB,Multi,bnb_flow_0xdf20fa4b9ab9__synth_split_f,0xdf20fa4b9ab9b2c3b258d5aee388cea85fc2c370e7f082523d58f0501f177855,0xd1c5966f9f5ee6881ff6b261bbeda45972b1b5f3|0xecdb7ac81ab7813e155438b6a4faabf020708ab7|0xedf0c420bc3b92b961c6ec411cc810ca81f5f21a,0xecdb7ac81ab7813e155438b6a4faabf020708ab7,0xedf0c420bc3b92b961c6ec411cc810ca81f5f21a,USDT,USDT,0xdf20fa4b9ab9b2c3b258d5aee388cea85fc2c370e7f082523d58f0501f177855_USDT,1633341499,1633341499,1,9.151666666666666e+19,91.51666666666667,91.51666666666667,0,0,0.825000,bridge_dst_event_flow,True
BNB,Multi,bnb_flow_0xdf20fa4b9ab9__synth_merge_dst,0xdf20fa4b9ab9b2c3b258d5aee388cea85fc2c370e7f082523d58f0501f177855,0xd1c5966f9f5ee6881ff6b261bbeda45972b1b5f3|0xecdb7ac81ab7813e155438b6a4faabf020708ab7|0xedf0c420bc3b92b961c6ec411cc810ca81f5f21a,0xecdb7ac81ab7813e155438b6a4faabf020708ab7,0xedf0c420bc3b92b961c6ec411cc810ca81f5f21a,USDT,USDT,0xdf20fa4b9ab9b2c3b258d5aee388cea85fc2c370e7f082523d58f0501f177855_USDT,1633341499,1633341499,1,5.491e+20,549.1,549.1,0,0,0.825000,bridge_dst_event_flow,True
BNB,Multi,bnb_flow_0xdf20fa4b9ab9__synth_hidden_dst,0xdf20fa4b9ab9b2c3b258d5aee388cea85fc2c370e7f082523d58f0501f177855,0xd1c5966f9f5ee6881ff6b261bbeda45972b1b5f3|0xecdb7ac81ab7813e155438b6a4faabf020708ab7|0xedf0c420bc3b92b961c6ec411cc810ca81f5f21a,0xecdb7ac81ab7813e155438b6a4faabf020708ab7,0xedf0c420bc3b92b961c6ec411cc810ca81f5f21a,USDT,USDT,0xdf20fa4b9ab9b2c3b258d5aee388cea85fc2c370e7f082523d58f0501f177855_USDT,1633341499,1633341499,1,5.491e+20,549.1,549.1,0,0,0.825000,bridge_dst_event_flow,True
BNB,Multi,bnb_flow_0xdf20fa4b9ab9__synth_noise_dst_0,0xdf20fa4b9ab9b2c3b258d5aee388cea85fc2c370e7f082523d58f0501f177855,0xd1c5966f9f5ee6881ff6b261bbeda45972b1b5f3|0xecdb7ac81ab7813e155438b6a4faabf020708ab7|0xedf0c420bc3b92b961c6ec411cc810ca81f5f21a,0xecdb7ac81ab7813e155438b6a4faabf020708ab7,0xedf0c420bc3b92b961c6ec411cc810ca81f5f21a,USDT,USDT,0xdf20fa4b9ab9b2c3b258d5aee388cea85fc2c370e7f082523d58f0501f177855_USDT,1633341559,1633341559,1,5.491e+20,549.1,549.1,0,0,0.825000,bridge_dst_event_flow,True
BNB,Multi,bnb_flow_0xdf20fa4b9ab9__synth_noise_dst_1,0xdf20fa4b9ab9b2c3b258d5aee388cea85fc2c370e7f082523d58f0501f177855,0xd1c5966f9f5ee6881ff6b261bbeda45972b1b5f3|0xecdb7ac81ab7813e155438b6a4faabf020708ab7|0xedf0c420bc3b92b961c6ec411cc810ca81f5f21a,0xecdb7ac81ab7813e155438b6a4faabf020708ab7,0xedf0c420bc3b92b961c6ec411cc810ca81f5f21a,USDT,USDT,0xdf20fa4b9ab9b2c3b258d5aee388cea85fc2c370e7f082523d58f0501f177855_USDT,1633341619,1633341619,1,5.491e+20,549.1,549.1,0,0,0.825000,bridge_dst_event_flow,True
BNB,Multi,bnb_flow_0x18f6cafec7d0__synth_split_a,0x18f6cafec7d04d218892433892dc38ada4c253b0158565efa7303912ae456971,0x0694e8c9d228435c1053fcda01809196d82549d2|0xd1c5966f9f5ee6881ff6b261bbeda45972b1b5f3|0xdebb1d6a2196f2335ad51fbde7ca587205889360,0x0694e8c9d228435c1053fcda01809196d82549d2,0xdebb1d6a2196f2335ad51fbde7ca587205889360,ETH,WETH_ETH,0x18f6cafec7d04d218892433892dc38ada4c253b0158565efa7303912ae456971_ETH,1645208703,1645208703,1,9.99e+16,0.0999,245.84476657829185,0,0,0.825000,bridge_dst_event_flow,True
BNB,Multi,bnb_flow_0x18f6cafec7d0__synth_split_b,0x18f6cafec7d04d218892433892dc38ada4c253b0158565efa7303912ae456971,0x0694e8c9d228435c1053fcda01809196d82549d2|0xd1c5966f9f5ee6881ff6b261bbeda45972b1b5f3|0xdebb1d6a2196f2335ad51fbde7ca587205889360,0x0694e8c9d228435c1053fcda01809196d82549d2,0xdebb1d6a2196f2335ad51fbde7ca587205889360,ETH,WETH_ETH,0x18f6cafec7d04d218892433892dc38ada4c253b0158565efa7303912ae456971_ETH,1645208703,1645208703,1,9.99e+16,0.0999,245.84476657829185,0,0,0.825000,bridge_dst_event_flow,True
BNB,Multi,bnb_flow_0x18f6cafec7d0__synth_split_c,0x18f6cafec7d04d218892433892dc38ada4c253b0158565efa7303912ae456971,0x0694e8c9d228435c1053fcda01809196d82549d2|0xd1c5966f9f5ee6881ff6b261bbeda45972b1b5f3|0xdebb1d6a2196f2335ad51fbde7ca587205889360,0x0694e8c9d228435c1053fcda01809196d82549d2,0xdebb1d6a2196f2335ad51fbde7ca587205889360,ETH,WETH_ETH,0x18f6cafec7d04d218892433892dc38ada4c253b0158565efa7303912ae456971_ETH,1645208703,1645208703,1,9.99e+16,0.0999,245.84476657829185,0,0,0.825000,bridge_dst_event_flow,True
BNB,Multi,bnb_flow_0x18f6cafec7d0__synth_merge_dst,0x18f6cafec7d04d218892433892dc38ada4c253b0158565efa7303912ae456971,0x0694e8c9d228435c1053fcda01809196d82549d2|0xd1c5966f9f5ee6881ff6b261bbeda45972b1b5f3|0xdebb1d6a2196f2335ad51fbde7ca587205889360,0x0694e8c9d228435c1053fcda01809196d82549d2,0xdebb1d6a2196f2335ad51fbde7ca587205889360,ETH,WETH_ETH,0x18f6cafec7d04d218892433892dc38ada4c253b0158565efa7303912ae456971_ETH,1645208703,1645208703,1,2.997e+17,0.2997,737.5342997348756,0,0,0.825000,bridge_dst_event_flow,True
BNB,Multi,bnb_flow_0x18f6cafec7d0__synth_hidden_dst,0x18f6cafec7d04d218892433892dc38ada4c253b0158565efa7303912ae456971,0x0694e8c9d228435c1053fcda01809196d82549d2|0xd1c5966f9f5ee6881ff6b261bbeda45972b1b5f3|0xdebb1d6a2196f2335ad51fbde7ca587205889360,0x0694e8c9d228435c1053fcda01809196d82549d2,0xdebb1d6a2196f2335ad51fbde7ca587205889360,ETH,WETH_ETH,0x18f6cafec7d04d218892433892dc38ada4c253b0158565efa7303912ae456971_ETH,1645208703,1645208703,1,2.997e+17,0.2997,737.5342997348756,0,0,0.825000,bridge_dst_event_flow,True
BNB,Multi,bnb_flow_0x18f6cafec7d0__synth_noise_dst_0,0x18f6cafec7d04d218892433892dc38ada4c253b0158565efa7303912ae456971,0x0694e8c9d228435c1053fcda01809196d82549d2|0xd1c5966f9f5ee6881ff6b261bbeda45972b1b5f3|0xdebb1d6a2196f2335ad51fbde7ca587205889360,0x0694e8c9d228435c1053fcda01809196d82549d2,0xdebb1d6a2196f2335ad51fbde7ca587205889360,ETH,WETH_ETH,0x18f6cafec7d04d218892433892dc38ada4c253b0158565efa7303912ae456971_ETH,1645208763,1645208763,1,2.997e+17,0.2997,737.5342997348756,0,0,0.825000,bridge_dst_event_flow,True
BNB,Multi,bnb_flow_0x18f6cafec7d0__synth_noise_dst_1,0x18f6cafec7d04d218892433892dc38ada4c253b0158565efa7303912ae456971,0x0694e8c9d228435c1053fcda01809196d82549d2|0xd1c5966f9f5ee6881ff6b261bbeda45972b1b5f3|0xdebb1d6a2196f2335ad51fbde7ca587205889360,0x0694e8c9d228435c1053fcda01809196d82549d2,0xdebb1d6a2196f2335ad51fbde7ca587205889360,ETH,WETH_ETH,0x18f6cafec7d04d218892433892dc38ada4c253b0158565efa7303912ae456971_ETH,1645208823,1645208823,1,2.997e+17,0.2997,737.5342997348756,0,0,0.825000,bridge_dst_event_flow,True
BNB,Multi,bnb_flow_0x4c114cfe5663__synth_split_a,0x4c114cfe5663b7492b32d61611e789abc5262eeb50e08f2d4e5795e675846494,0xd1c5966f9f5ee6881ff6b261bbeda45972b1b5f3|0xdebb1d6a2196f2335ad51fbde7ca587205889360|0xfc41b2e5d1827bbb2e05aec0418ec2a13d2ab8b1,0xfc41b2e5d1827bbb2e05aec0418ec2a13d2ab8b1,0xdebb1d6a2196f2335ad51fbde7ca587205889360,ETH,WETH_ETH,0x4c114cfe5663b7492b32d61611e789abc5262eeb50e08f2d4e5795e675846494_ETH,1646213987,1646213987,1,1.0385e+17,0.10385,255.5653554470031,0,0,0.825000,bridge_dst_event_flow,True
BNB,Multi,bnb_flow_0x4c114cfe5663__synth_split_b,0x4c114cfe5663b7492b32d61611e789abc5262eeb50e08f2d4e5795e675846494,0xd1c5966f9f5ee6881ff6b261bbeda45972b1b5f3|0xdebb1d6a2196f2335ad51fbde7ca587205889360|0xfc41b2e5d1827bbb2e05aec0418ec2a13d2ab8b1,0xfc41b2e5d1827bbb2e05aec0418ec2a13d2ab8b1,0xdebb1d6a2196f2335ad51fbde7ca587205889360,ETH,WETH_ETH,0x4c114cfe5663b7492b32d61611e789abc5262eeb50e08f2d4e5795e675846494_ETH,1646213987,1646213987,1,1.0385e+17,0.10385,255.5653554470031,0,0,0.825000,bridge_dst_event_flow,True
BNB,Multi,bnb_flow_0x4c114cfe5663__synth_merge_dst,0x4c114cfe5663b7492b32d61611e789abc5262eeb50e08f2d4e5795e675846494,0xd1c5966f9f5ee6881ff6b261bbeda45972b1b5f3|0xdebb1d6a2196f2335ad51fbde7ca587205889360|0xfc41b2e5d1827bbb2e05aec0418ec2a13d2ab8b1,0xfc41b2e5d1827bbb2e05aec0418ec2a13d2ab8b1,0xdebb1d6a2196f2335ad51fbde7ca587205889360,ETH,WETH_ETH,0x4c114cfe5663b7492b32d61611e789abc5262eeb50e08f2d4e5795e675846494_ETH,1646213987,1646213987,1,2.077e+17,0.2077,511.1307108940062,0,0,0.825000,bridge_dst_event_flow,True
BNB,Multi,bnb_flow_0x4c114cfe5663__synth_hidden_dst,0x4c114cfe5663b7492b32d61611e789abc5262eeb50e08f2d4e5795e675846494,0xd1c5966f9f5ee6881ff6b261bbeda45972b1b5f3|0xdebb1d6a2196f2335ad51fbde7ca587205889360|0xfc41b2e5d1827bbb2e05aec0418ec2a13d2ab8b1,0xfc41b2e5d1827bbb2e05aec0418ec2a13d2ab8b1,0xdebb1d6a2196f2335ad51fbde7ca587205889360,ETH,WETH_ETH,0x4c114cfe5663b7492b32d61611e789abc5262eeb50e08f2d4e5795e675846494_ETH,1646213987,1646213987,1,2.077e+17,0.2077,511.1307108940062,0,0,0.825000,bridge_dst_event_flow,True
BNB,Multi,bnb_flow_0x4c114cfe5663__synth_noise_dst_0,0x4c114cfe5663b7492b32d61611e789abc5262eeb50e08f2d4e5795e675846494,0xd1c5966f9f5ee6881ff6b261bbeda45972b1b5f3|0xdebb1d6a2196f2335ad51fbde7ca587205889360|0xfc41b2e5d1827bbb2e05aec0418ec2a13d2ab8b1,0xfc41b2e5d1827bbb2e05aec0418ec2a13d2ab8b1,0xdebb1d6a2196f2335ad51fbde7ca587205889360,ETH,WETH_ETH,0x4c114cfe5663b7492b32d61611e789abc5262eeb50e08f2d4e5795e675846494_ETH,1646214047,1646214047,1,2.077e+17,0.2077,511.1307108940062,0,0,0.825000,bridge_dst_event_flow,True
BNB,Multi,bnb_flow_0x4c114cfe5663__synth_noise_dst_1,0x4c114cfe5663b7492b32d61611e789abc5262eeb50e08f2d4e5795e675846494,0xd1c5966f9f5ee6881ff6b261bbeda45972b1b5f3|0xdebb1d6a2196f2335ad51fbde7ca587205889360|0xfc41b2e5d1827bbb2e05aec0418ec2a13d2ab8b1,0xfc41b2e5d1827bbb2e05aec0418ec2a13d2ab8b1,0xdebb1d6a2196f2335ad51fbde7ca587205889360,ETH,WETH_ETH,0x4c114cfe5663b7492b32d61611e789abc5262eeb50e08f2d4e5795e675846494_ETH,1646214107,1646214107,1,2.077e+17,0.2077,511.1307108940062,0,0,0.825000,bridge_dst_event_flow,True
BNB,Multi,bnb_flow_0x0fd9fc1bb886__synth_split_a,0x0fd9fc1bb886d9720cd882dba9710bf21d9670bd9b8d89a6271e1ae066df9800,0x3f3ff001b2a3c378a27a370e9b57f03533c6e90a|0xd1c5966f9f5ee6881ff6b261bbeda45972b1b5f3|0xedf0c420bc3b92b961c6ec411cc810ca81f5f21a,0x3f3ff001b2a3c378a27a370e9b57f03533c6e90a,0xedf0c420bc3b92b961c6ec411cc810ca81f5f21a,USDT,USDT,0x0fd9fc1bb886d9720cd882dba9710bf21d9670bd9b8d89a6271e1ae066df9800_USDT,1639145434,1639145434,1,2.1502e+20,215.01999999999998,215.01999999999998,0,0,0.800000,bridge_dst_event_flow,True
BNB,Multi,bnb_flow_0x0fd9fc1bb886__synth_split_b,0x0fd9fc1bb886d9720cd882dba9710bf21d9670bd9b8d89a6271e1ae066df9800,0x3f3ff001b2a3c378a27a370e9b57f03533c6e90a|0xd1c5966f9f5ee6881ff6b261bbeda45972b1b5f3|0xedf0c420bc3b92b961c6ec411cc810ca81f5f21a,0x3f3ff001b2a3c378a27a370e9b57f03533c6e90a,0xedf0c420bc3b92b961c6ec411cc810ca81f5f21a,USDT,USDT,0x0fd9fc1bb886d9720cd882dba9710bf21d9670bd9b8d89a6271e1ae066df9800_USDT,1639145434,1639145434,1,2.1502e+20,215.01999999999998,215.01999999999998,0,0,0.800000,bridge_dst_event_flow,True
BNB,Multi,bnb_flow_0x0fd9fc1bb886__synth_split_c,0x0fd9fc1bb886d9720cd882dba9710bf21d9670bd9b8d89a6271e1ae066df9800,0x3f3ff001b2a3c378a27a370e9b57f03533c6e90a|0xd1c5966f9f5ee6881ff6b261bbeda45972b1b5f3|0xedf0c420bc3b92b961c6ec411cc810ca81f5f21a,0x3f3ff001b2a3c378a27a370e9b57f03533c6e90a,0xedf0c420bc3b92b961c6ec411cc810ca81f5f21a,USDT,USDT,0x0fd9fc1bb886d9720cd882dba9710bf21d9670bd9b8d89a6271e1ae066df9800_USDT,1639145434,1639145434,1,2.1502e+20,215.01999999999998,215.01999999999998,0,0,0.800000,bridge_dst_event_flow,True
BNB,Multi,bnb_flow_0x0fd9fc1bb886__synth_split_d,0x0fd9fc1bb886d9720cd882dba9710bf21d9670bd9b8d89a6271e1ae066df9800,0x3f3ff001b2a3c378a27a370e9b57f03533c6e90a|0xd1c5966f9f5ee6881ff6b261bbeda45972b1b5f3|0xedf0c420bc3b92b961c6ec411cc810ca81f5f21a,0x3f3ff001b2a3c378a27a370e9b57f03533c6e90a,0xedf0c420bc3b92b961c6ec411cc810ca81f5f21a,USDT,USDT,0x0fd9fc1bb886d9720cd882dba9710bf21d9670bd9b8d89a6271e1ae066df9800_USDT,1639145434,1639145434,1,2.1502e+20,215.01999999999998,215.01999999999998,0,0,0.800000,bridge_dst_event_flow,True
BNB,Multi,bnb_flow_0x0fd9fc1bb886__synth_split_e,0x0fd9fc1bb886d9720cd882dba9710bf21d9670bd9b8d89a6271e1ae066df9800,0x3f3ff001b2a3c378a27a370e9b57f03533c6e90a|0xd1c5966f9f5ee6881ff6b261bbeda45972b1b5f3|0xedf0c420bc3b92b961c6ec411cc810ca81f5f21a,0x3f3ff001b2a3c378a27a370e9b57f03533c6e90a,0xedf0c420bc3b92b961c6ec411cc810ca81f5f21a,USDT,USDT,0x0fd9fc1bb886d9720cd882dba9710bf21d9670bd9b8d89a6271e1ae066df9800_USDT,1639145434,1639145434,1,2.1502e+20,215.01999999999998,215.01999999999998,0,0,0.800000,bridge_dst_event_flow,True
BNB,Multi,bnb_flow_0x0fd9fc1bb886__synth_merge_dst,0x0fd9fc1bb886d9720cd882dba9710bf21d9670bd9b8d89a6271e1ae066df9800,0x3f3ff001b2a3c378a27a370e9b57f03533c6e90a|0xd1c5966f9f5ee6881ff6b261bbeda45972b1b5f3|0xedf0c420bc3b92b961c6ec411cc810ca81f5f21a,0x3f3ff001b2a3c378a27a370e9b57f03533c6e90a,0xedf0c420bc3b92b961c6ec411cc810ca81f5f21a,USDT,USDT,0x0fd9fc1bb886d9720cd882dba9710bf21d9670bd9b8d89a6271e1ae066df9800_USDT,1639145434,1639145434,1,1.0751e+21,1075.1,1075.1,0,0,0.800000,bridge_dst_event_flow,True
BNB,Multi,bnb_flow_0x0fd9fc1bb886__synth_hidden_dst,0x0fd9fc1bb886d9720cd882dba9710bf21d9670bd9b8d89a6271e1ae066df9800,0x3f3ff001b2a3c378a27a370e9b57f03533c6e90a|0xd1c5966f9f5ee6881ff6b261bbeda45972b1b5f3|0xedf0c420bc3b92b961c6ec411cc810ca81f5f21a,0x3f3ff001b2a3c378a27a370e9b57f03533c6e90a,0xedf0c420bc3b92b961c6ec411cc810ca81f5f21a,USDT,USDT,0x0fd9fc1bb886d9720cd882dba9710bf21d9670bd9b8d89a6271e1ae066df9800_USDT,1639145434,1639145434,1,1.0751e+21,1075.1,1075.1,0,0,0.800000,bridge_dst_event_flow,True
BNB,Multi,bnb_flow_0x0fd9fc1bb886__synth_noise_dst_0,0x0fd9fc1bb886d9720cd882dba9710bf21d9670bd9b8d89a6271e1ae066df9800,0x3f3ff001b2a3c378a27a370e9b57f03533c6e90a|0xd1c5966f9f5ee6881ff6b261bbeda45972b1b5f3|0xedf0c420bc3b92b961c6ec411cc810ca81f5f21a,0x3f3ff001b2a3c378a27a370e9b57f03533c6e90a,0xedf0c420bc3b92b961c6ec411cc810ca81f5f21a,USDT,USDT,0x0fd9fc1bb886d9720cd882dba9710bf21d9670bd9b8d89a6271e1ae066df9800_USDT,1639145494,1639145494,1,1.0751e+21,1075.1,1075.1,0,0,0.800000,bridge_dst_event_flow,True
BNB,Multi,bnb_flow_0x0fd9fc1bb886__synth_noise_dst_1,0x0fd9fc1bb886d9720cd882dba9710bf21d9670bd9b8d89a6271e1ae066df9800,0x3f3ff001b2a3c378a27a370e9b57f03533c6e90a|0xd1c5966f9f5ee6881ff6b261bbeda45972b1b5f3|0xedf0c420bc3b92b961c6ec411cc810ca81f5f21a,0x3f3ff001b2a3c378a27a370e9b57f03533c6e90a,0xedf0c420bc3b92b961c6ec411cc810ca81f5f21a,USDT,USDT,0x0fd9fc1bb886d9720cd882dba9710bf21d9670bd9b8d89a6271e1ae066df9800_USDT,1639145554,1639145554,1,1.0751e+21,1075.1,1075.1,0,0,0.800000,bridge_dst_event_flow,True
BNB,Multi,bnb_flow_0xf4b7e3cdd3d3__synth_split_a,0xf4b7e3cdd3d3eb3040725cbb65027a0578321a9a06d671316a37725f66fb502a,0xb21386651c0857992fec0a9040cb036acc141778|0xd1c5966f9f5ee6881ff6b261bbeda45972b1b5f3|0xedf0c420bc3b92b961c6ec411cc810ca81f5f21a,0xb21386651c0857992fec0a9040cb036acc141778,0xedf0c420bc3b92b961c6ec411cc810ca81f5f21a,USDT,USDT,0xf4b7e3cdd3d3eb3040725cbb65027a0578321a9a06d671316a37725f66fb502a_USDT,1639332603,1639332603,1,3.717866666666666e+20,371.78666666666663,371.78666666666663,0,0,0.800000,bridge_dst_event_flow,True
BNB,Multi,bnb_flow_0xf4b7e3cdd3d3__synth_split_b,0xf4b7e3cdd3d3eb3040725cbb65027a0578321a9a06d671316a37725f66fb502a,0xb21386651c0857992fec0a9040cb036acc141778|0xd1c5966f9f5ee6881ff6b261bbeda45972b1b5f3|0xedf0c420bc3b92b961c6ec411cc810ca81f5f21a,0xb21386651c0857992fec0a9040cb036acc141778,0xedf0c420bc3b92b961c6ec411cc810ca81f5f21a,USDT,USDT,0xf4b7e3cdd3d3eb3040725cbb65027a0578321a9a06d671316a37725f66fb502a_USDT,1639332603,1639332603,1,3.717866666666666e+20,371.78666666666663,371.78666666666663,0,0,0.800000,bridge_dst_event_flow,True
BNB,Multi,bnb_flow_0xf4b7e3cdd3d3__synth_split_c,0xf4b7e3cdd3d3eb3040725cbb65027a0578321a9a06d671316a37725f66fb502a,0xb21386651c0857992fec0a9040cb036acc141778|0xd1c5966f9f5ee6881ff6b261bbeda45972b1b5f3|0xedf0c420bc3b92b961c6ec411cc810ca81f5f21a,0xb21386651c0857992fec0a9040cb036acc141778,0xedf0c420bc3b92b961c6ec411cc810ca81f5f21a,USDT,USDT,0xf4b7e3cdd3d3eb3040725cbb65027a0578321a9a06d671316a37725f66fb502a_USDT,1639332603,1639332603,1,3.717866666666666e+20,371.78666666666663,371.78666666666663,0,0,0.800000,bridge_dst_event_flow,True
BNB,Multi,bnb_flow_0xf4b7e3cdd3d3__synth_merge_dst,0xf4b7e3cdd3d3eb3040725cbb65027a0578321a9a06d671316a37725f66fb502a,0xb21386651c0857992fec0a9040cb036acc141778|0xd1c5966f9f5ee6881ff6b261bbeda45972b1b5f3|0xedf0c420bc3b92b961c6ec411cc810ca81f5f21a,0xb21386651c0857992fec0a9040cb036acc141778,0xedf0c420bc3b92b961c6ec411cc810ca81f5f21a,USDT,USDT,0xf4b7e3cdd3d3eb3040725cbb65027a0578321a9a06d671316a37725f66fb502a_USDT,1639332603,1639332603,1,1.11536e+21,1115.36,1115.36,0,0,0.800000,bridge_dst_event_flow,True
BNB,Multi,bnb_flow_0xf4b7e3cdd3d3__synth_hidden_dst,0xf4b7e3cdd3d3eb3040725cbb65027a0578321a9a06d671316a37725f66fb502a,0xb21386651c0857992fec0a9040cb036acc141778|0xd1c5966f9f5ee6881ff6b261bbeda45972b1b5f3|0xedf0c420bc3b92b961c6ec411cc810ca81f5f21a,0xb21386651c0857992fec0a9040cb036acc141778,0xedf0c420bc3b92b961c6ec411cc810ca81f5f21a,USDT,USDT,0xf4b7e3cdd3d3eb3040725cbb65027a0578321a9a06d671316a37725f66fb502a_USDT,1639332603,1639332603,1,1.11536e+21,1115.36,1115.36,0,0,0.800000,bridge_dst_event_flow,True
BNB,Multi,bnb_flow_0xf4b7e3cdd3d3__synth_noise_dst_0,0xf4b7e3cdd3d3eb3040725cbb65027a0578321a9a06d671316a37725f66fb502a,0xb21386651c0857992fec0a9040cb036acc141778|0xd1c5966f9f5ee6881ff6b261bbeda45972b1b5f3|0xedf0c420bc3b92b961c6ec411cc810ca81f5f21a,0xb21386651c0857992fec0a9040cb036acc141778,0xedf0c420bc3b92b961c6ec411cc810ca81f5f21a,USDT,USDT,0xf4b7e3cdd3d3eb3040725cbb65027a0578321a9a06d671316a37725f66fb502a_USDT,1639332663,1639332663,1,1.11536e+21,1115.36,1115.36,0,0,0.800000,bridge_dst_event_flow,True
BNB,Multi,bnb_flow_0xf4b7e3cdd3d3__synth_noise_dst_1,0xf4b7e3cdd3d3eb3040725cbb65027a0578321a9a06d671316a37725f66fb502a,0xb21386651c0857992fec0a9040cb036acc141778|0xd1c5966f9f5ee6881ff6b261bbeda45972b1b5f3|0xedf0c420bc3b92b961c6ec411cc810ca81f5f21a,0xb21386651c0857992fec0a9040cb036acc141778,0xedf0c420bc3b92b961c6ec411cc810ca81f5f21a,USDT,USDT,0xf4b7e3cdd3d3eb3040725cbb65027a0578321a9a06d671316a37725f66fb502a_USDT,1639332723,1639332723,1,1.11536e+21,1115.36,1115.36,0,0,0.800000,bridge_dst_event_flow,True
BNB,Multi,bnb_flow_0x3edac34b831d__synth_split_a,0x3edac34b831d3008a1b62c1240063989a34df531799b0ed54bf37f7ef6d05c6e,0xd1c5966f9f5ee6881ff6b261bbeda45972b1b5f3|0xe96f6b112364f54e5ad7c5cd9c41b9f7d1244ec3|0xedf0c420bc3b92b961c6ec411cc810ca81f5f21a,0xe96f6b112364f54e5ad7c5cd9c41b9f7d1244ec3,0xedf0c420bc3b92b961c6ec411cc810ca81f5f21a,USDT,USDT,0x3edac34b831d3008a1b62c1240063989a34df531799b0ed54bf37f7ef6d05c6e_USDT,1636341298,1636341298,1,1.9955e+20,199.55,199.55,0,0,0.800000,bridge_dst_event_flow,True
BNB,Multi,bnb_flow_0x3edac34b831d__synth_split_b,0x3edac34b831d3008a1b62c1240063989a34df531799b0ed54bf37f7ef6d05c6e,0xd1c5966f9f5ee6881ff6b261bbeda45972b1b5f3|0xe96f6b112364f54e5ad7c5cd9c41b9f7d1244ec3|0xedf0c420bc3b92b961c6ec411cc810ca81f5f21a,0xe96f6b112364f54e5ad7c5cd9c41b9f7d1244ec3,0xedf0c420bc3b92b961c6ec411cc810ca81f5f21a,USDT,USDT,0x3edac34b831d3008a1b62c1240063989a34df531799b0ed54bf37f7ef6d05c6e_USDT,1636341298,1636341298,1,1.9955e+20,199.55,199.55,0,0,0.800000,bridge_dst_event_flow,True
BNB,Multi,bnb_flow_0x3edac34b831d__synth_merge_dst,0x3edac34b831d3008a1b62c1240063989a34df531799b0ed54bf37f7ef6d05c6e,0xd1c5966f9f5ee6881ff6b261bbeda45972b1b5f3|0xe96f6b112364f54e5ad7c5cd9c41b9f7d1244ec3|0xedf0c420bc3b92b961c6ec411cc810ca81f5f21a,0xe96f6b112364f54e5ad7c5cd9c41b9f7d1244ec3,0xedf0c420bc3b92b961c6ec411cc810ca81f5f21a,USDT,USDT,0x3edac34b831d3008a1b62c1240063989a34df531799b0ed54bf37f7ef6d05c6e_USDT,1636341298,1636341298,1,3.991e+20,399.1,399.1,0,0,0.800000,bridge_dst_event_flow,True
BNB,Multi,bnb_flow_0x3edac34b831d__synth_hidden_dst,0x3edac34b831d3008a1b62c1240063989a34df531799b0ed54bf37f7ef6d05c6e,0xd1c5966f9f5ee6881ff6b261bbeda45972b1b5f3|0xe96f6b112364f54e5ad7c5cd9c41b9f7d1244ec3|0xedf0c420bc3b92b961c6ec411cc810ca81f5f21a,0xe96f6b112364f54e5ad7c5cd9c41b9f7d1244ec3,0xedf0c420bc3b92b961c6ec411cc810ca81f5f21a,USDT,USDT,0x3edac34b831d3008a1b62c1240063989a34df531799b0ed54bf37f7ef6d05c6e_USDT,1636341298,1636341298,1,3.991e+20,399.1,399.1,0,0,0.800000,bridge_dst_event_flow,True
BNB,Multi,bnb_flow_0x3edac34b831d__synth_noise_dst_0,0x3edac34b831d3008a1b62c1240063989a34df531799b0ed54bf37f7ef6d05c6e,0xd1c5966f9f5ee6881ff6b261bbeda45972b1b5f3|0xe96f6b112364f54e5ad7c5cd9c41b9f7d1244ec3|0xedf0c420bc3b92b961c6ec411cc810ca81f5f21a,0xe96f6b112364f54e5ad7c5cd9c41b9f7d1244ec3,0xedf0c420bc3b92b961c6ec411cc810ca81f5f21a,USDT,USDT,0x3edac34b831d3008a1b62c1240063989a34df531799b0ed54bf37f7ef6d05c6e_USDT,1636341358,1636341358,1,3.991e+20,399.1,399.1,0,0,0.800000,bridge_dst_event_flow,True
BNB,Multi,bnb_flow_0x3edac34b831d__synth_noise_dst_1,0x3edac34b831d3008a1b62c1240063989a34df531799b0ed54bf37f7ef6d05c6e,0xd1c5966f9f5ee6881ff6b261bbeda45972b1b5f3|0xe96f6b112364f54e5ad7c5cd9c41b9f7d1244ec3|0xedf0c420bc3b92b961c6ec411cc810ca81f5f21a,0xe96f6b112364f54e5ad7c5cd9c41b9f7d1244ec3,0xedf0c420bc3b92b961c6ec411cc810ca81f5f21a,USDT,USDT,0x3edac34b831d3008a1b62c1240063989a34df531799b0ed54bf37f7ef6d05c6e_USDT,1636341418,1636341418,1,3.991e+20,399.1,399.1,0,0,0.800000,bridge_dst_event_flow,True
BNB,Multi,bnb_flow_0xae55157f1c75__synth_split_a,0xae55157f1c75dedd1efab71050d01d13455fe60878807c8c36ac2126098cba84,0xccd3d0561098dc3948674425799ae14c4260b17d|0xd1c5966f9f5ee6881ff6b261bbeda45972b1b5f3|0xedf0c420bc3b92b961c6ec411cc810ca81f5f21a,0xccd3d0561098dc3948674425799ae14c4260b17d,0xedf0c420bc3b92b961c6ec411cc810ca81f5f21a,USDT,USDT,0xae55157f1c75dedd1efab71050d01d13455fe60878807c8c36ac2126098cba84_USDT,1635690892,1635690892,1,3.327e+20,332.7,332.7,0,0,0.800000,bridge_dst_event_flow,True
BNB,Multi,bnb_flow_0xae55157f1c75__synth_split_b,0xae55157f1c75dedd1efab71050d01d13455fe60878807c8c36ac2126098cba84,0xccd3d0561098dc3948674425799ae14c4260b17d|0xd1c5966f9f5ee6881ff6b261bbeda45972b1b5f3|0xedf0c420bc3b92b961c6ec411cc810ca81f5f21a,0xccd3d0561098dc3948674425799ae14c4260b17d,0xedf0c420bc3b92b961c6ec411cc810ca81f5f21a,USDT,USDT,0xae55157f1c75dedd1efab71050d01d13455fe60878807c8c36ac2126098cba84_USDT,1635690892,1635690892,1,3.327e+20,332.7,332.7,0,0,0.800000,bridge_dst_event_flow,True
BNB,Multi,bnb_flow_0xae55157f1c75__synth_split_c,0xae55157f1c75dedd1efab71050d01d13455fe60878807c8c36ac2126098cba84,0xccd3d0561098dc3948674425799ae14c4260b17d|0xd1c5966f9f5ee6881ff6b261bbeda45972b1b5f3|0xedf0c420bc3b92b961c6ec411cc810ca81f5f21a,0xccd3d0561098dc3948674425799ae14c4260b17d,0xedf0c420bc3b92b961c6ec411cc810ca81f5f21a,USDT,USDT,0xae55157f1c75dedd1efab71050d01d13455fe60878807c8c36ac2126098cba84_USDT,1635690892,1635690892,1,3.327e+20,332.7,332.7,0,0,0.800000,bridge_dst_event_flow,True
BNB,Multi,bnb_flow_0xae55157f1c75__synth_merge_dst,0xae55157f1c75dedd1efab71050d01d13455fe60878807c8c36ac2126098cba84,0xccd3d0561098dc3948674425799ae14c4260b17d|0xd1c5966f9f5ee6881ff6b261bbeda45972b1b5f3|0xedf0c420bc3b92b961c6ec411cc810ca81f5f21a,0xccd3d0561098dc3948674425799ae14c4260b17d,0xedf0c420bc3b92b961c6ec411cc810ca81f5f21a,USDT,USDT,0xae55157f1c75dedd1efab71050d01d13455fe60878807c8c36ac2126098cba84_USDT,1635690892,1635690892,1,9.981e+20,998.1,998.1,0,0,0.800000,bridge_dst_event_flow,True
BNB,Multi,bnb_flow_0xae55157f1c75__synth_hidden_dst,0xae55157f1c75dedd1efab71050d01d13455fe60878807c8c36ac2126098cba84,0xccd3d0561098dc3948674425799ae14c4260b17d|0xd1c5966f9f5ee6881ff6b261bbeda45972b1b5f3|0xedf0c420bc3b92b961c6ec411cc810ca81f5f21a,0xccd3d0561098dc3948674425799ae14c4260b17d,0xedf0c420bc3b92b961c6ec411cc810ca81f5f21a,USDT,USDT,0xae55157f1c75dedd1efab71050d01d13455fe60878807c8c36ac2126098cba84_USDT,1635690892,1635690892,1,9.981e+20,998.1,998.1,0,0,0.800000,bridge_dst_event_flow,True
BNB,Multi,bnb_flow_0xae55157f1c75__synth_noise_dst_0,0xae55157f1c75dedd1efab71050d01d13455fe60878807c8c36ac2126098cba84,0xccd3d0561098dc3948674425799ae14c4260b17d|0xd1c5966f9f5ee6881ff6b261bbeda45972b1b5f3|0xedf0c420bc3b92b961c6ec411cc810ca81f5f21a,0xccd3d0561098dc3948674425799ae14c4260b17d,0xedf0c420bc3b92b961c6ec411cc810ca81f5f21a,USDT,USDT,0xae55157f1c75dedd1efab71050d01d13455fe60878807c8c36ac2126098cba84_USDT,1635690952,1635690952,1,9.981e+20,998.1,998.1,0,0,0.800000,bridge_dst_event_flow,True
BNB,Multi,bnb_flow_0xae55157f1c75__synth_noise_dst_1,0xae55157f1c75dedd1efab71050d01d13455fe60878807c8c36ac2126098cba84,0xccd3d0561098dc3948674425799ae14c4260b17d|0xd1c5966f9f5ee6881ff6b261bbeda45972b1b5f3|0xedf0c420bc3b92b961c6ec411cc810ca81f5f21a,0xccd3d0561098dc3948674425799ae14c4260b17d,0xedf0c420bc3b92b961c6ec411cc810ca81f5f21a,USDT,USDT,0xae55157f1c75dedd1efab71050d01d13455fe60878807c8c36ac2126098cba84_USDT,1635691012,1635691012,1,9.981e+20,998.1,998.1,0,0,0.800000,bridge_dst_event_flow,True
BNB,Multi,bnb_flow_0xe0f68373d6ba__synth_split_a,0xe0f68373d6ba8e60e84d40683ffdf8e02ebcf1aae0b6e1e2eeab35c5ffacbdc0,0x407e69fd5fa8a6a5ac614faa88eea006ffa6972e|0xabd380327fe66724ffda91a87c772fb8d00be488|0xb12c13e66ade1f72f71834f2fc5082db8c091358,0x407e69fd5fa8a6a5ac614faa88eea006ffa6972e,0xb12c13e66ade1f72f71834f2fc5082db8c091358,DAI,DAI,0xe0f68373d6ba8e60e84d40683ffdf8e02ebcf1aae0b6e1e2eeab35c5ffacbdc0_DAI,1621052762,1621052762,1,3.925e+20,392.5,392.5,0,0,0.775000,bridge_dst_event_flow,True
BNB,Multi,bnb_flow_0xe0f68373d6ba__synth_split_b,0xe0f68373d6ba8e60e84d40683ffdf8e02ebcf1aae0b6e1e2eeab35c5ffacbdc0,0x407e69fd5fa8a6a5ac614faa88eea006ffa6972e|0xabd380327fe66724ffda91a87c772fb8d00be488|0xb12c13e66ade1f72f71834f2fc5082db8c091358,0x407e69fd5fa8a6a5ac614faa88eea006ffa6972e,0xb12c13e66ade1f72f71834f2fc5082db8c091358,DAI,DAI,0xe0f68373d6ba8e60e84d40683ffdf8e02ebcf1aae0b6e1e2eeab35c5ffacbdc0_DAI,1621052762,1621052762,1,3.925e+20,392.5,392.5,0,0,0.775000,bridge_dst_event_flow,True
BNB,Multi,bnb_flow_0xe0f68373d6ba__synth_merge_dst,0xe0f68373d6ba8e60e84d40683ffdf8e02ebcf1aae0b6e1e2eeab35c5ffacbdc0,0x407e69fd5fa8a6a5ac614faa88eea006ffa6972e|0xabd380327fe66724ffda91a87c772fb8d00be488|0xb12c13e66ade1f72f71834f2fc5082db8c091358,0x407e69fd5fa8a6a5ac614faa88eea006ffa6972e,0xb12c13e66ade1f72f71834f2fc5082db8c091358,DAI,DAI,0xe0f68373d6ba8e60e84d40683ffdf8e02ebcf1aae0b6e1e2eeab35c5ffacbdc0_DAI,1621052762,1621052762,1,7.85e+20,785.0,785.0,0,0,0.775000,bridge_dst_event_flow,True
BNB,Multi,bnb_flow_0xe0f68373d6ba__synth_hidden_dst,0xe0f68373d6ba8e60e84d40683ffdf8e02ebcf1aae0b6e1e2eeab35c5ffacbdc0,0x407e69fd5fa8a6a5ac614faa88eea006ffa6972e|0xabd380327fe66724ffda91a87c772fb8d00be488|0xb12c13e66ade1f72f71834f2fc5082db8c091358,0x407e69fd5fa8a6a5ac614faa88eea006ffa6972e,0xb12c13e66ade1f72f71834f2fc5082db8c091358,DAI,DAI,0xe0f68373d6ba8e60e84d40683ffdf8e02ebcf1aae0b6e1e2eeab35c5ffacbdc0_DAI,1621052762,1621052762,1,7.85e+20,785.0,785.0,0,0,0.775000,bridge_dst_event_flow,True
BNB,Multi,bnb_flow_0xe0f68373d6ba__synth_noise_dst_0,0xe0f68373d6ba8e60e84d40683ffdf8e02ebcf1aae0b6e1e2eeab35c5ffacbdc0,0x407e69fd5fa8a6a5ac614faa88eea006ffa6972e|0xabd380327fe66724ffda91a87c772fb8d00be488|0xb12c13e66ade1f72f71834f2fc5082db8c091358,0x407e69fd5fa8a6a5ac614faa88eea006ffa6972e,0xb12c13e66ade1f72f71834f2fc5082db8c091358,DAI,DAI,0xe0f68373d6ba8e60e84d40683ffdf8e02ebcf1aae0b6e1e2eeab35c5ffacbdc0_DAI,1621052822,1621052822,1,7.85e+20,785.0,785.0,0,0,0.775000,bridge_dst_event_flow,True
BNB,Multi,bnb_flow_0xe0f68373d6ba__synth_noise_dst_1,0xe0f68373d6ba8e60e84d40683ffdf8e02ebcf1aae0b6e1e2eeab35c5ffacbdc0,0x407e69fd5fa8a6a5ac614faa88eea006ffa6972e|0xabd380327fe66724ffda91a87c772fb8d00be488|0xb12c13e66ade1f72f71834f2fc5082db8c091358,0x407e69fd5fa8a6a5ac614faa88eea006ffa6972e,0xb12c13e66ade1f72f71834f2fc5082db8c091358,DAI,DAI,0xe0f68373d6ba8e60e84d40683ffdf8e02ebcf1aae0b6e1e2eeab35c5ffacbdc0_DAI,1621052882,1621052882,1,7.85e+20,785.0,785.0,0,0,0.775000,bridge_dst_event_flow,True
BNB,Multi,bnb_flow_0x47373095d2ea__synth_split_a,0x47373095d2ea92323d4e85c67be97941735190fca739ed2b230db8a65b40216e,0x50d0078f70686496e13a4c30128ff9e27433bcc0|0xd1c5966f9f5ee6881ff6b261bbeda45972b1b5f3|0xedf0c420bc3b92b961c6ec411cc810ca81f5f21a,0x50d0078f70686496e13a4c30128ff9e27433bcc0,0xedf0c420bc3b92b961c6ec411cc810ca81f5f21a,USDT,USDT,0x47373095d2ea92323d4e85c67be97941735190fca739ed2b230db8a65b40216e_USDT,1637753773,1637753773,1,8.8434e+19,88.434,88.434,0,0,0.800000,bridge_dst_event_flow,True
BNB,Multi,bnb_flow_0x47373095d2ea__synth_split_b,0x47373095d2ea92323d4e85c67be97941735190fca739ed2b230db8a65b40216e,0x50d0078f70686496e13a4c30128ff9e27433bcc0|0xd1c5966f9f5ee6881ff6b261bbeda45972b1b5f3|0xedf0c420bc3b92b961c6ec411cc810ca81f5f21a,0x50d0078f70686496e13a4c30128ff9e27433bcc0,0xedf0c420bc3b92b961c6ec411cc810ca81f5f21a,USDT,USDT,0x47373095d2ea92323d4e85c67be97941735190fca739ed2b230db8a65b40216e_USDT,1637753773,1637753773,1,8.8434e+19,88.434,88.434,0,0,0.800000,bridge_dst_event_flow,True
BNB,Multi,bnb_flow_0x47373095d2ea__synth_split_c,0x47373095d2ea92323d4e85c67be97941735190fca739ed2b230db8a65b40216e,0x50d0078f70686496e13a4c30128ff9e27433bcc0|0xd1c5966f9f5ee6881ff6b261bbeda45972b1b5f3|0xedf0c420bc3b92b961c6ec411cc810ca81f5f21a,0x50d0078f70686496e13a4c30128ff9e27433bcc0,0xedf0c420bc3b92b961c6ec411cc810ca81f5f21a,USDT,USDT,0x47373095d2ea92323d4e85c67be97941735190fca739ed2b230db8a65b40216e_USDT,1637753773,1637753773,1,8.8434e+19,88.434,88.434,0,0,0.800000,bridge_dst_event_flow,True
BNB,Multi,bnb_flow_0x47373095d2ea__synth_split_d,0x47373095d2ea92323d4e85c67be97941735190fca739ed2b230db8a65b40216e,0x50d0078f70686496e13a4c30128ff9e27433bcc0|0xd1c5966f9f5ee6881ff6b261bbeda45972b1b5f3|0xedf0c420bc3b92b961c6ec411cc810ca81f5f21a,0x50d0078f70686496e13a4c30128ff9e27433bcc0,0xedf0c420bc3b92b961c6ec411cc810ca81f5f21a,USDT,USDT,0x47373095d2ea92323d4e85c67be97941735190fca739ed2b230db8a65b40216e_USDT,1637753773,1637753773,1,8.8434e+19,88.434,88.434,0,0,0.800000,bridge_dst_event_flow,True
BNB,Multi,bnb_flow_0x47373095d2ea__synth_merge_dst,0x47373095d2ea92323d4e85c67be97941735190fca739ed2b230db8a65b40216e,0x50d0078f70686496e13a4c30128ff9e27433bcc0|0xd1c5966f9f5ee6881ff6b261bbeda45972b1b5f3|0xedf0c420bc3b92b961c6ec411cc810ca81f5f21a,0x50d0078f70686496e13a4c30128ff9e27433bcc0,0xedf0c420bc3b92b961c6ec411cc810ca81f5f21a,USDT,USDT,0x47373095d2ea92323d4e85c67be97941735190fca739ed2b230db8a65b40216e_USDT,1637753773,1637753773,1,3.53736e+20,353.736,353.736,0,0,0.800000,bridge_dst_event_flow,True
BNB,Multi,bnb_flow_0x47373095d2ea__synth_hidden_dst,0x47373095d2ea92323d4e85c67be97941735190fca739ed2b230db8a65b40216e,0x50d0078f70686496e13a4c30128ff9e27433bcc0|0xd1c5966f9f5ee6881ff6b261bbeda45972b1b5f3|0xedf0c420bc3b92b961c6ec411cc810ca81f5f21a,0x50d0078f70686496e13a4c30128ff9e27433bcc0,0xedf0c420bc3b92b961c6ec411cc810ca81f5f21a,USDT,USDT,0x47373095d2ea92323d4e85c67be97941735190fca739ed2b230db8a65b40216e_USDT,1637753773,1637753773,1,3.53736e+20,353.736,353.736,0,0,0.800000,bridge_dst_event_flow,True
BNB,Multi,bnb_flow_0x47373095d2ea__synth_noise_dst_0,0x47373095d2ea92323d4e85c67be97941735190fca739ed2b230db8a65b40216e,0x50d0078f70686496e13a4c30128ff9e27433bcc0|0xd1c5966f9f5ee6881ff6b261bbeda45972b1b5f3|0xedf0c420bc3b92b961c6ec411cc810ca81f5f21a,0x50d0078f70686496e13a4c30128ff9e27433bcc0,0xedf0c420bc3b92b961c6ec411cc810ca81f5f21a,USDT,USDT,0x47373095d2ea92323d4e85c67be97941735190fca739ed2b230db8a65b40216e_USDT,1637753833,1637753833,1,3.53736e+20,353.736,353.736,0,0,0.800000,bridge_dst_event_flow,True
BNB,Multi,bnb_flow_0x47373095d2ea__synth_noise_dst_1,0x47373095d2ea92323d4e85c67be97941735190fca739ed2b230db8a65b40216e,0x50d0078f70686496e13a4c30128ff9e27433bcc0|0xd1c5966f9f5ee6881ff6b261bbeda45972b1b5f3|0xedf0c420bc3b92b961c6ec411cc810ca81f5f21a,0x50d0078f70686496e13a4c30128ff9e27433bcc0,0xedf0c420bc3b92b961c6ec411cc810ca81f5f21a,USDT,USDT,0x47373095d2ea92323d4e85c67be97941735190fca739ed2b230db8a65b40216e_USDT,1637753893,1637753893,1,3.53736e+20,353.736,353.736,0,0,0.800000,bridge_dst_event_flow,True
BNB,Multi,bnb_flow_0x8606015df4b2__synth_split_a,0x8606015df4b24e6686869870f6653f4be70e741491c8f1ec7d32507d158a481b,0x599e027fe1858cdb8ac4fe03d05b55fe0cd1d910|0xd1c5966f9f5ee6881ff6b261bbeda45972b1b5f3|0xedf0c420bc3b92b961c6ec411cc810ca81f5f21a,0x599e027fe1858cdb8ac4fe03d05b55fe0cd1d910,0xedf0c420bc3b92b961c6ec411cc810ca81f5f21a,USDT,USDT,0x8606015df4b24e6686869870f6653f4be70e741491c8f1ec7d32507d158a481b_USDT,1637905072,1637905072,1,7.4955e+20,749.55,749.55,0,0,0.775000,bridge_dst_event_flow,True
BNB,Multi,bnb_flow_0x8606015df4b2__synth_split_b,0x8606015df4b24e6686869870f6653f4be70e741491c8f1ec7d32507d158a481b,0x599e027fe1858cdb8ac4fe03d05b55fe0cd1d910|0xd1c5966f9f5ee6881ff6b261bbeda45972b1b5f3|0xedf0c420bc3b92b961c6ec411cc810ca81f5f21a,0x599e027fe1858cdb8ac4fe03d05b55fe0cd1d910,0xedf0c420bc3b92b961c6ec411cc810ca81f5f21a,USDT,USDT,0x8606015df4b24e6686869870f6653f4be70e741491c8f1ec7d32507d158a481b_USDT,1637905072,1637905072,1,7.4955e+20,749.55,749.55,0,0,0.775000,bridge_dst_event_flow,True
BNB,Multi,bnb_flow_0x8606015df4b2__synth_merge_dst,0x8606015df4b24e6686869870f6653f4be70e741491c8f1ec7d32507d158a481b,0x599e027fe1858cdb8ac4fe03d05b55fe0cd1d910|0xd1c5966f9f5ee6881ff6b261bbeda45972b1b5f3|0xedf0c420bc3b92b961c6ec411cc810ca81f5f21a,0x599e027fe1858cdb8ac4fe03d05b55fe0cd1d910,0xedf0c420bc3b92b961c6ec411cc810ca81f5f21a,USDT,USDT,0x8606015df4b24e6686869870f6653f4be70e741491c8f1ec7d32507d158a481b_USDT,1637905072,1637905072,1,1.4991e+21,1499.1,1499.1,0,0,0.775000,bridge_dst_event_flow,True
BNB,Multi,bnb_flow_0x8606015df4b2__synth_hidden_dst,0x8606015df4b24e6686869870f6653f4be70e741491c8f1ec7d32507d158a481b,0x599e027fe1858cdb8ac4fe03d05b55fe0cd1d910|0xd1c5966f9f5ee6881ff6b261bbeda45972b1b5f3|0xedf0c420bc3b92b961c6ec411cc810ca81f5f21a,0x599e027fe1858cdb8ac4fe03d05b55fe0cd1d910,0xedf0c420bc3b92b961c6ec411cc810ca81f5f21a,USDT,USDT,0x8606015df4b24e6686869870f6653f4be70e741491c8f1ec7d32507d158a481b_USDT,1637905072,1637905072,1,1.4991e+21,1499.1,1499.1,0,0,0.775000,bridge_dst_event_flow,True
BNB,Multi,bnb_flow_0x8606015df4b2__synth_noise_dst_0,0x8606015df4b24e6686869870f6653f4be70e741491c8f1ec7d32507d158a481b,0x599e027fe1858cdb8ac4fe03d05b55fe0cd1d910|0xd1c5966f9f5ee6881ff6b261bbeda45972b1b5f3|0xedf0c420bc3b92b961c6ec411cc810ca81f5f21a,0x599e027fe1858cdb8ac4fe03d05b55fe0cd1d910,0xedf0c420bc3b92b961c6ec411cc810ca81f5f21a,USDT,USDT,0x8606015df4b24e6686869870f6653f4be70e741491c8f1ec7d32507d158a481b_USDT,1637905132,1637905132,1,1.4991e+21,1499.1,1499.1,0,0,0.775000,bridge_dst_event_flow,True
BNB,Multi,bnb_flow_0x8606015df4b2__synth_noise_dst_1,0x8606015df4b24e6686869870f6653f4be70e741491c8f1ec7d32507d158a481b,0x599e027fe1858cdb8ac4fe03d05b55fe0cd1d910|0xd1c5966f9f5ee6881ff6b261bbeda45972b1b5f3|0xedf0c420bc3b92b961c6ec411cc810ca81f5f21a,0x599e027fe1858cdb8ac4fe03d05b55fe0cd1d910,0xedf0c420bc3b92b961c6ec411cc810ca81f5f21a,USDT,USDT,0x8606015df4b24e6686869870f6653f4be70e741491c8f1ec7d32507d158a481b_USDT,1637905192,1637905192,1,1.4991e+21,1499.1,1499.1,0,0,0.775000,bridge_dst_event_flow,True
BNB,Multi,bnb_flow_0x99a740911781__synth_split_a,0x99a7409117816165e4bf280c85d4337519fa24668df489a6567f94e7e926fff2,0x0c70dba2e20570a983bfc7986081090aa0ba9af9|0xd1c5966f9f5ee6881ff6b261bbeda45972b1b5f3|0xedf0c420bc3b92b961c6ec411cc810ca81f5f21a,0x0c70dba2e20570a983bfc7986081090aa0ba9af9,0xedf0c420bc3b92b961c6ec411cc810ca81f5f21a,USDT,USDT,0x99a7409117816165e4bf280c85d4337519fa24668df489a6567f94e7e926fff2_USDT,1637900270,1637900270,1,6.666999999999999e+20,666.6999999999999,666.6999999999999,0,0,0.775000,bridge_dst_event_flow,True
BNB,Multi,bnb_flow_0x99a740911781__synth_split_b,0x99a7409117816165e4bf280c85d4337519fa24668df489a6567f94e7e926fff2,0x0c70dba2e20570a983bfc7986081090aa0ba9af9|0xd1c5966f9f5ee6881ff6b261bbeda45972b1b5f3|0xedf0c420bc3b92b961c6ec411cc810ca81f5f21a,0x0c70dba2e20570a983bfc7986081090aa0ba9af9,0xedf0c420bc3b92b961c6ec411cc810ca81f5f21a,USDT,USDT,0x99a7409117816165e4bf280c85d4337519fa24668df489a6567f94e7e926fff2_USDT,1637900270,1637900270,1,6.666999999999999e+20,666.6999999999999,666.6999999999999,0,0,0.775000,bridge_dst_event_flow,True
BNB,Multi,bnb_flow_0x99a740911781__synth_split_c,0x99a7409117816165e4bf280c85d4337519fa24668df489a6567f94e7e926fff2,0x0c70dba2e20570a983bfc7986081090aa0ba9af9|0xd1c5966f9f5ee6881ff6b261bbeda45972b1b5f3|0xedf0c420bc3b92b961c6ec411cc810ca81f5f21a,0x0c70dba2e20570a983bfc7986081090aa0ba9af9,0xedf0c420bc3b92b961c6ec411cc810ca81f5f21a,USDT,USDT,0x99a7409117816165e4bf280c85d4337519fa24668df489a6567f94e7e926fff2_USDT,1637900270,1637900270,1,6.666999999999999e+20,666.6999999999999,666.6999999999999,0,0,0.775000,bridge_dst_event_flow,True
BNB,Multi,bnb_flow_0x99a740911781__synth_merge_dst,0x99a7409117816165e4bf280c85d4337519fa24668df489a6567f94e7e926fff2,0x0c70dba2e20570a983bfc7986081090aa0ba9af9|0xd1c5966f9f5ee6881ff6b261bbeda45972b1b5f3|0xedf0c420bc3b92b961c6ec411cc810ca81f5f21a,0x0c70dba2e20570a983bfc7986081090aa0ba9af9,0xedf0c420bc3b92b961c6ec411cc810ca81f5f21a,USDT,USDT,0x99a7409117816165e4bf280c85d4337519fa24668df489a6567f94e7e926fff2_USDT,1637900270,1637900270,1,2.0001e+21,2000.1,2000.1,0,0,0.775000,bridge_dst_event_flow,True
BNB,Multi,bnb_flow_0x99a740911781__synth_hidden_dst,0x99a7409117816165e4bf280c85d4337519fa24668df489a6567f94e7e926fff2,0x0c70dba2e20570a983bfc7986081090aa0ba9af9|0xd1c5966f9f5ee6881ff6b261bbeda45972b1b5f3|0xedf0c420bc3b92b961c6ec411cc810ca81f5f21a,0x0c70dba2e20570a983bfc7986081090aa0ba9af9,0xedf0c420bc3b92b961c6ec411cc810ca81f5f21a,USDT,USDT,0x99a7409117816165e4bf280c85d4337519fa24668df489a6567f94e7e926fff2_USDT,1637900270,1637900270,1,2.0001e+21,2000.1,2000.1,0,0,0.775000,bridge_dst_event_flow,True
BNB,Multi,bnb_flow_0x99a740911781__synth_noise_dst_0,0x99a7409117816165e4bf280c85d4337519fa24668df489a6567f94e7e926fff2,0x0c70dba2e20570a983bfc7986081090aa0ba9af9|0xd1c5966f9f5ee6881ff6b261bbeda45972b1b5f3|0xedf0c420bc3b92b961c6ec411cc810ca81f5f21a,0x0c70dba2e20570a983bfc7986081090aa0ba9af9,0xedf0c420bc3b92b961c6ec411cc810ca81f5f21a,USDT,USDT,0x99a7409117816165e4bf280c85d4337519fa24668df489a6567f94e7e926fff2_USDT,1637900330,1637900330,1,2.0001e+21,2000.1,2000.1,0,0,0.775000,bridge_dst_event_flow,True
BNB,Multi,bnb_flow_0x99a740911781__synth_noise_dst_1,0x99a7409117816165e4bf280c85d4337519fa24668df489a6567f94e7e926fff2,0x0c70dba2e20570a983bfc7986081090aa0ba9af9|0xd1c5966f9f5ee6881ff6b261bbeda45972b1b5f3|0xedf0c420bc3b92b961c6ec411cc810ca81f5f21a,0x0c70dba2e20570a983bfc7986081090aa0ba9af9,0xedf0c420bc3b92b961c6ec411cc810ca81f5f21a,USDT,USDT,0x99a7409117816165e4bf280c85d4337519fa24668df489a6567f94e7e926fff2_USDT,1637900390,1637900390,1,2.0001e+21,2000.1,2000.1,0,0,0.775000,bridge_dst_event_flow,True
BNB,Multi,bnb_flow_0xbaf40cb8ebee__synth_split_a,0xbaf40cb8ebeeedff96ffee713e0e2e6f26720929b857dda6e8e2123eb16a7ff2,0x89351a64b439a855ab7c6937bd1e2af3aff874cb|0xd1c5966f9f5ee6881ff6b261bbeda45972b1b5f3|0xedf0c420bc3b92b961c6ec411cc810ca81f5f21a,0x89351a64b439a855ab7c6937bd1e2af3aff874cb,0xedf0c420bc3b92b961c6ec411cc810ca81f5f21a,USDT,USDT,0xbaf40cb8ebeeedff96ffee713e0e2e6f26720929b857dda6e8e2123eb16a7ff2_USDT,1638249690,1638249690,1,1.04955e+21,1049.55,1049.55,0,0,0.800000,bridge_dst_event_flow,True
BNB,Multi,bnb_flow_0xbaf40cb8ebee__synth_split_b,0xbaf40cb8ebeeedff96ffee713e0e2e6f26720929b857dda6e8e2123eb16a7ff2,0x89351a64b439a855ab7c6937bd1e2af3aff874cb|0xd1c5966f9f5ee6881ff6b261bbeda45972b1b5f3|0xedf0c420bc3b92b961c6ec411cc810ca81f5f21a,0x89351a64b439a855ab7c6937bd1e2af3aff874cb,0xedf0c420bc3b92b961c6ec411cc810ca81f5f21a,USDT,USDT,0xbaf40cb8ebeeedff96ffee713e0e2e6f26720929b857dda6e8e2123eb16a7ff2_USDT,1638249690,1638249690,1,1.04955e+21,1049.55,1049.55,0,0,0.800000,bridge_dst_event_flow,True
BNB,Multi,bnb_flow_0xbaf40cb8ebee__synth_merge_dst,0xbaf40cb8ebeeedff96ffee713e0e2e6f26720929b857dda6e8e2123eb16a7ff2,0x89351a64b439a855ab7c6937bd1e2af3aff874cb|0xd1c5966f9f5ee6881ff6b261bbeda45972b1b5f3|0xedf0c420bc3b92b961c6ec411cc810ca81f5f21a,0x89351a64b439a855ab7c6937bd1e2af3aff874cb,0xedf0c420bc3b92b961c6ec411cc810ca81f5f21a,USDT,USDT,0xbaf40cb8ebeeedff96ffee713e0e2e6f26720929b857dda6e8e2123eb16a7ff2_USDT,1638249690,1638249690,1,2.0991e+21,2099.1,2099.1,0,0,0.800000,bridge_dst_event_flow,True
BNB,Multi,bnb_flow_0xbaf40cb8ebee__synth_hidden_dst,0xbaf40cb8ebeeedff96ffee713e0e2e6f26720929b857dda6e8e2123eb16a7ff2,0x89351a64b439a855ab7c6937bd1e2af3aff874cb|0xd1c5966f9f5ee6881ff6b261bbeda45972b1b5f3|0xedf0c420bc3b92b961c6ec411cc810ca81f5f21a,0x89351a64b439a855ab7c6937bd1e2af3aff874cb,0xedf0c420bc3b92b961c6ec411cc810ca81f5f21a,USDT,USDT,0xbaf40cb8ebeeedff96ffee713e0e2e6f26720929b857dda6e8e2123eb16a7ff2_USDT,1638249690,1638249690,1,2.0991e+21,2099.1,2099.1,0,0,0.800000,bridge_dst_event_flow,True
BNB,Multi,bnb_flow_0xbaf40cb8ebee__synth_noise_dst_0,0xbaf40cb8ebeeedff96ffee713e0e2e6f26720929b857dda6e8e2123eb16a7ff2,0x89351a64b439a855ab7c6937bd1e2af3aff874cb|0xd1c5966f9f5ee6881ff6b261bbeda45972b1b5f3|0xedf0c420bc3b92b961c6ec411cc810ca81f5f21a,0x89351a64b439a855ab7c6937bd1e2af3aff874cb,0xedf0c420bc3b92b961c6ec411cc810ca81f5f21a,USDT,USDT,0xbaf40cb8ebeeedff96ffee713e0e2e6f26720929b857dda6e8e2123eb16a7ff2_USDT,1638249750,1638249750,1,2.0991e+21,2099.1,2099.1,0,0,0.800000,bridge_dst_event_flow,True
BNB,Multi,bnb_flow_0xbaf40cb8ebee__synth_noise_dst_1,0xbaf40cb8ebeeedff96ffee713e0e2e6f26720929b857dda6e8e2123eb16a7ff2,0x89351a64b439a855ab7c6937bd1e2af3aff874cb|0xd1c5966f9f5ee6881ff6b261bbeda45972b1b5f3|0xedf0c420bc3b92b961c6ec411cc810ca81f5f21a,0x89351a64b439a855ab7c6937bd1e2af3aff874cb,0xedf0c420bc3b92b961c6ec411cc810ca81f5f21a,USDT,USDT,0xbaf40cb8ebeeedff96ffee713e0e2e6f26720929b857dda6e8e2123eb16a7ff2_USDT,1638249810,1638249810,1,2.0991e+21,2099.1,2099.1,0,0,0.800000,bridge_dst_event_flow,True
BNB,Multi,bnb_flow_0x655303c54657__synth_split_a,0x655303c54657d7f1f14d590abf6a1df37aaf2f49b6fb4187d870ea9e6e021dd1,0x48e2b5d44d6661900d17c0cbbf9c65c1e9a11590|0xd1c5966f9f5ee6881ff6b261bbeda45972b1b5f3|0xedf0c420bc3b92b961c6ec411cc810ca81f5f21a,0x48e2b5d44d6661900d17c0cbbf9c65c1e9a11590,0xedf0c420bc3b92b961c6ec411cc810ca81f5f21a,USDT,USDT,0x655303c54657d7f1f14d590abf6a1df37aaf2f49b6fb4187d870ea9e6e021dd1_USDT,1635164574,1635164574,1,1.363095e+21,1363.095,1363.095,0,0,0.800000,bridge_dst_event_flow,True
BNB,Multi,bnb_flow_0x655303c54657__synth_split_b,0x655303c54657d7f1f14d590abf6a1df37aaf2f49b6fb4187d870ea9e6e021dd1,0x48e2b5d44d6661900d17c0cbbf9c65c1e9a11590|0xd1c5966f9f5ee6881ff6b261bbeda45972b1b5f3|0xedf0c420bc3b92b961c6ec411cc810ca81f5f21a,0x48e2b5d44d6661900d17c0cbbf9c65c1e9a11590,0xedf0c420bc3b92b961c6ec411cc810ca81f5f21a,USDT,USDT,0x655303c54657d7f1f14d590abf6a1df37aaf2f49b6fb4187d870ea9e6e021dd1_USDT,1635164574,1635164574,1,1.363095e+21,1363.095,1363.095,0,0,0.800000,bridge_dst_event_flow,True
BNB,Multi,bnb_flow_0x655303c54657__synth_merge_dst,0x655303c54657d7f1f14d590abf6a1df37aaf2f49b6fb4187d870ea9e6e021dd1,0x48e2b5d44d6661900d17c0cbbf9c65c1e9a11590|0xd1c5966f9f5ee6881ff6b261bbeda45972b1b5f3|0xedf0c420bc3b92b961c6ec411cc810ca81f5f21a,0x48e2b5d44d6661900d17c0cbbf9c65c1e9a11590,0xedf0c420bc3b92b961c6ec411cc810ca81f5f21a,USDT,USDT,0x655303c54657d7f1f14d590abf6a1df37aaf2f49b6fb4187d870ea9e6e021dd1_USDT,1635164574,1635164574,1,2.72619e+21,2726.19,2726.19,0,0,0.800000,bridge_dst_event_flow,True
BNB,Multi,bnb_flow_0x655303c54657__synth_hidden_dst,0x655303c54657d7f1f14d590abf6a1df37aaf2f49b6fb4187d870ea9e6e021dd1,0x48e2b5d44d6661900d17c0cbbf9c65c1e9a11590|0xd1c5966f9f5ee6881ff6b261bbeda45972b1b5f3|0xedf0c420bc3b92b961c6ec411cc810ca81f5f21a,0x48e2b5d44d6661900d17c0cbbf9c65c1e9a11590,0xedf0c420bc3b92b961c6ec411cc810ca81f5f21a,USDT,USDT,0x655303c54657d7f1f14d590abf6a1df37aaf2f49b6fb4187d870ea9e6e021dd1_USDT,1635164574,1635164574,1,2.72619e+21,2726.19,2726.19,0,0,0.800000,bridge_dst_event_flow,True
BNB,Multi,bnb_flow_0x655303c54657__synth_noise_dst_0,0x655303c54657d7f1f14d590abf6a1df37aaf2f49b6fb4187d870ea9e6e021dd1,0x48e2b5d44d6661900d17c0cbbf9c65c1e9a11590|0xd1c5966f9f5ee6881ff6b261bbeda45972b1b5f3|0xedf0c420bc3b92b961c6ec411cc810ca81f5f21a,0x48e2b5d44d6661900d17c0cbbf9c65c1e9a11590,0xedf0c420bc3b92b961c6ec411cc810ca81f5f21a,USDT,USDT,0x655303c54657d7f1f14d590abf6a1df37aaf2f49b6fb4187d870ea9e6e021dd1_USDT,1635164634,1635164634,1,2.72619e+21,2726.19,2726.19,0,0,0.800000,bridge_dst_event_flow,True
BNB,Multi,bnb_flow_0x655303c54657__synth_noise_dst_1,0x655303c54657d7f1f14d590abf6a1df37aaf2f49b6fb4187d870ea9e6e021dd1,0x48e2b5d44d6661900d17c0cbbf9c65c1e9a11590|0xd1c5966f9f5ee6881ff6b261bbeda45972b1b5f3|0xedf0c420bc3b92b961c6ec411cc810ca81f5f21a,0x48e2b5d44d6661900d17c0cbbf9c65c1e9a11590,0xedf0c420bc3b92b961c6ec411cc810ca81f5f21a,USDT,USDT,0x655303c54657d7f1f14d590abf6a1df37aaf2f49b6fb4187d870ea9e6e021dd1_USDT,1635164694,1635164694,1,2.72619e+21,2726.19,2726.19,0,0,0.800000,bridge_dst_event_flow,True
BNB,Multi,bnb_flow_0x590b0f03970e__synth_split_a,0x590b0f03970ead4fa8b121ddef854c77597fd7dcef23dd1275aa380e44ef1ff5,0x900e296e2e8dcd5d3be11a8787b394cb0619c3b7|0xd1c5966f9f5ee6881ff6b261bbeda45972b1b5f3|0xdebb1d6a2196f2335ad51fbde7ca587205889360,0x900e296e2e8dcd5d3be11a8787b394cb0619c3b7,0xdebb1d6a2196f2335ad51fbde7ca587205889360,ETH,WETH_ETH,0x590b0f03970ead4fa8b121ddef854c77597fd7dcef23dd1275aa380e44ef1ff5_ETH,1646254607,1646254607,1,1.699625e+17,0.1699625,418.2621735691985,0,0,0.825000,bridge_dst_event_flow,True
BNB,Multi,bnb_flow_0x590b0f03970e__synth_split_b,0x590b0f03970ead4fa8b121ddef854c77597fd7dcef23dd1275aa380e44ef1ff5,0x900e296e2e8dcd5d3be11a8787b394cb0619c3b7|0xd1c5966f9f5ee6881ff6b261bbeda45972b1b5f3|0xdebb1d6a2196f2335ad51fbde7ca587205889360,0x900e296e2e8dcd5d3be11a8787b394cb0619c3b7,0xdebb1d6a2196f2335ad51fbde7ca587205889360,ETH,WETH_ETH,0x590b0f03970ead4fa8b121ddef854c77597fd7dcef23dd1275aa380e44ef1ff5_ETH,1646254607,1646254607,1,1.699625e+17,0.1699625,418.2621735691985,0,0,0.825000,bridge_dst_event_flow,True
BNB,Multi,bnb_flow_0x590b0f03970e__synth_split_c,0x590b0f03970ead4fa8b121ddef854c77597fd7dcef23dd1275aa380e44ef1ff5,0x900e296e2e8dcd5d3be11a8787b394cb0619c3b7|0xd1c5966f9f5ee6881ff6b261bbeda45972b1b5f3|0xdebb1d6a2196f2335ad51fbde7ca587205889360,0x900e296e2e8dcd5d3be11a8787b394cb0619c3b7,0xdebb1d6a2196f2335ad51fbde7ca587205889360,ETH,WETH_ETH,0x590b0f03970ead4fa8b121ddef854c77597fd7dcef23dd1275aa380e44ef1ff5_ETH,1646254607,1646254607,1,1.699625e+17,0.1699625,418.2621735691985,0,0,0.825000,bridge_dst_event_flow,True
BNB,Multi,bnb_flow_0x590b0f03970e__synth_split_d,0x590b0f03970ead4fa8b121ddef854c77597fd7dcef23dd1275aa380e44ef1ff5,0x900e296e2e8dcd5d3be11a8787b394cb0619c3b7|0xd1c5966f9f5ee6881ff6b261bbeda45972b1b5f3|0xdebb1d6a2196f2335ad51fbde7ca587205889360,0x900e296e2e8dcd5d3be11a8787b394cb0619c3b7,0xdebb1d6a2196f2335ad51fbde7ca587205889360,ETH,WETH_ETH,0x590b0f03970ead4fa8b121ddef854c77597fd7dcef23dd1275aa380e44ef1ff5_ETH,1646254607,1646254607,1,1.699625e+17,0.1699625,418.2621735691985,0,0,0.825000,bridge_dst_event_flow,True
BNB,Multi,bnb_flow_0x590b0f03970e__synth_split_e,0x590b0f03970ead4fa8b121ddef854c77597fd7dcef23dd1275aa380e44ef1ff5,0x900e296e2e8dcd5d3be11a8787b394cb0619c3b7|0xd1c5966f9f5ee6881ff6b261bbeda45972b1b5f3|0xdebb1d6a2196f2335ad51fbde7ca587205889360,0x900e296e2e8dcd5d3be11a8787b394cb0619c3b7,0xdebb1d6a2196f2335ad51fbde7ca587205889360,ETH,WETH_ETH,0x590b0f03970ead4fa8b121ddef854c77597fd7dcef23dd1275aa380e44ef1ff5_ETH,1646254607,1646254607,1,1.699625e+17,0.1699625,418.2621735691985,0,0,0.825000,bridge_dst_event_flow,True
BNB,Multi,bnb_flow_0x590b0f03970e__synth_split_f,0x590b0f03970ead4fa8b121ddef854c77597fd7dcef23dd1275aa380e44ef1ff5,0x900e296e2e8dcd5d3be11a8787b394cb0619c3b7|0xd1c5966f9f5ee6881ff6b261bbeda45972b1b5f3|0xdebb1d6a2196f2335ad51fbde7ca587205889360,0x900e296e2e8dcd5d3be11a8787b394cb0619c3b7,0xdebb1d6a2196f2335ad51fbde7ca587205889360,ETH,WETH_ETH,0x590b0f03970ead4fa8b121ddef854c77597fd7dcef23dd1275aa380e44ef1ff5_ETH,1646254607,1646254607,1,1.699625e+17,0.1699625,418.2621735691985,0,0,0.825000,bridge_dst_event_flow,True
BNB,Multi,bnb_flow_0x590b0f03970e__synth_split_g,0x590b0f03970ead4fa8b121ddef854c77597fd7dcef23dd1275aa380e44ef1ff5,0x900e296e2e8dcd5d3be11a8787b394cb0619c3b7|0xd1c5966f9f5ee6881ff6b261bbeda45972b1b5f3|0xdebb1d6a2196f2335ad51fbde7ca587205889360,0x900e296e2e8dcd5d3be11a8787b394cb0619c3b7,0xdebb1d6a2196f2335ad51fbde7ca587205889360,ETH,WETH_ETH,0x590b0f03970ead4fa8b121ddef854c77597fd7dcef23dd1275aa380e44ef1ff5_ETH,1646254607,1646254607,1,1.699625e+17,0.1699625,418.2621735691985,0,0,0.825000,bridge_dst_event_flow,True
BNB,Multi,bnb_flow_0x590b0f03970e__synth_split_h,0x590b0f03970ead4fa8b121ddef854c77597fd7dcef23dd1275aa380e44ef1ff5,0x900e296e2e8dcd5d3be11a8787b394cb0619c3b7|0xd1c5966f9f5ee6881ff6b261bbeda45972b1b5f3|0xdebb1d6a2196f2335ad51fbde7ca587205889360,0x900e296e2e8dcd5d3be11a8787b394cb0619c3b7,0xdebb1d6a2196f2335ad51fbde7ca587205889360,ETH,WETH_ETH,0x590b0f03970ead4fa8b121ddef854c77597fd7dcef23dd1275aa380e44ef1ff5_ETH,1646254607,1646254607,1,1.699625e+17,0.1699625,418.2621735691985,0,0,0.825000,bridge_dst_event_flow,True
BNB,Multi,bnb_flow_0x590b0f03970e__synth_merge_dst,0x590b0f03970ead4fa8b121ddef854c77597fd7dcef23dd1275aa380e44ef1ff5,0x900e296e2e8dcd5d3be11a8787b394cb0619c3b7|0xd1c5966f9f5ee6881ff6b261bbeda45972b1b5f3|0xdebb1d6a2196f2335ad51fbde7ca587205889360,0x900e296e2e8dcd5d3be11a8787b394cb0619c3b7,0xdebb1d6a2196f2335ad51fbde7ca587205889360,ETH,WETH_ETH,0x590b0f03970ead4fa8b121ddef854c77597fd7dcef23dd1275aa380e44ef1ff5_ETH,1646254607,1646254607,1,1.3597e+18,1.3597,3346.097388553588,0,0,0.825000,bridge_dst_event_flow,True
BNB,Multi,bnb_flow_0x590b0f03970e__synth_hidden_dst,0x590b0f03970ead4fa8b121ddef854c77597fd7dcef23dd1275aa380e44ef1ff5,0x900e296e2e8dcd5d3be11a8787b394cb0619c3b7|0xd1c5966f9f5ee6881ff6b261bbeda45972b1b5f3|0xdebb1d6a2196f2335ad51fbde7ca587205889360,0x900e296e2e8dcd5d3be11a8787b394cb0619c3b7,0xdebb1d6a2196f2335ad51fbde7ca587205889360,ETH,WETH_ETH,0x590b0f03970ead4fa8b121ddef854c77597fd7dcef23dd1275aa380e44ef1ff5_ETH,1646254607,1646254607,1,1.3597e+18,1.3597,3346.097388553588,0,0,0.825000,bridge_dst_event_flow,True
BNB,Multi,bnb_flow_0x590b0f03970e__synth_noise_dst_0,0x590b0f03970ead4fa8b121ddef854c77597fd7dcef23dd1275aa380e44ef1ff5,0x900e296e2e8dcd5d3be11a8787b394cb0619c3b7|0xd1c5966f9f5ee6881ff6b261bbeda45972b1b5f3|0xdebb1d6a2196f2335ad51fbde7ca587205889360,0x900e296e2e8dcd5d3be11a8787b394cb0619c3b7,0xdebb1d6a2196f2335ad51fbde7ca587205889360,ETH,WETH_ETH,0x590b0f03970ead4fa8b121ddef854c77597fd7dcef23dd1275aa380e44ef1ff5_ETH,1646254667,1646254667,1,1.3597e+18,1.3597,3346.097388553588,0,0,0.825000,bridge_dst_event_flow,True
BNB,Multi,bnb_flow_0x590b0f03970e__synth_noise_dst_1,0x590b0f03970ead4fa8b121ddef854c77597fd7dcef23dd1275aa380e44ef1ff5,0x900e296e2e8dcd5d3be11a8787b394cb0619c3b7|0xd1c5966f9f5ee6881ff6b261bbeda45972b1b5f3|0xdebb1d6a2196f2335ad51fbde7ca587205889360,0x900e296e2e8dcd5d3be11a8787b394cb0619c3b7,0xdebb1d6a2196f2335ad51fbde7ca587205889360,ETH,WETH_ETH,0x590b0f03970ead4fa8b121ddef854c77597fd7dcef23dd1275aa380e44ef1ff5_ETH,1646254727,1646254727,1,1.3597e+18,1.3597,3346.097388553588,0,0,0.825000,bridge_dst_event_flow,True
BNB,Multi,bnb_flow_0x340fb1f1bd90__synth_split_a,0x340fb1f1bd902e56cc5b9d604ef26dc477178d4881c480d59089aa6bc871d652,0x9224e43fb7766d6b51a3c900cc77720cba75e91c|0xd1c5966f9f5ee6881ff6b261bbeda45972b1b5f3|0xedf0c420bc3b92b961c6ec411cc810ca81f5f21a,0x9224e43fb7766d6b51a3c900cc77720cba75e91c,0xedf0c420bc3b92b961c6ec411cc810ca81f5f21a,USDT,USDT,0x340fb1f1bd902e56cc5b9d604ef26dc477178d4881c480d59089aa6bc871d652_USDT,1639296322,1639296322,1,5.3795e+20,537.95,537.95,0,0,0.800000,bridge_dst_event_flow,True
BNB,Multi,bnb_flow_0x340fb1f1bd90__synth_split_b,0x340fb1f1bd902e56cc5b9d604ef26dc477178d4881c480d59089aa6bc871d652,0x9224e43fb7766d6b51a3c900cc77720cba75e91c|0xd1c5966f9f5ee6881ff6b261bbeda45972b1b5f3|0xedf0c420bc3b92b961c6ec411cc810ca81f5f21a,0x9224e43fb7766d6b51a3c900cc77720cba75e91c,0xedf0c420bc3b92b961c6ec411cc810ca81f5f21a,USDT,USDT,0x340fb1f1bd902e56cc5b9d604ef26dc477178d4881c480d59089aa6bc871d652_USDT,1639296322,1639296322,1,5.3795e+20,537.95,537.95,0,0,0.800000,bridge_dst_event_flow,True
BNB,Multi,bnb_flow_0x340fb1f1bd90__synth_split_c,0x340fb1f1bd902e56cc5b9d604ef26dc477178d4881c480d59089aa6bc871d652,0x9224e43fb7766d6b51a3c900cc77720cba75e91c|0xd1c5966f9f5ee6881ff6b261bbeda45972b1b5f3|0xedf0c420bc3b92b961c6ec411cc810ca81f5f21a,0x9224e43fb7766d6b51a3c900cc77720cba75e91c,0xedf0c420bc3b92b961c6ec411cc810ca81f5f21a,USDT,USDT,0x340fb1f1bd902e56cc5b9d604ef26dc477178d4881c480d59089aa6bc871d652_USDT,1639296322,1639296322,1,5.3795e+20,537.95,537.95,0,0,0.800000,bridge_dst_event_flow,True
BNB,Multi,bnb_flow_0x340fb1f1bd90__synth_split_d,0x340fb1f1bd902e56cc5b9d604ef26dc477178d4881c480d59089aa6bc871d652,0x9224e43fb7766d6b51a3c900cc77720cba75e91c|0xd1c5966f9f5ee6881ff6b261bbeda45972b1b5f3|0xedf0c420bc3b92b961c6ec411cc810ca81f5f21a,0x9224e43fb7766d6b51a3c900cc77720cba75e91c,0xedf0c420bc3b92b961c6ec411cc810ca81f5f21a,USDT,USDT,0x340fb1f1bd902e56cc5b9d604ef26dc477178d4881c480d59089aa6bc871d652_USDT,1639296322,1639296322,1,5.3795e+20,537.95,537.95,0,0,0.800000,bridge_dst_event_flow,True
BNB,Multi,bnb_flow_0x340fb1f1bd90__synth_merge_dst,0x340fb1f1bd902e56cc5b9d604ef26dc477178d4881c480d59089aa6bc871d652,0x9224e43fb7766d6b51a3c900cc77720cba75e91c|0xd1c5966f9f5ee6881ff6b261bbeda45972b1b5f3|0xedf0c420bc3b92b961c6ec411cc810ca81f5f21a,0x9224e43fb7766d6b51a3c900cc77720cba75e91c,0xedf0c420bc3b92b961c6ec411cc810ca81f5f21a,USDT,USDT,0x340fb1f1bd902e56cc5b9d604ef26dc477178d4881c480d59089aa6bc871d652_USDT,1639296322,1639296322,1,2.1518e+21,2151.8,2151.8,0,0,0.800000,bridge_dst_event_flow,True
BNB,Multi,bnb_flow_0x340fb1f1bd90__synth_hidden_dst,0x340fb1f1bd902e56cc5b9d604ef26dc477178d4881c480d59089aa6bc871d652,0x9224e43fb7766d6b51a3c900cc77720cba75e91c|0xd1c5966f9f5ee6881ff6b261bbeda45972b1b5f3|0xedf0c420bc3b92b961c6ec411cc810ca81f5f21a,0x9224e43fb7766d6b51a3c900cc77720cba75e91c,0xedf0c420bc3b92b961c6ec411cc810ca81f5f21a,USDT,USDT,0x340fb1f1bd902e56cc5b9d604ef26dc477178d4881c480d59089aa6bc871d652_USDT,1639296322,1639296322,1,2.1518e+21,2151.8,2151.8,0,0,0.800000,bridge_dst_event_flow,True
BNB,Multi,bnb_flow_0x340fb1f1bd90__synth_noise_dst_0,0x340fb1f1bd902e56cc5b9d604ef26dc477178d4881c480d59089aa6bc871d652,0x9224e43fb7766d6b51a3c900cc77720cba75e91c|0xd1c5966f9f5ee6881ff6b261bbeda45972b1b5f3|0xedf0c420bc3b92b961c6ec411cc810ca81f5f21a,0x9224e43fb7766d6b51a3c900cc77720cba75e91c,0xedf0c420bc3b92b961c6ec411cc810ca81f5f21a,USDT,USDT,0x340fb1f1bd902e56cc5b9d604ef26dc477178d4881c480d59089aa6bc871d652_USDT,1639296382,1639296382,1,2.1518e+21,2151.8,2151.8,0,0,0.800000,bridge_dst_event_flow,True
BNB,Multi,bnb_flow_0x340fb1f1bd90__synth_noise_dst_1,0x340fb1f1bd902e56cc5b9d604ef26dc477178d4881c480d59089aa6bc871d652,0x9224e43fb7766d6b51a3c900cc77720cba75e91c|0xd1c5966f9f5ee6881ff6b261bbeda45972b1b5f3|0xedf0c420bc3b92b961c6ec411cc810ca81f5f21a,0x9224e43fb7766d6b51a3c900cc77720cba75e91c,0xedf0c420bc3b92b961c6ec411cc810ca81f5f21a,USDT,USDT,0x340fb1f1bd902e56cc5b9d604ef26dc477178d4881c480d59089aa6bc871d652_USDT,1639296442,1639296442,1,2.1518e+21,2151.8,2151.8,0,0,0.800000,bridge_dst_event_flow,True
BNB,Multi,bnb_flow_0xf219c311baf6__synth_split_a,0xf219c311baf633af67d15e9ee162a6a8a33c40b9d34cedafd23b330866b581b1,0x760163e71f3786742ae52ab9a8f962b4d5efe274|0xd1c5966f9f5ee6881ff6b261bbeda45972b1b5f3|0xedf0c420bc3b92b961c6ec411cc810ca81f5f21a,0x760163e71f3786742ae52ab9a8f962b4d5efe274,0xedf0c420bc3b92b961c6ec411cc810ca81f5f21a,USDT,USDT,0xf219c311baf633af67d15e9ee162a6a8a33c40b9d34cedafd23b330866b581b1_USDT,1638285545,1638285545,1,1.25005e+21,1250.05,1250.05,0,0,0.800000,bridge_dst_event_flow,True
BNB,Multi,bnb_flow_0xf219c311baf6__synth_split_b,0xf219c311baf633af67d15e9ee162a6a8a33c40b9d34cedafd23b330866b581b1,0x760163e71f3786742ae52ab9a8f962b4d5efe274|0xd1c5966f9f5ee6881ff6b261bbeda45972b1b5f3|0xedf0c420bc3b92b961c6ec411cc810ca81f5f21a,0x760163e71f3786742ae52ab9a8f962b4d5efe274,0xedf0c420bc3b92b961c6ec411cc810ca81f5f21a,USDT,USDT,0xf219c311baf633af67d15e9ee162a6a8a33c40b9d34cedafd23b330866b581b1_USDT,1638285545,1638285545,1,1.25005e+21,1250.05,1250.05,0,0,0.800000,bridge_dst_event_flow,True
BNB,Multi,bnb_flow_0xf219c311baf6__synth_merge_dst,0xf219c311baf633af67d15e9ee162a6a8a33c40b9d34cedafd23b330866b581b1,0x760163e71f3786742ae52ab9a8f962b4d5efe274|0xd1c5966f9f5ee6881ff6b261bbeda45972b1b5f3|0xedf0c420bc3b92b961c6ec411cc810ca81f5f21a,0x760163e71f3786742ae52ab9a8f962b4d5efe274,0xedf0c420bc3b92b961c6ec411cc810ca81f5f21a,USDT,USDT,0xf219c311baf633af67d15e9ee162a6a8a33c40b9d34cedafd23b330866b581b1_USDT,1638285545,1638285545,1,2.5001e+21,2500.1,2500.1,0,0,0.800000,bridge_dst_event_flow,True
BNB,Multi,bnb_flow_0xf219c311baf6__synth_hidden_dst,0xf219c311baf633af67d15e9ee162a6a8a33c40b9d34cedafd23b330866b581b1,0x760163e71f3786742ae52ab9a8f962b4d5efe274|0xd1c5966f9f5ee6881ff6b261bbeda45972b1b5f3|0xedf0c420bc3b92b961c6ec411cc810ca81f5f21a,0x760163e71f3786742ae52ab9a8f962b4d5efe274,0xedf0c420bc3b92b961c6ec411cc810ca81f5f21a,USDT,USDT,0xf219c311baf633af67d15e9ee162a6a8a33c40b9d34cedafd23b330866b581b1_USDT,1638285545,1638285545,1,2.5001e+21,2500.1,2500.1,0,0,0.800000,bridge_dst_event_flow,True
BNB,Multi,bnb_flow_0xf219c311baf6__synth_noise_dst_0,0xf219c311baf633af67d15e9ee162a6a8a33c40b9d34cedafd23b330866b581b1,0x760163e71f3786742ae52ab9a8f962b4d5efe274|0xd1c5966f9f5ee6881ff6b261bbeda45972b1b5f3|0xedf0c420bc3b92b961c6ec411cc810ca81f5f21a,0x760163e71f3786742ae52ab9a8f962b4d5efe274,0xedf0c420bc3b92b961c6ec411cc810ca81f5f21a,USDT,USDT,0xf219c311baf633af67d15e9ee162a6a8a33c40b9d34cedafd23b330866b581b1_USDT,1638285605,1638285605,1,2.5001e+21,2500.1,2500.1,0,0,0.800000,bridge_dst_event_flow,True
BNB,Multi,bnb_flow_0xf219c311baf6__synth_noise_dst_1,0xf219c311baf633af67d15e9ee162a6a8a33c40b9d34cedafd23b330866b581b1,0x760163e71f3786742ae52ab9a8f962b4d5efe274|0xd1c5966f9f5ee6881ff6b261bbeda45972b1b5f3|0xedf0c420bc3b92b961c6ec411cc810ca81f5f21a,0x760163e71f3786742ae52ab9a8f962b4d5efe274,0xedf0c420bc3b92b961c6ec411cc810ca81f5f21a,USDT,USDT,0xf219c311baf633af67d15e9ee162a6a8a33c40b9d34cedafd23b330866b581b1_USDT,1638285665,1638285665,1,2.5001e+21,2500.1,2500.1,0,0,0.800000,bridge_dst_event_flow,True
BNB,Multi,bnb_flow_0x2d84ee421507__synth_split_a,0x2d84ee421507965b83a2d655b1a2f7cc93f35bcf57a745d220c9c4537f7caa3d,0x442ff12bc8d7a08e0c7dd88529f2aea675eb1a03|0xd1c5966f9f5ee6881ff6b261bbeda45972b1b5f3|0xedf0c420bc3b92b961c6ec411cc810ca81f5f21a,0x442ff12bc8d7a08e0c7dd88529f2aea675eb1a03,0xedf0c420bc3b92b961c6ec411cc810ca81f5f21a,USDT,USDT,0x2d84ee421507965b83a2d655b1a2f7cc93f35bcf57a745d220c9c4537f7caa3d_USDT,1639123148,1639123148,1,1.96055e+21,1960.55,1960.55,0,0,0.800000,bridge_dst_event_flow,True
BNB,Multi,bnb_flow_0x2d84ee421507__synth_split_b,0x2d84ee421507965b83a2d655b1a2f7cc93f35bcf57a745d220c9c4537f7caa3d,0x442ff12bc8d7a08e0c7dd88529f2aea675eb1a03|0xd1c5966f9f5ee6881ff6b261bbeda45972b1b5f3|0xedf0c420bc3b92b961c6ec411cc810ca81f5f21a,0x442ff12bc8d7a08e0c7dd88529f2aea675eb1a03,0xedf0c420bc3b92b961c6ec411cc810ca81f5f21a,USDT,USDT,0x2d84ee421507965b83a2d655b1a2f7cc93f35bcf57a745d220c9c4537f7caa3d_USDT,1639123148,1639123148,1,1.96055e+21,1960.55,1960.55,0,0,0.800000,bridge_dst_event_flow,True
BNB,Multi,bnb_flow_0x2d84ee421507__synth_merge_dst,0x2d84ee421507965b83a2d655b1a2f7cc93f35bcf57a745d220c9c4537f7caa3d,0x442ff12bc8d7a08e0c7dd88529f2aea675eb1a03|0xd1c5966f9f5ee6881ff6b261bbeda45972b1b5f3|0xedf0c420bc3b92b961c6ec411cc810ca81f5f21a,0x442ff12bc8d7a08e0c7dd88529f2aea675eb1a03,0xedf0c420bc3b92b961c6ec411cc810ca81f5f21a,USDT,USDT,0x2d84ee421507965b83a2d655b1a2f7cc93f35bcf57a745d220c9c4537f7caa3d_USDT,1639123148,1639123148,1,3.9211e+21,3921.1,3921.1,0,0,0.800000,bridge_dst_event_flow,True
BNB,Multi,bnb_flow_0x2d84ee421507__synth_hidden_dst,0x2d84ee421507965b83a2d655b1a2f7cc93f35bcf57a745d220c9c4537f7caa3d,0x442ff12bc8d7a08e0c7dd88529f2aea675eb1a03|0xd1c5966f9f5ee6881ff6b261bbeda45972b1b5f3|0xedf0c420bc3b92b961c6ec411cc810ca81f5f21a,0x442ff12bc8d7a08e0c7dd88529f2aea675eb1a03,0xedf0c420bc3b92b961c6ec411cc810ca81f5f21a,USDT,USDT,0x2d84ee421507965b83a2d655b1a2f7cc93f35bcf57a745d220c9c4537f7caa3d_USDT,1639123148,1639123148,1,3.9211e+21,3921.1,3921.1,0,0,0.800000,bridge_dst_event_flow,True
BNB,Multi,bnb_flow_0x2d84ee421507__synth_noise_dst_0,0x2d84ee421507965b83a2d655b1a2f7cc93f35bcf57a745d220c9c4537f7caa3d,0x442ff12bc8d7a08e0c7dd88529f2aea675eb1a03|0xd1c5966f9f5ee6881ff6b261bbeda45972b1b5f3|0xedf0c420bc3b92b961c6ec411cc810ca81f5f21a,0x442ff12bc8d7a08e0c7dd88529f2aea675eb1a03,0xedf0c420bc3b92b961c6ec411cc810ca81f5f21a,USDT,USDT,0x2d84ee421507965b83a2d655b1a2f7cc93f35bcf57a745d220c9c4537f7caa3d_USDT,1639123208,1639123208,1,3.9211e+21,3921.1,3921.1,0,0,0.800000,bridge_dst_event_flow,True
BNB,Multi,bnb_flow_0x2d84ee421507__synth_noise_dst_1,0x2d84ee421507965b83a2d655b1a2f7cc93f35bcf57a745d220c9c4537f7caa3d,0x442ff12bc8d7a08e0c7dd88529f2aea675eb1a03|0xd1c5966f9f5ee6881ff6b261bbeda45972b1b5f3|0xedf0c420bc3b92b961c6ec411cc810ca81f5f21a,0x442ff12bc8d7a08e0c7dd88529f2aea675eb1a03,0xedf0c420bc3b92b961c6ec411cc810ca81f5f21a,USDT,USDT,0x2d84ee421507965b83a2d655b1a2f7cc93f35bcf57a745d220c9c4537f7caa3d_USDT,1639123268,1639123268,1,3.9211e+21,3921.1,3921.1,0,0,0.800000,bridge_dst_event_flow,True
BNB,Multi,bnb_flow_0x9d7cfb39f67d__synth_split_a,0x9d7cfb39f67d21d87453a22ae9f2cfc644a13a26f08b80ff2041fe9ecac2fd0e,0xd1c5966f9f5ee6881ff6b261bbeda45972b1b5f3|0xedf0c420bc3b92b961c6ec411cc810ca81f5f21a|0xf9f4724672916de394a37759e6923e483cc94d98,0xf9f4724672916de394a37759e6923e483cc94d98,0xedf0c420bc3b92b961c6ec411cc810ca81f5f21a,USDT,USDT,0x9d7cfb39f67d21d87453a22ae9f2cfc644a13a26f08b80ff2041fe9ecac2fd0e_USDT,1635453248,1635453248,1,9.997e+20,999.6999999999999,999.6999999999999,0,0,0.800000,bridge_dst_event_flow,True
BNB,Multi,bnb_flow_0x9d7cfb39f67d__synth_split_b,0x9d7cfb39f67d21d87453a22ae9f2cfc644a13a26f08b80ff2041fe9ecac2fd0e,0xd1c5966f9f5ee6881ff6b261bbeda45972b1b5f3|0xedf0c420bc3b92b961c6ec411cc810ca81f5f21a|0xf9f4724672916de394a37759e6923e483cc94d98,0xf9f4724672916de394a37759e6923e483cc94d98,0xedf0c420bc3b92b961c6ec411cc810ca81f5f21a,USDT,USDT,0x9d7cfb39f67d21d87453a22ae9f2cfc644a13a26f08b80ff2041fe9ecac2fd0e_USDT,1635453248,1635453248,1,9.997e+20,999.6999999999999,999.6999999999999,0,0,0.800000,bridge_dst_event_flow,True
BNB,Multi,bnb_flow_0x9d7cfb39f67d__synth_split_c,0x9d7cfb39f67d21d87453a22ae9f2cfc644a13a26f08b80ff2041fe9ecac2fd0e,0xd1c5966f9f5ee6881ff6b261bbeda45972b1b5f3|0xedf0c420bc3b92b961c6ec411cc810ca81f5f21a|0xf9f4724672916de394a37759e6923e483cc94d98,0xf9f4724672916de394a37759e6923e483cc94d98,0xedf0c420bc3b92b961c6ec411cc810ca81f5f21a,USDT,USDT,0x9d7cfb39f67d21d87453a22ae9f2cfc644a13a26f08b80ff2041fe9ecac2fd0e_USDT,1635453248,1635453248,1,9.997e+20,999.6999999999999,999.6999999999999,0,0,0.800000,bridge_dst_event_flow,True
BNB,Multi,bnb_flow_0x9d7cfb39f67d__synth_merge_dst,0x9d7cfb39f67d21d87453a22ae9f2cfc644a13a26f08b80ff2041fe9ecac2fd0e,0xd1c5966f9f5ee6881ff6b261bbeda45972b1b5f3|0xedf0c420bc3b92b961c6ec411cc810ca81f5f21a|0xf9f4724672916de394a37759e6923e483cc94d98,0xf9f4724672916de394a37759e6923e483cc94d98,0xedf0c420bc3b92b961c6ec411cc810ca81f5f21a,USDT,USDT,0x9d7cfb39f67d21d87453a22ae9f2cfc644a13a26f08b80ff2041fe9ecac2fd0e_USDT,1635453248,1635453248,1,2.9991e+21,2999.1,2999.1,0,0,0.800000,bridge_dst_event_flow,True
BNB,Multi,bnb_flow_0x9d7cfb39f67d__synth_hidden_dst,0x9d7cfb39f67d21d87453a22ae9f2cfc644a13a26f08b80ff2041fe9ecac2fd0e,0xd1c5966f9f5ee6881ff6b261bbeda45972b1b5f3|0xedf0c420bc3b92b961c6ec411cc810ca81f5f21a|0xf9f4724672916de394a37759e6923e483cc94d98,0xf9f4724672916de394a37759e6923e483cc94d98,0xedf0c420bc3b92b961c6ec411cc810ca81f5f21a,USDT,USDT,0x9d7cfb39f67d21d87453a22ae9f2cfc644a13a26f08b80ff2041fe9ecac2fd0e_USDT,1635453248,1635453248,1,2.9991e+21,2999.1,2999.1,0,0,0.800000,bridge_dst_event_flow,True
BNB,Multi,bnb_flow_0x9d7cfb39f67d__synth_noise_dst_0,0x9d7cfb39f67d21d87453a22ae9f2cfc644a13a26f08b80ff2041fe9ecac2fd0e,0xd1c5966f9f5ee6881ff6b261bbeda45972b1b5f3|0xedf0c420bc3b92b961c6ec411cc810ca81f5f21a|0xf9f4724672916de394a37759e6923e483cc94d98,0xf9f4724672916de394a37759e6923e483cc94d98,0xedf0c420bc3b92b961c6ec411cc810ca81f5f21a,USDT,USDT,0x9d7cfb39f67d21d87453a22ae9f2cfc644a13a26f08b80ff2041fe9ecac2fd0e_USDT,1635453308,1635453308,1,2.9991e+21,2999.1,2999.1,0,0,0.800000,bridge_dst_event_flow,True
BNB,Multi,bnb_flow_0x9d7cfb39f67d__synth_noise_dst_1,0x9d7cfb39f67d21d87453a22ae9f2cfc644a13a26f08b80ff2041fe9ecac2fd0e,0xd1c5966f9f5ee6881ff6b261bbeda45972b1b5f3|0xedf0c420bc3b92b961c6ec411cc810ca81f5f21a|0xf9f4724672916de394a37759e6923e483cc94d98,0xf9f4724672916de394a37759e6923e483cc94d98,0xedf0c420bc3b92b961c6ec411cc810ca81f5f21a,USDT,USDT,0x9d7cfb39f67d21d87453a22ae9f2cfc644a13a26f08b80ff2041fe9ecac2fd0e_USDT,1635453368,1635453368,1,2.9991e+21,2999.1,2999.1,0,0,0.800000,bridge_dst_event_flow,True
BNB,Multi,bnb_flow_0xc36cb31e1127__synth_split_a,0xc36cb31e1127b0d342c76c3dec5046799334486d973d5610b802ae98ad9cb22a,0x6dd9dde9b0bc15a7750bad0739638d4e7ad5b64e|0xd1c5966f9f5ee6881ff6b261bbeda45972b1b5f3|0xdebb1d6a2196f2335ad51fbde7ca587205889360,0x6dd9dde9b0bc15a7750bad0739638d4e7ad5b64e,0xdebb1d6a2196f2335ad51fbde7ca587205889360,ETH,WETH_ETH,0xc36cb31e1127b0d342c76c3dec5046799334486d973d5610b802ae98ad9cb22a_ETH,1645855874,1645855874,1,6.9985e+17,0.69985,1722.2668657639394,0,0,0.825000,bridge_dst_event_flow,True
BNB,Multi,bnb_flow_0xc36cb31e1127__synth_split_b,0xc36cb31e1127b0d342c76c3dec5046799334486d973d5610b802ae98ad9cb22a,0x6dd9dde9b0bc15a7750bad0739638d4e7ad5b64e|0xd1c5966f9f5ee6881ff6b261bbeda45972b1b5f3|0xdebb1d6a2196f2335ad51fbde7ca587205889360,0x6dd9dde9b0bc15a7750bad0739638d4e7ad5b64e,0xdebb1d6a2196f2335ad51fbde7ca587205889360,ETH,WETH_ETH,0xc36cb31e1127b0d342c76c3dec5046799334486d973d5610b802ae98ad9cb22a_ETH,1645855874,1645855874,1,6.9985e+17,0.69985,1722.2668657639394,0,0,0.825000,bridge_dst_event_flow,True
BNB,Multi,bnb_flow_0xc36cb31e1127__synth_merge_dst,0xc36cb31e1127b0d342c76c3dec5046799334486d973d5610b802ae98ad9cb22a,0x6dd9dde9b0bc15a7750bad0739638d4e7ad5b64e|0xd1c5966f9f5ee6881ff6b261bbeda45972b1b5f3|0xdebb1d6a2196f2335ad51fbde7ca587205889360,0x6dd9dde9b0bc15a7750bad0739638d4e7ad5b64e,0xdebb1d6a2196f2335ad51fbde7ca587205889360,ETH,WETH_ETH,0xc36cb31e1127b0d342c76c3dec5046799334486d973d5610b802ae98ad9cb22a_ETH,1645855874,1645855874,1,1.3997e+18,1.3997,3444.533731527879,0,0,0.825000,bridge_dst_event_flow,True
BNB,Multi,bnb_flow_0xc36cb31e1127__synth_hidden_dst,0xc36cb31e1127b0d342c76c3dec5046799334486d973d5610b802ae98ad9cb22a,0x6dd9dde9b0bc15a7750bad0739638d4e7ad5b64e|0xd1c5966f9f5ee6881ff6b261bbeda45972b1b5f3|0xdebb1d6a2196f2335ad51fbde7ca587205889360,0x6dd9dde9b0bc15a7750bad0739638d4e7ad5b64e,0xdebb1d6a2196f2335ad51fbde7ca587205889360,ETH,WETH_ETH,0xc36cb31e1127b0d342c76c3dec5046799334486d973d5610b802ae98ad9cb22a_ETH,1645855874,1645855874,1,1.3997e+18,1.3997,3444.533731527879,0,0,0.825000,bridge_dst_event_flow,True
BNB,Multi,bnb_flow_0xc36cb31e1127__synth_noise_dst_0,0xc36cb31e1127b0d342c76c3dec5046799334486d973d5610b802ae98ad9cb22a,0x6dd9dde9b0bc15a7750bad0739638d4e7ad5b64e|0xd1c5966f9f5ee6881ff6b261bbeda45972b1b5f3|0xdebb1d6a2196f2335ad51fbde7ca587205889360,0x6dd9dde9b0bc15a7750bad0739638d4e7ad5b64e,0xdebb1d6a2196f2335ad51fbde7ca587205889360,ETH,WETH_ETH,0xc36cb31e1127b0d342c76c3dec5046799334486d973d5610b802ae98ad9cb22a_ETH,1645855934,1645855934,1,1.3997e+18,1.3997,3444.533731527879,0,0,0.825000,bridge_dst_event_flow,True
BNB,Multi,bnb_flow_0xc36cb31e1127__synth_noise_dst_1,0xc36cb31e1127b0d342c76c3dec5046799334486d973d5610b802ae98ad9cb22a,0x6dd9dde9b0bc15a7750bad0739638d4e7ad5b64e|0xd1c5966f9f5ee6881ff6b261bbeda45972b1b5f3|0xdebb1d6a2196f2335ad51fbde7ca587205889360,0x6dd9dde9b0bc15a7750bad0739638d4e7ad5b64e,0xdebb1d6a2196f2335ad51fbde7ca587205889360,ETH,WETH_ETH,0xc36cb31e1127b0d342c76c3dec5046799334486d973d5610b802ae98ad9cb22a_ETH,1645855994,1645855994,1,1.3997e+18,1.3997,3444.533731527879,0,0,0.825000,bridge_dst_event_flow,True
BNB,Multi,bnb_flow_0x20eda385fa16__synth_split_a,0x20eda385fa16f2ecb61fee0eac974f2153865e984bdf15b2972a53b60b24dd47,0x44042079e15b2bed922f4ffe10024e2b726c5b6c|0xd1c5966f9f5ee6881ff6b261bbeda45972b1b5f3|0xedf0c420bc3b92b961c6ec411cc810ca81f5f21a,0x44042079e15b2bed922f4ffe10024e2b726c5b6c,0xedf0c420bc3b92b961c6ec411cc810ca81f5f21a,USDT,USDT,0x20eda385fa16f2ecb61fee0eac974f2153865e984bdf15b2972a53b60b24dd47_USDT,1637830908,1637830908,1,4.6427142857142855e+20,464.27142857142854,464.27142857142854,0,0,0.800000,bridge_dst_event_flow,True
BNB,Multi,bnb_flow_0x20eda385fa16__synth_split_b,0x20eda385fa16f2ecb61fee0eac974f2153865e984bdf15b2972a53b60b24dd47,0x44042079e15b2bed922f4ffe10024e2b726c5b6c|0xd1c5966f9f5ee6881ff6b261bbeda45972b1b5f3|0xedf0c420bc3b92b961c6ec411cc810ca81f5f21a,0x44042079e15b2bed922f4ffe10024e2b726c5b6c,0xedf0c420bc3b92b961c6ec411cc810ca81f5f21a,USDT,USDT,0x20eda385fa16f2ecb61fee0eac974f2153865e984bdf15b2972a53b60b24dd47_USDT,1637830908,1637830908,1,4.6427142857142855e+20,464.27142857142854,464.27142857142854,0,0,0.800000,bridge_dst_event_flow,True
BNB,Multi,bnb_flow_0x20eda385fa16__synth_split_c,0x20eda385fa16f2ecb61fee0eac974f2153865e984bdf15b2972a53b60b24dd47,0x44042079e15b2bed922f4ffe10024e2b726c5b6c|0xd1c5966f9f5ee6881ff6b261bbeda45972b1b5f3|0xedf0c420bc3b92b961c6ec411cc810ca81f5f21a,0x44042079e15b2bed922f4ffe10024e2b726c5b6c,0xedf0c420bc3b92b961c6ec411cc810ca81f5f21a,USDT,USDT,0x20eda385fa16f2ecb61fee0eac974f2153865e984bdf15b2972a53b60b24dd47_USDT,1637830908,1637830908,1,4.6427142857142855e+20,464.27142857142854,464.27142857142854,0,0,0.800000,bridge_dst_event_flow,True
BNB,Multi,bnb_flow_0x20eda385fa16__synth_split_d,0x20eda385fa16f2ecb61fee0eac974f2153865e984bdf15b2972a53b60b24dd47,0x44042079e15b2bed922f4ffe10024e2b726c5b6c|0xd1c5966f9f5ee6881ff6b261bbeda45972b1b5f3|0xedf0c420bc3b92b961c6ec411cc810ca81f5f21a,0x44042079e15b2bed922f4ffe10024e2b726c5b6c,0xedf0c420bc3b92b961c6ec411cc810ca81f5f21a,USDT,USDT,0x20eda385fa16f2ecb61fee0eac974f2153865e984bdf15b2972a53b60b24dd47_USDT,1637830908,1637830908,1,4.6427142857142855e+20,464.27142857142854,464.27142857142854,0,0,0.800000,bridge_dst_event_flow,True
BNB,Multi,bnb_flow_0x20eda385fa16__synth_split_e,0x20eda385fa16f2ecb61fee0eac974f2153865e984bdf15b2972a53b60b24dd47,0x44042079e15b2bed922f4ffe10024e2b726c5b6c|0xd1c5966f9f5ee6881ff6b261bbeda45972b1b5f3|0xedf0c420bc3b92b961c6ec411cc810ca81f5f21a,0x44042079e15b2bed922f4ffe10024e2b726c5b6c,0xedf0c420bc3b92b961c6ec411cc810ca81f5f21a,USDT,USDT,0x20eda385fa16f2ecb61fee0eac974f2153865e984bdf15b2972a53b60b24dd47_USDT,1637830908,1637830908,1,4.6427142857142855e+20,464.27142857142854,464.27142857142854,0,0,0.800000,bridge_dst_event_flow,True
BNB,Multi,bnb_flow_0x20eda385fa16__synth_split_f,0x20eda385fa16f2ecb61fee0eac974f2153865e984bdf15b2972a53b60b24dd47,0x44042079e15b2bed922f4ffe10024e2b726c5b6c|0xd1c5966f9f5ee6881ff6b261bbeda45972b1b5f3|0xedf0c420bc3b92b961c6ec411cc810ca81f5f21a,0x44042079e15b2bed922f4ffe10024e2b726c5b6c,0xedf0c420bc3b92b961c6ec411cc810ca81f5f21a,USDT,USDT,0x20eda385fa16f2ecb61fee0eac974f2153865e984bdf15b2972a53b60b24dd47_USDT,1637830908,1637830908,1,4.6427142857142855e+20,464.27142857142854,464.27142857142854,0,0,0.800000,bridge_dst_event_flow,True
BNB,Multi,bnb_flow_0x20eda385fa16__synth_split_g,0x20eda385fa16f2ecb61fee0eac974f2153865e984bdf15b2972a53b60b24dd47,0x44042079e15b2bed922f4ffe10024e2b726c5b6c|0xd1c5966f9f5ee6881ff6b261bbeda45972b1b5f3|0xedf0c420bc3b92b961c6ec411cc810ca81f5f21a,0x44042079e15b2bed922f4ffe10024e2b726c5b6c,0xedf0c420bc3b92b961c6ec411cc810ca81f5f21a,USDT,USDT,0x20eda385fa16f2ecb61fee0eac974f2153865e984bdf15b2972a53b60b24dd47_USDT,1637830908,1637830908,1,4.6427142857142855e+20,464.27142857142854,464.27142857142854,0,0,0.800000,bridge_dst_event_flow,True
BNB,Multi,bnb_flow_0x20eda385fa16__synth_merge_dst,0x20eda385fa16f2ecb61fee0eac974f2153865e984bdf15b2972a53b60b24dd47,0x44042079e15b2bed922f4ffe10024e2b726c5b6c|0xd1c5966f9f5ee6881ff6b261bbeda45972b1b5f3|0xedf0c420bc3b92b961c6ec411cc810ca81f5f21a,0x44042079e15b2bed922f4ffe10024e2b726c5b6c,0xedf0c420bc3b92b961c6ec411cc810ca81f5f21a,USDT,USDT,0x20eda385fa16f2ecb61fee0eac974f2153865e984bdf15b2972a53b60b24dd47_USDT,1637830908,1637830908,1,3.2499e+21,3249.9,3249.9,0,0,0.800000,bridge_dst_event_flow,True
BNB,Multi,bnb_flow_0x20eda385fa16__synth_hidden_dst,0x20eda385fa16f2ecb61fee0eac974f2153865e984bdf15b2972a53b60b24dd47,0x44042079e15b2bed922f4ffe10024e2b726c5b6c|0xd1c5966f9f5ee6881ff6b261bbeda45972b1b5f3|0xedf0c420bc3b92b961c6ec411cc810ca81f5f21a,0x44042079e15b2bed922f4ffe10024e2b726c5b6c,0xedf0c420bc3b92b961c6ec411cc810ca81f5f21a,USDT,USDT,0x20eda385fa16f2ecb61fee0eac974f2153865e984bdf15b2972a53b60b24dd47_USDT,1637830908,1637830908,1,3.2499e+21,3249.9,3249.9,0,0,0.800000,bridge_dst_event_flow,True
BNB,Multi,bnb_flow_0x20eda385fa16__synth_noise_dst_0,0x20eda385fa16f2ecb61fee0eac974f2153865e984bdf15b2972a53b60b24dd47,0x44042079e15b2bed922f4ffe10024e2b726c5b6c|0xd1c5966f9f5ee6881ff6b261bbeda45972b1b5f3|0xedf0c420bc3b92b961c6ec411cc810ca81f5f21a,0x44042079e15b2bed922f4ffe10024e2b726c5b6c,0xedf0c420bc3b92b961c6ec411cc810ca81f5f21a,USDT,USDT,0x20eda385fa16f2ecb61fee0eac974f2153865e984bdf15b2972a53b60b24dd47_USDT,1637830968,1637830968,1,3.2499e+21,3249.9,3249.9,0,0,0.800000,bridge_dst_event_flow,True
BNB,Multi,bnb_flow_0x20eda385fa16__synth_noise_dst_1,0x20eda385fa16f2ecb61fee0eac974f2153865e984bdf15b2972a53b60b24dd47,0x44042079e15b2bed922f4ffe10024e2b726c5b6c|0xd1c5966f9f5ee6881ff6b261bbeda45972b1b5f3|0xedf0c420bc3b92b961c6ec411cc810ca81f5f21a,0x44042079e15b2bed922f4ffe10024e2b726c5b6c,0xedf0c420bc3b92b961c6ec411cc810ca81f5f21a,USDT,USDT,0x20eda385fa16f2ecb61fee0eac974f2153865e984bdf15b2972a53b60b24dd47_USDT,1637831028,1637831028,1,3.2499e+21,3249.9,3249.9,0,0,0.800000,bridge_dst_event_flow,True
BNB,Multi,bnb_flow_0xcb28bce957f7__synth_split_a,0xcb28bce957f79530e31fe6697da216cbad2697918f82cd07a03d0993a1920854,0x0d02e26f50dfdc188dbb2cc0753cb1c54b580a96|0xd1c5966f9f5ee6881ff6b261bbeda45972b1b5f3|0xedf0c420bc3b92b961c6ec411cc810ca81f5f21a,0x0d02e26f50dfdc188dbb2cc0753cb1c54b580a96,0xedf0c420bc3b92b961c6ec411cc810ca81f5f21a,USDT,USDT,0xcb28bce957f79530e31fe6697da216cbad2697918f82cd07a03d0993a1920854_USDT,1638123913,1638123913,1,7.52275e+20,752.275,752.275,0,0,0.800000,bridge_dst_event_flow,True
BNB,Multi,bnb_flow_0xcb28bce957f7__synth_split_b,0xcb28bce957f79530e31fe6697da216cbad2697918f82cd07a03d0993a1920854,0x0d02e26f50dfdc188dbb2cc0753cb1c54b580a96|0xd1c5966f9f5ee6881ff6b261bbeda45972b1b5f3|0xedf0c420bc3b92b961c6ec411cc810ca81f5f21a,0x0d02e26f50dfdc188dbb2cc0753cb1c54b580a96,0xedf0c420bc3b92b961c6ec411cc810ca81f5f21a,USDT,USDT,0xcb28bce957f79530e31fe6697da216cbad2697918f82cd07a03d0993a1920854_USDT,1638123913,1638123913,1,7.52275e+20,752.275,752.275,0,0,0.800000,bridge_dst_event_flow,True
BNB,Multi,bnb_flow_0xcb28bce957f7__synth_split_c,0xcb28bce957f79530e31fe6697da216cbad2697918f82cd07a03d0993a1920854,0x0d02e26f50dfdc188dbb2cc0753cb1c54b580a96|0xd1c5966f9f5ee6881ff6b261bbeda45972b1b5f3|0xedf0c420bc3b92b961c6ec411cc810ca81f5f21a,0x0d02e26f50dfdc188dbb2cc0753cb1c54b580a96,0xedf0c420bc3b92b961c6ec411cc810ca81f5f21a,USDT,USDT,0xcb28bce957f79530e31fe6697da216cbad2697918f82cd07a03d0993a1920854_USDT,1638123913,1638123913,1,7.52275e+20,752.275,752.275,0,0,0.800000,bridge_dst_event_flow,True
BNB,Multi,bnb_flow_0xcb28bce957f7__synth_split_d,0xcb28bce957f79530e31fe6697da216cbad2697918f82cd07a03d0993a1920854,0x0d02e26f50dfdc188dbb2cc0753cb1c54b580a96|0xd1c5966f9f5ee6881ff6b261bbeda45972b1b5f3|0xedf0c420bc3b92b961c6ec411cc810ca81f5f21a,0x0d02e26f50dfdc188dbb2cc0753cb1c54b580a96,0xedf0c420bc3b92b961c6ec411cc810ca81f5f21a,USDT,USDT,0xcb28bce957f79530e31fe6697da216cbad2697918f82cd07a03d0993a1920854_USDT,1638123913,1638123913,1,7.52275e+20,752.275,752.275,0,0,0.800000,bridge_dst_event_flow,True
BNB,Multi,bnb_flow_0xcb28bce957f7__synth_merge_dst,0xcb28bce957f79530e31fe6697da216cbad2697918f82cd07a03d0993a1920854,0x0d02e26f50dfdc188dbb2cc0753cb1c54b580a96|0xd1c5966f9f5ee6881ff6b261bbeda45972b1b5f3|0xedf0c420bc3b92b961c6ec411cc810ca81f5f21a,0x0d02e26f50dfdc188dbb2cc0753cb1c54b580a96,0xedf0c420bc3b92b961c6ec411cc810ca81f5f21a,USDT,USDT,0xcb28bce957f79530e31fe6697da216cbad2697918f82cd07a03d0993a1920854_USDT,1638123913,1638123913,1,3.0091e+21,3009.1,3009.1,0,0,0.800000,bridge_dst_event_flow,True
BNB,Multi,bnb_flow_0xcb28bce957f7__synth_hidden_dst,0xcb28bce957f79530e31fe6697da216cbad2697918f82cd07a03d0993a1920854,0x0d02e26f50dfdc188dbb2cc0753cb1c54b580a96|0xd1c5966f9f5ee6881ff6b261bbeda45972b1b5f3|0xedf0c420bc3b92b961c6ec411cc810ca81f5f21a,0x0d02e26f50dfdc188dbb2cc0753cb1c54b580a96,0xedf0c420bc3b92b961c6ec411cc810ca81f5f21a,USDT,USDT,0xcb28bce957f79530e31fe6697da216cbad2697918f82cd07a03d0993a1920854_USDT,1638123913,1638123913,1,3.0091e+21,3009.1,3009.1,0,0,0.800000,bridge_dst_event_flow,True
BNB,Multi,bnb_flow_0xcb28bce957f7__synth_noise_dst_0,0xcb28bce957f79530e31fe6697da216cbad2697918f82cd07a03d0993a1920854,0x0d02e26f50dfdc188dbb2cc0753cb1c54b580a96|0xd1c5966f9f5ee6881ff6b261bbeda45972b1b5f3|0xedf0c420bc3b92b961c6ec411cc810ca81f5f21a,0x0d02e26f50dfdc188dbb2cc0753cb1c54b580a96,0xedf0c420bc3b92b961c6ec411cc810ca81f5f21a,USDT,USDT,0xcb28bce957f79530e31fe6697da216cbad2697918f82cd07a03d0993a1920854_USDT,1638123973,1638123973,1,3.0091e+21,3009.1,3009.1,0,0,0.800000,bridge_dst_event_flow,True
BNB,Multi,bnb_flow_0xcb28bce957f7__synth_noise_dst_1,0xcb28bce957f79530e31fe6697da216cbad2697918f82cd07a03d0993a1920854,0x0d02e26f50dfdc188dbb2cc0753cb1c54b580a96|0xd1c5966f9f5ee6881ff6b261bbeda45972b1b5f3|0xedf0c420bc3b92b961c6ec411cc810ca81f5f21a,0x0d02e26f50dfdc188dbb2cc0753cb1c54b580a96,0xedf0c420bc3b92b961c6ec411cc810ca81f5f21a,USDT,USDT,0xcb28bce957f79530e31fe6697da216cbad2697918f82cd07a03d0993a1920854_USDT,1638124033,1638124033,1,3.0091e+21,3009.1,3009.1,0,0,0.800000,bridge_dst_event_flow,True
BNB,Multi,bnb_flow_0xaafd09c13232__synth_split_a,0xaafd09c1323219837c6d6cedc76fad95375ccf1c808c7496e1c9eee38afa9c30,0xd1c5966f9f5ee6881ff6b261bbeda45972b1b5f3|0xe2bfd2d32f947af4daf4493a4ab6c77df63d9ed1|0xedf0c420bc3b92b961c6ec411cc810ca81f5f21a,0xe2bfd2d32f947af4daf4493a4ab6c77df63d9ed1,0xedf0c420bc3b92b961c6ec411cc810ca81f5f21a,USDT,USDT,0xaafd09c1323219837c6d6cedc76fad95375ccf1c808c7496e1c9eee38afa9c30_USDT,1634724754,1634724754,1,1.56447e+22,15644.7,15644.7,0,0,0.775000,bridge_dst_event_flow,True
BNB,Multi,bnb_flow_0xaafd09c13232__synth_split_b,0xaafd09c1323219837c6d6cedc76fad95375ccf1c808c7496e1c9eee38afa9c30,0xd1c5966f9f5ee6881ff6b261bbeda45972b1b5f3|0xe2bfd2d32f947af4daf4493a4ab6c77df63d9ed1|0xedf0c420bc3b92b961c6ec411cc810ca81f5f21a,0xe2bfd2d32f947af4daf4493a4ab6c77df63d9ed1,0xedf0c420bc3b92b961c6ec411cc810ca81f5f21a,USDT,USDT,0xaafd09c1323219837c6d6cedc76fad95375ccf1c808c7496e1c9eee38afa9c30_USDT,1634724754,1634724754,1,1.56447e+22,15644.7,15644.7,0,0,0.775000,bridge_dst_event_flow,True
BNB,Multi,bnb_flow_0xaafd09c13232__synth_merge_dst,0xaafd09c1323219837c6d6cedc76fad95375ccf1c808c7496e1c9eee38afa9c30,0xd1c5966f9f5ee6881ff6b261bbeda45972b1b5f3|0xe2bfd2d32f947af4daf4493a4ab6c77df63d9ed1|0xedf0c420bc3b92b961c6ec411cc810ca81f5f21a,0xe2bfd2d32f947af4daf4493a4ab6c77df63d9ed1,0xedf0c420bc3b92b961c6ec411cc810ca81f5f21a,USDT,USDT,0xaafd09c1323219837c6d6cedc76fad95375ccf1c808c7496e1c9eee38afa9c30_USDT,1634724754,1634724754,1,3.12894e+22,31289.4,31289.4,0,0,0.775000,bridge_dst_event_flow,True
BNB,Multi,bnb_flow_0xaafd09c13232__synth_hidden_dst,0xaafd09c1323219837c6d6cedc76fad95375ccf1c808c7496e1c9eee38afa9c30,0xd1c5966f9f5ee6881ff6b261bbeda45972b1b5f3|0xe2bfd2d32f947af4daf4493a4ab6c77df63d9ed1|0xedf0c420bc3b92b961c6ec411cc810ca81f5f21a,0xe2bfd2d32f947af4daf4493a4ab6c77df63d9ed1,0xedf0c420bc3b92b961c6ec411cc810ca81f5f21a,USDT,USDT,0xaafd09c1323219837c6d6cedc76fad95375ccf1c808c7496e1c9eee38afa9c30_USDT,1634724754,1634724754,1,3.12894e+22,31289.4,31289.4,0,0,0.775000,bridge_dst_event_flow,True
BNB,Multi,bnb_flow_0xaafd09c13232__synth_noise_dst_0,0xaafd09c1323219837c6d6cedc76fad95375ccf1c808c7496e1c9eee38afa9c30,0xd1c5966f9f5ee6881ff6b261bbeda45972b1b5f3|0xe2bfd2d32f947af4daf4493a4ab6c77df63d9ed1|0xedf0c420bc3b92b961c6ec411cc810ca81f5f21a,0xe2bfd2d32f947af4daf4493a4ab6c77df63d9ed1,0xedf0c420bc3b92b961c6ec411cc810ca81f5f21a,USDT,USDT,0xaafd09c1323219837c6d6cedc76fad95375ccf1c808c7496e1c9eee38afa9c30_USDT,1634724814,1634724814,1,3.12894e+22,31289.4,31289.4,0,0,0.775000,bridge_dst_event_flow,True
BNB,Multi,bnb_flow_0xaafd09c13232__synth_noise_dst_1,0xaafd09c1323219837c6d6cedc76fad95375ccf1c808c7496e1c9eee38afa9c30,0xd1c5966f9f5ee6881ff6b261bbeda45972b1b5f3|0xe2bfd2d32f947af4daf4493a4ab6c77df63d9ed1|0xedf0c420bc3b92b961c6ec411cc810ca81f5f21a,0xe2bfd2d32f947af4daf4493a4ab6c77df63d9ed1,0xedf0c420bc3b92b961c6ec411cc810ca81f5f21a,USDT,USDT,0xaafd09c1323219837c6d6cedc76fad95375ccf1c808c7496e1c9eee38afa9c30_USDT,1634724874,1634724874,1,3.12894e+22,31289.4,31289.4,0,0,0.775000,bridge_dst_event_flow,True
BNB,Multi,bnb_flow_0x01b1e6639380__synth_split_a,0x01b1e6639380bddf10b42c96cf3dd585af9d783f943305d00521119667a126a5,0x9093223d02f92d857dae7346e90b61ac67eb4274|0xd1c5966f9f5ee6881ff6b261bbeda45972b1b5f3|0xedf0c420bc3b92b961c6ec411cc810ca81f5f21a,0x9093223d02f92d857dae7346e90b61ac67eb4274,0xedf0c420bc3b92b961c6ec411cc810ca81f5f21a,USDT,USDT,0x01b1e6639380bddf10b42c96cf3dd585af9d783f943305d00521119667a126a5_USDT,1630687564,1630687564,1,4.319833333333333e+21,4319.833333333332,4319.833333333332,0,0,0.800000,bridge_dst_event_flow,True
BNB,Multi,bnb_flow_0x01b1e6639380__synth_split_b,0x01b1e6639380bddf10b42c96cf3dd585af9d783f943305d00521119667a126a5,0x9093223d02f92d857dae7346e90b61ac67eb4274|0xd1c5966f9f5ee6881ff6b261bbeda45972b1b5f3|0xedf0c420bc3b92b961c6ec411cc810ca81f5f21a,0x9093223d02f92d857dae7346e90b61ac67eb4274,0xedf0c420bc3b92b961c6ec411cc810ca81f5f21a,USDT,USDT,0x01b1e6639380bddf10b42c96cf3dd585af9d783f943305d00521119667a126a5_USDT,1630687564,1630687564,1,4.319833333333333e+21,4319.833333333332,4319.833333333332,0,0,0.800000,bridge_dst_event_flow,True
BNB,Multi,bnb_flow_0x01b1e6639380__synth_split_c,0x01b1e6639380bddf10b42c96cf3dd585af9d783f943305d00521119667a126a5,0x9093223d02f92d857dae7346e90b61ac67eb4274|0xd1c5966f9f5ee6881ff6b261bbeda45972b1b5f3|0xedf0c420bc3b92b961c6ec411cc810ca81f5f21a,0x9093223d02f92d857dae7346e90b61ac67eb4274,0xedf0c420bc3b92b961c6ec411cc810ca81f5f21a,USDT,USDT,0x01b1e6639380bddf10b42c96cf3dd585af9d783f943305d00521119667a126a5_USDT,1630687564,1630687564,1,4.319833333333333e+21,4319.833333333332,4319.833333333332,0,0,0.800000,bridge_dst_event_flow,True
BNB,Multi,bnb_flow_0x01b1e6639380__synth_merge_dst,0x01b1e6639380bddf10b42c96cf3dd585af9d783f943305d00521119667a126a5,0x9093223d02f92d857dae7346e90b61ac67eb4274|0xd1c5966f9f5ee6881ff6b261bbeda45972b1b5f3|0xedf0c420bc3b92b961c6ec411cc810ca81f5f21a,0x9093223d02f92d857dae7346e90b61ac67eb4274,0xedf0c420bc3b92b961c6ec411cc810ca81f5f21a,USDT,USDT,0x01b1e6639380bddf10b42c96cf3dd585af9d783f943305d00521119667a126a5_USDT,1630687564,1630687564,1,1.29595e+22,12959.499999999998,12959.499999999998,0,0,0.800000,bridge_dst_event_flow,True
BNB,Multi,bnb_flow_0x01b1e6639380__synth_hidden_dst,0x01b1e6639380bddf10b42c96cf3dd585af9d783f943305d00521119667a126a5,0x9093223d02f92d857dae7346e90b61ac67eb4274|0xd1c5966f9f5ee6881ff6b261bbeda45972b1b5f3|0xedf0c420bc3b92b961c6ec411cc810ca81f5f21a,0x9093223d02f92d857dae7346e90b61ac67eb4274,0xedf0c420bc3b92b961c6ec411cc810ca81f5f21a,USDT,USDT,0x01b1e6639380bddf10b42c96cf3dd585af9d783f943305d00521119667a126a5_USDT,1630687564,1630687564,1,1.29595e+22,12959.499999999998,12959.499999999998,0,0,0.800000,bridge_dst_event_flow,True
BNB,Multi,bnb_flow_0x01b1e6639380__synth_noise_dst_0,0x01b1e6639380bddf10b42c96cf3dd585af9d783f943305d00521119667a126a5,0x9093223d02f92d857dae7346e90b61ac67eb4274|0xd1c5966f9f5ee6881ff6b261bbeda45972b1b5f3|0xedf0c420bc3b92b961c6ec411cc810ca81f5f21a,0x9093223d02f92d857dae7346e90b61ac67eb4274,0xedf0c420bc3b92b961c6ec411cc810ca81f5f21a,USDT,USDT,0x01b1e6639380bddf10b42c96cf3dd585af9d783f943305d00521119667a126a5_USDT,1630687624,1630687624,1,1.29595e+22,12959.499999999998,12959.499999999998,0,0,0.800000,bridge_dst_event_flow,True
BNB,Multi,bnb_flow_0x01b1e6639380__synth_noise_dst_1,0x01b1e6639380bddf10b42c96cf3dd585af9d783f943305d00521119667a126a5,0x9093223d02f92d857dae7346e90b61ac67eb4274|0xd1c5966f9f5ee6881ff6b261bbeda45972b1b5f3|0xedf0c420bc3b92b961c6ec411cc810ca81f5f21a,0x9093223d02f92d857dae7346e90b61ac67eb4274,0xedf0c420bc3b92b961c6ec411cc810ca81f5f21a,USDT,USDT,0x01b1e6639380bddf10b42c96cf3dd585af9d783f943305d00521119667a126a5_USDT,1630687684,1630687684,1,1.29595e+22,12959.499999999998,12959.499999999998,0,0,0.800000,bridge_dst_event_flow,True
BNB,Multi,bnb_flow_0x4eafc49a70b1__synth_split_a,0x4eafc49a70b11dd1711cc6f2ce301f8d9708f3d2a2288254fe26e4926d8dc333,0x51fc5dc0a19c85a270bb3c3fc81e519e0099e29f|0xd1c5966f9f5ee6881ff6b261bbeda45972b1b5f3|0xedf0c420bc3b92b961c6ec411cc810ca81f5f21a,0x51fc5dc0a19c85a270bb3c3fc81e519e0099e29f,0xedf0c420bc3b92b961c6ec411cc810ca81f5f21a,USDT,USDT,0x4eafc49a70b11dd1711cc6f2ce301f8d9708f3d2a2288254fe26e4926d8dc333_USDT,1635794125,1635794125,1,3.3333033333333334e+22,33333.03333333333,33333.03333333333,0,0,0.775000,bridge_dst_event_flow,True
BNB,Multi,bnb_flow_0x4eafc49a70b1__synth_split_b,0x4eafc49a70b11dd1711cc6f2ce301f8d9708f3d2a2288254fe26e4926d8dc333,0x51fc5dc0a19c85a270bb3c3fc81e519e0099e29f|0xd1c5966f9f5ee6881ff6b261bbeda45972b1b5f3|0xedf0c420bc3b92b961c6ec411cc810ca81f5f21a,0x51fc5dc0a19c85a270bb3c3fc81e519e0099e29f,0xedf0c420bc3b92b961c6ec411cc810ca81f5f21a,USDT,USDT,0x4eafc49a70b11dd1711cc6f2ce301f8d9708f3d2a2288254fe26e4926d8dc333_USDT,1635794125,1635794125,1,3.3333033333333334e+22,33333.03333333333,33333.03333333333,0,0,0.775000,bridge_dst_event_flow,True
BNB,Multi,bnb_flow_0x4eafc49a70b1__synth_split_c,0x4eafc49a70b11dd1711cc6f2ce301f8d9708f3d2a2288254fe26e4926d8dc333,0x51fc5dc0a19c85a270bb3c3fc81e519e0099e29f|0xd1c5966f9f5ee6881ff6b261bbeda45972b1b5f3|0xedf0c420bc3b92b961c6ec411cc810ca81f5f21a,0x51fc5dc0a19c85a270bb3c3fc81e519e0099e29f,0xedf0c420bc3b92b961c6ec411cc810ca81f5f21a,USDT,USDT,0x4eafc49a70b11dd1711cc6f2ce301f8d9708f3d2a2288254fe26e4926d8dc333_USDT,1635794125,1635794125,1,3.3333033333333334e+22,33333.03333333333,33333.03333333333,0,0,0.775000,bridge_dst_event_flow,True
BNB,Multi,bnb_flow_0x4eafc49a70b1__synth_merge_dst,0x4eafc49a70b11dd1711cc6f2ce301f8d9708f3d2a2288254fe26e4926d8dc333,0x51fc5dc0a19c85a270bb3c3fc81e519e0099e29f|0xd1c5966f9f5ee6881ff6b261bbeda45972b1b5f3|0xedf0c420bc3b92b961c6ec411cc810ca81f5f21a,0x51fc5dc0a19c85a270bb3c3fc81e519e0099e29f,0xedf0c420bc3b92b961c6ec411cc810ca81f5f21a,USDT,USDT,0x4eafc49a70b11dd1711cc6f2ce301f8d9708f3d2a2288254fe26e4926d8dc333_USDT,1635794125,1635794125,1,9.99991e+22,99999.1,99999.1,0,0,0.775000,bridge_dst_event_flow,True
BNB,Multi,bnb_flow_0x4eafc49a70b1__synth_hidden_dst,0x4eafc49a70b11dd1711cc6f2ce301f8d9708f3d2a2288254fe26e4926d8dc333,0x51fc5dc0a19c85a270bb3c3fc81e519e0099e29f|0xd1c5966f9f5ee6881ff6b261bbeda45972b1b5f3|0xedf0c420bc3b92b961c6ec411cc810ca81f5f21a,0x51fc5dc0a19c85a270bb3c3fc81e519e0099e29f,0xedf0c420bc3b92b961c6ec411cc810ca81f5f21a,USDT,USDT,0x4eafc49a70b11dd1711cc6f2ce301f8d9708f3d2a2288254fe26e4926d8dc333_USDT,1635794125,1635794125,1,9.99991e+22,99999.1,99999.1,0,0,0.775000,bridge_dst_event_flow,True
BNB,Multi,bnb_flow_0x4eafc49a70b1__synth_noise_dst_0,0x4eafc49a70b11dd1711cc6f2ce301f8d9708f3d2a2288254fe26e4926d8dc333,0x51fc5dc0a19c85a270bb3c3fc81e519e0099e29f|0xd1c5966f9f5ee6881ff6b261bbeda45972b1b5f3|0xedf0c420bc3b92b961c6ec411cc810ca81f5f21a,0x51fc5dc0a19c85a270bb3c3fc81e519e0099e29f,0xedf0c420bc3b92b961c6ec411cc810ca81f5f21a,USDT,USDT,0x4eafc49a70b11dd1711cc6f2ce301f8d9708f3d2a2288254fe26e4926d8dc333_USDT,1635794185,1635794185,1,9.99991e+22,99999.1,99999.1,0,0,0.775000,bridge_dst_event_flow,True
BNB,Multi,bnb_flow_0x4eafc49a70b1__synth_noise_dst_1,0x4eafc49a70b11dd1711cc6f2ce301f8d9708f3d2a2288254fe26e4926d8dc333,0x51fc5dc0a19c85a270bb3c3fc81e519e0099e29f|0xd1c5966f9f5ee6881ff6b261bbeda45972b1b5f3|0xedf0c420bc3b92b961c6ec411cc810ca81f5f21a,0x51fc5dc0a19c85a270bb3c3fc81e519e0099e29f,0xedf0c420bc3b92b961c6ec411cc810ca81f5f21a,USDT,USDT,0x4eafc49a70b11dd1711cc6f2ce301f8d9708f3d2a2288254fe26e4926d8dc333_USDT,1635794245,1635794245,1,9.99991e+22,99999.1,99999.1,0,0,0.775000,bridge_dst_event_flow,True
BNB,Multi,bnb_flow_0x1c83e465d126__synth_split_a,0x1c83e465d12667546523ef2f8095615cbf9d531b9815de1ec8f48146e986ef67,0x36c8004c03df19218426a39c1ea30c6c0045b6c5|0xd1c5966f9f5ee6881ff6b261bbeda45972b1b5f3|0xedf0c420bc3b92b961c6ec411cc810ca81f5f21a,0x36c8004c03df19218426a39c1ea30c6c0045b6c5,0xedf0c420bc3b92b961c6ec411cc810ca81f5f21a,USDT,USDT,0x1c83e465d12667546523ef2f8095615cbf9d531b9815de1ec8f48146e986ef67_USDT,1636265265,1636265265,1,7.8183875e+21,7818.3875,7818.3875,0,0,0.800000,bridge_dst_event_flow,True
BNB,Multi,bnb_flow_0x1c83e465d126__synth_split_b,0x1c83e465d12667546523ef2f8095615cbf9d531b9815de1ec8f48146e986ef67,0x36c8004c03df19218426a39c1ea30c6c0045b6c5|0xd1c5966f9f5ee6881ff6b261bbeda45972b1b5f3|0xedf0c420bc3b92b961c6ec411cc810ca81f5f21a,0x36c8004c03df19218426a39c1ea30c6c0045b6c5,0xedf0c420bc3b92b961c6ec411cc810ca81f5f21a,USDT,USDT,0x1c83e465d12667546523ef2f8095615cbf9d531b9815de1ec8f48146e986ef67_USDT,1636265265,1636265265,1,7.8183875e+21,7818.3875,7818.3875,0,0,0.800000,bridge_dst_event_flow,True
BNB,Multi,bnb_flow_0x1c83e465d126__synth_split_c,0x1c83e465d12667546523ef2f8095615cbf9d531b9815de1ec8f48146e986ef67,0x36c8004c03df19218426a39c1ea30c6c0045b6c5|0xd1c5966f9f5ee6881ff6b261bbeda45972b1b5f3|0xedf0c420bc3b92b961c6ec411cc810ca81f5f21a,0x36c8004c03df19218426a39c1ea30c6c0045b6c5,0xedf0c420bc3b92b961c6ec411cc810ca81f5f21a,USDT,USDT,0x1c83e465d12667546523ef2f8095615cbf9d531b9815de1ec8f48146e986ef67_USDT,1636265265,1636265265,1,7.8183875e+21,7818.3875,7818.3875,0,0,0.800000,bridge_dst_event_flow,True
BNB,Multi,bnb_flow_0x1c83e465d126__synth_split_d,0x1c83e465d12667546523ef2f8095615cbf9d531b9815de1ec8f48146e986ef67,0x36c8004c03df19218426a39c1ea30c6c0045b6c5|0xd1c5966f9f5ee6881ff6b261bbeda45972b1b5f3|0xedf0c420bc3b92b961c6ec411cc810ca81f5f21a,0x36c8004c03df19218426a39c1ea30c6c0045b6c5,0xedf0c420bc3b92b961c6ec411cc810ca81f5f21a,USDT,USDT,0x1c83e465d12667546523ef2f8095615cbf9d531b9815de1ec8f48146e986ef67_USDT,1636265265,1636265265,1,7.8183875e+21,7818.3875,7818.3875,0,0,0.800000,bridge_dst_event_flow,True
BNB,Multi,bnb_flow_0x1c83e465d126__synth_split_e,0x1c83e465d12667546523ef2f8095615cbf9d531b9815de1ec8f48146e986ef67,0x36c8004c03df19218426a39c1ea30c6c0045b6c5|0xd1c5966f9f5ee6881ff6b261bbeda45972b1b5f3|0xedf0c420bc3b92b961c6ec411cc810ca81f5f21a,0x36c8004c03df19218426a39c1ea30c6c0045b6c5,0xedf0c420bc3b92b961c6ec411cc810ca81f5f21a,USDT,USDT,0x1c83e465d12667546523ef2f8095615cbf9d531b9815de1ec8f48146e986ef67_USDT,1636265265,1636265265,1,7.8183875e+21,7818.3875,7818.3875,0,0,0.800000,bridge_dst_event_flow,True
BNB,Multi,bnb_flow_0x1c83e465d126__synth_split_f,0x1c83e465d12667546523ef2f8095615cbf9d531b9815de1ec8f48146e986ef67,0x36c8004c03df19218426a39c1ea30c6c0045b6c5|0xd1c5966f9f5ee6881ff6b261bbeda45972b1b5f3|0xedf0c420bc3b92b961c6ec411cc810ca81f5f21a,0x36c8004c03df19218426a39c1ea30c6c0045b6c5,0xedf0c420bc3b92b961c6ec411cc810ca81f5f21a,USDT,USDT,0x1c83e465d12667546523ef2f8095615cbf9d531b9815de1ec8f48146e986ef67_USDT,1636265265,1636265265,1,7.8183875e+21,7818.3875,7818.3875,0,0,0.800000,bridge_dst_event_flow,True
BNB,Multi,bnb_flow_0x1c83e465d126__synth_split_g,0x1c83e465d12667546523ef2f8095615cbf9d531b9815de1ec8f48146e986ef67,0x36c8004c03df19218426a39c1ea30c6c0045b6c5|0xd1c5966f9f5ee6881ff6b261bbeda45972b1b5f3|0xedf0c420bc3b92b961c6ec411cc810ca81f5f21a,0x36c8004c03df19218426a39c1ea30c6c0045b6c5,0xedf0c420bc3b92b961c6ec411cc810ca81f5f21a,USDT,USDT,0x1c83e465d12667546523ef2f8095615cbf9d531b9815de1ec8f48146e986ef67_USDT,1636265265,1636265265,1,7.8183875e+21,7818.3875,7818.3875,0,0,0.800000,bridge_dst_event_flow,True
BNB,Multi,bnb_flow_0x1c83e465d126__synth_split_h,0x1c83e465d12667546523ef2f8095615cbf9d531b9815de1ec8f48146e986ef67,0x36c8004c03df19218426a39c1ea30c6c0045b6c5|0xd1c5966f9f5ee6881ff6b261bbeda45972b1b5f3|0xedf0c420bc3b92b961c6ec411cc810ca81f5f21a,0x36c8004c03df19218426a39c1ea30c6c0045b6c5,0xedf0c420bc3b92b961c6ec411cc810ca81f5f21a,USDT,USDT,0x1c83e465d12667546523ef2f8095615cbf9d531b9815de1ec8f48146e986ef67_USDT,1636265265,1636265265,1,7.8183875e+21,7818.3875,7818.3875,0,0,0.800000,bridge_dst_event_flow,True
BNB,Multi,bnb_flow_0x1c83e465d126__synth_merge_dst,0x1c83e465d12667546523ef2f8095615cbf9d531b9815de1ec8f48146e986ef67,0x36c8004c03df19218426a39c1ea30c6c0045b6c5|0xd1c5966f9f5ee6881ff6b261bbeda45972b1b5f3|0xedf0c420bc3b92b961c6ec411cc810ca81f5f21a,0x36c8004c03df19218426a39c1ea30c6c0045b6c5,0xedf0c420bc3b92b961c6ec411cc810ca81f5f21a,USDT,USDT,0x1c83e465d12667546523ef2f8095615cbf9d531b9815de1ec8f48146e986ef67_USDT,1636265265,1636265265,1,6.25471e+22,62547.1,62547.1,0,0,0.800000,bridge_dst_event_flow,True
BNB,Multi,bnb_flow_0x1c83e465d126__synth_hidden_dst,0x1c83e465d12667546523ef2f8095615cbf9d531b9815de1ec8f48146e986ef67,0x36c8004c03df19218426a39c1ea30c6c0045b6c5|0xd1c5966f9f5ee6881ff6b261bbeda45972b1b5f3|0xedf0c420bc3b92b961c6ec411cc810ca81f5f21a,0x36c8004c03df19218426a39c1ea30c6c0045b6c5,0xedf0c420bc3b92b961c6ec411cc810ca81f5f21a,USDT,USDT,0x1c83e465d12667546523ef2f8095615cbf9d531b9815de1ec8f48146e986ef67_USDT,1636265265,1636265265,1,6.25471e+22,62547.1,62547.1,0,0,0.800000,bridge_dst_event_flow,True
BNB,Multi,bnb_flow_0x1c83e465d126__synth_noise_dst_0,0x1c83e465d12667546523ef2f8095615cbf9d531b9815de1ec8f48146e986ef67,0x36c8004c03df19218426a39c1ea30c6c0045b6c5|0xd1c5966f9f5ee6881ff6b261bbeda45972b1b5f3|0xedf0c420bc3b92b961c6ec411cc810ca81f5f21a,0x36c8004c03df19218426a39c1ea30c6c0045b6c5,0xedf0c420bc3b92b961c6ec411cc810ca81f5f21a,USDT,USDT,0x1c83e465d12667546523ef2f8095615cbf9d531b9815de1ec8f48146e986ef67_USDT,1636265325,1636265325,1,6.25471e+22,62547.1,62547.1,0,0,0.800000,bridge_dst_event_flow,True
BNB,Multi,bnb_flow_0x1c83e465d126__synth_noise_dst_1,0x1c83e465d12667546523ef2f8095615cbf9d531b9815de1ec8f48146e986ef67,0x36c8004c03df19218426a39c1ea30c6c0045b6c5|0xd1c5966f9f5ee6881ff6b261bbeda45972b1b5f3|0xedf0c420bc3b92b961c6ec411cc810ca81f5f21a,0x36c8004c03df19218426a39c1ea30c6c0045b6c5,0xedf0c420bc3b92b961c6ec411cc810ca81f5f21a,USDT,USDT,0x1c83e465d12667546523ef2f8095615cbf9d531b9815de1ec8f48146e986ef67_USDT,1636265385,1636265385,1,6.25471e+22,62547.1,62547.1,0,0,0.800000,bridge_dst_event_flow,True
BNB,Multi,bnb_flow_0x774986db1251__synth_split_a,0x774986db1251b9f29370153524a382d352551ab336cff273478865197e5425ce,0xd1c5966f9f5ee6881ff6b261bbeda45972b1b5f3|0xe89020c59d3d2091e5841ae774dd111a800e3416|0xedf0c420bc3b92b961c6ec411cc810ca81f5f21a,0xe89020c59d3d2091e5841ae774dd111a800e3416,0xedf0c420bc3b92b961c6ec411cc810ca81f5f21a,USDT,USDT,0x774986db1251b9f29370153524a382d352551ab336cff273478865197e5425ce_USDT,1633638580,1633638580,1,1.6991933333333334e+22,16991.933333333334,16991.933333333334,0,0,0.800000,bridge_dst_event_flow,True
BNB,Multi,bnb_flow_0x774986db1251__synth_split_b,0x774986db1251b9f29370153524a382d352551ab336cff273478865197e5425ce,0xd1c5966f9f5ee6881ff6b261bbeda45972b1b5f3|0xe89020c59d3d2091e5841ae774dd111a800e3416|0xedf0c420bc3b92b961c6ec411cc810ca81f5f21a,0xe89020c59d3d2091e5841ae774dd111a800e3416,0xedf0c420bc3b92b961c6ec411cc810ca81f5f21a,USDT,USDT,0x774986db1251b9f29370153524a382d352551ab336cff273478865197e5425ce_USDT,1633638580,1633638580,1,1.6991933333333334e+22,16991.933333333334,16991.933333333334,0,0,0.800000,bridge_dst_event_flow,True
BNB,Multi,bnb_flow_0x774986db1251__synth_split_c,0x774986db1251b9f29370153524a382d352551ab336cff273478865197e5425ce,0xd1c5966f9f5ee6881ff6b261bbeda45972b1b5f3|0xe89020c59d3d2091e5841ae774dd111a800e3416|0xedf0c420bc3b92b961c6ec411cc810ca81f5f21a,0xe89020c59d3d2091e5841ae774dd111a800e3416,0xedf0c420bc3b92b961c6ec411cc810ca81f5f21a,USDT,USDT,0x774986db1251b9f29370153524a382d352551ab336cff273478865197e5425ce_USDT,1633638580,1633638580,1,1.6991933333333334e+22,16991.933333333334,16991.933333333334,0,0,0.800000,bridge_dst_event_flow,True
BNB,Multi,bnb_flow_0x774986db1251__synth_merge_dst,0x774986db1251b9f29370153524a382d352551ab336cff273478865197e5425ce,0xd1c5966f9f5ee6881ff6b261bbeda45972b1b5f3|0xe89020c59d3d2091e5841ae774dd111a800e3416|0xedf0c420bc3b92b961c6ec411cc810ca81f5f21a,0xe89020c59d3d2091e5841ae774dd111a800e3416,0xedf0c420bc3b92b961c6ec411cc810ca81f5f21a,USDT,USDT,0x774986db1251b9f29370153524a382d352551ab336cff273478865197e5425ce_USDT,1633638580,1633638580,1,5.09758e+22,50975.8,50975.8,0,0,0.800000,bridge_dst_event_flow,True
BNB,Multi,bnb_flow_0x774986db1251__synth_hidden_dst,0x774986db1251b9f29370153524a382d352551ab336cff273478865197e5425ce,0xd1c5966f9f5ee6881ff6b261bbeda45972b1b5f3|0xe89020c59d3d2091e5841ae774dd111a800e3416|0xedf0c420bc3b92b961c6ec411cc810ca81f5f21a,0xe89020c59d3d2091e5841ae774dd111a800e3416,0xedf0c420bc3b92b961c6ec411cc810ca81f5f21a,USDT,USDT,0x774986db1251b9f29370153524a382d352551ab336cff273478865197e5425ce_USDT,1633638580,1633638580,1,5.09758e+22,50975.8,50975.8,0,0,0.800000,bridge_dst_event_flow,True
BNB,Multi,bnb_flow_0x774986db1251__synth_noise_dst_0,0x774986db1251b9f29370153524a382d352551ab336cff273478865197e5425ce,0xd1c5966f9f5ee6881ff6b261bbeda45972b1b5f3|0xe89020c59d3d2091e5841ae774dd111a800e3416|0xedf0c420bc3b92b961c6ec411cc810ca81f5f21a,0xe89020c59d3d2091e5841ae774dd111a800e3416,0xedf0c420bc3b92b961c6ec411cc810ca81f5f21a,USDT,USDT,0x774986db1251b9f29370153524a382d352551ab336cff273478865197e5425ce_USDT,1633638640,1633638640,1,5.09758e+22,50975.8,50975.8,0,0,0.800000,bridge_dst_event_flow,True
BNB,Multi,bnb_flow_0x774986db1251__synth_noise_dst_1,0x774986db1251b9f29370153524a382d352551ab336cff273478865197e5425ce,0xd1c5966f9f5ee6881ff6b261bbeda45972b1b5f3|0xe89020c59d3d2091e5841ae774dd111a800e3416|0xedf0c420bc3b92b961c6ec411cc810ca81f5f21a,0xe89020c59d3d2091e5841ae774dd111a800e3416,0xedf0c420bc3b92b961c6ec411cc810ca81f5f21a,USDT,USDT,0x774986db1251b9f29370153524a382d352551ab336cff273478865197e5425ce_USDT,1633638700,1633638700,1,5.09758e+22,50975.8,50975.8,0,0,0.800000,bridge_dst_event_flow,True
BNB,Multi,bnb_flow_0xd84d75543a0e__synth_split_a,0xd84d75543a0e2262248c05e5c8a8d096ceae7a2facfb15e3109352ae2101f4e2,0xd1c5966f9f5ee6881ff6b261bbeda45972b1b5f3|0xe2bfd2d32f947af4daf4493a4ab6c77df63d9ed1|0xedf0c420bc3b92b961c6ec411cc810ca81f5f21a,0xe2bfd2d32f947af4daf4493a4ab6c77df63d9ed1,0xedf0c420bc3b92b961c6ec411cc810ca81f5f21a,USDT,USDT,0xd84d75543a0e2262248c05e5c8a8d096ceae7a2facfb15e3109352ae2101f4e2_USDT,1634276056,1634276056,1,1.942305e+22,19423.050000000003,19423.050000000003,0,0,0.800000,bridge_dst_event_flow,True
BNB,Multi,bnb_flow_0xd84d75543a0e__synth_split_b,0xd84d75543a0e2262248c05e5c8a8d096ceae7a2facfb15e3109352ae2101f4e2,0xd1c5966f9f5ee6881ff6b261bbeda45972b1b5f3|0xe2bfd2d32f947af4daf4493a4ab6c77df63d9ed1|0xedf0c420bc3b92b961c6ec411cc810ca81f5f21a,0xe2bfd2d32f947af4daf4493a4ab6c77df63d9ed1,0xedf0c420bc3b92b961c6ec411cc810ca81f5f21a,USDT,USDT,0xd84d75543a0e2262248c05e5c8a8d096ceae7a2facfb15e3109352ae2101f4e2_USDT,1634276056,1634276056,1,1.942305e+22,19423.050000000003,19423.050000000003,0,0,0.800000,bridge_dst_event_flow,True
BNB,Multi,bnb_flow_0xd84d75543a0e__synth_merge_dst,0xd84d75543a0e2262248c05e5c8a8d096ceae7a2facfb15e3109352ae2101f4e2,0xd1c5966f9f5ee6881ff6b261bbeda45972b1b5f3|0xe2bfd2d32f947af4daf4493a4ab6c77df63d9ed1|0xedf0c420bc3b92b961c6ec411cc810ca81f5f21a,0xe2bfd2d32f947af4daf4493a4ab6c77df63d9ed1,0xedf0c420bc3b92b961c6ec411cc810ca81f5f21a,USDT,USDT,0xd84d75543a0e2262248c05e5c8a8d096ceae7a2facfb15e3109352ae2101f4e2_USDT,1634276056,1634276056,1,3.88461e+22,38846.100000000006,38846.100000000006,0,0,0.800000,bridge_dst_event_flow,True
BNB,Multi,bnb_flow_0xd84d75543a0e__synth_hidden_dst,0xd84d75543a0e2262248c05e5c8a8d096ceae7a2facfb15e3109352ae2101f4e2,0xd1c5966f9f5ee6881ff6b261bbeda45972b1b5f3|0xe2bfd2d32f947af4daf4493a4ab6c77df63d9ed1|0xedf0c420bc3b92b961c6ec411cc810ca81f5f21a,0xe2bfd2d32f947af4daf4493a4ab6c77df63d9ed1,0xedf0c420bc3b92b961c6ec411cc810ca81f5f21a,USDT,USDT,0xd84d75543a0e2262248c05e5c8a8d096ceae7a2facfb15e3109352ae2101f4e2_USDT,1634276056,1634276056,1,3.88461e+22,38846.100000000006,38846.100000000006,0,0,0.800000,bridge_dst_event_flow,True
BNB,Multi,bnb_flow_0xd84d75543a0e__synth_noise_dst_0,0xd84d75543a0e2262248c05e5c8a8d096ceae7a2facfb15e3109352ae2101f4e2,0xd1c5966f9f5ee6881ff6b261bbeda45972b1b5f3|0xe2bfd2d32f947af4daf4493a4ab6c77df63d9ed1|0xedf0c420bc3b92b961c6ec411cc810ca81f5f21a,0xe2bfd2d32f947af4daf4493a4ab6c77df63d9ed1,0xedf0c420bc3b92b961c6ec411cc810ca81f5f21a,USDT,USDT,0xd84d75543a0e2262248c05e5c8a8d096ceae7a2facfb15e3109352ae2101f4e2_USDT,1634276116,1634276116,1,3.88461e+22,38846.100000000006,38846.100000000006,0,0,0.800000,bridge_dst_event_flow,True
BNB,Multi,bnb_flow_0xd84d75543a0e__synth_noise_dst_1,0xd84d75543a0e2262248c05e5c8a8d096ceae7a2facfb15e3109352ae2101f4e2,0xd1c5966f9f5ee6881ff6b261bbeda45972b1b5f3|0xe2bfd2d32f947af4daf4493a4ab6c77df63d9ed1|0xedf0c420bc3b92b961c6ec411cc810ca81f5f21a,0xe2bfd2d32f947af4daf4493a4ab6c77df63d9ed1,0xedf0c420bc3b92b961c6ec411cc810ca81f5f21a,USDT,USDT,0xd84d75543a0e2262248c05e5c8a8d096ceae7a2facfb15e3109352ae2101f4e2_USDT,1634276176,1634276176,1,3.88461e+22,38846.100000000006,38846.100000000006,0,0,0.800000,bridge_dst_event_flow,True
BNB,Multi,bnb_flow_0x5435186c2e5d__synth_split_a,0x5435186c2e5da41ab0bba05eafb624dcd8828f761b84dbddacbbd30d4480c846,0x037b3e2e1f93f81e9faf8e4cc95da7376ec8bf2b|0xd1c5966f9f5ee6881ff6b261bbeda45972b1b5f3|0xdebb1d6a2196f2335ad51fbde7ca587205889360,0x037b3e2e1f93f81e9faf8e4cc95da7376ec8bf2b,0xdebb1d6a2196f2335ad51fbde7ca587205889360,ETH,WETH_ETH,0x5435186c2e5da41ab0bba05eafb624dcd8828f761b84dbddacbbd30d4480c846_ETH,1645382657,1645382657,1,2.933233333333333e+18,2.933233333333333,7218.419060590573,0,0,0.825000,bridge_dst_event_flow,True
BNB,Multi,bnb_flow_0x5435186c2e5d__synth_split_b,0x5435186c2e5da41ab0bba05eafb624dcd8828f761b84dbddacbbd30d4480c846,0x037b3e2e1f93f81e9faf8e4cc95da7376ec8bf2b|0xd1c5966f9f5ee6881ff6b261bbeda45972b1b5f3|0xdebb1d6a2196f2335ad51fbde7ca587205889360,0x037b3e2e1f93f81e9faf8e4cc95da7376ec8bf2b,0xdebb1d6a2196f2335ad51fbde7ca587205889360,ETH,WETH_ETH,0x5435186c2e5da41ab0bba05eafb624dcd8828f761b84dbddacbbd30d4480c846_ETH,1645382657,1645382657,1,2.933233333333333e+18,2.933233333333333,7218.419060590573,0,0,0.825000,bridge_dst_event_flow,True
BNB,Multi,bnb_flow_0x5435186c2e5d__synth_split_c,0x5435186c2e5da41ab0bba05eafb624dcd8828f761b84dbddacbbd30d4480c846,0x037b3e2e1f93f81e9faf8e4cc95da7376ec8bf2b|0xd1c5966f9f5ee6881ff6b261bbeda45972b1b5f3|0xdebb1d6a2196f2335ad51fbde7ca587205889360,0x037b3e2e1f93f81e9faf8e4cc95da7376ec8bf2b,0xdebb1d6a2196f2335ad51fbde7ca587205889360,ETH,WETH_ETH,0x5435186c2e5da41ab0bba05eafb624dcd8828f761b84dbddacbbd30d4480c846_ETH,1645382657,1645382657,1,2.933233333333333e+18,2.933233333333333,7218.419060590573,0,0,0.825000,bridge_dst_event_flow,True
BNB,Multi,bnb_flow_0x5435186c2e5d__synth_merge_dst,0x5435186c2e5da41ab0bba05eafb624dcd8828f761b84dbddacbbd30d4480c846,0x037b3e2e1f93f81e9faf8e4cc95da7376ec8bf2b|0xd1c5966f9f5ee6881ff6b261bbeda45972b1b5f3|0xdebb1d6a2196f2335ad51fbde7ca587205889360,0x037b3e2e1f93f81e9faf8e4cc95da7376ec8bf2b,0xdebb1d6a2196f2335ad51fbde7ca587205889360,ETH,WETH_ETH,0x5435186c2e5da41ab0bba05eafb624dcd8828f761b84dbddacbbd30d4480c846_ETH,1645382657,1645382657,1,8.7997e+18,8.7997,21655.25718177172,0,0,0.825000,bridge_dst_event_flow,True
BNB,Multi,bnb_flow_0x5435186c2e5d__synth_hidden_dst,0x5435186c2e5da41ab0bba05eafb624dcd8828f761b84dbddacbbd30d4480c846,0x037b3e2e1f93f81e9faf8e4cc95da7376ec8bf2b|0xd1c5966f9f5ee6881ff6b261bbeda45972b1b5f3|0xdebb1d6a2196f2335ad51fbde7ca587205889360,0x037b3e2e1f93f81e9faf8e4cc95da7376ec8bf2b,0xdebb1d6a2196f2335ad51fbde7ca587205889360,ETH,WETH_ETH,0x5435186c2e5da41ab0bba05eafb624dcd8828f761b84dbddacbbd30d4480c846_ETH,1645382657,1645382657,1,8.7997e+18,8.7997,21655.25718177172,0,0,0.825000,bridge_dst_event_flow,True
BNB,Multi,bnb_flow_0x5435186c2e5d__synth_noise_dst_0,0x5435186c2e5da41ab0bba05eafb624dcd8828f761b84dbddacbbd30d4480c846,0x037b3e2e1f93f81e9faf8e4cc95da7376ec8bf2b|0xd1c5966f9f5ee6881ff6b261bbeda45972b1b5f3|0xdebb1d6a2196f2335ad51fbde7ca587205889360,0x037b3e2e1f93f81e9faf8e4cc95da7376ec8bf2b,0xdebb1d6a2196f2335ad51fbde7ca587205889360,ETH,WETH_ETH,0x5435186c2e5da41ab0bba05eafb624dcd8828f761b84dbddacbbd30d4480c846_ETH,1645382717,1645382717,1,8.7997e+18,8.7997,21655.25718177172,0,0,0.825000,bridge_dst_event_flow,True
BNB,Multi,bnb_flow_0x5435186c2e5d__synth_noise_dst_1,0x5435186c2e5da41ab0bba05eafb624dcd8828f761b84dbddacbbd30d4480c846,0x037b3e2e1f93f81e9faf8e4cc95da7376ec8bf2b|0xd1c5966f9f5ee6881ff6b261bbeda45972b1b5f3|0xdebb1d6a2196f2335ad51fbde7ca587205889360,0x037b3e2e1f93f81e9faf8e4cc95da7376ec8bf2b,0xdebb1d6a2196f2335ad51fbde7ca587205889360,ETH,WETH_ETH,0x5435186c2e5da41ab0bba05eafb624dcd8828f761b84dbddacbbd30d4480c846_ETH,1645382777,1645382777,1,8.7997e+18,8.7997,21655.25718177172,0,0,0.825000,bridge_dst_event_flow,True
BNB,Multi,bnb_flow_0xc68c3cf4c61b__synth_split_a,0xc68c3cf4c61b573358b99186956e9178a0fa808eb510ee767895d4b0dcba1a8d,0x8234fb333efec5c9bbe73cf2db25fcce2972ef9b|0xd1c5966f9f5ee6881ff6b261bbeda45972b1b5f3|0xedf0c420bc3b92b961c6ec411cc810ca81f5f21a,0x8234fb333efec5c9bbe73cf2db25fcce2972ef9b,0xedf0c420bc3b92b961c6ec411cc810ca81f5f21a,USDT,USDT,0xc68c3cf4c61b573358b99186956e9178a0fa808eb510ee767895d4b0dcba1a8d_USDT,1639483503,1639483503,1,2.299955e+22,22999.55,22999.55,0,0,0.800000,bridge_dst_event_flow,True
BNB,Multi,bnb_flow_0xc68c3cf4c61b__synth_split_b,0xc68c3cf4c61b573358b99186956e9178a0fa808eb510ee767895d4b0dcba1a8d,0x8234fb333efec5c9bbe73cf2db25fcce2972ef9b|0xd1c5966f9f5ee6881ff6b261bbeda45972b1b5f3|0xedf0c420bc3b92b961c6ec411cc810ca81f5f21a,0x8234fb333efec5c9bbe73cf2db25fcce2972ef9b,0xedf0c420bc3b92b961c6ec411cc810ca81f5f21a,USDT,USDT,0xc68c3cf4c61b573358b99186956e9178a0fa808eb510ee767895d4b0dcba1a8d_USDT,1639483503,1639483503,1,2.299955e+22,22999.55,22999.55,0,0,0.800000,bridge_dst_event_flow,True
BNB,Multi,bnb_flow_0xc68c3cf4c61b__synth_merge_dst,0xc68c3cf4c61b573358b99186956e9178a0fa808eb510ee767895d4b0dcba1a8d,0x8234fb333efec5c9bbe73cf2db25fcce2972ef9b|0xd1c5966f9f5ee6881ff6b261bbeda45972b1b5f3|0xedf0c420bc3b92b961c6ec411cc810ca81f5f21a,0x8234fb333efec5c9bbe73cf2db25fcce2972ef9b,0xedf0c420bc3b92b961c6ec411cc810ca81f5f21a,USDT,USDT,0xc68c3cf4c61b573358b99186956e9178a0fa808eb510ee767895d4b0dcba1a8d_USDT,1639483503,1639483503,1,4.59991e+22,45999.1,45999.1,0,0,0.800000,bridge_dst_event_flow,True
BNB,Multi,bnb_flow_0xc68c3cf4c61b__synth_hidden_dst,0xc68c3cf4c61b573358b99186956e9178a0fa808eb510ee767895d4b0dcba1a8d,0x8234fb333efec5c9bbe73cf2db25fcce2972ef9b|0xd1c5966f9f5ee6881ff6b261bbeda45972b1b5f3|0xedf0c420bc3b92b961c6ec411cc810ca81f5f21a,0x8234fb333efec5c9bbe73cf2db25fcce2972ef9b,0xedf0c420bc3b92b961c6ec411cc810ca81f5f21a,USDT,USDT,0xc68c3cf4c61b573358b99186956e9178a0fa808eb510ee767895d4b0dcba1a8d_USDT,1639483503,1639483503,1,4.59991e+22,45999.1,45999.1,0,0,0.800000,bridge_dst_event_flow,True
BNB,Multi,bnb_flow_0xc68c3cf4c61b__synth_noise_dst_0,0xc68c3cf4c61b573358b99186956e9178a0fa808eb510ee767895d4b0dcba1a8d,0x8234fb333efec5c9bbe73cf2db25fcce2972ef9b|0xd1c5966f9f5ee6881ff6b261bbeda45972b1b5f3|0xedf0c420bc3b92b961c6ec411cc810ca81f5f21a,0x8234fb333efec5c9bbe73cf2db25fcce2972ef9b,0xedf0c420bc3b92b961c6ec411cc810ca81f5f21a,USDT,USDT,0xc68c3cf4c61b573358b99186956e9178a0fa808eb510ee767895d4b0dcba1a8d_USDT,1639483563,1639483563,1,4.59991e+22,45999.1,45999.1,0,0,0.800000,bridge_dst_event_flow,True
BNB,Multi,bnb_flow_0xc68c3cf4c61b__synth_noise_dst_1,0xc68c3cf4c61b573358b99186956e9178a0fa808eb510ee767895d4b0dcba1a8d,0x8234fb333efec5c9bbe73cf2db25fcce2972ef9b|0xd1c5966f9f5ee6881ff6b261bbeda45972b1b5f3|0xedf0c420bc3b92b961c6ec411cc810ca81f5f21a,0x8234fb333efec5c9bbe73cf2db25fcce2972ef9b,0xedf0c420bc3b92b961c6ec411cc810ca81f5f21a,USDT,USDT,0xc68c3cf4c61b573358b99186956e9178a0fa808eb510ee767895d4b0dcba1a8d_USDT,1639483623,1639483623,1,4.59991e+22,45999.1,45999.1,0,0,0.800000,bridge_dst_event_flow,True
BNB,Multi,bnb_flow_0xf8b7327ed727__synth_split_a,0xf8b7327ed7275db44f8eb6d12e7c2fc636766f45583332fe1c1062715616bca8,0x7cd4d0944638cb30cfb9f8180d7a0b05afef0559|0xd1c5966f9f5ee6881ff6b261bbeda45972b1b5f3|0xedf0c420bc3b92b961c6ec411cc810ca81f5f21a,0x7cd4d0944638cb30cfb9f8180d7a0b05afef0559,0xedf0c420bc3b92b961c6ec411cc810ca81f5f21a,USDT,USDT,0xf8b7327ed7275db44f8eb6d12e7c2fc636766f45583332fe1c1062715616bca8_USDT,1637023636,1637023636,1,4.99955e+21,4999.55,4999.55,0,0,0.800000,bridge_dst_event_flow,True
BNB,Multi,bnb_flow_0xf8b7327ed727__synth_split_b,0xf8b7327ed7275db44f8eb6d12e7c2fc636766f45583332fe1c1062715616bca8,0x7cd4d0944638cb30cfb9f8180d7a0b05afef0559|0xd1c5966f9f5ee6881ff6b261bbeda45972b1b5f3|0xedf0c420bc3b92b961c6ec411cc810ca81f5f21a,0x7cd4d0944638cb30cfb9f8180d7a0b05afef0559,0xedf0c420bc3b92b961c6ec411cc810ca81f5f21a,USDT,USDT,0xf8b7327ed7275db44f8eb6d12e7c2fc636766f45583332fe1c1062715616bca8_USDT,1637023636,1637023636,1,4.99955e+21,4999.55,4999.55,0,0,0.800000,bridge_dst_event_flow,True
BNB,Multi,bnb_flow_0xf8b7327ed727__synth_merge_dst,0xf8b7327ed7275db44f8eb6d12e7c2fc636766f45583332fe1c1062715616bca8,0x7cd4d0944638cb30cfb9f8180d7a0b05afef0559|0xd1c5966f9f5ee6881ff6b261bbeda45972b1b5f3|0xedf0c420bc3b92b961c6ec411cc810ca81f5f21a,0x7cd4d0944638cb30cfb9f8180d7a0b05afef0559,0xedf0c420bc3b92b961c6ec411cc810ca81f5f21a,USDT,USDT,0xf8b7327ed7275db44f8eb6d12e7c2fc636766f45583332fe1c1062715616bca8_USDT,1637023636,1637023636,1,9.9991e+21,9999.1,9999.1,0,0,0.800000,bridge_dst_event_flow,True
BNB,Multi,bnb_flow_0xf8b7327ed727__synth_hidden_dst,0xf8b7327ed7275db44f8eb6d12e7c2fc636766f45583332fe1c1062715616bca8,0x7cd4d0944638cb30cfb9f8180d7a0b05afef0559|0xd1c5966f9f5ee6881ff6b261bbeda45972b1b5f3|0xedf0c420bc3b92b961c6ec411cc810ca81f5f21a,0x7cd4d0944638cb30cfb9f8180d7a0b05afef0559,0xedf0c420bc3b92b961c6ec411cc810ca81f5f21a,USDT,USDT,0xf8b7327ed7275db44f8eb6d12e7c2fc636766f45583332fe1c1062715616bca8_USDT,1637023636,1637023636,1,9.9991e+21,9999.1,9999.1,0,0,0.800000,bridge_dst_event_flow,True
BNB,Multi,bnb_flow_0xf8b7327ed727__synth_noise_dst_0,0xf8b7327ed7275db44f8eb6d12e7c2fc636766f45583332fe1c1062715616bca8,0x7cd4d0944638cb30cfb9f8180d7a0b05afef0559|0xd1c5966f9f5ee6881ff6b261bbeda45972b1b5f3|0xedf0c420bc3b92b961c6ec411cc810ca81f5f21a,0x7cd4d0944638cb30cfb9f8180d7a0b05afef0559,0xedf0c420bc3b92b961c6ec411cc810ca81f5f21a,USDT,USDT,0xf8b7327ed7275db44f8eb6d12e7c2fc636766f45583332fe1c1062715616bca8_USDT,1637023696,1637023696,1,9.9991e+21,9999.1,9999.1,0,0,0.800000,bridge_dst_event_flow,True
BNB,Multi,bnb_flow_0xf8b7327ed727__synth_noise_dst_1,0xf8b7327ed7275db44f8eb6d12e7c2fc636766f45583332fe1c1062715616bca8,0x7cd4d0944638cb30cfb9f8180d7a0b05afef0559|0xd1c5966f9f5ee6881ff6b261bbeda45972b1b5f3|0xedf0c420bc3b92b961c6ec411cc810ca81f5f21a,0x7cd4d0944638cb30cfb9f8180d7a0b05afef0559,0xedf0c420bc3b92b961c6ec411cc810ca81f5f21a,USDT,USDT,0xf8b7327ed7275db44f8eb6d12e7c2fc636766f45583332fe1c1062715616bca8_USDT,1637023756,1637023756,1,9.9991e+21,9999.1,9999.1,0,0,0.800000,bridge_dst_event_flow,True
BNB,Multi,bnb_flow_0x0dcaa95c7db7__synth_split_a,0x0dcaa95c7db79254ad3de216067e7fac6887cabdd312726e2c433870bf4954b6,0x1c44c2e11ae2a199090eefb7b6d01cbb0d54d8b6|0xd1c5966f9f5ee6881ff6b261bbeda45972b1b5f3|0xedf0c420bc3b92b961c6ec411cc810ca81f5f21a,0x1c44c2e11ae2a199090eefb7b6d01cbb0d54d8b6,0xedf0c420bc3b92b961c6ec411cc810ca81f5f21a,USDT,USDT,0x0dcaa95c7db79254ad3de216067e7fac6887cabdd312726e2c433870bf4954b6_USDT,1635607543,1635607543,1,3.079235e+21,3079.2349999999997,3079.2349999999997,0,0,0.800000,bridge_dst_event_flow,True
BNB,Multi,bnb_flow_0x0dcaa95c7db7__synth_split_b,0x0dcaa95c7db79254ad3de216067e7fac6887cabdd312726e2c433870bf4954b6,0x1c44c2e11ae2a199090eefb7b6d01cbb0d54d8b6|0xd1c5966f9f5ee6881ff6b261bbeda45972b1b5f3|0xedf0c420bc3b92b961c6ec411cc810ca81f5f21a,0x1c44c2e11ae2a199090eefb7b6d01cbb0d54d8b6,0xedf0c420bc3b92b961c6ec411cc810ca81f5f21a,USDT,USDT,0x0dcaa95c7db79254ad3de216067e7fac6887cabdd312726e2c433870bf4954b6_USDT,1635607543,1635607543,1,3.079235e+21,3079.2349999999997,3079.2349999999997,0,0,0.800000,bridge_dst_event_flow,True
BNB,Multi,bnb_flow_0x0dcaa95c7db7__synth_merge_dst,0x0dcaa95c7db79254ad3de216067e7fac6887cabdd312726e2c433870bf4954b6,0x1c44c2e11ae2a199090eefb7b6d01cbb0d54d8b6|0xd1c5966f9f5ee6881ff6b261bbeda45972b1b5f3|0xedf0c420bc3b92b961c6ec411cc810ca81f5f21a,0x1c44c2e11ae2a199090eefb7b6d01cbb0d54d8b6,0xedf0c420bc3b92b961c6ec411cc810ca81f5f21a,USDT,USDT,0x0dcaa95c7db79254ad3de216067e7fac6887cabdd312726e2c433870bf4954b6_USDT,1635607543,1635607543,1,6.15847e+21,6158.469999999999,6158.469999999999,0,0,0.800000,bridge_dst_event_flow,True
BNB,Multi,bnb_flow_0x0dcaa95c7db7__synth_hidden_dst,0x0dcaa95c7db79254ad3de216067e7fac6887cabdd312726e2c433870bf4954b6,0x1c44c2e11ae2a199090eefb7b6d01cbb0d54d8b6|0xd1c5966f9f5ee6881ff6b261bbeda45972b1b5f3|0xedf0c420bc3b92b961c6ec411cc810ca81f5f21a,0x1c44c2e11ae2a199090eefb7b6d01cbb0d54d8b6,0xedf0c420bc3b92b961c6ec411cc810ca81f5f21a,USDT,USDT,0x0dcaa95c7db79254ad3de216067e7fac6887cabdd312726e2c433870bf4954b6_USDT,1635607543,1635607543,1,6.15847e+21,6158.469999999999,6158.469999999999,0,0,0.800000,bridge_dst_event_flow,True
BNB,Multi,bnb_flow_0x0dcaa95c7db7__synth_noise_dst_0,0x0dcaa95c7db79254ad3de216067e7fac6887cabdd312726e2c433870bf4954b6,0x1c44c2e11ae2a199090eefb7b6d01cbb0d54d8b6|0xd1c5966f9f5ee6881ff6b261bbeda45972b1b5f3|0xedf0c420bc3b92b961c6ec411cc810ca81f5f21a,0x1c44c2e11ae2a199090eefb7b6d01cbb0d54d8b6,0xedf0c420bc3b92b961c6ec411cc810ca81f5f21a,USDT,USDT,0x0dcaa95c7db79254ad3de216067e7fac6887cabdd312726e2c433870bf4954b6_USDT,1635607603,1635607603,1,6.15847e+21,6158.469999999999,6158.469999999999,0,0,0.800000,bridge_dst_event_flow,True
BNB,Multi,bnb_flow_0x0dcaa95c7db7__synth_noise_dst_1,0x0dcaa95c7db79254ad3de216067e7fac6887cabdd312726e2c433870bf4954b6,0x1c44c2e11ae2a199090eefb7b6d01cbb0d54d8b6|0xd1c5966f9f5ee6881ff6b261bbeda45972b1b5f3|0xedf0c420bc3b92b961c6ec411cc810ca81f5f21a,0x1c44c2e11ae2a199090eefb7b6d01cbb0d54d8b6,0xedf0c420bc3b92b961c6ec411cc810ca81f5f21a,USDT,USDT,0x0dcaa95c7db79254ad3de216067e7fac6887cabdd312726e2c433870bf4954b6_USDT,1635607663,1635607663,1,6.15847e+21,6158.469999999999,6158.469999999999,0,0,0.800000,bridge_dst_event_flow,True
BNB,Multi,bnb_flow_0x50094177fce2__synth_split_a,0x50094177fce2be3bdd08c4720e65350f74f6aa1288d40892c4560520b4e1d13f,0xd1c5966f9f5ee6881ff6b261bbeda45972b1b5f3|0xedf0c420bc3b92b961c6ec411cc810ca81f5f21a|0xedfc35d3d39e84a7a00da7ddeff3acb2d87e9c6e,0xedfc35d3d39e84a7a00da7ddeff3acb2d87e9c6e,0xedf0c420bc3b92b961c6ec411cc810ca81f5f21a,USDT,USDT,0x50094177fce2be3bdd08c4720e65350f74f6aa1288d40892c4560520b4e1d13f_USDT,1638359567,1638359567,1,3.4599666666666664e+21,3459.9666666666662,3459.9666666666662,0,0,0.800000,bridge_dst_event_flow,True
BNB,Multi,bnb_flow_0x50094177fce2__synth_split_b,0x50094177fce2be3bdd08c4720e65350f74f6aa1288d40892c4560520b4e1d13f,0xd1c5966f9f5ee6881ff6b261bbeda45972b1b5f3|0xedf0c420bc3b92b961c6ec411cc810ca81f5f21a|0xedfc35d3d39e84a7a00da7ddeff3acb2d87e9c6e,0xedfc35d3d39e84a7a00da7ddeff3acb2d87e9c6e,0xedf0c420bc3b92b961c6ec411cc810ca81f5f21a,USDT,USDT,0x50094177fce2be3bdd08c4720e65350f74f6aa1288d40892c4560520b4e1d13f_USDT,1638359567,1638359567,1,3.4599666666666664e+21,3459.9666666666662,3459.9666666666662,0,0,0.800000,bridge_dst_event_flow,True
BNB,Multi,bnb_flow_0x50094177fce2__synth_split_c,0x50094177fce2be3bdd08c4720e65350f74f6aa1288d40892c4560520b4e1d13f,0xd1c5966f9f5ee6881ff6b261bbeda45972b1b5f3|0xedf0c420bc3b92b961c6ec411cc810ca81f5f21a|0xedfc35d3d39e84a7a00da7ddeff3acb2d87e9c6e,0xedfc35d3d39e84a7a00da7ddeff3acb2d87e9c6e,0xedf0c420bc3b92b961c6ec411cc810ca81f5f21a,USDT,USDT,0x50094177fce2be3bdd08c4720e65350f74f6aa1288d40892c4560520b4e1d13f_USDT,1638359567,1638359567,1,3.4599666666666664e+21,3459.9666666666662,3459.9666666666662,0,0,0.800000,bridge_dst_event_flow,True
BNB,Multi,bnb_flow_0x50094177fce2__synth_merge_dst,0x50094177fce2be3bdd08c4720e65350f74f6aa1288d40892c4560520b4e1d13f,0xd1c5966f9f5ee6881ff6b261bbeda45972b1b5f3|0xedf0c420bc3b92b961c6ec411cc810ca81f5f21a|0xedfc35d3d39e84a7a00da7ddeff3acb2d87e9c6e,0xedfc35d3d39e84a7a00da7ddeff3acb2d87e9c6e,0xedf0c420bc3b92b961c6ec411cc810ca81f5f21a,USDT,USDT,0x50094177fce2be3bdd08c4720e65350f74f6aa1288d40892c4560520b4e1d13f_USDT,1638359567,1638359567,1,1.03799e+22,10379.9,10379.9,0,0,0.800000,bridge_dst_event_flow,True
BNB,Multi,bnb_flow_0x50094177fce2__synth_hidden_dst,0x50094177fce2be3bdd08c4720e65350f74f6aa1288d40892c4560520b4e1d13f,0xd1c5966f9f5ee6881ff6b261bbeda45972b1b5f3|0xedf0c420bc3b92b961c6ec411cc810ca81f5f21a|0xedfc35d3d39e84a7a00da7ddeff3acb2d87e9c6e,0xedfc35d3d39e84a7a00da7ddeff3acb2d87e9c6e,0xedf0c420bc3b92b961c6ec411cc810ca81f5f21a,USDT,USDT,0x50094177fce2be3bdd08c4720e65350f74f6aa1288d40892c4560520b4e1d13f_USDT,1638359567,1638359567,1,1.03799e+22,10379.9,10379.9,0,0,0.800000,bridge_dst_event_flow,True
BNB,Multi,bnb_flow_0x50094177fce2__synth_noise_dst_0,0x50094177fce2be3bdd08c4720e65350f74f6aa1288d40892c4560520b4e1d13f,0xd1c5966f9f5ee6881ff6b261bbeda45972b1b5f3|0xedf0c420bc3b92b961c6ec411cc810ca81f5f21a|0xedfc35d3d39e84a7a00da7ddeff3acb2d87e9c6e,0xedfc35d3d39e84a7a00da7ddeff3acb2d87e9c6e,0xedf0c420bc3b92b961c6ec411cc810ca81f5f21a,USDT,USDT,0x50094177fce2be3bdd08c4720e65350f74f6aa1288d40892c4560520b4e1d13f_USDT,1638359627,1638359627,1,1.03799e+22,10379.9,10379.9,0,0,0.800000,bridge_dst_event_flow,True
BNB,Multi,bnb_flow_0x50094177fce2__synth_noise_dst_1,0x50094177fce2be3bdd08c4720e65350f74f6aa1288d40892c4560520b4e1d13f,0xd1c5966f9f5ee6881ff6b261bbeda45972b1b5f3|0xedf0c420bc3b92b961c6ec411cc810ca81f5f21a|0xedfc35d3d39e84a7a00da7ddeff3acb2d87e9c6e,0xedfc35d3d39e84a7a00da7ddeff3acb2d87e9c6e,0xedf0c420bc3b92b961c6ec411cc810ca81f5f21a,USDT,USDT,0x50094177fce2be3bdd08c4720e65350f74f6aa1288d40892c4560520b4e1d13f_USDT,1638359687,1638359687,1,1.03799e+22,10379.9,10379.9,0,0,0.800000,bridge_dst_event_flow,True
BNB,Multi,bnb_flow_0x12f2600c7833__synth_split_a,0x12f2600c7833063b2153e9c78864a6edefb4fb35fb317c597b01c924444969b3,0xa9405868d1aa97fe1fa5e0d86e648d094e2a888d|0xd1c5966f9f5ee6881ff6b261bbeda45972b1b5f3|0xedf0c420bc3b92b961c6ec411cc810ca81f5f21a,0xa9405868d1aa97fe1fa5e0d86e648d094e2a888d,0xedf0c420bc3b92b961c6ec411cc810ca81f5f21a,USDT,USDT,0x12f2600c7833063b2153e9c78864a6edefb4fb35fb317c597b01c924444969b3_USDT,1638160388,1638160388,1,1.739125e+22,17391.25,17391.25,0,0,0.800000,bridge_dst_event_flow,True
BNB,Multi,bnb_flow_0x12f2600c7833__synth_split_b,0x12f2600c7833063b2153e9c78864a6edefb4fb35fb317c597b01c924444969b3,0xa9405868d1aa97fe1fa5e0d86e648d094e2a888d|0xd1c5966f9f5ee6881ff6b261bbeda45972b1b5f3|0xedf0c420bc3b92b961c6ec411cc810ca81f5f21a,0xa9405868d1aa97fe1fa5e0d86e648d094e2a888d,0xedf0c420bc3b92b961c6ec411cc810ca81f5f21a,USDT,USDT,0x12f2600c7833063b2153e9c78864a6edefb4fb35fb317c597b01c924444969b3_USDT,1638160388,1638160388,1,1.739125e+22,17391.25,17391.25,0,0,0.800000,bridge_dst_event_flow,True
BNB,Multi,bnb_flow_0x12f2600c7833__synth_split_c,0x12f2600c7833063b2153e9c78864a6edefb4fb35fb317c597b01c924444969b3,0xa9405868d1aa97fe1fa5e0d86e648d094e2a888d|0xd1c5966f9f5ee6881ff6b261bbeda45972b1b5f3|0xedf0c420bc3b92b961c6ec411cc810ca81f5f21a,0xa9405868d1aa97fe1fa5e0d86e648d094e2a888d,0xedf0c420bc3b92b961c6ec411cc810ca81f5f21a,USDT,USDT,0x12f2600c7833063b2153e9c78864a6edefb4fb35fb317c597b01c924444969b3_USDT,1638160388,1638160388,1,1.739125e+22,17391.25,17391.25,0,0,0.800000,bridge_dst_event_flow,True
BNB,Multi,bnb_flow_0x12f2600c7833__synth_split_d,0x12f2600c7833063b2153e9c78864a6edefb4fb35fb317c597b01c924444969b3,0xa9405868d1aa97fe1fa5e0d86e648d094e2a888d|0xd1c5966f9f5ee6881ff6b261bbeda45972b1b5f3|0xedf0c420bc3b92b961c6ec411cc810ca81f5f21a,0xa9405868d1aa97fe1fa5e0d86e648d094e2a888d,0xedf0c420bc3b92b961c6ec411cc810ca81f5f21a,USDT,USDT,0x12f2600c7833063b2153e9c78864a6edefb4fb35fb317c597b01c924444969b3_USDT,1638160388,1638160388,1,1.739125e+22,17391.25,17391.25,0,0,0.800000,bridge_dst_event_flow,True
BNB,Multi,bnb_flow_0x12f2600c7833__synth_merge_dst,0x12f2600c7833063b2153e9c78864a6edefb4fb35fb317c597b01c924444969b3,0xa9405868d1aa97fe1fa5e0d86e648d094e2a888d|0xd1c5966f9f5ee6881ff6b261bbeda45972b1b5f3|0xedf0c420bc3b92b961c6ec411cc810ca81f5f21a,0xa9405868d1aa97fe1fa5e0d86e648d094e2a888d,0xedf0c420bc3b92b961c6ec411cc810ca81f5f21a,USDT,USDT,0x12f2600c7833063b2153e9c78864a6edefb4fb35fb317c597b01c924444969b3_USDT,1638160388,1638160388,1,6.9565e+22,69565.0,69565.0,0,0,0.800000,bridge_dst_event_flow,True
BNB,Multi,bnb_flow_0x12f2600c7833__synth_hidden_dst,0x12f2600c7833063b2153e9c78864a6edefb4fb35fb317c597b01c924444969b3,0xa9405868d1aa97fe1fa5e0d86e648d094e2a888d|0xd1c5966f9f5ee6881ff6b261bbeda45972b1b5f3|0xedf0c420bc3b92b961c6ec411cc810ca81f5f21a,0xa9405868d1aa97fe1fa5e0d86e648d094e2a888d,0xedf0c420bc3b92b961c6ec411cc810ca81f5f21a,USDT,USDT,0x12f2600c7833063b2153e9c78864a6edefb4fb35fb317c597b01c924444969b3_USDT,1638160388,1638160388,1,6.9565e+22,69565.0,69565.0,0,0,0.800000,bridge_dst_event_flow,True
BNB,Multi,bnb_flow_0x12f2600c7833__synth_noise_dst_0,0x12f2600c7833063b2153e9c78864a6edefb4fb35fb317c597b01c924444969b3,0xa9405868d1aa97fe1fa5e0d86e648d094e2a888d|0xd1c5966f9f5ee6881ff6b261bbeda45972b1b5f3|0xedf0c420bc3b92b961c6ec411cc810ca81f5f21a,0xa9405868d1aa97fe1fa5e0d86e648d094e2a888d,0xedf0c420bc3b92b961c6ec411cc810ca81f5f21a,USDT,USDT,0x12f2600c7833063b2153e9c78864a6edefb4fb35fb317c597b01c924444969b3_USDT,1638160448,1638160448,1,6.9565e+22,69565.0,69565.0,0,0,0.800000,bridge_dst_event_flow,True
BNB,Multi,bnb_flow_0x12f2600c7833__synth_noise_dst_1,0x12f2600c7833063b2153e9c78864a6edefb4fb35fb317c597b01c924444969b3,0xa9405868d1aa97fe1fa5e0d86e648d094e2a888d|0xd1c5966f9f5ee6881ff6b261bbeda45972b1b5f3|0xedf0c420bc3b92b961c6ec411cc810ca81f5f21a,0xa9405868d1aa97fe1fa5e0d86e648d094e2a888d,0xedf0c420bc3b92b961c6ec411cc810ca81f5f21a,USDT,USDT,0x12f2600c7833063b2153e9c78864a6edefb4fb35fb317c597b01c924444969b3_USDT,1638160508,1638160508,1,6.9565e+22,69565.0,69565.0,0,0,0.800000,bridge_dst_event_flow,True
