chain,bridge,flow_id,tx_hashes,address_set,primary_address,token_contracts,token_symbols,asset_group,route_id,start_time,end_time,tx_count,raw_amount_sum,human_amount_sum,usd_amount_sum,aml_score_mean,aml_score_max,evidence_quality_mean,flow_construction_rule
ETH,Multi,eth_flow_0x6e382c863fa2__r7fam00__inst00__synth_split_src,0x6e382c863fa253a94ccd8fddb596bdf97bb68412c93e204e588697e39c9f3718,0x22648c12acd87912ea1710357b1302c6a4154ebc|0x3122205b0b30ab414cb96186ff625b5d5beb1469,0x3122205b0b30ab414cb96186ff625b5d5beb1469,0x22648c12acd87912ea1710357b1302c6a4154ebc,USDT,USDT,0x6e382c863fa253a94ccd8fddb596bdf97bb68412c93e204e588697e39c9f3718_USDT,1638991933,1638991933,1,25000000.0,25.0,25.0,0.000000,0.000000,0.750000,bridge_deposit_flow
ETH,Multi,eth_flow_0x6e382c863fa2__r7fam00__inst00__synth_merge_src1,0x6e382c863fa253a94ccd8fddb596bdf97bb68412c93e204e588697e39c9f3718,0x22648c12acd87912ea1710357b1302c6a4154ebc|0x3122205b0b30ab414cb96186ff625b5d5beb1469,0x3122205b0b30ab414cb96186ff625b5d5beb1469,0x22648c12acd87912ea1710357b1302c6a4154ebc,USDT,USDT,0x6e382c863fa253a94ccd8fddb596bdf97bb68412c93e204e588697e39c9f3718_USDT,1638991933,1638991933,1,12500000.0,12.5,12.5,0.000000,0.000000,0.750000,bridge_deposit_flow
ETH,Multi,eth_flow_0x6e382c863fa2__r7fam00__inst00__synth_merge_src2,0x6e382c863fa253a94ccd8fddb596bdf97bb68412c93e204e588697e39c9f3718,0x22648c12acd87912ea1710357b1302c6a4154ebc|0x3122205b0b30ab414cb96186ff625b5d5beb1469,0x3122205b0b30ab414cb96186ff625b5d5beb1469,0x22648c12acd87912ea1710357b1302c6a4154ebc,USDT,USDT,0x6e382c863fa253a94ccd8fddb596bdf97bb68412c93e204e588697e39c9f3718_USDT,1638991933,1638991933,1,12500000.0,12.5,12.5,0.000000,0.000000,0.750000,bridge_deposit_flow
ETH,Multi,eth_flow_0x6e382c863fa2__r7fam00__inst00__synth_unmatched_src,0x6e382c863fa253a94ccd8fddb596bdf97bb68412c93e204e588697e39c9f3718,0x22648c12acd87912ea1710357b1302c6a4154ebc|0x3122205b0b30ab414cb96186ff625b5d5beb1469,0x3122205b0b30ab414cb96186ff625b5d5beb1469,0x22648c12acd87912ea1710357b1302c6a4154ebc,USDT,USDT,0x6e382c863fa253a94ccd8fddb596bdf97bb68412c93e204e588697e39c9f3718_USDT,1638991933,1638991933,1,25000000.0,25.0,25.0,0.000000,0.000000,0.750000,bridge_deposit_flow
ETH,Multi,eth_flow_0x6e382c863fa2__r7fam00__inst00__synth_noise_src_0,0x6e382c863fa253a94ccd8fddb596bdf97bb68412c93e204e588697e39c9f3718,0x22648c12acd87912ea1710357b1302c6a4154ebc|0x3122205b0b30ab414cb96186ff625b5d5beb1469,0x3122205b0b30ab414cb96186ff625b5d5beb1469,0x22648c12acd87912ea1710357b1302c6a4154ebc,USDT,USDT,0x6e382c863fa253a94ccd8fddb596bdf97bb68412c93e204e588697e39c9f3718_USDT,1638991933,1638991933,1,25000000.0,25.0,25.0,0.000000,0.000000,0.750000,bridge_deposit_flow
ETH,Multi,eth_flow_0x6e382c863fa2__r7fam00__inst00__synth_noise_src_1,0x6e382c863fa253a94ccd8fddb596bdf97bb68412c93e204e588697e39c9f3718,0x22648c12acd87912ea1710357b1302c6a4154ebc|0x3122205b0b30ab414cb96186ff625b5d5beb1469,0x3122205b0b30ab414cb96186ff625b5d5beb1469,0x22648c12acd87912ea1710357b1302c6a4154ebc,USDT,USDT,0x6e382c863fa253a94ccd8fddb596bdf97bb68412c93e204e588697e39c9f3718_USDT,1638991933,1638991933,1,25000000.0,25.0,25.0,0.000000,0.000000,0.750000,bridge_deposit_flow
ETH,Multi,eth_flow_0x2ffa297a14ba__r7fam00__inst01__synth_split_src,0x2ffa297a14ba0f51c7c639074810298276a3454522498a2e3310d593fe3dd0bc,0x22648c12acd87912ea1710357b1302c6a4154ebc|0xfe0c348c05f12a17a2bc974eb50546338f293742,0xfe0c348c05f12a17a2bc974eb50546338f293742,0x22648c12acd87912ea1710357b1302c6a4154ebc,USDT,USDT,0x2ffa297a14ba0f51c7c639074810298276a3454522498a2e3310d593fe3dd0bc_USDT,1638629646,1638629646,1,33000000.0,33.0,33.0,0.000000,0.000000,0.750000,bridge_deposit_flow
ETH,Multi,eth_flow_0x2ffa297a14ba__r7fam00__inst01__synth_merge_src1,0x2ffa297a14ba0f51c7c639074810298276a3454522498a2e3310d593fe3dd0bc,0x22648c12acd87912ea1710357b1302c6a4154ebc|0xfe0c348c05f12a17a2bc974eb50546338f293742,0xfe0c348c05f12a17a2bc974eb50546338f293742,0x22648c12acd87912ea1710357b1302c6a4154ebc,USDT,USDT,0x2ffa297a14ba0f51c7c639074810298276a3454522498a2e3310d593fe3dd0bc_USDT,1638629646,1638629646,1,16500000.0,16.5,16.5,0.000000,0.000000,0.750000,bridge_deposit_flow
ETH,Multi,eth_flow_0x2ffa297a14ba__r7fam00__inst01__synth_merge_src2,0x2ffa297a14ba0f51c7c639074810298276a3454522498a2e3310d593fe3dd0bc,0x22648c12acd87912ea1710357b1302c6a4154ebc|0xfe0c348c05f12a17a2bc974eb50546338f293742,0xfe0c348c05f12a17a2bc974eb50546338f293742,0x22648c12acd87912ea1710357b1302c6a4154ebc,USDT,USDT,0x2ffa297a14ba0f51c7c639074810298276a3454522498a2e3310d593fe3dd0bc_USDT,1638629646,1638629646,1,16500000.0,16.5,16.5,0.000000,0.000000,0.750000,bridge_deposit_flow
ETH,Multi,eth_flow_0x2ffa297a14ba__r7fam00__inst01__synth_unmatched_src,0x2ffa297a14ba0f51c7c639074810298276a3454522498a2e3310d593fe3dd0bc,0x22648c12acd87912ea1710357b1302c6a4154ebc|0xfe0c348c05f12a17a2bc974eb50546338f293742,0xfe0c348c05f12a17a2bc974eb50546338f293742,0x22648c12acd87912ea1710357b1302c6a4154ebc,USDT,USDT,0x2ffa297a14ba0f51c7c639074810298276a3454522498a2e3310d593fe3dd0bc_USDT,1638629646,1638629646,1,33000000.0,33.0,33.0,0.000000,0.000000,0.750000,bridge_deposit_flow
ETH,Multi,eth_flow_0x2ffa297a14ba__r7fam00__inst01__synth_noise_src_0,0x2ffa297a14ba0f51c7c639074810298276a3454522498a2e3310d593fe3dd0bc,0x22648c12acd87912ea1710357b1302c6a4154ebc|0xfe0c348c05f12a17a2bc974eb50546338f293742,0xfe0c348c05f12a17a2bc974eb50546338f293742,0x22648c12acd87912ea1710357b1302c6a4154ebc,USDT,USDT,0x2ffa297a14ba0f51c7c639074810298276a3454522498a2e3310d593fe3dd0bc_USDT,1638629646,1638629646,1,33000000.0,33.0,33.0,0.000000,0.000000,0.750000,bridge_deposit_flow
ETH,Multi,eth_flow_0x2ffa297a14ba__r7fam00__inst01__synth_noise_src_1,0x2ffa297a14ba0f51c7c639074810298276a3454522498a2e3310d593fe3dd0bc,0x22648c12acd87912ea1710357b1302c6a4154ebc|0xfe0c348c05f12a17a2bc974eb50546338f293742,0xfe0c348c05f12a17a2bc974eb50546338f293742,0x22648c12acd87912ea1710357b1302c6a4154ebc,USDT,USDT,0x2ffa297a14ba0f51c7c639074810298276a3454522498a2e3310d593fe3dd0bc_USDT,1638629646,1638629646,1,33000000.0,33.0,33.0,0.000000,0.000000,0.750000,bridge_deposit_flow
ETH,Multi,eth_flow_0xb2318726c7e7__r7fam01__inst00__synth_split_src,0xb2318726c7e7b42e3eb381d14aa4db2bf717224072136004df052bdaa6a5171c,0x0615dbba33fe61a31c7ed131bda6655ed76748b1|0x4396005dbc7c3ef36f379f124196631477744fc1|0xc02aaa39b223fe8d0a0e5c4f27ead9083c756cc2,0x4396005dbc7c3ef36f379f124196631477744fc1,0x0615dbba33fe61a31c7ed131bda6655ed76748b1,WETH,WETH_ETH,0xb2318726c7e7b42e3eb381d14aa4db2bf717224072136004df052bdaa6a5171c_WETH,1645587984,1645587984,1,6e+16,0.06,147.65451446143655,0.000000,0.000000,0.800000,bridge_deposit_flow
ETH,Multi,eth_flow_0xb2318726c7e7__r7fam01__inst00__synth_merge_src1,0xb2318726c7e7b42e3eb381d14aa4db2bf717224072136004df052bdaa6a5171c,0x0615dbba33fe61a31c7ed131bda6655ed76748b1|0x4396005dbc7c3ef36f379f124196631477744fc1|0xc02aaa39b223fe8d0a0e5c4f27ead9083c756cc2,0x4396005dbc7c3ef36f379f124196631477744fc1,0x0615dbba33fe61a31c7ed131bda6655ed76748b1,WETH,WETH_ETH,0xb2318726c7e7b42e3eb381d14aa4db2bf717224072136004df052bdaa6a5171c_WETH,1645587984,1645587984,1,3e+16,0.03,73.82725723071827,0.000000,0.000000,0.800000,bridge_deposit_flow
ETH,Multi,eth_flow_0xb2318726c7e7__r7fam01__inst00__synth_merge_src2,0xb2318726c7e7b42e3eb381d14aa4db2bf717224072136004df052bdaa6a5171c,0x0615dbba33fe61a31c7ed131bda6655ed76748b1|0x4396005dbc7c3ef36f379f124196631477744fc1|0xc02aaa39b223fe8d0a0e5c4f27ead9083c756cc2,0x4396005dbc7c3ef36f379f124196631477744fc1,0x0615dbba33fe61a31c7ed131bda6655ed76748b1,WETH,WETH_ETH,0xb2318726c7e7b42e3eb381d14aa4db2bf717224072136004df052bdaa6a5171c_WETH,1645587984,1645587984,1,3e+16,0.03,73.82725723071827,0.000000,0.000000,0.800000,bridge_deposit_flow
ETH,Multi,eth_flow_0xb2318726c7e7__r7fam01__inst00__synth_unmatched_src,0xb2318726c7e7b42e3eb381d14aa4db2bf717224072136004df052bdaa6a5171c,0x0615dbba33fe61a31c7ed131bda6655ed76748b1|0x4396005dbc7c3ef36f379f124196631477744fc1|0xc02aaa39b223fe8d0a0e5c4f27ead9083c756cc2,0x4396005dbc7c3ef36f379f124196631477744fc1,0x0615dbba33fe61a31c7ed131bda6655ed76748b1,WETH,WETH_ETH,0xb2318726c7e7b42e3eb381d14aa4db2bf717224072136004df052bdaa6a5171c_WETH,1645587984,1645587984,1,6e+16,0.06,147.65451446143655,0.000000,0.000000,0.800000,bridge_deposit_flow
ETH,Multi,eth_flow_0xb2318726c7e7__r7fam01__inst00__synth_noise_src_0,0xb2318726c7e7b42e3eb381d14aa4db2bf717224072136004df052bdaa6a5171c,0x0615dbba33fe61a31c7ed131bda6655ed76748b1|0x4396005dbc7c3ef36f379f124196631477744fc1|0xc02aaa39b223fe8d0a0e5c4f27ead9083c756cc2,0x4396005dbc7c3ef36f379f124196631477744fc1,0x0615dbba33fe61a31c7ed131bda6655ed76748b1,WETH,WETH_ETH,0xb2318726c7e7b42e3eb381d14aa4db2bf717224072136004df052bdaa6a5171c_WETH,1645587984,1645587984,1,6e+16,0.06,147.65451446143655,0.000000,0.000000,0.800000,bridge_deposit_flow
ETH,Multi,eth_flow_0xb2318726c7e7__r7fam01__inst00__synth_noise_src_1,0xb2318726c7e7b42e3eb381d14aa4db2bf717224072136004df052bdaa6a5171c,0x0615dbba33fe61a31c7ed131bda6655ed76748b1|0x4396005dbc7c3ef36f379f124196631477744fc1|0xc02aaa39b223fe8d0a0e5c4f27ead9083c756cc2,0x4396005dbc7c3ef36f379f124196631477744fc1,0x0615dbba33fe61a31c7ed131bda6655ed76748b1,WETH,WETH_ETH,0xb2318726c7e7b42e3eb381d14aa4db2bf717224072136004df052bdaa6a5171c_WETH,1645587984,1645587984,1,6e+16,0.06,147.65451446143655,0.000000,0.000000,0.800000,bridge_deposit_flow
ETH,Multi,eth_flow_0x43332231042d__r7fam01__inst01__synth_split_src,0x43332231042de9904f379911372d6b7f65217cf7546f7e7e525a7a76e109bcc2,0x22648c12acd87912ea1710357b1302c6a4154ebc|0x9597ceb928f39d150cb4d1fd432351567f691a13,0x9597ceb928f39d150cb4d1fd432351567f691a13,0x22648c12acd87912ea1710357b1302c6a4154ebc,USDT,USDT,0x43332231042de9904f379911372d6b7f65217cf7546f7e7e525a7a76e109bcc2_USDT,1631873809,1631873809,1,70000000.0,70.0,70.0,0.000000,0.000000,0.775000,bridge_deposit_flow
ETH,Multi,eth_flow_0x43332231042d__r7fam01__inst01__synth_merge_src1,0x43332231042de9904f379911372d6b7f65217cf7546f7e7e525a7a76e109bcc2,0x22648c12acd87912ea1710357b1302c6a4154ebc|0x9597ceb928f39d150cb4d1fd432351567f691a13,0x9597ceb928f39d150cb4d1fd432351567f691a13,0x22648c12acd87912ea1710357b1302c6a4154ebc,USDT,USDT,0x43332231042de9904f379911372d6b7f65217cf7546f7e7e525a7a76e109bcc2_USDT,1631873809,1631873809,1,35000000.0,35.0,35.0,0.000000,0.000000,0.775000,bridge_deposit_flow
ETH,Multi,eth_flow_0x43332231042d__r7fam01__inst01__synth_merge_src2,0x43332231042de9904f379911372d6b7f65217cf7546f7e7e525a7a76e109bcc2,0x22648c12acd87912ea1710357b1302c6a4154ebc|0x9597ceb928f39d150cb4d1fd432351567f691a13,0x9597ceb928f39d150cb4d1fd432351567f691a13,0x22648c12acd87912ea1710357b1302c6a4154ebc,USDT,USDT,0x43332231042de9904f379911372d6b7f65217cf7546f7e7e525a7a76e109bcc2_USDT,1631873809,1631873809,1,35000000.0,35.0,35.0,0.000000,0.000000,0.775000,bridge_deposit_flow
ETH,Multi,eth_flow_0x43332231042d__r7fam01__inst01__synth_unmatched_src,0x43332231042de9904f379911372d6b7f65217cf7546f7e7e525a7a76e109bcc2,0x22648c12acd87912ea1710357b1302c6a4154ebc|0x9597ceb928f39d150cb4d1fd432351567f691a13,0x9597ceb928f39d150cb4d1fd432351567f691a13,0x22648c12acd87912ea1710357b1302c6a4154ebc,USDT,USDT,0x43332231042de9904f379911372d6b7f65217cf7546f7e7e525a7a76e109bcc2_USDT,1631873809,1631873809,1,70000000.0,70.0,70.0,0.000000,0.000000,0.775000,bridge_deposit_flow
ETH,Multi,eth_flow_0x43332231042d__r7fam01__inst01__synth_noise_src_0,0x43332231042de9904f379911372d6b7f65217cf7546f7e7e525a7a76e109bcc2,0x22648c12acd87912ea1710357b1302c6a4154ebc|0x9597ceb928f39d150cb4d1fd432351567f691a13,0x9597ceb928f39d150cb4d1fd432351567f691a13,0x22648c12acd87912ea1710357b1302c6a4154ebc,USDT,USDT,0x43332231042de9904f379911372d6b7f65217cf7546f7e7e525a7a76e109bcc2_USDT,1631873809,1631873809,1,70000000.0,70.0,70.0,0.000000,0.000000,0.775000,bridge_deposit_flow
ETH,Multi,eth_flow_0x43332231042d__r7fam01__inst01__synth_noise_src_1,0x43332231042de9904f379911372d6b7f65217cf7546f7e7e525a7a76e109bcc2,0x22648c12acd87912ea1710357b1302c6a4154ebc|0x9597ceb928f39d150cb4d1fd432351567f691a13,0x9597ceb928f39d150cb4d1fd432351567f691a13,0x22648c12acd87912ea1710357b1302c6a4154ebc,USDT,USDT,0x43332231042de9904f379911372d6b7f65217cf7546f7e7e525a7a76e109bcc2_USDT,1631873809,1631873809,1,70000000.0,70.0,70.0,0.000000,0.000000,0.775000,bridge_deposit_flow
ETH,Multi,eth_flow_0xcfc18b0fc508__r7fam02__inst00__synth_split_src,0xcfc18b0fc5087a8cb673e4a0aab85b74bb14e9349cdbeabd0bf274d3ae8916a3,0x765277eebeca2e31912c9946eae1021199b39c61|0x818ec0a7fe18ff94269904fced6ae3dae6d6dc0b|0xa444e53ede6a4f5d7970a920300e02e97c9e2bfa,0xa444e53ede6a4f5d7970a920300e02e97c9e2bfa,0x818ec0a7fe18ff94269904fced6ae3dae6d6dc0b,HGET,HGET,0xcfc18b0fc5087a8cb673e4a0aab85b74bb14e9349cdbeabd0bf274d3ae8916a3_HGET,1622716436,1622716436,1,516564000.0,516.564,31.98936563068736,16.279070,16.279070,0.775000,bridge_deposit_flow
ETH,Multi,eth_flow_0xcfc18b0fc508__r7fam02__inst00__synth_merge_src1,0xcfc18b0fc5087a8cb673e4a0aab85b74bb14e9349cdbeabd0bf274d3ae8916a3,0x765277eebeca2e31912c9946eae1021199b39c61|0x818ec0a7fe18ff94269904fced6ae3dae6d6dc0b|0xa444e53ede6a4f5d7970a920300e02e97c9e2bfa,0xa444e53ede6a4f5d7970a920300e02e97c9e2bfa,0x818ec0a7fe18ff94269904fced6ae3dae6d6dc0b,HGET,HGET,0xcfc18b0fc5087a8cb673e4a0aab85b74bb14e9349cdbeabd0bf274d3ae8916a3_HGET,1622716436,1622716436,1,258282000.0,258.282,15.99468281534368,16.279070,16.279070,0.775000,bridge_deposit_flow
ETH,Multi,eth_flow_0xcfc18b0fc508__r7fam02__inst00__synth_merge_src2,0xcfc18b0fc5087a8cb673e4a0aab85b74bb14e9349cdbeabd0bf274d3ae8916a3,0x765277eebeca2e31912c9946eae1021199b39c61|0x818ec0a7fe18ff94269904fced6ae3dae6d6dc0b|0xa444e53ede6a4f5d7970a920300e02e97c9e2bfa,0xa444e53ede6a4f5d7970a920300e02e97c9e2bfa,0x818ec0a7fe18ff94269904fced6ae3dae6d6dc0b,HGET,HGET,0xcfc18b0fc5087a8cb673e4a0aab85b74bb14e9349cdbeabd0bf274d3ae8916a3_HGET,1622716436,1622716436,1,258282000.0,258.282,15.99468281534368,16.279070,16.279070,0.775000,bridge_deposit_flow
ETH,Multi,eth_flow_0xcfc18b0fc508__r7fam02__inst00__synth_unmatched_src,0xcfc18b0fc5087a8cb673e4a0aab85b74bb14e9349cdbeabd0bf274d3ae8916a3,0x765277eebeca2e31912c9946eae1021199b39c61|0x818ec0a7fe18ff94269904fced6ae3dae6d6dc0b|0xa444e53ede6a4f5d7970a920300e02e97c9e2bfa,0xa444e53ede6a4f5d7970a920300e02e97c9e2bfa,0x818ec0a7fe18ff94269904fced6ae3dae6d6dc0b,HGET,HGET,0xcfc18b0fc5087a8cb673e4a0aab85b74bb14e9349cdbeabd0bf274d3ae8916a3_HGET,1622716436,1622716436,1,516564000.0,516.564,31.98936563068736,16.279070,16.279070,0.775000,bridge_deposit_flow
ETH,Multi,eth_flow_0xcfc18b0fc508__r7fam02__inst00__synth_noise_src_0,0xcfc18b0fc5087a8cb673e4a0aab85b74bb14e9349cdbeabd0bf274d3ae8916a3,0x765277eebeca2e31912c9946eae1021199b39c61|0x818ec0a7fe18ff94269904fced6ae3dae6d6dc0b|0xa444e53ede6a4f5d7970a920300e02e97c9e2bfa,0xa444e53ede6a4f5d7970a920300e02e97c9e2bfa,0x818ec0a7fe18ff94269904fced6ae3dae6d6dc0b,HGET,HGET,0xcfc18b0fc5087a8cb673e4a0aab85b74bb14e9349cdbeabd0bf274d3ae8916a3_HGET,1622716436,1622716436,1,516564000.0,516.564,31.98936563068736,16.279070,16.279070,0.775000,bridge_deposit_flow
ETH,Multi,eth_flow_0xcfc18b0fc508__r7fam02__inst00__synth_noise_src_1,0xcfc18b0fc5087a8cb673e4a0aab85b74bb14e9349cdbeabd0bf274d3ae8916a3,0x765277eebeca2e31912c9946eae1021199b39c61|0x818ec0a7fe18ff94269904fced6ae3dae6d6dc0b|0xa444e53ede6a4f5d7970a920300e02e97c9e2bfa,0xa444e53ede6a4f5d7970a920300e02e97c9e2bfa,0x818ec0a7fe18ff94269904fced6ae3dae6d6dc0b,HGET,HGET,0xcfc18b0fc5087a8cb673e4a0aab85b74bb14e9349cdbeabd0bf274d3ae8916a3_HGET,1622716436,1622716436,1,516564000.0,516.564,31.98936563068736,16.279070,16.279070,0.775000,bridge_deposit_flow
ETH,Multi,eth_flow_0x96c9fa30ef1a__r7fam02__inst01__synth_split_src,0x96c9fa30ef1ad13820620c3cd5981bc34dfc296071843a36962e5b6b60cca7fa,0x0bd988063235d21aa138139227ef81906aa3969e|0x765277eebeca2e31912c9946eae1021199b39c61|0x818ec0a7fe18ff94269904fced6ae3dae6d6dc0b,0x0bd988063235d21aa138139227ef81906aa3969e,0x818ec0a7fe18ff94269904fced6ae3dae6d6dc0b,HGET,HGET,0x96c9fa30ef1ad13820620c3cd5981bc34dfc296071843a36962e5b6b60cca7fa_HGET,1622010577,1622010577,1,1506490000.0,1506.49,93.29271770579096,16.279070,16.279070,0.775000,bridge_deposit_flow
ETH,Multi,eth_flow_0x96c9fa30ef1a__r7fam02__inst01__synth_merge_src1,0x96c9fa30ef1ad13820620c3cd5981bc34dfc296071843a36962e5b6b60cca7fa,0x0bd988063235d21aa138139227ef81906aa3969e|0x765277eebeca2e31912c9946eae1021199b39c61|0x818ec0a7fe18ff94269904fced6ae3dae6d6dc0b,0x0bd988063235d21aa138139227ef81906aa3969e,0x818ec0a7fe18ff94269904fced6ae3dae6d6dc0b,HGET,HGET,0x96c9fa30ef1ad13820620c3cd5981bc34dfc296071843a36962e5b6b60cca7fa_HGET,1622010577,1622010577,1,753245000.0,753.245,46.64635885289548,16.279070,16.279070,0.775000,bridge_deposit_flow
ETH,Multi,eth_flow_0x96c9fa30ef1a__r7fam02__inst01__synth_merge_src2,0x96c9fa30ef1ad13820620c3cd5981bc34dfc296071843a36962e5b6b60cca7fa,0x0bd988063235d21aa138139227ef81906aa3969e|0x765277eebeca2e31912c9946eae1021199b39c61|0x818ec0a7fe18ff94269904fced6ae3dae6d6dc0b,0x0bd988063235d21aa138139227ef81906aa3969e,0x818ec0a7fe18ff94269904fced6ae3dae6d6dc0b,HGET,HGET,0x96c9fa30ef1ad13820620c3cd5981bc34dfc296071843a36962e5b6b60cca7fa_HGET,1622010577,1622010577,1,753245000.0,753.245,46.64635885289548,16.279070,16.279070,0.775000,bridge_deposit_flow
ETH,Multi,eth_flow_0x96c9fa30ef1a__r7fam02__inst01__synth_unmatched_src,0x96c9fa30ef1ad13820620c3cd5981bc34dfc296071843a36962e5b6b60cca7fa,0x0bd988063235d21aa138139227ef81906aa3969e|0x765277eebeca2e31912c9946eae1021199b39c61|0x818ec0a7fe18ff94269904fced6ae3dae6d6dc0b,0x0bd988063235d21aa138139227ef81906aa3969e,0x818ec0a7fe18ff94269904fced6ae3dae6d6dc0b,HGET,HGET,0x96c9fa30ef1ad13820620c3cd5981bc34dfc296071843a36962e5b6b60cca7fa_HGET,1622010577,1622010577,1,1506490000.0,1506.49,93.29271770579096,16.279070,16.279070,0.775000,bridge_deposit_flow
ETH,Multi,eth_flow_0x96c9fa30ef1a__r7fam02__inst01__synth_noise_src_0,0x96c9fa30ef1ad13820620c3cd5981bc34dfc296071843a36962e5b6b60cca7fa,0x0bd988063235d21aa138139227ef81906aa3969e|0x765277eebeca2e31912c9946eae1021199b39c61|0x818ec0a7fe18ff94269904fced6ae3dae6d6dc0b,0x0bd988063235d21aa138139227ef81906aa3969e,0x818ec0a7fe18ff94269904fced6ae3dae6d6dc0b,HGET,HGET,0x96c9fa30ef1ad13820620c3cd5981bc34dfc296071843a36962e5b6b60cca7fa_HGET,1622010577,1622010577,1,1506490000.0,1506.49,93.29271770579096,16.279070,16.279070,0.775000,bridge_deposit_flow
ETH,Multi,eth_flow_0x96c9fa30ef1a__r7fam02__inst01__synth_noise_src_1,0x96c9fa30ef1ad13820620c3cd5981bc34dfc296071843a36962e5b6b60cca7fa,0x0bd988063235d21aa138139227ef81906aa3969e|0x765277eebeca2e31912c9946eae1021199b39c61|0x818ec0a7fe18ff94269904fced6ae3dae6d6dc0b,0x0bd988063235d21aa138139227ef81906aa3969e,0x818ec0a7fe18ff94269904fced6ae3dae6d6dc0b,HGET,HGET,0x96c9fa30ef1ad13820620c3cd5981bc34dfc296071843a36962e5b6b60cca7fa_HGET,1622010577,1622010577,1,1506490000.0,1506.49,93.29271770579096,16.279070,16.279070,0.775000,bridge_deposit_flow
ETH,Multi,eth_flow_0xfd47fb1ea42a__r7fam03__inst00__synth_split_src,0xfd47fb1ea42ae5e27b7243d378a10ea6fb99ca4f48be4b06b7452c2aa3640944,0x22648c12acd87912ea1710357b1302c6a4154ebc|0x60ead9e40c47ae0ffb1dfc462f69eda9d8b61d82,0x60ead9e40c47ae0ffb1dfc462f69eda9d8b61d82,0x22648c12acd87912ea1710357b1302c6a4154ebc,USDT,USDT,0xfd47fb1ea42ae5e27b7243d378a10ea6fb99ca4f48be4b06b7452c2aa3640944_USDT,1639255883,1639255883,1,199830000.0,199.83,199.83,0.000000,0.000000,0.775000,bridge_deposit_flow
ETH,Multi,eth_flow_0xfd47fb1ea42a__r7fam03__inst00__synth_merge_src1,0xfd47fb1ea42ae5e27b7243d378a10ea6fb99ca4f48be4b06b7452c2aa3640944,0x22648c12acd87912ea1710357b1302c6a4154ebc|0x60ead9e40c47ae0ffb1dfc462f69eda9d8b61d82,0x60ead9e40c47ae0ffb1dfc462f69eda9d8b61d82,0x22648c12acd87912ea1710357b1302c6a4154ebc,USDT,USDT,0xfd47fb1ea42ae5e27b7243d378a10ea6fb99ca4f48be4b06b7452c2aa3640944_USDT,1639255883,1639255883,1,99915000.0,99.915,99.915,0.000000,0.000000,0.775000,bridge_deposit_flow
ETH,Multi,eth_flow_0xfd47fb1ea42a__r7fam03__inst00__synth_merge_src2,0xfd47fb1ea42ae5e27b7243d378a10ea6fb99ca4f48be4b06b7452c2aa3640944,0x22648c12acd87912ea1710357b1302c6a4154ebc|0x60ead9e40c47ae0ffb1dfc462f69eda9d8b61d82,0x60ead9e40c47ae0ffb1dfc462f69eda9d8b61d82,0x22648c12acd87912ea1710357b1302c6a4154ebc,USDT,USDT,0xfd47fb1ea42ae5e27b7243d378a10ea6fb99ca4f48be4b06b7452c2aa3640944_USDT,1639255883,1639255883,1,99915000.0,99.915,99.915,0.000000,0.000000,0.775000,bridge_deposit_flow
ETH,Multi,eth_flow_0xfd47fb1ea42a__r7fam03__inst00__synth_unmatched_src,0xfd47fb1ea42ae5e27b7243d378a10ea6fb99ca4f48be4b06b7452c2aa3640944,0x22648c12acd87912ea1710357b1302c6a4154ebc|0x60ead9e40c47ae0ffb1dfc462f69eda9d8b61d82,0x60ead9e40c47ae0ffb1dfc462f69eda9d8b61d82,0x22648c12acd87912ea1710357b1302c6a4154ebc,USDT,USDT,0xfd47fb1ea42ae5e27b7243d378a10ea6fb99ca4f48be4b06b7452c2aa3640944_USDT,1639255883,1639255883,1,199830000.0,199.83,199.83,0.000000,0.000000,0.775000,bridge_deposit_flow
ETH,Multi,eth_flow_0xfd47fb1ea42a__r7fam03__inst00__synth_noise_src_0,0xfd47fb1ea42ae5e27b7243d378a10ea6fb99ca4f48be4b06b7452c2aa3640944,0x22648c12acd87912ea1710357b1302c6a4154ebc|0x60ead9e40c47ae0ffb1dfc462f69eda9d8b61d82,0x60ead9e40c47ae0ffb1dfc462f69eda9d8b61d82,0x22648c12acd87912ea1710357b1302c6a4154ebc,USDT,USDT,0xfd47fb1ea42ae5e27b7243d378a10ea6fb99ca4f48be4b06b7452c2aa3640944_USDT,1639255883,1639255883,1,199830000.0,199.83,199.83,0.000000,0.000000,0.775000,bridge_deposit_flow
ETH,Multi,eth_flow_0xfd47fb1ea42a__r7fam03__inst00__synth_noise_src_1,0xfd47fb1ea42ae5e27b7243d378a10ea6fb99ca4f48be4b06b7452c2aa3640944,0x22648c12acd87912ea1710357b1302c6a4154ebc|0x60ead9e40c47ae0ffb1dfc462f69eda9d8b61d82,0x60ead9e40c47ae0ffb1dfc462f69eda9d8b61d82,0x22648c12acd87912ea1710357b1302c6a4154ebc,USDT,USDT,0xfd47fb1ea42ae5e27b7243d378a10ea6fb99ca4f48be4b06b7452c2aa3640944_USDT,1639255883,1639255883,1,199830000.0,199.83,199.83,0.000000,0.000000,0.775000,bridge_deposit_flow
ETH,Multi,eth_flow_0xbb8a6e043b70__r7fam03__inst01__synth_split_src,0xbb8a6e043b706f0220af74bbe1558332667b52273a929706e3ec3eafc4944468,0x765277eebeca2e31912c9946eae1021199b39c61|0x922d641a426dcffaef11680e5358f34d97d112e1|0xf4484efb942029b1535eb55d3858145bd6c2a2bc,0xf4484efb942029b1535eb55d3858145bd6c2a2bc,0x922d641a426dcffaef11680e5358f34d97d112e1,HYVE,HYVE,0xbb8a6e043b706f0220af74bbe1558332667b52273a929706e3ec3eafc4944468_HYVE,1629377823,1629377823,1,7.57729e+21,7577.29,1.327988439962889,16.279070,16.279070,0.750000,bridge_deposit_flow
ETH,Multi,eth_flow_0xbb8a6e043b70__r7fam03__inst01__synth_merge_src1,0xbb8a6e043b706f0220af74bbe1558332667b52273a929706e3ec3eafc4944468,0x765277eebeca2e31912c9946eae1021199b39c61|0x922d641a426dcffaef11680e5358f34d97d112e1|0xf4484efb942029b1535eb55d3858145bd6c2a2bc,0xf4484efb942029b1535eb55d3858145bd6c2a2bc,0x922d641a426dcffaef11680e5358f34d97d112e1,HYVE,HYVE,0xbb8a6e043b706f0220af74bbe1558332667b52273a929706e3ec3eafc4944468_HYVE,1629377823,1629377823,1,3.788645e+21,3788.645,0.6639942199814445,16.279070,16.279070,0.750000,bridge_deposit_flow
ETH,Multi,eth_flow_0xbb8a6e043b70__r7fam03__inst01__synth_merge_src2,0xbb8a6e043b706f0220af74bbe1558332667b52273a929706e3ec3eafc4944468,0x765277eebeca2e31912c9946eae1021199b39c61|0x922d641a426dcffaef11680e5358f34d97d112e1|0xf4484efb942029b1535eb55d3858145bd6c2a2bc,0xf4484efb942029b1535eb55d3858145bd6c2a2bc,0x922d641a426dcffaef11680e5358f34d97d112e1,HYVE,HYVE,0xbb8a6e043b706f0220af74bbe1558332667b52273a929706e3ec3eafc4944468_HYVE,1629377823,1629377823,1,3.788645e+21,3788.645,0.6639942199814445,16.279070,16.279070,0.750000,bridge_deposit_flow
ETH,Multi,eth_flow_0xbb8a6e043b70__r7fam03__inst01__synth_unmatched_src,0xbb8a6e043b706f0220af74bbe1558332667b52273a929706e3ec3eafc4944468,0x765277eebeca2e31912c9946eae1021199b39c61|0x922d641a426dcffaef11680e5358f34d97d112e1|0xf4484efb942029b1535eb55d3858145bd6c2a2bc,0xf4484efb942029b1535eb55d3858145bd6c2a2bc,0x922d641a426dcffaef11680e5358f34d97d112e1,HYVE,HYVE,0xbb8a6e043b706f0220af74bbe1558332667b52273a929706e3ec3eafc4944468_HYVE,1629377823,1629377823,1,7.57729e+21,7577.29,1.327988439962889,16.279070,16.279070,0.750000,bridge_deposit_flow
ETH,Multi,eth_flow_0xbb8a6e043b70__r7fam03__inst01__synth_noise_src_0,0xbb8a6e043b706f0220af74bbe1558332667b52273a929706e3ec3eafc4944468,0x765277eebeca2e31912c9946eae1021199b39c61|0x922d641a426dcffaef11680e5358f34d97d112e1|0xf4484efb942029b1535eb55d3858145bd6c2a2bc,0xf4484efb942029b1535eb55d3858145bd6c2a2bc,0x922d641a426dcffaef11680e5358f34d97d112e1,HYVE,HYVE,0xbb8a6e043b706f0220af74bbe1558332667b52273a929706e3ec3eafc4944468_HYVE,1629377823,1629377823,1,7.57729e+21,7577.29,1.327988439962889,16.279070,16.279070,0.750000,bridge_deposit_flow
ETH,Multi,eth_flow_0xbb8a6e043b70__r7fam03__inst01__synth_noise_src_1,0xbb8a6e043b706f0220af74bbe1558332667b52273a929706e3ec3eafc4944468,0x765277eebeca2e31912c9946eae1021199b39c61|0x922d641a426dcffaef11680e5358f34d97d112e1|0xf4484efb942029b1535eb55d3858145bd6c2a2bc,0xf4484efb942029b1535eb55d3858145bd6c2a2bc,0x922d641a426dcffaef11680e5358f34d97d112e1,HYVE,HYVE,0xbb8a6e043b706f0220af74bbe1558332667b52273a929706e3ec3eafc4944468_HYVE,1629377823,1629377823,1,7.57729e+21,7577.29,1.327988439962889,16.279070,16.279070,0.750000,bridge_deposit_flow
ETH,Multi,eth_flow_0xe4294f4d6d97__r7fam04__inst00__synth_split_src,0xe4294f4d6d97fba3b127249c5ebcaf65d187a15ef17a2b192bcda69af4d5e552,0x0014caba8d9ab78481b1a95493a510abd643652c|0x22648c12acd87912ea1710357b1302c6a4154ebc,0x0014caba8d9ab78481b1a95493a510abd643652c,0x22648c12acd87912ea1710357b1302c6a4154ebc,USDT,USDT,0xe4294f4d6d97fba3b127249c5ebcaf65d187a15ef17a2b192bcda69af4d5e552_USDT,1639078346,1639078346,1,180000000.0,180.0,180.0,0.000000,0.000000,0.750000,bridge_deposit_flow
ETH,Multi,eth_flow_0xe4294f4d6d97__r7fam04__inst00__synth_merge_src1,0xe4294f4d6d97fba3b127249c5ebcaf65d187a15ef17a2b192bcda69af4d5e552,0x0014caba8d9ab78481b1a95493a510abd643652c|0x22648c12acd87912ea1710357b1302c6a4154ebc,0x0014caba8d9ab78481b1a95493a510abd643652c,0x22648c12acd87912ea1710357b1302c6a4154ebc,USDT,USDT,0xe4294f4d6d97fba3b127249c5ebcaf65d187a15ef17a2b192bcda69af4d5e552_USDT,1639078346,1639078346,1,90000000.0,90.0,90.0,0.000000,0.000000,0.750000,bridge_deposit_flow
ETH,Multi,eth_flow_0xe4294f4d6d97__r7fam04__inst00__synth_merge_src2,0xe4294f4d6d97fba3b127249c5ebcaf65d187a15ef17a2b192bcda69af4d5e552,0x0014caba8d9ab78481b1a95493a510abd643652c|0x22648c12acd87912ea1710357b1302c6a4154ebc,0x0014caba8d9ab78481b1a95493a510abd643652c,0x22648c12acd87912ea1710357b1302c6a4154ebc,USDT,USDT,0xe4294f4d6d97fba3b127249c5ebcaf65d187a15ef17a2b192bcda69af4d5e552_USDT,1639078346,1639078346,1,90000000.0,90.0,90.0,0.000000,0.000000,0.750000,bridge_deposit_flow
ETH,Multi,eth_flow_0xe4294f4d6d97__r7fam04__inst00__synth_unmatched_src,0xe4294f4d6d97fba3b127249c5ebcaf65d187a15ef17a2b192bcda69af4d5e552,0x0014caba8d9ab78481b1a95493a510abd643652c|0x22648c12acd87912ea1710357b1302c6a4154ebc,0x0014caba8d9ab78481b1a95493a510abd643652c,0x22648c12acd87912ea1710357b1302c6a4154ebc,USDT,USDT,0xe4294f4d6d97fba3b127249c5ebcaf65d187a15ef17a2b192bcda69af4d5e552_USDT,1639078346,1639078346,1,180000000.0,180.0,180.0,0.000000,0.000000,0.750000,bridge_deposit_flow
ETH,Multi,eth_flow_0xe4294f4d6d97__r7fam04__inst00__synth_noise_src_0,0xe4294f4d6d97fba3b127249c5ebcaf65d187a15ef17a2b192bcda69af4d5e552,0x0014caba8d9ab78481b1a95493a510abd643652c|0x22648c12acd87912ea1710357b1302c6a4154ebc,0x0014caba8d9ab78481b1a95493a510abd643652c,0x22648c12acd87912ea1710357b1302c6a4154ebc,USDT,USDT,0xe4294f4d6d97fba3b127249c5ebcaf65d187a15ef17a2b192bcda69af4d5e552_USDT,1639078346,1639078346,1,180000000.0,180.0,180.0,0.000000,0.000000,0.750000,bridge_deposit_flow
ETH,Multi,eth_flow_0xe4294f4d6d97__r7fam04__inst00__synth_noise_src_1,0xe4294f4d6d97fba3b127249c5ebcaf65d187a15ef17a2b192bcda69af4d5e552,0x0014caba8d9ab78481b1a95493a510abd643652c|0x22648c12acd87912ea1710357b1302c6a4154ebc,0x0014caba8d9ab78481b1a95493a510abd643652c,0x22648c12acd87912ea1710357b1302c6a4154ebc,USDT,USDT,0xe4294f4d6d97fba3b127249c5ebcaf65d187a15ef17a2b192bcda69af4d5e552_USDT,1639078346,1639078346,1,180000000.0,180.0,180.0,0.000000,0.000000,0.750000,bridge_deposit_flow
ETH,Multi,eth_flow_0xa12f2841ff9b__r7fam04__inst01__synth_split_src,0xa12f2841ff9bcef26eed13b492bfea3a136f21612d47898c2088b6a05a4355b0,0x22648c12acd87912ea1710357b1302c6a4154ebc|0xa37fe5a2ab45750a549dd2e2f73213c4ab12ceaa,0xa37fe5a2ab45750a549dd2e2f73213c4ab12ceaa,0x22648c12acd87912ea1710357b1302c6a4154ebc,USDT,USDT,0xa12f2841ff9bcef26eed13b492bfea3a136f21612d47898c2088b6a05a4355b0_USDT,1638711774,1638711774,1,25500000.0,25.5,25.5,0.000000,0.000000,0.750000,bridge_deposit_flow
ETH,Multi,eth_flow_0xa12f2841ff9b__r7fam04__inst01__synth_merge_src1,0xa12f2841ff9bcef26eed13b492bfea3a136f21612d47898c2088b6a05a4355b0,0x22648c12acd87912ea1710357b1302c6a4154ebc|0xa37fe5a2ab45750a549dd2e2f73213c4ab12ceaa,0xa37fe5a2ab45750a549dd2e2f73213c4ab12ceaa,0x22648c12acd87912ea1710357b1302c6a4154ebc,USDT,USDT,0xa12f2841ff9bcef26eed13b492bfea3a136f21612d47898c2088b6a05a4355b0_USDT,1638711774,1638711774,1,12750000.0,12.75,12.75,0.000000,0.000000,0.750000,bridge_deposit_flow
ETH,Multi,eth_flow_0xa12f2841ff9b__r7fam04__inst01__synth_merge_src2,0xa12f2841ff9bcef26eed13b492bfea3a136f21612d47898c2088b6a05a4355b0,0x22648c12acd87912ea1710357b1302c6a4154ebc|0xa37fe5a2ab45750a549dd2e2f73213c4ab12ceaa,0xa37fe5a2ab45750a549dd2e2f73213c4ab12ceaa,0x22648c12acd87912ea1710357b1302c6a4154ebc,USDT,USDT,0xa12f2841ff9bcef26eed13b492bfea3a136f21612d47898c2088b6a05a4355b0_USDT,1638711774,1638711774,1,12750000.0,12.75,12.75,0.000000,0.000000,0.750000,bridge_deposit_flow
ETH,Multi,eth_flow_0xa12f2841ff9b__r7fam04__inst01__synth_unmatched_src,0xa12f2841ff9bcef26eed13b492bfea3a136f21612d47898c2088b6a05a4355b0,0x22648c12acd87912ea1710357b1302c6a4154ebc|0xa37fe5a2ab45750a549dd2e2f73213c4ab12ceaa,0xa37fe5a2ab45750a549dd2e2f73213c4ab12ceaa,0x22648c12acd87912ea1710357b1302c6a4154ebc,USDT,USDT,0xa12f2841ff9bcef26eed13b492bfea3a136f21612d47898c2088b6a05a4355b0_USDT,1638711774,1638711774,1,25500000.0,25.5,25.5,0.000000,0.000000,0.750000,bridge_deposit_flow
ETH,Multi,eth_flow_0xa12f2841ff9b__r7fam04__inst01__synth_noise_src_0,0xa12f2841ff9bcef26eed13b492bfea3a136f21612d47898c2088b6a05a4355b0,0x22648c12acd87912ea1710357b1302c6a4154ebc|0xa37fe5a2ab45750a549dd2e2f73213c4ab12ceaa,0xa37fe5a2ab45750a549dd2e2f73213c4ab12ceaa,0x22648c12acd87912ea1710357b1302c6a4154ebc,USDT,USDT,0xa12f2841ff9bcef26eed13b492bfea3a136f21612d47898c2088b6a05a4355b0_USDT,1638711774,1638711774,1,25500000.0,25.5,25.5,0.000000,0.000000,0.750000,bridge_deposit_flow
ETH,Multi,eth_flow_0xa12f2841ff9b__r7fam04__inst01__synth_noise_src_1,0xa12f2841ff9bcef26eed13b492bfea3a136f21612d47898c2088b6a05a4355b0,0x22648c12acd87912ea1710357b1302c6a4154ebc|0xa37fe5a2ab45750a549dd2e2f73213c4ab12ceaa,0xa37fe5a2ab45750a549dd2e2f73213c4ab12ceaa,0x22648c12acd87912ea1710357b1302c6a4154ebc,USDT,USDT,0xa12f2841ff9bcef26eed13b492bfea3a136f21612d47898c2088b6a05a4355b0_USDT,1638711774,1638711774,1,25500000.0,25.5,25.5,0.000000,0.000000,0.750000,bridge_deposit_flow
ETH,Multi,eth_flow_0x0501c458db8c__r7fam05__inst00__synth_split_src,0x0501c458db8c0fef5915c229e52b29902364a0a9fb34b19b5844f50323e4d65d,0x22648c12acd87912ea1710357b1302c6a4154ebc|0xa134a93897b1d14108c3826c3da928f7fc45085a,0xa134a93897b1d14108c3826c3da928f7fc45085a,0x22648c12acd87912ea1710357b1302c6a4154ebc,USDT,USDT,0x0501c458db8c0fef5915c229e52b29902364a0a9fb34b19b5844f50323e4d65d_USDT,1637740106,1637740106,1,100000000.0,100.0,100.0,0.000000,0.000000,0.750000,bridge_deposit_flow
ETH,Multi,eth_flow_0x0501c458db8c__r7fam05__inst00__synth_merge_src1,0x0501c458db8c0fef5915c229e52b29902364a0a9fb34b19b5844f50323e4d65d,0x22648c12acd87912ea1710357b1302c6a4154ebc|0xa134a93897b1d14108c3826c3da928f7fc45085a,0xa134a93897b1d14108c3826c3da928f7fc45085a,0x22648c12acd87912ea1710357b1302c6a4154ebc,USDT,USDT,0x0501c458db8c0fef5915c229e52b29902364a0a9fb34b19b5844f50323e4d65d_USDT,1637740106,1637740106,1,50000000.0,50.0,50.0,0.000000,0.000000,0.750000,bridge_deposit_flow
ETH,Multi,eth_flow_0x0501c458db8c__r7fam05__inst00__synth_merge_src2,0x0501c458db8c0fef5915c229e52b29902364a0a9fb34b19b5844f50323e4d65d,0x22648c12acd87912ea1710357b1302c6a4154ebc|0xa134a93897b1d14108c3826c3da928f7fc45085a,0xa134a93897b1d14108c3826c3da928f7fc45085a,0x22648c12acd87912ea1710357b1302c6a4154ebc,USDT,USDT,0x0501c458db8c0fef5915c229e52b29902364a0a9fb34b19b5844f50323e4d65d_USDT,1637740106,1637740106,1,50000000.0,50.0,50.0,0.000000,0.000000,0.750000,bridge_deposit_flow
ETH,Multi,eth_flow_0x0501c458db8c__r7fam05__inst00__synth_unmatched_src,0x0501c458db8c0fef5915c229e52b29902364a0a9fb34b19b5844f50323e4d65d,0x22648c12acd87912ea1710357b1302c6a4154ebc|0xa134a93897b1d14108c3826c3da928f7fc45085a,0xa134a93897b1d14108c3826c3da928f7fc45085a,0x22648c12acd87912ea1710357b1302c6a4154ebc,USDT,USDT,0x0501c458db8c0fef5915c229e52b29902364a0a9fb34b19b5844f50323e4d65d_USDT,1637740106,1637740106,1,100000000.0,100.0,100.0,0.000000,0.000000,0.750000,bridge_deposit_flow
ETH,Multi,eth_flow_0x0501c458db8c__r7fam05__inst00__synth_noise_src_0,0x0501c458db8c0fef5915c229e52b29902364a0a9fb34b19b5844f50323e4d65d,0x22648c12acd87912ea1710357b1302c6a4154ebc|0xa134a93897b1d14108c3826c3da928f7fc45085a,0xa134a93897b1d14108c3826c3da928f7fc45085a,0x22648c12acd87912ea1710357b1302c6a4154ebc,USDT,USDT,0x0501c458db8c0fef5915c229e52b29902364a0a9fb34b19b5844f50323e4d65d_USDT,1637740106,1637740106,1,100000000.0,100.0,100.0,0.000000,0.000000,0.750000,bridge_deposit_flow
ETH,Multi,eth_flow_0x0501c458db8c__r7fam05__inst00__synth_noise_src_1,0x0501c458db8c0fef5915c229e52b29902364a0a9fb34b19b5844f50323e4d65d,0x22648c12acd87912ea1710357b1302c6a4154ebc|0xa134a93897b1d14108c3826c3da928f7fc45085a,0xa134a93897b1d14108c3826c3da928f7fc45085a,0x22648c12acd87912ea1710357b1302c6a4154ebc,USDT,USDT,0x0501c458db8c0fef5915c229e52b29902364a0a9fb34b19b5844f50323e4d65d_USDT,1637740106,1637740106,1,100000000.0,100.0,100.0,0.000000,0.000000,0.750000,bridge_deposit_flow
ETH,Multi,eth_flow_0x3ff6029a8aa7__r7fam05__inst01__synth_split_src,0x3ff6029a8aa7de677cd722395d8a0f3072a5ec19e844ac86e7f4a9c82606b260,0x0615dbba33fe61a31c7ed131bda6655ed76748b1|0x80aa51d8bef888153fa3158a61d7ed26d06b78b1|0xc02aaa39b223fe8d0a0e5c4f27ead9083c756cc2,0x80aa51d8bef888153fa3158a61d7ed26d06b78b1,0x0615dbba33fe61a31c7ed131bda6655ed76748b1,WETH,WETH_ETH,0x3ff6029a8aa7de677cd722395d8a0f3072a5ec19e844ac86e7f4a9c82606b260_WETH,1645581682,1645581682,1,1.6e+16,0.016,39.37453718971641,0.000000,0.000000,0.775000,bridge_deposit_flow
ETH,Multi,eth_flow_0x3ff6029a8aa7__r7fam05__inst01__synth_merge_src1,0x3ff6029a8aa7de677cd722395d8a0f3072a5ec19e844ac86e7f4a9c82606b260,0x0615dbba33fe61a31c7ed131bda6655ed76748b1|0x80aa51d8bef888153fa3158a61d7ed26d06b78b1|0xc02aaa39b223fe8d0a0e5c4f27ead9083c756cc2,0x80aa51d8bef888153fa3158a61d7ed26d06b78b1,0x0615dbba33fe61a31c7ed131bda6655ed76748b1,WETH,WETH_ETH,0x3ff6029a8aa7de677cd722395d8a0f3072a5ec19e844ac86e7f4a9c82606b260_WETH,1645581682,1645581682,1,8000000000000000.0,0.008,19.687268594858207,0.000000,0.000000,0.775000,bridge_deposit_flow
ETH,Multi,eth_flow_0x3ff6029a8aa7__r7fam05__inst01__synth_merge_src2,0x3ff6029a8aa7de677cd722395d8a0f3072a5ec19e844ac86e7f4a9c82606b260,0x0615dbba33fe61a31c7ed131bda6655ed76748b1|0x80aa51d8bef888153fa3158a61d7ed26d06b78b1|0xc02aaa39b223fe8d0a0e5c4f27ead9083c756cc2,0x80aa51d8bef888153fa3158a61d7ed26d06b78b1,0x0615dbba33fe61a31c7ed131bda6655ed76748b1,WETH,WETH_ETH,0x3ff6029a8aa7de677cd722395d8a0f3072a5ec19e844ac86e7f4a9c82606b260_WETH,1645581682,1645581682,1,8000000000000000.0,0.008,19.687268594858207,0.000000,0.000000,0.775000,bridge_deposit_flow
ETH,Multi,eth_flow_0x3ff6029a8aa7__r7fam05__inst01__synth_unmatched_src,0x3ff6029a8aa7de677cd722395d8a0f3072a5ec19e844ac86e7f4a9c82606b260,0x0615dbba33fe61a31c7ed131bda6655ed76748b1|0x80aa51d8bef888153fa3158a61d7ed26d06b78b1|0xc02aaa39b223fe8d0a0e5c4f27ead9083c756cc2,0x80aa51d8bef888153fa3158a61d7ed26d06b78b1,0x0615dbba33fe61a31c7ed131bda6655ed76748b1,WETH,WETH_ETH,0x3ff6029a8aa7de677cd722395d8a0f3072a5ec19e844ac86e7f4a9c82606b260_WETH,1645581682,1645581682,1,1.6e+16,0.016,39.37453718971641,0.000000,0.000000,0.775000,bridge_deposit_flow
ETH,Multi,eth_flow_0x3ff6029a8aa7__r7fam05__inst01__synth_noise_src_0,0x3ff6029a8aa7de677cd722395d8a0f3072a5ec19e844ac86e7f4a9c82606b260,0x0615dbba33fe61a31c7ed131bda6655ed76748b1|0x80aa51d8bef888153fa3158a61d7ed26d06b78b1|0xc02aaa39b223fe8d0a0e5c4f27ead9083c756cc2,0x80aa51d8bef888153fa3158a61d7ed26d06b78b1,0x0615dbba33fe61a31c7ed131bda6655ed76748b1,WETH,WETH_ETH,0x3ff6029a8aa7de677cd722395d8a0f3072a5ec19e844ac86e7f4a9c82606b260_WETH,1645581682,1645581682,1,1.6e+16,0.016,39.37453718971641,0.000000,0.000000,0.775000,bridge_deposit_flow
ETH,Multi,eth_flow_0x3ff6029a8aa7__r7fam05__inst01__synth_noise_src_1,0x3ff6029a8aa7de677cd722395d8a0f3072a5ec19e844ac86e7f4a9c82606b260,0x0615dbba33fe61a31c7ed131bda6655ed76748b1|0x80aa51d8bef888153fa3158a61d7ed26d06b78b1|0xc02aaa39b223fe8d0a0e5c4f27ead9083c756cc2,0x80aa51d8bef888153fa3158a61d7ed26d06b78b1,0x0615dbba33fe61a31c7ed131bda6655ed76748b1,WETH,WETH_ETH,0x3ff6029a8aa7de677cd722395d8a0f3072a5ec19e844ac86e7f4a9c82606b260_WETH,1645581682,1645581682,1,1.6e+16,0.016,39.37453718971641,0.000000,0.000000,0.775000,bridge_deposit_flow
ETH,Multi,eth_flow_0x76c85809b90e__r7fam06__inst00__synth_split_src,0x76c85809b90ee169c8385d2825cd28185a7c983ed0b1c98c0f10e83816ba80e9,0x22648c12acd87912ea1710357b1302c6a4154ebc|0x87058292f212cc4eb6560debae7283d3cf0a5b3f,0x87058292f212cc4eb6560debae7283d3cf0a5b3f,0x22648c12acd87912ea1710357b1302c6a4154ebc,USDT,USDT,0x76c85809b90ee169c8385d2825cd28185a7c983ed0b1c98c0f10e83816ba80e9_USDT,1637974457,1637974457,1,1061420000.0,1061.42,1061.42,0.000000,0.000000,0.775000,bridge_deposit_flow
ETH,Multi,eth_flow_0x76c85809b90e__r7fam06__inst00__synth_merge_src1,0x76c85809b90ee169c8385d2825cd28185a7c983ed0b1c98c0f10e83816ba80e9,0x22648c12acd87912ea1710357b1302c6a4154ebc|0x87058292f212cc4eb6560debae7283d3cf0a5b3f,0x87058292f212cc4eb6560debae7283d3cf0a5b3f,0x22648c12acd87912ea1710357b1302c6a4154ebc,USDT,USDT,0x76c85809b90ee169c8385d2825cd28185a7c983ed0b1c98c0f10e83816ba80e9_USDT,1637974457,1637974457,1,530710000.0,530.71,530.71,0.000000,0.000000,0.775000,bridge_deposit_flow
ETH,Multi,eth_flow_0x76c85809b90e__r7fam06__inst00__synth_merge_src2,0x76c85809b90ee169c8385d2825cd28185a7c983ed0b1c98c0f10e83816ba80e9,0x22648c12acd87912ea1710357b1302c6a4154ebc|0x87058292f212cc4eb6560debae7283d3cf0a5b3f,0x87058292f212cc4eb6560debae7283d3cf0a5b3f,0x22648c12acd87912ea1710357b1302c6a4154ebc,USDT,USDT,0x76c85809b90ee169c8385d2825cd28185a7c983ed0b1c98c0f10e83816ba80e9_USDT,1637974457,1637974457,1,530710000.0,530.71,530.71,0.000000,0.000000,0.775000,bridge_deposit_flow
ETH,Multi,eth_flow_0x76c85809b90e__r7fam06__inst00__synth_unmatched_src,0x76c85809b90ee169c8385d2825cd28185a7c983ed0b1c98c0f10e83816ba80e9,0x22648c12acd87912ea1710357b1302c6a4154ebc|0x87058292f212cc4eb6560debae7283d3cf0a5b3f,0x87058292f212cc4eb6560debae7283d3cf0a5b3f,0x22648c12acd87912ea1710357b1302c6a4154ebc,USDT,USDT,0x76c85809b90ee169c8385d2825cd28185a7c983ed0b1c98c0f10e83816ba80e9_USDT,1637974457,1637974457,1,1061420000.0,1061.42,1061.42,0.000000,0.000000,0.775000,bridge_deposit_flow
ETH,Multi,eth_flow_0x76c85809b90e__r7fam06__inst00__synth_noise_src_0,0x76c85809b90ee169c8385d2825cd28185a7c983ed0b1c98c0f10e83816ba80e9,0x22648c12acd87912ea1710357b1302c6a4154ebc|0x87058292f212cc4eb6560debae7283d3cf0a5b3f,0x87058292f212cc4eb6560debae7283d3cf0a5b3f,0x22648c12acd87912ea1710357b1302c6a4154ebc,USDT,USDT,0x76c85809b90ee169c8385d2825cd28185a7c983ed0b1c98c0f10e83816ba80e9_USDT,1637974457,1637974457,1,1061420000.0,1061.42,1061.42,0.000000,0.000000,0.775000,bridge_deposit_flow
ETH,Multi,eth_flow_0x76c85809b90e__r7fam06__inst00__synth_noise_src_1,0x76c85809b90ee169c8385d2825cd28185a7c983ed0b1c98c0f10e83816ba80e9,0x22648c12acd87912ea1710357b1302c6a4154ebc|0x87058292f212cc4eb6560debae7283d3cf0a5b3f,0x87058292f212cc4eb6560debae7283d3cf0a5b3f,0x22648c12acd87912ea1710357b1302c6a4154ebc,USDT,USDT,0x76c85809b90ee169c8385d2825cd28185a7c983ed0b1c98c0f10e83816ba80e9_USDT,1637974457,1637974457,1,1061420000.0,1061.42,1061.42,0.000000,0.000000,0.775000,bridge_deposit_flow
ETH,Multi,eth_flow_0xcd5793acb380__r7fam06__inst01__synth_split_src,0xcd5793acb380cac5b685e5b3a2f13f4e65a4893813c994f3376b1053282d5fb8,0x22648c12acd87912ea1710357b1302c6a4154ebc|0x2fce78e39729856f1c302117328518a4f588b0cd,0x2fce78e39729856f1c302117328518a4f588b0cd,0x22648c12acd87912ea1710357b1302c6a4154ebc,USDT,USDT,0xcd5793acb380cac5b685e5b3a2f13f4e65a4893813c994f3376b1053282d5fb8_USDT,1638489168,1638489168,1,467196000.0,467.196,467.196,0.000000,0.000000,0.775000,bridge_deposit_flow
ETH,Multi,eth_flow_0xcd5793acb380__r7fam06__inst01__synth_merge_src1,0xcd5793acb380cac5b685e5b3a2f13f4e65a4893813c994f3376b1053282d5fb8,0x22648c12acd87912ea1710357b1302c6a4154ebc|0x2fce78e39729856f1c302117328518a4f588b0cd,0x2fce78e39729856f1c302117328518a4f588b0cd,0x22648c12acd87912ea1710357b1302c6a4154ebc,USDT,USDT,0xcd5793acb380cac5b685e5b3a2f13f4e65a4893813c994f3376b1053282d5fb8_USDT,1638489168,1638489168,1,233598000.0,233.598,233.598,0.000000,0.000000,0.775000,bridge_deposit_flow
ETH,Multi,eth_flow_0xcd5793acb380__r7fam06__inst01__synth_merge_src2,0xcd5793acb380cac5b685e5b3a2f13f4e65a4893813c994f3376b1053282d5fb8,0x22648c12acd87912ea1710357b1302c6a4154ebc|0x2fce78e39729856f1c302117328518a4f588b0cd,0x2fce78e39729856f1c302117328518a4f588b0cd,0x22648c12acd87912ea1710357b1302c6a4154ebc,USDT,USDT,0xcd5793acb380cac5b685e5b3a2f13f4e65a4893813c994f3376b1053282d5fb8_USDT,1638489168,1638489168,1,233598000.0,233.598,233.598,0.000000,0.000000,0.775000,bridge_deposit_flow
ETH,Multi,eth_flow_0xcd5793acb380__r7fam06__inst01__synth_unmatched_src,0xcd5793acb380cac5b685e5b3a2f13f4e65a4893813c994f3376b1053282d5fb8,0x22648c12acd87912ea1710357b1302c6a4154ebc|0x2fce78e39729856f1c302117328518a4f588b0cd,0x2fce78e39729856f1c302117328518a4f588b0cd,0x22648c12acd87912ea1710357b1302c6a4154ebc,USDT,USDT,0xcd5793acb380cac5b685e5b3a2f13f4e65a4893813c994f3376b1053282d5fb8_USDT,1638489168,1638489168,1,467196000.0,467.196,467.196,0.000000,0.000000,0.775000,bridge_deposit_flow
ETH,Multi,eth_flow_0xcd5793acb380__r7fam06__inst01__synth_noise_src_0,0xcd5793acb380cac5b685e5b3a2f13f4e65a4893813c994f3376b1053282d5fb8,0x22648c12acd87912ea1710357b1302c6a4154ebc|0x2fce78e39729856f1c302117328518a4f588b0cd,0x2fce78e39729856f1c302117328518a4f588b0cd,0x22648c12acd87912ea1710357b1302c6a4154ebc,USDT,USDT,0xcd5793acb380cac5b685e5b3a2f13f4e65a4893813c994f3376b1053282d5fb8_USDT,1638489168,1638489168,1,467196000.0,467.196,467.196,0.000000,0.000000,0.775000,bridge_deposit_flow
ETH,Multi,eth_flow_0xcd5793acb380__r7fam06__inst01__synth_noise_src_1,0xcd5793acb380cac5b685e5b3a2f13f4e65a4893813c994f3376b1053282d5fb8,0x22648c12acd87912ea1710357b1302c6a4154ebc|0x2fce78e39729856f1c302117328518a4f588b0cd,0x2fce78e39729856f1c302117328518a4f588b0cd,0x22648c12acd87912ea1710357b1302c6a4154ebc,USDT,USDT,0xcd5793acb380cac5b685e5b3a2f13f4e65a4893813c994f3376b1053282d5fb8_USDT,1638489168,1638489168,1,467196000.0,467.196,467.196,0.000000,0.000000,0.775000,bridge_deposit_flow
ETH,Multi,eth_flow_0x8f7570089560__r7fam07__inst00__synth_split_src,0x8f7570089560da318d1ae9c4b83fac0f718b37a69f49ce5450e458bd295f50cc,0x22648c12acd87912ea1710357b1302c6a4154ebc|0x8ea5529a6082463370db0646b10d37d6cbae65eb|0xef9905d8a48f760f03172f048fc95356d023109b,0xef9905d8a48f760f03172f048fc95356d023109b,0x22648c12acd87912ea1710357b1302c6a4154ebc,USDT,USDT,0x8f7570089560da318d1ae9c4b83fac0f718b37a69f49ce5450e458bd295f50cc_USDT,1636698037,1636698037,1,639360000.0,639.36,639.36,0.000000,0.000000,0.775000,bridge_deposit_flow
ETH,Multi,eth_flow_0x8f7570089560__r7fam07__inst00__synth_merge_src1,0x8f7570089560da318d1ae9c4b83fac0f718b37a69f49ce5450e458bd295f50cc,0x22648c12acd87912ea1710357b1302c6a4154ebc|0x8ea5529a6082463370db0646b10d37d6cbae65eb|0xef9905d8a48f760f03172f048fc95356d023109b,0xef9905d8a48f760f03172f048fc95356d023109b,0x22648c12acd87912ea1710357b1302c6a4154ebc,USDT,USDT,0x8f7570089560da318d1ae9c4b83fac0f718b37a69f49ce5450e458bd295f50cc_USDT,1636698037,1636698037,1,319680000.0,319.68,319.68,0.000000,0.000000,0.775000,bridge_deposit_flow
ETH,Multi,eth_flow_0x8f7570089560__r7fam07__inst00__synth_merge_src2,0x8f7570089560da318d1ae9c4b83fac0f718b37a69f49ce5450e458bd295f50cc,0x22648c12acd87912ea1710357b1302c6a4154ebc|0x8ea5529a6082463370db0646b10d37d6cbae65eb|0xef9905d8a48f760f03172f048fc95356d023109b,0xef9905d8a48f760f03172f048fc95356d023109b,0x22648c12acd87912ea1710357b1302c6a4154ebc,USDT,USDT,0x8f7570089560da318d1ae9c4b83fac0f718b37a69f49ce5450e458bd295f50cc_USDT,1636698037,1636698037,1,319680000.0,319.68,319.68,0.000000,0.000000,0.775000,bridge_deposit_flow
ETH,Multi,eth_flow_0x8f7570089560__r7fam07__inst00__synth_unmatched_src,0x8f7570089560da318d1ae9c4b83fac0f718b37a69f49ce5450e458bd295f50cc,0x22648c12acd87912ea1710357b1302c6a4154ebc|0x8ea5529a6082463370db0646b10d37d6cbae65eb|0xef9905d8a48f760f03172f048fc95356d023109b,0xef9905d8a48f760f03172f048fc95356d023109b,0x22648c12acd87912ea1710357b1302c6a4154ebc,USDT,USDT,0x8f7570089560da318d1ae9c4b83fac0f718b37a69f49ce5450e458bd295f50cc_USDT,1636698037,1636698037,1,639360000.0,639.36,639.36,0.000000,0.000000,0.775000,bridge_deposit_flow
ETH,Multi,eth_flow_0x8f7570089560__r7fam07__inst00__synth_noise_src_0,0x8f7570089560da318d1ae9c4b83fac0f718b37a69f49ce5450e458bd295f50cc,0x22648c12acd87912ea1710357b1302c6a4154ebc|0x8ea5529a6082463370db0646b10d37d6cbae65eb|0xef9905d8a48f760f03172f048fc95356d023109b,0xef9905d8a48f760f03172f048fc95356d023109b,0x22648c12acd87912ea1710357b1302c6a4154ebc,USDT,USDT,0x8f7570089560da318d1ae9c4b83fac0f718b37a69f49ce5450e458bd295f50cc_USDT,1636698037,1636698037,1,639360000.0,639.36,639.36,0.000000,0.000000,0.775000,bridge_deposit_flow
ETH,Multi,eth_flow_0x8f7570089560__r7fam07__inst00__synth_noise_src_1,0x8f7570089560da318d1ae9c4b83fac0f718b37a69f49ce5450e458bd295f50cc,0x22648c12acd87912ea1710357b1302c6a4154ebc|0x8ea5529a6082463370db0646b10d37d6cbae65eb|0xef9905d8a48f760f03172f048fc95356d023109b,0xef9905d8a48f760f03172f048fc95356d023109b,0x22648c12acd87912ea1710357b1302c6a4154ebc,USDT,USDT,0x8f7570089560da318d1ae9c4b83fac0f718b37a69f49ce5450e458bd295f50cc_USDT,1636698037,1636698037,1,639360000.0,639.36,639.36,0.000000,0.000000,0.775000,bridge_deposit_flow
ETH,Multi,eth_flow_0x8d3cff7b169b__r7fam07__inst01__synth_split_src,0x8d3cff7b169bc36e1cbce31d5313e9163e4804058cee293838ce99cc09e9217f,0x22648c12acd87912ea1710357b1302c6a4154ebc|0xecdb7ac81ab7813e155438b6a4faabf020708ab7,0xecdb7ac81ab7813e155438b6a4faabf020708ab7,0x22648c12acd87912ea1710357b1302c6a4154ebc,USDT,USDT,0x8d3cff7b169bc36e1cbce31d5313e9163e4804058cee293838ce99cc09e9217f_USDT,1633341463,1633341463,1,550000000.0,550.0,550.0,0.000000,0.000000,0.800000,bridge_deposit_flow
ETH,Multi,eth_flow_0x8d3cff7b169b__r7fam07__inst01__synth_merge_src1,0x8d3cff7b169bc36e1cbce31d5313e9163e4804058cee293838ce99cc09e9217f,0x22648c12acd87912ea1710357b1302c6a4154ebc|0xecdb7ac81ab7813e155438b6a4faabf020708ab7,0xecdb7ac81ab7813e155438b6a4faabf020708ab7,0x22648c12acd87912ea1710357b1302c6a4154ebc,USDT,USDT,0x8d3cff7b169bc36e1cbce31d5313e9163e4804058cee293838ce99cc09e9217f_USDT,1633341463,1633341463,1,275000000.0,275.0,275.0,0.000000,0.000000,0.800000,bridge_deposit_flow
ETH,Multi,eth_flow_0x8d3cff7b169b__r7fam07__inst01__synth_merge_src2,0x8d3cff7b169bc36e1cbce31d5313e9163e4804058cee293838ce99cc09e9217f,0x22648c12acd87912ea1710357b1302c6a4154ebc|0xecdb7ac81ab7813e155438b6a4faabf020708ab7,0xecdb7ac81ab7813e155438b6a4faabf020708ab7,0x22648c12acd87912ea1710357b1302c6a4154ebc,USDT,USDT,0x8d3cff7b169bc36e1cbce31d5313e9163e4804058cee293838ce99cc09e9217f_USDT,1633341463,1633341463,1,275000000.0,275.0,275.0,0.000000,0.000000,0.800000,bridge_deposit_flow
ETH,Multi,eth_flow_0x8d3cff7b169b__r7fam07__inst01__synth_unmatched_src,0x8d3cff7b169bc36e1cbce31d5313e9163e4804058cee293838ce99cc09e9217f,0x22648c12acd87912ea1710357b1302c6a4154ebc|0xecdb7ac81ab7813e155438b6a4faabf020708ab7,0xecdb7ac81ab7813e155438b6a4faabf020708ab7,0x22648c12acd87912ea1710357b1302c6a4154ebc,USDT,USDT,0x8d3cff7b169bc36e1cbce31d5313e9163e4804058cee293838ce99cc09e9217f_USDT,1633341463,1633341463,1,550000000.0,550.0,550.0,0.000000,0.000000,0.800000,bridge_deposit_flow
ETH,Multi,eth_flow_0x8d3cff7b169b__r7fam07__inst01__synth_noise_src_0,0x8d3cff7b169bc36e1cbce31d5313e9163e4804058cee293838ce99cc09e9217f,0x22648c12acd87912ea1710357b1302c6a4154ebc|0xecdb7ac81ab7813e155438b6a4faabf020708ab7,0xecdb7ac81ab7813e155438b6a4faabf020708ab7,0x22648c12acd87912ea1710357b1302c6a4154ebc,USDT,USDT,0x8d3cff7b169bc36e1cbce31d5313e9163e4804058cee293838ce99cc09e9217f_USDT,1633341463,1633341463,1,550000000.0,550.0,550.0,0.000000,0.000000,0.800000,bridge_deposit_flow
ETH,Multi,eth_flow_0x8d3cff7b169b__r7fam07__inst01__synth_noise_src_1,0x8d3cff7b169bc36e1cbce31d5313e9163e4804058cee293838ce99cc09e9217f,0x22648c12acd87912ea1710357b1302c6a4154ebc|0xecdb7ac81ab7813e155438b6a4faabf020708ab7,0xecdb7ac81ab7813e155438b6a4faabf020708ab7,0x22648c12acd87912ea1710357b1302c6a4154ebc,USDT,USDT,0x8d3cff7b169bc36e1cbce31d5313e9163e4804058cee293838ce99cc09e9217f_USDT,1633341463,1633341463,1,550000000.0,550.0,550.0,0.000000,0.000000,0.800000,bridge_deposit_flow
ETH,Multi,eth_flow_0xa99c4828c55f__r7fam08__inst00__synth_split_src,0xa99c4828c55f7fdfd4efbb12deb887b0b7a1d8b0d44e0539285b0654f423ca5c,0x0615dbba33fe61a31c7ed131bda6655ed76748b1|0x0694e8c9d228435c1053fcda01809196d82549d2|0xc02aaa39b223fe8d0a0e5c4f27ead9083c756cc2,0x0694e8c9d228435c1053fcda01809196d82549d2,0x0615dbba33fe61a31c7ed131bda6655ed76748b1,WETH,WETH_ETH,0xa99c4828c55f7fdfd4efbb12deb887b0b7a1d8b0d44e0539285b0654f423ca5c_WETH,1645208569,1645208569,1,3e+17,0.3,738.2725723071827,0.000000,0.000000,0.800000,bridge_deposit_flow
ETH,Multi,eth_flow_0xa99c4828c55f__r7fam08__inst00__synth_merge_src1,0xa99c4828c55f7fdfd4efbb12deb887b0b7a1d8b0d44e0539285b0654f423ca5c,0x0615dbba33fe61a31c7ed131bda6655ed76748b1|0x0694e8c9d228435c1053fcda01809196d82549d2|0xc02aaa39b223fe8d0a0e5c4f27ead9083c756cc2,0x0694e8c9d228435c1053fcda01809196d82549d2,0x0615dbba33fe61a31c7ed131bda6655ed76748b1,WETH,WETH_ETH,0xa99c4828c55f7fdfd4efbb12deb887b0b7a1d8b0d44e0539285b0654f423ca5c_WETH,1645208569,1645208569,1,1.5e+17,0.15,369.13628615359136,0.000000,0.000000,0.800000,bridge_deposit_flow
ETH,Multi,eth_flow_0xa99c4828c55f__r7fam08__inst00__synth_merge_src2,0xa99c4828c55f7fdfd4efbb12deb887b0b7a1d8b0d44e0539285b0654f423ca5c,0x0615dbba33fe61a31c7ed131bda6655ed76748b1|0x0694e8c9d228435c1053fcda01809196d82549d2|0xc02aaa39b223fe8d0a0e5c4f27ead9083c756cc2,0x0694e8c9d228435c1053fcda01809196d82549d2,0x0615dbba33fe61a31c7ed131bda6655ed76748b1,WETH,WETH_ETH,0xa99c4828c55f7fdfd4efbb12deb887b0b7a1d8b0d44e0539285b0654f423ca5c_WETH,1645208569,1645208569,1,1.5e+17,0.15,369.13628615359136,0.000000,0.000000,0.800000,bridge_deposit_flow
ETH,Multi,eth_flow_0xa99c4828c55f__r7fam08__inst00__synth_unmatched_src,0xa99c4828c55f7fdfd4efbb12deb887b0b7a1d8b0d44e0539285b0654f423ca5c,0x0615dbba33fe61a31c7ed131bda6655ed76748b1|0x0694e8c9d228435c1053fcda01809196d82549d2|0xc02aaa39b223fe8d0a0e5c4f27ead9083c756cc2,0x0694e8c9d228435c1053fcda01809196d82549d2,0x0615dbba33fe61a31c7ed131bda6655ed76748b1,WETH,WETH_ETH,0xa99c4828c55f7fdfd4efbb12deb887b0b7a1d8b0d44e0539285b0654f423ca5c_WETH,1645208569,1645208569,1,3e+17,0.3,738.2725723071827,0.000000,0.000000,0.800000,bridge_deposit_flow
ETH,Multi,eth_flow_0xa99c4828c55f__r7fam08__inst00__synth_noise_src_0,0xa99c4828c55f7fdfd4efbb12deb887b0b7a1d8b0d44e0539285b0654f423ca5c,0x0615dbba33fe61a31c7ed131bda6655ed76748b1|0x0694e8c9d228435c1053fcda01809196d82549d2|0xc02aaa39b223fe8d0a0e5c4f27ead9083c756cc2,0x0694e8c9d228435c1053fcda01809196d82549d2,0x0615dbba33fe61a31c7ed131bda6655ed76748b1,WETH,WETH_ETH,0xa99c4828c55f7fdfd4efbb12deb887b0b7a1d8b0d44e0539285b0654f423ca5c_WETH,1645208569,1645208569,1,3e+17,0.3,738.2725723071827,0.000000,0.000000,0.800000,bridge_deposit_flow
ETH,Multi,eth_flow_0xa99c4828c55f__r7fam08__inst00__synth_noise_src_1,0xa99c4828c55f7fdfd4efbb12deb887b0b7a1d8b0d44e0539285b0654f423ca5c,0x0615dbba33fe61a31c7ed131bda6655ed76748b1|0x0694e8c9d228435c1053fcda01809196d82549d2|0xc02aaa39b223fe8d0a0e5c4f27ead9083c756cc2,0x0694e8c9d228435c1053fcda01809196d82549d2,0x0615dbba33fe61a31c7ed131bda6655ed76748b1,WETH,WETH_ETH,0xa99c4828c55f7fdfd4efbb12deb887b0b7a1d8b0d44e0539285b0654f423ca5c_WETH,1645208569,1645208569,1,3e+17,0.3,738.2725723071827,0.000000,0.000000,0.800000,bridge_deposit_flow
ETH,Multi,eth_flow_0xd2c1a645ccd2__r7fam08__inst01__synth_split_src,0xd2c1a645ccd20cde7609404db24598ba72160ee5fe6151c9a6b1bf156a55a93c,0x0615dbba33fe61a31c7ed131bda6655ed76748b1|0xc02aaa39b223fe8d0a0e5c4f27ead9083c756cc2|0xfc41b2e5d1827bbb2e05aec0418ec2a13d2ab8b1,0xfc41b2e5d1827bbb2e05aec0418ec2a13d2ab8b1,0x0615dbba33fe61a31c7ed131bda6655ed76748b1,WETH,WETH_ETH,0xd2c1a645ccd20cde7609404db24598ba72160ee5fe6151c9a6b1bf156a55a93c_WETH,1646213843,1646213843,1,2.08e+17,0.208,511.86898346631335,0.000000,0.000000,0.800000,bridge_deposit_flow
ETH,Multi,eth_flow_0xd2c1a645ccd2__r7fam08__inst01__synth_merge_src1,0xd2c1a645ccd20cde7609404db24598ba72160ee5fe6151c9a6b1bf156a55a93c,0x0615dbba33fe61a31c7ed131bda6655ed76748b1|0xc02aaa39b223fe8d0a0e5c4f27ead9083c756cc2|0xfc41b2e5d1827bbb2e05aec0418ec2a13d2ab8b1,0xfc41b2e5d1827bbb2e05aec0418ec2a13d2ab8b1,0x0615dbba33fe61a31c7ed131bda6655ed76748b1,WETH,WETH_ETH,0xd2c1a645ccd20cde7609404db24598ba72160ee5fe6151c9a6b1bf156a55a93c_WETH,1646213843,1646213843,1,1.04e+17,0.104,255.93449173315668,0.000000,0.000000,0.800000,bridge_deposit_flow
ETH,Multi,eth_flow_0xd2c1a645ccd2__r7fam08__inst01__synth_merge_src2,0xd2c1a645ccd20cde7609404db24598ba72160ee5fe6151c9a6b1bf156a55a93c,0x0615dbba33fe61a31c7ed131bda6655ed76748b1|0xc02aaa39b223fe8d0a0e5c4f27ead9083c756cc2|0xfc41b2e5d1827bbb2e05aec0418ec2a13d2ab8b1,0xfc41b2e5d1827bbb2e05aec0418ec2a13d2ab8b1,0x0615dbba33fe61a31c7ed131bda6655ed76748b1,WETH,WETH_ETH,0xd2c1a645ccd20cde7609404db24598ba72160ee5fe6151c9a6b1bf156a55a93c_WETH,1646213843,1646213843,1,1.04e+17,0.104,255.93449173315668,0.000000,0.000000,0.800000,bridge_deposit_flow
ETH,Multi,eth_flow_0xd2c1a645ccd2__r7fam08__inst01__synth_unmatched_src,0xd2c1a645ccd20cde7609404db24598ba72160ee5fe6151c9a6b1bf156a55a93c,0x0615dbba33fe61a31c7ed131bda6655ed76748b1|0xc02aaa39b223fe8d0a0e5c4f27ead9083c756cc2|0xfc41b2e5d1827bbb2e05aec0418ec2a13d2ab8b1,0xfc41b2e5d1827bbb2e05aec0418ec2a13d2ab8b1,0x0615dbba33fe61a31c7ed131bda6655ed76748b1,WETH,WETH_ETH,0xd2c1a645ccd20cde7609404db24598ba72160ee5fe6151c9a6b1bf156a55a93c_WETH,1646213843,1646213843,1,2.08e+17,0.208,511.86898346631335,0.000000,0.000000,0.800000,bridge_deposit_flow
ETH,Multi,eth_flow_0xd2c1a645ccd2__r7fam08__inst01__synth_noise_src_0,0xd2c1a645ccd20cde7609404db24598ba72160ee5fe6151c9a6b1bf156a55a93c,0x0615dbba33fe61a31c7ed131bda6655ed76748b1|0xc02aaa39b223fe8d0a0e5c4f27ead9083c756cc2|0xfc41b2e5d1827bbb2e05aec0418ec2a13d2ab8b1,0xfc41b2e5d1827bbb2e05aec0418ec2a13d2ab8b1,0x0615dbba33fe61a31c7ed131bda6655ed76748b1,WETH,WETH_ETH,0xd2c1a645ccd20cde7609404db24598ba72160ee5fe6151c9a6b1bf156a55a93c_WETH,1646213843,1646213843,1,2.08e+17,0.208,511.86898346631335,0.000000,0.000000,0.800000,bridge_deposit_flow
ETH,Multi,eth_flow_0xd2c1a645ccd2__r7fam08__inst01__synth_noise_src_1,0xd2c1a645ccd20cde7609404db24598ba72160ee5fe6151c9a6b1bf156a55a93c,0x0615dbba33fe61a31c7ed131bda6655ed76748b1|0xc02aaa39b223fe8d0a0e5c4f27ead9083c756cc2|0xfc41b2e5d1827bbb2e05aec0418ec2a13d2ab8b1,0xfc41b2e5d1827bbb2e05aec0418ec2a13d2ab8b1,0x0615dbba33fe61a31c7ed131bda6655ed76748b1,WETH,WETH_ETH,0xd2c1a645ccd20cde7609404db24598ba72160ee5fe6151c9a6b1bf156a55a93c_WETH,1646213843,1646213843,1,2.08e+17,0.208,511.86898346631335,0.000000,0.000000,0.800000,bridge_deposit_flow
ETH,Multi,eth_flow_0x630dfe458172__r7fam09__inst00__synth_split_src,0x630dfe45817253082ea986e9ba576883a781cef9d7ee2bd370623adbef239bf2,0x22648c12acd87912ea1710357b1302c6a4154ebc|0x3f3ff001b2a3c378a27a370e9b57f03533c6e90a,0x3f3ff001b2a3c378a27a370e9b57f03533c6e90a,0x22648c12acd87912ea1710357b1302c6a4154ebc,USDT,USDT,0x630dfe45817253082ea986e9ba576883a781cef9d7ee2bd370623adbef239bf2_USDT,1639145264,1639145264,1,1076000000.0,1076.0,1076.0,0.000000,0.000000,0.775000,bridge_deposit_flow
ETH,Multi,eth_flow_0x630dfe458172__r7fam09__inst00__synth_merge_src1,0x630dfe45817253082ea986e9ba576883a781cef9d7ee2bd370623adbef239bf2,0x22648c12acd87912ea1710357b1302c6a4154ebc|0x3f3ff001b2a3c378a27a370e9b57f03533c6e90a,0x3f3ff001b2a3c378a27a370e9b57f03533c6e90a,0x22648c12acd87912ea1710357b1302c6a4154ebc,USDT,USDT,0x630dfe45817253082ea986e9ba576883a781cef9d7ee2bd370623adbef239bf2_USDT,1639145264,1639145264,1,538000000.0,538.0,538.0,0.000000,0.000000,0.775000,bridge_deposit_flow
ETH,Multi,eth_flow_0x630dfe458172__r7fam09__inst00__synth_merge_src2,0x630dfe45817253082ea986e9ba576883a781cef9d7ee2bd370623adbef239bf2,0x22648c12acd87912ea1710357b1302c6a4154ebc|0x3f3ff001b2a3c378a27a370e9b57f03533c6e90a,0x3f3ff001b2a3c378a27a370e9b57f03533c6e90a,0x22648c12acd87912ea1710357b1302c6a4154ebc,USDT,USDT,0x630dfe45817253082ea986e9ba576883a781cef9d7ee2bd370623adbef239bf2_USDT,1639145264,1639145264,1,538000000.0,538.0,538.0,0.000000,0.000000,0.775000,bridge_deposit_flow
ETH,Multi,eth_flow_0x630dfe458172__r7fam09__inst00__synth_unmatched_src,0x630dfe45817253082ea986e9ba576883a781cef9d7ee2bd370623adbef239bf2,0x22648c12acd87912ea1710357b1302c6a4154ebc|0x3f3ff001b2a3c378a27a370e9b57f03533c6e90a,0x3f3ff001b2a3c378a27a370e9b57f03533c6e90a,0x22648c12acd87912ea1710357b1302c6a4154ebc,USDT,USDT,0x630dfe45817253082ea986e9ba576883a781cef9d7ee2bd370623adbef239bf2_USDT,1639145264,1639145264,1,1076000000.0,1076.0,1076.0,0.000000,0.000000,0.775000,bridge_deposit_flow
ETH,Multi,eth_flow_0x630dfe458172__r7fam09__inst00__synth_noise_src_0,0x630dfe45817253082ea986e9ba576883a781cef9d7ee2bd370623adbef239bf2,0x22648c12acd87912ea1710357b1302c6a4154ebc|0x3f3ff001b2a3c378a27a370e9b57f03533c6e90a,0x3f3ff001b2a3c378a27a370e9b57f03533c6e90a,0x22648c12acd87912ea1710357b1302c6a4154ebc,USDT,USDT,0x630dfe45817253082ea986e9ba576883a781cef9d7ee2bd370623adbef239bf2_USDT,1639145264,1639145264,1,1076000000.0,1076.0,1076.0,0.000000,0.000000,0.775000,bridge_deposit_flow
ETH,Multi,eth_flow_0x630dfe458172__r7fam09__inst00__synth_noise_src_1,0x630dfe45817253082ea986e9ba576883a781cef9d7ee2bd370623adbef239bf2,0x22648c12acd87912ea1710357b1302c6a4154ebc|0x3f3ff001b2a3c378a27a370e9b57f03533c6e90a,0x3f3ff001b2a3c378a27a370e9b57f03533c6e90a,0x22648c12acd87912ea1710357b1302c6a4154ebc,USDT,USDT,0x630dfe45817253082ea986e9ba576883a781cef9d7ee2bd370623adbef239bf2_USDT,1639145264,1639145264,1,1076000000.0,1076.0,1076.0,0.000000,0.000000,0.775000,bridge_deposit_flow
ETH,Multi,eth_flow_0xdec2580766a4__r7fam09__inst01__synth_split_src,0xdec2580766a4e3e93bf57cd460e1e661b95aec154db9810bf4e895ecf76c6f64,0x22648c12acd87912ea1710357b1302c6a4154ebc|0xb21386651c0857992fec0a9040cb036acc141778,0xb21386651c0857992fec0a9040cb036acc141778,0x22648c12acd87912ea1710357b1302c6a4154ebc,USDT,USDT,0xdec2580766a4e3e93bf57cd460e1e661b95aec154db9810bf4e895ecf76c6f64_USDT,1639332417,1639332417,1,1116260000.0,1116.26,1116.26,0.000000,0.000000,0.775000,bridge_deposit_flow
ETH,Multi,eth_flow_0xdec2580766a4__r7fam09__inst01__synth_merge_src1,0xdec2580766a4e3e93bf57cd460e1e661b95aec154db9810bf4e895ecf76c6f64,0x22648c12acd87912ea1710357b1302c6a4154ebc|0xb21386651c0857992fec0a9040cb036acc141778,0xb21386651c0857992fec0a9040cb036acc141778,0x22648c12acd87912ea1710357b1302c6a4154ebc,USDT,USDT,0xdec2580766a4e3e93bf57cd460e1e661b95aec154db9810bf4e895ecf76c6f64_USDT,1639332417,1639332417,1,558130000.0,558.13,558.13,0.000000,0.000000,0.775000,bridge_deposit_flow
ETH,Multi,eth_flow_0xdec2580766a4__r7fam09__inst01__synth_merge_src2,0xdec2580766a4e3e93bf57cd460e1e661b95aec154db9810bf4e895ecf76c6f64,0x22648c12acd87912ea1710357b1302c6a4154ebc|0xb21386651c0857992fec0a9040cb036acc141778,0xb21386651c0857992fec0a9040cb036acc141778,0x22648c12acd87912ea1710357b1302c6a4154ebc,USDT,USDT,0xdec2580766a4e3e93bf57cd460e1e661b95aec154db9810bf4e895ecf76c6f64_USDT,1639332417,1639332417,1,558130000.0,558.13,558.13,0.000000,0.000000,0.775000,bridge_deposit_flow
ETH,Multi,eth_flow_0xdec2580766a4__r7fam09__inst01__synth_unmatched_src,0xdec2580766a4e3e93bf57cd460e1e661b95aec154db9810bf4e895ecf76c6f64,0x22648c12acd87912ea1710357b1302c6a4154ebc|0xb21386651c0857992fec0a9040cb036acc141778,0xb21386651c0857992fec0a9040cb036acc141778,0x22648c12acd87912ea1710357b1302c6a4154ebc,USDT,USDT,0xdec2580766a4e3e93bf57cd460e1e661b95aec154db9810bf4e895ecf76c6f64_USDT,1639332417,1639332417,1,1116260000.0,1116.26,1116.26,0.000000,0.000000,0.775000,bridge_deposit_flow
ETH,Multi,eth_flow_0xdec2580766a4__r7fam09__inst01__synth_noise_src_0,0xdec2580766a4e3e93bf57cd460e1e661b95aec154db9810bf4e895ecf76c6f64,0x22648c12acd87912ea1710357b1302c6a4154ebc|0xb21386651c0857992fec0a9040cb036acc141778,0xb21386651c0857992fec0a9040cb036acc141778,0x22648c12acd87912ea1710357b1302c6a4154ebc,USDT,USDT,0xdec2580766a4e3e93bf57cd460e1e661b95aec154db9810bf4e895ecf76c6f64_USDT,1639332417,1639332417,1,1116260000.0,1116.26,1116.26,0.000000,0.000000,0.775000,bridge_deposit_flow
ETH,Multi,eth_flow_0xdec2580766a4__r7fam09__inst01__synth_noise_src_1,0xdec2580766a4e3e93bf57cd460e1e661b95aec154db9810bf4e895ecf76c6f64,0x22648c12acd87912ea1710357b1302c6a4154ebc|0xb21386651c0857992fec0a9040cb036acc141778,0xb21386651c0857992fec0a9040cb036acc141778,0x22648c12acd87912ea1710357b1302c6a4154ebc,USDT,USDT,0xdec2580766a4e3e93bf57cd460e1e661b95aec154db9810bf4e895ecf76c6f64_USDT,1639332417,1639332417,1,1116260000.0,1116.26,1116.26,0.000000,0.000000,0.775000,bridge_deposit_flow
ETH,Multi,eth_flow_0x8fdab9f2e862__r7fam10__inst00__synth_split_src,0x8fdab9f2e8626ad2f962ef7fcdfc4d503f96c56c82ae74b358e85f422cac8c5e,0x22648c12acd87912ea1710357b1302c6a4154ebc|0xe96f6b112364f54e5ad7c5cd9c41b9f7d1244ec3,0xe96f6b112364f54e5ad7c5cd9c41b9f7d1244ec3,0x22648c12acd87912ea1710357b1302c6a4154ebc,USDT,USDT,0x8fdab9f2e8626ad2f962ef7fcdfc4d503f96c56c82ae74b358e85f422cac8c5e_USDT,1636341024,1636341024,1,400000000.0,400.0,400.0,0.000000,0.000000,0.775000,bridge_deposit_flow
ETH,Multi,eth_flow_0x8fdab9f2e862__r7fam10__inst00__synth_merge_src1,0x8fdab9f2e8626ad2f962ef7fcdfc4d503f96c56c82ae74b358e85f422cac8c5e,0x22648c12acd87912ea1710357b1302c6a4154ebc|0xe96f6b112364f54e5ad7c5cd9c41b9f7d1244ec3,0xe96f6b112364f54e5ad7c5cd9c41b9f7d1244ec3,0x22648c12acd87912ea1710357b1302c6a4154ebc,USDT,USDT,0x8fdab9f2e8626ad2f962ef7fcdfc4d503f96c56c82ae74b358e85f422cac8c5e_USDT,1636341024,1636341024,1,200000000.0,200.0,200.0,0.000000,0.000000,0.775000,bridge_deposit_flow
ETH,Multi,eth_flow_0x8fdab9f2e862__r7fam10__inst00__synth_merge_src2,0x8fdab9f2e8626ad2f962ef7fcdfc4d503f96c56c82ae74b358e85f422cac8c5e,0x22648c12acd87912ea1710357b1302c6a4154ebc|0xe96f6b112364f54e5ad7c5cd9c41b9f7d1244ec3,0xe96f6b112364f54e5ad7c5cd9c41b9f7d1244ec3,0x22648c12acd87912ea1710357b1302c6a4154ebc,USDT,USDT,0x8fdab9f2e8626ad2f962ef7fcdfc4d503f96c56c82ae74b358e85f422cac8c5e_USDT,1636341024,1636341024,1,200000000.0,200.0,200.0,0.000000,0.000000,0.775000,bridge_deposit_flow
ETH,Multi,eth_flow_0x8fdab9f2e862__r7fam10__inst00__synth_unmatched_src,0x8fdab9f2e8626ad2f962ef7fcdfc4d503f96c56c82ae74b358e85f422cac8c5e,0x22648c12acd87912ea1710357b1302c6a4154ebc|0xe96f6b112364f54e5ad7c5cd9c41b9f7d1244ec3,0xe96f6b112364f54e5ad7c5cd9c41b9f7d1244ec3,0x22648c12acd87912ea1710357b1302c6a4154ebc,USDT,USDT,0x8fdab9f2e8626ad2f962ef7fcdfc4d503f96c56c82ae74b358e85f422cac8c5e_USDT,1636341024,1636341024,1,400000000.0,400.0,400.0,0.000000,0.000000,0.775000,bridge_deposit_flow
ETH,Multi,eth_flow_0x8fdab9f2e862__r7fam10__inst00__synth_noise_src_0,0x8fdab9f2e8626ad2f962ef7fcdfc4d503f96c56c82ae74b358e85f422cac8c5e,0x22648c12acd87912ea1710357b1302c6a4154ebc|0xe96f6b112364f54e5ad7c5cd9c41b9f7d1244ec3,0xe96f6b112364f54e5ad7c5cd9c41b9f7d1244ec3,0x22648c12acd87912ea1710357b1302c6a4154ebc,USDT,USDT,0x8fdab9f2e8626ad2f962ef7fcdfc4d503f96c56c82ae74b358e85f422cac8c5e_USDT,1636341024,1636341024,1,400000000.0,400.0,400.0,0.000000,0.000000,0.775000,bridge_deposit_flow
ETH,Multi,eth_flow_0x8fdab9f2e862__r7fam10__inst00__synth_noise_src_1,0x8fdab9f2e8626ad2f962ef7fcdfc4d503f96c56c82ae74b358e85f422cac8c5e,0x22648c12acd87912ea1710357b1302c6a4154ebc|0xe96f6b112364f54e5ad7c5cd9c41b9f7d1244ec3,0xe96f6b112364f54e5ad7c5cd9c41b9f7d1244ec3,0x22648c12acd87912ea1710357b1302c6a4154ebc,USDT,USDT,0x8fdab9f2e8626ad2f962ef7fcdfc4d503f96c56c82ae74b358e85f422cac8c5e_USDT,1636341024,1636341024,1,400000000.0,400.0,400.0,0.000000,0.000000,0.775000,bridge_deposit_flow
ETH,Multi,eth_flow_0x775a20ca61ae__r7fam10__inst01__synth_split_src,0x775a20ca61ae8eaf5d89d46abc829f5a8287d0cd137473b261408ffa5d6a89ba,0x22648c12acd87912ea1710357b1302c6a4154ebc|0xccd3d0561098dc3948674425799ae14c4260b17d,0xccd3d0561098dc3948674425799ae14c4260b17d,0x22648c12acd87912ea1710357b1302c6a4154ebc,USDT,USDT,0x775a20ca61ae8eaf5d89d46abc829f5a8287d0cd137473b261408ffa5d6a89ba_USDT,1635690627,1635690627,1,999000000.0,999.0,999.0,0.000000,0.000000,0.775000,bridge_deposit_flow
ETH,Multi,eth_flow_0x775a20ca61ae__r7fam10__inst01__synth_merge_src1,0x775a20ca61ae8eaf5d89d46abc829f5a8287d0cd137473b261408ffa5d6a89ba,0x22648c12acd87912ea1710357b1302c6a4154ebc|0xccd3d0561098dc3948674425799ae14c4260b17d,0xccd3d0561098dc3948674425799ae14c4260b17d,0x22648c12acd87912ea1710357b1302c6a4154ebc,USDT,USDT,0x775a20ca61ae8eaf5d89d46abc829f5a8287d0cd137473b261408ffa5d6a89ba_USDT,1635690627,1635690627,1,499500000.0,499.5,499.5,0.000000,0.000000,0.775000,bridge_deposit_flow
ETH,Multi,eth_flow_0x775a20ca61ae__r7fam10__inst01__synth_merge_src2,0x775a20ca61ae8eaf5d89d46abc829f5a8287d0cd137473b261408ffa5d6a89ba,0x22648c12acd87912ea1710357b1302c6a4154ebc|0xccd3d0561098dc3948674425799ae14c4260b17d,0xccd3d0561098dc3948674425799ae14c4260b17d,0x22648c12acd87912ea1710357b1302c6a4154ebc,USDT,USDT,0x775a20ca61ae8eaf5d89d46abc829f5a8287d0cd137473b261408ffa5d6a89ba_USDT,1635690627,1635690627,1,499500000.0,499.5,499.5,0.000000,0.000000,0.775000,bridge_deposit_flow
ETH,Multi,eth_flow_0x775a20ca61ae__r7fam10__inst01__synth_unmatched_src,0x775a20ca61ae8eaf5d89d46abc829f5a8287d0cd137473b261408ffa5d6a89ba,0x22648c12acd87912ea1710357b1302c6a4154ebc|0xccd3d0561098dc3948674425799ae14c4260b17d,0xccd3d0561098dc3948674425799ae14c4260b17d,0x22648c12acd87912ea1710357b1302c6a4154ebc,USDT,USDT,0x775a20ca61ae8eaf5d89d46abc829f5a8287d0cd137473b261408ffa5d6a89ba_USDT,1635690627,1635690627,1,999000000.0,999.0,999.0,0.000000,0.000000,0.775000,bridge_deposit_flow
ETH,Multi,eth_flow_0x775a20ca61ae__r7fam10__inst01__synth_noise_src_0,0x775a20ca61ae8eaf5d89d46abc829f5a8287d0cd137473b261408ffa5d6a89ba,0x22648c12acd87912ea1710357b1302c6a4154ebc|0xccd3d0561098dc3948674425799ae14c4260b17d,0xccd3d0561098dc3948674425799ae14c4260b17d,0x22648c12acd87912ea1710357b1302c6a4154ebc,USDT,USDT,0x775a20ca61ae8eaf5d89d46abc829f5a8287d0cd137473b261408ffa5d6a89ba_USDT,1635690627,1635690627,1,999000000.0,999.0,999.0,0.000000,0.000000,0.775000,bridge_deposit_flow
ETH,Multi,eth_flow_0x775a20ca61ae__r7fam10__inst01__synth_noise_src_1,0x775a20ca61ae8eaf5d89d46abc829f5a8287d0cd137473b261408ffa5d6a89ba,0x22648c12acd87912ea1710357b1302c6a4154ebc|0xccd3d0561098dc3948674425799ae14c4260b17d,0xccd3d0561098dc3948674425799ae14c4260b17d,0x22648c12acd87912ea1710357b1302c6a4154ebc,USDT,USDT,0x775a20ca61ae8eaf5d89d46abc829f5a8287d0cd137473b261408ffa5d6a89ba_USDT,1635690627,1635690627,1,999000000.0,999.0,999.0,0.000000,0.000000,0.775000,bridge_deposit_flow
ETH,Multi,eth_flow_0xe6b5196c2f70__r7fam11__inst00__synth_split_src,0xe6b5196c2f705973ffabb8b75fdff6574db0f4ccc2f2f78e58558de3798fbaf0,0x407e69fd5fa8a6a5ac614faa88eea006ffa6972e|0x639a647fbe20b6c8ac19e48e2de44ea792c62c5c|0x765277eebeca2e31912c9946eae1021199b39c61|0xae627c750b43e600f28b4d34eec9cdcf5e6c67c7,0xae627c750b43e600f28b4d34eec9cdcf5e6c67c7,0x639a647fbe20b6c8ac19e48e2de44ea792c62c5c,DAI,DAI,0xe6b5196c2f705973ffabb8b75fdff6574db0f4ccc2f2f78e58558de3798fbaf0_DAI,1621051272,1621051272,1,8e+20,800.0,800.0,0.000000,0.000000,0.750000,bridge_deposit_flow
ETH,Multi,eth_flow_0xe6b5196c2f70__r7fam11__inst00__synth_merge_src1,0xe6b5196c2f705973ffabb8b75fdff6574db0f4ccc2f2f78e58558de3798fbaf0,0x407e69fd5fa8a6a5ac614faa88eea006ffa6972e|0x639a647fbe20b6c8ac19e48e2de44ea792c62c5c|0x765277eebeca2e31912c9946eae1021199b39c61|0xae627c750b43e600f28b4d34eec9cdcf5e6c67c7,0xae627c750b43e600f28b4d34eec9cdcf5e6c67c7,0x639a647fbe20b6c8ac19e48e2de44ea792c62c5c,DAI,DAI,0xe6b5196c2f705973ffabb8b75fdff6574db0f4ccc2f2f78e58558de3798fbaf0_DAI,1621051272,1621051272,1,4e+20,400.0,400.0,0.000000,0.000000,0.750000,bridge_deposit_flow
ETH,Multi,eth_flow_0xe6b5196c2f70__r7fam11__inst00__synth_merge_src2,0xe6b5196c2f705973ffabb8b75fdff6574db0f4ccc2f2f78e58558de3798fbaf0,0x407e69fd5fa8a6a5ac614faa88eea006ffa6972e|0x639a647fbe20b6c8ac19e48e2de44ea792c62c5c|0x765277eebeca2e31912c9946eae1021199b39c61|0xae627c750b43e600f28b4d34eec9cdcf5e6c67c7,0xae627c750b43e600f28b4d34eec9cdcf5e6c67c7,0x639a647fbe20b6c8ac19e48e2de44ea792c62c5c,DAI,DAI,0xe6b5196c2f705973ffabb8b75fdff6574db0f4ccc2f2f78e58558de3798fbaf0_DAI,1621051272,1621051272,1,4e+20,400.0,400.0,0.000000,0.000000,0.750000,bridge_deposit_flow
ETH,Multi,eth_flow_0xe6b5196c2f70__r7fam11__inst00__synth_unmatched_src,0xe6b5196c2f705973ffabb8b75fdff6574db0f4ccc2f2f78e58558de3798fbaf0,0x407e69fd5fa8a6a5ac614faa88eea006ffa6972e|0x639a647fbe20b6c8ac19e48e2de44ea792c62c5c|0x765277eebeca2e31912c9946eae1021199b39c61|0xae627c750b43e600f28b4d34eec9cdcf5e6c67c7,0xae627c750b43e600f28b4d34eec9cdcf5e6c67c7,0x639a647fbe20b6c8ac19e48e2de44ea792c62c5c,DAI,DAI,0xe6b5196c2f705973ffabb8b75fdff6574db0f4ccc2f2f78e58558de3798fbaf0_DAI,1621051272,1621051272,1,8e+20,800.0,800.0,0.000000,0.000000,0.750000,bridge_deposit_flow
ETH,Multi,eth_flow_0xe6b5196c2f70__r7fam11__inst00__synth_noise_src_0,0xe6b5196c2f705973ffabb8b75fdff6574db0f4ccc2f2f78e58558de3798fbaf0,0x407e69fd5fa8a6a5ac614faa88eea006ffa6972e|0x639a647fbe20b6c8ac19e48e2de44ea792c62c5c|0x765277eebeca2e31912c9946eae1021199b39c61|0xae627c750b43e600f28b4d34eec9cdcf5e6c67c7,0xae627c750b43e600f28b4d34eec9cdcf5e6c67c7,0x639a647fbe20b6c8ac19e48e2de44ea792c62c5c,DAI,DAI,0xe6b5196c2f705973ffabb8b75fdff6574db0f4ccc2f2f78e58558de3798fbaf0_DAI,1621051272,1621051272,1,8e+20,800.0,800.0,0.000000,0.000000,0.750000,bridge_deposit_flow
ETH,Multi,eth_flow_0xe6b5196c2f70__r7fam11__inst00__synth_noise_src_1,0xe6b5196c2f705973ffabb8b75fdff6574db0f4ccc2f2f78e58558de3798fbaf0,0x407e69fd5fa8a6a5ac614faa88eea006ffa6972e|0x639a647fbe20b6c8ac19e48e2de44ea792c62c5c|0x765277eebeca2e31912c9946eae1021199b39c61|0xae627c750b43e600f28b4d34eec9cdcf5e6c67c7,0xae627c750b43e600f28b4d34eec9cdcf5e6c67c7,0x639a647fbe20b6c8ac19e48e2de44ea792c62c5c,DAI,DAI,0xe6b5196c2f705973ffabb8b75fdff6574db0f4ccc2f2f78e58558de3798fbaf0_DAI,1621051272,1621051272,1,8e+20,800.0,800.0,0.000000,0.000000,0.750000,bridge_deposit_flow
ETH,Multi,eth_flow_0xb23260516900__r7fam11__inst01__synth_split_src,0xb23260516900b677f96d271b6b92c280b45707cb028e1a8b67c76d25ac723df3,0x22648c12acd87912ea1710357b1302c6a4154ebc|0x50d0078f70686496e13a4c30128ff9e27433bcc0,0x50d0078f70686496e13a4c30128ff9e27433bcc0,0x22648c12acd87912ea1710357b1302c6a4154ebc,USDT,USDT,0xb23260516900b677f96d271b6b92c280b45707cb028e1a8b67c76d25ac723df3_USDT,1637752786,1637752786,1,354636000.0,354.636,354.636,0.000000,0.000000,0.775000,bridge_deposit_flow
ETH,Multi,eth_flow_0xb23260516900__r7fam11__inst01__synth_merge_src1,0xb23260516900b677f96d271b6b92c280b45707cb028e1a8b67c76d25ac723df3,0x22648c12acd87912ea1710357b1302c6a4154ebc|0x50d0078f70686496e13a4c30128ff9e27433bcc0,0x50d0078f70686496e13a4c30128ff9e27433bcc0,0x22648c12acd87912ea1710357b1302c6a4154ebc,USDT,USDT,0xb23260516900b677f96d271b6b92c280b45707cb028e1a8b67c76d25ac723df3_USDT,1637752786,1637752786,1,177318000.0,177.318,177.318,0.000000,0.000000,0.775000,bridge_deposit_flow
ETH,Multi,eth_flow_0xb23260516900__r7fam11__inst01__synth_merge_src2,0xb23260516900b677f96d271b6b92c280b45707cb028e1a8b67c76d25ac723df3,0x22648c12acd87912ea1710357b1302c6a4154ebc|0x50d0078f70686496e13a4c30128ff9e27433bcc0,0x50d0078f70686496e13a4c30128ff9e27433bcc0,0x22648c12acd87912ea1710357b1302c6a4154ebc,USDT,USDT,0xb23260516900b677f96d271b6b92c280b45707cb028e1a8b67c76d25ac723df3_USDT,1637752786,1637752786,1,177318000.0,177.318,177.318,0.000000,0.000000,0.775000,bridge_deposit_flow
ETH,Multi,eth_flow_0xb23260516900__r7fam11__inst01__synth_unmatched_src,0xb23260516900b677f96d271b6b92c280b45707cb028e1a8b67c76d25ac723df3,0x22648c12acd87912ea1710357b1302c6a4154ebc|0x50d0078f70686496e13a4c30128ff9e27433bcc0,0x50d0078f70686496e13a4c30128ff9e27433bcc0,0x22648c12acd87912ea1710357b1302c6a4154ebc,USDT,USDT,0xb23260516900b677f96d271b6b92c280b45707cb028e1a8b67c76d25ac723df3_USDT,1637752786,1637752786,1,354636000.0,354.636,354.636,0.000000,0.000000,0.775000,bridge_deposit_flow
ETH,Multi,eth_flow_0xb23260516900__r7fam11__inst01__synth_noise_src_0,0xb23260516900b677f96d271b6b92c280b45707cb028e1a8b67c76d25ac723df3,0x22648c12acd87912ea1710357b1302c6a4154ebc|0x50d0078f70686496e13a4c30128ff9e27433bcc0,0x50d0078f70686496e13a4c30128ff9e27433bcc0,0x22648c12acd87912ea1710357b1302c6a4154ebc,USDT,USDT,0xb23260516900b677f96d271b6b92c280b45707cb028e1a8b67c76d25ac723df3_USDT,1637752786,1637752786,1,354636000.0,354.636,354.636,0.000000,0.000000,0.775000,bridge_deposit_flow
ETH,Multi,eth_flow_0xb23260516900__r7fam11__inst01__synth_noise_src_1,0xb23260516900b677f96d271b6b92c280b45707cb028e1a8b67c76d25ac723df3,0x22648c12acd87912ea1710357b1302c6a4154ebc|0x50d0078f70686496e13a4c30128ff9e27433bcc0,0x50d0078f70686496e13a4c30128ff9e27433bcc0,0x22648c12acd87912ea1710357b1302c6a4154ebc,USDT,USDT,0xb23260516900b677f96d271b6b92c280b45707cb028e1a8b67c76d25ac723df3_USDT,1637752786,1637752786,1,354636000.0,354.636,354.636,0.000000,0.000000,0.775000,bridge_deposit_flow
ETH,Multi,eth_flow_0x4f72fc1fba0b__r7fam12__inst00__synth_split_src,0x4f72fc1fba0bad6da80e5209a64e49e576c750420d1071b707ee6f677989ff81,0x22648c12acd87912ea1710357b1302c6a4154ebc|0x599e027fe1858cdb8ac4fe03d05b55fe0cd1d910,0x599e027fe1858cdb8ac4fe03d05b55fe0cd1d910,0x22648c12acd87912ea1710357b1302c6a4154ebc,USDT,USDT,0x4f72fc1fba0bad6da80e5209a64e49e576c750420d1071b707ee6f677989ff81_USDT,1637907261,1637907261,1,1500000000.0,1500.0,1500.0,0.000000,0.000000,0.775000,bridge_deposit_flow
ETH,Multi,eth_flow_0x4f72fc1fba0b__r7fam12__inst00__synth_merge_src1,0x4f72fc1fba0bad6da80e5209a64e49e576c750420d1071b707ee6f677989ff81,0x22648c12acd87912ea1710357b1302c6a4154ebc|0x599e027fe1858cdb8ac4fe03d05b55fe0cd1d910,0x599e027fe1858cdb8ac4fe03d05b55fe0cd1d910,0x22648c12acd87912ea1710357b1302c6a4154ebc,USDT,USDT,0x4f72fc1fba0bad6da80e5209a64e49e576c750420d1071b707ee6f677989ff81_USDT,1637907261,1637907261,1,750000000.0,750.0,750.0,0.000000,0.000000,0.775000,bridge_deposit_flow
ETH,Multi,eth_flow_0x4f72fc1fba0b__r7fam12__inst00__synth_merge_src2,0x4f72fc1fba0bad6da80e5209a64e49e576c750420d1071b707ee6f677989ff81,0x22648c12acd87912ea1710357b1302c6a4154ebc|0x599e027fe1858cdb8ac4fe03d05b55fe0cd1d910,0x599e027fe1858cdb8ac4fe03d05b55fe0cd1d910,0x22648c12acd87912ea1710357b1302c6a4154ebc,USDT,USDT,0x4f72fc1fba0bad6da80e5209a64e49e576c750420d1071b707ee6f677989ff81_USDT,1637907261,1637907261,1,750000000.0,750.0,750.0,0.000000,0.000000,0.775000,bridge_deposit_flow
ETH,Multi,eth_flow_0x4f72fc1fba0b__r7fam12__inst00__synth_unmatched_src,0x4f72fc1fba0bad6da80e5209a64e49e576c750420d1071b707ee6f677989ff81,0x22648c12acd87912ea1710357b1302c6a4154ebc|0x599e027fe1858cdb8ac4fe03d05b55fe0cd1d910,0x599e027fe1858cdb8ac4fe03d05b55fe0cd1d910,0x22648c12acd87912ea1710357b1302c6a4154ebc,USDT,USDT,0x4f72fc1fba0bad6da80e5209a64e49e576c750420d1071b707ee6f677989ff81_USDT,1637907261,1637907261,1,1500000000.0,1500.0,1500.0,0.000000,0.000000,0.775000,bridge_deposit_flow
ETH,Multi,eth_flow_0x4f72fc1fba0b__r7fam12__inst00__synth_noise_src_0,0x4f72fc1fba0bad6da80e5209a64e49e576c750420d1071b707ee6f677989ff81,0x22648c12acd87912ea1710357b1302c6a4154ebc|0x599e027fe1858cdb8ac4fe03d05b55fe0cd1d910,0x599e027fe1858cdb8ac4fe03d05b55fe0cd1d910,0x22648c12acd87912ea1710357b1302c6a4154ebc,USDT,USDT,0x4f72fc1fba0bad6da80e5209a64e49e576c750420d1071b707ee6f677989ff81_USDT,1637907261,1637907261,1,1500000000.0,1500.0,1500.0,0.000000,0.000000,0.775000,bridge_deposit_flow
ETH,Multi,eth_flow_0x4f72fc1fba0b__r7fam12__inst00__synth_noise_src_1,0x4f72fc1fba0bad6da80e5209a64e49e576c750420d1071b707ee6f677989ff81,0x22648c12acd87912ea1710357b1302c6a4154ebc|0x599e027fe1858cdb8ac4fe03d05b55fe0cd1d910,0x599e027fe1858cdb8ac4fe03d05b55fe0cd1d910,0x22648c12acd87912ea1710357b1302c6a4154ebc,USDT,USDT,0x4f72fc1fba0bad6da80e5209a64e49e576c750420d1071b707ee6f677989ff81_USDT,1637907261,1637907261,1,1500000000.0,1500.0,1500.0,0.000000,0.000000,0.775000,bridge_deposit_flow
ETH,Multi,eth_flow_0x2fdb8ced1f1e__r7fam12__inst01__synth_split_src,0x2fdb8ced1f1ef5b7f82af2ffc062a156b2bbaa618f1359c6aeb6101970637154,0x0c70dba2e20570a983bfc7986081090aa0ba9af9|0x22648c12acd87912ea1710357b1302c6a4154ebc,0x0c70dba2e20570a983bfc7986081090aa0ba9af9,0x22648c12acd87912ea1710357b1302c6a4154ebc,USDT,USDT,0x2fdb8ced1f1ef5b7f82af2ffc062a156b2bbaa618f1359c6aeb6101970637154_USDT,1637901556,1637901556,1,2001000000.0,2001.0,2001.0,0.000000,0.000000,0.775000,bridge_deposit_flow
ETH,Multi,eth_flow_0x2fdb8ced1f1e__r7fam12__inst01__synth_merge_src1,0x2fdb8ced1f1ef5b7f82af2ffc062a156b2bbaa618f1359c6aeb6101970637154,0x0c70dba2e20570a983bfc7986081090aa0ba9af9|0x22648c12acd87912ea1710357b1302c6a4154ebc,0x0c70dba2e20570a983bfc7986081090aa0ba9af9,0x22648c12acd87912ea1710357b1302c6a4154ebc,USDT,USDT,0x2fdb8ced1f1ef5b7f82af2ffc062a156b2bbaa618f1359c6aeb6101970637154_USDT,1637901556,1637901556,1,1000500000.0,1000.5,1000.5,0.000000,0.000000,0.775000,bridge_deposit_flow
ETH,Multi,eth_flow_0x2fdb8ced1f1e__r7fam12__inst01__synth_merge_src2,0x2fdb8ced1f1ef5b7f82af2ffc062a156b2bbaa618f1359c6aeb6101970637154,0x0c70dba2e20570a983bfc7986081090aa0ba9af9|0x22648c12acd87912ea1710357b1302c6a4154ebc,0x0c70dba2e20570a983bfc7986081090aa0ba9af9,0x22648c12acd87912ea1710357b1302c6a4154ebc,USDT,USDT,0x2fdb8ced1f1ef5b7f82af2ffc062a156b2bbaa618f1359c6aeb6101970637154_USDT,1637901556,1637901556,1,1000500000.0,1000.5,1000.5,0.000000,0.000000,0.775000,bridge_deposit_flow
ETH,Multi,eth_flow_0x2fdb8ced1f1e__r7fam12__inst01__synth_unmatched_src,0x2fdb8ced1f1ef5b7f82af2ffc062a156b2bbaa618f1359c6aeb6101970637154,0x0c70dba2e20570a983bfc7986081090aa0ba9af9|0x22648c12acd87912ea1710357b1302c6a4154ebc,0x0c70dba2e20570a983bfc7986081090aa0ba9af9,0x22648c12acd87912ea1710357b1302c6a4154ebc,USDT,USDT,0x2fdb8ced1f1ef5b7f82af2ffc062a156b2bbaa618f1359c6aeb6101970637154_USDT,1637901556,1637901556,1,2001000000.0,2001.0,2001.0,0.000000,0.000000,0.775000,bridge_deposit_flow
ETH,Multi,eth_flow_0x2fdb8ced1f1e__r7fam12__inst01__synth_noise_src_0,0x2fdb8ced1f1ef5b7f82af2ffc062a156b2bbaa618f1359c6aeb6101970637154,0x0c70dba2e20570a983bfc7986081090aa0ba9af9|0x22648c12acd87912ea1710357b1302c6a4154ebc,0x0c70dba2e20570a983bfc7986081090aa0ba9af9,0x22648c12acd87912ea1710357b1302c6a4154ebc,USDT,USDT,0x2fdb8ced1f1ef5b7f82af2ffc062a156b2bbaa618f1359c6aeb6101970637154_USDT,1637901556,1637901556,1,2001000000.0,2001.0,2001.0,0.000000,0.000000,0.775000,bridge_deposit_flow
ETH,Multi,eth_flow_0x2fdb8ced1f1e__r7fam12__inst01__synth_noise_src_1,0x2fdb8ced1f1ef5b7f82af2ffc062a156b2bbaa618f1359c6aeb6101970637154,0x0c70dba2e20570a983bfc7986081090aa0ba9af9|0x22648c12acd87912ea1710357b1302c6a4154ebc,0x0c70dba2e20570a983bfc7986081090aa0ba9af9,0x22648c12acd87912ea1710357b1302c6a4154ebc,USDT,USDT,0x2fdb8ced1f1ef5b7f82af2ffc062a156b2bbaa618f1359c6aeb6101970637154_USDT,1637901556,1637901556,1,2001000000.0,2001.0,2001.0,0.000000,0.000000,0.775000,bridge_deposit_flow
ETH,Multi,eth_flow_0xceb67559d842__r7fam13__inst00__synth_split_src,0xceb67559d842a44f834f8b5f51ffb7d4915e67d5b7baf36129282fc30a928d2d,0x22648c12acd87912ea1710357b1302c6a4154ebc|0x89351a64b439a855ab7c6937bd1e2af3aff874cb|0x8bf89e098a81f97c0f200fbf252ecc860a29825c,0x8bf89e098a81f97c0f200fbf252ecc860a29825c,0x22648c12acd87912ea1710357b1302c6a4154ebc,USDT,USDT,0xceb67559d842a44f834f8b5f51ffb7d4915e67d5b7baf36129282fc30a928d2d_USDT,1638249645,1638249645,1,2100000000.0,2100.0,2100.0,0.000000,0.000000,0.775000,bridge_deposit_flow
ETH,Multi,eth_flow_0xceb67559d842__r7fam13__inst00__synth_merge_src1,0xceb67559d842a44f834f8b5f51ffb7d4915e67d5b7baf36129282fc30a928d2d,0x22648c12acd87912ea1710357b1302c6a4154ebc|0x89351a64b439a855ab7c6937bd1e2af3aff874cb|0x8bf89e098a81f97c0f200fbf252ecc860a29825c,0x8bf89e098a81f97c0f200fbf252ecc860a29825c,0x22648c12acd87912ea1710357b1302c6a4154ebc,USDT,USDT,0xceb67559d842a44f834f8b5f51ffb7d4915e67d5b7baf36129282fc30a928d2d_USDT,1638249645,1638249645,1,1050000000.0,1050.0,1050.0,0.000000,0.000000,0.775000,bridge_deposit_flow
ETH,Multi,eth_flow_0xceb67559d842__r7fam13__inst00__synth_merge_src2,0xceb67559d842a44f834f8b5f51ffb7d4915e67d5b7baf36129282fc30a928d2d,0x22648c12acd87912ea1710357b1302c6a4154ebc|0x89351a64b439a855ab7c6937bd1e2af3aff874cb|0x8bf89e098a81f97c0f200fbf252ecc860a29825c,0x8bf89e098a81f97c0f200fbf252ecc860a29825c,0x22648c12acd87912ea1710357b1302c6a4154ebc,USDT,USDT,0xceb67559d842a44f834f8b5f51ffb7d4915e67d5b7baf36129282fc30a928d2d_USDT,1638249645,1638249645,1,1050000000.0,1050.0,1050.0,0.000000,0.000000,0.775000,bridge_deposit_flow
ETH,Multi,eth_flow_0xceb67559d842__r7fam13__inst00__synth_unmatched_src,0xceb67559d842a44f834f8b5f51ffb7d4915e67d5b7baf36129282fc30a928d2d,0x22648c12acd87912ea1710357b1302c6a4154ebc|0x89351a64b439a855ab7c6937bd1e2af3aff874cb|0x8bf89e098a81f97c0f200fbf252ecc860a29825c,0x8bf89e098a81f97c0f200fbf252ecc860a29825c,0x22648c12acd87912ea1710357b1302c6a4154ebc,USDT,USDT,0xceb67559d842a44f834f8b5f51ffb7d4915e67d5b7baf36129282fc30a928d2d_USDT,1638249645,1638249645,1,2100000000.0,2100.0,2100.0,0.000000,0.000000,0.775000,bridge_deposit_flow
ETH,Multi,eth_flow_0xceb67559d842__r7fam13__inst00__synth_noise_src_0,0xceb67559d842a44f834f8b5f51ffb7d4915e67d5b7baf36129282fc30a928d2d,0x22648c12acd87912ea1710357b1302c6a4154ebc|0x89351a64b439a855ab7c6937bd1e2af3aff874cb|0x8bf89e098a81f97c0f200fbf252ecc860a29825c,0x8bf89e098a81f97c0f200fbf252ecc860a29825c,0x22648c12acd87912ea1710357b1302c6a4154ebc,USDT,USDT,0xceb67559d842a44f834f8b5f51ffb7d4915e67d5b7baf36129282fc30a928d2d_USDT,1638249645,1638249645,1,2100000000.0,2100.0,2100.0,0.000000,0.000000,0.775000,bridge_deposit_flow
ETH,Multi,eth_flow_0xceb67559d842__r7fam13__inst00__synth_noise_src_1,0xceb67559d842a44f834f8b5f51ffb7d4915e67d5b7baf36129282fc30a928d2d,0x22648c12acd87912ea1710357b1302c6a4154ebc|0x89351a64b439a855ab7c6937bd1e2af3aff874cb|0x8bf89e098a81f97c0f200fbf252ecc860a29825c,0x8bf89e098a81f97c0f200fbf252ecc860a29825c,0x22648c12acd87912ea1710357b1302c6a4154ebc,USDT,USDT,0xceb67559d842a44f834f8b5f51ffb7d4915e67d5b7baf36129282fc30a928d2d_USDT,1638249645,1638249645,1,2100000000.0,2100.0,2100.0,0.000000,0.000000,0.775000,bridge_deposit_flow
ETH,Multi,eth_flow_0x13ac7a7826c0__r7fam13__inst01__synth_split_src,0x13ac7a7826c01a4307fcadd7779ba27f27b120d5935efed15540af4516585b8f,0x22648c12acd87912ea1710357b1302c6a4154ebc|0x48e2b5d44d6661900d17c0cbbf9c65c1e9a11590,0x48e2b5d44d6661900d17c0cbbf9c65c1e9a11590,0x22648c12acd87912ea1710357b1302c6a4154ebc,USDT,USDT,0x13ac7a7826c01a4307fcadd7779ba27f27b120d5935efed15540af4516585b8f_USDT,1635164537,1635164537,1,2727090000.0,2727.09,2727.09,0.000000,0.000000,0.775000,bridge_deposit_flow
ETH,Multi,eth_flow_0x13ac7a7826c0__r7fam13__inst01__synth_merge_src1,0x13ac7a7826c01a4307fcadd7779ba27f27b120d5935efed15540af4516585b8f,0x22648c12acd87912ea1710357b1302c6a4154ebc|0x48e2b5d44d6661900d17c0cbbf9c65c1e9a11590,0x48e2b5d44d6661900d17c0cbbf9c65c1e9a11590,0x22648c12acd87912ea1710357b1302c6a4154ebc,USDT,USDT,0x13ac7a7826c01a4307fcadd7779ba27f27b120d5935efed15540af4516585b8f_USDT,1635164537,1635164537,1,1363545000.0,1363.545,1363.545,0.000000,0.000000,0.775000,bridge_deposit_flow
ETH,Multi,eth_flow_0x13ac7a7826c0__r7fam13__inst01__synth_merge_src2,0x13ac7a7826c01a4307fcadd7779ba27f27b120d5935efed15540af4516585b8f,0x22648c12acd87912ea1710357b1302c6a4154ebc|0x48e2b5d44d6661900d17c0cbbf9c65c1e9a11590,0x48e2b5d44d6661900d17c0cbbf9c65c1e9a11590,0x22648c12acd87912ea1710357b1302c6a4154ebc,USDT,USDT,0x13ac7a7826c01a4307fcadd7779ba27f27b120d5935efed15540af4516585b8f_USDT,1635164537,1635164537,1,1363545000.0,1363.545,1363.545,0.000000,0.000000,0.775000,bridge_deposit_flow
ETH,Multi,eth_flow_0x13ac7a7826c0__r7fam13__inst01__synth_unmatched_src,0x13ac7a7826c01a4307fcadd7779ba27f27b120d5935efed15540af4516585b8f,0x22648c12acd87912ea1710357b1302c6a4154ebc|0x48e2b5d44d6661900d17c0cbbf9c65c1e9a11590,0x48e2b5d44d6661900d17c0cbbf9c65c1e9a11590,0x22648c12acd87912ea1710357b1302c6a4154ebc,USDT,USDT,0x13ac7a7826c01a4307fcadd7779ba27f27b120d5935efed15540af4516585b8f_USDT,1635164537,1635164537,1,2727090000.0,2727.09,2727.09,0.000000,0.000000,0.775000,bridge_deposit_flow
ETH,Multi,eth_flow_0x13ac7a7826c0__r7fam13__inst01__synth_noise_src_0,0x13ac7a7826c01a4307fcadd7779ba27f27b120d5935efed15540af4516585b8f,0x22648c12acd87912ea1710357b1302c6a4154ebc|0x48e2b5d44d6661900d17c0cbbf9c65c1e9a11590,0x48e2b5d44d6661900d17c0cbbf9c65c1e9a11590,0x22648c12acd87912ea1710357b1302c6a4154ebc,USDT,USDT,0x13ac7a7826c01a4307fcadd7779ba27f27b120d5935efed15540af4516585b8f_USDT,1635164537,1635164537,1,2727090000.0,2727.09,2727.09,0.000000,0.000000,0.775000,bridge_deposit_flow
ETH,Multi,eth_flow_0x13ac7a7826c0__r7fam13__inst01__synth_noise_src_1,0x13ac7a7826c01a4307fcadd7779ba27f27b120d5935efed15540af4516585b8f,0x22648c12acd87912ea1710357b1302c6a4154ebc|0x48e2b5d44d6661900d17c0cbbf9c65c1e9a11590,0x48e2b5d44d6661900d17c0cbbf9c65c1e9a11590,0x22648c12acd87912ea1710357b1302c6a4154ebc,USDT,USDT,0x13ac7a7826c01a4307fcadd7779ba27f27b120d5935efed15540af4516585b8f_USDT,1635164537,1635164537,1,2727090000.0,2727.09,2727.09,0.000000,0.000000,0.775000,bridge_deposit_flow
ETH,Multi,eth_flow_0x3eff7f92b372__r7fam14__inst00__synth_split_src,0x3eff7f92b37279c585501ca68a1b87cc08c1dec5d743d655d2362bad5fbc2a17,0x0615dbba33fe61a31c7ed131bda6655ed76748b1|0x900e296e2e8dcd5d3be11a8787b394cb0619c3b7|0xc02aaa39b223fe8d0a0e5c4f27ead9083c756cc2,0x900e296e2e8dcd5d3be11a8787b394cb0619c3b7,0x0615dbba33fe61a31c7ed131bda6655ed76748b1,WETH,WETH_ETH,0x3eff7f92b37279c585501ca68a1b87cc08c1dec5d743d655d2362bad5fbc2a17_WETH,1646254475,1646254475,1,1.36e+18,1.36,3346.8356611258955,11.627907,11.627907,0.800000,bridge_deposit_flow
ETH,Multi,eth_flow_0x3eff7f92b372__r7fam14__inst00__synth_merge_src1,0x3eff7f92b37279c585501ca68a1b87cc08c1dec5d743d655d2362bad5fbc2a17,0x0615dbba33fe61a31c7ed131bda6655ed76748b1|0x900e296e2e8dcd5d3be11a8787b394cb0619c3b7|0xc02aaa39b223fe8d0a0e5c4f27ead9083c756cc2,0x900e296e2e8dcd5d3be11a8787b394cb0619c3b7,0x0615dbba33fe61a31c7ed131bda6655ed76748b1,WETH,WETH_ETH,0x3eff7f92b37279c585501ca68a1b87cc08c1dec5d743d655d2362bad5fbc2a17_WETH,1646254475,1646254475,1,6.8e+17,0.68,1673.4178305629478,11.627907,11.627907,0.800000,bridge_deposit_flow
ETH,Multi,eth_flow_0x3eff7f92b372__r7fam14__inst00__synth_merge_src2,0x3eff7f92b37279c585501ca68a1b87cc08c1dec5d743d655d2362bad5fbc2a17,0x0615dbba33fe61a31c7ed131bda6655ed76748b1|0x900e296e2e8dcd5d3be11a8787b394cb0619c3b7|0xc02aaa39b223fe8d0a0e5c4f27ead9083c756cc2,0x900e296e2e8dcd5d3be11a8787b394cb0619c3b7,0x0615dbba33fe61a31c7ed131bda6655ed76748b1,WETH,WETH_ETH,0x3eff7f92b37279c585501ca68a1b87cc08c1dec5d743d655d2362bad5fbc2a17_WETH,1646254475,1646254475,1,6.8e+17,0.68,1673.4178305629478,11.627907,11.627907,0.800000,bridge_deposit_flow
ETH,Multi,eth_flow_0x3eff7f92b372__r7fam14__inst00__synth_unmatched_src,0x3eff7f92b37279c585501ca68a1b87cc08c1dec5d743d655d2362bad5fbc2a17,0x0615dbba33fe61a31c7ed131bda6655ed76748b1|0x900e296e2e8dcd5d3be11a8787b394cb0619c3b7|0xc02aaa39b223fe8d0a0e5c4f27ead9083c756cc2,0x900e296e2e8dcd5d3be11a8787b394cb0619c3b7,0x0615dbba33fe61a31c7ed131bda6655ed76748b1,WETH,WETH_ETH,0x3eff7f92b37279c585501ca68a1b87cc08c1dec5d743d655d2362bad5fbc2a17_WETH,1646254475,1646254475,1,1.36e+18,1.36,3346.8356611258955,11.627907,11.627907,0.800000,bridge_deposit_flow
ETH,Multi,eth_flow_0x3eff7f92b372__r7fam14__inst00__synth_noise_src_0,0x3eff7f92b37279c585501ca68a1b87cc08c1dec5d743d655d2362bad5fbc2a17,0x0615dbba33fe61a31c7ed131bda6655ed76748b1|0x900e296e2e8dcd5d3be11a8787b394cb0619c3b7|0xc02aaa39b223fe8d0a0e5c4f27ead9083c756cc2,0x900e296e2e8dcd5d3be11a8787b394cb0619c3b7,0x0615dbba33fe61a31c7ed131bda6655ed76748b1,WETH,WETH_ETH,0x3eff7f92b37279c585501ca68a1b87cc08c1dec5d743d655d2362bad5fbc2a17_WETH,1646254475,1646254475,1,1.36e+18,1.36,3346.8356611258955,11.627907,11.627907,0.800000,bridge_deposit_flow
ETH,Multi,eth_flow_0x3eff7f92b372__r7fam14__inst00__synth_noise_src_1,0x3eff7f92b37279c585501ca68a1b87cc08c1dec5d743d655d2362bad5fbc2a17,0x0615dbba33fe61a31c7ed131bda6655ed76748b1|0x900e296e2e8dcd5d3be11a8787b394cb0619c3b7|0xc02aaa39b223fe8d0a0e5c4f27ead9083c756cc2,0x900e296e2e8dcd5d3be11a8787b394cb0619c3b7,0x0615dbba33fe61a31c7ed131bda6655ed76748b1,WETH,WETH_ETH,0x3eff7f92b37279c585501ca68a1b87cc08c1dec5d743d655d2362bad5fbc2a17_WETH,1646254475,1646254475,1,1.36e+18,1.36,3346.8356611258955,11.627907,11.627907,0.800000,bridge_deposit_flow
ETH,Multi,eth_flow_0x05f57ed4d6dc__r7fam14__inst01__synth_split_src,0x05f57ed4d6dc460747cdbe80864a9a379a2ad027c0b05197e0bcf6411439eacb,0x22648c12acd87912ea1710357b1302c6a4154ebc|0x9224e43fb7766d6b51a3c900cc77720cba75e91c,0x9224e43fb7766d6b51a3c900cc77720cba75e91c,0x22648c12acd87912ea1710357b1302c6a4154ebc,USDT,USDT,0x05f57ed4d6dc460747cdbe80864a9a379a2ad027c0b05197e0bcf6411439eacb_USDT,1639296167,1639296167,1,2152700000.0,2152.7,2152.7,0.000000,0.000000,0.775000,bridge_deposit_flow
ETH,Multi,eth_flow_0x05f57ed4d6dc__r7fam14__inst01__synth_merge_src1,0x05f57ed4d6dc460747cdbe80864a9a379a2ad027c0b05197e0bcf6411439eacb,0x22648c12acd87912ea1710357b1302c6a4154ebc|0x9224e43fb7766d6b51a3c900cc77720cba75e91c,0x9224e43fb7766d6b51a3c900cc77720cba75e91c,0x22648c12acd87912ea1710357b1302c6a4154ebc,USDT,USDT,0x05f57ed4d6dc460747cdbe80864a9a379a2ad027c0b05197e0bcf6411439eacb_USDT,1639296167,1639296167,1,1076350000.0,1076.35,1076.35,0.000000,0.000000,0.775000,bridge_deposit_flow
ETH,Multi,eth_flow_0x05f57ed4d6dc__r7fam14__inst01__synth_merge_src2,0x05f57ed4d6dc460747cdbe80864a9a379a2ad027c0b05197e0bcf6411439eacb,0x22648c12acd87912ea1710357b1302c6a4154ebc|0x9224e43fb7766d6b51a3c900cc77720cba75e91c,0x9224e43fb7766d6b51a3c900cc77720cba75e91c,0x22648c12acd87912ea1710357b1302c6a4154ebc,USDT,USDT,0x05f57ed4d6dc460747cdbe80864a9a379a2ad027c0b05197e0bcf6411439eacb_USDT,1639296167,1639296167,1,1076350000.0,1076.35,1076.35,0.000000,0.000000,0.775000,bridge_deposit_flow
ETH,Multi,eth_flow_0x05f57ed4d6dc__r7fam14__inst01__synth_unmatched_src,0x05f57ed4d6dc460747cdbe80864a9a379a2ad027c0b05197e0bcf6411439eacb,0x22648c12acd87912ea1710357b1302c6a4154ebc|0x9224e43fb7766d6b51a3c900cc77720cba75e91c,0x9224e43fb7766d6b51a3c900cc77720cba75e91c,0x22648c12acd87912ea1710357b1302c6a4154ebc,USDT,USDT,0x05f57ed4d6dc460747cdbe80864a9a379a2ad027c0b05197e0bcf6411439eacb_USDT,1639296167,1639296167,1,2152700000.0,2152.7,2152.7,0.000000,0.000000,0.775000,bridge_deposit_flow
ETH,Multi,eth_flow_0x05f57ed4d6dc__r7fam14__inst01__synth_noise_src_0,0x05f57ed4d6dc460747cdbe80864a9a379a2ad027c0b05197e0bcf6411439eacb,0x22648c12acd87912ea1710357b1302c6a4154ebc|0x9224e43fb7766d6b51a3c900cc77720cba75e91c,0x9224e43fb7766d6b51a3c900cc77720cba75e91c,0x22648c12acd87912ea1710357b1302c6a4154ebc,USDT,USDT,0x05f57ed4d6dc460747cdbe80864a9a379a2ad027c0b05197e0bcf6411439eacb_USDT,1639296167,1639296167,1,2152700000.0,2152.7,2152.7,0.000000,0.000000,0.775000,bridge_deposit_flow
ETH,Multi,eth_flow_0x05f57ed4d6dc__r7fam14__inst01__synth_noise_src_1,0x05f57ed4d6dc460747cdbe80864a9a379a2ad027c0b05197e0bcf6411439eacb,0x22648c12acd87912ea1710357b1302c6a4154ebc|0x9224e43fb7766d6b51a3c900cc77720cba75e91c,0x9224e43fb7766d6b51a3c900cc77720cba75e91c,0x22648c12acd87912ea1710357b1302c6a4154ebc,USDT,USDT,0x05f57ed4d6dc460747cdbe80864a9a379a2ad027c0b05197e0bcf6411439eacb_USDT,1639296167,1639296167,1,2152700000.0,2152.7,2152.7,0.000000,0.000000,0.775000,bridge_deposit_flow
ETH,Multi,eth_flow_0x117c1f4aec07__r7fam15__inst00__synth_split_src,0x117c1f4aec076d552d28645eea9b1821e75870b4b72ed6e4f466cdf9835af7de,0x22648c12acd87912ea1710357b1302c6a4154ebc|0x760163e71f3786742ae52ab9a8f962b4d5efe274,0x760163e71f3786742ae52ab9a8f962b4d5efe274,0x22648c12acd87912ea1710357b1302c6a4154ebc,USDT,USDT,0x117c1f4aec076d552d28645eea9b1821e75870b4b72ed6e4f466cdf9835af7de_USDT,1638285332,1638285332,1,2501000000.0,2501.0,2501.0,0.000000,0.000000,0.775000,bridge_deposit_flow
ETH,Multi,eth_flow_0x117c1f4aec07__r7fam15__inst00__synth_merge_src1,0x117c1f4aec076d552d28645eea9b1821e75870b4b72ed6e4f466cdf9835af7de,0x22648c12acd87912ea1710357b1302c6a4154ebc|0x760163e71f3786742ae52ab9a8f962b4d5efe274,0x760163e71f3786742ae52ab9a8f962b4d5efe274,0x22648c12acd87912ea1710357b1302c6a4154ebc,USDT,USDT,0x117c1f4aec076d552d28645eea9b1821e75870b4b72ed6e4f466cdf9835af7de_USDT,1638285332,1638285332,1,1250500000.0,1250.5,1250.5,0.000000,0.000000,0.775000,bridge_deposit_flow
ETH,Multi,eth_flow_0x117c1f4aec07__r7fam15__inst00__synth_merge_src2,0x117c1f4aec076d552d28645eea9b1821e75870b4b72ed6e4f466cdf9835af7de,0x22648c12acd87912ea1710357b1302c6a4154ebc|0x760163e71f3786742ae52ab9a8f962b4d5efe274,0x760163e71f3786742ae52ab9a8f962b4d5efe274,0x22648c12acd87912ea1710357b1302c6a4154ebc,USDT,USDT,0x117c1f4aec076d552d28645eea9b1821e75870b4b72ed6e4f466cdf9835af7de_USDT,1638285332,1638285332,1,1250500000.0,1250.5,1250.5,0.000000,0.000000,0.775000,bridge_deposit_flow
ETH,Multi,eth_flow_0x117c1f4aec07__r7fam15__inst00__synth_unmatched_src,0x117c1f4aec076d552d28645eea9b1821e75870b4b72ed6e4f466cdf9835af7de,0x22648c12acd87912ea1710357b1302c6a4154ebc|0x760163e71f3786742ae52ab9a8f962b4d5efe274,0x760163e71f3786742ae52ab9a8f962b4d5efe274,0x22648c12acd87912ea1710357b1302c6a4154ebc,USDT,USDT,0x117c1f4aec076d552d28645eea9b1821e75870b4b72ed6e4f466cdf9835af7de_USDT,1638285332,1638285332,1,2501000000.0,2501.0,2501.0,0.000000,0.000000,0.775000,bridge_deposit_flow
ETH,Multi,eth_flow_0x117c1f4aec07__r7fam15__inst00__synth_noise_src_0,0x117c1f4aec076d552d28645eea9b1821e75870b4b72ed6e4f466cdf9835af7de,0x22648c12acd87912ea1710357b1302c6a4154ebc|0x760163e71f3786742ae52ab9a8f962b4d5efe274,0x760163e71f3786742ae52ab9a8f962b4d5efe274,0x22648c12acd87912ea1710357b1302c6a4154ebc,USDT,USDT,0x117c1f4aec076d552d28645eea9b1821e75870b4b72ed6e4f466cdf9835af7de_USDT,1638285332,1638285332,1,2501000000.0,2501.0,2501.0,0.000000,0.000000,0.775000,bridge_deposit_flow
ETH,Multi,eth_flow_0x117c1f4aec07__r7fam15__inst00__synth_noise_src_1,0x117c1f4aec076d552d28645eea9b1821e75870b4b72ed6e4f466cdf9835af7de,0x22648c12acd87912ea1710357b1302c6a4154ebc|0x760163e71f3786742ae52ab9a8f962b4d5efe274,0x760163e71f3786742ae52ab9a8f962b4d5efe274,0x22648c12acd87912ea1710357b1302c6a4154ebc,USDT,USDT,0x117c1f4aec076d552d28645eea9b1821e75870b4b72ed6e4f466cdf9835af7de_USDT,1638285332,1638285332,1,2501000000.0,2501.0,2501.0,0.000000,0.000000,0.775000,bridge_deposit_flow
ETH,Multi,eth_flow_0x38a66988b673__r7fam15__inst01__synth_split_src,0x38a66988b673ee264adb2c0fb560ef5388eb7e937565b6c3696d0b0fbc133d5b,0x22648c12acd87912ea1710357b1302c6a4154ebc|0x442ff12bc8d7a08e0c7dd88529f2aea675eb1a03,0x442ff12bc8d7a08e0c7dd88529f2aea675eb1a03,0x22648c12acd87912ea1710357b1302c6a4154ebc,USDT,USDT,0x38a66988b673ee264adb2c0fb560ef5388eb7e937565b6c3696d0b0fbc133d5b_USDT,1639122898,1639122898,1,3922000000.0,3922.0,3922.0,0.000000,0.000000,0.775000,bridge_deposit_flow
ETH,Multi,eth_flow_0x38a66988b673__r7fam15__inst01__synth_merge_src1,0x38a66988b673ee264adb2c0fb560ef5388eb7e937565b6c3696d0b0fbc133d5b,0x22648c12acd87912ea1710357b1302c6a4154ebc|0x442ff12bc8d7a08e0c7dd88529f2aea675eb1a03,0x442ff12bc8d7a08e0c7dd88529f2aea675eb1a03,0x22648c12acd87912ea1710357b1302c6a4154ebc,USDT,USDT,0x38a66988b673ee264adb2c0fb560ef5388eb7e937565b6c3696d0b0fbc133d5b_USDT,1639122898,1639122898,1,1961000000.0,1961.0,1961.0,0.000000,0.000000,0.775000,bridge_deposit_flow
ETH,Multi,eth_flow_0x38a66988b673__r7fam15__inst01__synth_merge_src2,0x38a66988b673ee264adb2c0fb560ef5388eb7e937565b6c3696d0b0fbc133d5b,0x22648c12acd87912ea1710357b1302c6a4154ebc|0x442ff12bc8d7a08e0c7dd88529f2aea675eb1a03,0x442ff12bc8d7a08e0c7dd88529f2aea675eb1a03,0x22648c12acd87912ea1710357b1302c6a4154ebc,USDT,USDT,0x38a66988b673ee264adb2c0fb560ef5388eb7e937565b6c3696d0b0fbc133d5b_USDT,1639122898,1639122898,1,1961000000.0,1961.0,1961.0,0.000000,0.000000,0.775000,bridge_deposit_flow
ETH,Multi,eth_flow_0x38a66988b673__r7fam15__inst01__synth_unmatched_src,0x38a66988b673ee264adb2c0fb560ef5388eb7e937565b6c3696d0b0fbc133d5b,0x22648c12acd87912ea1710357b1302c6a4154ebc|0x442ff12bc8d7a08e0c7dd88529f2aea675eb1a03,0x442ff12bc8d7a08e0c7dd88529f2aea675eb1a03,0x22648c12acd87912ea1710357b1302c6a4154ebc,USDT,USDT,0x38a66988b673ee264adb2c0fb560ef5388eb7e937565b6c3696d0b0fbc133d5b_USDT,1639122898,1639122898,1,3922000000.0,3922.0,3922.0,0.000000,0.000000,0.775000,bridge_deposit_flow
ETH,Multi,eth_flow_0x38a66988b673__r7fam15__inst01__synth_noise_src_0,0x38a66988b673ee264adb2c0fb560ef5388eb7e937565b6c3696d0b0fbc133d5b,0x22648c12acd87912ea1710357b1302c6a4154ebc|0x442ff12bc8d7a08e0c7dd88529f2aea675eb1a03,0x442ff12bc8d7a08e0c7dd88529f2aea675eb1a03,0x22648c12acd87912ea1710357b1302c6a4154ebc,USDT,USDT,0x38a66988b673ee264adb2c0fb560ef5388eb7e937565b6c3696d0b0fbc133d5b_USDT,1639122898,1639122898,1,3922000000.0,3922.0,3922.0,0.000000,0.000000,0.775000,bridge_deposit_flow
ETH,Multi,eth_flow_0x38a66988b673__r7fam15__inst01__synth_noise_src_1,0x38a66988b673ee264adb2c0fb560ef5388eb7e937565b6c3696d0b0fbc133d5b,0x22648c12acd87912ea1710357b1302c6a4154ebc|0x442ff12bc8d7a08e0c7dd88529f2aea675eb1a03,0x442ff12bc8d7a08e0c7dd88529f2aea675eb1a03,0x22648c12acd87912ea1710357b1302c6a4154ebc,USDT,USDT,0x38a66988b673ee264adb2c0fb560ef5388eb7e937565b6c3696d0b0fbc133d5b_USDT,1639122898,1639122898,1,3922000000.0,3922.0,3922.0,0.000000,0.000000,0.775000,bridge_deposit_flow
ETH,Multi,eth_flow_0x275f955faa2c__r7fam16__inst00__synth_split_src,0x275f955faa2c47d2b6da08665251d0bd7b97b91b10e184c3bdca8094f4f23489,0x22648c12acd87912ea1710357b1302c6a4154ebc|0xf9f4724672916de394a37759e6923e483cc94d98,0xf9f4724672916de394a37759e6923e483cc94d98,0x22648c12acd87912ea1710357b1302c6a4154ebc,USDT,USDT,0x275f955faa2c47d2b6da08665251d0bd7b97b91b10e184c3bdca8094f4f23489_USDT,1635452885,1635452885,1,3000000000.0,3000.0,3000.0,0.000000,0.000000,0.775000,bridge_deposit_flow
ETH,Multi,eth_flow_0x275f955faa2c__r7fam16__inst00__synth_merge_src1,0x275f955faa2c47d2b6da08665251d0bd7b97b91b10e184c3bdca8094f4f23489,0x22648c12acd87912ea1710357b1302c6a4154ebc|0xf9f4724672916de394a37759e6923e483cc94d98,0xf9f4724672916de394a37759e6923e483cc94d98,0x22648c12acd87912ea1710357b1302c6a4154ebc,USDT,USDT,0x275f955faa2c47d2b6da08665251d0bd7b97b91b10e184c3bdca8094f4f23489_USDT,1635452885,1635452885,1,1500000000.0,1500.0,1500.0,0.000000,0.000000,0.775000,bridge_deposit_flow
ETH,Multi,eth_flow_0x275f955faa2c__r7fam16__inst00__synth_merge_src2,0x275f955faa2c47d2b6da08665251d0bd7b97b91b10e184c3bdca8094f4f23489,0x22648c12acd87912ea1710357b1302c6a4154ebc|0xf9f4724672916de394a37759e6923e483cc94d98,0xf9f4724672916de394a37759e6923e483cc94d98,0x22648c12acd87912ea1710357b1302c6a4154ebc,USDT,USDT,0x275f955faa2c47d2b6da08665251d0bd7b97b91b10e184c3bdca8094f4f23489_USDT,1635452885,1635452885,1,1500000000.0,1500.0,1500.0,0.000000,0.000000,0.775000,bridge_deposit_flow
ETH,Multi,eth_flow_0x275f955faa2c__r7fam16__inst00__synth_unmatched_src,0x275f955faa2c47d2b6da08665251d0bd7b97b91b10e184c3bdca8094f4f23489,0x22648c12acd87912ea1710357b1302c6a4154ebc|0xf9f4724672916de394a37759e6923e483cc94d98,0xf9f4724672916de394a37759e6923e483cc94d98,0x22648c12acd87912ea1710357b1302c6a4154ebc,USDT,USDT,0x275f955faa2c47d2b6da08665251d0bd7b97b91b10e184c3bdca8094f4f23489_USDT,1635452885,1635452885,1,3000000000.0,3000.0,3000.0,0.000000,0.000000,0.775000,bridge_deposit_flow
ETH,Multi,eth_flow_0x275f955faa2c__r7fam16__inst00__synth_noise_src_0,0x275f955faa2c47d2b6da08665251d0bd7b97b91b10e184c3bdca8094f4f23489,0x22648c12acd87912ea1710357b1302c6a4154ebc|0xf9f4724672916de394a37759e6923e483cc94d98,0xf9f4724672916de394a37759e6923e483cc94d98,0x22648c12acd87912ea1710357b1302c6a4154ebc,USDT,USDT,0x275f955faa2c47d2b6da08665251d0bd7b97b91b10e184c3bdca8094f4f23489_USDT,1635452885,1635452885,1,3000000000.0,3000.0,3000.0,0.000000,0.000000,0.775000,bridge_deposit_flow
ETH,Multi,eth_flow_0x275f955faa2c__r7fam16__inst00__synth_noise_src_1,0x275f955faa2c47d2b6da08665251d0bd7b97b91b10e184c3bdca8094f4f23489,0x22648c12acd87912ea1710357b1302c6a4154ebc|0xf9f4724672916de394a37759e6923e483cc94d98,0xf9f4724672916de394a37759e6923e483cc94d98,0x22648c12acd87912ea1710357b1302c6a4154ebc,USDT,USDT,0x275f955faa2c47d2b6da08665251d0bd7b97b91b10e184c3bdca8094f4f23489_USDT,1635452885,1635452885,1,3000000000.0,3000.0,3000.0,0.000000,0.000000,0.775000,bridge_deposit_flow
ETH,Multi,eth_flow_0x0d0e28589ae5__r7fam16__inst01__synth_split_src,0x0d0e28589ae5108ac24dc652da7dd487549462efb61f80100c0b3c8a9d64f8cb,0x0615dbba33fe61a31c7ed131bda6655ed76748b1|0x6dd9dde9b0bc15a7750bad0739638d4e7ad5b64e|0xc02aaa39b223fe8d0a0e5c4f27ead9083c756cc2,0x6dd9dde9b0bc15a7750bad0739638d4e7ad5b64e,0x0615dbba33fe61a31c7ed131bda6655ed76748b1,WETH,WETH_ETH,0x0d0e28589ae5108ac24dc652da7dd487549462efb61f80100c0b3c8a9d64f8cb_WETH,1645855609,1645855609,1,1.4e+18,1.4,3445.272004100186,0.000000,0.000000,0.800000,bridge_deposit_flow
ETH,Multi,eth_flow_0x0d0e28589ae5__r7fam16__inst01__synth_merge_src1,0x0d0e28589ae5108ac24dc652da7dd487549462efb61f80100c0b3c8a9d64f8cb,0x0615dbba33fe61a31c7ed131bda6655ed76748b1|0x6dd9dde9b0bc15a7750bad0739638d4e7ad5b64e|0xc02aaa39b223fe8d0a0e5c4f27ead9083c756cc2,0x6dd9dde9b0bc15a7750bad0739638d4e7ad5b64e,0x0615dbba33fe61a31c7ed131bda6655ed76748b1,WETH,WETH_ETH,0x0d0e28589ae5108ac24dc652da7dd487549462efb61f80100c0b3c8a9d64f8cb_WETH,1645855609,1645855609,1,7e+17,0.7,1722.636002050093,0.000000,0.000000,0.800000,bridge_deposit_flow
ETH,Multi,eth_flow_0x0d0e28589ae5__r7fam16__inst01__synth_merge_src2,0x0d0e28589ae5108ac24dc652da7dd487549462efb61f80100c0b3c8a9d64f8cb,0x0615dbba33fe61a31c7ed131bda6655ed76748b1|0x6dd9dde9b0bc15a7750bad0739638d4e7ad5b64e|0xc02aaa39b223fe8d0a0e5c4f27ead9083c756cc2,0x6dd9dde9b0bc15a7750bad0739638d4e7ad5b64e,0x0615dbba33fe61a31c7ed131bda6655ed76748b1,WETH,WETH_ETH,0x0d0e28589ae5108ac24dc652da7dd487549462efb61f80100c0b3c8a9d64f8cb_WETH,1645855609,1645855609,1,7e+17,0.7,1722.636002050093,0.000000,0.000000,0.800000,bridge_deposit_flow
ETH,Multi,eth_flow_0x0d0e28589ae5__r7fam16__inst01__synth_unmatched_src,0x0d0e28589ae5108ac24dc652da7dd487549462efb61f80100c0b3c8a9d64f8cb,0x0615dbba33fe61a31c7ed131bda6655ed76748b1|0x6dd9dde9b0bc15a7750bad0739638d4e7ad5b64e|0xc02aaa39b223fe8d0a0e5c4f27ead9083c756cc2,0x6dd9dde9b0bc15a7750bad0739638d4e7ad5b64e,0x0615dbba33fe61a31c7ed131bda6655ed76748b1,WETH,WETH_ETH,0x0d0e28589ae5108ac24dc652da7dd487549462efb61f80100c0b3c8a9d64f8cb_WETH,1645855609,1645855609,1,1.4e+18,1.4,3445.272004100186,0.000000,0.000000,0.800000,bridge_deposit_flow
ETH,Multi,eth_flow_0x0d0e28589ae5__r7fam16__inst01__synth_noise_src_0,0x0d0e28589ae5108ac24dc652da7dd487549462efb61f80100c0b3c8a9d64f8cb,0x0615dbba33fe61a31c7ed131bda6655ed76748b1|0x6dd9dde9b0bc15a7750bad0739638d4e7ad5b64e|0xc02aaa39b223fe8d0a0e5c4f27ead9083c756cc2,0x6dd9dde9b0bc15a7750bad0739638d4e7ad5b64e,0x0615dbba33fe61a31c7ed131bda6655ed76748b1,WETH,WETH_ETH,0x0d0e28589ae5108ac24dc652da7dd487549462efb61f80100c0b3c8a9d64f8cb_WETH,1645855609,1645855609,1,1.4e+18,1.4,3445.272004100186,0.000000,0.000000,0.800000,bridge_deposit_flow
ETH,Multi,eth_flow_0x0d0e28589ae5__r7fam16__inst01__synth_noise_src_1,0x0d0e28589ae5108ac24dc652da7dd487549462efb61f80100c0b3c8a9d64f8cb,0x0615dbba33fe61a31c7ed131bda6655ed76748b1|0x6dd9dde9b0bc15a7750bad0739638d4e7ad5b64e|0xc02aaa39b223fe8d0a0e5c4f27ead9083c756cc2,0x6dd9dde9b0bc15a7750bad0739638d4e7ad5b64e,0x0615dbba33fe61a31c7ed131bda6655ed76748b1,WETH,WETH_ETH,0x0d0e28589ae5108ac24dc652da7dd487549462efb61f80100c0b3c8a9d64f8cb_WETH,1645855609,1645855609,1,1.4e+18,1.4,3445.272004100186,0.000000,0.000000,0.800000,bridge_deposit_flow
ETH,Multi,eth_flow_0x180ae8fdbabe__r7fam17__inst00__synth_split_src,0x180ae8fdbabe3db3f6b2de2c41cce34f092de373424d6c557c25bcd7b7f35403,0x22648c12acd87912ea1710357b1302c6a4154ebc|0x44042079e15b2bed922f4ffe10024e2b726c5b6c,0x44042079e15b2bed922f4ffe10024e2b726c5b6c,0x22648c12acd87912ea1710357b1302c6a4154ebc,USDT,USDT,0x180ae8fdbabe3db3f6b2de2c41cce34f092de373424d6c557c25bcd7b7f35403_USDT,1637829898,1637829898,1,3250800000.0,3250.8,3250.8,0.000000,0.000000,0.775000,bridge_deposit_flow
ETH,Multi,eth_flow_0x180ae8fdbabe__r7fam17__inst00__synth_merge_src1,0x180ae8fdbabe3db3f6b2de2c41cce34f092de373424d6c557c25bcd7b7f35403,0x22648c12acd87912ea1710357b1302c6a4154ebc|0x44042079e15b2bed922f4ffe10024e2b726c5b6c,0x44042079e15b2bed922f4ffe10024e2b726c5b6c,0x22648c12acd87912ea1710357b1302c6a4154ebc,USDT,USDT,0x180ae8fdbabe3db3f6b2de2c41cce34f092de373424d6c557c25bcd7b7f35403_USDT,1637829898,1637829898,1,1625400000.0,1625.4,1625.4,0.000000,0.000000,0.775000,bridge_deposit_flow
ETH,Multi,eth_flow_0x180ae8fdbabe__r7fam17__inst00__synth_merge_src2,0x180ae8fdbabe3db3f6b2de2c41cce34f092de373424d6c557c25bcd7b7f35403,0x22648c12acd87912ea1710357b1302c6a4154ebc|0x44042079e15b2bed922f4ffe10024e2b726c5b6c,0x44042079e15b2bed922f4ffe10024e2b726c5b6c,0x22648c12acd87912ea1710357b1302c6a4154ebc,USDT,USDT,0x180ae8fdbabe3db3f6b2de2c41cce34f092de373424d6c557c25bcd7b7f35403_USDT,1637829898,1637829898,1,1625400000.0,1625.4,1625.4,0.000000,0.000000,0.775000,bridge_deposit_flow
ETH,Multi,eth_flow_0x180ae8fdbabe__r7fam17__inst00__synth_unmatched_src,0x180ae8fdbabe3db3f6b2de2c41cce34f092de373424d6c557c25bcd7b7f35403,0x22648c12acd87912ea1710357b1302c6a4154ebc|0x44042079e15b2bed922f4ffe10024e2b726c5b6c,0x44042079e15b2bed922f4ffe10024e2b726c5b6c,0x22648c12acd87912ea1710357b1302c6a4154ebc,USDT,USDT,0x180ae8fdbabe3db3f6b2de2c41cce34f092de373424d6c557c25bcd7b7f35403_USDT,1637829898,1637829898,1,3250800000.0,3250.8,3250.8,0.000000,0.000000,0.775000,bridge_deposit_flow
ETH,Multi,eth_flow_0x180ae8fdbabe__r7fam17__inst00__synth_noise_src_0,0x180ae8fdbabe3db3f6b2de2c41cce34f092de373424d6c557c25bcd7b7f35403,0x22648c12acd87912ea1710357b1302c6a4154ebc|0x44042079e15b2bed922f4ffe10024e2b726c5b6c,0x44042079e15b2bed922f4ffe10024e2b726c5b6c,0x22648c12acd87912ea1710357b1302c6a4154ebc,USDT,USDT,0x180ae8fdbabe3db3f6b2de2c41cce34f092de373424d6c557c25bcd7b7f35403_USDT,1637829898,1637829898,1,3250800000.0,3250.8,3250.8,0.000000,0.000000,0.775000,bridge_deposit_flow
ETH,Multi,eth_flow_0x180ae8fdbabe__r7fam17__inst00__synth_noise_src_1,0x180ae8fdbabe3db3f6b2de2c41cce34f092de373424d6c557c25bcd7b7f35403,0x22648c12acd87912ea1710357b1302c6a4154ebc|0x44042079e15b2bed922f4ffe10024e2b726c5b6c,0x44042079e15b2bed922f4ffe10024e2b726c5b6c,0x22648c12acd87912ea1710357b1302c6a4154ebc,USDT,USDT,0x180ae8fdbabe3db3f6b2de2c41cce34f092de373424d6c557c25bcd7b7f35403_USDT,1637829898,1637829898,1,3250800000.0,3250.8,3250.8,0.000000,0.000000,0.775000,bridge_deposit_flow
ETH,Multi,eth_flow_0x4dfb5e662e15__r7fam17__inst01__synth_split_src,0x4dfb5e662e154311a5637510ef18f2faaf38b567fa24ceda65d384093d466d16,0x0d02e26f50dfdc188dbb2cc0753cb1c54b580a96|0x22648c12acd87912ea1710357b1302c6a4154ebc,0x0d02e26f50dfdc188dbb2cc0753cb1c54b580a96,0x22648c12acd87912ea1710357b1302c6a4154ebc,USDT,USDT,0x4dfb5e662e154311a5637510ef18f2faaf38b567fa24ceda65d384093d466d16_USDT,1638122516,1638122516,1,3010000000.0,3010.0,3010.0,0.000000,0.000000,0.775000,bridge_deposit_flow
ETH,Multi,eth_flow_0x4dfb5e662e15__r7fam17__inst01__synth_merge_src1,0x4dfb5e662e154311a5637510ef18f2faaf38b567fa24ceda65d384093d466d16,0x0d02e26f50dfdc188dbb2cc0753cb1c54b580a96|0x22648c12acd87912ea1710357b1302c6a4154ebc,0x0d02e26f50dfdc188dbb2cc0753cb1c54b580a96,0x22648c12acd87912ea1710357b1302c6a4154ebc,USDT,USDT,0x4dfb5e662e154311a5637510ef18f2faaf38b567fa24ceda65d384093d466d16_USDT,1638122516,1638122516,1,1505000000.0,1505.0,1505.0,0.000000,0.000000,0.775000,bridge_deposit_flow
ETH,Multi,eth_flow_0x4dfb5e662e15__r7fam17__inst01__synth_merge_src2,0x4dfb5e662e154311a5637510ef18f2faaf38b567fa24ceda65d384093d466d16,0x0d02e26f50dfdc188dbb2cc0753cb1c54b580a96|0x22648c12acd87912ea1710357b1302c6a4154ebc,0x0d02e26f50dfdc188dbb2cc0753cb1c54b580a96,0x22648c12acd87912ea1710357b1302c6a4154ebc,USDT,USDT,0x4dfb5e662e154311a5637510ef18f2faaf38b567fa24ceda65d384093d466d16_USDT,1638122516,1638122516,1,1505000000.0,1505.0,1505.0,0.000000,0.000000,0.775000,bridge_deposit_flow
ETH,Multi,eth_flow_0x4dfb5e662e15__r7fam17__inst01__synth_unmatched_src,0x4dfb5e662e154311a5637510ef18f2faaf38b567fa24ceda65d384093d466d16,0x0d02e26f50dfdc188dbb2cc0753cb1c54b580a96|0x22648c12acd87912ea1710357b1302c6a4154ebc,0x0d02e26f50dfdc188dbb2cc0753cb1c54b580a96,0x22648c12acd87912ea1710357b1302c6a4154ebc,USDT,USDT,0x4dfb5e662e154311a5637510ef18f2faaf38b567fa24ceda65d384093d466d16_USDT,1638122516,1638122516,1,3010000000.0,3010.0,3010.0,0.000000,0.000000,0.775000,bridge_deposit_flow
ETH,Multi,eth_flow_0x4dfb5e662e15__r7fam17__inst01__synth_noise_src_0,0x4dfb5e662e154311a5637510ef18f2faaf38b567fa24ceda65d384093d466d16,0x0d02e26f50dfdc188dbb2cc0753cb1c54b580a96|0x22648c12acd87912ea1710357b1302c6a4154ebc,0x0d02e26f50dfdc188dbb2cc0753cb1c54b580a96,0x22648c12acd87912ea1710357b1302c6a4154ebc,USDT,USDT,0x4dfb5e662e154311a5637510ef18f2faaf38b567fa24ceda65d384093d466d16_USDT,1638122516,1638122516,1,3010000000.0,3010.0,3010.0,0.000000,0.000000,0.775000,bridge_deposit_flow
ETH,Multi,eth_flow_0x4dfb5e662e15__r7fam17__inst01__synth_noise_src_1,0x4dfb5e662e154311a5637510ef18f2faaf38b567fa24ceda65d384093d466d16,0x0d02e26f50dfdc188dbb2cc0753cb1c54b580a96|0x22648c12acd87912ea1710357b1302c6a4154ebc,0x0d02e26f50dfdc188dbb2cc0753cb1c54b580a96,0x22648c12acd87912ea1710357b1302c6a4154ebc,USDT,USDT,0x4dfb5e662e154311a5637510ef18f2faaf38b567fa24ceda65d384093d466d16_USDT,1638122516,1638122516,1,3010000000.0,3010.0,3010.0,0.000000,0.000000,0.775000,bridge_deposit_flow
ETH,Multi,eth_flow_0x0ed4665d8a44__r7fam18__inst00__synth_split_src,0x0ed4665d8a4406b52d3564cb5643841bf5a4643eaf1c958f7fe4da3194eadb10,0x22648c12acd87912ea1710357b1302c6a4154ebc|0xe2bfd2d32f947af4daf4493a4ab6c77df63d9ed1,0xe2bfd2d32f947af4daf4493a4ab6c77df63d9ed1,0x22648c12acd87912ea1710357b1302c6a4154ebc,USDT,USDT,0x0ed4665d8a4406b52d3564cb5643841bf5a4643eaf1c958f7fe4da3194eadb10_USDT,1634725256,1634725256,1,31290300000.0,31290.3,31290.3,4.651163,4.651163,0.775000,bridge_deposit_flow
ETH,Multi,eth_flow_0x0ed4665d8a44__r7fam18__inst00__synth_merge_src1,0x0ed4665d8a4406b52d3564cb5643841bf5a4643eaf1c958f7fe4da3194eadb10,0x22648c12acd87912ea1710357b1302c6a4154ebc|0xe2bfd2d32f947af4daf4493a4ab6c77df63d9ed1,0xe2bfd2d32f947af4daf4493a4ab6c77df63d9ed1,0x22648c12acd87912ea1710357b1302c6a4154ebc,USDT,USDT,0x0ed4665d8a4406b52d3564cb5643841bf5a4643eaf1c958f7fe4da3194eadb10_USDT,1634725256,1634725256,1,15645150000.0,15645.15,15645.15,4.651163,4.651163,0.775000,bridge_deposit_flow
ETH,Multi,eth_flow_0x0ed4665d8a44__r7fam18__inst00__synth_merge_src2,0x0ed4665d8a4406b52d3564cb5643841bf5a4643eaf1c958f7fe4da3194eadb10,0x22648c12acd87912ea1710357b1302c6a4154ebc|0xe2bfd2d32f947af4daf4493a4ab6c77df63d9ed1,0xe2bfd2d32f947af4daf4493a4ab6c77df63d9ed1,0x22648c12acd87912ea1710357b1302c6a4154ebc,USDT,USDT,0x0ed4665d8a4406b52d3564cb5643841bf5a4643eaf1c958f7fe4da3194eadb10_USDT,1634725256,1634725256,1,15645150000.0,15645.15,15645.15,4.651163,4.651163,0.775000,bridge_deposit_flow
ETH,Multi,eth_flow_0x0ed4665d8a44__r7fam18__inst00__synth_unmatched_src,0x0ed4665d8a4406b52d3564cb5643841bf5a4643eaf1c958f7fe4da3194eadb10,0x22648c12acd87912ea1710357b1302c6a4154ebc|0xe2bfd2d32f947af4daf4493a4ab6c77df63d9ed1,0xe2bfd2d32f947af4daf4493a4ab6c77df63d9ed1,0x22648c12acd87912ea1710357b1302c6a4154ebc,USDT,USDT,0x0ed4665d8a4406b52d3564cb5643841bf5a4643eaf1c958f7fe4da3194eadb10_USDT,1634725256,1634725256,1,31290300000.0,31290.3,31290.3,4.651163,4.651163,0.775000,bridge_deposit_flow
ETH,Multi,eth_flow_0x0ed4665d8a44__r7fam18__inst00__synth_noise_src_0,0x0ed4665d8a4406b52d3564cb5643841bf5a4643eaf1c958f7fe4da3194eadb10,0x22648c12acd87912ea1710357b1302c6a4154ebc|0xe2bfd2d32f947af4daf4493a4ab6c77df63d9ed1,0xe2bfd2d32f947af4daf4493a4ab6c77df63d9ed1,0x22648c12acd87912ea1710357b1302c6a4154ebc,USDT,USDT,0x0ed4665d8a4406b52d3564cb5643841bf5a4643eaf1c958f7fe4da3194eadb10_USDT,1634725256,1634725256,1,31290300000.0,31290.3,31290.3,4.651163,4.651163,0.775000,bridge_deposit_flow
ETH,Multi,eth_flow_0x0ed4665d8a44__r7fam18__inst00__synth_noise_src_1,0x0ed4665d8a4406b52d3564cb5643841bf5a4643eaf1c958f7fe4da3194eadb10,0x22648c12acd87912ea1710357b1302c6a4154ebc|0xe2bfd2d32f947af4daf4493a4ab6c77df63d9ed1,0xe2bfd2d32f947af4daf4493a4ab6c77df63d9ed1,0x22648c12acd87912ea1710357b1302c6a4154ebc,USDT,USDT,0x0ed4665d8a4406b52d3564cb5643841bf5a4643eaf1c958f7fe4da3194eadb10_USDT,1634725256,1634725256,1,31290300000.0,31290.3,31290.3,4.651163,4.651163,0.775000,bridge_deposit_flow
ETH,Multi,eth_flow_0xf6523617d543__r7fam18__inst01__synth_split_src,0xf6523617d54380241647750048c2b625ff65751a25a973f3b92a04dd809280ca,0x22648c12acd87912ea1710357b1302c6a4154ebc|0x9093223d02f92d857dae7346e90b61ac67eb4274,0x9093223d02f92d857dae7346e90b61ac67eb4274,0x22648c12acd87912ea1710357b1302c6a4154ebc,USDT,USDT,0xf6523617d54380241647750048c2b625ff65751a25a973f3b92a04dd809280ca_USDT,1630687881,1630687881,1,12960400000.0,12960.4,12960.4,0.000000,0.000000,0.800000,bridge_deposit_flow
ETH,Multi,eth_flow_0xf6523617d543__r7fam18__inst01__synth_merge_src1,0xf6523617d54380241647750048c2b625ff65751a25a973f3b92a04dd809280ca,0x22648c12acd87912ea1710357b1302c6a4154ebc|0x9093223d02f92d857dae7346e90b61ac67eb4274,0x9093223d02f92d857dae7346e90b61ac67eb4274,0x22648c12acd87912ea1710357b1302c6a4154ebc,USDT,USDT,0xf6523617d54380241647750048c2b625ff65751a25a973f3b92a04dd809280ca_USDT,1630687881,1630687881,1,6480200000.0,6480.2,6480.2,0.000000,0.000000,0.800000,bridge_deposit_flow
ETH,Multi,eth_flow_0xf6523617d543__r7fam18__inst01__synth_merge_src2,0xf6523617d54380241647750048c2b625ff65751a25a973f3b92a04dd809280ca,0x22648c12acd87912ea1710357b1302c6a4154ebc|0x9093223d02f92d857dae7346e90b61ac67eb4274,0x9093223d02f92d857dae7346e90b61ac67eb4274,0x22648c12acd87912ea1710357b1302c6a4154ebc,USDT,USDT,0xf6523617d54380241647750048c2b625ff65751a25a973f3b92a04dd809280ca_USDT,1630687881,1630687881,1,6480200000.0,6480.2,6480.2,0.000000,0.000000,0.800000,bridge_deposit_flow
ETH,Multi,eth_flow_0xf6523617d543__r7fam18__inst01__synth_unmatched_src,0xf6523617d54380241647750048c2b625ff65751a25a973f3b92a04dd809280ca,0x22648c12acd87912ea1710357b1302c6a4154ebc|0x9093223d02f92d857dae7346e90b61ac67eb4274,0x9093223d02f92d857dae7346e90b61ac67eb4274,0x22648c12acd87912ea1710357b1302c6a4154ebc,USDT,USDT,0xf6523617d54380241647750048c2b625ff65751a25a973f3b92a04dd809280ca_USDT,1630687881,1630687881,1,12960400000.0,12960.4,12960.4,0.000000,0.000000,0.800000,bridge_deposit_flow
ETH,Multi,eth_flow_0xf6523617d543__r7fam18__inst01__synth_noise_src_0,0xf6523617d54380241647750048c2b625ff65751a25a973f3b92a04dd809280ca,0x22648c12acd87912ea1710357b1302c6a4154ebc|0x9093223d02f92d857dae7346e90b61ac67eb4274,0x9093223d02f92d857dae7346e90b61ac67eb4274,0x22648c12acd87912ea1710357b1302c6a4154ebc,USDT,USDT,0xf6523617d54380241647750048c2b625ff65751a25a973f3b92a04dd809280ca_USDT,1630687881,1630687881,1,12960400000.0,12960.4,12960.4,0.000000,0.000000,0.800000,bridge_deposit_flow
ETH,Multi,eth_flow_0xf6523617d543__r7fam18__inst01__synth_noise_src_1,0xf6523617d54380241647750048c2b625ff65751a25a973f3b92a04dd809280ca,0x22648c12acd87912ea1710357b1302c6a4154ebc|0x9093223d02f92d857dae7346e90b61ac67eb4274,0x9093223d02f92d857dae7346e90b61ac67eb4274,0x22648c12acd87912ea1710357b1302c6a4154ebc,USDT,USDT,0xf6523617d54380241647750048c2b625ff65751a25a973f3b92a04dd809280ca_USDT,1630687881,1630687881,1,12960400000.0,12960.4,12960.4,0.000000,0.000000,0.800000,bridge_deposit_flow
ETH,Multi,eth_flow_0x0277c643efc1__r7fam19__inst00__synth_split_src,0x0277c643efc183f655d948a0934d18c329e6bccbaf9eb58d57b66824aa2fed54,0x22648c12acd87912ea1710357b1302c6a4154ebc|0x51fc5dc0a19c85a270bb3c3fc81e519e0099e29f,0x51fc5dc0a19c85a270bb3c3fc81e519e0099e29f,0x22648c12acd87912ea1710357b1302c6a4154ebc,USDT,USDT,0x0277c643efc183f655d948a0934d18c329e6bccbaf9eb58d57b66824aa2fed54_USDT,1635794151,1635794151,1,100000000000.0,100000.0,100000.0,0.000000,0.000000,0.775000,bridge_deposit_flow
ETH,Multi,eth_flow_0x0277c643efc1__r7fam19__inst00__synth_merge_src1,0x0277c643efc183f655d948a0934d18c329e6bccbaf9eb58d57b66824aa2fed54,0x22648c12acd87912ea1710357b1302c6a4154ebc|0x51fc5dc0a19c85a270bb3c3fc81e519e0099e29f,0x51fc5dc0a19c85a270bb3c3fc81e519e0099e29f,0x22648c12acd87912ea1710357b1302c6a4154ebc,USDT,USDT,0x0277c643efc183f655d948a0934d18c329e6bccbaf9eb58d57b66824aa2fed54_USDT,1635794151,1635794151,1,50000000000.0,50000.0,50000.0,0.000000,0.000000,0.775000,bridge_deposit_flow
ETH,Multi,eth_flow_0x0277c643efc1__r7fam19__inst00__synth_merge_src2,0x0277c643efc183f655d948a0934d18c329e6bccbaf9eb58d57b66824aa2fed54,0x22648c12acd87912ea1710357b1302c6a4154ebc|0x51fc5dc0a19c85a270bb3c3fc81e519e0099e29f,0x51fc5dc0a19c85a270bb3c3fc81e519e0099e29f,0x22648c12acd87912ea1710357b1302c6a4154ebc,USDT,USDT,0x0277c643efc183f655d948a0934d18c329e6bccbaf9eb58d57b66824aa2fed54_USDT,1635794151,1635794151,1,50000000000.0,50000.0,50000.0,0.000000,0.000000,0.775000,bridge_deposit_flow
ETH,Multi,eth_flow_0x0277c643efc1__r7fam19__inst00__synth_unmatched_src,0x0277c643efc183f655d948a0934d18c329e6bccbaf9eb58d57b66824aa2fed54,0x22648c12acd87912ea1710357b1302c6a4154ebc|0x51fc5dc0a19c85a270bb3c3fc81e519e0099e29f,0x51fc5dc0a19c85a270bb3c3fc81e519e0099e29f,0x22648c12acd87912ea1710357b1302c6a4154ebc,USDT,USDT,0x0277c643efc183f655d948a0934d18c329e6bccbaf9eb58d57b66824aa2fed54_USDT,1635794151,1635794151,1,100000000000.0,100000.0,100000.0,0.000000,0.000000,0.775000,bridge_deposit_flow
ETH,Multi,eth_flow_0x0277c643efc1__r7fam19__inst00__synth_noise_src_0,0x0277c643efc183f655d948a0934d18c329e6bccbaf9eb58d57b66824aa2fed54,0x22648c12acd87912ea1710357b1302c6a4154ebc|0x51fc5dc0a19c85a270bb3c3fc81e519e0099e29f,0x51fc5dc0a19c85a270bb3c3fc81e519e0099e29f,0x22648c12acd87912ea1710357b1302c6a4154ebc,USDT,USDT,0x0277c643efc183f655d948a0934d18c329e6bccbaf9eb58d57b66824aa2fed54_USDT,1635794151,1635794151,1,100000000000.0,100000.0,100000.0,0.000000,0.000000,0.775000,bridge_deposit_flow
ETH,Multi,eth_flow_0x0277c643efc1__r7fam19__inst00__synth_noise_src_1,0x0277c643efc183f655d948a0934d18c329e6bccbaf9eb58d57b66824aa2fed54,0x22648c12acd87912ea1710357b1302c6a4154ebc|0x51fc5dc0a19c85a270bb3c3fc81e519e0099e29f,0x51fc5dc0a19c85a270bb3c3fc81e519e0099e29f,0x22648c12acd87912ea1710357b1302c6a4154ebc,USDT,USDT,0x0277c643efc183f655d948a0934d18c329e6bccbaf9eb58d57b66824aa2fed54_USDT,1635794151,1635794151,1,100000000000.0,100000.0,100000.0,0.000000,0.000000,0.775000,bridge_deposit_flow
ETH,Multi,eth_flow_0x97e449812c39__r7fam19__inst01__synth_split_src,0x97e449812c39ec250ad0d6821393131e06f3aba2e3ccd6affad54f43f3b5aed5,0x22648c12acd87912ea1710357b1302c6a4154ebc|0x36c8004c03df19218426a39c1ea30c6c0045b6c5,0x36c8004c03df19218426a39c1ea30c6c0045b6c5,0x22648c12acd87912ea1710357b1302c6a4154ebc,USDT,USDT,0x97e449812c39ec250ad0d6821393131e06f3aba2e3ccd6affad54f43f3b5aed5_USDT,1636265192,1636265192,1,62548000000.0,62548.0,62548.0,0.000000,0.000000,0.775000,bridge_deposit_flow
ETH,Multi,eth_flow_0x97e449812c39__r7fam19__inst01__synth_merge_src1,0x97e449812c39ec250ad0d6821393131e06f3aba2e3ccd6affad54f43f3b5aed5,0x22648c12acd87912ea1710357b1302c6a4154ebc|0x36c8004c03df19218426a39c1ea30c6c0045b6c5,0x36c8004c03df19218426a39c1ea30c6c0045b6c5,0x22648c12acd87912ea1710357b1302c6a4154ebc,USDT,USDT,0x97e449812c39ec250ad0d6821393131e06f3aba2e3ccd6affad54f43f3b5aed5_USDT,1636265192,1636265192,1,31274000000.0,31274.0,31274.0,0.000000,0.000000,0.775000,bridge_deposit_flow
ETH,Multi,eth_flow_0x97e449812c39__r7fam19__inst01__synth_merge_src2,0x97e449812c39ec250ad0d6821393131e06f3aba2e3ccd6affad54f43f3b5aed5,0x22648c12acd87912ea1710357b1302c6a4154ebc|0x36c8004c03df19218426a39c1ea30c6c0045b6c5,0x36c8004c03df19218426a39c1ea30c6c0045b6c5,0x22648c12acd87912ea1710357b1302c6a4154ebc,USDT,USDT,0x97e449812c39ec250ad0d6821393131e06f3aba2e3ccd6affad54f43f3b5aed5_USDT,1636265192,1636265192,1,31274000000.0,31274.0,31274.0,0.000000,0.000000,0.775000,bridge_deposit_flow
ETH,Multi,eth_flow_0x97e449812c39__r7fam19__inst01__synth_unmatched_src,0x97e449812c39ec250ad0d6821393131e06f3aba2e3ccd6affad54f43f3b5aed5,0x22648c12acd87912ea1710357b1302c6a4154ebc|0x36c8004c03df19218426a39c1ea30c6c0045b6c5,0x36c8004c03df19218426a39c1ea30c6c0045b6c5,0x22648c12acd87912ea1710357b1302c6a4154ebc,USDT,USDT,0x97e449812c39ec250ad0d6821393131e06f3aba2e3ccd6affad54f43f3b5aed5_USDT,1636265192,1636265192,1,62548000000.0,62548.0,62548.0,0.000000,0.000000,0.775000,bridge_deposit_flow
ETH,Multi,eth_flow_0x97e449812c39__r7fam19__inst01__synth_noise_src_0,0x97e449812c39ec250ad0d6821393131e06f3aba2e3ccd6affad54f43f3b5aed5,0x22648c12acd87912ea1710357b1302c6a4154ebc|0x36c8004c03df19218426a39c1ea30c6c0045b6c5,0x36c8004c03df19218426a39c1ea30c6c0045b6c5,0x22648c12acd87912ea1710357b1302c6a4154ebc,USDT,USDT,0x97e449812c39ec250ad0d6821393131e06f3aba2e3ccd6affad54f43f3b5aed5_USDT,1636265192,1636265192,1,62548000000.0,62548.0,62548.0,0.000000,0.000000,0.775000,bridge_deposit_flow
ETH,Multi,eth_flow_0x97e449812c39__r7fam19__inst01__synth_noise_src_1,0x97e449812c39ec250ad0d6821393131e06f3aba2e3ccd6affad54f43f3b5aed5,0x22648c12acd87912ea1710357b1302c6a4154ebc|0x36c8004c03df19218426a39c1ea30c6c0045b6c5,0x36c8004c03df19218426a39c1ea30c6c0045b6c5,0x22648c12acd87912ea1710357b1302c6a4154ebc,USDT,USDT,0x97e449812c39ec250ad0d6821393131e06f3aba2e3ccd6affad54f43f3b5aed5_USDT,1636265192,1636265192,1,62548000000.0,62548.0,62548.0,0.000000,0.000000,0.775000,bridge_deposit_flow
ETH,Multi,eth_flow_0x5152d86ea722__r7fam20__inst00__synth_split_src,0x5152d86ea7224a8e426ee3002cf37132d216d71705d534e9d64ed55b25546774,0x22648c12acd87912ea1710357b1302c6a4154ebc|0xe89020c59d3d2091e5841ae774dd111a800e3416,0xe89020c59d3d2091e5841ae774dd111a800e3416,0x22648c12acd87912ea1710357b1302c6a4154ebc,USDT,USDT,0x5152d86ea7224a8e426ee3002cf37132d216d71705d534e9d64ed55b25546774_USDT,1633638444,1633638444,1,50976700000.0,50976.7,50976.7,0.000000,0.000000,0.775000,bridge_deposit_flow
ETH,Multi,eth_flow_0x5152d86ea722__r7fam20__inst00__synth_merge_src1,0x5152d86ea7224a8e426ee3002cf37132d216d71705d534e9d64ed55b25546774,0x22648c12acd87912ea1710357b1302c6a4154ebc|0xe89020c59d3d2091e5841ae774dd111a800e3416,0xe89020c59d3d2091e5841ae774dd111a800e3416,0x22648c12acd87912ea1710357b1302c6a4154ebc,USDT,USDT,0x5152d86ea7224a8e426ee3002cf37132d216d71705d534e9d64ed55b25546774_USDT,1633638444,1633638444,1,25488350000.0,25488.35,25488.35,0.000000,0.000000,0.775000,bridge_deposit_flow
ETH,Multi,eth_flow_0x5152d86ea722__r7fam20__inst00__synth_merge_src2,0x5152d86ea7224a8e426ee3002cf37132d216d71705d534e9d64ed55b25546774,0x22648c12acd87912ea1710357b1302c6a4154ebc|0xe89020c59d3d2091e5841ae774dd111a800e3416,0xe89020c59d3d2091e5841ae774dd111a800e3416,0x22648c12acd87912ea1710357b1302c6a4154ebc,USDT,USDT,0x5152d86ea7224a8e426ee3002cf37132d216d71705d534e9d64ed55b25546774_USDT,1633638444,1633638444,1,25488350000.0,25488.35,25488.35,0.000000,0.000000,0.775000,bridge_deposit_flow
ETH,Multi,eth_flow_0x5152d86ea722__r7fam20__inst00__synth_unmatched_src,0x5152d86ea7224a8e426ee3002cf37132d216d71705d534e9d64ed55b25546774,0x22648c12acd87912ea1710357b1302c6a4154ebc|0xe89020c59d3d2091e5841ae774dd111a800e3416,0xe89020c59d3d2091e5841ae774dd111a800e3416,0x22648c12acd87912ea1710357b1302c6a4154ebc,USDT,USDT,0x5152d86ea7224a8e426ee3002cf37132d216d71705d534e9d64ed55b25546774_USDT,1633638444,1633638444,1,50976700000.0,50976.7,50976.7,0.000000,0.000000,0.775000,bridge_deposit_flow
ETH,Multi,eth_flow_0x5152d86ea722__r7fam20__inst00__synth_noise_src_0,0x5152d86ea7224a8e426ee3002cf37132d216d71705d534e9d64ed55b25546774,0x22648c12acd87912ea1710357b1302c6a4154ebc|0xe89020c59d3d2091e5841ae774dd111a800e3416,0xe89020c59d3d2091e5841ae774dd111a800e3416,0x22648c12acd87912ea1710357b1302c6a4154ebc,USDT,USDT,0x5152d86ea7224a8e426ee3002cf37132d216d71705d534e9d64ed55b25546774_USDT,1633638444,1633638444,1,50976700000.0,50976.7,50976.7,0.000000,0.000000,0.775000,bridge_deposit_flow
ETH,Multi,eth_flow_0x5152d86ea722__r7fam20__inst00__synth_noise_src_1,0x5152d86ea7224a8e426ee3002cf37132d216d71705d534e9d64ed55b25546774,0x22648c12acd87912ea1710357b1302c6a4154ebc|0xe89020c59d3d2091e5841ae774dd111a800e3416,0xe89020c59d3d2091e5841ae774dd111a800e3416,0x22648c12acd87912ea1710357b1302c6a4154ebc,USDT,USDT,0x5152d86ea7224a8e426ee3002cf37132d216d71705d534e9d64ed55b25546774_USDT,1633638444,1633638444,1,50976700000.0,50976.7,50976.7,0.000000,0.000000,0.775000,bridge_deposit_flow
ETH,Multi,eth_flow_0x3f501c468169__r7fam20__inst01__synth_split_src,0x3f501c468169e5d4f86139425ea66f1cff3247962998bf478180cf8f32e252f6,0x22648c12acd87912ea1710357b1302c6a4154ebc|0xe2bfd2d32f947af4daf4493a4ab6c77df63d9ed1,0xe2bfd2d32f947af4daf4493a4ab6c77df63d9ed1,0x22648c12acd87912ea1710357b1302c6a4154ebc,USDT,USDT,0x3f501c468169e5d4f86139425ea66f1cff3247962998bf478180cf8f32e252f6_USDT,1634275950,1634275950,1,38847000000.0,38847.0,38847.0,4.651163,4.651163,0.775000,bridge_deposit_flow
ETH,Multi,eth_flow_0x3f501c468169__r7fam20__inst01__synth_merge_src1,0x3f501c468169e5d4f86139425ea66f1cff3247962998bf478180cf8f32e252f6,0x22648c12acd87912ea1710357b1302c6a4154ebc|0xe2bfd2d32f947af4daf4493a4ab6c77df63d9ed1,0xe2bfd2d32f947af4daf4493a4ab6c77df63d9ed1,0x22648c12acd87912ea1710357b1302c6a4154ebc,USDT,USDT,0x3f501c468169e5d4f86139425ea66f1cff3247962998bf478180cf8f32e252f6_USDT,1634275950,1634275950,1,19423500000.0,19423.5,19423.5,4.651163,4.651163,0.775000,bridge_deposit_flow
ETH,Multi,eth_flow_0x3f501c468169__r7fam20__inst01__synth_merge_src2,0x3f501c468169e5d4f86139425ea66f1cff3247962998bf478180cf8f32e252f6,0x22648c12acd87912ea1710357b1302c6a4154ebc|0xe2bfd2d32f947af4daf4493a4ab6c77df63d9ed1,0xe2bfd2d32f947af4daf4493a4ab6c77df63d9ed1,0x22648c12acd87912ea1710357b1302c6a4154ebc,USDT,USDT,0x3f501c468169e5d4f86139425ea66f1cff3247962998bf478180cf8f32e252f6_USDT,1634275950,1634275950,1,19423500000.0,19423.5,19423.5,4.651163,4.651163,0.775000,bridge_deposit_flow
ETH,Multi,eth_flow_0x3f501c468169__r7fam20__inst01__synth_unmatched_src,0x3f501c468169e5d4f86139425ea66f1cff3247962998bf478180cf8f32e252f6,0x22648c12acd87912ea1710357b1302c6a4154ebc|0xe2bfd2d32f947af4daf4493a4ab6c77df63d9ed1,0xe2bfd2d32f947af4daf4493a4ab6c77df63d9ed1,0x22648c12acd87912ea1710357b1302c6a4154ebc,USDT,USDT,0x3f501c468169e5d4f86139425ea66f1cff3247962998bf478180cf8f32e252f6_USDT,1634275950,1634275950,1,38847000000.0,38847.0,38847.0,4.651163,4.651163,0.775000,bridge_deposit_flow
ETH,Multi,eth_flow_0x3f501c468169__r7fam20__inst01__synth_noise_src_0,0x3f501c468169e5d4f86139425ea66f1cff3247962998bf478180cf8f32e252f6,0x22648c12acd87912ea1710357b1302c6a4154ebc|0xe2bfd2d32f947af4daf4493a4ab6c77df63d9ed1,0xe2bfd2d32f947af4daf4493a4ab6c77df63d9ed1,0x22648c12acd87912ea1710357b1302c6a4154ebc,USDT,USDT,0x3f501c468169e5d4f86139425ea66f1cff3247962998bf478180cf8f32e252f6_USDT,1634275950,1634275950,1,38847000000.0,38847.0,38847.0,4.651163,4.651163,0.775000,bridge_deposit_flow
ETH,Multi,eth_flow_0x3f501c468169__r7fam20__inst01__synth_noise_src_1,0x3f501c468169e5d4f86139425ea66f1cff3247962998bf478180cf8f32e252f6,0x22648c12acd87912ea1710357b1302c6a4154ebc|0xe2bfd2d32f947af4daf4493a4ab6c77df63d9ed1,0xe2bfd2d32f947af4daf4493a4ab6c77df63d9ed1,0x22648c12acd87912ea1710357b1302c6a4154ebc,USDT,USDT,0x3f501c468169e5d4f86139425ea66f1cff3247962998bf478180cf8f32e252f6_USDT,1634275950,1634275950,1,38847000000.0,38847.0,38847.0,4.651163,4.651163,0.775000,bridge_deposit_flow
ETH,Multi,eth_flow_0x93853c517494__r7fam21__inst00__synth_split_src,0x93853c5174940e401814b0426e37e28f2ba677ec79d35f923201ae936b5aa2e8,0x037b3e2e1f93f81e9faf8e4cc95da7376ec8bf2b|0x0615dbba33fe61a31c7ed131bda6655ed76748b1|0xc02aaa39b223fe8d0a0e5c4f27ead9083c756cc2,0x037b3e2e1f93f81e9faf8e4cc95da7376ec8bf2b,0x0615dbba33fe61a31c7ed131bda6655ed76748b1,WETH,WETH_ETH,0x93853c5174940e401814b0426e37e28f2ba677ec79d35f923201ae936b5aa2e8_WETH,1645382419,1645382419,1,8.8e+18,8.8,21655.99545434403,11.627907,11.627907,0.800000,bridge_deposit_flow
ETH,Multi,eth_flow_0x93853c517494__r7fam21__inst00__synth_merge_src1,0x93853c5174940e401814b0426e37e28f2ba677ec79d35f923201ae936b5aa2e8,0x037b3e2e1f93f81e9faf8e4cc95da7376ec8bf2b|0x0615dbba33fe61a31c7ed131bda6655ed76748b1|0xc02aaa39b223fe8d0a0e5c4f27ead9083c756cc2,0x037b3e2e1f93f81e9faf8e4cc95da7376ec8bf2b,0x0615dbba33fe61a31c7ed131bda6655ed76748b1,WETH,WETH_ETH,0x93853c5174940e401814b0426e37e28f2ba677ec79d35f923201ae936b5aa2e8_WETH,1645382419,1645382419,1,4.4e+18,4.4,10827.997727172014,11.627907,11.627907,0.800000,bridge_deposit_flow
ETH,Multi,eth_flow_0x93853c517494__r7fam21__inst00__synth_merge_src2,0x93853c5174940e401814b0426e37e28f2ba677ec79d35f923201ae936b5aa2e8,0x037b3e2e1f93f81e9faf8e4cc95da7376ec8bf2b|0x0615dbba33fe61a31c7ed131bda6655ed76748b1|0xc02aaa39b223fe8d0a0e5c4f27ead9083c756cc2,0x037b3e2e1f93f81e9faf8e4cc95da7376ec8bf2b,0x0615dbba33fe61a31c7ed131bda6655ed76748b1,WETH,WETH_ETH,0x93853c5174940e401814b0426e37e28f2ba677ec79d35f923201ae936b5aa2e8_WETH,1645382419,1645382419,1,4.4e+18,4.4,10827.997727172014,11.627907,11.627907,0.800000,bridge_deposit_flow
ETH,Multi,eth_flow_0x93853c517494__r7fam21__inst00__synth_unmatched_src,0x93853c5174940e401814b0426e37e28f2ba677ec79d35f923201ae936b5aa2e8,0x037b3e2e1f93f81e9faf8e4cc95da7376ec8bf2b|0x0615dbba33fe61a31c7ed131bda6655ed76748b1|0xc02aaa39b223fe8d0a0e5c4f27ead9083c756cc2,0x037b3e2e1f93f81e9faf8e4cc95da7376ec8bf2b,0x0615dbba33fe61a31c7ed131bda6655ed76748b1,WETH,WETH_ETH,0x93853c5174940e401814b0426e37e28f2ba677ec79d35f923201ae936b5aa2e8_WETH,1645382419,1645382419,1,8.8e+18,8.8,21655.99545434403,11.627907,11.627907,0.800000,bridge_deposit_flow
ETH,Multi,eth_flow_0x93853c517494__r7fam21__inst00__synth_noise_src_0,0x93853c5174940e401814b0426e37e28f2ba677ec79d35f923201ae936b5aa2e8,0x037b3e2e1f93f81e9faf8e4cc95da7376ec8bf2b|0x0615dbba33fe61a31c7ed131bda6655ed76748b1|0xc02aaa39b223fe8d0a0e5c4f27ead9083c756cc2,0x037b3e2e1f93f81e9faf8e4cc95da7376ec8bf2b,0x0615dbba33fe61a31c7ed131bda6655ed76748b1,WETH,WETH_ETH,0x93853c5174940e401814b0426e37e28f2ba677ec79d35f923201ae936b5aa2e8_WETH,1645382419,1645382419,1,8.8e+18,8.8,21655.99545434403,11.627907,11.627907,0.800000,bridge_deposit_flow
ETH,Multi,eth_flow_0x93853c517494__r7fam21__inst00__synth_noise_src_1,0x93853c5174940e401814b0426e37e28f2ba677ec79d35f923201ae936b5aa2e8,0x037b3e2e1f93f81e9faf8e4cc95da7376ec8bf2b|0x0615dbba33fe61a31c7ed131bda6655ed76748b1|0xc02aaa39b223fe8d0a0e5c4f27ead9083c756cc2,0x037b3e2e1f93f81e9faf8e4cc95da7376ec8bf2b,0x0615dbba33fe61a31c7ed131bda6655ed76748b1,WETH,WETH_ETH,0x93853c5174940e401814b0426e37e28f2ba677ec79d35f923201ae936b5aa2e8_WETH,1645382419,1645382419,1,8.8e+18,8.8,21655.99545434403,11.627907,11.627907,0.800000,bridge_deposit_flow
ETH,Multi,eth_flow_0x30e8e5986510__r7fam21__inst01__synth_split_src,0x30e8e598651052c5f7522325a1f3315d5f7a9dc111c90617dfb5edf2ff2f120d,0x22648c12acd87912ea1710357b1302c6a4154ebc|0x8234fb333efec5c9bbe73cf2db25fcce2972ef9b,0x8234fb333efec5c9bbe73cf2db25fcce2972ef9b,0x22648c12acd87912ea1710357b1302c6a4154ebc,USDT,USDT,0x30e8e598651052c5f7522325a1f3315d5f7a9dc111c90617dfb5edf2ff2f120d_USDT,1639483341,1639483341,1,46000000000.0,46000.0,46000.0,0.000000,0.000000,0.775000,bridge_deposit_flow
ETH,Multi,eth_flow_0x30e8e5986510__r7fam21__inst01__synth_merge_src1,0x30e8e598651052c5f7522325a1f3315d5f7a9dc111c90617dfb5edf2ff2f120d,0x22648c12acd87912ea1710357b1302c6a4154ebc|0x8234fb333efec5c9bbe73cf2db25fcce2972ef9b,0x8234fb333efec5c9bbe73cf2db25fcce2972ef9b,0x22648c12acd87912ea1710357b1302c6a4154ebc,USDT,USDT,0x30e8e598651052c5f7522325a1f3315d5f7a9dc111c90617dfb5edf2ff2f120d_USDT,1639483341,1639483341,1,23000000000.0,23000.0,23000.0,0.000000,0.000000,0.775000,bridge_deposit_flow
ETH,Multi,eth_flow_0x30e8e5986510__r7fam21__inst01__synth_merge_src2,0x30e8e598651052c5f7522325a1f3315d5f7a9dc111c90617dfb5edf2ff2f120d,0x22648c12acd87912ea1710357b1302c6a4154ebc|0x8234fb333efec5c9bbe73cf2db25fcce2972ef9b,0x8234fb333efec5c9bbe73cf2db25fcce2972ef9b,0x22648c12acd87912ea1710357b1302c6a4154ebc,USDT,USDT,0x30e8e598651052c5f7522325a1f3315d5f7a9dc111c90617dfb5edf2ff2f120d_USDT,1639483341,1639483341,1,23000000000.0,23000.0,23000.0,0.000000,0.000000,0.775000,bridge_deposit_flow
ETH,Multi,eth_flow_0x30e8e5986510__r7fam21__inst01__synth_unmatched_src,0x30e8e598651052c5f7522325a1f3315d5f7a9dc111c90617dfb5edf2ff2f120d,0x22648c12acd87912ea1710357b1302c6a4154ebc|0x8234fb333efec5c9bbe73cf2db25fcce2972ef9b,0x8234fb333efec5c9bbe73cf2db25fcce2972ef9b,0x22648c12acd87912ea1710357b1302c6a4154ebc,USDT,USDT,0x30e8e598651052c5f7522325a1f3315d5f7a9dc111c90617dfb5edf2ff2f120d_USDT,1639483341,1639483341,1,46000000000.0,46000.0,46000.0,0.000000,0.000000,0.775000,bridge_deposit_flow
ETH,Multi,eth_flow_0x30e8e5986510__r7fam21__inst01__synth_noise_src_0,0x30e8e598651052c5f7522325a1f3315d5f7a9dc111c90617dfb5edf2ff2f120d,0x22648c12acd87912ea1710357b1302c6a4154ebc|0x8234fb333efec5c9bbe73cf2db25fcce2972ef9b,0x8234fb333efec5c9bbe73cf2db25fcce2972ef9b,0x22648c12acd87912ea1710357b1302c6a4154ebc,USDT,USDT,0x30e8e598651052c5f7522325a1f3315d5f7a9dc111c90617dfb5edf2ff2f120d_USDT,1639483341,1639483341,1,46000000000.0,46000.0,46000.0,0.000000,0.000000,0.775000,bridge_deposit_flow
ETH,Multi,eth_flow_0x30e8e5986510__r7fam21__inst01__synth_noise_src_1,0x30e8e598651052c5f7522325a1f3315d5f7a9dc111c90617dfb5edf2ff2f120d,0x22648c12acd87912ea1710357b1302c6a4154ebc|0x8234fb333efec5c9bbe73cf2db25fcce2972ef9b,0x8234fb333efec5c9bbe73cf2db25fcce2972ef9b,0x22648c12acd87912ea1710357b1302c6a4154ebc,USDT,USDT,0x30e8e598651052c5f7522325a1f3315d5f7a9dc111c90617dfb5edf2ff2f120d_USDT,1639483341,1639483341,1,46000000000.0,46000.0,46000.0,0.000000,0.000000,0.775000,bridge_deposit_flow
ETH,Multi,eth_flow_0x6039f7e943c8__r7fam22__inst00__synth_split_src,0x6039f7e943c8b82b97225467fa3821419e7908d1211b406c7b0b62b08e3c714d,0x22648c12acd87912ea1710357b1302c6a4154ebc|0x7cd4d0944638cb30cfb9f8180d7a0b05afef0559,0x7cd4d0944638cb30cfb9f8180d7a0b05afef0559,0x22648c12acd87912ea1710357b1302c6a4154ebc,USDT,USDT,0x6039f7e943c8b82b97225467fa3821419e7908d1211b406c7b0b62b08e3c714d_USDT,1637023308,1637023308,1,10000000000.0,10000.0,10000.0,0.000000,0.000000,0.775000,bridge_deposit_flow
ETH,Multi,eth_flow_0x6039f7e943c8__r7fam22__inst00__synth_merge_src1,0x6039f7e943c8b82b97225467fa3821419e7908d1211b406c7b0b62b08e3c714d,0x22648c12acd87912ea1710357b1302c6a4154ebc|0x7cd4d0944638cb30cfb9f8180d7a0b05afef0559,0x7cd4d0944638cb30cfb9f8180d7a0b05afef0559,0x22648c12acd87912ea1710357b1302c6a4154ebc,USDT,USDT,0x6039f7e943c8b82b97225467fa3821419e7908d1211b406c7b0b62b08e3c714d_USDT,1637023308,1637023308,1,5000000000.0,5000.0,5000.0,0.000000,0.000000,0.775000,bridge_deposit_flow
ETH,Multi,eth_flow_0x6039f7e943c8__r7fam22__inst00__synth_merge_src2,0x6039f7e943c8b82b97225467fa3821419e7908d1211b406c7b0b62b08e3c714d,0x22648c12acd87912ea1710357b1302c6a4154ebc|0x7cd4d0944638cb30cfb9f8180d7a0b05afef0559,0x7cd4d0944638cb30cfb9f8180d7a0b05afef0559,0x22648c12acd87912ea1710357b1302c6a4154ebc,USDT,USDT,0x6039f7e943c8b82b97225467fa3821419e7908d1211b406c7b0b62b08e3c714d_USDT,1637023308,1637023308,1,5000000000.0,5000.0,5000.0,0.000000,0.000000,0.775000,bridge_deposit_flow
ETH,Multi,eth_flow_0x6039f7e943c8__r7fam22__inst00__synth_unmatched_src,0x6039f7e943c8b82b97225467fa3821419e7908d1211b406c7b0b62b08e3c714d,0x22648c12acd87912ea1710357b1302c6a4154ebc|0x7cd4d0944638cb30cfb9f8180d7a0b05afef0559,0x7cd4d0944638cb30cfb9f8180d7a0b05afef0559,0x22648c12acd87912ea1710357b1302c6a4154ebc,USDT,USDT,0x6039f7e943c8b82b97225467fa3821419e7908d1211b406c7b0b62b08e3c714d_USDT,1637023308,1637023308,1,10000000000.0,10000.0,10000.0,0.000000,0.000000,0.775000,bridge_deposit_flow
ETH,Multi,eth_flow_0x6039f7e943c8__r7fam22__inst00__synth_noise_src_0,0x6039f7e943c8b82b97225467fa3821419e7908d1211b406c7b0b62b08e3c714d,0x22648c12acd87912ea1710357b1302c6a4154ebc|0x7cd4d0944638cb30cfb9f8180d7a0b05afef0559,0x7cd4d0944638cb30cfb9f8180d7a0b05afef0559,0x22648c12acd87912ea1710357b1302c6a4154ebc,USDT,USDT,0x6039f7e943c8b82b97225467fa3821419e7908d1211b406c7b0b62b08e3c714d_USDT,1637023308,1637023308,1,10000000000.0,10000.0,10000.0,0.000000,0.000000,0.775000,bridge_deposit_flow
ETH,Multi,eth_flow_0x6039f7e943c8__r7fam22__inst00__synth_noise_src_1,0x6039f7e943c8b82b97225467fa3821419e7908d1211b406c7b0b62b08e3c714d,0x22648c12acd87912ea1710357b1302c6a4154ebc|0x7cd4d0944638cb30cfb9f8180d7a0b05afef0559,0x7cd4d0944638cb30cfb9f8180d7a0b05afef0559,0x22648c12acd87912ea1710357b1302c6a4154ebc,USDT,USDT,0x6039f7e943c8b82b97225467fa3821419e7908d1211b406c7b0b62b08e3c714d_USDT,1637023308,1637023308,1,10000000000.0,10000.0,10000.0,0.000000,0.000000,0.775000,bridge_deposit_flow
ETH,Multi,eth_flow_0x1d18f2e75b72__r7fam22__inst01__synth_split_src,0x1d18f2e75b72022c64c566b82d9902dfb6e5943dcb2ade85327bc7db42b207ed,0x1c44c2e11ae2a199090eefb7b6d01cbb0d54d8b6|0x22648c12acd87912ea1710357b1302c6a4154ebc,0x1c44c2e11ae2a199090eefb7b6d01cbb0d54d8b6,0x22648c12acd87912ea1710357b1302c6a4154ebc,USDT,USDT,0x1d18f2e75b72022c64c566b82d9902dfb6e5943dcb2ade85327bc7db42b207ed_USDT,1635607272,1635607272,1,6159370000.0,6159.37,6159.37,0.000000,0.000000,0.775000,bridge_deposit_flow
ETH,Multi,eth_flow_0x1d18f2e75b72__r7fam22__inst01__synth_merge_src1,0x1d18f2e75b72022c64c566b82d9902dfb6e5943dcb2ade85327bc7db42b207ed,0x1c44c2e11ae2a199090eefb7b6d01cbb0d54d8b6|0x22648c12acd87912ea1710357b1302c6a4154ebc,0x1c44c2e11ae2a199090eefb7b6d01cbb0d54d8b6,0x22648c12acd87912ea1710357b1302c6a4154ebc,USDT,USDT,0x1d18f2e75b72022c64c566b82d9902dfb6e5943dcb2ade85327bc7db42b207ed_USDT,1635607272,1635607272,1,2053123333.3333333,2053.123333333333,2053.123333333333,0.000000,0.000000,0.775000,bridge_deposit_flow
ETH,Multi,eth_flow_0x1d18f2e75b72__r7fam22__inst01__synth_merge_src2,0x1d18f2e75b72022c64c566b82d9902dfb6e5943dcb2ade85327bc7db42b207ed,0x1c44c2e11ae2a199090eefb7b6d01cbb0d54d8b6|0x22648c12acd87912ea1710357b1302c6a4154ebc,0x1c44c2e11ae2a199090eefb7b6d01cbb0d54d8b6,0x22648c12acd87912ea1710357b1302c6a4154ebc,USDT,USDT,0x1d18f2e75b72022c64c566b82d9902dfb6e5943dcb2ade85327bc7db42b207ed_USDT,1635607272,1635607272,1,2053123333.3333333,2053.123333333333,2053.123333333333,0.000000,0.000000,0.775000,bridge_deposit_flow
ETH,Multi,eth_flow_0x1d18f2e75b72__r7fam22__inst01__synth_merge_src3,0x1d18f2e75b72022c64c566b82d9902dfb6e5943dcb2ade85327bc7db42b207ed,0x1c44c2e11ae2a199090eefb7b6d01cbb0d54d8b6|0x22648c12acd87912ea1710357b1302c6a4154ebc,0x1c44c2e11ae2a199090eefb7b6d01cbb0d54d8b6,0x22648c12acd87912ea1710357b1302c6a4154ebc,USDT,USDT,0x1d18f2e75b72022c64c566b82d9902dfb6e5943dcb2ade85327bc7db42b207ed_USDT,1635607272,1635607272,1,2053123333.3333333,2053.123333333333,2053.123333333333,0.000000,0.000000,0.775000,bridge_deposit_flow
ETH,Multi,eth_flow_0x1d18f2e75b72__r7fam22__inst01__synth_unmatched_src,0x1d18f2e75b72022c64c566b82d9902dfb6e5943dcb2ade85327bc7db42b207ed,0x1c44c2e11ae2a199090eefb7b6d01cbb0d54d8b6|0x22648c12acd87912ea1710357b1302c6a4154ebc,0x1c44c2e11ae2a199090eefb7b6d01cbb0d54d8b6,0x22648c12acd87912ea1710357b1302c6a4154ebc,USDT,USDT,0x1d18f2e75b72022c64c566b82d9902dfb6e5943dcb2ade85327bc7db42b207ed_USDT,1635607272,1635607272,1,6159370000.0,6159.37,6159.37,0.000000,0.000000,0.775000,bridge_deposit_flow
ETH,Multi,eth_flow_0x1d18f2e75b72__r7fam22__inst01__synth_noise_src_0,0x1d18f2e75b72022c64c566b82d9902dfb6e5943dcb2ade85327bc7db42b207ed,0x1c44c2e11ae2a199090eefb7b6d01cbb0d54d8b6|0x22648c12acd87912ea1710357b1302c6a4154ebc,0x1c44c2e11ae2a199090eefb7b6d01cbb0d54d8b6,0x22648c12acd87912ea1710357b1302c6a4154ebc,USDT,USDT,0x1d18f2e75b72022c64c566b82d9902dfb6e5943dcb2ade85327bc7db42b207ed_USDT,1635607272,1635607272,1,6159370000.0,6159.37,6159.37,0.000000,0.000000,0.775000,bridge_deposit_flow
ETH,Multi,eth_flow_0x1d18f2e75b72__r7fam22__inst01__synth_noise_src_1,0x1d18f2e75b72022c64c566b82d9902dfb6e5943dcb2ade85327bc7db42b207ed,0x1c44c2e11ae2a199090eefb7b6d01cbb0d54d8b6|0x22648c12acd87912ea1710357b1302c6a4154ebc,0x1c44c2e11ae2a199090eefb7b6d01cbb0d54d8b6,0x22648c12acd87912ea1710357b1302c6a4154ebc,USDT,USDT,0x1d18f2e75b72022c64c566b82d9902dfb6e5943dcb2ade85327bc7db42b207ed_USDT,1635607272,1635607272,1,6159370000.0,6159.37,6159.37,0.000000,0.000000,0.775000,bridge_deposit_flow
ETH,Multi,eth_flow_0xc6a6c0cefb72__r7fam23__inst00__synth_split_src,0xc6a6c0cefb726182ee0e68d91480ad7a9d91dc5b374dde1ae600eb5f9f4c2900,0x22648c12acd87912ea1710357b1302c6a4154ebc|0xedfc35d3d39e84a7a00da7ddeff3acb2d87e9c6e,0xedfc35d3d39e84a7a00da7ddeff3acb2d87e9c6e,0x22648c12acd87912ea1710357b1302c6a4154ebc,USDT,USDT,0xc6a6c0cefb726182ee0e68d91480ad7a9d91dc5b374dde1ae600eb5f9f4c2900_USDT,1638358763,1638358763,1,10380800000.0,10380.8,10380.8,0.000000,0.000000,0.775000,bridge_deposit_flow
ETH,Multi,eth_flow_0xc6a6c0cefb72__r7fam23__inst00__synth_merge_src1,0xc6a6c0cefb726182ee0e68d91480ad7a9d91dc5b374dde1ae600eb5f9f4c2900,0x22648c12acd87912ea1710357b1302c6a4154ebc|0xedfc35d3d39e84a7a00da7ddeff3acb2d87e9c6e,0xedfc35d3d39e84a7a00da7ddeff3acb2d87e9c6e,0x22648c12acd87912ea1710357b1302c6a4154ebc,USDT,USDT,0xc6a6c0cefb726182ee0e68d91480ad7a9d91dc5b374dde1ae600eb5f9f4c2900_USDT,1638358763,1638358763,1,5190400000.0,5190.4,5190.4,0.000000,0.000000,0.775000,bridge_deposit_flow
ETH,Multi,eth_flow_0xc6a6c0cefb72__r7fam23__inst00__synth_merge_src2,0xc6a6c0cefb726182ee0e68d91480ad7a9d91dc5b374dde1ae600eb5f9f4c2900,0x22648c12acd87912ea1710357b1302c6a4154ebc|0xedfc35d3d39e84a7a00da7ddeff3acb2d87e9c6e,0xedfc35d3d39e84a7a00da7ddeff3acb2d87e9c6e,0x22648c12acd87912ea1710357b1302c6a4154ebc,USDT,USDT,0xc6a6c0cefb726182ee0e68d91480ad7a9d91dc5b374dde1ae600eb5f9f4c2900_USDT,1638358763,1638358763,1,5190400000.0,5190.4,5190.4,0.000000,0.000000,0.775000,bridge_deposit_flow
ETH,Multi,eth_flow_0xc6a6c0cefb72__r7fam23__inst00__synth_unmatched_src,0xc6a6c0cefb726182ee0e68d91480ad7a9d91dc5b374dde1ae600eb5f9f4c2900,0x22648c12acd87912ea1710357b1302c6a4154ebc|0xedfc35d3d39e84a7a00da7ddeff3acb2d87e9c6e,0xedfc35d3d39e84a7a00da7ddeff3acb2d87e9c6e,0x22648c12acd87912ea1710357b1302c6a4154ebc,USDT,USDT,0xc6a6c0cefb726182ee0e68d91480ad7a9d91dc5b374dde1ae600eb5f9f4c2900_USDT,1638358763,1638358763,1,10380800000.0,10380.8,10380.8,0.000000,0.000000,0.775000,bridge_deposit_flow
ETH,Multi,eth_flow_0xc6a6c0cefb72__r7fam23__inst00__synth_noise_src_0,0xc6a6c0cefb726182ee0e68d91480ad7a9d91dc5b374dde1ae600eb5f9f4c2900,0x22648c12acd87912ea1710357b1302c6a4154ebc|0xedfc35d3d39e84a7a00da7ddeff3acb2d87e9c6e,0xedfc35d3d39e84a7a00da7ddeff3acb2d87e9c6e,0x22648c12acd87912ea1710357b1302c6a4154ebc,USDT,USDT,0xc6a6c0cefb726182ee0e68d91480ad7a9d91dc5b374dde1ae600eb5f9f4c2900_USDT,1638358763,1638358763,1,10380800000.0,10380.8,10380.8,0.000000,0.000000,0.775000,bridge_deposit_flow
ETH,Multi,eth_flow_0xc6a6c0cefb72__r7fam23__inst00__synth_noise_src_1,0xc6a6c0cefb726182ee0e68d91480ad7a9d91dc5b374dde1ae600eb5f9f4c2900,0x22648c12acd87912ea1710357b1302c6a4154ebc|0xedfc35d3d39e84a7a00da7ddeff3acb2d87e9c6e,0xedfc35d3d39e84a7a00da7ddeff3acb2d87e9c6e,0x22648c12acd87912ea1710357b1302c6a4154ebc,USDT,USDT,0xc6a6c0cefb726182ee0e68d91480ad7a9d91dc5b374dde1ae600eb5f9f4c2900_USDT,1638358763,1638358763,1,10380800000.0,10380.8,10380.8,0.000000,0.000000,0.775000,bridge_deposit_flow
ETH,Multi,eth_flow_0xeb865c45796e__r7fam23__inst01__synth_split_src,0xeb865c45796e2d5bf44f4def318857b81a8a6591e4311ff6a423d51cd98d7ffb,0x22648c12acd87912ea1710357b1302c6a4154ebc|0xa9405868d1aa97fe1fa5e0d86e648d094e2a888d,0xa9405868d1aa97fe1fa5e0d86e648d094e2a888d,0x22648c12acd87912ea1710357b1302c6a4154ebc,USDT,USDT,0xeb865c45796e2d5bf44f4def318857b81a8a6591e4311ff6a423d51cd98d7ffb_USDT,1638158841,1638158841,1,69565900000.0,69565.9,69565.9,0.000000,0.000000,0.775000,bridge_deposit_flow
ETH,Multi,eth_flow_0xeb865c45796e__r7fam23__inst01__synth_merge_src1,0xeb865c45796e2d5bf44f4def318857b81a8a6591e4311ff6a423d51cd98d7ffb,0x22648c12acd87912ea1710357b1302c6a4154ebc|0xa9405868d1aa97fe1fa5e0d86e648d094e2a888d,0xa9405868d1aa97fe1fa5e0d86e648d094e2a888d,0x22648c12acd87912ea1710357b1302c6a4154ebc,USDT,USDT,0xeb865c45796e2d5bf44f4def318857b81a8a6591e4311ff6a423d51cd98d7ffb_USDT,1638158841,1638158841,1,34782950000.0,34782.95,34782.95,0.000000,0.000000,0.775000,bridge_deposit_flow
ETH,Multi,eth_flow_0xeb865c45796e__r7fam23__inst01__synth_merge_src2,0xeb865c45796e2d5bf44f4def318857b81a8a6591e4311ff6a423d51cd98d7ffb,0x22648c12acd87912ea1710357b1302c6a4154ebc|0xa9405868d1aa97fe1fa5e0d86e648d094e2a888d,0xa9405868d1aa97fe1fa5e0d86e648d094e2a888d,0x22648c12acd87912ea1710357b1302c6a4154ebc,USDT,USDT,0xeb865c45796e2d5bf44f4def318857b81a8a6591e4311ff6a423d51cd98d7ffb_USDT,1638158841,1638158841,1,34782950000.0,34782.95,34782.95,0.000000,0.000000,0.775000,bridge_deposit_flow
ETH,Multi,eth_flow_0xeb865c45796e__r7fam23__inst01__synth_unmatched_src,0xeb865c45796e2d5bf44f4def318857b81a8a6591e4311ff6a423d51cd98d7ffb,0x22648c12acd87912ea1710357b1302c6a4154ebc|0xa9405868d1aa97fe1fa5e0d86e648d094e2a888d,0xa9405868d1aa97fe1fa5e0d86e648d094e2a888d,0x22648c12acd87912ea1710357b1302c6a4154ebc,USDT,USDT,0xeb865c45796e2d5bf44f4def318857b81a8a6591e4311ff6a423d51cd98d7ffb_USDT,1638158841,1638158841,1,69565900000.0,69565.9,69565.9,0.000000,0.000000,0.775000,bridge_deposit_flow
ETH,Multi,eth_flow_0xeb865c45796e__r7fam23__inst01__synth_noise_src_0,0xeb865c45796e2d5bf44f4def318857b81a8a6591e4311ff6a423d51cd98d7ffb,0x22648c12acd87912ea1710357b1302c6a4154ebc|0xa9405868d1aa97fe1fa5e0d86e648d094e2a888d,0xa9405868d1aa97fe1fa5e0d86e648d094e2a888d,0x22648c12acd87912ea1710357b1302c6a4154ebc,USDT,USDT,0xeb865c45796e2d5bf44f4def318857b81a8a6591e4311ff6a423d51cd98d7ffb_USDT,1638158841,1638158841,1,69565900000.0,69565.9,69565.9,0.000000,0.000000,0.775000,bridge_deposit_flow
ETH,Multi,eth_flow_0xeb865c45796e__r7fam23__inst01__synth_noise_src_1,0xeb865c45796e2d5bf44f4def318857b81a8a6591e4311ff6a423d51cd98d7ffb,0x22648c12acd87912ea1710357b1302c6a4154ebc|0xa9405868d1aa97fe1fa5e0d86e648d094e2a888d,0xa9405868d1aa97fe1fa5e0d86e648d094e2a888d,0x22648c12acd87912ea1710357b1302c6a4154ebc,USDT,USDT,0xeb865c45796e2d5bf44f4def318857b81a8a6591e4311ff6a423d51cd98d7ffb_USDT,1638158841,1638158841,1,69565900000.0,69565.9,69565.9,0.000000,0.000000,0.775000,bridge_deposit_flow
