src_flow_id,dst_flow_id,src_amount_usd,dst_amount_usd,median_delay_sec,pattern_type,label_confidence,label_type,src_chain,dst_chain,bridge,src_token,dst_token,asset_group,label_source,support_tx_pair_count,matched_src_amount_usd,matched_dst_amount_usd,flow_mass_ratio_dst
eth_flow_0x7be10ca0eb16__r7fam00__inst00__synth_split_src,bnb_flow_0x1b1204ce6275__synth_split_a,2.4775020776063807,0.8258340258687936,135,one_to_many,0.95,supervised_flow_pair,ETH,BNB,Poly,0x12bb890508c125661e03b09ec06e404bc9289040,0x12bb890508c125661e03b09ec06e404bc9289040,RACA,semi_synthetic_split,1,0.8258340258687936,0.8258340258687936,
eth_flow_0x7be10ca0eb16__r7fam00__inst00__synth_split_src,bnb_flow_0x1b1204ce6275__synth_split_b,2.4775020776063807,0.8258340258687936,135,one_to_many,0.95,supervised_flow_pair,ETH,BNB,Poly,0x12bb890508c125661e03b09ec06e404bc9289040,0x12bb890508c125661e03b09ec06e404bc9289040,RACA,semi_synthetic_split,1,0.8258340258687936,0.8258340258687936,
eth_flow_0x7be10ca0eb16__r7fam00__inst00__synth_split_src,bnb_flow_0x1b1204ce6275__synth_split_c,2.4775020776063807,0.8258340258687936,135,one_to_many,0.95,supervised_flow_pair,ETH,BNB,Poly,0x12bb890508c125661e03b09ec06e404bc9289040,0x12bb890508c125661e03b09ec06e404bc9289040,RACA,semi_synthetic_split,1,0.8258340258687936,0.8258340258687936,
eth_flow_0x7be10ca0eb16__r7fam00__inst00__synth_merge_src1,bnb_flow_0x1b1204ce6275__synth_merge_dst,1.2387510388031904,2.4775020776063807,135,many_to_one,1.0,supervised_flow_pair,ETH,BNB,Poly,0x12bb890508c125661e03b09ec06e404bc9289040,0x12bb890508c125661e03b09ec06e404bc9289040,RACA,semi_synthetic_merge,,1.2387510388031904,1.2387510388031904,
eth_flow_0x7be10ca0eb16__r7fam00__inst00__synth_merge_src2,bnb_flow_0x1b1204ce6275__synth_merge_dst,1.2387510388031904,2.4775020776063807,135,many_to_one,1.0,supervised_flow_pair,ETH,BNB,Poly,0x12bb890508c125661e03b09ec06e404bc9289040,0x12bb890508c125661e03b09ec06e404bc9289040,RACA,semi_synthetic_merge,,1.2387510388031904,1.2387510388031904,
eth_flow_0x7be10ca0eb16__r7fam00__inst00__synth_unmatched_src,bnb_flow_0x1b1204ce6275__synth_hidden_dst,2.4775020776063807,0,135,one_to_one,0.2,supervised_flow_pair,ETH,BNB,Poly,0x12bb890508c125661e03b09ec06e404bc9289040,0x12bb890508c125661e03b09ec06e404bc9289040,RACA,semi_synthetic_unmatched,,,0,0
eth_flow_0x7be10ca0eb16__r7fam00__inst00__synth_noise_src_0,bnb_flow_0x1b1204ce6275__synth_noise_dst_0,2.4775020776063807,2.4775020776063807,195,one_to_one,0.2252,supervised_flow_pair,ETH,BNB,Poly,0x12bb890508c125661e03b09ec06e404bc9289040,0x12bb890508c125661e03b09ec06e404bc9289040,RACA,semi_synthetic_delay_noise,,,,
eth_flow_0x7be10ca0eb16__r7fam00__inst00__synth_noise_src_1,bnb_flow_0x1b1204ce6275__synth_noise_dst_1,2.4775020776063807,2.4775020776063807,255,one_to_one,0.2547,supervised_flow_pair,ETH,BNB,Poly,0x12bb890508c125661e03b09ec06e404bc9289040,0x12bb890508c125661e03b09ec06e404bc9289040,RACA,semi_synthetic_delay_noise,,,,
eth_flow_0xd8b351362f36__r7fam00__inst01__synth_split_src,bnb_flow_0x4496d3ab2d65__synth_split_a,1.466390231074506,0.733195115537253,173,one_to_many,0.95,supervised_flow_pair,ETH,BNB,Poly,0x5d285f735998f36631f678ff41fb56a10a4d0429,0x398f7827dccbefe6990478876bbf3612d93baf05,MIX,semi_synthetic_split,1,0.733195115537253,0.733195115537253,
eth_flow_0xd8b351362f36__r7fam00__inst01__synth_split_src,bnb_flow_0x4496d3ab2d65__synth_split_b,1.466390231074506,0.733195115537253,173,one_to_many,0.95,supervised_flow_pair,ETH,BNB,Poly,0x5d285f735998f36631f678ff41fb56a10a4d0429,0x398f7827dccbefe6990478876bbf3612d93baf05,MIX,semi_synthetic_split,1,0.733195115537253,0.733195115537253,
eth_flow_0xd8b351362f36__r7fam00__inst01__synth_merge_src1,bnb_flow_0x4496d3ab2d65__synth_merge_dst,0.733195115537253,1.466390231074506,173,many_to_one,1.0,supervised_flow_pair,ETH,BNB,Poly,0x5d285f735998f36631f678ff41fb56a10a4d0429,0x398f7827dccbefe6990478876bbf3612d93baf05,MIX,semi_synthetic_merge,,0.733195115537253,0.733195115537253,
eth_flow_0xd8b351362f36__r7fam00__inst01__synth_merge_src2,bnb_flow_0x4496d3ab2d65__synth_merge_dst,0.733195115537253,1.466390231074506,173,many_to_one,1.0,supervised_flow_pair,ETH,BNB,Poly,0x5d285f735998f36631f678ff41fb56a10a4d0429,0x398f7827dccbefe6990478876bbf3612d93baf05,MIX,semi_synthetic_merge,,0.733195115537253,0.733195115537253,
eth_flow_0xd8b351362f36__r7fam00__inst01__synth_unmatched_src,bnb_flow_0x4496d3ab2d65__synth_hidden_dst,1.466390231074506,0,173,one_to_one,0.2,supervised_flow_pair,ETH,BNB,Poly,0x5d285f735998f36631f678ff41fb56a10a4d0429,0x398f7827dccbefe6990478876bbf3612d93baf05,MIX,semi_synthetic_unmatched,,,0,0
eth_flow_0xd8b351362f36__r7fam00__inst01__synth_noise_src_0,bnb_flow_0x4496d3ab2d65__synth_noise_dst_0,1.466390231074506,1.466390231074506,233,one_to_one,0.2576,supervised_flow_pair,ETH,BNB,Poly,0x5d285f735998f36631f678ff41fb56a10a4d0429,0x398f7827dccbefe6990478876bbf3612d93baf05,MIX,semi_synthetic_delay_noise,,,,
eth_flow_0xd8b351362f36__r7fam00__inst01__synth_noise_src_1,bnb_flow_0x4496d3ab2d65__synth_noise_dst_1,1.466390231074506,1.466390231074506,293,one_to_one,0.2245,supervised_flow_pair,ETH,BNB,Poly,0x5d285f735998f36631f678ff41fb56a10a4d0429,0x398f7827dccbefe6990478876bbf3612d93baf05,MIX,semi_synthetic_delay_noise,,,,
eth_flow_0xb1eeac3cb605__r7fam01__inst00__synth_split_src,bnb_flow_0x295c6044989a__synth_split_a,1.922830226742461,0.9614151133712305,219,one_to_many,0.95,supervised_flow_pair,ETH,BNB,Poly,0x12bb890508c125661e03b09ec06e404bc9289040,0x12bb890508c125661e03b09ec06e404bc9289040,RACA,semi_synthetic_split,1,0.9614151133712305,0.9614151133712305,
eth_flow_0xb1eeac3cb605__r7fam01__inst00__synth_split_src,bnb_flow_0x295c6044989a__synth_split_b,1.922830226742461,0.9614151133712305,219,one_to_many,0.95,supervised_flow_pair,ETH,BNB,Poly,0x12bb890508c125661e03b09ec06e404bc9289040,0x12bb890508c125661e03b09ec06e404bc9289040,RACA,semi_synthetic_split,1,0.9614151133712305,0.9614151133712305,
eth_flow_0xb1eeac3cb605__r7fam01__inst00__synth_merge_src1,bnb_flow_0x295c6044989a__synth_merge_dst,0.9614151133712305,1.922830226742461,219,many_to_one,1.0,supervised_flow_pair,ETH,BNB,Poly,0x12bb890508c125661e03b09ec06e404bc9289040,0x12bb890508c125661e03b09ec06e404bc9289040,RACA,semi_synthetic_merge,,0.9614151133712305,0.9614151133712305,
eth_flow_0xb1eeac3cb605__r7fam01__inst00__synth_merge_src2,bnb_flow_0x295c6044989a__synth_merge_dst,0.9614151133712305,1.922830226742461,219,many_to_one,1.0,supervised_flow_pair,ETH,BNB,Poly,0x12bb890508c125661e03b09ec06e404bc9289040,0x12bb890508c125661e03b09ec06e404bc9289040,RACA,semi_synthetic_merge,,0.9614151133712305,0.9614151133712305,
eth_flow_0xb1eeac3cb605__r7fam01__inst00__synth_unmatched_src,bnb_flow_0x295c6044989a__synth_hidden_dst,1.922830226742461,0,219,one_to_one,0.2,supervised_flow_pair,ETH,BNB,Poly,0x12bb890508c125661e03b09ec06e404bc9289040,0x12bb890508c125661e03b09ec06e404bc9289040,RACA,semi_synthetic_unmatched,,,0,0
eth_flow_0xb1eeac3cb605__r7fam01__inst00__synth_noise_src_0,bnb_flow_0x295c6044989a__synth_noise_dst_0,1.922830226742461,1.922830226742461,279,one_to_one,0.2297,supervised_flow_pair,ETH,BNB,Poly,0x12bb890508c125661e03b09ec06e404bc9289040,0x12bb890508c125661e03b09ec06e404bc9289040,RACA,semi_synthetic_delay_noise,,,,
eth_flow_0xb1eeac3cb605__r7fam01__inst00__synth_noise_src_1,bnb_flow_0x295c6044989a__synth_noise_dst_1,1.922830226742461,1.922830226742461,339,one_to_one,0.2553,supervised_flow_pair,ETH,BNB,Poly,0x12bb890508c125661e03b09ec06e404bc9289040,0x12bb890508c125661e03b09ec06e404bc9289040,RACA,semi_synthetic_delay_noise,,,,
eth_flow_0x4e0edb71a353__r7fam01__inst01__synth_split_src,bnb_flow_0xd1cdaf547f35__synth_split_a,1.0179404720437837,0.5089702360218918,215,one_to_many,0.95,supervised_flow_pair,ETH,BNB,Poly,0x9e32b13ce7f2e80a01932b42553652e053d6ed8e,0xe552fb52a4f19e44ef5a967632dbc320b0820639,Metis,semi_synthetic_split,1,0.5089702360218918,0.5089702360218918,
eth_flow_0x4e0edb71a353__r7fam01__inst01__synth_split_src,bnb_flow_0xd1cdaf547f35__synth_split_b,1.0179404720437837,0.5089702360218918,215,one_to_many,0.95,supervised_flow_pair,ETH,BNB,Poly,0x9e32b13ce7f2e80a01932b42553652e053d6ed8e,0xe552fb52a4f19e44ef5a967632dbc320b0820639,Metis,semi_synthetic_split,1,0.5089702360218918,0.5089702360218918,
eth_flow_0x4e0edb71a353__r7fam01__inst01__synth_merge_src1,bnb_flow_0xd1cdaf547f35__synth_merge_dst,0.5089702360218918,1.0179404720437837,215,many_to_one,1.0,supervised_flow_pair,ETH,BNB,Poly,0x9e32b13ce7f2e80a01932b42553652e053d6ed8e,0xe552fb52a4f19e44ef5a967632dbc320b0820639,Metis,semi_synthetic_merge,,0.5089702360218918,0.5089702360218918,
eth_flow_0x4e0edb71a353__r7fam01__inst01__synth_merge_src2,bnb_flow_0xd1cdaf547f35__synth_merge_dst,0.5089702360218918,1.0179404720437837,215,many_to_one,1.0,supervised_flow_pair,ETH,BNB,Poly,0x9e32b13ce7f2e80a01932b42553652e053d6ed8e,0xe552fb52a4f19e44ef5a967632dbc320b0820639,Metis,semi_synthetic_merge,,0.5089702360218918,0.5089702360218918,
eth_flow_0x4e0edb71a353__r7fam01__inst01__synth_unmatched_src,bnb_flow_0xd1cdaf547f35__synth_hidden_dst,1.0179404720437835,0,215,one_to_one,0.2,supervised_flow_pair,ETH,BNB,Poly,0x9e32b13ce7f2e80a01932b42553652e053d6ed8e,0xe552fb52a4f19e44ef5a967632dbc320b0820639,Metis,semi_synthetic_unmatched,,,0,0
eth_flow_0x4e0edb71a353__r7fam01__inst01__synth_noise_src_0,bnb_flow_0xd1cdaf547f35__synth_noise_dst_0,1.0179404720437835,1.0179404720437835,275,one_to_one,0.2238,supervised_flow_pair,ETH,BNB,Poly,0x9e32b13ce7f2e80a01932b42553652e053d6ed8e,0xe552fb52a4f19e44ef5a967632dbc320b0820639,Metis,semi_synthetic_delay_noise,,,,
eth_flow_0x4e0edb71a353__r7fam01__inst01__synth_noise_src_1,bnb_flow_0xd1cdaf547f35__synth_noise_dst_1,1.0179404720437835,1.0179404720437835,335,one_to_one,0.2394,supervised_flow_pair,ETH,BNB,Poly,0x9e32b13ce7f2e80a01932b42553652e053d6ed8e,0xe552fb52a4f19e44ef5a967632dbc320b0820639,Metis,semi_synthetic_delay_noise,,,,
eth_flow_0x890cfdae6577__r7fam02__inst00__synth_split_src,bnb_flow_0x51ce34791475__synth_split_a,1.5776705090900671,0.2629450848483445,245,one_to_many,0.95,supervised_flow_pair,ETH,BNB,Poly,0x5d285f735998f36631f678ff41fb56a10a4d0429,0x398f7827dccbefe6990478876bbf3612d93baf05,MIX,semi_synthetic_split,1,0.2629450848483445,0.2629450848483445,
eth_flow_0x890cfdae6577__r7fam02__inst00__synth_split_src,bnb_flow_0x51ce34791475__synth_split_b,1.5776705090900671,0.2629450848483445,245,one_to_many,0.95,supervised_flow_pair,ETH,BNB,Poly,0x5d285f735998f36631f678ff41fb56a10a4d0429,0x398f7827dccbefe6990478876bbf3612d93baf05,MIX,semi_synthetic_split,1,0.2629450848483445,0.2629450848483445,
eth_flow_0x890cfdae6577__r7fam02__inst00__synth_split_src,bnb_flow_0x51ce34791475__synth_split_c,1.5776705090900671,0.2629450848483445,245,one_to_many,0.95,supervised_flow_pair,ETH,BNB,Poly,0x5d285f735998f36631f678ff41fb56a10a4d0429,0x398f7827dccbefe6990478876bbf3612d93baf05,MIX,semi_synthetic_split,1,0.2629450848483445,0.2629450848483445,
eth_flow_0x890cfdae6577__r7fam02__inst00__synth_split_src,bnb_flow_0x51ce34791475__synth_split_d,1.5776705090900671,0.2629450848483445,245,one_to_many,0.95,supervised_flow_pair,ETH,BNB,Poly,0x5d285f735998f36631f678ff41fb56a10a4d0429,0x398f7827dccbefe6990478876bbf3612d93baf05,MIX,semi_synthetic_split,1,0.2629450848483445,0.2629450848483445,
eth_flow_0x890cfdae6577__r7fam02__inst00__synth_split_src,bnb_flow_0x51ce34791475__synth_split_e,1.5776705090900671,0.2629450848483445,245,one_to_many,0.95,supervised_flow_pair,ETH,BNB,Poly,0x5d285f735998f36631f678ff41fb56a10a4d0429,0x398f7827dccbefe6990478876bbf3612d93baf05,MIX,semi_synthetic_split,1,0.2629450848483445,0.2629450848483445,
eth_flow_0x890cfdae6577__r7fam02__inst00__synth_split_src,bnb_flow_0x51ce34791475__synth_split_f,1.5776705090900671,0.2629450848483445,245,one_to_many,0.95,supervised_flow_pair,ETH,BNB,Poly,0x5d285f735998f36631f678ff41fb56a10a4d0429,0x398f7827dccbefe6990478876bbf3612d93baf05,MIX,semi_synthetic_split,1,0.2629450848483445,0.2629450848483445,
eth_flow_0x890cfdae6577__r7fam02__inst00__synth_merge_src1,bnb_flow_0x51ce34791475__synth_merge_dst,0.7888352545450336,1.5776705090900671,245,many_to_one,1.0,supervised_flow_pair,ETH,BNB,Poly,0x5d285f735998f36631f678ff41fb56a10a4d0429,0x398f7827dccbefe6990478876bbf3612d93baf05,MIX,semi_synthetic_merge,,0.7888352545450336,0.7888352545450336,
eth_flow_0x890cfdae6577__r7fam02__inst00__synth_merge_src2,bnb_flow_0x51ce34791475__synth_merge_dst,0.7888352545450336,1.5776705090900671,245,many_to_one,1.0,supervised_flow_pair,ETH,BNB,Poly,0x5d285f735998f36631f678ff41fb56a10a4d0429,0x398f7827dccbefe6990478876bbf3612d93baf05,MIX,semi_synthetic_merge,,0.7888352545450336,0.7888352545450336,
eth_flow_0x890cfdae6577__r7fam02__inst00__synth_unmatched_src,bnb_flow_0x51ce34791475__synth_hidden_dst,1.5776705090900671,0,245,one_to_one,0.2,supervised_flow_pair,ETH,BNB,Poly,0x5d285f735998f36631f678ff41fb56a10a4d0429,0x398f7827dccbefe6990478876bbf3612d93baf05,MIX,semi_synthetic_unmatched,,,0,0
eth_flow_0x890cfdae6577__r7fam02__inst00__synth_noise_src_0,bnb_flow_0x51ce34791475__synth_noise_dst_0,1.5776705090900671,1.5776705090900671,305,one_to_one,0.2299,supervised_flow_pair,ETH,BNB,Poly,0x5d285f735998f36631f678ff41fb56a10a4d0429,0x398f7827dccbefe6990478876bbf3612d93baf05,MIX,semi_synthetic_delay_noise,,,,
eth_flow_0x890cfdae6577__r7fam02__inst00__synth_noise_src_1,bnb_flow_0x51ce34791475__synth_noise_dst_1,1.5776705090900671,1.5776705090900671,365,one_to_one,0.258,supervised_flow_pair,ETH,BNB,Poly,0x5d285f735998f36631f678ff41fb56a10a4d0429,0x398f7827dccbefe6990478876bbf3612d93baf05,MIX,semi_synthetic_delay_noise,,,,
eth_flow_0x648ad5a7358f__r7fam02__inst01__synth_split_src,bnb_flow_0x09d02d3aa4c1__synth_split_a,1.4605321390472763,0.24342202317454606,253,one_to_many,0.95,supervised_flow_pair,ETH,BNB,Poly,0x5d285f735998f36631f678ff41fb56a10a4d0429,0x398f7827dccbefe6990478876bbf3612d93baf05,MIX,semi_synthetic_split,1,0.24342202317454606,0.24342202317454606,
eth_flow_0x648ad5a7358f__r7fam02__inst01__synth_split_src,bnb_flow_0x09d02d3aa4c1__synth_split_b,1.4605321390472763,0.24342202317454606,253,one_to_many,0.95,supervised_flow_pair,ETH,BNB,Poly,0x5d285f735998f36631f678ff41fb56a10a4d0429,0x398f7827dccbefe6990478876bbf3612d93baf05,MIX,semi_synthetic_split,1,0.24342202317454606,0.24342202317454606,
eth_flow_0x648ad5a7358f__r7fam02__inst01__synth_split_src,bnb_flow_0x09d02d3aa4c1__synth_split_c,1.4605321390472763,0.24342202317454606,253,one_to_many,0.95,supervised_flow_pair,ETH,BNB,Poly,0x5d285f735998f36631f678ff41fb56a10a4d0429,0x398f7827dccbefe6990478876bbf3612d93baf05,MIX,semi_synthetic_split,1,0.24342202317454606,0.24342202317454606,
eth_flow_0x648ad5a7358f__r7fam02__inst01__synth_split_src,bnb_flow_0x09d02d3aa4c1__synth_split_d,1.4605321390472763,0.24342202317454606,253,one_to_many,0.95,supervised_flow_pair,ETH,BNB,Poly,0x5d285f735998f36631f678ff41fb56a10a4d0429,0x398f7827dccbefe6990478876bbf3612d93baf05,MIX,semi_synthetic_split,1,0.24342202317454606,0.24342202317454606,
eth_flow_0x648ad5a7358f__r7fam02__inst01__synth_split_src,bnb_flow_0x09d02d3aa4c1__synth_split_e,1.4605321390472763,0.24342202317454606,253,one_to_many,0.95,supervised_flow_pair,ETH,BNB,Poly,0x5d285f735998f36631f678ff41fb56a10a4d0429,0x398f7827dccbefe6990478876bbf3612d93baf05,MIX,semi_synthetic_split,1,0.24342202317454606,0.24342202317454606,
eth_flow_0x648ad5a7358f__r7fam02__inst01__synth_split_src,bnb_flow_0x09d02d3aa4c1__synth_split_f,1.4605321390472763,0.24342202317454606,253,one_to_many,0.95,supervised_flow_pair,ETH,BNB,Poly,0x5d285f735998f36631f678ff41fb56a10a4d0429,0x398f7827dccbefe6990478876bbf3612d93baf05,MIX,semi_synthetic_split,1,0.24342202317454606,0.24342202317454606,
eth_flow_0x648ad5a7358f__r7fam02__inst01__synth_merge_src1,bnb_flow_0x09d02d3aa4c1__synth_merge_dst,0.7302660695236382,1.4605321390472763,253,many_to_one,1.0,supervised_flow_pair,ETH,BNB,Poly,0x5d285f735998f36631f678ff41fb56a10a4d0429,0x398f7827dccbefe6990478876bbf3612d93baf05,MIX,semi_synthetic_merge,,0.7302660695236382,0.7302660695236382,
eth_flow_0x648ad5a7358f__r7fam02__inst01__synth_merge_src2,bnb_flow_0x09d02d3aa4c1__synth_merge_dst,0.7302660695236382,1.4605321390472763,253,many_to_one,1.0,supervised_flow_pair,ETH,BNB,Poly,0x5d285f735998f36631f678ff41fb56a10a4d0429,0x398f7827dccbefe6990478876bbf3612d93baf05,MIX,semi_synthetic_merge,,0.7302660695236382,0.7302660695236382,
eth_flow_0x648ad5a7358f__r7fam02__inst01__synth_unmatched_src,bnb_flow_0x09d02d3aa4c1__synth_hidden_dst,1.4605321390472765,0,253,one_to_one,0.2,supervised_flow_pair,ETH,BNB,Poly,0x5d285f735998f36631f678ff41fb56a10a4d0429,0x398f7827dccbefe6990478876bbf3612d93baf05,MIX,semi_synthetic_unmatched,,,0,0
eth_flow_0x648ad5a7358f__r7fam02__inst01__synth_noise_src_0,bnb_flow_0x09d02d3aa4c1__synth_noise_dst_0,1.4605321390472765,1.4605321390472765,313,one_to_one,0.2586,supervised_flow_pair,ETH,BNB,Poly,0x5d285f735998f36631f678ff41fb56a10a4d0429,0x398f7827dccbefe6990478876bbf3612d93baf05,MIX,semi_synthetic_delay_noise,,,,
eth_flow_0x648ad5a7358f__r7fam02__inst01__synth_noise_src_1,bnb_flow_0x09d02d3aa4c1__synth_noise_dst_1,1.4605321390472765,1.4605321390472765,373,one_to_one,0.2201,supervised_flow_pair,ETH,BNB,Poly,0x5d285f735998f36631f678ff41fb56a10a4d0429,0x398f7827dccbefe6990478876bbf3612d93baf05,MIX,semi_synthetic_delay_noise,,,,
eth_flow_0x1b4576eca62e__r7fam03__inst00__synth_split_src,bnb_flow_0x990c056f0694__synth_split_a,1.6468142056240682,0.8234071028120341,310,one_to_many,0.95,supervised_flow_pair,ETH,BNB,Poly,0x001a8ffcb0f03e99141652ebcdecdb0384e3bd6c,0xc49dde62b4a0810074721faca54aab52369f486a,PKR,semi_synthetic_split,1,0.8234071028120341,0.8234071028120341,
eth_flow_0x1b4576eca62e__r7fam03__inst00__synth_split_src,bnb_flow_0x990c056f0694__synth_split_b,1.6468142056240682,0.8234071028120341,310,one_to_many,0.95,supervised_flow_pair,ETH,BNB,Poly,0x001a8ffcb0f03e99141652ebcdecdb0384e3bd6c,0xc49dde62b4a0810074721faca54aab52369f486a,PKR,semi_synthetic_split,1,0.8234071028120341,0.8234071028120341,
eth_flow_0x1b4576eca62e__r7fam03__inst00__synth_merge_src1,bnb_flow_0x990c056f0694__synth_merge_dst,0.8234071028120341,1.6468142056240682,310,many_to_one,1.0,supervised_flow_pair,ETH,BNB,Poly,0x001a8ffcb0f03e99141652ebcdecdb0384e3bd6c,0xc49dde62b4a0810074721faca54aab52369f486a,PKR,semi_synthetic_merge,,0.8234071028120341,0.8234071028120341,
eth_flow_0x1b4576eca62e__r7fam03__inst00__synth_merge_src2,bnb_flow_0x990c056f0694__synth_merge_dst,0.8234071028120341,1.6468142056240682,310,many_to_one,1.0,supervised_flow_pair,ETH,BNB,Poly,0x001a8ffcb0f03e99141652ebcdecdb0384e3bd6c,0xc49dde62b4a0810074721faca54aab52369f486a,PKR,semi_synthetic_merge,,0.8234071028120341,0.8234071028120341,
eth_flow_0x1b4576eca62e__r7fam03__inst00__synth_unmatched_src,bnb_flow_0x990c056f0694__synth_hidden_dst,1.6468142056240682,0,310,one_to_one,0.2,supervised_flow_pair,ETH,BNB,Poly,0x001a8ffcb0f03e99141652ebcdecdb0384e3bd6c,0xc49dde62b4a0810074721faca54aab52369f486a,PKR,semi_synthetic_unmatched,,,0,0
eth_flow_0x1b4576eca62e__r7fam03__inst00__synth_noise_src_0,bnb_flow_0x990c056f0694__synth_noise_dst_0,1.6468142056240682,1.6468142056240682,370,one_to_one,0.2482,supervised_flow_pair,ETH,BNB,Poly,0x001a8ffcb0f03e99141652ebcdecdb0384e3bd6c,0xc49dde62b4a0810074721faca54aab52369f486a,PKR,semi_synthetic_delay_noise,,,,
eth_flow_0x1b4576eca62e__r7fam03__inst00__synth_noise_src_1,bnb_flow_0x990c056f0694__synth_noise_dst_1,1.6468142056240682,1.6468142056240682,430,one_to_one,0.2579,supervised_flow_pair,ETH,BNB,Poly,0x001a8ffcb0f03e99141652ebcdecdb0384e3bd6c,0xc49dde62b4a0810074721faca54aab52369f486a,PKR,semi_synthetic_delay_noise,,,,
eth_flow_0x6ffb31cabffb__r7fam03__inst01__synth_split_src,bnb_flow_0xe52b5db01e79__synth_split_a,2.1403199254813785,0.7134399751604595,362,one_to_many,0.95,supervised_flow_pair,ETH,BNB,Poly,0x5d285f735998f36631f678ff41fb56a10a4d0429,0x398f7827dccbefe6990478876bbf3612d93baf05,MIX,semi_synthetic_split,1,0.7134399751604595,0.7134399751604595,
eth_flow_0x6ffb31cabffb__r7fam03__inst01__synth_split_src,bnb_flow_0xe52b5db01e79__synth_split_b,2.1403199254813785,0.7134399751604595,362,one_to_many,0.95,supervised_flow_pair,ETH,BNB,Poly,0x5d285f735998f36631f678ff41fb56a10a4d0429,0x398f7827dccbefe6990478876bbf3612d93baf05,MIX,semi_synthetic_split,1,0.7134399751604595,0.7134399751604595,
eth_flow_0x6ffb31cabffb__r7fam03__inst01__synth_split_src,bnb_flow_0xe52b5db01e79__synth_split_c,2.1403199254813785,0.7134399751604595,362,one_to_many,0.95,supervised_flow_pair,ETH,BNB,Poly,0x5d285f735998f36631f678ff41fb56a10a4d0429,0x398f7827dccbefe6990478876bbf3612d93baf05,MIX,semi_synthetic_split,1,0.7134399751604595,0.7134399751604595,
eth_flow_0x6ffb31cabffb__r7fam03__inst01__synth_merge_src1,bnb_flow_0xe52b5db01e79__synth_merge_dst,1.0701599627406893,2.1403199254813785,362,many_to_one,1.0,supervised_flow_pair,ETH,BNB,Poly,0x5d285f735998f36631f678ff41fb56a10a4d0429,0x398f7827dccbefe6990478876bbf3612d93baf05,MIX,semi_synthetic_merge,,1.0701599627406893,1.0701599627406893,
eth_flow_0x6ffb31cabffb__r7fam03__inst01__synth_merge_src2,bnb_flow_0xe52b5db01e79__synth_merge_dst,1.0701599627406893,2.1403199254813785,362,many_to_one,1.0,supervised_flow_pair,ETH,BNB,Poly,0x5d285f735998f36631f678ff41fb56a10a4d0429,0x398f7827dccbefe6990478876bbf3612d93baf05,MIX,semi_synthetic_merge,,1.0701599627406893,1.0701599627406893,
eth_flow_0x6ffb31cabffb__r7fam03__inst01__synth_unmatched_src,bnb_flow_0xe52b5db01e79__synth_hidden_dst,2.1403199254813785,0,362,one_to_one,0.2,supervised_flow_pair,ETH,BNB,Poly,0x5d285f735998f36631f678ff41fb56a10a4d0429,0x398f7827dccbefe6990478876bbf3612d93baf05,MIX,semi_synthetic_unmatched,,,0,0
eth_flow_0x6ffb31cabffb__r7fam03__inst01__synth_noise_src_0,bnb_flow_0xe52b5db01e79__synth_noise_dst_0,2.1403199254813785,2.1403199254813785,422,one_to_one,0.232,supervised_flow_pair,ETH,BNB,Poly,0x5d285f735998f36631f678ff41fb56a10a4d0429,0x398f7827dccbefe6990478876bbf3612d93baf05,MIX,semi_synthetic_delay_noise,,,,
eth_flow_0x6ffb31cabffb__r7fam03__inst01__synth_noise_src_1,bnb_flow_0xe52b5db01e79__synth_noise_dst_1,2.1403199254813785,2.1403199254813785,482,one_to_one,0.2226,supervised_flow_pair,ETH,BNB,Poly,0x5d285f735998f36631f678ff41fb56a10a4d0429,0x398f7827dccbefe6990478876bbf3612d93baf05,MIX,semi_synthetic_delay_noise,,,,
eth_flow_0xf2811e5bf639__r7fam04__inst00__synth_split_src,bnb_flow_0x05106682cc1d__synth_split_a,1.5986471309048909,0.532882376968297,929,one_to_many,0.95,supervised_flow_pair,ETH,BNB,Poly,0x001a8ffcb0f03e99141652ebcdecdb0384e3bd6c,0xc49dde62b4a0810074721faca54aab52369f486a,PKR,semi_synthetic_split,1,0.532882376968297,0.532882376968297,
eth_flow_0xf2811e5bf639__r7fam04__inst00__synth_split_src,bnb_flow_0x05106682cc1d__synth_split_b,1.5986471309048909,0.532882376968297,929,one_to_many,0.95,supervised_flow_pair,ETH,BNB,Poly,0x001a8ffcb0f03e99141652ebcdecdb0384e3bd6c,0xc49dde62b4a0810074721faca54aab52369f486a,PKR,semi_synthetic_split,1,0.532882376968297,0.532882376968297,
eth_flow_0xf2811e5bf639__r7fam04__inst00__synth_split_src,bnb_flow_0x05106682cc1d__synth_split_c,1.5986471309048909,0.532882376968297,929,one_to_many,0.95,supervised_flow_pair,ETH,BNB,Poly,0x001a8ffcb0f03e99141652ebcdecdb0384e3bd6c,0xc49dde62b4a0810074721faca54aab52369f486a,PKR,semi_synthetic_split,1,0.532882376968297,0.532882376968297,
eth_flow_0xf2811e5bf639__r7fam04__inst00__synth_merge_src1,bnb_flow_0x05106682cc1d__synth_merge_dst,0.7993235654524454,1.5986471309048909,929,many_to_one,1.0,supervised_flow_pair,ETH,BNB,Poly,0x001a8ffcb0f03e99141652ebcdecdb0384e3bd6c,0xc49dde62b4a0810074721faca54aab52369f486a,PKR,semi_synthetic_merge,,0.7993235654524454,0.7993235654524454,
eth_flow_0xf2811e5bf639__r7fam04__inst00__synth_merge_src2,bnb_flow_0x05106682cc1d__synth_merge_dst,0.7993235654524454,1.5986471309048909,929,many_to_one,1.0,supervised_flow_pair,ETH,BNB,Poly,0x001a8ffcb0f03e99141652ebcdecdb0384e3bd6c,0xc49dde62b4a0810074721faca54aab52369f486a,PKR,semi_synthetic_merge,,0.7993235654524454,0.7993235654524454,
eth_flow_0xf2811e5bf639__r7fam04__inst00__synth_unmatched_src,bnb_flow_0x05106682cc1d__synth_hidden_dst,1.5986471309048909,0,929,one_to_one,0.2,supervised_flow_pair,ETH,BNB,Poly,0x001a8ffcb0f03e99141652ebcdecdb0384e3bd6c,0xc49dde62b4a0810074721faca54aab52369f486a,PKR,semi_synthetic_unmatched,,,0,0
eth_flow_0xf2811e5bf639__r7fam04__inst00__synth_noise_src_0,bnb_flow_0x05106682cc1d__synth_noise_dst_0,1.5986471309048909,1.5986471309048909,989,one_to_one,0.2242,supervised_flow_pair,ETH,BNB,Poly,0x001a8ffcb0f03e99141652ebcdecdb0384e3bd6c,0xc49dde62b4a0810074721faca54aab52369f486a,PKR,semi_synthetic_delay_noise,,,,
eth_flow_0xf2811e5bf639__r7fam04__inst00__synth_noise_src_1,bnb_flow_0x05106682cc1d__synth_noise_dst_1,1.5986471309048909,1.5986471309048909,1049,one_to_one,0.2334,supervised_flow_pair,ETH,BNB,Poly,0x001a8ffcb0f03e99141652ebcdecdb0384e3bd6c,0xc49dde62b4a0810074721faca54aab52369f486a,PKR,semi_synthetic_delay_noise,,,,
eth_flow_0xd5b497fda604__r7fam04__inst01__synth_split_src,bnb_flow_0xfd0e41f88bc8__synth_split_a,1.6243320952363365,0.5414440317454455,899,one_to_many,0.95,supervised_flow_pair,ETH,BNB,Poly,0x5d285f735998f36631f678ff41fb56a10a4d0429,0x398f7827dccbefe6990478876bbf3612d93baf05,MIX,semi_synthetic_split,1,0.5414440317454455,0.5414440317454455,
eth_flow_0xd5b497fda604__r7fam04__inst01__synth_split_src,bnb_flow_0xfd0e41f88bc8__synth_split_b,1.6243320952363365,0.5414440317454455,899,one_to_many,0.95,supervised_flow_pair,ETH,BNB,Poly,0x5d285f735998f36631f678ff41fb56a10a4d0429,0x398f7827dccbefe6990478876bbf3612d93baf05,MIX,semi_synthetic_split,1,0.5414440317454455,0.5414440317454455,
eth_flow_0xd5b497fda604__r7fam04__inst01__synth_split_src,bnb_flow_0xfd0e41f88bc8__synth_split_c,1.6243320952363365,0.5414440317454455,899,one_to_many,0.95,supervised_flow_pair,ETH,BNB,Poly,0x5d285f735998f36631f678ff41fb56a10a4d0429,0x398f7827dccbefe6990478876bbf3612d93baf05,MIX,semi_synthetic_split,1,0.5414440317454455,0.5414440317454455,
eth_flow_0xd5b497fda604__r7fam04__inst01__synth_merge_src1,bnb_flow_0xfd0e41f88bc8__synth_merge_dst,0.8121660476181682,1.6243320952363365,899,many_to_one,1.0,supervised_flow_pair,ETH,BNB,Poly,0x5d285f735998f36631f678ff41fb56a10a4d0429,0x398f7827dccbefe6990478876bbf3612d93baf05,MIX,semi_synthetic_merge,,0.8121660476181682,0.8121660476181682,
eth_flow_0xd5b497fda604__r7fam04__inst01__synth_merge_src2,bnb_flow_0xfd0e41f88bc8__synth_merge_dst,0.8121660476181682,1.6243320952363365,899,many_to_one,1.0,supervised_flow_pair,ETH,BNB,Poly,0x5d285f735998f36631f678ff41fb56a10a4d0429,0x398f7827dccbefe6990478876bbf3612d93baf05,MIX,semi_synthetic_merge,,0.8121660476181682,0.8121660476181682,
eth_flow_0xd5b497fda604__r7fam04__inst01__synth_unmatched_src,bnb_flow_0xfd0e41f88bc8__synth_hidden_dst,1.6243320952363365,0,899,one_to_one,0.2,supervised_flow_pair,ETH,BNB,Poly,0x5d285f735998f36631f678ff41fb56a10a4d0429,0x398f7827dccbefe6990478876bbf3612d93baf05,MIX,semi_synthetic_unmatched,,,0,0
eth_flow_0xd5b497fda604__r7fam04__inst01__synth_noise_src_0,bnb_flow_0xfd0e41f88bc8__synth_noise_dst_0,1.6243320952363365,1.6243320952363365,959,one_to_one,0.2305,supervised_flow_pair,ETH,BNB,Poly,0x5d285f735998f36631f678ff41fb56a10a4d0429,0x398f7827dccbefe6990478876bbf3612d93baf05,MIX,semi_synthetic_delay_noise,,,,
eth_flow_0xd5b497fda604__r7fam04__inst01__synth_noise_src_1,bnb_flow_0xfd0e41f88bc8__synth_noise_dst_1,1.6243320952363365,1.6243320952363365,1019,one_to_one,0.2441,supervised_flow_pair,ETH,BNB,Poly,0x5d285f735998f36631f678ff41fb56a10a4d0429,0x398f7827dccbefe6990478876bbf3612d93baf05,MIX,semi_synthetic_delay_noise,,,,
eth_flow_0x6d52ee1d14fa__r7fam05__inst00__synth_split_src,bnb_flow_0xabcb6558e487__synth_split_a,2.091477790078145,1.0457388950390725,1105,one_to_many,0.95,supervised_flow_pair,ETH,BNB,Poly,0x001a8ffcb0f03e99141652ebcdecdb0384e3bd6c,0xc49dde62b4a0810074721faca54aab52369f486a,PKR,semi_synthetic_split,1,1.0457388950390725,1.0457388950390725,
eth_flow_0x6d52ee1d14fa__r7fam05__inst00__synth_split_src,bnb_flow_0xabcb6558e487__synth_split_b,2.091477790078145,1.0457388950390725,1105,one_to_many,0.95,supervised_flow_pair,ETH,BNB,Poly,0x001a8ffcb0f03e99141652ebcdecdb0384e3bd6c,0xc49dde62b4a0810074721faca54aab52369f486a,PKR,semi_synthetic_split,1,1.0457388950390725,1.0457388950390725,
eth_flow_0x6d52ee1d14fa__r7fam05__inst00__synth_merge_src1,bnb_flow_0xabcb6558e487__synth_merge_dst,1.0457388950390725,2.091477790078145,1105,many_to_one,1.0,supervised_flow_pair,ETH,BNB,Poly,0x001a8ffcb0f03e99141652ebcdecdb0384e3bd6c,0xc49dde62b4a0810074721faca54aab52369f486a,PKR,semi_synthetic_merge,,1.0457388950390725,1.0457388950390725,
eth_flow_0x6d52ee1d14fa__r7fam05__inst00__synth_merge_src2,bnb_flow_0xabcb6558e487__synth_merge_dst,1.0457388950390725,2.091477790078145,1105,many_to_one,1.0,supervised_flow_pair,ETH,BNB,Poly,0x001a8ffcb0f03e99141652ebcdecdb0384e3bd6c,0xc49dde62b4a0810074721faca54aab52369f486a,PKR,semi_synthetic_merge,,1.0457388950390725,1.0457388950390725,
eth_flow_0x6d52ee1d14fa__r7fam05__inst00__synth_unmatched_src,bnb_flow_0xabcb6558e487__synth_hidden_dst,2.091477790078145,0,1105,one_to_one,0.2,supervised_flow_pair,ETH,BNB,Poly,0x001a8ffcb0f03e99141652ebcdecdb0384e3bd6c,0xc49dde62b4a0810074721faca54aab52369f486a,PKR,semi_synthetic_unmatched,,,0,0
eth_flow_0x6d52ee1d14fa__r7fam05__inst00__synth_noise_src_0,bnb_flow_0xabcb6558e487__synth_noise_dst_0,2.091477790078145,2.091477790078145,1165,one_to_one,0.2241,supervised_flow_pair,ETH,BNB,Poly,0x001a8ffcb0f03e99141652ebcdecdb0384e3bd6c,0xc49dde62b4a0810074721faca54aab52369f486a,PKR,semi_synthetic_delay_noise,,,,
eth_flow_0x6d52ee1d14fa__r7fam05__inst00__synth_noise_src_1,bnb_flow_0xabcb6558e487__synth_noise_dst_1,2.091477790078145,2.091477790078145,1225,one_to_one,0.2206,supervised_flow_pair,ETH,BNB,Poly,0x001a8ffcb0f03e99141652ebcdecdb0384e3bd6c,0xc49dde62b4a0810074721faca54aab52369f486a,PKR,semi_synthetic_delay_noise,,,,
eth_flow_0xed3669a2daf6__r7fam05__inst01__synth_split_src,bnb_flow_0xf32dfc9371b7__synth_split_a,0.6317806936740602,0.21059356455802006,1169,one_to_many,0.95,supervised_flow_pair,ETH,BNB,Poly,0x5d285f735998f36631f678ff41fb56a10a4d0429,0x398f7827dccbefe6990478876bbf3612d93baf05,MIX,semi_synthetic_split,1,0.21059356455802006,0.21059356455802006,
eth_flow_0xed3669a2daf6__r7fam05__inst01__synth_split_src,bnb_flow_0xf32dfc9371b7__synth_split_b,0.6317806936740602,0.21059356455802006,1169,one_to_many,0.95,supervised_flow_pair,ETH,BNB,Poly,0x5d285f735998f36631f678ff41fb56a10a4d0429,0x398f7827dccbefe6990478876bbf3612d93baf05,MIX,semi_synthetic_split,1,0.21059356455802006,0.21059356455802006,
eth_flow_0xed3669a2daf6__r7fam05__inst01__synth_split_src,bnb_flow_0xf32dfc9371b7__synth_split_c,0.6317806936740602,0.21059356455802006,1169,one_to_many,0.95,supervised_flow_pair,ETH,BNB,Poly,0x5d285f735998f36631f678ff41fb56a10a4d0429,0x398f7827dccbefe6990478876bbf3612d93baf05,MIX,semi_synthetic_split,1,0.21059356455802006,0.21059356455802006,
eth_flow_0xed3669a2daf6__r7fam05__inst01__synth_merge_src1,bnb_flow_0xf32dfc9371b7__synth_merge_dst,0.3158903468370301,0.6317806936740602,1169,many_to_one,1.0,supervised_flow_pair,ETH,BNB,Poly,0x5d285f735998f36631f678ff41fb56a10a4d0429,0x398f7827dccbefe6990478876bbf3612d93baf05,MIX,semi_synthetic_merge,,0.3158903468370301,0.3158903468370301,
eth_flow_0xed3669a2daf6__r7fam05__inst01__synth_merge_src2,bnb_flow_0xf32dfc9371b7__synth_merge_dst,0.3158903468370301,0.6317806936740602,1169,many_to_one,1.0,supervised_flow_pair,ETH,BNB,Poly,0x5d285f735998f36631f678ff41fb56a10a4d0429,0x398f7827dccbefe6990478876bbf3612d93baf05,MIX,semi_synthetic_merge,,0.3158903468370301,0.3158903468370301,
eth_flow_0xed3669a2daf6__r7fam05__inst01__synth_unmatched_src,bnb_flow_0xf32dfc9371b7__synth_hidden_dst,0.6317806936740602,0,1169,one_to_one,0.2,supervised_flow_pair,ETH,BNB,Poly,0x5d285f735998f36631f678ff41fb56a10a4d0429,0x398f7827dccbefe6990478876bbf3612d93baf05,MIX,semi_synthetic_unmatched,,,0,0
eth_flow_0xed3669a2daf6__r7fam05__inst01__synth_noise_src_0,bnb_flow_0xf32dfc9371b7__synth_noise_dst_0,0.6317806936740602,0.6317806936740602,1229,one_to_one,0.2498,supervised_flow_pair,ETH,BNB,Poly,0x5d285f735998f36631f678ff41fb56a10a4d0429,0x398f7827dccbefe6990478876bbf3612d93baf05,MIX,semi_synthetic_delay_noise,,,,
eth_flow_0xed3669a2daf6__r7fam05__inst01__synth_noise_src_1,bnb_flow_0xf32dfc9371b7__synth_noise_dst_1,0.6317806936740602,0.6317806936740602,1289,one_to_one,0.2409,supervised_flow_pair,ETH,BNB,Poly,0x5d285f735998f36631f678ff41fb56a10a4d0429,0x398f7827dccbefe6990478876bbf3612d93baf05,MIX,semi_synthetic_delay_noise,,,,
eth_flow_0x12d6a77d8fd0__r7fam06__inst00__synth_split_src,bnb_flow_0x21d1f5776328__synth_split_a,12.484766665532533,6.242383332766266,178,one_to_many,0.95,supervised_flow_pair,ETH,BNB,Poly,0xee9801669c6138e84bd50deb500827b776777d28,0xee9801669c6138e84bd50deb500827b776777d28,O3,semi_synthetic_split,1,6.242383332766266,6.242383332766266,
eth_flow_0x12d6a77d8fd0__r7fam06__inst00__synth_split_src,bnb_flow_0x21d1f5776328__synth_split_b,12.484766665532533,6.242383332766266,178,one_to_many,0.95,supervised_flow_pair,ETH,BNB,Poly,0xee9801669c6138e84bd50deb500827b776777d28,0xee9801669c6138e84bd50deb500827b776777d28,O3,semi_synthetic_split,1,6.242383332766266,6.242383332766266,
eth_flow_0x12d6a77d8fd0__r7fam06__inst00__synth_merge_src1,bnb_flow_0x21d1f5776328__synth_merge_dst,6.242383332766266,12.484766665532533,178,many_to_one,1.0,supervised_flow_pair,ETH,BNB,Poly,0xee9801669c6138e84bd50deb500827b776777d28,0xee9801669c6138e84bd50deb500827b776777d28,O3,semi_synthetic_merge,,6.242383332766266,6.242383332766266,
eth_flow_0x12d6a77d8fd0__r7fam06__inst00__synth_merge_src2,bnb_flow_0x21d1f5776328__synth_merge_dst,6.242383332766266,12.484766665532533,178,many_to_one,1.0,supervised_flow_pair,ETH,BNB,Poly,0xee9801669c6138e84bd50deb500827b776777d28,0xee9801669c6138e84bd50deb500827b776777d28,O3,semi_synthetic_merge,,6.242383332766266,6.242383332766266,
eth_flow_0x12d6a77d8fd0__r7fam06__inst00__synth_unmatched_src,bnb_flow_0x21d1f5776328__synth_hidden_dst,12.484766665532533,0,178,one_to_one,0.2,supervised_flow_pair,ETH,BNB,Poly,0xee9801669c6138e84bd50deb500827b776777d28,0xee9801669c6138e84bd50deb500827b776777d28,O3,semi_synthetic_unmatched,,,0,0
eth_flow_0x12d6a77d8fd0__r7fam06__inst00__synth_noise_src_0,bnb_flow_0x21d1f5776328__synth_noise_dst_0,12.484766665532533,12.484766665532533,238,one_to_one,0.2222,supervised_flow_pair,ETH,BNB,Poly,0xee9801669c6138e84bd50deb500827b776777d28,0xee9801669c6138e84bd50deb500827b776777d28,O3,semi_synthetic_delay_noise,,,,
eth_flow_0x12d6a77d8fd0__r7fam06__inst00__synth_noise_src_1,bnb_flow_0x21d1f5776328__synth_noise_dst_1,12.484766665532533,12.484766665532533,298,one_to_one,0.2253,supervised_flow_pair,ETH,BNB,Poly,0xee9801669c6138e84bd50deb500827b776777d28,0xee9801669c6138e84bd50deb500827b776777d28,O3,semi_synthetic_delay_noise,,,,
eth_flow_0x27792a6f9c86__r7fam06__inst01__synth_split_src,bnb_flow_0xb45cba31b653__synth_split_a,8.157973614307856,4.078986807153928,128,one_to_many,0.95,supervised_flow_pair,ETH,BNB,Poly,0x9e32b13ce7f2e80a01932b42553652e053d6ed8e,0xe552fb52a4f19e44ef5a967632dbc320b0820639,Metis,semi_synthetic_split,1,4.078986807153928,4.078986807153928,
eth_flow_0x27792a6f9c86__r7fam06__inst01__synth_split_src,bnb_flow_0xb45cba31b653__synth_split_b,8.157973614307856,4.078986807153928,128,one_to_many,0.95,supervised_flow_pair,ETH,BNB,Poly,0x9e32b13ce7f2e80a01932b42553652e053d6ed8e,0xe552fb52a4f19e44ef5a967632dbc320b0820639,Metis,semi_synthetic_split,1,4.078986807153928,4.078986807153928,
eth_flow_0x27792a6f9c86__r7fam06__inst01__synth_merge_src1,bnb_flow_0xb45cba31b653__synth_merge_dst,4.078986807153928,8.157973614307856,128,many_to_one,1.0,supervised_flow_pair,ETH,BNB,Poly,0x9e32b13ce7f2e80a01932b42553652e053d6ed8e,0xe552fb52a4f19e44ef5a967632dbc320b0820639,Metis,semi_synthetic_merge,,4.078986807153928,4.078986807153928,
eth_flow_0x27792a6f9c86__r7fam06__inst01__synth_merge_src2,bnb_flow_0xb45cba31b653__synth_merge_dst,4.078986807153928,8.157973614307856,128,many_to_one,1.0,supervised_flow_pair,ETH,BNB,Poly,0x9e32b13ce7f2e80a01932b42553652e053d6ed8e,0xe552fb52a4f19e44ef5a967632dbc320b0820639,Metis,semi_synthetic_merge,,4.078986807153928,4.078986807153928,
eth_flow_0x27792a6f9c86__r7fam06__inst01__synth_unmatched_src,bnb_flow_0xb45cba31b653__synth_hidden_dst,8.157973614307856,0,128,one_to_one,0.2,supervised_flow_pair,ETH,BNB,Poly,0x9e32b13ce7f2e80a01932b42553652e053d6ed8e,0xe552fb52a4f19e44ef5a967632dbc320b0820639,Metis,semi_synthetic_unmatched,,,0,0
eth_flow_0x27792a6f9c86__r7fam06__inst01__synth_noise_src_0,bnb_flow_0xb45cba31b653__synth_noise_dst_0,8.157973614307856,8.157973614307856,188,one_to_one,0.2464,supervised_flow_pair,ETH,BNB,Poly,0x9e32b13ce7f2e80a01932b42553652e053d6ed8e,0xe552fb52a4f19e44ef5a967632dbc320b0820639,Metis,semi_synthetic_delay_noise,,,,
eth_flow_0x27792a6f9c86__r7fam06__inst01__synth_noise_src_1,bnb_flow_0xb45cba31b653__synth_noise_dst_1,8.157973614307856,8.157973614307856,248,one_to_one,0.2236,supervised_flow_pair,ETH,BNB,Poly,0x9e32b13ce7f2e80a01932b42553652e053d6ed8e,0xe552fb52a4f19e44ef5a967632dbc320b0820639,Metis,semi_synthetic_delay_noise,,,,
eth_flow_0x6cf6c10d6dbd__r7fam07__inst00__synth_split_src,bnb_flow_0x059bf4af4e50__synth_split_a,32.188644557520696,16.094322278760348,208,one_to_many,0.95,supervised_flow_pair,ETH,BNB,Poly,0x9e32b13ce7f2e80a01932b42553652e053d6ed8e,0xe552fb52a4f19e44ef5a967632dbc320b0820639,Metis,semi_synthetic_split,1,16.094322278760348,16.094322278760348,
eth_flow_0x6cf6c10d6dbd__r7fam07__inst00__synth_split_src,bnb_flow_0x059bf4af4e50__synth_split_b,32.188644557520696,16.094322278760348,208,one_to_many,0.95,supervised_flow_pair,ETH,BNB,Poly,0x9e32b13ce7f2e80a01932b42553652e053d6ed8e,0xe552fb52a4f19e44ef5a967632dbc320b0820639,Metis,semi_synthetic_split,1,16.094322278760348,16.094322278760348,
eth_flow_0x6cf6c10d6dbd__r7fam07__inst00__synth_merge_src1,bnb_flow_0x059bf4af4e50__synth_merge_dst,16.094322278760348,32.188644557520696,208,many_to_one,1.0,supervised_flow_pair,ETH,BNB,Poly,0x9e32b13ce7f2e80a01932b42553652e053d6ed8e,0xe552fb52a4f19e44ef5a967632dbc320b0820639,Metis,semi_synthetic_merge,,16.094322278760348,16.094322278760348,
eth_flow_0x6cf6c10d6dbd__r7fam07__inst00__synth_merge_src2,bnb_flow_0x059bf4af4e50__synth_merge_dst,16.094322278760348,32.188644557520696,208,many_to_one,1.0,supervised_flow_pair,ETH,BNB,Poly,0x9e32b13ce7f2e80a01932b42553652e053d6ed8e,0xe552fb52a4f19e44ef5a967632dbc320b0820639,Metis,semi_synthetic_merge,,16.094322278760348,16.094322278760348,
eth_flow_0x6cf6c10d6dbd__r7fam07__inst00__synth_unmatched_src,bnb_flow_0x059bf4af4e50__synth_hidden_dst,32.188644557520696,0,208,one_to_one,0.2,supervised_flow_pair,ETH,BNB,Poly,0x9e32b13ce7f2e80a01932b42553652e053d6ed8e,0xe552fb52a4f19e44ef5a967632dbc320b0820639,Metis,semi_synthetic_unmatched,,,0,0
eth_flow_0x6cf6c10d6dbd__r7fam07__inst00__synth_noise_src_0,bnb_flow_0x059bf4af4e50__synth_noise_dst_0,32.188644557520696,32.188644557520696,268,one_to_one,0.2365,supervised_flow_pair,ETH,BNB,Poly,0x9e32b13ce7f2e80a01932b42553652e053d6ed8e,0xe552fb52a4f19e44ef5a967632dbc320b0820639,Metis,semi_synthetic_delay_noise,,,,
eth_flow_0x6cf6c10d6dbd__r7fam07__inst00__synth_noise_src_1,bnb_flow_0x059bf4af4e50__synth_noise_dst_1,32.188644557520696,32.188644557520696,328,one_to_one,0.2547,supervised_flow_pair,ETH,BNB,Poly,0x9e32b13ce7f2e80a01932b42553652e053d6ed8e,0xe552fb52a4f19e44ef5a967632dbc320b0820639,Metis,semi_synthetic_delay_noise,,,,
eth_flow_0x12cde47341c9__r7fam07__inst01__synth_split_src,bnb_flow_0x62762b5ce75d__synth_split_a,9.789568337169428,4.894784168584714,199,one_to_many,0.95,supervised_flow_pair,ETH,BNB,Poly,0x9e32b13ce7f2e80a01932b42553652e053d6ed8e,0xe552fb52a4f19e44ef5a967632dbc320b0820639,Metis,semi_synthetic_split,1,4.894784168584714,4.894784168584714,
eth_flow_0x12cde47341c9__r7fam07__inst01__synth_split_src,bnb_flow_0x62762b5ce75d__synth_split_b,9.789568337169428,4.894784168584714,199,one_to_many,0.95,supervised_flow_pair,ETH,BNB,Poly,0x9e32b13ce7f2e80a01932b42553652e053d6ed8e,0xe552fb52a4f19e44ef5a967632dbc320b0820639,Metis,semi_synthetic_split,1,4.894784168584714,4.894784168584714,
eth_flow_0x12cde47341c9__r7fam07__inst01__synth_merge_src1,bnb_flow_0x62762b5ce75d__synth_merge_dst,4.894784168584714,9.789568337169428,199,many_to_one,1.0,supervised_flow_pair,ETH,BNB,Poly,0x9e32b13ce7f2e80a01932b42553652e053d6ed8e,0xe552fb52a4f19e44ef5a967632dbc320b0820639,Metis,semi_synthetic_merge,,4.894784168584714,4.894784168584714,
eth_flow_0x12cde47341c9__r7fam07__inst01__synth_merge_src2,bnb_flow_0x62762b5ce75d__synth_merge_dst,4.894784168584714,9.789568337169428,199,many_to_one,1.0,supervised_flow_pair,ETH,BNB,Poly,0x9e32b13ce7f2e80a01932b42553652e053d6ed8e,0xe552fb52a4f19e44ef5a967632dbc320b0820639,Metis,semi_synthetic_merge,,4.894784168584714,4.894784168584714,
eth_flow_0x12cde47341c9__r7fam07__inst01__synth_unmatched_src,bnb_flow_0x62762b5ce75d__synth_hidden_dst,9.789568337169428,0,199,one_to_one,0.2,supervised_flow_pair,ETH,BNB,Poly,0x9e32b13ce7f2e80a01932b42553652e053d6ed8e,0xe552fb52a4f19e44ef5a967632dbc320b0820639,Metis,semi_synthetic_unmatched,,,0,0
eth_flow_0x12cde47341c9__r7fam07__inst01__synth_noise_src_0,bnb_flow_0x62762b5ce75d__synth_noise_dst_0,9.789568337169428,9.789568337169428,259,one_to_one,0.2575,supervised_flow_pair,ETH,BNB,Poly,0x9e32b13ce7f2e80a01932b42553652e053d6ed8e,0xe552fb52a4f19e44ef5a967632dbc320b0820639,Metis,semi_synthetic_delay_noise,,,,
eth_flow_0x12cde47341c9__r7fam07__inst01__synth_noise_src_1,bnb_flow_0x62762b5ce75d__synth_noise_dst_1,9.789568337169428,9.789568337169428,319,one_to_one,0.224,supervised_flow_pair,ETH,BNB,Poly,0x9e32b13ce7f2e80a01932b42553652e053d6ed8e,0xe552fb52a4f19e44ef5a967632dbc320b0820639,Metis,semi_synthetic_delay_noise,,,,
eth_flow_0xf6c94d64a5c1__r7fam08__inst00__synth_split_src,bnb_flow_0x3df5a3562899__synth_split_a,6.536306465951236,0.8170383082439046,237,one_to_many,0.95,supervised_flow_pair,ETH,BNB,Poly,0x001a8ffcb0f03e99141652ebcdecdb0384e3bd6c,0xc49dde62b4a0810074721faca54aab52369f486a,PKR,semi_synthetic_split,1,0.8170383082439046,0.8170383082439046,
eth_flow_0xf6c94d64a5c1__r7fam08__inst00__synth_split_src,bnb_flow_0x3df5a3562899__synth_split_b,6.536306465951236,0.8170383082439046,237,one_to_many,0.95,supervised_flow_pair,ETH,BNB,Poly,0x001a8ffcb0f03e99141652ebcdecdb0384e3bd6c,0xc49dde62b4a0810074721faca54aab52369f486a,PKR,semi_synthetic_split,1,0.8170383082439046,0.8170383082439046,
eth_flow_0xf6c94d64a5c1__r7fam08__inst00__synth_split_src,bnb_flow_0x3df5a3562899__synth_split_c,6.536306465951236,0.8170383082439046,237,one_to_many,0.95,supervised_flow_pair,ETH,BNB,Poly,0x001a8ffcb0f03e99141652ebcdecdb0384e3bd6c,0xc49dde62b4a0810074721faca54aab52369f486a,PKR,semi_synthetic_split,1,0.8170383082439046,0.8170383082439046,
eth_flow_0xf6c94d64a5c1__r7fam08__inst00__synth_split_src,bnb_flow_0x3df5a3562899__synth_split_d,6.536306465951236,0.8170383082439046,237,one_to_many,0.95,supervised_flow_pair,ETH,BNB,Poly,0x001a8ffcb0f03e99141652ebcdecdb0384e3bd6c,0xc49dde62b4a0810074721faca54aab52369f486a,PKR,semi_synthetic_split,1,0.8170383082439046,0.8170383082439046,
eth_flow_0xf6c94d64a5c1__r7fam08__inst00__synth_split_src,bnb_flow_0x3df5a3562899__synth_split_e,6.536306465951236,0.8170383082439046,237,one_to_many,0.95,supervised_flow_pair,ETH,BNB,Poly,0x001a8ffcb0f03e99141652ebcdecdb0384e3bd6c,0xc49dde62b4a0810074721faca54aab52369f486a,PKR,semi_synthetic_split,1,0.8170383082439046,0.8170383082439046,
eth_flow_0xf6c94d64a5c1__r7fam08__inst00__synth_split_src,bnb_flow_0x3df5a3562899__synth_split_f,6.536306465951236,0.8170383082439046,237,one_to_many,0.95,supervised_flow_pair,ETH,BNB,Poly,0x001a8ffcb0f03e99141652ebcdecdb0384e3bd6c,0xc49dde62b4a0810074721faca54aab52369f486a,PKR,semi_synthetic_split,1,0.8170383082439046,0.8170383082439046,
eth_flow_0xf6c94d64a5c1__r7fam08__inst00__synth_split_src,bnb_flow_0x3df5a3562899__synth_split_g,6.536306465951236,0.8170383082439046,237,one_to_many,0.95,supervised_flow_pair,ETH,BNB,Poly,0x001a8ffcb0f03e99141652ebcdecdb0384e3bd6c,0xc49dde62b4a0810074721faca54aab52369f486a,PKR,semi_synthetic_split,1,0.8170383082439046,0.8170383082439046,
eth_flow_0xf6c94d64a5c1__r7fam08__inst00__synth_split_src,bnb_flow_0x3df5a3562899__synth_split_h,6.536306465951236,0.8170383082439046,237,one_to_many,0.95,supervised_flow_pair,ETH,BNB,Poly,0x001a8ffcb0f03e99141652ebcdecdb0384e3bd6c,0xc49dde62b4a0810074721faca54aab52369f486a,PKR,semi_synthetic_split,1,0.8170383082439046,0.8170383082439046,
eth_flow_0xf6c94d64a5c1__r7fam08__inst00__synth_merge_src1,bnb_flow_0x3df5a3562899__synth_merge_dst,3.268153232975618,6.536306465951236,237,many_to_one,1.0,supervised_flow_pair,ETH,BNB,Poly,0x001a8ffcb0f03e99141652ebcdecdb0384e3bd6c,0xc49dde62b4a0810074721faca54aab52369f486a,PKR,semi_synthetic_merge,,3.268153232975618,3.268153232975618,
eth_flow_0xf6c94d64a5c1__r7fam08__inst00__synth_merge_src2,bnb_flow_0x3df5a3562899__synth_merge_dst,3.268153232975618,6.536306465951236,237,many_to_one,1.0,supervised_flow_pair,ETH,BNB,Poly,0x001a8ffcb0f03e99141652ebcdecdb0384e3bd6c,0xc49dde62b4a0810074721faca54aab52369f486a,PKR,semi_synthetic_merge,,3.268153232975618,3.268153232975618,
eth_flow_0xf6c94d64a5c1__r7fam08__inst00__synth_unmatched_src,bnb_flow_0x3df5a3562899__synth_hidden_dst,6.5363064659512355,0,237,one_to_one,0.2,supervised_flow_pair,ETH,BNB,Poly,0x001a8ffcb0f03e99141652ebcdecdb0384e3bd6c,0xc49dde62b4a0810074721faca54aab52369f486a,PKR,semi_synthetic_unmatched,,,0,0
eth_flow_0xf6c94d64a5c1__r7fam08__inst00__synth_noise_src_0,bnb_flow_0x3df5a3562899__synth_noise_dst_0,6.5363064659512355,6.5363064659512355,297,one_to_one,0.2593,supervised_flow_pair,ETH,BNB,Poly,0x001a8ffcb0f03e99141652ebcdecdb0384e3bd6c,0xc49dde62b4a0810074721faca54aab52369f486a,PKR,semi_synthetic_delay_noise,,,,
eth_flow_0xf6c94d64a5c1__r7fam08__inst00__synth_noise_src_1,bnb_flow_0x3df5a3562899__synth_noise_dst_1,6.5363064659512355,6.5363064659512355,357,one_to_one,0.2288,supervised_flow_pair,ETH,BNB,Poly,0x001a8ffcb0f03e99141652ebcdecdb0384e3bd6c,0xc49dde62b4a0810074721faca54aab52369f486a,PKR,semi_synthetic_delay_noise,,,,
eth_flow_0x7d6a7278e80c__r7fam08__inst01__synth_split_src,bnb_flow_0x9d067a5a5145__synth_split_a,22.246080309565123,7.415360103188374,259,one_to_many,0.95,supervised_flow_pair,ETH,BNB,Poly,0x9e32b13ce7f2e80a01932b42553652e053d6ed8e,0xe552fb52a4f19e44ef5a967632dbc320b0820639,Metis,semi_synthetic_split,1,7.415360103188374,7.415360103188374,
eth_flow_0x7d6a7278e80c__r7fam08__inst01__synth_split_src,bnb_flow_0x9d067a5a5145__synth_split_b,22.246080309565123,7.415360103188374,259,one_to_many,0.95,supervised_flow_pair,ETH,BNB,Poly,0x9e32b13ce7f2e80a01932b42553652e053d6ed8e,0xe552fb52a4f19e44ef5a967632dbc320b0820639,Metis,semi_synthetic_split,1,7.415360103188374,7.415360103188374,
eth_flow_0x7d6a7278e80c__r7fam08__inst01__synth_split_src,bnb_flow_0x9d067a5a5145__synth_split_c,22.246080309565123,7.415360103188374,259,one_to_many,0.95,supervised_flow_pair,ETH,BNB,Poly,0x9e32b13ce7f2e80a01932b42553652e053d6ed8e,0xe552fb52a4f19e44ef5a967632dbc320b0820639,Metis,semi_synthetic_split,1,7.415360103188374,7.415360103188374,
eth_flow_0x7d6a7278e80c__r7fam08__inst01__synth_merge_src1,bnb_flow_0x9d067a5a5145__synth_merge_dst,11.123040154782561,22.246080309565123,259,many_to_one,1.0,supervised_flow_pair,ETH,BNB,Poly,0x9e32b13ce7f2e80a01932b42553652e053d6ed8e,0xe552fb52a4f19e44ef5a967632dbc320b0820639,Metis,semi_synthetic_merge,,11.123040154782561,11.123040154782561,
eth_flow_0x7d6a7278e80c__r7fam08__inst01__synth_merge_src2,bnb_flow_0x9d067a5a5145__synth_merge_dst,11.123040154782561,22.246080309565123,259,many_to_one,1.0,supervised_flow_pair,ETH,BNB,Poly,0x9e32b13ce7f2e80a01932b42553652e053d6ed8e,0xe552fb52a4f19e44ef5a967632dbc320b0820639,Metis,semi_synthetic_merge,,11.123040154782561,11.123040154782561,
eth_flow_0x7d6a7278e80c__r7fam08__inst01__synth_unmatched_src,bnb_flow_0x9d067a5a5145__synth_hidden_dst,22.246080309565123,0,259,one_to_one,0.2,supervised_flow_pair,ETH,BNB,Poly,0x9e32b13ce7f2e80a01932b42553652e053d6ed8e,0xe552fb52a4f19e44ef5a967632dbc320b0820639,Metis,semi_synthetic_unmatched,,,0,0
eth_flow_0x7d6a7278e80c__r7fam08__inst01__synth_noise_src_0,bnb_flow_0x9d067a5a5145__synth_noise_dst_0,22.246080309565123,22.246080309565123,319,one_to_one,0.2246,supervised_flow_pair,ETH,BNB,Poly,0x9e32b13ce7f2e80a01932b42553652e053d6ed8e,0xe552fb52a4f19e44ef5a967632dbc320b0820639,Metis,semi_synthetic_delay_noise,,,,
eth_flow_0x7d6a7278e80c__r7fam08__inst01__synth_noise_src_1,bnb_flow_0x9d067a5a5145__synth_noise_dst_1,22.246080309565123,22.246080309565123,379,one_to_one,0.2363,supervised_flow_pair,ETH,BNB,Poly,0x9e32b13ce7f2e80a01932b42553652e053d6ed8e,0xe552fb52a4f19e44ef5a967632dbc320b0820639,Metis,semi_synthetic_delay_noise,,,,
eth_flow_0xd544f88b64ef__r7fam09__inst00__synth_split_src,bnb_flow_0x1c89d3543d53__synth_split_a,8.394214290184413,1.6788428580368826,301,one_to_many,0.95,supervised_flow_pair,ETH,BNB,Poly,0xee9801669c6138e84bd50deb500827b776777d28,0xee9801669c6138e84bd50deb500827b776777d28,O3,semi_synthetic_split,1,1.6788428580368826,1.6788428580368826,
eth_flow_0xd544f88b64ef__r7fam09__inst00__synth_split_src,bnb_flow_0x1c89d3543d53__synth_split_b,8.394214290184413,1.6788428580368826,301,one_to_many,0.95,supervised_flow_pair,ETH,BNB,Poly,0xee9801669c6138e84bd50deb500827b776777d28,0xee9801669c6138e84bd50deb500827b776777d28,O3,semi_synthetic_split,1,1.6788428580368826,1.6788428580368826,
eth_flow_0xd544f88b64ef__r7fam09__inst00__synth_split_src,bnb_flow_0x1c89d3543d53__synth_split_c,8.394214290184413,1.6788428580368826,301,one_to_many,0.95,supervised_flow_pair,ETH,BNB,Poly,0xee9801669c6138e84bd50deb500827b776777d28,0xee9801669c6138e84bd50deb500827b776777d28,O3,semi_synthetic_split,1,1.6788428580368826,1.6788428580368826,
eth_flow_0xd544f88b64ef__r7fam09__inst00__synth_split_src,bnb_flow_0x1c89d3543d53__synth_split_d,8.394214290184413,1.6788428580368826,301,one_to_many,0.95,supervised_flow_pair,ETH,BNB,Poly,0xee9801669c6138e84bd50deb500827b776777d28,0xee9801669c6138e84bd50deb500827b776777d28,O3,semi_synthetic_split,1,1.6788428580368826,1.6788428580368826,
eth_flow_0xd544f88b64ef__r7fam09__inst00__synth_split_src,bnb_flow_0x1c89d3543d53__synth_split_e,8.394214290184413,1.6788428580368826,301,one_to_many,0.95,supervised_flow_pair,ETH,BNB,Poly,0xee9801669c6138e84bd50deb500827b776777d28,0xee9801669c6138e84bd50deb500827b776777d28,O3,semi_synthetic_split,1,1.6788428580368826,1.6788428580368826,
eth_flow_0xd544f88b64ef__r7fam09__inst00__synth_merge_src1,bnb_flow_0x1c89d3543d53__synth_merge_dst,4.197107145092207,8.394214290184413,301,many_to_one,1.0,supervised_flow_pair,ETH,BNB,Poly,0xee9801669c6138e84bd50deb500827b776777d28,0xee9801669c6138e84bd50deb500827b776777d28,O3,semi_synthetic_merge,,4.197107145092207,4.197107145092207,
eth_flow_0xd544f88b64ef__r7fam09__inst00__synth_merge_src2,bnb_flow_0x1c89d3543d53__synth_merge_dst,4.197107145092207,8.394214290184413,301,many_to_one,1.0,supervised_flow_pair,ETH,BNB,Poly,0xee9801669c6138e84bd50deb500827b776777d28,0xee9801669c6138e84bd50deb500827b776777d28,O3,semi_synthetic_merge,,4.197107145092207,4.197107145092207,
eth_flow_0xd544f88b64ef__r7fam09__inst00__synth_unmatched_src,bnb_flow_0x1c89d3543d53__synth_hidden_dst,8.394214290184413,0,301,one_to_one,0.2,supervised_flow_pair,ETH,BNB,Poly,0xee9801669c6138e84bd50deb500827b776777d28,0xee9801669c6138e84bd50deb500827b776777d28,O3,semi_synthetic_unmatched,,,0,0
eth_flow_0xd544f88b64ef__r7fam09__inst00__synth_noise_src_0,bnb_flow_0x1c89d3543d53__synth_noise_dst_0,8.394214290184413,8.394214290184413,361,one_to_one,0.2459,supervised_flow_pair,ETH,BNB,Poly,0xee9801669c6138e84bd50deb500827b776777d28,0xee9801669c6138e84bd50deb500827b776777d28,O3,semi_synthetic_delay_noise,,,,
eth_flow_0xd544f88b64ef__r7fam09__inst00__synth_noise_src_1,bnb_flow_0x1c89d3543d53__synth_noise_dst_1,8.394214290184413,8.394214290184413,421,one_to_one,0.2202,supervised_flow_pair,ETH,BNB,Poly,0xee9801669c6138e84bd50deb500827b776777d28,0xee9801669c6138e84bd50deb500827b776777d28,O3,semi_synthetic_delay_noise,,,,
eth_flow_0x77fa37893bcd__r7fam09__inst01__synth_split_src,bnb_flow_0x6859f3d92e59__synth_split_a,10.387673131765244,5.193836565882622,309,one_to_many,0.95,supervised_flow_pair,ETH,BNB,Poly,0x9e32b13ce7f2e80a01932b42553652e053d6ed8e,0xe552fb52a4f19e44ef5a967632dbc320b0820639,Metis,semi_synthetic_split,1,5.193836565882622,5.193836565882622,
eth_flow_0x77fa37893bcd__r7fam09__inst01__synth_split_src,bnb_flow_0x6859f3d92e59__synth_split_b,10.387673131765244,5.193836565882622,309,one_to_many,0.95,supervised_flow_pair,ETH,BNB,Poly,0x9e32b13ce7f2e80a01932b42553652e053d6ed8e,0xe552fb52a4f19e44ef5a967632dbc320b0820639,Metis,semi_synthetic_split,1,5.193836565882622,5.193836565882622,
eth_flow_0x77fa37893bcd__r7fam09__inst01__synth_merge_src1,bnb_flow_0x6859f3d92e59__synth_merge_dst,5.193836565882622,10.387673131765244,309,many_to_one,1.0,supervised_flow_pair,ETH,BNB,Poly,0x9e32b13ce7f2e80a01932b42553652e053d6ed8e,0xe552fb52a4f19e44ef5a967632dbc320b0820639,Metis,semi_synthetic_merge,,5.193836565882622,5.193836565882622,
eth_flow_0x77fa37893bcd__r7fam09__inst01__synth_merge_src2,bnb_flow_0x6859f3d92e59__synth_merge_dst,5.193836565882622,10.387673131765244,309,many_to_one,1.0,supervised_flow_pair,ETH,BNB,Poly,0x9e32b13ce7f2e80a01932b42553652e053d6ed8e,0xe552fb52a4f19e44ef5a967632dbc320b0820639,Metis,semi_synthetic_merge,,5.193836565882622,5.193836565882622,
eth_flow_0x77fa37893bcd__r7fam09__inst01__synth_unmatched_src,bnb_flow_0x6859f3d92e59__synth_hidden_dst,10.387673131765245,0,309,one_to_one,0.2,supervised_flow_pair,ETH,BNB,Poly,0x9e32b13ce7f2e80a01932b42553652e053d6ed8e,0xe552fb52a4f19e44ef5a967632dbc320b0820639,Metis,semi_synthetic_unmatched,,,0,0
eth_flow_0x77fa37893bcd__r7fam09__inst01__synth_noise_src_0,bnb_flow_0x6859f3d92e59__synth_noise_dst_0,10.387673131765245,10.387673131765245,369,one_to_one,0.2518,supervised_flow_pair,ETH,BNB,Poly,0x9e32b13ce7f2e80a01932b42553652e053d6ed8e,0xe552fb52a4f19e44ef5a967632dbc320b0820639,Metis,semi_synthetic_delay_noise,,,,
eth_flow_0x77fa37893bcd__r7fam09__inst01__synth_noise_src_1,bnb_flow_0x6859f3d92e59__synth_noise_dst_1,10.387673131765245,10.387673131765245,429,one_to_one,0.2454,supervised_flow_pair,ETH,BNB,Poly,0x9e32b13ce7f2e80a01932b42553652e053d6ed8e,0xe552fb52a4f19e44ef5a967632dbc320b0820639,Metis,semi_synthetic_delay_noise,,,,
eth_flow_0xcedc35312706__r7fam10__inst00__synth_split_src,bnb_flow_0x31d040bb1b06__synth_split_a,38.19044487245579,12.730148290818597,959,one_to_many,0.95,supervised_flow_pair,ETH,BNB,Poly,0x4abb9cc67bd3da9eb966d1159a71a0e68bd15432,0x4e1b16ef22935a575a6811d4616f98c4077e4408,KEL,semi_synthetic_split,1,12.730148290818597,12.730148290818597,
eth_flow_0xcedc35312706__r7fam10__inst00__synth_split_src,bnb_flow_0x31d040bb1b06__synth_split_b,38.19044487245579,12.730148290818597,959,one_to_many,0.95,supervised_flow_pair,ETH,BNB,Poly,0x4abb9cc67bd3da9eb966d1159a71a0e68bd15432,0x4e1b16ef22935a575a6811d4616f98c4077e4408,KEL,semi_synthetic_split,1,12.730148290818597,12.730148290818597,
eth_flow_0xcedc35312706__r7fam10__inst00__synth_split_src,bnb_flow_0x31d040bb1b06__synth_split_c,38.19044487245579,12.730148290818597,959,one_to_many,0.95,supervised_flow_pair,ETH,BNB,Poly,0x4abb9cc67bd3da9eb966d1159a71a0e68bd15432,0x4e1b16ef22935a575a6811d4616f98c4077e4408,KEL,semi_synthetic_split,1,12.730148290818597,12.730148290818597,
eth_flow_0xcedc35312706__r7fam10__inst00__synth_merge_src1,bnb_flow_0x31d040bb1b06__synth_merge_dst,19.095222436227896,38.19044487245579,959,many_to_one,1.0,supervised_flow_pair,ETH,BNB,Poly,0x4abb9cc67bd3da9eb966d1159a71a0e68bd15432,0x4e1b16ef22935a575a6811d4616f98c4077e4408,KEL,semi_synthetic_merge,,19.095222436227896,19.095222436227896,
eth_flow_0xcedc35312706__r7fam10__inst00__synth_merge_src2,bnb_flow_0x31d040bb1b06__synth_merge_dst,19.095222436227896,38.19044487245579,959,many_to_one,1.0,supervised_flow_pair,ETH,BNB,Poly,0x4abb9cc67bd3da9eb966d1159a71a0e68bd15432,0x4e1b16ef22935a575a6811d4616f98c4077e4408,KEL,semi_synthetic_merge,,19.095222436227896,19.095222436227896,
eth_flow_0xcedc35312706__r7fam10__inst00__synth_unmatched_src,bnb_flow_0x31d040bb1b06__synth_hidden_dst,38.19044487245579,0,959,one_to_one,0.2,supervised_flow_pair,ETH,BNB,Poly,0x4abb9cc67bd3da9eb966d1159a71a0e68bd15432,0x4e1b16ef22935a575a6811d4616f98c4077e4408,KEL,semi_synthetic_unmatched,,,0,0
eth_flow_0xcedc35312706__r7fam10__inst00__synth_noise_src_0,bnb_flow_0x31d040bb1b06__synth_noise_dst_0,38.19044487245579,38.19044487245579,1019,one_to_one,0.2521,supervised_flow_pair,ETH,BNB,Poly,0x4abb9cc67bd3da9eb966d1159a71a0e68bd15432,0x4e1b16ef22935a575a6811d4616f98c4077e4408,KEL,semi_synthetic_delay_noise,,,,
eth_flow_0xcedc35312706__r7fam10__inst00__synth_noise_src_1,bnb_flow_0x31d040bb1b06__synth_noise_dst_1,38.19044487245579,38.19044487245579,1079,one_to_one,0.2512,supervised_flow_pair,ETH,BNB,Poly,0x4abb9cc67bd3da9eb966d1159a71a0e68bd15432,0x4e1b16ef22935a575a6811d4616f98c4077e4408,KEL,semi_synthetic_delay_noise,,,,
eth_flow_0x86fb20843fac__r7fam10__inst01__synth_split_src,bnb_flow_0x690639845da3__synth_split_a,45.81462377902978,11.453655944757445,882,one_to_many,0.95,supervised_flow_pair,ETH,BNB,Poly,0xaf9f549774ecedbd0966c52f250acc548d3f36e5,0x69a1913d334b524ea1632461c78797c837ca9fa6,RFuel,semi_synthetic_split,1,11.453655944757445,11.453655944757445,
eth_flow_0x86fb20843fac__r7fam10__inst01__synth_split_src,bnb_flow_0x690639845da3__synth_split_b,45.81462377902978,11.453655944757445,882,one_to_many,0.95,supervised_flow_pair,ETH,BNB,Poly,0xaf9f549774ecedbd0966c52f250acc548d3f36e5,0x69a1913d334b524ea1632461c78797c837ca9fa6,RFuel,semi_synthetic_split,1,11.453655944757445,11.453655944757445,
eth_flow_0x86fb20843fac__r7fam10__inst01__synth_split_src,bnb_flow_0x690639845da3__synth_split_c,45.81462377902978,11.453655944757445,882,one_to_many,0.95,supervised_flow_pair,ETH,BNB,Poly,0xaf9f549774ecedbd0966c52f250acc548d3f36e5,0x69a1913d334b524ea1632461c78797c837ca9fa6,RFuel,semi_synthetic_split,1,11.453655944757445,11.453655944757445,
eth_flow_0x86fb20843fac__r7fam10__inst01__synth_split_src,bnb_flow_0x690639845da3__synth_split_d,45.81462377902978,11.453655944757445,882,one_to_many,0.95,supervised_flow_pair,ETH,BNB,Poly,0xaf9f549774ecedbd0966c52f250acc548d3f36e5,0x69a1913d334b524ea1632461c78797c837ca9fa6,RFuel,semi_synthetic_split,1,11.453655944757445,11.453655944757445,
eth_flow_0x86fb20843fac__r7fam10__inst01__synth_merge_src1,bnb_flow_0x690639845da3__synth_merge_dst,22.90731188951489,45.81462377902978,882,many_to_one,1.0,supervised_flow_pair,ETH,BNB,Poly,0xaf9f549774ecedbd0966c52f250acc548d3f36e5,0x69a1913d334b524ea1632461c78797c837ca9fa6,RFuel,semi_synthetic_merge,,22.90731188951489,22.90731188951489,
eth_flow_0x86fb20843fac__r7fam10__inst01__synth_merge_src2,bnb_flow_0x690639845da3__synth_merge_dst,22.90731188951489,45.81462377902978,882,many_to_one,1.0,supervised_flow_pair,ETH,BNB,Poly,0xaf9f549774ecedbd0966c52f250acc548d3f36e5,0x69a1913d334b524ea1632461c78797c837ca9fa6,RFuel,semi_synthetic_merge,,22.90731188951489,22.90731188951489,
eth_flow_0x86fb20843fac__r7fam10__inst01__synth_unmatched_src,bnb_flow_0x690639845da3__synth_hidden_dst,45.81462377902978,0,882,one_to_one,0.2,supervised_flow_pair,ETH,BNB,Poly,0xaf9f549774ecedbd0966c52f250acc548d3f36e5,0x69a1913d334b524ea1632461c78797c837ca9fa6,RFuel,semi_synthetic_unmatched,,,0,0
eth_flow_0x86fb20843fac__r7fam10__inst01__synth_noise_src_0,bnb_flow_0x690639845da3__synth_noise_dst_0,45.81462377902978,45.81462377902978,942,one_to_one,0.2224,supervised_flow_pair,ETH,BNB,Poly,0xaf9f549774ecedbd0966c52f250acc548d3f36e5,0x69a1913d334b524ea1632461c78797c837ca9fa6,RFuel,semi_synthetic_delay_noise,,,,
eth_flow_0x86fb20843fac__r7fam10__inst01__synth_noise_src_1,bnb_flow_0x690639845da3__synth_noise_dst_1,45.81462377902978,45.81462377902978,1002,one_to_one,0.2288,supervised_flow_pair,ETH,BNB,Poly,0xaf9f549774ecedbd0966c52f250acc548d3f36e5,0x69a1913d334b524ea1632461c78797c837ca9fa6,RFuel,semi_synthetic_delay_noise,,,,
eth_flow_0x73ebc3e69ffc__r7fam11__inst00__synth_split_src,bnb_flow_0xd101086fad3e__synth_split_a,9.244489361364748,3.081496453788249,2822,one_to_many,0.95,supervised_flow_pair,ETH,BNB,Poly,0xee9801669c6138e84bd50deb500827b776777d28,0xee9801669c6138e84bd50deb500827b776777d28,O3,semi_synthetic_split,1,3.081496453788249,3.081496453788249,
eth_flow_0x73ebc3e69ffc__r7fam11__inst00__synth_split_src,bnb_flow_0xd101086fad3e__synth_split_b,9.244489361364748,3.081496453788249,2822,one_to_many,0.95,supervised_flow_pair,ETH,BNB,Poly,0xee9801669c6138e84bd50deb500827b776777d28,0xee9801669c6138e84bd50deb500827b776777d28,O3,semi_synthetic_split,1,3.081496453788249,3.081496453788249,
eth_flow_0x73ebc3e69ffc__r7fam11__inst00__synth_split_src,bnb_flow_0xd101086fad3e__synth_split_c,9.244489361364748,3.081496453788249,2822,one_to_many,0.95,supervised_flow_pair,ETH,BNB,Poly,0xee9801669c6138e84bd50deb500827b776777d28,0xee9801669c6138e84bd50deb500827b776777d28,O3,semi_synthetic_split,1,3.081496453788249,3.081496453788249,
eth_flow_0x73ebc3e69ffc__r7fam11__inst00__synth_merge_src1,bnb_flow_0xd101086fad3e__synth_merge_dst,4.622244680682374,9.244489361364748,2822,many_to_one,1.0,supervised_flow_pair,ETH,BNB,Poly,0xee9801669c6138e84bd50deb500827b776777d28,0xee9801669c6138e84bd50deb500827b776777d28,O3,semi_synthetic_merge,,4.622244680682374,4.622244680682374,
eth_flow_0x73ebc3e69ffc__r7fam11__inst00__synth_merge_src2,bnb_flow_0xd101086fad3e__synth_merge_dst,4.622244680682374,9.244489361364748,2822,many_to_one,1.0,supervised_flow_pair,ETH,BNB,Poly,0xee9801669c6138e84bd50deb500827b776777d28,0xee9801669c6138e84bd50deb500827b776777d28,O3,semi_synthetic_merge,,4.622244680682374,4.622244680682374,
eth_flow_0x73ebc3e69ffc__r7fam11__inst00__synth_unmatched_src,bnb_flow_0xd101086fad3e__synth_hidden_dst,9.244489361364748,0,2822,one_to_one,0.2,supervised_flow_pair,ETH,BNB,Poly,0xee9801669c6138e84bd50deb500827b776777d28,0xee9801669c6138e84bd50deb500827b776777d28,O3,semi_synthetic_unmatched,,,0,0
eth_flow_0x73ebc3e69ffc__r7fam11__inst00__synth_noise_src_0,bnb_flow_0xd101086fad3e__synth_noise_dst_0,9.244489361364748,9.244489361364748,2882,one_to_one,0.2276,supervised_flow_pair,ETH,BNB,Poly,0xee9801669c6138e84bd50deb500827b776777d28,0xee9801669c6138e84bd50deb500827b776777d28,O3,semi_synthetic_delay_noise,,,,
eth_flow_0x73ebc3e69ffc__r7fam11__inst00__synth_noise_src_1,bnb_flow_0xd101086fad3e__synth_noise_dst_1,9.244489361364748,9.244489361364748,2942,one_to_one,0.2219,supervised_flow_pair,ETH,BNB,Poly,0xee9801669c6138e84bd50deb500827b776777d28,0xee9801669c6138e84bd50deb500827b776777d28,O3,semi_synthetic_delay_noise,,,,
eth_flow_0x7b5cf9dd0e56__r7fam11__inst01__synth_split_src,bnb_flow_0xd73245cc158d__synth_split_a,57.62471723734052,11.524943447468104,1125,one_to_many,0.95,supervised_flow_pair,ETH,BNB,Poly,0x4abb9cc67bd3da9eb966d1159a71a0e68bd15432,0x4e1b16ef22935a575a6811d4616f98c4077e4408,KEL,semi_synthetic_split,1,11.524943447468104,11.524943447468104,
eth_flow_0x7b5cf9dd0e56__r7fam11__inst01__synth_split_src,bnb_flow_0xd73245cc158d__synth_split_b,57.62471723734052,11.524943447468104,1125,one_to_many,0.95,supervised_flow_pair,ETH,BNB,Poly,0x4abb9cc67bd3da9eb966d1159a71a0e68bd15432,0x4e1b16ef22935a575a6811d4616f98c4077e4408,KEL,semi_synthetic_split,1,11.524943447468104,11.524943447468104,
eth_flow_0x7b5cf9dd0e56__r7fam11__inst01__synth_split_src,bnb_flow_0xd73245cc158d__synth_split_c,57.62471723734052,11.524943447468104,1125,one_to_many,0.95,supervised_flow_pair,ETH,BNB,Poly,0x4abb9cc67bd3da9eb966d1159a71a0e68bd15432,0x4e1b16ef22935a575a6811d4616f98c4077e4408,KEL,semi_synthetic_split,1,11.524943447468104,11.524943447468104,
eth_flow_0x7b5cf9dd0e56__r7fam11__inst01__synth_split_src,bnb_flow_0xd73245cc158d__synth_split_d,57.62471723734052,11.524943447468104,1125,one_to_many,0.95,supervised_flow_pair,ETH,BNB,Poly,0x4abb9cc67bd3da9eb966d1159a71a0e68bd15432,0x4e1b16ef22935a575a6811d4616f98c4077e4408,KEL,semi_synthetic_split,1,11.524943447468104,11.524943447468104,
eth_flow_0x7b5cf9dd0e56__r7fam11__inst01__synth_split_src,bnb_flow_0xd73245cc158d__synth_split_e,57.62471723734052,11.524943447468104,1125,one_to_many,0.95,supervised_flow_pair,ETH,BNB,Poly,0x4abb9cc67bd3da9eb966d1159a71a0e68bd15432,0x4e1b16ef22935a575a6811d4616f98c4077e4408,KEL,semi_synthetic_split,1,11.524943447468104,11.524943447468104,
eth_flow_0x7b5cf9dd0e56__r7fam11__inst01__synth_merge_src1,bnb_flow_0xd73245cc158d__synth_merge_dst,28.81235861867026,57.62471723734052,1125,many_to_one,1.0,supervised_flow_pair,ETH,BNB,Poly,0x4abb9cc67bd3da9eb966d1159a71a0e68bd15432,0x4e1b16ef22935a575a6811d4616f98c4077e4408,KEL,semi_synthetic_merge,,28.81235861867026,28.81235861867026,
eth_flow_0x7b5cf9dd0e56__r7fam11__inst01__synth_merge_src2,bnb_flow_0xd73245cc158d__synth_merge_dst,28.81235861867026,57.62471723734052,1125,many_to_one,1.0,supervised_flow_pair,ETH,BNB,Poly,0x4abb9cc67bd3da9eb966d1159a71a0e68bd15432,0x4e1b16ef22935a575a6811d4616f98c4077e4408,KEL,semi_synthetic_merge,,28.81235861867026,28.81235861867026,
eth_flow_0x7b5cf9dd0e56__r7fam11__inst01__synth_unmatched_src,bnb_flow_0xd73245cc158d__synth_hidden_dst,57.62471723734052,0,1125,one_to_one,0.2,supervised_flow_pair,ETH,BNB,Poly,0x4abb9cc67bd3da9eb966d1159a71a0e68bd15432,0x4e1b16ef22935a575a6811d4616f98c4077e4408,KEL,semi_synthetic_unmatched,,,0,0
eth_flow_0x7b5cf9dd0e56__r7fam11__inst01__synth_noise_src_0,bnb_flow_0xd73245cc158d__synth_noise_dst_0,57.62471723734052,57.62471723734052,1185,one_to_one,0.2259,supervised_flow_pair,ETH,BNB,Poly,0x4abb9cc67bd3da9eb966d1159a71a0e68bd15432,0x4e1b16ef22935a575a6811d4616f98c4077e4408,KEL,semi_synthetic_delay_noise,,,,
eth_flow_0x7b5cf9dd0e56__r7fam11__inst01__synth_noise_src_1,bnb_flow_0xd73245cc158d__synth_noise_dst_1,57.62471723734052,57.62471723734052,1245,one_to_one,0.224,supervised_flow_pair,ETH,BNB,Poly,0x4abb9cc67bd3da9eb966d1159a71a0e68bd15432,0x4e1b16ef22935a575a6811d4616f98c4077e4408,KEL,semi_synthetic_delay_noise,,,,
eth_flow_0x3263ecf77c4d__r7fam12__inst00__synth_split_src,bnb_flow_0xc78bf8a80bce__synth_split_a,327.8618295571735,163.93091477858675,180,one_to_many,0.95,supervised_flow_pair,ETH,BNB,Poly,0xaf9f549774ecedbd0966c52f250acc548d3f36e5,0x69a1913d334b524ea1632461c78797c837ca9fa6,RFuel,semi_synthetic_split,1,163.93091477858675,163.93091477858675,
eth_flow_0x3263ecf77c4d__r7fam12__inst00__synth_split_src,bnb_flow_0xc78bf8a80bce__synth_split_b,327.8618295571735,163.93091477858675,180,one_to_many,0.95,supervised_flow_pair,ETH,BNB,Poly,0xaf9f549774ecedbd0966c52f250acc548d3f36e5,0x69a1913d334b524ea1632461c78797c837ca9fa6,RFuel,semi_synthetic_split,1,163.93091477858675,163.93091477858675,
eth_flow_0x3263ecf77c4d__r7fam12__inst00__synth_merge_src1,bnb_flow_0xc78bf8a80bce__synth_merge_dst,163.93091477858675,327.8618295571735,180,many_to_one,1.0,supervised_flow_pair,ETH,BNB,Poly,0xaf9f549774ecedbd0966c52f250acc548d3f36e5,0x69a1913d334b524ea1632461c78797c837ca9fa6,RFuel,semi_synthetic_merge,,163.93091477858675,163.93091477858675,
eth_flow_0x3263ecf77c4d__r7fam12__inst00__synth_merge_src2,bnb_flow_0xc78bf8a80bce__synth_merge_dst,163.93091477858675,327.8618295571735,180,many_to_one,1.0,supervised_flow_pair,ETH,BNB,Poly,0xaf9f549774ecedbd0966c52f250acc548d3f36e5,0x69a1913d334b524ea1632461c78797c837ca9fa6,RFuel,semi_synthetic_merge,,163.93091477858675,163.93091477858675,
eth_flow_0x3263ecf77c4d__r7fam12__inst00__synth_unmatched_src,bnb_flow_0xc78bf8a80bce__synth_hidden_dst,327.8618295571735,0,180,one_to_one,0.2,supervised_flow_pair,ETH,BNB,Poly,0xaf9f549774ecedbd0966c52f250acc548d3f36e5,0x69a1913d334b524ea1632461c78797c837ca9fa6,RFuel,semi_synthetic_unmatched,,,0,0
eth_flow_0x3263ecf77c4d__r7fam12__inst00__synth_noise_src_0,bnb_flow_0xc78bf8a80bce__synth_noise_dst_0,327.8618295571735,327.8618295571735,240,one_to_one,0.2475,supervised_flow_pair,ETH,BNB,Poly,0xaf9f549774ecedbd0966c52f250acc548d3f36e5,0x69a1913d334b524ea1632461c78797c837ca9fa6,RFuel,semi_synthetic_delay_noise,,,,
eth_flow_0x3263ecf77c4d__r7fam12__inst00__synth_noise_src_1,bnb_flow_0xc78bf8a80bce__synth_noise_dst_1,327.8618295571735,327.8618295571735,300,one_to_one,0.2422,supervised_flow_pair,ETH,BNB,Poly,0xaf9f549774ecedbd0966c52f250acc548d3f36e5,0x69a1913d334b524ea1632461c78797c837ca9fa6,RFuel,semi_synthetic_delay_noise,,,,
eth_flow_0xef9029087113__r7fam12__inst01__synth_split_src,bnb_flow_0x9abbe85efb02__synth_split_a,254.22985302381787,127.11492651190893,171,one_to_many,0.95,supervised_flow_pair,ETH,BNB,Poly,0x9e32b13ce7f2e80a01932b42553652e053d6ed8e,0xe552fb52a4f19e44ef5a967632dbc320b0820639,Metis,semi_synthetic_split,1,127.11492651190893,127.11492651190893,
eth_flow_0xef9029087113__r7fam12__inst01__synth_split_src,bnb_flow_0x9abbe85efb02__synth_split_b,254.22985302381787,127.11492651190893,171,one_to_many,0.95,supervised_flow_pair,ETH,BNB,Poly,0x9e32b13ce7f2e80a01932b42553652e053d6ed8e,0xe552fb52a4f19e44ef5a967632dbc320b0820639,Metis,semi_synthetic_split,1,127.11492651190893,127.11492651190893,
eth_flow_0xef9029087113__r7fam12__inst01__synth_merge_src1,bnb_flow_0x9abbe85efb02__synth_merge_dst,127.11492651190893,254.22985302381787,171,many_to_one,1.0,supervised_flow_pair,ETH,BNB,Poly,0x9e32b13ce7f2e80a01932b42553652e053d6ed8e,0xe552fb52a4f19e44ef5a967632dbc320b0820639,Metis,semi_synthetic_merge,,127.11492651190893,127.11492651190893,
eth_flow_0xef9029087113__r7fam12__inst01__synth_merge_src2,bnb_flow_0x9abbe85efb02__synth_merge_dst,127.11492651190893,254.22985302381787,171,many_to_one,1.0,supervised_flow_pair,ETH,BNB,Poly,0x9e32b13ce7f2e80a01932b42553652e053d6ed8e,0xe552fb52a4f19e44ef5a967632dbc320b0820639,Metis,semi_synthetic_merge,,127.11492651190893,127.11492651190893,
eth_flow_0xef9029087113__r7fam12__inst01__synth_unmatched_src,bnb_flow_0x9abbe85efb02__synth_hidden_dst,254.22985302381787,0,171,one_to_one,0.2,supervised_flow_pair,ETH,BNB,Poly,0x9e32b13ce7f2e80a01932b42553652e053d6ed8e,0xe552fb52a4f19e44ef5a967632dbc320b0820639,Metis,semi_synthetic_unmatched,,,0,0
eth_flow_0xef9029087113__r7fam12__inst01__synth_noise_src_0,bnb_flow_0x9abbe85efb02__synth_noise_dst_0,254.22985302381787,254.22985302381787,231,one_to_one,0.2598,supervised_flow_pair,ETH,BNB,Poly,0x9e32b13ce7f2e80a01932b42553652e053d6ed8e,0xe552fb52a4f19e44ef5a967632dbc320b0820639,Metis,semi_synthetic_delay_noise,,,,
eth_flow_0xef9029087113__r7fam12__inst01__synth_noise_src_1,bnb_flow_0x9abbe85efb02__synth_noise_dst_1,254.22985302381787,254.22985302381787,291,one_to_one,0.2394,supervised_flow_pair,ETH,BNB,Poly,0x9e32b13ce7f2e80a01932b42553652e053d6ed8e,0xe552fb52a4f19e44ef5a967632dbc320b0820639,Metis,semi_synthetic_delay_noise,,,,
eth_flow_0xbaa728cbbe2d__r7fam13__inst00__synth_split_src,bnb_flow_0x6ab2186eb159__synth_split_a,210.60243977261828,105.30121988630914,219,one_to_many,0.95,supervised_flow_pair,ETH,BNB,Poly,0x9e32b13ce7f2e80a01932b42553652e053d6ed8e,0xe552fb52a4f19e44ef5a967632dbc320b0820639,Metis,semi_synthetic_split,1,105.30121988630914,105.30121988630914,
eth_flow_0xbaa728cbbe2d__r7fam13__inst00__synth_split_src,bnb_flow_0x6ab2186eb159__synth_split_b,210.60243977261828,105.30121988630914,219,one_to_many,0.95,supervised_flow_pair,ETH,BNB,Poly,0x9e32b13ce7f2e80a01932b42553652e053d6ed8e,0xe552fb52a4f19e44ef5a967632dbc320b0820639,Metis,semi_synthetic_split,1,105.30121988630914,105.30121988630914,
eth_flow_0xbaa728cbbe2d__r7fam13__inst00__synth_merge_src1,bnb_flow_0x6ab2186eb159__synth_merge_dst,105.30121988630914,210.60243977261828,219,many_to_one,1.0,supervised_flow_pair,ETH,BNB,Poly,0x9e32b13ce7f2e80a01932b42553652e053d6ed8e,0xe552fb52a4f19e44ef5a967632dbc320b0820639,Metis,semi_synthetic_merge,,105.30121988630914,105.30121988630914,
eth_flow_0xbaa728cbbe2d__r7fam13__inst00__synth_merge_src2,bnb_flow_0x6ab2186eb159__synth_merge_dst,105.30121988630914,210.60243977261828,219,many_to_one,1.0,supervised_flow_pair,ETH,BNB,Poly,0x9e32b13ce7f2e80a01932b42553652e053d6ed8e,0xe552fb52a4f19e44ef5a967632dbc320b0820639,Metis,semi_synthetic_merge,,105.30121988630914,105.30121988630914,
eth_flow_0xbaa728cbbe2d__r7fam13__inst00__synth_unmatched_src,bnb_flow_0x6ab2186eb159__synth_hidden_dst,210.60243977261828,0,219,one_to_one,0.2,supervised_flow_pair,ETH,BNB,Poly,0x9e32b13ce7f2e80a01932b42553652e053d6ed8e,0xe552fb52a4f19e44ef5a967632dbc320b0820639,Metis,semi_synthetic_unmatched,,,0,0
eth_flow_0xbaa728cbbe2d__r7fam13__inst00__synth_noise_src_0,bnb_flow_0x6ab2186eb159__synth_noise_dst_0,210.60243977261828,210.60243977261828,279,one_to_one,0.2456,supervised_flow_pair,ETH,BNB,Poly,0x9e32b13ce7f2e80a01932b42553652e053d6ed8e,0xe552fb52a4f19e44ef5a967632dbc320b0820639,Metis,semi_synthetic_delay_noise,,,,
eth_flow_0xbaa728cbbe2d__r7fam13__inst00__synth_noise_src_1,bnb_flow_0x6ab2186eb159__synth_noise_dst_1,210.60243977261828,210.60243977261828,339,one_to_one,0.2485,supervised_flow_pair,ETH,BNB,Poly,0x9e32b13ce7f2e80a01932b42553652e053d6ed8e,0xe552fb52a4f19e44ef5a967632dbc320b0820639,Metis,semi_synthetic_delay_noise,,,,
eth_flow_0xa3717fda4c1f__r7fam13__inst01__synth_split_src,bnb_flow_0xfc523d9c4728__synth_split_a,121.89456144268291,40.6315204808943,205,one_to_many,0.95,supervised_flow_pair,ETH,BNB,Poly,0xaf9f549774ecedbd0966c52f250acc548d3f36e5,0x69a1913d334b524ea1632461c78797c837ca9fa6,RFuel,semi_synthetic_split,1,40.6315204808943,40.6315204808943,
eth_flow_0xa3717fda4c1f__r7fam13__inst01__synth_split_src,bnb_flow_0xfc523d9c4728__synth_split_b,121.89456144268291,40.6315204808943,205,one_to_many,0.95,supervised_flow_pair,ETH,BNB,Poly,0xaf9f549774ecedbd0966c52f250acc548d3f36e5,0x69a1913d334b524ea1632461c78797c837ca9fa6,RFuel,semi_synthetic_split,1,40.6315204808943,40.6315204808943,
eth_flow_0xa3717fda4c1f__r7fam13__inst01__synth_split_src,bnb_flow_0xfc523d9c4728__synth_split_c,121.89456144268291,40.6315204808943,205,one_to_many,0.95,supervised_flow_pair,ETH,BNB,Poly,0xaf9f549774ecedbd0966c52f250acc548d3f36e5,0x69a1913d334b524ea1632461c78797c837ca9fa6,RFuel,semi_synthetic_split,1,40.6315204808943,40.6315204808943,
eth_flow_0xa3717fda4c1f__r7fam13__inst01__synth_merge_src1,bnb_flow_0xfc523d9c4728__synth_merge_dst,60.94728072134146,121.89456144268291,205,many_to_one,1.0,supervised_flow_pair,ETH,BNB,Poly,0xaf9f549774ecedbd0966c52f250acc548d3f36e5,0x69a1913d334b524ea1632461c78797c837ca9fa6,RFuel,semi_synthetic_merge,,60.94728072134146,60.94728072134146,
eth_flow_0xa3717fda4c1f__r7fam13__inst01__synth_merge_src2,bnb_flow_0xfc523d9c4728__synth_merge_dst,60.94728072134146,121.89456144268291,205,many_to_one,1.0,supervised_flow_pair,ETH,BNB,Poly,0xaf9f549774ecedbd0966c52f250acc548d3f36e5,0x69a1913d334b524ea1632461c78797c837ca9fa6,RFuel,semi_synthetic_merge,,60.94728072134146,60.94728072134146,
eth_flow_0xa3717fda4c1f__r7fam13__inst01__synth_unmatched_src,bnb_flow_0xfc523d9c4728__synth_hidden_dst,121.89456144268293,0,205,one_to_one,0.2,supervised_flow_pair,ETH,BNB,Poly,0xaf9f549774ecedbd0966c52f250acc548d3f36e5,0x69a1913d334b524ea1632461c78797c837ca9fa6,RFuel,semi_synthetic_unmatched,,,0,0
eth_flow_0xa3717fda4c1f__r7fam13__inst01__synth_noise_src_0,bnb_flow_0xfc523d9c4728__synth_noise_dst_0,121.89456144268293,121.89456144268293,265,one_to_one,0.2317,supervised_flow_pair,ETH,BNB,Poly,0xaf9f549774ecedbd0966c52f250acc548d3f36e5,0x69a1913d334b524ea1632461c78797c837ca9fa6,RFuel,semi_synthetic_delay_noise,,,,
eth_flow_0xa3717fda4c1f__r7fam13__inst01__synth_noise_src_1,bnb_flow_0xfc523d9c4728__synth_noise_dst_1,121.89456144268293,121.89456144268293,325,one_to_one,0.2255,supervised_flow_pair,ETH,BNB,Poly,0xaf9f549774ecedbd0966c52f250acc548d3f36e5,0x69a1913d334b524ea1632461c78797c837ca9fa6,RFuel,semi_synthetic_delay_noise,,,,
eth_flow_0x8bc0b47ac506__r7fam14__inst00__synth_split_src,bnb_flow_0xf428f7634dac__synth_split_a,207.81411111512284,103.90705555756142,252,one_to_many,0.95,supervised_flow_pair,ETH,BNB,Poly,0x9e32b13ce7f2e80a01932b42553652e053d6ed8e,0xe552fb52a4f19e44ef5a967632dbc320b0820639,Metis,semi_synthetic_split,1,103.90705555756142,103.90705555756142,
eth_flow_0x8bc0b47ac506__r7fam14__inst00__synth_split_src,bnb_flow_0xf428f7634dac__synth_split_b,207.81411111512284,103.90705555756142,252,one_to_many,0.95,supervised_flow_pair,ETH,BNB,Poly,0x9e32b13ce7f2e80a01932b42553652e053d6ed8e,0xe552fb52a4f19e44ef5a967632dbc320b0820639,Metis,semi_synthetic_split,1,103.90705555756142,103.90705555756142,
eth_flow_0x8bc0b47ac506__r7fam14__inst00__synth_merge_src1,bnb_flow_0xf428f7634dac__synth_merge_dst,69.27137037170762,207.81411111512284,252,many_to_one,1.0,supervised_flow_pair,ETH,BNB,Poly,0x9e32b13ce7f2e80a01932b42553652e053d6ed8e,0xe552fb52a4f19e44ef5a967632dbc320b0820639,Metis,semi_synthetic_merge,,69.27137037170762,69.27137037170762,
eth_flow_0x8bc0b47ac506__r7fam14__inst00__synth_merge_src2,bnb_flow_0xf428f7634dac__synth_merge_dst,69.27137037170762,207.81411111512284,252,many_to_one,1.0,supervised_flow_pair,ETH,BNB,Poly,0x9e32b13ce7f2e80a01932b42553652e053d6ed8e,0xe552fb52a4f19e44ef5a967632dbc320b0820639,Metis,semi_synthetic_merge,,69.27137037170762,69.27137037170762,
eth_flow_0x8bc0b47ac506__r7fam14__inst00__synth_merge_src3,bnb_flow_0xf428f7634dac__synth_merge_dst,69.27137037170762,207.81411111512284,252,many_to_one,1.0,supervised_flow_pair,ETH,BNB,Poly,0x9e32b13ce7f2e80a01932b42553652e053d6ed8e,0xe552fb52a4f19e44ef5a967632dbc320b0820639,Metis,semi_synthetic_merge,,69.27137037170762,69.27137037170762,
eth_flow_0x8bc0b47ac506__r7fam14__inst00__synth_unmatched_src,bnb_flow_0xf428f7634dac__synth_hidden_dst,207.81411111512284,0,252,one_to_one,0.2,supervised_flow_pair,ETH,BNB,Poly,0x9e32b13ce7f2e80a01932b42553652e053d6ed8e,0xe552fb52a4f19e44ef5a967632dbc320b0820639,Metis,semi_synthetic_unmatched,,,0,0
eth_flow_0x8bc0b47ac506__r7fam14__inst00__synth_noise_src_0,bnb_flow_0xf428f7634dac__synth_noise_dst_0,207.81411111512284,207.81411111512284,312,one_to_one,0.2264,supervised_flow_pair,ETH,BNB,Poly,0x9e32b13ce7f2e80a01932b42553652e053d6ed8e,0xe552fb52a4f19e44ef5a967632dbc320b0820639,Metis,semi_synthetic_delay_noise,,,,
eth_flow_0x8bc0b47ac506__r7fam14__inst00__synth_noise_src_1,bnb_flow_0xf428f7634dac__synth_noise_dst_1,207.81411111512284,207.81411111512284,372,one_to_one,0.2452,supervised_flow_pair,ETH,BNB,Poly,0x9e32b13ce7f2e80a01932b42553652e053d6ed8e,0xe552fb52a4f19e44ef5a967632dbc320b0820639,Metis,semi_synthetic_delay_noise,,,,
eth_flow_0xed9043b56378__r7fam14__inst01__synth_split_src,bnb_flow_0x736f21807bfa__synth_split_a,324.64633223546826,108.21544407848943,234,one_to_many,0.95,supervised_flow_pair,ETH,BNB,Poly,0x9e32b13ce7f2e80a01932b42553652e053d6ed8e,0xe552fb52a4f19e44ef5a967632dbc320b0820639,Metis,semi_synthetic_split,1,108.21544407848943,108.21544407848943,
eth_flow_0xed9043b56378__r7fam14__inst01__synth_split_src,bnb_flow_0x736f21807bfa__synth_split_b,324.64633223546826,108.21544407848943,234,one_to_many,0.95,supervised_flow_pair,ETH,BNB,Poly,0x9e32b13ce7f2e80a01932b42553652e053d6ed8e,0xe552fb52a4f19e44ef5a967632dbc320b0820639,Metis,semi_synthetic_split,1,108.21544407848943,108.21544407848943,
eth_flow_0xed9043b56378__r7fam14__inst01__synth_split_src,bnb_flow_0x736f21807bfa__synth_split_c,324.64633223546826,108.21544407848943,234,one_to_many,0.95,supervised_flow_pair,ETH,BNB,Poly,0x9e32b13ce7f2e80a01932b42553652e053d6ed8e,0xe552fb52a4f19e44ef5a967632dbc320b0820639,Metis,semi_synthetic_split,1,108.21544407848943,108.21544407848943,
eth_flow_0xed9043b56378__r7fam14__inst01__synth_merge_src1,bnb_flow_0x736f21807bfa__synth_merge_dst,162.32316611773413,324.64633223546826,234,many_to_one,1.0,supervised_flow_pair,ETH,BNB,Poly,0x9e32b13ce7f2e80a01932b42553652e053d6ed8e,0xe552fb52a4f19e44ef5a967632dbc320b0820639,Metis,semi_synthetic_merge,,162.32316611773413,162.32316611773413,
eth_flow_0xed9043b56378__r7fam14__inst01__synth_merge_src2,bnb_flow_0x736f21807bfa__synth_merge_dst,162.32316611773413,324.64633223546826,234,many_to_one,1.0,supervised_flow_pair,ETH,BNB,Poly,0x9e32b13ce7f2e80a01932b42553652e053d6ed8e,0xe552fb52a4f19e44ef5a967632dbc320b0820639,Metis,semi_synthetic_merge,,162.32316611773413,162.32316611773413,
eth_flow_0xed9043b56378__r7fam14__inst01__synth_unmatched_src,bnb_flow_0x736f21807bfa__synth_hidden_dst,324.64633223546826,0,234,one_to_one,0.2,supervised_flow_pair,ETH,BNB,Poly,0x9e32b13ce7f2e80a01932b42553652e053d6ed8e,0xe552fb52a4f19e44ef5a967632dbc320b0820639,Metis,semi_synthetic_unmatched,,,0,0
eth_flow_0xed9043b56378__r7fam14__inst01__synth_noise_src_0,bnb_flow_0x736f21807bfa__synth_noise_dst_0,324.64633223546826,324.64633223546826,294,one_to_one,0.2358,supervised_flow_pair,ETH,BNB,Poly,0x9e32b13ce7f2e80a01932b42553652e053d6ed8e,0xe552fb52a4f19e44ef5a967632dbc320b0820639,Metis,semi_synthetic_delay_noise,,,,
eth_flow_0xed9043b56378__r7fam14__inst01__synth_noise_src_1,bnb_flow_0x736f21807bfa__synth_noise_dst_1,324.64633223546826,324.64633223546826,354,one_to_one,0.2592,supervised_flow_pair,ETH,BNB,Poly,0x9e32b13ce7f2e80a01932b42553652e053d6ed8e,0xe552fb52a4f19e44ef5a967632dbc320b0820639,Metis,semi_synthetic_delay_noise,,,,
eth_flow_0x4ae87235a6d0__r7fam15__inst00__synth_split_src,bnb_flow_0x4d06548809f1__synth_split_a,100.01844968923744,16.66974161487291,345,one_to_many,0.95,supervised_flow_pair,ETH,BNB,Poly,0x4abb9cc67bd3da9eb966d1159a71a0e68bd15432,0x4e1b16ef22935a575a6811d4616f98c4077e4408,KEL,semi_synthetic_split,1,16.66974161487291,16.66974161487291,
eth_flow_0x4ae87235a6d0__r7fam15__inst00__synth_split_src,bnb_flow_0x4d06548809f1__synth_split_b,100.01844968923744,16.66974161487291,345,one_to_many,0.95,supervised_flow_pair,ETH,BNB,Poly,0x4abb9cc67bd3da9eb966d1159a71a0e68bd15432,0x4e1b16ef22935a575a6811d4616f98c4077e4408,KEL,semi_synthetic_split,1,16.66974161487291,16.66974161487291,
eth_flow_0x4ae87235a6d0__r7fam15__inst00__synth_split_src,bnb_flow_0x4d06548809f1__synth_split_c,100.01844968923744,16.66974161487291,345,one_to_many,0.95,supervised_flow_pair,ETH,BNB,Poly,0x4abb9cc67bd3da9eb966d1159a71a0e68bd15432,0x4e1b16ef22935a575a6811d4616f98c4077e4408,KEL,semi_synthetic_split,1,16.66974161487291,16.66974161487291,
eth_flow_0x4ae87235a6d0__r7fam15__inst00__synth_split_src,bnb_flow_0x4d06548809f1__synth_split_d,100.01844968923744,16.66974161487291,345,one_to_many,0.95,supervised_flow_pair,ETH,BNB,Poly,0x4abb9cc67bd3da9eb966d1159a71a0e68bd15432,0x4e1b16ef22935a575a6811d4616f98c4077e4408,KEL,semi_synthetic_split,1,16.66974161487291,16.66974161487291,
eth_flow_0x4ae87235a6d0__r7fam15__inst00__synth_split_src,bnb_flow_0x4d06548809f1__synth_split_e,100.01844968923744,16.66974161487291,345,one_to_many,0.95,supervised_flow_pair,ETH,BNB,Poly,0x4abb9cc67bd3da9eb966d1159a71a0e68bd15432,0x4e1b16ef22935a575a6811d4616f98c4077e4408,KEL,semi_synthetic_split,1,16.66974161487291,16.66974161487291,
eth_flow_0x4ae87235a6d0__r7fam15__inst00__synth_split_src,bnb_flow_0x4d06548809f1__synth_split_f,100.01844968923744,16.66974161487291,345,one_to_many,0.95,supervised_flow_pair,ETH,BNB,Poly,0x4abb9cc67bd3da9eb966d1159a71a0e68bd15432,0x4e1b16ef22935a575a6811d4616f98c4077e4408,KEL,semi_synthetic_split,1,16.66974161487291,16.66974161487291,
eth_flow_0x4ae87235a6d0__r7fam15__inst00__synth_merge_src1,bnb_flow_0x4d06548809f1__synth_merge_dst,50.00922484461872,100.01844968923744,345,many_to_one,1.0,supervised_flow_pair,ETH,BNB,Poly,0x4abb9cc67bd3da9eb966d1159a71a0e68bd15432,0x4e1b16ef22935a575a6811d4616f98c4077e4408,KEL,semi_synthetic_merge,,50.00922484461872,50.00922484461872,
eth_flow_0x4ae87235a6d0__r7fam15__inst00__synth_merge_src2,bnb_flow_0x4d06548809f1__synth_merge_dst,50.00922484461872,100.01844968923744,345,many_to_one,1.0,supervised_flow_pair,ETH,BNB,Poly,0x4abb9cc67bd3da9eb966d1159a71a0e68bd15432,0x4e1b16ef22935a575a6811d4616f98c4077e4408,KEL,semi_synthetic_merge,,50.00922484461872,50.00922484461872,
eth_flow_0x4ae87235a6d0__r7fam15__inst00__synth_unmatched_src,bnb_flow_0x4d06548809f1__synth_hidden_dst,100.01844968923743,0,345,one_to_one,0.2,supervised_flow_pair,ETH,BNB,Poly,0x4abb9cc67bd3da9eb966d1159a71a0e68bd15432,0x4e1b16ef22935a575a6811d4616f98c4077e4408,KEL,semi_synthetic_unmatched,,,0,0
eth_flow_0x4ae87235a6d0__r7fam15__inst00__synth_noise_src_0,bnb_flow_0x4d06548809f1__synth_noise_dst_0,100.01844968923743,100.01844968923743,405,one_to_one,0.2502,supervised_flow_pair,ETH,BNB,Poly,0x4abb9cc67bd3da9eb966d1159a71a0e68bd15432,0x4e1b16ef22935a575a6811d4616f98c4077e4408,KEL,semi_synthetic_delay_noise,,,,
eth_flow_0x4ae87235a6d0__r7fam15__inst00__synth_noise_src_1,bnb_flow_0x4d06548809f1__synth_noise_dst_1,100.01844968923743,100.01844968923743,465,one_to_one,0.2204,supervised_flow_pair,ETH,BNB,Poly,0x4abb9cc67bd3da9eb966d1159a71a0e68bd15432,0x4e1b16ef22935a575a6811d4616f98c4077e4408,KEL,semi_synthetic_delay_noise,,,,
eth_flow_0x8697884ef9d0__r7fam15__inst01__synth_split_src,bnb_flow_0xe55e6c4d0fb8__synth_split_a,102.61211692052252,20.522423384104506,282,one_to_many,0.95,supervised_flow_pair,ETH,BNB,Poly,0xaf9f549774ecedbd0966c52f250acc548d3f36e5,0x69a1913d334b524ea1632461c78797c837ca9fa6,RFuel,semi_synthetic_split,1,20.522423384104506,20.522423384104506,
eth_flow_0x8697884ef9d0__r7fam15__inst01__synth_split_src,bnb_flow_0xe55e6c4d0fb8__synth_split_b,102.61211692052252,20.522423384104506,282,one_to_many,0.95,supervised_flow_pair,ETH,BNB,Poly,0xaf9f549774ecedbd0966c52f250acc548d3f36e5,0x69a1913d334b524ea1632461c78797c837ca9fa6,RFuel,semi_synthetic_split,1,20.522423384104506,20.522423384104506,
eth_flow_0x8697884ef9d0__r7fam15__inst01__synth_split_src,bnb_flow_0xe55e6c4d0fb8__synth_split_c,102.61211692052252,20.522423384104506,282,one_to_many,0.95,supervised_flow_pair,ETH,BNB,Poly,0xaf9f549774ecedbd0966c52f250acc548d3f36e5,0x69a1913d334b524ea1632461c78797c837ca9fa6,RFuel,semi_synthetic_split,1,20.522423384104506,20.522423384104506,
eth_flow_0x8697884ef9d0__r7fam15__inst01__synth_split_src,bnb_flow_0xe55e6c4d0fb8__synth_split_d,102.61211692052252,20.522423384104506,282,one_to_many,0.95,supervised_flow_pair,ETH,BNB,Poly,0xaf9f549774ecedbd0966c52f250acc548d3f36e5,0x69a1913d334b524ea1632461c78797c837ca9fa6,RFuel,semi_synthetic_split,1,20.522423384104506,20.522423384104506,
eth_flow_0x8697884ef9d0__r7fam15__inst01__synth_split_src,bnb_flow_0xe55e6c4d0fb8__synth_split_e,102.61211692052252,20.522423384104506,282,one_to_many,0.95,supervised_flow_pair,ETH,BNB,Poly,0xaf9f549774ecedbd0966c52f250acc548d3f36e5,0x69a1913d334b524ea1632461c78797c837ca9fa6,RFuel,semi_synthetic_split,1,20.522423384104506,20.522423384104506,
eth_flow_0x8697884ef9d0__r7fam15__inst01__synth_merge_src1,bnb_flow_0xe55e6c4d0fb8__synth_merge_dst,51.30605846026126,102.61211692052252,282,many_to_one,1.0,supervised_flow_pair,ETH,BNB,Poly,0xaf9f549774ecedbd0966c52f250acc548d3f36e5,0x69a1913d334b524ea1632461c78797c837ca9fa6,RFuel,semi_synthetic_merge,,51.30605846026126,51.30605846026126,
eth_flow_0x8697884ef9d0__r7fam15__inst01__synth_merge_src2,bnb_flow_0xe55e6c4d0fb8__synth_merge_dst,51.30605846026126,102.61211692052252,282,many_to_one,1.0,supervised_flow_pair,ETH,BNB,Poly,0xaf9f549774ecedbd0966c52f250acc548d3f36e5,0x69a1913d334b524ea1632461c78797c837ca9fa6,RFuel,semi_synthetic_merge,,51.30605846026126,51.30605846026126,
eth_flow_0x8697884ef9d0__r7fam15__inst01__synth_unmatched_src,bnb_flow_0xe55e6c4d0fb8__synth_hidden_dst,102.61211692052252,0,282,one_to_one,0.2,supervised_flow_pair,ETH,BNB,Poly,0xaf9f549774ecedbd0966c52f250acc548d3f36e5,0x69a1913d334b524ea1632461c78797c837ca9fa6,RFuel,semi_synthetic_unmatched,,,0,0
eth_flow_0x8697884ef9d0__r7fam15__inst01__synth_noise_src_0,bnb_flow_0xe55e6c4d0fb8__synth_noise_dst_0,102.61211692052252,102.61211692052252,342,one_to_one,0.2464,supervised_flow_pair,ETH,BNB,Poly,0xaf9f549774ecedbd0966c52f250acc548d3f36e5,0x69a1913d334b524ea1632461c78797c837ca9fa6,RFuel,semi_synthetic_delay_noise,,,,
eth_flow_0x8697884ef9d0__r7fam15__inst01__synth_noise_src_1,bnb_flow_0xe55e6c4d0fb8__synth_noise_dst_1,102.61211692052252,102.61211692052252,402,one_to_one,0.226,supervised_flow_pair,ETH,BNB,Poly,0xaf9f549774ecedbd0966c52f250acc548d3f36e5,0x69a1913d334b524ea1632461c78797c837ca9fa6,RFuel,semi_synthetic_delay_noise,,,,
eth_flow_0xa9ad93615b42__r7fam16__inst00__synth_split_src,bnb_flow_0xa00a5fd29196__synth_split_a,111.09409829236118,15.870585470337312,987,one_to_many,0.95,supervised_flow_pair,ETH,BNB,Poly,0xaf9f549774ecedbd0966c52f250acc548d3f36e5,0x69a1913d334b524ea1632461c78797c837ca9fa6,RFuel,semi_synthetic_split,1,15.870585470337312,15.870585470337312,
eth_flow_0xa9ad93615b42__r7fam16__inst00__synth_split_src,bnb_flow_0xa00a5fd29196__synth_split_b,111.09409829236118,15.870585470337312,987,one_to_many,0.95,supervised_flow_pair,ETH,BNB,Poly,0xaf9f549774ecedbd0966c52f250acc548d3f36e5,0x69a1913d334b524ea1632461c78797c837ca9fa6,RFuel,semi_synthetic_split,1,15.870585470337312,15.870585470337312,
eth_flow_0xa9ad93615b42__r7fam16__inst00__synth_split_src,bnb_flow_0xa00a5fd29196__synth_split_c,111.09409829236118,15.870585470337312,987,one_to_many,0.95,supervised_flow_pair,ETH,BNB,Poly,0xaf9f549774ecedbd0966c52f250acc548d3f36e5,0x69a1913d334b524ea1632461c78797c837ca9fa6,RFuel,semi_synthetic_split,1,15.870585470337312,15.870585470337312,
eth_flow_0xa9ad93615b42__r7fam16__inst00__synth_split_src,bnb_flow_0xa00a5fd29196__synth_split_d,111.09409829236118,15.870585470337312,987,one_to_many,0.95,supervised_flow_pair,ETH,BNB,Poly,0xaf9f549774ecedbd0966c52f250acc548d3f36e5,0x69a1913d334b524ea1632461c78797c837ca9fa6,RFuel,semi_synthetic_split,1,15.870585470337312,15.870585470337312,
eth_flow_0xa9ad93615b42__r7fam16__inst00__synth_split_src,bnb_flow_0xa00a5fd29196__synth_split_e,111.09409829236118,15.870585470337312,987,one_to_many,0.95,supervised_flow_pair,ETH,BNB,Poly,0xaf9f549774ecedbd0966c52f250acc548d3f36e5,0x69a1913d334b524ea1632461c78797c837ca9fa6,RFuel,semi_synthetic_split,1,15.870585470337312,15.870585470337312,
eth_flow_0xa9ad93615b42__r7fam16__inst00__synth_split_src,bnb_flow_0xa00a5fd29196__synth_split_f,111.09409829236118,15.870585470337312,987,one_to_many,0.95,supervised_flow_pair,ETH,BNB,Poly,0xaf9f549774ecedbd0966c52f250acc548d3f36e5,0x69a1913d334b524ea1632461c78797c837ca9fa6,RFuel,semi_synthetic_split,1,15.870585470337312,15.870585470337312,
eth_flow_0xa9ad93615b42__r7fam16__inst00__synth_split_src,bnb_flow_0xa00a5fd29196__synth_split_g,111.09409829236118,15.870585470337312,987,one_to_many,0.95,supervised_flow_pair,ETH,BNB,Poly,0xaf9f549774ecedbd0966c52f250acc548d3f36e5,0x69a1913d334b524ea1632461c78797c837ca9fa6,RFuel,semi_synthetic_split,1,15.870585470337312,15.870585470337312,
eth_flow_0xa9ad93615b42__r7fam16__inst00__synth_merge_src1,bnb_flow_0xa00a5fd29196__synth_merge_dst,55.54704914618059,111.09409829236118,987,many_to_one,1.0,supervised_flow_pair,ETH,BNB,Poly,0xaf9f549774ecedbd0966c52f250acc548d3f36e5,0x69a1913d334b524ea1632461c78797c837ca9fa6,RFuel,semi_synthetic_merge,,55.54704914618059,55.54704914618059,
eth_flow_0xa9ad93615b42__r7fam16__inst00__synth_merge_src2,bnb_flow_0xa00a5fd29196__synth_merge_dst,55.54704914618059,111.09409829236118,987,many_to_one,1.0,supervised_flow_pair,ETH,BNB,Poly,0xaf9f549774ecedbd0966c52f250acc548d3f36e5,0x69a1913d334b524ea1632461c78797c837ca9fa6,RFuel,semi_synthetic_merge,,55.54704914618059,55.54704914618059,
eth_flow_0xa9ad93615b42__r7fam16__inst00__synth_unmatched_src,bnb_flow_0xa00a5fd29196__synth_hidden_dst,111.09409829236118,0,987,one_to_one,0.2,supervised_flow_pair,ETH,BNB,Poly,0xaf9f549774ecedbd0966c52f250acc548d3f36e5,0x69a1913d334b524ea1632461c78797c837ca9fa6,RFuel,semi_synthetic_unmatched,,,0,0
eth_flow_0xa9ad93615b42__r7fam16__inst00__synth_noise_src_0,bnb_flow_0xa00a5fd29196__synth_noise_dst_0,111.09409829236118,111.09409829236118,1047,one_to_one,0.2476,supervised_flow_pair,ETH,BNB,Poly,0xaf9f549774ecedbd0966c52f250acc548d3f36e5,0x69a1913d334b524ea1632461c78797c837ca9fa6,RFuel,semi_synthetic_delay_noise,,,,
eth_flow_0xa9ad93615b42__r7fam16__inst00__synth_noise_src_1,bnb_flow_0xa00a5fd29196__synth_noise_dst_1,111.09409829236118,111.09409829236118,1107,one_to_one,0.2419,supervised_flow_pair,ETH,BNB,Poly,0xaf9f549774ecedbd0966c52f250acc548d3f36e5,0x69a1913d334b524ea1632461c78797c837ca9fa6,RFuel,semi_synthetic_delay_noise,,,,
eth_flow_0xbd75a3aff022__r7fam16__inst01__synth_split_src,bnb_flow_0x566d40a4b955__synth_split_a,236.3778395123825,47.2755679024765,987,one_to_many,0.95,supervised_flow_pair,ETH,BNB,Poly,0x9e32b13ce7f2e80a01932b42553652e053d6ed8e,0xe552fb52a4f19e44ef5a967632dbc320b0820639,Metis,semi_synthetic_split,1,47.2755679024765,47.2755679024765,
eth_flow_0xbd75a3aff022__r7fam16__inst01__synth_split_src,bnb_flow_0x566d40a4b955__synth_split_b,236.3778395123825,47.2755679024765,987,one_to_many,0.95,supervised_flow_pair,ETH,BNB,Poly,0x9e32b13ce7f2e80a01932b42553652e053d6ed8e,0xe552fb52a4f19e44ef5a967632dbc320b0820639,Metis,semi_synthetic_split,1,47.2755679024765,47.2755679024765,
eth_flow_0xbd75a3aff022__r7fam16__inst01__synth_split_src,bnb_flow_0x566d40a4b955__synth_split_c,236.3778395123825,47.2755679024765,987,one_to_many,0.95,supervised_flow_pair,ETH,BNB,Poly,0x9e32b13ce7f2e80a01932b42553652e053d6ed8e,0xe552fb52a4f19e44ef5a967632dbc320b0820639,Metis,semi_synthetic_split,1,47.2755679024765,47.2755679024765,
eth_flow_0xbd75a3aff022__r7fam16__inst01__synth_split_src,bnb_flow_0x566d40a4b955__synth_split_d,236.3778395123825,47.2755679024765,987,one_to_many,0.95,supervised_flow_pair,ETH,BNB,Poly,0x9e32b13ce7f2e80a01932b42553652e053d6ed8e,0xe552fb52a4f19e44ef5a967632dbc320b0820639,Metis,semi_synthetic_split,1,47.2755679024765,47.2755679024765,
eth_flow_0xbd75a3aff022__r7fam16__inst01__synth_split_src,bnb_flow_0x566d40a4b955__synth_split_e,236.3778395123825,47.2755679024765,987,one_to_many,0.95,supervised_flow_pair,ETH,BNB,Poly,0x9e32b13ce7f2e80a01932b42553652e053d6ed8e,0xe552fb52a4f19e44ef5a967632dbc320b0820639,Metis,semi_synthetic_split,1,47.2755679024765,47.2755679024765,
eth_flow_0xbd75a3aff022__r7fam16__inst01__synth_merge_src1,bnb_flow_0x566d40a4b955__synth_merge_dst,118.18891975619125,236.3778395123825,987,many_to_one,1.0,supervised_flow_pair,ETH,BNB,Poly,0x9e32b13ce7f2e80a01932b42553652e053d6ed8e,0xe552fb52a4f19e44ef5a967632dbc320b0820639,Metis,semi_synthetic_merge,,118.18891975619125,118.18891975619125,
eth_flow_0xbd75a3aff022__r7fam16__inst01__synth_merge_src2,bnb_flow_0x566d40a4b955__synth_merge_dst,118.18891975619125,236.3778395123825,987,many_to_one,1.0,supervised_flow_pair,ETH,BNB,Poly,0x9e32b13ce7f2e80a01932b42553652e053d6ed8e,0xe552fb52a4f19e44ef5a967632dbc320b0820639,Metis,semi_synthetic_merge,,118.18891975619125,118.18891975619125,
eth_flow_0xbd75a3aff022__r7fam16__inst01__synth_unmatched_src,bnb_flow_0x566d40a4b955__synth_hidden_dst,236.37783951238254,0,987,one_to_one,0.2,supervised_flow_pair,ETH,BNB,Poly,0x9e32b13ce7f2e80a01932b42553652e053d6ed8e,0xe552fb52a4f19e44ef5a967632dbc320b0820639,Metis,semi_synthetic_unmatched,,,0,0
eth_flow_0xbd75a3aff022__r7fam16__inst01__synth_noise_src_0,bnb_flow_0x566d40a4b955__synth_noise_dst_0,236.37783951238254,236.37783951238254,1047,one_to_one,0.2222,supervised_flow_pair,ETH,BNB,Poly,0x9e32b13ce7f2e80a01932b42553652e053d6ed8e,0xe552fb52a4f19e44ef5a967632dbc320b0820639,Metis,semi_synthetic_delay_noise,,,,
eth_flow_0xbd75a3aff022__r7fam16__inst01__synth_noise_src_1,bnb_flow_0x566d40a4b955__synth_noise_dst_1,236.37783951238254,236.37783951238254,1107,one_to_one,0.2535,supervised_flow_pair,ETH,BNB,Poly,0x9e32b13ce7f2e80a01932b42553652e053d6ed8e,0xe552fb52a4f19e44ef5a967632dbc320b0820639,Metis,semi_synthetic_delay_noise,,,,
eth_flow_0x97c7fd25f933__r7fam17__inst00__synth_split_src,bnb_flow_0x2f53c708c541__synth_split_a,92.95711704683644,30.985705682278816,1064,one_to_many,0.95,supervised_flow_pair,ETH,BNB,Poly,0xaf9f549774ecedbd0966c52f250acc548d3f36e5,0x69a1913d334b524ea1632461c78797c837ca9fa6,RFuel,semi_synthetic_split,1,30.985705682278816,30.985705682278816,
eth_flow_0x97c7fd25f933__r7fam17__inst00__synth_split_src,bnb_flow_0x2f53c708c541__synth_split_b,92.95711704683644,30.985705682278816,1064,one_to_many,0.95,supervised_flow_pair,ETH,BNB,Poly,0xaf9f549774ecedbd0966c52f250acc548d3f36e5,0x69a1913d334b524ea1632461c78797c837ca9fa6,RFuel,semi_synthetic_split,1,30.985705682278816,30.985705682278816,
eth_flow_0x97c7fd25f933__r7fam17__inst00__synth_split_src,bnb_flow_0x2f53c708c541__synth_split_c,92.95711704683644,30.985705682278816,1064,one_to_many,0.95,supervised_flow_pair,ETH,BNB,Poly,0xaf9f549774ecedbd0966c52f250acc548d3f36e5,0x69a1913d334b524ea1632461c78797c837ca9fa6,RFuel,semi_synthetic_split,1,30.985705682278816,30.985705682278816,
eth_flow_0x97c7fd25f933__r7fam17__inst00__synth_merge_src1,bnb_flow_0x2f53c708c541__synth_merge_dst,46.47855852341822,92.95711704683644,1064,many_to_one,1.0,supervised_flow_pair,ETH,BNB,Poly,0xaf9f549774ecedbd0966c52f250acc548d3f36e5,0x69a1913d334b524ea1632461c78797c837ca9fa6,RFuel,semi_synthetic_merge,,46.47855852341822,46.47855852341822,
eth_flow_0x97c7fd25f933__r7fam17__inst00__synth_merge_src2,bnb_flow_0x2f53c708c541__synth_merge_dst,46.47855852341822,92.95711704683644,1064,many_to_one,1.0,supervised_flow_pair,ETH,BNB,Poly,0xaf9f549774ecedbd0966c52f250acc548d3f36e5,0x69a1913d334b524ea1632461c78797c837ca9fa6,RFuel,semi_synthetic_merge,,46.47855852341822,46.47855852341822,
eth_flow_0x97c7fd25f933__r7fam17__inst00__synth_unmatched_src,bnb_flow_0x2f53c708c541__synth_hidden_dst,92.95711704683644,0,1064,one_to_one,0.2,supervised_flow_pair,ETH,BNB,Poly,0xaf9f549774ecedbd0966c52f250acc548d3f36e5,0x69a1913d334b524ea1632461c78797c837ca9fa6,RFuel,semi_synthetic_unmatched,,,0,0
eth_flow_0x97c7fd25f933__r7fam17__inst00__synth_noise_src_0,bnb_flow_0x2f53c708c541__synth_noise_dst_0,92.95711704683644,92.95711704683644,1124,one_to_one,0.2486,supervised_flow_pair,ETH,BNB,Poly,0xaf9f549774ecedbd0966c52f250acc548d3f36e5,0x69a1913d334b524ea1632461c78797c837ca9fa6,RFuel,semi_synthetic_delay_noise,,,,
eth_flow_0x97c7fd25f933__r7fam17__inst00__synth_noise_src_1,bnb_flow_0x2f53c708c541__synth_noise_dst_1,92.95711704683644,92.95711704683644,1184,one_to_one,0.2376,supervised_flow_pair,ETH,BNB,Poly,0xaf9f549774ecedbd0966c52f250acc548d3f36e5,0x69a1913d334b524ea1632461c78797c837ca9fa6,RFuel,semi_synthetic_delay_noise,,,,
eth_flow_0x2c5ece6b5f47__r7fam17__inst01__synth_split_src,bnb_flow_0xb4a704186fcd__synth_split_a,92.54565019237226,30.848550064124087,1104,one_to_many,0.95,supervised_flow_pair,ETH,BNB,Poly,0x4abb9cc67bd3da9eb966d1159a71a0e68bd15432,0x4e1b16ef22935a575a6811d4616f98c4077e4408,KEL,semi_synthetic_split,1,30.848550064124087,30.848550064124087,
eth_flow_0x2c5ece6b5f47__r7fam17__inst01__synth_split_src,bnb_flow_0xb4a704186fcd__synth_split_b,92.54565019237226,30.848550064124087,1104,one_to_many,0.95,supervised_flow_pair,ETH,BNB,Poly,0x4abb9cc67bd3da9eb966d1159a71a0e68bd15432,0x4e1b16ef22935a575a6811d4616f98c4077e4408,KEL,semi_synthetic_split,1,30.848550064124087,30.848550064124087,
eth_flow_0x2c5ece6b5f47__r7fam17__inst01__synth_split_src,bnb_flow_0xb4a704186fcd__synth_split_c,92.54565019237226,30.848550064124087,1104,one_to_many,0.95,supervised_flow_pair,ETH,BNB,Poly,0x4abb9cc67bd3da9eb966d1159a71a0e68bd15432,0x4e1b16ef22935a575a6811d4616f98c4077e4408,KEL,semi_synthetic_split,1,30.848550064124087,30.848550064124087,
eth_flow_0x2c5ece6b5f47__r7fam17__inst01__synth_merge_src1,bnb_flow_0xb4a704186fcd__synth_merge_dst,46.27282509618613,92.54565019237226,1104,many_to_one,1.0,supervised_flow_pair,ETH,BNB,Poly,0x4abb9cc67bd3da9eb966d1159a71a0e68bd15432,0x4e1b16ef22935a575a6811d4616f98c4077e4408,KEL,semi_synthetic_merge,,46.27282509618613,46.27282509618613,
eth_flow_0x2c5ece6b5f47__r7fam17__inst01__synth_merge_src2,bnb_flow_0xb4a704186fcd__synth_merge_dst,46.27282509618613,92.54565019237226,1104,many_to_one,1.0,supervised_flow_pair,ETH,BNB,Poly,0x4abb9cc67bd3da9eb966d1159a71a0e68bd15432,0x4e1b16ef22935a575a6811d4616f98c4077e4408,KEL,semi_synthetic_merge,,46.27282509618613,46.27282509618613,
eth_flow_0x2c5ece6b5f47__r7fam17__inst01__synth_unmatched_src,bnb_flow_0xb4a704186fcd__synth_hidden_dst,92.54565019237226,0,1104,one_to_one,0.2,supervised_flow_pair,ETH,BNB,Poly,0x4abb9cc67bd3da9eb966d1159a71a0e68bd15432,0x4e1b16ef22935a575a6811d4616f98c4077e4408,KEL,semi_synthetic_unmatched,,,0,0
eth_flow_0x2c5ece6b5f47__r7fam17__inst01__synth_noise_src_0,bnb_flow_0xb4a704186fcd__synth_noise_dst_0,92.54565019237226,92.54565019237226,1164,one_to_one,0.2447,supervised_flow_pair,ETH,BNB,Poly,0x4abb9cc67bd3da9eb966d1159a71a0e68bd15432,0x4e1b16ef22935a575a6811d4616f98c4077e4408,KEL,semi_synthetic_delay_noise,,,,
eth_flow_0x2c5ece6b5f47__r7fam17__inst01__synth_noise_src_1,bnb_flow_0xb4a704186fcd__synth_noise_dst_1,92.54565019237226,92.54565019237226,1224,one_to_one,0.241,supervised_flow_pair,ETH,BNB,Poly,0x4abb9cc67bd3da9eb966d1159a71a0e68bd15432,0x4e1b16ef22935a575a6811d4616f98c4077e4408,KEL,semi_synthetic_delay_noise,,,,
eth_flow_0xb6caeb973ef2__r7fam18__inst00__synth_split_src,bnb_flow_0x3ba1471f90e0__synth_split_a,377.06154045330914,188.53077022665457,178,one_to_many,0.95,supervised_flow_pair,ETH,BNB,Poly,0x9e32b13ce7f2e80a01932b42553652e053d6ed8e,0xe552fb52a4f19e44ef5a967632dbc320b0820639,Metis,semi_synthetic_split,1,188.53077022665457,188.53077022665457,
eth_flow_0xb6caeb973ef2__r7fam18__inst00__synth_split_src,bnb_flow_0x3ba1471f90e0__synth_split_b,377.06154045330914,188.53077022665457,178,one_to_many,0.95,supervised_flow_pair,ETH,BNB,Poly,0x9e32b13ce7f2e80a01932b42553652e053d6ed8e,0xe552fb52a4f19e44ef5a967632dbc320b0820639,Metis,semi_synthetic_split,1,188.53077022665457,188.53077022665457,
eth_flow_0xb6caeb973ef2__r7fam18__inst00__synth_merge_src1,bnb_flow_0x3ba1471f90e0__synth_merge_dst,188.53077022665457,377.06154045330914,178,many_to_one,1.0,supervised_flow_pair,ETH,BNB,Poly,0x9e32b13ce7f2e80a01932b42553652e053d6ed8e,0xe552fb52a4f19e44ef5a967632dbc320b0820639,Metis,semi_synthetic_merge,,188.53077022665457,188.53077022665457,
eth_flow_0xb6caeb973ef2__r7fam18__inst00__synth_merge_src2,bnb_flow_0x3ba1471f90e0__synth_merge_dst,188.53077022665457,377.06154045330914,178,many_to_one,1.0,supervised_flow_pair,ETH,BNB,Poly,0x9e32b13ce7f2e80a01932b42553652e053d6ed8e,0xe552fb52a4f19e44ef5a967632dbc320b0820639,Metis,semi_synthetic_merge,,188.53077022665457,188.53077022665457,
eth_flow_0xb6caeb973ef2__r7fam18__inst00__synth_unmatched_src,bnb_flow_0x3ba1471f90e0__synth_hidden_dst,377.06154045330914,0,178,one_to_one,0.2,supervised_flow_pair,ETH,BNB,Poly,0x9e32b13ce7f2e80a01932b42553652e053d6ed8e,0xe552fb52a4f19e44ef5a967632dbc320b0820639,Metis,semi_synthetic_unmatched,,,0,0
eth_flow_0xb6caeb973ef2__r7fam18__inst00__synth_noise_src_0,bnb_flow_0x3ba1471f90e0__synth_noise_dst_0,377.06154045330914,377.06154045330914,238,one_to_one,0.2249,supervised_flow_pair,ETH,BNB,Poly,0x9e32b13ce7f2e80a01932b42553652e053d6ed8e,0xe552fb52a4f19e44ef5a967632dbc320b0820639,Metis,semi_synthetic_delay_noise,,,,
eth_flow_0xb6caeb973ef2__r7fam18__inst00__synth_noise_src_1,bnb_flow_0x3ba1471f90e0__synth_noise_dst_1,377.06154045330914,377.06154045330914,298,one_to_one,0.2334,supervised_flow_pair,ETH,BNB,Poly,0x9e32b13ce7f2e80a01932b42553652e053d6ed8e,0xe552fb52a4f19e44ef5a967632dbc320b0820639,Metis,semi_synthetic_delay_noise,,,,
eth_flow_0x02f30c7d8428__r7fam18__inst01__synth_split_src,bnb_flow_0x3e406bff3e8a__synth_split_a,8157.973614307856,2039.493403576964,123,one_to_many,0.95,supervised_flow_pair,ETH,BNB,Poly,0x9e32b13ce7f2e80a01932b42553652e053d6ed8e,0xe552fb52a4f19e44ef5a967632dbc320b0820639,Metis,semi_synthetic_split,1,2039.493403576964,2039.493403576964,
eth_flow_0x02f30c7d8428__r7fam18__inst01__synth_split_src,bnb_flow_0x3e406bff3e8a__synth_split_b,8157.973614307856,2039.493403576964,123,one_to_many,0.95,supervised_flow_pair,ETH,BNB,Poly,0x9e32b13ce7f2e80a01932b42553652e053d6ed8e,0xe552fb52a4f19e44ef5a967632dbc320b0820639,Metis,semi_synthetic_split,1,2039.493403576964,2039.493403576964,
eth_flow_0x02f30c7d8428__r7fam18__inst01__synth_split_src,bnb_flow_0x3e406bff3e8a__synth_split_c,8157.973614307856,2039.493403576964,123,one_to_many,0.95,supervised_flow_pair,ETH,BNB,Poly,0x9e32b13ce7f2e80a01932b42553652e053d6ed8e,0xe552fb52a4f19e44ef5a967632dbc320b0820639,Metis,semi_synthetic_split,1,2039.493403576964,2039.493403576964,
eth_flow_0x02f30c7d8428__r7fam18__inst01__synth_split_src,bnb_flow_0x3e406bff3e8a__synth_split_d,8157.973614307856,2039.493403576964,123,one_to_many,0.95,supervised_flow_pair,ETH,BNB,Poly,0x9e32b13ce7f2e80a01932b42553652e053d6ed8e,0xe552fb52a4f19e44ef5a967632dbc320b0820639,Metis,semi_synthetic_split,1,2039.493403576964,2039.493403576964,
eth_flow_0x02f30c7d8428__r7fam18__inst01__synth_merge_src1,bnb_flow_0x3e406bff3e8a__synth_merge_dst,4078.986807153928,8157.973614307856,123,many_to_one,1.0,supervised_flow_pair,ETH,BNB,Poly,0x9e32b13ce7f2e80a01932b42553652e053d6ed8e,0xe552fb52a4f19e44ef5a967632dbc320b0820639,Metis,semi_synthetic_merge,,4078.986807153928,4078.986807153928,
eth_flow_0x02f30c7d8428__r7fam18__inst01__synth_merge_src2,bnb_flow_0x3e406bff3e8a__synth_merge_dst,4078.986807153928,8157.973614307856,123,many_to_one,1.0,supervised_flow_pair,ETH,BNB,Poly,0x9e32b13ce7f2e80a01932b42553652e053d6ed8e,0xe552fb52a4f19e44ef5a967632dbc320b0820639,Metis,semi_synthetic_merge,,4078.986807153928,4078.986807153928,
eth_flow_0x02f30c7d8428__r7fam18__inst01__synth_unmatched_src,bnb_flow_0x3e406bff3e8a__synth_hidden_dst,8157.973614307856,0,123,one_to_one,0.2,supervised_flow_pair,ETH,BNB,Poly,0x9e32b13ce7f2e80a01932b42553652e053d6ed8e,0xe552fb52a4f19e44ef5a967632dbc320b0820639,Metis,semi_synthetic_unmatched,,,0,0
eth_flow_0x02f30c7d8428__r7fam18__inst01__synth_noise_src_0,bnb_flow_0x3e406bff3e8a__synth_noise_dst_0,8157.973614307856,8157.973614307856,183,one_to_one,0.2254,supervised_flow_pair,ETH,BNB,Poly,0x9e32b13ce7f2e80a01932b42553652e053d6ed8e,0xe552fb52a4f19e44ef5a967632dbc320b0820639,Metis,semi_synthetic_delay_noise,,,,
eth_flow_0x02f30c7d8428__r7fam18__inst01__synth_noise_src_1,bnb_flow_0x3e406bff3e8a__synth_noise_dst_1,8157.973614307856,8157.973614307856,243,one_to_one,0.2281,supervised_flow_pair,ETH,BNB,Poly,0x9e32b13ce7f2e80a01932b42553652e053d6ed8e,0xe552fb52a4f19e44ef5a967632dbc320b0820639,Metis,semi_synthetic_delay_noise,,,,
eth_flow_0x6e55d15b6db3__r7fam19__inst00__synth_split_src,bnb_flow_0xd142fe70eb2b__synth_split_a,2719.3245381026186,906.4415127008729,205,one_to_many,0.95,supervised_flow_pair,ETH,BNB,Poly,0x9e32b13ce7f2e80a01932b42553652e053d6ed8e,0xe552fb52a4f19e44ef5a967632dbc320b0820639,Metis,semi_synthetic_split,1,906.4415127008729,906.4415127008729,
eth_flow_0x6e55d15b6db3__r7fam19__inst00__synth_split_src,bnb_flow_0xd142fe70eb2b__synth_split_b,2719.3245381026186,906.4415127008729,205,one_to_many,0.95,supervised_flow_pair,ETH,BNB,Poly,0x9e32b13ce7f2e80a01932b42553652e053d6ed8e,0xe552fb52a4f19e44ef5a967632dbc320b0820639,Metis,semi_synthetic_split,1,906.4415127008729,906.4415127008729,
eth_flow_0x6e55d15b6db3__r7fam19__inst00__synth_split_src,bnb_flow_0xd142fe70eb2b__synth_split_c,2719.3245381026186,906.4415127008729,205,one_to_many,0.95,supervised_flow_pair,ETH,BNB,Poly,0x9e32b13ce7f2e80a01932b42553652e053d6ed8e,0xe552fb52a4f19e44ef5a967632dbc320b0820639,Metis,semi_synthetic_split,1,906.4415127008729,906.4415127008729,
eth_flow_0x6e55d15b6db3__r7fam19__inst00__synth_merge_src1,bnb_flow_0xd142fe70eb2b__synth_merge_dst,1359.6622690513093,2719.3245381026186,205,many_to_one,1.0,supervised_flow_pair,ETH,BNB,Poly,0x9e32b13ce7f2e80a01932b42553652e053d6ed8e,0xe552fb52a4f19e44ef5a967632dbc320b0820639,Metis,semi_synthetic_merge,,1359.6622690513093,1359.6622690513093,
eth_flow_0x6e55d15b6db3__r7fam19__inst00__synth_merge_src2,bnb_flow_0xd142fe70eb2b__synth_merge_dst,1359.6622690513093,2719.3245381026186,205,many_to_one,1.0,supervised_flow_pair,ETH,BNB,Poly,0x9e32b13ce7f2e80a01932b42553652e053d6ed8e,0xe552fb52a4f19e44ef5a967632dbc320b0820639,Metis,semi_synthetic_merge,,1359.6622690513093,1359.6622690513093,
eth_flow_0x6e55d15b6db3__r7fam19__inst00__synth_unmatched_src,bnb_flow_0xd142fe70eb2b__synth_hidden_dst,2719.3245381026186,0,205,one_to_one,0.2,supervised_flow_pair,ETH,BNB,Poly,0x9e32b13ce7f2e80a01932b42553652e053d6ed8e,0xe552fb52a4f19e44ef5a967632dbc320b0820639,Metis,semi_synthetic_unmatched,,,0,0
eth_flow_0x6e55d15b6db3__r7fam19__inst00__synth_noise_src_0,bnb_flow_0xd142fe70eb2b__synth_noise_dst_0,2719.3245381026186,2719.3245381026186,265,one_to_one,0.224,supervised_flow_pair,ETH,BNB,Poly,0x9e32b13ce7f2e80a01932b42553652e053d6ed8e,0xe552fb52a4f19e44ef5a967632dbc320b0820639,Metis,semi_synthetic_delay_noise,,,,
eth_flow_0x6e55d15b6db3__r7fam19__inst00__synth_noise_src_1,bnb_flow_0xd142fe70eb2b__synth_noise_dst_1,2719.3245381026186,2719.3245381026186,325,one_to_one,0.237,supervised_flow_pair,ETH,BNB,Poly,0x9e32b13ce7f2e80a01932b42553652e053d6ed8e,0xe552fb52a4f19e44ef5a967632dbc320b0820639,Metis,semi_synthetic_delay_noise,,,,
eth_flow_0xd73df2f36dd7__r7fam19__inst01__synth_split_src,bnb_flow_0xf5cebac69edd__synth_split_a,403.0425109552492,67.17375182587487,224,one_to_many,0.95,supervised_flow_pair,ETH,BNB,Poly,0x9e32b13ce7f2e80a01932b42553652e053d6ed8e,0xe552fb52a4f19e44ef5a967632dbc320b0820639,Metis,semi_synthetic_split,1,67.17375182587487,67.17375182587487,
eth_flow_0xd73df2f36dd7__r7fam19__inst01__synth_split_src,bnb_flow_0xf5cebac69edd__synth_split_b,403.0425109552492,67.17375182587487,224,one_to_many,0.95,supervised_flow_pair,ETH,BNB,Poly,0x9e32b13ce7f2e80a01932b42553652e053d6ed8e,0xe552fb52a4f19e44ef5a967632dbc320b0820639,Metis,semi_synthetic_split,1,67.17375182587487,67.17375182587487,
eth_flow_0xd73df2f36dd7__r7fam19__inst01__synth_split_src,bnb_flow_0xf5cebac69edd__synth_split_c,403.0425109552492,67.17375182587487,224,one_to_many,0.95,supervised_flow_pair,ETH,BNB,Poly,0x9e32b13ce7f2e80a01932b42553652e053d6ed8e,0xe552fb52a4f19e44ef5a967632dbc320b0820639,Metis,semi_synthetic_split,1,67.17375182587487,67.17375182587487,
eth_flow_0xd73df2f36dd7__r7fam19__inst01__synth_split_src,bnb_flow_0xf5cebac69edd__synth_split_d,403.0425109552492,67.17375182587487,224,one_to_many,0.95,supervised_flow_pair,ETH,BNB,Poly,0x9e32b13ce7f2e80a01932b42553652e053d6ed8e,0xe552fb52a4f19e44ef5a967632dbc320b0820639,Metis,semi_synthetic_split,1,67.17375182587487,67.17375182587487,
eth_flow_0xd73df2f36dd7__r7fam19__inst01__synth_split_src,bnb_flow_0xf5cebac69edd__synth_split_e,403.0425109552492,67.17375182587487,224,one_to_many,0.95,supervised_flow_pair,ETH,BNB,Poly,0x9e32b13ce7f2e80a01932b42553652e053d6ed8e,0xe552fb52a4f19e44ef5a967632dbc320b0820639,Metis,semi_synthetic_split,1,67.17375182587487,67.17375182587487,
eth_flow_0xd73df2f36dd7__r7fam19__inst01__synth_split_src,bnb_flow_0xf5cebac69edd__synth_split_f,403.0425109552492,67.17375182587487,224,one_to_many,0.95,supervised_flow_pair,ETH,BNB,Poly,0x9e32b13ce7f2e80a01932b42553652e053d6ed8e,0xe552fb52a4f19e44ef5a967632dbc320b0820639,Metis,semi_synthetic_split,1,67.17375182587487,67.17375182587487,
eth_flow_0xd73df2f36dd7__r7fam19__inst01__synth_merge_src1,bnb_flow_0xf5cebac69edd__synth_merge_dst,201.5212554776246,403.0425109552492,224,many_to_one,1.0,supervised_flow_pair,ETH,BNB,Poly,0x9e32b13ce7f2e80a01932b42553652e053d6ed8e,0xe552fb52a4f19e44ef5a967632dbc320b0820639,Metis,semi_synthetic_merge,,201.5212554776246,201.5212554776246,
eth_flow_0xd73df2f36dd7__r7fam19__inst01__synth_merge_src2,bnb_flow_0xf5cebac69edd__synth_merge_dst,201.5212554776246,403.0425109552492,224,many_to_one,1.0,supervised_flow_pair,ETH,BNB,Poly,0x9e32b13ce7f2e80a01932b42553652e053d6ed8e,0xe552fb52a4f19e44ef5a967632dbc320b0820639,Metis,semi_synthetic_merge,,201.5212554776246,201.5212554776246,
eth_flow_0xd73df2f36dd7__r7fam19__inst01__synth_unmatched_src,bnb_flow_0xf5cebac69edd__synth_hidden_dst,403.04251095524916,0,224,one_to_one,0.2,supervised_flow_pair,ETH,BNB,Poly,0x9e32b13ce7f2e80a01932b42553652e053d6ed8e,0xe552fb52a4f19e44ef5a967632dbc320b0820639,Metis,semi_synthetic_unmatched,,,0,0
eth_flow_0xd73df2f36dd7__r7fam19__inst01__synth_noise_src_0,bnb_flow_0xf5cebac69edd__synth_noise_dst_0,403.04251095524916,403.04251095524916,284,one_to_one,0.233,supervised_flow_pair,ETH,BNB,Poly,0x9e32b13ce7f2e80a01932b42553652e053d6ed8e,0xe552fb52a4f19e44ef5a967632dbc320b0820639,Metis,semi_synthetic_delay_noise,,,,
eth_flow_0xd73df2f36dd7__r7fam19__inst01__synth_noise_src_1,bnb_flow_0xf5cebac69edd__synth_noise_dst_1,403.04251095524916,403.04251095524916,344,one_to_one,0.2392,supervised_flow_pair,ETH,BNB,Poly,0x9e32b13ce7f2e80a01932b42553652e053d6ed8e,0xe552fb52a4f19e44ef5a967632dbc320b0820639,Metis,semi_synthetic_delay_noise,,,,
eth_flow_0x23a747465b88__r7fam20__inst00__synth_split_src,bnb_flow_0x50d3218a07a0__synth_split_a,815.7973614307856,407.8986807153928,255,one_to_many,0.95,supervised_flow_pair,ETH,BNB,Poly,0x9e32b13ce7f2e80a01932b42553652e053d6ed8e,0xe552fb52a4f19e44ef5a967632dbc320b0820639,Metis,semi_synthetic_split,1,407.8986807153928,407.8986807153928,
eth_flow_0x23a747465b88__r7fam20__inst00__synth_split_src,bnb_flow_0x50d3218a07a0__synth_split_b,815.7973614307856,407.8986807153928,255,one_to_many,0.95,supervised_flow_pair,ETH,BNB,Poly,0x9e32b13ce7f2e80a01932b42553652e053d6ed8e,0xe552fb52a4f19e44ef5a967632dbc320b0820639,Metis,semi_synthetic_split,1,407.8986807153928,407.8986807153928,
eth_flow_0x23a747465b88__r7fam20__inst00__synth_merge_src1,bnb_flow_0x50d3218a07a0__synth_merge_dst,407.8986807153928,815.7973614307856,255,many_to_one,1.0,supervised_flow_pair,ETH,BNB,Poly,0x9e32b13ce7f2e80a01932b42553652e053d6ed8e,0xe552fb52a4f19e44ef5a967632dbc320b0820639,Metis,semi_synthetic_merge,,407.8986807153928,407.8986807153928,
eth_flow_0x23a747465b88__r7fam20__inst00__synth_merge_src2,bnb_flow_0x50d3218a07a0__synth_merge_dst,407.8986807153928,815.7973614307856,255,many_to_one,1.0,supervised_flow_pair,ETH,BNB,Poly,0x9e32b13ce7f2e80a01932b42553652e053d6ed8e,0xe552fb52a4f19e44ef5a967632dbc320b0820639,Metis,semi_synthetic_merge,,407.8986807153928,407.8986807153928,
eth_flow_0x23a747465b88__r7fam20__inst00__synth_unmatched_src,bnb_flow_0x50d3218a07a0__synth_hidden_dst,815.7973614307856,0,255,one_to_one,0.2,supervised_flow_pair,ETH,BNB,Poly,0x9e32b13ce7f2e80a01932b42553652e053d6ed8e,0xe552fb52a4f19e44ef5a967632dbc320b0820639,Metis,semi_synthetic_unmatched,,,0,0
eth_flow_0x23a747465b88__r7fam20__inst00__synth_noise_src_0,bnb_flow_0x50d3218a07a0__synth_noise_dst_0,815.7973614307856,815.7973614307856,315,one_to_one,0.243,supervised_flow_pair,ETH,BNB,Poly,0x9e32b13ce7f2e80a01932b42553652e053d6ed8e,0xe552fb52a4f19e44ef5a967632dbc320b0820639,Metis,semi_synthetic_delay_noise,,,,
eth_flow_0x23a747465b88__r7fam20__inst00__synth_noise_src_1,bnb_flow_0x50d3218a07a0__synth_noise_dst_1,815.7973614307856,815.7973614307856,375,one_to_one,0.2409,supervised_flow_pair,ETH,BNB,Poly,0x9e32b13ce7f2e80a01932b42553652e053d6ed8e,0xe552fb52a4f19e44ef5a967632dbc320b0820639,Metis,semi_synthetic_delay_noise,,,,
eth_flow_0xcf84e08788f2__r7fam20__inst01__synth_split_src,bnb_flow_0x43e6d335d089__synth_split_a,397.9407394475545,198.97036972377725,230,one_to_many,0.95,supervised_flow_pair,ETH,BNB,Poly,0x9e32b13ce7f2e80a01932b42553652e053d6ed8e,0xe552fb52a4f19e44ef5a967632dbc320b0820639,Metis,semi_synthetic_split,1,198.97036972377725,198.97036972377725,
eth_flow_0xcf84e08788f2__r7fam20__inst01__synth_split_src,bnb_flow_0x43e6d335d089__synth_split_b,397.9407394475545,198.97036972377725,230,one_to_many,0.95,supervised_flow_pair,ETH,BNB,Poly,0x9e32b13ce7f2e80a01932b42553652e053d6ed8e,0xe552fb52a4f19e44ef5a967632dbc320b0820639,Metis,semi_synthetic_split,1,198.97036972377725,198.97036972377725,
eth_flow_0xcf84e08788f2__r7fam20__inst01__synth_merge_src1,bnb_flow_0x43e6d335d089__synth_merge_dst,198.97036972377725,397.9407394475545,230,many_to_one,1.0,supervised_flow_pair,ETH,BNB,Poly,0x9e32b13ce7f2e80a01932b42553652e053d6ed8e,0xe552fb52a4f19e44ef5a967632dbc320b0820639,Metis,semi_synthetic_merge,,198.97036972377725,198.97036972377725,
eth_flow_0xcf84e08788f2__r7fam20__inst01__synth_merge_src2,bnb_flow_0x43e6d335d089__synth_merge_dst,198.97036972377725,397.9407394475545,230,many_to_one,1.0,supervised_flow_pair,ETH,BNB,Poly,0x9e32b13ce7f2e80a01932b42553652e053d6ed8e,0xe552fb52a4f19e44ef5a967632dbc320b0820639,Metis,semi_synthetic_merge,,198.97036972377725,198.97036972377725,
eth_flow_0xcf84e08788f2__r7fam20__inst01__synth_unmatched_src,bnb_flow_0x43e6d335d089__synth_hidden_dst,397.94073944755445,0,230,one_to_one,0.2,supervised_flow_pair,ETH,BNB,Poly,0x9e32b13ce7f2e80a01932b42553652e053d6ed8e,0xe552fb52a4f19e44ef5a967632dbc320b0820639,Metis,semi_synthetic_unmatched,,,0,0
eth_flow_0xcf84e08788f2__r7fam20__inst01__synth_noise_src_0,bnb_flow_0x43e6d335d089__synth_noise_dst_0,397.94073944755445,397.94073944755445,290,one_to_one,0.2478,supervised_flow_pair,ETH,BNB,Poly,0x9e32b13ce7f2e80a01932b42553652e053d6ed8e,0xe552fb52a4f19e44ef5a967632dbc320b0820639,Metis,semi_synthetic_delay_noise,,,,
eth_flow_0xcf84e08788f2__r7fam20__inst01__synth_noise_src_1,bnb_flow_0x43e6d335d089__synth_noise_dst_1,397.94073944755445,397.94073944755445,350,one_to_one,0.2396,supervised_flow_pair,ETH,BNB,Poly,0x9e32b13ce7f2e80a01932b42553652e053d6ed8e,0xe552fb52a4f19e44ef5a967632dbc320b0820639,Metis,semi_synthetic_delay_noise,,,,
eth_flow_0x261ba2b6f021__r7fam21__inst00__synth_split_src,bnb_flow_0x4781138b0a2e__synth_split_a,476.7255715507235,238.36278577536174,366,one_to_many,0.95,supervised_flow_pair,ETH,BNB,Poly,0x9e32b13ce7f2e80a01932b42553652e053d6ed8e,0xe552fb52a4f19e44ef5a967632dbc320b0820639,Metis,semi_synthetic_split,1,238.36278577536174,238.36278577536174,
eth_flow_0x261ba2b6f021__r7fam21__inst00__synth_split_src,bnb_flow_0x4781138b0a2e__synth_split_b,476.7255715507235,238.36278577536174,366,one_to_many,0.95,supervised_flow_pair,ETH,BNB,Poly,0x9e32b13ce7f2e80a01932b42553652e053d6ed8e,0xe552fb52a4f19e44ef5a967632dbc320b0820639,Metis,semi_synthetic_split,1,238.36278577536174,238.36278577536174,
eth_flow_0x261ba2b6f021__r7fam21__inst00__synth_merge_src1,bnb_flow_0x4781138b0a2e__synth_merge_dst,238.36278577536174,476.7255715507235,366,many_to_one,1.0,supervised_flow_pair,ETH,BNB,Poly,0x9e32b13ce7f2e80a01932b42553652e053d6ed8e,0xe552fb52a4f19e44ef5a967632dbc320b0820639,Metis,semi_synthetic_merge,,238.36278577536174,238.36278577536174,
eth_flow_0x261ba2b6f021__r7fam21__inst00__synth_merge_src2,bnb_flow_0x4781138b0a2e__synth_merge_dst,238.36278577536174,476.7255715507235,366,many_to_one,1.0,supervised_flow_pair,ETH,BNB,Poly,0x9e32b13ce7f2e80a01932b42553652e053d6ed8e,0xe552fb52a4f19e44ef5a967632dbc320b0820639,Metis,semi_synthetic_merge,,238.36278577536174,238.36278577536174,
eth_flow_0x261ba2b6f021__r7fam21__inst00__synth_unmatched_src,bnb_flow_0x4781138b0a2e__synth_hidden_dst,476.7255715507235,0,366,one_to_one,0.2,supervised_flow_pair,ETH,BNB,Poly,0x9e32b13ce7f2e80a01932b42553652e053d6ed8e,0xe552fb52a4f19e44ef5a967632dbc320b0820639,Metis,semi_synthetic_unmatched,,,0,0
eth_flow_0x261ba2b6f021__r7fam21__inst00__synth_noise_src_0,bnb_flow_0x4781138b0a2e__synth_noise_dst_0,476.7255715507235,476.7255715507235,426,one_to_one,0.2254,supervised_flow_pair,ETH,BNB,Poly,0x9e32b13ce7f2e80a01932b42553652e053d6ed8e,0xe552fb52a4f19e44ef5a967632dbc320b0820639,Metis,semi_synthetic_delay_noise,,,,
eth_flow_0x261ba2b6f021__r7fam21__inst00__synth_noise_src_1,bnb_flow_0x4781138b0a2e__synth_noise_dst_1,476.7255715507235,476.7255715507235,486,one_to_one,0.2224,supervised_flow_pair,ETH,BNB,Poly,0x9e32b13ce7f2e80a01932b42553652e053d6ed8e,0xe552fb52a4f19e44ef5a967632dbc320b0820639,Metis,semi_synthetic_delay_noise,,,,
eth_flow_0x68e45ebd4015__r7fam21__inst01__synth_split_src,bnb_flow_0xf4a9260f2470__synth_split_a,815.7973614307856,407.8986807153928,292,one_to_many,0.95,supervised_flow_pair,ETH,BNB,Poly,0x9e32b13ce7f2e80a01932b42553652e053d6ed8e,0xe552fb52a4f19e44ef5a967632dbc320b0820639,Metis,semi_synthetic_split,1,407.8986807153928,407.8986807153928,
eth_flow_0x68e45ebd4015__r7fam21__inst01__synth_split_src,bnb_flow_0xf4a9260f2470__synth_split_b,815.7973614307856,407.8986807153928,292,one_to_many,0.95,supervised_flow_pair,ETH,BNB,Poly,0x9e32b13ce7f2e80a01932b42553652e053d6ed8e,0xe552fb52a4f19e44ef5a967632dbc320b0820639,Metis,semi_synthetic_split,1,407.8986807153928,407.8986807153928,
eth_flow_0x68e45ebd4015__r7fam21__inst01__synth_merge_src1,bnb_flow_0xf4a9260f2470__synth_merge_dst,407.8986807153928,815.7973614307856,292,many_to_one,1.0,supervised_flow_pair,ETH,BNB,Poly,0x9e32b13ce7f2e80a01932b42553652e053d6ed8e,0xe552fb52a4f19e44ef5a967632dbc320b0820639,Metis,semi_synthetic_merge,,407.8986807153928,407.8986807153928,
eth_flow_0x68e45ebd4015__r7fam21__inst01__synth_merge_src2,bnb_flow_0xf4a9260f2470__synth_merge_dst,407.8986807153928,815.7973614307856,292,many_to_one,1.0,supervised_flow_pair,ETH,BNB,Poly,0x9e32b13ce7f2e80a01932b42553652e053d6ed8e,0xe552fb52a4f19e44ef5a967632dbc320b0820639,Metis,semi_synthetic_merge,,407.8986807153928,407.8986807153928,
eth_flow_0x68e45ebd4015__r7fam21__inst01__synth_unmatched_src,bnb_flow_0xf4a9260f2470__synth_hidden_dst,815.7973614307856,0,292,one_to_one,0.2,supervised_flow_pair,ETH,BNB,Poly,0x9e32b13ce7f2e80a01932b42553652e053d6ed8e,0xe552fb52a4f19e44ef5a967632dbc320b0820639,Metis,semi_synthetic_unmatched,,,0,0
eth_flow_0x68e45ebd4015__r7fam21__inst01__synth_noise_src_0,bnb_flow_0xf4a9260f2470__synth_noise_dst_0,815.7973614307856,815.7973614307856,352,one_to_one,0.2282,supervised_flow_pair,ETH,BNB,Poly,0x9e32b13ce7f2e80a01932b42553652e053d6ed8e,0xe552fb52a4f19e44ef5a967632dbc320b0820639,Metis,semi_synthetic_delay_noise,,,,
eth_flow_0x68e45ebd4015__r7fam21__inst01__synth_noise_src_1,bnb_flow_0xf4a9260f2470__synth_noise_dst_1,815.7973614307856,815.7973614307856,412,one_to_one,0.2453,supervised_flow_pair,ETH,BNB,Poly,0x9e32b13ce7f2e80a01932b42553652e053d6ed8e,0xe552fb52a4f19e44ef5a967632dbc320b0820639,Metis,semi_synthetic_delay_noise,,,,
eth_flow_0x8ba5290f0487__r7fam22__inst00__synth_split_src,bnb_flow_0x017802f71bdf__synth_split_a,481.01693944248615,120.25423486062154,1002,one_to_many,0.95,supervised_flow_pair,ETH,BNB,Poly,0x9e32b13ce7f2e80a01932b42553652e053d6ed8e,0xe552fb52a4f19e44ef5a967632dbc320b0820639,Metis,semi_synthetic_split,1,120.25423486062154,120.25423486062154,
eth_flow_0x8ba5290f0487__r7fam22__inst00__synth_split_src,bnb_flow_0x017802f71bdf__synth_split_b,481.01693944248615,120.25423486062154,1002,one_to_many,0.95,supervised_flow_pair,ETH,BNB,Poly,0x9e32b13ce7f2e80a01932b42553652e053d6ed8e,0xe552fb52a4f19e44ef5a967632dbc320b0820639,Metis,semi_synthetic_split,1,120.25423486062154,120.25423486062154,
eth_flow_0x8ba5290f0487__r7fam22__inst00__synth_split_src,bnb_flow_0x017802f71bdf__synth_split_c,481.01693944248615,120.25423486062154,1002,one_to_many,0.95,supervised_flow_pair,ETH,BNB,Poly,0x9e32b13ce7f2e80a01932b42553652e053d6ed8e,0xe552fb52a4f19e44ef5a967632dbc320b0820639,Metis,semi_synthetic_split,1,120.25423486062154,120.25423486062154,
eth_flow_0x8ba5290f0487__r7fam22__inst00__synth_split_src,bnb_flow_0x017802f71bdf__synth_split_d,481.01693944248615,120.25423486062154,1002,one_to_many,0.95,supervised_flow_pair,ETH,BNB,Poly,0x9e32b13ce7f2e80a01932b42553652e053d6ed8e,0xe552fb52a4f19e44ef5a967632dbc320b0820639,Metis,semi_synthetic_split,1,120.25423486062154,120.25423486062154,
eth_flow_0x8ba5290f0487__r7fam22__inst00__synth_merge_src1,bnb_flow_0x017802f71bdf__synth_merge_dst,240.50846972124307,481.01693944248615,1002,many_to_one,1.0,supervised_flow_pair,ETH,BNB,Poly,0x9e32b13ce7f2e80a01932b42553652e053d6ed8e,0xe552fb52a4f19e44ef5a967632dbc320b0820639,Metis,semi_synthetic_merge,,240.50846972124307,240.50846972124307,
eth_flow_0x8ba5290f0487__r7fam22__inst00__synth_merge_src2,bnb_flow_0x017802f71bdf__synth_merge_dst,240.50846972124307,481.01693944248615,1002,many_to_one,1.0,supervised_flow_pair,ETH,BNB,Poly,0x9e32b13ce7f2e80a01932b42553652e053d6ed8e,0xe552fb52a4f19e44ef5a967632dbc320b0820639,Metis,semi_synthetic_merge,,240.50846972124307,240.50846972124307,
eth_flow_0x8ba5290f0487__r7fam22__inst00__synth_unmatched_src,bnb_flow_0x017802f71bdf__synth_hidden_dst,481.01693944248615,0,1002,one_to_one,0.2,supervised_flow_pair,ETH,BNB,Poly,0x9e32b13ce7f2e80a01932b42553652e053d6ed8e,0xe552fb52a4f19e44ef5a967632dbc320b0820639,Metis,semi_synthetic_unmatched,,,0,0
eth_flow_0x8ba5290f0487__r7fam22__inst00__synth_noise_src_0,bnb_flow_0x017802f71bdf__synth_noise_dst_0,481.01693944248615,481.01693944248615,1062,one_to_one,0.2252,supervised_flow_pair,ETH,BNB,Poly,0x9e32b13ce7f2e80a01932b42553652e053d6ed8e,0xe552fb52a4f19e44ef5a967632dbc320b0820639,Metis,semi_synthetic_delay_noise,,,,
eth_flow_0x8ba5290f0487__r7fam22__inst00__synth_noise_src_1,bnb_flow_0x017802f71bdf__synth_noise_dst_1,481.01693944248615,481.01693944248615,1122,one_to_one,0.227,supervised_flow_pair,ETH,BNB,Poly,0x9e32b13ce7f2e80a01932b42553652e053d6ed8e,0xe552fb52a4f19e44ef5a967632dbc320b0820639,Metis,semi_synthetic_delay_noise,,,,
eth_flow_0x7f37628d8b43__r7fam22__inst01__synth_split_src,bnb_flow_0x163809b81209__synth_split_a,460.69328572447176,230.34664286223588,967,one_to_many,0.95,supervised_flow_pair,ETH,BNB,Poly,0x9e32b13ce7f2e80a01932b42553652e053d6ed8e,0xe552fb52a4f19e44ef5a967632dbc320b0820639,Metis,semi_synthetic_split,1,230.34664286223588,230.34664286223588,
eth_flow_0x7f37628d8b43__r7fam22__inst01__synth_split_src,bnb_flow_0x163809b81209__synth_split_b,460.69328572447176,230.34664286223588,967,one_to_many,0.95,supervised_flow_pair,ETH,BNB,Poly,0x9e32b13ce7f2e80a01932b42553652e053d6ed8e,0xe552fb52a4f19e44ef5a967632dbc320b0820639,Metis,semi_synthetic_split,1,230.34664286223588,230.34664286223588,
eth_flow_0x7f37628d8b43__r7fam22__inst01__synth_merge_src1,bnb_flow_0x163809b81209__synth_merge_dst,230.34664286223588,460.69328572447176,967,many_to_one,1.0,supervised_flow_pair,ETH,BNB,Poly,0x9e32b13ce7f2e80a01932b42553652e053d6ed8e,0xe552fb52a4f19e44ef5a967632dbc320b0820639,Metis,semi_synthetic_merge,,230.34664286223588,230.34664286223588,
eth_flow_0x7f37628d8b43__r7fam22__inst01__synth_merge_src2,bnb_flow_0x163809b81209__synth_merge_dst,230.34664286223588,460.69328572447176,967,many_to_one,1.0,supervised_flow_pair,ETH,BNB,Poly,0x9e32b13ce7f2e80a01932b42553652e053d6ed8e,0xe552fb52a4f19e44ef5a967632dbc320b0820639,Metis,semi_synthetic_merge,,230.34664286223588,230.34664286223588,
eth_flow_0x7f37628d8b43__r7fam22__inst01__synth_unmatched_src,bnb_flow_0x163809b81209__synth_hidden_dst,460.69328572447176,0,967,one_to_one,0.2,supervised_flow_pair,ETH,BNB,Poly,0x9e32b13ce7f2e80a01932b42553652e053d6ed8e,0xe552fb52a4f19e44ef5a967632dbc320b0820639,Metis,semi_synthetic_unmatched,,,0,0
eth_flow_0x7f37628d8b43__r7fam22__inst01__synth_noise_src_0,bnb_flow_0x163809b81209__synth_noise_dst_0,460.69328572447176,460.69328572447176,1027,one_to_one,0.2201,supervised_flow_pair,ETH,BNB,Poly,0x9e32b13ce7f2e80a01932b42553652e053d6ed8e,0xe552fb52a4f19e44ef5a967632dbc320b0820639,Metis,semi_synthetic_delay_noise,,,,
eth_flow_0x7f37628d8b43__r7fam22__inst01__synth_noise_src_1,bnb_flow_0x163809b81209__synth_noise_dst_1,460.69328572447176,460.69328572447176,1087,one_to_one,0.2459,supervised_flow_pair,ETH,BNB,Poly,0x9e32b13ce7f2e80a01932b42553652e053d6ed8e,0xe552fb52a4f19e44ef5a967632dbc320b0820639,Metis,semi_synthetic_delay_noise,,,,
eth_flow_0x333edbd2e162__r7fam23__inst00__synth_split_src,bnb_flow_0x64afec01eb0c__synth_split_a,395.1327159496769,197.56635797483844,2231,one_to_many,0.95,supervised_flow_pair,ETH,BNB,Poly,0x9e32b13ce7f2e80a01932b42553652e053d6ed8e,0xe552fb52a4f19e44ef5a967632dbc320b0820639,Metis,semi_synthetic_split,1,197.56635797483844,197.56635797483844,
eth_flow_0x333edbd2e162__r7fam23__inst00__synth_split_src,bnb_flow_0x64afec01eb0c__synth_split_b,395.1327159496769,197.56635797483844,2231,one_to_many,0.95,supervised_flow_pair,ETH,BNB,Poly,0x9e32b13ce7f2e80a01932b42553652e053d6ed8e,0xe552fb52a4f19e44ef5a967632dbc320b0820639,Metis,semi_synthetic_split,1,197.56635797483844,197.56635797483844,
eth_flow_0x333edbd2e162__r7fam23__inst00__synth_merge_src1,bnb_flow_0x64afec01eb0c__synth_merge_dst,197.56635797483844,395.1327159496769,2231,many_to_one,1.0,supervised_flow_pair,ETH,BNB,Poly,0x9e32b13ce7f2e80a01932b42553652e053d6ed8e,0xe552fb52a4f19e44ef5a967632dbc320b0820639,Metis,semi_synthetic_merge,,197.56635797483844,197.56635797483844,
eth_flow_0x333edbd2e162__r7fam23__inst00__synth_merge_src2,bnb_flow_0x64afec01eb0c__synth_merge_dst,197.56635797483844,395.1327159496769,2231,many_to_one,1.0,supervised_flow_pair,ETH,BNB,Poly,0x9e32b13ce7f2e80a01932b42553652e053d6ed8e,0xe552fb52a4f19e44ef5a967632dbc320b0820639,Metis,semi_synthetic_merge,,197.56635797483844,197.56635797483844,
eth_flow_0x333edbd2e162__r7fam23__inst00__synth_unmatched_src,bnb_flow_0x64afec01eb0c__synth_hidden_dst,395.1327159496769,0,2231,one_to_one,0.2,supervised_flow_pair,ETH,BNB,Poly,0x9e32b13ce7f2e80a01932b42553652e053d6ed8e,0xe552fb52a4f19e44ef5a967632dbc320b0820639,Metis,semi_synthetic_unmatched,,,0,0
eth_flow_0x333edbd2e162__r7fam23__inst00__synth_noise_src_0,bnb_flow_0x64afec01eb0c__synth_noise_dst_0,395.1327159496769,395.1327159496769,2291,one_to_one,0.223,supervised_flow_pair,ETH,BNB,Poly,0x9e32b13ce7f2e80a01932b42553652e053d6ed8e,0xe552fb52a4f19e44ef5a967632dbc320b0820639,Metis,semi_synthetic_delay_noise,,,,
eth_flow_0x333edbd2e162__r7fam23__inst00__synth_noise_src_1,bnb_flow_0x64afec01eb0c__synth_noise_dst_1,395.1327159496769,395.1327159496769,2351,one_to_one,0.2503,supervised_flow_pair,ETH,BNB,Poly,0x9e32b13ce7f2e80a01932b42553652e053d6ed8e,0xe552fb52a4f19e44ef5a967632dbc320b0820639,Metis,semi_synthetic_delay_noise,,,,
eth_flow_0x4dfea298d546__r7fam23__inst01__synth_split_src,bnb_flow_0x6c76c7e1386f__synth_split_a,893.422480824143,446.7112404120715,1044,one_to_many,0.95,supervised_flow_pair,ETH,BNB,Poly,0x9e32b13ce7f2e80a01932b42553652e053d6ed8e,0xe552fb52a4f19e44ef5a967632dbc320b0820639,Metis,semi_synthetic_split,1,446.7112404120715,446.7112404120715,
eth_flow_0x4dfea298d546__r7fam23__inst01__synth_split_src,bnb_flow_0x6c76c7e1386f__synth_split_b,893.422480824143,446.7112404120715,1044,one_to_many,0.95,supervised_flow_pair,ETH,BNB,Poly,0x9e32b13ce7f2e80a01932b42553652e053d6ed8e,0xe552fb52a4f19e44ef5a967632dbc320b0820639,Metis,semi_synthetic_split,1,446.7112404120715,446.7112404120715,
eth_flow_0x4dfea298d546__r7fam23__inst01__synth_merge_src1,bnb_flow_0x6c76c7e1386f__synth_merge_dst,446.7112404120715,893.422480824143,1044,many_to_one,1.0,supervised_flow_pair,ETH,BNB,Poly,0x9e32b13ce7f2e80a01932b42553652e053d6ed8e,0xe552fb52a4f19e44ef5a967632dbc320b0820639,Metis,semi_synthetic_merge,,446.7112404120715,446.7112404120715,
eth_flow_0x4dfea298d546__r7fam23__inst01__synth_merge_src2,bnb_flow_0x6c76c7e1386f__synth_merge_dst,446.7112404120715,893.422480824143,1044,many_to_one,1.0,supervised_flow_pair,ETH,BNB,Poly,0x9e32b13ce7f2e80a01932b42553652e053d6ed8e,0xe552fb52a4f19e44ef5a967632dbc320b0820639,Metis,semi_synthetic_merge,,446.7112404120715,446.7112404120715,
eth_flow_0x4dfea298d546__r7fam23__inst01__synth_unmatched_src,bnb_flow_0x6c76c7e1386f__synth_hidden_dst,893.422480824143,0,1044,one_to_one,0.2,supervised_flow_pair,ETH,BNB,Poly,0x9e32b13ce7f2e80a01932b42553652e053d6ed8e,0xe552fb52a4f19e44ef5a967632dbc320b0820639,Metis,semi_synthetic_unmatched,,,0,0
eth_flow_0x4dfea298d546__r7fam23__inst01__synth_noise_src_0,bnb_flow_0x6c76c7e1386f__synth_noise_dst_0,893.422480824143,893.422480824143,1104,one_to_one,0.2529,supervised_flow_pair,ETH,BNB,Poly,0x9e32b13ce7f2e80a01932b42553652e053d6ed8e,0xe552fb52a4f19e44ef5a967632dbc320b0820639,Metis,semi_synthetic_delay_noise,,,,
eth_flow_0x4dfea298d546__r7fam23__inst01__synth_noise_src_1,bnb_flow_0x6c76c7e1386f__synth_noise_dst_1,893.422480824143,893.422480824143,1164,one_to_one,0.2374,supervised_flow_pair,ETH,BNB,Poly,0x9e32b13ce7f2e80a01932b42553652e053d6ed8e,0xe552fb52a4f19e44ef5a967632dbc320b0820639,Metis,semi_synthetic_delay_noise,,,,
