chain,bridge,flow_id,tx_hashes,address_set,primary_address,token_contracts,token_symbols,asset_group,route_id,start_time,end_time,tx_count,raw_amount_sum,human_amount_sum,usd_amount_sum,aml_score_mean,aml_score_max,evidence_quality_mean,flow_construction_rule
ETH,Poly,eth_flow_0x05337270175e__r7fam00__inst00__synth_split_src,0x05337270175ee7910f255b4ec9ccce5ca7d72346d2def3f8defd671f60e0e69a,0x5d285f735998f36631f678ff41fb56a10a4d0429|0x65a8f07bd9a8598e1b5b6c0a88f4779dbc077675|0x81910675dbaf69dee0fd77570bfd07f8e436386a,0x81910675dbaf69dee0fd77570bfd07f8e436386a,0x5d285f735998f36631f678ff41fb56a10a4d0429,MIX,MIX,0x05337270175ee7910f255b4ec9ccce5ca7d72346d2def3f8defd671f60e0e69a_MIX,1653040951,1653040951,1,4.9441202434288656e+23,494412.0243428866,0.8034910649433913,16.279070,16.279070,0.800000,bridge_deposit_flow
ETH,Poly,eth_flow_0x05337270175e__r7fam00__inst00__synth_merge_src1,0x05337270175ee7910f255b4ec9ccce5ca7d72346d2def3f8defd671f60e0e69a,0x5d285f735998f36631f678ff41fb56a10a4d0429|0x65a8f07bd9a8598e1b5b6c0a88f4779dbc077675|0x81910675dbaf69dee0fd77570bfd07f8e436386a,0x81910675dbaf69dee0fd77570bfd07f8e436386a,0x5d285f735998f36631f678ff41fb56a10a4d0429,MIX,MIX,0x05337270175ee7910f255b4ec9ccce5ca7d72346d2def3f8defd671f60e0e69a_MIX,1653040951,1653040951,1,1.648040081142955e+23,164804.00811429552,0.2678303549811304,16.279070,16.279070,0.800000,bridge_deposit_flow
ETH,Poly,eth_flow_0x05337270175e__r7fam00__inst00__synth_merge_src2,0x05337270175ee7910f255b4ec9ccce5ca7d72346d2def3f8defd671f60e0e69a,0x5d285f735998f36631f678ff41fb56a10a4d0429|0x65a8f07bd9a8598e1b5b6c0a88f4779dbc077675|0x81910675dbaf69dee0fd77570bfd07f8e436386a,0x81910675dbaf69dee0fd77570bfd07f8e436386a,0x5d285f735998f36631f678ff41fb56a10a4d0429,MIX,MIX,0x05337270175ee7910f255b4ec9ccce5ca7d72346d2def3f8defd671f60e0e69a_MIX,1653040951,1653040951,1,1.648040081142955e+23,164804.00811429552,0.2678303549811304,16.279070,16.279070,0.800000,bridge_deposit_flow
ETH,Poly,eth_flow_0x05337270175e__r7fam00__inst00__synth_merge_src3,0x05337270175ee7910f255b4ec9ccce5ca7d72346d2def3f8defd671f60e0e69a,0x5d285f735998f36631f678ff41fb56a10a4d0429|0x65a8f07bd9a8598e1b5b6c0a88f4779dbc077675|0x81910675dbaf69dee0fd77570bfd07f8e436386a,0x81910675dbaf69dee0fd77570bfd07f8e436386a,0x5d285f735998f36631f678ff41fb56a10a4d0429,MIX,MIX,0x05337270175ee7910f255b4ec9ccce5ca7d72346d2def3f8defd671f60e0e69a_MIX,1653040951,1653040951,1,1.648040081142955e+23,164804.00811429552,0.2678303549811304,16.279070,16.279070,0.800000,bridge_deposit_flow
ETH,Poly,eth_flow_0x05337270175e__r7fam00__inst00__synth_unmatched_src,0x05337270175ee7910f255b4ec9ccce5ca7d72346d2def3f8defd671f60e0e69a,0x5d285f735998f36631f678ff41fb56a10a4d0429|0x65a8f07bd9a8598e1b5b6c0a88f4779dbc077675|0x81910675dbaf69dee0fd77570bfd07f8e436386a,0x81910675dbaf69dee0fd77570bfd07f8e436386a,0x5d285f735998f36631f678ff41fb56a10a4d0429,MIX,MIX,0x05337270175ee7910f255b4ec9ccce5ca7d72346d2def3f8defd671f60e0e69a_MIX,1653040951,1653040951,1,4.9441202434288656e+23,494412.0243428866,0.8034910649433913,16.279070,16.279070,0.800000,bridge_deposit_flow
ETH,Poly,eth_flow_0x05337270175e__r7fam00__inst00__synth_noise_src_0,0x05337270175ee7910f255b4ec9ccce5ca7d72346d2def3f8defd671f60e0e69a,0x5d285f735998f36631f678ff41fb56a10a4d0429|0x65a8f07bd9a8598e1b5b6c0a88f4779dbc077675|0x81910675dbaf69dee0fd77570bfd07f8e436386a,0x81910675dbaf69dee0fd77570bfd07f8e436386a,0x5d285f735998f36631f678ff41fb56a10a4d0429,MIX,MIX,0x05337270175ee7910f255b4ec9ccce5ca7d72346d2def3f8defd671f60e0e69a_MIX,1653040951,1653040951,1,4.9441202434288656e+23,494412.0243428866,0.8034910649433913,16.279070,16.279070,0.800000,bridge_deposit_flow
ETH,Poly,eth_flow_0x05337270175e__r7fam00__inst00__synth_noise_src_1,0x05337270175ee7910f255b4ec9ccce5ca7d72346d2def3f8defd671f60e0e69a,0x5d285f735998f36631f678ff41fb56a10a4d0429|0x65a8f07bd9a8598e1b5b6c0a88f4779dbc077675|0x81910675dbaf69dee0fd77570bfd07f8e436386a,0x81910675dbaf69dee0fd77570bfd07f8e436386a,0x5d285f735998f36631f678ff41fb56a10a4d0429,MIX,MIX,0x05337270175ee7910f255b4ec9ccce5ca7d72346d2def3f8defd671f60e0e69a_MIX,1653040951,1653040951,1,4.9441202434288656e+23,494412.0243428866,0.8034910649433913,16.279070,16.279070,0.800000,bridge_deposit_flow
ETH,Poly,eth_flow_0x60942c2002bc__r7fam00__inst01__synth_split_src,0x60942c2002bc2ec98147de236fe41f5a62e568a29f2a6ae7a28213ed6d3ac53f,0x5d285f735998f36631f678ff41fb56a10a4d0429|0x81910675dbaf69dee0fd77570bfd07f8e436386a|0xcfc387b2d9bb52200d942752f44a41d658ee82de,0x81910675dbaf69dee0fd77570bfd07f8e436386a,0x5d285f735998f36631f678ff41fb56a10a4d0429,MIX,MIX,0x60942c2002bc2ec98147de236fe41f5a62e568a29f2a6ae7a28213ed6d3ac53f_MIX,1652879360,1652879360,1,9.985414310491699e+23,998541.43104917,1.6227742820173972,16.279070,16.279070,0.800000,bridge_deposit_flow
ETH,Poly,eth_flow_0x60942c2002bc__r7fam00__inst01__synth_merge_src1,0x60942c2002bc2ec98147de236fe41f5a62e568a29f2a6ae7a28213ed6d3ac53f,0x5d285f735998f36631f678ff41fb56a10a4d0429|0x81910675dbaf69dee0fd77570bfd07f8e436386a|0xcfc387b2d9bb52200d942752f44a41d658ee82de,0x81910675dbaf69dee0fd77570bfd07f8e436386a,0x5d285f735998f36631f678ff41fb56a10a4d0429,MIX,MIX,0x60942c2002bc2ec98147de236fe41f5a62e568a29f2a6ae7a28213ed6d3ac53f_MIX,1652879360,1652879360,1,4.9927071552458496e+23,499270.715524585,0.8113871410086986,16.279070,16.279070,0.800000,bridge_deposit_flow
ETH,Poly,eth_flow_0x60942c2002bc__r7fam00__inst01__synth_merge_src2,0x60942c2002bc2ec98147de236fe41f5a62e568a29f2a6ae7a28213ed6d3ac53f,0x5d285f735998f36631f678ff41fb56a10a4d0429|0x81910675dbaf69dee0fd77570bfd07f8e436386a|0xcfc387b2d9bb52200d942752f44a41d658ee82de,0x81910675dbaf69dee0fd77570bfd07f8e436386a,0x5d285f735998f36631f678ff41fb56a10a4d0429,MIX,MIX,0x60942c2002bc2ec98147de236fe41f5a62e568a29f2a6ae7a28213ed6d3ac53f_MIX,1652879360,1652879360,1,4.9927071552458496e+23,499270.715524585,0.8113871410086986,16.279070,16.279070,0.800000,bridge_deposit_flow
ETH,Poly,eth_flow_0x60942c2002bc__r7fam00__inst01__synth_unmatched_src,0x60942c2002bc2ec98147de236fe41f5a62e568a29f2a6ae7a28213ed6d3ac53f,0x5d285f735998f36631f678ff41fb56a10a4d0429|0x81910675dbaf69dee0fd77570bfd07f8e436386a|0xcfc387b2d9bb52200d942752f44a41d658ee82de,0x81910675dbaf69dee0fd77570bfd07f8e436386a,0x5d285f735998f36631f678ff41fb56a10a4d0429,MIX,MIX,0x60942c2002bc2ec98147de236fe41f5a62e568a29f2a6ae7a28213ed6d3ac53f_MIX,1652879360,1652879360,1,9.985414310491699e+23,998541.43104917,1.6227742820173972,16.279070,16.279070,0.800000,bridge_deposit_flow
ETH,Poly,eth_flow_0x60942c2002bc__r7fam00__inst01__synth_noise_src_0,0x60942c2002bc2ec98147de236fe41f5a62e568a29f2a6ae7a28213ed6d3ac53f,0x5d285f735998f36631f678ff41fb56a10a4d0429|0x81910675dbaf69dee0fd77570bfd07f8e436386a|0xcfc387b2d9bb52200d942752f44a41d658ee82de,0x81910675dbaf69dee0fd77570bfd07f8e436386a,0x5d285f735998f36631f678ff41fb56a10a4d0429,MIX,MIX,0x60942c2002bc2ec98147de236fe41f5a62e568a29f2a6ae7a28213ed6d3ac53f_MIX,1652879360,1652879360,1,9.985414310491699e+23,998541.43104917,1.6227742820173972,16.279070,16.279070,0.800000,bridge_deposit_flow
ETH,Poly,eth_flow_0x60942c2002bc__r7fam00__inst01__synth_noise_src_1,0x60942c2002bc2ec98147de236fe41f5a62e568a29f2a6ae7a28213ed6d3ac53f,0x5d285f735998f36631f678ff41fb56a10a4d0429|0x81910675dbaf69dee0fd77570bfd07f8e436386a|0xcfc387b2d9bb52200d942752f44a41d658ee82de,0x81910675dbaf69dee0fd77570bfd07f8e436386a,0x5d285f735998f36631f678ff41fb56a10a4d0429,MIX,MIX,0x60942c2002bc2ec98147de236fe41f5a62e568a29f2a6ae7a28213ed6d3ac53f_MIX,1652879360,1652879360,1,9.985414310491699e+23,998541.43104917,1.6227742820173972,16.279070,16.279070,0.800000,bridge_deposit_flow
ETH,Poly,eth_flow_0x5176a3f85f9c__r7fam01__inst00__synth_split_src,0x5176a3f85f9ce5e497816687ee7ef4e7f9143b91d924f0176863d212c762eeb9,0x001a8ffcb0f03e99141652ebcdecdb0384e3bd6c|0x81910675dbaf69dee0fd77570bfd07f8e436386a|0x8594d8e9483473626908648a5539d9d65ca2fe8d,0x81910675dbaf69dee0fd77570bfd07f8e436386a,0x001a8ffcb0f03e99141652ebcdecdb0384e3bd6c,PKR,PKR,0x5176a3f85f9ce5e497816687ee7ef4e7f9143b91d924f0176863d212c762eeb9_PKR,1662564156,1662564156,1,5.058092459029807e+22,50580.92459029807,1.112190564703992,16.279070,16.279070,0.775000,bridge_deposit_flow
ETH,Poly,eth_flow_0x5176a3f85f9c__r7fam01__inst00__synth_merge_src1,0x5176a3f85f9ce5e497816687ee7ef4e7f9143b91d924f0176863d212c762eeb9,0x001a8ffcb0f03e99141652ebcdecdb0384e3bd6c|0x81910675dbaf69dee0fd77570bfd07f8e436386a|0x8594d8e9483473626908648a5539d9d65ca2fe8d,0x81910675dbaf69dee0fd77570bfd07f8e436386a,0x001a8ffcb0f03e99141652ebcdecdb0384e3bd6c,PKR,PKR,0x5176a3f85f9ce5e497816687ee7ef4e7f9143b91d924f0176863d212c762eeb9_PKR,1662564156,1662564156,1,2.5290462295149035e+22,25290.462295149035,0.556095282351996,16.279070,16.279070,0.775000,bridge_deposit_flow
ETH,Poly,eth_flow_0x5176a3f85f9c__r7fam01__inst00__synth_merge_src2,0x5176a3f85f9ce5e497816687ee7ef4e7f9143b91d924f0176863d212c762eeb9,0x001a8ffcb0f03e99141652ebcdecdb0384e3bd6c|0x81910675dbaf69dee0fd77570bfd07f8e436386a|0x8594d8e9483473626908648a5539d9d65ca2fe8d,0x81910675dbaf69dee0fd77570bfd07f8e436386a,0x001a8ffcb0f03e99141652ebcdecdb0384e3bd6c,PKR,PKR,0x5176a3f85f9ce5e497816687ee7ef4e7f9143b91d924f0176863d212c762eeb9_PKR,1662564156,1662564156,1,2.5290462295149035e+22,25290.462295149035,0.556095282351996,16.279070,16.279070,0.775000,bridge_deposit_flow
ETH,Poly,eth_flow_0x5176a3f85f9c__r7fam01__inst00__synth_unmatched_src,0x5176a3f85f9ce5e497816687ee7ef4e7f9143b91d924f0176863d212c762eeb9,0x001a8ffcb0f03e99141652ebcdecdb0384e3bd6c|0x81910675dbaf69dee0fd77570bfd07f8e436386a|0x8594d8e9483473626908648a5539d9d65ca2fe8d,0x81910675dbaf69dee0fd77570bfd07f8e436386a,0x001a8ffcb0f03e99141652ebcdecdb0384e3bd6c,PKR,PKR,0x5176a3f85f9ce5e497816687ee7ef4e7f9143b91d924f0176863d212c762eeb9_PKR,1662564156,1662564156,1,5.058092459029807e+22,50580.92459029807,1.112190564703992,16.279070,16.279070,0.775000,bridge_deposit_flow
ETH,Poly,eth_flow_0x5176a3f85f9c__r7fam01__inst00__synth_noise_src_0,0x5176a3f85f9ce5e497816687ee7ef4e7f9143b91d924f0176863d212c762eeb9,0x001a8ffcb0f03e99141652ebcdecdb0384e3bd6c|0x81910675dbaf69dee0fd77570bfd07f8e436386a|0x8594d8e9483473626908648a5539d9d65ca2fe8d,0x81910675dbaf69dee0fd77570bfd07f8e436386a,0x001a8ffcb0f03e99141652ebcdecdb0384e3bd6c,PKR,PKR,0x5176a3f85f9ce5e497816687ee7ef4e7f9143b91d924f0176863d212c762eeb9_PKR,1662564156,1662564156,1,5.058092459029807e+22,50580.92459029807,1.112190564703992,16.279070,16.279070,0.775000,bridge_deposit_flow
ETH,Poly,eth_flow_0x5176a3f85f9c__r7fam01__inst00__synth_noise_src_1,0x5176a3f85f9ce5e497816687ee7ef4e7f9143b91d924f0176863d212c762eeb9,0x001a8ffcb0f03e99141652ebcdecdb0384e3bd6c|0x81910675dbaf69dee0fd77570bfd07f8e436386a|0x8594d8e9483473626908648a5539d9d65ca2fe8d,0x81910675dbaf69dee0fd77570bfd07f8e436386a,0x001a8ffcb0f03e99141652ebcdecdb0384e3bd6c,PKR,PKR,0x5176a3f85f9ce5e497816687ee7ef4e7f9143b91d924f0176863d212c762eeb9_PKR,1662564156,1662564156,1,5.058092459029807e+22,50580.92459029807,1.112190564703992,16.279070,16.279070,0.775000,bridge_deposit_flow
ETH,Poly,eth_flow_0xce33079de89b__r7fam01__inst01__synth_split_src,0xce33079de89b3e268017d9ee7b1a8cff8a5a9bf3024c3f2c11910a1b84af8409,0x001a8ffcb0f03e99141652ebcdecdb0384e3bd6c|0x81910675dbaf69dee0fd77570bfd07f8e436386a|0xfda276dd36f4db76b7ba7a533b65d477e798f2bd,0x81910675dbaf69dee0fd77570bfd07f8e436386a,0x001a8ffcb0f03e99141652ebcdecdb0384e3bd6c,PKR,PKR,0xce33079de89b3e268017d9ee7b1a8cff8a5a9bf3024c3f2c11910a1b84af8409_PKR,1644827034,1644827034,1,7.939786911136464e+22,79397.86911136463,1.745827337055048,16.279070,16.279070,0.800000,bridge_deposit_flow
ETH,Poly,eth_flow_0xce33079de89b__r7fam01__inst01__synth_merge_src1,0xce33079de89b3e268017d9ee7b1a8cff8a5a9bf3024c3f2c11910a1b84af8409,0x001a8ffcb0f03e99141652ebcdecdb0384e3bd6c|0x81910675dbaf69dee0fd77570bfd07f8e436386a|0xfda276dd36f4db76b7ba7a533b65d477e798f2bd,0x81910675dbaf69dee0fd77570bfd07f8e436386a,0x001a8ffcb0f03e99141652ebcdecdb0384e3bd6c,PKR,PKR,0xce33079de89b3e268017d9ee7b1a8cff8a5a9bf3024c3f2c11910a1b84af8409_PKR,1644827034,1644827034,1,3.969893455568232e+22,39698.93455568232,0.872913668527524,16.279070,16.279070,0.800000,bridge_deposit_flow
ETH,Poly,eth_flow_0xce33079de89b__r7fam01__inst01__synth_merge_src2,0xce33079de89b3e268017d9ee7b1a8cff8a5a9bf3024c3f2c11910a1b84af8409,0x001a8ffcb0f03e99141652ebcdecdb0384e3bd6c|0x81910675dbaf69dee0fd77570bfd07f8e436386a|0xfda276dd36f4db76b7ba7a533b65d477e798f2bd,0x81910675dbaf69dee0fd77570bfd07f8e436386a,0x001a8ffcb0f03e99141652ebcdecdb0384e3bd6c,PKR,PKR,0xce33079de89b3e268017d9ee7b1a8cff8a5a9bf3024c3f2c11910a1b84af8409_PKR,1644827034,1644827034,1,3.969893455568232e+22,39698.93455568232,0.872913668527524,16.279070,16.279070,0.800000,bridge_deposit_flow
ETH,Poly,eth_flow_0xce33079de89b__r7fam01__inst01__synth_unmatched_src,0xce33079de89b3e268017d9ee7b1a8cff8a5a9bf3024c3f2c11910a1b84af8409,0x001a8ffcb0f03e99141652ebcdecdb0384e3bd6c|0x81910675dbaf69dee0fd77570bfd07f8e436386a|0xfda276dd36f4db76b7ba7a533b65d477e798f2bd,0x81910675dbaf69dee0fd77570bfd07f8e436386a,0x001a8ffcb0f03e99141652ebcdecdb0384e3bd6c,PKR,PKR,0xce33079de89b3e268017d9ee7b1a8cff8a5a9bf3024c3f2c11910a1b84af8409_PKR,1644827034,1644827034,1,7.939786911136464e+22,79397.86911136463,1.745827337055048,16.279070,16.279070,0.800000,bridge_deposit_flow
ETH,Poly,eth_flow_0xce33079de89b__r7fam01__inst01__synth_noise_src_0,0xce33079de89b3e268017d9ee7b1a8cff8a5a9bf3024c3f2c11910a1b84af8409,0x001a8ffcb0f03e99141652ebcdecdb0384e3bd6c|0x81910675dbaf69dee0fd77570bfd07f8e436386a|0xfda276dd36f4db76b7ba7a533b65d477e798f2bd,0x81910675dbaf69dee0fd77570bfd07f8e436386a,0x001a8ffcb0f03e99141652ebcdecdb0384e3bd6c,PKR,PKR,0xce33079de89b3e268017d9ee7b1a8cff8a5a9bf3024c3f2c11910a1b84af8409_PKR,1644827034,1644827034,1,7.939786911136464e+22,79397.86911136463,1.745827337055048,16.279070,16.279070,0.800000,bridge_deposit_flow
ETH,Poly,eth_flow_0xce33079de89b__r7fam01__inst01__synth_noise_src_1,0xce33079de89b3e268017d9ee7b1a8cff8a5a9bf3024c3f2c11910a1b84af8409,0x001a8ffcb0f03e99141652ebcdecdb0384e3bd6c|0x81910675dbaf69dee0fd77570bfd07f8e436386a|0xfda276dd36f4db76b7ba7a533b65d477e798f2bd,0x81910675dbaf69dee0fd77570bfd07f8e436386a,0x001a8ffcb0f03e99141652ebcdecdb0384e3bd6c,PKR,PKR,0xce33079de89b3e268017d9ee7b1a8cff8a5a9bf3024c3f2c11910a1b84af8409_PKR,1644827034,1644827034,1,7.939786911136464e+22,79397.86911136463,1.745827337055048,16.279070,16.279070,0.800000,bridge_deposit_flow
ETH,Poly,eth_flow_0xb3fbfa9e5974__r7fam02__inst00__synth_split_src,0xb3fbfa9e5974e5471a74635a645fa79a9de18d3c3a71166df25542fe4d79b95e,0x001a8ffcb0f03e99141652ebcdecdb0384e3bd6c|0x81910675dbaf69dee0fd77570bfd07f8e436386a|0x8594d8e9483473626908648a5539d9d65ca2fe8d,0x81910675dbaf69dee0fd77570bfd07f8e436386a,0x001a8ffcb0f03e99141652ebcdecdb0384e3bd6c,PKR,PKR,0xb3fbfa9e5974e5471a74635a645fa79a9de18d3c3a71166df25542fe4d79b95e_PKR,1653763305,1653763305,1,8.458712546385256e+22,84587.12546385256,1.859930469803522,16.279070,16.279070,0.800000,bridge_deposit_flow
ETH,Poly,eth_flow_0xb3fbfa9e5974__r7fam02__inst00__synth_merge_src1,0xb3fbfa9e5974e5471a74635a645fa79a9de18d3c3a71166df25542fe4d79b95e,0x001a8ffcb0f03e99141652ebcdecdb0384e3bd6c|0x81910675dbaf69dee0fd77570bfd07f8e436386a|0x8594d8e9483473626908648a5539d9d65ca2fe8d,0x81910675dbaf69dee0fd77570bfd07f8e436386a,0x001a8ffcb0f03e99141652ebcdecdb0384e3bd6c,PKR,PKR,0xb3fbfa9e5974e5471a74635a645fa79a9de18d3c3a71166df25542fe4d79b95e_PKR,1653763305,1653763305,1,4.229356273192628e+22,42293.56273192628,0.929965234901761,16.279070,16.279070,0.800000,bridge_deposit_flow
ETH,Poly,eth_flow_0xb3fbfa9e5974__r7fam02__inst00__synth_merge_src2,0xb3fbfa9e5974e5471a74635a645fa79a9de18d3c3a71166df25542fe4d79b95e,0x001a8ffcb0f03e99141652ebcdecdb0384e3bd6c|0x81910675dbaf69dee0fd77570bfd07f8e436386a|0x8594d8e9483473626908648a5539d9d65ca2fe8d,0x81910675dbaf69dee0fd77570bfd07f8e436386a,0x001a8ffcb0f03e99141652ebcdecdb0384e3bd6c,PKR,PKR,0xb3fbfa9e5974e5471a74635a645fa79a9de18d3c3a71166df25542fe4d79b95e_PKR,1653763305,1653763305,1,4.229356273192628e+22,42293.56273192628,0.929965234901761,16.279070,16.279070,0.800000,bridge_deposit_flow
ETH,Poly,eth_flow_0xb3fbfa9e5974__r7fam02__inst00__synth_unmatched_src,0xb3fbfa9e5974e5471a74635a645fa79a9de18d3c3a71166df25542fe4d79b95e,0x001a8ffcb0f03e99141652ebcdecdb0384e3bd6c|0x81910675dbaf69dee0fd77570bfd07f8e436386a|0x8594d8e9483473626908648a5539d9d65ca2fe8d,0x81910675dbaf69dee0fd77570bfd07f8e436386a,0x001a8ffcb0f03e99141652ebcdecdb0384e3bd6c,PKR,PKR,0xb3fbfa9e5974e5471a74635a645fa79a9de18d3c3a71166df25542fe4d79b95e_PKR,1653763305,1653763305,1,8.458712546385256e+22,84587.12546385256,1.859930469803522,16.279070,16.279070,0.800000,bridge_deposit_flow
ETH,Poly,eth_flow_0xb3fbfa9e5974__r7fam02__inst00__synth_noise_src_0,0xb3fbfa9e5974e5471a74635a645fa79a9de18d3c3a71166df25542fe4d79b95e,0x001a8ffcb0f03e99141652ebcdecdb0384e3bd6c|0x81910675dbaf69dee0fd77570bfd07f8e436386a|0x8594d8e9483473626908648a5539d9d65ca2fe8d,0x81910675dbaf69dee0fd77570bfd07f8e436386a,0x001a8ffcb0f03e99141652ebcdecdb0384e3bd6c,PKR,PKR,0xb3fbfa9e5974e5471a74635a645fa79a9de18d3c3a71166df25542fe4d79b95e_PKR,1653763305,1653763305,1,8.458712546385256e+22,84587.12546385256,1.859930469803522,16.279070,16.279070,0.800000,bridge_deposit_flow
ETH,Poly,eth_flow_0xb3fbfa9e5974__r7fam02__inst00__synth_noise_src_1,0xb3fbfa9e5974e5471a74635a645fa79a9de18d3c3a71166df25542fe4d79b95e,0x001a8ffcb0f03e99141652ebcdecdb0384e3bd6c|0x81910675dbaf69dee0fd77570bfd07f8e436386a|0x8594d8e9483473626908648a5539d9d65ca2fe8d,0x81910675dbaf69dee0fd77570bfd07f8e436386a,0x001a8ffcb0f03e99141652ebcdecdb0384e3bd6c,PKR,PKR,0xb3fbfa9e5974e5471a74635a645fa79a9de18d3c3a71166df25542fe4d79b95e_PKR,1653763305,1653763305,1,8.458712546385256e+22,84587.12546385256,1.859930469803522,16.279070,16.279070,0.800000,bridge_deposit_flow
ETH,Poly,eth_flow_0x7808c0ead17f__r7fam02__inst01__synth_split_src,0x7808c0ead17f67b2f8c5db0ab6587154962b57c446c31f6118616e40381749e9,0x001a8ffcb0f03e99141652ebcdecdb0384e3bd6c|0x81910675dbaf69dee0fd77570bfd07f8e436386a|0x88f859db067c45b114897db6920f3e4a61a5ca66,0x81910675dbaf69dee0fd77570bfd07f8e436386a,0x001a8ffcb0f03e99141652ebcdecdb0384e3bd6c,PKR,PKR,0x7808c0ead17f67b2f8c5db0ab6587154962b57c446c31f6118616e40381749e9_PKR,1662011848,1662011848,1,3.30251543609548e+22,33025.1543609548,0.7261683208770775,16.279070,16.279070,0.775000,bridge_deposit_flow
ETH,Poly,eth_flow_0x7808c0ead17f__r7fam02__inst01__synth_merge_src1,0x7808c0ead17f67b2f8c5db0ab6587154962b57c446c31f6118616e40381749e9,0x001a8ffcb0f03e99141652ebcdecdb0384e3bd6c|0x81910675dbaf69dee0fd77570bfd07f8e436386a|0x88f859db067c45b114897db6920f3e4a61a5ca66,0x81910675dbaf69dee0fd77570bfd07f8e436386a,0x001a8ffcb0f03e99141652ebcdecdb0384e3bd6c,PKR,PKR,0x7808c0ead17f67b2f8c5db0ab6587154962b57c446c31f6118616e40381749e9_PKR,1662011848,1662011848,1,1.65125771804774e+22,16512.5771804774,0.36308416043853875,16.279070,16.279070,0.775000,bridge_deposit_flow
ETH,Poly,eth_flow_0x7808c0ead17f__r7fam02__inst01__synth_merge_src2,0x7808c0ead17f67b2f8c5db0ab6587154962b57c446c31f6118616e40381749e9,0x001a8ffcb0f03e99141652ebcdecdb0384e3bd6c|0x81910675dbaf69dee0fd77570bfd07f8e436386a|0x88f859db067c45b114897db6920f3e4a61a5ca66,0x81910675dbaf69dee0fd77570bfd07f8e436386a,0x001a8ffcb0f03e99141652ebcdecdb0384e3bd6c,PKR,PKR,0x7808c0ead17f67b2f8c5db0ab6587154962b57c446c31f6118616e40381749e9_PKR,1662011848,1662011848,1,1.65125771804774e+22,16512.5771804774,0.36308416043853875,16.279070,16.279070,0.775000,bridge_deposit_flow
ETH,Poly,eth_flow_0x7808c0ead17f__r7fam02__inst01__synth_unmatched_src,0x7808c0ead17f67b2f8c5db0ab6587154962b57c446c31f6118616e40381749e9,0x001a8ffcb0f03e99141652ebcdecdb0384e3bd6c|0x81910675dbaf69dee0fd77570bfd07f8e436386a|0x88f859db067c45b114897db6920f3e4a61a5ca66,0x81910675dbaf69dee0fd77570bfd07f8e436386a,0x001a8ffcb0f03e99141652ebcdecdb0384e3bd6c,PKR,PKR,0x7808c0ead17f67b2f8c5db0ab6587154962b57c446c31f6118616e40381749e9_PKR,1662011848,1662011848,1,3.30251543609548e+22,33025.1543609548,0.7261683208770775,16.279070,16.279070,0.775000,bridge_deposit_flow
ETH,Poly,eth_flow_0x7808c0ead17f__r7fam02__inst01__synth_noise_src_0,0x7808c0ead17f67b2f8c5db0ab6587154962b57c446c31f6118616e40381749e9,0x001a8ffcb0f03e99141652ebcdecdb0384e3bd6c|0x81910675dbaf69dee0fd77570bfd07f8e436386a|0x88f859db067c45b114897db6920f3e4a61a5ca66,0x81910675dbaf69dee0fd77570bfd07f8e436386a,0x001a8ffcb0f03e99141652ebcdecdb0384e3bd6c,PKR,PKR,0x7808c0ead17f67b2f8c5db0ab6587154962b57c446c31f6118616e40381749e9_PKR,1662011848,1662011848,1,3.30251543609548e+22,33025.1543609548,0.7261683208770775,16.279070,16.279070,0.775000,bridge_deposit_flow
ETH,Poly,eth_flow_0x7808c0ead17f__r7fam02__inst01__synth_noise_src_1,0x7808c0ead17f67b2f8c5db0ab6587154962b57c446c31f6118616e40381749e9,0x001a8ffcb0f03e99141652ebcdecdb0384e3bd6c|0x81910675dbaf69dee0fd77570bfd07f8e436386a|0x88f859db067c45b114897db6920f3e4a61a5ca66,0x81910675dbaf69dee0fd77570bfd07f8e436386a,0x001a8ffcb0f03e99141652ebcdecdb0384e3bd6c,PKR,PKR,0x7808c0ead17f67b2f8c5db0ab6587154962b57c446c31f6118616e40381749e9_PKR,1662011848,1662011848,1,3.30251543609548e+22,33025.1543609548,0.7261683208770775,16.279070,16.279070,0.775000,bridge_deposit_flow
ETH,Poly,eth_flow_0xeebc4db294f1__r7fam03__inst00__synth_split_src,0xeebc4db294f1dbbdf4bfca25bd3dae27e4bfa900f572672b32760d8722ec1d5f,0x001a8ffcb0f03e99141652ebcdecdb0384e3bd6c|0x81910675dbaf69dee0fd77570bfd07f8e436386a|0x88f859db067c45b114897db6920f3e4a61a5ca66,0x81910675dbaf69dee0fd77570bfd07f8e436386a,0x001a8ffcb0f03e99141652ebcdecdb0384e3bd6c,PKR,PKR,0xeebc4db294f1dbbdf4bfca25bd3dae27e4bfa900f572672b32760d8722ec1d5f_PKR,1662633204,1662633204,1,5.313090911183342e+22,53130.90911183342,1.168260491222038,16.279070,16.279070,0.775000,bridge_deposit_flow
ETH,Poly,eth_flow_0xeebc4db294f1__r7fam03__inst00__synth_merge_src1,0xeebc4db294f1dbbdf4bfca25bd3dae27e4bfa900f572672b32760d8722ec1d5f,0x001a8ffcb0f03e99141652ebcdecdb0384e3bd6c|0x81910675dbaf69dee0fd77570bfd07f8e436386a|0x88f859db067c45b114897db6920f3e4a61a5ca66,0x81910675dbaf69dee0fd77570bfd07f8e436386a,0x001a8ffcb0f03e99141652ebcdecdb0384e3bd6c,PKR,PKR,0xeebc4db294f1dbbdf4bfca25bd3dae27e4bfa900f572672b32760d8722ec1d5f_PKR,1662633204,1662633204,1,2.656545455591671e+22,26565.45455591671,0.584130245611019,16.279070,16.279070,0.775000,bridge_deposit_flow
ETH,Poly,eth_flow_0xeebc4db294f1__r7fam03__inst00__synth_merge_src2,0xeebc4db294f1dbbdf4bfca25bd3dae27e4bfa900f572672b32760d8722ec1d5f,0x001a8ffcb0f03e99141652ebcdecdb0384e3bd6c|0x81910675dbaf69dee0fd77570bfd07f8e436386a|0x88f859db067c45b114897db6920f3e4a61a5ca66,0x81910675dbaf69dee0fd77570bfd07f8e436386a,0x001a8ffcb0f03e99141652ebcdecdb0384e3bd6c,PKR,PKR,0xeebc4db294f1dbbdf4bfca25bd3dae27e4bfa900f572672b32760d8722ec1d5f_PKR,1662633204,1662633204,1,2.656545455591671e+22,26565.45455591671,0.584130245611019,16.279070,16.279070,0.775000,bridge_deposit_flow
ETH,Poly,eth_flow_0xeebc4db294f1__r7fam03__inst00__synth_unmatched_src,0xeebc4db294f1dbbdf4bfca25bd3dae27e4bfa900f572672b32760d8722ec1d5f,0x001a8ffcb0f03e99141652ebcdecdb0384e3bd6c|0x81910675dbaf69dee0fd77570bfd07f8e436386a|0x88f859db067c45b114897db6920f3e4a61a5ca66,0x81910675dbaf69dee0fd77570bfd07f8e436386a,0x001a8ffcb0f03e99141652ebcdecdb0384e3bd6c,PKR,PKR,0xeebc4db294f1dbbdf4bfca25bd3dae27e4bfa900f572672b32760d8722ec1d5f_PKR,1662633204,1662633204,1,5.313090911183342e+22,53130.90911183342,1.168260491222038,16.279070,16.279070,0.775000,bridge_deposit_flow
ETH,Poly,eth_flow_0xeebc4db294f1__r7fam03__inst00__synth_noise_src_0,0xeebc4db294f1dbbdf4bfca25bd3dae27e4bfa900f572672b32760d8722ec1d5f,0x001a8ffcb0f03e99141652ebcdecdb0384e3bd6c|0x81910675dbaf69dee0fd77570bfd07f8e436386a|0x88f859db067c45b114897db6920f3e4a61a5ca66,0x81910675dbaf69dee0fd77570bfd07f8e436386a,0x001a8ffcb0f03e99141652ebcdecdb0384e3bd6c,PKR,PKR,0xeebc4db294f1dbbdf4bfca25bd3dae27e4bfa900f572672b32760d8722ec1d5f_PKR,1662633204,1662633204,1,5.313090911183342e+22,53130.90911183342,1.168260491222038,16.279070,16.279070,0.775000,bridge_deposit_flow
ETH,Poly,eth_flow_0xeebc4db294f1__r7fam03__inst00__synth_noise_src_1,0xeebc4db294f1dbbdf4bfca25bd3dae27e4bfa900f572672b32760d8722ec1d5f,0x001a8ffcb0f03e99141652ebcdecdb0384e3bd6c|0x81910675dbaf69dee0fd77570bfd07f8e436386a|0x88f859db067c45b114897db6920f3e4a61a5ca66,0x81910675dbaf69dee0fd77570bfd07f8e436386a,0x001a8ffcb0f03e99141652ebcdecdb0384e3bd6c,PKR,PKR,0xeebc4db294f1dbbdf4bfca25bd3dae27e4bfa900f572672b32760d8722ec1d5f_PKR,1662633204,1662633204,1,5.313090911183342e+22,53130.90911183342,1.168260491222038,16.279070,16.279070,0.775000,bridge_deposit_flow
ETH,Poly,eth_flow_0x5e483a599d62__r7fam03__inst01__synth_split_src,0x5e483a599d62721fb74d42353f793b938d687add40295681ce3217a4653d976d,0x5d285f735998f36631f678ff41fb56a10a4d0429|0x65a8f07bd9a8598e1b5b6c0a88f4779dbc077675|0x81910675dbaf69dee0fd77570bfd07f8e436386a,0x81910675dbaf69dee0fd77570bfd07f8e436386a,0x5d285f735998f36631f678ff41fb56a10a4d0429,MIX,MIX,0x5e483a599d62721fb74d42353f793b938d687add40295681ce3217a4653d976d_MIX,1653041082,1653041082,1,3.165834474075364e+23,316583.44740753644,0.5144939013953239,16.279070,16.279070,0.800000,bridge_deposit_flow
ETH,Poly,eth_flow_0x5e483a599d62__r7fam03__inst01__synth_merge_src1,0x5e483a599d62721fb74d42353f793b938d687add40295681ce3217a4653d976d,0x5d285f735998f36631f678ff41fb56a10a4d0429|0x65a8f07bd9a8598e1b5b6c0a88f4779dbc077675|0x81910675dbaf69dee0fd77570bfd07f8e436386a,0x81910675dbaf69dee0fd77570bfd07f8e436386a,0x5d285f735998f36631f678ff41fb56a10a4d0429,MIX,MIX,0x5e483a599d62721fb74d42353f793b938d687add40295681ce3217a4653d976d_MIX,1653041082,1653041082,1,1.582917237037682e+23,158291.72370376822,0.25724695069766196,16.279070,16.279070,0.800000,bridge_deposit_flow
ETH,Poly,eth_flow_0x5e483a599d62__r7fam03__inst01__synth_merge_src2,0x5e483a599d62721fb74d42353f793b938d687add40295681ce3217a4653d976d,0x5d285f735998f36631f678ff41fb56a10a4d0429|0x65a8f07bd9a8598e1b5b6c0a88f4779dbc077675|0x81910675dbaf69dee0fd77570bfd07f8e436386a,0x81910675dbaf69dee0fd77570bfd07f8e436386a,0x5d285f735998f36631f678ff41fb56a10a4d0429,MIX,MIX,0x5e483a599d62721fb74d42353f793b938d687add40295681ce3217a4653d976d_MIX,1653041082,1653041082,1,1.582917237037682e+23,158291.72370376822,0.25724695069766196,16.279070,16.279070,0.800000,bridge_deposit_flow
ETH,Poly,eth_flow_0x5e483a599d62__r7fam03__inst01__synth_unmatched_src,0x5e483a599d62721fb74d42353f793b938d687add40295681ce3217a4653d976d,0x5d285f735998f36631f678ff41fb56a10a4d0429|0x65a8f07bd9a8598e1b5b6c0a88f4779dbc077675|0x81910675dbaf69dee0fd77570bfd07f8e436386a,0x81910675dbaf69dee0fd77570bfd07f8e436386a,0x5d285f735998f36631f678ff41fb56a10a4d0429,MIX,MIX,0x5e483a599d62721fb74d42353f793b938d687add40295681ce3217a4653d976d_MIX,1653041082,1653041082,1,3.165834474075364e+23,316583.44740753644,0.5144939013953239,16.279070,16.279070,0.800000,bridge_deposit_flow
ETH,Poly,eth_flow_0x5e483a599d62__r7fam03__inst01__synth_noise_src_0,0x5e483a599d62721fb74d42353f793b938d687add40295681ce3217a4653d976d,0x5d285f735998f36631f678ff41fb56a10a4d0429|0x65a8f07bd9a8598e1b5b6c0a88f4779dbc077675|0x81910675dbaf69dee0fd77570bfd07f8e436386a,0x81910675dbaf69dee0fd77570bfd07f8e436386a,0x5d285f735998f36631f678ff41fb56a10a4d0429,MIX,MIX,0x5e483a599d62721fb74d42353f793b938d687add40295681ce3217a4653d976d_MIX,1653041082,1653041082,1,3.165834474075364e+23,316583.44740753644,0.5144939013953239,16.279070,16.279070,0.800000,bridge_deposit_flow
ETH,Poly,eth_flow_0x5e483a599d62__r7fam03__inst01__synth_noise_src_1,0x5e483a599d62721fb74d42353f793b938d687add40295681ce3217a4653d976d,0x5d285f735998f36631f678ff41fb56a10a4d0429|0x65a8f07bd9a8598e1b5b6c0a88f4779dbc077675|0x81910675dbaf69dee0fd77570bfd07f8e436386a,0x81910675dbaf69dee0fd77570bfd07f8e436386a,0x5d285f735998f36631f678ff41fb56a10a4d0429,MIX,MIX,0x5e483a599d62721fb74d42353f793b938d687add40295681ce3217a4653d976d_MIX,1653041082,1653041082,1,3.165834474075364e+23,316583.44740753644,0.5144939013953239,16.279070,16.279070,0.800000,bridge_deposit_flow
ETH,Poly,eth_flow_0xeb86d3cde085__r7fam04__inst00__synth_split_src,0xeb86d3cde08557fbd5fdd875d2abe0ecbada56f8176b90d08646ee7c86c8dc77,0x5d285f735998f36631f678ff41fb56a10a4d0429|0x81910675dbaf69dee0fd77570bfd07f8e436386a|0xcfc387b2d9bb52200d942752f44a41d658ee82de,0x81910675dbaf69dee0fd77570bfd07f8e436386a,0x5d285f735998f36631f678ff41fb56a10a4d0429,MIX,MIX,0xeb86d3cde08557fbd5fdd875d2abe0ecbada56f8176b90d08646ee7c86c8dc77_MIX,1665658379,1665658379,1,8.068392063770899e+23,806839.20637709,1.3112304338302363,16.279070,16.279070,0.775000,bridge_deposit_flow
ETH,Poly,eth_flow_0xeb86d3cde085__r7fam04__inst00__synth_merge_src1,0xeb86d3cde08557fbd5fdd875d2abe0ecbada56f8176b90d08646ee7c86c8dc77,0x5d285f735998f36631f678ff41fb56a10a4d0429|0x81910675dbaf69dee0fd77570bfd07f8e436386a|0xcfc387b2d9bb52200d942752f44a41d658ee82de,0x81910675dbaf69dee0fd77570bfd07f8e436386a,0x5d285f735998f36631f678ff41fb56a10a4d0429,MIX,MIX,0xeb86d3cde08557fbd5fdd875d2abe0ecbada56f8176b90d08646ee7c86c8dc77_MIX,1665658379,1665658379,1,4.0341960318854494e+23,403419.603188545,0.6556152169151181,16.279070,16.279070,0.775000,bridge_deposit_flow
ETH,Poly,eth_flow_0xeb86d3cde085__r7fam04__inst00__synth_merge_src2,0xeb86d3cde08557fbd5fdd875d2abe0ecbada56f8176b90d08646ee7c86c8dc77,0x5d285f735998f36631f678ff41fb56a10a4d0429|0x81910675dbaf69dee0fd77570bfd07f8e436386a|0xcfc387b2d9bb52200d942752f44a41d658ee82de,0x81910675dbaf69dee0fd77570bfd07f8e436386a,0x5d285f735998f36631f678ff41fb56a10a4d0429,MIX,MIX,0xeb86d3cde08557fbd5fdd875d2abe0ecbada56f8176b90d08646ee7c86c8dc77_MIX,1665658379,1665658379,1,4.0341960318854494e+23,403419.603188545,0.6556152169151181,16.279070,16.279070,0.775000,bridge_deposit_flow
ETH,Poly,eth_flow_0xeb86d3cde085__r7fam04__inst00__synth_unmatched_src,0xeb86d3cde08557fbd5fdd875d2abe0ecbada56f8176b90d08646ee7c86c8dc77,0x5d285f735998f36631f678ff41fb56a10a4d0429|0x81910675dbaf69dee0fd77570bfd07f8e436386a|0xcfc387b2d9bb52200d942752f44a41d658ee82de,0x81910675dbaf69dee0fd77570bfd07f8e436386a,0x5d285f735998f36631f678ff41fb56a10a4d0429,MIX,MIX,0xeb86d3cde08557fbd5fdd875d2abe0ecbada56f8176b90d08646ee7c86c8dc77_MIX,1665658379,1665658379,1,8.068392063770899e+23,806839.20637709,1.3112304338302363,16.279070,16.279070,0.775000,bridge_deposit_flow
ETH,Poly,eth_flow_0xeb86d3cde085__r7fam04__inst00__synth_noise_src_0,0xeb86d3cde08557fbd5fdd875d2abe0ecbada56f8176b90d08646ee7c86c8dc77,0x5d285f735998f36631f678ff41fb56a10a4d0429|0x81910675dbaf69dee0fd77570bfd07f8e436386a|0xcfc387b2d9bb52200d942752f44a41d658ee82de,0x81910675dbaf69dee0fd77570bfd07f8e436386a,0x5d285f735998f36631f678ff41fb56a10a4d0429,MIX,MIX,0xeb86d3cde08557fbd5fdd875d2abe0ecbada56f8176b90d08646ee7c86c8dc77_MIX,1665658379,1665658379,1,8.068392063770899e+23,806839.20637709,1.3112304338302363,16.279070,16.279070,0.775000,bridge_deposit_flow
ETH,Poly,eth_flow_0xeb86d3cde085__r7fam04__inst00__synth_noise_src_1,0xeb86d3cde08557fbd5fdd875d2abe0ecbada56f8176b90d08646ee7c86c8dc77,0x5d285f735998f36631f678ff41fb56a10a4d0429|0x81910675dbaf69dee0fd77570bfd07f8e436386a|0xcfc387b2d9bb52200d942752f44a41d658ee82de,0x81910675dbaf69dee0fd77570bfd07f8e436386a,0x5d285f735998f36631f678ff41fb56a10a4d0429,MIX,MIX,0xeb86d3cde08557fbd5fdd875d2abe0ecbada56f8176b90d08646ee7c86c8dc77_MIX,1665658379,1665658379,1,8.068392063770899e+23,806839.20637709,1.3112304338302363,16.279070,16.279070,0.775000,bridge_deposit_flow
ETH,Poly,eth_flow_0x3a72a678a59f__r7fam04__inst01__synth_split_src,0x3a72a678a59f28ad828ca12d428ff40973528f1a9160e969165c79e3036862e1,0x001a8ffcb0f03e99141652ebcdecdb0384e3bd6c|0x81910675dbaf69dee0fd77570bfd07f8e436386a|0xd54e4f8a55247487dd7c8c59f14ee5c0c2889477,0x81910675dbaf69dee0fd77570bfd07f8e436386a,0x001a8ffcb0f03e99141652ebcdecdb0384e3bd6c,PKR,PKR,0x3a72a678a59f28ad828ca12d428ff40973528f1a9160e969165c79e3036862e1_PKR,1667406455,1667406455,1,7.587943070153122e+22,75879.43070153122,1.6684627172185136,16.279070,16.279070,0.775000,bridge_deposit_flow
ETH,Poly,eth_flow_0x3a72a678a59f__r7fam04__inst01__synth_merge_src1,0x3a72a678a59f28ad828ca12d428ff40973528f1a9160e969165c79e3036862e1,0x001a8ffcb0f03e99141652ebcdecdb0384e3bd6c|0x81910675dbaf69dee0fd77570bfd07f8e436386a|0xd54e4f8a55247487dd7c8c59f14ee5c0c2889477,0x81910675dbaf69dee0fd77570bfd07f8e436386a,0x001a8ffcb0f03e99141652ebcdecdb0384e3bd6c,PKR,PKR,0x3a72a678a59f28ad828ca12d428ff40973528f1a9160e969165c79e3036862e1_PKR,1667406455,1667406455,1,3.793971535076561e+22,37939.71535076561,0.8342313586092568,16.279070,16.279070,0.775000,bridge_deposit_flow
ETH,Poly,eth_flow_0x3a72a678a59f__r7fam04__inst01__synth_merge_src2,0x3a72a678a59f28ad828ca12d428ff40973528f1a9160e969165c79e3036862e1,0x001a8ffcb0f03e99141652ebcdecdb0384e3bd6c|0x81910675dbaf69dee0fd77570bfd07f8e436386a|0xd54e4f8a55247487dd7c8c59f14ee5c0c2889477,0x81910675dbaf69dee0fd77570bfd07f8e436386a,0x001a8ffcb0f03e99141652ebcdecdb0384e3bd6c,PKR,PKR,0x3a72a678a59f28ad828ca12d428ff40973528f1a9160e969165c79e3036862e1_PKR,1667406455,1667406455,1,3.793971535076561e+22,37939.71535076561,0.8342313586092568,16.279070,16.279070,0.775000,bridge_deposit_flow
ETH,Poly,eth_flow_0x3a72a678a59f__r7fam04__inst01__synth_unmatched_src,0x3a72a678a59f28ad828ca12d428ff40973528f1a9160e969165c79e3036862e1,0x001a8ffcb0f03e99141652ebcdecdb0384e3bd6c|0x81910675dbaf69dee0fd77570bfd07f8e436386a|0xd54e4f8a55247487dd7c8c59f14ee5c0c2889477,0x81910675dbaf69dee0fd77570bfd07f8e436386a,0x001a8ffcb0f03e99141652ebcdecdb0384e3bd6c,PKR,PKR,0x3a72a678a59f28ad828ca12d428ff40973528f1a9160e969165c79e3036862e1_PKR,1667406455,1667406455,1,7.587943070153122e+22,75879.43070153122,1.6684627172185136,16.279070,16.279070,0.775000,bridge_deposit_flow
ETH,Poly,eth_flow_0x3a72a678a59f__r7fam04__inst01__synth_noise_src_0,0x3a72a678a59f28ad828ca12d428ff40973528f1a9160e969165c79e3036862e1,0x001a8ffcb0f03e99141652ebcdecdb0384e3bd6c|0x81910675dbaf69dee0fd77570bfd07f8e436386a|0xd54e4f8a55247487dd7c8c59f14ee5c0c2889477,0x81910675dbaf69dee0fd77570bfd07f8e436386a,0x001a8ffcb0f03e99141652ebcdecdb0384e3bd6c,PKR,PKR,0x3a72a678a59f28ad828ca12d428ff40973528f1a9160e969165c79e3036862e1_PKR,1667406455,1667406455,1,7.587943070153122e+22,75879.43070153122,1.6684627172185136,16.279070,16.279070,0.775000,bridge_deposit_flow
ETH,Poly,eth_flow_0x3a72a678a59f__r7fam04__inst01__synth_noise_src_1,0x3a72a678a59f28ad828ca12d428ff40973528f1a9160e969165c79e3036862e1,0x001a8ffcb0f03e99141652ebcdecdb0384e3bd6c|0x81910675dbaf69dee0fd77570bfd07f8e436386a|0xd54e4f8a55247487dd7c8c59f14ee5c0c2889477,0x81910675dbaf69dee0fd77570bfd07f8e436386a,0x001a8ffcb0f03e99141652ebcdecdb0384e3bd6c,PKR,PKR,0x3a72a678a59f28ad828ca12d428ff40973528f1a9160e969165c79e3036862e1_PKR,1667406455,1667406455,1,7.587943070153122e+22,75879.43070153122,1.6684627172185136,16.279070,16.279070,0.775000,bridge_deposit_flow
ETH,Poly,eth_flow_0xafeea0a8bb33__r7fam05__inst00__synth_split_src,0xafeea0a8bb3361e76a30c1e4eca7ecfbedf54c1fee614f09418cb51e92bf8f50,0x5d285f735998f36631f678ff41fb56a10a4d0429|0x81910675dbaf69dee0fd77570bfd07f8e436386a|0xf2ce52e3d0eb5d237341c9a75ca24647d87d7e55,0x81910675dbaf69dee0fd77570bfd07f8e436386a,0x5d285f735998f36631f678ff41fb56a10a4d0429,MIX,MIX,0xafeea0a8bb3361e76a30c1e4eca7ecfbedf54c1fee614f09418cb51e92bf8f50_MIX,1649470849,1649470849,1,5.7151951123002686e+23,571519.511230027,0.9288018860877606,16.279070,16.279070,0.800000,bridge_deposit_flow
ETH,Poly,eth_flow_0xafeea0a8bb33__r7fam05__inst00__synth_merge_src1,0xafeea0a8bb3361e76a30c1e4eca7ecfbedf54c1fee614f09418cb51e92bf8f50,0x5d285f735998f36631f678ff41fb56a10a4d0429|0x81910675dbaf69dee0fd77570bfd07f8e436386a|0xf2ce52e3d0eb5d237341c9a75ca24647d87d7e55,0x81910675dbaf69dee0fd77570bfd07f8e436386a,0x5d285f735998f36631f678ff41fb56a10a4d0429,MIX,MIX,0xafeea0a8bb3361e76a30c1e4eca7ecfbedf54c1fee614f09418cb51e92bf8f50_MIX,1649470849,1649470849,1,2.8575975561501343e+23,285759.7556150135,0.4644009430438803,16.279070,16.279070,0.800000,bridge_deposit_flow
ETH,Poly,eth_flow_0xafeea0a8bb33__r7fam05__inst00__synth_merge_src2,0xafeea0a8bb3361e76a30c1e4eca7ecfbedf54c1fee614f09418cb51e92bf8f50,0x5d285f735998f36631f678ff41fb56a10a4d0429|0x81910675dbaf69dee0fd77570bfd07f8e436386a|0xf2ce52e3d0eb5d237341c9a75ca24647d87d7e55,0x81910675dbaf69dee0fd77570bfd07f8e436386a,0x5d285f735998f36631f678ff41fb56a10a4d0429,MIX,MIX,0xafeea0a8bb3361e76a30c1e4eca7ecfbedf54c1fee614f09418cb51e92bf8f50_MIX,1649470849,1649470849,1,2.8575975561501343e+23,285759.7556150135,0.4644009430438803,16.279070,16.279070,0.800000,bridge_deposit_flow
ETH,Poly,eth_flow_0xafeea0a8bb33__r7fam05__inst00__synth_unmatched_src,0xafeea0a8bb3361e76a30c1e4eca7ecfbedf54c1fee614f09418cb51e92bf8f50,0x5d285f735998f36631f678ff41fb56a10a4d0429|0x81910675dbaf69dee0fd77570bfd07f8e436386a|0xf2ce52e3d0eb5d237341c9a75ca24647d87d7e55,0x81910675dbaf69dee0fd77570bfd07f8e436386a,0x5d285f735998f36631f678ff41fb56a10a4d0429,MIX,MIX,0xafeea0a8bb3361e76a30c1e4eca7ecfbedf54c1fee614f09418cb51e92bf8f50_MIX,1649470849,1649470849,1,5.7151951123002686e+23,571519.511230027,0.9288018860877606,16.279070,16.279070,0.800000,bridge_deposit_flow
ETH,Poly,eth_flow_0xafeea0a8bb33__r7fam05__inst00__synth_noise_src_0,0xafeea0a8bb3361e76a30c1e4eca7ecfbedf54c1fee614f09418cb51e92bf8f50,0x5d285f735998f36631f678ff41fb56a10a4d0429|0x81910675dbaf69dee0fd77570bfd07f8e436386a|0xf2ce52e3d0eb5d237341c9a75ca24647d87d7e55,0x81910675dbaf69dee0fd77570bfd07f8e436386a,0x5d285f735998f36631f678ff41fb56a10a4d0429,MIX,MIX,0xafeea0a8bb3361e76a30c1e4eca7ecfbedf54c1fee614f09418cb51e92bf8f50_MIX,1649470849,1649470849,1,5.7151951123002686e+23,571519.511230027,0.9288018860877606,16.279070,16.279070,0.800000,bridge_deposit_flow
ETH,Poly,eth_flow_0xafeea0a8bb33__r7fam05__inst00__synth_noise_src_1,0xafeea0a8bb3361e76a30c1e4eca7ecfbedf54c1fee614f09418cb51e92bf8f50,0x5d285f735998f36631f678ff41fb56a10a4d0429|0x81910675dbaf69dee0fd77570bfd07f8e436386a|0xf2ce52e3d0eb5d237341c9a75ca24647d87d7e55,0x81910675dbaf69dee0fd77570bfd07f8e436386a,0x5d285f735998f36631f678ff41fb56a10a4d0429,MIX,MIX,0xafeea0a8bb3361e76a30c1e4eca7ecfbedf54c1fee614f09418cb51e92bf8f50_MIX,1649470849,1649470849,1,5.7151951123002686e+23,571519.511230027,0.9288018860877606,16.279070,16.279070,0.800000,bridge_deposit_flow
ETH,Poly,eth_flow_0x1a2e8d421e3a__r7fam05__inst01__synth_split_src,0x1a2e8d421e3a15c6d2f1e835720a6bc97038260a7971531bdd25a70e308b0649,0x001a8ffcb0f03e99141652ebcdecdb0384e3bd6c|0x81910675dbaf69dee0fd77570bfd07f8e436386a|0x88f859db067c45b114897db6920f3e4a61a5ca66,0x81910675dbaf69dee0fd77570bfd07f8e436386a,0x001a8ffcb0f03e99141652ebcdecdb0384e3bd6c,PKR,PKR,0x1a2e8d421e3a15c6d2f1e835720a6bc97038260a7971531bdd25a70e308b0649_PKR,1666906703,1666906703,1,5.657560784693202e+22,56575.60784693203,1.2440036980229534,16.279070,16.279070,0.775000,bridge_deposit_flow
ETH,Poly,eth_flow_0x1a2e8d421e3a__r7fam05__inst01__synth_merge_src1,0x1a2e8d421e3a15c6d2f1e835720a6bc97038260a7971531bdd25a70e308b0649,0x001a8ffcb0f03e99141652ebcdecdb0384e3bd6c|0x81910675dbaf69dee0fd77570bfd07f8e436386a|0x88f859db067c45b114897db6920f3e4a61a5ca66,0x81910675dbaf69dee0fd77570bfd07f8e436386a,0x001a8ffcb0f03e99141652ebcdecdb0384e3bd6c,PKR,PKR,0x1a2e8d421e3a15c6d2f1e835720a6bc97038260a7971531bdd25a70e308b0649_PKR,1666906703,1666906703,1,2.828780392346601e+22,28287.803923466014,0.6220018490114767,16.279070,16.279070,0.775000,bridge_deposit_flow
ETH,Poly,eth_flow_0x1a2e8d421e3a__r7fam05__inst01__synth_merge_src2,0x1a2e8d421e3a15c6d2f1e835720a6bc97038260a7971531bdd25a70e308b0649,0x001a8ffcb0f03e99141652ebcdecdb0384e3bd6c|0x81910675dbaf69dee0fd77570bfd07f8e436386a|0x88f859db067c45b114897db6920f3e4a61a5ca66,0x81910675dbaf69dee0fd77570bfd07f8e436386a,0x001a8ffcb0f03e99141652ebcdecdb0384e3bd6c,PKR,PKR,0x1a2e8d421e3a15c6d2f1e835720a6bc97038260a7971531bdd25a70e308b0649_PKR,1666906703,1666906703,1,2.828780392346601e+22,28287.803923466014,0.6220018490114767,16.279070,16.279070,0.775000,bridge_deposit_flow
ETH,Poly,eth_flow_0x1a2e8d421e3a__r7fam05__inst01__synth_unmatched_src,0x1a2e8d421e3a15c6d2f1e835720a6bc97038260a7971531bdd25a70e308b0649,0x001a8ffcb0f03e99141652ebcdecdb0384e3bd6c|0x81910675dbaf69dee0fd77570bfd07f8e436386a|0x88f859db067c45b114897db6920f3e4a61a5ca66,0x81910675dbaf69dee0fd77570bfd07f8e436386a,0x001a8ffcb0f03e99141652ebcdecdb0384e3bd6c,PKR,PKR,0x1a2e8d421e3a15c6d2f1e835720a6bc97038260a7971531bdd25a70e308b0649_PKR,1666906703,1666906703,1,5.657560784693202e+22,56575.60784693203,1.2440036980229534,16.279070,16.279070,0.775000,bridge_deposit_flow
ETH,Poly,eth_flow_0x1a2e8d421e3a__r7fam05__inst01__synth_noise_src_0,0x1a2e8d421e3a15c6d2f1e835720a6bc97038260a7971531bdd25a70e308b0649,0x001a8ffcb0f03e99141652ebcdecdb0384e3bd6c|0x81910675dbaf69dee0fd77570bfd07f8e436386a|0x88f859db067c45b114897db6920f3e4a61a5ca66,0x81910675dbaf69dee0fd77570bfd07f8e436386a,0x001a8ffcb0f03e99141652ebcdecdb0384e3bd6c,PKR,PKR,0x1a2e8d421e3a15c6d2f1e835720a6bc97038260a7971531bdd25a70e308b0649_PKR,1666906703,1666906703,1,5.657560784693202e+22,56575.60784693203,1.2440036980229534,16.279070,16.279070,0.775000,bridge_deposit_flow
ETH,Poly,eth_flow_0x1a2e8d421e3a__r7fam05__inst01__synth_noise_src_1,0x1a2e8d421e3a15c6d2f1e835720a6bc97038260a7971531bdd25a70e308b0649,0x001a8ffcb0f03e99141652ebcdecdb0384e3bd6c|0x81910675dbaf69dee0fd77570bfd07f8e436386a|0x88f859db067c45b114897db6920f3e4a61a5ca66,0x81910675dbaf69dee0fd77570bfd07f8e436386a,0x001a8ffcb0f03e99141652ebcdecdb0384e3bd6c,PKR,PKR,0x1a2e8d421e3a15c6d2f1e835720a6bc97038260a7971531bdd25a70e308b0649_PKR,1666906703,1666906703,1,5.657560784693202e+22,56575.60784693203,1.2440036980229534,16.279070,16.279070,0.775000,bridge_deposit_flow
ETH,Poly,eth_flow_0x7a72df4b2853__r7fam06__inst00__synth_split_src,0x7a72df4b2853a057dba5dc98f7facfe17b5bda8ea516f323ec7dc0bd62a4ca33,0x5d285f735998f36631f678ff41fb56a10a4d0429|0x81910675dbaf69dee0fd77570bfd07f8e436386a|0xb2d1403bb003483331af09de2bd5d5d2803a1507,0x81910675dbaf69dee0fd77570bfd07f8e436386a,0x5d285f735998f36631f678ff41fb56a10a4d0429,MIX,MIX,0x7a72df4b2853a057dba5dc98f7facfe17b5bda8ea516f323ec7dc0bd62a4ca33_MIX,1646143047,1646143047,1,2.054434751e+24,2054434.751,3.3387536804584004,16.279070,16.279070,0.800000,bridge_deposit_flow
ETH,Poly,eth_flow_0x7a72df4b2853__r7fam06__inst00__synth_merge_src1,0x7a72df4b2853a057dba5dc98f7facfe17b5bda8ea516f323ec7dc0bd62a4ca33,0x5d285f735998f36631f678ff41fb56a10a4d0429|0x81910675dbaf69dee0fd77570bfd07f8e436386a|0xb2d1403bb003483331af09de2bd5d5d2803a1507,0x81910675dbaf69dee0fd77570bfd07f8e436386a,0x5d285f735998f36631f678ff41fb56a10a4d0429,MIX,MIX,0x7a72df4b2853a057dba5dc98f7facfe17b5bda8ea516f323ec7dc0bd62a4ca33_MIX,1646143047,1646143047,1,1.0272173755e+24,1027217.3755,1.6693768402292002,16.279070,16.279070,0.800000,bridge_deposit_flow
ETH,Poly,eth_flow_0x7a72df4b2853__r7fam06__inst00__synth_merge_src2,0x7a72df4b2853a057dba5dc98f7facfe17b5bda8ea516f323ec7dc0bd62a4ca33,0x5d285f735998f36631f678ff41fb56a10a4d0429|0x81910675dbaf69dee0fd77570bfd07f8e436386a|0xb2d1403bb003483331af09de2bd5d5d2803a1507,0x81910675dbaf69dee0fd77570bfd07f8e436386a,0x5d285f735998f36631f678ff41fb56a10a4d0429,MIX,MIX,0x7a72df4b2853a057dba5dc98f7facfe17b5bda8ea516f323ec7dc0bd62a4ca33_MIX,1646143047,1646143047,1,1.0272173755e+24,1027217.3755,1.6693768402292002,16.279070,16.279070,0.800000,bridge_deposit_flow
ETH,Poly,eth_flow_0x7a72df4b2853__r7fam06__inst00__synth_unmatched_src,0x7a72df4b2853a057dba5dc98f7facfe17b5bda8ea516f323ec7dc0bd62a4ca33,0x5d285f735998f36631f678ff41fb56a10a4d0429|0x81910675dbaf69dee0fd77570bfd07f8e436386a|0xb2d1403bb003483331af09de2bd5d5d2803a1507,0x81910675dbaf69dee0fd77570bfd07f8e436386a,0x5d285f735998f36631f678ff41fb56a10a4d0429,MIX,MIX,0x7a72df4b2853a057dba5dc98f7facfe17b5bda8ea516f323ec7dc0bd62a4ca33_MIX,1646143047,1646143047,1,2.054434751e+24,2054434.751,3.3387536804584004,16.279070,16.279070,0.800000,bridge_deposit_flow
ETH,Poly,eth_flow_0x7a72df4b2853__r7fam06__inst00__synth_noise_src_0,0x7a72df4b2853a057dba5dc98f7facfe17b5bda8ea516f323ec7dc0bd62a4ca33,0x5d285f735998f36631f678ff41fb56a10a4d0429|0x81910675dbaf69dee0fd77570bfd07f8e436386a|0xb2d1403bb003483331af09de2bd5d5d2803a1507,0x81910675dbaf69dee0fd77570bfd07f8e436386a,0x5d285f735998f36631f678ff41fb56a10a4d0429,MIX,MIX,0x7a72df4b2853a057dba5dc98f7facfe17b5bda8ea516f323ec7dc0bd62a4ca33_MIX,1646143047,1646143047,1,2.054434751e+24,2054434.751,3.3387536804584004,16.279070,16.279070,0.800000,bridge_deposit_flow
ETH,Poly,eth_flow_0x7a72df4b2853__r7fam06__inst00__synth_noise_src_1,0x7a72df4b2853a057dba5dc98f7facfe17b5bda8ea516f323ec7dc0bd62a4ca33,0x5d285f735998f36631f678ff41fb56a10a4d0429|0x81910675dbaf69dee0fd77570bfd07f8e436386a|0xb2d1403bb003483331af09de2bd5d5d2803a1507,0x81910675dbaf69dee0fd77570bfd07f8e436386a,0x5d285f735998f36631f678ff41fb56a10a4d0429,MIX,MIX,0x7a72df4b2853a057dba5dc98f7facfe17b5bda8ea516f323ec7dc0bd62a4ca33_MIX,1646143047,1646143047,1,2.054434751e+24,2054434.751,3.3387536804584004,16.279070,16.279070,0.800000,bridge_deposit_flow
ETH,Poly,eth_flow_0xbb61e04f3843__r7fam06__inst01__synth_split_src,0xbb61e04f3843535c02dd5d7cef472f6f1e23e1aa5c9b6d6a9593ee437aee0f9d,0x81910675dbaf69dee0fd77570bfd07f8e436386a|0x9e32b13ce7f2e80a01932b42553652e053d6ed8e|0xda1796b7dd6ed1369f323cd2a7ea408128d3a1b7,0x81910675dbaf69dee0fd77570bfd07f8e436386a,0x9e32b13ce7f2e80a01932b42553652e053d6ed8e,Metis,Metis,0xbb61e04f3843535c02dd5d7cef472f6f1e23e1aa5c9b6d6a9593ee437aee0f9d_Metis,1647210636,1647210636,1,5.441577397199466e+18,5.441577397199467,14.797414942189093,0.000000,0.000000,0.800000,bridge_deposit_flow
ETH,Poly,eth_flow_0xbb61e04f3843__r7fam06__inst01__synth_merge_src1,0xbb61e04f3843535c02dd5d7cef472f6f1e23e1aa5c9b6d6a9593ee437aee0f9d,0x81910675dbaf69dee0fd77570bfd07f8e436386a|0x9e32b13ce7f2e80a01932b42553652e053d6ed8e|0xda1796b7dd6ed1369f323cd2a7ea408128d3a1b7,0x81910675dbaf69dee0fd77570bfd07f8e436386a,0x9e32b13ce7f2e80a01932b42553652e053d6ed8e,Metis,Metis,0xbb61e04f3843535c02dd5d7cef472f6f1e23e1aa5c9b6d6a9593ee437aee0f9d_Metis,1647210636,1647210636,1,2.720788698599733e+18,2.7207886985997334,7.398707471094546,0.000000,0.000000,0.800000,bridge_deposit_flow
ETH,Poly,eth_flow_0xbb61e04f3843__r7fam06__inst01__synth_merge_src2,0xbb61e04f3843535c02dd5d7cef472f6f1e23e1aa5c9b6d6a9593ee437aee0f9d,0x81910675dbaf69dee0fd77570bfd07f8e436386a|0x9e32b13ce7f2e80a01932b42553652e053d6ed8e|0xda1796b7dd6ed1369f323cd2a7ea408128d3a1b7,0x81910675dbaf69dee0fd77570bfd07f8e436386a,0x9e32b13ce7f2e80a01932b42553652e053d6ed8e,Metis,Metis,0xbb61e04f3843535c02dd5d7cef472f6f1e23e1aa5c9b6d6a9593ee437aee0f9d_Metis,1647210636,1647210636,1,2.720788698599733e+18,2.7207886985997334,7.398707471094546,0.000000,0.000000,0.800000,bridge_deposit_flow
ETH,Poly,eth_flow_0xbb61e04f3843__r7fam06__inst01__synth_unmatched_src,0xbb61e04f3843535c02dd5d7cef472f6f1e23e1aa5c9b6d6a9593ee437aee0f9d,0x81910675dbaf69dee0fd77570bfd07f8e436386a|0x9e32b13ce7f2e80a01932b42553652e053d6ed8e|0xda1796b7dd6ed1369f323cd2a7ea408128d3a1b7,0x81910675dbaf69dee0fd77570bfd07f8e436386a,0x9e32b13ce7f2e80a01932b42553652e053d6ed8e,Metis,Metis,0xbb61e04f3843535c02dd5d7cef472f6f1e23e1aa5c9b6d6a9593ee437aee0f9d_Metis,1647210636,1647210636,1,5.441577397199466e+18,5.441577397199467,14.797414942189093,0.000000,0.000000,0.800000,bridge_deposit_flow
ETH,Poly,eth_flow_0xbb61e04f3843__r7fam06__inst01__synth_noise_src_0,0xbb61e04f3843535c02dd5d7cef472f6f1e23e1aa5c9b6d6a9593ee437aee0f9d,0x81910675dbaf69dee0fd77570bfd07f8e436386a|0x9e32b13ce7f2e80a01932b42553652e053d6ed8e|0xda1796b7dd6ed1369f323cd2a7ea408128d3a1b7,0x81910675dbaf69dee0fd77570bfd07f8e436386a,0x9e32b13ce7f2e80a01932b42553652e053d6ed8e,Metis,Metis,0xbb61e04f3843535c02dd5d7cef472f6f1e23e1aa5c9b6d6a9593ee437aee0f9d_Metis,1647210636,1647210636,1,5.441577397199466e+18,5.441577397199467,14.797414942189093,0.000000,0.000000,0.800000,bridge_deposit_flow
ETH,Poly,eth_flow_0xbb61e04f3843__r7fam06__inst01__synth_noise_src_1,0xbb61e04f3843535c02dd5d7cef472f6f1e23e1aa5c9b6d6a9593ee437aee0f9d,0x81910675dbaf69dee0fd77570bfd07f8e436386a|0x9e32b13ce7f2e80a01932b42553652e053d6ed8e|0xda1796b7dd6ed1369f323cd2a7ea408128d3a1b7,0x81910675dbaf69dee0fd77570bfd07f8e436386a,0x9e32b13ce7f2e80a01932b42553652e053d6ed8e,Metis,Metis,0xbb61e04f3843535c02dd5d7cef472f6f1e23e1aa5c9b6d6a9593ee437aee0f9d_Metis,1647210636,1647210636,1,5.441577397199466e+18,5.441577397199467,14.797414942189093,0.000000,0.000000,0.800000,bridge_deposit_flow
ETH,Poly,eth_flow_0x7cd9c0ae4455__r7fam07__inst00__synth_split_src,0x7cd9c0ae4455a3183449e148bfaaada4616fa8414126bdd54ca2e32cef2d7e73,0x001a8ffcb0f03e99141652ebcdecdb0384e3bd6c|0x1457158b51acfa762506add16c87760a2fefbdac|0x81910675dbaf69dee0fd77570bfd07f8e436386a,0x81910675dbaf69dee0fd77570bfd07f8e436386a,0x001a8ffcb0f03e99141652ebcdecdb0384e3bd6c,PKR,PKR,0x7cd9c0ae4455a3183449e148bfaaada4616fa8414126bdd54ca2e32cef2d7e73_PKR,1650021178,1650021178,1,2.1548760551724136e+23,215487.60551724135,4.738214724388443,16.279070,16.279070,0.800000,bridge_deposit_flow
ETH,Poly,eth_flow_0x7cd9c0ae4455__r7fam07__inst00__synth_merge_src1,0x7cd9c0ae4455a3183449e148bfaaada4616fa8414126bdd54ca2e32cef2d7e73,0x001a8ffcb0f03e99141652ebcdecdb0384e3bd6c|0x1457158b51acfa762506add16c87760a2fefbdac|0x81910675dbaf69dee0fd77570bfd07f8e436386a,0x81910675dbaf69dee0fd77570bfd07f8e436386a,0x001a8ffcb0f03e99141652ebcdecdb0384e3bd6c,PKR,PKR,0x7cd9c0ae4455a3183449e148bfaaada4616fa8414126bdd54ca2e32cef2d7e73_PKR,1650021178,1650021178,1,1.0774380275862068e+23,107743.80275862067,2.3691073621942214,16.279070,16.279070,0.800000,bridge_deposit_flow
ETH,Poly,eth_flow_0x7cd9c0ae4455__r7fam07__inst00__synth_merge_src2,0x7cd9c0ae4455a3183449e148bfaaada4616fa8414126bdd54ca2e32cef2d7e73,0x001a8ffcb0f03e99141652ebcdecdb0384e3bd6c|0x1457158b51acfa762506add16c87760a2fefbdac|0x81910675dbaf69dee0fd77570bfd07f8e436386a,0x81910675dbaf69dee0fd77570bfd07f8e436386a,0x001a8ffcb0f03e99141652ebcdecdb0384e3bd6c,PKR,PKR,0x7cd9c0ae4455a3183449e148bfaaada4616fa8414126bdd54ca2e32cef2d7e73_PKR,1650021178,1650021178,1,1.0774380275862068e+23,107743.80275862067,2.3691073621942214,16.279070,16.279070,0.800000,bridge_deposit_flow
ETH,Poly,eth_flow_0x7cd9c0ae4455__r7fam07__inst00__synth_unmatched_src,0x7cd9c0ae4455a3183449e148bfaaada4616fa8414126bdd54ca2e32cef2d7e73,0x001a8ffcb0f03e99141652ebcdecdb0384e3bd6c|0x1457158b51acfa762506add16c87760a2fefbdac|0x81910675dbaf69dee0fd77570bfd07f8e436386a,0x81910675dbaf69dee0fd77570bfd07f8e436386a,0x001a8ffcb0f03e99141652ebcdecdb0384e3bd6c,PKR,PKR,0x7cd9c0ae4455a3183449e148bfaaada4616fa8414126bdd54ca2e32cef2d7e73_PKR,1650021178,1650021178,1,2.1548760551724136e+23,215487.60551724135,4.738214724388443,16.279070,16.279070,0.800000,bridge_deposit_flow
ETH,Poly,eth_flow_0x7cd9c0ae4455__r7fam07__inst00__synth_noise_src_0,0x7cd9c0ae4455a3183449e148bfaaada4616fa8414126bdd54ca2e32cef2d7e73,0x001a8ffcb0f03e99141652ebcdecdb0384e3bd6c|0x1457158b51acfa762506add16c87760a2fefbdac|0x81910675dbaf69dee0fd77570bfd07f8e436386a,0x81910675dbaf69dee0fd77570bfd07f8e436386a,0x001a8ffcb0f03e99141652ebcdecdb0384e3bd6c,PKR,PKR,0x7cd9c0ae4455a3183449e148bfaaada4616fa8414126bdd54ca2e32cef2d7e73_PKR,1650021178,1650021178,1,2.1548760551724136e+23,215487.60551724135,4.738214724388443,16.279070,16.279070,0.800000,bridge_deposit_flow
ETH,Poly,eth_flow_0x7cd9c0ae4455__r7fam07__inst00__synth_noise_src_1,0x7cd9c0ae4455a3183449e148bfaaada4616fa8414126bdd54ca2e32cef2d7e73,0x001a8ffcb0f03e99141652ebcdecdb0384e3bd6c|0x1457158b51acfa762506add16c87760a2fefbdac|0x81910675dbaf69dee0fd77570bfd07f8e436386a,0x81910675dbaf69dee0fd77570bfd07f8e436386a,0x001a8ffcb0f03e99141652ebcdecdb0384e3bd6c,PKR,PKR,0x7cd9c0ae4455a3183449e148bfaaada4616fa8414126bdd54ca2e32cef2d7e73_PKR,1650021178,1650021178,1,2.1548760551724136e+23,215487.60551724135,4.738214724388443,16.279070,16.279070,0.800000,bridge_deposit_flow
ETH,Poly,eth_flow_0x22c46de797e4__r7fam07__inst01__synth_split_src,0x22c46de797e431133f3f8feedf66d4b8480609361f4b248a77bb6ba573edfc81,0x6fd3ba02d46f0cd64dc40dc945d2229ea5824255|0x81910675dbaf69dee0fd77570bfd07f8e436386a|0x9e32b13ce7f2e80a01932b42553652e053d6ed8e,0x81910675dbaf69dee0fd77570bfd07f8e436386a,0x9e32b13ce7f2e80a01932b42553652e053d6ed8e,Metis,Metis,0x22c46de797e431133f3f8feedf66d4b8480609361f4b248a77bb6ba573edfc81_Metis,1647181986,1647181986,1,6.613966533240999e+18,6.613966533240999,17.985521488031758,0.000000,0.000000,0.800000,bridge_deposit_flow
ETH,Poly,eth_flow_0x22c46de797e4__r7fam07__inst01__synth_merge_src1,0x22c46de797e431133f3f8feedf66d4b8480609361f4b248a77bb6ba573edfc81,0x6fd3ba02d46f0cd64dc40dc945d2229ea5824255|0x81910675dbaf69dee0fd77570bfd07f8e436386a|0x9e32b13ce7f2e80a01932b42553652e053d6ed8e,0x81910675dbaf69dee0fd77570bfd07f8e436386a,0x9e32b13ce7f2e80a01932b42553652e053d6ed8e,Metis,Metis,0x22c46de797e431133f3f8feedf66d4b8480609361f4b248a77bb6ba573edfc81_Metis,1647181986,1647181986,1,3.3069832666204995e+18,3.3069832666204997,8.992760744015879,0.000000,0.000000,0.800000,bridge_deposit_flow
ETH,Poly,eth_flow_0x22c46de797e4__r7fam07__inst01__synth_merge_src2,0x22c46de797e431133f3f8feedf66d4b8480609361f4b248a77bb6ba573edfc81,0x6fd3ba02d46f0cd64dc40dc945d2229ea5824255|0x81910675dbaf69dee0fd77570bfd07f8e436386a|0x9e32b13ce7f2e80a01932b42553652e053d6ed8e,0x81910675dbaf69dee0fd77570bfd07f8e436386a,0x9e32b13ce7f2e80a01932b42553652e053d6ed8e,Metis,Metis,0x22c46de797e431133f3f8feedf66d4b8480609361f4b248a77bb6ba573edfc81_Metis,1647181986,1647181986,1,3.3069832666204995e+18,3.3069832666204997,8.992760744015879,0.000000,0.000000,0.800000,bridge_deposit_flow
ETH,Poly,eth_flow_0x22c46de797e4__r7fam07__inst01__synth_unmatched_src,0x22c46de797e431133f3f8feedf66d4b8480609361f4b248a77bb6ba573edfc81,0x6fd3ba02d46f0cd64dc40dc945d2229ea5824255|0x81910675dbaf69dee0fd77570bfd07f8e436386a|0x9e32b13ce7f2e80a01932b42553652e053d6ed8e,0x81910675dbaf69dee0fd77570bfd07f8e436386a,0x9e32b13ce7f2e80a01932b42553652e053d6ed8e,Metis,Metis,0x22c46de797e431133f3f8feedf66d4b8480609361f4b248a77bb6ba573edfc81_Metis,1647181986,1647181986,1,6.613966533240999e+18,6.613966533240999,17.985521488031758,0.000000,0.000000,0.800000,bridge_deposit_flow
ETH,Poly,eth_flow_0x22c46de797e4__r7fam07__inst01__synth_noise_src_0,0x22c46de797e431133f3f8feedf66d4b8480609361f4b248a77bb6ba573edfc81,0x6fd3ba02d46f0cd64dc40dc945d2229ea5824255|0x81910675dbaf69dee0fd77570bfd07f8e436386a|0x9e32b13ce7f2e80a01932b42553652e053d6ed8e,0x81910675dbaf69dee0fd77570bfd07f8e436386a,0x9e32b13ce7f2e80a01932b42553652e053d6ed8e,Metis,Metis,0x22c46de797e431133f3f8feedf66d4b8480609361f4b248a77bb6ba573edfc81_Metis,1647181986,1647181986,1,6.613966533240999e+18,6.613966533240999,17.985521488031758,0.000000,0.000000,0.800000,bridge_deposit_flow
ETH,Poly,eth_flow_0x22c46de797e4__r7fam07__inst01__synth_noise_src_1,0x22c46de797e431133f3f8feedf66d4b8480609361f4b248a77bb6ba573edfc81,0x6fd3ba02d46f0cd64dc40dc945d2229ea5824255|0x81910675dbaf69dee0fd77570bfd07f8e436386a|0x9e32b13ce7f2e80a01932b42553652e053d6ed8e,0x81910675dbaf69dee0fd77570bfd07f8e436386a,0x9e32b13ce7f2e80a01932b42553652e053d6ed8e,Metis,Metis,0x22c46de797e431133f3f8feedf66d4b8480609361f4b248a77bb6ba573edfc81_Metis,1647181986,1647181986,1,6.613966533240999e+18,6.613966533240999,17.985521488031758,0.000000,0.000000,0.800000,bridge_deposit_flow
ETH,Poly,eth_flow_0x074c9ce2f055__r7fam08__inst00__synth_split_src,0x074c9ce2f0553d7f74127e5d45afb21c7359dcf13dd6c47f3e2aff64d6d2b231,0x81910675dbaf69dee0fd77570bfd07f8e436386a|0xa787f09349999a61434cfb75118c6a9d0cac9406|0xaf9f549774ecedbd0966c52f250acc548d3f36e5,0x81910675dbaf69dee0fd77570bfd07f8e436386a,0xaf9f549774ecedbd0966c52f250acc548d3f36e5,RFuel,RFuel,0x074c9ce2f0553d7f74127e5d45afb21c7359dcf13dd6c47f3e2aff64d6d2b231_RFuel,1659540887,1659540887,1,1.077846611548153e+23,107784.6611548153,75.5139329995168,16.279070,16.279070,0.800000,bridge_deposit_flow
ETH,Poly,eth_flow_0x074c9ce2f055__r7fam08__inst00__synth_merge_src1,0x074c9ce2f0553d7f74127e5d45afb21c7359dcf13dd6c47f3e2aff64d6d2b231,0x81910675dbaf69dee0fd77570bfd07f8e436386a|0xa787f09349999a61434cfb75118c6a9d0cac9406|0xaf9f549774ecedbd0966c52f250acc548d3f36e5,0x81910675dbaf69dee0fd77570bfd07f8e436386a,0xaf9f549774ecedbd0966c52f250acc548d3f36e5,RFuel,RFuel,0x074c9ce2f0553d7f74127e5d45afb21c7359dcf13dd6c47f3e2aff64d6d2b231_RFuel,1659540887,1659540887,1,5.389233057740765e+22,53892.33057740765,37.7569664997584,16.279070,16.279070,0.800000,bridge_deposit_flow
ETH,Poly,eth_flow_0x074c9ce2f055__r7fam08__inst00__synth_merge_src2,0x074c9ce2f0553d7f74127e5d45afb21c7359dcf13dd6c47f3e2aff64d6d2b231,0x81910675dbaf69dee0fd77570bfd07f8e436386a|0xa787f09349999a61434cfb75118c6a9d0cac9406|0xaf9f549774ecedbd0966c52f250acc548d3f36e5,0x81910675dbaf69dee0fd77570bfd07f8e436386a,0xaf9f549774ecedbd0966c52f250acc548d3f36e5,RFuel,RFuel,0x074c9ce2f0553d7f74127e5d45afb21c7359dcf13dd6c47f3e2aff64d6d2b231_RFuel,1659540887,1659540887,1,5.389233057740765e+22,53892.33057740765,37.7569664997584,16.279070,16.279070,0.800000,bridge_deposit_flow
ETH,Poly,eth_flow_0x074c9ce2f055__r7fam08__inst00__synth_unmatched_src,0x074c9ce2f0553d7f74127e5d45afb21c7359dcf13dd6c47f3e2aff64d6d2b231,0x81910675dbaf69dee0fd77570bfd07f8e436386a|0xa787f09349999a61434cfb75118c6a9d0cac9406|0xaf9f549774ecedbd0966c52f250acc548d3f36e5,0x81910675dbaf69dee0fd77570bfd07f8e436386a,0xaf9f549774ecedbd0966c52f250acc548d3f36e5,RFuel,RFuel,0x074c9ce2f0553d7f74127e5d45afb21c7359dcf13dd6c47f3e2aff64d6d2b231_RFuel,1659540887,1659540887,1,1.077846611548153e+23,107784.6611548153,75.5139329995168,16.279070,16.279070,0.800000,bridge_deposit_flow
ETH,Poly,eth_flow_0x074c9ce2f055__r7fam08__inst00__synth_noise_src_0,0x074c9ce2f0553d7f74127e5d45afb21c7359dcf13dd6c47f3e2aff64d6d2b231,0x81910675dbaf69dee0fd77570bfd07f8e436386a|0xa787f09349999a61434cfb75118c6a9d0cac9406|0xaf9f549774ecedbd0966c52f250acc548d3f36e5,0x81910675dbaf69dee0fd77570bfd07f8e436386a,0xaf9f549774ecedbd0966c52f250acc548d3f36e5,RFuel,RFuel,0x074c9ce2f0553d7f74127e5d45afb21c7359dcf13dd6c47f3e2aff64d6d2b231_RFuel,1659540887,1659540887,1,1.077846611548153e+23,107784.6611548153,75.5139329995168,16.279070,16.279070,0.800000,bridge_deposit_flow
ETH,Poly,eth_flow_0x074c9ce2f055__r7fam08__inst00__synth_noise_src_1,0x074c9ce2f0553d7f74127e5d45afb21c7359dcf13dd6c47f3e2aff64d6d2b231,0x81910675dbaf69dee0fd77570bfd07f8e436386a|0xa787f09349999a61434cfb75118c6a9d0cac9406|0xaf9f549774ecedbd0966c52f250acc548d3f36e5,0x81910675dbaf69dee0fd77570bfd07f8e436386a,0xaf9f549774ecedbd0966c52f250acc548d3f36e5,RFuel,RFuel,0x074c9ce2f0553d7f74127e5d45afb21c7359dcf13dd6c47f3e2aff64d6d2b231_RFuel,1659540887,1659540887,1,1.077846611548153e+23,107784.6611548153,75.5139329995168,16.279070,16.279070,0.800000,bridge_deposit_flow
ETH,Poly,eth_flow_0x2471cd723b3b__r7fam08__inst01__synth_split_src,0x2471cd723b3bddf7a503043754d58caa30d1634d0cc9dffca740e78fcc9f4c5b,0x81910675dbaf69dee0fd77570bfd07f8e436386a|0x9e32b13ce7f2e80a01932b42553652e053d6ed8e|0xe987bd901dc86c166b6f5c64837f516486416df7,0x81910675dbaf69dee0fd77570bfd07f8e436386a,0x9e32b13ce7f2e80a01932b42553652e053d6ed8e,Metis,Metis,0x2471cd723b3bddf7a503043754d58caa30d1634d0cc9dffca740e78fcc9f4c5b_Metis,1650807982,1650807982,1,2.2485407553476383e+19,22.48540755347638,61.1451205094063,11.627907,11.627907,0.800000,bridge_deposit_flow
ETH,Poly,eth_flow_0x2471cd723b3b__r7fam08__inst01__synth_merge_src1,0x2471cd723b3bddf7a503043754d58caa30d1634d0cc9dffca740e78fcc9f4c5b,0x81910675dbaf69dee0fd77570bfd07f8e436386a|0x9e32b13ce7f2e80a01932b42553652e053d6ed8e|0xe987bd901dc86c166b6f5c64837f516486416df7,0x81910675dbaf69dee0fd77570bfd07f8e436386a,0x9e32b13ce7f2e80a01932b42553652e053d6ed8e,Metis,Metis,0x2471cd723b3bddf7a503043754d58caa30d1634d0cc9dffca740e78fcc9f4c5b_Metis,1650807982,1650807982,1,1.1242703776738191e+19,11.24270377673819,30.57256025470315,11.627907,11.627907,0.800000,bridge_deposit_flow
ETH,Poly,eth_flow_0x2471cd723b3b__r7fam08__inst01__synth_merge_src2,0x2471cd723b3bddf7a503043754d58caa30d1634d0cc9dffca740e78fcc9f4c5b,0x81910675dbaf69dee0fd77570bfd07f8e436386a|0x9e32b13ce7f2e80a01932b42553652e053d6ed8e|0xe987bd901dc86c166b6f5c64837f516486416df7,0x81910675dbaf69dee0fd77570bfd07f8e436386a,0x9e32b13ce7f2e80a01932b42553652e053d6ed8e,Metis,Metis,0x2471cd723b3bddf7a503043754d58caa30d1634d0cc9dffca740e78fcc9f4c5b_Metis,1650807982,1650807982,1,1.1242703776738191e+19,11.24270377673819,30.57256025470315,11.627907,11.627907,0.800000,bridge_deposit_flow
ETH,Poly,eth_flow_0x2471cd723b3b__r7fam08__inst01__synth_unmatched_src,0x2471cd723b3bddf7a503043754d58caa30d1634d0cc9dffca740e78fcc9f4c5b,0x81910675dbaf69dee0fd77570bfd07f8e436386a|0x9e32b13ce7f2e80a01932b42553652e053d6ed8e|0xe987bd901dc86c166b6f5c64837f516486416df7,0x81910675dbaf69dee0fd77570bfd07f8e436386a,0x9e32b13ce7f2e80a01932b42553652e053d6ed8e,Metis,Metis,0x2471cd723b3bddf7a503043754d58caa30d1634d0cc9dffca740e78fcc9f4c5b_Metis,1650807982,1650807982,1,2.2485407553476383e+19,22.48540755347638,61.1451205094063,11.627907,11.627907,0.800000,bridge_deposit_flow
ETH,Poly,eth_flow_0x2471cd723b3b__r7fam08__inst01__synth_noise_src_0,0x2471cd723b3bddf7a503043754d58caa30d1634d0cc9dffca740e78fcc9f4c5b,0x81910675dbaf69dee0fd77570bfd07f8e436386a|0x9e32b13ce7f2e80a01932b42553652e053d6ed8e|0xe987bd901dc86c166b6f5c64837f516486416df7,0x81910675dbaf69dee0fd77570bfd07f8e436386a,0x9e32b13ce7f2e80a01932b42553652e053d6ed8e,Metis,Metis,0x2471cd723b3bddf7a503043754d58caa30d1634d0cc9dffca740e78fcc9f4c5b_Metis,1650807982,1650807982,1,2.2485407553476383e+19,22.48540755347638,61.1451205094063,11.627907,11.627907,0.800000,bridge_deposit_flow
ETH,Poly,eth_flow_0x2471cd723b3b__r7fam08__inst01__synth_noise_src_1,0x2471cd723b3bddf7a503043754d58caa30d1634d0cc9dffca740e78fcc9f4c5b,0x81910675dbaf69dee0fd77570bfd07f8e436386a|0x9e32b13ce7f2e80a01932b42553652e053d6ed8e|0xe987bd901dc86c166b6f5c64837f516486416df7,0x81910675dbaf69dee0fd77570bfd07f8e436386a,0x9e32b13ce7f2e80a01932b42553652e053d6ed8e,Metis,Metis,0x2471cd723b3bddf7a503043754d58caa30d1634d0cc9dffca740e78fcc9f4c5b_Metis,1650807982,1650807982,1,2.2485407553476383e+19,22.48540755347638,61.1451205094063,11.627907,11.627907,0.800000,bridge_deposit_flow
ETH,Poly,eth_flow_0x63777fbdff99__r7fam09__inst00__synth_split_src,0x63777fbdff993e422a4a5b03bd8adb211187d40fafb9ab09f549f387872f30ee,0x81910675dbaf69dee0fd77570bfd07f8e436386a|0x98265a1ff213dd8136e0bf58c2c40cb47d2b8648|0xaf9f549774ecedbd0966c52f250acc548d3f36e5,0x81910675dbaf69dee0fd77570bfd07f8e436386a,0xaf9f549774ecedbd0966c52f250acc548d3f36e5,RFuel,RFuel,0x63777fbdff993e422a4a5b03bd8adb211187d40fafb9ab09f549f387872f30ee_RFuel,1651087363,1651087363,1,9.31932027720588e+22,93193.20277205882,65.29115733853412,16.279070,16.279070,0.800000,bridge_deposit_flow
ETH,Poly,eth_flow_0x63777fbdff99__r7fam09__inst00__synth_merge_src1,0x63777fbdff993e422a4a5b03bd8adb211187d40fafb9ab09f549f387872f30ee,0x81910675dbaf69dee0fd77570bfd07f8e436386a|0x98265a1ff213dd8136e0bf58c2c40cb47d2b8648|0xaf9f549774ecedbd0966c52f250acc548d3f36e5,0x81910675dbaf69dee0fd77570bfd07f8e436386a,0xaf9f549774ecedbd0966c52f250acc548d3f36e5,RFuel,RFuel,0x63777fbdff993e422a4a5b03bd8adb211187d40fafb9ab09f549f387872f30ee_RFuel,1651087363,1651087363,1,4.65966013860294e+22,46596.60138602941,32.64557866926706,16.279070,16.279070,0.800000,bridge_deposit_flow
ETH,Poly,eth_flow_0x63777fbdff99__r7fam09__inst00__synth_merge_src2,0x63777fbdff993e422a4a5b03bd8adb211187d40fafb9ab09f549f387872f30ee,0x81910675dbaf69dee0fd77570bfd07f8e436386a|0x98265a1ff213dd8136e0bf58c2c40cb47d2b8648|0xaf9f549774ecedbd0966c52f250acc548d3f36e5,0x81910675dbaf69dee0fd77570bfd07f8e436386a,0xaf9f549774ecedbd0966c52f250acc548d3f36e5,RFuel,RFuel,0x63777fbdff993e422a4a5b03bd8adb211187d40fafb9ab09f549f387872f30ee_RFuel,1651087363,1651087363,1,4.65966013860294e+22,46596.60138602941,32.64557866926706,16.279070,16.279070,0.800000,bridge_deposit_flow
ETH,Poly,eth_flow_0x63777fbdff99__r7fam09__inst00__synth_unmatched_src,0x63777fbdff993e422a4a5b03bd8adb211187d40fafb9ab09f549f387872f30ee,0x81910675dbaf69dee0fd77570bfd07f8e436386a|0x98265a1ff213dd8136e0bf58c2c40cb47d2b8648|0xaf9f549774ecedbd0966c52f250acc548d3f36e5,0x81910675dbaf69dee0fd77570bfd07f8e436386a,0xaf9f549774ecedbd0966c52f250acc548d3f36e5,RFuel,RFuel,0x63777fbdff993e422a4a5b03bd8adb211187d40fafb9ab09f549f387872f30ee_RFuel,1651087363,1651087363,1,9.31932027720588e+22,93193.20277205882,65.29115733853412,16.279070,16.279070,0.800000,bridge_deposit_flow
ETH,Poly,eth_flow_0x63777fbdff99__r7fam09__inst00__synth_noise_src_0,0x63777fbdff993e422a4a5b03bd8adb211187d40fafb9ab09f549f387872f30ee,0x81910675dbaf69dee0fd77570bfd07f8e436386a|0x98265a1ff213dd8136e0bf58c2c40cb47d2b8648|0xaf9f549774ecedbd0966c52f250acc548d3f36e5,0x81910675dbaf69dee0fd77570bfd07f8e436386a,0xaf9f549774ecedbd0966c52f250acc548d3f36e5,RFuel,RFuel,0x63777fbdff993e422a4a5b03bd8adb211187d40fafb9ab09f549f387872f30ee_RFuel,1651087363,1651087363,1,9.31932027720588e+22,93193.20277205882,65.29115733853412,16.279070,16.279070,0.800000,bridge_deposit_flow
ETH,Poly,eth_flow_0x63777fbdff99__r7fam09__inst00__synth_noise_src_1,0x63777fbdff993e422a4a5b03bd8adb211187d40fafb9ab09f549f387872f30ee,0x81910675dbaf69dee0fd77570bfd07f8e436386a|0x98265a1ff213dd8136e0bf58c2c40cb47d2b8648|0xaf9f549774ecedbd0966c52f250acc548d3f36e5,0x81910675dbaf69dee0fd77570bfd07f8e436386a,0xaf9f549774ecedbd0966c52f250acc548d3f36e5,RFuel,RFuel,0x63777fbdff993e422a4a5b03bd8adb211187d40fafb9ab09f549f387872f30ee_RFuel,1651087363,1651087363,1,9.31932027720588e+22,93193.20277205882,65.29115733853412,16.279070,16.279070,0.800000,bridge_deposit_flow
ETH,Poly,eth_flow_0x2480deb6e4d9__r7fam09__inst01__synth_split_src,0x2480deb6e4d9e79923fbc28cc026e60a5628ddd61b03c4b2ff8c6bafef0e1d0a,0x001a8ffcb0f03e99141652ebcdecdb0384e3bd6c|0x6473e06e91feb9c6e35f7bb1539eed90a108389b|0x81910675dbaf69dee0fd77570bfd07f8e436386a,0x81910675dbaf69dee0fd77570bfd07f8e436386a,0x001a8ffcb0f03e99141652ebcdecdb0384e3bd6c,PKR,PKR,0x2480deb6e4d9e79923fbc28cc026e60a5628ddd61b03c4b2ff8c6bafef0e1d0a_PKR,1658424855,1658424855,1,1.49817e+24,1498170.0,32.9422712577734,16.279070,16.279070,0.800000,bridge_deposit_flow
ETH,Poly,eth_flow_0x2480deb6e4d9__r7fam09__inst01__synth_merge_src1,0x2480deb6e4d9e79923fbc28cc026e60a5628ddd61b03c4b2ff8c6bafef0e1d0a,0x001a8ffcb0f03e99141652ebcdecdb0384e3bd6c|0x6473e06e91feb9c6e35f7bb1539eed90a108389b|0x81910675dbaf69dee0fd77570bfd07f8e436386a,0x81910675dbaf69dee0fd77570bfd07f8e436386a,0x001a8ffcb0f03e99141652ebcdecdb0384e3bd6c,PKR,PKR,0x2480deb6e4d9e79923fbc28cc026e60a5628ddd61b03c4b2ff8c6bafef0e1d0a_PKR,1658424855,1658424855,1,7.49085e+23,749085.0,16.4711356288867,16.279070,16.279070,0.800000,bridge_deposit_flow
ETH,Poly,eth_flow_0x2480deb6e4d9__r7fam09__inst01__synth_merge_src2,0x2480deb6e4d9e79923fbc28cc026e60a5628ddd61b03c4b2ff8c6bafef0e1d0a,0x001a8ffcb0f03e99141652ebcdecdb0384e3bd6c|0x6473e06e91feb9c6e35f7bb1539eed90a108389b|0x81910675dbaf69dee0fd77570bfd07f8e436386a,0x81910675dbaf69dee0fd77570bfd07f8e436386a,0x001a8ffcb0f03e99141652ebcdecdb0384e3bd6c,PKR,PKR,0x2480deb6e4d9e79923fbc28cc026e60a5628ddd61b03c4b2ff8c6bafef0e1d0a_PKR,1658424855,1658424855,1,7.49085e+23,749085.0,16.4711356288867,16.279070,16.279070,0.800000,bridge_deposit_flow
ETH,Poly,eth_flow_0x2480deb6e4d9__r7fam09__inst01__synth_unmatched_src,0x2480deb6e4d9e79923fbc28cc026e60a5628ddd61b03c4b2ff8c6bafef0e1d0a,0x001a8ffcb0f03e99141652ebcdecdb0384e3bd6c|0x6473e06e91feb9c6e35f7bb1539eed90a108389b|0x81910675dbaf69dee0fd77570bfd07f8e436386a,0x81910675dbaf69dee0fd77570bfd07f8e436386a,0x001a8ffcb0f03e99141652ebcdecdb0384e3bd6c,PKR,PKR,0x2480deb6e4d9e79923fbc28cc026e60a5628ddd61b03c4b2ff8c6bafef0e1d0a_PKR,1658424855,1658424855,1,1.49817e+24,1498170.0,32.9422712577734,16.279070,16.279070,0.800000,bridge_deposit_flow
ETH,Poly,eth_flow_0x2480deb6e4d9__r7fam09__inst01__synth_noise_src_0,0x2480deb6e4d9e79923fbc28cc026e60a5628ddd61b03c4b2ff8c6bafef0e1d0a,0x001a8ffcb0f03e99141652ebcdecdb0384e3bd6c|0x6473e06e91feb9c6e35f7bb1539eed90a108389b|0x81910675dbaf69dee0fd77570bfd07f8e436386a,0x81910675dbaf69dee0fd77570bfd07f8e436386a,0x001a8ffcb0f03e99141652ebcdecdb0384e3bd6c,PKR,PKR,0x2480deb6e4d9e79923fbc28cc026e60a5628ddd61b03c4b2ff8c6bafef0e1d0a_PKR,1658424855,1658424855,1,1.49817e+24,1498170.0,32.9422712577734,16.279070,16.279070,0.800000,bridge_deposit_flow
ETH,Poly,eth_flow_0x2480deb6e4d9__r7fam09__inst01__synth_noise_src_1,0x2480deb6e4d9e79923fbc28cc026e60a5628ddd61b03c4b2ff8c6bafef0e1d0a,0x001a8ffcb0f03e99141652ebcdecdb0384e3bd6c|0x6473e06e91feb9c6e35f7bb1539eed90a108389b|0x81910675dbaf69dee0fd77570bfd07f8e436386a,0x81910675dbaf69dee0fd77570bfd07f8e436386a,0x001a8ffcb0f03e99141652ebcdecdb0384e3bd6c,PKR,PKR,0x2480deb6e4d9e79923fbc28cc026e60a5628ddd61b03c4b2ff8c6bafef0e1d0a_PKR,1658424855,1658424855,1,1.49817e+24,1498170.0,32.9422712577734,16.279070,16.279070,0.800000,bridge_deposit_flow
ETH,Poly,eth_flow_0x38a4c5d04702__r7fam10__inst00__synth_split_src,0x38a4c5d04702eefa5955f6683733049a3ea4dc0d76c8ed9243937bf04e55acdb,0x4abb9cc67bd3da9eb966d1159a71a0e68bd15432|0x81910675dbaf69dee0fd77570bfd07f8e436386a|0xd54e4f8a55247487dd7c8c59f14ee5c0c2889477,0x81910675dbaf69dee0fd77570bfd07f8e436386a,0x4abb9cc67bd3da9eb966d1159a71a0e68bd15432,KEL,KEL,0x38a4c5d04702eefa5955f6683733049a3ea4dc0d76c8ed9243937bf04e55acdb_KEL,1669479683,1669479683,1,2.3284531256017455e+22,23284.53125601746,26.053983728587585,16.279070,16.279070,0.775000,bridge_deposit_flow
ETH,Poly,eth_flow_0x38a4c5d04702__r7fam10__inst00__synth_merge_src1,0x38a4c5d04702eefa5955f6683733049a3ea4dc0d76c8ed9243937bf04e55acdb,0x4abb9cc67bd3da9eb966d1159a71a0e68bd15432|0x81910675dbaf69dee0fd77570bfd07f8e436386a|0xd54e4f8a55247487dd7c8c59f14ee5c0c2889477,0x81910675dbaf69dee0fd77570bfd07f8e436386a,0x4abb9cc67bd3da9eb966d1159a71a0e68bd15432,KEL,KEL,0x38a4c5d04702eefa5955f6683733049a3ea4dc0d76c8ed9243937bf04e55acdb_KEL,1669479683,1669479683,1,1.1642265628008727e+22,11642.26562800873,13.026991864293793,16.279070,16.279070,0.775000,bridge_deposit_flow
ETH,Poly,eth_flow_0x38a4c5d04702__r7fam10__inst00__synth_merge_src2,0x38a4c5d04702eefa5955f6683733049a3ea4dc0d76c8ed9243937bf04e55acdb,0x4abb9cc67bd3da9eb966d1159a71a0e68bd15432|0x81910675dbaf69dee0fd77570bfd07f8e436386a|0xd54e4f8a55247487dd7c8c59f14ee5c0c2889477,0x81910675dbaf69dee0fd77570bfd07f8e436386a,0x4abb9cc67bd3da9eb966d1159a71a0e68bd15432,KEL,KEL,0x38a4c5d04702eefa5955f6683733049a3ea4dc0d76c8ed9243937bf04e55acdb_KEL,1669479683,1669479683,1,1.1642265628008727e+22,11642.26562800873,13.026991864293793,16.279070,16.279070,0.775000,bridge_deposit_flow
ETH,Poly,eth_flow_0x38a4c5d04702__r7fam10__inst00__synth_unmatched_src,0x38a4c5d04702eefa5955f6683733049a3ea4dc0d76c8ed9243937bf04e55acdb,0x4abb9cc67bd3da9eb966d1159a71a0e68bd15432|0x81910675dbaf69dee0fd77570bfd07f8e436386a|0xd54e4f8a55247487dd7c8c59f14ee5c0c2889477,0x81910675dbaf69dee0fd77570bfd07f8e436386a,0x4abb9cc67bd3da9eb966d1159a71a0e68bd15432,KEL,KEL,0x38a4c5d04702eefa5955f6683733049a3ea4dc0d76c8ed9243937bf04e55acdb_KEL,1669479683,1669479683,1,2.3284531256017455e+22,23284.53125601746,26.053983728587585,16.279070,16.279070,0.775000,bridge_deposit_flow
ETH,Poly,eth_flow_0x38a4c5d04702__r7fam10__inst00__synth_noise_src_0,0x38a4c5d04702eefa5955f6683733049a3ea4dc0d76c8ed9243937bf04e55acdb,0x4abb9cc67bd3da9eb966d1159a71a0e68bd15432|0x81910675dbaf69dee0fd77570bfd07f8e436386a|0xd54e4f8a55247487dd7c8c59f14ee5c0c2889477,0x81910675dbaf69dee0fd77570bfd07f8e436386a,0x4abb9cc67bd3da9eb966d1159a71a0e68bd15432,KEL,KEL,0x38a4c5d04702eefa5955f6683733049a3ea4dc0d76c8ed9243937bf04e55acdb_KEL,1669479683,1669479683,1,2.3284531256017455e+22,23284.53125601746,26.053983728587585,16.279070,16.279070,0.775000,bridge_deposit_flow
ETH,Poly,eth_flow_0x38a4c5d04702__r7fam10__inst00__synth_noise_src_1,0x38a4c5d04702eefa5955f6683733049a3ea4dc0d76c8ed9243937bf04e55acdb,0x4abb9cc67bd3da9eb966d1159a71a0e68bd15432|0x81910675dbaf69dee0fd77570bfd07f8e436386a|0xd54e4f8a55247487dd7c8c59f14ee5c0c2889477,0x81910675dbaf69dee0fd77570bfd07f8e436386a,0x4abb9cc67bd3da9eb966d1159a71a0e68bd15432,KEL,KEL,0x38a4c5d04702eefa5955f6683733049a3ea4dc0d76c8ed9243937bf04e55acdb_KEL,1669479683,1669479683,1,2.3284531256017455e+22,23284.53125601746,26.053983728587585,16.279070,16.279070,0.775000,bridge_deposit_flow
ETH,Poly,eth_flow_0xb7791d944dbb__r7fam10__inst01__synth_split_src,0xb7791d944dbb0a42209798149b5b16a162a61dca30882fb72f0e7059248e158b,0x4abb9cc67bd3da9eb966d1159a71a0e68bd15432|0x81910675dbaf69dee0fd77570bfd07f8e436386a|0x88f859db067c45b114897db6920f3e4a61a5ca66,0x81910675dbaf69dee0fd77570bfd07f8e436386a,0x4abb9cc67bd3da9eb966d1159a71a0e68bd15432,KEL,KEL,0xb7791d944dbb0a42209798149b5b16a162a61dca30882fb72f0e7059248e158b_KEL,1671759899,1671759899,1,7.006453257340256e+22,70064.53257340255,78.3979789649735,16.279070,16.279070,0.775000,bridge_deposit_flow
ETH,Poly,eth_flow_0xb7791d944dbb__r7fam10__inst01__synth_merge_src1,0xb7791d944dbb0a42209798149b5b16a162a61dca30882fb72f0e7059248e158b,0x4abb9cc67bd3da9eb966d1159a71a0e68bd15432|0x81910675dbaf69dee0fd77570bfd07f8e436386a|0x88f859db067c45b114897db6920f3e4a61a5ca66,0x81910675dbaf69dee0fd77570bfd07f8e436386a,0x4abb9cc67bd3da9eb966d1159a71a0e68bd15432,KEL,KEL,0xb7791d944dbb0a42209798149b5b16a162a61dca30882fb72f0e7059248e158b_KEL,1671759899,1671759899,1,3.503226628670128e+22,35032.26628670128,39.19898948248675,16.279070,16.279070,0.775000,bridge_deposit_flow
ETH,Poly,eth_flow_0xb7791d944dbb__r7fam10__inst01__synth_merge_src2,0xb7791d944dbb0a42209798149b5b16a162a61dca30882fb72f0e7059248e158b,0x4abb9cc67bd3da9eb966d1159a71a0e68bd15432|0x81910675dbaf69dee0fd77570bfd07f8e436386a|0x88f859db067c45b114897db6920f3e4a61a5ca66,0x81910675dbaf69dee0fd77570bfd07f8e436386a,0x4abb9cc67bd3da9eb966d1159a71a0e68bd15432,KEL,KEL,0xb7791d944dbb0a42209798149b5b16a162a61dca30882fb72f0e7059248e158b_KEL,1671759899,1671759899,1,3.503226628670128e+22,35032.26628670128,39.19898948248675,16.279070,16.279070,0.775000,bridge_deposit_flow
ETH,Poly,eth_flow_0xb7791d944dbb__r7fam10__inst01__synth_unmatched_src,0xb7791d944dbb0a42209798149b5b16a162a61dca30882fb72f0e7059248e158b,0x4abb9cc67bd3da9eb966d1159a71a0e68bd15432|0x81910675dbaf69dee0fd77570bfd07f8e436386a|0x88f859db067c45b114897db6920f3e4a61a5ca66,0x81910675dbaf69dee0fd77570bfd07f8e436386a,0x4abb9cc67bd3da9eb966d1159a71a0e68bd15432,KEL,KEL,0xb7791d944dbb0a42209798149b5b16a162a61dca30882fb72f0e7059248e158b_KEL,1671759899,1671759899,1,7.006453257340256e+22,70064.53257340255,78.3979789649735,16.279070,16.279070,0.775000,bridge_deposit_flow
ETH,Poly,eth_flow_0xb7791d944dbb__r7fam10__inst01__synth_noise_src_0,0xb7791d944dbb0a42209798149b5b16a162a61dca30882fb72f0e7059248e158b,0x4abb9cc67bd3da9eb966d1159a71a0e68bd15432|0x81910675dbaf69dee0fd77570bfd07f8e436386a|0x88f859db067c45b114897db6920f3e4a61a5ca66,0x81910675dbaf69dee0fd77570bfd07f8e436386a,0x4abb9cc67bd3da9eb966d1159a71a0e68bd15432,KEL,KEL,0xb7791d944dbb0a42209798149b5b16a162a61dca30882fb72f0e7059248e158b_KEL,1671759899,1671759899,1,7.006453257340256e+22,70064.53257340255,78.3979789649735,16.279070,16.279070,0.775000,bridge_deposit_flow
ETH,Poly,eth_flow_0xb7791d944dbb__r7fam10__inst01__synth_noise_src_1,0xb7791d944dbb0a42209798149b5b16a162a61dca30882fb72f0e7059248e158b,0x4abb9cc67bd3da9eb966d1159a71a0e68bd15432|0x81910675dbaf69dee0fd77570bfd07f8e436386a|0x88f859db067c45b114897db6920f3e4a61a5ca66,0x81910675dbaf69dee0fd77570bfd07f8e436386a,0x4abb9cc67bd3da9eb966d1159a71a0e68bd15432,KEL,KEL,0xb7791d944dbb0a42209798149b5b16a162a61dca30882fb72f0e7059248e158b_KEL,1671759899,1671759899,1,7.006453257340256e+22,70064.53257340255,78.3979789649735,16.279070,16.279070,0.775000,bridge_deposit_flow
ETH,Poly,eth_flow_0x0b6e2e4f2964__r7fam11__inst00__synth_split_src,0x0b6e2e4f296454dca798cc3de665f725425fc7d4e28dafa510517f061b499c9d,0x81910675dbaf69dee0fd77570bfd07f8e436386a|0xaf9f549774ecedbd0966c52f250acc548d3f36e5|0xd54e4f8a55247487dd7c8c59f14ee5c0c2889477,0x81910675dbaf69dee0fd77570bfd07f8e436386a,0xaf9f549774ecedbd0966c52f250acc548d3f36e5,RFuel,RFuel,0x0b6e2e4f296454dca798cc3de665f725425fc7d4e28dafa510517f061b499c9d_RFuel,1664587295,1664587295,1,8.891286380151562e+22,88912.86380151562,62.292351879819,16.279070,16.279070,0.775000,bridge_deposit_flow
ETH,Poly,eth_flow_0x0b6e2e4f2964__r7fam11__inst00__synth_merge_src1,0x0b6e2e4f296454dca798cc3de665f725425fc7d4e28dafa510517f061b499c9d,0x81910675dbaf69dee0fd77570bfd07f8e436386a|0xaf9f549774ecedbd0966c52f250acc548d3f36e5|0xd54e4f8a55247487dd7c8c59f14ee5c0c2889477,0x81910675dbaf69dee0fd77570bfd07f8e436386a,0xaf9f549774ecedbd0966c52f250acc548d3f36e5,RFuel,RFuel,0x0b6e2e4f296454dca798cc3de665f725425fc7d4e28dafa510517f061b499c9d_RFuel,1664587295,1664587295,1,4.445643190075781e+22,44456.43190075781,31.1461759399095,16.279070,16.279070,0.775000,bridge_deposit_flow
ETH,Poly,eth_flow_0x0b6e2e4f2964__r7fam11__inst00__synth_merge_src2,0x0b6e2e4f296454dca798cc3de665f725425fc7d4e28dafa510517f061b499c9d,0x81910675dbaf69dee0fd77570bfd07f8e436386a|0xaf9f549774ecedbd0966c52f250acc548d3f36e5|0xd54e4f8a55247487dd7c8c59f14ee5c0c2889477,0x81910675dbaf69dee0fd77570bfd07f8e436386a,0xaf9f549774ecedbd0966c52f250acc548d3f36e5,RFuel,RFuel,0x0b6e2e4f296454dca798cc3de665f725425fc7d4e28dafa510517f061b499c9d_RFuel,1664587295,1664587295,1,4.445643190075781e+22,44456.43190075781,31.1461759399095,16.279070,16.279070,0.775000,bridge_deposit_flow
ETH,Poly,eth_flow_0x0b6e2e4f2964__r7fam11__inst00__synth_unmatched_src,0x0b6e2e4f296454dca798cc3de665f725425fc7d4e28dafa510517f061b499c9d,0x81910675dbaf69dee0fd77570bfd07f8e436386a|0xaf9f549774ecedbd0966c52f250acc548d3f36e5|0xd54e4f8a55247487dd7c8c59f14ee5c0c2889477,0x81910675dbaf69dee0fd77570bfd07f8e436386a,0xaf9f549774ecedbd0966c52f250acc548d3f36e5,RFuel,RFuel,0x0b6e2e4f296454dca798cc3de665f725425fc7d4e28dafa510517f061b499c9d_RFuel,1664587295,1664587295,1,8.891286380151562e+22,88912.86380151562,62.292351879819,16.279070,16.279070,0.775000,bridge_deposit_flow
ETH,Poly,eth_flow_0x0b6e2e4f2964__r7fam11__inst00__synth_noise_src_0,0x0b6e2e4f296454dca798cc3de665f725425fc7d4e28dafa510517f061b499c9d,0x81910675dbaf69dee0fd77570bfd07f8e436386a|0xaf9f549774ecedbd0966c52f250acc548d3f36e5|0xd54e4f8a55247487dd7c8c59f14ee5c0c2889477,0x81910675dbaf69dee0fd77570bfd07f8e436386a,0xaf9f549774ecedbd0966c52f250acc548d3f36e5,RFuel,RFuel,0x0b6e2e4f296454dca798cc3de665f725425fc7d4e28dafa510517f061b499c9d_RFuel,1664587295,1664587295,1,8.891286380151562e+22,88912.86380151562,62.292351879819,16.279070,16.279070,0.775000,bridge_deposit_flow
ETH,Poly,eth_flow_0x0b6e2e4f2964__r7fam11__inst00__synth_noise_src_1,0x0b6e2e4f296454dca798cc3de665f725425fc7d4e28dafa510517f061b499c9d,0x81910675dbaf69dee0fd77570bfd07f8e436386a|0xaf9f549774ecedbd0966c52f250acc548d3f36e5|0xd54e4f8a55247487dd7c8c59f14ee5c0c2889477,0x81910675dbaf69dee0fd77570bfd07f8e436386a,0xaf9f549774ecedbd0966c52f250acc548d3f36e5,RFuel,RFuel,0x0b6e2e4f296454dca798cc3de665f725425fc7d4e28dafa510517f061b499c9d_RFuel,1664587295,1664587295,1,8.891286380151562e+22,88912.86380151562,62.292351879819,16.279070,16.279070,0.775000,bridge_deposit_flow
ETH,Poly,eth_flow_0xf25dc3609073__r7fam11__inst01__synth_split_src,0xf25dc3609073570dfb9fbe1a58b5ee69517ccc87b7ca8e808f8a13c26ca53dfc,0x001a8ffcb0f03e99141652ebcdecdb0384e3bd6c|0x81910675dbaf69dee0fd77570bfd07f8e436386a|0xfb5accdc56250c25e614c3b62d297a7eedf77d93,0x81910675dbaf69dee0fd77570bfd07f8e436386a,0x001a8ffcb0f03e99141652ebcdecdb0384e3bd6c,PKR,PKR,0xf25dc3609073570dfb9fbe1a58b5ee69517ccc87b7ca8e808f8a13c26ca53dfc_PKR,1670874083,1670874083,1,2.9236473e+23,292364.73,6.428615071631176,11.627907,11.627907,0.775000,bridge_deposit_flow
ETH,Poly,eth_flow_0xf25dc3609073__r7fam11__inst01__synth_merge_src1,0xf25dc3609073570dfb9fbe1a58b5ee69517ccc87b7ca8e808f8a13c26ca53dfc,0x001a8ffcb0f03e99141652ebcdecdb0384e3bd6c|0x81910675dbaf69dee0fd77570bfd07f8e436386a|0xfb5accdc56250c25e614c3b62d297a7eedf77d93,0x81910675dbaf69dee0fd77570bfd07f8e436386a,0x001a8ffcb0f03e99141652ebcdecdb0384e3bd6c,PKR,PKR,0xf25dc3609073570dfb9fbe1a58b5ee69517ccc87b7ca8e808f8a13c26ca53dfc_PKR,1670874083,1670874083,1,1.46182365e+23,146182.365,3.214307535815588,11.627907,11.627907,0.775000,bridge_deposit_flow
ETH,Poly,eth_flow_0xf25dc3609073__r7fam11__inst01__synth_merge_src2,0xf25dc3609073570dfb9fbe1a58b5ee69517ccc87b7ca8e808f8a13c26ca53dfc,0x001a8ffcb0f03e99141652ebcdecdb0384e3bd6c|0x81910675dbaf69dee0fd77570bfd07f8e436386a|0xfb5accdc56250c25e614c3b62d297a7eedf77d93,0x81910675dbaf69dee0fd77570bfd07f8e436386a,0x001a8ffcb0f03e99141652ebcdecdb0384e3bd6c,PKR,PKR,0xf25dc3609073570dfb9fbe1a58b5ee69517ccc87b7ca8e808f8a13c26ca53dfc_PKR,1670874083,1670874083,1,1.46182365e+23,146182.365,3.214307535815588,11.627907,11.627907,0.775000,bridge_deposit_flow
ETH,Poly,eth_flow_0xf25dc3609073__r7fam11__inst01__synth_unmatched_src,0xf25dc3609073570dfb9fbe1a58b5ee69517ccc87b7ca8e808f8a13c26ca53dfc,0x001a8ffcb0f03e99141652ebcdecdb0384e3bd6c|0x81910675dbaf69dee0fd77570bfd07f8e436386a|0xfb5accdc56250c25e614c3b62d297a7eedf77d93,0x81910675dbaf69dee0fd77570bfd07f8e436386a,0x001a8ffcb0f03e99141652ebcdecdb0384e3bd6c,PKR,PKR,0xf25dc3609073570dfb9fbe1a58b5ee69517ccc87b7ca8e808f8a13c26ca53dfc_PKR,1670874083,1670874083,1,2.9236473e+23,292364.73,6.428615071631176,11.627907,11.627907,0.775000,bridge_deposit_flow
ETH,Poly,eth_flow_0xf25dc3609073__r7fam11__inst01__synth_noise_src_0,0xf25dc3609073570dfb9fbe1a58b5ee69517ccc87b7ca8e808f8a13c26ca53dfc,0x001a8ffcb0f03e99141652ebcdecdb0384e3bd6c|0x81910675dbaf69dee0fd77570bfd07f8e436386a|0xfb5accdc56250c25e614c3b62d297a7eedf77d93,0x81910675dbaf69dee0fd77570bfd07f8e436386a,0x001a8ffcb0f03e99141652ebcdecdb0384e3bd6c,PKR,PKR,0xf25dc3609073570dfb9fbe1a58b5ee69517ccc87b7ca8e808f8a13c26ca53dfc_PKR,1670874083,1670874083,1,2.9236473e+23,292364.73,6.428615071631176,11.627907,11.627907,0.775000,bridge_deposit_flow
ETH,Poly,eth_flow_0xf25dc3609073__r7fam11__inst01__synth_noise_src_1,0xf25dc3609073570dfb9fbe1a58b5ee69517ccc87b7ca8e808f8a13c26ca53dfc,0x001a8ffcb0f03e99141652ebcdecdb0384e3bd6c|0x81910675dbaf69dee0fd77570bfd07f8e436386a|0xfb5accdc56250c25e614c3b62d297a7eedf77d93,0x81910675dbaf69dee0fd77570bfd07f8e436386a,0x001a8ffcb0f03e99141652ebcdecdb0384e3bd6c,PKR,PKR,0xf25dc3609073570dfb9fbe1a58b5ee69517ccc87b7ca8e808f8a13c26ca53dfc_PKR,1670874083,1670874083,1,2.9236473e+23,292364.73,6.428615071631176,11.627907,11.627907,0.775000,bridge_deposit_flow
ETH,Poly,eth_flow_0x0cf199873fe6__r7fam12__inst00__synth_split_src,0x0cf199873fe6d72dd30d511ac7f7bb4974b65ebb0d028097efac89ae77357657,0x81910675dbaf69dee0fd77570bfd07f8e436386a|0x9e32b13ce7f2e80a01932b42553652e053d6ed8e|0xf2ce52e3d0eb5d237341c9a75ca24647d87d7e55,0x81910675dbaf69dee0fd77570bfd07f8e436386a,0x9e32b13ce7f2e80a01932b42553652e053d6ed8e,Metis,Metis,0x0cf199873fe6d72dd30d511ac7f7bb4974b65ebb0d028097efac89ae77357657_Metis,1648500453,1648500453,1,6.7509226453071266e+19,67.50922645307126,183.5794960421631,16.279070,16.279070,0.800000,bridge_deposit_flow
ETH,Poly,eth_flow_0x0cf199873fe6__r7fam12__inst00__synth_merge_src1,0x0cf199873fe6d72dd30d511ac7f7bb4974b65ebb0d028097efac89ae77357657,0x81910675dbaf69dee0fd77570bfd07f8e436386a|0x9e32b13ce7f2e80a01932b42553652e053d6ed8e|0xf2ce52e3d0eb5d237341c9a75ca24647d87d7e55,0x81910675dbaf69dee0fd77570bfd07f8e436386a,0x9e32b13ce7f2e80a01932b42553652e053d6ed8e,Metis,Metis,0x0cf199873fe6d72dd30d511ac7f7bb4974b65ebb0d028097efac89ae77357657_Metis,1648500453,1648500453,1,3.3754613226535633e+19,33.75461322653563,91.78974802108155,16.279070,16.279070,0.800000,bridge_deposit_flow
ETH,Poly,eth_flow_0x0cf199873fe6__r7fam12__inst00__synth_merge_src2,0x0cf199873fe6d72dd30d511ac7f7bb4974b65ebb0d028097efac89ae77357657,0x81910675dbaf69dee0fd77570bfd07f8e436386a|0x9e32b13ce7f2e80a01932b42553652e053d6ed8e|0xf2ce52e3d0eb5d237341c9a75ca24647d87d7e55,0x81910675dbaf69dee0fd77570bfd07f8e436386a,0x9e32b13ce7f2e80a01932b42553652e053d6ed8e,Metis,Metis,0x0cf199873fe6d72dd30d511ac7f7bb4974b65ebb0d028097efac89ae77357657_Metis,1648500453,1648500453,1,3.3754613226535633e+19,33.75461322653563,91.78974802108155,16.279070,16.279070,0.800000,bridge_deposit_flow
ETH,Poly,eth_flow_0x0cf199873fe6__r7fam12__inst00__synth_unmatched_src,0x0cf199873fe6d72dd30d511ac7f7bb4974b65ebb0d028097efac89ae77357657,0x81910675dbaf69dee0fd77570bfd07f8e436386a|0x9e32b13ce7f2e80a01932b42553652e053d6ed8e|0xf2ce52e3d0eb5d237341c9a75ca24647d87d7e55,0x81910675dbaf69dee0fd77570bfd07f8e436386a,0x9e32b13ce7f2e80a01932b42553652e053d6ed8e,Metis,Metis,0x0cf199873fe6d72dd30d511ac7f7bb4974b65ebb0d028097efac89ae77357657_Metis,1648500453,1648500453,1,6.7509226453071266e+19,67.50922645307126,183.5794960421631,16.279070,16.279070,0.800000,bridge_deposit_flow
ETH,Poly,eth_flow_0x0cf199873fe6__r7fam12__inst00__synth_noise_src_0,0x0cf199873fe6d72dd30d511ac7f7bb4974b65ebb0d028097efac89ae77357657,0x81910675dbaf69dee0fd77570bfd07f8e436386a|0x9e32b13ce7f2e80a01932b42553652e053d6ed8e|0xf2ce52e3d0eb5d237341c9a75ca24647d87d7e55,0x81910675dbaf69dee0fd77570bfd07f8e436386a,0x9e32b13ce7f2e80a01932b42553652e053d6ed8e,Metis,Metis,0x0cf199873fe6d72dd30d511ac7f7bb4974b65ebb0d028097efac89ae77357657_Metis,1648500453,1648500453,1,6.7509226453071266e+19,67.50922645307126,183.5794960421631,16.279070,16.279070,0.800000,bridge_deposit_flow
ETH,Poly,eth_flow_0x0cf199873fe6__r7fam12__inst00__synth_noise_src_1,0x0cf199873fe6d72dd30d511ac7f7bb4974b65ebb0d028097efac89ae77357657,0x81910675dbaf69dee0fd77570bfd07f8e436386a|0x9e32b13ce7f2e80a01932b42553652e053d6ed8e|0xf2ce52e3d0eb5d237341c9a75ca24647d87d7e55,0x81910675dbaf69dee0fd77570bfd07f8e436386a,0x9e32b13ce7f2e80a01932b42553652e053d6ed8e,Metis,Metis,0x0cf199873fe6d72dd30d511ac7f7bb4974b65ebb0d028097efac89ae77357657_Metis,1648500453,1648500453,1,6.7509226453071266e+19,67.50922645307126,183.5794960421631,16.279070,16.279070,0.800000,bridge_deposit_flow
ETH,Poly,eth_flow_0x457ad4948dbd__r7fam12__inst01__synth_split_src,0x457ad4948dbd6aab2d75b1c1ad292ba4b1b5a90082fcba3ce7202d774dc2e124,0x81910675dbaf69dee0fd77570bfd07f8e436386a|0x92bc4d57c9ca7f74b3f08e80515855f43a03fb19|0x9e32b13ce7f2e80a01932b42553652e053d6ed8e,0x81910675dbaf69dee0fd77570bfd07f8e436386a,0x9e32b13ce7f2e80a01932b42553652e053d6ed8e,Metis,Metis,0x457ad4948dbd6aab2d75b1c1ad292ba4b1b5a90082fcba3ce7202d774dc2e124_Metis,1652951211,1652951211,1,7.948264950641988e+19,79.48264950641989,216.1391191562176,16.279070,16.279070,0.800000,bridge_deposit_flow
ETH,Poly,eth_flow_0x457ad4948dbd__r7fam12__inst01__synth_merge_src1,0x457ad4948dbd6aab2d75b1c1ad292ba4b1b5a90082fcba3ce7202d774dc2e124,0x81910675dbaf69dee0fd77570bfd07f8e436386a|0x92bc4d57c9ca7f74b3f08e80515855f43a03fb19|0x9e32b13ce7f2e80a01932b42553652e053d6ed8e,0x81910675dbaf69dee0fd77570bfd07f8e436386a,0x9e32b13ce7f2e80a01932b42553652e053d6ed8e,Metis,Metis,0x457ad4948dbd6aab2d75b1c1ad292ba4b1b5a90082fcba3ce7202d774dc2e124_Metis,1652951211,1652951211,1,3.974132475320994e+19,39.741324753209945,108.0695595781088,16.279070,16.279070,0.800000,bridge_deposit_flow
ETH,Poly,eth_flow_0x457ad4948dbd__r7fam12__inst01__synth_merge_src2,0x457ad4948dbd6aab2d75b1c1ad292ba4b1b5a90082fcba3ce7202d774dc2e124,0x81910675dbaf69dee0fd77570bfd07f8e436386a|0x92bc4d57c9ca7f74b3f08e80515855f43a03fb19|0x9e32b13ce7f2e80a01932b42553652e053d6ed8e,0x81910675dbaf69dee0fd77570bfd07f8e436386a,0x9e32b13ce7f2e80a01932b42553652e053d6ed8e,Metis,Metis,0x457ad4948dbd6aab2d75b1c1ad292ba4b1b5a90082fcba3ce7202d774dc2e124_Metis,1652951211,1652951211,1,3.974132475320994e+19,39.741324753209945,108.0695595781088,16.279070,16.279070,0.800000,bridge_deposit_flow
ETH,Poly,eth_flow_0x457ad4948dbd__r7fam12__inst01__synth_unmatched_src,0x457ad4948dbd6aab2d75b1c1ad292ba4b1b5a90082fcba3ce7202d774dc2e124,0x81910675dbaf69dee0fd77570bfd07f8e436386a|0x92bc4d57c9ca7f74b3f08e80515855f43a03fb19|0x9e32b13ce7f2e80a01932b42553652e053d6ed8e,0x81910675dbaf69dee0fd77570bfd07f8e436386a,0x9e32b13ce7f2e80a01932b42553652e053d6ed8e,Metis,Metis,0x457ad4948dbd6aab2d75b1c1ad292ba4b1b5a90082fcba3ce7202d774dc2e124_Metis,1652951211,1652951211,1,7.948264950641988e+19,79.48264950641989,216.1391191562176,16.279070,16.279070,0.800000,bridge_deposit_flow
ETH,Poly,eth_flow_0x457ad4948dbd__r7fam12__inst01__synth_noise_src_0,0x457ad4948dbd6aab2d75b1c1ad292ba4b1b5a90082fcba3ce7202d774dc2e124,0x81910675dbaf69dee0fd77570bfd07f8e436386a|0x92bc4d57c9ca7f74b3f08e80515855f43a03fb19|0x9e32b13ce7f2e80a01932b42553652e053d6ed8e,0x81910675dbaf69dee0fd77570bfd07f8e436386a,0x9e32b13ce7f2e80a01932b42553652e053d6ed8e,Metis,Metis,0x457ad4948dbd6aab2d75b1c1ad292ba4b1b5a90082fcba3ce7202d774dc2e124_Metis,1652951211,1652951211,1,7.948264950641988e+19,79.48264950641989,216.1391191562176,16.279070,16.279070,0.800000,bridge_deposit_flow
ETH,Poly,eth_flow_0x457ad4948dbd__r7fam12__inst01__synth_noise_src_1,0x457ad4948dbd6aab2d75b1c1ad292ba4b1b5a90082fcba3ce7202d774dc2e124,0x81910675dbaf69dee0fd77570bfd07f8e436386a|0x92bc4d57c9ca7f74b3f08e80515855f43a03fb19|0x9e32b13ce7f2e80a01932b42553652e053d6ed8e,0x81910675dbaf69dee0fd77570bfd07f8e436386a,0x9e32b13ce7f2e80a01932b42553652e053d6ed8e,Metis,Metis,0x457ad4948dbd6aab2d75b1c1ad292ba4b1b5a90082fcba3ce7202d774dc2e124_Metis,1652951211,1652951211,1,7.948264950641988e+19,79.48264950641989,216.1391191562176,16.279070,16.279070,0.800000,bridge_deposit_flow
ETH,Poly,eth_flow_0x51fffec69051__r7fam13__inst00__synth_split_src,0x51fffec69051ce95d289615d5e760f59a7b1d0de0d605d162766bcc97bcf933a,0x81910675dbaf69dee0fd77570bfd07f8e436386a|0x9e32b13ce7f2e80a01932b42553652e053d6ed8e|0xf2ce52e3d0eb5d237341c9a75ca24647d87d7e55,0x81910675dbaf69dee0fd77570bfd07f8e436386a,0x9e32b13ce7f2e80a01932b42553652e053d6ed8e,Metis,Metis,0x51fffec69051ce95d289615d5e760f59a7b1d0de0d605d162766bcc97bcf933a_Metis,1660396264,1660396264,1,1.2830140195864737e+20,128.30140195864738,348.8931506191172,16.279070,16.279070,0.800000,bridge_deposit_flow
ETH,Poly,eth_flow_0x51fffec69051__r7fam13__inst00__synth_merge_src1,0x51fffec69051ce95d289615d5e760f59a7b1d0de0d605d162766bcc97bcf933a,0x81910675dbaf69dee0fd77570bfd07f8e436386a|0x9e32b13ce7f2e80a01932b42553652e053d6ed8e|0xf2ce52e3d0eb5d237341c9a75ca24647d87d7e55,0x81910675dbaf69dee0fd77570bfd07f8e436386a,0x9e32b13ce7f2e80a01932b42553652e053d6ed8e,Metis,Metis,0x51fffec69051ce95d289615d5e760f59a7b1d0de0d605d162766bcc97bcf933a_Metis,1660396264,1660396264,1,6.415070097932368e+19,64.15070097932369,174.4465753095586,16.279070,16.279070,0.800000,bridge_deposit_flow
ETH,Poly,eth_flow_0x51fffec69051__r7fam13__inst00__synth_merge_src2,0x51fffec69051ce95d289615d5e760f59a7b1d0de0d605d162766bcc97bcf933a,0x81910675dbaf69dee0fd77570bfd07f8e436386a|0x9e32b13ce7f2e80a01932b42553652e053d6ed8e|0xf2ce52e3d0eb5d237341c9a75ca24647d87d7e55,0x81910675dbaf69dee0fd77570bfd07f8e436386a,0x9e32b13ce7f2e80a01932b42553652e053d6ed8e,Metis,Metis,0x51fffec69051ce95d289615d5e760f59a7b1d0de0d605d162766bcc97bcf933a_Metis,1660396264,1660396264,1,6.415070097932368e+19,64.15070097932369,174.4465753095586,16.279070,16.279070,0.800000,bridge_deposit_flow
ETH,Poly,eth_flow_0x51fffec69051__r7fam13__inst00__synth_unmatched_src,0x51fffec69051ce95d289615d5e760f59a7b1d0de0d605d162766bcc97bcf933a,0x81910675dbaf69dee0fd77570bfd07f8e436386a|0x9e32b13ce7f2e80a01932b42553652e053d6ed8e|0xf2ce52e3d0eb5d237341c9a75ca24647d87d7e55,0x81910675dbaf69dee0fd77570bfd07f8e436386a,0x9e32b13ce7f2e80a01932b42553652e053d6ed8e,Metis,Metis,0x51fffec69051ce95d289615d5e760f59a7b1d0de0d605d162766bcc97bcf933a_Metis,1660396264,1660396264,1,1.2830140195864737e+20,128.30140195864738,348.8931506191172,16.279070,16.279070,0.800000,bridge_deposit_flow
ETH,Poly,eth_flow_0x51fffec69051__r7fam13__inst00__synth_noise_src_0,0x51fffec69051ce95d289615d5e760f59a7b1d0de0d605d162766bcc97bcf933a,0x81910675dbaf69dee0fd77570bfd07f8e436386a|0x9e32b13ce7f2e80a01932b42553652e053d6ed8e|0xf2ce52e3d0eb5d237341c9a75ca24647d87d7e55,0x81910675dbaf69dee0fd77570bfd07f8e436386a,0x9e32b13ce7f2e80a01932b42553652e053d6ed8e,Metis,Metis,0x51fffec69051ce95d289615d5e760f59a7b1d0de0d605d162766bcc97bcf933a_Metis,1660396264,1660396264,1,1.2830140195864737e+20,128.30140195864738,348.8931506191172,16.279070,16.279070,0.800000,bridge_deposit_flow
ETH,Poly,eth_flow_0x51fffec69051__r7fam13__inst00__synth_noise_src_1,0x51fffec69051ce95d289615d5e760f59a7b1d0de0d605d162766bcc97bcf933a,0x81910675dbaf69dee0fd77570bfd07f8e436386a|0x9e32b13ce7f2e80a01932b42553652e053d6ed8e|0xf2ce52e3d0eb5d237341c9a75ca24647d87d7e55,0x81910675dbaf69dee0fd77570bfd07f8e436386a,0x9e32b13ce7f2e80a01932b42553652e053d6ed8e,Metis,Metis,0x51fffec69051ce95d289615d5e760f59a7b1d0de0d605d162766bcc97bcf933a_Metis,1660396264,1660396264,1,1.2830140195864737e+20,128.30140195864738,348.8931506191172,16.279070,16.279070,0.800000,bridge_deposit_flow
ETH,Poly,eth_flow_0x6b1a4a7aae94__r7fam13__inst01__synth_split_src,0x6b1a4a7aae941f13a439749972652c7bbb1847399e07dedcefc36d47d1512c26,0x81910675dbaf69dee0fd77570bfd07f8e436386a|0x8594d8e9483473626908648a5539d9d65ca2fe8d|0x9e32b13ce7f2e80a01932b42553652e053d6ed8e,0x81910675dbaf69dee0fd77570bfd07f8e436386a,0x9e32b13ce7f2e80a01932b42553652e053d6ed8e,Metis,Metis,0x6b1a4a7aae941f13a439749972652c7bbb1847399e07dedcefc36d47d1512c26_Metis,1654148787,1654148787,1,8.029956188402016e+19,80.29956188402016,218.36056903010575,16.279070,16.279070,0.800000,bridge_deposit_flow
ETH,Poly,eth_flow_0x6b1a4a7aae94__r7fam13__inst01__synth_merge_src1,0x6b1a4a7aae941f13a439749972652c7bbb1847399e07dedcefc36d47d1512c26,0x81910675dbaf69dee0fd77570bfd07f8e436386a|0x8594d8e9483473626908648a5539d9d65ca2fe8d|0x9e32b13ce7f2e80a01932b42553652e053d6ed8e,0x81910675dbaf69dee0fd77570bfd07f8e436386a,0x9e32b13ce7f2e80a01932b42553652e053d6ed8e,Metis,Metis,0x6b1a4a7aae941f13a439749972652c7bbb1847399e07dedcefc36d47d1512c26_Metis,1654148787,1654148787,1,4.014978094201008e+19,40.14978094201008,109.18028451505288,16.279070,16.279070,0.800000,bridge_deposit_flow
ETH,Poly,eth_flow_0x6b1a4a7aae94__r7fam13__inst01__synth_merge_src2,0x6b1a4a7aae941f13a439749972652c7bbb1847399e07dedcefc36d47d1512c26,0x81910675dbaf69dee0fd77570bfd07f8e436386a|0x8594d8e9483473626908648a5539d9d65ca2fe8d|0x9e32b13ce7f2e80a01932b42553652e053d6ed8e,0x81910675dbaf69dee0fd77570bfd07f8e436386a,0x9e32b13ce7f2e80a01932b42553652e053d6ed8e,Metis,Metis,0x6b1a4a7aae941f13a439749972652c7bbb1847399e07dedcefc36d47d1512c26_Metis,1654148787,1654148787,1,4.014978094201008e+19,40.14978094201008,109.18028451505288,16.279070,16.279070,0.800000,bridge_deposit_flow
ETH,Poly,eth_flow_0x6b1a4a7aae94__r7fam13__inst01__synth_unmatched_src,0x6b1a4a7aae941f13a439749972652c7bbb1847399e07dedcefc36d47d1512c26,0x81910675dbaf69dee0fd77570bfd07f8e436386a|0x8594d8e9483473626908648a5539d9d65ca2fe8d|0x9e32b13ce7f2e80a01932b42553652e053d6ed8e,0x81910675dbaf69dee0fd77570bfd07f8e436386a,0x9e32b13ce7f2e80a01932b42553652e053d6ed8e,Metis,Metis,0x6b1a4a7aae941f13a439749972652c7bbb1847399e07dedcefc36d47d1512c26_Metis,1654148787,1654148787,1,8.029956188402016e+19,80.29956188402016,218.36056903010575,16.279070,16.279070,0.800000,bridge_deposit_flow
ETH,Poly,eth_flow_0x6b1a4a7aae94__r7fam13__inst01__synth_noise_src_0,0x6b1a4a7aae941f13a439749972652c7bbb1847399e07dedcefc36d47d1512c26,0x81910675dbaf69dee0fd77570bfd07f8e436386a|0x8594d8e9483473626908648a5539d9d65ca2fe8d|0x9e32b13ce7f2e80a01932b42553652e053d6ed8e,0x81910675dbaf69dee0fd77570bfd07f8e436386a,0x9e32b13ce7f2e80a01932b42553652e053d6ed8e,Metis,Metis,0x6b1a4a7aae941f13a439749972652c7bbb1847399e07dedcefc36d47d1512c26_Metis,1654148787,1654148787,1,8.029956188402016e+19,80.29956188402016,218.36056903010575,16.279070,16.279070,0.800000,bridge_deposit_flow
ETH,Poly,eth_flow_0x6b1a4a7aae94__r7fam13__inst01__synth_noise_src_1,0x6b1a4a7aae941f13a439749972652c7bbb1847399e07dedcefc36d47d1512c26,0x81910675dbaf69dee0fd77570bfd07f8e436386a|0x8594d8e9483473626908648a5539d9d65ca2fe8d|0x9e32b13ce7f2e80a01932b42553652e053d6ed8e,0x81910675dbaf69dee0fd77570bfd07f8e436386a,0x9e32b13ce7f2e80a01932b42553652e053d6ed8e,Metis,Metis,0x6b1a4a7aae941f13a439749972652c7bbb1847399e07dedcefc36d47d1512c26_Metis,1654148787,1654148787,1,8.029956188402016e+19,80.29956188402016,218.36056903010575,16.279070,16.279070,0.800000,bridge_deposit_flow
ETH,Poly,eth_flow_0x20a73f352770__r7fam14__inst00__synth_split_src,0x20a73f352770b75cd4fa55542ff7206e47182b06b5b7fa33d8e9484dda7fb450,0x0d5c74664e49fd06efc1229fad18f9c5d29f7554|0x81910675dbaf69dee0fd77570bfd07f8e436386a|0x9e32b13ce7f2e80a01932b42553652e053d6ed8e,0x81910675dbaf69dee0fd77570bfd07f8e436386a,0x9e32b13ce7f2e80a01932b42553652e053d6ed8e,Metis,Metis,0x20a73f352770b75cd4fa55542ff7206e47182b06b5b7fa33d8e9484dda7fb450_Metis,1648500599,1648500599,1,4.492023994639986e+19,44.92023994639986,122.1527107437026,16.279070,16.279070,0.800000,bridge_deposit_flow
ETH,Poly,eth_flow_0x20a73f352770__r7fam14__inst00__synth_merge_src1,0x20a73f352770b75cd4fa55542ff7206e47182b06b5b7fa33d8e9484dda7fb450,0x0d5c74664e49fd06efc1229fad18f9c5d29f7554|0x81910675dbaf69dee0fd77570bfd07f8e436386a|0x9e32b13ce7f2e80a01932b42553652e053d6ed8e,0x81910675dbaf69dee0fd77570bfd07f8e436386a,0x9e32b13ce7f2e80a01932b42553652e053d6ed8e,Metis,Metis,0x20a73f352770b75cd4fa55542ff7206e47182b06b5b7fa33d8e9484dda7fb450_Metis,1648500599,1648500599,1,2.246011997319993e+19,22.46011997319993,61.0763553718513,16.279070,16.279070,0.800000,bridge_deposit_flow
ETH,Poly,eth_flow_0x20a73f352770__r7fam14__inst00__synth_merge_src2,0x20a73f352770b75cd4fa55542ff7206e47182b06b5b7fa33d8e9484dda7fb450,0x0d5c74664e49fd06efc1229fad18f9c5d29f7554|0x81910675dbaf69dee0fd77570bfd07f8e436386a|0x9e32b13ce7f2e80a01932b42553652e053d6ed8e,0x81910675dbaf69dee0fd77570bfd07f8e436386a,0x9e32b13ce7f2e80a01932b42553652e053d6ed8e,Metis,Metis,0x20a73f352770b75cd4fa55542ff7206e47182b06b5b7fa33d8e9484dda7fb450_Metis,1648500599,1648500599,1,2.246011997319993e+19,22.46011997319993,61.0763553718513,16.279070,16.279070,0.800000,bridge_deposit_flow
ETH,Poly,eth_flow_0x20a73f352770__r7fam14__inst00__synth_unmatched_src,0x20a73f352770b75cd4fa55542ff7206e47182b06b5b7fa33d8e9484dda7fb450,0x0d5c74664e49fd06efc1229fad18f9c5d29f7554|0x81910675dbaf69dee0fd77570bfd07f8e436386a|0x9e32b13ce7f2e80a01932b42553652e053d6ed8e,0x81910675dbaf69dee0fd77570bfd07f8e436386a,0x9e32b13ce7f2e80a01932b42553652e053d6ed8e,Metis,Metis,0x20a73f352770b75cd4fa55542ff7206e47182b06b5b7fa33d8e9484dda7fb450_Metis,1648500599,1648500599,1,4.492023994639986e+19,44.92023994639986,122.1527107437026,16.279070,16.279070,0.800000,bridge_deposit_flow
ETH,Poly,eth_flow_0x20a73f352770__r7fam14__inst00__synth_noise_src_0,0x20a73f352770b75cd4fa55542ff7206e47182b06b5b7fa33d8e9484dda7fb450,0x0d5c74664e49fd06efc1229fad18f9c5d29f7554|0x81910675dbaf69dee0fd77570bfd07f8e436386a|0x9e32b13ce7f2e80a01932b42553652e053d6ed8e,0x81910675dbaf69dee0fd77570bfd07f8e436386a,0x9e32b13ce7f2e80a01932b42553652e053d6ed8e,Metis,Metis,0x20a73f352770b75cd4fa55542ff7206e47182b06b5b7fa33d8e9484dda7fb450_Metis,1648500599,1648500599,1,4.492023994639986e+19,44.92023994639986,122.1527107437026,16.279070,16.279070,0.800000,bridge_deposit_flow
ETH,Poly,eth_flow_0x20a73f352770__r7fam14__inst00__synth_noise_src_1,0x20a73f352770b75cd4fa55542ff7206e47182b06b5b7fa33d8e9484dda7fb450,0x0d5c74664e49fd06efc1229fad18f9c5d29f7554|0x81910675dbaf69dee0fd77570bfd07f8e436386a|0x9e32b13ce7f2e80a01932b42553652e053d6ed8e,0x81910675dbaf69dee0fd77570bfd07f8e436386a,0x9e32b13ce7f2e80a01932b42553652e053d6ed8e,Metis,Metis,0x20a73f352770b75cd4fa55542ff7206e47182b06b5b7fa33d8e9484dda7fb450_Metis,1648500599,1648500599,1,4.492023994639986e+19,44.92023994639986,122.1527107437026,16.279070,16.279070,0.800000,bridge_deposit_flow
ETH,Poly,eth_flow_0x50f758912339__r7fam14__inst01__synth_split_src,0x50f75891233928bf07efbce7ad5dadc6efc2598cb68e5eb83b7e82c509aed91e,0x546b121d66a025339567c1c4f728d9ccb7aadba4|0x81910675dbaf69dee0fd77570bfd07f8e436386a|0xaf9f549774ecedbd0966c52f250acc548d3f36e5,0x81910675dbaf69dee0fd77570bfd07f8e436386a,0xaf9f549774ecedbd0966c52f250acc548d3f36e5,RFuel,RFuel,0x50f75891233928bf07efbce7ad5dadc6efc2598cb68e5eb83b7e82c509aed91e_RFuel,1648832665,1648832665,1,2.4179317728376244e+23,241793.17728376243,169.40029864658166,16.279070,16.279070,0.800000,bridge_deposit_flow
ETH,Poly,eth_flow_0x50f758912339__r7fam14__inst01__synth_merge_src1,0x50f75891233928bf07efbce7ad5dadc6efc2598cb68e5eb83b7e82c509aed91e,0x546b121d66a025339567c1c4f728d9ccb7aadba4|0x81910675dbaf69dee0fd77570bfd07f8e436386a|0xaf9f549774ecedbd0966c52f250acc548d3f36e5,0x81910675dbaf69dee0fd77570bfd07f8e436386a,0xaf9f549774ecedbd0966c52f250acc548d3f36e5,RFuel,RFuel,0x50f75891233928bf07efbce7ad5dadc6efc2598cb68e5eb83b7e82c509aed91e_RFuel,1648832665,1648832665,1,1.2089658864188122e+23,120896.58864188122,84.70014932329083,16.279070,16.279070,0.800000,bridge_deposit_flow
ETH,Poly,eth_flow_0x50f758912339__r7fam14__inst01__synth_merge_src2,0x50f75891233928bf07efbce7ad5dadc6efc2598cb68e5eb83b7e82c509aed91e,0x546b121d66a025339567c1c4f728d9ccb7aadba4|0x81910675dbaf69dee0fd77570bfd07f8e436386a|0xaf9f549774ecedbd0966c52f250acc548d3f36e5,0x81910675dbaf69dee0fd77570bfd07f8e436386a,0xaf9f549774ecedbd0966c52f250acc548d3f36e5,RFuel,RFuel,0x50f75891233928bf07efbce7ad5dadc6efc2598cb68e5eb83b7e82c509aed91e_RFuel,1648832665,1648832665,1,1.2089658864188122e+23,120896.58864188122,84.70014932329083,16.279070,16.279070,0.800000,bridge_deposit_flow
ETH,Poly,eth_flow_0x50f758912339__r7fam14__inst01__synth_unmatched_src,0x50f75891233928bf07efbce7ad5dadc6efc2598cb68e5eb83b7e82c509aed91e,0x546b121d66a025339567c1c4f728d9ccb7aadba4|0x81910675dbaf69dee0fd77570bfd07f8e436386a|0xaf9f549774ecedbd0966c52f250acc548d3f36e5,0x81910675dbaf69dee0fd77570bfd07f8e436386a,0xaf9f549774ecedbd0966c52f250acc548d3f36e5,RFuel,RFuel,0x50f75891233928bf07efbce7ad5dadc6efc2598cb68e5eb83b7e82c509aed91e_RFuel,1648832665,1648832665,1,2.4179317728376244e+23,241793.17728376243,169.40029864658166,16.279070,16.279070,0.800000,bridge_deposit_flow
ETH,Poly,eth_flow_0x50f758912339__r7fam14__inst01__synth_noise_src_0,0x50f75891233928bf07efbce7ad5dadc6efc2598cb68e5eb83b7e82c509aed91e,0x546b121d66a025339567c1c4f728d9ccb7aadba4|0x81910675dbaf69dee0fd77570bfd07f8e436386a|0xaf9f549774ecedbd0966c52f250acc548d3f36e5,0x81910675dbaf69dee0fd77570bfd07f8e436386a,0xaf9f549774ecedbd0966c52f250acc548d3f36e5,RFuel,RFuel,0x50f75891233928bf07efbce7ad5dadc6efc2598cb68e5eb83b7e82c509aed91e_RFuel,1648832665,1648832665,1,2.4179317728376244e+23,241793.17728376243,169.40029864658166,16.279070,16.279070,0.800000,bridge_deposit_flow
ETH,Poly,eth_flow_0x50f758912339__r7fam14__inst01__synth_noise_src_1,0x50f75891233928bf07efbce7ad5dadc6efc2598cb68e5eb83b7e82c509aed91e,0x546b121d66a025339567c1c4f728d9ccb7aadba4|0x81910675dbaf69dee0fd77570bfd07f8e436386a|0xaf9f549774ecedbd0966c52f250acc548d3f36e5,0x81910675dbaf69dee0fd77570bfd07f8e436386a,0xaf9f549774ecedbd0966c52f250acc548d3f36e5,RFuel,RFuel,0x50f75891233928bf07efbce7ad5dadc6efc2598cb68e5eb83b7e82c509aed91e_RFuel,1648832665,1648832665,1,2.4179317728376244e+23,241793.17728376243,169.40029864658166,16.279070,16.279070,0.800000,bridge_deposit_flow
ETH,Poly,eth_flow_0xb1a577f310f4__r7fam15__inst00__synth_split_src,0xb1a577f310f4b10e3e22527b423e308b0f02192e33981693b307037591f92881,0x7a6a59588b8106045303e1923227a2cefbec2b66|0x81910675dbaf69dee0fd77570bfd07f8e436386a|0x9e32b13ce7f2e80a01932b42553652e053d6ed8e,0x81910675dbaf69dee0fd77570bfd07f8e436386a,0x9e32b13ce7f2e80a01932b42553652e053d6ed8e,Metis,Metis,0xb1a577f310f4b10e3e22527b423e308b0f02192e33981693b307037591f92881_Metis,1643894901,1643894901,1,7.488894933555501e+19,74.888949335555,203.6473575608985,16.279070,16.279070,0.800000,bridge_deposit_flow
ETH,Poly,eth_flow_0xb1a577f310f4__r7fam15__inst00__synth_merge_src1,0xb1a577f310f4b10e3e22527b423e308b0f02192e33981693b307037591f92881,0x7a6a59588b8106045303e1923227a2cefbec2b66|0x81910675dbaf69dee0fd77570bfd07f8e436386a|0x9e32b13ce7f2e80a01932b42553652e053d6ed8e,0x81910675dbaf69dee0fd77570bfd07f8e436386a,0x9e32b13ce7f2e80a01932b42553652e053d6ed8e,Metis,Metis,0xb1a577f310f4b10e3e22527b423e308b0f02192e33981693b307037591f92881_Metis,1643894901,1643894901,1,3.744447466777751e+19,37.4444746677775,101.82367878044926,16.279070,16.279070,0.800000,bridge_deposit_flow
ETH,Poly,eth_flow_0xb1a577f310f4__r7fam15__inst00__synth_merge_src2,0xb1a577f310f4b10e3e22527b423e308b0f02192e33981693b307037591f92881,0x7a6a59588b8106045303e1923227a2cefbec2b66|0x81910675dbaf69dee0fd77570bfd07f8e436386a|0x9e32b13ce7f2e80a01932b42553652e053d6ed8e,0x81910675dbaf69dee0fd77570bfd07f8e436386a,0x9e32b13ce7f2e80a01932b42553652e053d6ed8e,Metis,Metis,0xb1a577f310f4b10e3e22527b423e308b0f02192e33981693b307037591f92881_Metis,1643894901,1643894901,1,3.744447466777751e+19,37.4444746677775,101.82367878044926,16.279070,16.279070,0.800000,bridge_deposit_flow
ETH,Poly,eth_flow_0xb1a577f310f4__r7fam15__inst00__synth_unmatched_src,0xb1a577f310f4b10e3e22527b423e308b0f02192e33981693b307037591f92881,0x7a6a59588b8106045303e1923227a2cefbec2b66|0x81910675dbaf69dee0fd77570bfd07f8e436386a|0x9e32b13ce7f2e80a01932b42553652e053d6ed8e,0x81910675dbaf69dee0fd77570bfd07f8e436386a,0x9e32b13ce7f2e80a01932b42553652e053d6ed8e,Metis,Metis,0xb1a577f310f4b10e3e22527b423e308b0f02192e33981693b307037591f92881_Metis,1643894901,1643894901,1,7.488894933555501e+19,74.888949335555,203.6473575608985,16.279070,16.279070,0.800000,bridge_deposit_flow
ETH,Poly,eth_flow_0xb1a577f310f4__r7fam15__inst00__synth_noise_src_0,0xb1a577f310f4b10e3e22527b423e308b0f02192e33981693b307037591f92881,0x7a6a59588b8106045303e1923227a2cefbec2b66|0x81910675dbaf69dee0fd77570bfd07f8e436386a|0x9e32b13ce7f2e80a01932b42553652e053d6ed8e,0x81910675dbaf69dee0fd77570bfd07f8e436386a,0x9e32b13ce7f2e80a01932b42553652e053d6ed8e,Metis,Metis,0xb1a577f310f4b10e3e22527b423e308b0f02192e33981693b307037591f92881_Metis,1643894901,1643894901,1,7.488894933555501e+19,74.888949335555,203.6473575608985,16.279070,16.279070,0.800000,bridge_deposit_flow
ETH,Poly,eth_flow_0xb1a577f310f4__r7fam15__inst00__synth_noise_src_1,0xb1a577f310f4b10e3e22527b423e308b0f02192e33981693b307037591f92881,0x7a6a59588b8106045303e1923227a2cefbec2b66|0x81910675dbaf69dee0fd77570bfd07f8e436386a|0x9e32b13ce7f2e80a01932b42553652e053d6ed8e,0x81910675dbaf69dee0fd77570bfd07f8e436386a,0x9e32b13ce7f2e80a01932b42553652e053d6ed8e,Metis,Metis,0xb1a577f310f4b10e3e22527b423e308b0f02192e33981693b307037591f92881_Metis,1643894901,1643894901,1,7.488894933555501e+19,74.888949335555,203.6473575608985,16.279070,16.279070,0.800000,bridge_deposit_flow
ETH,Poly,eth_flow_0x599c0ff86f40__r7fam15__inst01__synth_split_src,0x599c0ff86f406e2fa921af6d6968233ccc6f711ebd56ba7a69d76f1b1a2a747c,0x81910675dbaf69dee0fd77570bfd07f8e436386a|0x8594d8e9483473626908648a5539d9d65ca2fe8d|0x9e32b13ce7f2e80a01932b42553652e053d6ed8e,0x81910675dbaf69dee0fd77570bfd07f8e436386a,0x9e32b13ce7f2e80a01932b42553652e053d6ed8e,Metis,Metis,0x599c0ff86f406e2fa921af6d6968233ccc6f711ebd56ba7a69d76f1b1a2a747c_Metis,1662299067,1662299067,1,1.0368528932311517e+20,103.68528932311516,281.9539514966165,16.279070,16.279070,0.775000,bridge_deposit_flow
ETH,Poly,eth_flow_0x599c0ff86f40__r7fam15__inst01__synth_merge_src1,0x599c0ff86f406e2fa921af6d6968233ccc6f711ebd56ba7a69d76f1b1a2a747c,0x81910675dbaf69dee0fd77570bfd07f8e436386a|0x8594d8e9483473626908648a5539d9d65ca2fe8d|0x9e32b13ce7f2e80a01932b42553652e053d6ed8e,0x81910675dbaf69dee0fd77570bfd07f8e436386a,0x9e32b13ce7f2e80a01932b42553652e053d6ed8e,Metis,Metis,0x599c0ff86f406e2fa921af6d6968233ccc6f711ebd56ba7a69d76f1b1a2a747c_Metis,1662299067,1662299067,1,5.184264466155758e+19,51.84264466155758,140.97697574830826,16.279070,16.279070,0.775000,bridge_deposit_flow
ETH,Poly,eth_flow_0x599c0ff86f40__r7fam15__inst01__synth_merge_src2,0x599c0ff86f406e2fa921af6d6968233ccc6f711ebd56ba7a69d76f1b1a2a747c,0x81910675dbaf69dee0fd77570bfd07f8e436386a|0x8594d8e9483473626908648a5539d9d65ca2fe8d|0x9e32b13ce7f2e80a01932b42553652e053d6ed8e,0x81910675dbaf69dee0fd77570bfd07f8e436386a,0x9e32b13ce7f2e80a01932b42553652e053d6ed8e,Metis,Metis,0x599c0ff86f406e2fa921af6d6968233ccc6f711ebd56ba7a69d76f1b1a2a747c_Metis,1662299067,1662299067,1,5.184264466155758e+19,51.84264466155758,140.97697574830826,16.279070,16.279070,0.775000,bridge_deposit_flow
ETH,Poly,eth_flow_0x599c0ff86f40__r7fam15__inst01__synth_unmatched_src,0x599c0ff86f406e2fa921af6d6968233ccc6f711ebd56ba7a69d76f1b1a2a747c,0x81910675dbaf69dee0fd77570bfd07f8e436386a|0x8594d8e9483473626908648a5539d9d65ca2fe8d|0x9e32b13ce7f2e80a01932b42553652e053d6ed8e,0x81910675dbaf69dee0fd77570bfd07f8e436386a,0x9e32b13ce7f2e80a01932b42553652e053d6ed8e,Metis,Metis,0x599c0ff86f406e2fa921af6d6968233ccc6f711ebd56ba7a69d76f1b1a2a747c_Metis,1662299067,1662299067,1,1.0368528932311517e+20,103.68528932311516,281.9539514966165,16.279070,16.279070,0.775000,bridge_deposit_flow
ETH,Poly,eth_flow_0x599c0ff86f40__r7fam15__inst01__synth_noise_src_0,0x599c0ff86f406e2fa921af6d6968233ccc6f711ebd56ba7a69d76f1b1a2a747c,0x81910675dbaf69dee0fd77570bfd07f8e436386a|0x8594d8e9483473626908648a5539d9d65ca2fe8d|0x9e32b13ce7f2e80a01932b42553652e053d6ed8e,0x81910675dbaf69dee0fd77570bfd07f8e436386a,0x9e32b13ce7f2e80a01932b42553652e053d6ed8e,Metis,Metis,0x599c0ff86f406e2fa921af6d6968233ccc6f711ebd56ba7a69d76f1b1a2a747c_Metis,1662299067,1662299067,1,1.0368528932311517e+20,103.68528932311516,281.9539514966165,16.279070,16.279070,0.775000,bridge_deposit_flow
ETH,Poly,eth_flow_0x599c0ff86f40__r7fam15__inst01__synth_noise_src_1,0x599c0ff86f406e2fa921af6d6968233ccc6f711ebd56ba7a69d76f1b1a2a747c,0x81910675dbaf69dee0fd77570bfd07f8e436386a|0x8594d8e9483473626908648a5539d9d65ca2fe8d|0x9e32b13ce7f2e80a01932b42553652e053d6ed8e,0x81910675dbaf69dee0fd77570bfd07f8e436386a,0x9e32b13ce7f2e80a01932b42553652e053d6ed8e,Metis,Metis,0x599c0ff86f406e2fa921af6d6968233ccc6f711ebd56ba7a69d76f1b1a2a747c_Metis,1662299067,1662299067,1,1.0368528932311517e+20,103.68528932311516,281.9539514966165,16.279070,16.279070,0.775000,bridge_deposit_flow
ETH,Poly,eth_flow_0x753a70670d42__r7fam16__inst00__synth_split_src,0x753a70670d42c4ad09eaa4d36ef46cb86c015f918f2c44fbc488820d16b434bc,0x4abb9cc67bd3da9eb966d1159a71a0e68bd15432|0x81910675dbaf69dee0fd77570bfd07f8e436386a|0xaca27c2745a287f62aec45230bd6db6a9b5cd3b6,0x81910675dbaf69dee0fd77570bfd07f8e436386a,0x4abb9cc67bd3da9eb966d1159a71a0e68bd15432,KEL,KEL,0x753a70670d42c4ad09eaa4d36ef46cb86c015f918f2c44fbc488820d16b434bc_KEL,1671222911,1671222911,1,9.741532011430856e+22,97415.32011430856,109.00185781139278,0.000000,0.000000,0.775000,bridge_deposit_flow
ETH,Poly,eth_flow_0x753a70670d42__r7fam16__inst00__synth_merge_src1,0x753a70670d42c4ad09eaa4d36ef46cb86c015f918f2c44fbc488820d16b434bc,0x4abb9cc67bd3da9eb966d1159a71a0e68bd15432|0x81910675dbaf69dee0fd77570bfd07f8e436386a|0xaca27c2745a287f62aec45230bd6db6a9b5cd3b6,0x81910675dbaf69dee0fd77570bfd07f8e436386a,0x4abb9cc67bd3da9eb966d1159a71a0e68bd15432,KEL,KEL,0x753a70670d42c4ad09eaa4d36ef46cb86c015f918f2c44fbc488820d16b434bc_KEL,1671222911,1671222911,1,4.870766005715428e+22,48707.66005715428,54.50092890569639,0.000000,0.000000,0.775000,bridge_deposit_flow
ETH,Poly,eth_flow_0x753a70670d42__r7fam16__inst00__synth_merge_src2,0x753a70670d42c4ad09eaa4d36ef46cb86c015f918f2c44fbc488820d16b434bc,0x4abb9cc67bd3da9eb966d1159a71a0e68bd15432|0x81910675dbaf69dee0fd77570bfd07f8e436386a|0xaca27c2745a287f62aec45230bd6db6a9b5cd3b6,0x81910675dbaf69dee0fd77570bfd07f8e436386a,0x4abb9cc67bd3da9eb966d1159a71a0e68bd15432,KEL,KEL,0x753a70670d42c4ad09eaa4d36ef46cb86c015f918f2c44fbc488820d16b434bc_KEL,1671222911,1671222911,1,4.870766005715428e+22,48707.66005715428,54.50092890569639,0.000000,0.000000,0.775000,bridge_deposit_flow
ETH,Poly,eth_flow_0x753a70670d42__r7fam16__inst00__synth_unmatched_src,0x753a70670d42c4ad09eaa4d36ef46cb86c015f918f2c44fbc488820d16b434bc,0x4abb9cc67bd3da9eb966d1159a71a0e68bd15432|0x81910675dbaf69dee0fd77570bfd07f8e436386a|0xaca27c2745a287f62aec45230bd6db6a9b5cd3b6,0x81910675dbaf69dee0fd77570bfd07f8e436386a,0x4abb9cc67bd3da9eb966d1159a71a0e68bd15432,KEL,KEL,0x753a70670d42c4ad09eaa4d36ef46cb86c015f918f2c44fbc488820d16b434bc_KEL,1671222911,1671222911,1,9.741532011430856e+22,97415.32011430856,109.00185781139278,0.000000,0.000000,0.775000,bridge_deposit_flow
ETH,Poly,eth_flow_0x753a70670d42__r7fam16__inst00__synth_noise_src_0,0x753a70670d42c4ad09eaa4d36ef46cb86c015f918f2c44fbc488820d16b434bc,0x4abb9cc67bd3da9eb966d1159a71a0e68bd15432|0x81910675dbaf69dee0fd77570bfd07f8e436386a|0xaca27c2745a287f62aec45230bd6db6a9b5cd3b6,0x81910675dbaf69dee0fd77570bfd07f8e436386a,0x4abb9cc67bd3da9eb966d1159a71a0e68bd15432,KEL,KEL,0x753a70670d42c4ad09eaa4d36ef46cb86c015f918f2c44fbc488820d16b434bc_KEL,1671222911,1671222911,1,9.741532011430856e+22,97415.32011430856,109.00185781139278,0.000000,0.000000,0.775000,bridge_deposit_flow
ETH,Poly,eth_flow_0x753a70670d42__r7fam16__inst00__synth_noise_src_1,0x753a70670d42c4ad09eaa4d36ef46cb86c015f918f2c44fbc488820d16b434bc,0x4abb9cc67bd3da9eb966d1159a71a0e68bd15432|0x81910675dbaf69dee0fd77570bfd07f8e436386a|0xaca27c2745a287f62aec45230bd6db6a9b5cd3b6,0x81910675dbaf69dee0fd77570bfd07f8e436386a,0x4abb9cc67bd3da9eb966d1159a71a0e68bd15432,KEL,KEL,0x753a70670d42c4ad09eaa4d36ef46cb86c015f918f2c44fbc488820d16b434bc_KEL,1671222911,1671222911,1,9.741532011430856e+22,97415.32011430856,109.00185781139278,0.000000,0.000000,0.775000,bridge_deposit_flow
ETH,Poly,eth_flow_0xf380f68e2a42__r7fam16__inst01__synth_split_src,0xf380f68e2a42adce031722b78961370b3d4351c3d7d0e3ab87744e0298614591,0x81910675dbaf69dee0fd77570bfd07f8e436386a|0x9e32b13ce7f2e80a01932b42553652e053d6ed8e|0xd54e4f8a55247487dd7c8c59f14ee5c0c2889477,0x81910675dbaf69dee0fd77570bfd07f8e436386a,0x9e32b13ce7f2e80a01932b42553652e053d6ed8e,Metis,Metis,0xf380f68e2a42adce031722b78961370b3d4351c3d7d0e3ab87744e0298614591_Metis,1666804655,1666804655,1,1.0488605211720132e+20,104.88605211720134,285.2192152270157,16.279070,16.279070,0.775000,bridge_deposit_flow
ETH,Poly,eth_flow_0xf380f68e2a42__r7fam16__inst01__synth_merge_src1,0xf380f68e2a42adce031722b78961370b3d4351c3d7d0e3ab87744e0298614591,0x81910675dbaf69dee0fd77570bfd07f8e436386a|0x9e32b13ce7f2e80a01932b42553652e053d6ed8e|0xd54e4f8a55247487dd7c8c59f14ee5c0c2889477,0x81910675dbaf69dee0fd77570bfd07f8e436386a,0x9e32b13ce7f2e80a01932b42553652e053d6ed8e,Metis,Metis,0xf380f68e2a42adce031722b78961370b3d4351c3d7d0e3ab87744e0298614591_Metis,1666804655,1666804655,1,5.244302605860066e+19,52.44302605860067,142.60960761350785,16.279070,16.279070,0.775000,bridge_deposit_flow
ETH,Poly,eth_flow_0xf380f68e2a42__r7fam16__inst01__synth_merge_src2,0xf380f68e2a42adce031722b78961370b3d4351c3d7d0e3ab87744e0298614591,0x81910675dbaf69dee0fd77570bfd07f8e436386a|0x9e32b13ce7f2e80a01932b42553652e053d6ed8e|0xd54e4f8a55247487dd7c8c59f14ee5c0c2889477,0x81910675dbaf69dee0fd77570bfd07f8e436386a,0x9e32b13ce7f2e80a01932b42553652e053d6ed8e,Metis,Metis,0xf380f68e2a42adce031722b78961370b3d4351c3d7d0e3ab87744e0298614591_Metis,1666804655,1666804655,1,5.244302605860066e+19,52.44302605860067,142.60960761350785,16.279070,16.279070,0.775000,bridge_deposit_flow
ETH,Poly,eth_flow_0xf380f68e2a42__r7fam16__inst01__synth_unmatched_src,0xf380f68e2a42adce031722b78961370b3d4351c3d7d0e3ab87744e0298614591,0x81910675dbaf69dee0fd77570bfd07f8e436386a|0x9e32b13ce7f2e80a01932b42553652e053d6ed8e|0xd54e4f8a55247487dd7c8c59f14ee5c0c2889477,0x81910675dbaf69dee0fd77570bfd07f8e436386a,0x9e32b13ce7f2e80a01932b42553652e053d6ed8e,Metis,Metis,0xf380f68e2a42adce031722b78961370b3d4351c3d7d0e3ab87744e0298614591_Metis,1666804655,1666804655,1,1.0488605211720132e+20,104.88605211720134,285.2192152270157,16.279070,16.279070,0.775000,bridge_deposit_flow
ETH,Poly,eth_flow_0xf380f68e2a42__r7fam16__inst01__synth_noise_src_0,0xf380f68e2a42adce031722b78961370b3d4351c3d7d0e3ab87744e0298614591,0x81910675dbaf69dee0fd77570bfd07f8e436386a|0x9e32b13ce7f2e80a01932b42553652e053d6ed8e|0xd54e4f8a55247487dd7c8c59f14ee5c0c2889477,0x81910675dbaf69dee0fd77570bfd07f8e436386a,0x9e32b13ce7f2e80a01932b42553652e053d6ed8e,Metis,Metis,0xf380f68e2a42adce031722b78961370b3d4351c3d7d0e3ab87744e0298614591_Metis,1666804655,1666804655,1,1.0488605211720132e+20,104.88605211720134,285.2192152270157,16.279070,16.279070,0.775000,bridge_deposit_flow
ETH,Poly,eth_flow_0xf380f68e2a42__r7fam16__inst01__synth_noise_src_1,0xf380f68e2a42adce031722b78961370b3d4351c3d7d0e3ab87744e0298614591,0x81910675dbaf69dee0fd77570bfd07f8e436386a|0x9e32b13ce7f2e80a01932b42553652e053d6ed8e|0xd54e4f8a55247487dd7c8c59f14ee5c0c2889477,0x81910675dbaf69dee0fd77570bfd07f8e436386a,0x9e32b13ce7f2e80a01932b42553652e053d6ed8e,Metis,Metis,0xf380f68e2a42adce031722b78961370b3d4351c3d7d0e3ab87744e0298614591_Metis,1666804655,1666804655,1,1.0488605211720132e+20,104.88605211720134,285.2192152270157,16.279070,16.279070,0.775000,bridge_deposit_flow
ETH,Poly,eth_flow_0x7fa8fe4c9388__r7fam17__inst00__synth_split_src,0x7fa8fe4c9388c8714d7222620b1e956796ead48d697b491992ee9336456c3176,0x81910675dbaf69dee0fd77570bfd07f8e436386a|0x9e32b13ce7f2e80a01932b42553652e053d6ed8e|0xf2ce52e3d0eb5d237341c9a75ca24647d87d7e55,0x81910675dbaf69dee0fd77570bfd07f8e436386a,0x9e32b13ce7f2e80a01932b42553652e053d6ed8e,Metis,Metis,0x7fa8fe4c9388c8714d7222620b1e956796ead48d697b491992ee9336456c3176_Metis,1666074971,1666074971,1,1.2435394298662378e+20,124.3539429866238,338.1587285733401,16.279070,16.279070,0.775000,bridge_deposit_flow
ETH,Poly,eth_flow_0x7fa8fe4c9388__r7fam17__inst00__synth_merge_src1,0x7fa8fe4c9388c8714d7222620b1e956796ead48d697b491992ee9336456c3176,0x81910675dbaf69dee0fd77570bfd07f8e436386a|0x9e32b13ce7f2e80a01932b42553652e053d6ed8e|0xf2ce52e3d0eb5d237341c9a75ca24647d87d7e55,0x81910675dbaf69dee0fd77570bfd07f8e436386a,0x9e32b13ce7f2e80a01932b42553652e053d6ed8e,Metis,Metis,0x7fa8fe4c9388c8714d7222620b1e956796ead48d697b491992ee9336456c3176_Metis,1666074971,1666074971,1,6.217697149331189e+19,62.1769714933119,169.07936428667006,16.279070,16.279070,0.775000,bridge_deposit_flow
ETH,Poly,eth_flow_0x7fa8fe4c9388__r7fam17__inst00__synth_merge_src2,0x7fa8fe4c9388c8714d7222620b1e956796ead48d697b491992ee9336456c3176,0x81910675dbaf69dee0fd77570bfd07f8e436386a|0x9e32b13ce7f2e80a01932b42553652e053d6ed8e|0xf2ce52e3d0eb5d237341c9a75ca24647d87d7e55,0x81910675dbaf69dee0fd77570bfd07f8e436386a,0x9e32b13ce7f2e80a01932b42553652e053d6ed8e,Metis,Metis,0x7fa8fe4c9388c8714d7222620b1e956796ead48d697b491992ee9336456c3176_Metis,1666074971,1666074971,1,6.217697149331189e+19,62.1769714933119,169.07936428667006,16.279070,16.279070,0.775000,bridge_deposit_flow
ETH,Poly,eth_flow_0x7fa8fe4c9388__r7fam17__inst00__synth_unmatched_src,0x7fa8fe4c9388c8714d7222620b1e956796ead48d697b491992ee9336456c3176,0x81910675dbaf69dee0fd77570bfd07f8e436386a|0x9e32b13ce7f2e80a01932b42553652e053d6ed8e|0xf2ce52e3d0eb5d237341c9a75ca24647d87d7e55,0x81910675dbaf69dee0fd77570bfd07f8e436386a,0x9e32b13ce7f2e80a01932b42553652e053d6ed8e,Metis,Metis,0x7fa8fe4c9388c8714d7222620b1e956796ead48d697b491992ee9336456c3176_Metis,1666074971,1666074971,1,1.2435394298662378e+20,124.3539429866238,338.1587285733401,16.279070,16.279070,0.775000,bridge_deposit_flow
ETH,Poly,eth_flow_0x7fa8fe4c9388__r7fam17__inst00__synth_noise_src_0,0x7fa8fe4c9388c8714d7222620b1e956796ead48d697b491992ee9336456c3176,0x81910675dbaf69dee0fd77570bfd07f8e436386a|0x9e32b13ce7f2e80a01932b42553652e053d6ed8e|0xf2ce52e3d0eb5d237341c9a75ca24647d87d7e55,0x81910675dbaf69dee0fd77570bfd07f8e436386a,0x9e32b13ce7f2e80a01932b42553652e053d6ed8e,Metis,Metis,0x7fa8fe4c9388c8714d7222620b1e956796ead48d697b491992ee9336456c3176_Metis,1666074971,1666074971,1,1.2435394298662378e+20,124.3539429866238,338.1587285733401,16.279070,16.279070,0.775000,bridge_deposit_flow
ETH,Poly,eth_flow_0x7fa8fe4c9388__r7fam17__inst00__synth_noise_src_1,0x7fa8fe4c9388c8714d7222620b1e956796ead48d697b491992ee9336456c3176,0x81910675dbaf69dee0fd77570bfd07f8e436386a|0x9e32b13ce7f2e80a01932b42553652e053d6ed8e|0xf2ce52e3d0eb5d237341c9a75ca24647d87d7e55,0x81910675dbaf69dee0fd77570bfd07f8e436386a,0x9e32b13ce7f2e80a01932b42553652e053d6ed8e,Metis,Metis,0x7fa8fe4c9388c8714d7222620b1e956796ead48d697b491992ee9336456c3176_Metis,1666074971,1666074971,1,1.2435394298662378e+20,124.3539429866238,338.1587285733401,16.279070,16.279070,0.775000,bridge_deposit_flow
ETH,Poly,eth_flow_0xc8eec51af5a4__r7fam17__inst01__synth_split_src,0xc8eec51af5a4bb4048f42c5d13ba4d63f8c81caea07421920638e011690cd5c2,0x81910675dbaf69dee0fd77570bfd07f8e436386a|0xaf9f549774ecedbd0966c52f250acc548d3f36e5|0xd54e4f8a55247487dd7c8c59f14ee5c0c2889477,0x81910675dbaf69dee0fd77570bfd07f8e436386a,0xaf9f549774ecedbd0966c52f250acc548d3f36e5,RFuel,RFuel,0xc8eec51af5a4bb4048f42c5d13ba4d63f8c81caea07421920638e011690cd5c2_RFuel,1667053763,1667053763,1,1.7301297738084068e+23,173012.9773808407,121.21289098100988,16.279070,16.279070,0.775000,bridge_deposit_flow
ETH,Poly,eth_flow_0xc8eec51af5a4__r7fam17__inst01__synth_merge_src1,0xc8eec51af5a4bb4048f42c5d13ba4d63f8c81caea07421920638e011690cd5c2,0x81910675dbaf69dee0fd77570bfd07f8e436386a|0xaf9f549774ecedbd0966c52f250acc548d3f36e5|0xd54e4f8a55247487dd7c8c59f14ee5c0c2889477,0x81910675dbaf69dee0fd77570bfd07f8e436386a,0xaf9f549774ecedbd0966c52f250acc548d3f36e5,RFuel,RFuel,0xc8eec51af5a4bb4048f42c5d13ba4d63f8c81caea07421920638e011690cd5c2_RFuel,1667053763,1667053763,1,8.650648869042034e+22,86506.48869042034,60.60644549050494,16.279070,16.279070,0.775000,bridge_deposit_flow
ETH,Poly,eth_flow_0xc8eec51af5a4__r7fam17__inst01__synth_merge_src2,0xc8eec51af5a4bb4048f42c5d13ba4d63f8c81caea07421920638e011690cd5c2,0x81910675dbaf69dee0fd77570bfd07f8e436386a|0xaf9f549774ecedbd0966c52f250acc548d3f36e5|0xd54e4f8a55247487dd7c8c59f14ee5c0c2889477,0x81910675dbaf69dee0fd77570bfd07f8e436386a,0xaf9f549774ecedbd0966c52f250acc548d3f36e5,RFuel,RFuel,0xc8eec51af5a4bb4048f42c5d13ba4d63f8c81caea07421920638e011690cd5c2_RFuel,1667053763,1667053763,1,8.650648869042034e+22,86506.48869042034,60.60644549050494,16.279070,16.279070,0.775000,bridge_deposit_flow
ETH,Poly,eth_flow_0xc8eec51af5a4__r7fam17__inst01__synth_unmatched_src,0xc8eec51af5a4bb4048f42c5d13ba4d63f8c81caea07421920638e011690cd5c2,0x81910675dbaf69dee0fd77570bfd07f8e436386a|0xaf9f549774ecedbd0966c52f250acc548d3f36e5|0xd54e4f8a55247487dd7c8c59f14ee5c0c2889477,0x81910675dbaf69dee0fd77570bfd07f8e436386a,0xaf9f549774ecedbd0966c52f250acc548d3f36e5,RFuel,RFuel,0xc8eec51af5a4bb4048f42c5d13ba4d63f8c81caea07421920638e011690cd5c2_RFuel,1667053763,1667053763,1,1.7301297738084068e+23,173012.9773808407,121.21289098100988,16.279070,16.279070,0.775000,bridge_deposit_flow
ETH,Poly,eth_flow_0xc8eec51af5a4__r7fam17__inst01__synth_noise_src_0,0xc8eec51af5a4bb4048f42c5d13ba4d63f8c81caea07421920638e011690cd5c2,0x81910675dbaf69dee0fd77570bfd07f8e436386a|0xaf9f549774ecedbd0966c52f250acc548d3f36e5|0xd54e4f8a55247487dd7c8c59f14ee5c0c2889477,0x81910675dbaf69dee0fd77570bfd07f8e436386a,0xaf9f549774ecedbd0966c52f250acc548d3f36e5,RFuel,RFuel,0xc8eec51af5a4bb4048f42c5d13ba4d63f8c81caea07421920638e011690cd5c2_RFuel,1667053763,1667053763,1,1.7301297738084068e+23,173012.9773808407,121.21289098100988,16.279070,16.279070,0.775000,bridge_deposit_flow
ETH,Poly,eth_flow_0xc8eec51af5a4__r7fam17__inst01__synth_noise_src_1,0xc8eec51af5a4bb4048f42c5d13ba4d63f8c81caea07421920638e011690cd5c2,0x81910675dbaf69dee0fd77570bfd07f8e436386a|0xaf9f549774ecedbd0966c52f250acc548d3f36e5|0xd54e4f8a55247487dd7c8c59f14ee5c0c2889477,0x81910675dbaf69dee0fd77570bfd07f8e436386a,0xaf9f549774ecedbd0966c52f250acc548d3f36e5,RFuel,RFuel,0xc8eec51af5a4bb4048f42c5d13ba4d63f8c81caea07421920638e011690cd5c2_RFuel,1667053763,1667053763,1,1.7301297738084068e+23,173012.9773808407,121.21289098100988,16.279070,16.279070,0.775000,bridge_deposit_flow
ETH,Poly,eth_flow_0x60214a0b3217__r7fam18__inst00__synth_split_src,0x60214a0b3217fa64819aa8f0fc5f7d1d1442cf89f0c39f9fa4f5b203478773b8,0x81910675dbaf69dee0fd77570bfd07f8e436386a|0x92bc4d57c9ca7f74b3f08e80515855f43a03fb19|0x9e32b13ce7f2e80a01932b42553652e053d6ed8e,0x81910675dbaf69dee0fd77570bfd07f8e436386a,0x9e32b13ce7f2e80a01932b42553652e053d6ed8e,Metis,Metis,0x60214a0b3217fa64819aa8f0fc5f7d1d1442cf89f0c39f9fa4f5b203478773b8_Metis,1652454419,1652454419,1,2.65182e+20,265.182,721.1159196631287,16.279070,16.279070,0.800000,bridge_deposit_flow
ETH,Poly,eth_flow_0x60214a0b3217__r7fam18__inst00__synth_merge_src1,0x60214a0b3217fa64819aa8f0fc5f7d1d1442cf89f0c39f9fa4f5b203478773b8,0x81910675dbaf69dee0fd77570bfd07f8e436386a|0x92bc4d57c9ca7f74b3f08e80515855f43a03fb19|0x9e32b13ce7f2e80a01932b42553652e053d6ed8e,0x81910675dbaf69dee0fd77570bfd07f8e436386a,0x9e32b13ce7f2e80a01932b42553652e053d6ed8e,Metis,Metis,0x60214a0b3217fa64819aa8f0fc5f7d1d1442cf89f0c39f9fa4f5b203478773b8_Metis,1652454419,1652454419,1,1.32591e+20,132.591,360.55795983156435,16.279070,16.279070,0.800000,bridge_deposit_flow
ETH,Poly,eth_flow_0x60214a0b3217__r7fam18__inst00__synth_merge_src2,0x60214a0b3217fa64819aa8f0fc5f7d1d1442cf89f0c39f9fa4f5b203478773b8,0x81910675dbaf69dee0fd77570bfd07f8e436386a|0x92bc4d57c9ca7f74b3f08e80515855f43a03fb19|0x9e32b13ce7f2e80a01932b42553652e053d6ed8e,0x81910675dbaf69dee0fd77570bfd07f8e436386a,0x9e32b13ce7f2e80a01932b42553652e053d6ed8e,Metis,Metis,0x60214a0b3217fa64819aa8f0fc5f7d1d1442cf89f0c39f9fa4f5b203478773b8_Metis,1652454419,1652454419,1,1.32591e+20,132.591,360.55795983156435,16.279070,16.279070,0.800000,bridge_deposit_flow
ETH,Poly,eth_flow_0x60214a0b3217__r7fam18__inst00__synth_unmatched_src,0x60214a0b3217fa64819aa8f0fc5f7d1d1442cf89f0c39f9fa4f5b203478773b8,0x81910675dbaf69dee0fd77570bfd07f8e436386a|0x92bc4d57c9ca7f74b3f08e80515855f43a03fb19|0x9e32b13ce7f2e80a01932b42553652e053d6ed8e,0x81910675dbaf69dee0fd77570bfd07f8e436386a,0x9e32b13ce7f2e80a01932b42553652e053d6ed8e,Metis,Metis,0x60214a0b3217fa64819aa8f0fc5f7d1d1442cf89f0c39f9fa4f5b203478773b8_Metis,1652454419,1652454419,1,2.65182e+20,265.182,721.1159196631287,16.279070,16.279070,0.800000,bridge_deposit_flow
ETH,Poly,eth_flow_0x60214a0b3217__r7fam18__inst00__synth_noise_src_0,0x60214a0b3217fa64819aa8f0fc5f7d1d1442cf89f0c39f9fa4f5b203478773b8,0x81910675dbaf69dee0fd77570bfd07f8e436386a|0x92bc4d57c9ca7f74b3f08e80515855f43a03fb19|0x9e32b13ce7f2e80a01932b42553652e053d6ed8e,0x81910675dbaf69dee0fd77570bfd07f8e436386a,0x9e32b13ce7f2e80a01932b42553652e053d6ed8e,Metis,Metis,0x60214a0b3217fa64819aa8f0fc5f7d1d1442cf89f0c39f9fa4f5b203478773b8_Metis,1652454419,1652454419,1,2.65182e+20,265.182,721.1159196631287,16.279070,16.279070,0.800000,bridge_deposit_flow
ETH,Poly,eth_flow_0x60214a0b3217__r7fam18__inst00__synth_noise_src_1,0x60214a0b3217fa64819aa8f0fc5f7d1d1442cf89f0c39f9fa4f5b203478773b8,0x81910675dbaf69dee0fd77570bfd07f8e436386a|0x92bc4d57c9ca7f74b3f08e80515855f43a03fb19|0x9e32b13ce7f2e80a01932b42553652e053d6ed8e,0x81910675dbaf69dee0fd77570bfd07f8e436386a,0x9e32b13ce7f2e80a01932b42553652e053d6ed8e,Metis,Metis,0x60214a0b3217fa64819aa8f0fc5f7d1d1442cf89f0c39f9fa4f5b203478773b8_Metis,1652454419,1652454419,1,2.65182e+20,265.182,721.1159196631287,16.279070,16.279070,0.800000,bridge_deposit_flow
ETH,Poly,eth_flow_0x4a61726ae46e__r7fam18__inst01__synth_split_src,0x4a61726ae46e0bd5bceedb3984a12fba31eb28336acf2198a4c94659f86d4a80,0x81910675dbaf69dee0fd77570bfd07f8e436386a|0x9e32b13ce7f2e80a01932b42553652e053d6ed8e|0xb94c6c822d728e77dbc4c4e77cf4811e04f39c1b,0x81910675dbaf69dee0fd77570bfd07f8e436386a,0x9e32b13ce7f2e80a01932b42553652e053d6ed8e,Metis,Metis,0x4a61726ae46e0bd5bceedb3984a12fba31eb28336acf2198a4c94659f86d4a80_Metis,1653650875,1653650875,1,2.01049892255e+20,201.049892255,546.7199053919092,16.279070,16.279070,0.800000,bridge_deposit_flow
ETH,Poly,eth_flow_0x4a61726ae46e__r7fam18__inst01__synth_merge_src1,0x4a61726ae46e0bd5bceedb3984a12fba31eb28336acf2198a4c94659f86d4a80,0x81910675dbaf69dee0fd77570bfd07f8e436386a|0x9e32b13ce7f2e80a01932b42553652e053d6ed8e|0xb94c6c822d728e77dbc4c4e77cf4811e04f39c1b,0x81910675dbaf69dee0fd77570bfd07f8e436386a,0x9e32b13ce7f2e80a01932b42553652e053d6ed8e,Metis,Metis,0x4a61726ae46e0bd5bceedb3984a12fba31eb28336acf2198a4c94659f86d4a80_Metis,1653650875,1653650875,1,1.005249461275e+20,100.5249461275,273.3599526959546,16.279070,16.279070,0.800000,bridge_deposit_flow
ETH,Poly,eth_flow_0x4a61726ae46e__r7fam18__inst01__synth_merge_src2,0x4a61726ae46e0bd5bceedb3984a12fba31eb28336acf2198a4c94659f86d4a80,0x81910675dbaf69dee0fd77570bfd07f8e436386a|0x9e32b13ce7f2e80a01932b42553652e053d6ed8e|0xb94c6c822d728e77dbc4c4e77cf4811e04f39c1b,0x81910675dbaf69dee0fd77570bfd07f8e436386a,0x9e32b13ce7f2e80a01932b42553652e053d6ed8e,Metis,Metis,0x4a61726ae46e0bd5bceedb3984a12fba31eb28336acf2198a4c94659f86d4a80_Metis,1653650875,1653650875,1,1.005249461275e+20,100.5249461275,273.3599526959546,16.279070,16.279070,0.800000,bridge_deposit_flow
ETH,Poly,eth_flow_0x4a61726ae46e__r7fam18__inst01__synth_unmatched_src,0x4a61726ae46e0bd5bceedb3984a12fba31eb28336acf2198a4c94659f86d4a80,0x81910675dbaf69dee0fd77570bfd07f8e436386a|0x9e32b13ce7f2e80a01932b42553652e053d6ed8e|0xb94c6c822d728e77dbc4c4e77cf4811e04f39c1b,0x81910675dbaf69dee0fd77570bfd07f8e436386a,0x9e32b13ce7f2e80a01932b42553652e053d6ed8e,Metis,Metis,0x4a61726ae46e0bd5bceedb3984a12fba31eb28336acf2198a4c94659f86d4a80_Metis,1653650875,1653650875,1,2.01049892255e+20,201.049892255,546.7199053919092,16.279070,16.279070,0.800000,bridge_deposit_flow
ETH,Poly,eth_flow_0x4a61726ae46e__r7fam18__inst01__synth_noise_src_0,0x4a61726ae46e0bd5bceedb3984a12fba31eb28336acf2198a4c94659f86d4a80,0x81910675dbaf69dee0fd77570bfd07f8e436386a|0x9e32b13ce7f2e80a01932b42553652e053d6ed8e|0xb94c6c822d728e77dbc4c4e77cf4811e04f39c1b,0x81910675dbaf69dee0fd77570bfd07f8e436386a,0x9e32b13ce7f2e80a01932b42553652e053d6ed8e,Metis,Metis,0x4a61726ae46e0bd5bceedb3984a12fba31eb28336acf2198a4c94659f86d4a80_Metis,1653650875,1653650875,1,2.01049892255e+20,201.049892255,546.7199053919092,16.279070,16.279070,0.800000,bridge_deposit_flow
ETH,Poly,eth_flow_0x4a61726ae46e__r7fam18__inst01__synth_noise_src_1,0x4a61726ae46e0bd5bceedb3984a12fba31eb28336acf2198a4c94659f86d4a80,0x81910675dbaf69dee0fd77570bfd07f8e436386a|0x9e32b13ce7f2e80a01932b42553652e053d6ed8e|0xb94c6c822d728e77dbc4c4e77cf4811e04f39c1b,0x81910675dbaf69dee0fd77570bfd07f8e436386a,0x9e32b13ce7f2e80a01932b42553652e053d6ed8e,Metis,Metis,0x4a61726ae46e0bd5bceedb3984a12fba31eb28336acf2198a4c94659f86d4a80_Metis,1653650875,1653650875,1,2.01049892255e+20,201.049892255,546.7199053919092,16.279070,16.279070,0.800000,bridge_deposit_flow
ETH,Poly,eth_flow_0xe1d01fcd36a3__r7fam19__inst00__synth_split_src,0xe1d01fcd36a3e36b7bea830969f10c5e6d78740c4ed084d8582905e538d4f573,0x81910675dbaf69dee0fd77570bfd07f8e436386a|0x8594d8e9483473626908648a5539d9d65ca2fe8d|0x9e32b13ce7f2e80a01932b42553652e053d6ed8e,0x81910675dbaf69dee0fd77570bfd07f8e436386a,0x9e32b13ce7f2e80a01932b42553652e053d6ed8e,Metis,Metis,0xe1d01fcd36a3e36b7bea830969f10c5e6d78740c4ed084d8582905e538d4f573_Metis,1662879330,1662879330,1,1.7223027106165287e+20,172.2302710616529,468.3500023020181,16.279070,16.279070,0.775000,bridge_deposit_flow
ETH,Poly,eth_flow_0xe1d01fcd36a3__r7fam19__inst00__synth_merge_src1,0xe1d01fcd36a3e36b7bea830969f10c5e6d78740c4ed084d8582905e538d4f573,0x81910675dbaf69dee0fd77570bfd07f8e436386a|0x8594d8e9483473626908648a5539d9d65ca2fe8d|0x9e32b13ce7f2e80a01932b42553652e053d6ed8e,0x81910675dbaf69dee0fd77570bfd07f8e436386a,0x9e32b13ce7f2e80a01932b42553652e053d6ed8e,Metis,Metis,0xe1d01fcd36a3e36b7bea830969f10c5e6d78740c4ed084d8582905e538d4f573_Metis,1662879330,1662879330,1,8.611513553082643e+19,86.11513553082645,234.17500115100904,16.279070,16.279070,0.775000,bridge_deposit_flow
ETH,Poly,eth_flow_0xe1d01fcd36a3__r7fam19__inst00__synth_merge_src2,0xe1d01fcd36a3e36b7bea830969f10c5e6d78740c4ed084d8582905e538d4f573,0x81910675dbaf69dee0fd77570bfd07f8e436386a|0x8594d8e9483473626908648a5539d9d65ca2fe8d|0x9e32b13ce7f2e80a01932b42553652e053d6ed8e,0x81910675dbaf69dee0fd77570bfd07f8e436386a,0x9e32b13ce7f2e80a01932b42553652e053d6ed8e,Metis,Metis,0xe1d01fcd36a3e36b7bea830969f10c5e6d78740c4ed084d8582905e538d4f573_Metis,1662879330,1662879330,1,8.611513553082643e+19,86.11513553082645,234.17500115100904,16.279070,16.279070,0.775000,bridge_deposit_flow
ETH,Poly,eth_flow_0xe1d01fcd36a3__r7fam19__inst00__synth_unmatched_src,0xe1d01fcd36a3e36b7bea830969f10c5e6d78740c4ed084d8582905e538d4f573,0x81910675dbaf69dee0fd77570bfd07f8e436386a|0x8594d8e9483473626908648a5539d9d65ca2fe8d|0x9e32b13ce7f2e80a01932b42553652e053d6ed8e,0x81910675dbaf69dee0fd77570bfd07f8e436386a,0x9e32b13ce7f2e80a01932b42553652e053d6ed8e,Metis,Metis,0xe1d01fcd36a3e36b7bea830969f10c5e6d78740c4ed084d8582905e538d4f573_Metis,1662879330,1662879330,1,1.7223027106165287e+20,172.2302710616529,468.3500023020181,16.279070,16.279070,0.775000,bridge_deposit_flow
ETH,Poly,eth_flow_0xe1d01fcd36a3__r7fam19__inst00__synth_noise_src_0,0xe1d01fcd36a3e36b7bea830969f10c5e6d78740c4ed084d8582905e538d4f573,0x81910675dbaf69dee0fd77570bfd07f8e436386a|0x8594d8e9483473626908648a5539d9d65ca2fe8d|0x9e32b13ce7f2e80a01932b42553652e053d6ed8e,0x81910675dbaf69dee0fd77570bfd07f8e436386a,0x9e32b13ce7f2e80a01932b42553652e053d6ed8e,Metis,Metis,0xe1d01fcd36a3e36b7bea830969f10c5e6d78740c4ed084d8582905e538d4f573_Metis,1662879330,1662879330,1,1.7223027106165287e+20,172.2302710616529,468.3500023020181,16.279070,16.279070,0.775000,bridge_deposit_flow
ETH,Poly,eth_flow_0xe1d01fcd36a3__r7fam19__inst00__synth_noise_src_1,0xe1d01fcd36a3e36b7bea830969f10c5e6d78740c4ed084d8582905e538d4f573,0x81910675dbaf69dee0fd77570bfd07f8e436386a|0x8594d8e9483473626908648a5539d9d65ca2fe8d|0x9e32b13ce7f2e80a01932b42553652e053d6ed8e,0x81910675dbaf69dee0fd77570bfd07f8e436386a,0x9e32b13ce7f2e80a01932b42553652e053d6ed8e,Metis,Metis,0xe1d01fcd36a3e36b7bea830969f10c5e6d78740c4ed084d8582905e538d4f573_Metis,1662879330,1662879330,1,1.7223027106165287e+20,172.2302710616529,468.3500023020181,16.279070,16.279070,0.775000,bridge_deposit_flow
ETH,Poly,eth_flow_0x92560339226e__r7fam19__inst01__synth_split_src,0x92560339226e1ea7f05c2c65ee34ae13c8f0acd4df5dd503c563d9e127a7dff5,0x81910675dbaf69dee0fd77570bfd07f8e436386a|0x9e32b13ce7f2e80a01932b42553652e053d6ed8e|0xd83eb40979ca0dabe945e22629a72765dc9a39bd,0x81910675dbaf69dee0fd77570bfd07f8e436386a,0x9e32b13ce7f2e80a01932b42553652e053d6ed8e,Metis,Metis,0x92560339226e1ea7f05c2c65ee34ae13c8f0acd4df5dd503c563d9e127a7dff5_Metis,1645157202,1645157202,1,1.523991786477151e+20,152.39917864771508,414.4228260834163,11.627907,11.627907,0.800000,bridge_deposit_flow
ETH,Poly,eth_flow_0x92560339226e__r7fam19__inst01__synth_merge_src1,0x92560339226e1ea7f05c2c65ee34ae13c8f0acd4df5dd503c563d9e127a7dff5,0x81910675dbaf69dee0fd77570bfd07f8e436386a|0x9e32b13ce7f2e80a01932b42553652e053d6ed8e|0xd83eb40979ca0dabe945e22629a72765dc9a39bd,0x81910675dbaf69dee0fd77570bfd07f8e436386a,0x9e32b13ce7f2e80a01932b42553652e053d6ed8e,Metis,Metis,0x92560339226e1ea7f05c2c65ee34ae13c8f0acd4df5dd503c563d9e127a7dff5_Metis,1645157202,1645157202,1,7.619958932385754e+19,76.19958932385754,207.21141304170814,11.627907,11.627907,0.800000,bridge_deposit_flow
ETH,Poly,eth_flow_0x92560339226e__r7fam19__inst01__synth_merge_src2,0x92560339226e1ea7f05c2c65ee34ae13c8f0acd4df5dd503c563d9e127a7dff5,0x81910675dbaf69dee0fd77570bfd07f8e436386a|0x9e32b13ce7f2e80a01932b42553652e053d6ed8e|0xd83eb40979ca0dabe945e22629a72765dc9a39bd,0x81910675dbaf69dee0fd77570bfd07f8e436386a,0x9e32b13ce7f2e80a01932b42553652e053d6ed8e,Metis,Metis,0x92560339226e1ea7f05c2c65ee34ae13c8f0acd4df5dd503c563d9e127a7dff5_Metis,1645157202,1645157202,1,7.619958932385754e+19,76.19958932385754,207.21141304170814,11.627907,11.627907,0.800000,bridge_deposit_flow
ETH,Poly,eth_flow_0x92560339226e__r7fam19__inst01__synth_unmatched_src,0x92560339226e1ea7f05c2c65ee34ae13c8f0acd4df5dd503c563d9e127a7dff5,0x81910675dbaf69dee0fd77570bfd07f8e436386a|0x9e32b13ce7f2e80a01932b42553652e053d6ed8e|0xd83eb40979ca0dabe945e22629a72765dc9a39bd,0x81910675dbaf69dee0fd77570bfd07f8e436386a,0x9e32b13ce7f2e80a01932b42553652e053d6ed8e,Metis,Metis,0x92560339226e1ea7f05c2c65ee34ae13c8f0acd4df5dd503c563d9e127a7dff5_Metis,1645157202,1645157202,1,1.523991786477151e+20,152.39917864771508,414.4228260834163,11.627907,11.627907,0.800000,bridge_deposit_flow
ETH,Poly,eth_flow_0x92560339226e__r7fam19__inst01__synth_noise_src_0,0x92560339226e1ea7f05c2c65ee34ae13c8f0acd4df5dd503c563d9e127a7dff5,0x81910675dbaf69dee0fd77570bfd07f8e436386a|0x9e32b13ce7f2e80a01932b42553652e053d6ed8e|0xd83eb40979ca0dabe945e22629a72765dc9a39bd,0x81910675dbaf69dee0fd77570bfd07f8e436386a,0x9e32b13ce7f2e80a01932b42553652e053d6ed8e,Metis,Metis,0x92560339226e1ea7f05c2c65ee34ae13c8f0acd4df5dd503c563d9e127a7dff5_Metis,1645157202,1645157202,1,1.523991786477151e+20,152.39917864771508,414.4228260834163,11.627907,11.627907,0.800000,bridge_deposit_flow
ETH,Poly,eth_flow_0x92560339226e__r7fam19__inst01__synth_noise_src_1,0x92560339226e1ea7f05c2c65ee34ae13c8f0acd4df5dd503c563d9e127a7dff5,0x81910675dbaf69dee0fd77570bfd07f8e436386a|0x9e32b13ce7f2e80a01932b42553652e053d6ed8e|0xd83eb40979ca0dabe945e22629a72765dc9a39bd,0x81910675dbaf69dee0fd77570bfd07f8e436386a,0x9e32b13ce7f2e80a01932b42553652e053d6ed8e,Metis,Metis,0x92560339226e1ea7f05c2c65ee34ae13c8f0acd4df5dd503c563d9e127a7dff5_Metis,1645157202,1645157202,1,1.523991786477151e+20,152.39917864771508,414.4228260834163,11.627907,11.627907,0.800000,bridge_deposit_flow
ETH,Poly,eth_flow_0x9952bed73370__r7fam20__inst00__synth_split_src,0x9952bed73370864d05517edb4348ee648a51b4585eedcc8057e177569e5d0188,0x81910675dbaf69dee0fd77570bfd07f8e436386a|0x9e32b13ce7f2e80a01932b42553652e053d6ed8e|0xf2ce52e3d0eb5d237341c9a75ca24647d87d7e55,0x81910675dbaf69dee0fd77570bfd07f8e436386a,0x9e32b13ce7f2e80a01932b42553652e053d6ed8e,Metis,Metis,0x9952bed73370864d05517edb4348ee648a51b4585eedcc8057e177569e5d0188_Metis,1660536542,1660536542,1,1.3743404638547812e+20,137.43404638547813,373.7277747067642,16.279070,16.279070,0.800000,bridge_deposit_flow
ETH,Poly,eth_flow_0x9952bed73370__r7fam20__inst00__synth_merge_src1,0x9952bed73370864d05517edb4348ee648a51b4585eedcc8057e177569e5d0188,0x81910675dbaf69dee0fd77570bfd07f8e436386a|0x9e32b13ce7f2e80a01932b42553652e053d6ed8e|0xf2ce52e3d0eb5d237341c9a75ca24647d87d7e55,0x81910675dbaf69dee0fd77570bfd07f8e436386a,0x9e32b13ce7f2e80a01932b42553652e053d6ed8e,Metis,Metis,0x9952bed73370864d05517edb4348ee648a51b4585eedcc8057e177569e5d0188_Metis,1660536542,1660536542,1,6.871702319273906e+19,68.71702319273906,186.8638873533821,16.279070,16.279070,0.800000,bridge_deposit_flow
ETH,Poly,eth_flow_0x9952bed73370__r7fam20__inst00__synth_merge_src2,0x9952bed73370864d05517edb4348ee648a51b4585eedcc8057e177569e5d0188,0x81910675dbaf69dee0fd77570bfd07f8e436386a|0x9e32b13ce7f2e80a01932b42553652e053d6ed8e|0xf2ce52e3d0eb5d237341c9a75ca24647d87d7e55,0x81910675dbaf69dee0fd77570bfd07f8e436386a,0x9e32b13ce7f2e80a01932b42553652e053d6ed8e,Metis,Metis,0x9952bed73370864d05517edb4348ee648a51b4585eedcc8057e177569e5d0188_Metis,1660536542,1660536542,1,6.871702319273906e+19,68.71702319273906,186.8638873533821,16.279070,16.279070,0.800000,bridge_deposit_flow
ETH,Poly,eth_flow_0x9952bed73370__r7fam20__inst00__synth_unmatched_src,0x9952bed73370864d05517edb4348ee648a51b4585eedcc8057e177569e5d0188,0x81910675dbaf69dee0fd77570bfd07f8e436386a|0x9e32b13ce7f2e80a01932b42553652e053d6ed8e|0xf2ce52e3d0eb5d237341c9a75ca24647d87d7e55,0x81910675dbaf69dee0fd77570bfd07f8e436386a,0x9e32b13ce7f2e80a01932b42553652e053d6ed8e,Metis,Metis,0x9952bed73370864d05517edb4348ee648a51b4585eedcc8057e177569e5d0188_Metis,1660536542,1660536542,1,1.3743404638547812e+20,137.43404638547813,373.7277747067642,16.279070,16.279070,0.800000,bridge_deposit_flow
ETH,Poly,eth_flow_0x9952bed73370__r7fam20__inst00__synth_noise_src_0,0x9952bed73370864d05517edb4348ee648a51b4585eedcc8057e177569e5d0188,0x81910675dbaf69dee0fd77570bfd07f8e436386a|0x9e32b13ce7f2e80a01932b42553652e053d6ed8e|0xf2ce52e3d0eb5d237341c9a75ca24647d87d7e55,0x81910675dbaf69dee0fd77570bfd07f8e436386a,0x9e32b13ce7f2e80a01932b42553652e053d6ed8e,Metis,Metis,0x9952bed73370864d05517edb4348ee648a51b4585eedcc8057e177569e5d0188_Metis,1660536542,1660536542,1,1.3743404638547812e+20,137.43404638547813,373.7277747067642,16.279070,16.279070,0.800000,bridge_deposit_flow
ETH,Poly,eth_flow_0x9952bed73370__r7fam20__inst00__synth_noise_src_1,0x9952bed73370864d05517edb4348ee648a51b4585eedcc8057e177569e5d0188,0x81910675dbaf69dee0fd77570bfd07f8e436386a|0x9e32b13ce7f2e80a01932b42553652e053d6ed8e|0xf2ce52e3d0eb5d237341c9a75ca24647d87d7e55,0x81910675dbaf69dee0fd77570bfd07f8e436386a,0x9e32b13ce7f2e80a01932b42553652e053d6ed8e,Metis,Metis,0x9952bed73370864d05517edb4348ee648a51b4585eedcc8057e177569e5d0188_Metis,1660536542,1660536542,1,1.3743404638547812e+20,137.43404638547813,373.7277747067642,16.279070,16.279070,0.800000,bridge_deposit_flow
ETH,Poly,eth_flow_0xa3ff98a1b16a__r7fam20__inst01__synth_split_src,0xa3ff98a1b16a2d6c254a9f68352e9481afd9a7bc98b2b8b761d6293c1f7c0c2f,0x7a6a59588b8106045303e1923227a2cefbec2b66|0x81910675dbaf69dee0fd77570bfd07f8e436386a|0x9e32b13ce7f2e80a01932b42553652e053d6ed8e,0x81910675dbaf69dee0fd77570bfd07f8e436386a,0x9e32b13ce7f2e80a01932b42553652e053d6ed8e,Metis,Metis,0xa3ff98a1b16a2d6c254a9f68352e9481afd9a7bc98b2b8b761d6293c1f7c0c2f_Metis,1652356351,1652356351,1,2.7791118482426125e+20,277.9111848242612,755.7307043057857,16.279070,16.279070,0.800000,bridge_deposit_flow
ETH,Poly,eth_flow_0xa3ff98a1b16a__r7fam20__inst01__synth_merge_src1,0xa3ff98a1b16a2d6c254a9f68352e9481afd9a7bc98b2b8b761d6293c1f7c0c2f,0x7a6a59588b8106045303e1923227a2cefbec2b66|0x81910675dbaf69dee0fd77570bfd07f8e436386a|0x9e32b13ce7f2e80a01932b42553652e053d6ed8e,0x81910675dbaf69dee0fd77570bfd07f8e436386a,0x9e32b13ce7f2e80a01932b42553652e053d6ed8e,Metis,Metis,0xa3ff98a1b16a2d6c254a9f68352e9481afd9a7bc98b2b8b761d6293c1f7c0c2f_Metis,1652356351,1652356351,1,1.3895559241213062e+20,138.9555924121306,377.86535215289285,16.279070,16.279070,0.800000,bridge_deposit_flow
ETH,Poly,eth_flow_0xa3ff98a1b16a__r7fam20__inst01__synth_merge_src2,0xa3ff98a1b16a2d6c254a9f68352e9481afd9a7bc98b2b8b761d6293c1f7c0c2f,0x7a6a59588b8106045303e1923227a2cefbec2b66|0x81910675dbaf69dee0fd77570bfd07f8e436386a|0x9e32b13ce7f2e80a01932b42553652e053d6ed8e,0x81910675dbaf69dee0fd77570bfd07f8e436386a,0x9e32b13ce7f2e80a01932b42553652e053d6ed8e,Metis,Metis,0xa3ff98a1b16a2d6c254a9f68352e9481afd9a7bc98b2b8b761d6293c1f7c0c2f_Metis,1652356351,1652356351,1,1.3895559241213062e+20,138.9555924121306,377.86535215289285,16.279070,16.279070,0.800000,bridge_deposit_flow
ETH,Poly,eth_flow_0xa3ff98a1b16a__r7fam20__inst01__synth_unmatched_src,0xa3ff98a1b16a2d6c254a9f68352e9481afd9a7bc98b2b8b761d6293c1f7c0c2f,0x7a6a59588b8106045303e1923227a2cefbec2b66|0x81910675dbaf69dee0fd77570bfd07f8e436386a|0x9e32b13ce7f2e80a01932b42553652e053d6ed8e,0x81910675dbaf69dee0fd77570bfd07f8e436386a,0x9e32b13ce7f2e80a01932b42553652e053d6ed8e,Metis,Metis,0xa3ff98a1b16a2d6c254a9f68352e9481afd9a7bc98b2b8b761d6293c1f7c0c2f_Metis,1652356351,1652356351,1,2.7791118482426125e+20,277.9111848242612,755.7307043057857,16.279070,16.279070,0.800000,bridge_deposit_flow
ETH,Poly,eth_flow_0xa3ff98a1b16a__r7fam20__inst01__synth_noise_src_0,0xa3ff98a1b16a2d6c254a9f68352e9481afd9a7bc98b2b8b761d6293c1f7c0c2f,0x7a6a59588b8106045303e1923227a2cefbec2b66|0x81910675dbaf69dee0fd77570bfd07f8e436386a|0x9e32b13ce7f2e80a01932b42553652e053d6ed8e,0x81910675dbaf69dee0fd77570bfd07f8e436386a,0x9e32b13ce7f2e80a01932b42553652e053d6ed8e,Metis,Metis,0xa3ff98a1b16a2d6c254a9f68352e9481afd9a7bc98b2b8b761d6293c1f7c0c2f_Metis,1652356351,1652356351,1,2.7791118482426125e+20,277.9111848242612,755.7307043057857,16.279070,16.279070,0.800000,bridge_deposit_flow
ETH,Poly,eth_flow_0xa3ff98a1b16a__r7fam20__inst01__synth_noise_src_1,0xa3ff98a1b16a2d6c254a9f68352e9481afd9a7bc98b2b8b761d6293c1f7c0c2f,0x7a6a59588b8106045303e1923227a2cefbec2b66|0x81910675dbaf69dee0fd77570bfd07f8e436386a|0x9e32b13ce7f2e80a01932b42553652e053d6ed8e,0x81910675dbaf69dee0fd77570bfd07f8e436386a,0x9e32b13ce7f2e80a01932b42553652e053d6ed8e,Metis,Metis,0xa3ff98a1b16a2d6c254a9f68352e9481afd9a7bc98b2b8b761d6293c1f7c0c2f_Metis,1652356351,1652356351,1,2.7791118482426125e+20,277.9111848242612,755.7307043057857,16.279070,16.279070,0.800000,bridge_deposit_flow
ETH,Poly,eth_flow_0x3681a9bdc6ad__r7fam21__inst00__synth_split_src,0x3681a9bdc6ad09b5c6bc129471f7a09e1ae4c288b084646cfc1c9c736622bfc2,0x81910675dbaf69dee0fd77570bfd07f8e436386a|0x9e32b13ce7f2e80a01932b42553652e053d6ed8e|0xf2ce52e3d0eb5d237341c9a75ca24647d87d7e55,0x81910675dbaf69dee0fd77570bfd07f8e436386a,0x9e32b13ce7f2e80a01932b42553652e053d6ed8e,Metis,Metis,0x3681a9bdc6ad09b5c6bc129471f7a09e1ae4c288b084646cfc1c9c736622bfc2_Metis,1651398848,1651398848,1,1.8989943238099934e+20,189.89943238099931,516.3981862454106,16.279070,16.279070,0.800000,bridge_deposit_flow
ETH,Poly,eth_flow_0x3681a9bdc6ad__r7fam21__inst00__synth_merge_src1,0x3681a9bdc6ad09b5c6bc129471f7a09e1ae4c288b084646cfc1c9c736622bfc2,0x81910675dbaf69dee0fd77570bfd07f8e436386a|0x9e32b13ce7f2e80a01932b42553652e053d6ed8e|0xf2ce52e3d0eb5d237341c9a75ca24647d87d7e55,0x81910675dbaf69dee0fd77570bfd07f8e436386a,0x9e32b13ce7f2e80a01932b42553652e053d6ed8e,Metis,Metis,0x3681a9bdc6ad09b5c6bc129471f7a09e1ae4c288b084646cfc1c9c736622bfc2_Metis,1651398848,1651398848,1,9.494971619049967e+19,94.94971619049966,258.1990931227053,16.279070,16.279070,0.800000,bridge_deposit_flow
ETH,Poly,eth_flow_0x3681a9bdc6ad__r7fam21__inst00__synth_merge_src2,0x3681a9bdc6ad09b5c6bc129471f7a09e1ae4c288b084646cfc1c9c736622bfc2,0x81910675dbaf69dee0fd77570bfd07f8e436386a|0x9e32b13ce7f2e80a01932b42553652e053d6ed8e|0xf2ce52e3d0eb5d237341c9a75ca24647d87d7e55,0x81910675dbaf69dee0fd77570bfd07f8e436386a,0x9e32b13ce7f2e80a01932b42553652e053d6ed8e,Metis,Metis,0x3681a9bdc6ad09b5c6bc129471f7a09e1ae4c288b084646cfc1c9c736622bfc2_Metis,1651398848,1651398848,1,9.494971619049967e+19,94.94971619049966,258.1990931227053,16.279070,16.279070,0.800000,bridge_deposit_flow
ETH,Poly,eth_flow_0x3681a9bdc6ad__r7fam21__inst00__synth_unmatched_src,0x3681a9bdc6ad09b5c6bc129471f7a09e1ae4c288b084646cfc1c9c736622bfc2,0x81910675dbaf69dee0fd77570bfd07f8e436386a|0x9e32b13ce7f2e80a01932b42553652e053d6ed8e|0xf2ce52e3d0eb5d237341c9a75ca24647d87d7e55,0x81910675dbaf69dee0fd77570bfd07f8e436386a,0x9e32b13ce7f2e80a01932b42553652e053d6ed8e,Metis,Metis,0x3681a9bdc6ad09b5c6bc129471f7a09e1ae4c288b084646cfc1c9c736622bfc2_Metis,1651398848,1651398848,1,1.8989943238099934e+20,189.89943238099931,516.3981862454106,16.279070,16.279070,0.800000,bridge_deposit_flow
ETH,Poly,eth_flow_0x3681a9bdc6ad__r7fam21__inst00__synth_noise_src_0,0x3681a9bdc6ad09b5c6bc129471f7a09e1ae4c288b084646cfc1c9c736622bfc2,0x81910675dbaf69dee0fd77570bfd07f8e436386a|0x9e32b13ce7f2e80a01932b42553652e053d6ed8e|0xf2ce52e3d0eb5d237341c9a75ca24647d87d7e55,0x81910675dbaf69dee0fd77570bfd07f8e436386a,0x9e32b13ce7f2e80a01932b42553652e053d6ed8e,Metis,Metis,0x3681a9bdc6ad09b5c6bc129471f7a09e1ae4c288b084646cfc1c9c736622bfc2_Metis,1651398848,1651398848,1,1.8989943238099934e+20,189.89943238099931,516.3981862454106,16.279070,16.279070,0.800000,bridge_deposit_flow
ETH,Poly,eth_flow_0x3681a9bdc6ad__r7fam21__inst00__synth_noise_src_1,0x3681a9bdc6ad09b5c6bc129471f7a09e1ae4c288b084646cfc1c9c736622bfc2,0x81910675dbaf69dee0fd77570bfd07f8e436386a|0x9e32b13ce7f2e80a01932b42553652e053d6ed8e|0xf2ce52e3d0eb5d237341c9a75ca24647d87d7e55,0x81910675dbaf69dee0fd77570bfd07f8e436386a,0x9e32b13ce7f2e80a01932b42553652e053d6ed8e,Metis,Metis,0x3681a9bdc6ad09b5c6bc129471f7a09e1ae4c288b084646cfc1c9c736622bfc2_Metis,1651398848,1651398848,1,1.8989943238099934e+20,189.89943238099931,516.3981862454106,16.279070,16.279070,0.800000,bridge_deposit_flow
ETH,Poly,eth_flow_0x2a96e32bad6e__r7fam21__inst01__synth_split_src,0x2a96e32bad6eb8c9598a83add402a339e7551636b44a80835a36dfc4a3b36b65,0x81910675dbaf69dee0fd77570bfd07f8e436386a|0x8594d8e9483473626908648a5539d9d65ca2fe8d|0x9e32b13ce7f2e80a01932b42553652e053d6ed8e,0x81910675dbaf69dee0fd77570bfd07f8e436386a,0x9e32b13ce7f2e80a01932b42553652e053d6ed8e,Metis,Metis,0x2a96e32bad6eb8c9598a83add402a339e7551636b44a80835a36dfc4a3b36b65_Metis,1662994891,1662994891,1,2.8472045325196244e+20,284.72045325196245,774.247315027761,16.279070,16.279070,0.775000,bridge_deposit_flow
ETH,Poly,eth_flow_0x2a96e32bad6e__r7fam21__inst01__synth_merge_src1,0x2a96e32bad6eb8c9598a83add402a339e7551636b44a80835a36dfc4a3b36b65,0x81910675dbaf69dee0fd77570bfd07f8e436386a|0x8594d8e9483473626908648a5539d9d65ca2fe8d|0x9e32b13ce7f2e80a01932b42553652e053d6ed8e,0x81910675dbaf69dee0fd77570bfd07f8e436386a,0x9e32b13ce7f2e80a01932b42553652e053d6ed8e,Metis,Metis,0x2a96e32bad6eb8c9598a83add402a339e7551636b44a80835a36dfc4a3b36b65_Metis,1662994891,1662994891,1,1.4236022662598122e+20,142.36022662598123,387.1236575138805,16.279070,16.279070,0.775000,bridge_deposit_flow
ETH,Poly,eth_flow_0x2a96e32bad6e__r7fam21__inst01__synth_merge_src2,0x2a96e32bad6eb8c9598a83add402a339e7551636b44a80835a36dfc4a3b36b65,0x81910675dbaf69dee0fd77570bfd07f8e436386a|0x8594d8e9483473626908648a5539d9d65ca2fe8d|0x9e32b13ce7f2e80a01932b42553652e053d6ed8e,0x81910675dbaf69dee0fd77570bfd07f8e436386a,0x9e32b13ce7f2e80a01932b42553652e053d6ed8e,Metis,Metis,0x2a96e32bad6eb8c9598a83add402a339e7551636b44a80835a36dfc4a3b36b65_Metis,1662994891,1662994891,1,1.4236022662598122e+20,142.36022662598123,387.1236575138805,16.279070,16.279070,0.775000,bridge_deposit_flow
ETH,Poly,eth_flow_0x2a96e32bad6e__r7fam21__inst01__synth_unmatched_src,0x2a96e32bad6eb8c9598a83add402a339e7551636b44a80835a36dfc4a3b36b65,0x81910675dbaf69dee0fd77570bfd07f8e436386a|0x8594d8e9483473626908648a5539d9d65ca2fe8d|0x9e32b13ce7f2e80a01932b42553652e053d6ed8e,0x81910675dbaf69dee0fd77570bfd07f8e436386a,0x9e32b13ce7f2e80a01932b42553652e053d6ed8e,Metis,Metis,0x2a96e32bad6eb8c9598a83add402a339e7551636b44a80835a36dfc4a3b36b65_Metis,1662994891,1662994891,1,2.8472045325196244e+20,284.72045325196245,774.247315027761,16.279070,16.279070,0.775000,bridge_deposit_flow
ETH,Poly,eth_flow_0x2a96e32bad6e__r7fam21__inst01__synth_noise_src_0,0x2a96e32bad6eb8c9598a83add402a339e7551636b44a80835a36dfc4a3b36b65,0x81910675dbaf69dee0fd77570bfd07f8e436386a|0x8594d8e9483473626908648a5539d9d65ca2fe8d|0x9e32b13ce7f2e80a01932b42553652e053d6ed8e,0x81910675dbaf69dee0fd77570bfd07f8e436386a,0x9e32b13ce7f2e80a01932b42553652e053d6ed8e,Metis,Metis,0x2a96e32bad6eb8c9598a83add402a339e7551636b44a80835a36dfc4a3b36b65_Metis,1662994891,1662994891,1,2.8472045325196244e+20,284.72045325196245,774.247315027761,16.279070,16.279070,0.775000,bridge_deposit_flow
ETH,Poly,eth_flow_0x2a96e32bad6e__r7fam21__inst01__synth_noise_src_1,0x2a96e32bad6eb8c9598a83add402a339e7551636b44a80835a36dfc4a3b36b65,0x81910675dbaf69dee0fd77570bfd07f8e436386a|0x8594d8e9483473626908648a5539d9d65ca2fe8d|0x9e32b13ce7f2e80a01932b42553652e053d6ed8e,0x81910675dbaf69dee0fd77570bfd07f8e436386a,0x9e32b13ce7f2e80a01932b42553652e053d6ed8e,Metis,Metis,0x2a96e32bad6eb8c9598a83add402a339e7551636b44a80835a36dfc4a3b36b65_Metis,1662994891,1662994891,1,2.8472045325196244e+20,284.72045325196245,774.247315027761,16.279070,16.279070,0.775000,bridge_deposit_flow
ETH,Poly,eth_flow_0x211e2ddbc644__r7fam22__inst00__synth_split_src,0x211e2ddbc6449066340400a0f3d885a0a1a5e6944618e1a4def10a89b44dd7e4,0x4abb9cc67bd3da9eb966d1159a71a0e68bd15432|0x81910675dbaf69dee0fd77570bfd07f8e436386a|0xa13e81b67938821e0df2d7057f0d1345a1ed7253,0x81910675dbaf69dee0fd77570bfd07f8e436386a,0x4abb9cc67bd3da9eb966d1159a71a0e68bd15432,KEL,KEL,0x211e2ddbc6449066340400a0f3d885a0a1a5e6944618e1a4def10a89b44dd7e4_KEL,1669322567,1669322567,1,4.9000958134566274e+23,490009.5813456628,548.2911173456666,11.627907,11.627907,0.775000,bridge_deposit_flow
ETH,Poly,eth_flow_0x211e2ddbc644__r7fam22__inst00__synth_merge_src1,0x211e2ddbc6449066340400a0f3d885a0a1a5e6944618e1a4def10a89b44dd7e4,0x4abb9cc67bd3da9eb966d1159a71a0e68bd15432|0x81910675dbaf69dee0fd77570bfd07f8e436386a|0xa13e81b67938821e0df2d7057f0d1345a1ed7253,0x81910675dbaf69dee0fd77570bfd07f8e436386a,0x4abb9cc67bd3da9eb966d1159a71a0e68bd15432,KEL,KEL,0x211e2ddbc6449066340400a0f3d885a0a1a5e6944618e1a4def10a89b44dd7e4_KEL,1669322567,1669322567,1,2.4500479067283137e+23,245004.7906728314,274.1455586728333,11.627907,11.627907,0.775000,bridge_deposit_flow
ETH,Poly,eth_flow_0x211e2ddbc644__r7fam22__inst00__synth_merge_src2,0x211e2ddbc6449066340400a0f3d885a0a1a5e6944618e1a4def10a89b44dd7e4,0x4abb9cc67bd3da9eb966d1159a71a0e68bd15432|0x81910675dbaf69dee0fd77570bfd07f8e436386a|0xa13e81b67938821e0df2d7057f0d1345a1ed7253,0x81910675dbaf69dee0fd77570bfd07f8e436386a,0x4abb9cc67bd3da9eb966d1159a71a0e68bd15432,KEL,KEL,0x211e2ddbc6449066340400a0f3d885a0a1a5e6944618e1a4def10a89b44dd7e4_KEL,1669322567,1669322567,1,2.4500479067283137e+23,245004.7906728314,274.1455586728333,11.627907,11.627907,0.775000,bridge_deposit_flow
ETH,Poly,eth_flow_0x211e2ddbc644__r7fam22__inst00__synth_unmatched_src,0x211e2ddbc6449066340400a0f3d885a0a1a5e6944618e1a4def10a89b44dd7e4,0x4abb9cc67bd3da9eb966d1159a71a0e68bd15432|0x81910675dbaf69dee0fd77570bfd07f8e436386a|0xa13e81b67938821e0df2d7057f0d1345a1ed7253,0x81910675dbaf69dee0fd77570bfd07f8e436386a,0x4abb9cc67bd3da9eb966d1159a71a0e68bd15432,KEL,KEL,0x211e2ddbc6449066340400a0f3d885a0a1a5e6944618e1a4def10a89b44dd7e4_KEL,1669322567,1669322567,1,4.9000958134566274e+23,490009.5813456628,548.2911173456666,11.627907,11.627907,0.775000,bridge_deposit_flow
ETH,Poly,eth_flow_0x211e2ddbc644__r7fam22__inst00__synth_noise_src_0,0x211e2ddbc6449066340400a0f3d885a0a1a5e6944618e1a4def10a89b44dd7e4,0x4abb9cc67bd3da9eb966d1159a71a0e68bd15432|0x81910675dbaf69dee0fd77570bfd07f8e436386a|0xa13e81b67938821e0df2d7057f0d1345a1ed7253,0x81910675dbaf69dee0fd77570bfd07f8e436386a,0x4abb9cc67bd3da9eb966d1159a71a0e68bd15432,KEL,KEL,0x211e2ddbc6449066340400a0f3d885a0a1a5e6944618e1a4def10a89b44dd7e4_KEL,1669322567,1669322567,1,4.9000958134566274e+23,490009.5813456628,548.2911173456666,11.627907,11.627907,0.775000,bridge_deposit_flow
ETH,Poly,eth_flow_0x211e2ddbc644__r7fam22__inst00__synth_noise_src_1,0x211e2ddbc6449066340400a0f3d885a0a1a5e6944618e1a4def10a89b44dd7e4,0x4abb9cc67bd3da9eb966d1159a71a0e68bd15432|0x81910675dbaf69dee0fd77570bfd07f8e436386a|0xa13e81b67938821e0df2d7057f0d1345a1ed7253,0x81910675dbaf69dee0fd77570bfd07f8e436386a,0x4abb9cc67bd3da9eb966d1159a71a0e68bd15432,KEL,KEL,0x211e2ddbc6449066340400a0f3d885a0a1a5e6944618e1a4def10a89b44dd7e4_KEL,1669322567,1669322567,1,4.9000958134566274e+23,490009.5813456628,548.2911173456666,11.627907,11.627907,0.775000,bridge_deposit_flow
ETH,Poly,eth_flow_0x7f37628d8b43__r7fam22__inst01__synth_split_src,0x7f37628d8b437a979960362a56af2e4d12dcad4d3785bccc404ed241346e1870,0x7a6a59588b8106045303e1923227a2cefbec2b66|0x81910675dbaf69dee0fd77570bfd07f8e436386a|0x9e32b13ce7f2e80a01932b42553652e053d6ed8e,0x81910675dbaf69dee0fd77570bfd07f8e436386a,0x9e32b13ce7f2e80a01932b42553652e053d6ed8e,Metis,Metis,0x7f37628d8b437a979960362a56af2e4d12dcad4d3785bccc404ed241346e1870_Metis,1667990063,1667990063,1,1.6941460251225322e+20,169.41460251225325,460.69328572447176,16.279070,16.279070,0.775000,bridge_deposit_flow
ETH,Poly,eth_flow_0x7f37628d8b43__r7fam22__inst01__synth_merge_src1,0x7f37628d8b437a979960362a56af2e4d12dcad4d3785bccc404ed241346e1870,0x7a6a59588b8106045303e1923227a2cefbec2b66|0x81910675dbaf69dee0fd77570bfd07f8e436386a|0x9e32b13ce7f2e80a01932b42553652e053d6ed8e,0x81910675dbaf69dee0fd77570bfd07f8e436386a,0x9e32b13ce7f2e80a01932b42553652e053d6ed8e,Metis,Metis,0x7f37628d8b437a979960362a56af2e4d12dcad4d3785bccc404ed241346e1870_Metis,1667990063,1667990063,1,8.470730125612661e+19,84.70730125612663,230.34664286223588,16.279070,16.279070,0.775000,bridge_deposit_flow
ETH,Poly,eth_flow_0x7f37628d8b43__r7fam22__inst01__synth_merge_src2,0x7f37628d8b437a979960362a56af2e4d12dcad4d3785bccc404ed241346e1870,0x7a6a59588b8106045303e1923227a2cefbec2b66|0x81910675dbaf69dee0fd77570bfd07f8e436386a|0x9e32b13ce7f2e80a01932b42553652e053d6ed8e,0x81910675dbaf69dee0fd77570bfd07f8e436386a,0x9e32b13ce7f2e80a01932b42553652e053d6ed8e,Metis,Metis,0x7f37628d8b437a979960362a56af2e4d12dcad4d3785bccc404ed241346e1870_Metis,1667990063,1667990063,1,8.470730125612661e+19,84.70730125612663,230.34664286223588,16.279070,16.279070,0.775000,bridge_deposit_flow
ETH,Poly,eth_flow_0x7f37628d8b43__r7fam22__inst01__synth_unmatched_src,0x7f37628d8b437a979960362a56af2e4d12dcad4d3785bccc404ed241346e1870,0x7a6a59588b8106045303e1923227a2cefbec2b66|0x81910675dbaf69dee0fd77570bfd07f8e436386a|0x9e32b13ce7f2e80a01932b42553652e053d6ed8e,0x81910675dbaf69dee0fd77570bfd07f8e436386a,0x9e32b13ce7f2e80a01932b42553652e053d6ed8e,Metis,Metis,0x7f37628d8b437a979960362a56af2e4d12dcad4d3785bccc404ed241346e1870_Metis,1667990063,1667990063,1,1.6941460251225322e+20,169.41460251225325,460.69328572447176,16.279070,16.279070,0.775000,bridge_deposit_flow
ETH,Poly,eth_flow_0x7f37628d8b43__r7fam22__inst01__synth_noise_src_0,0x7f37628d8b437a979960362a56af2e4d12dcad4d3785bccc404ed241346e1870,0x7a6a59588b8106045303e1923227a2cefbec2b66|0x81910675dbaf69dee0fd77570bfd07f8e436386a|0x9e32b13ce7f2e80a01932b42553652e053d6ed8e,0x81910675dbaf69dee0fd77570bfd07f8e436386a,0x9e32b13ce7f2e80a01932b42553652e053d6ed8e,Metis,Metis,0x7f37628d8b437a979960362a56af2e4d12dcad4d3785bccc404ed241346e1870_Metis,1667990063,1667990063,1,1.6941460251225322e+20,169.41460251225325,460.69328572447176,16.279070,16.279070,0.775000,bridge_deposit_flow
ETH,Poly,eth_flow_0x7f37628d8b43__r7fam22__inst01__synth_noise_src_1,0x7f37628d8b437a979960362a56af2e4d12dcad4d3785bccc404ed241346e1870,0x7a6a59588b8106045303e1923227a2cefbec2b66|0x81910675dbaf69dee0fd77570bfd07f8e436386a|0x9e32b13ce7f2e80a01932b42553652e053d6ed8e,0x81910675dbaf69dee0fd77570bfd07f8e436386a,0x9e32b13ce7f2e80a01932b42553652e053d6ed8e,Metis,Metis,0x7f37628d8b437a979960362a56af2e4d12dcad4d3785bccc404ed241346e1870_Metis,1667990063,1667990063,1,1.6941460251225322e+20,169.41460251225325,460.69328572447176,16.279070,16.279070,0.775000,bridge_deposit_flow
ETH,Poly,eth_flow_0x4dfea298d546__r7fam23__inst00__synth_split_src,0x4dfea298d546a809849cc1c409b586370468a5efca8882d62dad914b0e42ccae,0x81910675dbaf69dee0fd77570bfd07f8e436386a|0x9e32b13ce7f2e80a01932b42553652e053d6ed8e|0xd54e4f8a55247487dd7c8c59f14ee5c0c2889477,0x81910675dbaf69dee0fd77570bfd07f8e436386a,0x9e32b13ce7f2e80a01932b42553652e053d6ed8e,Metis,Metis,0x4dfea298d546a809849cc1c409b586370468a5efca8882d62dad914b0e42ccae_Metis,1669222619,1669222619,1,3.285457356434255e+20,328.5457356434255,893.422480824143,16.279070,16.279070,0.775000,bridge_deposit_flow
ETH,Poly,eth_flow_0x4dfea298d546__r7fam23__inst00__synth_merge_src1,0x4dfea298d546a809849cc1c409b586370468a5efca8882d62dad914b0e42ccae,0x81910675dbaf69dee0fd77570bfd07f8e436386a|0x9e32b13ce7f2e80a01932b42553652e053d6ed8e|0xd54e4f8a55247487dd7c8c59f14ee5c0c2889477,0x81910675dbaf69dee0fd77570bfd07f8e436386a,0x9e32b13ce7f2e80a01932b42553652e053d6ed8e,Metis,Metis,0x4dfea298d546a809849cc1c409b586370468a5efca8882d62dad914b0e42ccae_Metis,1669222619,1669222619,1,1.6427286782171274e+20,164.27286782171274,446.7112404120715,16.279070,16.279070,0.775000,bridge_deposit_flow
ETH,Poly,eth_flow_0x4dfea298d546__r7fam23__inst00__synth_merge_src2,0x4dfea298d546a809849cc1c409b586370468a5efca8882d62dad914b0e42ccae,0x81910675dbaf69dee0fd77570bfd07f8e436386a|0x9e32b13ce7f2e80a01932b42553652e053d6ed8e|0xd54e4f8a55247487dd7c8c59f14ee5c0c2889477,0x81910675dbaf69dee0fd77570bfd07f8e436386a,0x9e32b13ce7f2e80a01932b42553652e053d6ed8e,Metis,Metis,0x4dfea298d546a809849cc1c409b586370468a5efca8882d62dad914b0e42ccae_Metis,1669222619,1669222619,1,1.6427286782171274e+20,164.27286782171274,446.7112404120715,16.279070,16.279070,0.775000,bridge_deposit_flow
ETH,Poly,eth_flow_0x4dfea298d546__r7fam23__inst00__synth_unmatched_src,0x4dfea298d546a809849cc1c409b586370468a5efca8882d62dad914b0e42ccae,0x81910675dbaf69dee0fd77570bfd07f8e436386a|0x9e32b13ce7f2e80a01932b42553652e053d6ed8e|0xd54e4f8a55247487dd7c8c59f14ee5c0c2889477,0x81910675dbaf69dee0fd77570bfd07f8e436386a,0x9e32b13ce7f2e80a01932b42553652e053d6ed8e,Metis,Metis,0x4dfea298d546a809849cc1c409b586370468a5efca8882d62dad914b0e42ccae_Metis,1669222619,1669222619,1,3.285457356434255e+20,328.5457356434255,893.422480824143,16.279070,16.279070,0.775000,bridge_deposit_flow
ETH,Poly,eth_flow_0x4dfea298d546__r7fam23__inst00__synth_noise_src_0,0x4dfea298d546a809849cc1c409b586370468a5efca8882d62dad914b0e42ccae,0x81910675dbaf69dee0fd77570bfd07f8e436386a|0x9e32b13ce7f2e80a01932b42553652e053d6ed8e|0xd54e4f8a55247487dd7c8c59f14ee5c0c2889477,0x81910675dbaf69dee0fd77570bfd07f8e436386a,0x9e32b13ce7f2e80a01932b42553652e053d6ed8e,Metis,Metis,0x4dfea298d546a809849cc1c409b586370468a5efca8882d62dad914b0e42ccae_Metis,1669222619,1669222619,1,3.285457356434255e+20,328.5457356434255,893.422480824143,16.279070,16.279070,0.775000,bridge_deposit_flow
ETH,Poly,eth_flow_0x4dfea298d546__r7fam23__inst00__synth_noise_src_1,0x4dfea298d546a809849cc1c409b586370468a5efca8882d62dad914b0e42ccae,0x81910675dbaf69dee0fd77570bfd07f8e436386a|0x9e32b13ce7f2e80a01932b42553652e053d6ed8e|0xd54e4f8a55247487dd7c8c59f14ee5c0c2889477,0x81910675dbaf69dee0fd77570bfd07f8e436386a,0x9e32b13ce7f2e80a01932b42553652e053d6ed8e,Metis,Metis,0x4dfea298d546a809849cc1c409b586370468a5efca8882d62dad914b0e42ccae_Metis,1669222619,1669222619,1,3.285457356434255e+20,328.5457356434255,893.422480824143,16.279070,16.279070,0.775000,bridge_deposit_flow
ETH,Poly,eth_flow_0x400e55802849__r7fam23__inst01__synth_split_src,0x400e558028496be82209fd85708dba1d66656bf0189204f8ddcaf55eaabd8ba7,0x81910675dbaf69dee0fd77570bfd07f8e436386a|0x9e32b13ce7f2e80a01932b42553652e053d6ed8e|0xf2ce52e3d0eb5d237341c9a75ca24647d87d7e55,0x81910675dbaf69dee0fd77570bfd07f8e436386a,0x9e32b13ce7f2e80a01932b42553652e053d6ed8e,Metis,Metis,0x400e558028496be82209fd85708dba1d66656bf0189204f8ddcaf55eaabd8ba7_Metis,1671630611,1671630611,1,3.5399252073769645e+20,353.99252073769645,962.620547946818,16.279070,16.279070,0.775000,bridge_deposit_flow
ETH,Poly,eth_flow_0x400e55802849__r7fam23__inst01__synth_merge_src1,0x400e558028496be82209fd85708dba1d66656bf0189204f8ddcaf55eaabd8ba7,0x81910675dbaf69dee0fd77570bfd07f8e436386a|0x9e32b13ce7f2e80a01932b42553652e053d6ed8e|0xf2ce52e3d0eb5d237341c9a75ca24647d87d7e55,0x81910675dbaf69dee0fd77570bfd07f8e436386a,0x9e32b13ce7f2e80a01932b42553652e053d6ed8e,Metis,Metis,0x400e558028496be82209fd85708dba1d66656bf0189204f8ddcaf55eaabd8ba7_Metis,1671630611,1671630611,1,1.7699626036884822e+20,176.99626036884823,481.310273973409,16.279070,16.279070,0.775000,bridge_deposit_flow
ETH,Poly,eth_flow_0x400e55802849__r7fam23__inst01__synth_merge_src2,0x400e558028496be82209fd85708dba1d66656bf0189204f8ddcaf55eaabd8ba7,0x81910675dbaf69dee0fd77570bfd07f8e436386a|0x9e32b13ce7f2e80a01932b42553652e053d6ed8e|0xf2ce52e3d0eb5d237341c9a75ca24647d87d7e55,0x81910675dbaf69dee0fd77570bfd07f8e436386a,0x9e32b13ce7f2e80a01932b42553652e053d6ed8e,Metis,Metis,0x400e558028496be82209fd85708dba1d66656bf0189204f8ddcaf55eaabd8ba7_Metis,1671630611,1671630611,1,1.7699626036884822e+20,176.99626036884823,481.310273973409,16.279070,16.279070,0.775000,bridge_deposit_flow
ETH,Poly,eth_flow_0x400e55802849__r7fam23__inst01__synth_unmatched_src,0x400e558028496be82209fd85708dba1d66656bf0189204f8ddcaf55eaabd8ba7,0x81910675dbaf69dee0fd77570bfd07f8e436386a|0x9e32b13ce7f2e80a01932b42553652e053d6ed8e|0xf2ce52e3d0eb5d237341c9a75ca24647d87d7e55,0x81910675dbaf69dee0fd77570bfd07f8e436386a,0x9e32b13ce7f2e80a01932b42553652e053d6ed8e,Metis,Metis,0x400e558028496be82209fd85708dba1d66656bf0189204f8ddcaf55eaabd8ba7_Metis,1671630611,1671630611,1,3.5399252073769645e+20,353.99252073769645,962.620547946818,16.279070,16.279070,0.775000,bridge_deposit_flow
ETH,Poly,eth_flow_0x400e55802849__r7fam23__inst01__synth_noise_src_0,0x400e558028496be82209fd85708dba1d66656bf0189204f8ddcaf55eaabd8ba7,0x81910675dbaf69dee0fd77570bfd07f8e436386a|0x9e32b13ce7f2e80a01932b42553652e053d6ed8e|0xf2ce52e3d0eb5d237341c9a75ca24647d87d7e55,0x81910675dbaf69dee0fd77570bfd07f8e436386a,0x9e32b13ce7f2e80a01932b42553652e053d6ed8e,Metis,Metis,0x400e558028496be82209fd85708dba1d66656bf0189204f8ddcaf55eaabd8ba7_Metis,1671630611,1671630611,1,3.5399252073769645e+20,353.99252073769645,962.620547946818,16.279070,16.279070,0.775000,bridge_deposit_flow
ETH,Poly,eth_flow_0x400e55802849__r7fam23__inst01__synth_noise_src_1,0x400e558028496be82209fd85708dba1d66656bf0189204f8ddcaf55eaabd8ba7,0x81910675dbaf69dee0fd77570bfd07f8e436386a|0x9e32b13ce7f2e80a01932b42553652e053d6ed8e|0xf2ce52e3d0eb5d237341c9a75ca24647d87d7e55,0x81910675dbaf69dee0fd77570bfd07f8e436386a,0x9e32b13ce7f2e80a01932b42553652e053d6ed8e,Metis,Metis,0x400e558028496be82209fd85708dba1d66656bf0189204f8ddcaf55eaabd8ba7_Metis,1671630611,1671630611,1,3.5399252073769645e+20,353.99252073769645,962.620547946818,16.279070,16.279070,0.775000,bridge_deposit_flow
