src_flow_id,dst_flow_id,src_amount_usd,dst_amount_usd,median_delay_sec,pattern_type,label_confidence,label_type,src_chain,dst_chain,bridge,src_token,dst_token,asset_group,label_source,support_tx_pair_count,matched_src_amount_usd,matched_dst_amount_usd,flow_mass_ratio_dst
eth_flow_0x05337270175e__r7fam00__inst00__synth_split_src,bnb_flow_0xa44016ffc6d1__synth_split_a,0.8034910649433913,0.40174553247169564,158,one_to_many,0.95,supervised_flow_pair,ETH,BNB,Poly,0x5d285f735998f36631f678ff41fb56a10a4d0429,0x398f7827dccbefe6990478876bbf3612d93baf05,MIX,semi_synthetic_split,1,0.40174553247169564,0.40174553247169564,
eth_flow_0x05337270175e__r7fam00__inst00__synth_split_src,bnb_flow_0xa44016ffc6d1__synth_split_b,0.8034910649433913,0.40174553247169564,158,one_to_many,0.95,supervised_flow_pair,ETH,BNB,Poly,0x5d285f735998f36631f678ff41fb56a10a4d0429,0x398f7827dccbefe6990478876bbf3612d93baf05,MIX,semi_synthetic_split,1,0.40174553247169564,0.40174553247169564,
eth_flow_0x05337270175e__r7fam00__inst00__synth_merge_src1,bnb_flow_0xa44016ffc6d1__synth_merge_dst,0.26783035498113045,0.8034910649433913,158,many_to_one,1.0,supervised_flow_pair,ETH,BNB,Poly,0x5d285f735998f36631f678ff41fb56a10a4d0429,0x398f7827dccbefe6990478876bbf3612d93baf05,MIX,semi_synthetic_merge,,0.26783035498113045,0.26783035498113045,
eth_flow_0x05337270175e__r7fam00__inst00__synth_merge_src2,bnb_flow_0xa44016ffc6d1__synth_merge_dst,0.26783035498113045,0.8034910649433913,158,many_to_one,1.0,supervised_flow_pair,ETH,BNB,Poly,0x5d285f735998f36631f678ff41fb56a10a4d0429,0x398f7827dccbefe6990478876bbf3612d93baf05,MIX,semi_synthetic_merge,,0.26783035498113045,0.26783035498113045,
eth_flow_0x05337270175e__r7fam00__inst00__synth_merge_src3,bnb_flow_0xa44016ffc6d1__synth_merge_dst,0.26783035498113045,0.8034910649433913,158,many_to_one,1.0,supervised_flow_pair,ETH,BNB,Poly,0x5d285f735998f36631f678ff41fb56a10a4d0429,0x398f7827dccbefe6990478876bbf3612d93baf05,MIX,semi_synthetic_merge,,0.26783035498113045,0.26783035498113045,
eth_flow_0x05337270175e__r7fam00__inst00__synth_unmatched_src,bnb_flow_0xa44016ffc6d1__synth_hidden_dst,0.8034910649433913,0,158,one_to_one,0.2,supervised_flow_pair,ETH,BNB,Poly,0x5d285f735998f36631f678ff41fb56a10a4d0429,0x398f7827dccbefe6990478876bbf3612d93baf05,MIX,semi_synthetic_unmatched,,,0,0
eth_flow_0x05337270175e__r7fam00__inst00__synth_noise_src_0,bnb_flow_0xa44016ffc6d1__synth_noise_dst_0,0.8034910649433913,0.8034910649433913,218,one_to_one,0.2312,supervised_flow_pair,ETH,BNB,Poly,0x5d285f735998f36631f678ff41fb56a10a4d0429,0x398f7827dccbefe6990478876bbf3612d93baf05,MIX,semi_synthetic_delay_noise,,,,
eth_flow_0x05337270175e__r7fam00__inst00__synth_noise_src_1,bnb_flow_0xa44016ffc6d1__synth_noise_dst_1,0.8034910649433913,0.8034910649433913,278,one_to_one,0.2369,supervised_flow_pair,ETH,BNB,Poly,0x5d285f735998f36631f678ff41fb56a10a4d0429,0x398f7827dccbefe6990478876bbf3612d93baf05,MIX,semi_synthetic_delay_noise,,,,
eth_flow_0x60942c2002bc__r7fam00__inst01__synth_split_src,bnb_flow_0x24ab0225c562__synth_split_a,1.6227742820173972,0.8113871410086986,188,one_to_many,0.95,supervised_flow_pair,ETH,BNB,Poly,0x5d285f735998f36631f678ff41fb56a10a4d0429,0x398f7827dccbefe6990478876bbf3612d93baf05,MIX,semi_synthetic_split,1,0.8113871410086986,0.8113871410086986,
eth_flow_0x60942c2002bc__r7fam00__inst01__synth_split_src,bnb_flow_0x24ab0225c562__synth_split_b,1.6227742820173972,0.8113871410086986,188,one_to_many,0.95,supervised_flow_pair,ETH,BNB,Poly,0x5d285f735998f36631f678ff41fb56a10a4d0429,0x398f7827dccbefe6990478876bbf3612d93baf05,MIX,semi_synthetic_split,1,0.8113871410086986,0.8113871410086986,
eth_flow_0x60942c2002bc__r7fam00__inst01__synth_merge_src1,bnb_flow_0x24ab0225c562__synth_merge_dst,0.8113871410086986,1.6227742820173972,188,many_to_one,1.0,supervised_flow_pair,ETH,BNB,Poly,0x5d285f735998f36631f678ff41fb56a10a4d0429,0x398f7827dccbefe6990478876bbf3612d93baf05,MIX,semi_synthetic_merge,,0.8113871410086986,0.8113871410086986,
eth_flow_0x60942c2002bc__r7fam00__inst01__synth_merge_src2,bnb_flow_0x24ab0225c562__synth_merge_dst,0.8113871410086986,1.6227742820173972,188,many_to_one,1.0,supervised_flow_pair,ETH,BNB,Poly,0x5d285f735998f36631f678ff41fb56a10a4d0429,0x398f7827dccbefe6990478876bbf3612d93baf05,MIX,semi_synthetic_merge,,0.8113871410086986,0.8113871410086986,
eth_flow_0x60942c2002bc__r7fam00__inst01__synth_unmatched_src,bnb_flow_0x24ab0225c562__synth_hidden_dst,1.6227742820173972,0,188,one_to_one,0.2,supervised_flow_pair,ETH,BNB,Poly,0x5d285f735998f36631f678ff41fb56a10a4d0429,0x398f7827dccbefe6990478876bbf3612d93baf05,MIX,semi_synthetic_unmatched,,,0,0
eth_flow_0x60942c2002bc__r7fam00__inst01__synth_noise_src_0,bnb_flow_0x24ab0225c562__synth_noise_dst_0,1.6227742820173972,1.6227742820173972,248,one_to_one,0.2313,supervised_flow_pair,ETH,BNB,Poly,0x5d285f735998f36631f678ff41fb56a10a4d0429,0x398f7827dccbefe6990478876bbf3612d93baf05,MIX,semi_synthetic_delay_noise,,,,
eth_flow_0x60942c2002bc__r7fam00__inst01__synth_noise_src_1,bnb_flow_0x24ab0225c562__synth_noise_dst_1,1.6227742820173972,1.6227742820173972,308,one_to_one,0.2546,supervised_flow_pair,ETH,BNB,Poly,0x5d285f735998f36631f678ff41fb56a10a4d0429,0x398f7827dccbefe6990478876bbf3612d93baf05,MIX,semi_synthetic_delay_noise,,,,
eth_flow_0x5176a3f85f9c__r7fam01__inst00__synth_split_src,bnb_flow_0xcd8b952059d9__synth_split_a,1.112190564703992,0.556095282351996,214,one_to_many,0.95,supervised_flow_pair,ETH,BNB,Poly,0x001a8ffcb0f03e99141652ebcdecdb0384e3bd6c,0xc49dde62b4a0810074721faca54aab52369f486a,PKR,semi_synthetic_split,1,0.556095282351996,0.556095282351996,
eth_flow_0x5176a3f85f9c__r7fam01__inst00__synth_split_src,bnb_flow_0xcd8b952059d9__synth_split_b,1.112190564703992,0.556095282351996,214,one_to_many,0.95,supervised_flow_pair,ETH,BNB,Poly,0x001a8ffcb0f03e99141652ebcdecdb0384e3bd6c,0xc49dde62b4a0810074721faca54aab52369f486a,PKR,semi_synthetic_split,1,0.556095282351996,0.556095282351996,
eth_flow_0x5176a3f85f9c__r7fam01__inst00__synth_merge_src1,bnb_flow_0xcd8b952059d9__synth_merge_dst,0.556095282351996,1.112190564703992,214,many_to_one,1.0,supervised_flow_pair,ETH,BNB,Poly,0x001a8ffcb0f03e99141652ebcdecdb0384e3bd6c,0xc49dde62b4a0810074721faca54aab52369f486a,PKR,semi_synthetic_merge,,0.556095282351996,0.556095282351996,
eth_flow_0x5176a3f85f9c__r7fam01__inst00__synth_merge_src2,bnb_flow_0xcd8b952059d9__synth_merge_dst,0.556095282351996,1.112190564703992,214,many_to_one,1.0,supervised_flow_pair,ETH,BNB,Poly,0x001a8ffcb0f03e99141652ebcdecdb0384e3bd6c,0xc49dde62b4a0810074721faca54aab52369f486a,PKR,semi_synthetic_merge,,0.556095282351996,0.556095282351996,
eth_flow_0x5176a3f85f9c__r7fam01__inst00__synth_unmatched_src,bnb_flow_0xcd8b952059d9__synth_hidden_dst,1.112190564703992,0,214,one_to_one,0.2,supervised_flow_pair,ETH,BNB,Poly,0x001a8ffcb0f03e99141652ebcdecdb0384e3bd6c,0xc49dde62b4a0810074721faca54aab52369f486a,PKR,semi_synthetic_unmatched,,,0,0
eth_flow_0x5176a3f85f9c__r7fam01__inst00__synth_noise_src_0,bnb_flow_0xcd8b952059d9__synth_noise_dst_0,1.112190564703992,1.112190564703992,274,one_to_one,0.2482,supervised_flow_pair,ETH,BNB,Poly,0x001a8ffcb0f03e99141652ebcdecdb0384e3bd6c,0xc49dde62b4a0810074721faca54aab52369f486a,PKR,semi_synthetic_delay_noise,,,,
eth_flow_0x5176a3f85f9c__r7fam01__inst00__synth_noise_src_1,bnb_flow_0xcd8b952059d9__synth_noise_dst_1,1.112190564703992,1.112190564703992,334,one_to_one,0.252,supervised_flow_pair,ETH,BNB,Poly,0x001a8ffcb0f03e99141652ebcdecdb0384e3bd6c,0xc49dde62b4a0810074721faca54aab52369f486a,PKR,semi_synthetic_delay_noise,,,,
eth_flow_0xce33079de89b__r7fam01__inst01__synth_split_src,bnb_flow_0xb63097b04f83__synth_split_a,1.745827337055048,0.872913668527524,222,one_to_many,0.95,supervised_flow_pair,ETH,BNB,Poly,0x001a8ffcb0f03e99141652ebcdecdb0384e3bd6c,0xc49dde62b4a0810074721faca54aab52369f486a,PKR,semi_synthetic_split,1,0.872913668527524,0.872913668527524,
eth_flow_0xce33079de89b__r7fam01__inst01__synth_split_src,bnb_flow_0xb63097b04f83__synth_split_b,1.745827337055048,0.872913668527524,222,one_to_many,0.95,supervised_flow_pair,ETH,BNB,Poly,0x001a8ffcb0f03e99141652ebcdecdb0384e3bd6c,0xc49dde62b4a0810074721faca54aab52369f486a,PKR,semi_synthetic_split,1,0.872913668527524,0.872913668527524,
eth_flow_0xce33079de89b__r7fam01__inst01__synth_merge_src1,bnb_flow_0xb63097b04f83__synth_merge_dst,0.872913668527524,1.745827337055048,222,many_to_one,1.0,supervised_flow_pair,ETH,BNB,Poly,0x001a8ffcb0f03e99141652ebcdecdb0384e3bd6c,0xc49dde62b4a0810074721faca54aab52369f486a,PKR,semi_synthetic_merge,,0.872913668527524,0.872913668527524,
eth_flow_0xce33079de89b__r7fam01__inst01__synth_merge_src2,bnb_flow_0xb63097b04f83__synth_merge_dst,0.872913668527524,1.745827337055048,222,many_to_one,1.0,supervised_flow_pair,ETH,BNB,Poly,0x001a8ffcb0f03e99141652ebcdecdb0384e3bd6c,0xc49dde62b4a0810074721faca54aab52369f486a,PKR,semi_synthetic_merge,,0.872913668527524,0.872913668527524,
eth_flow_0xce33079de89b__r7fam01__inst01__synth_unmatched_src,bnb_flow_0xb63097b04f83__synth_hidden_dst,1.7458273370550481,0,222,one_to_one,0.2,supervised_flow_pair,ETH,BNB,Poly,0x001a8ffcb0f03e99141652ebcdecdb0384e3bd6c,0xc49dde62b4a0810074721faca54aab52369f486a,PKR,semi_synthetic_unmatched,,,0,0
eth_flow_0xce33079de89b__r7fam01__inst01__synth_noise_src_0,bnb_flow_0xb63097b04f83__synth_noise_dst_0,1.7458273370550481,1.7458273370550481,282,one_to_one,0.2417,supervised_flow_pair,ETH,BNB,Poly,0x001a8ffcb0f03e99141652ebcdecdb0384e3bd6c,0xc49dde62b4a0810074721faca54aab52369f486a,PKR,semi_synthetic_delay_noise,,,,
eth_flow_0xce33079de89b__r7fam01__inst01__synth_noise_src_1,bnb_flow_0xb63097b04f83__synth_noise_dst_1,1.7458273370550481,1.7458273370550481,342,one_to_one,0.2563,supervised_flow_pair,ETH,BNB,Poly,0x001a8ffcb0f03e99141652ebcdecdb0384e3bd6c,0xc49dde62b4a0810074721faca54aab52369f486a,PKR,semi_synthetic_delay_noise,,,,
eth_flow_0xb3fbfa9e5974__r7fam02__inst00__synth_split_src,bnb_flow_0x4e4adb0f39c1__synth_split_a,1.859930469803522,0.6199768232678406,245,one_to_many,0.95,supervised_flow_pair,ETH,BNB,Poly,0x001a8ffcb0f03e99141652ebcdecdb0384e3bd6c,0xc49dde62b4a0810074721faca54aab52369f486a,PKR,semi_synthetic_split,1,0.6199768232678406,0.6199768232678406,
eth_flow_0xb3fbfa9e5974__r7fam02__inst00__synth_split_src,bnb_flow_0x4e4adb0f39c1__synth_split_b,1.859930469803522,0.6199768232678406,245,one_to_many,0.95,supervised_flow_pair,ETH,BNB,Poly,0x001a8ffcb0f03e99141652ebcdecdb0384e3bd6c,0xc49dde62b4a0810074721faca54aab52369f486a,PKR,semi_synthetic_split,1,0.6199768232678406,0.6199768232678406,
eth_flow_0xb3fbfa9e5974__r7fam02__inst00__synth_split_src,bnb_flow_0x4e4adb0f39c1__synth_split_c,1.859930469803522,0.6199768232678406,245,one_to_many,0.95,supervised_flow_pair,ETH,BNB,Poly,0x001a8ffcb0f03e99141652ebcdecdb0384e3bd6c,0xc49dde62b4a0810074721faca54aab52369f486a,PKR,semi_synthetic_split,1,0.6199768232678406,0.6199768232678406,
eth_flow_0xb3fbfa9e5974__r7fam02__inst00__synth_merge_src1,bnb_flow_0x4e4adb0f39c1__synth_merge_dst,0.929965234901761,1.859930469803522,245,many_to_one,1.0,supervised_flow_pair,ETH,BNB,Poly,0x001a8ffcb0f03e99141652ebcdecdb0384e3bd6c,0xc49dde62b4a0810074721faca54aab52369f486a,PKR,semi_synthetic_merge,,0.929965234901761,0.929965234901761,
eth_flow_0xb3fbfa9e5974__r7fam02__inst00__synth_merge_src2,bnb_flow_0x4e4adb0f39c1__synth_merge_dst,0.929965234901761,1.859930469803522,245,many_to_one,1.0,supervised_flow_pair,ETH,BNB,Poly,0x001a8ffcb0f03e99141652ebcdecdb0384e3bd6c,0xc49dde62b4a0810074721faca54aab52369f486a,PKR,semi_synthetic_merge,,0.929965234901761,0.929965234901761,
eth_flow_0xb3fbfa9e5974__r7fam02__inst00__synth_unmatched_src,bnb_flow_0x4e4adb0f39c1__synth_hidden_dst,1.859930469803522,0,245,one_to_one,0.2,supervised_flow_pair,ETH,BNB,Poly,0x001a8ffcb0f03e99141652ebcdecdb0384e3bd6c,0xc49dde62b4a0810074721faca54aab52369f486a,PKR,semi_synthetic_unmatched,,,0,0
eth_flow_0xb3fbfa9e5974__r7fam02__inst00__synth_noise_src_0,bnb_flow_0x4e4adb0f39c1__synth_noise_dst_0,1.859930469803522,1.859930469803522,305,one_to_one,0.2549,supervised_flow_pair,ETH,BNB,Poly,0x001a8ffcb0f03e99141652ebcdecdb0384e3bd6c,0xc49dde62b4a0810074721faca54aab52369f486a,PKR,semi_synthetic_delay_noise,,,,
eth_flow_0xb3fbfa9e5974__r7fam02__inst00__synth_noise_src_1,bnb_flow_0x4e4adb0f39c1__synth_noise_dst_1,1.859930469803522,1.859930469803522,365,one_to_one,0.2316,supervised_flow_pair,ETH,BNB,Poly,0x001a8ffcb0f03e99141652ebcdecdb0384e3bd6c,0xc49dde62b4a0810074721faca54aab52369f486a,PKR,semi_synthetic_delay_noise,,,,
eth_flow_0x7808c0ead17f__r7fam02__inst01__synth_split_src,bnb_flow_0x84e996a7e36f__synth_split_a,0.7261683208770775,0.36308416043853875,263,one_to_many,0.95,supervised_flow_pair,ETH,BNB,Poly,0x001a8ffcb0f03e99141652ebcdecdb0384e3bd6c,0xc49dde62b4a0810074721faca54aab52369f486a,PKR,semi_synthetic_split,1,0.36308416043853875,0.36308416043853875,
eth_flow_0x7808c0ead17f__r7fam02__inst01__synth_split_src,bnb_flow_0x84e996a7e36f__synth_split_b,0.7261683208770775,0.36308416043853875,263,one_to_many,0.95,supervised_flow_pair,ETH,BNB,Poly,0x001a8ffcb0f03e99141652ebcdecdb0384e3bd6c,0xc49dde62b4a0810074721faca54aab52369f486a,PKR,semi_synthetic_split,1,0.36308416043853875,0.36308416043853875,
eth_flow_0x7808c0ead17f__r7fam02__inst01__synth_merge_src1,bnb_flow_0x84e996a7e36f__synth_merge_dst,0.36308416043853875,0.7261683208770775,263,many_to_one,1.0,supervised_flow_pair,ETH,BNB,Poly,0x001a8ffcb0f03e99141652ebcdecdb0384e3bd6c,0xc49dde62b4a0810074721faca54aab52369f486a,PKR,semi_synthetic_merge,,0.36308416043853875,0.36308416043853875,
eth_flow_0x7808c0ead17f__r7fam02__inst01__synth_merge_src2,bnb_flow_0x84e996a7e36f__synth_merge_dst,0.36308416043853875,0.7261683208770775,263,many_to_one,1.0,supervised_flow_pair,ETH,BNB,Poly,0x001a8ffcb0f03e99141652ebcdecdb0384e3bd6c,0xc49dde62b4a0810074721faca54aab52369f486a,PKR,semi_synthetic_merge,,0.36308416043853875,0.36308416043853875,
eth_flow_0x7808c0ead17f__r7fam02__inst01__synth_unmatched_src,bnb_flow_0x84e996a7e36f__synth_hidden_dst,0.7261683208770775,0,263,one_to_one,0.2,supervised_flow_pair,ETH,BNB,Poly,0x001a8ffcb0f03e99141652ebcdecdb0384e3bd6c,0xc49dde62b4a0810074721faca54aab52369f486a,PKR,semi_synthetic_unmatched,,,0,0
eth_flow_0x7808c0ead17f__r7fam02__inst01__synth_noise_src_0,bnb_flow_0x84e996a7e36f__synth_noise_dst_0,0.7261683208770775,0.7261683208770775,323,one_to_one,0.2412,supervised_flow_pair,ETH,BNB,Poly,0x001a8ffcb0f03e99141652ebcdecdb0384e3bd6c,0xc49dde62b4a0810074721faca54aab52369f486a,PKR,semi_synthetic_delay_noise,,,,
eth_flow_0x7808c0ead17f__r7fam02__inst01__synth_noise_src_1,bnb_flow_0x84e996a7e36f__synth_noise_dst_1,0.7261683208770775,0.7261683208770775,383,one_to_one,0.2244,supervised_flow_pair,ETH,BNB,Poly,0x001a8ffcb0f03e99141652ebcdecdb0384e3bd6c,0xc49dde62b4a0810074721faca54aab52369f486a,PKR,semi_synthetic_delay_noise,,,,
eth_flow_0xeebc4db294f1__r7fam03__inst00__synth_split_src,bnb_flow_0x743e7b3ec5aa__synth_split_a,1.168260491222038,0.584130245611019,356,one_to_many,0.95,supervised_flow_pair,ETH,BNB,Poly,0x001a8ffcb0f03e99141652ebcdecdb0384e3bd6c,0xc49dde62b4a0810074721faca54aab52369f486a,PKR,semi_synthetic_split,1,0.584130245611019,0.584130245611019,
eth_flow_0xeebc4db294f1__r7fam03__inst00__synth_split_src,bnb_flow_0x743e7b3ec5aa__synth_split_b,1.168260491222038,0.584130245611019,356,one_to_many,0.95,supervised_flow_pair,ETH,BNB,Poly,0x001a8ffcb0f03e99141652ebcdecdb0384e3bd6c,0xc49dde62b4a0810074721faca54aab52369f486a,PKR,semi_synthetic_split,1,0.584130245611019,0.584130245611019,
eth_flow_0xeebc4db294f1__r7fam03__inst00__synth_merge_src1,bnb_flow_0x743e7b3ec5aa__synth_merge_dst,0.584130245611019,1.168260491222038,356,many_to_one,1.0,supervised_flow_pair,ETH,BNB,Poly,0x001a8ffcb0f03e99141652ebcdecdb0384e3bd6c,0xc49dde62b4a0810074721faca54aab52369f486a,PKR,semi_synthetic_merge,,0.584130245611019,0.584130245611019,
eth_flow_0xeebc4db294f1__r7fam03__inst00__synth_merge_src2,bnb_flow_0x743e7b3ec5aa__synth_merge_dst,0.584130245611019,1.168260491222038,356,many_to_one,1.0,supervised_flow_pair,ETH,BNB,Poly,0x001a8ffcb0f03e99141652ebcdecdb0384e3bd6c,0xc49dde62b4a0810074721faca54aab52369f486a,PKR,semi_synthetic_merge,,0.584130245611019,0.584130245611019,
eth_flow_0xeebc4db294f1__r7fam03__inst00__synth_unmatched_src,bnb_flow_0x743e7b3ec5aa__synth_hidden_dst,1.168260491222038,0,356,one_to_one,0.2,supervised_flow_pair,ETH,BNB,Poly,0x001a8ffcb0f03e99141652ebcdecdb0384e3bd6c,0xc49dde62b4a0810074721faca54aab52369f486a,PKR,semi_synthetic_unmatched,,,0,0
eth_flow_0xeebc4db294f1__r7fam03__inst00__synth_noise_src_0,bnb_flow_0x743e7b3ec5aa__synth_noise_dst_0,1.168260491222038,1.168260491222038,416,one_to_one,0.2523,supervised_flow_pair,ETH,BNB,Poly,0x001a8ffcb0f03e99141652ebcdecdb0384e3bd6c,0xc49dde62b4a0810074721faca54aab52369f486a,PKR,semi_synthetic_delay_noise,,,,
eth_flow_0xeebc4db294f1__r7fam03__inst00__synth_noise_src_1,bnb_flow_0x743e7b3ec5aa__synth_noise_dst_1,1.168260491222038,1.168260491222038,476,one_to_one,0.2552,supervised_flow_pair,ETH,BNB,Poly,0x001a8ffcb0f03e99141652ebcdecdb0384e3bd6c,0xc49dde62b4a0810074721faca54aab52369f486a,PKR,semi_synthetic_delay_noise,,,,
eth_flow_0x5e483a599d62__r7fam03__inst01__synth_split_src,bnb_flow_0x0f8783e184d9__synth_split_a,0.5144939013953239,0.25724695069766196,269,one_to_many,0.95,supervised_flow_pair,ETH,BNB,Poly,0x5d285f735998f36631f678ff41fb56a10a4d0429,0x398f7827dccbefe6990478876bbf3612d93baf05,MIX,semi_synthetic_split,1,0.25724695069766196,0.25724695069766196,
eth_flow_0x5e483a599d62__r7fam03__inst01__synth_split_src,bnb_flow_0x0f8783e184d9__synth_split_b,0.5144939013953239,0.25724695069766196,269,one_to_many,0.95,supervised_flow_pair,ETH,BNB,Poly,0x5d285f735998f36631f678ff41fb56a10a4d0429,0x398f7827dccbefe6990478876bbf3612d93baf05,MIX,semi_synthetic_split,1,0.25724695069766196,0.25724695069766196,
eth_flow_0x5e483a599d62__r7fam03__inst01__synth_merge_src1,bnb_flow_0x0f8783e184d9__synth_merge_dst,0.25724695069766196,0.5144939013953239,269,many_to_one,1.0,supervised_flow_pair,ETH,BNB,Poly,0x5d285f735998f36631f678ff41fb56a10a4d0429,0x398f7827dccbefe6990478876bbf3612d93baf05,MIX,semi_synthetic_merge,,0.25724695069766196,0.25724695069766196,
eth_flow_0x5e483a599d62__r7fam03__inst01__synth_merge_src2,bnb_flow_0x0f8783e184d9__synth_merge_dst,0.25724695069766196,0.5144939013953239,269,many_to_one,1.0,supervised_flow_pair,ETH,BNB,Poly,0x5d285f735998f36631f678ff41fb56a10a4d0429,0x398f7827dccbefe6990478876bbf3612d93baf05,MIX,semi_synthetic_merge,,0.25724695069766196,0.25724695069766196,
eth_flow_0x5e483a599d62__r7fam03__inst01__synth_unmatched_src,bnb_flow_0x0f8783e184d9__synth_hidden_dst,0.5144939013953239,0,269,one_to_one,0.2,supervised_flow_pair,ETH,BNB,Poly,0x5d285f735998f36631f678ff41fb56a10a4d0429,0x398f7827dccbefe6990478876bbf3612d93baf05,MIX,semi_synthetic_unmatched,,,0,0
eth_flow_0x5e483a599d62__r7fam03__inst01__synth_noise_src_0,bnb_flow_0x0f8783e184d9__synth_noise_dst_0,0.5144939013953239,0.5144939013953239,329,one_to_one,0.2413,supervised_flow_pair,ETH,BNB,Poly,0x5d285f735998f36631f678ff41fb56a10a4d0429,0x398f7827dccbefe6990478876bbf3612d93baf05,MIX,semi_synthetic_delay_noise,,,,
eth_flow_0x5e483a599d62__r7fam03__inst01__synth_noise_src_1,bnb_flow_0x0f8783e184d9__synth_noise_dst_1,0.5144939013953239,0.5144939013953239,389,one_to_one,0.2301,supervised_flow_pair,ETH,BNB,Poly,0x5d285f735998f36631f678ff41fb56a10a4d0429,0x398f7827dccbefe6990478876bbf3612d93baf05,MIX,semi_synthetic_delay_noise,,,,
eth_flow_0xeb86d3cde085__r7fam04__inst00__synth_split_src,bnb_flow_0xd7d515ce621a__synth_split_a,1.3112304338302363,0.6556152169151181,984,one_to_many,0.95,supervised_flow_pair,ETH,BNB,Poly,0x5d285f735998f36631f678ff41fb56a10a4d0429,0x398f7827dccbefe6990478876bbf3612d93baf05,MIX,semi_synthetic_split,1,0.6556152169151181,0.6556152169151181,
eth_flow_0xeb86d3cde085__r7fam04__inst00__synth_split_src,bnb_flow_0xd7d515ce621a__synth_split_b,1.3112304338302363,0.6556152169151181,984,one_to_many,0.95,supervised_flow_pair,ETH,BNB,Poly,0x5d285f735998f36631f678ff41fb56a10a4d0429,0x398f7827dccbefe6990478876bbf3612d93baf05,MIX,semi_synthetic_split,1,0.6556152169151181,0.6556152169151181,
eth_flow_0xeb86d3cde085__r7fam04__inst00__synth_merge_src1,bnb_flow_0xd7d515ce621a__synth_merge_dst,0.6556152169151181,1.3112304338302363,984,many_to_one,1.0,supervised_flow_pair,ETH,BNB,Poly,0x5d285f735998f36631f678ff41fb56a10a4d0429,0x398f7827dccbefe6990478876bbf3612d93baf05,MIX,semi_synthetic_merge,,0.6556152169151181,0.6556152169151181,
eth_flow_0xeb86d3cde085__r7fam04__inst00__synth_merge_src2,bnb_flow_0xd7d515ce621a__synth_merge_dst,0.6556152169151181,1.3112304338302363,984,many_to_one,1.0,supervised_flow_pair,ETH,BNB,Poly,0x5d285f735998f36631f678ff41fb56a10a4d0429,0x398f7827dccbefe6990478876bbf3612d93baf05,MIX,semi_synthetic_merge,,0.6556152169151181,0.6556152169151181,
eth_flow_0xeb86d3cde085__r7fam04__inst00__synth_unmatched_src,bnb_flow_0xd7d515ce621a__synth_hidden_dst,1.3112304338302365,0,984,one_to_one,0.2,supervised_flow_pair,ETH,BNB,Poly,0x5d285f735998f36631f678ff41fb56a10a4d0429,0x398f7827dccbefe6990478876bbf3612d93baf05,MIX,semi_synthetic_unmatched,,,0,0
eth_flow_0xeb86d3cde085__r7fam04__inst00__synth_noise_src_0,bnb_flow_0xd7d515ce621a__synth_noise_dst_0,1.3112304338302365,1.3112304338302365,1044,one_to_one,0.2555,supervised_flow_pair,ETH,BNB,Poly,0x5d285f735998f36631f678ff41fb56a10a4d0429,0x398f7827dccbefe6990478876bbf3612d93baf05,MIX,semi_synthetic_delay_noise,,,,
eth_flow_0xeb86d3cde085__r7fam04__inst00__synth_noise_src_1,bnb_flow_0xd7d515ce621a__synth_noise_dst_1,1.3112304338302365,1.3112304338302365,1104,one_to_one,0.2479,supervised_flow_pair,ETH,BNB,Poly,0x5d285f735998f36631f678ff41fb56a10a4d0429,0x398f7827dccbefe6990478876bbf3612d93baf05,MIX,semi_synthetic_delay_noise,,,,
eth_flow_0x3a72a678a59f__r7fam04__inst01__synth_split_src,bnb_flow_0x0b3c4f8be160__synth_split_a,1.6684627172185136,0.5561542390728379,896,one_to_many,0.95,supervised_flow_pair,ETH,BNB,Poly,0x001a8ffcb0f03e99141652ebcdecdb0384e3bd6c,0xc49dde62b4a0810074721faca54aab52369f486a,PKR,semi_synthetic_split,1,0.5561542390728379,0.5561542390728379,
eth_flow_0x3a72a678a59f__r7fam04__inst01__synth_split_src,bnb_flow_0x0b3c4f8be160__synth_split_b,1.6684627172185136,0.5561542390728379,896,one_to_many,0.95,supervised_flow_pair,ETH,BNB,Poly,0x001a8ffcb0f03e99141652ebcdecdb0384e3bd6c,0xc49dde62b4a0810074721faca54aab52369f486a,PKR,semi_synthetic_split,1,0.5561542390728379,0.5561542390728379,
eth_flow_0x3a72a678a59f__r7fam04__inst01__synth_split_src,bnb_flow_0x0b3c4f8be160__synth_split_c,1.6684627172185136,0.5561542390728379,896,one_to_many,0.95,supervised_flow_pair,ETH,BNB,Poly,0x001a8ffcb0f03e99141652ebcdecdb0384e3bd6c,0xc49dde62b4a0810074721faca54aab52369f486a,PKR,semi_synthetic_split,1,0.5561542390728379,0.5561542390728379,
eth_flow_0x3a72a678a59f__r7fam04__inst01__synth_merge_src1,bnb_flow_0x0b3c4f8be160__synth_merge_dst,0.8342313586092568,1.6684627172185136,896,many_to_one,1.0,supervised_flow_pair,ETH,BNB,Poly,0x001a8ffcb0f03e99141652ebcdecdb0384e3bd6c,0xc49dde62b4a0810074721faca54aab52369f486a,PKR,semi_synthetic_merge,,0.8342313586092568,0.8342313586092568,
eth_flow_0x3a72a678a59f__r7fam04__inst01__synth_merge_src2,bnb_flow_0x0b3c4f8be160__synth_merge_dst,0.8342313586092568,1.6684627172185136,896,many_to_one,1.0,supervised_flow_pair,ETH,BNB,Poly,0x001a8ffcb0f03e99141652ebcdecdb0384e3bd6c,0xc49dde62b4a0810074721faca54aab52369f486a,PKR,semi_synthetic_merge,,0.8342313586092568,0.8342313586092568,
eth_flow_0x3a72a678a59f__r7fam04__inst01__synth_unmatched_src,bnb_flow_0x0b3c4f8be160__synth_hidden_dst,1.6684627172185136,0,896,one_to_one,0.2,supervised_flow_pair,ETH,BNB,Poly,0x001a8ffcb0f03e99141652ebcdecdb0384e3bd6c,0xc49dde62b4a0810074721faca54aab52369f486a,PKR,semi_synthetic_unmatched,,,0,0
eth_flow_0x3a72a678a59f__r7fam04__inst01__synth_noise_src_0,bnb_flow_0x0b3c4f8be160__synth_noise_dst_0,1.6684627172185136,1.6684627172185136,956,one_to_one,0.2445,supervised_flow_pair,ETH,BNB,Poly,0x001a8ffcb0f03e99141652ebcdecdb0384e3bd6c,0xc49dde62b4a0810074721faca54aab52369f486a,PKR,semi_synthetic_delay_noise,,,,
eth_flow_0x3a72a678a59f__r7fam04__inst01__synth_noise_src_1,bnb_flow_0x0b3c4f8be160__synth_noise_dst_1,1.6684627172185136,1.6684627172185136,1016,one_to_one,0.2568,supervised_flow_pair,ETH,BNB,Poly,0x001a8ffcb0f03e99141652ebcdecdb0384e3bd6c,0xc49dde62b4a0810074721faca54aab52369f486a,PKR,semi_synthetic_delay_noise,,,,
eth_flow_0xafeea0a8bb33__r7fam05__inst00__synth_split_src,bnb_flow_0x04f9c163958a__synth_split_a,0.9288018860877606,0.4644009430438803,13149,one_to_many,0.95,supervised_flow_pair,ETH,BNB,Poly,0x5d285f735998f36631f678ff41fb56a10a4d0429,0x398f7827dccbefe6990478876bbf3612d93baf05,MIX,semi_synthetic_split,1,0.4644009430438803,0.4644009430438803,
eth_flow_0xafeea0a8bb33__r7fam05__inst00__synth_split_src,bnb_flow_0x04f9c163958a__synth_split_b,0.9288018860877606,0.4644009430438803,13149,one_to_many,0.95,supervised_flow_pair,ETH,BNB,Poly,0x5d285f735998f36631f678ff41fb56a10a4d0429,0x398f7827dccbefe6990478876bbf3612d93baf05,MIX,semi_synthetic_split,1,0.4644009430438803,0.4644009430438803,
eth_flow_0xafeea0a8bb33__r7fam05__inst00__synth_merge_src1,bnb_flow_0x04f9c163958a__synth_merge_dst,0.4644009430438803,0.9288018860877606,13149,many_to_one,1.0,supervised_flow_pair,ETH,BNB,Poly,0x5d285f735998f36631f678ff41fb56a10a4d0429,0x398f7827dccbefe6990478876bbf3612d93baf05,MIX,semi_synthetic_merge,,0.4644009430438803,0.4644009430438803,
eth_flow_0xafeea0a8bb33__r7fam05__inst00__synth_merge_src2,bnb_flow_0x04f9c163958a__synth_merge_dst,0.4644009430438803,0.9288018860877606,13149,many_to_one,1.0,supervised_flow_pair,ETH,BNB,Poly,0x5d285f735998f36631f678ff41fb56a10a4d0429,0x398f7827dccbefe6990478876bbf3612d93baf05,MIX,semi_synthetic_merge,,0.4644009430438803,0.4644009430438803,
eth_flow_0xafeea0a8bb33__r7fam05__inst00__synth_unmatched_src,bnb_flow_0x04f9c163958a__synth_hidden_dst,0.9288018860877606,0,13149,one_to_one,0.2,supervised_flow_pair,ETH,BNB,Poly,0x5d285f735998f36631f678ff41fb56a10a4d0429,0x398f7827dccbefe6990478876bbf3612d93baf05,MIX,semi_synthetic_unmatched,,,0,0
eth_flow_0xafeea0a8bb33__r7fam05__inst00__synth_noise_src_0,bnb_flow_0x04f9c163958a__synth_noise_dst_0,0.9288018860877606,0.9288018860877606,13209,one_to_one,0.2509,supervised_flow_pair,ETH,BNB,Poly,0x5d285f735998f36631f678ff41fb56a10a4d0429,0x398f7827dccbefe6990478876bbf3612d93baf05,MIX,semi_synthetic_delay_noise,,,,
eth_flow_0xafeea0a8bb33__r7fam05__inst00__synth_noise_src_1,bnb_flow_0x04f9c163958a__synth_noise_dst_1,0.9288018860877606,0.9288018860877606,13269,one_to_one,0.2363,supervised_flow_pair,ETH,BNB,Poly,0x5d285f735998f36631f678ff41fb56a10a4d0429,0x398f7827dccbefe6990478876bbf3612d93baf05,MIX,semi_synthetic_delay_noise,,,,
eth_flow_0x1a2e8d421e3a__r7fam05__inst01__synth_split_src,bnb_flow_0xd7189b11f1be__synth_split_a,1.2440036980229534,0.6220018490114767,1044,one_to_many,0.95,supervised_flow_pair,ETH,BNB,Poly,0x001a8ffcb0f03e99141652ebcdecdb0384e3bd6c,0xc49dde62b4a0810074721faca54aab52369f486a,PKR,semi_synthetic_split,1,0.6220018490114767,0.6220018490114767,
eth_flow_0x1a2e8d421e3a__r7fam05__inst01__synth_split_src,bnb_flow_0xd7189b11f1be__synth_split_b,1.2440036980229534,0.6220018490114767,1044,one_to_many,0.95,supervised_flow_pair,ETH,BNB,Poly,0x001a8ffcb0f03e99141652ebcdecdb0384e3bd6c,0xc49dde62b4a0810074721faca54aab52369f486a,PKR,semi_synthetic_split,1,0.6220018490114767,0.6220018490114767,
eth_flow_0x1a2e8d421e3a__r7fam05__inst01__synth_merge_src1,bnb_flow_0xd7189b11f1be__synth_merge_dst,0.6220018490114767,1.2440036980229534,1044,many_to_one,1.0,supervised_flow_pair,ETH,BNB,Poly,0x001a8ffcb0f03e99141652ebcdecdb0384e3bd6c,0xc49dde62b4a0810074721faca54aab52369f486a,PKR,semi_synthetic_merge,,0.6220018490114767,0.6220018490114767,
eth_flow_0x1a2e8d421e3a__r7fam05__inst01__synth_merge_src2,bnb_flow_0xd7189b11f1be__synth_merge_dst,0.6220018490114767,1.2440036980229534,1044,many_to_one,1.0,supervised_flow_pair,ETH,BNB,Poly,0x001a8ffcb0f03e99141652ebcdecdb0384e3bd6c,0xc49dde62b4a0810074721faca54aab52369f486a,PKR,semi_synthetic_merge,,0.6220018490114767,0.6220018490114767,
eth_flow_0x1a2e8d421e3a__r7fam05__inst01__synth_unmatched_src,bnb_flow_0xd7189b11f1be__synth_hidden_dst,1.2440036980229534,0,1044,one_to_one,0.2,supervised_flow_pair,ETH,BNB,Poly,0x001a8ffcb0f03e99141652ebcdecdb0384e3bd6c,0xc49dde62b4a0810074721faca54aab52369f486a,PKR,semi_synthetic_unmatched,,,0,0
eth_flow_0x1a2e8d421e3a__r7fam05__inst01__synth_noise_src_0,bnb_flow_0xd7189b11f1be__synth_noise_dst_0,1.2440036980229534,1.2440036980229534,1104,one_to_one,0.2221,supervised_flow_pair,ETH,BNB,Poly,0x001a8ffcb0f03e99141652ebcdecdb0384e3bd6c,0xc49dde62b4a0810074721faca54aab52369f486a,PKR,semi_synthetic_delay_noise,,,,
eth_flow_0x1a2e8d421e3a__r7fam05__inst01__synth_noise_src_1,bnb_flow_0xd7189b11f1be__synth_noise_dst_1,1.2440036980229534,1.2440036980229534,1164,one_to_one,0.2253,supervised_flow_pair,ETH,BNB,Poly,0x001a8ffcb0f03e99141652ebcdecdb0384e3bd6c,0xc49dde62b4a0810074721faca54aab52369f486a,PKR,semi_synthetic_delay_noise,,,,
eth_flow_0x7a72df4b2853__r7fam06__inst00__synth_split_src,bnb_flow_0xf872cdb1a36d__synth_split_a,3.3387536804584004,1.6693768402292002,190,one_to_many,0.95,supervised_flow_pair,ETH,BNB,Poly,0x5d285f735998f36631f678ff41fb56a10a4d0429,0x398f7827dccbefe6990478876bbf3612d93baf05,MIX,semi_synthetic_split,1,1.6693768402292002,1.6693768402292002,
eth_flow_0x7a72df4b2853__r7fam06__inst00__synth_split_src,bnb_flow_0xf872cdb1a36d__synth_split_b,3.3387536804584004,1.6693768402292002,190,one_to_many,0.95,supervised_flow_pair,ETH,BNB,Poly,0x5d285f735998f36631f678ff41fb56a10a4d0429,0x398f7827dccbefe6990478876bbf3612d93baf05,MIX,semi_synthetic_split,1,1.6693768402292002,1.6693768402292002,
eth_flow_0x7a72df4b2853__r7fam06__inst00__synth_merge_src1,bnb_flow_0xf872cdb1a36d__synth_merge_dst,1.6693768402292002,3.3387536804584004,190,many_to_one,1.0,supervised_flow_pair,ETH,BNB,Poly,0x5d285f735998f36631f678ff41fb56a10a4d0429,0x398f7827dccbefe6990478876bbf3612d93baf05,MIX,semi_synthetic_merge,,1.6693768402292002,1.6693768402292002,
eth_flow_0x7a72df4b2853__r7fam06__inst00__synth_merge_src2,bnb_flow_0xf872cdb1a36d__synth_merge_dst,1.6693768402292002,3.3387536804584004,190,many_to_one,1.0,supervised_flow_pair,ETH,BNB,Poly,0x5d285f735998f36631f678ff41fb56a10a4d0429,0x398f7827dccbefe6990478876bbf3612d93baf05,MIX,semi_synthetic_merge,,1.6693768402292002,1.6693768402292002,
eth_flow_0x7a72df4b2853__r7fam06__inst00__synth_unmatched_src,bnb_flow_0xf872cdb1a36d__synth_hidden_dst,3.3387536804584004,0,190,one_to_one,0.2,supervised_flow_pair,ETH,BNB,Poly,0x5d285f735998f36631f678ff41fb56a10a4d0429,0x398f7827dccbefe6990478876bbf3612d93baf05,MIX,semi_synthetic_unmatched,,,0,0
eth_flow_0x7a72df4b2853__r7fam06__inst00__synth_noise_src_0,bnb_flow_0xf872cdb1a36d__synth_noise_dst_0,3.3387536804584004,3.3387536804584004,250,one_to_one,0.2234,supervised_flow_pair,ETH,BNB,Poly,0x5d285f735998f36631f678ff41fb56a10a4d0429,0x398f7827dccbefe6990478876bbf3612d93baf05,MIX,semi_synthetic_delay_noise,,,,
eth_flow_0x7a72df4b2853__r7fam06__inst00__synth_noise_src_1,bnb_flow_0xf872cdb1a36d__synth_noise_dst_1,3.3387536804584004,3.3387536804584004,310,one_to_one,0.237,supervised_flow_pair,ETH,BNB,Poly,0x5d285f735998f36631f678ff41fb56a10a4d0429,0x398f7827dccbefe6990478876bbf3612d93baf05,MIX,semi_synthetic_delay_noise,,,,
eth_flow_0xbb61e04f3843__r7fam06__inst01__synth_split_src,bnb_flow_0x2333a48db361__synth_split_a,14.797414942189093,4.932471647396365,138,one_to_many,0.95,supervised_flow_pair,ETH,BNB,Poly,0x9e32b13ce7f2e80a01932b42553652e053d6ed8e,0xe552fb52a4f19e44ef5a967632dbc320b0820639,Metis,semi_synthetic_split,1,4.932471647396365,4.932471647396365,
eth_flow_0xbb61e04f3843__r7fam06__inst01__synth_split_src,bnb_flow_0x2333a48db361__synth_split_b,14.797414942189093,4.932471647396365,138,one_to_many,0.95,supervised_flow_pair,ETH,BNB,Poly,0x9e32b13ce7f2e80a01932b42553652e053d6ed8e,0xe552fb52a4f19e44ef5a967632dbc320b0820639,Metis,semi_synthetic_split,1,4.932471647396365,4.932471647396365,
eth_flow_0xbb61e04f3843__r7fam06__inst01__synth_split_src,bnb_flow_0x2333a48db361__synth_split_c,14.797414942189093,4.932471647396365,138,one_to_many,0.95,supervised_flow_pair,ETH,BNB,Poly,0x9e32b13ce7f2e80a01932b42553652e053d6ed8e,0xe552fb52a4f19e44ef5a967632dbc320b0820639,Metis,semi_synthetic_split,1,4.932471647396365,4.932471647396365,
eth_flow_0xbb61e04f3843__r7fam06__inst01__synth_merge_src1,bnb_flow_0x2333a48db361__synth_merge_dst,7.398707471094546,14.797414942189093,138,many_to_one,1.0,supervised_flow_pair,ETH,BNB,Poly,0x9e32b13ce7f2e80a01932b42553652e053d6ed8e,0xe552fb52a4f19e44ef5a967632dbc320b0820639,Metis,semi_synthetic_merge,,7.398707471094546,7.398707471094546,
eth_flow_0xbb61e04f3843__r7fam06__inst01__synth_merge_src2,bnb_flow_0x2333a48db361__synth_merge_dst,7.398707471094546,14.797414942189093,138,many_to_one,1.0,supervised_flow_pair,ETH,BNB,Poly,0x9e32b13ce7f2e80a01932b42553652e053d6ed8e,0xe552fb52a4f19e44ef5a967632dbc320b0820639,Metis,semi_synthetic_merge,,7.398707471094546,7.398707471094546,
eth_flow_0xbb61e04f3843__r7fam06__inst01__synth_unmatched_src,bnb_flow_0x2333a48db361__synth_hidden_dst,14.797414942189091,0,138,one_to_one,0.2,supervised_flow_pair,ETH,BNB,Poly,0x9e32b13ce7f2e80a01932b42553652e053d6ed8e,0xe552fb52a4f19e44ef5a967632dbc320b0820639,Metis,semi_synthetic_unmatched,,,0,0
eth_flow_0xbb61e04f3843__r7fam06__inst01__synth_noise_src_0,bnb_flow_0x2333a48db361__synth_noise_dst_0,14.797414942189091,14.797414942189091,198,one_to_one,0.2536,supervised_flow_pair,ETH,BNB,Poly,0x9e32b13ce7f2e80a01932b42553652e053d6ed8e,0xe552fb52a4f19e44ef5a967632dbc320b0820639,Metis,semi_synthetic_delay_noise,,,,
eth_flow_0xbb61e04f3843__r7fam06__inst01__synth_noise_src_1,bnb_flow_0x2333a48db361__synth_noise_dst_1,14.797414942189091,14.797414942189091,258,one_to_one,0.2378,supervised_flow_pair,ETH,BNB,Poly,0x9e32b13ce7f2e80a01932b42553652e053d6ed8e,0xe552fb52a4f19e44ef5a967632dbc320b0820639,Metis,semi_synthetic_delay_noise,,,,
eth_flow_0x7cd9c0ae4455__r7fam07__inst00__synth_split_src,bnb_flow_0x7de2cefc60ed__synth_split_a,4.738214724388443,2.3691073621942214,216,one_to_many,0.95,supervised_flow_pair,ETH,BNB,Poly,0x001a8ffcb0f03e99141652ebcdecdb0384e3bd6c,0xc49dde62b4a0810074721faca54aab52369f486a,PKR,semi_synthetic_split,1,2.3691073621942214,2.3691073621942214,
eth_flow_0x7cd9c0ae4455__r7fam07__inst00__synth_split_src,bnb_flow_0x7de2cefc60ed__synth_split_b,4.738214724388443,2.3691073621942214,216,one_to_many,0.95,supervised_flow_pair,ETH,BNB,Poly,0x001a8ffcb0f03e99141652ebcdecdb0384e3bd6c,0xc49dde62b4a0810074721faca54aab52369f486a,PKR,semi_synthetic_split,1,2.3691073621942214,2.3691073621942214,
eth_flow_0x7cd9c0ae4455__r7fam07__inst00__synth_merge_src1,bnb_flow_0x7de2cefc60ed__synth_merge_dst,2.3691073621942214,4.738214724388443,216,many_to_one,1.0,supervised_flow_pair,ETH,BNB,Poly,0x001a8ffcb0f03e99141652ebcdecdb0384e3bd6c,0xc49dde62b4a0810074721faca54aab52369f486a,PKR,semi_synthetic_merge,,2.3691073621942214,2.3691073621942214,
eth_flow_0x7cd9c0ae4455__r7fam07__inst00__synth_merge_src2,bnb_flow_0x7de2cefc60ed__synth_merge_dst,2.3691073621942214,4.738214724388443,216,many_to_one,1.0,supervised_flow_pair,ETH,BNB,Poly,0x001a8ffcb0f03e99141652ebcdecdb0384e3bd6c,0xc49dde62b4a0810074721faca54aab52369f486a,PKR,semi_synthetic_merge,,2.3691073621942214,2.3691073621942214,
eth_flow_0x7cd9c0ae4455__r7fam07__inst00__synth_unmatched_src,bnb_flow_0x7de2cefc60ed__synth_hidden_dst,4.738214724388443,0,216,one_to_one,0.2,supervised_flow_pair,ETH,BNB,Poly,0x001a8ffcb0f03e99141652ebcdecdb0384e3bd6c,0xc49dde62b4a0810074721faca54aab52369f486a,PKR,semi_synthetic_unmatched,,,0,0
eth_flow_0x7cd9c0ae4455__r7fam07__inst00__synth_noise_src_0,bnb_flow_0x7de2cefc60ed__synth_noise_dst_0,4.738214724388443,4.738214724388443,276,one_to_one,0.2433,supervised_flow_pair,ETH,BNB,Poly,0x001a8ffcb0f03e99141652ebcdecdb0384e3bd6c,0xc49dde62b4a0810074721faca54aab52369f486a,PKR,semi_synthetic_delay_noise,,,,
eth_flow_0x7cd9c0ae4455__r7fam07__inst00__synth_noise_src_1,bnb_flow_0x7de2cefc60ed__synth_noise_dst_1,4.738214724388443,4.738214724388443,336,one_to_one,0.2598,supervised_flow_pair,ETH,BNB,Poly,0x001a8ffcb0f03e99141652ebcdecdb0384e3bd6c,0xc49dde62b4a0810074721faca54aab52369f486a,PKR,semi_synthetic_delay_noise,,,,
eth_flow_0x22c46de797e4__r7fam07__inst01__synth_split_src,bnb_flow_0xcc0a73250c4b__synth_split_a,17.985521488031758,8.992760744015879,199,one_to_many,0.95,supervised_flow_pair,ETH,BNB,Poly,0x9e32b13ce7f2e80a01932b42553652e053d6ed8e,0xe552fb52a4f19e44ef5a967632dbc320b0820639,Metis,semi_synthetic_split,1,8.992760744015879,8.992760744015879,
eth_flow_0x22c46de797e4__r7fam07__inst01__synth_split_src,bnb_flow_0xcc0a73250c4b__synth_split_b,17.985521488031758,8.992760744015879,199,one_to_many,0.95,supervised_flow_pair,ETH,BNB,Poly,0x9e32b13ce7f2e80a01932b42553652e053d6ed8e,0xe552fb52a4f19e44ef5a967632dbc320b0820639,Metis,semi_synthetic_split,1,8.992760744015879,8.992760744015879,
eth_flow_0x22c46de797e4__r7fam07__inst01__synth_merge_src1,bnb_flow_0xcc0a73250c4b__synth_merge_dst,8.992760744015879,17.985521488031758,199,many_to_one,1.0,supervised_flow_pair,ETH,BNB,Poly,0x9e32b13ce7f2e80a01932b42553652e053d6ed8e,0xe552fb52a4f19e44ef5a967632dbc320b0820639,Metis,semi_synthetic_merge,,8.992760744015879,8.992760744015879,
eth_flow_0x22c46de797e4__r7fam07__inst01__synth_merge_src2,bnb_flow_0xcc0a73250c4b__synth_merge_dst,8.992760744015879,17.985521488031758,199,many_to_one,1.0,supervised_flow_pair,ETH,BNB,Poly,0x9e32b13ce7f2e80a01932b42553652e053d6ed8e,0xe552fb52a4f19e44ef5a967632dbc320b0820639,Metis,semi_synthetic_merge,,8.992760744015879,8.992760744015879,
eth_flow_0x22c46de797e4__r7fam07__inst01__synth_unmatched_src,bnb_flow_0xcc0a73250c4b__synth_hidden_dst,17.985521488031758,0,199,one_to_one,0.2,supervised_flow_pair,ETH,BNB,Poly,0x9e32b13ce7f2e80a01932b42553652e053d6ed8e,0xe552fb52a4f19e44ef5a967632dbc320b0820639,Metis,semi_synthetic_unmatched,,,0,0
eth_flow_0x22c46de797e4__r7fam07__inst01__synth_noise_src_0,bnb_flow_0xcc0a73250c4b__synth_noise_dst_0,17.985521488031758,17.985521488031758,259,one_to_one,0.2433,supervised_flow_pair,ETH,BNB,Poly,0x9e32b13ce7f2e80a01932b42553652e053d6ed8e,0xe552fb52a4f19e44ef5a967632dbc320b0820639,Metis,semi_synthetic_delay_noise,,,,
eth_flow_0x22c46de797e4__r7fam07__inst01__synth_noise_src_1,bnb_flow_0xcc0a73250c4b__synth_noise_dst_1,17.985521488031758,17.985521488031758,319,one_to_one,0.2338,supervised_flow_pair,ETH,BNB,Poly,0x9e32b13ce7f2e80a01932b42553652e053d6ed8e,0xe552fb52a4f19e44ef5a967632dbc320b0820639,Metis,semi_synthetic_delay_noise,,,,
eth_flow_0x074c9ce2f055__r7fam08__inst00__synth_split_src,bnb_flow_0xec5209f5947f__synth_split_a,75.5139329995168,37.7569664997584,257,one_to_many,0.95,supervised_flow_pair,ETH,BNB,Poly,0xaf9f549774ecedbd0966c52f250acc548d3f36e5,0x69a1913d334b524ea1632461c78797c837ca9fa6,RFuel,semi_synthetic_split,1,37.7569664997584,37.7569664997584,
eth_flow_0x074c9ce2f055__r7fam08__inst00__synth_split_src,bnb_flow_0xec5209f5947f__synth_split_b,75.5139329995168,37.7569664997584,257,one_to_many,0.95,supervised_flow_pair,ETH,BNB,Poly,0xaf9f549774ecedbd0966c52f250acc548d3f36e5,0x69a1913d334b524ea1632461c78797c837ca9fa6,RFuel,semi_synthetic_split,1,37.7569664997584,37.7569664997584,
eth_flow_0x074c9ce2f055__r7fam08__inst00__synth_merge_src1,bnb_flow_0xec5209f5947f__synth_merge_dst,37.7569664997584,75.5139329995168,257,many_to_one,1.0,supervised_flow_pair,ETH,BNB,Poly,0xaf9f549774ecedbd0966c52f250acc548d3f36e5,0x69a1913d334b524ea1632461c78797c837ca9fa6,RFuel,semi_synthetic_merge,,37.7569664997584,37.7569664997584,
eth_flow_0x074c9ce2f055__r7fam08__inst00__synth_merge_src2,bnb_flow_0xec5209f5947f__synth_merge_dst,37.7569664997584,75.5139329995168,257,many_to_one,1.0,supervised_flow_pair,ETH,BNB,Poly,0xaf9f549774ecedbd0966c52f250acc548d3f36e5,0x69a1913d334b524ea1632461c78797c837ca9fa6,RFuel,semi_synthetic_merge,,37.7569664997584,37.7569664997584,
eth_flow_0x074c9ce2f055__r7fam08__inst00__synth_unmatched_src,bnb_flow_0xec5209f5947f__synth_hidden_dst,75.5139329995168,0,257,one_to_one,0.2,supervised_flow_pair,ETH,BNB,Poly,0xaf9f549774ecedbd0966c52f250acc548d3f36e5,0x69a1913d334b524ea1632461c78797c837ca9fa6,RFuel,semi_synthetic_unmatched,,,0,0
eth_flow_0x074c9ce2f055__r7fam08__inst00__synth_noise_src_0,bnb_flow_0xec5209f5947f__synth_noise_dst_0,75.5139329995168,75.5139329995168,317,one_to_one,0.256,supervised_flow_pair,ETH,BNB,Poly,0xaf9f549774ecedbd0966c52f250acc548d3f36e5,0x69a1913d334b524ea1632461c78797c837ca9fa6,RFuel,semi_synthetic_delay_noise,,,,
eth_flow_0x074c9ce2f055__r7fam08__inst00__synth_noise_src_1,bnb_flow_0xec5209f5947f__synth_noise_dst_1,75.5139329995168,75.5139329995168,377,one_to_one,0.2403,supervised_flow_pair,ETH,BNB,Poly,0xaf9f549774ecedbd0966c52f250acc548d3f36e5,0x69a1913d334b524ea1632461c78797c837ca9fa6,RFuel,semi_synthetic_delay_noise,,,,
eth_flow_0x2471cd723b3b__r7fam08__inst01__synth_split_src,bnb_flow_0xa1441b6d21c8__synth_split_a,61.1451205094063,30.57256025470315,258,one_to_many,0.95,supervised_flow_pair,ETH,BNB,Poly,0x9e32b13ce7f2e80a01932b42553652e053d6ed8e,0xe552fb52a4f19e44ef5a967632dbc320b0820639,Metis,semi_synthetic_split,1,30.57256025470315,30.57256025470315,
eth_flow_0x2471cd723b3b__r7fam08__inst01__synth_split_src,bnb_flow_0xa1441b6d21c8__synth_split_b,61.1451205094063,30.57256025470315,258,one_to_many,0.95,supervised_flow_pair,ETH,BNB,Poly,0x9e32b13ce7f2e80a01932b42553652e053d6ed8e,0xe552fb52a4f19e44ef5a967632dbc320b0820639,Metis,semi_synthetic_split,1,30.57256025470315,30.57256025470315,
eth_flow_0x2471cd723b3b__r7fam08__inst01__synth_merge_src1,bnb_flow_0xa1441b6d21c8__synth_merge_dst,30.57256025470315,61.1451205094063,258,many_to_one,1.0,supervised_flow_pair,ETH,BNB,Poly,0x9e32b13ce7f2e80a01932b42553652e053d6ed8e,0xe552fb52a4f19e44ef5a967632dbc320b0820639,Metis,semi_synthetic_merge,,30.57256025470315,30.57256025470315,
eth_flow_0x2471cd723b3b__r7fam08__inst01__synth_merge_src2,bnb_flow_0xa1441b6d21c8__synth_merge_dst,30.57256025470315,61.1451205094063,258,many_to_one,1.0,supervised_flow_pair,ETH,BNB,Poly,0x9e32b13ce7f2e80a01932b42553652e053d6ed8e,0xe552fb52a4f19e44ef5a967632dbc320b0820639,Metis,semi_synthetic_merge,,30.57256025470315,30.57256025470315,
eth_flow_0x2471cd723b3b__r7fam08__inst01__synth_unmatched_src,bnb_flow_0xa1441b6d21c8__synth_hidden_dst,61.1451205094063,0,258,one_to_one,0.2,supervised_flow_pair,ETH,BNB,Poly,0x9e32b13ce7f2e80a01932b42553652e053d6ed8e,0xe552fb52a4f19e44ef5a967632dbc320b0820639,Metis,semi_synthetic_unmatched,,,0,0
eth_flow_0x2471cd723b3b__r7fam08__inst01__synth_noise_src_0,bnb_flow_0xa1441b6d21c8__synth_noise_dst_0,61.1451205094063,61.1451205094063,318,one_to_one,0.2323,supervised_flow_pair,ETH,BNB,Poly,0x9e32b13ce7f2e80a01932b42553652e053d6ed8e,0xe552fb52a4f19e44ef5a967632dbc320b0820639,Metis,semi_synthetic_delay_noise,,,,
eth_flow_0x2471cd723b3b__r7fam08__inst01__synth_noise_src_1,bnb_flow_0xa1441b6d21c8__synth_noise_dst_1,61.1451205094063,61.1451205094063,378,one_to_one,0.2289,supervised_flow_pair,ETH,BNB,Poly,0x9e32b13ce7f2e80a01932b42553652e053d6ed8e,0xe552fb52a4f19e44ef5a967632dbc320b0820639,Metis,semi_synthetic_delay_noise,,,,
eth_flow_0x63777fbdff99__r7fam09__inst00__synth_split_src,bnb_flow_0xa4567893b034__synth_split_a,65.29115733853412,8.161394667316765,277,one_to_many,0.95,supervised_flow_pair,ETH,BNB,Poly,0xaf9f549774ecedbd0966c52f250acc548d3f36e5,0x69a1913d334b524ea1632461c78797c837ca9fa6,RFuel,semi_synthetic_split,1,8.161394667316765,8.161394667316765,
eth_flow_0x63777fbdff99__r7fam09__inst00__synth_split_src,bnb_flow_0xa4567893b034__synth_split_b,65.29115733853412,8.161394667316765,277,one_to_many,0.95,supervised_flow_pair,ETH,BNB,Poly,0xaf9f549774ecedbd0966c52f250acc548d3f36e5,0x69a1913d334b524ea1632461c78797c837ca9fa6,RFuel,semi_synthetic_split,1,8.161394667316765,8.161394667316765,
eth_flow_0x63777fbdff99__r7fam09__inst00__synth_split_src,bnb_flow_0xa4567893b034__synth_split_c,65.29115733853412,8.161394667316765,277,one_to_many,0.95,supervised_flow_pair,ETH,BNB,Poly,0xaf9f549774ecedbd0966c52f250acc548d3f36e5,0x69a1913d334b524ea1632461c78797c837ca9fa6,RFuel,semi_synthetic_split,1,8.161394667316765,8.161394667316765,
eth_flow_0x63777fbdff99__r7fam09__inst00__synth_split_src,bnb_flow_0xa4567893b034__synth_split_d,65.29115733853412,8.161394667316765,277,one_to_many,0.95,supervised_flow_pair,ETH,BNB,Poly,0xaf9f549774ecedbd0966c52f250acc548d3f36e5,0x69a1913d334b524ea1632461c78797c837ca9fa6,RFuel,semi_synthetic_split,1,8.161394667316765,8.161394667316765,
eth_flow_0x63777fbdff99__r7fam09__inst00__synth_split_src,bnb_flow_0xa4567893b034__synth_split_e,65.29115733853412,8.161394667316765,277,one_to_many,0.95,supervised_flow_pair,ETH,BNB,Poly,0xaf9f549774ecedbd0966c52f250acc548d3f36e5,0x69a1913d334b524ea1632461c78797c837ca9fa6,RFuel,semi_synthetic_split,1,8.161394667316765,8.161394667316765,
eth_flow_0x63777fbdff99__r7fam09__inst00__synth_split_src,bnb_flow_0xa4567893b034__synth_split_f,65.29115733853412,8.161394667316765,277,one_to_many,0.95,supervised_flow_pair,ETH,BNB,Poly,0xaf9f549774ecedbd0966c52f250acc548d3f36e5,0x69a1913d334b524ea1632461c78797c837ca9fa6,RFuel,semi_synthetic_split,1,8.161394667316765,8.161394667316765,
eth_flow_0x63777fbdff99__r7fam09__inst00__synth_split_src,bnb_flow_0xa4567893b034__synth_split_g,65.29115733853412,8.161394667316765,277,one_to_many,0.95,supervised_flow_pair,ETH,BNB,Poly,0xaf9f549774ecedbd0966c52f250acc548d3f36e5,0x69a1913d334b524ea1632461c78797c837ca9fa6,RFuel,semi_synthetic_split,1,8.161394667316765,8.161394667316765,
eth_flow_0x63777fbdff99__r7fam09__inst00__synth_split_src,bnb_flow_0xa4567893b034__synth_split_h,65.29115733853412,8.161394667316765,277,one_to_many,0.95,supervised_flow_pair,ETH,BNB,Poly,0xaf9f549774ecedbd0966c52f250acc548d3f36e5,0x69a1913d334b524ea1632461c78797c837ca9fa6,RFuel,semi_synthetic_split,1,8.161394667316765,8.161394667316765,
eth_flow_0x63777fbdff99__r7fam09__inst00__synth_merge_src1,bnb_flow_0xa4567893b034__synth_merge_dst,32.64557866926706,65.29115733853412,277,many_to_one,1.0,supervised_flow_pair,ETH,BNB,Poly,0xaf9f549774ecedbd0966c52f250acc548d3f36e5,0x69a1913d334b524ea1632461c78797c837ca9fa6,RFuel,semi_synthetic_merge,,32.64557866926706,32.64557866926706,
eth_flow_0x63777fbdff99__r7fam09__inst00__synth_merge_src2,bnb_flow_0xa4567893b034__synth_merge_dst,32.64557866926706,65.29115733853412,277,many_to_one,1.0,supervised_flow_pair,ETH,BNB,Poly,0xaf9f549774ecedbd0966c52f250acc548d3f36e5,0x69a1913d334b524ea1632461c78797c837ca9fa6,RFuel,semi_synthetic_merge,,32.64557866926706,32.64557866926706,
eth_flow_0x63777fbdff99__r7fam09__inst00__synth_unmatched_src,bnb_flow_0xa4567893b034__synth_hidden_dst,65.29115733853412,0,277,one_to_one,0.2,supervised_flow_pair,ETH,BNB,Poly,0xaf9f549774ecedbd0966c52f250acc548d3f36e5,0x69a1913d334b524ea1632461c78797c837ca9fa6,RFuel,semi_synthetic_unmatched,,,0,0
eth_flow_0x63777fbdff99__r7fam09__inst00__synth_noise_src_0,bnb_flow_0xa4567893b034__synth_noise_dst_0,65.29115733853412,65.29115733853412,337,one_to_one,0.2249,supervised_flow_pair,ETH,BNB,Poly,0xaf9f549774ecedbd0966c52f250acc548d3f36e5,0x69a1913d334b524ea1632461c78797c837ca9fa6,RFuel,semi_synthetic_delay_noise,,,,
eth_flow_0x63777fbdff99__r7fam09__inst00__synth_noise_src_1,bnb_flow_0xa4567893b034__synth_noise_dst_1,65.29115733853412,65.29115733853412,397,one_to_one,0.2359,supervised_flow_pair,ETH,BNB,Poly,0xaf9f549774ecedbd0966c52f250acc548d3f36e5,0x69a1913d334b524ea1632461c78797c837ca9fa6,RFuel,semi_synthetic_delay_noise,,,,
eth_flow_0x2480deb6e4d9__r7fam09__inst01__synth_split_src,bnb_flow_0x650399108ed1__synth_split_a,32.9422712577734,16.4711356288867,279,one_to_many,0.95,supervised_flow_pair,ETH,BNB,Poly,0x001a8ffcb0f03e99141652ebcdecdb0384e3bd6c,0xc49dde62b4a0810074721faca54aab52369f486a,PKR,semi_synthetic_split,1,16.4711356288867,16.4711356288867,
eth_flow_0x2480deb6e4d9__r7fam09__inst01__synth_split_src,bnb_flow_0x650399108ed1__synth_split_b,32.9422712577734,16.4711356288867,279,one_to_many,0.95,supervised_flow_pair,ETH,BNB,Poly,0x001a8ffcb0f03e99141652ebcdecdb0384e3bd6c,0xc49dde62b4a0810074721faca54aab52369f486a,PKR,semi_synthetic_split,1,16.4711356288867,16.4711356288867,
eth_flow_0x2480deb6e4d9__r7fam09__inst01__synth_merge_src1,bnb_flow_0x650399108ed1__synth_merge_dst,16.4711356288867,32.9422712577734,279,many_to_one,1.0,supervised_flow_pair,ETH,BNB,Poly,0x001a8ffcb0f03e99141652ebcdecdb0384e3bd6c,0xc49dde62b4a0810074721faca54aab52369f486a,PKR,semi_synthetic_merge,,16.4711356288867,16.4711356288867,
eth_flow_0x2480deb6e4d9__r7fam09__inst01__synth_merge_src2,bnb_flow_0x650399108ed1__synth_merge_dst,16.4711356288867,32.9422712577734,279,many_to_one,1.0,supervised_flow_pair,ETH,BNB,Poly,0x001a8ffcb0f03e99141652ebcdecdb0384e3bd6c,0xc49dde62b4a0810074721faca54aab52369f486a,PKR,semi_synthetic_merge,,16.4711356288867,16.4711356288867,
eth_flow_0x2480deb6e4d9__r7fam09__inst01__synth_unmatched_src,bnb_flow_0x650399108ed1__synth_hidden_dst,32.9422712577734,0,279,one_to_one,0.2,supervised_flow_pair,ETH,BNB,Poly,0x001a8ffcb0f03e99141652ebcdecdb0384e3bd6c,0xc49dde62b4a0810074721faca54aab52369f486a,PKR,semi_synthetic_unmatched,,,0,0
eth_flow_0x2480deb6e4d9__r7fam09__inst01__synth_noise_src_0,bnb_flow_0x650399108ed1__synth_noise_dst_0,32.9422712577734,32.9422712577734,339,one_to_one,0.2296,supervised_flow_pair,ETH,BNB,Poly,0x001a8ffcb0f03e99141652ebcdecdb0384e3bd6c,0xc49dde62b4a0810074721faca54aab52369f486a,PKR,semi_synthetic_delay_noise,,,,
eth_flow_0x2480deb6e4d9__r7fam09__inst01__synth_noise_src_1,bnb_flow_0x650399108ed1__synth_noise_dst_1,32.9422712577734,32.9422712577734,399,one_to_one,0.2468,supervised_flow_pair,ETH,BNB,Poly,0x001a8ffcb0f03e99141652ebcdecdb0384e3bd6c,0xc49dde62b4a0810074721faca54aab52369f486a,PKR,semi_synthetic_delay_noise,,,,
eth_flow_0x38a4c5d04702__r7fam10__inst00__synth_split_src,bnb_flow_0x8c41c2dd5f40__synth_split_a,26.053983728587585,13.026991864293793,865,one_to_many,0.95,supervised_flow_pair,ETH,BNB,Poly,0x4abb9cc67bd3da9eb966d1159a71a0e68bd15432,0x4e1b16ef22935a575a6811d4616f98c4077e4408,KEL,semi_synthetic_split,1,13.026991864293793,13.026991864293793,
eth_flow_0x38a4c5d04702__r7fam10__inst00__synth_split_src,bnb_flow_0x8c41c2dd5f40__synth_split_b,26.053983728587585,13.026991864293793,865,one_to_many,0.95,supervised_flow_pair,ETH,BNB,Poly,0x4abb9cc67bd3da9eb966d1159a71a0e68bd15432,0x4e1b16ef22935a575a6811d4616f98c4077e4408,KEL,semi_synthetic_split,1,13.026991864293793,13.026991864293793,
eth_flow_0x38a4c5d04702__r7fam10__inst00__synth_merge_src1,bnb_flow_0x8c41c2dd5f40__synth_merge_dst,13.026991864293793,26.053983728587585,865,many_to_one,1.0,supervised_flow_pair,ETH,BNB,Poly,0x4abb9cc67bd3da9eb966d1159a71a0e68bd15432,0x4e1b16ef22935a575a6811d4616f98c4077e4408,KEL,semi_synthetic_merge,,13.026991864293793,13.026991864293793,
eth_flow_0x38a4c5d04702__r7fam10__inst00__synth_merge_src2,bnb_flow_0x8c41c2dd5f40__synth_merge_dst,13.026991864293793,26.053983728587585,865,many_to_one,1.0,supervised_flow_pair,ETH,BNB,Poly,0x4abb9cc67bd3da9eb966d1159a71a0e68bd15432,0x4e1b16ef22935a575a6811d4616f98c4077e4408,KEL,semi_synthetic_merge,,13.026991864293793,13.026991864293793,
eth_flow_0x38a4c5d04702__r7fam10__inst00__synth_unmatched_src,bnb_flow_0x8c41c2dd5f40__synth_hidden_dst,26.053983728587585,0,865,one_to_one,0.2,supervised_flow_pair,ETH,BNB,Poly,0x4abb9cc67bd3da9eb966d1159a71a0e68bd15432,0x4e1b16ef22935a575a6811d4616f98c4077e4408,KEL,semi_synthetic_unmatched,,,0,0
eth_flow_0x38a4c5d04702__r7fam10__inst00__synth_noise_src_0,bnb_flow_0x8c41c2dd5f40__synth_noise_dst_0,26.053983728587585,26.053983728587585,925,one_to_one,0.2522,supervised_flow_pair,ETH,BNB,Poly,0x4abb9cc67bd3da9eb966d1159a71a0e68bd15432,0x4e1b16ef22935a575a6811d4616f98c4077e4408,KEL,semi_synthetic_delay_noise,,,,
eth_flow_0x38a4c5d04702__r7fam10__inst00__synth_noise_src_1,bnb_flow_0x8c41c2dd5f40__synth_noise_dst_1,26.053983728587585,26.053983728587585,985,one_to_one,0.252,supervised_flow_pair,ETH,BNB,Poly,0x4abb9cc67bd3da9eb966d1159a71a0e68bd15432,0x4e1b16ef22935a575a6811d4616f98c4077e4408,KEL,semi_synthetic_delay_noise,,,,
eth_flow_0xb7791d944dbb__r7fam10__inst01__synth_split_src,bnb_flow_0x89a269965b5a__synth_split_a,78.3979789649735,39.19898948248675,882,one_to_many,0.95,supervised_flow_pair,ETH,BNB,Poly,0x4abb9cc67bd3da9eb966d1159a71a0e68bd15432,0x4e1b16ef22935a575a6811d4616f98c4077e4408,KEL,semi_synthetic_split,1,39.19898948248675,39.19898948248675,
eth_flow_0xb7791d944dbb__r7fam10__inst01__synth_split_src,bnb_flow_0x89a269965b5a__synth_split_b,78.3979789649735,39.19898948248675,882,one_to_many,0.95,supervised_flow_pair,ETH,BNB,Poly,0x4abb9cc67bd3da9eb966d1159a71a0e68bd15432,0x4e1b16ef22935a575a6811d4616f98c4077e4408,KEL,semi_synthetic_split,1,39.19898948248675,39.19898948248675,
eth_flow_0xb7791d944dbb__r7fam10__inst01__synth_merge_src1,bnb_flow_0x89a269965b5a__synth_merge_dst,39.19898948248675,78.3979789649735,882,many_to_one,1.0,supervised_flow_pair,ETH,BNB,Poly,0x4abb9cc67bd3da9eb966d1159a71a0e68bd15432,0x4e1b16ef22935a575a6811d4616f98c4077e4408,KEL,semi_synthetic_merge,,39.19898948248675,39.19898948248675,
eth_flow_0xb7791d944dbb__r7fam10__inst01__synth_merge_src2,bnb_flow_0x89a269965b5a__synth_merge_dst,39.19898948248675,78.3979789649735,882,many_to_one,1.0,supervised_flow_pair,ETH,BNB,Poly,0x4abb9cc67bd3da9eb966d1159a71a0e68bd15432,0x4e1b16ef22935a575a6811d4616f98c4077e4408,KEL,semi_synthetic_merge,,39.19898948248675,39.19898948248675,
eth_flow_0xb7791d944dbb__r7fam10__inst01__synth_unmatched_src,bnb_flow_0x89a269965b5a__synth_hidden_dst,78.3979789649735,0,882,one_to_one,0.2,supervised_flow_pair,ETH,BNB,Poly,0x4abb9cc67bd3da9eb966d1159a71a0e68bd15432,0x4e1b16ef22935a575a6811d4616f98c4077e4408,KEL,semi_synthetic_unmatched,,,0,0
eth_flow_0xb7791d944dbb__r7fam10__inst01__synth_noise_src_0,bnb_flow_0x89a269965b5a__synth_noise_dst_0,78.3979789649735,78.3979789649735,942,one_to_one,0.2322,supervised_flow_pair,ETH,BNB,Poly,0x4abb9cc67bd3da9eb966d1159a71a0e68bd15432,0x4e1b16ef22935a575a6811d4616f98c4077e4408,KEL,semi_synthetic_delay_noise,,,,
eth_flow_0xb7791d944dbb__r7fam10__inst01__synth_noise_src_1,bnb_flow_0x89a269965b5a__synth_noise_dst_1,78.3979789649735,78.3979789649735,1002,one_to_one,0.2484,supervised_flow_pair,ETH,BNB,Poly,0x4abb9cc67bd3da9eb966d1159a71a0e68bd15432,0x4e1b16ef22935a575a6811d4616f98c4077e4408,KEL,semi_synthetic_delay_noise,,,,
eth_flow_0x0b6e2e4f2964__r7fam11__inst00__synth_split_src,bnb_flow_0x77fb86d07631__synth_split_a,62.292351879819,20.764117293273,1105,one_to_many,0.95,supervised_flow_pair,ETH,BNB,Poly,0xaf9f549774ecedbd0966c52f250acc548d3f36e5,0x69a1913d334b524ea1632461c78797c837ca9fa6,RFuel,semi_synthetic_split,1,20.764117293273,20.764117293273,
eth_flow_0x0b6e2e4f2964__r7fam11__inst00__synth_split_src,bnb_flow_0x77fb86d07631__synth_split_b,62.292351879819,20.764117293273,1105,one_to_many,0.95,supervised_flow_pair,ETH,BNB,Poly,0xaf9f549774ecedbd0966c52f250acc548d3f36e5,0x69a1913d334b524ea1632461c78797c837ca9fa6,RFuel,semi_synthetic_split,1,20.764117293273,20.764117293273,
eth_flow_0x0b6e2e4f2964__r7fam11__inst00__synth_split_src,bnb_flow_0x77fb86d07631__synth_split_c,62.292351879819,20.764117293273,1105,one_to_many,0.95,supervised_flow_pair,ETH,BNB,Poly,0xaf9f549774ecedbd0966c52f250acc548d3f36e5,0x69a1913d334b524ea1632461c78797c837ca9fa6,RFuel,semi_synthetic_split,1,20.764117293273,20.764117293273,
eth_flow_0x0b6e2e4f2964__r7fam11__inst00__synth_merge_src1,bnb_flow_0x77fb86d07631__synth_merge_dst,31.1461759399095,62.292351879819,1105,many_to_one,1.0,supervised_flow_pair,ETH,BNB,Poly,0xaf9f549774ecedbd0966c52f250acc548d3f36e5,0x69a1913d334b524ea1632461c78797c837ca9fa6,RFuel,semi_synthetic_merge,,31.1461759399095,31.1461759399095,
eth_flow_0x0b6e2e4f2964__r7fam11__inst00__synth_merge_src2,bnb_flow_0x77fb86d07631__synth_merge_dst,31.1461759399095,62.292351879819,1105,many_to_one,1.0,supervised_flow_pair,ETH,BNB,Poly,0xaf9f549774ecedbd0966c52f250acc548d3f36e5,0x69a1913d334b524ea1632461c78797c837ca9fa6,RFuel,semi_synthetic_merge,,31.1461759399095,31.1461759399095,
eth_flow_0x0b6e2e4f2964__r7fam11__inst00__synth_unmatched_src,bnb_flow_0x77fb86d07631__synth_hidden_dst,62.292351879818995,0,1105,one_to_one,0.2,supervised_flow_pair,ETH,BNB,Poly,0xaf9f549774ecedbd0966c52f250acc548d3f36e5,0x69a1913d334b524ea1632461c78797c837ca9fa6,RFuel,semi_synthetic_unmatched,,,0,0
eth_flow_0x0b6e2e4f2964__r7fam11__inst00__synth_noise_src_0,bnb_flow_0x77fb86d07631__synth_noise_dst_0,62.292351879818995,62.292351879818995,1165,one_to_one,0.247,supervised_flow_pair,ETH,BNB,Poly,0xaf9f549774ecedbd0966c52f250acc548d3f36e5,0x69a1913d334b524ea1632461c78797c837ca9fa6,RFuel,semi_synthetic_delay_noise,,,,
eth_flow_0x0b6e2e4f2964__r7fam11__inst00__synth_noise_src_1,bnb_flow_0x77fb86d07631__synth_noise_dst_1,62.292351879818995,62.292351879818995,1225,one_to_one,0.2462,supervised_flow_pair,ETH,BNB,Poly,0xaf9f549774ecedbd0966c52f250acc548d3f36e5,0x69a1913d334b524ea1632461c78797c837ca9fa6,RFuel,semi_synthetic_delay_noise,,,,
eth_flow_0xf25dc3609073__r7fam11__inst01__synth_split_src,bnb_flow_0x068d4c86ee33__synth_split_a,6.428615071631176,1.2857230143262353,1187,one_to_many,0.95,supervised_flow_pair,ETH,BNB,Poly,0x001a8ffcb0f03e99141652ebcdecdb0384e3bd6c,0xc49dde62b4a0810074721faca54aab52369f486a,PKR,semi_synthetic_split,1,1.2857230143262353,1.2857230143262353,
eth_flow_0xf25dc3609073__r7fam11__inst01__synth_split_src,bnb_flow_0x068d4c86ee33__synth_split_b,6.428615071631176,1.2857230143262353,1187,one_to_many,0.95,supervised_flow_pair,ETH,BNB,Poly,0x001a8ffcb0f03e99141652ebcdecdb0384e3bd6c,0xc49dde62b4a0810074721faca54aab52369f486a,PKR,semi_synthetic_split,1,1.2857230143262353,1.2857230143262353,
eth_flow_0xf25dc3609073__r7fam11__inst01__synth_split_src,bnb_flow_0x068d4c86ee33__synth_split_c,6.428615071631176,1.2857230143262353,1187,one_to_many,0.95,supervised_flow_pair,ETH,BNB,Poly,0x001a8ffcb0f03e99141652ebcdecdb0384e3bd6c,0xc49dde62b4a0810074721faca54aab52369f486a,PKR,semi_synthetic_split,1,1.2857230143262353,1.2857230143262353,
eth_flow_0xf25dc3609073__r7fam11__inst01__synth_split_src,bnb_flow_0x068d4c86ee33__synth_split_d,6.428615071631176,1.2857230143262353,1187,one_to_many,0.95,supervised_flow_pair,ETH,BNB,Poly,0x001a8ffcb0f03e99141652ebcdecdb0384e3bd6c,0xc49dde62b4a0810074721faca54aab52369f486a,PKR,semi_synthetic_split,1,1.2857230143262353,1.2857230143262353,
eth_flow_0xf25dc3609073__r7fam11__inst01__synth_split_src,bnb_flow_0x068d4c86ee33__synth_split_e,6.428615071631176,1.2857230143262353,1187,one_to_many,0.95,supervised_flow_pair,ETH,BNB,Poly,0x001a8ffcb0f03e99141652ebcdecdb0384e3bd6c,0xc49dde62b4a0810074721faca54aab52369f486a,PKR,semi_synthetic_split,1,1.2857230143262353,1.2857230143262353,
eth_flow_0xf25dc3609073__r7fam11__inst01__synth_merge_src1,bnb_flow_0x068d4c86ee33__synth_merge_dst,3.214307535815588,6.428615071631176,1187,many_to_one,1.0,supervised_flow_pair,ETH,BNB,Poly,0x001a8ffcb0f03e99141652ebcdecdb0384e3bd6c,0xc49dde62b4a0810074721faca54aab52369f486a,PKR,semi_synthetic_merge,,3.214307535815588,3.214307535815588,
eth_flow_0xf25dc3609073__r7fam11__inst01__synth_merge_src2,bnb_flow_0x068d4c86ee33__synth_merge_dst,3.214307535815588,6.428615071631176,1187,many_to_one,1.0,supervised_flow_pair,ETH,BNB,Poly,0x001a8ffcb0f03e99141652ebcdecdb0384e3bd6c,0xc49dde62b4a0810074721faca54aab52369f486a,PKR,semi_synthetic_merge,,3.214307535815588,3.214307535815588,
eth_flow_0xf25dc3609073__r7fam11__inst01__synth_unmatched_src,bnb_flow_0x068d4c86ee33__synth_hidden_dst,6.428615071631176,0,1187,one_to_one,0.2,supervised_flow_pair,ETH,BNB,Poly,0x001a8ffcb0f03e99141652ebcdecdb0384e3bd6c,0xc49dde62b4a0810074721faca54aab52369f486a,PKR,semi_synthetic_unmatched,,,0,0
eth_flow_0xf25dc3609073__r7fam11__inst01__synth_noise_src_0,bnb_flow_0x068d4c86ee33__synth_noise_dst_0,6.428615071631176,6.428615071631176,1247,one_to_one,0.2467,supervised_flow_pair,ETH,BNB,Poly,0x001a8ffcb0f03e99141652ebcdecdb0384e3bd6c,0xc49dde62b4a0810074721faca54aab52369f486a,PKR,semi_synthetic_delay_noise,,,,
eth_flow_0xf25dc3609073__r7fam11__inst01__synth_noise_src_1,bnb_flow_0x068d4c86ee33__synth_noise_dst_1,6.428615071631176,6.428615071631176,1307,one_to_one,0.2245,supervised_flow_pair,ETH,BNB,Poly,0x001a8ffcb0f03e99141652ebcdecdb0384e3bd6c,0xc49dde62b4a0810074721faca54aab52369f486a,PKR,semi_synthetic_delay_noise,,,,
eth_flow_0x0cf199873fe6__r7fam12__inst00__synth_split_src,bnb_flow_0x805ca482b8df__synth_split_a,183.5794960421631,91.78974802108155,193,one_to_many,0.95,supervised_flow_pair,ETH,BNB,Poly,0x9e32b13ce7f2e80a01932b42553652e053d6ed8e,0xe552fb52a4f19e44ef5a967632dbc320b0820639,Metis,semi_synthetic_split,1,91.78974802108155,91.78974802108155,
eth_flow_0x0cf199873fe6__r7fam12__inst00__synth_split_src,bnb_flow_0x805ca482b8df__synth_split_b,183.5794960421631,91.78974802108155,193,one_to_many,0.95,supervised_flow_pair,ETH,BNB,Poly,0x9e32b13ce7f2e80a01932b42553652e053d6ed8e,0xe552fb52a4f19e44ef5a967632dbc320b0820639,Metis,semi_synthetic_split,1,91.78974802108155,91.78974802108155,
eth_flow_0x0cf199873fe6__r7fam12__inst00__synth_merge_src1,bnb_flow_0x805ca482b8df__synth_merge_dst,91.78974802108155,183.5794960421631,193,many_to_one,1.0,supervised_flow_pair,ETH,BNB,Poly,0x9e32b13ce7f2e80a01932b42553652e053d6ed8e,0xe552fb52a4f19e44ef5a967632dbc320b0820639,Metis,semi_synthetic_merge,,91.78974802108155,91.78974802108155,
eth_flow_0x0cf199873fe6__r7fam12__inst00__synth_merge_src2,bnb_flow_0x805ca482b8df__synth_merge_dst,91.78974802108155,183.5794960421631,193,many_to_one,1.0,supervised_flow_pair,ETH,BNB,Poly,0x9e32b13ce7f2e80a01932b42553652e053d6ed8e,0xe552fb52a4f19e44ef5a967632dbc320b0820639,Metis,semi_synthetic_merge,,91.78974802108155,91.78974802108155,
eth_flow_0x0cf199873fe6__r7fam12__inst00__synth_unmatched_src,bnb_flow_0x805ca482b8df__synth_hidden_dst,183.5794960421631,0,193,one_to_one,0.2,supervised_flow_pair,ETH,BNB,Poly,0x9e32b13ce7f2e80a01932b42553652e053d6ed8e,0xe552fb52a4f19e44ef5a967632dbc320b0820639,Metis,semi_synthetic_unmatched,,,0,0
eth_flow_0x0cf199873fe6__r7fam12__inst00__synth_noise_src_0,bnb_flow_0x805ca482b8df__synth_noise_dst_0,183.5794960421631,183.5794960421631,253,one_to_one,0.2522,supervised_flow_pair,ETH,BNB,Poly,0x9e32b13ce7f2e80a01932b42553652e053d6ed8e,0xe552fb52a4f19e44ef5a967632dbc320b0820639,Metis,semi_synthetic_delay_noise,,,,
eth_flow_0x0cf199873fe6__r7fam12__inst00__synth_noise_src_1,bnb_flow_0x805ca482b8df__synth_noise_dst_1,183.5794960421631,183.5794960421631,313,one_to_one,0.2229,supervised_flow_pair,ETH,BNB,Poly,0x9e32b13ce7f2e80a01932b42553652e053d6ed8e,0xe552fb52a4f19e44ef5a967632dbc320b0820639,Metis,semi_synthetic_delay_noise,,,,
eth_flow_0x457ad4948dbd__r7fam12__inst01__synth_split_src,bnb_flow_0xa36de497c2b8__synth_split_a,216.1391191562176,36.02318652603626,173,one_to_many,0.95,supervised_flow_pair,ETH,BNB,Poly,0x9e32b13ce7f2e80a01932b42553652e053d6ed8e,0xe552fb52a4f19e44ef5a967632dbc320b0820639,Metis,semi_synthetic_split,1,36.02318652603626,36.02318652603626,
eth_flow_0x457ad4948dbd__r7fam12__inst01__synth_split_src,bnb_flow_0xa36de497c2b8__synth_split_b,216.1391191562176,36.02318652603626,173,one_to_many,0.95,supervised_flow_pair,ETH,BNB,Poly,0x9e32b13ce7f2e80a01932b42553652e053d6ed8e,0xe552fb52a4f19e44ef5a967632dbc320b0820639,Metis,semi_synthetic_split,1,36.02318652603626,36.02318652603626,
eth_flow_0x457ad4948dbd__r7fam12__inst01__synth_split_src,bnb_flow_0xa36de497c2b8__synth_split_c,216.1391191562176,36.02318652603626,173,one_to_many,0.95,supervised_flow_pair,ETH,BNB,Poly,0x9e32b13ce7f2e80a01932b42553652e053d6ed8e,0xe552fb52a4f19e44ef5a967632dbc320b0820639,Metis,semi_synthetic_split,1,36.02318652603626,36.02318652603626,
eth_flow_0x457ad4948dbd__r7fam12__inst01__synth_split_src,bnb_flow_0xa36de497c2b8__synth_split_d,216.1391191562176,36.02318652603626,173,one_to_many,0.95,supervised_flow_pair,ETH,BNB,Poly,0x9e32b13ce7f2e80a01932b42553652e053d6ed8e,0xe552fb52a4f19e44ef5a967632dbc320b0820639,Metis,semi_synthetic_split,1,36.02318652603626,36.02318652603626,
eth_flow_0x457ad4948dbd__r7fam12__inst01__synth_split_src,bnb_flow_0xa36de497c2b8__synth_split_e,216.1391191562176,36.02318652603626,173,one_to_many,0.95,supervised_flow_pair,ETH,BNB,Poly,0x9e32b13ce7f2e80a01932b42553652e053d6ed8e,0xe552fb52a4f19e44ef5a967632dbc320b0820639,Metis,semi_synthetic_split,1,36.02318652603626,36.02318652603626,
eth_flow_0x457ad4948dbd__r7fam12__inst01__synth_split_src,bnb_flow_0xa36de497c2b8__synth_split_f,216.1391191562176,36.02318652603626,173,one_to_many,0.95,supervised_flow_pair,ETH,BNB,Poly,0x9e32b13ce7f2e80a01932b42553652e053d6ed8e,0xe552fb52a4f19e44ef5a967632dbc320b0820639,Metis,semi_synthetic_split,1,36.02318652603626,36.02318652603626,
eth_flow_0x457ad4948dbd__r7fam12__inst01__synth_merge_src1,bnb_flow_0xa36de497c2b8__synth_merge_dst,108.0695595781088,216.1391191562176,173,many_to_one,1.0,supervised_flow_pair,ETH,BNB,Poly,0x9e32b13ce7f2e80a01932b42553652e053d6ed8e,0xe552fb52a4f19e44ef5a967632dbc320b0820639,Metis,semi_synthetic_merge,,108.0695595781088,108.0695595781088,
eth_flow_0x457ad4948dbd__r7fam12__inst01__synth_merge_src2,bnb_flow_0xa36de497c2b8__synth_merge_dst,108.0695595781088,216.1391191562176,173,many_to_one,1.0,supervised_flow_pair,ETH,BNB,Poly,0x9e32b13ce7f2e80a01932b42553652e053d6ed8e,0xe552fb52a4f19e44ef5a967632dbc320b0820639,Metis,semi_synthetic_merge,,108.0695595781088,108.0695595781088,
eth_flow_0x457ad4948dbd__r7fam12__inst01__synth_unmatched_src,bnb_flow_0xa36de497c2b8__synth_hidden_dst,216.13911915621762,0,173,one_to_one,0.2,supervised_flow_pair,ETH,BNB,Poly,0x9e32b13ce7f2e80a01932b42553652e053d6ed8e,0xe552fb52a4f19e44ef5a967632dbc320b0820639,Metis,semi_synthetic_unmatched,,,0,0
eth_flow_0x457ad4948dbd__r7fam12__inst01__synth_noise_src_0,bnb_flow_0xa36de497c2b8__synth_noise_dst_0,216.13911915621762,216.13911915621762,233,one_to_one,0.2279,supervised_flow_pair,ETH,BNB,Poly,0x9e32b13ce7f2e80a01932b42553652e053d6ed8e,0xe552fb52a4f19e44ef5a967632dbc320b0820639,Metis,semi_synthetic_delay_noise,,,,
eth_flow_0x457ad4948dbd__r7fam12__inst01__synth_noise_src_1,bnb_flow_0xa36de497c2b8__synth_noise_dst_1,216.13911915621762,216.13911915621762,293,one_to_one,0.2446,supervised_flow_pair,ETH,BNB,Poly,0x9e32b13ce7f2e80a01932b42553652e053d6ed8e,0xe552fb52a4f19e44ef5a967632dbc320b0820639,Metis,semi_synthetic_delay_noise,,,,
eth_flow_0x51fffec69051__r7fam13__inst00__synth_split_src,bnb_flow_0x61b65ac89c67__synth_split_a,348.8931506191172,174.4465753095586,224,one_to_many,0.95,supervised_flow_pair,ETH,BNB,Poly,0x9e32b13ce7f2e80a01932b42553652e053d6ed8e,0xe552fb52a4f19e44ef5a967632dbc320b0820639,Metis,semi_synthetic_split,1,174.4465753095586,174.4465753095586,
eth_flow_0x51fffec69051__r7fam13__inst00__synth_split_src,bnb_flow_0x61b65ac89c67__synth_split_b,348.8931506191172,174.4465753095586,224,one_to_many,0.95,supervised_flow_pair,ETH,BNB,Poly,0x9e32b13ce7f2e80a01932b42553652e053d6ed8e,0xe552fb52a4f19e44ef5a967632dbc320b0820639,Metis,semi_synthetic_split,1,174.4465753095586,174.4465753095586,
eth_flow_0x51fffec69051__r7fam13__inst00__synth_merge_src1,bnb_flow_0x61b65ac89c67__synth_merge_dst,174.4465753095586,348.8931506191172,224,many_to_one,1.0,supervised_flow_pair,ETH,BNB,Poly,0x9e32b13ce7f2e80a01932b42553652e053d6ed8e,0xe552fb52a4f19e44ef5a967632dbc320b0820639,Metis,semi_synthetic_merge,,174.4465753095586,174.4465753095586,
eth_flow_0x51fffec69051__r7fam13__inst00__synth_merge_src2,bnb_flow_0x61b65ac89c67__synth_merge_dst,174.4465753095586,348.8931506191172,224,many_to_one,1.0,supervised_flow_pair,ETH,BNB,Poly,0x9e32b13ce7f2e80a01932b42553652e053d6ed8e,0xe552fb52a4f19e44ef5a967632dbc320b0820639,Metis,semi_synthetic_merge,,174.4465753095586,174.4465753095586,
eth_flow_0x51fffec69051__r7fam13__inst00__synth_unmatched_src,bnb_flow_0x61b65ac89c67__synth_hidden_dst,348.8931506191172,0,224,one_to_one,0.2,supervised_flow_pair,ETH,BNB,Poly,0x9e32b13ce7f2e80a01932b42553652e053d6ed8e,0xe552fb52a4f19e44ef5a967632dbc320b0820639,Metis,semi_synthetic_unmatched,,,0,0
eth_flow_0x51fffec69051__r7fam13__inst00__synth_noise_src_0,bnb_flow_0x61b65ac89c67__synth_noise_dst_0,348.8931506191172,348.8931506191172,284,one_to_one,0.2558,supervised_flow_pair,ETH,BNB,Poly,0x9e32b13ce7f2e80a01932b42553652e053d6ed8e,0xe552fb52a4f19e44ef5a967632dbc320b0820639,Metis,semi_synthetic_delay_noise,,,,
eth_flow_0x51fffec69051__r7fam13__inst00__synth_noise_src_1,bnb_flow_0x61b65ac89c67__synth_noise_dst_1,348.8931506191172,348.8931506191172,344,one_to_one,0.2297,supervised_flow_pair,ETH,BNB,Poly,0x9e32b13ce7f2e80a01932b42553652e053d6ed8e,0xe552fb52a4f19e44ef5a967632dbc320b0820639,Metis,semi_synthetic_delay_noise,,,,
eth_flow_0x6b1a4a7aae94__r7fam13__inst01__synth_split_src,bnb_flow_0xa5c0d73080e3__synth_split_a,218.36056903010575,109.18028451505288,204,one_to_many,0.95,supervised_flow_pair,ETH,BNB,Poly,0x9e32b13ce7f2e80a01932b42553652e053d6ed8e,0xe552fb52a4f19e44ef5a967632dbc320b0820639,Metis,semi_synthetic_split,1,109.18028451505288,109.18028451505288,
eth_flow_0x6b1a4a7aae94__r7fam13__inst01__synth_split_src,bnb_flow_0xa5c0d73080e3__synth_split_b,218.36056903010575,109.18028451505288,204,one_to_many,0.95,supervised_flow_pair,ETH,BNB,Poly,0x9e32b13ce7f2e80a01932b42553652e053d6ed8e,0xe552fb52a4f19e44ef5a967632dbc320b0820639,Metis,semi_synthetic_split,1,109.18028451505288,109.18028451505288,
eth_flow_0x6b1a4a7aae94__r7fam13__inst01__synth_merge_src1,bnb_flow_0xa5c0d73080e3__synth_merge_dst,109.18028451505288,218.36056903010575,204,many_to_one,1.0,supervised_flow_pair,ETH,BNB,Poly,0x9e32b13ce7f2e80a01932b42553652e053d6ed8e,0xe552fb52a4f19e44ef5a967632dbc320b0820639,Metis,semi_synthetic_merge,,109.18028451505288,109.18028451505288,
eth_flow_0x6b1a4a7aae94__r7fam13__inst01__synth_merge_src2,bnb_flow_0xa5c0d73080e3__synth_merge_dst,109.18028451505288,218.36056903010575,204,many_to_one,1.0,supervised_flow_pair,ETH,BNB,Poly,0x9e32b13ce7f2e80a01932b42553652e053d6ed8e,0xe552fb52a4f19e44ef5a967632dbc320b0820639,Metis,semi_synthetic_merge,,109.18028451505288,109.18028451505288,
eth_flow_0x6b1a4a7aae94__r7fam13__inst01__synth_unmatched_src,bnb_flow_0xa5c0d73080e3__synth_hidden_dst,218.36056903010578,0,204,one_to_one,0.2,supervised_flow_pair,ETH,BNB,Poly,0x9e32b13ce7f2e80a01932b42553652e053d6ed8e,0xe552fb52a4f19e44ef5a967632dbc320b0820639,Metis,semi_synthetic_unmatched,,,0,0
eth_flow_0x6b1a4a7aae94__r7fam13__inst01__synth_noise_src_0,bnb_flow_0xa5c0d73080e3__synth_noise_dst_0,218.36056903010578,218.36056903010578,264,one_to_one,0.2467,supervised_flow_pair,ETH,BNB,Poly,0x9e32b13ce7f2e80a01932b42553652e053d6ed8e,0xe552fb52a4f19e44ef5a967632dbc320b0820639,Metis,semi_synthetic_delay_noise,,,,
eth_flow_0x6b1a4a7aae94__r7fam13__inst01__synth_noise_src_1,bnb_flow_0xa5c0d73080e3__synth_noise_dst_1,218.36056903010578,218.36056903010578,324,one_to_one,0.236,supervised_flow_pair,ETH,BNB,Poly,0x9e32b13ce7f2e80a01932b42553652e053d6ed8e,0xe552fb52a4f19e44ef5a967632dbc320b0820639,Metis,semi_synthetic_delay_noise,,,,
eth_flow_0x20a73f352770__r7fam14__inst00__synth_split_src,bnb_flow_0xcc0ff5d8bc11__synth_split_a,122.1527107437026,61.0763553718513,254,one_to_many,0.95,supervised_flow_pair,ETH,BNB,Poly,0x9e32b13ce7f2e80a01932b42553652e053d6ed8e,0xe552fb52a4f19e44ef5a967632dbc320b0820639,Metis,semi_synthetic_split,1,61.0763553718513,61.0763553718513,
eth_flow_0x20a73f352770__r7fam14__inst00__synth_split_src,bnb_flow_0xcc0ff5d8bc11__synth_split_b,122.1527107437026,61.0763553718513,254,one_to_many,0.95,supervised_flow_pair,ETH,BNB,Poly,0x9e32b13ce7f2e80a01932b42553652e053d6ed8e,0xe552fb52a4f19e44ef5a967632dbc320b0820639,Metis,semi_synthetic_split,1,61.0763553718513,61.0763553718513,
eth_flow_0x20a73f352770__r7fam14__inst00__synth_merge_src1,bnb_flow_0xcc0ff5d8bc11__synth_merge_dst,61.0763553718513,122.1527107437026,254,many_to_one,1.0,supervised_flow_pair,ETH,BNB,Poly,0x9e32b13ce7f2e80a01932b42553652e053d6ed8e,0xe552fb52a4f19e44ef5a967632dbc320b0820639,Metis,semi_synthetic_merge,,61.0763553718513,61.0763553718513,
eth_flow_0x20a73f352770__r7fam14__inst00__synth_merge_src2,bnb_flow_0xcc0ff5d8bc11__synth_merge_dst,61.0763553718513,122.1527107437026,254,many_to_one,1.0,supervised_flow_pair,ETH,BNB,Poly,0x9e32b13ce7f2e80a01932b42553652e053d6ed8e,0xe552fb52a4f19e44ef5a967632dbc320b0820639,Metis,semi_synthetic_merge,,61.0763553718513,61.0763553718513,
eth_flow_0x20a73f352770__r7fam14__inst00__synth_unmatched_src,bnb_flow_0xcc0ff5d8bc11__synth_hidden_dst,122.1527107437026,0,254,one_to_one,0.2,supervised_flow_pair,ETH,BNB,Poly,0x9e32b13ce7f2e80a01932b42553652e053d6ed8e,0xe552fb52a4f19e44ef5a967632dbc320b0820639,Metis,semi_synthetic_unmatched,,,0,0
eth_flow_0x20a73f352770__r7fam14__inst00__synth_noise_src_0,bnb_flow_0xcc0ff5d8bc11__synth_noise_dst_0,122.1527107437026,122.1527107437026,314,one_to_one,0.2248,supervised_flow_pair,ETH,BNB,Poly,0x9e32b13ce7f2e80a01932b42553652e053d6ed8e,0xe552fb52a4f19e44ef5a967632dbc320b0820639,Metis,semi_synthetic_delay_noise,,,,
eth_flow_0x20a73f352770__r7fam14__inst00__synth_noise_src_1,bnb_flow_0xcc0ff5d8bc11__synth_noise_dst_1,122.1527107437026,122.1527107437026,374,one_to_one,0.2225,supervised_flow_pair,ETH,BNB,Poly,0x9e32b13ce7f2e80a01932b42553652e053d6ed8e,0xe552fb52a4f19e44ef5a967632dbc320b0820639,Metis,semi_synthetic_delay_noise,,,,
eth_flow_0x50f758912339__r7fam14__inst01__synth_split_src,bnb_flow_0x3d44d21c16a4__synth_split_a,169.40029864658166,33.88005972931633,265,one_to_many,0.95,supervised_flow_pair,ETH,BNB,Poly,0xaf9f549774ecedbd0966c52f250acc548d3f36e5,0x69a1913d334b524ea1632461c78797c837ca9fa6,RFuel,semi_synthetic_split,1,33.88005972931633,33.88005972931633,
eth_flow_0x50f758912339__r7fam14__inst01__synth_split_src,bnb_flow_0x3d44d21c16a4__synth_split_b,169.40029864658166,33.88005972931633,265,one_to_many,0.95,supervised_flow_pair,ETH,BNB,Poly,0xaf9f549774ecedbd0966c52f250acc548d3f36e5,0x69a1913d334b524ea1632461c78797c837ca9fa6,RFuel,semi_synthetic_split,1,33.88005972931633,33.88005972931633,
eth_flow_0x50f758912339__r7fam14__inst01__synth_split_src,bnb_flow_0x3d44d21c16a4__synth_split_c,169.40029864658166,33.88005972931633,265,one_to_many,0.95,supervised_flow_pair,ETH,BNB,Poly,0xaf9f549774ecedbd0966c52f250acc548d3f36e5,0x69a1913d334b524ea1632461c78797c837ca9fa6,RFuel,semi_synthetic_split,1,33.88005972931633,33.88005972931633,
eth_flow_0x50f758912339__r7fam14__inst01__synth_split_src,bnb_flow_0x3d44d21c16a4__synth_split_d,169.40029864658166,33.88005972931633,265,one_to_many,0.95,supervised_flow_pair,ETH,BNB,Poly,0xaf9f549774ecedbd0966c52f250acc548d3f36e5,0x69a1913d334b524ea1632461c78797c837ca9fa6,RFuel,semi_synthetic_split,1,33.88005972931633,33.88005972931633,
eth_flow_0x50f758912339__r7fam14__inst01__synth_split_src,bnb_flow_0x3d44d21c16a4__synth_split_e,169.40029864658166,33.88005972931633,265,one_to_many,0.95,supervised_flow_pair,ETH,BNB,Poly,0xaf9f549774ecedbd0966c52f250acc548d3f36e5,0x69a1913d334b524ea1632461c78797c837ca9fa6,RFuel,semi_synthetic_split,1,33.88005972931633,33.88005972931633,
eth_flow_0x50f758912339__r7fam14__inst01__synth_merge_src1,bnb_flow_0x3d44d21c16a4__synth_merge_dst,84.70014932329083,169.40029864658166,265,many_to_one,1.0,supervised_flow_pair,ETH,BNB,Poly,0xaf9f549774ecedbd0966c52f250acc548d3f36e5,0x69a1913d334b524ea1632461c78797c837ca9fa6,RFuel,semi_synthetic_merge,,84.70014932329083,84.70014932329083,
eth_flow_0x50f758912339__r7fam14__inst01__synth_merge_src2,bnb_flow_0x3d44d21c16a4__synth_merge_dst,84.70014932329083,169.40029864658166,265,many_to_one,1.0,supervised_flow_pair,ETH,BNB,Poly,0xaf9f549774ecedbd0966c52f250acc548d3f36e5,0x69a1913d334b524ea1632461c78797c837ca9fa6,RFuel,semi_synthetic_merge,,84.70014932329083,84.70014932329083,
eth_flow_0x50f758912339__r7fam14__inst01__synth_unmatched_src,bnb_flow_0x3d44d21c16a4__synth_hidden_dst,169.40029864658166,0,265,one_to_one,0.2,supervised_flow_pair,ETH,BNB,Poly,0xaf9f549774ecedbd0966c52f250acc548d3f36e5,0x69a1913d334b524ea1632461c78797c837ca9fa6,RFuel,semi_synthetic_unmatched,,,0,0
eth_flow_0x50f758912339__r7fam14__inst01__synth_noise_src_0,bnb_flow_0x3d44d21c16a4__synth_noise_dst_0,169.40029864658166,169.40029864658166,325,one_to_one,0.2578,supervised_flow_pair,ETH,BNB,Poly,0xaf9f549774ecedbd0966c52f250acc548d3f36e5,0x69a1913d334b524ea1632461c78797c837ca9fa6,RFuel,semi_synthetic_delay_noise,,,,
eth_flow_0x50f758912339__r7fam14__inst01__synth_noise_src_1,bnb_flow_0x3d44d21c16a4__synth_noise_dst_1,169.40029864658166,169.40029864658166,385,one_to_one,0.2578,supervised_flow_pair,ETH,BNB,Poly,0xaf9f549774ecedbd0966c52f250acc548d3f36e5,0x69a1913d334b524ea1632461c78797c837ca9fa6,RFuel,semi_synthetic_delay_noise,,,,
eth_flow_0xb1a577f310f4__r7fam15__inst00__synth_split_src,bnb_flow_0xf763cc28a422__synth_split_a,203.6473575608985,101.82367878044926,282,one_to_many,0.95,supervised_flow_pair,ETH,BNB,Poly,0x9e32b13ce7f2e80a01932b42553652e053d6ed8e,0xe552fb52a4f19e44ef5a967632dbc320b0820639,Metis,semi_synthetic_split,1,101.82367878044926,101.82367878044926,
eth_flow_0xb1a577f310f4__r7fam15__inst00__synth_split_src,bnb_flow_0xf763cc28a422__synth_split_b,203.6473575608985,101.82367878044926,282,one_to_many,0.95,supervised_flow_pair,ETH,BNB,Poly,0x9e32b13ce7f2e80a01932b42553652e053d6ed8e,0xe552fb52a4f19e44ef5a967632dbc320b0820639,Metis,semi_synthetic_split,1,101.82367878044926,101.82367878044926,
eth_flow_0xb1a577f310f4__r7fam15__inst00__synth_merge_src1,bnb_flow_0xf763cc28a422__synth_merge_dst,101.82367878044926,203.6473575608985,282,many_to_one,1.0,supervised_flow_pair,ETH,BNB,Poly,0x9e32b13ce7f2e80a01932b42553652e053d6ed8e,0xe552fb52a4f19e44ef5a967632dbc320b0820639,Metis,semi_synthetic_merge,,101.82367878044926,101.82367878044926,
eth_flow_0xb1a577f310f4__r7fam15__inst00__synth_merge_src2,bnb_flow_0xf763cc28a422__synth_merge_dst,101.82367878044926,203.6473575608985,282,many_to_one,1.0,supervised_flow_pair,ETH,BNB,Poly,0x9e32b13ce7f2e80a01932b42553652e053d6ed8e,0xe552fb52a4f19e44ef5a967632dbc320b0820639,Metis,semi_synthetic_merge,,101.82367878044926,101.82367878044926,
eth_flow_0xb1a577f310f4__r7fam15__inst00__synth_unmatched_src,bnb_flow_0xf763cc28a422__synth_hidden_dst,203.6473575608985,0,282,one_to_one,0.2,supervised_flow_pair,ETH,BNB,Poly,0x9e32b13ce7f2e80a01932b42553652e053d6ed8e,0xe552fb52a4f19e44ef5a967632dbc320b0820639,Metis,semi_synthetic_unmatched,,,0,0
eth_flow_0xb1a577f310f4__r7fam15__inst00__synth_noise_src_0,bnb_flow_0xf763cc28a422__synth_noise_dst_0,203.6473575608985,203.6473575608985,342,one_to_one,0.2326,supervised_flow_pair,ETH,BNB,Poly,0x9e32b13ce7f2e80a01932b42553652e053d6ed8e,0xe552fb52a4f19e44ef5a967632dbc320b0820639,Metis,semi_synthetic_delay_noise,,,,
eth_flow_0xb1a577f310f4__r7fam15__inst00__synth_noise_src_1,bnb_flow_0xf763cc28a422__synth_noise_dst_1,203.6473575608985,203.6473575608985,402,one_to_one,0.2206,supervised_flow_pair,ETH,BNB,Poly,0x9e32b13ce7f2e80a01932b42553652e053d6ed8e,0xe552fb52a4f19e44ef5a967632dbc320b0820639,Metis,semi_synthetic_delay_noise,,,,
eth_flow_0x599c0ff86f40__r7fam15__inst01__synth_split_src,bnb_flow_0x20dd303dbfae__synth_split_a,281.9539514966165,140.97697574830826,307,one_to_many,0.95,supervised_flow_pair,ETH,BNB,Poly,0x9e32b13ce7f2e80a01932b42553652e053d6ed8e,0xe552fb52a4f19e44ef5a967632dbc320b0820639,Metis,semi_synthetic_split,1,140.97697574830826,140.97697574830826,
eth_flow_0x599c0ff86f40__r7fam15__inst01__synth_split_src,bnb_flow_0x20dd303dbfae__synth_split_b,281.9539514966165,140.97697574830826,307,one_to_many,0.95,supervised_flow_pair,ETH,BNB,Poly,0x9e32b13ce7f2e80a01932b42553652e053d6ed8e,0xe552fb52a4f19e44ef5a967632dbc320b0820639,Metis,semi_synthetic_split,1,140.97697574830826,140.97697574830826,
eth_flow_0x599c0ff86f40__r7fam15__inst01__synth_merge_src1,bnb_flow_0x20dd303dbfae__synth_merge_dst,140.97697574830826,281.9539514966165,307,many_to_one,1.0,supervised_flow_pair,ETH,BNB,Poly,0x9e32b13ce7f2e80a01932b42553652e053d6ed8e,0xe552fb52a4f19e44ef5a967632dbc320b0820639,Metis,semi_synthetic_merge,,140.97697574830826,140.97697574830826,
eth_flow_0x599c0ff86f40__r7fam15__inst01__synth_merge_src2,bnb_flow_0x20dd303dbfae__synth_merge_dst,140.97697574830826,281.9539514966165,307,many_to_one,1.0,supervised_flow_pair,ETH,BNB,Poly,0x9e32b13ce7f2e80a01932b42553652e053d6ed8e,0xe552fb52a4f19e44ef5a967632dbc320b0820639,Metis,semi_synthetic_merge,,140.97697574830826,140.97697574830826,
eth_flow_0x599c0ff86f40__r7fam15__inst01__synth_unmatched_src,bnb_flow_0x20dd303dbfae__synth_hidden_dst,281.9539514966165,0,307,one_to_one,0.2,supervised_flow_pair,ETH,BNB,Poly,0x9e32b13ce7f2e80a01932b42553652e053d6ed8e,0xe552fb52a4f19e44ef5a967632dbc320b0820639,Metis,semi_synthetic_unmatched,,,0,0
eth_flow_0x599c0ff86f40__r7fam15__inst01__synth_noise_src_0,bnb_flow_0x20dd303dbfae__synth_noise_dst_0,281.9539514966165,281.9539514966165,367,one_to_one,0.2313,supervised_flow_pair,ETH,BNB,Poly,0x9e32b13ce7f2e80a01932b42553652e053d6ed8e,0xe552fb52a4f19e44ef5a967632dbc320b0820639,Metis,semi_synthetic_delay_noise,,,,
eth_flow_0x599c0ff86f40__r7fam15__inst01__synth_noise_src_1,bnb_flow_0x20dd303dbfae__synth_noise_dst_1,281.9539514966165,281.9539514966165,427,one_to_one,0.2553,supervised_flow_pair,ETH,BNB,Poly,0x9e32b13ce7f2e80a01932b42553652e053d6ed8e,0xe552fb52a4f19e44ef5a967632dbc320b0820639,Metis,semi_synthetic_delay_noise,,,,
eth_flow_0x753a70670d42__r7fam16__inst00__synth_split_src,bnb_flow_0x517ab5b5944f__synth_split_a,109.00185781139278,54.50092890569639,995,one_to_many,0.95,supervised_flow_pair,ETH,BNB,Poly,0x4abb9cc67bd3da9eb966d1159a71a0e68bd15432,0x4e1b16ef22935a575a6811d4616f98c4077e4408,KEL,semi_synthetic_split,1,54.50092890569639,54.50092890569639,
eth_flow_0x753a70670d42__r7fam16__inst00__synth_split_src,bnb_flow_0x517ab5b5944f__synth_split_b,109.00185781139278,54.50092890569639,995,one_to_many,0.95,supervised_flow_pair,ETH,BNB,Poly,0x4abb9cc67bd3da9eb966d1159a71a0e68bd15432,0x4e1b16ef22935a575a6811d4616f98c4077e4408,KEL,semi_synthetic_split,1,54.50092890569639,54.50092890569639,
eth_flow_0x753a70670d42__r7fam16__inst00__synth_merge_src1,bnb_flow_0x517ab5b5944f__synth_merge_dst,54.50092890569639,109.00185781139278,995,many_to_one,1.0,supervised_flow_pair,ETH,BNB,Poly,0x4abb9cc67bd3da9eb966d1159a71a0e68bd15432,0x4e1b16ef22935a575a6811d4616f98c4077e4408,KEL,semi_synthetic_merge,,54.50092890569639,54.50092890569639,
eth_flow_0x753a70670d42__r7fam16__inst00__synth_merge_src2,bnb_flow_0x517ab5b5944f__synth_merge_dst,54.50092890569639,109.00185781139278,995,many_to_one,1.0,supervised_flow_pair,ETH,BNB,Poly,0x4abb9cc67bd3da9eb966d1159a71a0e68bd15432,0x4e1b16ef22935a575a6811d4616f98c4077e4408,KEL,semi_synthetic_merge,,54.50092890569639,54.50092890569639,
eth_flow_0x753a70670d42__r7fam16__inst00__synth_unmatched_src,bnb_flow_0x517ab5b5944f__synth_hidden_dst,109.00185781139278,0,995,one_to_one,0.2,supervised_flow_pair,ETH,BNB,Poly,0x4abb9cc67bd3da9eb966d1159a71a0e68bd15432,0x4e1b16ef22935a575a6811d4616f98c4077e4408,KEL,semi_synthetic_unmatched,,,0,0
eth_flow_0x753a70670d42__r7fam16__inst00__synth_noise_src_0,bnb_flow_0x517ab5b5944f__synth_noise_dst_0,109.00185781139278,109.00185781139278,1055,one_to_one,0.2444,supervised_flow_pair,ETH,BNB,Poly,0x4abb9cc67bd3da9eb966d1159a71a0e68bd15432,0x4e1b16ef22935a575a6811d4616f98c4077e4408,KEL,semi_synthetic_delay_noise,,,,
eth_flow_0x753a70670d42__r7fam16__inst00__synth_noise_src_1,bnb_flow_0x517ab5b5944f__synth_noise_dst_1,109.00185781139278,109.00185781139278,1115,one_to_one,0.2483,supervised_flow_pair,ETH,BNB,Poly,0x4abb9cc67bd3da9eb966d1159a71a0e68bd15432,0x4e1b16ef22935a575a6811d4616f98c4077e4408,KEL,semi_synthetic_delay_noise,,,,
eth_flow_0xf380f68e2a42__r7fam16__inst01__synth_split_src,bnb_flow_0x4529cd2337b7__synth_split_a,285.2192152270157,142.60960761350785,978,one_to_many,0.95,supervised_flow_pair,ETH,BNB,Poly,0x9e32b13ce7f2e80a01932b42553652e053d6ed8e,0xe552fb52a4f19e44ef5a967632dbc320b0820639,Metis,semi_synthetic_split,1,142.60960761350785,142.60960761350785,
eth_flow_0xf380f68e2a42__r7fam16__inst01__synth_split_src,bnb_flow_0x4529cd2337b7__synth_split_b,285.2192152270157,142.60960761350785,978,one_to_many,0.95,supervised_flow_pair,ETH,BNB,Poly,0x9e32b13ce7f2e80a01932b42553652e053d6ed8e,0xe552fb52a4f19e44ef5a967632dbc320b0820639,Metis,semi_synthetic_split,1,142.60960761350785,142.60960761350785,
eth_flow_0xf380f68e2a42__r7fam16__inst01__synth_merge_src1,bnb_flow_0x4529cd2337b7__synth_merge_dst,142.60960761350785,285.2192152270157,978,many_to_one,1.0,supervised_flow_pair,ETH,BNB,Poly,0x9e32b13ce7f2e80a01932b42553652e053d6ed8e,0xe552fb52a4f19e44ef5a967632dbc320b0820639,Metis,semi_synthetic_merge,,142.60960761350785,142.60960761350785,
eth_flow_0xf380f68e2a42__r7fam16__inst01__synth_merge_src2,bnb_flow_0x4529cd2337b7__synth_merge_dst,142.60960761350785,285.2192152270157,978,many_to_one,1.0,supervised_flow_pair,ETH,BNB,Poly,0x9e32b13ce7f2e80a01932b42553652e053d6ed8e,0xe552fb52a4f19e44ef5a967632dbc320b0820639,Metis,semi_synthetic_merge,,142.60960761350785,142.60960761350785,
eth_flow_0xf380f68e2a42__r7fam16__inst01__synth_unmatched_src,bnb_flow_0x4529cd2337b7__synth_hidden_dst,285.21921522701575,0,978,one_to_one,0.2,supervised_flow_pair,ETH,BNB,Poly,0x9e32b13ce7f2e80a01932b42553652e053d6ed8e,0xe552fb52a4f19e44ef5a967632dbc320b0820639,Metis,semi_synthetic_unmatched,,,0,0
eth_flow_0xf380f68e2a42__r7fam16__inst01__synth_noise_src_0,bnb_flow_0x4529cd2337b7__synth_noise_dst_0,285.21921522701575,285.21921522701575,1038,one_to_one,0.2231,supervised_flow_pair,ETH,BNB,Poly,0x9e32b13ce7f2e80a01932b42553652e053d6ed8e,0xe552fb52a4f19e44ef5a967632dbc320b0820639,Metis,semi_synthetic_delay_noise,,,,
eth_flow_0xf380f68e2a42__r7fam16__inst01__synth_noise_src_1,bnb_flow_0x4529cd2337b7__synth_noise_dst_1,285.21921522701575,285.21921522701575,1098,one_to_one,0.2523,supervised_flow_pair,ETH,BNB,Poly,0x9e32b13ce7f2e80a01932b42553652e053d6ed8e,0xe552fb52a4f19e44ef5a967632dbc320b0820639,Metis,semi_synthetic_delay_noise,,,,
eth_flow_0x7fa8fe4c9388__r7fam17__inst00__synth_split_src,bnb_flow_0x4526d5911386__synth_split_a,338.1587285733401,169.07936428667006,1033,one_to_many,0.95,supervised_flow_pair,ETH,BNB,Poly,0x9e32b13ce7f2e80a01932b42553652e053d6ed8e,0xe552fb52a4f19e44ef5a967632dbc320b0820639,Metis,semi_synthetic_split,1,169.07936428667006,169.07936428667006,
eth_flow_0x7fa8fe4c9388__r7fam17__inst00__synth_split_src,bnb_flow_0x4526d5911386__synth_split_b,338.1587285733401,169.07936428667006,1033,one_to_many,0.95,supervised_flow_pair,ETH,BNB,Poly,0x9e32b13ce7f2e80a01932b42553652e053d6ed8e,0xe552fb52a4f19e44ef5a967632dbc320b0820639,Metis,semi_synthetic_split,1,169.07936428667006,169.07936428667006,
eth_flow_0x7fa8fe4c9388__r7fam17__inst00__synth_merge_src1,bnb_flow_0x4526d5911386__synth_merge_dst,169.07936428667006,338.1587285733401,1033,many_to_one,1.0,supervised_flow_pair,ETH,BNB,Poly,0x9e32b13ce7f2e80a01932b42553652e053d6ed8e,0xe552fb52a4f19e44ef5a967632dbc320b0820639,Metis,semi_synthetic_merge,,169.07936428667006,169.07936428667006,
eth_flow_0x7fa8fe4c9388__r7fam17__inst00__synth_merge_src2,bnb_flow_0x4526d5911386__synth_merge_dst,169.07936428667006,338.1587285733401,1033,many_to_one,1.0,supervised_flow_pair,ETH,BNB,Poly,0x9e32b13ce7f2e80a01932b42553652e053d6ed8e,0xe552fb52a4f19e44ef5a967632dbc320b0820639,Metis,semi_synthetic_merge,,169.07936428667006,169.07936428667006,
eth_flow_0x7fa8fe4c9388__r7fam17__inst00__synth_unmatched_src,bnb_flow_0x4526d5911386__synth_hidden_dst,338.1587285733401,0,1033,one_to_one,0.2,supervised_flow_pair,ETH,BNB,Poly,0x9e32b13ce7f2e80a01932b42553652e053d6ed8e,0xe552fb52a4f19e44ef5a967632dbc320b0820639,Metis,semi_synthetic_unmatched,,,0,0
eth_flow_0x7fa8fe4c9388__r7fam17__inst00__synth_noise_src_0,bnb_flow_0x4526d5911386__synth_noise_dst_0,338.1587285733401,338.1587285733401,1093,one_to_one,0.2446,supervised_flow_pair,ETH,BNB,Poly,0x9e32b13ce7f2e80a01932b42553652e053d6ed8e,0xe552fb52a4f19e44ef5a967632dbc320b0820639,Metis,semi_synthetic_delay_noise,,,,
eth_flow_0x7fa8fe4c9388__r7fam17__inst00__synth_noise_src_1,bnb_flow_0x4526d5911386__synth_noise_dst_1,338.1587285733401,338.1587285733401,1153,one_to_one,0.2216,supervised_flow_pair,ETH,BNB,Poly,0x9e32b13ce7f2e80a01932b42553652e053d6ed8e,0xe552fb52a4f19e44ef5a967632dbc320b0820639,Metis,semi_synthetic_delay_noise,,,,
eth_flow_0xc8eec51af5a4__r7fam17__inst01__synth_split_src,bnb_flow_0x091fc4d87420__synth_split_a,121.21289098100988,40.40429699366996,1057,one_to_many,0.95,supervised_flow_pair,ETH,BNB,Poly,0xaf9f549774ecedbd0966c52f250acc548d3f36e5,0x69a1913d334b524ea1632461c78797c837ca9fa6,RFuel,semi_synthetic_split,1,40.40429699366996,40.40429699366996,
eth_flow_0xc8eec51af5a4__r7fam17__inst01__synth_split_src,bnb_flow_0x091fc4d87420__synth_split_b,121.21289098100988,40.40429699366996,1057,one_to_many,0.95,supervised_flow_pair,ETH,BNB,Poly,0xaf9f549774ecedbd0966c52f250acc548d3f36e5,0x69a1913d334b524ea1632461c78797c837ca9fa6,RFuel,semi_synthetic_split,1,40.40429699366996,40.40429699366996,
eth_flow_0xc8eec51af5a4__r7fam17__inst01__synth_split_src,bnb_flow_0x091fc4d87420__synth_split_c,121.21289098100988,40.40429699366996,1057,one_to_many,0.95,supervised_flow_pair,ETH,BNB,Poly,0xaf9f549774ecedbd0966c52f250acc548d3f36e5,0x69a1913d334b524ea1632461c78797c837ca9fa6,RFuel,semi_synthetic_split,1,40.40429699366996,40.40429699366996,
eth_flow_0xc8eec51af5a4__r7fam17__inst01__synth_merge_src1,bnb_flow_0x091fc4d87420__synth_merge_dst,60.60644549050494,121.21289098100988,1057,many_to_one,1.0,supervised_flow_pair,ETH,BNB,Poly,0xaf9f549774ecedbd0966c52f250acc548d3f36e5,0x69a1913d334b524ea1632461c78797c837ca9fa6,RFuel,semi_synthetic_merge,,60.60644549050494,60.60644549050494,
eth_flow_0xc8eec51af5a4__r7fam17__inst01__synth_merge_src2,bnb_flow_0x091fc4d87420__synth_merge_dst,60.60644549050494,121.21289098100988,1057,many_to_one,1.0,supervised_flow_pair,ETH,BNB,Poly,0xaf9f549774ecedbd0966c52f250acc548d3f36e5,0x69a1913d334b524ea1632461c78797c837ca9fa6,RFuel,semi_synthetic_merge,,60.60644549050494,60.60644549050494,
eth_flow_0xc8eec51af5a4__r7fam17__inst01__synth_unmatched_src,bnb_flow_0x091fc4d87420__synth_hidden_dst,121.21289098100988,0,1057,one_to_one,0.2,supervised_flow_pair,ETH,BNB,Poly,0xaf9f549774ecedbd0966c52f250acc548d3f36e5,0x69a1913d334b524ea1632461c78797c837ca9fa6,RFuel,semi_synthetic_unmatched,,,0,0
eth_flow_0xc8eec51af5a4__r7fam17__inst01__synth_noise_src_0,bnb_flow_0x091fc4d87420__synth_noise_dst_0,121.21289098100988,121.21289098100988,1117,one_to_one,0.2583,supervised_flow_pair,ETH,BNB,Poly,0xaf9f549774ecedbd0966c52f250acc548d3f36e5,0x69a1913d334b524ea1632461c78797c837ca9fa6,RFuel,semi_synthetic_delay_noise,,,,
eth_flow_0xc8eec51af5a4__r7fam17__inst01__synth_noise_src_1,bnb_flow_0x091fc4d87420__synth_noise_dst_1,121.21289098100988,121.21289098100988,1177,one_to_one,0.2262,supervised_flow_pair,ETH,BNB,Poly,0xaf9f549774ecedbd0966c52f250acc548d3f36e5,0x69a1913d334b524ea1632461c78797c837ca9fa6,RFuel,semi_synthetic_delay_noise,,,,
eth_flow_0x60214a0b3217__r7fam18__inst00__synth_split_src,bnb_flow_0xd567676899b7__synth_split_a,721.1159196631287,360.55795983156435,170,one_to_many,0.95,supervised_flow_pair,ETH,BNB,Poly,0x9e32b13ce7f2e80a01932b42553652e053d6ed8e,0xe552fb52a4f19e44ef5a967632dbc320b0820639,Metis,semi_synthetic_split,1,360.55795983156435,360.55795983156435,
eth_flow_0x60214a0b3217__r7fam18__inst00__synth_split_src,bnb_flow_0xd567676899b7__synth_split_b,721.1159196631287,360.55795983156435,170,one_to_many,0.95,supervised_flow_pair,ETH,BNB,Poly,0x9e32b13ce7f2e80a01932b42553652e053d6ed8e,0xe552fb52a4f19e44ef5a967632dbc320b0820639,Metis,semi_synthetic_split,1,360.55795983156435,360.55795983156435,
eth_flow_0x60214a0b3217__r7fam18__inst00__synth_merge_src1,bnb_flow_0xd567676899b7__synth_merge_dst,360.55795983156435,721.1159196631287,170,many_to_one,1.0,supervised_flow_pair,ETH,BNB,Poly,0x9e32b13ce7f2e80a01932b42553652e053d6ed8e,0xe552fb52a4f19e44ef5a967632dbc320b0820639,Metis,semi_synthetic_merge,,360.55795983156435,360.55795983156435,
eth_flow_0x60214a0b3217__r7fam18__inst00__synth_merge_src2,bnb_flow_0xd567676899b7__synth_merge_dst,360.55795983156435,721.1159196631287,170,many_to_one,1.0,supervised_flow_pair,ETH,BNB,Poly,0x9e32b13ce7f2e80a01932b42553652e053d6ed8e,0xe552fb52a4f19e44ef5a967632dbc320b0820639,Metis,semi_synthetic_merge,,360.55795983156435,360.55795983156435,
eth_flow_0x60214a0b3217__r7fam18__inst00__synth_unmatched_src,bnb_flow_0xd567676899b7__synth_hidden_dst,721.1159196631287,0,170,one_to_one,0.2,supervised_flow_pair,ETH,BNB,Poly,0x9e32b13ce7f2e80a01932b42553652e053d6ed8e,0xe552fb52a4f19e44ef5a967632dbc320b0820639,Metis,semi_synthetic_unmatched,,,0,0
eth_flow_0x60214a0b3217__r7fam18__inst00__synth_noise_src_0,bnb_flow_0xd567676899b7__synth_noise_dst_0,721.1159196631287,721.1159196631287,230,one_to_one,0.2402,supervised_flow_pair,ETH,BNB,Poly,0x9e32b13ce7f2e80a01932b42553652e053d6ed8e,0xe552fb52a4f19e44ef5a967632dbc320b0820639,Metis,semi_synthetic_delay_noise,,,,
eth_flow_0x60214a0b3217__r7fam18__inst00__synth_noise_src_1,bnb_flow_0xd567676899b7__synth_noise_dst_1,721.1159196631287,721.1159196631287,290,one_to_one,0.2259,supervised_flow_pair,ETH,BNB,Poly,0x9e32b13ce7f2e80a01932b42553652e053d6ed8e,0xe552fb52a4f19e44ef5a967632dbc320b0820639,Metis,semi_synthetic_delay_noise,,,,
eth_flow_0x4a61726ae46e__r7fam18__inst01__synth_split_src,bnb_flow_0xc49a11495133__synth_split_a,546.7199053919092,273.3599526959546,156,one_to_many,0.95,supervised_flow_pair,ETH,BNB,Poly,0x9e32b13ce7f2e80a01932b42553652e053d6ed8e,0xe552fb52a4f19e44ef5a967632dbc320b0820639,Metis,semi_synthetic_split,1,273.3599526959546,273.3599526959546,
eth_flow_0x4a61726ae46e__r7fam18__inst01__synth_split_src,bnb_flow_0xc49a11495133__synth_split_b,546.7199053919092,273.3599526959546,156,one_to_many,0.95,supervised_flow_pair,ETH,BNB,Poly,0x9e32b13ce7f2e80a01932b42553652e053d6ed8e,0xe552fb52a4f19e44ef5a967632dbc320b0820639,Metis,semi_synthetic_split,1,273.3599526959546,273.3599526959546,
eth_flow_0x4a61726ae46e__r7fam18__inst01__synth_merge_src1,bnb_flow_0xc49a11495133__synth_merge_dst,273.3599526959546,546.7199053919092,156,many_to_one,1.0,supervised_flow_pair,ETH,BNB,Poly,0x9e32b13ce7f2e80a01932b42553652e053d6ed8e,0xe552fb52a4f19e44ef5a967632dbc320b0820639,Metis,semi_synthetic_merge,,273.3599526959546,273.3599526959546,
eth_flow_0x4a61726ae46e__r7fam18__inst01__synth_merge_src2,bnb_flow_0xc49a11495133__synth_merge_dst,273.3599526959546,546.7199053919092,156,many_to_one,1.0,supervised_flow_pair,ETH,BNB,Poly,0x9e32b13ce7f2e80a01932b42553652e053d6ed8e,0xe552fb52a4f19e44ef5a967632dbc320b0820639,Metis,semi_synthetic_merge,,273.3599526959546,273.3599526959546,
eth_flow_0x4a61726ae46e__r7fam18__inst01__synth_unmatched_src,bnb_flow_0xc49a11495133__synth_hidden_dst,546.7199053919092,0,156,one_to_one,0.2,supervised_flow_pair,ETH,BNB,Poly,0x9e32b13ce7f2e80a01932b42553652e053d6ed8e,0xe552fb52a4f19e44ef5a967632dbc320b0820639,Metis,semi_synthetic_unmatched,,,0,0
eth_flow_0x4a61726ae46e__r7fam18__inst01__synth_noise_src_0,bnb_flow_0xc49a11495133__synth_noise_dst_0,546.7199053919092,546.7199053919092,216,one_to_one,0.2588,supervised_flow_pair,ETH,BNB,Poly,0x9e32b13ce7f2e80a01932b42553652e053d6ed8e,0xe552fb52a4f19e44ef5a967632dbc320b0820639,Metis,semi_synthetic_delay_noise,,,,
eth_flow_0x4a61726ae46e__r7fam18__inst01__synth_noise_src_1,bnb_flow_0xc49a11495133__synth_noise_dst_1,546.7199053919092,546.7199053919092,276,one_to_one,0.231,supervised_flow_pair,ETH,BNB,Poly,0x9e32b13ce7f2e80a01932b42553652e053d6ed8e,0xe552fb52a4f19e44ef5a967632dbc320b0820639,Metis,semi_synthetic_delay_noise,,,,
eth_flow_0xe1d01fcd36a3__r7fam19__inst00__synth_split_src,bnb_flow_0x080cf2ac0c10__synth_split_a,468.3500023020181,234.17500115100904,211,one_to_many,0.95,supervised_flow_pair,ETH,BNB,Poly,0x9e32b13ce7f2e80a01932b42553652e053d6ed8e,0xe552fb52a4f19e44ef5a967632dbc320b0820639,Metis,semi_synthetic_split,1,234.17500115100904,234.17500115100904,
eth_flow_0xe1d01fcd36a3__r7fam19__inst00__synth_split_src,bnb_flow_0x080cf2ac0c10__synth_split_b,468.3500023020181,234.17500115100904,211,one_to_many,0.95,supervised_flow_pair,ETH,BNB,Poly,0x9e32b13ce7f2e80a01932b42553652e053d6ed8e,0xe552fb52a4f19e44ef5a967632dbc320b0820639,Metis,semi_synthetic_split,1,234.17500115100904,234.17500115100904,
eth_flow_0xe1d01fcd36a3__r7fam19__inst00__synth_merge_src1,bnb_flow_0x080cf2ac0c10__synth_merge_dst,234.17500115100904,468.3500023020181,211,many_to_one,1.0,supervised_flow_pair,ETH,BNB,Poly,0x9e32b13ce7f2e80a01932b42553652e053d6ed8e,0xe552fb52a4f19e44ef5a967632dbc320b0820639,Metis,semi_synthetic_merge,,234.17500115100904,234.17500115100904,
eth_flow_0xe1d01fcd36a3__r7fam19__inst00__synth_merge_src2,bnb_flow_0x080cf2ac0c10__synth_merge_dst,234.17500115100904,468.3500023020181,211,many_to_one,1.0,supervised_flow_pair,ETH,BNB,Poly,0x9e32b13ce7f2e80a01932b42553652e053d6ed8e,0xe552fb52a4f19e44ef5a967632dbc320b0820639,Metis,semi_synthetic_merge,,234.17500115100904,234.17500115100904,
eth_flow_0xe1d01fcd36a3__r7fam19__inst00__synth_unmatched_src,bnb_flow_0x080cf2ac0c10__synth_hidden_dst,468.3500023020181,0,211,one_to_one,0.2,supervised_flow_pair,ETH,BNB,Poly,0x9e32b13ce7f2e80a01932b42553652e053d6ed8e,0xe552fb52a4f19e44ef5a967632dbc320b0820639,Metis,semi_synthetic_unmatched,,,0,0
eth_flow_0xe1d01fcd36a3__r7fam19__inst00__synth_noise_src_0,bnb_flow_0x080cf2ac0c10__synth_noise_dst_0,468.3500023020181,468.3500023020181,271,one_to_one,0.2493,supervised_flow_pair,ETH,BNB,Poly,0x9e32b13ce7f2e80a01932b42553652e053d6ed8e,0xe552fb52a4f19e44ef5a967632dbc320b0820639,Metis,semi_synthetic_delay_noise,,,,
eth_flow_0xe1d01fcd36a3__r7fam19__inst00__synth_noise_src_1,bnb_flow_0x080cf2ac0c10__synth_noise_dst_1,468.3500023020181,468.3500023020181,331,one_to_one,0.2361,supervised_flow_pair,ETH,BNB,Poly,0x9e32b13ce7f2e80a01932b42553652e053d6ed8e,0xe552fb52a4f19e44ef5a967632dbc320b0820639,Metis,semi_synthetic_delay_noise,,,,
eth_flow_0x92560339226e__r7fam19__inst01__synth_split_src,bnb_flow_0xd40d913015bb__synth_split_a,414.4228260834163,207.21141304170814,208,one_to_many,0.95,supervised_flow_pair,ETH,BNB,Poly,0x9e32b13ce7f2e80a01932b42553652e053d6ed8e,0xe552fb52a4f19e44ef5a967632dbc320b0820639,Metis,semi_synthetic_split,1,207.21141304170814,207.21141304170814,
eth_flow_0x92560339226e__r7fam19__inst01__synth_split_src,bnb_flow_0xd40d913015bb__synth_split_b,414.4228260834163,207.21141304170814,208,one_to_many,0.95,supervised_flow_pair,ETH,BNB,Poly,0x9e32b13ce7f2e80a01932b42553652e053d6ed8e,0xe552fb52a4f19e44ef5a967632dbc320b0820639,Metis,semi_synthetic_split,1,207.21141304170814,207.21141304170814,
eth_flow_0x92560339226e__r7fam19__inst01__synth_merge_src1,bnb_flow_0xd40d913015bb__synth_merge_dst,207.21141304170814,414.4228260834163,208,many_to_one,1.0,supervised_flow_pair,ETH,BNB,Poly,0x9e32b13ce7f2e80a01932b42553652e053d6ed8e,0xe552fb52a4f19e44ef5a967632dbc320b0820639,Metis,semi_synthetic_merge,,207.21141304170814,207.21141304170814,
eth_flow_0x92560339226e__r7fam19__inst01__synth_merge_src2,bnb_flow_0xd40d913015bb__synth_merge_dst,207.21141304170814,414.4228260834163,208,many_to_one,1.0,supervised_flow_pair,ETH,BNB,Poly,0x9e32b13ce7f2e80a01932b42553652e053d6ed8e,0xe552fb52a4f19e44ef5a967632dbc320b0820639,Metis,semi_synthetic_merge,,207.21141304170814,207.21141304170814,
eth_flow_0x92560339226e__r7fam19__inst01__synth_unmatched_src,bnb_flow_0xd40d913015bb__synth_hidden_dst,414.4228260834163,0,208,one_to_one,0.2,supervised_flow_pair,ETH,BNB,Poly,0x9e32b13ce7f2e80a01932b42553652e053d6ed8e,0xe552fb52a4f19e44ef5a967632dbc320b0820639,Metis,semi_synthetic_unmatched,,,0,0
eth_flow_0x92560339226e__r7fam19__inst01__synth_noise_src_0,bnb_flow_0xd40d913015bb__synth_noise_dst_0,414.4228260834163,414.4228260834163,268,one_to_one,0.2588,supervised_flow_pair,ETH,BNB,Poly,0x9e32b13ce7f2e80a01932b42553652e053d6ed8e,0xe552fb52a4f19e44ef5a967632dbc320b0820639,Metis,semi_synthetic_delay_noise,,,,
eth_flow_0x92560339226e__r7fam19__inst01__synth_noise_src_1,bnb_flow_0xd40d913015bb__synth_noise_dst_1,414.4228260834163,414.4228260834163,328,one_to_one,0.2486,supervised_flow_pair,ETH,BNB,Poly,0x9e32b13ce7f2e80a01932b42553652e053d6ed8e,0xe552fb52a4f19e44ef5a967632dbc320b0820639,Metis,semi_synthetic_delay_noise,,,,
eth_flow_0x9952bed73370__r7fam20__inst00__synth_split_src,bnb_flow_0x9e4b7e8ff861__synth_split_a,373.7277747067642,186.8638873533821,239,one_to_many,0.95,supervised_flow_pair,ETH,BNB,Poly,0x9e32b13ce7f2e80a01932b42553652e053d6ed8e,0xe552fb52a4f19e44ef5a967632dbc320b0820639,Metis,semi_synthetic_split,1,186.8638873533821,186.8638873533821,
eth_flow_0x9952bed73370__r7fam20__inst00__synth_split_src,bnb_flow_0x9e4b7e8ff861__synth_split_b,373.7277747067642,186.8638873533821,239,one_to_many,0.95,supervised_flow_pair,ETH,BNB,Poly,0x9e32b13ce7f2e80a01932b42553652e053d6ed8e,0xe552fb52a4f19e44ef5a967632dbc320b0820639,Metis,semi_synthetic_split,1,186.8638873533821,186.8638873533821,
eth_flow_0x9952bed73370__r7fam20__inst00__synth_merge_src1,bnb_flow_0x9e4b7e8ff861__synth_merge_dst,186.8638873533821,373.7277747067642,239,many_to_one,1.0,supervised_flow_pair,ETH,BNB,Poly,0x9e32b13ce7f2e80a01932b42553652e053d6ed8e,0xe552fb52a4f19e44ef5a967632dbc320b0820639,Metis,semi_synthetic_merge,,186.8638873533821,186.8638873533821,
eth_flow_0x9952bed73370__r7fam20__inst00__synth_merge_src2,bnb_flow_0x9e4b7e8ff861__synth_merge_dst,186.8638873533821,373.7277747067642,239,many_to_one,1.0,supervised_flow_pair,ETH,BNB,Poly,0x9e32b13ce7f2e80a01932b42553652e053d6ed8e,0xe552fb52a4f19e44ef5a967632dbc320b0820639,Metis,semi_synthetic_merge,,186.8638873533821,186.8638873533821,
eth_flow_0x9952bed73370__r7fam20__inst00__synth_unmatched_src,bnb_flow_0x9e4b7e8ff861__synth_hidden_dst,373.7277747067642,0,239,one_to_one,0.2,supervised_flow_pair,ETH,BNB,Poly,0x9e32b13ce7f2e80a01932b42553652e053d6ed8e,0xe552fb52a4f19e44ef5a967632dbc320b0820639,Metis,semi_synthetic_unmatched,,,0,0
eth_flow_0x9952bed73370__r7fam20__inst00__synth_noise_src_0,bnb_flow_0x9e4b7e8ff861__synth_noise_dst_0,373.7277747067642,373.7277747067642,299,one_to_one,0.2314,supervised_flow_pair,ETH,BNB,Poly,0x9e32b13ce7f2e80a01932b42553652e053d6ed8e,0xe552fb52a4f19e44ef5a967632dbc320b0820639,Metis,semi_synthetic_delay_noise,,,,
eth_flow_0x9952bed73370__r7fam20__inst00__synth_noise_src_1,bnb_flow_0x9e4b7e8ff861__synth_noise_dst_1,373.7277747067642,373.7277747067642,359,one_to_one,0.2494,supervised_flow_pair,ETH,BNB,Poly,0x9e32b13ce7f2e80a01932b42553652e053d6ed8e,0xe552fb52a4f19e44ef5a967632dbc320b0820639,Metis,semi_synthetic_delay_noise,,,,
eth_flow_0xa3ff98a1b16a__r7fam20__inst01__synth_split_src,bnb_flow_0x057457a307c7__synth_split_a,755.7307043057857,377.86535215289285,241,one_to_many,0.95,supervised_flow_pair,ETH,BNB,Poly,0x9e32b13ce7f2e80a01932b42553652e053d6ed8e,0xe552fb52a4f19e44ef5a967632dbc320b0820639,Metis,semi_synthetic_split,1,377.86535215289285,377.86535215289285,
eth_flow_0xa3ff98a1b16a__r7fam20__inst01__synth_split_src,bnb_flow_0x057457a307c7__synth_split_b,755.7307043057857,377.86535215289285,241,one_to_many,0.95,supervised_flow_pair,ETH,BNB,Poly,0x9e32b13ce7f2e80a01932b42553652e053d6ed8e,0xe552fb52a4f19e44ef5a967632dbc320b0820639,Metis,semi_synthetic_split,1,377.86535215289285,377.86535215289285,
eth_flow_0xa3ff98a1b16a__r7fam20__inst01__synth_merge_src1,bnb_flow_0x057457a307c7__synth_merge_dst,377.86535215289285,755.7307043057857,241,many_to_one,1.0,supervised_flow_pair,ETH,BNB,Poly,0x9e32b13ce7f2e80a01932b42553652e053d6ed8e,0xe552fb52a4f19e44ef5a967632dbc320b0820639,Metis,semi_synthetic_merge,,377.86535215289285,377.86535215289285,
eth_flow_0xa3ff98a1b16a__r7fam20__inst01__synth_merge_src2,bnb_flow_0x057457a307c7__synth_merge_dst,377.86535215289285,755.7307043057857,241,many_to_one,1.0,supervised_flow_pair,ETH,BNB,Poly,0x9e32b13ce7f2e80a01932b42553652e053d6ed8e,0xe552fb52a4f19e44ef5a967632dbc320b0820639,Metis,semi_synthetic_merge,,377.86535215289285,377.86535215289285,
eth_flow_0xa3ff98a1b16a__r7fam20__inst01__synth_unmatched_src,bnb_flow_0x057457a307c7__synth_hidden_dst,755.7307043057857,0,241,one_to_one,0.2,supervised_flow_pair,ETH,BNB,Poly,0x9e32b13ce7f2e80a01932b42553652e053d6ed8e,0xe552fb52a4f19e44ef5a967632dbc320b0820639,Metis,semi_synthetic_unmatched,,,0,0
eth_flow_0xa3ff98a1b16a__r7fam20__inst01__synth_noise_src_0,bnb_flow_0x057457a307c7__synth_noise_dst_0,755.7307043057857,755.7307043057857,301,one_to_one,0.2575,supervised_flow_pair,ETH,BNB,Poly,0x9e32b13ce7f2e80a01932b42553652e053d6ed8e,0xe552fb52a4f19e44ef5a967632dbc320b0820639,Metis,semi_synthetic_delay_noise,,,,
eth_flow_0xa3ff98a1b16a__r7fam20__inst01__synth_noise_src_1,bnb_flow_0x057457a307c7__synth_noise_dst_1,755.7307043057857,755.7307043057857,361,one_to_one,0.2276,supervised_flow_pair,ETH,BNB,Poly,0x9e32b13ce7f2e80a01932b42553652e053d6ed8e,0xe552fb52a4f19e44ef5a967632dbc320b0820639,Metis,semi_synthetic_delay_noise,,,,
eth_flow_0x3681a9bdc6ad__r7fam21__inst00__synth_split_src,bnb_flow_0xf02acbf34ced__synth_split_a,516.3981862454106,129.09954656135264,271,one_to_many,0.95,supervised_flow_pair,ETH,BNB,Poly,0x9e32b13ce7f2e80a01932b42553652e053d6ed8e,0xe552fb52a4f19e44ef5a967632dbc320b0820639,Metis,semi_synthetic_split,1,129.09954656135264,129.09954656135264,
eth_flow_0x3681a9bdc6ad__r7fam21__inst00__synth_split_src,bnb_flow_0xf02acbf34ced__synth_split_b,516.3981862454106,129.09954656135264,271,one_to_many,0.95,supervised_flow_pair,ETH,BNB,Poly,0x9e32b13ce7f2e80a01932b42553652e053d6ed8e,0xe552fb52a4f19e44ef5a967632dbc320b0820639,Metis,semi_synthetic_split,1,129.09954656135264,129.09954656135264,
eth_flow_0x3681a9bdc6ad__r7fam21__inst00__synth_split_src,bnb_flow_0xf02acbf34ced__synth_split_c,516.3981862454106,129.09954656135264,271,one_to_many,0.95,supervised_flow_pair,ETH,BNB,Poly,0x9e32b13ce7f2e80a01932b42553652e053d6ed8e,0xe552fb52a4f19e44ef5a967632dbc320b0820639,Metis,semi_synthetic_split,1,129.09954656135264,129.09954656135264,
eth_flow_0x3681a9bdc6ad__r7fam21__inst00__synth_split_src,bnb_flow_0xf02acbf34ced__synth_split_d,516.3981862454106,129.09954656135264,271,one_to_many,0.95,supervised_flow_pair,ETH,BNB,Poly,0x9e32b13ce7f2e80a01932b42553652e053d6ed8e,0xe552fb52a4f19e44ef5a967632dbc320b0820639,Metis,semi_synthetic_split,1,129.09954656135264,129.09954656135264,
eth_flow_0x3681a9bdc6ad__r7fam21__inst00__synth_merge_src1,bnb_flow_0xf02acbf34ced__synth_merge_dst,258.1990931227053,516.3981862454106,271,many_to_one,1.0,supervised_flow_pair,ETH,BNB,Poly,0x9e32b13ce7f2e80a01932b42553652e053d6ed8e,0xe552fb52a4f19e44ef5a967632dbc320b0820639,Metis,semi_synthetic_merge,,258.1990931227053,258.1990931227053,
eth_flow_0x3681a9bdc6ad__r7fam21__inst00__synth_merge_src2,bnb_flow_0xf02acbf34ced__synth_merge_dst,258.1990931227053,516.3981862454106,271,many_to_one,1.0,supervised_flow_pair,ETH,BNB,Poly,0x9e32b13ce7f2e80a01932b42553652e053d6ed8e,0xe552fb52a4f19e44ef5a967632dbc320b0820639,Metis,semi_synthetic_merge,,258.1990931227053,258.1990931227053,
eth_flow_0x3681a9bdc6ad__r7fam21__inst00__synth_unmatched_src,bnb_flow_0xf02acbf34ced__synth_hidden_dst,516.3981862454106,0,271,one_to_one,0.2,supervised_flow_pair,ETH,BNB,Poly,0x9e32b13ce7f2e80a01932b42553652e053d6ed8e,0xe552fb52a4f19e44ef5a967632dbc320b0820639,Metis,semi_synthetic_unmatched,,,0,0
eth_flow_0x3681a9bdc6ad__r7fam21__inst00__synth_noise_src_0,bnb_flow_0xf02acbf34ced__synth_noise_dst_0,516.3981862454106,516.3981862454106,331,one_to_one,0.238,supervised_flow_pair,ETH,BNB,Poly,0x9e32b13ce7f2e80a01932b42553652e053d6ed8e,0xe552fb52a4f19e44ef5a967632dbc320b0820639,Metis,semi_synthetic_delay_noise,,,,
eth_flow_0x3681a9bdc6ad__r7fam21__inst00__synth_noise_src_1,bnb_flow_0xf02acbf34ced__synth_noise_dst_1,516.3981862454106,516.3981862454106,391,one_to_one,0.2251,supervised_flow_pair,ETH,BNB,Poly,0x9e32b13ce7f2e80a01932b42553652e053d6ed8e,0xe552fb52a4f19e44ef5a967632dbc320b0820639,Metis,semi_synthetic_delay_noise,,,,
eth_flow_0x2a96e32bad6e__r7fam21__inst01__synth_split_src,bnb_flow_0x11ca36cb8a10__synth_split_a,774.247315027761,387.1236575138805,303,one_to_many,0.95,supervised_flow_pair,ETH,BNB,Poly,0x9e32b13ce7f2e80a01932b42553652e053d6ed8e,0xe552fb52a4f19e44ef5a967632dbc320b0820639,Metis,semi_synthetic_split,1,387.1236575138805,387.1236575138805,
eth_flow_0x2a96e32bad6e__r7fam21__inst01__synth_split_src,bnb_flow_0x11ca36cb8a10__synth_split_b,774.247315027761,387.1236575138805,303,one_to_many,0.95,supervised_flow_pair,ETH,BNB,Poly,0x9e32b13ce7f2e80a01932b42553652e053d6ed8e,0xe552fb52a4f19e44ef5a967632dbc320b0820639,Metis,semi_synthetic_split,1,387.1236575138805,387.1236575138805,
eth_flow_0x2a96e32bad6e__r7fam21__inst01__synth_merge_src1,bnb_flow_0x11ca36cb8a10__synth_merge_dst,387.1236575138805,774.247315027761,303,many_to_one,1.0,supervised_flow_pair,ETH,BNB,Poly,0x9e32b13ce7f2e80a01932b42553652e053d6ed8e,0xe552fb52a4f19e44ef5a967632dbc320b0820639,Metis,semi_synthetic_merge,,387.1236575138805,387.1236575138805,
eth_flow_0x2a96e32bad6e__r7fam21__inst01__synth_merge_src2,bnb_flow_0x11ca36cb8a10__synth_merge_dst,387.1236575138805,774.247315027761,303,many_to_one,1.0,supervised_flow_pair,ETH,BNB,Poly,0x9e32b13ce7f2e80a01932b42553652e053d6ed8e,0xe552fb52a4f19e44ef5a967632dbc320b0820639,Metis,semi_synthetic_merge,,387.1236575138805,387.1236575138805,
eth_flow_0x2a96e32bad6e__r7fam21__inst01__synth_unmatched_src,bnb_flow_0x11ca36cb8a10__synth_hidden_dst,774.247315027761,0,303,one_to_one,0.2,supervised_flow_pair,ETH,BNB,Poly,0x9e32b13ce7f2e80a01932b42553652e053d6ed8e,0xe552fb52a4f19e44ef5a967632dbc320b0820639,Metis,semi_synthetic_unmatched,,,0,0
eth_flow_0x2a96e32bad6e__r7fam21__inst01__synth_noise_src_0,bnb_flow_0x11ca36cb8a10__synth_noise_dst_0,774.247315027761,774.247315027761,363,one_to_one,0.2285,supervised_flow_pair,ETH,BNB,Poly,0x9e32b13ce7f2e80a01932b42553652e053d6ed8e,0xe552fb52a4f19e44ef5a967632dbc320b0820639,Metis,semi_synthetic_delay_noise,,,,
eth_flow_0x2a96e32bad6e__r7fam21__inst01__synth_noise_src_1,bnb_flow_0x11ca36cb8a10__synth_noise_dst_1,774.247315027761,774.247315027761,423,one_to_one,0.2357,supervised_flow_pair,ETH,BNB,Poly,0x9e32b13ce7f2e80a01932b42553652e053d6ed8e,0xe552fb52a4f19e44ef5a967632dbc320b0820639,Metis,semi_synthetic_delay_noise,,,,
eth_flow_0x211e2ddbc644__r7fam22__inst00__synth_split_src,bnb_flow_0xebc3d5c36e04__synth_split_a,548.2911173456666,274.1455586728333,935,one_to_many,0.95,supervised_flow_pair,ETH,BNB,Poly,0x4abb9cc67bd3da9eb966d1159a71a0e68bd15432,0x4e1b16ef22935a575a6811d4616f98c4077e4408,KEL,semi_synthetic_split,1,274.1455586728333,274.1455586728333,
eth_flow_0x211e2ddbc644__r7fam22__inst00__synth_split_src,bnb_flow_0xebc3d5c36e04__synth_split_b,548.2911173456666,274.1455586728333,935,one_to_many,0.95,supervised_flow_pair,ETH,BNB,Poly,0x4abb9cc67bd3da9eb966d1159a71a0e68bd15432,0x4e1b16ef22935a575a6811d4616f98c4077e4408,KEL,semi_synthetic_split,1,274.1455586728333,274.1455586728333,
eth_flow_0x211e2ddbc644__r7fam22__inst00__synth_merge_src1,bnb_flow_0xebc3d5c36e04__synth_merge_dst,274.1455586728333,548.2911173456666,935,many_to_one,1.0,supervised_flow_pair,ETH,BNB,Poly,0x4abb9cc67bd3da9eb966d1159a71a0e68bd15432,0x4e1b16ef22935a575a6811d4616f98c4077e4408,KEL,semi_synthetic_merge,,274.1455586728333,274.1455586728333,
eth_flow_0x211e2ddbc644__r7fam22__inst00__synth_merge_src2,bnb_flow_0xebc3d5c36e04__synth_merge_dst,274.1455586728333,548.2911173456666,935,many_to_one,1.0,supervised_flow_pair,ETH,BNB,Poly,0x4abb9cc67bd3da9eb966d1159a71a0e68bd15432,0x4e1b16ef22935a575a6811d4616f98c4077e4408,KEL,semi_synthetic_merge,,274.1455586728333,274.1455586728333,
eth_flow_0x211e2ddbc644__r7fam22__inst00__synth_unmatched_src,bnb_flow_0xebc3d5c36e04__synth_hidden_dst,548.2911173456666,0,935,one_to_one,0.2,supervised_flow_pair,ETH,BNB,Poly,0x4abb9cc67bd3da9eb966d1159a71a0e68bd15432,0x4e1b16ef22935a575a6811d4616f98c4077e4408,KEL,semi_synthetic_unmatched,,,0,0
eth_flow_0x211e2ddbc644__r7fam22__inst00__synth_noise_src_0,bnb_flow_0xebc3d5c36e04__synth_noise_dst_0,548.2911173456666,548.2911173456666,995,one_to_one,0.2474,supervised_flow_pair,ETH,BNB,Poly,0x4abb9cc67bd3da9eb966d1159a71a0e68bd15432,0x4e1b16ef22935a575a6811d4616f98c4077e4408,KEL,semi_synthetic_delay_noise,,,,
eth_flow_0x211e2ddbc644__r7fam22__inst00__synth_noise_src_1,bnb_flow_0xebc3d5c36e04__synth_noise_dst_1,548.2911173456666,548.2911173456666,1055,one_to_one,0.2302,supervised_flow_pair,ETH,BNB,Poly,0x4abb9cc67bd3da9eb966d1159a71a0e68bd15432,0x4e1b16ef22935a575a6811d4616f98c4077e4408,KEL,semi_synthetic_delay_noise,,,,
eth_flow_0x7f37628d8b43__r7fam22__inst01__synth_split_src,bnb_flow_0x163809b81209__synth_split_a,460.69328572447176,153.56442857482392,967,one_to_many,0.95,supervised_flow_pair,ETH,BNB,Poly,0x9e32b13ce7f2e80a01932b42553652e053d6ed8e,0xe552fb52a4f19e44ef5a967632dbc320b0820639,Metis,semi_synthetic_split,1,153.56442857482392,153.56442857482392,
eth_flow_0x7f37628d8b43__r7fam22__inst01__synth_split_src,bnb_flow_0x163809b81209__synth_split_b,460.69328572447176,153.56442857482392,967,one_to_many,0.95,supervised_flow_pair,ETH,BNB,Poly,0x9e32b13ce7f2e80a01932b42553652e053d6ed8e,0xe552fb52a4f19e44ef5a967632dbc320b0820639,Metis,semi_synthetic_split,1,153.56442857482392,153.56442857482392,
eth_flow_0x7f37628d8b43__r7fam22__inst01__synth_split_src,bnb_flow_0x163809b81209__synth_split_c,460.69328572447176,153.56442857482392,967,one_to_many,0.95,supervised_flow_pair,ETH,BNB,Poly,0x9e32b13ce7f2e80a01932b42553652e053d6ed8e,0xe552fb52a4f19e44ef5a967632dbc320b0820639,Metis,semi_synthetic_split,1,153.56442857482392,153.56442857482392,
eth_flow_0x7f37628d8b43__r7fam22__inst01__synth_merge_src1,bnb_flow_0x163809b81209__synth_merge_dst,230.34664286223588,460.69328572447176,967,many_to_one,1.0,supervised_flow_pair,ETH,BNB,Poly,0x9e32b13ce7f2e80a01932b42553652e053d6ed8e,0xe552fb52a4f19e44ef5a967632dbc320b0820639,Metis,semi_synthetic_merge,,230.34664286223588,230.34664286223588,
eth_flow_0x7f37628d8b43__r7fam22__inst01__synth_merge_src2,bnb_flow_0x163809b81209__synth_merge_dst,230.34664286223588,460.69328572447176,967,many_to_one,1.0,supervised_flow_pair,ETH,BNB,Poly,0x9e32b13ce7f2e80a01932b42553652e053d6ed8e,0xe552fb52a4f19e44ef5a967632dbc320b0820639,Metis,semi_synthetic_merge,,230.34664286223588,230.34664286223588,
eth_flow_0x7f37628d8b43__r7fam22__inst01__synth_unmatched_src,bnb_flow_0x163809b81209__synth_hidden_dst,460.69328572447176,0,967,one_to_one,0.2,supervised_flow_pair,ETH,BNB,Poly,0x9e32b13ce7f2e80a01932b42553652e053d6ed8e,0xe552fb52a4f19e44ef5a967632dbc320b0820639,Metis,semi_synthetic_unmatched,,,0,0
eth_flow_0x7f37628d8b43__r7fam22__inst01__synth_noise_src_0,bnb_flow_0x163809b81209__synth_noise_dst_0,460.69328572447176,460.69328572447176,1027,one_to_one,0.26,supervised_flow_pair,ETH,BNB,Poly,0x9e32b13ce7f2e80a01932b42553652e053d6ed8e,0xe552fb52a4f19e44ef5a967632dbc320b0820639,Metis,semi_synthetic_delay_noise,,,,
eth_flow_0x7f37628d8b43__r7fam22__inst01__synth_noise_src_1,bnb_flow_0x163809b81209__synth_noise_dst_1,460.69328572447176,460.69328572447176,1087,one_to_one,0.2324,supervised_flow_pair,ETH,BNB,Poly,0x9e32b13ce7f2e80a01932b42553652e053d6ed8e,0xe552fb52a4f19e44ef5a967632dbc320b0820639,Metis,semi_synthetic_delay_noise,,,,
eth_flow_0x4dfea298d546__r7fam23__inst00__synth_split_src,bnb_flow_0x6c76c7e1386f__synth_split_a,893.422480824143,446.7112404120715,1044,one_to_many,0.95,supervised_flow_pair,ETH,BNB,Poly,0x9e32b13ce7f2e80a01932b42553652e053d6ed8e,0xe552fb52a4f19e44ef5a967632dbc320b0820639,Metis,semi_synthetic_split,1,446.7112404120715,446.7112404120715,
eth_flow_0x4dfea298d546__r7fam23__inst00__synth_split_src,bnb_flow_0x6c76c7e1386f__synth_split_b,893.422480824143,446.7112404120715,1044,one_to_many,0.95,supervised_flow_pair,ETH,BNB,Poly,0x9e32b13ce7f2e80a01932b42553652e053d6ed8e,0xe552fb52a4f19e44ef5a967632dbc320b0820639,Metis,semi_synthetic_split,1,446.7112404120715,446.7112404120715,
eth_flow_0x4dfea298d546__r7fam23__inst00__synth_merge_src1,bnb_flow_0x6c76c7e1386f__synth_merge_dst,446.7112404120715,893.422480824143,1044,many_to_one,1.0,supervised_flow_pair,ETH,BNB,Poly,0x9e32b13ce7f2e80a01932b42553652e053d6ed8e,0xe552fb52a4f19e44ef5a967632dbc320b0820639,Metis,semi_synthetic_merge,,446.7112404120715,446.7112404120715,
eth_flow_0x4dfea298d546__r7fam23__inst00__synth_merge_src2,bnb_flow_0x6c76c7e1386f__synth_merge_dst,446.7112404120715,893.422480824143,1044,many_to_one,1.0,supervised_flow_pair,ETH,BNB,Poly,0x9e32b13ce7f2e80a01932b42553652e053d6ed8e,0xe552fb52a4f19e44ef5a967632dbc320b0820639,Metis,semi_synthetic_merge,,446.7112404120715,446.7112404120715,
eth_flow_0x4dfea298d546__r7fam23__inst00__synth_unmatched_src,bnb_flow_0x6c76c7e1386f__synth_hidden_dst,893.422480824143,0,1044,one_to_one,0.2,supervised_flow_pair,ETH,BNB,Poly,0x9e32b13ce7f2e80a01932b42553652e053d6ed8e,0xe552fb52a4f19e44ef5a967632dbc320b0820639,Metis,semi_synthetic_unmatched,,,0,0
eth_flow_0x4dfea298d546__r7fam23__inst00__synth_noise_src_0,bnb_flow_0x6c76c7e1386f__synth_noise_dst_0,893.422480824143,893.422480824143,1104,one_to_one,0.2432,supervised_flow_pair,ETH,BNB,Poly,0x9e32b13ce7f2e80a01932b42553652e053d6ed8e,0xe552fb52a4f19e44ef5a967632dbc320b0820639,Metis,semi_synthetic_delay_noise,,,,
eth_flow_0x4dfea298d546__r7fam23__inst00__synth_noise_src_1,bnb_flow_0x6c76c7e1386f__synth_noise_dst_1,893.422480824143,893.422480824143,1164,one_to_one,0.2214,supervised_flow_pair,ETH,BNB,Poly,0x9e32b13ce7f2e80a01932b42553652e053d6ed8e,0xe552fb52a4f19e44ef5a967632dbc320b0820639,Metis,semi_synthetic_delay_noise,,,,
eth_flow_0x400e55802849__r7fam23__inst01__synth_split_src,bnb_flow_0x322e7f41c46b__synth_split_a,962.620547946818,481.310273973409,1114,one_to_many,0.95,supervised_flow_pair,ETH,BNB,Poly,0x9e32b13ce7f2e80a01932b42553652e053d6ed8e,0xe552fb52a4f19e44ef5a967632dbc320b0820639,Metis,semi_synthetic_split,1,481.310273973409,481.310273973409,
eth_flow_0x400e55802849__r7fam23__inst01__synth_split_src,bnb_flow_0x322e7f41c46b__synth_split_b,962.620547946818,481.310273973409,1114,one_to_many,0.95,supervised_flow_pair,ETH,BNB,Poly,0x9e32b13ce7f2e80a01932b42553652e053d6ed8e,0xe552fb52a4f19e44ef5a967632dbc320b0820639,Metis,semi_synthetic_split,1,481.310273973409,481.310273973409,
eth_flow_0x400e55802849__r7fam23__inst01__synth_merge_src1,bnb_flow_0x322e7f41c46b__synth_merge_dst,481.310273973409,962.620547946818,1114,many_to_one,1.0,supervised_flow_pair,ETH,BNB,Poly,0x9e32b13ce7f2e80a01932b42553652e053d6ed8e,0xe552fb52a4f19e44ef5a967632dbc320b0820639,Metis,semi_synthetic_merge,,481.310273973409,481.310273973409,
eth_flow_0x400e55802849__r7fam23__inst01__synth_merge_src2,bnb_flow_0x322e7f41c46b__synth_merge_dst,481.310273973409,962.620547946818,1114,many_to_one,1.0,supervised_flow_pair,ETH,BNB,Poly,0x9e32b13ce7f2e80a01932b42553652e053d6ed8e,0xe552fb52a4f19e44ef5a967632dbc320b0820639,Metis,semi_synthetic_merge,,481.310273973409,481.310273973409,
eth_flow_0x400e55802849__r7fam23__inst01__synth_unmatched_src,bnb_flow_0x322e7f41c46b__synth_hidden_dst,962.6205479468181,0,1114,one_to_one,0.2,supervised_flow_pair,ETH,BNB,Poly,0x9e32b13ce7f2e80a01932b42553652e053d6ed8e,0xe552fb52a4f19e44ef5a967632dbc320b0820639,Metis,semi_synthetic_unmatched,,,0,0
eth_flow_0x400e55802849__r7fam23__inst01__synth_noise_src_0,bnb_flow_0x322e7f41c46b__synth_noise_dst_0,962.6205479468181,962.6205479468181,1174,one_to_one,0.2492,supervised_flow_pair,ETH,BNB,Poly,0x9e32b13ce7f2e80a01932b42553652e053d6ed8e,0xe552fb52a4f19e44ef5a967632dbc320b0820639,Metis,semi_synthetic_delay_noise,,,,
eth_flow_0x400e55802849__r7fam23__inst01__synth_noise_src_1,bnb_flow_0x322e7f41c46b__synth_noise_dst_1,962.6205479468181,962.6205479468181,1234,one_to_one,0.2426,supervised_flow_pair,ETH,BNB,Poly,0x9e32b13ce7f2e80a01932b42553652e053d6ed8e,0xe552fb52a4f19e44ef5a967632dbc320b0820639,Metis,semi_synthetic_delay_noise,,,,
