bridge,seed,k,epsilon,lambda,method,precision,recall,macro_edge_f1,micro_precision,micro_recall,micro_edge_f1,n_templates,n_pred_edges,tp_total,fp_total,fn_total,split_edge_f1,merge_edge_f1,overall_exact_total,n_edges_selected,support_violations,cost_matrix_sha256,plan_sha256,solver_run_id,solver_iterations,solver_converged,solver_final_residual,solver_cache_hit,mass_retained_fraction,transport_mass_total,n_templates_expected,status,unit_id,git_head,config_sha256,run_id,runtime_sec
Celer,201,2,0.05,0.5,AMOUNT_FREE_COST_D4,0.5,0.3333333333333333,0.39999999999999997,0.5,0.3333333333333333,0.4,48,192,96,96,192,0.6666666666666666,0.0,0,192,0,99df17ae7a2830918bea2515e656e63e839e7c9ce07d1ab39f694183f6180650,2cb6b6592e438ca82845aa95e25c186df240ef86b2db262f52f3805c5498bf90,unit__Celer__s201__99df17ae7a28,131,True,8.959816442786158e-12,False,0.7247254219405795,0.7247254219405795,48,ok,Celer__s201,d5cd14d8051263b49b01b10ad36e6033b2ec3219,2733d2f5b24d685ca7eba667932a32a2eb96b43459c7d2e49b30c8af70b6f031,2026-09-17T05:22:28Z__pid12112,
Celer,201,2,0.05,0.5,CONDITIONAL_UOT_D4,0.4427083333333333,0.29513888888888884,0.3541666666666667,0.4427083333333333,0.2951388888888889,0.3541666666666667,48,192,85,107,203,0.5833333333333333,0.008333333333333333,0,192,0,99df17ae7a2830918bea2515e656e63e839e7c9ce07d1ab39f694183f6180650,2cb6b6592e438ca82845aa95e25c186df240ef86b2db262f52f3805c5498bf90,unit__Celer__s201__99df17ae7a28,131,True,8.959816442786158e-12,False,0.7247254219405795,0.7247254219405795,48,ok,Celer__s201,d5cd14d8051263b49b01b10ad36e6033b2ec3219,2733d2f5b24d685ca7eba667932a32a2eb96b43459c7d2e49b30c8af70b6f031,2026-09-17T05:22:28Z__pid12112,
Celer,201,2,0.05,0.5,RAW_UOT_PLAN_D4,0.0,0.0,0.0,0.0,0.0,0.0,48,180,0,180,288,0.0,0.0,0,180,0,99df17ae7a2830918bea2515e656e63e839e7c9ce07d1ab39f694183f6180650,2cb6b6592e438ca82845aa95e25c186df240ef86b2db262f52f3805c5498bf90,unit__Celer__s201__99df17ae7a28,131,True,8.959816442786158e-12,False,0.7247254219405795,0.7247254219405795,48,ok,Celer__s201,d5cd14d8051263b49b01b10ad36e6033b2ec3219,2733d2f5b24d685ca7eba667932a32a2eb96b43459c7d2e49b30c8af70b6f031,2026-09-17T05:22:28Z__pid12112,
Celer,201,2,0.05,0.5,SUPPORT_PLUS_K_D4,0.4791666666666667,0.3194444444444444,0.3833333333333333,0.5,0.3194444444444444,0.3898305084745763,48,184,92,92,196,0.6388888888888888,0.0,0,184,0,99df17ae7a2830918bea2515e656e63e839e7c9ce07d1ab39f694183f6180650,2cb6b6592e438ca82845aa95e25c186df240ef86b2db262f52f3805c5498bf90,unit__Celer__s201__99df17ae7a28,131,True,8.959816442786158e-12,False,0.7247254219405795,0.7247254219405795,48,ok,Celer__s201,d5cd14d8051263b49b01b10ad36e6033b2ec3219,2733d2f5b24d685ca7eba667932a32a2eb96b43459c7d2e49b30c8af70b6f031,2026-09-17T05:22:28Z__pid12112,
Celer,201,3,0.05,0.5,AMOUNT_FREE_COST_D4,0.4444444444444445,0.6666666666666666,0.5333333333333333,0.4444444444444444,0.6666666666666666,0.5333333333333333,48,432,192,240,96,0.4444444444444445,0.4444444444444445,0,432,0,99df17ae7a2830918bea2515e656e63e839e7c9ce07d1ab39f694183f6180650,2cb6b6592e438ca82845aa95e25c186df240ef86b2db262f52f3805c5498bf90,unit__Celer__s201__99df17ae7a28,131,True,8.959816442786158e-12,False,0.7247254219405795,0.7247254219405795,48,ok,Celer__s201,d5cd14d8051263b49b01b10ad36e6033b2ec3219,2733d2f5b24d685ca7eba667932a32a2eb96b43459c7d2e49b30c8af70b6f031,2026-09-17T05:22:28Z__pid12112,
Celer,201,3,0.05,0.5,CONDITIONAL_UOT_D4,0.41203703703703703,0.6180555555555555,0.4944444444444444,0.41203703703703703,0.6180555555555556,0.49444444444444446,48,432,178,254,110,0.42261904761904767,0.4067460317460318,0,432,0,99df17ae7a2830918bea2515e656e63e839e7c9ce07d1ab39f694183f6180650,2cb6b6592e438ca82845aa95e25c186df240ef86b2db262f52f3805c5498bf90,unit__Celer__s201__99df17ae7a28,131,True,8.959816442786158e-12,False,0.7247254219405795,0.7247254219405795,48,ok,Celer__s201,d5cd14d8051263b49b01b10ad36e6033b2ec3219,2733d2f5b24d685ca7eba667932a32a2eb96b43459c7d2e49b30c8af70b6f031,2026-09-17T05:22:28Z__pid12112,
Celer,201,3,0.05,0.5,RAW_UOT_PLAN_D4,0.10416666666666667,0.15624999999999997,0.125,0.1111111111111111,0.15625,0.12987012987012986,48,405,45,360,243,0.0,0.0,0,405,0,99df17ae7a2830918bea2515e656e63e839e7c9ce07d1ab39f694183f6180650,2cb6b6592e438ca82845aa95e25c186df240ef86b2db262f52f3805c5498bf90,unit__Celer__s201__99df17ae7a28,131,True,8.959816442786158e-12,False,0.7247254219405795,0.7247254219405795,48,ok,Celer__s201,d5cd14d8051263b49b01b10ad36e6033b2ec3219,2733d2f5b24d685ca7eba667932a32a2eb96b43459c7d2e49b30c8af70b6f031,2026-09-17T05:22:28Z__pid12112,
Celer,201,3,0.05,0.5,SUPPORT_PLUS_K_D4,0.425925925925926,0.6388888888888888,0.5111111111111111,0.4444444444444444,0.6388888888888888,0.5242165242165242,48,414,184,230,104,0.425925925925926,0.425925925925926,0,414,0,99df17ae7a2830918bea2515e656e63e839e7c9ce07d1ab39f694183f6180650,2cb6b6592e438ca82845aa95e25c186df240ef86b2db262f52f3805c5498bf90,unit__Celer__s201__99df17ae7a28,131,True,8.959816442786158e-12,False,0.7247254219405795,0.7247254219405795,48,ok,Celer__s201,d5cd14d8051263b49b01b10ad36e6033b2ec3219,2733d2f5b24d685ca7eba667932a32a2eb96b43459c7d2e49b30c8af70b6f031,2026-09-17T05:22:28Z__pid12112,
Celer,201,5,0.05,0.5,AMOUNT_FREE_COST_D4,0.19999999999999998,0.8333333333333334,0.3225806451612903,0.2,0.8333333333333334,0.3225806451612903,48,1200,240,960,48,0.26666666666666666,0.26666666666666666,0,1200,0,99df17ae7a2830918bea2515e656e63e839e7c9ce07d1ab39f694183f6180650,2cb6b6592e438ca82845aa95e25c186df240ef86b2db262f52f3805c5498bf90,unit__Celer__s201__99df17ae7a28,131,True,8.959816442786158e-12,False,0.7247254219405795,0.7247254219405795,48,ok,Celer__s201,d5cd14d8051263b49b01b10ad36e6033b2ec3219,2733d2f5b24d685ca7eba667932a32a2eb96b43459c7d2e49b30c8af70b6f031,2026-09-17T05:22:28Z__pid12112,
Celer,201,5,0.05,0.5,CONDITIONAL_UOT_D4,0.19833333333333333,0.8263888888888888,0.3198924731182795,0.19833333333333333,0.8263888888888888,0.31989247311827956,48,1200,238,962,50,0.26666666666666666,0.2640061327561327,0,1200,0,99df17ae7a2830918bea2515e656e63e839e7c9ce07d1ab39f694183f6180650,2cb6b6592e438ca82845aa95e25c186df240ef86b2db262f52f3805c5498bf90,unit__Celer__s201__99df17ae7a28,131,True,8.959816442786158e-12,False,0.7247254219405795,0.7247254219405795,48,ok,Celer__s201,d5cd14d8051263b49b01b10ad36e6033b2ec3219,2733d2f5b24d685ca7eba667932a32a2eb96b43459c7d2e49b30c8af70b6f031,2026-09-17T05:22:28Z__pid12112,
Celer,201,5,0.05,0.5,RAW_UOT_PLAN_D4,0.14979166666666668,0.6215277777777777,0.24136683209263854,0.15982142857142856,0.6215277777777778,0.25426136363636365,48,1120,179,941,109,0.16666666666666666,0.17083333333333336,0,1120,0,99df17ae7a2830918bea2515e656e63e839e7c9ce07d1ab39f694183f6180650,2cb6b6592e438ca82845aa95e25c186df240ef86b2db262f52f3805c5498bf90,unit__Celer__s201__99df17ae7a28,131,True,8.959816442786158e-12,False,0.7247254219405795,0.7247254219405795,48,ok,Celer__s201,d5cd14d8051263b49b01b10ad36e6033b2ec3219,2733d2f5b24d685ca7eba667932a32a2eb96b43459c7d2e49b30c8af70b6f031,2026-09-17T05:22:28Z__pid12112,
Celer,201,5,0.05,0.5,SUPPORT_PLUS_K_D4,0.19166666666666665,0.7986111111111112,0.3091397849462365,0.2,0.7986111111111112,0.3198887343532684,48,1150,230,920,58,0.25555555555555554,0.25555555555555554,0,1150,0,99df17ae7a2830918bea2515e656e63e839e7c9ce07d1ab39f694183f6180650,2cb6b6592e438ca82845aa95e25c186df240ef86b2db262f52f3805c5498bf90,unit__Celer__s201__99df17ae7a28,131,True,8.959816442786158e-12,False,0.7247254219405795,0.7247254219405795,48,ok,Celer__s201,d5cd14d8051263b49b01b10ad36e6033b2ec3219,2733d2f5b24d685ca7eba667932a32a2eb96b43459c7d2e49b30c8af70b6f031,2026-09-17T05:22:28Z__pid12112,
Celer,201,7,0.05,0.5,AMOUNT_FREE_COST_D4,0.16535285285285284,1.0,0.2837763012181616,0.1653272101033295,1.0,0.28374384236453204,48,1742,288,1454,0,0.2155214424951267,0.22222222222222224,0,1742,0,99df17ae7a2830918bea2515e656e63e839e7c9ce07d1ab39f694183f6180650,2cb6b6592e438ca82845aa95e25c186df240ef86b2db262f52f3805c5498bf90,unit__Celer__s201__99df17ae7a28,131,True,8.959816442786158e-12,False,0.7247254219405795,0.7247254219405795,48,ok,Celer__s201,d5cd14d8051263b49b01b10ad36e6033b2ec3219,2733d2f5b24d685ca7eba667932a32a2eb96b43459c7d2e49b30c8af70b6f031,2026-09-17T05:22:28Z__pid12112,
Celer,201,7,0.05,0.5,CONDITIONAL_UOT_D4,0.16600975975975973,1.0,0.2847452934662236,0.1659942363112392,1.0,0.2847256549678695,48,1735,288,1447,0,0.21978557504873295,0.22222222222222224,0,1735,0,99df17ae7a2830918bea2515e656e63e839e7c9ce07d1ab39f694183f6180650,2cb6b6592e438ca82845aa95e25c186df240ef86b2db262f52f3805c5498bf90,unit__Celer__s201__99df17ae7a28,131,True,8.959816442786158e-12,False,0.7247254219405795,0.7247254219405795,48,ok,Celer__s201,d5cd14d8051263b49b01b10ad36e6033b2ec3219,2733d2f5b24d685ca7eba667932a32a2eb96b43459c7d2e49b30c8af70b6f031,2026-09-17T05:22:28Z__pid12112,
Celer,201,7,0.05,0.5,RAW_UOT_PLAN_D4,0.1554054054054054,0.9305555555555557,0.2662144702842377,0.16573902288188003,0.9305555555555556,0.28136482939632546,48,1617,268,1349,20,0.20175438596491227,0.20795043163464214,0,1617,0,99df17ae7a2830918bea2515e656e63e839e7c9ce07d1ab39f694183f6180650,2cb6b6592e438ca82845aa95e25c186df240ef86b2db262f52f3805c5498bf90,unit__Celer__s201__99df17ae7a28,131,True,8.959816442786158e-12,False,0.7247254219405795,0.7247254219405795,48,ok,Celer__s201,d5cd14d8051263b49b01b10ad36e6033b2ec3219,2733d2f5b24d685ca7eba667932a32a2eb96b43459c7d2e49b30c8af70b6f031,2026-09-17T05:22:28Z__pid12112,
Celer,201,7,0.05,0.5,SUPPORT_PLUS_K_D4,0.15859609609609607,0.9583333333333334,0.2721483942414175,0.16546762589928057,0.9583333333333334,0.2822085889570552,48,1668,276,1392,12,0.2071881091617934,0.212962962962963,0,1668,0,99df17ae7a2830918bea2515e656e63e839e7c9ce07d1ab39f694183f6180650,2cb6b6592e438ca82845aa95e25c186df240ef86b2db262f52f3805c5498bf90,unit__Celer__s201__99df17ae7a28,131,True,8.959816442786158e-12,False,0.7247254219405795,0.7247254219405795,48,ok,Celer__s201,d5cd14d8051263b49b01b10ad36e6033b2ec3219,2733d2f5b24d685ca7eba667932a32a2eb96b43459c7d2e49b30c8af70b6f031,2026-09-17T05:22:28Z__pid12112,
Celer,201,10,0.05,0.5,AMOUNT_FREE_COST_D4,0.1517094017094017,1.0,0.26272577996715923,0.14754098360655737,1.0,0.2571428571428571,48,1952,288,1664,0,0.19256669256669257,0.19256669256669257,0,1952,0,99df17ae7a2830918bea2515e656e63e839e7c9ce07d1ab39f694183f6180650,2cb6b6592e438ca82845aa95e25c186df240ef86b2db262f52f3805c5498bf90,unit__Celer__s201__99df17ae7a28,131,True,8.959816442786158e-12,False,0.7247254219405795,0.7247254219405795,48,ok,Celer__s201,d5cd14d8051263b49b01b10ad36e6033b2ec3219,2733d2f5b24d685ca7eba667932a32a2eb96b43459c7d2e49b30c8af70b6f031,2026-09-17T05:22:28Z__pid12112,
Celer,201,10,0.05,0.5,CONDITIONAL_UOT_D4,0.15918803418803418,1.0,0.27422003284072244,0.1565217391304348,1.0,0.2706766917293233,48,1840,288,1552,0,0.2071872571872572,0.21004921004921004,0,1840,0,99df17ae7a2830918bea2515e656e63e839e7c9ce07d1ab39f694183f6180650,2cb6b6592e438ca82845aa95e25c186df240ef86b2db262f52f3805c5498bf90,unit__Celer__s201__99df17ae7a28,131,True,8.959816442786158e-12,False,0.7247254219405795,0.7247254219405795,48,ok,Celer__s201,d5cd14d8051263b49b01b10ad36e6033b2ec3219,2733d2f5b24d685ca7eba667932a32a2eb96b43459c7d2e49b30c8af70b6f031,2026-09-17T05:22:28Z__pid12112,
Celer,201,10,0.05,0.5,RAW_UOT_PLAN_D4,0.1466346153846154,0.9305555555555557,0.25268199233716476,0.15296803652968036,0.9305555555555556,0.2627450980392157,48,1752,268,1484,20,0.19612794612794615,0.20208032708032708,0,1752,0,99df17ae7a2830918bea2515e656e63e839e7c9ce07d1ab39f694183f6180650,2cb6b6592e438ca82845aa95e25c186df240ef86b2db262f52f3805c5498bf90,unit__Celer__s201__99df17ae7a28,131,True,8.959816442786158e-12,False,0.7247254219405795,0.7247254219405795,48,ok,Celer__s201,d5cd14d8051263b49b01b10ad36e6033b2ec3219,2733d2f5b24d685ca7eba667932a32a2eb96b43459c7d2e49b30c8af70b6f031,2026-09-17T05:22:28Z__pid12112,
Celer,201,10,0.05,0.5,SUPPORT_PLUS_K_D4,0.14673000610500608,0.9583333333333334,0.25382700354891674,0.1490280777537797,0.9583333333333334,0.25794392523364484,48,1852,276,1576,12,0.187011137011137,0.187011137011137,0,1852,0,99df17ae7a2830918bea2515e656e63e839e7c9ce07d1ab39f694183f6180650,2cb6b6592e438ca82845aa95e25c186df240ef86b2db262f52f3805c5498bf90,unit__Celer__s201__99df17ae7a28,131,True,8.959816442786158e-12,False,0.7247254219405795,0.7247254219405795,48,ok,Celer__s201,d5cd14d8051263b49b01b10ad36e6033b2ec3219,2733d2f5b24d685ca7eba667932a32a2eb96b43459c7d2e49b30c8af70b6f031,2026-09-17T05:22:28Z__pid12112,
Celer,201,15,0.05,0.5,AMOUNT_FREE_COST_D4,0.13506393298059963,1.0,0.23559538053775309,0.11940298507462686,1.0,0.21333333333333335,48,2412,288,2124,0,0.16824988283321615,0.16924264007597337,0,2412,0,99df17ae7a2830918bea2515e656e63e839e7c9ce07d1ab39f694183f6180650,2cb6b6592e438ca82845aa95e25c186df240ef86b2db262f52f3805c5498bf90,unit__Celer__s201__99df17ae7a28,131,True,8.959816442786158e-12,False,0.7247254219405795,0.7247254219405795,48,ok,Celer__s201,d5cd14d8051263b49b01b10ad36e6033b2ec3219,2733d2f5b24d685ca7eba667932a32a2eb96b43459c7d2e49b30c8af70b6f031,2026-09-17T05:22:28Z__pid12112,
Celer,201,15,0.05,0.5,CONDITIONAL_UOT_D4,0.1524856701940035,1.0,0.2632217974117336,0.1415929203539823,1.0,0.24806201550387597,48,2034,288,1746,0,0.20020943562610227,0.1997685185185185,0,2034,0,99df17ae7a2830918bea2515e656e63e839e7c9ce07d1ab39f694183f6180650,2cb6b6592e438ca82845aa95e25c186df240ef86b2db262f52f3805c5498bf90,unit__Celer__s201__99df17ae7a28,131,True,8.959816442786158e-12,False,0.7247254219405795,0.7247254219405795,48,ok,Celer__s201,d5cd14d8051263b49b01b10ad36e6033b2ec3219,2733d2f5b24d685ca7eba667932a32a2eb96b43459c7d2e49b30c8af70b6f031,2026-09-17T05:22:28Z__pid12112,
Celer,201,15,0.05,0.5,RAW_UOT_PLAN_D4,0.1419442520267992,0.9479166666666666,0.24507374364751677,0.13697942799799298,0.9479166666666666,0.23936869793950022,48,1993,273,1720,15,0.1823840833515756,0.18985985335181163,0,1993,0,99df17ae7a2830918bea2515e656e63e839e7c9ce07d1ab39f694183f6180650,2cb6b6592e438ca82845aa95e25c186df240ef86b2db262f52f3805c5498bf90,unit__Celer__s201__99df17ae7a28,131,True,8.959816442786158e-12,False,0.7247254219405795,0.7247254219405795,48,ok,Celer__s201,d5cd14d8051263b49b01b10ad36e6033b2ec3219,2733d2f5b24d685ca7eba667932a32a2eb96b43459c7d2e49b30c8af70b6f031,2026-09-17T05:22:28Z__pid12112,
Celer,201,15,0.05,0.5,SUPPORT_PLUS_K_D4,0.12956194371107319,0.9583333333333334,0.22606451751690118,0.12,0.9583333333333334,0.2132921174652241,48,2300,276,2024,12,0.16059729010096657,0.1627325413783747,0,2300,0,99df17ae7a2830918bea2515e656e63e839e7c9ce07d1ab39f694183f6180650,2cb6b6592e438ca82845aa95e25c186df240ef86b2db262f52f3805c5498bf90,unit__Celer__s201__99df17ae7a28,131,True,8.959816442786158e-12,False,0.7247254219405795,0.7247254219405795,48,ok,Celer__s201,d5cd14d8051263b49b01b10ad36e6033b2ec3219,2733d2f5b24d685ca7eba667932a32a2eb96b43459c7d2e49b30c8af70b6f031,2026-09-17T05:22:28Z__pid12112,
Celer,202,2,0.05,0.5,AMOUNT_FREE_COST_D4,0.5,0.3333333333333333,0.39999999999999997,0.5,0.3333333333333333,0.4,48,192,96,96,192,0.6666666666666666,0.0,0,192,0,2b4576b33c880c17b594d8a81ec868c2b2b093b86d4d78a1d74a487d79d1f662,d39aa1f9ea94fe35d3c12c1fa5713b02fdc7a0cea7f71cedc12bbbbeee36336a,unit__Celer__s202__2b4576b33c88,129,True,9.213377826959381e-12,False,0.7868493050223937,0.7868493050223935,48,ok,Celer__s202,d5cd14d8051263b49b01b10ad36e6033b2ec3219,2733d2f5b24d685ca7eba667932a32a2eb96b43459c7d2e49b30c8af70b6f031,2026-09-17T05:22:30Z__pid12112,
Celer,202,2,0.05,0.5,CONDITIONAL_UOT_D4,0.4322916666666667,0.2881944444444444,0.3458333333333334,0.4322916666666667,0.2881944444444444,0.3458333333333333,48,192,83,109,205,0.5694444444444443,0.008333333333333333,0,192,0,2b4576b33c880c17b594d8a81ec868c2b2b093b86d4d78a1d74a487d79d1f662,d39aa1f9ea94fe35d3c12c1fa5713b02fdc7a0cea7f71cedc12bbbbeee36336a,unit__Celer__s202__2b4576b33c88,129,True,9.213377826959381e-12,False,0.7868493050223937,0.7868493050223935,48,ok,Celer__s202,d5cd14d8051263b49b01b10ad36e6033b2ec3219,2733d2f5b24d685ca7eba667932a32a2eb96b43459c7d2e49b30c8af70b6f031,2026-09-17T05:22:30Z__pid12112,
Celer,202,2,0.05,0.5,RAW_UOT_PLAN_D4,0.0,0.0,0.0,0.0,0.0,0.0,48,172,0,172,288,0.0,0.0,0,172,0,2b4576b33c880c17b594d8a81ec868c2b2b093b86d4d78a1d74a487d79d1f662,d39aa1f9ea94fe35d3c12c1fa5713b02fdc7a0cea7f71cedc12bbbbeee36336a,unit__Celer__s202__2b4576b33c88,129,True,9.213377826959381e-12,False,0.7868493050223937,0.7868493050223935,48,ok,Celer__s202,d5cd14d8051263b49b01b10ad36e6033b2ec3219,2733d2f5b24d685ca7eba667932a32a2eb96b43459c7d2e49b30c8af70b6f031,2026-09-17T05:22:30Z__pid12112,
Celer,202,2,0.05,0.5,SUPPORT_PLUS_K_D4,0.4375,0.2951388888888889,0.3520833333333333,0.4885057471264368,0.2951388888888889,0.36796536796536794,48,174,85,89,203,0.5833333333333334,0.010416666666666666,0,174,0,2b4576b33c880c17b594d8a81ec868c2b2b093b86d4d78a1d74a487d79d1f662,d39aa1f9ea94fe35d3c12c1fa5713b02fdc7a0cea7f71cedc12bbbbeee36336a,unit__Celer__s202__2b4576b33c88,129,True,9.213377826959381e-12,False,0.7868493050223937,0.7868493050223935,48,ok,Celer__s202,d5cd14d8051263b49b01b10ad36e6033b2ec3219,2733d2f5b24d685ca7eba667932a32a2eb96b43459c7d2e49b30c8af70b6f031,2026-09-17T05:22:30Z__pid12112,
Celer,202,3,0.05,0.5,AMOUNT_FREE_COST_D4,0.4444444444444445,0.6666666666666666,0.5333333333333333,0.4444444444444444,0.6666666666666666,0.5333333333333333,48,432,192,240,96,0.4444444444444445,0.4444444444444445,0,432,0,2b4576b33c880c17b594d8a81ec868c2b2b093b86d4d78a1d74a487d79d1f662,d39aa1f9ea94fe35d3c12c1fa5713b02fdc7a0cea7f71cedc12bbbbeee36336a,unit__Celer__s202__2b4576b33c88,129,True,9.213377826959381e-12,False,0.7868493050223937,0.7868493050223935,48,ok,Celer__s202,d5cd14d8051263b49b01b10ad36e6033b2ec3219,2733d2f5b24d685ca7eba667932a32a2eb96b43459c7d2e49b30c8af70b6f031,2026-09-17T05:22:30Z__pid12112,
Celer,202,3,0.05,0.5,CONDITIONAL_UOT_D4,0.3842592592592593,0.5763888888888888,0.4611111111111111,0.38425925925925924,0.5763888888888888,0.46111111111111114,48,432,166,266,122,0.38558201058201064,0.38822751322751325,0,432,0,2b4576b33c880c17b594d8a81ec868c2b2b093b86d4d78a1d74a487d79d1f662,d39aa1f9ea94fe35d3c12c1fa5713b02fdc7a0cea7f71cedc12bbbbeee36336a,unit__Celer__s202__2b4576b33c88,129,True,9.213377826959381e-12,False,0.7868493050223937,0.7868493050223935,48,ok,Celer__s202,d5cd14d8051263b49b01b10ad36e6033b2ec3219,2733d2f5b24d685ca7eba667932a32a2eb96b43459c7d2e49b30c8af70b6f031,2026-09-17T05:22:30Z__pid12112,
Celer,202,3,0.05,0.5,RAW_UOT_PLAN_D4,0.09953703703703705,0.14930555555555555,0.11944444444444442,0.1111111111111111,0.14930555555555555,0.1274074074074074,48,387,43,344,245,0.0,0.0,0,387,0,2b4576b33c880c17b594d8a81ec868c2b2b093b86d4d78a1d74a487d79d1f662,d39aa1f9ea94fe35d3c12c1fa5713b02fdc7a0cea7f71cedc12bbbbeee36336a,unit__Celer__s202__2b4576b33c88,129,True,9.213377826959381e-12,False,0.7868493050223937,0.7868493050223935,48,ok,Celer__s202,d5cd14d8051263b49b01b10ad36e6033b2ec3219,2733d2f5b24d685ca7eba667932a32a2eb96b43459c7d2e49b30c8af70b6f031,2026-09-17T05:22:30Z__pid12112,
Celer,202,3,0.05,0.5,SUPPORT_PLUS_K_D4,0.38835470085470086,0.5868055555555555,0.46710526315789475,0.4322250639386189,0.5868055555555556,0.49779086892488955,48,391,169,222,119,0.3888888888888889,0.3888888888888889,0,391,0,2b4576b33c880c17b594d8a81ec868c2b2b093b86d4d78a1d74a487d79d1f662,d39aa1f9ea94fe35d3c12c1fa5713b02fdc7a0cea7f71cedc12bbbbeee36336a,unit__Celer__s202__2b4576b33c88,129,True,9.213377826959381e-12,False,0.7868493050223937,0.7868493050223935,48,ok,Celer__s202,d5cd14d8051263b49b01b10ad36e6033b2ec3219,2733d2f5b24d685ca7eba667932a32a2eb96b43459c7d2e49b30c8af70b6f031,2026-09-17T05:22:30Z__pid12112,
Celer,202,5,0.05,0.5,AMOUNT_FREE_COST_D4,0.19999999999999998,0.8333333333333334,0.3225806451612903,0.2,0.8333333333333334,0.3225806451612903,48,1200,240,960,48,0.26666666666666666,0.26666666666666666,0,1200,0,2b4576b33c880c17b594d8a81ec868c2b2b093b86d4d78a1d74a487d79d1f662,d39aa1f9ea94fe35d3c12c1fa5713b02fdc7a0cea7f71cedc12bbbbeee36336a,unit__Celer__s202__2b4576b33c88,129,True,9.213377826959381e-12,False,0.7868493050223937,0.7868493050223935,48,ok,Celer__s202,d5cd14d8051263b49b01b10ad36e6033b2ec3219,2733d2f5b24d685ca7eba667932a32a2eb96b43459c7d2e49b30c8af70b6f031,2026-09-17T05:22:30Z__pid12112,
Celer,202,5,0.05,0.5,CONDITIONAL_UOT_D4,0.19500000000000003,0.8125,0.314516129032258,0.195,0.8125,0.31451612903225806,48,1200,234,966,54,0.26666666666666666,0.255275974025974,0,1200,0,2b4576b33c880c17b594d8a81ec868c2b2b093b86d4d78a1d74a487d79d1f662,d39aa1f9ea94fe35d3c12c1fa5713b02fdc7a0cea7f71cedc12bbbbeee36336a,unit__Celer__s202__2b4576b33c88,129,True,9.213377826959381e-12,False,0.7868493050223937,0.7868493050223935,48,ok,Celer__s202,d5cd14d8051263b49b01b10ad36e6033b2ec3219,2733d2f5b24d685ca7eba667932a32a2eb96b43459c7d2e49b30c8af70b6f031,2026-09-17T05:22:30Z__pid12112,
Celer,202,5,0.05,0.5,RAW_UOT_PLAN_D4,0.14312500000000003,0.59375,0.23061414392059554,0.15981308411214953,0.59375,0.25184094256259204,48,1070,171,899,117,0.1590909090909091,0.16325757575757577,0,1070,0,2b4576b33c880c17b594d8a81ec868c2b2b093b86d4d78a1d74a487d79d1f662,d39aa1f9ea94fe35d3c12c1fa5713b02fdc7a0cea7f71cedc12bbbbeee36336a,unit__Celer__s202__2b4576b33c88,129,True,9.213377826959381e-12,False,0.7868493050223937,0.7868493050223935,48,ok,Celer__s202,d5cd14d8051263b49b01b10ad36e6033b2ec3219,2733d2f5b24d685ca7eba667932a32a2eb96b43459c7d2e49b30c8af70b6f031,2026-09-17T05:22:30Z__pid12112,
Celer,202,5,0.05,0.5,SUPPORT_PLUS_K_D4,0.17760416666666667,0.7361111111111112,0.28604594330400784,0.19887429643527205,0.7361111111111112,0.31314623338257014,48,1066,212,854,76,0.23418803418803416,0.23418803418803416,0,1066,0,2b4576b33c880c17b594d8a81ec868c2b2b093b86d4d78a1d74a487d79d1f662,d39aa1f9ea94fe35d3c12c1fa5713b02fdc7a0cea7f71cedc12bbbbeee36336a,unit__Celer__s202__2b4576b33c88,129,True,9.213377826959381e-12,False,0.7868493050223937,0.7868493050223935,48,ok,Celer__s202,d5cd14d8051263b49b01b10ad36e6033b2ec3219,2733d2f5b24d685ca7eba667932a32a2eb96b43459c7d2e49b30c8af70b6f031,2026-09-17T05:22:30Z__pid12112,
Celer,202,7,0.05,0.5,AMOUNT_FREE_COST_D4,0.16544669669669668,1.0,0.28391472868217055,0.16542217116599656,1.0,0.2838836865450961,48,1741,288,1453,0,0.21598440545808964,0.22222222222222224,0,1741,0,2b4576b33c880c17b594d8a81ec868c2b2b093b86d4d78a1d74a487d79d1f662,d39aa1f9ea94fe35d3c12c1fa5713b02fdc7a0cea7f71cedc12bbbbeee36336a,unit__Celer__s202__2b4576b33c88,129,True,9.213377826959381e-12,False,0.7868493050223937,0.7868493050223935,48,ok,Celer__s202,d5cd14d8051263b49b01b10ad36e6033b2ec3219,2733d2f5b24d685ca7eba667932a32a2eb96b43459c7d2e49b30c8af70b6f031,2026-09-17T05:22:30Z__pid12112,
Celer,202,7,0.05,0.5,CONDITIONAL_UOT_D4,0.16572822822822822,1.0,0.2843300110741971,0.16570771001150747,1.0,0.2843040473840079,48,1738,288,1450,0,0.2181286549707602,0.22222222222222224,0,1738,0,2b4576b33c880c17b594d8a81ec868c2b2b093b86d4d78a1d74a487d79d1f662,d39aa1f9ea94fe35d3c12c1fa5713b02fdc7a0cea7f71cedc12bbbbeee36336a,unit__Celer__s202__2b4576b33c88,129,True,9.213377826959381e-12,False,0.7868493050223937,0.7868493050223935,48,ok,Celer__s202,d5cd14d8051263b49b01b10ad36e6033b2ec3219,2733d2f5b24d685ca7eba667932a32a2eb96b43459c7d2e49b30c8af70b6f031,2026-09-17T05:22:30Z__pid12112,
Celer,202,7,0.05,0.5,RAW_UOT_PLAN_D4,0.14893018018018014,0.888888888888889,0.2550018456995201,0.16612589227774172,0.8888888888888888,0.2799343903772553,48,1541,256,1285,32,0.19395711500974658,0.19990949596212756,0,1541,0,2b4576b33c880c17b594d8a81ec868c2b2b093b86d4d78a1d74a487d79d1f662,d39aa1f9ea94fe35d3c12c1fa5713b02fdc7a0cea7f71cedc12bbbbeee36336a,unit__Celer__s202__2b4576b33c88,129,True,9.213377826959381e-12,False,0.7868493050223937,0.7868493050223935,48,ok,Celer__s202,d5cd14d8051263b49b01b10ad36e6033b2ec3219,2733d2f5b24d685ca7eba667932a32a2eb96b43459c7d2e49b30c8af70b6f031,2026-09-17T05:22:30Z__pid12112,
Celer,202,7,0.05,0.5,SUPPORT_PLUS_K_D4,0.14761574897265686,0.8819444444444443,0.25271405257329366,0.16536458333333334,0.8819444444444444,0.27850877192982454,48,1536,254,1282,34,0.19238025619604568,0.19479253689780004,0,1536,0,2b4576b33c880c17b594d8a81ec868c2b2b093b86d4d78a1d74a487d79d1f662,d39aa1f9ea94fe35d3c12c1fa5713b02fdc7a0cea7f71cedc12bbbbeee36336a,unit__Celer__s202__2b4576b33c88,129,True,9.213377826959381e-12,False,0.7868493050223937,0.7868493050223935,48,ok,Celer__s202,d5cd14d8051263b49b01b10ad36e6033b2ec3219,2733d2f5b24d685ca7eba667932a32a2eb96b43459c7d2e49b30c8af70b6f031,2026-09-17T05:22:30Z__pid12112,
Celer,202,10,0.05,0.5,AMOUNT_FREE_COST_D4,0.15277777777777776,1.0,0.264367816091954,0.1487603305785124,1.0,0.2589928057553957,48,1936,288,1648,0,0.19441854441854442,0.19441854441854445,0,1936,0,2b4576b33c880c17b594d8a81ec868c2b2b093b86d4d78a1d74a487d79d1f662,d39aa1f9ea94fe35d3c12c1fa5713b02fdc7a0cea7f71cedc12bbbbeee36336a,unit__Celer__s202__2b4576b33c88,129,True,9.213377826959381e-12,False,0.7868493050223937,0.7868493050223935,48,ok,Celer__s202,d5cd14d8051263b49b01b10ad36e6033b2ec3219,2733d2f5b24d685ca7eba667932a32a2eb96b43459c7d2e49b30c8af70b6f031,2026-09-17T05:22:30Z__pid12112,
Celer,202,10,0.05,0.5,CONDITIONAL_UOT_D4,0.15598290598290596,1.0,0.2692939244663382,0.15254237288135594,1.0,0.2647058823529412,48,1888,288,1600,0,0.2012173012173012,0.20392385392385393,0,1888,0,2b4576b33c880c17b594d8a81ec868c2b2b093b86d4d78a1d74a487d79d1f662,d39aa1f9ea94fe35d3c12c1fa5713b02fdc7a0cea7f71cedc12bbbbeee36336a,unit__Celer__s202__2b4576b33c88,129,True,9.213377826959381e-12,False,0.7868493050223937,0.7868493050223935,48,ok,Celer__s202,d5cd14d8051263b49b01b10ad36e6033b2ec3219,2733d2f5b24d685ca7eba667932a32a2eb96b43459c7d2e49b30c8af70b6f031,2026-09-17T05:22:30Z__pid12112,
Celer,202,10,0.05,0.5,RAW_UOT_PLAN_D4,0.14763621794871792,0.9027777777777777,0.2531721152410807,0.1597051597051597,0.9027777777777778,0.27139874739039666,48,1628,260,1368,28,0.19570707070707072,0.19654882154882158,0,1628,0,2b4576b33c880c17b594d8a81ec868c2b2b093b86d4d78a1d74a487d79d1f662,d39aa1f9ea94fe35d3c12c1fa5713b02fdc7a0cea7f71cedc12bbbbeee36336a,unit__Celer__s202__2b4576b33c88,129,True,9.213377826959381e-12,False,0.7868493050223937,0.7868493050223935,48,ok,Celer__s202,d5cd14d8051263b49b01b10ad36e6033b2ec3219,2733d2f5b24d685ca7eba667932a32a2eb96b43459c7d2e49b30c8af70b6f031,2026-09-17T05:22:30Z__pid12112,
Celer,202,10,0.05,0.5,SUPPORT_PLUS_K_D4,0.137263431013431,0.8819444444444443,0.2369674518792023,0.14976415094339623,0.8819444444444444,0.2560483870967742,48,1696,254,1442,34,0.1809005809005809,0.18021423021423022,0,1696,0,2b4576b33c880c17b594d8a81ec868c2b2b093b86d4d78a1d74a487d79d1f662,d39aa1f9ea94fe35d3c12c1fa5713b02fdc7a0cea7f71cedc12bbbbeee36336a,unit__Celer__s202__2b4576b33c88,129,True,9.213377826959381e-12,False,0.7868493050223937,0.7868493050223935,48,ok,Celer__s202,d5cd14d8051263b49b01b10ad36e6033b2ec3219,2733d2f5b24d685ca7eba667932a32a2eb96b43459c7d2e49b30c8af70b6f031,2026-09-17T05:22:30Z__pid12112,
Celer,202,15,0.05,0.5,AMOUNT_FREE_COST_D4,0.1363425925925926,1.0,0.2376870277288634,0.12121212121212122,1.0,0.21621621621621623,48,2376,288,2088,0,0.16829636412969742,0.16853154561487893,0,2376,0,2b4576b33c880c17b594d8a81ec868c2b2b093b86d4d78a1d74a487d79d1f662,d39aa1f9ea94fe35d3c12c1fa5713b02fdc7a0cea7f71cedc12bbbbeee36336a,unit__Celer__s202__2b4576b33c88,129,True,9.213377826959381e-12,False,0.7868493050223937,0.7868493050223935,48,ok,Celer__s202,d5cd14d8051263b49b01b10ad36e6033b2ec3219,2733d2f5b24d685ca7eba667932a32a2eb96b43459c7d2e49b30c8af70b6f031,2026-09-17T05:22:30Z__pid12112,
Celer,202,15,0.05,0.5,CONDITIONAL_UOT_D4,0.14787808641975306,1.0,0.25592724656175464,0.1350210970464135,1.0,0.2379182156133829,48,2133,288,1845,0,0.1930641888975222,0.19210758377425044,0,2133,0,2b4576b33c880c17b594d8a81ec868c2b2b093b86d4d78a1d74a487d79d1f662,d39aa1f9ea94fe35d3c12c1fa5713b02fdc7a0cea7f71cedc12bbbbeee36336a,unit__Celer__s202__2b4576b33c88,129,True,9.213377826959381e-12,False,0.7868493050223937,0.7868493050223935,48,ok,Celer__s202,d5cd14d8051263b49b01b10ad36e6033b2ec3219,2733d2f5b24d685ca7eba667932a32a2eb96b43459c7d2e49b30c8af70b6f031,2026-09-17T05:22:30Z__pid12112,
Celer,202,15,0.05,0.5,RAW_UOT_PLAN_D4,0.13891750299998382,0.9097222222222222,0.2398689254042994,0.14340448823207444,0.9097222222222222,0.24775413711583924,48,1827,262,1565,26,0.18400225922604438,0.18901380087974293,0,1827,0,2b4576b33c880c17b594d8a81ec868c2b2b093b86d4d78a1d74a487d79d1f662,d39aa1f9ea94fe35d3c12c1fa5713b02fdc7a0cea7f71cedc12bbbbeee36336a,unit__Celer__s202__2b4576b33c88,129,True,9.213377826959381e-12,False,0.7868493050223937,0.7868493050223935,48,ok,Celer__s202,d5cd14d8051263b49b01b10ad36e6033b2ec3219,2733d2f5b24d685ca7eba667932a32a2eb96b43459c7d2e49b30c8af70b6f031,2026-09-17T05:22:30Z__pid12112,
Celer,202,15,0.05,0.5,SUPPORT_PLUS_K_D4,0.1299619135403449,0.8819444444444443,0.22507842114110313,0.13382507903055849,0.8819444444444444,0.232387923147301,48,1898,254,1644,34,0.17094126552459887,0.1715639469009567,0,1898,0,2b4576b33c880c17b594d8a81ec868c2b2b093b86d4d78a1d74a487d79d1f662,d39aa1f9ea94fe35d3c12c1fa5713b02fdc7a0cea7f71cedc12bbbbeee36336a,unit__Celer__s202__2b4576b33c88,129,True,9.213377826959381e-12,False,0.7868493050223937,0.7868493050223935,48,ok,Celer__s202,d5cd14d8051263b49b01b10ad36e6033b2ec3219,2733d2f5b24d685ca7eba667932a32a2eb96b43459c7d2e49b30c8af70b6f031,2026-09-17T05:22:30Z__pid12112,
Celer,203,2,0.05,0.5,AMOUNT_FREE_COST_D4,0.5,0.3333333333333333,0.39999999999999997,0.5,0.3333333333333333,0.4,48,192,96,96,192,0.6666666666666666,0.0,0,192,0,b5e09afce5ff010b214a3b6023616c090371bb8d153aa755269c993c41c471bf,77932d3162cb3424f8556de5965dd655f3461f0ac23ac92b888a5059a71c4be6,unit__Celer__s203__b5e09afce5ff,131,True,9.353701809358153e-12,False,0.7083741201814869,0.7083741201814869,48,ok,Celer__s203,d5cd14d8051263b49b01b10ad36e6033b2ec3219,2733d2f5b24d685ca7eba667932a32a2eb96b43459c7d2e49b30c8af70b6f031,2026-09-17T05:22:31Z__pid12112,
Celer,203,2,0.05,0.5,CONDITIONAL_UOT_D4,0.4479166666666667,0.2986111111111111,0.3583333333333334,0.4479166666666667,0.2986111111111111,0.35833333333333334,48,192,86,106,202,0.5972222222222222,0.0,0,192,0,b5e09afce5ff010b214a3b6023616c090371bb8d153aa755269c993c41c471bf,77932d3162cb3424f8556de5965dd655f3461f0ac23ac92b888a5059a71c4be6,unit__Celer__s203__b5e09afce5ff,131,True,9.353701809358153e-12,False,0.7083741201814869,0.7083741201814869,48,ok,Celer__s203,d5cd14d8051263b49b01b10ad36e6033b2ec3219,2733d2f5b24d685ca7eba667932a32a2eb96b43459c7d2e49b30c8af70b6f031,2026-09-17T05:22:31Z__pid12112,
Celer,203,2,0.05,0.5,RAW_UOT_PLAN_D4,0.0,0.0,0.0,0.0,0.0,0.0,48,192,0,192,288,0.0,0.0,0,192,0,b5e09afce5ff010b214a3b6023616c090371bb8d153aa755269c993c41c471bf,77932d3162cb3424f8556de5965dd655f3461f0ac23ac92b888a5059a71c4be6,unit__Celer__s203__b5e09afce5ff,131,True,9.353701809358153e-12,False,0.7083741201814869,0.7083741201814869,48,ok,Celer__s203,d5cd14d8051263b49b01b10ad36e6033b2ec3219,2733d2f5b24d685ca7eba667932a32a2eb96b43459c7d2e49b30c8af70b6f031,2026-09-17T05:22:31Z__pid12112,
Celer,203,2,0.05,0.5,SUPPORT_PLUS_K_D4,0.5,0.3333333333333333,0.39999999999999997,0.5,0.3333333333333333,0.4,48,192,96,96,192,0.6666666666666666,0.0,0,192,0,b5e09afce5ff010b214a3b6023616c090371bb8d153aa755269c993c41c471bf,77932d3162cb3424f8556de5965dd655f3461f0ac23ac92b888a5059a71c4be6,unit__Celer__s203__b5e09afce5ff,131,True,9.353701809358153e-12,False,0.7083741201814869,0.7083741201814869,48,ok,Celer__s203,d5cd14d8051263b49b01b10ad36e6033b2ec3219,2733d2f5b24d685ca7eba667932a32a2eb96b43459c7d2e49b30c8af70b6f031,2026-09-17T05:22:31Z__pid12112,
Celer,203,3,0.05,0.5,AMOUNT_FREE_COST_D4,0.4444444444444445,0.6666666666666666,0.5333333333333333,0.4444444444444444,0.6666666666666666,0.5333333333333333,48,432,192,240,96,0.4444444444444445,0.4444444444444445,0,432,0,b5e09afce5ff010b214a3b6023616c090371bb8d153aa755269c993c41c471bf,77932d3162cb3424f8556de5965dd655f3461f0ac23ac92b888a5059a71c4be6,unit__Celer__s203__b5e09afce5ff,131,True,9.353701809358153e-12,False,0.7083741201814869,0.7083741201814869,48,ok,Celer__s203,d5cd14d8051263b49b01b10ad36e6033b2ec3219,2733d2f5b24d685ca7eba667932a32a2eb96b43459c7d2e49b30c8af70b6f031,2026-09-17T05:22:31Z__pid12112,
Celer,203,3,0.05,0.5,CONDITIONAL_UOT_D4,0.41435185185185186,0.6215277777777777,0.49722222222222223,0.41435185185185186,0.6215277777777778,0.49722222222222223,48,432,179,253,109,0.4166666666666667,0.416005291005291,0,432,0,b5e09afce5ff010b214a3b6023616c090371bb8d153aa755269c993c41c471bf,77932d3162cb3424f8556de5965dd655f3461f0ac23ac92b888a5059a71c4be6,unit__Celer__s203__b5e09afce5ff,131,True,9.353701809358153e-12,False,0.7083741201814869,0.7083741201814869,48,ok,Celer__s203,d5cd14d8051263b49b01b10ad36e6033b2ec3219,2733d2f5b24d685ca7eba667932a32a2eb96b43459c7d2e49b30c8af70b6f031,2026-09-17T05:22:31Z__pid12112,
Celer,203,3,0.05,0.5,RAW_UOT_PLAN_D4,0.11111111111111112,0.16666666666666666,0.13333333333333333,0.1111111111111111,0.16666666666666666,0.13333333333333333,48,432,48,384,240,0.0,0.0,0,432,0,b5e09afce5ff010b214a3b6023616c090371bb8d153aa755269c993c41c471bf,77932d3162cb3424f8556de5965dd655f3461f0ac23ac92b888a5059a71c4be6,unit__Celer__s203__b5e09afce5ff,131,True,9.353701809358153e-12,False,0.7083741201814869,0.7083741201814869,48,ok,Celer__s203,d5cd14d8051263b49b01b10ad36e6033b2ec3219,2733d2f5b24d685ca7eba667932a32a2eb96b43459c7d2e49b30c8af70b6f031,2026-09-17T05:22:31Z__pid12112,
Celer,203,3,0.05,0.5,SUPPORT_PLUS_K_D4,0.4444444444444445,0.6666666666666666,0.5333333333333333,0.4444444444444444,0.6666666666666666,0.5333333333333333,48,432,192,240,96,0.4444444444444445,0.4444444444444445,0,432,0,b5e09afce5ff010b214a3b6023616c090371bb8d153aa755269c993c41c471bf,77932d3162cb3424f8556de5965dd655f3461f0ac23ac92b888a5059a71c4be6,unit__Celer__s203__b5e09afce5ff,131,True,9.353701809358153e-12,False,0.7083741201814869,0.7083741201814869,48,ok,Celer__s203,d5cd14d8051263b49b01b10ad36e6033b2ec3219,2733d2f5b24d685ca7eba667932a32a2eb96b43459c7d2e49b30c8af70b6f031,2026-09-17T05:22:31Z__pid12112,
Celer,203,5,0.05,0.5,AMOUNT_FREE_COST_D4,0.19999999999999998,0.8333333333333334,0.3225806451612903,0.2,0.8333333333333334,0.3225806451612903,48,1200,240,960,48,0.26666666666666666,0.26666666666666666,0,1200,0,b5e09afce5ff010b214a3b6023616c090371bb8d153aa755269c993c41c471bf,77932d3162cb3424f8556de5965dd655f3461f0ac23ac92b888a5059a71c4be6,unit__Celer__s203__b5e09afce5ff,131,True,9.353701809358153e-12,False,0.7083741201814869,0.7083741201814869,48,ok,Celer__s203,d5cd14d8051263b49b01b10ad36e6033b2ec3219,2733d2f5b24d685ca7eba667932a32a2eb96b43459c7d2e49b30c8af70b6f031,2026-09-17T05:22:31Z__pid12112,
Celer,203,5,0.05,0.5,CONDITIONAL_UOT_D4,0.1975,0.8229166666666666,0.3185483870967742,0.1975,0.8229166666666666,0.3185483870967742,48,1200,237,963,51,0.26666666666666666,0.26112914862914866,0,1200,0,b5e09afce5ff010b214a3b6023616c090371bb8d153aa755269c993c41c471bf,77932d3162cb3424f8556de5965dd655f3461f0ac23ac92b888a5059a71c4be6,unit__Celer__s203__b5e09afce5ff,131,True,9.353701809358153e-12,False,0.7083741201814869,0.7083741201814869,48,ok,Celer__s203,d5cd14d8051263b49b01b10ad36e6033b2ec3219,2733d2f5b24d685ca7eba667932a32a2eb96b43459c7d2e49b30c8af70b6f031,2026-09-17T05:22:31Z__pid12112,
Celer,203,5,0.05,0.5,RAW_UOT_PLAN_D4,0.16,0.6666666666666666,0.25806451612903225,0.16,0.6666666666666666,0.25806451612903225,48,1200,192,1008,96,0.18181818181818185,0.18181818181818185,0,1200,0,b5e09afce5ff010b214a3b6023616c090371bb8d153aa755269c993c41c471bf,77932d3162cb3424f8556de5965dd655f3461f0ac23ac92b888a5059a71c4be6,unit__Celer__s203__b5e09afce5ff,131,True,9.353701809358153e-12,False,0.7083741201814869,0.7083741201814869,48,ok,Celer__s203,d5cd14d8051263b49b01b10ad36e6033b2ec3219,2733d2f5b24d685ca7eba667932a32a2eb96b43459c7d2e49b30c8af70b6f031,2026-09-17T05:22:31Z__pid12112,
Celer,203,5,0.05,0.5,SUPPORT_PLUS_K_D4,0.19999999999999998,0.8333333333333334,0.3225806451612903,0.2,0.8333333333333334,0.3225806451612903,48,1200,240,960,48,0.26666666666666666,0.26666666666666666,0,1200,0,b5e09afce5ff010b214a3b6023616c090371bb8d153aa755269c993c41c471bf,77932d3162cb3424f8556de5965dd655f3461f0ac23ac92b888a5059a71c4be6,unit__Celer__s203__b5e09afce5ff,131,True,9.353701809358153e-12,False,0.7083741201814869,0.7083741201814869,48,ok,Celer__s203,d5cd14d8051263b49b01b10ad36e6033b2ec3219,2733d2f5b24d685ca7eba667932a32a2eb96b43459c7d2e49b30c8af70b6f031,2026-09-17T05:22:31Z__pid12112,
Celer,203,7,0.05,0.5,AMOUNT_FREE_COST_D4,0.16544669669669668,1.0,0.28391472868217055,0.16542217116599656,1.0,0.2838836865450961,48,1741,288,1453,0,0.21600877192982457,0.22222222222222224,0,1741,0,b5e09afce5ff010b214a3b6023616c090371bb8d153aa755269c993c41c471bf,77932d3162cb3424f8556de5965dd655f3461f0ac23ac92b888a5059a71c4be6,unit__Celer__s203__b5e09afce5ff,131,True,9.353701809358153e-12,False,0.7083741201814869,0.7083741201814869,48,ok,Celer__s203,d5cd14d8051263b49b01b10ad36e6033b2ec3219,2733d2f5b24d685ca7eba667932a32a2eb96b43459c7d2e49b30c8af70b6f031,2026-09-17T05:22:31Z__pid12112,
Celer,203,7,0.05,0.5,CONDITIONAL_UOT_D4,0.16638513513513511,1.0,0.2852990033222591,0.1663778162911612,1.0,0.2852897473997028,48,1731,288,1443,0,0.2212475633528265,0.22222222222222224,0,1731,0,b5e09afce5ff010b214a3b6023616c090371bb8d153aa755269c993c41c471bf,77932d3162cb3424f8556de5965dd655f3461f0ac23ac92b888a5059a71c4be6,unit__Celer__s203__b5e09afce5ff,131,True,9.353701809358153e-12,False,0.7083741201814869,0.7083741201814869,48,ok,Celer__s203,d5cd14d8051263b49b01b10ad36e6033b2ec3219,2733d2f5b24d685ca7eba667932a32a2eb96b43459c7d2e49b30c8af70b6f031,2026-09-17T05:22:31Z__pid12112,
Celer,203,7,0.05,0.5,RAW_UOT_PLAN_D4,0.16638513513513511,1.0,0.2852990033222591,0.1663778162911612,1.0,0.2852897473997028,48,1731,288,1443,0,0.22149122807017543,0.22173489278752437,0,1731,0,b5e09afce5ff010b214a3b6023616c090371bb8d153aa755269c993c41c471bf,77932d3162cb3424f8556de5965dd655f3461f0ac23ac92b888a5059a71c4be6,unit__Celer__s203__b5e09afce5ff,131,True,9.353701809358153e-12,False,0.7083741201814869,0.7083741201814869,48,ok,Celer__s203,d5cd14d8051263b49b01b10ad36e6033b2ec3219,2733d2f5b24d685ca7eba667932a32a2eb96b43459c7d2e49b30c8af70b6f031,2026-09-17T05:22:31Z__pid12112,
Celer,203,7,0.05,0.5,SUPPORT_PLUS_K_D4,0.16544669669669668,1.0,0.28391472868217055,0.16542217116599656,1.0,0.2838836865450961,48,1741,288,1453,0,0.21600877192982457,0.22222222222222224,0,1741,0,b5e09afce5ff010b214a3b6023616c090371bb8d153aa755269c993c41c471bf,77932d3162cb3424f8556de5965dd655f3461f0ac23ac92b888a5059a71c4be6,unit__Celer__s203__b5e09afce5ff,131,True,9.353701809358153e-12,False,0.7083741201814869,0.7083741201814869,48,ok,Celer__s203,d5cd14d8051263b49b01b10ad36e6033b2ec3219,2733d2f5b24d685ca7eba667932a32a2eb96b43459c7d2e49b30c8af70b6f031,2026-09-17T05:22:31Z__pid12112,
Celer,203,10,0.05,0.5,AMOUNT_FREE_COST_D4,0.15277777777777776,1.0,0.264367816091954,0.1487603305785124,1.0,0.2589928057553957,48,1936,288,1648,0,0.1948329448329448,0.1948329448329448,0,1936,0,b5e09afce5ff010b214a3b6023616c090371bb8d153aa755269c993c41c471bf,77932d3162cb3424f8556de5965dd655f3461f0ac23ac92b888a5059a71c4be6,unit__Celer__s203__b5e09afce5ff,131,True,9.353701809358153e-12,False,0.7083741201814869,0.7083741201814869,48,ok,Celer__s203,d5cd14d8051263b49b01b10ad36e6033b2ec3219,2733d2f5b24d685ca7eba667932a32a2eb96b43459c7d2e49b30c8af70b6f031,2026-09-17T05:22:31Z__pid12112,
Celer,203,10,0.05,0.5,CONDITIONAL_UOT_D4,0.16346153846153844,1.0,0.2807881773399014,0.16216216216216217,1.0,0.27906976744186046,48,1776,288,1488,0,0.21625226625226626,0.2171069671069671,0,1776,0,b5e09afce5ff010b214a3b6023616c090371bb8d153aa755269c993c41c471bf,77932d3162cb3424f8556de5965dd655f3461f0ac23ac92b888a5059a71c4be6,unit__Celer__s203__b5e09afce5ff,131,True,9.353701809358153e-12,False,0.7083741201814869,0.7083741201814869,48,ok,Celer__s203,d5cd14d8051263b49b01b10ad36e6033b2ec3219,2733d2f5b24d685ca7eba667932a32a2eb96b43459c7d2e49b30c8af70b6f031,2026-09-17T05:22:31Z__pid12112,
Celer,203,10,0.05,0.5,RAW_UOT_PLAN_D4,0.16346153846153844,1.0,0.2807881773399014,0.16216216216216217,1.0,0.27906976744186046,48,1776,288,1488,0,0.21969696969696972,0.21969696969696972,0,1776,0,b5e09afce5ff010b214a3b6023616c090371bb8d153aa755269c993c41c471bf,77932d3162cb3424f8556de5965dd655f3461f0ac23ac92b888a5059a71c4be6,unit__Celer__s203__b5e09afce5ff,131,True,9.353701809358153e-12,False,0.7083741201814869,0.7083741201814869,48,ok,Celer__s203,d5cd14d8051263b49b01b10ad36e6033b2ec3219,2733d2f5b24d685ca7eba667932a32a2eb96b43459c7d2e49b30c8af70b6f031,2026-09-17T05:22:31Z__pid12112,
Celer,203,10,0.05,0.5,SUPPORT_PLUS_K_D4,0.15260607448107447,1.0,0.2640897293288839,0.14845360824742268,1.0,0.2585278276481149,48,1940,288,1652,0,0.1948329448329448,0.1948329448329448,0,1940,0,b5e09afce5ff010b214a3b6023616c090371bb8d153aa755269c993c41c471bf,77932d3162cb3424f8556de5965dd655f3461f0ac23ac92b888a5059a71c4be6,unit__Celer__s203__b5e09afce5ff,131,True,9.353701809358153e-12,False,0.7083741201814869,0.7083741201814869,48,ok,Celer__s203,d5cd14d8051263b49b01b10ad36e6033b2ec3219,2733d2f5b24d685ca7eba667932a32a2eb96b43459c7d2e49b30c8af70b6f031,2026-09-17T05:22:31Z__pid12112,
Celer,203,15,0.05,0.5,AMOUNT_FREE_COST_D4,0.13565917107583772,1.0,0.2365083502406844,0.11940298507462686,1.0,0.21333333333333335,48,2412,288,2124,0,0.16631917465250798,0.1667100646267313,0,2412,0,b5e09afce5ff010b214a3b6023616c090371bb8d153aa755269c993c41c471bf,77932d3162cb3424f8556de5965dd655f3461f0ac23ac92b888a5059a71c4be6,unit__Celer__s203__b5e09afce5ff,131,True,9.353701809358153e-12,False,0.7083741201814869,0.7083741201814869,48,ok,Celer__s203,d5cd14d8051263b49b01b10ad36e6033b2ec3219,2733d2f5b24d685ca7eba667932a32a2eb96b43459c7d2e49b30c8af70b6f031,2026-09-17T05:22:31Z__pid12112,
Celer,203,15,0.05,0.5,CONDITIONAL_UOT_D4,0.15757826278659612,1.0,0.27137467394696313,0.15023474178403756,1.0,0.2612244897959184,48,1917,288,1629,0,0.20656966490299822,0.20714285714285716,0,1917,0,b5e09afce5ff010b214a3b6023616c090371bb8d153aa755269c993c41c471bf,77932d3162cb3424f8556de5965dd655f3461f0ac23ac92b888a5059a71c4be6,unit__Celer__s203__b5e09afce5ff,131,True,9.353701809358153e-12,False,0.7083741201814869,0.7083741201814869,48,ok,Celer__s203,d5cd14d8051263b49b01b10ad36e6033b2ec3219,2733d2f5b24d685ca7eba667932a32a2eb96b43459c7d2e49b30c8af70b6f031,2026-09-17T05:22:31Z__pid12112,
Celer,203,15,0.05,0.5,RAW_UOT_PLAN_D4,0.15518353174603175,1.0,0.2677651033191005,0.14845360824742268,1.0,0.2585278276481149,48,1940,288,1652,0,0.2079317936774077,0.21150943390169172,0,1940,0,b5e09afce5ff010b214a3b6023616c090371bb8d153aa755269c993c41c471bf,77932d3162cb3424f8556de5965dd655f3461f0ac23ac92b888a5059a71c4be6,unit__Celer__s203__b5e09afce5ff,131,True,9.353701809358153e-12,False,0.7083741201814869,0.7083741201814869,48,ok,Celer__s203,d5cd14d8051263b49b01b10ad36e6033b2ec3219,2733d2f5b24d685ca7eba667932a32a2eb96b43459c7d2e49b30c8af70b6f031,2026-09-17T05:22:31Z__pid12112,
Celer,203,15,0.05,0.5,SUPPORT_PLUS_K_D4,0.13452764908905257,1.0,0.23474863786503,0.11832374691865243,1.0,0.21160911094783247,48,2434,288,2146,0,0.1646988042821376,0.16624710166376833,0,2434,0,b5e09afce5ff010b214a3b6023616c090371bb8d153aa755269c993c41c471bf,77932d3162cb3424f8556de5965dd655f3461f0ac23ac92b888a5059a71c4be6,unit__Celer__s203__b5e09afce5ff,131,True,9.353701809358153e-12,False,0.7083741201814869,0.7083741201814869,48,ok,Celer__s203,d5cd14d8051263b49b01b10ad36e6033b2ec3219,2733d2f5b24d685ca7eba667932a32a2eb96b43459c7d2e49b30c8af70b6f031,2026-09-17T05:22:31Z__pid12112,
Celer,204,2,0.05,0.5,AMOUNT_FREE_COST_D4,0.5,0.3333333333333333,0.39999999999999997,0.5,0.3333333333333333,0.4,48,192,96,96,192,0.6666666666666666,0.0,0,192,0,501bc61bbca2ddbb4a53c96a48f4e98b0cf7fa3a135cafc0415aa0dc98d8d526,b0c169193f2632426317bc8343f1b8e220366cd9976f582f2b6af1d36430f96a,unit__Celer__s204__501bc61bbca2,131,True,9.391658796299128e-12,False,0.6823021089213828,0.6823021089213828,48,ok,Celer__s204,d5cd14d8051263b49b01b10ad36e6033b2ec3219,2733d2f5b24d685ca7eba667932a32a2eb96b43459c7d2e49b30c8af70b6f031,2026-09-17T05:22:33Z__pid12112,
Celer,204,2,0.05,0.5,CONDITIONAL_UOT_D4,0.4583333333333333,0.3055555555555555,0.3666666666666667,0.4583333333333333,0.3055555555555556,0.36666666666666664,48,192,88,104,200,0.611111111111111,0.0,0,192,0,501bc61bbca2ddbb4a53c96a48f4e98b0cf7fa3a135cafc0415aa0dc98d8d526,b0c169193f2632426317bc8343f1b8e220366cd9976f582f2b6af1d36430f96a,unit__Celer__s204__501bc61bbca2,131,True,9.391658796299128e-12,False,0.6823021089213828,0.6823021089213828,48,ok,Celer__s204,d5cd14d8051263b49b01b10ad36e6033b2ec3219,2733d2f5b24d685ca7eba667932a32a2eb96b43459c7d2e49b30c8af70b6f031,2026-09-17T05:22:33Z__pid12112,
Celer,204,2,0.05,0.5,RAW_UOT_PLAN_D4,0.0,0.0,0.0,0.0,0.0,0.0,48,180,0,180,288,0.0,0.0,0,180,0,501bc61bbca2ddbb4a53c96a48f4e98b0cf7fa3a135cafc0415aa0dc98d8d526,b0c169193f2632426317bc8343f1b8e220366cd9976f582f2b6af1d36430f96a,unit__Celer__s204__501bc61bbca2,131,True,9.391658796299128e-12,False,0.6823021089213828,0.6823021089213828,48,ok,Celer__s204,d5cd14d8051263b49b01b10ad36e6033b2ec3219,2733d2f5b24d685ca7eba667932a32a2eb96b43459c7d2e49b30c8af70b6f031,2026-09-17T05:22:33Z__pid12112,
Celer,204,2,0.05,0.5,SUPPORT_PLUS_K_D4,0.46875,0.31249999999999994,0.375,0.5,0.3125,0.38461538461538464,48,180,90,90,198,0.6249999999999999,0.0,0,180,0,501bc61bbca2ddbb4a53c96a48f4e98b0cf7fa3a135cafc0415aa0dc98d8d526,b0c169193f2632426317bc8343f1b8e220366cd9976f582f2b6af1d36430f96a,unit__Celer__s204__501bc61bbca2,131,True,9.391658796299128e-12,False,0.6823021089213828,0.6823021089213828,48,ok,Celer__s204,d5cd14d8051263b49b01b10ad36e6033b2ec3219,2733d2f5b24d685ca7eba667932a32a2eb96b43459c7d2e49b30c8af70b6f031,2026-09-17T05:22:33Z__pid12112,
Celer,204,3,0.05,0.5,AMOUNT_FREE_COST_D4,0.4444444444444445,0.6666666666666666,0.5333333333333333,0.4444444444444444,0.6666666666666666,0.5333333333333333,48,432,192,240,96,0.4444444444444445,0.4444444444444445,0,432,0,501bc61bbca2ddbb4a53c96a48f4e98b0cf7fa3a135cafc0415aa0dc98d8d526,b0c169193f2632426317bc8343f1b8e220366cd9976f582f2b6af1d36430f96a,unit__Celer__s204__501bc61bbca2,131,True,9.391658796299128e-12,False,0.6823021089213828,0.6823021089213828,48,ok,Celer__s204,d5cd14d8051263b49b01b10ad36e6033b2ec3219,2733d2f5b24d685ca7eba667932a32a2eb96b43459c7d2e49b30c8af70b6f031,2026-09-17T05:22:33Z__pid12112,
Celer,204,3,0.05,0.5,CONDITIONAL_UOT_D4,0.42824074074074076,0.642361111111111,0.5138888888888888,0.42824074074074076,0.6423611111111112,0.5138888888888888,48,432,185,247,103,0.4351851851851853,0.4252645502645503,0,432,0,501bc61bbca2ddbb4a53c96a48f4e98b0cf7fa3a135cafc0415aa0dc98d8d526,b0c169193f2632426317bc8343f1b8e220366cd9976f582f2b6af1d36430f96a,unit__Celer__s204__501bc61bbca2,131,True,9.391658796299128e-12,False,0.6823021089213828,0.6823021089213828,48,ok,Celer__s204,d5cd14d8051263b49b01b10ad36e6033b2ec3219,2733d2f5b24d685ca7eba667932a32a2eb96b43459c7d2e49b30c8af70b6f031,2026-09-17T05:22:33Z__pid12112,
Celer,204,3,0.05,0.5,RAW_UOT_PLAN_D4,0.10416666666666667,0.15624999999999997,0.125,0.1111111111111111,0.15625,0.12987012987012986,48,405,45,360,243,0.0,0.0,0,405,0,501bc61bbca2ddbb4a53c96a48f4e98b0cf7fa3a135cafc0415aa0dc98d8d526,b0c169193f2632426317bc8343f1b8e220366cd9976f582f2b6af1d36430f96a,unit__Celer__s204__501bc61bbca2,131,True,9.391658796299128e-12,False,0.6823021089213828,0.6823021089213828,48,ok,Celer__s204,d5cd14d8051263b49b01b10ad36e6033b2ec3219,2733d2f5b24d685ca7eba667932a32a2eb96b43459c7d2e49b30c8af70b6f031,2026-09-17T05:22:33Z__pid12112,
Celer,204,3,0.05,0.5,SUPPORT_PLUS_K_D4,0.4166666666666667,0.6249999999999999,0.5,0.4444444444444444,0.625,0.5194805194805194,48,405,180,225,108,0.4166666666666667,0.4166666666666667,0,405,0,501bc61bbca2ddbb4a53c96a48f4e98b0cf7fa3a135cafc0415aa0dc98d8d526,b0c169193f2632426317bc8343f1b8e220366cd9976f582f2b6af1d36430f96a,unit__Celer__s204__501bc61bbca2,131,True,9.391658796299128e-12,False,0.6823021089213828,0.6823021089213828,48,ok,Celer__s204,d5cd14d8051263b49b01b10ad36e6033b2ec3219,2733d2f5b24d685ca7eba667932a32a2eb96b43459c7d2e49b30c8af70b6f031,2026-09-17T05:22:33Z__pid12112,
Celer,204,5,0.05,0.5,AMOUNT_FREE_COST_D4,0.19999999999999998,0.8333333333333334,0.3225806451612903,0.2,0.8333333333333334,0.3225806451612903,48,1200,240,960,48,0.26666666666666666,0.26666666666666666,0,1200,0,501bc61bbca2ddbb4a53c96a48f4e98b0cf7fa3a135cafc0415aa0dc98d8d526,b0c169193f2632426317bc8343f1b8e220366cd9976f582f2b6af1d36430f96a,unit__Celer__s204__501bc61bbca2,131,True,9.391658796299128e-12,False,0.6823021089213828,0.6823021089213828,48,ok,Celer__s204,d5cd14d8051263b49b01b10ad36e6033b2ec3219,2733d2f5b24d685ca7eba667932a32a2eb96b43459c7d2e49b30c8af70b6f031,2026-09-17T05:22:33Z__pid12112,
Celer,204,5,0.05,0.5,CONDITIONAL_UOT_D4,0.19916666666666663,0.8298611111111112,0.32123655913978494,0.19916666666666666,0.8298611111111112,0.32123655913978494,48,1200,239,961,49,0.26666666666666666,0.2656926406926407,0,1200,0,501bc61bbca2ddbb4a53c96a48f4e98b0cf7fa3a135cafc0415aa0dc98d8d526,b0c169193f2632426317bc8343f1b8e220366cd9976f582f2b6af1d36430f96a,unit__Celer__s204__501bc61bbca2,131,True,9.391658796299128e-12,False,0.6823021089213828,0.6823021089213828,48,ok,Celer__s204,d5cd14d8051263b49b01b10ad36e6033b2ec3219,2733d2f5b24d685ca7eba667932a32a2eb96b43459c7d2e49b30c8af70b6f031,2026-09-17T05:22:33Z__pid12112,
Celer,204,5,0.05,0.5,RAW_UOT_PLAN_D4,0.14979166666666668,0.6215277777777777,0.24136683209263854,0.15982142857142856,0.6215277777777778,0.25426136363636365,48,1120,179,941,109,0.16666666666666666,0.1708333333333333,0,1120,0,501bc61bbca2ddbb4a53c96a48f4e98b0cf7fa3a135cafc0415aa0dc98d8d526,b0c169193f2632426317bc8343f1b8e220366cd9976f582f2b6af1d36430f96a,unit__Celer__s204__501bc61bbca2,131,True,9.391658796299128e-12,False,0.6823021089213828,0.6823021089213828,48,ok,Celer__s204,d5cd14d8051263b49b01b10ad36e6033b2ec3219,2733d2f5b24d685ca7eba667932a32a2eb96b43459c7d2e49b30c8af70b6f031,2026-09-17T05:22:33Z__pid12112,
Celer,204,5,0.05,0.5,SUPPORT_PLUS_K_D4,0.1875,0.78125,0.30241935483870963,0.2,0.78125,0.3184713375796178,48,1125,225,900,63,0.25,0.25,0,1125,0,501bc61bbca2ddbb4a53c96a48f4e98b0cf7fa3a135cafc0415aa0dc98d8d526,b0c169193f2632426317bc8343f1b8e220366cd9976f582f2b6af1d36430f96a,unit__Celer__s204__501bc61bbca2,131,True,9.391658796299128e-12,False,0.6823021089213828,0.6823021089213828,48,ok,Celer__s204,d5cd14d8051263b49b01b10ad36e6033b2ec3219,2733d2f5b24d685ca7eba667932a32a2eb96b43459c7d2e49b30c8af70b6f031,2026-09-17T05:22:33Z__pid12112,
Celer,204,7,0.05,0.5,AMOUNT_FREE_COST_D4,0.16544669669669668,1.0,0.28391472868217055,0.16542217116599656,1.0,0.2838836865450961,48,1741,288,1453,0,0.21600877192982457,0.22222222222222224,0,1741,0,501bc61bbca2ddbb4a53c96a48f4e98b0cf7fa3a135cafc0415aa0dc98d8d526,b0c169193f2632426317bc8343f1b8e220366cd9976f582f2b6af1d36430f96a,unit__Celer__s204__501bc61bbca2,131,True,9.391658796299128e-12,False,0.6823021089213828,0.6823021089213828,48,ok,Celer__s204,d5cd14d8051263b49b01b10ad36e6033b2ec3219,2733d2f5b24d685ca7eba667932a32a2eb96b43459c7d2e49b30c8af70b6f031,2026-09-17T05:22:33Z__pid12112,
Celer,204,7,0.05,0.5,CONDITIONAL_UOT_D4,0.16600975975975973,1.0,0.2847452934662236,0.1659942363112392,1.0,0.2847256549678695,48,1735,288,1447,0,0.21934697855750485,0.22222222222222224,0,1735,0,501bc61bbca2ddbb4a53c96a48f4e98b0cf7fa3a135cafc0415aa0dc98d8d526,b0c169193f2632426317bc8343f1b8e220366cd9976f582f2b6af1d36430f96a,unit__Celer__s204__501bc61bbca2,131,True,9.391658796299128e-12,False,0.6823021089213828,0.6823021089213828,48,ok,Celer__s204,d5cd14d8051263b49b01b10ad36e6033b2ec3219,2733d2f5b24d685ca7eba667932a32a2eb96b43459c7d2e49b30c8af70b6f031,2026-09-17T05:22:33Z__pid12112,
Celer,204,7,0.05,0.5,RAW_UOT_PLAN_D4,0.1560623123123123,0.9305555555555555,0.2671834625322997,0.16645962732919253,0.9305555555555556,0.28240252897787144,48,1610,268,1342,20,0.20321637426900585,0.20941241993873572,0,1610,0,501bc61bbca2ddbb4a53c96a48f4e98b0cf7fa3a135cafc0415aa0dc98d8d526,b0c169193f2632426317bc8343f1b8e220366cd9976f582f2b6af1d36430f96a,unit__Celer__s204__501bc61bbca2,131,True,9.391658796299128e-12,False,0.6823021089213828,0.6823021089213828,48,ok,Celer__s204,d5cd14d8051263b49b01b10ad36e6033b2ec3219,2733d2f5b24d685ca7eba667932a32a2eb96b43459c7d2e49b30c8af70b6f031,2026-09-17T05:22:33Z__pid12112,
Celer,204,7,0.05,0.5,SUPPORT_PLUS_K_D4,0.15477665165165164,0.9375,0.2656784149453512,0.16503667481662593,0.9375,0.2806652806652807,48,1636,270,1366,18,0.20236354775828458,0.20833333333333334,0,1636,0,501bc61bbca2ddbb4a53c96a48f4e98b0cf7fa3a135cafc0415aa0dc98d8d526,b0c169193f2632426317bc8343f1b8e220366cd9976f582f2b6af1d36430f96a,unit__Celer__s204__501bc61bbca2,131,True,9.391658796299128e-12,False,0.6823021089213828,0.6823021089213828,48,ok,Celer__s204,d5cd14d8051263b49b01b10ad36e6033b2ec3219,2733d2f5b24d685ca7eba667932a32a2eb96b43459c7d2e49b30c8af70b6f031,2026-09-17T05:22:33Z__pid12112,
Celer,204,10,0.05,0.5,AMOUNT_FREE_COST_D4,0.15277777777777776,1.0,0.264367816091954,0.1487603305785124,1.0,0.2589928057553957,48,1936,288,1648,0,0.19483294483294486,0.19483294483294486,0,1936,0,501bc61bbca2ddbb4a53c96a48f4e98b0cf7fa3a135cafc0415aa0dc98d8d526,b0c169193f2632426317bc8343f1b8e220366cd9976f582f2b6af1d36430f96a,unit__Celer__s204__501bc61bbca2,131,True,9.391658796299128e-12,False,0.6823021089213828,0.6823021089213828,48,ok,Celer__s204,d5cd14d8051263b49b01b10ad36e6033b2ec3219,2733d2f5b24d685ca7eba667932a32a2eb96b43459c7d2e49b30c8af70b6f031,2026-09-17T05:22:33Z__pid12112,
Celer,204,10,0.05,0.5,CONDITIONAL_UOT_D4,0.15918803418803418,1.0,0.27422003284072244,0.1565217391304348,1.0,0.2706766917293233,48,1840,288,1552,0,0.2071872571872572,0.2094535094535094,0,1840,0,501bc61bbca2ddbb4a53c96a48f4e98b0cf7fa3a135cafc0415aa0dc98d8d526,b0c169193f2632426317bc8343f1b8e220366cd9976f582f2b6af1d36430f96a,unit__Celer__s204__501bc61bbca2,131,True,9.391658796299128e-12,False,0.6823021089213828,0.6823021089213828,48,ok,Celer__s204,d5cd14d8051263b49b01b10ad36e6033b2ec3219,2733d2f5b24d685ca7eba667932a32a2eb96b43459c7d2e49b30c8af70b6f031,2026-09-17T05:22:33Z__pid12112,
Celer,204,10,0.05,0.5,RAW_UOT_PLAN_D4,0.15411324786324784,0.9375,0.2645730706075533,0.16343825665859565,0.9375,0.27835051546391754,48,1652,270,1382,18,0.20664983164983167,0.20664983164983167,0,1652,0,501bc61bbca2ddbb4a53c96a48f4e98b0cf7fa3a135cafc0415aa0dc98d8d526,b0c169193f2632426317bc8343f1b8e220366cd9976f582f2b6af1d36430f96a,unit__Celer__s204__501bc61bbca2,131,True,9.391658796299128e-12,False,0.6823021089213828,0.6823021089213828,48,ok,Celer__s204,d5cd14d8051263b49b01b10ad36e6033b2ec3219,2733d2f5b24d685ca7eba667932a32a2eb96b43459c7d2e49b30c8af70b6f031,2026-09-17T05:22:33Z__pid12112,
Celer,204,10,0.05,0.5,SUPPORT_PLUS_K_D4,0.1423611111111111,0.9375,0.24651067323481116,0.14770240700218817,0.9375,0.2551984877126654,48,1828,270,1558,18,0.1823685573685574,0.18321030821030818,0,1828,0,501bc61bbca2ddbb4a53c96a48f4e98b0cf7fa3a135cafc0415aa0dc98d8d526,b0c169193f2632426317bc8343f1b8e220366cd9976f582f2b6af1d36430f96a,unit__Celer__s204__501bc61bbca2,131,True,9.391658796299128e-12,False,0.6823021089213828,0.6823021089213828,48,ok,Celer__s204,d5cd14d8051263b49b01b10ad36e6033b2ec3219,2733d2f5b24d685ca7eba667932a32a2eb96b43459c7d2e49b30c8af70b6f031,2026-09-17T05:22:33Z__pid12112,
Celer,204,15,0.05,0.5,AMOUNT_FREE_COST_D4,0.13371362433862433,1.0,0.2334781012653014,0.11808118081180811,1.0,0.21122112211221122,48,2439,288,2151,0,0.16652167277167276,0.16664462081128747,0,2439,0,501bc61bbca2ddbb4a53c96a48f4e98b0cf7fa3a135cafc0415aa0dc98d8d526,b0c169193f2632426317bc8343f1b8e220366cd9976f582f2b6af1d36430f96a,unit__Celer__s204__501bc61bbca2,131,True,9.391658796299128e-12,False,0.6823021089213828,0.6823021089213828,48,ok,Celer__s204,d5cd14d8051263b49b01b10ad36e6033b2ec3219,2733d2f5b24d685ca7eba667932a32a2eb96b43459c7d2e49b30c8af70b6f031,2026-09-17T05:22:33Z__pid12112,
Celer,204,15,0.05,0.5,CONDITIONAL_UOT_D4,0.15127314814814816,1.0,0.2613495879120879,0.14035087719298245,1.0,0.24615384615384617,48,2052,288,1764,0,0.19797008547008543,0.19849086099086097,0,2052,0,501bc61bbca2ddbb4a53c96a48f4e98b0cf7fa3a135cafc0415aa0dc98d8d526,b0c169193f2632426317bc8343f1b8e220366cd9976f582f2b6af1d36430f96a,unit__Celer__s204__501bc61bbca2,131,True,9.391658796299128e-12,False,0.6823021089213828,0.6823021089213828,48,ok,Celer__s204,d5cd14d8051263b49b01b10ad36e6033b2ec3219,2733d2f5b24d685ca7eba667932a32a2eb96b43459c7d2e49b30c8af70b6f031,2026-09-17T05:22:33Z__pid12112,
Celer,204,15,0.05,0.5,RAW_UOT_PLAN_D4,0.14014463352698647,0.9375,0.24285231702994858,0.1424802110817942,0.9375,0.24736601007787448,48,1895,270,1625,18,0.19243090846351715,0.18589091681935888,0,1895,0,501bc61bbca2ddbb4a53c96a48f4e98b0cf7fa3a135cafc0415aa0dc98d8d526,b0c169193f2632426317bc8343f1b8e220366cd9976f582f2b6af1d36430f96a,unit__Celer__s204__501bc61bbca2,131,True,9.391658796299128e-12,False,0.6823021089213828,0.6823021089213828,48,ok,Celer__s204,d5cd14d8051263b49b01b10ad36e6033b2ec3219,2733d2f5b24d685ca7eba667932a32a2eb96b43459c7d2e49b30c8af70b6f031,2026-09-17T05:22:33Z__pid12112,
Celer,204,15,0.05,0.5,SUPPORT_PLUS_K_D4,0.12327317532796984,0.9375,0.2155803871650556,0.11578044596912522,0.9375,0.20610687022900764,48,2332,270,2062,18,0.1536157883983971,0.1528653810452056,0,2332,0,501bc61bbca2ddbb4a53c96a48f4e98b0cf7fa3a135cafc0415aa0dc98d8d526,b0c169193f2632426317bc8343f1b8e220366cd9976f582f2b6af1d36430f96a,unit__Celer__s204__501bc61bbca2,131,True,9.391658796299128e-12,False,0.6823021089213828,0.6823021089213828,48,ok,Celer__s204,d5cd14d8051263b49b01b10ad36e6033b2ec3219,2733d2f5b24d685ca7eba667932a32a2eb96b43459c7d2e49b30c8af70b6f031,2026-09-17T05:22:33Z__pid12112,
Celer,205,2,0.05,0.5,AMOUNT_FREE_COST_D4,0.5,0.3333333333333333,0.39999999999999997,0.5,0.3333333333333333,0.4,48,192,96,96,192,0.6666666666666666,0.0,0,192,0,85b1d10550ace12bea66d53f11f72ccd933b2b8cf6589b275b723084a34911df,c5a93789961548991eed147d7e728fcad973a19dc91ce0c9f6d61f3de6592616,unit__Celer__s205__85b1d10550ac,131,True,9.530252470201754e-12,False,0.6958698796523035,0.6958698796523035,48,ok,Celer__s205,d5cd14d8051263b49b01b10ad36e6033b2ec3219,2733d2f5b24d685ca7eba667932a32a2eb96b43459c7d2e49b30c8af70b6f031,2026-09-17T05:22:35Z__pid12112,
Celer,205,2,0.05,0.5,CONDITIONAL_UOT_D4,0.4635416666666667,0.30902777777777773,0.3708333333333333,0.4635416666666667,0.3090277777777778,0.37083333333333335,48,192,89,103,199,0.611111111111111,0.008333333333333333,0,192,0,85b1d10550ace12bea66d53f11f72ccd933b2b8cf6589b275b723084a34911df,c5a93789961548991eed147d7e728fcad973a19dc91ce0c9f6d61f3de6592616,unit__Celer__s205__85b1d10550ac,131,True,9.530252470201754e-12,False,0.6958698796523035,0.6958698796523035,48,ok,Celer__s205,d5cd14d8051263b49b01b10ad36e6033b2ec3219,2733d2f5b24d685ca7eba667932a32a2eb96b43459c7d2e49b30c8af70b6f031,2026-09-17T05:22:35Z__pid12112,
Celer,205,2,0.05,0.5,RAW_UOT_PLAN_D4,0.0,0.0,0.0,0.0,0.0,0.0,48,184,0,184,288,0.0,0.0,0,184,0,85b1d10550ace12bea66d53f11f72ccd933b2b8cf6589b275b723084a34911df,c5a93789961548991eed147d7e728fcad973a19dc91ce0c9f6d61f3de6592616,unit__Celer__s205__85b1d10550ac,131,True,9.530252470201754e-12,False,0.6958698796523035,0.6958698796523035,48,ok,Celer__s205,d5cd14d8051263b49b01b10ad36e6033b2ec3219,2733d2f5b24d685ca7eba667932a32a2eb96b43459c7d2e49b30c8af70b6f031,2026-09-17T05:22:35Z__pid12112,
Celer,205,2,0.05,0.5,SUPPORT_PLUS_K_D4,0.4895833333333333,0.3298611111111111,0.39375,0.5,0.3298611111111111,0.39748953974895396,48,190,95,95,193,0.6527777777777777,0.010416666666666666,0,190,0,85b1d10550ace12bea66d53f11f72ccd933b2b8cf6589b275b723084a34911df,c5a93789961548991eed147d7e728fcad973a19dc91ce0c9f6d61f3de6592616,unit__Celer__s205__85b1d10550ac,131,True,9.530252470201754e-12,False,0.6958698796523035,0.6958698796523035,48,ok,Celer__s205,d5cd14d8051263b49b01b10ad36e6033b2ec3219,2733d2f5b24d685ca7eba667932a32a2eb96b43459c7d2e49b30c8af70b6f031,2026-09-17T05:22:35Z__pid12112,
Celer,205,3,0.05,0.5,AMOUNT_FREE_COST_D4,0.4444444444444445,0.6666666666666666,0.5333333333333333,0.4444444444444444,0.6666666666666666,0.5333333333333333,48,432,192,240,96,0.4444444444444445,0.4444444444444445,0,432,0,85b1d10550ace12bea66d53f11f72ccd933b2b8cf6589b275b723084a34911df,c5a93789961548991eed147d7e728fcad973a19dc91ce0c9f6d61f3de6592616,unit__Celer__s205__85b1d10550ac,131,True,9.530252470201754e-12,False,0.6958698796523035,0.6958698796523035,48,ok,Celer__s205,d5cd14d8051263b49b01b10ad36e6033b2ec3219,2733d2f5b24d685ca7eba667932a32a2eb96b43459c7d2e49b30c8af70b6f031,2026-09-17T05:22:35Z__pid12112,
Celer,205,3,0.05,0.5,CONDITIONAL_UOT_D4,0.425925925925926,0.6388888888888888,0.5111111111111111,0.42592592592592593,0.6388888888888888,0.5111111111111111,48,432,184,248,104,0.4318783068783069,0.42261904761904767,0,432,0,85b1d10550ace12bea66d53f11f72ccd933b2b8cf6589b275b723084a34911df,c5a93789961548991eed147d7e728fcad973a19dc91ce0c9f6d61f3de6592616,unit__Celer__s205__85b1d10550ac,131,True,9.530252470201754e-12,False,0.6958698796523035,0.6958698796523035,48,ok,Celer__s205,d5cd14d8051263b49b01b10ad36e6033b2ec3219,2733d2f5b24d685ca7eba667932a32a2eb96b43459c7d2e49b30c8af70b6f031,2026-09-17T05:22:35Z__pid12112,
Celer,205,3,0.05,0.5,RAW_UOT_PLAN_D4,0.1064814814814815,0.1597222222222222,0.12777777777777777,0.1111111111111111,0.1597222222222222,0.13105413105413105,48,414,46,368,242,0.0,0.0,0,414,0,85b1d10550ace12bea66d53f11f72ccd933b2b8cf6589b275b723084a34911df,c5a93789961548991eed147d7e728fcad973a19dc91ce0c9f6d61f3de6592616,unit__Celer__s205__85b1d10550ac,131,True,9.530252470201754e-12,False,0.6958698796523035,0.6958698796523035,48,ok,Celer__s205,d5cd14d8051263b49b01b10ad36e6033b2ec3219,2733d2f5b24d685ca7eba667932a32a2eb96b43459c7d2e49b30c8af70b6f031,2026-09-17T05:22:35Z__pid12112,
Celer,205,3,0.05,0.5,SUPPORT_PLUS_K_D4,0.4323361823361824,0.6527777777777777,0.5198830409356724,0.44028103044496486,0.6527777777777778,0.5258741258741259,48,427,188,239,100,0.4351851851851853,0.4351851851851853,0,427,0,85b1d10550ace12bea66d53f11f72ccd933b2b8cf6589b275b723084a34911df,c5a93789961548991eed147d7e728fcad973a19dc91ce0c9f6d61f3de6592616,unit__Celer__s205__85b1d10550ac,131,True,9.530252470201754e-12,False,0.6958698796523035,0.6958698796523035,48,ok,Celer__s205,d5cd14d8051263b49b01b10ad36e6033b2ec3219,2733d2f5b24d685ca7eba667932a32a2eb96b43459c7d2e49b30c8af70b6f031,2026-09-17T05:22:35Z__pid12112,
Celer,205,5,0.05,0.5,AMOUNT_FREE_COST_D4,0.19999999999999998,0.8333333333333334,0.3225806451612903,0.2,0.8333333333333334,0.3225806451612903,48,1200,240,960,48,0.26666666666666666,0.26666666666666666,0,1200,0,85b1d10550ace12bea66d53f11f72ccd933b2b8cf6589b275b723084a34911df,c5a93789961548991eed147d7e728fcad973a19dc91ce0c9f6d61f3de6592616,unit__Celer__s205__85b1d10550ac,131,True,9.530252470201754e-12,False,0.6958698796523035,0.6958698796523035,48,ok,Celer__s205,d5cd14d8051263b49b01b10ad36e6033b2ec3219,2733d2f5b24d685ca7eba667932a32a2eb96b43459c7d2e49b30c8af70b6f031,2026-09-17T05:22:35Z__pid12112,
Celer,205,5,0.05,0.5,CONDITIONAL_UOT_D4,0.19916666666666663,0.8298611111111112,0.32123655913978494,0.19916666666666666,0.8298611111111112,0.32123655913978494,48,1200,239,961,49,0.26666666666666666,0.2664862914862915,0,1200,0,85b1d10550ace12bea66d53f11f72ccd933b2b8cf6589b275b723084a34911df,c5a93789961548991eed147d7e728fcad973a19dc91ce0c9f6d61f3de6592616,unit__Celer__s205__85b1d10550ac,131,True,9.530252470201754e-12,False,0.6958698796523035,0.6958698796523035,48,ok,Celer__s205,d5cd14d8051263b49b01b10ad36e6033b2ec3219,2733d2f5b24d685ca7eba667932a32a2eb96b43459c7d2e49b30c8af70b6f031,2026-09-17T05:22:35Z__pid12112,
Celer,205,5,0.05,0.5,RAW_UOT_PLAN_D4,0.153125,0.6354166666666666,0.24674317617866004,0.15982532751091702,0.6354166666666666,0.25540823447313327,48,1145,183,962,105,0.1704545454545455,0.17462121212121215,0,1145,0,85b1d10550ace12bea66d53f11f72ccd933b2b8cf6589b275b723084a34911df,c5a93789961548991eed147d7e728fcad973a19dc91ce0c9f6d61f3de6592616,unit__Celer__s205__85b1d10550ac,131,True,9.530252470201754e-12,False,0.6958698796523035,0.6958698796523035,48,ok,Celer__s205,d5cd14d8051263b49b01b10ad36e6033b2ec3219,2733d2f5b24d685ca7eba667932a32a2eb96b43459c7d2e49b30c8af70b6f031,2026-09-17T05:22:35Z__pid12112,
Celer,205,5,0.05,0.5,SUPPORT_PLUS_K_D4,0.1958333333333333,0.8159722222222223,0.31586021505376344,0.2,0.8159722222222222,0.3212576896787423,48,1175,235,940,53,0.2619658119658119,0.2619658119658119,0,1175,0,85b1d10550ace12bea66d53f11f72ccd933b2b8cf6589b275b723084a34911df,c5a93789961548991eed147d7e728fcad973a19dc91ce0c9f6d61f3de6592616,unit__Celer__s205__85b1d10550ac,131,True,9.530252470201754e-12,False,0.6958698796523035,0.6958698796523035,48,ok,Celer__s205,d5cd14d8051263b49b01b10ad36e6033b2ec3219,2733d2f5b24d685ca7eba667932a32a2eb96b43459c7d2e49b30c8af70b6f031,2026-09-17T05:22:35Z__pid12112,
Celer,205,7,0.05,0.5,AMOUNT_FREE_COST_D4,0.16469594594594592,1.0,0.28280730897009965,0.1646655231560892,1.0,0.28276877761413843,48,1749,288,1461,0,0.21279239766081867,0.22222222222222224,0,1749,0,85b1d10550ace12bea66d53f11f72ccd933b2b8cf6589b275b723084a34911df,c5a93789961548991eed147d7e728fcad973a19dc91ce0c9f6d61f3de6592616,unit__Celer__s205__85b1d10550ac,131,True,9.530252470201754e-12,False,0.6958698796523035,0.6958698796523035,48,ok,Celer__s205,d5cd14d8051263b49b01b10ad36e6033b2ec3219,2733d2f5b24d685ca7eba667932a32a2eb96b43459c7d2e49b30c8af70b6f031,2026-09-17T05:22:35Z__pid12112,
Celer,205,7,0.05,0.5,CONDITIONAL_UOT_D4,0.16501518259330758,0.9965277777777777,0.2831160386431194,0.16494252873563217,0.9965277777777778,0.28303747534516766,48,1740,287,1453,1,0.21818168787983028,0.2217592592592593,0,1740,0,85b1d10550ace12bea66d53f11f72ccd933b2b8cf6589b275b723084a34911df,c5a93789961548991eed147d7e728fcad973a19dc91ce0c9f6d61f3de6592616,unit__Celer__s205__85b1d10550ac,131,True,9.530252470201754e-12,False,0.6958698796523035,0.6958698796523035,48,ok,Celer__s205,d5cd14d8051263b49b01b10ad36e6033b2ec3219,2733d2f5b24d685ca7eba667932a32a2eb96b43459c7d2e49b30c8af70b6f031,2026-09-17T05:22:35Z__pid12112,
Celer,205,7,0.05,0.5,RAW_UOT_PLAN_D4,0.1582207207207207,0.9513888888888888,0.27119785898855664,0.1650602409638554,0.9513888888888888,0.2813141683778234,48,1660,274,1386,14,0.20516569200779725,0.21209273182957392,0,1660,0,85b1d10550ace12bea66d53f11f72ccd933b2b8cf6589b275b723084a34911df,c5a93789961548991eed147d7e728fcad973a19dc91ce0c9f6d61f3de6592616,unit__Celer__s205__85b1d10550ac,131,True,9.530252470201754e-12,False,0.6958698796523035,0.6958698796523035,48,ok,Celer__s205,d5cd14d8051263b49b01b10ad36e6033b2ec3219,2733d2f5b24d685ca7eba667932a32a2eb96b43459c7d2e49b30c8af70b6f031,2026-09-17T05:22:35Z__pid12112,
Celer,205,7,0.05,0.5,SUPPORT_PLUS_K_D4,0.16175159534534533,0.9791666666666666,0.2776199218977677,0.16510538641686182,0.9791666666666666,0.28256513026052105,48,1708,282,1426,6,0.20994848231690336,0.21891534391534395,0,1708,0,85b1d10550ace12bea66d53f11f72ccd933b2b8cf6589b275b723084a34911df,c5a93789961548991eed147d7e728fcad973a19dc91ce0c9f6d61f3de6592616,unit__Celer__s205__85b1d10550ac,131,True,9.530252470201754e-12,False,0.6958698796523035,0.6958698796523035,48,ok,Celer__s205,d5cd14d8051263b49b01b10ad36e6033b2ec3219,2733d2f5b24d685ca7eba667932a32a2eb96b43459c7d2e49b30c8af70b6f031,2026-09-17T05:22:35Z__pid12112,
Celer,205,10,0.05,0.5,AMOUNT_FREE_COST_D4,0.145388986013986,1.0,0.2530456200471192,0.14090019569471623,1.0,0.2469982847341338,48,2044,288,1756,0,0.1833741875408542,0.18282342657342654,0,2044,0,85b1d10550ace12bea66d53f11f72ccd933b2b8cf6589b275b723084a34911df,c5a93789961548991eed147d7e728fcad973a19dc91ce0c9f6d61f3de6592616,unit__Celer__s205__85b1d10550ac,131,True,9.530252470201754e-12,False,0.6958698796523035,0.6958698796523035,48,ok,Celer__s205,d5cd14d8051263b49b01b10ad36e6033b2ec3219,2733d2f5b24d685ca7eba667932a32a2eb96b43459c7d2e49b30c8af70b6f031,2026-09-17T05:22:35Z__pid12112,
Celer,205,10,0.05,0.5,CONDITIONAL_UOT_D4,0.15495171495171492,1.0,0.2677514367816092,0.15157894736842106,1.0,0.263254113345521,48,1900,288,1612,0,0.20156933661835622,0.20210507085507082,0,1900,0,85b1d10550ace12bea66d53f11f72ccd933b2b8cf6589b275b723084a34911df,c5a93789961548991eed147d7e728fcad973a19dc91ce0c9f6d61f3de6592616,unit__Celer__s205__85b1d10550ac,131,True,9.530252470201754e-12,False,0.6958698796523035,0.6958698796523035,48,ok,Celer__s205,d5cd14d8051263b49b01b10ad36e6033b2ec3219,2733d2f5b24d685ca7eba667932a32a2eb96b43459c7d2e49b30c8af70b6f031,2026-09-17T05:22:35Z__pid12112,
Celer,205,10,0.05,0.5,RAW_UOT_PLAN_D4,0.14271804584304582,0.9583333333333334,0.24770900264153636,0.14465408805031446,0.9583333333333334,0.25136612021857924,48,1908,276,1632,12,0.19963007265638846,0.20033670033670034,0,1908,0,85b1d10550ace12bea66d53f11f72ccd933b2b8cf6589b275b723084a34911df,c5a93789961548991eed147d7e728fcad973a19dc91ce0c9f6d61f3de6592616,unit__Celer__s205__85b1d10550ac,131,True,9.530252470201754e-12,False,0.6958698796523035,0.6958698796523035,48,ok,Celer__s205,d5cd14d8051263b49b01b10ad36e6033b2ec3219,2733d2f5b24d685ca7eba667932a32a2eb96b43459c7d2e49b30c8af70b6f031,2026-09-17T05:22:35Z__pid12112,
Celer,205,10,0.05,0.5,SUPPORT_PLUS_K_D4,0.14341916763791762,0.9791666666666666,0.24936184163557318,0.14185110663983905,0.9791666666666666,0.2478031634446397,48,1988,282,1706,6,0.18191916108582773,0.18136840011840008,0,1988,0,85b1d10550ace12bea66d53f11f72ccd933b2b8cf6589b275b723084a34911df,c5a93789961548991eed147d7e728fcad973a19dc91ce0c9f6d61f3de6592616,unit__Celer__s205__85b1d10550ac,131,True,9.530252470201754e-12,False,0.6958698796523035,0.6958698796523035,48,ok,Celer__s205,d5cd14d8051263b49b01b10ad36e6033b2ec3219,2733d2f5b24d685ca7eba667932a32a2eb96b43459c7d2e49b30c8af70b6f031,2026-09-17T05:22:35Z__pid12112,
Celer,205,15,0.05,0.5,AMOUNT_FREE_COST_D4,0.12172158271390726,1.0,0.21469175744850408,0.10798650168728909,1.0,0.1949238578680203,48,2667,288,2379,0,0.15059426132342799,0.14924599865332622,0,2667,0,85b1d10550ace12bea66d53f11f72ccd933b2b8cf6589b275b723084a34911df,c5a93789961548991eed147d7e728fcad973a19dc91ce0c9f6d61f3de6592616,unit__Celer__s205__85b1d10550ac,131,True,9.530252470201754e-12,False,0.6958698796523035,0.6958698796523035,48,ok,Celer__s205,d5cd14d8051263b49b01b10ad36e6033b2ec3219,2733d2f5b24d685ca7eba667932a32a2eb96b43459c7d2e49b30c8af70b6f031,2026-09-17T05:22:35Z__pid12112,
Celer,205,15,0.05,0.5,CONDITIONAL_UOT_D4,0.14493020482603816,1.0,0.251360030454858,0.13241379310344828,1.0,0.23386114494518878,48,2175,288,1887,0,0.19013553961470628,0.18911867453534117,0,2175,0,85b1d10550ace12bea66d53f11f72ccd933b2b8cf6589b275b723084a34911df,c5a93789961548991eed147d7e728fcad973a19dc91ce0c9f6d61f3de6592616,unit__Celer__s205__85b1d10550ac,131,True,9.530252470201754e-12,False,0.6958698796523035,0.6958698796523035,48,ok,Celer__s205,d5cd14d8051263b49b01b10ad36e6033b2ec3219,2733d2f5b24d685ca7eba667932a32a2eb96b43459c7d2e49b30c8af70b6f031,2026-09-17T05:22:35Z__pid12112,
Celer,205,15,0.05,0.5,RAW_UOT_PLAN_D4,0.13479424027881115,0.9826388888888888,0.23461562985780074,0.12256388046773495,0.9826388888888888,0.21794378128609934,48,2309,283,2026,5,0.17897396919852734,0.17957826095098775,0,2309,0,85b1d10550ace12bea66d53f11f72ccd933b2b8cf6589b275b723084a34911df,c5a93789961548991eed147d7e728fcad973a19dc91ce0c9f6d61f3de6592616,unit__Celer__s205__85b1d10550ac,131,True,9.530252470201754e-12,False,0.6958698796523035,0.6958698796523035,48,ok,Celer__s205,d5cd14d8051263b49b01b10ad36e6033b2ec3219,2733d2f5b24d685ca7eba667932a32a2eb96b43459c7d2e49b30c8af70b6f031,2026-09-17T05:22:35Z__pid12112,
Celer,205,15,0.05,0.5,SUPPORT_PLUS_K_D4,0.11780234897696519,0.9791666666666666,0.20804915625054896,0.1070615034168565,0.9791666666666666,0.19301848049281314,48,2634,282,2352,6,0.14683143464393464,0.14405049970782727,0,2634,0,85b1d10550ace12bea66d53f11f72ccd933b2b8cf6589b275b723084a34911df,c5a93789961548991eed147d7e728fcad973a19dc91ce0c9f6d61f3de6592616,unit__Celer__s205__85b1d10550ac,131,True,9.530252470201754e-12,False,0.6958698796523035,0.6958698796523035,48,ok,Celer__s205,d5cd14d8051263b49b01b10ad36e6033b2ec3219,2733d2f5b24d685ca7eba667932a32a2eb96b43459c7d2e49b30c8af70b6f031,2026-09-17T05:22:35Z__pid12112,
Multi,201,2,0.05,0.5,AMOUNT_FREE_COST_D4,0.4375,0.2916666666666667,0.3499999999999999,0.4375,0.2916666666666667,0.35,48,192,84,108,204,0.5861111111111111,0.0,0,192,0,d0c238fb506e9b381a78416a2744ed345fe5f529c9dfaef82397ed9c6a076859,b847def74767f706a2d514834184291fc3f722e59475902e58ff208164b35074,unit__Multi__s201__d0c238fb506e,131,True,8.986215706814507e-12,False,0.6804938427412782,0.6804938427412782,48,ok,Multi__s201,d5cd14d8051263b49b01b10ad36e6033b2ec3219,2733d2f5b24d685ca7eba667932a32a2eb96b43459c7d2e49b30c8af70b6f031,2026-09-17T05:22:36Z__pid12112,
Multi,201,2,0.05,0.5,CONDITIONAL_UOT_D4,0.390625,0.2604166666666667,0.3125,0.39473684210526316,0.2604166666666667,0.3138075313807531,48,190,75,115,213,0.5222222222222221,0.0,0,190,0,d0c238fb506e9b381a78416a2744ed345fe5f529c9dfaef82397ed9c6a076859,b847def74767f706a2d514834184291fc3f722e59475902e58ff208164b35074,unit__Multi__s201__d0c238fb506e,131,True,8.986215706814507e-12,False,0.6804938427412782,0.6804938427412782,48,ok,Multi__s201,d5cd14d8051263b49b01b10ad36e6033b2ec3219,2733d2f5b24d685ca7eba667932a32a2eb96b43459c7d2e49b30c8af70b6f031,2026-09-17T05:22:36Z__pid12112,
Multi,201,2,0.05,0.5,RAW_UOT_PLAN_D4,0.005208333333333333,0.003472222222222222,0.004166666666666667,0.006578947368421052,0.003472222222222222,0.004545454545454545,48,152,1,151,287,0.0,0.0,0,152,0,d0c238fb506e9b381a78416a2744ed345fe5f529c9dfaef82397ed9c6a076859,b847def74767f706a2d514834184291fc3f722e59475902e58ff208164b35074,unit__Multi__s201__d0c238fb506e,131,True,8.986215706814507e-12,False,0.6804938427412782,0.6804938427412782,48,ok,Multi__s201,d5cd14d8051263b49b01b10ad36e6033b2ec3219,2733d2f5b24d685ca7eba667932a32a2eb96b43459c7d2e49b30c8af70b6f031,2026-09-17T05:22:36Z__pid12112,
Multi,201,2,0.05,0.5,SUPPORT_PLUS_K_D4,0.4375,0.2916666666666667,0.3499999999999999,0.4375,0.2916666666666667,0.35,48,192,84,108,204,0.5861111111111111,0.0,0,192,0,d0c238fb506e9b381a78416a2744ed345fe5f529c9dfaef82397ed9c6a076859,b847def74767f706a2d514834184291fc3f722e59475902e58ff208164b35074,unit__Multi__s201__d0c238fb506e,131,True,8.986215706814507e-12,False,0.6804938427412782,0.6804938427412782,48,ok,Multi__s201,d5cd14d8051263b49b01b10ad36e6033b2ec3219,2733d2f5b24d685ca7eba667932a32a2eb96b43459c7d2e49b30c8af70b6f031,2026-09-17T05:22:36Z__pid12112,
Multi,201,3,0.05,0.5,AMOUNT_FREE_COST_D4,0.39814814814814814,0.5972222222222222,0.4777777777777777,0.40093240093240096,0.5972222222222222,0.4797768479776848,48,429,172,257,116,0.42195767195767203,0.3796296296296296,0,429,0,d0c238fb506e9b381a78416a2744ed345fe5f529c9dfaef82397ed9c6a076859,b847def74767f706a2d514834184291fc3f722e59475902e58ff208164b35074,unit__Multi__s201__d0c238fb506e,131,True,8.986215706814507e-12,False,0.6804938427412782,0.6804938427412782,48,ok,Multi__s201,d5cd14d8051263b49b01b10ad36e6033b2ec3219,2733d2f5b24d685ca7eba667932a32a2eb96b43459c7d2e49b30c8af70b6f031,2026-09-17T05:22:36Z__pid12112,
Multi,201,3,0.05,0.5,CONDITIONAL_UOT_D4,0.3680555555555555,0.5520833333333333,0.44166666666666665,0.381294964028777,0.5520833333333334,0.451063829787234,48,417,159,258,129,0.39153439153439157,0.3485449735449735,0,417,0,d0c238fb506e9b381a78416a2744ed345fe5f529c9dfaef82397ed9c6a076859,b847def74767f706a2d514834184291fc3f722e59475902e58ff208164b35074,unit__Multi__s201__d0c238fb506e,131,True,8.986215706814507e-12,False,0.6804938427412782,0.6804938427412782,48,ok,Multi__s201,d5cd14d8051263b49b01b10ad36e6033b2ec3219,2733d2f5b24d685ca7eba667932a32a2eb96b43459c7d2e49b30c8af70b6f031,2026-09-17T05:22:36Z__pid12112,
Multi,201,3,0.05,0.5,RAW_UOT_PLAN_D4,0.09375,0.13194444444444445,0.10902777777777777,0.1162079510703364,0.13194444444444445,0.12357723577235773,48,327,38,289,250,0.0,0.0,0,327,0,d0c238fb506e9b381a78416a2744ed345fe5f529c9dfaef82397ed9c6a076859,b847def74767f706a2d514834184291fc3f722e59475902e58ff208164b35074,unit__Multi__s201__d0c238fb506e,131,True,8.986215706814507e-12,False,0.6804938427412782,0.6804938427412782,48,ok,Multi__s201,d5cd14d8051263b49b01b10ad36e6033b2ec3219,2733d2f5b24d685ca7eba667932a32a2eb96b43459c7d2e49b30c8af70b6f031,2026-09-17T05:22:36Z__pid12112,
Multi,201,3,0.05,0.5,SUPPORT_PLUS_K_D4,0.40151515151515155,0.6041666666666666,0.4823529411764705,0.4037122969837587,0.6041666666666666,0.48400556328233657,48,431,174,257,114,0.42195767195767203,0.3900462962962963,0,431,0,d0c238fb506e9b381a78416a2744ed345fe5f529c9dfaef82397ed9c6a076859,b847def74767f706a2d514834184291fc3f722e59475902e58ff208164b35074,unit__Multi__s201__d0c238fb506e,131,True,8.986215706814507e-12,False,0.6804938427412782,0.6804938427412782,48,ok,Multi__s201,d5cd14d8051263b49b01b10ad36e6033b2ec3219,2733d2f5b24d685ca7eba667932a32a2eb96b43459c7d2e49b30c8af70b6f031,2026-09-17T05:22:36Z__pid12112,
Multi,201,5,0.05,0.5,AMOUNT_FREE_COST_D4,0.19625,0.8125,0.3157762096774193,0.19746835443037974,0.8125,0.31771894093686354,48,1185,234,951,54,0.26111111111111107,0.26111111111111107,0,1185,0,d0c238fb506e9b381a78416a2744ed345fe5f529c9dfaef82397ed9c6a076859,b847def74767f706a2d514834184291fc3f722e59475902e58ff208164b35074,unit__Multi__s201__d0c238fb506e,131,True,8.986215706814507e-12,False,0.6804938427412782,0.6804938427412782,48,ok,Multi__s201,d5cd14d8051263b49b01b10ad36e6033b2ec3219,2733d2f5b24d685ca7eba667932a32a2eb96b43459c7d2e49b30c8af70b6f031,2026-09-17T05:22:36Z__pid12112,
Multi,201,5,0.05,0.5,CONDITIONAL_UOT_D4,0.18791666666666665,0.7673611111111112,0.300823252688172,0.1947136563876652,0.7673611111111112,0.3106113843991567,48,1135,221,914,67,0.24444444444444444,0.24307359307359308,0,1135,0,d0c238fb506e9b381a78416a2744ed345fe5f529c9dfaef82397ed9c6a076859,b847def74767f706a2d514834184291fc3f722e59475902e58ff208164b35074,unit__Multi__s201__d0c238fb506e,131,True,8.986215706814507e-12,False,0.6804938427412782,0.6804938427412782,48,ok,Multi__s201,d5cd14d8051263b49b01b10ad36e6033b2ec3219,2733d2f5b24d685ca7eba667932a32a2eb96b43459c7d2e49b30c8af70b6f031,2026-09-17T05:22:36Z__pid12112,
Multi,201,5,0.05,0.5,RAW_UOT_PLAN_D4,0.13416666666666666,0.4791666666666667,0.2035538386344838,0.1602787456445993,0.4791666666666667,0.2402088772845953,48,861,138,723,150,0.10984848484848486,0.12651515151515152,0,861,0,d0c238fb506e9b381a78416a2744ed345fe5f529c9dfaef82397ed9c6a076859,b847def74767f706a2d514834184291fc3f722e59475902e58ff208164b35074,unit__Multi__s201__d0c238fb506e,131,True,8.986215706814507e-12,False,0.6804938427412782,0.6804938427412782,48,ok,Multi__s201,d5cd14d8051263b49b01b10ad36e6033b2ec3219,2733d2f5b24d685ca7eba667932a32a2eb96b43459c7d2e49b30c8af70b6f031,2026-09-17T05:22:36Z__pid12112,
Multi,201,5,0.05,0.5,SUPPORT_PLUS_K_D4,0.19625,0.8125,0.3157762096774193,0.19746835443037974,0.8125,0.31771894093686354,48,1185,234,951,54,0.2619658119658119,0.2619658119658119,0,1185,0,d0c238fb506e9b381a78416a2744ed345fe5f529c9dfaef82397ed9c6a076859,b847def74767f706a2d514834184291fc3f722e59475902e58ff208164b35074,unit__Multi__s201__d0c238fb506e,131,True,8.986215706814507e-12,False,0.6804938427412782,0.6804938427412782,48,ok,Multi__s201,d5cd14d8051263b49b01b10ad36e6033b2ec3219,2733d2f5b24d685ca7eba667932a32a2eb96b43459c7d2e49b30c8af70b6f031,2026-09-17T05:22:36Z__pid12112,
Multi,201,7,0.05,0.5,AMOUNT_FREE_COST_D4,0.16532604032604029,0.986111111111111,0.282401639596407,0.16521233275159977,0.9861111111111112,0.2830094668659691,48,1719,284,1435,4,0.21327972709551654,0.21712962962962967,0,1719,0,d0c238fb506e9b381a78416a2744ed345fe5f529c9dfaef82397ed9c6a076859,b847def74767f706a2d514834184291fc3f722e59475902e58ff208164b35074,unit__Multi__s201__d0c238fb506e,131,True,8.986215706814507e-12,False,0.6804938427412782,0.6804938427412782,48,ok,Multi__s201,d5cd14d8051263b49b01b10ad36e6033b2ec3219,2733d2f5b24d685ca7eba667932a32a2eb96b43459c7d2e49b30c8af70b6f031,2026-09-17T05:22:36Z__pid12112,
Multi,201,7,0.05,0.5,CONDITIONAL_UOT_D4,0.1659159159159159,0.9409722222222222,0.2781584533038021,0.16585067319461444,0.9409722222222222,0.28199791883454733,48,1634,271,1363,17,0.20012183235867442,0.20370370370370372,0,1634,0,d0c238fb506e9b381a78416a2744ed345fe5f529c9dfaef82397ed9c6a076859,b847def74767f706a2d514834184291fc3f722e59475902e58ff208164b35074,unit__Multi__s201__d0c238fb506e,131,True,8.986215706814507e-12,False,0.6804938427412782,0.6804938427412782,48,ok,Multi__s201,d5cd14d8051263b49b01b10ad36e6033b2ec3219,2733d2f5b24d685ca7eba667932a32a2eb96b43459c7d2e49b30c8af70b6f031,2026-09-17T05:22:36Z__pid12112,
Multi,201,7,0.05,0.5,RAW_UOT_PLAN_D4,0.13955026455026454,0.71875,0.22719907407407405,0.16350710900473933,0.71875,0.26640926640926643,48,1266,207,1059,81,0.14748677248677247,0.15443121693121695,0,1266,0,d0c238fb506e9b381a78416a2744ed345fe5f529c9dfaef82397ed9c6a076859,b847def74767f706a2d514834184291fc3f722e59475902e58ff208164b35074,unit__Multi__s201__d0c238fb506e,131,True,8.986215706814507e-12,False,0.6804938427412782,0.6804938427412782,48,ok,Multi__s201,d5cd14d8051263b49b01b10ad36e6033b2ec3219,2733d2f5b24d685ca7eba667932a32a2eb96b43459c7d2e49b30c8af70b6f031,2026-09-17T05:22:36Z__pid12112,
Multi,201,7,0.05,0.5,SUPPORT_PLUS_K_D4,0.1653197239134739,0.986111111111111,0.28252614336228166,0.16530849825378346,0.9861111111111112,0.2831505483549352,48,1718,284,1434,4,0.21504107490949598,0.21730367585630742,0,1718,0,d0c238fb506e9b381a78416a2744ed345fe5f529c9dfaef82397ed9c6a076859,b847def74767f706a2d514834184291fc3f722e59475902e58ff208164b35074,unit__Multi__s201__d0c238fb506e,131,True,8.986215706814507e-12,False,0.6804938427412782,0.6804938427412782,48,ok,Multi__s201,d5cd14d8051263b49b01b10ad36e6033b2ec3219,2733d2f5b24d685ca7eba667932a32a2eb96b43459c7d2e49b30c8af70b6f031,2026-09-17T05:22:36Z__pid12112,
Multi,201,10,0.05,0.5,AMOUNT_FREE_COST_D4,0.15566239316239314,0.986111111111111,0.2674487071038795,0.1517094017094017,0.9861111111111112,0.26296296296296295,48,1872,284,1588,4,0.19902227402227401,0.19785677285677283,0,1872,0,d0c238fb506e9b381a78416a2744ed345fe5f529c9dfaef82397ed9c6a076859,b847def74767f706a2d514834184291fc3f722e59475902e58ff208164b35074,unit__Multi__s201__d0c238fb506e,131,True,8.986215706814507e-12,False,0.6804938427412782,0.6804938427412782,48,ok,Multi__s201,d5cd14d8051263b49b01b10ad36e6033b2ec3219,2733d2f5b24d685ca7eba667932a32a2eb96b43459c7d2e49b30c8af70b6f031,2026-09-17T05:22:36Z__pid12112,
Multi,201,10,0.05,0.5,CONDITIONAL_UOT_D4,0.1581196581196581,0.9409722222222222,0.266129584017515,0.15450399087799316,0.9409722222222222,0.2654260528893242,48,1754,271,1483,17,0.1872312872312872,0.18765863765863766,0,1754,0,d0c238fb506e9b381a78416a2744ed345fe5f529c9dfaef82397ed9c6a076859,b847def74767f706a2d514834184291fc3f722e59475902e58ff208164b35074,unit__Multi__s201__d0c238fb506e,131,True,8.986215706814507e-12,False,0.6804938427412782,0.6804938427412782,48,ok,Multi__s201,d5cd14d8051263b49b01b10ad36e6033b2ec3219,2733d2f5b24d685ca7eba667932a32a2eb96b43459c7d2e49b30c8af70b6f031,2026-09-17T05:22:36Z__pid12112,
Multi,201,10,0.05,0.5,RAW_UOT_PLAN_D4,0.14295634920634917,0.7708333333333334,0.23556998556998554,0.15994236311239193,0.7708333333333334,0.2649164677804296,48,1388,222,1166,66,0.16018518518518518,0.15555555555555556,0,1388,0,d0c238fb506e9b381a78416a2744ed345fe5f529c9dfaef82397ed9c6a076859,b847def74767f706a2d514834184291fc3f722e59475902e58ff208164b35074,unit__Multi__s201__d0c238fb506e,131,True,8.986215706814507e-12,False,0.6804938427412782,0.6804938427412782,48,ok,Multi__s201,d5cd14d8051263b49b01b10ad36e6033b2ec3219,2733d2f5b24d685ca7eba667932a32a2eb96b43459c7d2e49b30c8af70b6f031,2026-09-17T05:22:36Z__pid12112,
Multi,201,10,0.05,0.5,SUPPORT_PLUS_K_D4,0.1537595217282717,0.986111111111111,0.2653763420076931,0.15026455026455027,0.9861111111111112,0.26078971533516987,48,1890,284,1606,4,0.20131951381951382,0.20073676323676323,0,1890,0,d0c238fb506e9b381a78416a2744ed345fe5f529c9dfaef82397ed9c6a076859,b847def74767f706a2d514834184291fc3f722e59475902e58ff208164b35074,unit__Multi__s201__d0c238fb506e,131,True,8.986215706814507e-12,False,0.6804938427412782,0.6804938427412782,48,ok,Multi__s201,d5cd14d8051263b49b01b10ad36e6033b2ec3219,2733d2f5b24d685ca7eba667932a32a2eb96b43459c7d2e49b30c8af70b6f031,2026-09-17T05:22:36Z__pid12112,
Multi,201,15,0.05,0.5,AMOUNT_FREE_COST_D4,0.14382553947504925,1.0,0.2494551570790178,0.12903225806451613,1.0,0.22857142857142856,48,2232,288,1944,0,0.18261514719848052,0.1829585537918871,0,2232,0,d0c238fb506e9b381a78416a2744ed345fe5f529c9dfaef82397ed9c6a076859,b847def74767f706a2d514834184291fc3f722e59475902e58ff208164b35074,unit__Multi__s201__d0c238fb506e,131,True,8.986215706814507e-12,False,0.6804938427412782,0.6804938427412782,48,ok,Multi__s201,d5cd14d8051263b49b01b10ad36e6033b2ec3219,2733d2f5b24d685ca7eba667932a32a2eb96b43459c7d2e49b30c8af70b6f031,2026-09-17T05:22:36Z__pid12112,
Multi,201,15,0.05,0.5,CONDITIONAL_UOT_D4,0.1462977994227994,0.9409722222222222,0.24704997599019338,0.13206627680311891,0.9409722222222222,0.23162393162393163,48,2052,271,1781,17,0.1720458553791887,0.17217488847390808,0,2052,0,d0c238fb506e9b381a78416a2744ed345fe5f529c9dfaef82397ed9c6a076859,b847def74767f706a2d514834184291fc3f722e59475902e58ff208164b35074,unit__Multi__s201__d0c238fb506e,131,True,8.986215706814507e-12,False,0.6804938427412782,0.6804938427412782,48,ok,Multi__s201,d5cd14d8051263b49b01b10ad36e6033b2ec3219,2733d2f5b24d685ca7eba667932a32a2eb96b43459c7d2e49b30c8af70b6f031,2026-09-17T05:22:36Z__pid12112,
Multi,201,15,0.05,0.5,RAW_UOT_PLAN_D4,0.14468306566684164,0.8159722222222222,0.240084784630516,0.14742785445420326,0.8159722222222222,0.24973432518597238,48,1594,235,1359,53,0.16280343549365286,0.16303994918125353,0,1594,0,d0c238fb506e9b381a78416a2744ed345fe5f529c9dfaef82397ed9c6a076859,b847def74767f706a2d514834184291fc3f722e59475902e58ff208164b35074,unit__Multi__s201__d0c238fb506e,131,True,8.986215706814507e-12,False,0.6804938427412782,0.6804938427412782,48,ok,Multi__s201,d5cd14d8051263b49b01b10ad36e6033b2ec3219,2733d2f5b24d685ca7eba667932a32a2eb96b43459c7d2e49b30c8af70b6f031,2026-09-17T05:22:36Z__pid12112,
Multi,201,15,0.05,0.5,SUPPORT_PLUS_K_D4,0.14297125356558532,1.0,0.24827762320288635,0.13002257336343115,1.0,0.23012385137834598,48,2215,288,1927,0,0.1852645312453862,0.18633320593980887,0,2215,0,d0c238fb506e9b381a78416a2744ed345fe5f529c9dfaef82397ed9c6a076859,b847def74767f706a2d514834184291fc3f722e59475902e58ff208164b35074,unit__Multi__s201__d0c238fb506e,131,True,8.986215706814507e-12,False,0.6804938427412782,0.6804938427412782,48,ok,Multi__s201,d5cd14d8051263b49b01b10ad36e6033b2ec3219,2733d2f5b24d685ca7eba667932a32a2eb96b43459c7d2e49b30c8af70b6f031,2026-09-17T05:22:36Z__pid12112,
Multi,202,2,0.05,0.5,AMOUNT_FREE_COST_D4,0.4322916666666667,0.2881944444444444,0.3458333333333334,0.4715909090909091,0.2881944444444444,0.3577586206896552,48,176,83,93,205,0.5777777777777777,0.0,0,176,0,2449cc29aceca3dac262b69c83a7dff5a5168995096b96740abc065ca3ce8d05,e5ea3ddd52381c2bdb446517e1db55d7820de2f678d0a06fb9d36123e847908f,unit__Multi__s202__2449cc29acec,131,True,9.245132919026306e-12,False,0.7013568033767479,0.7013568033767478,48,ok,Multi__s202,d5cd14d8051263b49b01b10ad36e6033b2ec3219,2733d2f5b24d685ca7eba667932a32a2eb96b43459c7d2e49b30c8af70b6f031,2026-09-17T05:22:38Z__pid12112,
Multi,202,2,0.05,0.5,CONDITIONAL_UOT_D4,0.4322916666666667,0.2881944444444444,0.3458333333333334,0.4322916666666667,0.2881944444444444,0.3458333333333333,48,192,83,109,205,0.5638888888888888,0.008333333333333333,0,192,0,2449cc29aceca3dac262b69c83a7dff5a5168995096b96740abc065ca3ce8d05,e5ea3ddd52381c2bdb446517e1db55d7820de2f678d0a06fb9d36123e847908f,unit__Multi__s202__2449cc29acec,131,True,9.245132919026306e-12,False,0.7013568033767479,0.7013568033767478,48,ok,Multi__s202,d5cd14d8051263b49b01b10ad36e6033b2ec3219,2733d2f5b24d685ca7eba667932a32a2eb96b43459c7d2e49b30c8af70b6f031,2026-09-17T05:22:38Z__pid12112,
Multi,202,2,0.05,0.5,RAW_UOT_PLAN_D4,0.005208333333333333,0.003472222222222222,0.004166666666666667,0.0058823529411764705,0.003472222222222222,0.004366812227074236,48,170,1,169,287,0.0,0.0,0,170,0,2449cc29aceca3dac262b69c83a7dff5a5168995096b96740abc065ca3ce8d05,e5ea3ddd52381c2bdb446517e1db55d7820de2f678d0a06fb9d36123e847908f,unit__Multi__s202__2449cc29acec,131,True,9.245132919026306e-12,False,0.7013568033767479,0.7013568033767478,48,ok,Multi__s202,d5cd14d8051263b49b01b10ad36e6033b2ec3219,2733d2f5b24d685ca7eba667932a32a2eb96b43459c7d2e49b30c8af70b6f031,2026-09-17T05:22:38Z__pid12112,
Multi,202,2,0.05,0.5,SUPPORT_PLUS_K_D4,0.4322916666666667,0.2881944444444444,0.3458333333333334,0.4715909090909091,0.2881944444444444,0.3577586206896552,48,176,83,93,205,0.5777777777777777,0.0,0,176,0,2449cc29aceca3dac262b69c83a7dff5a5168995096b96740abc065ca3ce8d05,e5ea3ddd52381c2bdb446517e1db55d7820de2f678d0a06fb9d36123e847908f,unit__Multi__s202__2449cc29acec,131,True,9.245132919026306e-12,False,0.7013568033767479,0.7013568033767478,48,ok,Multi__s202,d5cd14d8051263b49b01b10ad36e6033b2ec3219,2733d2f5b24d685ca7eba667932a32a2eb96b43459c7d2e49b30c8af70b6f031,2026-09-17T05:22:38Z__pid12112,
Multi,202,3,0.05,0.5,AMOUNT_FREE_COST_D4,0.3888888888888889,0.5833333333333334,0.4666666666666666,0.42424242424242425,0.5833333333333334,0.49122807017543857,48,396,168,228,120,0.40079365079365087,0.3796296296296296,0,396,0,2449cc29aceca3dac262b69c83a7dff5a5168995096b96740abc065ca3ce8d05,e5ea3ddd52381c2bdb446517e1db55d7820de2f678d0a06fb9d36123e847908f,unit__Multi__s202__2449cc29acec,131,True,9.245132919026306e-12,False,0.7013568033767479,0.7013568033767478,48,ok,Multi__s202,d5cd14d8051263b49b01b10ad36e6033b2ec3219,2733d2f5b24d685ca7eba667932a32a2eb96b43459c7d2e49b30c8af70b6f031,2026-09-17T05:22:38Z__pid12112,
Multi,202,3,0.05,0.5,CONDITIONAL_UOT_D4,0.3912037037037037,0.5868055555555555,0.4694444444444444,0.3967136150234742,0.5868055555555556,0.4733893557422969,48,426,169,257,119,0.40079365079365087,0.38227513227513227,0,426,0,2449cc29aceca3dac262b69c83a7dff5a5168995096b96740abc065ca3ce8d05,e5ea3ddd52381c2bdb446517e1db55d7820de2f678d0a06fb9d36123e847908f,unit__Multi__s202__2449cc29acec,131,True,9.245132919026306e-12,False,0.7013568033767479,0.7013568033767478,48,ok,Multi__s202,d5cd14d8051263b49b01b10ad36e6033b2ec3219,2733d2f5b24d685ca7eba667932a32a2eb96b43459c7d2e49b30c8af70b6f031,2026-09-17T05:22:38Z__pid12112,
Multi,202,3,0.05,0.5,RAW_UOT_PLAN_D4,0.10300925925925926,0.14930555555555555,0.12152777777777778,0.11466666666666667,0.14930555555555555,0.1297134238310709,48,375,43,332,245,0.0,0.0,0,375,0,2449cc29aceca3dac262b69c83a7dff5a5168995096b96740abc065ca3ce8d05,e5ea3ddd52381c2bdb446517e1db55d7820de2f678d0a06fb9d36123e847908f,unit__Multi__s202__2449cc29acec,131,True,9.245132919026306e-12,False,0.7013568033767479,0.7013568033767478,48,ok,Multi__s202,d5cd14d8051263b49b01b10ad36e6033b2ec3219,2733d2f5b24d685ca7eba667932a32a2eb96b43459c7d2e49b30c8af70b6f031,2026-09-17T05:22:38Z__pid12112,
Multi,202,3,0.05,0.5,SUPPORT_PLUS_K_D4,0.3888888888888889,0.5833333333333334,0.4666666666666666,0.42424242424242425,0.5833333333333334,0.49122807017543857,48,396,168,228,120,0.40079365079365087,0.3796296296296296,0,396,0,2449cc29aceca3dac262b69c83a7dff5a5168995096b96740abc065ca3ce8d05,e5ea3ddd52381c2bdb446517e1db55d7820de2f678d0a06fb9d36123e847908f,unit__Multi__s202__2449cc29acec,131,True,9.245132919026306e-12,False,0.7013568033767479,0.7013568033767478,48,ok,Multi__s202,d5cd14d8051263b49b01b10ad36e6033b2ec3219,2733d2f5b24d685ca7eba667932a32a2eb96b43459c7d2e49b30c8af70b6f031,2026-09-17T05:22:38Z__pid12112,
Multi,202,5,0.05,0.5,AMOUNT_FREE_COST_D4,0.18250000000000002,0.7604166666666666,0.2943548387096774,0.1990909090909091,0.7604166666666666,0.31556195965417866,48,1100,219,881,69,0.24444444444444444,0.24444444444444444,0,1100,0,2449cc29aceca3dac262b69c83a7dff5a5168995096b96740abc065ca3ce8d05,e5ea3ddd52381c2bdb446517e1db55d7820de2f678d0a06fb9d36123e847908f,unit__Multi__s202__2449cc29acec,131,True,9.245132919026306e-12,False,0.7013568033767479,0.7013568033767478,48,ok,Multi__s202,d5cd14d8051263b49b01b10ad36e6033b2ec3219,2733d2f5b24d685ca7eba667932a32a2eb96b43459c7d2e49b30c8af70b6f031,2026-09-17T05:22:38Z__pid12112,
Multi,202,5,0.05,0.5,CONDITIONAL_UOT_D4,0.19541666666666666,0.798611111111111,0.3129200268817204,0.19658119658119658,0.7986111111111112,0.31550068587105623,48,1170,230,940,58,0.25555555555555554,0.25249819624819625,0,1170,0,2449cc29aceca3dac262b69c83a7dff5a5168995096b96740abc065ca3ce8d05,e5ea3ddd52381c2bdb446517e1db55d7820de2f678d0a06fb9d36123e847908f,unit__Multi__s202__2449cc29acec,131,True,9.245132919026306e-12,False,0.7013568033767479,0.7013568033767478,48,ok,Multi__s202,d5cd14d8051263b49b01b10ad36e6033b2ec3219,2733d2f5b24d685ca7eba667932a32a2eb96b43459c7d2e49b30c8af70b6f031,2026-09-17T05:22:38Z__pid12112,
Multi,202,5,0.05,0.5,RAW_UOT_PLAN_D4,0.14440972222222223,0.5694444444444443,0.22746992777234712,0.15984405458089668,0.5694444444444444,0.2496194824961948,48,1026,164,862,124,0.14772727272727273,0.1518939393939394,0,1026,0,2449cc29aceca3dac262b69c83a7dff5a5168995096b96740abc065ca3ce8d05,e5ea3ddd52381c2bdb446517e1db55d7820de2f678d0a06fb9d36123e847908f,unit__Multi__s202__2449cc29acec,131,True,9.245132919026306e-12,False,0.7013568033767479,0.7013568033767478,48,ok,Multi__s202,d5cd14d8051263b49b01b10ad36e6033b2ec3219,2733d2f5b24d685ca7eba667932a32a2eb96b43459c7d2e49b30c8af70b6f031,2026-09-17T05:22:38Z__pid12112,
Multi,202,5,0.05,0.5,SUPPORT_PLUS_K_D4,0.18250000000000002,0.7604166666666666,0.2943548387096774,0.1990909090909091,0.7604166666666666,0.31556195965417866,48,1100,219,881,69,0.24444444444444444,0.24444444444444444,0,1100,0,2449cc29aceca3dac262b69c83a7dff5a5168995096b96740abc065ca3ce8d05,e5ea3ddd52381c2bdb446517e1db55d7820de2f678d0a06fb9d36123e847908f,unit__Multi__s202__2449cc29acec,131,True,9.245132919026306e-12,False,0.7013568033767479,0.7013568033767478,48,ok,Multi__s202,d5cd14d8051263b49b01b10ad36e6033b2ec3219,2733d2f5b24d685ca7eba667932a32a2eb96b43459c7d2e49b30c8af70b6f031,2026-09-17T05:22:38Z__pid12112,
Multi,202,7,0.05,0.5,AMOUNT_FREE_COST_D4,0.1794294294294294,0.9444444444444445,0.28802141011443333,0.16790123456790124,0.9444444444444444,0.2851153039832285,48,1620,272,1348,16,0.23969298245614035,0.20370370370370372,0,1620,0,2449cc29aceca3dac262b69c83a7dff5a5168995096b96740abc065ca3ce8d05,e5ea3ddd52381c2bdb446517e1db55d7820de2f678d0a06fb9d36123e847908f,unit__Multi__s202__2449cc29acec,131,True,9.245132919026306e-12,False,0.7013568033767479,0.7013568033767478,48,ok,Multi__s202,d5cd14d8051263b49b01b10ad36e6033b2ec3219,2733d2f5b24d685ca7eba667932a32a2eb96b43459c7d2e49b30c8af70b6f031,2026-09-17T05:22:38Z__pid12112,
Multi,202,7,0.05,0.5,CONDITIONAL_UOT_D4,0.16523713563187245,0.9722222222222223,0.28094675296710175,0.1650943396226415,0.9722222222222222,0.28225806451612906,48,1696,280,1416,8,0.20867446393762182,0.21201267056530215,0,1696,0,2449cc29aceca3dac262b69c83a7dff5a5168995096b96740abc065ca3ce8d05,e5ea3ddd52381c2bdb446517e1db55d7820de2f678d0a06fb9d36123e847908f,unit__Multi__s202__2449cc29acec,131,True,9.245132919026306e-12,False,0.7013568033767479,0.7013568033767478,48,ok,Multi__s202,d5cd14d8051263b49b01b10ad36e6033b2ec3219,2733d2f5b24d685ca7eba667932a32a2eb96b43459c7d2e49b30c8af70b6f031,2026-09-17T05:22:38Z__pid12112,
Multi,202,7,0.05,0.5,RAW_UOT_PLAN_D4,0.14621505904400642,0.8472222222222223,0.24676821975756083,0.1628838451268358,0.8472222222222222,0.2732362821948488,48,1498,244,1254,44,0.18213937621832357,0.18382148180909788,0,1498,0,2449cc29aceca3dac262b69c83a7dff5a5168995096b96740abc065ca3ce8d05,e5ea3ddd52381c2bdb446517e1db55d7820de2f678d0a06fb9d36123e847908f,unit__Multi__s202__2449cc29acec,131,True,9.245132919026306e-12,False,0.7013568033767479,0.7013568033767478,48,ok,Multi__s202,d5cd14d8051263b49b01b10ad36e6033b2ec3219,2733d2f5b24d685ca7eba667932a32a2eb96b43459c7d2e49b30c8af70b6f031,2026-09-17T05:22:38Z__pid12112,
Multi,202,7,0.05,0.5,SUPPORT_PLUS_K_D4,0.1794294294294294,0.9444444444444445,0.28802141011443333,0.16790123456790124,0.9444444444444444,0.2851153039832285,48,1620,272,1348,16,0.23991228070175438,0.20346003898635479,0,1620,0,2449cc29aceca3dac262b69c83a7dff5a5168995096b96740abc065ca3ce8d05,e5ea3ddd52381c2bdb446517e1db55d7820de2f678d0a06fb9d36123e847908f,unit__Multi__s202__2449cc29acec,131,True,9.245132919026306e-12,False,0.7013568033767479,0.7013568033767478,48,ok,Multi__s202,d5cd14d8051263b49b01b10ad36e6033b2ec3219,2733d2f5b24d685ca7eba667932a32a2eb96b43459c7d2e49b30c8af70b6f031,2026-09-17T05:22:38Z__pid12112,
Multi,202,10,0.05,0.5,AMOUNT_FREE_COST_D4,0.15384615384615383,0.9722222222222222,0.26442255062944714,0.14957264957264957,0.9722222222222222,0.25925925925925924,48,1872,280,1592,8,0.2032190032190032,0.20024281274281275,0,1872,0,2449cc29aceca3dac262b69c83a7dff5a5168995096b96740abc065ca3ce8d05,e5ea3ddd52381c2bdb446517e1db55d7820de2f678d0a06fb9d36123e847908f,unit__Multi__s202__2449cc29acec,131,True,9.245132919026306e-12,False,0.7013568033767479,0.7013568033767478,48,ok,Multi__s202,d5cd14d8051263b49b01b10ad36e6033b2ec3219,2733d2f5b24d685ca7eba667932a32a2eb96b43459c7d2e49b30c8af70b6f031,2026-09-17T05:22:38Z__pid12112,
Multi,202,10,0.05,0.5,CONDITIONAL_UOT_D4,0.15566239316239316,0.9722222222222223,0.2661259557811282,0.15151515151515152,0.9722222222222222,0.26217228464419473,48,1848,280,1568,8,0.1948070448070448,0.19364154364154365,0,1848,0,2449cc29aceca3dac262b69c83a7dff5a5168995096b96740abc065ca3ce8d05,e5ea3ddd52381c2bdb446517e1db55d7820de2f678d0a06fb9d36123e847908f,unit__Multi__s202__2449cc29acec,131,True,9.245132919026306e-12,False,0.7013568033767479,0.7013568033767478,48,ok,Multi__s202,d5cd14d8051263b49b01b10ad36e6033b2ec3219,2733d2f5b24d685ca7eba667932a32a2eb96b43459c7d2e49b30c8af70b6f031,2026-09-17T05:22:38Z__pid12112,
Multi,202,10,0.05,0.5,RAW_UOT_PLAN_D4,0.14171765734265732,0.8645833333333334,0.2404448686551385,0.1505441354292624,0.8645833333333334,0.2564366632337796,48,1654,249,1405,39,0.1819023569023569,0.17811447811447811,0,1654,0,2449cc29aceca3dac262b69c83a7dff5a5168995096b96740abc065ca3ce8d05,e5ea3ddd52381c2bdb446517e1db55d7820de2f678d0a06fb9d36123e847908f,unit__Multi__s202__2449cc29acec,131,True,9.245132919026306e-12,False,0.7013568033767479,0.7013568033767478,48,ok,Multi__s202,d5cd14d8051263b49b01b10ad36e6033b2ec3219,2733d2f5b24d685ca7eba667932a32a2eb96b43459c7d2e49b30c8af70b6f031,2026-09-17T05:22:38Z__pid12112,
Multi,202,10,0.05,0.5,SUPPORT_PLUS_K_D4,0.1537571225071225,0.9722222222222222,0.2642788724685276,0.14941302027748132,0.9722222222222222,0.2590194264569843,48,1874,280,1594,8,0.20422910422910423,0.2011356698856699,0,1874,0,2449cc29aceca3dac262b69c83a7dff5a5168995096b96740abc065ca3ce8d05,e5ea3ddd52381c2bdb446517e1db55d7820de2f678d0a06fb9d36123e847908f,unit__Multi__s202__2449cc29acec,131,True,9.245132919026306e-12,False,0.7013568033767479,0.7013568033767478,48,ok,Multi__s202,d5cd14d8051263b49b01b10ad36e6033b2ec3219,2733d2f5b24d685ca7eba667932a32a2eb96b43459c7d2e49b30c8af70b6f031,2026-09-17T05:22:38Z__pid12112,
Multi,202,15,0.05,0.5,AMOUNT_FREE_COST_D4,0.13957782186948853,1.0,0.24278671861144407,0.1245136186770428,1.0,0.22145328719723184,48,2313,288,2025,0,0.17586333419666753,0.17592623425956758,0,2313,0,2449cc29aceca3dac262b69c83a7dff5a5168995096b96740abc065ca3ce8d05,e5ea3ddd52381c2bdb446517e1db55d7820de2f678d0a06fb9d36123e847908f,unit__Multi__s202__2449cc29acec,131,True,9.245132919026306e-12,False,0.7013568033767479,0.7013568033767478,48,ok,Multi__s202,d5cd14d8051263b49b01b10ad36e6033b2ec3219,2733d2f5b24d685ca7eba667932a32a2eb96b43459c7d2e49b30c8af70b6f031,2026-09-17T05:22:38Z__pid12112,
Multi,202,15,0.05,0.5,CONDITIONAL_UOT_D4,0.1486353923853924,0.9722222222222223,0.25443248880748875,0.1348747591522158,0.9722222222222222,0.23688663282571912,48,2076,280,1796,8,0.18636124677791344,0.18604886399004048,0,2076,0,2449cc29aceca3dac262b69c83a7dff5a5168995096b96740abc065ca3ce8d05,e5ea3ddd52381c2bdb446517e1db55d7820de2f678d0a06fb9d36123e847908f,unit__Multi__s202__2449cc29acec,131,True,9.245132919026306e-12,False,0.7013568033767479,0.7013568033767478,48,ok,Multi__s202,d5cd14d8051263b49b01b10ad36e6033b2ec3219,2733d2f5b24d685ca7eba667932a32a2eb96b43459c7d2e49b30c8af70b6f031,2026-09-17T05:22:38Z__pid12112,
Multi,202,15,0.05,0.5,RAW_UOT_PLAN_D4,0.13875859174350555,0.888888888888889,0.23551388777659032,0.13566507684154744,0.8888888888888888,0.2354022988505747,48,1887,256,1631,32,0.17115969439765852,0.17109132344112965,0,1887,0,2449cc29aceca3dac262b69c83a7dff5a5168995096b96740abc065ca3ce8d05,e5ea3ddd52381c2bdb446517e1db55d7820de2f678d0a06fb9d36123e847908f,unit__Multi__s202__2449cc29acec,131,True,9.245132919026306e-12,False,0.7013568033767479,0.7013568033767478,48,ok,Multi__s202,d5cd14d8051263b49b01b10ad36e6033b2ec3219,2733d2f5b24d685ca7eba667932a32a2eb96b43459c7d2e49b30c8af70b6f031,2026-09-17T05:22:38Z__pid12112,
Multi,202,15,0.05,0.5,SUPPORT_PLUS_K_D4,0.13920187840097845,1.0,0.24228003499076847,0.12472932005197054,1.0,0.22179437812860994,48,2309,288,2021,0,0.1764899204566849,0.17563053065504045,0,2309,0,2449cc29aceca3dac262b69c83a7dff5a5168995096b96740abc065ca3ce8d05,e5ea3ddd52381c2bdb446517e1db55d7820de2f678d0a06fb9d36123e847908f,unit__Multi__s202__2449cc29acec,131,True,9.245132919026306e-12,False,0.7013568033767479,0.7013568033767478,48,ok,Multi__s202,d5cd14d8051263b49b01b10ad36e6033b2ec3219,2733d2f5b24d685ca7eba667932a32a2eb96b43459c7d2e49b30c8af70b6f031,2026-09-17T05:22:38Z__pid12112,
Multi,203,2,0.05,0.5,AMOUNT_FREE_COST_D4,0.4791666666666667,0.3194444444444444,0.3833333333333333,0.4791666666666667,0.3194444444444444,0.38333333333333336,48,192,92,100,196,0.6388888888888888,0.0,0,192,0,86b50e8f2ac676c47bdd89c7b63c48ccbd97443ac3c33a9041be01369a2d4821,cfdc70a9de411aa78886374ad709735cc74abc305b654285bc488d282915d1e6,unit__Multi__s203__86b50e8f2ac6,131,True,9.676434981380345e-12,False,0.6792150402920973,0.6792150402920973,48,ok,Multi__s203,d5cd14d8051263b49b01b10ad36e6033b2ec3219,2733d2f5b24d685ca7eba667932a32a2eb96b43459c7d2e49b30c8af70b6f031,2026-09-17T05:22:39Z__pid12112,
Multi,203,2,0.05,0.5,CONDITIONAL_UOT_D4,0.4270833333333333,0.2847222222222222,0.3416666666666666,0.4270833333333333,0.2847222222222222,0.3416666666666667,48,192,82,110,206,0.5694444444444444,0.0,0,192,0,86b50e8f2ac676c47bdd89c7b63c48ccbd97443ac3c33a9041be01369a2d4821,cfdc70a9de411aa78886374ad709735cc74abc305b654285bc488d282915d1e6,unit__Multi__s203__86b50e8f2ac6,131,True,9.676434981380345e-12,False,0.6792150402920973,0.6792150402920973,48,ok,Multi__s203,d5cd14d8051263b49b01b10ad36e6033b2ec3219,2733d2f5b24d685ca7eba667932a32a2eb96b43459c7d2e49b30c8af70b6f031,2026-09-17T05:22:39Z__pid12112,
Multi,203,2,0.05,0.5,RAW_UOT_PLAN_D4,0.005208333333333333,0.003472222222222222,0.004166666666666667,0.00625,0.003472222222222222,0.004464285714285714,48,160,1,159,287,0.0,0.0,0,160,0,86b50e8f2ac676c47bdd89c7b63c48ccbd97443ac3c33a9041be01369a2d4821,cfdc70a9de411aa78886374ad709735cc74abc305b654285bc488d282915d1e6,unit__Multi__s203__86b50e8f2ac6,131,True,9.676434981380345e-12,False,0.6792150402920973,0.6792150402920973,48,ok,Multi__s203,d5cd14d8051263b49b01b10ad36e6033b2ec3219,2733d2f5b24d685ca7eba667932a32a2eb96b43459c7d2e49b30c8af70b6f031,2026-09-17T05:22:39Z__pid12112,
Multi,203,2,0.05,0.5,SUPPORT_PLUS_K_D4,0.4791666666666667,0.3194444444444444,0.3833333333333333,0.4791666666666667,0.3194444444444444,0.38333333333333336,48,192,92,100,196,0.6388888888888888,0.0,0,192,0,86b50e8f2ac676c47bdd89c7b63c48ccbd97443ac3c33a9041be01369a2d4821,cfdc70a9de411aa78886374ad709735cc74abc305b654285bc488d282915d1e6,unit__Multi__s203__86b50e8f2ac6,131,True,9.676434981380345e-12,False,0.6792150402920973,0.6792150402920973,48,ok,Multi__s203,d5cd14d8051263b49b01b10ad36e6033b2ec3219,2733d2f5b24d685ca7eba667932a32a2eb96b43459c7d2e49b30c8af70b6f031,2026-09-17T05:22:39Z__pid12112,
Multi,203,3,0.05,0.5,AMOUNT_FREE_COST_D4,0.4305555555555556,0.6458333333333333,0.5166666666666666,0.4305555555555556,0.6458333333333334,0.5166666666666667,48,432,186,246,102,0.4378306878306879,0.425925925925926,0,432,0,86b50e8f2ac676c47bdd89c7b63c48ccbd97443ac3c33a9041be01369a2d4821,cfdc70a9de411aa78886374ad709735cc74abc305b654285bc488d282915d1e6,unit__Multi__s203__86b50e8f2ac6,131,True,9.676434981380345e-12,False,0.6792150402920973,0.6792150402920973,48,ok,Multi__s203,d5cd14d8051263b49b01b10ad36e6033b2ec3219,2733d2f5b24d685ca7eba667932a32a2eb96b43459c7d2e49b30c8af70b6f031,2026-09-17T05:22:39Z__pid12112,
Multi,203,3,0.05,0.5,CONDITIONAL_UOT_D4,0.3912037037037037,0.5868055555555555,0.4694444444444444,0.3967136150234742,0.5868055555555556,0.4733893557422969,48,426,169,257,119,0.3981481481481482,0.38822751322751325,0,426,0,86b50e8f2ac676c47bdd89c7b63c48ccbd97443ac3c33a9041be01369a2d4821,cfdc70a9de411aa78886374ad709735cc74abc305b654285bc488d282915d1e6,unit__Multi__s203__86b50e8f2ac6,131,True,9.676434981380345e-12,False,0.6792150402920973,0.6792150402920973,48,ok,Multi__s203,d5cd14d8051263b49b01b10ad36e6033b2ec3219,2733d2f5b24d685ca7eba667932a32a2eb96b43459c7d2e49b30c8af70b6f031,2026-09-17T05:22:39Z__pid12112,
Multi,203,3,0.05,0.5,RAW_UOT_PLAN_D4,0.0949074074074074,0.13888888888888887,0.11249999999999999,0.11299435028248588,0.1388888888888889,0.12461059190031153,48,354,40,314,248,0.0,0.0,0,354,0,86b50e8f2ac676c47bdd89c7b63c48ccbd97443ac3c33a9041be01369a2d4821,cfdc70a9de411aa78886374ad709735cc74abc305b654285bc488d282915d1e6,unit__Multi__s203__86b50e8f2ac6,131,True,9.676434981380345e-12,False,0.6792150402920973,0.6792150402920973,48,ok,Multi__s203,d5cd14d8051263b49b01b10ad36e6033b2ec3219,2733d2f5b24d685ca7eba667932a32a2eb96b43459c7d2e49b30c8af70b6f031,2026-09-17T05:22:39Z__pid12112,
Multi,203,3,0.05,0.5,SUPPORT_PLUS_K_D4,0.4305555555555556,0.6458333333333333,0.5166666666666666,0.4305555555555556,0.6458333333333334,0.5166666666666667,48,432,186,246,102,0.4378306878306879,0.425925925925926,0,432,0,86b50e8f2ac676c47bdd89c7b63c48ccbd97443ac3c33a9041be01369a2d4821,cfdc70a9de411aa78886374ad709735cc74abc305b654285bc488d282915d1e6,unit__Multi__s203__86b50e8f2ac6,131,True,9.676434981380345e-12,False,0.6792150402920973,0.6792150402920973,48,ok,Multi__s203,d5cd14d8051263b49b01b10ad36e6033b2ec3219,2733d2f5b24d685ca7eba667932a32a2eb96b43459c7d2e49b30c8af70b6f031,2026-09-17T05:22:39Z__pid12112,
Multi,203,5,0.05,0.5,AMOUNT_FREE_COST_D4,0.19999999999999998,0.8333333333333334,0.3225806451612903,0.2,0.8333333333333334,0.3225806451612903,48,1200,240,960,48,0.26666666666666666,0.26666666666666666,0,1200,0,86b50e8f2ac676c47bdd89c7b63c48ccbd97443ac3c33a9041be01369a2d4821,cfdc70a9de411aa78886374ad709735cc74abc305b654285bc488d282915d1e6,unit__Multi__s203__86b50e8f2ac6,131,True,9.676434981380345e-12,False,0.6792150402920973,0.6792150402920973,48,ok,Multi__s203,d5cd14d8051263b49b01b10ad36e6033b2ec3219,2733d2f5b24d685ca7eba667932a32a2eb96b43459c7d2e49b30c8af70b6f031,2026-09-17T05:22:39Z__pid12112,
Multi,203,5,0.05,0.5,CONDITIONAL_UOT_D4,0.1925,0.7916666666666666,0.3089717741935483,0.19487179487179487,0.7916666666666666,0.31275720164609055,48,1170,228,942,60,0.25555555555555554,0.24825036075036075,0,1170,0,86b50e8f2ac676c47bdd89c7b63c48ccbd97443ac3c33a9041be01369a2d4821,cfdc70a9de411aa78886374ad709735cc74abc305b654285bc488d282915d1e6,unit__Multi__s203__86b50e8f2ac6,131,True,9.676434981380345e-12,False,0.6792150402920973,0.6792150402920973,48,ok,Multi__s203,d5cd14d8051263b49b01b10ad36e6033b2ec3219,2733d2f5b24d685ca7eba667932a32a2eb96b43459c7d2e49b30c8af70b6f031,2026-09-17T05:22:39Z__pid12112,
Multi,203,5,0.05,0.5,RAW_UOT_PLAN_D4,0.13479166666666667,0.5381944444444443,0.21414909015715466,0.15995872033023736,0.5381944444444444,0.2466189339697693,48,969,155,814,133,0.14431818181818182,0.14015151515151517,0,969,0,86b50e8f2ac676c47bdd89c7b63c48ccbd97443ac3c33a9041be01369a2d4821,cfdc70a9de411aa78886374ad709735cc74abc305b654285bc488d282915d1e6,unit__Multi__s203__86b50e8f2ac6,131,True,9.676434981380345e-12,False,0.6792150402920973,0.6792150402920973,48,ok,Multi__s203,d5cd14d8051263b49b01b10ad36e6033b2ec3219,2733d2f5b24d685ca7eba667932a32a2eb96b43459c7d2e49b30c8af70b6f031,2026-09-17T05:22:39Z__pid12112,
Multi,203,5,0.05,0.5,SUPPORT_PLUS_K_D4,0.19999999999999998,0.8333333333333334,0.3225806451612903,0.2,0.8333333333333334,0.3225806451612903,48,1200,240,960,48,0.26666666666666666,0.26666666666666666,0,1200,0,86b50e8f2ac676c47bdd89c7b63c48ccbd97443ac3c33a9041be01369a2d4821,cfdc70a9de411aa78886374ad709735cc74abc305b654285bc488d282915d1e6,unit__Multi__s203__86b50e8f2ac6,131,True,9.676434981380345e-12,False,0.6792150402920973,0.6792150402920973,48,ok,Multi__s203,d5cd14d8051263b49b01b10ad36e6033b2ec3219,2733d2f5b24d685ca7eba667932a32a2eb96b43459c7d2e49b30c8af70b6f031,2026-09-17T05:22:39Z__pid12112,
Multi,203,7,0.05,0.5,AMOUNT_FREE_COST_D4,0.16516516516516513,1.0,0.2834994462901439,0.1651376146788991,1.0,0.28346456692913385,48,1744,288,1456,0,0.21459551656920076,0.22222222222222224,0,1744,0,86b50e8f2ac676c47bdd89c7b63c48ccbd97443ac3c33a9041be01369a2d4821,cfdc70a9de411aa78886374ad709735cc74abc305b654285bc488d282915d1e6,unit__Multi__s203__86b50e8f2ac6,131,True,9.676434981380345e-12,False,0.6792150402920973,0.6792150402920973,48,ok,Multi__s203,d5cd14d8051263b49b01b10ad36e6033b2ec3219,2733d2f5b24d685ca7eba667932a32a2eb96b43459c7d2e49b30c8af70b6f031,2026-09-17T05:22:39Z__pid12112,
Multi,203,7,0.05,0.5,CONDITIONAL_UOT_D4,0.16541988416988415,0.9722222222222222,0.28121731573766456,0.1652892561983471,0.9722222222222222,0.28254288597376387,48,1694,280,1414,8,0.20935672514619882,0.21250000000000002,0,1694,0,86b50e8f2ac676c47bdd89c7b63c48ccbd97443ac3c33a9041be01369a2d4821,cfdc70a9de411aa78886374ad709735cc74abc305b654285bc488d282915d1e6,unit__Multi__s203__86b50e8f2ac6,131,True,9.676434981380345e-12,False,0.6792150402920973,0.6792150402920973,48,ok,Multi__s203,d5cd14d8051263b49b01b10ad36e6033b2ec3219,2733d2f5b24d685ca7eba667932a32a2eb96b43459c7d2e49b30c8af70b6f031,2026-09-17T05:22:39Z__pid12112,
Multi,203,7,0.05,0.5,RAW_UOT_PLAN_D4,0.13994128056628055,0.8020833333333334,0.2363468223206595,0.1640625,0.8020833333333334,0.27240566037735847,48,1408,231,1177,57,0.17609997215260373,0.1701475912002228,0,1408,0,86b50e8f2ac676c47bdd89c7b63c48ccbd97443ac3c33a9041be01369a2d4821,cfdc70a9de411aa78886374ad709735cc74abc305b654285bc488d282915d1e6,unit__Multi__s203__86b50e8f2ac6,131,True,9.676434981380345e-12,False,0.6792150402920973,0.6792150402920973,48,ok,Multi__s203,d5cd14d8051263b49b01b10ad36e6033b2ec3219,2733d2f5b24d685ca7eba667932a32a2eb96b43459c7d2e49b30c8af70b6f031,2026-09-17T05:22:39Z__pid12112,
Multi,203,7,0.05,0.5,SUPPORT_PLUS_K_D4,0.16535285285285284,1.0,0.2837763012181616,0.1653272101033295,1.0,0.28374384236453204,48,1742,288,1454,0,0.2155214424951267,0.22222222222222224,0,1742,0,86b50e8f2ac676c47bdd89c7b63c48ccbd97443ac3c33a9041be01369a2d4821,cfdc70a9de411aa78886374ad709735cc74abc305b654285bc488d282915d1e6,unit__Multi__s203__86b50e8f2ac6,131,True,9.676434981380345e-12,False,0.6792150402920973,0.6792150402920973,48,ok,Multi__s203,d5cd14d8051263b49b01b10ad36e6033b2ec3219,2733d2f5b24d685ca7eba667932a32a2eb96b43459c7d2e49b30c8af70b6f031,2026-09-17T05:22:39Z__pid12112,
Multi,203,10,0.05,0.5,AMOUNT_FREE_COST_D4,0.14957264957264957,1.0,0.25944170771756975,0.14516129032258066,1.0,0.2535211267605634,48,1984,288,1696,0,0.18886298886298888,0.18886298886298883,0,1984,0,86b50e8f2ac676c47bdd89c7b63c48ccbd97443ac3c33a9041be01369a2d4821,cfdc70a9de411aa78886374ad709735cc74abc305b654285bc488d282915d1e6,unit__Multi__s203__86b50e8f2ac6,131,True,9.676434981380345e-12,False,0.6792150402920973,0.6792150402920973,48,ok,Multi__s203,d5cd14d8051263b49b01b10ad36e6033b2ec3219,2733d2f5b24d685ca7eba667932a32a2eb96b43459c7d2e49b30c8af70b6f031,2026-09-17T05:22:39Z__pid12112,
Multi,203,10,0.05,0.5,CONDITIONAL_UOT_D4,0.15673076923076923,0.9722222222222222,0.2677679919059229,0.15283842794759825,0.9722222222222222,0.2641509433962264,48,1832,280,1552,8,0.19564879564879564,0.19592074592074593,0,1832,0,86b50e8f2ac676c47bdd89c7b63c48ccbd97443ac3c33a9041be01369a2d4821,cfdc70a9de411aa78886374ad709735cc74abc305b654285bc488d282915d1e6,unit__Multi__s203__86b50e8f2ac6,131,True,9.676434981380345e-12,False,0.6792150402920973,0.6792150402920973,48,ok,Multi__s203,d5cd14d8051263b49b01b10ad36e6033b2ec3219,2733d2f5b24d685ca7eba667932a32a2eb96b43459c7d2e49b30c8af70b6f031,2026-09-17T05:22:39Z__pid12112,
Multi,203,10,0.05,0.5,RAW_UOT_PLAN_D4,0.1424813034188034,0.8333333333333334,0.24115618958197668,0.15706806282722513,0.8333333333333334,0.2643171806167401,48,1528,240,1288,48,0.1723905723905724,0.17834295334295336,0,1528,0,86b50e8f2ac676c47bdd89c7b63c48ccbd97443ac3c33a9041be01369a2d4821,cfdc70a9de411aa78886374ad709735cc74abc305b654285bc488d282915d1e6,unit__Multi__s203__86b50e8f2ac6,131,True,9.676434981380345e-12,False,0.6792150402920973,0.6792150402920973,48,ok,Multi__s203,d5cd14d8051263b49b01b10ad36e6033b2ec3219,2733d2f5b24d685ca7eba667932a32a2eb96b43459c7d2e49b30c8af70b6f031,2026-09-17T05:22:39Z__pid12112,
Multi,203,10,0.05,0.5,SUPPORT_PLUS_K_D4,0.15107808857808855,1.0,0.2617733990147783,0.1469387755102041,1.0,0.25622775800711745,48,1960,288,1672,0,0.19198394198394197,0.19091325341325338,0,1960,0,86b50e8f2ac676c47bdd89c7b63c48ccbd97443ac3c33a9041be01369a2d4821,cfdc70a9de411aa78886374ad709735cc74abc305b654285bc488d282915d1e6,unit__Multi__s203__86b50e8f2ac6,131,True,9.676434981380345e-12,False,0.6792150402920973,0.6792150402920973,48,ok,Multi__s203,d5cd14d8051263b49b01b10ad36e6033b2ec3219,2733d2f5b24d685ca7eba667932a32a2eb96b43459c7d2e49b30c8af70b6f031,2026-09-17T05:22:39Z__pid12112,
Multi,203,15,0.05,0.5,AMOUNT_FREE_COST_D4,0.1340057319223986,1.0,0.23399256758983142,0.11895910780669144,1.0,0.21262458471760798,48,2421,288,2133,0,0.1677809844476511,0.16754510921177587,0,2421,0,86b50e8f2ac676c47bdd89c7b63c48ccbd97443ac3c33a9041be01369a2d4821,cfdc70a9de411aa78886374ad709735cc74abc305b654285bc488d282915d1e6,unit__Multi__s203__86b50e8f2ac6,131,True,9.676434981380345e-12,False,0.6792150402920973,0.6792150402920973,48,ok,Multi__s203,d5cd14d8051263b49b01b10ad36e6033b2ec3219,2733d2f5b24d685ca7eba667932a32a2eb96b43459c7d2e49b30c8af70b6f031,2026-09-17T05:22:39Z__pid12112,
Multi,203,15,0.05,0.5,CONDITIONAL_UOT_D4,0.1468309082892416,0.9722222222222222,0.25155067364821865,0.132013201320132,0.9722222222222222,0.23246160232461602,48,2121,280,1841,8,0.1837742504409171,0.18366402116402114,0,2121,0,86b50e8f2ac676c47bdd89c7b63c48ccbd97443ac3c33a9041be01369a2d4821,cfdc70a9de411aa78886374ad709735cc74abc305b654285bc488d282915d1e6,unit__Multi__s203__86b50e8f2ac6,131,True,9.676434981380345e-12,False,0.6792150402920973,0.6792150402920973,48,ok,Multi__s203,d5cd14d8051263b49b01b10ad36e6033b2ec3219,2733d2f5b24d685ca7eba667932a32a2eb96b43459c7d2e49b30c8af70b6f031,2026-09-17T05:22:39Z__pid12112,
Multi,203,15,0.05,0.5,RAW_UOT_PLAN_D4,0.13865943084693083,0.8541666666666666,0.23619857499699046,0.14496169711255155,0.8541666666666666,0.2478589420654912,48,1697,246,1451,42,0.17591154819415689,0.17508417508417506,0,1697,0,86b50e8f2ac676c47bdd89c7b63c48ccbd97443ac3c33a9041be01369a2d4821,cfdc70a9de411aa78886374ad709735cc74abc305b654285bc488d282915d1e6,unit__Multi__s203__86b50e8f2ac6,131,True,9.676434981380345e-12,False,0.6792150402920973,0.6792150402920973,48,ok,Multi__s203,d5cd14d8051263b49b01b10ad36e6033b2ec3219,2733d2f5b24d685ca7eba667932a32a2eb96b43459c7d2e49b30c8af70b6f031,2026-09-17T05:22:39Z__pid12112,
Multi,203,15,0.05,0.5,SUPPORT_PLUS_K_D4,0.13558520044420594,1.0,0.23638280043882387,0.11955168119551682,1.0,0.2135706340378198,48,2409,288,2121,0,0.17022252438919105,0.17013794461711126,0,2409,0,86b50e8f2ac676c47bdd89c7b63c48ccbd97443ac3c33a9041be01369a2d4821,cfdc70a9de411aa78886374ad709735cc74abc305b654285bc488d282915d1e6,unit__Multi__s203__86b50e8f2ac6,131,True,9.676434981380345e-12,False,0.6792150402920973,0.6792150402920973,48,ok,Multi__s203,d5cd14d8051263b49b01b10ad36e6033b2ec3219,2733d2f5b24d685ca7eba667932a32a2eb96b43459c7d2e49b30c8af70b6f031,2026-09-17T05:22:39Z__pid12112,
Multi,204,2,0.05,0.5,AMOUNT_FREE_COST_D4,0.4322916666666667,0.2881944444444444,0.3458333333333334,0.46111111111111114,0.2881944444444444,0.3547008547008547,48,180,83,97,205,0.5777777777777777,0.0,0,180,0,f16a72400c2679372a8a48478f95c5d2b62cdde5e6c224d13705930bdbc75cd4,6f1a3430ceac370fed477fc526e26ca21b02893ce02683b55aad77eddece9602,unit__Multi__s204__f16a72400c26,131,True,8.877956164831998e-12,False,0.6934013258219299,0.6934013258219299,48,ok,Multi__s204,d5cd14d8051263b49b01b10ad36e6033b2ec3219,2733d2f5b24d685ca7eba667932a32a2eb96b43459c7d2e49b30c8af70b6f031,2026-09-17T05:22:41Z__pid12112,
Multi,204,2,0.05,0.5,CONDITIONAL_UOT_D4,0.3854166666666667,0.2569444444444444,0.30833333333333335,0.4157303370786517,0.2569444444444444,0.31759656652360513,48,178,74,104,214,0.5138888888888888,0.0,0,178,0,f16a72400c2679372a8a48478f95c5d2b62cdde5e6c224d13705930bdbc75cd4,6f1a3430ceac370fed477fc526e26ca21b02893ce02683b55aad77eddece9602,unit__Multi__s204__f16a72400c26,131,True,8.877956164831998e-12,False,0.6934013258219299,0.6934013258219299,48,ok,Multi__s204,d5cd14d8051263b49b01b10ad36e6033b2ec3219,2733d2f5b24d685ca7eba667932a32a2eb96b43459c7d2e49b30c8af70b6f031,2026-09-17T05:22:41Z__pid12112,
Multi,204,2,0.05,0.5,RAW_UOT_PLAN_D4,0.0,0.0,0.0,0.0,0.0,0.0,48,140,0,140,288,0.0,0.0,0,140,0,f16a72400c2679372a8a48478f95c5d2b62cdde5e6c224d13705930bdbc75cd4,6f1a3430ceac370fed477fc526e26ca21b02893ce02683b55aad77eddece9602,unit__Multi__s204__f16a72400c26,131,True,8.877956164831998e-12,False,0.6934013258219299,0.6934013258219299,48,ok,Multi__s204,d5cd14d8051263b49b01b10ad36e6033b2ec3219,2733d2f5b24d685ca7eba667932a32a2eb96b43459c7d2e49b30c8af70b6f031,2026-09-17T05:22:41Z__pid12112,
Multi,204,2,0.05,0.5,SUPPORT_PLUS_K_D4,0.4114583333333333,0.2743055555555555,0.32916666666666666,0.45930232558139533,0.2743055555555556,0.34347826086956523,48,172,79,93,209,0.5499999999999999,0.0,0,172,0,f16a72400c2679372a8a48478f95c5d2b62cdde5e6c224d13705930bdbc75cd4,6f1a3430ceac370fed477fc526e26ca21b02893ce02683b55aad77eddece9602,unit__Multi__s204__f16a72400c26,131,True,8.877956164831998e-12,False,0.6934013258219299,0.6934013258219299,48,ok,Multi__s204,d5cd14d8051263b49b01b10ad36e6033b2ec3219,2733d2f5b24d685ca7eba667932a32a2eb96b43459c7d2e49b30c8af70b6f031,2026-09-17T05:22:41Z__pid12112,
Multi,204,3,0.05,0.5,AMOUNT_FREE_COST_D4,0.3865740740740741,0.579861111111111,0.46388888888888885,0.4154228855721393,0.5798611111111112,0.48405797101449277,48,402,167,235,121,0.3948412698412698,0.3796296296296296,0,402,0,f16a72400c2679372a8a48478f95c5d2b62cdde5e6c224d13705930bdbc75cd4,6f1a3430ceac370fed477fc526e26ca21b02893ce02683b55aad77eddece9602,unit__Multi__s204__f16a72400c26,131,True,8.877956164831998e-12,False,0.6934013258219299,0.6934013258219299,48,ok,Multi__s204,d5cd14d8051263b49b01b10ad36e6033b2ec3219,2733d2f5b24d685ca7eba667932a32a2eb96b43459c7d2e49b30c8af70b6f031,2026-09-17T05:22:41Z__pid12112,
Multi,204,3,0.05,0.5,CONDITIONAL_UOT_D4,0.34490740740740744,0.517361111111111,0.4138888888888889,0.3791348600508906,0.5173611111111112,0.43759177679882527,48,393,149,244,139,0.34259259259259256,0.3511904761904761,0,393,0,f16a72400c2679372a8a48478f95c5d2b62cdde5e6c224d13705930bdbc75cd4,6f1a3430ceac370fed477fc526e26ca21b02893ce02683b55aad77eddece9602,unit__Multi__s204__f16a72400c26,131,True,8.877956164831998e-12,False,0.6934013258219299,0.6934013258219299,48,ok,Multi__s204,d5cd14d8051263b49b01b10ad36e6033b2ec3219,2733d2f5b24d685ca7eba667932a32a2eb96b43459c7d2e49b30c8af70b6f031,2026-09-17T05:22:41Z__pid12112,
Multi,204,3,0.05,0.5,RAW_UOT_PLAN_D4,0.08333333333333333,0.12152777777777778,0.09861111111111111,0.11326860841423948,0.12152777777777778,0.11725293132328309,48,309,35,274,253,0.0,0.0,0,309,0,f16a72400c2679372a8a48478f95c5d2b62cdde5e6c224d13705930bdbc75cd4,6f1a3430ceac370fed477fc526e26ca21b02893ce02683b55aad77eddece9602,unit__Multi__s204__f16a72400c26,131,True,8.877956164831998e-12,False,0.6934013258219299,0.6934013258219299,48,ok,Multi__s204,d5cd14d8051263b49b01b10ad36e6033b2ec3219,2733d2f5b24d685ca7eba667932a32a2eb96b43459c7d2e49b30c8af70b6f031,2026-09-17T05:22:41Z__pid12112,
Multi,204,3,0.05,0.5,SUPPORT_PLUS_K_D4,0.3680555555555556,0.5520833333333334,0.44166666666666665,0.4140625,0.5520833333333334,0.4732142857142857,48,384,159,225,129,0.37632275132275134,0.36111111111111116,0,384,0,f16a72400c2679372a8a48478f95c5d2b62cdde5e6c224d13705930bdbc75cd4,6f1a3430ceac370fed477fc526e26ca21b02893ce02683b55aad77eddece9602,unit__Multi__s204__f16a72400c26,131,True,8.877956164831998e-12,False,0.6934013258219299,0.6934013258219299,48,ok,Multi__s204,d5cd14d8051263b49b01b10ad36e6033b2ec3219,2733d2f5b24d685ca7eba667932a32a2eb96b43459c7d2e49b30c8af70b6f031,2026-09-17T05:22:41Z__pid12112,
Multi,204,5,0.05,0.5,AMOUNT_FREE_COST_D4,0.18041666666666667,0.7465277777777777,0.2902385752688172,0.19369369369369369,0.7465277777777778,0.30758226037195996,48,1110,215,895,73,0.23888888888888885,0.23888888888888885,0,1110,0,f16a72400c2679372a8a48478f95c5d2b62cdde5e6c224d13705930bdbc75cd4,6f1a3430ceac370fed477fc526e26ca21b02893ce02683b55aad77eddece9602,unit__Multi__s204__f16a72400c26,131,True,8.877956164831998e-12,False,0.6934013258219299,0.6934013258219299,48,ok,Multi__s204,d5cd14d8051263b49b01b10ad36e6033b2ec3219,2733d2f5b24d685ca7eba667932a32a2eb96b43459c7d2e49b30c8af70b6f031,2026-09-17T05:22:41Z__pid12112,
Multi,204,5,0.05,0.5,CONDITIONAL_UOT_D4,0.1758333333333333,0.7083333333333334,0.2791575024437927,0.18976744186046512,0.7083333333333334,0.2993396918561996,48,1075,204,871,84,0.22777777777777777,0.22039141414141414,0,1075,0,f16a72400c2679372a8a48478f95c5d2b62cdde5e6c224d13705930bdbc75cd4,6f1a3430ceac370fed477fc526e26ca21b02893ce02683b55aad77eddece9602,unit__Multi__s204__f16a72400c26,131,True,8.877956164831998e-12,False,0.6934013258219299,0.6934013258219299,48,ok,Multi__s204,d5cd14d8051263b49b01b10ad36e6033b2ec3219,2733d2f5b24d685ca7eba667932a32a2eb96b43459c7d2e49b30c8af70b6f031,2026-09-17T05:22:41Z__pid12112,
Multi,204,5,0.05,0.5,RAW_UOT_PLAN_D4,0.118125,0.46875,0.18726736972704713,0.15807962529274006,0.46875,0.23642732049036777,48,854,135,719,153,0.1253787878787879,0.12121212121212122,0,854,0,f16a72400c2679372a8a48478f95c5d2b62cdde5e6c224d13705930bdbc75cd4,6f1a3430ceac370fed477fc526e26ca21b02893ce02683b55aad77eddece9602,unit__Multi__s204__f16a72400c26,131,True,8.877956164831998e-12,False,0.6934013258219299,0.6934013258219299,48,ok,Multi__s204,d5cd14d8051263b49b01b10ad36e6033b2ec3219,2733d2f5b24d685ca7eba667932a32a2eb96b43459c7d2e49b30c8af70b6f031,2026-09-17T05:22:41Z__pid12112,
Multi,204,5,0.05,0.5,SUPPORT_PLUS_K_D4,0.17208333333333337,0.7118055555555555,0.27679771505376344,0.19339622641509435,0.7118055555555556,0.30415430267062316,48,1060,205,855,83,0.22777777777777777,0.22777777777777777,0,1060,0,f16a72400c2679372a8a48478f95c5d2b62cdde5e6c224d13705930bdbc75cd4,6f1a3430ceac370fed477fc526e26ca21b02893ce02683b55aad77eddece9602,unit__Multi__s204__f16a72400c26,131,True,8.877956164831998e-12,False,0.6934013258219299,0.6934013258219299,48,ok,Multi__s204,d5cd14d8051263b49b01b10ad36e6033b2ec3219,2733d2f5b24d685ca7eba667932a32a2eb96b43459c7d2e49b30c8af70b6f031,2026-09-17T05:22:41Z__pid12112,
Multi,204,7,0.05,0.5,AMOUNT_FREE_COST_D4,0.16151629570747217,0.9201388888888888,0.27030465912069807,0.1606060606060606,0.9201388888888888,0.27347781217750256,48,1650,265,1385,23,0.20722291840712892,0.1978801169590643,0,1650,0,f16a72400c2679372a8a48478f95c5d2b62cdde5e6c224d13705930bdbc75cd4,6f1a3430ceac370fed477fc526e26ca21b02893ce02683b55aad77eddece9602,unit__Multi__s204__f16a72400c26,131,True,8.877956164831998e-12,False,0.6934013258219299,0.6934013258219299,48,ok,Multi__s204,d5cd14d8051263b49b01b10ad36e6033b2ec3219,2733d2f5b24d685ca7eba667932a32a2eb96b43459c7d2e49b30c8af70b6f031,2026-09-17T05:22:41Z__pid12112,
Multi,204,7,0.05,0.5,CONDITIONAL_UOT_D4,0.15485338279455926,0.8819444444444445,0.2599725870153701,0.15944758317639673,0.8819444444444444,0.27006911217437535,48,1593,254,1339,34,0.19523113338902812,0.18837719298245612,0,1593,0,f16a72400c2679372a8a48478f95c5d2b62cdde5e6c224d13705930bdbc75cd4,6f1a3430ceac370fed477fc526e26ca21b02893ce02683b55aad77eddece9602,unit__Multi__s204__f16a72400c26,131,True,8.877956164831998e-12,False,0.6934013258219299,0.6934013258219299,48,ok,Multi__s204,d5cd14d8051263b49b01b10ad36e6033b2ec3219,2733d2f5b24d685ca7eba667932a32a2eb96b43459c7d2e49b30c8af70b6f031,2026-09-17T05:22:41Z__pid12112,
Multi,204,7,0.05,0.5,RAW_UOT_PLAN_D4,0.12716310060060057,0.7083333333333334,0.21305248790081954,0.15863141524105753,0.7083333333333334,0.25921219822109276,48,1286,204,1082,84,0.1531954887218045,0.1476608187134503,0,1286,0,f16a72400c2679372a8a48478f95c5d2b62cdde5e6c224d13705930bdbc75cd4,6f1a3430ceac370fed477fc526e26ca21b02893ce02683b55aad77eddece9602,unit__Multi__s204__f16a72400c26,131,True,8.877956164831998e-12,False,0.6934013258219299,0.6934013258219299,48,ok,Multi__s204,d5cd14d8051263b49b01b10ad36e6033b2ec3219,2733d2f5b24d685ca7eba667932a32a2eb96b43459c7d2e49b30c8af70b6f031,2026-09-17T05:22:41Z__pid12112,
Multi,204,7,0.05,0.5,SUPPORT_PLUS_K_D4,0.15445119489237136,0.8784722222222223,0.25820955945292395,0.160126582278481,0.8784722222222222,0.2708779443254818,48,1580,253,1327,35,0.1998155109997215,0.18815789473684208,0,1580,0,f16a72400c2679372a8a48478f95c5d2b62cdde5e6c224d13705930bdbc75cd4,6f1a3430ceac370fed477fc526e26ca21b02893ce02683b55aad77eddece9602,unit__Multi__s204__f16a72400c26,131,True,8.877956164831998e-12,False,0.6934013258219299,0.6934013258219299,48,ok,Multi__s204,d5cd14d8051263b49b01b10ad36e6033b2ec3219,2733d2f5b24d685ca7eba667932a32a2eb96b43459c7d2e49b30c8af70b6f031,2026-09-17T05:22:41Z__pid12112,
Multi,204,10,0.05,0.5,AMOUNT_FREE_COST_D4,0.15066530691530688,0.9652777777777777,0.25988060683462977,0.14570230607966456,0.9652777777777778,0.25318761384335153,48,1908,278,1630,10,0.1970991970991971,0.19432141932141933,0,1908,0,f16a72400c2679372a8a48478f95c5d2b62cdde5e6c224d13705930bdbc75cd4,6f1a3430ceac370fed477fc526e26ca21b02893ce02683b55aad77eddece9602,unit__Multi__s204__f16a72400c26,131,True,8.877956164831998e-12,False,0.6934013258219299,0.6934013258219299,48,ok,Multi__s204,d5cd14d8051263b49b01b10ad36e6033b2ec3219,2733d2f5b24d685ca7eba667932a32a2eb96b43459c7d2e49b30c8af70b6f031,2026-09-17T05:22:41Z__pid12112,
Multi,204,10,0.05,0.5,CONDITIONAL_UOT_D4,0.1496616809116809,0.9131944444444443,0.2540990432513421,0.14627363737486096,0.9131944444444444,0.2521572387344199,48,1798,263,1535,25,0.18681688681688682,0.18767158767158768,0,1798,0,f16a72400c2679372a8a48478f95c5d2b62cdde5e6c224d13705930bdbc75cd4,6f1a3430ceac370fed477fc526e26ca21b02893ce02683b55aad77eddece9602,unit__Multi__s204__f16a72400c26,131,True,8.877956164831998e-12,False,0.6934013258219299,0.6934013258219299,48,ok,Multi__s204,d5cd14d8051263b49b01b10ad36e6033b2ec3219,2733d2f5b24d685ca7eba667932a32a2eb96b43459c7d2e49b30c8af70b6f031,2026-09-17T05:22:41Z__pid12112,
Multi,204,10,0.05,0.5,RAW_UOT_PLAN_D4,0.13255430911680913,0.7534722222222222,0.2230557198229612,0.1530324400564175,0.7534722222222222,0.2543962485345838,48,1418,217,1201,71,0.1610479797979798,0.15445075757575757,0,1418,0,f16a72400c2679372a8a48478f95c5d2b62cdde5e6c224d13705930bdbc75cd4,6f1a3430ceac370fed477fc526e26ca21b02893ce02683b55aad77eddece9602,unit__Multi__s204__f16a72400c26,131,True,8.877956164831998e-12,False,0.6934013258219299,0.6934013258219299,48,ok,Multi__s204,d5cd14d8051263b49b01b10ad36e6033b2ec3219,2733d2f5b24d685ca7eba667932a32a2eb96b43459c7d2e49b30c8af70b6f031,2026-09-17T05:22:41Z__pid12112,
Multi,204,10,0.05,0.5,SUPPORT_PLUS_K_D4,0.14548680486180485,0.9166666666666666,0.2504347338348079,0.14666666666666667,0.9166666666666666,0.25287356321839083,48,1800,264,1536,24,0.19305231805231804,0.19188681688681689,0,1800,0,f16a72400c2679372a8a48478f95c5d2b62cdde5e6c224d13705930bdbc75cd4,6f1a3430ceac370fed477fc526e26ca21b02893ce02683b55aad77eddece9602,unit__Multi__s204__f16a72400c26,131,True,8.877956164831998e-12,False,0.6934013258219299,0.6934013258219299,48,ok,Multi__s204,d5cd14d8051263b49b01b10ad36e6033b2ec3219,2733d2f5b24d685ca7eba667932a32a2eb96b43459c7d2e49b30c8af70b6f031,2026-09-17T05:22:41Z__pid12112,
Multi,204,15,0.05,0.5,AMOUNT_FREE_COST_D4,0.13973214285714283,1.0,0.2430561151631682,0.125,1.0,0.2222222222222222,48,2304,288,2016,0,0.17794312169312168,0.1769824311490978,0,2304,0,f16a72400c2679372a8a48478f95c5d2b62cdde5e6c224d13705930bdbc75cd4,6f1a3430ceac370fed477fc526e26ca21b02893ce02683b55aad77eddece9602,unit__Multi__s204__f16a72400c26,131,True,8.877956164831998e-12,False,0.6934013258219299,0.6934013258219299,48,ok,Multi__s204,d5cd14d8051263b49b01b10ad36e6033b2ec3219,2733d2f5b24d685ca7eba667932a32a2eb96b43459c7d2e49b30c8af70b6f031,2026-09-17T05:22:41Z__pid12112,
Multi,204,15,0.05,0.5,CONDITIONAL_UOT_D4,0.140950176366843,0.9340277777777778,0.24048337616397333,0.12629107981220658,0.9340277777777778,0.22249793217535152,48,2130,269,1861,19,0.17163546330212995,0.1719519677853011,0,2130,0,f16a72400c2679372a8a48478f95c5d2b62cdde5e6c224d13705930bdbc75cd4,6f1a3430ceac370fed477fc526e26ca21b02893ce02683b55aad77eddece9602,unit__Multi__s204__f16a72400c26,131,True,8.877956164831998e-12,False,0.6934013258219299,0.6934013258219299,48,ok,Multi__s204,d5cd14d8051263b49b01b10ad36e6033b2ec3219,2733d2f5b24d685ca7eba667932a32a2eb96b43459c7d2e49b30c8af70b6f031,2026-09-17T05:22:41Z__pid12112,
Multi,204,15,0.05,0.5,RAW_UOT_PLAN_D4,0.13132824726134584,0.798611111111111,0.22331574675324672,0.14366021236727045,0.7986111111111112,0.24351508734780308,48,1601,230,1371,58,0.16524769585253454,0.16400478212072414,0,1601,0,f16a72400c2679372a8a48478f95c5d2b62cdde5e6c224d13705930bdbc75cd4,6f1a3430ceac370fed477fc526e26ca21b02893ce02683b55aad77eddece9602,unit__Multi__s204__f16a72400c26,131,True,8.877956164831998e-12,False,0.6934013258219299,0.6934013258219299,48,ok,Multi__s204,d5cd14d8051263b49b01b10ad36e6033b2ec3219,2733d2f5b24d685ca7eba667932a32a2eb96b43459c7d2e49b30c8af70b6f031,2026-09-17T05:22:41Z__pid12112,
Multi,204,15,0.05,0.5,SUPPORT_PLUS_K_D4,0.13904404559298292,0.9444444444444443,0.24076536115783953,0.13178294573643412,0.9444444444444444,0.23129251700680273,48,2064,272,1792,16,0.17993514769830557,0.179367547496896,0,2064,0,f16a72400c2679372a8a48478f95c5d2b62cdde5e6c224d13705930bdbc75cd4,6f1a3430ceac370fed477fc526e26ca21b02893ce02683b55aad77eddece9602,unit__Multi__s204__f16a72400c26,131,True,8.877956164831998e-12,False,0.6934013258219299,0.6934013258219299,48,ok,Multi__s204,d5cd14d8051263b49b01b10ad36e6033b2ec3219,2733d2f5b24d685ca7eba667932a32a2eb96b43459c7d2e49b30c8af70b6f031,2026-09-17T05:22:41Z__pid12112,
Multi,205,2,0.05,0.5,AMOUNT_FREE_COST_D4,0.4583333333333333,0.3055555555555555,0.3666666666666667,0.4731182795698925,0.3055555555555556,0.37130801687763715,48,186,88,98,200,0.611111111111111,0.0,0,186,0,3df9710a35d4ee3419f713051cccde619121dfb1199d81755e289195eb5e3fe8,e4cde0f10a32b487bdadd4ac9b8e73952488cad92ee702fd2aae2fb5de72ff75,unit__Multi__s205__3df9710a35d4,132,True,8.691873913299607e-12,False,0.6505940167340215,0.6505940167340215,48,ok,Multi__s205,d5cd14d8051263b49b01b10ad36e6033b2ec3219,2733d2f5b24d685ca7eba667932a32a2eb96b43459c7d2e49b30c8af70b6f031,2026-09-17T05:22:42Z__pid12112,
Multi,205,2,0.05,0.5,CONDITIONAL_UOT_D4,0.4296875,0.2881944444444444,0.3446428571428572,0.42346938775510207,0.2881944444444444,0.34297520661157027,48,196,83,113,205,0.5555555555555555,0.025000000000000005,0,196,0,3df9710a35d4ee3419f713051cccde619121dfb1199d81755e289195eb5e3fe8,e4cde0f10a32b487bdadd4ac9b8e73952488cad92ee702fd2aae2fb5de72ff75,unit__Multi__s205__3df9710a35d4,132,True,8.691873913299607e-12,False,0.6505940167340215,0.6505940167340215,48,ok,Multi__s205,d5cd14d8051263b49b01b10ad36e6033b2ec3219,2733d2f5b24d685ca7eba667932a32a2eb96b43459c7d2e49b30c8af70b6f031,2026-09-17T05:22:42Z__pid12112,
Multi,205,2,0.05,0.5,RAW_UOT_PLAN_D4,0.0,0.0,0.0,0.0,0.0,0.0,48,166,0,166,288,0.0,0.0,0,166,0,3df9710a35d4ee3419f713051cccde619121dfb1199d81755e289195eb5e3fe8,e4cde0f10a32b487bdadd4ac9b8e73952488cad92ee702fd2aae2fb5de72ff75,unit__Multi__s205__3df9710a35d4,132,True,8.691873913299607e-12,False,0.6505940167340215,0.6505940167340215,48,ok,Multi__s205,d5cd14d8051263b49b01b10ad36e6033b2ec3219,2733d2f5b24d685ca7eba667932a32a2eb96b43459c7d2e49b30c8af70b6f031,2026-09-17T05:22:42Z__pid12112,
Multi,205,2,0.05,0.5,SUPPORT_PLUS_K_D4,0.4583333333333333,0.3055555555555555,0.3666666666666667,0.4731182795698925,0.3055555555555556,0.37130801687763715,48,186,88,98,200,0.611111111111111,0.0,0,186,0,3df9710a35d4ee3419f713051cccde619121dfb1199d81755e289195eb5e3fe8,e4cde0f10a32b487bdadd4ac9b8e73952488cad92ee702fd2aae2fb5de72ff75,unit__Multi__s205__3df9710a35d4,132,True,8.691873913299607e-12,False,0.6505940167340215,0.6505940167340215,48,ok,Multi__s205,d5cd14d8051263b49b01b10ad36e6033b2ec3219,2733d2f5b24d685ca7eba667932a32a2eb96b43459c7d2e49b30c8af70b6f031,2026-09-17T05:22:42Z__pid12112,
Multi,205,3,0.05,0.5,AMOUNT_FREE_COST_D4,0.41203703703703703,0.6180555555555555,0.4944444444444444,0.42685851318944845,0.6180555555555556,0.5049645390070922,48,417,178,239,110,0.4193121693121693,0.40740740740740744,0,417,0,3df9710a35d4ee3419f713051cccde619121dfb1199d81755e289195eb5e3fe8,e4cde0f10a32b487bdadd4ac9b8e73952488cad92ee702fd2aae2fb5de72ff75,unit__Multi__s205__3df9710a35d4,132,True,8.691873913299607e-12,False,0.6505940167340215,0.6505940167340215,48,ok,Multi__s205,d5cd14d8051263b49b01b10ad36e6033b2ec3219,2733d2f5b24d685ca7eba667932a32a2eb96b43459c7d2e49b30c8af70b6f031,2026-09-17T05:22:42Z__pid12112,
Multi,205,3,0.05,0.5,CONDITIONAL_UOT_D4,0.3993055555555555,0.6006944444444444,0.4796296296296296,0.40326340326340326,0.6006944444444444,0.4825662482566248,48,429,173,256,115,0.40079365079365087,0.4067460317460318,0,429,0,3df9710a35d4ee3419f713051cccde619121dfb1199d81755e289195eb5e3fe8,e4cde0f10a32b487bdadd4ac9b8e73952488cad92ee702fd2aae2fb5de72ff75,unit__Multi__s205__3df9710a35d4,132,True,8.691873913299607e-12,False,0.6505940167340215,0.6505940167340215,48,ok,Multi__s205,d5cd14d8051263b49b01b10ad36e6033b2ec3219,2733d2f5b24d685ca7eba667932a32a2eb96b43459c7d2e49b30c8af70b6f031,2026-09-17T05:22:42Z__pid12112,
Multi,205,3,0.05,0.5,RAW_UOT_PLAN_D4,0.09722222222222222,0.14236111111111108,0.11527777777777777,0.11202185792349727,0.1423611111111111,0.12538226299694188,48,366,41,325,247,0.0,0.0,0,366,0,3df9710a35d4ee3419f713051cccde619121dfb1199d81755e289195eb5e3fe8,e4cde0f10a32b487bdadd4ac9b8e73952488cad92ee702fd2aae2fb5de72ff75,unit__Multi__s205__3df9710a35d4,132,True,8.691873913299607e-12,False,0.6505940167340215,0.6505940167340215,48,ok,Multi__s205,d5cd14d8051263b49b01b10ad36e6033b2ec3219,2733d2f5b24d685ca7eba667932a32a2eb96b43459c7d2e49b30c8af70b6f031,2026-09-17T05:22:42Z__pid12112,
Multi,205,3,0.05,0.5,SUPPORT_PLUS_K_D4,0.41203703703703703,0.6180555555555555,0.4944444444444444,0.42685851318944845,0.6180555555555556,0.5049645390070922,48,417,178,239,110,0.4193121693121693,0.40740740740740744,0,417,0,3df9710a35d4ee3419f713051cccde619121dfb1199d81755e289195eb5e3fe8,e4cde0f10a32b487bdadd4ac9b8e73952488cad92ee702fd2aae2fb5de72ff75,unit__Multi__s205__3df9710a35d4,132,True,8.691873913299607e-12,False,0.6505940167340215,0.6505940167340215,48,ok,Multi__s205,d5cd14d8051263b49b01b10ad36e6033b2ec3219,2733d2f5b24d685ca7eba667932a32a2eb96b43459c7d2e49b30c8af70b6f031,2026-09-17T05:22:42Z__pid12112,
Multi,205,5,0.05,0.5,AMOUNT_FREE_COST_D4,0.19166666666666665,0.7986111111111112,0.3091397849462365,0.19913419913419914,0.7986111111111112,0.31878031878031876,48,1155,230,925,58,0.25555555555555554,0.25555555555555554,0,1155,0,3df9710a35d4ee3419f713051cccde619121dfb1199d81755e289195eb5e3fe8,e4cde0f10a32b487bdadd4ac9b8e73952488cad92ee702fd2aae2fb5de72ff75,unit__Multi__s205__3df9710a35d4,132,True,8.691873913299607e-12,False,0.6505940167340215,0.6505940167340215,48,ok,Multi__s205,d5cd14d8051263b49b01b10ad36e6033b2ec3219,2733d2f5b24d685ca7eba667932a32a2eb96b43459c7d2e49b30c8af70b6f031,2026-09-17T05:22:42Z__pid12112,
Multi,205,5,0.05,0.5,CONDITIONAL_UOT_D4,0.19499999999999998,0.8020833333333334,0.3130040322580645,0.19743589743589743,0.8020833333333334,0.3168724279835391,48,1170,231,939,57,0.25378787878787873,0.2568070818070818,0,1170,0,3df9710a35d4ee3419f713051cccde619121dfb1199d81755e289195eb5e3fe8,e4cde0f10a32b487bdadd4ac9b8e73952488cad92ee702fd2aae2fb5de72ff75,unit__Multi__s205__3df9710a35d4,132,True,8.691873913299607e-12,False,0.6505940167340215,0.6505940167340215,48,ok,Multi__s205,d5cd14d8051263b49b01b10ad36e6033b2ec3219,2733d2f5b24d685ca7eba667932a32a2eb96b43459c7d2e49b30c8af70b6f031,2026-09-17T05:22:42Z__pid12112,
Multi,205,5,0.05,0.5,RAW_UOT_PLAN_D4,0.14034722222222223,0.548611111111111,0.2205051183881829,0.1592741935483871,0.5486111111111112,0.246875,48,992,158,834,130,0.14015151515151517,0.14431818181818182,0,992,0,3df9710a35d4ee3419f713051cccde619121dfb1199d81755e289195eb5e3fe8,e4cde0f10a32b487bdadd4ac9b8e73952488cad92ee702fd2aae2fb5de72ff75,unit__Multi__s205__3df9710a35d4,132,True,8.691873913299607e-12,False,0.6505940167340215,0.6505940167340215,48,ok,Multi__s205,d5cd14d8051263b49b01b10ad36e6033b2ec3219,2733d2f5b24d685ca7eba667932a32a2eb96b43459c7d2e49b30c8af70b6f031,2026-09-17T05:22:42Z__pid12112,
Multi,205,5,0.05,0.5,SUPPORT_PLUS_K_D4,0.19166666666666665,0.7986111111111112,0.3091397849462365,0.19913419913419914,0.7986111111111112,0.31878031878031876,48,1155,230,925,58,0.25555555555555554,0.25555555555555554,0,1155,0,3df9710a35d4ee3419f713051cccde619121dfb1199d81755e289195eb5e3fe8,e4cde0f10a32b487bdadd4ac9b8e73952488cad92ee702fd2aae2fb5de72ff75,unit__Multi__s205__3df9710a35d4,132,True,8.691873913299607e-12,False,0.6505940167340215,0.6505940167340215,48,ok,Multi__s205,d5cd14d8051263b49b01b10ad36e6033b2ec3219,2733d2f5b24d685ca7eba667932a32a2eb96b43459c7d2e49b30c8af70b6f031,2026-09-17T05:22:42Z__pid12112,
Multi,205,7,0.05,0.5,AMOUNT_FREE_COST_D4,0.16578855641355641,0.96875,0.28012941784744105,0.16479621972829298,0.96875,0.281675921251893,48,1693,279,1414,9,0.21208576998050685,0.21225633528265106,0,1693,0,3df9710a35d4ee3419f713051cccde619121dfb1199d81755e289195eb5e3fe8,e4cde0f10a32b487bdadd4ac9b8e73952488cad92ee702fd2aae2fb5de72ff75,unit__Multi__s205__3df9710a35d4,132,True,8.691873913299607e-12,False,0.6505940167340215,0.6505940167340215,48,ok,Multi__s205,d5cd14d8051263b49b01b10ad36e6033b2ec3219,2733d2f5b24d685ca7eba667932a32a2eb96b43459c7d2e49b30c8af70b6f031,2026-09-17T05:22:42Z__pid12112,
Multi,205,7,0.05,0.5,CONDITIONAL_UOT_D4,0.16582207207207203,0.9722222222222222,0.2818229358927033,0.16577856719952636,0.9722222222222222,0.2832574607991907,48,1689,280,1409,8,0.20962475633528266,0.212962962962963,0,1689,0,3df9710a35d4ee3419f713051cccde619121dfb1199d81755e289195eb5e3fe8,e4cde0f10a32b487bdadd4ac9b8e73952488cad92ee702fd2aae2fb5de72ff75,unit__Multi__s205__3df9710a35d4,132,True,8.691873913299607e-12,False,0.6505940167340215,0.6505940167340215,48,ok,Multi__s205,d5cd14d8051263b49b01b10ad36e6033b2ec3219,2733d2f5b24d685ca7eba667932a32a2eb96b43459c7d2e49b30c8af70b6f031,2026-09-17T05:22:42Z__pid12112,
Multi,205,7,0.05,0.5,RAW_UOT_PLAN_D4,0.142250156641604,0.8125,0.23920504649671312,0.16238723108952116,0.8125,0.2706766917293233,48,1441,234,1207,54,0.1740288220551378,0.17553688141923438,0,1441,0,3df9710a35d4ee3419f713051cccde619121dfb1199d81755e289195eb5e3fe8,e4cde0f10a32b487bdadd4ac9b8e73952488cad92ee702fd2aae2fb5de72ff75,unit__Multi__s205__3df9710a35d4,132,True,8.691873913299607e-12,False,0.6505940167340215,0.6505940167340215,48,ok,Multi__s205,d5cd14d8051263b49b01b10ad36e6033b2ec3219,2733d2f5b24d685ca7eba667932a32a2eb96b43459c7d2e49b30c8af70b6f031,2026-09-17T05:22:42Z__pid12112,
Multi,205,7,0.05,0.5,SUPPORT_PLUS_K_D4,0.16569471256971258,0.96875,0.27999099038343217,0.16469893742621014,0.96875,0.2815338042381433,48,1694,279,1415,9,0.21186647173489281,0.21201267056530215,0,1694,0,3df9710a35d4ee3419f713051cccde619121dfb1199d81755e289195eb5e3fe8,e4cde0f10a32b487bdadd4ac9b8e73952488cad92ee702fd2aae2fb5de72ff75,unit__Multi__s205__3df9710a35d4,132,True,8.691873913299607e-12,False,0.6505940167340215,0.6505940167340215,48,ok,Multi__s205,d5cd14d8051263b49b01b10ad36e6033b2ec3219,2733d2f5b24d685ca7eba667932a32a2eb96b43459c7d2e49b30c8af70b6f031,2026-09-17T05:22:42Z__pid12112,
Multi,205,10,0.05,0.5,AMOUNT_FREE_COST_D4,0.14976629273504272,0.9895833333333334,0.2594218012446398,0.14540816326530612,0.9895833333333334,0.25355871886120995,48,1960,285,1675,3,0.19112924112924112,0.19112924112924112,0,1960,0,3df9710a35d4ee3419f713051cccde619121dfb1199d81755e289195eb5e3fe8,e4cde0f10a32b487bdadd4ac9b8e73952488cad92ee702fd2aae2fb5de72ff75,unit__Multi__s205__3df9710a35d4,132,True,8.691873913299607e-12,False,0.6505940167340215,0.6505940167340215,48,ok,Multi__s205,d5cd14d8051263b49b01b10ad36e6033b2ec3219,2733d2f5b24d685ca7eba667932a32a2eb96b43459c7d2e49b30c8af70b6f031,2026-09-17T05:22:42Z__pid12112,
Multi,205,10,0.05,0.5,CONDITIONAL_UOT_D4,0.15705128205128205,0.9722222222222222,0.26829045794563033,0.15350877192982457,0.9722222222222222,0.26515151515151514,48,1824,280,1544,8,0.19463869463869463,0.19633514633514634,0,1824,0,3df9710a35d4ee3419f713051cccde619121dfb1199d81755e289195eb5e3fe8,e4cde0f10a32b487bdadd4ac9b8e73952488cad92ee702fd2aae2fb5de72ff75,unit__Multi__s205__3df9710a35d4,132,True,8.691873913299607e-12,False,0.6505940167340215,0.6505940167340215,48,ok,Multi__s205,d5cd14d8051263b49b01b10ad36e6033b2ec3219,2733d2f5b24d685ca7eba667932a32a2eb96b43459c7d2e49b30c8af70b6f031,2026-09-17T05:22:42Z__pid12112,
Multi,205,10,0.05,0.5,RAW_UOT_PLAN_D4,0.14512310606060605,0.8506944444444443,0.2448485109898153,0.15605095541401273,0.8506944444444444,0.263724434876211,48,1570,245,1325,43,0.18063973063973063,0.17685185185185184,0,1570,0,3df9710a35d4ee3419f713051cccde619121dfb1199d81755e289195eb5e3fe8,e4cde0f10a32b487bdadd4ac9b8e73952488cad92ee702fd2aae2fb5de72ff75,unit__Multi__s205__3df9710a35d4,132,True,8.691873913299607e-12,False,0.6505940167340215,0.6505940167340215,48,ok,Multi__s205,d5cd14d8051263b49b01b10ad36e6033b2ec3219,2733d2f5b24d685ca7eba667932a32a2eb96b43459c7d2e49b30c8af70b6f031,2026-09-17T05:22:42Z__pid12112,
Multi,205,10,0.05,0.5,SUPPORT_PLUS_K_D4,0.148791573010323,0.9895833333333334,0.2579132467661187,0.14423076923076922,0.9895833333333334,0.25176678445229683,48,1976,285,1691,3,0.1909003034003034,0.191970991970992,0,1976,0,3df9710a35d4ee3419f713051cccde619121dfb1199d81755e289195eb5e3fe8,e4cde0f10a32b487bdadd4ac9b8e73952488cad92ee702fd2aae2fb5de72ff75,unit__Multi__s205__3df9710a35d4,132,True,8.691873913299607e-12,False,0.6505940167340215,0.6505940167340215,48,ok,Multi__s205,d5cd14d8051263b49b01b10ad36e6033b2ec3219,2733d2f5b24d685ca7eba667932a32a2eb96b43459c7d2e49b30c8af70b6f031,2026-09-17T05:22:42Z__pid12112,
Multi,205,15,0.05,0.5,AMOUNT_FREE_COST_D4,0.13458443562610228,1.0,0.234862194286664,0.11895910780669144,1.0,0.21262458471760798,48,2421,288,2133,0,0.17044244335911,0.17095219595219593,0,2421,0,3df9710a35d4ee3419f713051cccde619121dfb1199d81755e289195eb5e3fe8,e4cde0f10a32b487bdadd4ac9b8e73952488cad92ee702fd2aae2fb5de72ff75,unit__Multi__s205__3df9710a35d4,132,True,8.691873913299607e-12,False,0.6505940167340215,0.6505940167340215,48,ok,Multi__s205,d5cd14d8051263b49b01b10ad36e6033b2ec3219,2733d2f5b24d685ca7eba667932a32a2eb96b43459c7d2e49b30c8af70b6f031,2026-09-17T05:22:42Z__pid12112,
Multi,205,15,0.05,0.5,CONDITIONAL_UOT_D4,0.14782793209876544,0.9722222222222222,0.2532222692962635,0.1344860710854947,0.9722222222222222,0.23628691983122363,48,2082,280,1802,8,0.1852786873620207,0.184433082349749,0,2082,0,3df9710a35d4ee3419f713051cccde619121dfb1199d81755e289195eb5e3fe8,e4cde0f10a32b487bdadd4ac9b8e73952488cad92ee702fd2aae2fb5de72ff75,unit__Multi__s205__3df9710a35d4,132,True,8.691873913299607e-12,False,0.6505940167340215,0.6505940167340215,48,ok,Multi__s205,d5cd14d8051263b49b01b10ad36e6033b2ec3219,2733d2f5b24d685ca7eba667932a32a2eb96b43459c7d2e49b30c8af70b6f031,2026-09-17T05:22:42Z__pid12112,
Multi,205,15,0.05,0.5,RAW_UOT_PLAN_D4,0.1440944664902998,0.8958333333333334,0.24462501479847135,0.14389291689905187,0.8958333333333334,0.24795771263815472,48,1793,258,1535,30,0.18501984126984125,0.18009259259259258,0,1793,0,3df9710a35d4ee3419f713051cccde619121dfb1199d81755e289195eb5e3fe8,e4cde0f10a32b487bdadd4ac9b8e73952488cad92ee702fd2aae2fb5de72ff75,unit__Multi__s205__3df9710a35d4,132,True,8.691873913299607e-12,False,0.6505940167340215,0.6505940167340215,48,ok,Multi__s205,d5cd14d8051263b49b01b10ad36e6033b2ec3219,2733d2f5b24d685ca7eba667932a32a2eb96b43459c7d2e49b30c8af70b6f031,2026-09-17T05:22:42Z__pid12112,
Multi,205,15,0.05,0.5,SUPPORT_PLUS_K_D4,0.1350482925080037,1.0,0.23557110639605908,0.11940298507462686,1.0,0.21333333333333335,48,2412,288,2124,0,0.17297958214624878,0.1737759732551399,0,2412,0,3df9710a35d4ee3419f713051cccde619121dfb1199d81755e289195eb5e3fe8,e4cde0f10a32b487bdadd4ac9b8e73952488cad92ee702fd2aae2fb5de72ff75,unit__Multi__s205__3df9710a35d4,132,True,8.691873913299607e-12,False,0.6505940167340215,0.6505940167340215,48,ok,Multi__s205,d5cd14d8051263b49b01b10ad36e6033b2ec3219,2733d2f5b24d685ca7eba667932a32a2eb96b43459c7d2e49b30c8af70b6f031,2026-09-17T05:22:42Z__pid12112,
Poly,201,2,0.05,0.5,AMOUNT_FREE_COST_D4,0.5,0.3333333333333333,0.39999999999999997,0.5,0.3333333333333333,0.4,48,192,96,96,192,0.6666666666666666,0.0,0,192,0,3ce3f4930a71249852fbff76e3d455be8824eb7e4db17dd20e7113ee7f635544,0d03932e135c2d6090efa9ef2b015e8f2f590b3092ca81221b8c8c0387b37c89,unit__Poly__s201__3ce3f4930a71,131,True,9.60681267129868e-12,False,0.6926951679683654,0.6926951679683654,48,ok,Poly__s201,d5cd14d8051263b49b01b10ad36e6033b2ec3219,2733d2f5b24d685ca7eba667932a32a2eb96b43459c7d2e49b30c8af70b6f031,2026-09-17T05:22:44Z__pid12112,
Poly,201,2,0.05,0.5,CONDITIONAL_UOT_D4,0.4600694444444444,0.31597222222222215,0.3736111111111111,0.4595959595959596,0.3159722222222222,0.37448559670781895,48,198,91,107,197,0.5972222222222222,0.04305555555555555,0,198,0,3ce3f4930a71249852fbff76e3d455be8824eb7e4db17dd20e7113ee7f635544,0d03932e135c2d6090efa9ef2b015e8f2f590b3092ca81221b8c8c0387b37c89,unit__Poly__s201__3ce3f4930a71,131,True,9.60681267129868e-12,False,0.6926951679683654,0.6926951679683654,48,ok,Poly__s201,d5cd14d8051263b49b01b10ad36e6033b2ec3219,2733d2f5b24d685ca7eba667932a32a2eb96b43459c7d2e49b30c8af70b6f031,2026-09-17T05:22:44Z__pid12112,
Poly,201,2,0.05,0.5,RAW_UOT_PLAN_D4,0.0,0.0,0.0,0.0,0.0,0.0,48,192,0,192,288,0.0,0.0,0,192,0,3ce3f4930a71249852fbff76e3d455be8824eb7e4db17dd20e7113ee7f635544,0d03932e135c2d6090efa9ef2b015e8f2f590b3092ca81221b8c8c0387b37c89,unit__Poly__s201__3ce3f4930a71,131,True,9.60681267129868e-12,False,0.6926951679683654,0.6926951679683654,48,ok,Poly__s201,d5cd14d8051263b49b01b10ad36e6033b2ec3219,2733d2f5b24d685ca7eba667932a32a2eb96b43459c7d2e49b30c8af70b6f031,2026-09-17T05:22:44Z__pid12112,
Poly,201,2,0.05,0.5,SUPPORT_PLUS_K_D4,0.5,0.3333333333333333,0.39999999999999997,0.5,0.3333333333333333,0.4,48,192,96,96,192,0.6666666666666666,0.0,0,192,0,3ce3f4930a71249852fbff76e3d455be8824eb7e4db17dd20e7113ee7f635544,0d03932e135c2d6090efa9ef2b015e8f2f590b3092ca81221b8c8c0387b37c89,unit__Poly__s201__3ce3f4930a71,131,True,9.60681267129868e-12,False,0.6926951679683654,0.6926951679683654,48,ok,Poly__s201,d5cd14d8051263b49b01b10ad36e6033b2ec3219,2733d2f5b24d685ca7eba667932a32a2eb96b43459c7d2e49b30c8af70b6f031,2026-09-17T05:22:44Z__pid12112,
Poly,201,3,0.05,0.5,AMOUNT_FREE_COST_D4,0.4444444444444445,0.6666666666666666,0.5333333333333333,0.4444444444444444,0.6666666666666666,0.5333333333333333,48,432,192,240,96,0.4444444444444445,0.4444444444444445,0,432,0,3ce3f4930a71249852fbff76e3d455be8824eb7e4db17dd20e7113ee7f635544,0d03932e135c2d6090efa9ef2b015e8f2f590b3092ca81221b8c8c0387b37c89,unit__Poly__s201__3ce3f4930a71,131,True,9.60681267129868e-12,False,0.6926951679683654,0.6926951679683654,48,ok,Poly__s201,d5cd14d8051263b49b01b10ad36e6033b2ec3219,2733d2f5b24d685ca7eba667932a32a2eb96b43459c7d2e49b30c8af70b6f031,2026-09-17T05:22:44Z__pid12112,
Poly,201,3,0.05,0.5,CONDITIONAL_UOT_D4,0.40404040404040403,0.611111111111111,0.48627450980392156,0.4036697247706422,0.6111111111111112,0.4861878453038674,48,436,176,260,112,0.4162533068783069,0.41203703703703703,0,436,0,3ce3f4930a71249852fbff76e3d455be8824eb7e4db17dd20e7113ee7f635544,0d03932e135c2d6090efa9ef2b015e8f2f590b3092ca81221b8c8c0387b37c89,unit__Poly__s201__3ce3f4930a71,131,True,9.60681267129868e-12,False,0.6926951679683654,0.6926951679683654,48,ok,Poly__s201,d5cd14d8051263b49b01b10ad36e6033b2ec3219,2733d2f5b24d685ca7eba667932a32a2eb96b43459c7d2e49b30c8af70b6f031,2026-09-17T05:22:44Z__pid12112,
Poly,201,3,0.05,0.5,RAW_UOT_PLAN_D4,0.11111111111111112,0.16666666666666666,0.13333333333333333,0.1111111111111111,0.16666666666666666,0.13333333333333333,48,432,48,384,240,0.0,0.0,0,432,0,3ce3f4930a71249852fbff76e3d455be8824eb7e4db17dd20e7113ee7f635544,0d03932e135c2d6090efa9ef2b015e8f2f590b3092ca81221b8c8c0387b37c89,unit__Poly__s201__3ce3f4930a71,131,True,9.60681267129868e-12,False,0.6926951679683654,0.6926951679683654,48,ok,Poly__s201,d5cd14d8051263b49b01b10ad36e6033b2ec3219,2733d2f5b24d685ca7eba667932a32a2eb96b43459c7d2e49b30c8af70b6f031,2026-09-17T05:22:44Z__pid12112,
Poly,201,3,0.05,0.5,SUPPORT_PLUS_K_D4,0.4444444444444445,0.6666666666666666,0.5333333333333333,0.4444444444444444,0.6666666666666666,0.5333333333333333,48,432,192,240,96,0.4444444444444445,0.4444444444444445,0,432,0,3ce3f4930a71249852fbff76e3d455be8824eb7e4db17dd20e7113ee7f635544,0d03932e135c2d6090efa9ef2b015e8f2f590b3092ca81221b8c8c0387b37c89,unit__Poly__s201__3ce3f4930a71,131,True,9.60681267129868e-12,False,0.6926951679683654,0.6926951679683654,48,ok,Poly__s201,d5cd14d8051263b49b01b10ad36e6033b2ec3219,2733d2f5b24d685ca7eba667932a32a2eb96b43459c7d2e49b30c8af70b6f031,2026-09-17T05:22:44Z__pid12112,
Poly,201,5,0.05,0.5,AMOUNT_FREE_COST_D4,0.19999999999999998,0.8333333333333334,0.3225806451612903,0.2,0.8333333333333334,0.3225806451612903,48,1200,240,960,48,0.26666666666666666,0.26666666666666666,0,1200,0,3ce3f4930a71249852fbff76e3d455be8824eb7e4db17dd20e7113ee7f635544,0d03932e135c2d6090efa9ef2b015e8f2f590b3092ca81221b8c8c0387b37c89,unit__Poly__s201__3ce3f4930a71,131,True,9.60681267129868e-12,False,0.6926951679683654,0.6926951679683654,48,ok,Poly__s201,d5cd14d8051263b49b01b10ad36e6033b2ec3219,2733d2f5b24d685ca7eba667932a32a2eb96b43459c7d2e49b30c8af70b6f031,2026-09-17T05:22:44Z__pid12112,
Poly,201,5,0.05,0.5,CONDITIONAL_UOT_D4,0.19583333333333333,0.8159722222222223,0.3158602150537634,0.19583333333333333,0.8159722222222222,0.31586021505376344,48,1200,235,965,53,0.26666666666666666,0.2610403485403485,0,1200,0,3ce3f4930a71249852fbff76e3d455be8824eb7e4db17dd20e7113ee7f635544,0d03932e135c2d6090efa9ef2b015e8f2f590b3092ca81221b8c8c0387b37c89,unit__Poly__s201__3ce3f4930a71,131,True,9.60681267129868e-12,False,0.6926951679683654,0.6926951679683654,48,ok,Poly__s201,d5cd14d8051263b49b01b10ad36e6033b2ec3219,2733d2f5b24d685ca7eba667932a32a2eb96b43459c7d2e49b30c8af70b6f031,2026-09-17T05:22:44Z__pid12112,
Poly,201,5,0.05,0.5,RAW_UOT_PLAN_D4,0.16,0.6666666666666666,0.25806451612903225,0.16,0.6666666666666666,0.25806451612903225,48,1200,192,1008,96,0.18181818181818185,0.18181818181818185,0,1200,0,3ce3f4930a71249852fbff76e3d455be8824eb7e4db17dd20e7113ee7f635544,0d03932e135c2d6090efa9ef2b015e8f2f590b3092ca81221b8c8c0387b37c89,unit__Poly__s201__3ce3f4930a71,131,True,9.60681267129868e-12,False,0.6926951679683654,0.6926951679683654,48,ok,Poly__s201,d5cd14d8051263b49b01b10ad36e6033b2ec3219,2733d2f5b24d685ca7eba667932a32a2eb96b43459c7d2e49b30c8af70b6f031,2026-09-17T05:22:44Z__pid12112,
Poly,201,5,0.05,0.5,SUPPORT_PLUS_K_D4,0.19999999999999998,0.8333333333333334,0.3225806451612903,0.2,0.8333333333333334,0.3225806451612903,48,1200,240,960,48,0.26666666666666666,0.26666666666666666,0,1200,0,3ce3f4930a71249852fbff76e3d455be8824eb7e4db17dd20e7113ee7f635544,0d03932e135c2d6090efa9ef2b015e8f2f590b3092ca81221b8c8c0387b37c89,unit__Poly__s201__3ce3f4930a71,131,True,9.60681267129868e-12,False,0.6926951679683654,0.6926951679683654,48,ok,Poly__s201,d5cd14d8051263b49b01b10ad36e6033b2ec3219,2733d2f5b24d685ca7eba667932a32a2eb96b43459c7d2e49b30c8af70b6f031,2026-09-17T05:22:44Z__pid12112,
Poly,201,7,0.05,0.5,AMOUNT_FREE_COST_D4,0.16516516516516513,1.0,0.28349944629014395,0.1651376146788991,1.0,0.28346456692913385,48,1744,288,1456,0,0.21464424951267058,0.22222222222222224,0,1744,0,3ce3f4930a71249852fbff76e3d455be8824eb7e4db17dd20e7113ee7f635544,0d03932e135c2d6090efa9ef2b015e8f2f590b3092ca81221b8c8c0387b37c89,unit__Poly__s201__3ce3f4930a71,131,True,9.60681267129868e-12,False,0.6926951679683654,0.6926951679683654,48,ok,Poly__s201,d5cd14d8051263b49b01b10ad36e6033b2ec3219,2733d2f5b24d685ca7eba667932a32a2eb96b43459c7d2e49b30c8af70b6f031,2026-09-17T05:22:44Z__pid12112,
Poly,201,7,0.05,0.5,CONDITIONAL_UOT_D4,0.16629129129129128,1.0,0.2851605758582502,0.16628175519630484,1.0,0.2851485148514851,48,1732,288,1444,0,0.22076023391812863,0.22222222222222224,0,1732,0,3ce3f4930a71249852fbff76e3d455be8824eb7e4db17dd20e7113ee7f635544,0d03932e135c2d6090efa9ef2b015e8f2f590b3092ca81221b8c8c0387b37c89,unit__Poly__s201__3ce3f4930a71,131,True,9.60681267129868e-12,False,0.6926951679683654,0.6926951679683654,48,ok,Poly__s201,d5cd14d8051263b49b01b10ad36e6033b2ec3219,2733d2f5b24d685ca7eba667932a32a2eb96b43459c7d2e49b30c8af70b6f031,2026-09-17T05:22:44Z__pid12112,
Poly,201,7,0.05,0.5,RAW_UOT_PLAN_D4,0.16638513513513511,1.0,0.2852990033222591,0.1663778162911612,1.0,0.2852897473997028,48,1731,288,1443,0,0.22149122807017543,0.22173489278752437,0,1731,0,3ce3f4930a71249852fbff76e3d455be8824eb7e4db17dd20e7113ee7f635544,0d03932e135c2d6090efa9ef2b015e8f2f590b3092ca81221b8c8c0387b37c89,unit__Poly__s201__3ce3f4930a71,131,True,9.60681267129868e-12,False,0.6926951679683654,0.6926951679683654,48,ok,Poly__s201,d5cd14d8051263b49b01b10ad36e6033b2ec3219,2733d2f5b24d685ca7eba667932a32a2eb96b43459c7d2e49b30c8af70b6f031,2026-09-17T05:22:44Z__pid12112,
Poly,201,7,0.05,0.5,SUPPORT_PLUS_K_D4,0.1650713213213213,1.0,0.28336101882613507,0.1650429799426934,1.0,0.28332513526807673,48,1745,288,1457,0,0.21486354775828462,0.22149122807017543,0,1745,0,3ce3f4930a71249852fbff76e3d455be8824eb7e4db17dd20e7113ee7f635544,0d03932e135c2d6090efa9ef2b015e8f2f590b3092ca81221b8c8c0387b37c89,unit__Poly__s201__3ce3f4930a71,131,True,9.60681267129868e-12,False,0.6926951679683654,0.6926951679683654,48,ok,Poly__s201,d5cd14d8051263b49b01b10ad36e6033b2ec3219,2733d2f5b24d685ca7eba667932a32a2eb96b43459c7d2e49b30c8af70b6f031,2026-09-17T05:22:44Z__pid12112,
Poly,201,10,0.05,0.5,AMOUNT_FREE_COST_D4,0.14957264957264957,1.0,0.25944170771756975,0.14516129032258066,1.0,0.2535211267605634,48,1984,288,1696,0,0.18969178969178968,0.18969178969178968,0,1984,0,3ce3f4930a71249852fbff76e3d455be8824eb7e4db17dd20e7113ee7f635544,0d03932e135c2d6090efa9ef2b015e8f2f590b3092ca81221b8c8c0387b37c89,unit__Poly__s201__3ce3f4930a71,131,True,9.60681267129868e-12,False,0.6926951679683654,0.6926951679683654,48,ok,Poly__s201,d5cd14d8051263b49b01b10ad36e6033b2ec3219,2733d2f5b24d685ca7eba667932a32a2eb96b43459c7d2e49b30c8af70b6f031,2026-09-17T05:22:44Z__pid12112,
Poly,201,10,0.05,0.5,CONDITIONAL_UOT_D4,0.16239316239316237,1.0,0.27914614121510667,0.16071428571428573,1.0,0.27692307692307694,48,1792,288,1504,0,0.214996114996115,0.21626521626521625,0,1792,0,3ce3f4930a71249852fbff76e3d455be8824eb7e4db17dd20e7113ee7f635544,0d03932e135c2d6090efa9ef2b015e8f2f590b3092ca81221b8c8c0387b37c89,unit__Poly__s201__3ce3f4930a71,131,True,9.60681267129868e-12,False,0.6926951679683654,0.6926951679683654,48,ok,Poly__s201,d5cd14d8051263b49b01b10ad36e6033b2ec3219,2733d2f5b24d685ca7eba667932a32a2eb96b43459c7d2e49b30c8af70b6f031,2026-09-17T05:22:44Z__pid12112,
Poly,201,10,0.05,0.5,RAW_UOT_PLAN_D4,0.16346153846153844,1.0,0.2807881773399014,0.16216216216216217,1.0,0.27906976744186046,48,1776,288,1488,0,0.21969696969696972,0.21969696969696972,0,1776,0,3ce3f4930a71249852fbff76e3d455be8824eb7e4db17dd20e7113ee7f635544,0d03932e135c2d6090efa9ef2b015e8f2f590b3092ca81221b8c8c0387b37c89,unit__Poly__s201__3ce3f4930a71,131,True,9.60681267129868e-12,False,0.6926951679683654,0.6926951679683654,48,ok,Poly__s201,d5cd14d8051263b49b01b10ad36e6033b2ec3219,2733d2f5b24d685ca7eba667932a32a2eb96b43459c7d2e49b30c8af70b6f031,2026-09-17T05:22:44Z__pid12112,
Poly,201,10,0.05,0.5,SUPPORT_PLUS_K_D4,0.14876963314463312,1.0,0.25821124000211876,0.14428857715430862,1.0,0.2521891418563923,48,1996,288,1708,0,0.19148305398305399,0.19209077959077958,0,1996,0,3ce3f4930a71249852fbff76e3d455be8824eb7e4db17dd20e7113ee7f635544,0d03932e135c2d6090efa9ef2b015e8f2f590b3092ca81221b8c8c0387b37c89,unit__Poly__s201__3ce3f4930a71,131,True,9.60681267129868e-12,False,0.6926951679683654,0.6926951679683654,48,ok,Poly__s201,d5cd14d8051263b49b01b10ad36e6033b2ec3219,2733d2f5b24d685ca7eba667932a32a2eb96b43459c7d2e49b30c8af70b6f031,2026-09-17T05:22:44Z__pid12112,
Poly,201,15,0.05,0.5,AMOUNT_FREE_COST_D4,0.1183311287477954,1.0,0.20916308369732392,0.10423452768729642,1.0,0.1887905604719764,48,2763,288,2475,0,0.14472626139292807,0.14429736929736928,0,2763,0,3ce3f4930a71249852fbff76e3d455be8824eb7e4db17dd20e7113ee7f635544,0d03932e135c2d6090efa9ef2b015e8f2f590b3092ca81221b8c8c0387b37c89,unit__Poly__s201__3ce3f4930a71,131,True,9.60681267129868e-12,False,0.6926951679683654,0.6926951679683654,48,ok,Poly__s201,d5cd14d8051263b49b01b10ad36e6033b2ec3219,2733d2f5b24d685ca7eba667932a32a2eb96b43459c7d2e49b30c8af70b6f031,2026-09-17T05:22:44Z__pid12112,
Poly,201,15,0.05,0.5,CONDITIONAL_UOT_D4,0.15630511463844796,1.0,0.26936271531735745,0.14814814814814814,1.0,0.25806451612903225,48,1944,288,1656,0,0.20773408690075357,0.20839546256212924,0,1944,0,3ce3f4930a71249852fbff76e3d455be8824eb7e4db17dd20e7113ee7f635544,0d03932e135c2d6090efa9ef2b015e8f2f590b3092ca81221b8c8c0387b37c89,unit__Poly__s201__3ce3f4930a71,131,True,9.60681267129868e-12,False,0.6926951679683654,0.6926951679683654,48,ok,Poly__s201,d5cd14d8051263b49b01b10ad36e6033b2ec3219,2733d2f5b24d685ca7eba667932a32a2eb96b43459c7d2e49b30c8af70b6f031,2026-09-17T05:22:44Z__pid12112,
Poly,201,15,0.05,0.5,RAW_UOT_PLAN_D4,0.15433592777342775,1.0,0.26642993100848494,0.14716402657128258,1.0,0.25657015590200444,48,1957,288,1669,0,0.20878376450935568,0.21001532150912958,0,1957,0,3ce3f4930a71249852fbff76e3d455be8824eb7e4db17dd20e7113ee7f635544,0d03932e135c2d6090efa9ef2b015e8f2f590b3092ca81221b8c8c0387b37c89,unit__Poly__s201__3ce3f4930a71,131,True,9.60681267129868e-12,False,0.6926951679683654,0.6926951679683654,48,ok,Poly__s201,d5cd14d8051263b49b01b10ad36e6033b2ec3219,2733d2f5b24d685ca7eba667932a32a2eb96b43459c7d2e49b30c8af70b6f031,2026-09-17T05:22:44Z__pid12112,
Poly,201,15,0.05,0.5,SUPPORT_PLUS_K_D4,0.1184386482396456,1.0,0.20942502126465587,0.10465116279069768,1.0,0.18947368421052632,48,2752,288,2464,0,0.14580479313514375,0.14734081870715166,0,2752,0,3ce3f4930a71249852fbff76e3d455be8824eb7e4db17dd20e7113ee7f635544,0d03932e135c2d6090efa9ef2b015e8f2f590b3092ca81221b8c8c0387b37c89,unit__Poly__s201__3ce3f4930a71,131,True,9.60681267129868e-12,False,0.6926951679683654,0.6926951679683654,48,ok,Poly__s201,d5cd14d8051263b49b01b10ad36e6033b2ec3219,2733d2f5b24d685ca7eba667932a32a2eb96b43459c7d2e49b30c8af70b6f031,2026-09-17T05:22:44Z__pid12112,
Poly,202,2,0.05,0.5,AMOUNT_FREE_COST_D4,0.5,0.3333333333333333,0.39999999999999997,0.5,0.3333333333333333,0.4,48,192,96,96,192,0.6666666666666666,0.0,0,192,0,84acecb7d5190ce0209dff9828f8a7a5c36363a2b8f93469cab00dbd60775b05,33ab9814bf7e000f4fc3528e21d3d0a39c11a9fa158814eb29f69e0a65d25b48,unit__Poly__s202__84acecb7d519,131,True,8.965904797524565e-12,False,0.7168394682603789,0.7168394682603788,48,ok,Poly__s202,d5cd14d8051263b49b01b10ad36e6033b2ec3219,2733d2f5b24d685ca7eba667932a32a2eb96b43459c7d2e49b30c8af70b6f031,2026-09-17T05:22:46Z__pid12112,
Poly,202,2,0.05,0.5,CONDITIONAL_UOT_D4,0.4270833333333333,0.28472222222222215,0.3416666666666666,0.4270833333333333,0.2847222222222222,0.3416666666666667,48,192,82,110,206,0.5555555555555555,0.013888888888888888,0,192,0,84acecb7d5190ce0209dff9828f8a7a5c36363a2b8f93469cab00dbd60775b05,33ab9814bf7e000f4fc3528e21d3d0a39c11a9fa158814eb29f69e0a65d25b48,unit__Poly__s202__84acecb7d519,131,True,8.965904797524565e-12,False,0.7168394682603789,0.7168394682603788,48,ok,Poly__s202,d5cd14d8051263b49b01b10ad36e6033b2ec3219,2733d2f5b24d685ca7eba667932a32a2eb96b43459c7d2e49b30c8af70b6f031,2026-09-17T05:22:46Z__pid12112,
Poly,202,2,0.05,0.5,RAW_UOT_PLAN_D4,0.0,0.0,0.0,0.0,0.0,0.0,48,192,0,192,288,0.0,0.0,0,192,0,84acecb7d5190ce0209dff9828f8a7a5c36363a2b8f93469cab00dbd60775b05,33ab9814bf7e000f4fc3528e21d3d0a39c11a9fa158814eb29f69e0a65d25b48,unit__Poly__s202__84acecb7d519,131,True,8.965904797524565e-12,False,0.7168394682603789,0.7168394682603788,48,ok,Poly__s202,d5cd14d8051263b49b01b10ad36e6033b2ec3219,2733d2f5b24d685ca7eba667932a32a2eb96b43459c7d2e49b30c8af70b6f031,2026-09-17T05:22:46Z__pid12112,
Poly,202,2,0.05,0.5,SUPPORT_PLUS_K_D4,0.5,0.3333333333333333,0.39999999999999997,0.5,0.3333333333333333,0.4,48,192,96,96,192,0.6666666666666666,0.0,0,192,0,84acecb7d5190ce0209dff9828f8a7a5c36363a2b8f93469cab00dbd60775b05,33ab9814bf7e000f4fc3528e21d3d0a39c11a9fa158814eb29f69e0a65d25b48,unit__Poly__s202__84acecb7d519,131,True,8.965904797524565e-12,False,0.7168394682603789,0.7168394682603788,48,ok,Poly__s202,d5cd14d8051263b49b01b10ad36e6033b2ec3219,2733d2f5b24d685ca7eba667932a32a2eb96b43459c7d2e49b30c8af70b6f031,2026-09-17T05:22:46Z__pid12112,
Poly,202,3,0.05,0.5,AMOUNT_FREE_COST_D4,0.4444444444444445,0.6666666666666666,0.5333333333333333,0.4444444444444444,0.6666666666666666,0.5333333333333333,48,432,192,240,96,0.4444444444444445,0.4444444444444445,0,432,0,84acecb7d5190ce0209dff9828f8a7a5c36363a2b8f93469cab00dbd60775b05,33ab9814bf7e000f4fc3528e21d3d0a39c11a9fa158814eb29f69e0a65d25b48,unit__Poly__s202__84acecb7d519,131,True,8.965904797524565e-12,False,0.7168394682603789,0.7168394682603788,48,ok,Poly__s202,d5cd14d8051263b49b01b10ad36e6033b2ec3219,2733d2f5b24d685ca7eba667932a32a2eb96b43459c7d2e49b30c8af70b6f031,2026-09-17T05:22:46Z__pid12112,
Poly,202,3,0.05,0.5,CONDITIONAL_UOT_D4,0.4018518518518519,0.6041666666666666,0.48263888888888884,0.4018475750577367,0.6041666666666666,0.4826629680998613,48,433,174,259,114,0.41203703703703703,0.4034391534391535,0,433,0,84acecb7d5190ce0209dff9828f8a7a5c36363a2b8f93469cab00dbd60775b05,33ab9814bf7e000f4fc3528e21d3d0a39c11a9fa158814eb29f69e0a65d25b48,unit__Poly__s202__84acecb7d519,131,True,8.965904797524565e-12,False,0.7168394682603789,0.7168394682603788,48,ok,Poly__s202,d5cd14d8051263b49b01b10ad36e6033b2ec3219,2733d2f5b24d685ca7eba667932a32a2eb96b43459c7d2e49b30c8af70b6f031,2026-09-17T05:22:46Z__pid12112,
Poly,202,3,0.05,0.5,RAW_UOT_PLAN_D4,0.11111111111111112,0.16666666666666666,0.13333333333333333,0.1111111111111111,0.16666666666666666,0.13333333333333333,48,432,48,384,240,0.0,0.0,0,432,0,84acecb7d5190ce0209dff9828f8a7a5c36363a2b8f93469cab00dbd60775b05,33ab9814bf7e000f4fc3528e21d3d0a39c11a9fa158814eb29f69e0a65d25b48,unit__Poly__s202__84acecb7d519,131,True,8.965904797524565e-12,False,0.7168394682603789,0.7168394682603788,48,ok,Poly__s202,d5cd14d8051263b49b01b10ad36e6033b2ec3219,2733d2f5b24d685ca7eba667932a32a2eb96b43459c7d2e49b30c8af70b6f031,2026-09-17T05:22:46Z__pid12112,
Poly,202,3,0.05,0.5,SUPPORT_PLUS_K_D4,0.4444444444444445,0.6666666666666666,0.5333333333333333,0.4444444444444444,0.6666666666666666,0.5333333333333333,48,432,192,240,96,0.4444444444444445,0.4444444444444445,0,432,0,84acecb7d5190ce0209dff9828f8a7a5c36363a2b8f93469cab00dbd60775b05,33ab9814bf7e000f4fc3528e21d3d0a39c11a9fa158814eb29f69e0a65d25b48,unit__Poly__s202__84acecb7d519,131,True,8.965904797524565e-12,False,0.7168394682603789,0.7168394682603788,48,ok,Poly__s202,d5cd14d8051263b49b01b10ad36e6033b2ec3219,2733d2f5b24d685ca7eba667932a32a2eb96b43459c7d2e49b30c8af70b6f031,2026-09-17T05:22:46Z__pid12112,
Poly,202,5,0.05,0.5,AMOUNT_FREE_COST_D4,0.19999999999999998,0.8333333333333334,0.3225806451612903,0.2,0.8333333333333334,0.3225806451612903,48,1200,240,960,48,0.26666666666666666,0.26666666666666666,0,1200,0,84acecb7d5190ce0209dff9828f8a7a5c36363a2b8f93469cab00dbd60775b05,33ab9814bf7e000f4fc3528e21d3d0a39c11a9fa158814eb29f69e0a65d25b48,unit__Poly__s202__84acecb7d519,131,True,8.965904797524565e-12,False,0.7168394682603789,0.7168394682603788,48,ok,Poly__s202,d5cd14d8051263b49b01b10ad36e6033b2ec3219,2733d2f5b24d685ca7eba667932a32a2eb96b43459c7d2e49b30c8af70b6f031,2026-09-17T05:22:46Z__pid12112,
Poly,202,5,0.05,0.5,CONDITIONAL_UOT_D4,0.1958333333333333,0.8159722222222222,0.3158602150537634,0.19583333333333333,0.8159722222222222,0.31586021505376344,48,1200,235,965,53,0.26111111111111107,0.2610479797979797,0,1200,0,84acecb7d5190ce0209dff9828f8a7a5c36363a2b8f93469cab00dbd60775b05,33ab9814bf7e000f4fc3528e21d3d0a39c11a9fa158814eb29f69e0a65d25b48,unit__Poly__s202__84acecb7d519,131,True,8.965904797524565e-12,False,0.7168394682603789,0.7168394682603788,48,ok,Poly__s202,d5cd14d8051263b49b01b10ad36e6033b2ec3219,2733d2f5b24d685ca7eba667932a32a2eb96b43459c7d2e49b30c8af70b6f031,2026-09-17T05:22:46Z__pid12112,
Poly,202,5,0.05,0.5,RAW_UOT_PLAN_D4,0.16,0.6666666666666666,0.25806451612903225,0.16,0.6666666666666666,0.25806451612903225,48,1200,192,1008,96,0.18181818181818185,0.18181818181818185,0,1200,0,84acecb7d5190ce0209dff9828f8a7a5c36363a2b8f93469cab00dbd60775b05,33ab9814bf7e000f4fc3528e21d3d0a39c11a9fa158814eb29f69e0a65d25b48,unit__Poly__s202__84acecb7d519,131,True,8.965904797524565e-12,False,0.7168394682603789,0.7168394682603788,48,ok,Poly__s202,d5cd14d8051263b49b01b10ad36e6033b2ec3219,2733d2f5b24d685ca7eba667932a32a2eb96b43459c7d2e49b30c8af70b6f031,2026-09-17T05:22:46Z__pid12112,
Poly,202,5,0.05,0.5,SUPPORT_PLUS_K_D4,0.19999999999999998,0.8333333333333334,0.3225806451612903,0.2,0.8333333333333334,0.3225806451612903,48,1200,240,960,48,0.26666666666666666,0.26666666666666666,0,1200,0,84acecb7d5190ce0209dff9828f8a7a5c36363a2b8f93469cab00dbd60775b05,33ab9814bf7e000f4fc3528e21d3d0a39c11a9fa158814eb29f69e0a65d25b48,unit__Poly__s202__84acecb7d519,131,True,8.965904797524565e-12,False,0.7168394682603789,0.7168394682603788,48,ok,Poly__s202,d5cd14d8051263b49b01b10ad36e6033b2ec3219,2733d2f5b24d685ca7eba667932a32a2eb96b43459c7d2e49b30c8af70b6f031,2026-09-17T05:22:46Z__pid12112,
Poly,202,7,0.05,0.5,AMOUNT_FREE_COST_D4,0.16563438438438438,1.0,0.2841915836101882,0.16561242093156986,1.0,0.284163788850518,48,1739,288,1451,0,0.21703216374269005,0.22222222222222224,0,1739,0,84acecb7d5190ce0209dff9828f8a7a5c36363a2b8f93469cab00dbd60775b05,33ab9814bf7e000f4fc3528e21d3d0a39c11a9fa158814eb29f69e0a65d25b48,unit__Poly__s202__84acecb7d519,131,True,8.965904797524565e-12,False,0.7168394682603789,0.7168394682603788,48,ok,Poly__s202,d5cd14d8051263b49b01b10ad36e6033b2ec3219,2733d2f5b24d685ca7eba667932a32a2eb96b43459c7d2e49b30c8af70b6f031,2026-09-17T05:22:46Z__pid12112,
Poly,202,7,0.05,0.5,CONDITIONAL_UOT_D4,0.16629129129129128,1.0,0.2851605758582502,0.16628175519630484,1.0,0.2851485148514851,48,1732,288,1444,0,0.2212475633528265,0.22222222222222224,0,1732,0,84acecb7d5190ce0209dff9828f8a7a5c36363a2b8f93469cab00dbd60775b05,33ab9814bf7e000f4fc3528e21d3d0a39c11a9fa158814eb29f69e0a65d25b48,unit__Poly__s202__84acecb7d519,131,True,8.965904797524565e-12,False,0.7168394682603789,0.7168394682603788,48,ok,Poly__s202,d5cd14d8051263b49b01b10ad36e6033b2ec3219,2733d2f5b24d685ca7eba667932a32a2eb96b43459c7d2e49b30c8af70b6f031,2026-09-17T05:22:46Z__pid12112,
Poly,202,7,0.05,0.5,RAW_UOT_PLAN_D4,0.16647897897897898,1.0,0.28543743078626793,0.16647398843930636,1.0,0.28543111992071357,48,1730,288,1442,0,0.22173489278752437,0.22222222222222224,0,1730,0,84acecb7d5190ce0209dff9828f8a7a5c36363a2b8f93469cab00dbd60775b05,33ab9814bf7e000f4fc3528e21d3d0a39c11a9fa158814eb29f69e0a65d25b48,unit__Poly__s202__84acecb7d519,131,True,8.965904797524565e-12,False,0.7168394682603789,0.7168394682603788,48,ok,Poly__s202,d5cd14d8051263b49b01b10ad36e6033b2ec3219,2733d2f5b24d685ca7eba667932a32a2eb96b43459c7d2e49b30c8af70b6f031,2026-09-17T05:22:46Z__pid12112,
Poly,202,7,0.05,0.5,SUPPORT_PLUS_K_D4,0.16535285285285284,1.0,0.28377630121816166,0.1653272101033295,1.0,0.28374384236453204,48,1742,288,1454,0,0.21654483430799218,0.2212475633528265,0,1742,0,84acecb7d5190ce0209dff9828f8a7a5c36363a2b8f93469cab00dbd60775b05,33ab9814bf7e000f4fc3528e21d3d0a39c11a9fa158814eb29f69e0a65d25b48,unit__Poly__s202__84acecb7d519,131,True,8.965904797524565e-12,False,0.7168394682603789,0.7168394682603788,48,ok,Poly__s202,d5cd14d8051263b49b01b10ad36e6033b2ec3219,2733d2f5b24d685ca7eba667932a32a2eb96b43459c7d2e49b30c8af70b6f031,2026-09-17T05:22:46Z__pid12112,
Poly,202,10,0.05,0.5,AMOUNT_FREE_COST_D4,0.1549145299145299,1.0,0.26765188834154346,0.15126050420168066,1.0,0.26277372262773724,48,1904,288,1616,0,0.2001942501942502,0.2001942501942502,0,1904,0,84acecb7d5190ce0209dff9828f8a7a5c36363a2b8f93469cab00dbd60775b05,33ab9814bf7e000f4fc3528e21d3d0a39c11a9fa158814eb29f69e0a65d25b48,unit__Poly__s202__84acecb7d519,131,True,8.965904797524565e-12,False,0.7168394682603789,0.7168394682603788,48,ok,Poly__s202,d5cd14d8051263b49b01b10ad36e6033b2ec3219,2733d2f5b24d685ca7eba667932a32a2eb96b43459c7d2e49b30c8af70b6f031,2026-09-17T05:22:46Z__pid12112,
Poly,202,10,0.05,0.5,CONDITIONAL_UOT_D4,0.16204594017094015,1.0,0.2786285428714214,0.1603563474387528,1.0,0.2763915547024952,48,1796,288,1508,0,0.21457115009746588,0.21748575498575498,0,1796,0,84acecb7d5190ce0209dff9828f8a7a5c36363a2b8f93469cab00dbd60775b05,33ab9814bf7e000f4fc3528e21d3d0a39c11a9fa158814eb29f69e0a65d25b48,unit__Poly__s202__84acecb7d519,131,True,8.965904797524565e-12,False,0.7168394682603789,0.7168394682603788,48,ok,Poly__s202,d5cd14d8051263b49b01b10ad36e6033b2ec3219,2733d2f5b24d685ca7eba667932a32a2eb96b43459c7d2e49b30c8af70b6f031,2026-09-17T05:22:46Z__pid12112,
Poly,202,10,0.05,0.5,RAW_UOT_PLAN_D4,0.1645299145299145,1.0,0.28243021346469616,0.16363636363636364,1.0,0.28125,48,1760,288,1472,0,0.22053872053872056,0.22053872053872056,0,1760,0,84acecb7d5190ce0209dff9828f8a7a5c36363a2b8f93469cab00dbd60775b05,33ab9814bf7e000f4fc3528e21d3d0a39c11a9fa158814eb29f69e0a65d25b48,unit__Poly__s202__84acecb7d519,131,True,8.965904797524565e-12,False,0.7168394682603789,0.7168394682603788,48,ok,Poly__s202,d5cd14d8051263b49b01b10ad36e6033b2ec3219,2733d2f5b24d685ca7eba667932a32a2eb96b43459c7d2e49b30c8af70b6f031,2026-09-17T05:22:46Z__pid12112,
Poly,202,10,0.05,0.5,SUPPORT_PLUS_K_D4,0.15182595182595182,1.0,0.2628929690998656,0.14754098360655737,1.0,0.2571428571428571,48,1952,288,1664,0,0.199472286972287,0.19988668738668736,0,1952,0,84acecb7d5190ce0209dff9828f8a7a5c36363a2b8f93469cab00dbd60775b05,33ab9814bf7e000f4fc3528e21d3d0a39c11a9fa158814eb29f69e0a65d25b48,unit__Poly__s202__84acecb7d519,131,True,8.965904797524565e-12,False,0.7168394682603789,0.7168394682603788,48,ok,Poly__s202,d5cd14d8051263b49b01b10ad36e6033b2ec3219,2733d2f5b24d685ca7eba667932a32a2eb96b43459c7d2e49b30c8af70b6f031,2026-09-17T05:22:46Z__pid12112,
Poly,202,15,0.05,0.5,AMOUNT_FREE_COST_D4,0.13889991181657846,1.0,0.24164227881211298,0.12307692307692308,1.0,0.2191780821917808,48,2340,288,2052,0,0.1743937389770723,0.17508648758648757,0,2340,0,84acecb7d5190ce0209dff9828f8a7a5c36363a2b8f93469cab00dbd60775b05,33ab9814bf7e000f4fc3528e21d3d0a39c11a9fa158814eb29f69e0a65d25b48,unit__Poly__s202__84acecb7d519,131,True,8.965904797524565e-12,False,0.7168394682603789,0.7168394682603788,48,ok,Poly__s202,d5cd14d8051263b49b01b10ad36e6033b2ec3219,2733d2f5b24d685ca7eba667932a32a2eb96b43459c7d2e49b30c8af70b6f031,2026-09-17T05:22:46Z__pid12112,
Poly,202,15,0.05,0.5,CONDITIONAL_UOT_D4,0.15416115520282186,1.0,0.2659666636663891,0.14479638009049775,1.0,0.25296442687747034,48,1989,288,1701,0,0.20466100257766925,0.20476190476190478,0,1989,0,84acecb7d5190ce0209dff9828f8a7a5c36363a2b8f93469cab00dbd60775b05,33ab9814bf7e000f4fc3528e21d3d0a39c11a9fa158814eb29f69e0a65d25b48,unit__Poly__s202__84acecb7d519,131,True,8.965904797524565e-12,False,0.7168394682603789,0.7168394682603788,48,ok,Poly__s202,d5cd14d8051263b49b01b10ad36e6033b2ec3219,2733d2f5b24d685ca7eba667932a32a2eb96b43459c7d2e49b30c8af70b6f031,2026-09-17T05:22:46Z__pid12112,
Poly,202,15,0.05,0.5,RAW_UOT_PLAN_D4,0.16093749999999998,1.0,0.2766567776679,0.15584415584415584,1.0,0.2696629213483146,48,1848,288,1560,0,0.21604537437870772,0.21688712522045858,0,1848,0,84acecb7d5190ce0209dff9828f8a7a5c36363a2b8f93469cab00dbd60775b05,33ab9814bf7e000f4fc3528e21d3d0a39c11a9fa158814eb29f69e0a65d25b48,unit__Poly__s202__84acecb7d519,131,True,8.965904797524565e-12,False,0.7168394682603789,0.7168394682603788,48,ok,Poly__s202,d5cd14d8051263b49b01b10ad36e6033b2ec3219,2733d2f5b24d685ca7eba667932a32a2eb96b43459c7d2e49b30c8af70b6f031,2026-09-17T05:22:46Z__pid12112,
Poly,202,15,0.05,0.5,SUPPORT_PLUS_K_D4,0.13674784416971916,1.0,0.23834736844222673,0.12167300380228137,1.0,0.21694915254237288,48,2367,288,2079,0,0.17837986766384695,0.1782826333071431,0,2367,0,84acecb7d5190ce0209dff9828f8a7a5c36363a2b8f93469cab00dbd60775b05,33ab9814bf7e000f4fc3528e21d3d0a39c11a9fa158814eb29f69e0a65d25b48,unit__Poly__s202__84acecb7d519,131,True,8.965904797524565e-12,False,0.7168394682603789,0.7168394682603788,48,ok,Poly__s202,d5cd14d8051263b49b01b10ad36e6033b2ec3219,2733d2f5b24d685ca7eba667932a32a2eb96b43459c7d2e49b30c8af70b6f031,2026-09-17T05:22:46Z__pid12112,
Poly,203,2,0.05,0.5,AMOUNT_FREE_COST_D4,0.5,0.3333333333333333,0.39999999999999997,0.5,0.3333333333333333,0.4,48,192,96,96,192,0.6666666666666666,0.0,0,192,0,95a621f447cd3272bfdce1607a0139e338360fac98f53eea9621414b0bc1532b,6d66fafac71def1a40f48d74f0d8ad4c875eba6bcf92887063e3dd81e955cc52,unit__Poly__s203__95a621f447cd,131,True,9.072920476326776e-12,False,0.7153926400653405,0.7153926400653405,48,ok,Poly__s203,d5cd14d8051263b49b01b10ad36e6033b2ec3219,2733d2f5b24d685ca7eba667932a32a2eb96b43459c7d2e49b30c8af70b6f031,2026-09-17T05:22:48Z__pid12112,
Poly,203,2,0.05,0.5,CONDITIONAL_UOT_D4,0.4479166666666667,0.2986111111111111,0.35833333333333334,0.4479166666666667,0.2986111111111111,0.35833333333333334,48,192,86,106,202,0.5972222222222222,0.0,0,192,0,95a621f447cd3272bfdce1607a0139e338360fac98f53eea9621414b0bc1532b,6d66fafac71def1a40f48d74f0d8ad4c875eba6bcf92887063e3dd81e955cc52,unit__Poly__s203__95a621f447cd,131,True,9.072920476326776e-12,False,0.7153926400653405,0.7153926400653405,48,ok,Poly__s203,d5cd14d8051263b49b01b10ad36e6033b2ec3219,2733d2f5b24d685ca7eba667932a32a2eb96b43459c7d2e49b30c8af70b6f031,2026-09-17T05:22:48Z__pid12112,
Poly,203,2,0.05,0.5,RAW_UOT_PLAN_D4,0.0,0.0,0.0,0.0,0.0,0.0,48,192,0,192,288,0.0,0.0,0,192,0,95a621f447cd3272bfdce1607a0139e338360fac98f53eea9621414b0bc1532b,6d66fafac71def1a40f48d74f0d8ad4c875eba6bcf92887063e3dd81e955cc52,unit__Poly__s203__95a621f447cd,131,True,9.072920476326776e-12,False,0.7153926400653405,0.7153926400653405,48,ok,Poly__s203,d5cd14d8051263b49b01b10ad36e6033b2ec3219,2733d2f5b24d685ca7eba667932a32a2eb96b43459c7d2e49b30c8af70b6f031,2026-09-17T05:22:48Z__pid12112,
Poly,203,2,0.05,0.5,SUPPORT_PLUS_K_D4,0.5,0.3333333333333333,0.39999999999999997,0.5,0.3333333333333333,0.4,48,192,96,96,192,0.6666666666666666,0.0,0,192,0,95a621f447cd3272bfdce1607a0139e338360fac98f53eea9621414b0bc1532b,6d66fafac71def1a40f48d74f0d8ad4c875eba6bcf92887063e3dd81e955cc52,unit__Poly__s203__95a621f447cd,131,True,9.072920476326776e-12,False,0.7153926400653405,0.7153926400653405,48,ok,Poly__s203,d5cd14d8051263b49b01b10ad36e6033b2ec3219,2733d2f5b24d685ca7eba667932a32a2eb96b43459c7d2e49b30c8af70b6f031,2026-09-17T05:22:48Z__pid12112,
Poly,203,3,0.05,0.5,AMOUNT_FREE_COST_D4,0.4444444444444445,0.6666666666666666,0.5333333333333333,0.4444444444444444,0.6666666666666666,0.5333333333333333,48,432,192,240,96,0.4444444444444445,0.4444444444444445,0,432,0,95a621f447cd3272bfdce1607a0139e338360fac98f53eea9621414b0bc1532b,6d66fafac71def1a40f48d74f0d8ad4c875eba6bcf92887063e3dd81e955cc52,unit__Poly__s203__95a621f447cd,131,True,9.072920476326776e-12,False,0.7153926400653405,0.7153926400653405,48,ok,Poly__s203,d5cd14d8051263b49b01b10ad36e6033b2ec3219,2733d2f5b24d685ca7eba667932a32a2eb96b43459c7d2e49b30c8af70b6f031,2026-09-17T05:22:48Z__pid12112,
Poly,203,3,0.05,0.5,CONDITIONAL_UOT_D4,0.4166666666666667,0.6249999999999999,0.5,0.4166666666666667,0.625,0.5,48,432,180,252,108,0.4226190476190476,0.41335978835978837,0,432,0,95a621f447cd3272bfdce1607a0139e338360fac98f53eea9621414b0bc1532b,6d66fafac71def1a40f48d74f0d8ad4c875eba6bcf92887063e3dd81e955cc52,unit__Poly__s203__95a621f447cd,131,True,9.072920476326776e-12,False,0.7153926400653405,0.7153926400653405,48,ok,Poly__s203,d5cd14d8051263b49b01b10ad36e6033b2ec3219,2733d2f5b24d685ca7eba667932a32a2eb96b43459c7d2e49b30c8af70b6f031,2026-09-17T05:22:48Z__pid12112,
Poly,203,3,0.05,0.5,RAW_UOT_PLAN_D4,0.11111111111111112,0.16666666666666666,0.13333333333333333,0.1111111111111111,0.16666666666666666,0.13333333333333333,48,432,48,384,240,0.0,0.0,0,432,0,95a621f447cd3272bfdce1607a0139e338360fac98f53eea9621414b0bc1532b,6d66fafac71def1a40f48d74f0d8ad4c875eba6bcf92887063e3dd81e955cc52,unit__Poly__s203__95a621f447cd,131,True,9.072920476326776e-12,False,0.7153926400653405,0.7153926400653405,48,ok,Poly__s203,d5cd14d8051263b49b01b10ad36e6033b2ec3219,2733d2f5b24d685ca7eba667932a32a2eb96b43459c7d2e49b30c8af70b6f031,2026-09-17T05:22:48Z__pid12112,
Poly,203,3,0.05,0.5,SUPPORT_PLUS_K_D4,0.4444444444444445,0.6666666666666666,0.5333333333333333,0.4444444444444444,0.6666666666666666,0.5333333333333333,48,432,192,240,96,0.4444444444444445,0.4444444444444445,0,432,0,95a621f447cd3272bfdce1607a0139e338360fac98f53eea9621414b0bc1532b,6d66fafac71def1a40f48d74f0d8ad4c875eba6bcf92887063e3dd81e955cc52,unit__Poly__s203__95a621f447cd,131,True,9.072920476326776e-12,False,0.7153926400653405,0.7153926400653405,48,ok,Poly__s203,d5cd14d8051263b49b01b10ad36e6033b2ec3219,2733d2f5b24d685ca7eba667932a32a2eb96b43459c7d2e49b30c8af70b6f031,2026-09-17T05:22:48Z__pid12112,
Poly,203,5,0.05,0.5,AMOUNT_FREE_COST_D4,0.19999999999999998,0.8333333333333334,0.3225806451612903,0.2,0.8333333333333334,0.3225806451612903,48,1200,240,960,48,0.26666666666666666,0.26666666666666666,0,1200,0,95a621f447cd3272bfdce1607a0139e338360fac98f53eea9621414b0bc1532b,6d66fafac71def1a40f48d74f0d8ad4c875eba6bcf92887063e3dd81e955cc52,unit__Poly__s203__95a621f447cd,131,True,9.072920476326776e-12,False,0.7153926400653405,0.7153926400653405,48,ok,Poly__s203,d5cd14d8051263b49b01b10ad36e6033b2ec3219,2733d2f5b24d685ca7eba667932a32a2eb96b43459c7d2e49b30c8af70b6f031,2026-09-17T05:22:48Z__pid12112,
Poly,203,5,0.05,0.5,CONDITIONAL_UOT_D4,0.1975,0.8229166666666666,0.3185483870967742,0.1975,0.8229166666666666,0.3185483870967742,48,1200,237,963,51,0.26666666666666666,0.26144480519480523,0,1200,0,95a621f447cd3272bfdce1607a0139e338360fac98f53eea9621414b0bc1532b,6d66fafac71def1a40f48d74f0d8ad4c875eba6bcf92887063e3dd81e955cc52,unit__Poly__s203__95a621f447cd,131,True,9.072920476326776e-12,False,0.7153926400653405,0.7153926400653405,48,ok,Poly__s203,d5cd14d8051263b49b01b10ad36e6033b2ec3219,2733d2f5b24d685ca7eba667932a32a2eb96b43459c7d2e49b30c8af70b6f031,2026-09-17T05:22:48Z__pid12112,
Poly,203,5,0.05,0.5,RAW_UOT_PLAN_D4,0.16,0.6666666666666666,0.25806451612903225,0.16,0.6666666666666666,0.25806451612903225,48,1200,192,1008,96,0.18181818181818185,0.18181818181818185,0,1200,0,95a621f447cd3272bfdce1607a0139e338360fac98f53eea9621414b0bc1532b,6d66fafac71def1a40f48d74f0d8ad4c875eba6bcf92887063e3dd81e955cc52,unit__Poly__s203__95a621f447cd,131,True,9.072920476326776e-12,False,0.7153926400653405,0.7153926400653405,48,ok,Poly__s203,d5cd14d8051263b49b01b10ad36e6033b2ec3219,2733d2f5b24d685ca7eba667932a32a2eb96b43459c7d2e49b30c8af70b6f031,2026-09-17T05:22:48Z__pid12112,
Poly,203,5,0.05,0.5,SUPPORT_PLUS_K_D4,0.19999999999999998,0.8333333333333334,0.3225806451612903,0.2,0.8333333333333334,0.3225806451612903,48,1200,240,960,48,0.26666666666666666,0.26666666666666666,0,1200,0,95a621f447cd3272bfdce1607a0139e338360fac98f53eea9621414b0bc1532b,6d66fafac71def1a40f48d74f0d8ad4c875eba6bcf92887063e3dd81e955cc52,unit__Poly__s203__95a621f447cd,131,True,9.072920476326776e-12,False,0.7153926400653405,0.7153926400653405,48,ok,Poly__s203,d5cd14d8051263b49b01b10ad36e6033b2ec3219,2733d2f5b24d685ca7eba667932a32a2eb96b43459c7d2e49b30c8af70b6f031,2026-09-17T05:22:48Z__pid12112,
Poly,203,7,0.05,0.5,AMOUNT_FREE_COST_D4,0.16535285285285284,1.0,0.28377630121816166,0.1653272101033295,1.0,0.28374384236453204,48,1742,288,1454,0,0.21564327485380116,0.22222222222222224,0,1742,0,95a621f447cd3272bfdce1607a0139e338360fac98f53eea9621414b0bc1532b,6d66fafac71def1a40f48d74f0d8ad4c875eba6bcf92887063e3dd81e955cc52,unit__Poly__s203__95a621f447cd,131,True,9.072920476326776e-12,False,0.7153926400653405,0.7153926400653405,48,ok,Poly__s203,d5cd14d8051263b49b01b10ad36e6033b2ec3219,2733d2f5b24d685ca7eba667932a32a2eb96b43459c7d2e49b30c8af70b6f031,2026-09-17T05:22:48Z__pid12112,
Poly,203,7,0.05,0.5,CONDITIONAL_UOT_D4,0.16619744744744744,1.0,0.2850221483942414,0.1661858049624928,1.0,0.285007422068283,48,1733,288,1445,0,0.22051656920077975,0.22222222222222224,0,1733,0,95a621f447cd3272bfdce1607a0139e338360fac98f53eea9621414b0bc1532b,6d66fafac71def1a40f48d74f0d8ad4c875eba6bcf92887063e3dd81e955cc52,unit__Poly__s203__95a621f447cd,131,True,9.072920476326776e-12,False,0.7153926400653405,0.7153926400653405,48,ok,Poly__s203,d5cd14d8051263b49b01b10ad36e6033b2ec3219,2733d2f5b24d685ca7eba667932a32a2eb96b43459c7d2e49b30c8af70b6f031,2026-09-17T05:22:48Z__pid12112,
Poly,203,7,0.05,0.5,RAW_UOT_PLAN_D4,0.16629129129129128,1.0,0.2851605758582502,0.16628175519630484,1.0,0.2851485148514851,48,1732,288,1444,0,0.22173489278752437,0.22173489278752437,0,1732,0,95a621f447cd3272bfdce1607a0139e338360fac98f53eea9621414b0bc1532b,6d66fafac71def1a40f48d74f0d8ad4c875eba6bcf92887063e3dd81e955cc52,unit__Poly__s203__95a621f447cd,131,True,9.072920476326776e-12,False,0.7153926400653405,0.7153926400653405,48,ok,Poly__s203,d5cd14d8051263b49b01b10ad36e6033b2ec3219,2733d2f5b24d685ca7eba667932a32a2eb96b43459c7d2e49b30c8af70b6f031,2026-09-17T05:22:48Z__pid12112,
Poly,203,7,0.05,0.5,SUPPORT_PLUS_K_D4,0.16535285285285284,1.0,0.2837763012181617,0.1653272101033295,1.0,0.28374384236453204,48,1742,288,1454,0,0.2158869395711501,0.2219785575048733,0,1742,0,95a621f447cd3272bfdce1607a0139e338360fac98f53eea9621414b0bc1532b,6d66fafac71def1a40f48d74f0d8ad4c875eba6bcf92887063e3dd81e955cc52,unit__Poly__s203__95a621f447cd,131,True,9.072920476326776e-12,False,0.7153926400653405,0.7153926400653405,48,ok,Poly__s203,d5cd14d8051263b49b01b10ad36e6033b2ec3219,2733d2f5b24d685ca7eba667932a32a2eb96b43459c7d2e49b30c8af70b6f031,2026-09-17T05:22:48Z__pid12112,
Poly,203,10,0.05,0.5,AMOUNT_FREE_COST_D4,0.1517094017094017,1.0,0.26272577996715923,0.14754098360655737,1.0,0.2571428571428571,48,1952,288,1664,0,0.19463869463869465,0.19463869463869465,0,1952,0,95a621f447cd3272bfdce1607a0139e338360fac98f53eea9621414b0bc1532b,6d66fafac71def1a40f48d74f0d8ad4c875eba6bcf92887063e3dd81e955cc52,unit__Poly__s203__95a621f447cd,131,True,9.072920476326776e-12,False,0.7153926400653405,0.7153926400653405,48,ok,Poly__s203,d5cd14d8051263b49b01b10ad36e6033b2ec3219,2733d2f5b24d685ca7eba667932a32a2eb96b43459c7d2e49b30c8af70b6f031,2026-09-17T05:22:48Z__pid12112,
Poly,203,10,0.05,0.5,CONDITIONAL_UOT_D4,0.1613247863247863,1.0,0.2775041050903119,0.1592920353982301,1.0,0.2748091603053435,48,1808,288,1520,0,0.21314426314426316,0.21341621341621342,0,1808,0,95a621f447cd3272bfdce1607a0139e338360fac98f53eea9621414b0bc1532b,6d66fafac71def1a40f48d74f0d8ad4c875eba6bcf92887063e3dd81e955cc52,unit__Poly__s203__95a621f447cd,131,True,9.072920476326776e-12,False,0.7153926400653405,0.7153926400653405,48,ok,Poly__s203,d5cd14d8051263b49b01b10ad36e6033b2ec3219,2733d2f5b24d685ca7eba667932a32a2eb96b43459c7d2e49b30c8af70b6f031,2026-09-17T05:22:48Z__pid12112,
Poly,203,10,0.05,0.5,RAW_UOT_PLAN_D4,0.16239316239316237,1.0,0.27914614121510667,0.16071428571428573,1.0,0.27692307692307694,48,1792,288,1504,0,0.21885521885521886,0.21885521885521886,0,1792,0,95a621f447cd3272bfdce1607a0139e338360fac98f53eea9621414b0bc1532b,6d66fafac71def1a40f48d74f0d8ad4c875eba6bcf92887063e3dd81e955cc52,unit__Poly__s203__95a621f447cd,131,True,9.072920476326776e-12,False,0.7153926400653405,0.7153926400653405,48,ok,Poly__s203,d5cd14d8051263b49b01b10ad36e6033b2ec3219,2733d2f5b24d685ca7eba667932a32a2eb96b43459c7d2e49b30c8af70b6f031,2026-09-17T05:22:48Z__pid12112,
Poly,203,10,0.05,0.5,SUPPORT_PLUS_K_D4,0.15182595182595182,1.0,0.26289296909986565,0.14754098360655737,1.0,0.2571428571428571,48,1952,288,1664,0,0.19644198394198395,0.19644198394198395,0,1952,0,95a621f447cd3272bfdce1607a0139e338360fac98f53eea9621414b0bc1532b,6d66fafac71def1a40f48d74f0d8ad4c875eba6bcf92887063e3dd81e955cc52,unit__Poly__s203__95a621f447cd,131,True,9.072920476326776e-12,False,0.7153926400653405,0.7153926400653405,48,ok,Poly__s203,d5cd14d8051263b49b01b10ad36e6033b2ec3219,2733d2f5b24d685ca7eba667932a32a2eb96b43459c7d2e49b30c8af70b6f031,2026-09-17T05:22:48Z__pid12112,
Poly,203,15,0.05,0.5,AMOUNT_FREE_COST_D4,0.13166335978835977,1.0,0.2304608235434642,0.11764705882352941,1.0,0.21052631578947367,48,2448,288,2160,0,0.16621233704567037,0.1646623438290105,0,2448,0,95a621f447cd3272bfdce1607a0139e338360fac98f53eea9621414b0bc1532b,6d66fafac71def1a40f48d74f0d8ad4c875eba6bcf92887063e3dd81e955cc52,unit__Poly__s203__95a621f447cd,131,True,9.072920476326776e-12,False,0.7153926400653405,0.7153926400653405,48,ok,Poly__s203,d5cd14d8051263b49b01b10ad36e6033b2ec3219,2733d2f5b24d685ca7eba667932a32a2eb96b43459c7d2e49b30c8af70b6f031,2026-09-17T05:22:48Z__pid12112,
Poly,203,15,0.05,0.5,CONDITIONAL_UOT_D4,0.15318011463844794,1.0,0.26431766845245763,0.14222222222222222,1.0,0.2490272373540856,48,2025,288,1737,0,0.2033602971102971,0.20286426536426538,0,2025,0,95a621f447cd3272bfdce1607a0139e338360fac98f53eea9621414b0bc1532b,6d66fafac71def1a40f48d74f0d8ad4c875eba6bcf92887063e3dd81e955cc52,unit__Poly__s203__95a621f447cd,131,True,9.072920476326776e-12,False,0.7153926400653405,0.7153926400653405,48,ok,Poly__s203,d5cd14d8051263b49b01b10ad36e6033b2ec3219,2733d2f5b24d685ca7eba667932a32a2eb96b43459c7d2e49b30c8af70b6f031,2026-09-17T05:22:48Z__pid12112,
Poly,203,15,0.05,0.5,RAW_UOT_PLAN_D4,0.15761569614670637,1.0,0.271438492063492,0.1506276150627615,1.0,0.26181818181818184,48,1912,288,1624,0,0.2102259220918641,0.21161481098075305,0,1912,0,95a621f447cd3272bfdce1607a0139e338360fac98f53eea9621414b0bc1532b,6d66fafac71def1a40f48d74f0d8ad4c875eba6bcf92887063e3dd81e955cc52,unit__Poly__s203__95a621f447cd,131,True,9.072920476326776e-12,False,0.7153926400653405,0.7153926400653405,48,ok,Poly__s203,d5cd14d8051263b49b01b10ad36e6033b2ec3219,2733d2f5b24d685ca7eba667932a32a2eb96b43459c7d2e49b30c8af70b6f031,2026-09-17T05:22:48Z__pid12112,
Poly,203,15,0.05,0.5,SUPPORT_PLUS_K_D4,0.13388387987859818,1.0,0.23399448255915348,0.12015018773466833,1.0,0.21452513966480447,48,2397,288,2109,0,0.17395884557948513,0.17362480259193336,0,2397,0,95a621f447cd3272bfdce1607a0139e338360fac98f53eea9621414b0bc1532b,6d66fafac71def1a40f48d74f0d8ad4c875eba6bcf92887063e3dd81e955cc52,unit__Poly__s203__95a621f447cd,131,True,9.072920476326776e-12,False,0.7153926400653405,0.7153926400653405,48,ok,Poly__s203,d5cd14d8051263b49b01b10ad36e6033b2ec3219,2733d2f5b24d685ca7eba667932a32a2eb96b43459c7d2e49b30c8af70b6f031,2026-09-17T05:22:48Z__pid12112,
Poly,204,2,0.05,0.5,AMOUNT_FREE_COST_D4,0.5,0.3333333333333333,0.39999999999999997,0.5,0.3333333333333333,0.4,48,192,96,96,192,0.6666666666666666,0.0,0,192,0,e9feb8c11e856b38f105c239c6e49e9317de059b99dbe34f4b5c55eac3fdfdd3,4e5540bd1241281c0a6316a53e1db7b08640000d2c128a1da74fa67e8e970387,unit__Poly__s204__e9feb8c11e85,131,True,8.697524137336503e-12,False,0.7217833504257675,0.7217833504257675,48,ok,Poly__s204,d5cd14d8051263b49b01b10ad36e6033b2ec3219,2733d2f5b24d685ca7eba667932a32a2eb96b43459c7d2e49b30c8af70b6f031,2026-09-17T05:22:49Z__pid12112,
Poly,204,2,0.05,0.5,CONDITIONAL_UOT_D4,0.4739583333333333,0.3159722222222222,0.37916666666666665,0.4739583333333333,0.3159722222222222,0.37916666666666665,48,192,91,101,197,0.6249999999999999,0.008333333333333333,0,192,0,e9feb8c11e856b38f105c239c6e49e9317de059b99dbe34f4b5c55eac3fdfdd3,4e5540bd1241281c0a6316a53e1db7b08640000d2c128a1da74fa67e8e970387,unit__Poly__s204__e9feb8c11e85,131,True,8.697524137336503e-12,False,0.7217833504257675,0.7217833504257675,48,ok,Poly__s204,d5cd14d8051263b49b01b10ad36e6033b2ec3219,2733d2f5b24d685ca7eba667932a32a2eb96b43459c7d2e49b30c8af70b6f031,2026-09-17T05:22:49Z__pid12112,
Poly,204,2,0.05,0.5,RAW_UOT_PLAN_D4,0.0,0.0,0.0,0.0,0.0,0.0,48,192,0,192,288,0.0,0.0,0,192,0,e9feb8c11e856b38f105c239c6e49e9317de059b99dbe34f4b5c55eac3fdfdd3,4e5540bd1241281c0a6316a53e1db7b08640000d2c128a1da74fa67e8e970387,unit__Poly__s204__e9feb8c11e85,131,True,8.697524137336503e-12,False,0.7217833504257675,0.7217833504257675,48,ok,Poly__s204,d5cd14d8051263b49b01b10ad36e6033b2ec3219,2733d2f5b24d685ca7eba667932a32a2eb96b43459c7d2e49b30c8af70b6f031,2026-09-17T05:22:49Z__pid12112,
Poly,204,2,0.05,0.5,SUPPORT_PLUS_K_D4,0.5,0.3333333333333333,0.39999999999999997,0.5,0.3333333333333333,0.4,48,192,96,96,192,0.6666666666666666,0.0,0,192,0,e9feb8c11e856b38f105c239c6e49e9317de059b99dbe34f4b5c55eac3fdfdd3,4e5540bd1241281c0a6316a53e1db7b08640000d2c128a1da74fa67e8e970387,unit__Poly__s204__e9feb8c11e85,131,True,8.697524137336503e-12,False,0.7217833504257675,0.7217833504257675,48,ok,Poly__s204,d5cd14d8051263b49b01b10ad36e6033b2ec3219,2733d2f5b24d685ca7eba667932a32a2eb96b43459c7d2e49b30c8af70b6f031,2026-09-17T05:22:49Z__pid12112,
Poly,204,3,0.05,0.5,AMOUNT_FREE_COST_D4,0.4444444444444445,0.6666666666666666,0.5333333333333333,0.4444444444444444,0.6666666666666666,0.5333333333333333,48,432,192,240,96,0.4444444444444445,0.4444444444444445,0,432,0,e9feb8c11e856b38f105c239c6e49e9317de059b99dbe34f4b5c55eac3fdfdd3,4e5540bd1241281c0a6316a53e1db7b08640000d2c128a1da74fa67e8e970387,unit__Poly__s204__e9feb8c11e85,131,True,8.697524137336503e-12,False,0.7217833504257675,0.7217833504257675,48,ok,Poly__s204,d5cd14d8051263b49b01b10ad36e6033b2ec3219,2733d2f5b24d685ca7eba667932a32a2eb96b43459c7d2e49b30c8af70b6f031,2026-09-17T05:22:49Z__pid12112,
Poly,204,3,0.05,0.5,CONDITIONAL_UOT_D4,0.4143518518518519,0.6215277777777777,0.49722222222222223,0.41435185185185186,0.6215277777777778,0.49722222222222223,48,432,179,253,109,0.4226190476190476,0.41005291005291006,0,432,0,e9feb8c11e856b38f105c239c6e49e9317de059b99dbe34f4b5c55eac3fdfdd3,4e5540bd1241281c0a6316a53e1db7b08640000d2c128a1da74fa67e8e970387,unit__Poly__s204__e9feb8c11e85,131,True,8.697524137336503e-12,False,0.7217833504257675,0.7217833504257675,48,ok,Poly__s204,d5cd14d8051263b49b01b10ad36e6033b2ec3219,2733d2f5b24d685ca7eba667932a32a2eb96b43459c7d2e49b30c8af70b6f031,2026-09-17T05:22:49Z__pid12112,
Poly,204,3,0.05,0.5,RAW_UOT_PLAN_D4,0.11111111111111112,0.16666666666666666,0.13333333333333333,0.1111111111111111,0.16666666666666666,0.13333333333333333,48,432,48,384,240,0.0,0.0,0,432,0,e9feb8c11e856b38f105c239c6e49e9317de059b99dbe34f4b5c55eac3fdfdd3,4e5540bd1241281c0a6316a53e1db7b08640000d2c128a1da74fa67e8e970387,unit__Poly__s204__e9feb8c11e85,131,True,8.697524137336503e-12,False,0.7217833504257675,0.7217833504257675,48,ok,Poly__s204,d5cd14d8051263b49b01b10ad36e6033b2ec3219,2733d2f5b24d685ca7eba667932a32a2eb96b43459c7d2e49b30c8af70b6f031,2026-09-17T05:22:49Z__pid12112,
Poly,204,3,0.05,0.5,SUPPORT_PLUS_K_D4,0.4444444444444445,0.6666666666666666,0.5333333333333333,0.4444444444444444,0.6666666666666666,0.5333333333333333,48,432,192,240,96,0.4444444444444445,0.4444444444444445,0,432,0,e9feb8c11e856b38f105c239c6e49e9317de059b99dbe34f4b5c55eac3fdfdd3,4e5540bd1241281c0a6316a53e1db7b08640000d2c128a1da74fa67e8e970387,unit__Poly__s204__e9feb8c11e85,131,True,8.697524137336503e-12,False,0.7217833504257675,0.7217833504257675,48,ok,Poly__s204,d5cd14d8051263b49b01b10ad36e6033b2ec3219,2733d2f5b24d685ca7eba667932a32a2eb96b43459c7d2e49b30c8af70b6f031,2026-09-17T05:22:49Z__pid12112,
Poly,204,5,0.05,0.5,AMOUNT_FREE_COST_D4,0.19999999999999998,0.8333333333333334,0.3225806451612903,0.2,0.8333333333333334,0.3225806451612903,48,1200,240,960,48,0.26666666666666666,0.26666666666666666,0,1200,0,e9feb8c11e856b38f105c239c6e49e9317de059b99dbe34f4b5c55eac3fdfdd3,4e5540bd1241281c0a6316a53e1db7b08640000d2c128a1da74fa67e8e970387,unit__Poly__s204__e9feb8c11e85,131,True,8.697524137336503e-12,False,0.7217833504257675,0.7217833504257675,48,ok,Poly__s204,d5cd14d8051263b49b01b10ad36e6033b2ec3219,2733d2f5b24d685ca7eba667932a32a2eb96b43459c7d2e49b30c8af70b6f031,2026-09-17T05:22:49Z__pid12112,
Poly,204,5,0.05,0.5,CONDITIONAL_UOT_D4,0.19666666666666666,0.8194444444444443,0.31720430107526876,0.19666666666666666,0.8194444444444444,0.3172043010752688,48,1200,236,964,52,0.26706349206349206,0.25877872127872126,0,1200,0,e9feb8c11e856b38f105c239c6e49e9317de059b99dbe34f4b5c55eac3fdfdd3,4e5540bd1241281c0a6316a53e1db7b08640000d2c128a1da74fa67e8e970387,unit__Poly__s204__e9feb8c11e85,131,True,8.697524137336503e-12,False,0.7217833504257675,0.7217833504257675,48,ok,Poly__s204,d5cd14d8051263b49b01b10ad36e6033b2ec3219,2733d2f5b24d685ca7eba667932a32a2eb96b43459c7d2e49b30c8af70b6f031,2026-09-17T05:22:49Z__pid12112,
Poly,204,5,0.05,0.5,RAW_UOT_PLAN_D4,0.16,0.6666666666666666,0.25806451612903225,0.16,0.6666666666666666,0.25806451612903225,48,1200,192,1008,96,0.18181818181818185,0.18181818181818185,0,1200,0,e9feb8c11e856b38f105c239c6e49e9317de059b99dbe34f4b5c55eac3fdfdd3,4e5540bd1241281c0a6316a53e1db7b08640000d2c128a1da74fa67e8e970387,unit__Poly__s204__e9feb8c11e85,131,True,8.697524137336503e-12,False,0.7217833504257675,0.7217833504257675,48,ok,Poly__s204,d5cd14d8051263b49b01b10ad36e6033b2ec3219,2733d2f5b24d685ca7eba667932a32a2eb96b43459c7d2e49b30c8af70b6f031,2026-09-17T05:22:49Z__pid12112,
Poly,204,5,0.05,0.5,SUPPORT_PLUS_K_D4,0.19999999999999998,0.8333333333333334,0.3225806451612903,0.2,0.8333333333333334,0.3225806451612903,48,1200,240,960,48,0.26666666666666666,0.26666666666666666,0,1200,0,e9feb8c11e856b38f105c239c6e49e9317de059b99dbe34f4b5c55eac3fdfdd3,4e5540bd1241281c0a6316a53e1db7b08640000d2c128a1da74fa67e8e970387,unit__Poly__s204__e9feb8c11e85,131,True,8.697524137336503e-12,False,0.7217833504257675,0.7217833504257675,48,ok,Poly__s204,d5cd14d8051263b49b01b10ad36e6033b2ec3219,2733d2f5b24d685ca7eba667932a32a2eb96b43459c7d2e49b30c8af70b6f031,2026-09-17T05:22:49Z__pid12112,
Poly,204,7,0.05,0.5,AMOUNT_FREE_COST_D4,0.16497747747747746,1.0,0.28322259136212624,0.16494845360824742,1.0,0.2831858407079646,48,1746,288,1458,0,0.21381578947368418,0.22222222222222224,0,1746,0,e9feb8c11e856b38f105c239c6e49e9317de059b99dbe34f4b5c55eac3fdfdd3,4e5540bd1241281c0a6316a53e1db7b08640000d2c128a1da74fa67e8e970387,unit__Poly__s204__e9feb8c11e85,131,True,8.697524137336503e-12,False,0.7217833504257675,0.7217833504257675,48,ok,Poly__s204,d5cd14d8051263b49b01b10ad36e6033b2ec3219,2733d2f5b24d685ca7eba667932a32a2eb96b43459c7d2e49b30c8af70b6f031,2026-09-17T05:22:49Z__pid12112,
Poly,204,7,0.05,0.5,CONDITIONAL_UOT_D4,0.16629129129129128,1.0,0.2851605758582502,0.16628175519630484,1.0,0.2851485148514851,48,1732,288,1444,0,0.2212475633528265,0.22222222222222224,0,1732,0,e9feb8c11e856b38f105c239c6e49e9317de059b99dbe34f4b5c55eac3fdfdd3,4e5540bd1241281c0a6316a53e1db7b08640000d2c128a1da74fa67e8e970387,unit__Poly__s204__e9feb8c11e85,131,True,8.697524137336503e-12,False,0.7217833504257675,0.7217833504257675,48,ok,Poly__s204,d5cd14d8051263b49b01b10ad36e6033b2ec3219,2733d2f5b24d685ca7eba667932a32a2eb96b43459c7d2e49b30c8af70b6f031,2026-09-17T05:22:49Z__pid12112,
Poly,204,7,0.05,0.5,RAW_UOT_PLAN_D4,0.16647897897897898,1.0,0.28543743078626793,0.16647398843930636,1.0,0.28543111992071357,48,1730,288,1442,0,0.22173489278752437,0.22222222222222224,0,1730,0,e9feb8c11e856b38f105c239c6e49e9317de059b99dbe34f4b5c55eac3fdfdd3,4e5540bd1241281c0a6316a53e1db7b08640000d2c128a1da74fa67e8e970387,unit__Poly__s204__e9feb8c11e85,131,True,8.697524137336503e-12,False,0.7217833504257675,0.7217833504257675,48,ok,Poly__s204,d5cd14d8051263b49b01b10ad36e6033b2ec3219,2733d2f5b24d685ca7eba667932a32a2eb96b43459c7d2e49b30c8af70b6f031,2026-09-17T05:22:49Z__pid12112,
Poly,204,7,0.05,0.5,SUPPORT_PLUS_K_D4,0.16488363363363365,1.0,0.28308416389811736,0.1648540354894104,1.0,0.28304668304668307,48,1747,288,1459,0,0.21381578947368418,0.22222222222222224,0,1747,0,e9feb8c11e856b38f105c239c6e49e9317de059b99dbe34f4b5c55eac3fdfdd3,4e5540bd1241281c0a6316a53e1db7b08640000d2c128a1da74fa67e8e970387,unit__Poly__s204__e9feb8c11e85,131,True,8.697524137336503e-12,False,0.7217833504257675,0.7217833504257675,48,ok,Poly__s204,d5cd14d8051263b49b01b10ad36e6033b2ec3219,2733d2f5b24d685ca7eba667932a32a2eb96b43459c7d2e49b30c8af70b6f031,2026-09-17T05:22:49Z__pid12112,
Poly,204,10,0.05,0.5,AMOUNT_FREE_COST_D4,0.14743589743589744,1.0,0.25615763546798026,0.14285714285714285,1.0,0.25,48,2016,288,1728,0,0.18764568764568765,0.18764568764568765,0,2016,0,e9feb8c11e856b38f105c239c6e49e9317de059b99dbe34f4b5c55eac3fdfdd3,4e5540bd1241281c0a6316a53e1db7b08640000d2c128a1da74fa67e8e970387,unit__Poly__s204__e9feb8c11e85,131,True,8.697524137336503e-12,False,0.7217833504257675,0.7217833504257675,48,ok,Poly__s204,d5cd14d8051263b49b01b10ad36e6033b2ec3219,2733d2f5b24d685ca7eba667932a32a2eb96b43459c7d2e49b30c8af70b6f031,2026-09-17T05:22:49Z__pid12112,
Poly,204,10,0.05,0.5,CONDITIONAL_UOT_D4,0.16204975579975578,1.0,0.27858996768896654,0.16,1.0,0.27586206896551724,48,1800,288,1512,0,0.21566951566951567,0.21586792836792837,0,1800,0,e9feb8c11e856b38f105c239c6e49e9317de059b99dbe34f4b5c55eac3fdfdd3,4e5540bd1241281c0a6316a53e1db7b08640000d2c128a1da74fa67e8e970387,unit__Poly__s204__e9feb8c11e85,131,True,8.697524137336503e-12,False,0.7217833504257675,0.7217833504257675,48,ok,Poly__s204,d5cd14d8051263b49b01b10ad36e6033b2ec3219,2733d2f5b24d685ca7eba667932a32a2eb96b43459c7d2e49b30c8af70b6f031,2026-09-17T05:22:49Z__pid12112,
Poly,204,10,0.05,0.5,RAW_UOT_PLAN_D4,0.1645299145299145,1.0,0.28243021346469616,0.16363636363636364,1.0,0.28125,48,1760,288,1472,0,0.22053872053872056,0.22053872053872056,0,1760,0,e9feb8c11e856b38f105c239c6e49e9317de059b99dbe34f4b5c55eac3fdfdd3,4e5540bd1241281c0a6316a53e1db7b08640000d2c128a1da74fa67e8e970387,unit__Poly__s204__e9feb8c11e85,131,True,8.697524137336503e-12,False,0.7217833504257675,0.7217833504257675,48,ok,Poly__s204,d5cd14d8051263b49b01b10ad36e6033b2ec3219,2733d2f5b24d685ca7eba667932a32a2eb96b43459c7d2e49b30c8af70b6f031,2026-09-17T05:22:49Z__pid12112,
Poly,204,10,0.05,0.5,SUPPORT_PLUS_K_D4,0.14706994394494394,1.0,0.25561682292494303,0.14257425742574256,1.0,0.24956672443674177,48,2020,288,1732,0,0.1888056388056388,0.18949753949753953,0,2020,0,e9feb8c11e856b38f105c239c6e49e9317de059b99dbe34f4b5c55eac3fdfdd3,4e5540bd1241281c0a6316a53e1db7b08640000d2c128a1da74fa67e8e970387,unit__Poly__s204__e9feb8c11e85,131,True,8.697524137336503e-12,False,0.7217833504257675,0.7217833504257675,48,ok,Poly__s204,d5cd14d8051263b49b01b10ad36e6033b2ec3219,2733d2f5b24d685ca7eba667932a32a2eb96b43459c7d2e49b30c8af70b6f031,2026-09-17T05:22:49Z__pid12112,
Poly,204,15,0.05,0.5,AMOUNT_FREE_COST_D4,0.12315917107583774,1.0,0.21696548501767213,0.10921501706484642,1.0,0.19692307692307692,48,2637,288,2349,0,0.15667480667480668,0.15514023014023012,0,2637,0,e9feb8c11e856b38f105c239c6e49e9317de059b99dbe34f4b5c55eac3fdfdd3,4e5540bd1241281c0a6316a53e1db7b08640000d2c128a1da74fa67e8e970387,unit__Poly__s204__e9feb8c11e85,131,True,8.697524137336503e-12,False,0.7217833504257675,0.7217833504257675,48,ok,Poly__s204,d5cd14d8051263b49b01b10ad36e6033b2ec3219,2733d2f5b24d685ca7eba667932a32a2eb96b43459c7d2e49b30c8af70b6f031,2026-09-17T05:22:49Z__pid12112,
Poly,204,15,0.05,0.5,CONDITIONAL_UOT_D4,0.1556657848324515,1.0,0.2682018365817091,0.14545454545454545,1.0,0.25396825396825395,48,1980,288,1692,0,0.20674603174603176,0.20674603174603176,0,1980,0,e9feb8c11e856b38f105c239c6e49e9317de059b99dbe34f4b5c55eac3fdfdd3,4e5540bd1241281c0a6316a53e1db7b08640000d2c128a1da74fa67e8e970387,unit__Poly__s204__e9feb8c11e85,131,True,8.697524137336503e-12,False,0.7217833504257675,0.7217833504257675,48,ok,Poly__s204,d5cd14d8051263b49b01b10ad36e6033b2ec3219,2733d2f5b24d685ca7eba667932a32a2eb96b43459c7d2e49b30c8af70b6f031,2026-09-17T05:22:49Z__pid12112,
Poly,204,15,0.05,0.5,RAW_UOT_PLAN_D4,0.16078035336756266,1.0,0.2764291073241159,0.15584415584415584,1.0,0.2696629213483146,48,1848,288,1560,0,0.21510857583774254,0.21711033950617287,0,1848,0,e9feb8c11e856b38f105c239c6e49e9317de059b99dbe34f4b5c55eac3fdfdd3,4e5540bd1241281c0a6316a53e1db7b08640000d2c128a1da74fa67e8e970387,unit__Poly__s204__e9feb8c11e85,131,True,8.697524137336503e-12,False,0.7217833504257675,0.7217833504257675,48,ok,Poly__s204,d5cd14d8051263b49b01b10ad36e6033b2ec3219,2733d2f5b24d685ca7eba667932a32a2eb96b43459c7d2e49b30c8af70b6f031,2026-09-17T05:22:49Z__pid12112,
Poly,204,15,0.05,0.5,SUPPORT_PLUS_K_D4,0.12718616956819767,1.0,0.223255055443092,0.1119751166407465,1.0,0.2013986013986014,48,2572,288,2284,0,0.1639281202877694,0.16255222174339823,0,2572,0,e9feb8c11e856b38f105c239c6e49e9317de059b99dbe34f4b5c55eac3fdfdd3,4e5540bd1241281c0a6316a53e1db7b08640000d2c128a1da74fa67e8e970387,unit__Poly__s204__e9feb8c11e85,131,True,8.697524137336503e-12,False,0.7217833504257675,0.7217833504257675,48,ok,Poly__s204,d5cd14d8051263b49b01b10ad36e6033b2ec3219,2733d2f5b24d685ca7eba667932a32a2eb96b43459c7d2e49b30c8af70b6f031,2026-09-17T05:22:49Z__pid12112,
Poly,205,2,0.05,0.5,AMOUNT_FREE_COST_D4,0.5,0.3333333333333333,0.39999999999999997,0.5,0.3333333333333333,0.4,48,192,96,96,192,0.6666666666666666,0.0,0,192,0,532893fa98e33e0cbb5c7ce3dfbc67ff83b544bf6759f5ec2c11bf4d7e721bec,7014e3d1fcc44e37626229b77f734def72d75220f147da1e4d2ac7461b690efa,unit__Poly__s205__532893fa98e3,131,True,8.836240353061988e-12,False,0.7151761948192318,0.7151761948192318,48,ok,Poly__s205,d5cd14d8051263b49b01b10ad36e6033b2ec3219,2733d2f5b24d685ca7eba667932a32a2eb96b43459c7d2e49b30c8af70b6f031,2026-09-17T05:22:51Z__pid12112,
Poly,205,2,0.05,0.5,CONDITIONAL_UOT_D4,0.4427083333333333,0.29513888888888884,0.3541666666666667,0.4427083333333333,0.2951388888888889,0.3541666666666667,48,192,85,107,203,0.5694444444444443,0.022222222222222223,0,192,0,532893fa98e33e0cbb5c7ce3dfbc67ff83b544bf6759f5ec2c11bf4d7e721bec,7014e3d1fcc44e37626229b77f734def72d75220f147da1e4d2ac7461b690efa,unit__Poly__s205__532893fa98e3,131,True,8.836240353061988e-12,False,0.7151761948192318,0.7151761948192318,48,ok,Poly__s205,d5cd14d8051263b49b01b10ad36e6033b2ec3219,2733d2f5b24d685ca7eba667932a32a2eb96b43459c7d2e49b30c8af70b6f031,2026-09-17T05:22:51Z__pid12112,
Poly,205,2,0.05,0.5,RAW_UOT_PLAN_D4,0.0,0.0,0.0,0.0,0.0,0.0,48,192,0,192,288,0.0,0.0,0,192,0,532893fa98e33e0cbb5c7ce3dfbc67ff83b544bf6759f5ec2c11bf4d7e721bec,7014e3d1fcc44e37626229b77f734def72d75220f147da1e4d2ac7461b690efa,unit__Poly__s205__532893fa98e3,131,True,8.836240353061988e-12,False,0.7151761948192318,0.7151761948192318,48,ok,Poly__s205,d5cd14d8051263b49b01b10ad36e6033b2ec3219,2733d2f5b24d685ca7eba667932a32a2eb96b43459c7d2e49b30c8af70b6f031,2026-09-17T05:22:51Z__pid12112,
Poly,205,2,0.05,0.5,SUPPORT_PLUS_K_D4,0.5,0.3333333333333333,0.39999999999999997,0.5,0.3333333333333333,0.4,48,192,96,96,192,0.6666666666666666,0.0,0,192,0,532893fa98e33e0cbb5c7ce3dfbc67ff83b544bf6759f5ec2c11bf4d7e721bec,7014e3d1fcc44e37626229b77f734def72d75220f147da1e4d2ac7461b690efa,unit__Poly__s205__532893fa98e3,131,True,8.836240353061988e-12,False,0.7151761948192318,0.7151761948192318,48,ok,Poly__s205,d5cd14d8051263b49b01b10ad36e6033b2ec3219,2733d2f5b24d685ca7eba667932a32a2eb96b43459c7d2e49b30c8af70b6f031,2026-09-17T05:22:51Z__pid12112,
Poly,205,3,0.05,0.5,AMOUNT_FREE_COST_D4,0.4444444444444445,0.6666666666666666,0.5333333333333333,0.4444444444444444,0.6666666666666666,0.5333333333333333,48,432,192,240,96,0.4444444444444445,0.4444444444444445,0,432,0,532893fa98e33e0cbb5c7ce3dfbc67ff83b544bf6759f5ec2c11bf4d7e721bec,7014e3d1fcc44e37626229b77f734def72d75220f147da1e4d2ac7461b690efa,unit__Poly__s205__532893fa98e3,131,True,8.836240353061988e-12,False,0.7151761948192318,0.7151761948192318,48,ok,Poly__s205,d5cd14d8051263b49b01b10ad36e6033b2ec3219,2733d2f5b24d685ca7eba667932a32a2eb96b43459c7d2e49b30c8af70b6f031,2026-09-17T05:22:51Z__pid12112,
Poly,205,3,0.05,0.5,CONDITIONAL_UOT_D4,0.39814814814814814,0.5972222222222222,0.4777777777777777,0.39814814814814814,0.5972222222222222,0.4777777777777778,48,432,172,260,116,0.4065806878306879,0.4048941798941799,0,432,0,532893fa98e33e0cbb5c7ce3dfbc67ff83b544bf6759f5ec2c11bf4d7e721bec,7014e3d1fcc44e37626229b77f734def72d75220f147da1e4d2ac7461b690efa,unit__Poly__s205__532893fa98e3,131,True,8.836240353061988e-12,False,0.7151761948192318,0.7151761948192318,48,ok,Poly__s205,d5cd14d8051263b49b01b10ad36e6033b2ec3219,2733d2f5b24d685ca7eba667932a32a2eb96b43459c7d2e49b30c8af70b6f031,2026-09-17T05:22:51Z__pid12112,
Poly,205,3,0.05,0.5,RAW_UOT_PLAN_D4,0.11111111111111112,0.16666666666666666,0.13333333333333333,0.1111111111111111,0.16666666666666666,0.13333333333333333,48,432,48,384,240,0.0,0.0,0,432,0,532893fa98e33e0cbb5c7ce3dfbc67ff83b544bf6759f5ec2c11bf4d7e721bec,7014e3d1fcc44e37626229b77f734def72d75220f147da1e4d2ac7461b690efa,unit__Poly__s205__532893fa98e3,131,True,8.836240353061988e-12,False,0.7151761948192318,0.7151761948192318,48,ok,Poly__s205,d5cd14d8051263b49b01b10ad36e6033b2ec3219,2733d2f5b24d685ca7eba667932a32a2eb96b43459c7d2e49b30c8af70b6f031,2026-09-17T05:22:51Z__pid12112,
Poly,205,3,0.05,0.5,SUPPORT_PLUS_K_D4,0.4444444444444445,0.6666666666666666,0.5333333333333333,0.4444444444444444,0.6666666666666666,0.5333333333333333,48,432,192,240,96,0.4444444444444445,0.4444444444444445,0,432,0,532893fa98e33e0cbb5c7ce3dfbc67ff83b544bf6759f5ec2c11bf4d7e721bec,7014e3d1fcc44e37626229b77f734def72d75220f147da1e4d2ac7461b690efa,unit__Poly__s205__532893fa98e3,131,True,8.836240353061988e-12,False,0.7151761948192318,0.7151761948192318,48,ok,Poly__s205,d5cd14d8051263b49b01b10ad36e6033b2ec3219,2733d2f5b24d685ca7eba667932a32a2eb96b43459c7d2e49b30c8af70b6f031,2026-09-17T05:22:51Z__pid12112,
Poly,205,5,0.05,0.5,AMOUNT_FREE_COST_D4,0.19999999999999998,0.8333333333333334,0.3225806451612903,0.2,0.8333333333333334,0.3225806451612903,48,1200,240,960,48,0.26666666666666666,0.26666666666666666,0,1200,0,532893fa98e33e0cbb5c7ce3dfbc67ff83b544bf6759f5ec2c11bf4d7e721bec,7014e3d1fcc44e37626229b77f734def72d75220f147da1e4d2ac7461b690efa,unit__Poly__s205__532893fa98e3,131,True,8.836240353061988e-12,False,0.7151761948192318,0.7151761948192318,48,ok,Poly__s205,d5cd14d8051263b49b01b10ad36e6033b2ec3219,2733d2f5b24d685ca7eba667932a32a2eb96b43459c7d2e49b30c8af70b6f031,2026-09-17T05:22:51Z__pid12112,
Poly,205,5,0.05,0.5,CONDITIONAL_UOT_D4,0.1958333333333333,0.8159722222222223,0.31586021505376344,0.19583333333333333,0.8159722222222222,0.31586021505376344,48,1200,235,965,53,0.2679181929181929,0.2583999333999334,0,1200,0,532893fa98e33e0cbb5c7ce3dfbc67ff83b544bf6759f5ec2c11bf4d7e721bec,7014e3d1fcc44e37626229b77f734def72d75220f147da1e4d2ac7461b690efa,unit__Poly__s205__532893fa98e3,131,True,8.836240353061988e-12,False,0.7151761948192318,0.7151761948192318,48,ok,Poly__s205,d5cd14d8051263b49b01b10ad36e6033b2ec3219,2733d2f5b24d685ca7eba667932a32a2eb96b43459c7d2e49b30c8af70b6f031,2026-09-17T05:22:51Z__pid12112,
Poly,205,5,0.05,0.5,RAW_UOT_PLAN_D4,0.16,0.6666666666666666,0.25806451612903225,0.16,0.6666666666666666,0.25806451612903225,48,1200,192,1008,96,0.18181818181818185,0.18181818181818185,0,1200,0,532893fa98e33e0cbb5c7ce3dfbc67ff83b544bf6759f5ec2c11bf4d7e721bec,7014e3d1fcc44e37626229b77f734def72d75220f147da1e4d2ac7461b690efa,unit__Poly__s205__532893fa98e3,131,True,8.836240353061988e-12,False,0.7151761948192318,0.7151761948192318,48,ok,Poly__s205,d5cd14d8051263b49b01b10ad36e6033b2ec3219,2733d2f5b24d685ca7eba667932a32a2eb96b43459c7d2e49b30c8af70b6f031,2026-09-17T05:22:51Z__pid12112,
Poly,205,5,0.05,0.5,SUPPORT_PLUS_K_D4,0.19999999999999998,0.8333333333333334,0.3225806451612903,0.2,0.8333333333333334,0.3225806451612903,48,1200,240,960,48,0.26666666666666666,0.26666666666666666,0,1200,0,532893fa98e33e0cbb5c7ce3dfbc67ff83b544bf6759f5ec2c11bf4d7e721bec,7014e3d1fcc44e37626229b77f734def72d75220f147da1e4d2ac7461b690efa,unit__Poly__s205__532893fa98e3,131,True,8.836240353061988e-12,False,0.7151761948192318,0.7151761948192318,48,ok,Poly__s205,d5cd14d8051263b49b01b10ad36e6033b2ec3219,2733d2f5b24d685ca7eba667932a32a2eb96b43459c7d2e49b30c8af70b6f031,2026-09-17T05:22:51Z__pid12112,
Poly,205,7,0.05,0.5,AMOUNT_FREE_COST_D4,0.16554054054054054,1.0,0.2840531561461794,0.16551724137931034,1.0,0.28402366863905326,48,1740,288,1452,0,0.2165204678362573,0.22222222222222224,0,1740,0,532893fa98e33e0cbb5c7ce3dfbc67ff83b544bf6759f5ec2c11bf4d7e721bec,7014e3d1fcc44e37626229b77f734def72d75220f147da1e4d2ac7461b690efa,unit__Poly__s205__532893fa98e3,131,True,8.836240353061988e-12,False,0.7151761948192318,0.7151761948192318,48,ok,Poly__s205,d5cd14d8051263b49b01b10ad36e6033b2ec3219,2733d2f5b24d685ca7eba667932a32a2eb96b43459c7d2e49b30c8af70b6f031,2026-09-17T05:22:51Z__pid12112,
Poly,205,7,0.05,0.5,CONDITIONAL_UOT_D4,0.16619744744744744,1.0,0.2850221483942414,0.1661858049624928,1.0,0.285007422068283,48,1733,288,1445,0,0.2212475633528265,0.2219785575048733,0,1733,0,532893fa98e33e0cbb5c7ce3dfbc67ff83b544bf6759f5ec2c11bf4d7e721bec,7014e3d1fcc44e37626229b77f734def72d75220f147da1e4d2ac7461b690efa,unit__Poly__s205__532893fa98e3,131,True,8.836240353061988e-12,False,0.7151761948192318,0.7151761948192318,48,ok,Poly__s205,d5cd14d8051263b49b01b10ad36e6033b2ec3219,2733d2f5b24d685ca7eba667932a32a2eb96b43459c7d2e49b30c8af70b6f031,2026-09-17T05:22:51Z__pid12112,
Poly,205,7,0.05,0.5,RAW_UOT_PLAN_D4,0.16647897897897898,1.0,0.28543743078626793,0.16647398843930636,1.0,0.28543111992071357,48,1730,288,1442,0,0.2219785575048733,0.22222222222222224,0,1730,0,532893fa98e33e0cbb5c7ce3dfbc67ff83b544bf6759f5ec2c11bf4d7e721bec,7014e3d1fcc44e37626229b77f734def72d75220f147da1e4d2ac7461b690efa,unit__Poly__s205__532893fa98e3,131,True,8.836240353061988e-12,False,0.7151761948192318,0.7151761948192318,48,ok,Poly__s205,d5cd14d8051263b49b01b10ad36e6033b2ec3219,2733d2f5b24d685ca7eba667932a32a2eb96b43459c7d2e49b30c8af70b6f031,2026-09-17T05:22:51Z__pid12112,
Poly,205,7,0.05,0.5,SUPPORT_PLUS_K_D4,0.16563438438438435,1.0,0.2841915836101882,0.16561242093156986,1.0,0.284163788850518,48,1739,288,1451,0,0.21700779727095512,0.22222222222222224,0,1739,0,532893fa98e33e0cbb5c7ce3dfbc67ff83b544bf6759f5ec2c11bf4d7e721bec,7014e3d1fcc44e37626229b77f734def72d75220f147da1e4d2ac7461b690efa,unit__Poly__s205__532893fa98e3,131,True,8.836240353061988e-12,False,0.7151761948192318,0.7151761948192318,48,ok,Poly__s205,d5cd14d8051263b49b01b10ad36e6033b2ec3219,2733d2f5b24d685ca7eba667932a32a2eb96b43459c7d2e49b30c8af70b6f031,2026-09-17T05:22:51Z__pid12112,
Poly,205,10,0.05,0.5,AMOUNT_FREE_COST_D4,0.15384615384615383,1.0,0.2660098522167487,0.15,1.0,0.2608695652173913,48,1920,288,1632,0,0.19751359751359754,0.1975135975135975,0,1920,0,532893fa98e33e0cbb5c7ce3dfbc67ff83b544bf6759f5ec2c11bf4d7e721bec,7014e3d1fcc44e37626229b77f734def72d75220f147da1e4d2ac7461b690efa,unit__Poly__s205__532893fa98e3,131,True,8.836240353061988e-12,False,0.7151761948192318,0.7151761948192318,48,ok,Poly__s205,d5cd14d8051263b49b01b10ad36e6033b2ec3219,2733d2f5b24d685ca7eba667932a32a2eb96b43459c7d2e49b30c8af70b6f031,2026-09-17T05:22:51Z__pid12112,
Poly,205,10,0.05,0.5,CONDITIONAL_UOT_D4,0.1613247863247863,1.0,0.2775041050903119,0.1592920353982301,1.0,0.2748091603053435,48,1808,288,1520,0,0.21416638916638917,0.21496891996891998,0,1808,0,532893fa98e33e0cbb5c7ce3dfbc67ff83b544bf6759f5ec2c11bf4d7e721bec,7014e3d1fcc44e37626229b77f734def72d75220f147da1e4d2ac7461b690efa,unit__Poly__s205__532893fa98e3,131,True,8.836240353061988e-12,False,0.7151761948192318,0.7151761948192318,48,ok,Poly__s205,d5cd14d8051263b49b01b10ad36e6033b2ec3219,2733d2f5b24d685ca7eba667932a32a2eb96b43459c7d2e49b30c8af70b6f031,2026-09-17T05:22:51Z__pid12112,
Poly,205,10,0.05,0.5,RAW_UOT_PLAN_D4,0.1645299145299145,1.0,0.28243021346469616,0.16363636363636364,1.0,0.28125,48,1760,288,1472,0,0.22053872053872056,0.22053872053872056,0,1760,0,532893fa98e33e0cbb5c7ce3dfbc67ff83b544bf6759f5ec2c11bf4d7e721bec,7014e3d1fcc44e37626229b77f734def72d75220f147da1e4d2ac7461b690efa,unit__Poly__s205__532893fa98e3,131,True,8.836240353061988e-12,False,0.7151761948192318,0.7151761948192318,48,ok,Poly__s205,d5cd14d8051263b49b01b10ad36e6033b2ec3219,2733d2f5b24d685ca7eba667932a32a2eb96b43459c7d2e49b30c8af70b6f031,2026-09-17T05:22:51Z__pid12112,
Poly,205,10,0.05,0.5,SUPPORT_PLUS_K_D4,0.1545711233211233,1.0,0.26709571481540334,0.1506276150627615,1.0,0.26181818181818184,48,1912,288,1624,0,0.19977984977984978,0.19977984977984975,0,1912,0,532893fa98e33e0cbb5c7ce3dfbc67ff83b544bf6759f5ec2c11bf4d7e721bec,7014e3d1fcc44e37626229b77f734def72d75220f147da1e4d2ac7461b690efa,unit__Poly__s205__532893fa98e3,131,True,8.836240353061988e-12,False,0.7151761948192318,0.7151761948192318,48,ok,Poly__s205,d5cd14d8051263b49b01b10ad36e6033b2ec3219,2733d2f5b24d685ca7eba667932a32a2eb96b43459c7d2e49b30c8af70b6f031,2026-09-17T05:22:51Z__pid12112,
Poly,205,15,0.05,0.5,AMOUNT_FREE_COST_D4,0.13386794532627863,1.0,0.23381196491686285,0.11851851851851852,1.0,0.2119205298013245,48,2430,288,2142,0,0.16905525030525026,0.16809455976122642,0,2430,0,532893fa98e33e0cbb5c7ce3dfbc67ff83b544bf6759f5ec2c11bf4d7e721bec,7014e3d1fcc44e37626229b77f734def72d75220f147da1e4d2ac7461b690efa,unit__Poly__s205__532893fa98e3,131,True,8.836240353061988e-12,False,0.7151761948192318,0.7151761948192318,48,ok,Poly__s205,d5cd14d8051263b49b01b10ad36e6033b2ec3219,2733d2f5b24d685ca7eba667932a32a2eb96b43459c7d2e49b30c8af70b6f031,2026-09-17T05:22:51Z__pid12112,
Poly,205,15,0.05,0.5,CONDITIONAL_UOT_D4,0.15402888007054671,1.0,0.265619274216538,0.14307004470938897,1.0,0.2503259452411995,48,2013,288,1725,0,0.2039555352055352,0.2046665888577653,0,2013,0,532893fa98e33e0cbb5c7ce3dfbc67ff83b544bf6759f5ec2c11bf4d7e721bec,7014e3d1fcc44e37626229b77f734def72d75220f147da1e4d2ac7461b690efa,unit__Poly__s205__532893fa98e3,131,True,8.836240353061988e-12,False,0.7151761948192318,0.7151761948192318,48,ok,Poly__s205,d5cd14d8051263b49b01b10ad36e6033b2ec3219,2733d2f5b24d685ca7eba667932a32a2eb96b43459c7d2e49b30c8af70b6f031,2026-09-17T05:22:51Z__pid12112,
Poly,205,15,0.05,0.5,RAW_UOT_PLAN_D4,0.15937715665976535,1.0,0.27421942640692637,0.15335463258785942,1.0,0.2659279778393352,48,1878,288,1590,0,0.21231006647673314,0.21551627384960717,0,1878,0,532893fa98e33e0cbb5c7ce3dfbc67ff83b544bf6759f5ec2c11bf4d7e721bec,7014e3d1fcc44e37626229b77f734def72d75220f147da1e4d2ac7461b690efa,unit__Poly__s205__532893fa98e3,131,True,8.836240353061988e-12,False,0.7151761948192318,0.7151761948192318,48,ok,Poly__s205,d5cd14d8051263b49b01b10ad36e6033b2ec3219,2733d2f5b24d685ca7eba667932a32a2eb96b43459c7d2e49b30c8af70b6f031,2026-09-17T05:22:51Z__pid12112,
Poly,205,15,0.05,0.5,SUPPORT_PLUS_K_D4,0.1360427654105558,1.0,0.23736332763394605,0.12187896741430385,1.0,0.2172764994341758,48,2363,288,2075,0,0.17549888588633325,0.17247084538751203,0,2363,0,532893fa98e33e0cbb5c7ce3dfbc67ff83b544bf6759f5ec2c11bf4d7e721bec,7014e3d1fcc44e37626229b77f734def72d75220f147da1e4d2ac7461b690efa,unit__Poly__s205__532893fa98e3,131,True,8.836240353061988e-12,False,0.7151761948192318,0.7151761948192318,48,ok,Poly__s205,d5cd14d8051263b49b01b10ad36e6033b2ec3219,2733d2f5b24d685ca7eba667932a32a2eb96b43459c7d2e49b30c8af70b6f031,2026-09-17T05:22:51Z__pid12112,
