chain,bridge,flow_id,tx_hashes,address_set,primary_address,token_contracts,token_symbols,asset_group,route_id,start_time,end_time,tx_count,raw_amount_sum,human_amount_sum,usd_amount_sum,aml_score_mean,aml_score_max,evidence_quality_mean,flow_construction_rule
ETH,Poly,eth_flow_0x6597572f17e2__r7fam00__inst00__synth_split_src,0x6597572f17e2eb2ff071ea0df8e0fd35b4bdfa56b5cffec3de80c2ba526fa23f,0x5d285f735998f36631f678ff41fb56a10a4d0429|0x81910675dbaf69dee0fd77570bfd07f8e436386a|0xf29f568f971c043df7079a3121e9de616b8998a3,0x81910675dbaf69dee0fd77570bfd07f8e436386a,0x5d285f735998f36631f678ff41fb56a10a4d0429,MIX,MIX,0x6597572f17e2eb2ff071ea0df8e0fd35b4bdfa56b5cffec3de80c2ba526fa23f_MIX,1653041002,1653041002,1,7.995e+23,799500.0,1.2993031617223123,16.279070,16.279070,0.800000,bridge_deposit_flow
ETH,Poly,eth_flow_0x6597572f17e2__r7fam00__inst00__synth_merge_src1,0x6597572f17e2eb2ff071ea0df8e0fd35b4bdfa56b5cffec3de80c2ba526fa23f,0x5d285f735998f36631f678ff41fb56a10a4d0429|0x81910675dbaf69dee0fd77570bfd07f8e436386a|0xf29f568f971c043df7079a3121e9de616b8998a3,0x81910675dbaf69dee0fd77570bfd07f8e436386a,0x5d285f735998f36631f678ff41fb56a10a4d0429,MIX,MIX,0x6597572f17e2eb2ff071ea0df8e0fd35b4bdfa56b5cffec3de80c2ba526fa23f_MIX,1653041002,1653041002,1,3.9975e+23,399750.0,0.6496515808611562,16.279070,16.279070,0.800000,bridge_deposit_flow
ETH,Poly,eth_flow_0x6597572f17e2__r7fam00__inst00__synth_merge_src2,0x6597572f17e2eb2ff071ea0df8e0fd35b4bdfa56b5cffec3de80c2ba526fa23f,0x5d285f735998f36631f678ff41fb56a10a4d0429|0x81910675dbaf69dee0fd77570bfd07f8e436386a|0xf29f568f971c043df7079a3121e9de616b8998a3,0x81910675dbaf69dee0fd77570bfd07f8e436386a,0x5d285f735998f36631f678ff41fb56a10a4d0429,MIX,MIX,0x6597572f17e2eb2ff071ea0df8e0fd35b4bdfa56b5cffec3de80c2ba526fa23f_MIX,1653041002,1653041002,1,3.9975e+23,399750.0,0.6496515808611562,16.279070,16.279070,0.800000,bridge_deposit_flow
ETH,Poly,eth_flow_0x6597572f17e2__r7fam00__inst00__synth_unmatched_src,0x6597572f17e2eb2ff071ea0df8e0fd35b4bdfa56b5cffec3de80c2ba526fa23f,0x5d285f735998f36631f678ff41fb56a10a4d0429|0x81910675dbaf69dee0fd77570bfd07f8e436386a|0xf29f568f971c043df7079a3121e9de616b8998a3,0x81910675dbaf69dee0fd77570bfd07f8e436386a,0x5d285f735998f36631f678ff41fb56a10a4d0429,MIX,MIX,0x6597572f17e2eb2ff071ea0df8e0fd35b4bdfa56b5cffec3de80c2ba526fa23f_MIX,1653041002,1653041002,1,7.995e+23,799500.0,1.2993031617223123,16.279070,16.279070,0.800000,bridge_deposit_flow
ETH,Poly,eth_flow_0x6597572f17e2__r7fam00__inst00__synth_noise_src_0,0x6597572f17e2eb2ff071ea0df8e0fd35b4bdfa56b5cffec3de80c2ba526fa23f,0x5d285f735998f36631f678ff41fb56a10a4d0429|0x81910675dbaf69dee0fd77570bfd07f8e436386a|0xf29f568f971c043df7079a3121e9de616b8998a3,0x81910675dbaf69dee0fd77570bfd07f8e436386a,0x5d285f735998f36631f678ff41fb56a10a4d0429,MIX,MIX,0x6597572f17e2eb2ff071ea0df8e0fd35b4bdfa56b5cffec3de80c2ba526fa23f_MIX,1653041002,1653041002,1,7.995e+23,799500.0,1.2993031617223123,16.279070,16.279070,0.800000,bridge_deposit_flow
ETH,Poly,eth_flow_0x6597572f17e2__r7fam00__inst00__synth_noise_src_1,0x6597572f17e2eb2ff071ea0df8e0fd35b4bdfa56b5cffec3de80c2ba526fa23f,0x5d285f735998f36631f678ff41fb56a10a4d0429|0x81910675dbaf69dee0fd77570bfd07f8e436386a|0xf29f568f971c043df7079a3121e9de616b8998a3,0x81910675dbaf69dee0fd77570bfd07f8e436386a,0x5d285f735998f36631f678ff41fb56a10a4d0429,MIX,MIX,0x6597572f17e2eb2ff071ea0df8e0fd35b4bdfa56b5cffec3de80c2ba526fa23f_MIX,1653041002,1653041002,1,7.995e+23,799500.0,1.2993031617223123,16.279070,16.279070,0.800000,bridge_deposit_flow
ETH,Poly,eth_flow_0x4c025166d850__r7fam00__inst01__synth_split_src,0x4c025166d85012a830e4e3e9c004af20001af19646eeeb33bc8252480d0564c8,0x5d285f735998f36631f678ff41fb56a10a4d0429|0x81910675dbaf69dee0fd77570bfd07f8e436386a|0xcfc387b2d9bb52200d942752f44a41d658ee82de,0x81910675dbaf69dee0fd77570bfd07f8e436386a,0x5d285f735998f36631f678ff41fb56a10a4d0429,MIX,MIX,0x4c025166d85012a830e4e3e9c004af20001af19646eeeb33bc8252480d0564c8_MIX,1659773650,1659773650,1,1e+24,1000000.0,1.6251446675701215,16.279070,16.279070,0.800000,bridge_deposit_flow
ETH,Poly,eth_flow_0x4c025166d850__r7fam00__inst01__synth_merge_src1,0x4c025166d85012a830e4e3e9c004af20001af19646eeeb33bc8252480d0564c8,0x5d285f735998f36631f678ff41fb56a10a4d0429|0x81910675dbaf69dee0fd77570bfd07f8e436386a|0xcfc387b2d9bb52200d942752f44a41d658ee82de,0x81910675dbaf69dee0fd77570bfd07f8e436386a,0x5d285f735998f36631f678ff41fb56a10a4d0429,MIX,MIX,0x4c025166d85012a830e4e3e9c004af20001af19646eeeb33bc8252480d0564c8_MIX,1659773650,1659773650,1,5e+23,500000.0,0.8125723337850608,16.279070,16.279070,0.800000,bridge_deposit_flow
ETH,Poly,eth_flow_0x4c025166d850__r7fam00__inst01__synth_merge_src2,0x4c025166d85012a830e4e3e9c004af20001af19646eeeb33bc8252480d0564c8,0x5d285f735998f36631f678ff41fb56a10a4d0429|0x81910675dbaf69dee0fd77570bfd07f8e436386a|0xcfc387b2d9bb52200d942752f44a41d658ee82de,0x81910675dbaf69dee0fd77570bfd07f8e436386a,0x5d285f735998f36631f678ff41fb56a10a4d0429,MIX,MIX,0x4c025166d85012a830e4e3e9c004af20001af19646eeeb33bc8252480d0564c8_MIX,1659773650,1659773650,1,5e+23,500000.0,0.8125723337850608,16.279070,16.279070,0.800000,bridge_deposit_flow
ETH,Poly,eth_flow_0x4c025166d850__r7fam00__inst01__synth_unmatched_src,0x4c025166d85012a830e4e3e9c004af20001af19646eeeb33bc8252480d0564c8,0x5d285f735998f36631f678ff41fb56a10a4d0429|0x81910675dbaf69dee0fd77570bfd07f8e436386a|0xcfc387b2d9bb52200d942752f44a41d658ee82de,0x81910675dbaf69dee0fd77570bfd07f8e436386a,0x5d285f735998f36631f678ff41fb56a10a4d0429,MIX,MIX,0x4c025166d85012a830e4e3e9c004af20001af19646eeeb33bc8252480d0564c8_MIX,1659773650,1659773650,1,1e+24,1000000.0,1.6251446675701215,16.279070,16.279070,0.800000,bridge_deposit_flow
ETH,Poly,eth_flow_0x4c025166d850__r7fam00__inst01__synth_noise_src_0,0x4c025166d85012a830e4e3e9c004af20001af19646eeeb33bc8252480d0564c8,0x5d285f735998f36631f678ff41fb56a10a4d0429|0x81910675dbaf69dee0fd77570bfd07f8e436386a|0xcfc387b2d9bb52200d942752f44a41d658ee82de,0x81910675dbaf69dee0fd77570bfd07f8e436386a,0x5d285f735998f36631f678ff41fb56a10a4d0429,MIX,MIX,0x4c025166d85012a830e4e3e9c004af20001af19646eeeb33bc8252480d0564c8_MIX,1659773650,1659773650,1,1e+24,1000000.0,1.6251446675701215,16.279070,16.279070,0.800000,bridge_deposit_flow
ETH,Poly,eth_flow_0x4c025166d850__r7fam00__inst01__synth_noise_src_1,0x4c025166d85012a830e4e3e9c004af20001af19646eeeb33bc8252480d0564c8,0x5d285f735998f36631f678ff41fb56a10a4d0429|0x81910675dbaf69dee0fd77570bfd07f8e436386a|0xcfc387b2d9bb52200d942752f44a41d658ee82de,0x81910675dbaf69dee0fd77570bfd07f8e436386a,0x5d285f735998f36631f678ff41fb56a10a4d0429,MIX,MIX,0x4c025166d85012a830e4e3e9c004af20001af19646eeeb33bc8252480d0564c8_MIX,1659773650,1659773650,1,1e+24,1000000.0,1.6251446675701215,16.279070,16.279070,0.800000,bridge_deposit_flow
ETH,Poly,eth_flow_0x67d5f02ec443__r7fam01__inst00__synth_split_src,0x67d5f02ec4439a26ae7436bfea7ac8f4182817fe91510ccd06f11d926fbaffbe,0x001a8ffcb0f03e99141652ebcdecdb0384e3bd6c|0x81910675dbaf69dee0fd77570bfd07f8e436386a|0xc825dd260adc29b078eb4135679f22adb381488c,0x81910675dbaf69dee0fd77570bfd07f8e436386a,0x001a8ffcb0f03e99141652ebcdecdb0384e3bd6c,PKR,PKR,0x67d5f02ec4439a26ae7436bfea7ac8f4182817fe91510ccd06f11d926fbaffbe_PKR,1646117823,1646117823,1,9.237359873158769e+22,92373.59873158768,2.0311420909994684,16.279070,16.279070,0.800000,bridge_deposit_flow
ETH,Poly,eth_flow_0x67d5f02ec443__r7fam01__inst00__synth_merge_src1,0x67d5f02ec4439a26ae7436bfea7ac8f4182817fe91510ccd06f11d926fbaffbe,0x001a8ffcb0f03e99141652ebcdecdb0384e3bd6c|0x81910675dbaf69dee0fd77570bfd07f8e436386a|0xc825dd260adc29b078eb4135679f22adb381488c,0x81910675dbaf69dee0fd77570bfd07f8e436386a,0x001a8ffcb0f03e99141652ebcdecdb0384e3bd6c,PKR,PKR,0x67d5f02ec4439a26ae7436bfea7ac8f4182817fe91510ccd06f11d926fbaffbe_PKR,1646117823,1646117823,1,4.618679936579384e+22,46186.79936579384,1.0155710454997342,16.279070,16.279070,0.800000,bridge_deposit_flow
ETH,Poly,eth_flow_0x67d5f02ec443__r7fam01__inst00__synth_merge_src2,0x67d5f02ec4439a26ae7436bfea7ac8f4182817fe91510ccd06f11d926fbaffbe,0x001a8ffcb0f03e99141652ebcdecdb0384e3bd6c|0x81910675dbaf69dee0fd77570bfd07f8e436386a|0xc825dd260adc29b078eb4135679f22adb381488c,0x81910675dbaf69dee0fd77570bfd07f8e436386a,0x001a8ffcb0f03e99141652ebcdecdb0384e3bd6c,PKR,PKR,0x67d5f02ec4439a26ae7436bfea7ac8f4182817fe91510ccd06f11d926fbaffbe_PKR,1646117823,1646117823,1,4.618679936579384e+22,46186.79936579384,1.0155710454997342,16.279070,16.279070,0.800000,bridge_deposit_flow
ETH,Poly,eth_flow_0x67d5f02ec443__r7fam01__inst00__synth_unmatched_src,0x67d5f02ec4439a26ae7436bfea7ac8f4182817fe91510ccd06f11d926fbaffbe,0x001a8ffcb0f03e99141652ebcdecdb0384e3bd6c|0x81910675dbaf69dee0fd77570bfd07f8e436386a|0xc825dd260adc29b078eb4135679f22adb381488c,0x81910675dbaf69dee0fd77570bfd07f8e436386a,0x001a8ffcb0f03e99141652ebcdecdb0384e3bd6c,PKR,PKR,0x67d5f02ec4439a26ae7436bfea7ac8f4182817fe91510ccd06f11d926fbaffbe_PKR,1646117823,1646117823,1,9.237359873158769e+22,92373.59873158768,2.0311420909994684,16.279070,16.279070,0.800000,bridge_deposit_flow
ETH,Poly,eth_flow_0x67d5f02ec443__r7fam01__inst00__synth_noise_src_0,0x67d5f02ec4439a26ae7436bfea7ac8f4182817fe91510ccd06f11d926fbaffbe,0x001a8ffcb0f03e99141652ebcdecdb0384e3bd6c|0x81910675dbaf69dee0fd77570bfd07f8e436386a|0xc825dd260adc29b078eb4135679f22adb381488c,0x81910675dbaf69dee0fd77570bfd07f8e436386a,0x001a8ffcb0f03e99141652ebcdecdb0384e3bd6c,PKR,PKR,0x67d5f02ec4439a26ae7436bfea7ac8f4182817fe91510ccd06f11d926fbaffbe_PKR,1646117823,1646117823,1,9.237359873158769e+22,92373.59873158768,2.0311420909994684,16.279070,16.279070,0.800000,bridge_deposit_flow
ETH,Poly,eth_flow_0x67d5f02ec443__r7fam01__inst00__synth_noise_src_1,0x67d5f02ec4439a26ae7436bfea7ac8f4182817fe91510ccd06f11d926fbaffbe,0x001a8ffcb0f03e99141652ebcdecdb0384e3bd6c|0x81910675dbaf69dee0fd77570bfd07f8e436386a|0xc825dd260adc29b078eb4135679f22adb381488c,0x81910675dbaf69dee0fd77570bfd07f8e436386a,0x001a8ffcb0f03e99141652ebcdecdb0384e3bd6c,PKR,PKR,0x67d5f02ec4439a26ae7436bfea7ac8f4182817fe91510ccd06f11d926fbaffbe_PKR,1646117823,1646117823,1,9.237359873158769e+22,92373.59873158768,2.0311420909994684,16.279070,16.279070,0.800000,bridge_deposit_flow
ETH,Poly,eth_flow_0x7658ff039048__r7fam01__inst01__synth_split_src,0x7658ff03904882eea8efb3fbac221f80be9192fbc53260b993276c2d074f7b25,0x5d285f735998f36631f678ff41fb56a10a4d0429|0x7a6a59588b8106045303e1923227a2cefbec2b66|0x81910675dbaf69dee0fd77570bfd07f8e436386a,0x81910675dbaf69dee0fd77570bfd07f8e436386a,0x5d285f735998f36631f678ff41fb56a10a4d0429,MIX,MIX,0x7658ff03904882eea8efb3fbac221f80be9192fbc53260b993276c2d074f7b25_MIX,1643215118,1643215118,1,3.44720117125e+23,344720.117125,0.5602200601498415,16.279070,16.279070,0.800000,bridge_deposit_flow
ETH,Poly,eth_flow_0x7658ff039048__r7fam01__inst01__synth_merge_src1,0x7658ff03904882eea8efb3fbac221f80be9192fbc53260b993276c2d074f7b25,0x5d285f735998f36631f678ff41fb56a10a4d0429|0x7a6a59588b8106045303e1923227a2cefbec2b66|0x81910675dbaf69dee0fd77570bfd07f8e436386a,0x81910675dbaf69dee0fd77570bfd07f8e436386a,0x5d285f735998f36631f678ff41fb56a10a4d0429,MIX,MIX,0x7658ff03904882eea8efb3fbac221f80be9192fbc53260b993276c2d074f7b25_MIX,1643215118,1643215118,1,1.723600585625e+23,172360.0585625,0.28011003007492075,16.279070,16.279070,0.800000,bridge_deposit_flow
ETH,Poly,eth_flow_0x7658ff039048__r7fam01__inst01__synth_merge_src2,0x7658ff03904882eea8efb3fbac221f80be9192fbc53260b993276c2d074f7b25,0x5d285f735998f36631f678ff41fb56a10a4d0429|0x7a6a59588b8106045303e1923227a2cefbec2b66|0x81910675dbaf69dee0fd77570bfd07f8e436386a,0x81910675dbaf69dee0fd77570bfd07f8e436386a,0x5d285f735998f36631f678ff41fb56a10a4d0429,MIX,MIX,0x7658ff03904882eea8efb3fbac221f80be9192fbc53260b993276c2d074f7b25_MIX,1643215118,1643215118,1,1.723600585625e+23,172360.0585625,0.28011003007492075,16.279070,16.279070,0.800000,bridge_deposit_flow
ETH,Poly,eth_flow_0x7658ff039048__r7fam01__inst01__synth_unmatched_src,0x7658ff03904882eea8efb3fbac221f80be9192fbc53260b993276c2d074f7b25,0x5d285f735998f36631f678ff41fb56a10a4d0429|0x7a6a59588b8106045303e1923227a2cefbec2b66|0x81910675dbaf69dee0fd77570bfd07f8e436386a,0x81910675dbaf69dee0fd77570bfd07f8e436386a,0x5d285f735998f36631f678ff41fb56a10a4d0429,MIX,MIX,0x7658ff03904882eea8efb3fbac221f80be9192fbc53260b993276c2d074f7b25_MIX,1643215118,1643215118,1,3.44720117125e+23,344720.117125,0.5602200601498415,16.279070,16.279070,0.800000,bridge_deposit_flow
ETH,Poly,eth_flow_0x7658ff039048__r7fam01__inst01__synth_noise_src_0,0x7658ff03904882eea8efb3fbac221f80be9192fbc53260b993276c2d074f7b25,0x5d285f735998f36631f678ff41fb56a10a4d0429|0x7a6a59588b8106045303e1923227a2cefbec2b66|0x81910675dbaf69dee0fd77570bfd07f8e436386a,0x81910675dbaf69dee0fd77570bfd07f8e436386a,0x5d285f735998f36631f678ff41fb56a10a4d0429,MIX,MIX,0x7658ff03904882eea8efb3fbac221f80be9192fbc53260b993276c2d074f7b25_MIX,1643215118,1643215118,1,3.44720117125e+23,344720.117125,0.5602200601498415,16.279070,16.279070,0.800000,bridge_deposit_flow
ETH,Poly,eth_flow_0x7658ff039048__r7fam01__inst01__synth_noise_src_1,0x7658ff03904882eea8efb3fbac221f80be9192fbc53260b993276c2d074f7b25,0x5d285f735998f36631f678ff41fb56a10a4d0429|0x7a6a59588b8106045303e1923227a2cefbec2b66|0x81910675dbaf69dee0fd77570bfd07f8e436386a,0x81910675dbaf69dee0fd77570bfd07f8e436386a,0x5d285f735998f36631f678ff41fb56a10a4d0429,MIX,MIX,0x7658ff03904882eea8efb3fbac221f80be9192fbc53260b993276c2d074f7b25_MIX,1643215118,1643215118,1,3.44720117125e+23,344720.117125,0.5602200601498415,16.279070,16.279070,0.800000,bridge_deposit_flow
ETH,Poly,eth_flow_0x4931f9b3bb93__r7fam02__inst00__synth_split_src,0x4931f9b3bb9387e4844bd177f5b472ef5900a06d66f931c5687093802a491943,0x5d285f735998f36631f678ff41fb56a10a4d0429|0x81910675dbaf69dee0fd77570bfd07f8e436386a|0xcfc387b2d9bb52200d942752f44a41d658ee82de,0x81910675dbaf69dee0fd77570bfd07f8e436386a,0x5d285f735998f36631f678ff41fb56a10a4d0429,MIX,MIX,0x4931f9b3bb9387e4844bd177f5b472ef5900a06d66f931c5687093802a491943_MIX,1653346306,1653346306,1,1.0014563367e+24,1001456.3367,1.6275114253923133,16.279070,16.279070,0.800000,bridge_deposit_flow
ETH,Poly,eth_flow_0x4931f9b3bb93__r7fam02__inst00__synth_merge_src1,0x4931f9b3bb9387e4844bd177f5b472ef5900a06d66f931c5687093802a491943,0x5d285f735998f36631f678ff41fb56a10a4d0429|0x81910675dbaf69dee0fd77570bfd07f8e436386a|0xcfc387b2d9bb52200d942752f44a41d658ee82de,0x81910675dbaf69dee0fd77570bfd07f8e436386a,0x5d285f735998f36631f678ff41fb56a10a4d0429,MIX,MIX,0x4931f9b3bb9387e4844bd177f5b472ef5900a06d66f931c5687093802a491943_MIX,1653346306,1653346306,1,5.0072816835e+23,500728.16835,0.8137557126961567,16.279070,16.279070,0.800000,bridge_deposit_flow
ETH,Poly,eth_flow_0x4931f9b3bb93__r7fam02__inst00__synth_merge_src2,0x4931f9b3bb9387e4844bd177f5b472ef5900a06d66f931c5687093802a491943,0x5d285f735998f36631f678ff41fb56a10a4d0429|0x81910675dbaf69dee0fd77570bfd07f8e436386a|0xcfc387b2d9bb52200d942752f44a41d658ee82de,0x81910675dbaf69dee0fd77570bfd07f8e436386a,0x5d285f735998f36631f678ff41fb56a10a4d0429,MIX,MIX,0x4931f9b3bb9387e4844bd177f5b472ef5900a06d66f931c5687093802a491943_MIX,1653346306,1653346306,1,5.0072816835e+23,500728.16835,0.8137557126961567,16.279070,16.279070,0.800000,bridge_deposit_flow
ETH,Poly,eth_flow_0x4931f9b3bb93__r7fam02__inst00__synth_unmatched_src,0x4931f9b3bb9387e4844bd177f5b472ef5900a06d66f931c5687093802a491943,0x5d285f735998f36631f678ff41fb56a10a4d0429|0x81910675dbaf69dee0fd77570bfd07f8e436386a|0xcfc387b2d9bb52200d942752f44a41d658ee82de,0x81910675dbaf69dee0fd77570bfd07f8e436386a,0x5d285f735998f36631f678ff41fb56a10a4d0429,MIX,MIX,0x4931f9b3bb9387e4844bd177f5b472ef5900a06d66f931c5687093802a491943_MIX,1653346306,1653346306,1,1.0014563367e+24,1001456.3367,1.6275114253923133,16.279070,16.279070,0.800000,bridge_deposit_flow
ETH,Poly,eth_flow_0x4931f9b3bb93__r7fam02__inst00__synth_noise_src_0,0x4931f9b3bb9387e4844bd177f5b472ef5900a06d66f931c5687093802a491943,0x5d285f735998f36631f678ff41fb56a10a4d0429|0x81910675dbaf69dee0fd77570bfd07f8e436386a|0xcfc387b2d9bb52200d942752f44a41d658ee82de,0x81910675dbaf69dee0fd77570bfd07f8e436386a,0x5d285f735998f36631f678ff41fb56a10a4d0429,MIX,MIX,0x4931f9b3bb9387e4844bd177f5b472ef5900a06d66f931c5687093802a491943_MIX,1653346306,1653346306,1,1.0014563367e+24,1001456.3367,1.6275114253923133,16.279070,16.279070,0.800000,bridge_deposit_flow
ETH,Poly,eth_flow_0x4931f9b3bb93__r7fam02__inst00__synth_noise_src_1,0x4931f9b3bb9387e4844bd177f5b472ef5900a06d66f931c5687093802a491943,0x5d285f735998f36631f678ff41fb56a10a4d0429|0x81910675dbaf69dee0fd77570bfd07f8e436386a|0xcfc387b2d9bb52200d942752f44a41d658ee82de,0x81910675dbaf69dee0fd77570bfd07f8e436386a,0x5d285f735998f36631f678ff41fb56a10a4d0429,MIX,MIX,0x4931f9b3bb9387e4844bd177f5b472ef5900a06d66f931c5687093802a491943_MIX,1653346306,1653346306,1,1.0014563367e+24,1001456.3367,1.6275114253923133,16.279070,16.279070,0.800000,bridge_deposit_flow
ETH,Poly,eth_flow_0x50a6ab824faa__r7fam02__inst01__synth_split_src,0x50a6ab824faab864d2fa1ad69b2ae63eeaf8acf44c4cbdb8ff80d4006c717a75,0x5d285f735998f36631f678ff41fb56a10a4d0429|0x81910675dbaf69dee0fd77570bfd07f8e436386a|0xf2ce52e3d0eb5d237341c9a75ca24647d87d7e55,0x81910675dbaf69dee0fd77570bfd07f8e436386a,0x5d285f735998f36631f678ff41fb56a10a4d0429,MIX,MIX,0x50a6ab824faab864d2fa1ad69b2ae63eeaf8acf44c4cbdb8ff80d4006c717a75_MIX,1659044732,1659044732,1,7.426188451602636e+23,742618.8451602638,1.2068630562492846,16.279070,16.279070,0.800000,bridge_deposit_flow
ETH,Poly,eth_flow_0x50a6ab824faa__r7fam02__inst01__synth_merge_src1,0x50a6ab824faab864d2fa1ad69b2ae63eeaf8acf44c4cbdb8ff80d4006c717a75,0x5d285f735998f36631f678ff41fb56a10a4d0429|0x81910675dbaf69dee0fd77570bfd07f8e436386a|0xf2ce52e3d0eb5d237341c9a75ca24647d87d7e55,0x81910675dbaf69dee0fd77570bfd07f8e436386a,0x5d285f735998f36631f678ff41fb56a10a4d0429,MIX,MIX,0x50a6ab824faab864d2fa1ad69b2ae63eeaf8acf44c4cbdb8ff80d4006c717a75_MIX,1659044732,1659044732,1,3.713094225801318e+23,371309.4225801319,0.6034315281246423,16.279070,16.279070,0.800000,bridge_deposit_flow
ETH,Poly,eth_flow_0x50a6ab824faa__r7fam02__inst01__synth_merge_src2,0x50a6ab824faab864d2fa1ad69b2ae63eeaf8acf44c4cbdb8ff80d4006c717a75,0x5d285f735998f36631f678ff41fb56a10a4d0429|0x81910675dbaf69dee0fd77570bfd07f8e436386a|0xf2ce52e3d0eb5d237341c9a75ca24647d87d7e55,0x81910675dbaf69dee0fd77570bfd07f8e436386a,0x5d285f735998f36631f678ff41fb56a10a4d0429,MIX,MIX,0x50a6ab824faab864d2fa1ad69b2ae63eeaf8acf44c4cbdb8ff80d4006c717a75_MIX,1659044732,1659044732,1,3.713094225801318e+23,371309.4225801319,0.6034315281246423,16.279070,16.279070,0.800000,bridge_deposit_flow
ETH,Poly,eth_flow_0x50a6ab824faa__r7fam02__inst01__synth_unmatched_src,0x50a6ab824faab864d2fa1ad69b2ae63eeaf8acf44c4cbdb8ff80d4006c717a75,0x5d285f735998f36631f678ff41fb56a10a4d0429|0x81910675dbaf69dee0fd77570bfd07f8e436386a|0xf2ce52e3d0eb5d237341c9a75ca24647d87d7e55,0x81910675dbaf69dee0fd77570bfd07f8e436386a,0x5d285f735998f36631f678ff41fb56a10a4d0429,MIX,MIX,0x50a6ab824faab864d2fa1ad69b2ae63eeaf8acf44c4cbdb8ff80d4006c717a75_MIX,1659044732,1659044732,1,7.426188451602636e+23,742618.8451602638,1.2068630562492846,16.279070,16.279070,0.800000,bridge_deposit_flow
ETH,Poly,eth_flow_0x50a6ab824faa__r7fam02__inst01__synth_noise_src_0,0x50a6ab824faab864d2fa1ad69b2ae63eeaf8acf44c4cbdb8ff80d4006c717a75,0x5d285f735998f36631f678ff41fb56a10a4d0429|0x81910675dbaf69dee0fd77570bfd07f8e436386a|0xf2ce52e3d0eb5d237341c9a75ca24647d87d7e55,0x81910675dbaf69dee0fd77570bfd07f8e436386a,0x5d285f735998f36631f678ff41fb56a10a4d0429,MIX,MIX,0x50a6ab824faab864d2fa1ad69b2ae63eeaf8acf44c4cbdb8ff80d4006c717a75_MIX,1659044732,1659044732,1,7.426188451602636e+23,742618.8451602638,1.2068630562492846,16.279070,16.279070,0.800000,bridge_deposit_flow
ETH,Poly,eth_flow_0x50a6ab824faa__r7fam02__inst01__synth_noise_src_1,0x50a6ab824faab864d2fa1ad69b2ae63eeaf8acf44c4cbdb8ff80d4006c717a75,0x5d285f735998f36631f678ff41fb56a10a4d0429|0x81910675dbaf69dee0fd77570bfd07f8e436386a|0xf2ce52e3d0eb5d237341c9a75ca24647d87d7e55,0x81910675dbaf69dee0fd77570bfd07f8e436386a,0x5d285f735998f36631f678ff41fb56a10a4d0429,MIX,MIX,0x50a6ab824faab864d2fa1ad69b2ae63eeaf8acf44c4cbdb8ff80d4006c717a75_MIX,1659044732,1659044732,1,7.426188451602636e+23,742618.8451602638,1.2068630562492846,16.279070,16.279070,0.800000,bridge_deposit_flow
ETH,Poly,eth_flow_0x371d51b89aec__r7fam03__inst00__synth_split_src,0x371d51b89aec65c5fa3a19dd1e367a1eeded8275e1e098348b85b01c33e8addf,0x5d285f735998f36631f678ff41fb56a10a4d0429|0x81910675dbaf69dee0fd77570bfd07f8e436386a|0xcfc387b2d9bb52200d942752f44a41d658ee82de,0x81910675dbaf69dee0fd77570bfd07f8e436386a,0x5d285f735998f36631f678ff41fb56a10a4d0429,MIX,MIX,0x371d51b89aec65c5fa3a19dd1e367a1eeded8275e1e098348b85b01c33e8addf_MIX,1650848133,1650848133,1,4.7341950348352e+23,473419.50348352,0.7693751816099371,16.279070,16.279070,0.800000,bridge_deposit_flow
ETH,Poly,eth_flow_0x371d51b89aec__r7fam03__inst00__synth_merge_src1,0x371d51b89aec65c5fa3a19dd1e367a1eeded8275e1e098348b85b01c33e8addf,0x5d285f735998f36631f678ff41fb56a10a4d0429|0x81910675dbaf69dee0fd77570bfd07f8e436386a|0xcfc387b2d9bb52200d942752f44a41d658ee82de,0x81910675dbaf69dee0fd77570bfd07f8e436386a,0x5d285f735998f36631f678ff41fb56a10a4d0429,MIX,MIX,0x371d51b89aec65c5fa3a19dd1e367a1eeded8275e1e098348b85b01c33e8addf_MIX,1650848133,1650848133,1,2.3670975174176e+23,236709.75174176,0.38468759080496856,16.279070,16.279070,0.800000,bridge_deposit_flow
ETH,Poly,eth_flow_0x371d51b89aec__r7fam03__inst00__synth_merge_src2,0x371d51b89aec65c5fa3a19dd1e367a1eeded8275e1e098348b85b01c33e8addf,0x5d285f735998f36631f678ff41fb56a10a4d0429|0x81910675dbaf69dee0fd77570bfd07f8e436386a|0xcfc387b2d9bb52200d942752f44a41d658ee82de,0x81910675dbaf69dee0fd77570bfd07f8e436386a,0x5d285f735998f36631f678ff41fb56a10a4d0429,MIX,MIX,0x371d51b89aec65c5fa3a19dd1e367a1eeded8275e1e098348b85b01c33e8addf_MIX,1650848133,1650848133,1,2.3670975174176e+23,236709.75174176,0.38468759080496856,16.279070,16.279070,0.800000,bridge_deposit_flow
ETH,Poly,eth_flow_0x371d51b89aec__r7fam03__inst00__synth_unmatched_src,0x371d51b89aec65c5fa3a19dd1e367a1eeded8275e1e098348b85b01c33e8addf,0x5d285f735998f36631f678ff41fb56a10a4d0429|0x81910675dbaf69dee0fd77570bfd07f8e436386a|0xcfc387b2d9bb52200d942752f44a41d658ee82de,0x81910675dbaf69dee0fd77570bfd07f8e436386a,0x5d285f735998f36631f678ff41fb56a10a4d0429,MIX,MIX,0x371d51b89aec65c5fa3a19dd1e367a1eeded8275e1e098348b85b01c33e8addf_MIX,1650848133,1650848133,1,4.7341950348352e+23,473419.50348352,0.7693751816099371,16.279070,16.279070,0.800000,bridge_deposit_flow
ETH,Poly,eth_flow_0x371d51b89aec__r7fam03__inst00__synth_noise_src_0,0x371d51b89aec65c5fa3a19dd1e367a1eeded8275e1e098348b85b01c33e8addf,0x5d285f735998f36631f678ff41fb56a10a4d0429|0x81910675dbaf69dee0fd77570bfd07f8e436386a|0xcfc387b2d9bb52200d942752f44a41d658ee82de,0x81910675dbaf69dee0fd77570bfd07f8e436386a,0x5d285f735998f36631f678ff41fb56a10a4d0429,MIX,MIX,0x371d51b89aec65c5fa3a19dd1e367a1eeded8275e1e098348b85b01c33e8addf_MIX,1650848133,1650848133,1,4.7341950348352e+23,473419.50348352,0.7693751816099371,16.279070,16.279070,0.800000,bridge_deposit_flow
ETH,Poly,eth_flow_0x371d51b89aec__r7fam03__inst00__synth_noise_src_1,0x371d51b89aec65c5fa3a19dd1e367a1eeded8275e1e098348b85b01c33e8addf,0x5d285f735998f36631f678ff41fb56a10a4d0429|0x81910675dbaf69dee0fd77570bfd07f8e436386a|0xcfc387b2d9bb52200d942752f44a41d658ee82de,0x81910675dbaf69dee0fd77570bfd07f8e436386a,0x5d285f735998f36631f678ff41fb56a10a4d0429,MIX,MIX,0x371d51b89aec65c5fa3a19dd1e367a1eeded8275e1e098348b85b01c33e8addf_MIX,1650848133,1650848133,1,4.7341950348352e+23,473419.50348352,0.7693751816099371,16.279070,16.279070,0.800000,bridge_deposit_flow
ETH,Poly,eth_flow_0x06324ae11e7c__r7fam03__inst01__synth_split_src,0x06324ae11e7cbd57129991d0fa9dff83b5c86e889622c4d8bc0d4208bd4cd7f2,0x001a8ffcb0f03e99141652ebcdecdb0384e3bd6c|0x81910675dbaf69dee0fd77570bfd07f8e436386a|0x88f859db067c45b114897db6920f3e4a61a5ca66,0x81910675dbaf69dee0fd77570bfd07f8e436386a,0x001a8ffcb0f03e99141652ebcdecdb0384e3bd6c,PKR,PKR,0x06324ae11e7cbd57129991d0fa9dff83b5c86e889622c4d8bc0d4208bd4cd7f2_PKR,1662370414,1662370414,1,5.423362306386034e+22,54233.62306386034,1.1925073404630468,16.279070,16.279070,0.775000,bridge_deposit_flow
ETH,Poly,eth_flow_0x06324ae11e7c__r7fam03__inst01__synth_merge_src1,0x06324ae11e7cbd57129991d0fa9dff83b5c86e889622c4d8bc0d4208bd4cd7f2,0x001a8ffcb0f03e99141652ebcdecdb0384e3bd6c|0x81910675dbaf69dee0fd77570bfd07f8e436386a|0x88f859db067c45b114897db6920f3e4a61a5ca66,0x81910675dbaf69dee0fd77570bfd07f8e436386a,0x001a8ffcb0f03e99141652ebcdecdb0384e3bd6c,PKR,PKR,0x06324ae11e7cbd57129991d0fa9dff83b5c86e889622c4d8bc0d4208bd4cd7f2_PKR,1662370414,1662370414,1,2.711681153193017e+22,27116.81153193017,0.5962536702315234,16.279070,16.279070,0.775000,bridge_deposit_flow
ETH,Poly,eth_flow_0x06324ae11e7c__r7fam03__inst01__synth_merge_src2,0x06324ae11e7cbd57129991d0fa9dff83b5c86e889622c4d8bc0d4208bd4cd7f2,0x001a8ffcb0f03e99141652ebcdecdb0384e3bd6c|0x81910675dbaf69dee0fd77570bfd07f8e436386a|0x88f859db067c45b114897db6920f3e4a61a5ca66,0x81910675dbaf69dee0fd77570bfd07f8e436386a,0x001a8ffcb0f03e99141652ebcdecdb0384e3bd6c,PKR,PKR,0x06324ae11e7cbd57129991d0fa9dff83b5c86e889622c4d8bc0d4208bd4cd7f2_PKR,1662370414,1662370414,1,2.711681153193017e+22,27116.81153193017,0.5962536702315234,16.279070,16.279070,0.775000,bridge_deposit_flow
ETH,Poly,eth_flow_0x06324ae11e7c__r7fam03__inst01__synth_unmatched_src,0x06324ae11e7cbd57129991d0fa9dff83b5c86e889622c4d8bc0d4208bd4cd7f2,0x001a8ffcb0f03e99141652ebcdecdb0384e3bd6c|0x81910675dbaf69dee0fd77570bfd07f8e436386a|0x88f859db067c45b114897db6920f3e4a61a5ca66,0x81910675dbaf69dee0fd77570bfd07f8e436386a,0x001a8ffcb0f03e99141652ebcdecdb0384e3bd6c,PKR,PKR,0x06324ae11e7cbd57129991d0fa9dff83b5c86e889622c4d8bc0d4208bd4cd7f2_PKR,1662370414,1662370414,1,5.423362306386034e+22,54233.62306386034,1.1925073404630468,16.279070,16.279070,0.775000,bridge_deposit_flow
ETH,Poly,eth_flow_0x06324ae11e7c__r7fam03__inst01__synth_noise_src_0,0x06324ae11e7cbd57129991d0fa9dff83b5c86e889622c4d8bc0d4208bd4cd7f2,0x001a8ffcb0f03e99141652ebcdecdb0384e3bd6c|0x81910675dbaf69dee0fd77570bfd07f8e436386a|0x88f859db067c45b114897db6920f3e4a61a5ca66,0x81910675dbaf69dee0fd77570bfd07f8e436386a,0x001a8ffcb0f03e99141652ebcdecdb0384e3bd6c,PKR,PKR,0x06324ae11e7cbd57129991d0fa9dff83b5c86e889622c4d8bc0d4208bd4cd7f2_PKR,1662370414,1662370414,1,5.423362306386034e+22,54233.62306386034,1.1925073404630468,16.279070,16.279070,0.775000,bridge_deposit_flow
ETH,Poly,eth_flow_0x06324ae11e7c__r7fam03__inst01__synth_noise_src_1,0x06324ae11e7cbd57129991d0fa9dff83b5c86e889622c4d8bc0d4208bd4cd7f2,0x001a8ffcb0f03e99141652ebcdecdb0384e3bd6c|0x81910675dbaf69dee0fd77570bfd07f8e436386a|0x88f859db067c45b114897db6920f3e4a61a5ca66,0x81910675dbaf69dee0fd77570bfd07f8e436386a,0x001a8ffcb0f03e99141652ebcdecdb0384e3bd6c,PKR,PKR,0x06324ae11e7cbd57129991d0fa9dff83b5c86e889622c4d8bc0d4208bd4cd7f2_PKR,1662370414,1662370414,1,5.423362306386034e+22,54233.62306386034,1.1925073404630468,16.279070,16.279070,0.775000,bridge_deposit_flow
ETH,Poly,eth_flow_0x6ee37acb68a4__r7fam04__inst00__synth_split_src,0x6ee37acb68a4c7f252e57d33d6247df6e6e98e2ae8e66348e4baf1196d33c130,0x5d285f735998f36631f678ff41fb56a10a4d0429|0x81910675dbaf69dee0fd77570bfd07f8e436386a|0xd54e4f8a55247487dd7c8c59f14ee5c0c2889477,0x81910675dbaf69dee0fd77570bfd07f8e436386a,0x5d285f735998f36631f678ff41fb56a10a4d0429,MIX,MIX,0x6ee37acb68a4c7f252e57d33d6247df6e6e98e2ae8e66348e4baf1196d33c130_MIX,1671391139,1671391139,1,4.8534617956979846e+23,485346.17956979846,0.7887577556533887,16.279070,16.279070,0.775000,bridge_deposit_flow
ETH,Poly,eth_flow_0x6ee37acb68a4__r7fam04__inst00__synth_merge_src1,0x6ee37acb68a4c7f252e57d33d6247df6e6e98e2ae8e66348e4baf1196d33c130,0x5d285f735998f36631f678ff41fb56a10a4d0429|0x81910675dbaf69dee0fd77570bfd07f8e436386a|0xd54e4f8a55247487dd7c8c59f14ee5c0c2889477,0x81910675dbaf69dee0fd77570bfd07f8e436386a,0x5d285f735998f36631f678ff41fb56a10a4d0429,MIX,MIX,0x6ee37acb68a4c7f252e57d33d6247df6e6e98e2ae8e66348e4baf1196d33c130_MIX,1671391139,1671391139,1,2.4267308978489923e+23,242673.08978489923,0.39437887782669434,16.279070,16.279070,0.775000,bridge_deposit_flow
ETH,Poly,eth_flow_0x6ee37acb68a4__r7fam04__inst00__synth_merge_src2,0x6ee37acb68a4c7f252e57d33d6247df6e6e98e2ae8e66348e4baf1196d33c130,0x5d285f735998f36631f678ff41fb56a10a4d0429|0x81910675dbaf69dee0fd77570bfd07f8e436386a|0xd54e4f8a55247487dd7c8c59f14ee5c0c2889477,0x81910675dbaf69dee0fd77570bfd07f8e436386a,0x5d285f735998f36631f678ff41fb56a10a4d0429,MIX,MIX,0x6ee37acb68a4c7f252e57d33d6247df6e6e98e2ae8e66348e4baf1196d33c130_MIX,1671391139,1671391139,1,2.4267308978489923e+23,242673.08978489923,0.39437887782669434,16.279070,16.279070,0.775000,bridge_deposit_flow
ETH,Poly,eth_flow_0x6ee37acb68a4__r7fam04__inst00__synth_unmatched_src,0x6ee37acb68a4c7f252e57d33d6247df6e6e98e2ae8e66348e4baf1196d33c130,0x5d285f735998f36631f678ff41fb56a10a4d0429|0x81910675dbaf69dee0fd77570bfd07f8e436386a|0xd54e4f8a55247487dd7c8c59f14ee5c0c2889477,0x81910675dbaf69dee0fd77570bfd07f8e436386a,0x5d285f735998f36631f678ff41fb56a10a4d0429,MIX,MIX,0x6ee37acb68a4c7f252e57d33d6247df6e6e98e2ae8e66348e4baf1196d33c130_MIX,1671391139,1671391139,1,4.8534617956979846e+23,485346.17956979846,0.7887577556533887,16.279070,16.279070,0.775000,bridge_deposit_flow
ETH,Poly,eth_flow_0x6ee37acb68a4__r7fam04__inst00__synth_noise_src_0,0x6ee37acb68a4c7f252e57d33d6247df6e6e98e2ae8e66348e4baf1196d33c130,0x5d285f735998f36631f678ff41fb56a10a4d0429|0x81910675dbaf69dee0fd77570bfd07f8e436386a|0xd54e4f8a55247487dd7c8c59f14ee5c0c2889477,0x81910675dbaf69dee0fd77570bfd07f8e436386a,0x5d285f735998f36631f678ff41fb56a10a4d0429,MIX,MIX,0x6ee37acb68a4c7f252e57d33d6247df6e6e98e2ae8e66348e4baf1196d33c130_MIX,1671391139,1671391139,1,4.8534617956979846e+23,485346.17956979846,0.7887577556533887,16.279070,16.279070,0.775000,bridge_deposit_flow
ETH,Poly,eth_flow_0x6ee37acb68a4__r7fam04__inst00__synth_noise_src_1,0x6ee37acb68a4c7f252e57d33d6247df6e6e98e2ae8e66348e4baf1196d33c130,0x5d285f735998f36631f678ff41fb56a10a4d0429|0x81910675dbaf69dee0fd77570bfd07f8e436386a|0xd54e4f8a55247487dd7c8c59f14ee5c0c2889477,0x81910675dbaf69dee0fd77570bfd07f8e436386a,0x5d285f735998f36631f678ff41fb56a10a4d0429,MIX,MIX,0x6ee37acb68a4c7f252e57d33d6247df6e6e98e2ae8e66348e4baf1196d33c130_MIX,1671391139,1671391139,1,4.8534617956979846e+23,485346.17956979846,0.7887577556533887,16.279070,16.279070,0.775000,bridge_deposit_flow
ETH,Poly,eth_flow_0xb896f4ac3209__r7fam04__inst01__synth_split_src,0xb896f4ac32090d43fd46f73185308eaec77f0fd92f65a57dff34b197003c54a6,0x5d285f735998f36631f678ff41fb56a10a4d0429|0x81910675dbaf69dee0fd77570bfd07f8e436386a|0xcfc387b2d9bb52200d942752f44a41d658ee82de,0x81910675dbaf69dee0fd77570bfd07f8e436386a,0x5d285f735998f36631f678ff41fb56a10a4d0429,MIX,MIX,0xb896f4ac32090d43fd46f73185308eaec77f0fd92f65a57dff34b197003c54a6_MIX,1664757515,1664757515,1,8.3266954806392e+23,832669.54806392,1.3532084758841028,16.279070,16.279070,0.775000,bridge_deposit_flow
ETH,Poly,eth_flow_0xb896f4ac3209__r7fam04__inst01__synth_merge_src1,0xb896f4ac32090d43fd46f73185308eaec77f0fd92f65a57dff34b197003c54a6,0x5d285f735998f36631f678ff41fb56a10a4d0429|0x81910675dbaf69dee0fd77570bfd07f8e436386a|0xcfc387b2d9bb52200d942752f44a41d658ee82de,0x81910675dbaf69dee0fd77570bfd07f8e436386a,0x5d285f735998f36631f678ff41fb56a10a4d0429,MIX,MIX,0xb896f4ac32090d43fd46f73185308eaec77f0fd92f65a57dff34b197003c54a6_MIX,1664757515,1664757515,1,4.1633477403196e+23,416334.77403196,0.6766042379420514,16.279070,16.279070,0.775000,bridge_deposit_flow
ETH,Poly,eth_flow_0xb896f4ac3209__r7fam04__inst01__synth_merge_src2,0xb896f4ac32090d43fd46f73185308eaec77f0fd92f65a57dff34b197003c54a6,0x5d285f735998f36631f678ff41fb56a10a4d0429|0x81910675dbaf69dee0fd77570bfd07f8e436386a|0xcfc387b2d9bb52200d942752f44a41d658ee82de,0x81910675dbaf69dee0fd77570bfd07f8e436386a,0x5d285f735998f36631f678ff41fb56a10a4d0429,MIX,MIX,0xb896f4ac32090d43fd46f73185308eaec77f0fd92f65a57dff34b197003c54a6_MIX,1664757515,1664757515,1,4.1633477403196e+23,416334.77403196,0.6766042379420514,16.279070,16.279070,0.775000,bridge_deposit_flow
ETH,Poly,eth_flow_0xb896f4ac3209__r7fam04__inst01__synth_unmatched_src,0xb896f4ac32090d43fd46f73185308eaec77f0fd92f65a57dff34b197003c54a6,0x5d285f735998f36631f678ff41fb56a10a4d0429|0x81910675dbaf69dee0fd77570bfd07f8e436386a|0xcfc387b2d9bb52200d942752f44a41d658ee82de,0x81910675dbaf69dee0fd77570bfd07f8e436386a,0x5d285f735998f36631f678ff41fb56a10a4d0429,MIX,MIX,0xb896f4ac32090d43fd46f73185308eaec77f0fd92f65a57dff34b197003c54a6_MIX,1664757515,1664757515,1,8.3266954806392e+23,832669.54806392,1.3532084758841028,16.279070,16.279070,0.775000,bridge_deposit_flow
ETH,Poly,eth_flow_0xb896f4ac3209__r7fam04__inst01__synth_noise_src_0,0xb896f4ac32090d43fd46f73185308eaec77f0fd92f65a57dff34b197003c54a6,0x5d285f735998f36631f678ff41fb56a10a4d0429|0x81910675dbaf69dee0fd77570bfd07f8e436386a|0xcfc387b2d9bb52200d942752f44a41d658ee82de,0x81910675dbaf69dee0fd77570bfd07f8e436386a,0x5d285f735998f36631f678ff41fb56a10a4d0429,MIX,MIX,0xb896f4ac32090d43fd46f73185308eaec77f0fd92f65a57dff34b197003c54a6_MIX,1664757515,1664757515,1,8.3266954806392e+23,832669.54806392,1.3532084758841028,16.279070,16.279070,0.775000,bridge_deposit_flow
ETH,Poly,eth_flow_0xb896f4ac3209__r7fam04__inst01__synth_noise_src_1,0xb896f4ac32090d43fd46f73185308eaec77f0fd92f65a57dff34b197003c54a6,0x5d285f735998f36631f678ff41fb56a10a4d0429|0x81910675dbaf69dee0fd77570bfd07f8e436386a|0xcfc387b2d9bb52200d942752f44a41d658ee82de,0x81910675dbaf69dee0fd77570bfd07f8e436386a,0x5d285f735998f36631f678ff41fb56a10a4d0429,MIX,MIX,0xb896f4ac32090d43fd46f73185308eaec77f0fd92f65a57dff34b197003c54a6_MIX,1664757515,1664757515,1,8.3266954806392e+23,832669.54806392,1.3532084758841028,16.279070,16.279070,0.775000,bridge_deposit_flow
ETH,Poly,eth_flow_0x52f76a2bedea__r7fam05__inst00__synth_split_src,0x52f76a2bedeaeb563b1bef0ff40401cdf4f020537344e4aaabbec288586c771d,0x001a8ffcb0f03e99141652ebcdecdb0384e3bd6c|0x81910675dbaf69dee0fd77570bfd07f8e436386a|0xd54e4f8a55247487dd7c8c59f14ee5c0c2889477,0x81910675dbaf69dee0fd77570bfd07f8e436386a,0x001a8ffcb0f03e99141652ebcdecdb0384e3bd6c,PKR,PKR,0x52f76a2bedeaeb563b1bef0ff40401cdf4f020537344e4aaabbec288586c771d_PKR,1665881711,1665881711,1,5.422024463104586e+22,54220.24463104586,1.1922131709343695,16.279070,16.279070,0.775000,bridge_deposit_flow
ETH,Poly,eth_flow_0x52f76a2bedea__r7fam05__inst00__synth_merge_src1,0x52f76a2bedeaeb563b1bef0ff40401cdf4f020537344e4aaabbec288586c771d,0x001a8ffcb0f03e99141652ebcdecdb0384e3bd6c|0x81910675dbaf69dee0fd77570bfd07f8e436386a|0xd54e4f8a55247487dd7c8c59f14ee5c0c2889477,0x81910675dbaf69dee0fd77570bfd07f8e436386a,0x001a8ffcb0f03e99141652ebcdecdb0384e3bd6c,PKR,PKR,0x52f76a2bedeaeb563b1bef0ff40401cdf4f020537344e4aaabbec288586c771d_PKR,1665881711,1665881711,1,2.711012231552293e+22,27110.12231552293,0.5961065854671848,16.279070,16.279070,0.775000,bridge_deposit_flow
ETH,Poly,eth_flow_0x52f76a2bedea__r7fam05__inst00__synth_merge_src2,0x52f76a2bedeaeb563b1bef0ff40401cdf4f020537344e4aaabbec288586c771d,0x001a8ffcb0f03e99141652ebcdecdb0384e3bd6c|0x81910675dbaf69dee0fd77570bfd07f8e436386a|0xd54e4f8a55247487dd7c8c59f14ee5c0c2889477,0x81910675dbaf69dee0fd77570bfd07f8e436386a,0x001a8ffcb0f03e99141652ebcdecdb0384e3bd6c,PKR,PKR,0x52f76a2bedeaeb563b1bef0ff40401cdf4f020537344e4aaabbec288586c771d_PKR,1665881711,1665881711,1,2.711012231552293e+22,27110.12231552293,0.5961065854671848,16.279070,16.279070,0.775000,bridge_deposit_flow
ETH,Poly,eth_flow_0x52f76a2bedea__r7fam05__inst00__synth_unmatched_src,0x52f76a2bedeaeb563b1bef0ff40401cdf4f020537344e4aaabbec288586c771d,0x001a8ffcb0f03e99141652ebcdecdb0384e3bd6c|0x81910675dbaf69dee0fd77570bfd07f8e436386a|0xd54e4f8a55247487dd7c8c59f14ee5c0c2889477,0x81910675dbaf69dee0fd77570bfd07f8e436386a,0x001a8ffcb0f03e99141652ebcdecdb0384e3bd6c,PKR,PKR,0x52f76a2bedeaeb563b1bef0ff40401cdf4f020537344e4aaabbec288586c771d_PKR,1665881711,1665881711,1,5.422024463104586e+22,54220.24463104586,1.1922131709343695,16.279070,16.279070,0.775000,bridge_deposit_flow
ETH,Poly,eth_flow_0x52f76a2bedea__r7fam05__inst00__synth_noise_src_0,0x52f76a2bedeaeb563b1bef0ff40401cdf4f020537344e4aaabbec288586c771d,0x001a8ffcb0f03e99141652ebcdecdb0384e3bd6c|0x81910675dbaf69dee0fd77570bfd07f8e436386a|0xd54e4f8a55247487dd7c8c59f14ee5c0c2889477,0x81910675dbaf69dee0fd77570bfd07f8e436386a,0x001a8ffcb0f03e99141652ebcdecdb0384e3bd6c,PKR,PKR,0x52f76a2bedeaeb563b1bef0ff40401cdf4f020537344e4aaabbec288586c771d_PKR,1665881711,1665881711,1,5.422024463104586e+22,54220.24463104586,1.1922131709343695,16.279070,16.279070,0.775000,bridge_deposit_flow
ETH,Poly,eth_flow_0x52f76a2bedea__r7fam05__inst00__synth_noise_src_1,0x52f76a2bedeaeb563b1bef0ff40401cdf4f020537344e4aaabbec288586c771d,0x001a8ffcb0f03e99141652ebcdecdb0384e3bd6c|0x81910675dbaf69dee0fd77570bfd07f8e436386a|0xd54e4f8a55247487dd7c8c59f14ee5c0c2889477,0x81910675dbaf69dee0fd77570bfd07f8e436386a,0x001a8ffcb0f03e99141652ebcdecdb0384e3bd6c,PKR,PKR,0x52f76a2bedeaeb563b1bef0ff40401cdf4f020537344e4aaabbec288586c771d_PKR,1665881711,1665881711,1,5.422024463104586e+22,54220.24463104586,1.1922131709343695,16.279070,16.279070,0.775000,bridge_deposit_flow
ETH,Poly,eth_flow_0x69ce6cf0df55__r7fam05__inst01__synth_split_src,0x69ce6cf0df55fdae8765581843e59fd7d5f7b019d3209af4b6e6db5131749004,0x5d285f735998f36631f678ff41fb56a10a4d0429|0x81910675dbaf69dee0fd77570bfd07f8e436386a|0xcfc387b2d9bb52200d942752f44a41d658ee82de,0x81910675dbaf69dee0fd77570bfd07f8e436386a,0x5d285f735998f36631f678ff41fb56a10a4d0429,MIX,MIX,0x69ce6cf0df55fdae8765581843e59fd7d5f7b019d3209af4b6e6db5131749004_MIX,1666666955,1666666955,1,9.76539231e+23,976539.231,1.5870175239326771,16.279070,16.279070,0.775000,bridge_deposit_flow
ETH,Poly,eth_flow_0x69ce6cf0df55__r7fam05__inst01__synth_merge_src1,0x69ce6cf0df55fdae8765581843e59fd7d5f7b019d3209af4b6e6db5131749004,0x5d285f735998f36631f678ff41fb56a10a4d0429|0x81910675dbaf69dee0fd77570bfd07f8e436386a|0xcfc387b2d9bb52200d942752f44a41d658ee82de,0x81910675dbaf69dee0fd77570bfd07f8e436386a,0x5d285f735998f36631f678ff41fb56a10a4d0429,MIX,MIX,0x69ce6cf0df55fdae8765581843e59fd7d5f7b019d3209af4b6e6db5131749004_MIX,1666666955,1666666955,1,4.882696155e+23,488269.6155,0.7935087619663386,16.279070,16.279070,0.775000,bridge_deposit_flow
ETH,Poly,eth_flow_0x69ce6cf0df55__r7fam05__inst01__synth_merge_src2,0x69ce6cf0df55fdae8765581843e59fd7d5f7b019d3209af4b6e6db5131749004,0x5d285f735998f36631f678ff41fb56a10a4d0429|0x81910675dbaf69dee0fd77570bfd07f8e436386a|0xcfc387b2d9bb52200d942752f44a41d658ee82de,0x81910675dbaf69dee0fd77570bfd07f8e436386a,0x5d285f735998f36631f678ff41fb56a10a4d0429,MIX,MIX,0x69ce6cf0df55fdae8765581843e59fd7d5f7b019d3209af4b6e6db5131749004_MIX,1666666955,1666666955,1,4.882696155e+23,488269.6155,0.7935087619663386,16.279070,16.279070,0.775000,bridge_deposit_flow
ETH,Poly,eth_flow_0x69ce6cf0df55__r7fam05__inst01__synth_unmatched_src,0x69ce6cf0df55fdae8765581843e59fd7d5f7b019d3209af4b6e6db5131749004,0x5d285f735998f36631f678ff41fb56a10a4d0429|0x81910675dbaf69dee0fd77570bfd07f8e436386a|0xcfc387b2d9bb52200d942752f44a41d658ee82de,0x81910675dbaf69dee0fd77570bfd07f8e436386a,0x5d285f735998f36631f678ff41fb56a10a4d0429,MIX,MIX,0x69ce6cf0df55fdae8765581843e59fd7d5f7b019d3209af4b6e6db5131749004_MIX,1666666955,1666666955,1,9.76539231e+23,976539.231,1.5870175239326771,16.279070,16.279070,0.775000,bridge_deposit_flow
ETH,Poly,eth_flow_0x69ce6cf0df55__r7fam05__inst01__synth_noise_src_0,0x69ce6cf0df55fdae8765581843e59fd7d5f7b019d3209af4b6e6db5131749004,0x5d285f735998f36631f678ff41fb56a10a4d0429|0x81910675dbaf69dee0fd77570bfd07f8e436386a|0xcfc387b2d9bb52200d942752f44a41d658ee82de,0x81910675dbaf69dee0fd77570bfd07f8e436386a,0x5d285f735998f36631f678ff41fb56a10a4d0429,MIX,MIX,0x69ce6cf0df55fdae8765581843e59fd7d5f7b019d3209af4b6e6db5131749004_MIX,1666666955,1666666955,1,9.76539231e+23,976539.231,1.5870175239326771,16.279070,16.279070,0.775000,bridge_deposit_flow
ETH,Poly,eth_flow_0x69ce6cf0df55__r7fam05__inst01__synth_noise_src_1,0x69ce6cf0df55fdae8765581843e59fd7d5f7b019d3209af4b6e6db5131749004,0x5d285f735998f36631f678ff41fb56a10a4d0429|0x81910675dbaf69dee0fd77570bfd07f8e436386a|0xcfc387b2d9bb52200d942752f44a41d658ee82de,0x81910675dbaf69dee0fd77570bfd07f8e436386a,0x5d285f735998f36631f678ff41fb56a10a4d0429,MIX,MIX,0x69ce6cf0df55fdae8765581843e59fd7d5f7b019d3209af4b6e6db5131749004_MIX,1666666955,1666666955,1,9.76539231e+23,976539.231,1.5870175239326771,16.279070,16.279070,0.775000,bridge_deposit_flow
ETH,Poly,eth_flow_0x0c6b33f3f3f2__r7fam06__inst00__synth_split_src,0x0c6b33f3f3f2403767e23f06e1d90d603c99580dfa7a2f2bf8218cccd6b78264,0x81910675dbaf69dee0fd77570bfd07f8e436386a|0x92563cbe5cbe14ade8d75cc1c4520852a0d7e009|0x9e32b13ce7f2e80a01932b42553652e053d6ed8e,0x81910675dbaf69dee0fd77570bfd07f8e436386a,0x9e32b13ce7f2e80a01932b42553652e053d6ed8e,Metis,Metis,0x0c6b33f3f3f2403767e23f06e1d90d603c99580dfa7a2f2bf8218cccd6b78264_Metis,1648465213,1648465213,1,7.084945402810669e+18,7.084945402810669,19.266265884980395,11.627907,11.627907,0.800000,bridge_deposit_flow
ETH,Poly,eth_flow_0x0c6b33f3f3f2__r7fam06__inst00__synth_merge_src1,0x0c6b33f3f3f2403767e23f06e1d90d603c99580dfa7a2f2bf8218cccd6b78264,0x81910675dbaf69dee0fd77570bfd07f8e436386a|0x92563cbe5cbe14ade8d75cc1c4520852a0d7e009|0x9e32b13ce7f2e80a01932b42553652e053d6ed8e,0x81910675dbaf69dee0fd77570bfd07f8e436386a,0x9e32b13ce7f2e80a01932b42553652e053d6ed8e,Metis,Metis,0x0c6b33f3f3f2403767e23f06e1d90d603c99580dfa7a2f2bf8218cccd6b78264_Metis,1648465213,1648465213,1,3.5424727014053345e+18,3.5424727014053343,9.633132942490198,11.627907,11.627907,0.800000,bridge_deposit_flow
ETH,Poly,eth_flow_0x0c6b33f3f3f2__r7fam06__inst00__synth_merge_src2,0x0c6b33f3f3f2403767e23f06e1d90d603c99580dfa7a2f2bf8218cccd6b78264,0x81910675dbaf69dee0fd77570bfd07f8e436386a|0x92563cbe5cbe14ade8d75cc1c4520852a0d7e009|0x9e32b13ce7f2e80a01932b42553652e053d6ed8e,0x81910675dbaf69dee0fd77570bfd07f8e436386a,0x9e32b13ce7f2e80a01932b42553652e053d6ed8e,Metis,Metis,0x0c6b33f3f3f2403767e23f06e1d90d603c99580dfa7a2f2bf8218cccd6b78264_Metis,1648465213,1648465213,1,3.5424727014053345e+18,3.5424727014053343,9.633132942490198,11.627907,11.627907,0.800000,bridge_deposit_flow
ETH,Poly,eth_flow_0x0c6b33f3f3f2__r7fam06__inst00__synth_unmatched_src,0x0c6b33f3f3f2403767e23f06e1d90d603c99580dfa7a2f2bf8218cccd6b78264,0x81910675dbaf69dee0fd77570bfd07f8e436386a|0x92563cbe5cbe14ade8d75cc1c4520852a0d7e009|0x9e32b13ce7f2e80a01932b42553652e053d6ed8e,0x81910675dbaf69dee0fd77570bfd07f8e436386a,0x9e32b13ce7f2e80a01932b42553652e053d6ed8e,Metis,Metis,0x0c6b33f3f3f2403767e23f06e1d90d603c99580dfa7a2f2bf8218cccd6b78264_Metis,1648465213,1648465213,1,7.084945402810669e+18,7.084945402810669,19.266265884980395,11.627907,11.627907,0.800000,bridge_deposit_flow
ETH,Poly,eth_flow_0x0c6b33f3f3f2__r7fam06__inst00__synth_noise_src_0,0x0c6b33f3f3f2403767e23f06e1d90d603c99580dfa7a2f2bf8218cccd6b78264,0x81910675dbaf69dee0fd77570bfd07f8e436386a|0x92563cbe5cbe14ade8d75cc1c4520852a0d7e009|0x9e32b13ce7f2e80a01932b42553652e053d6ed8e,0x81910675dbaf69dee0fd77570bfd07f8e436386a,0x9e32b13ce7f2e80a01932b42553652e053d6ed8e,Metis,Metis,0x0c6b33f3f3f2403767e23f06e1d90d603c99580dfa7a2f2bf8218cccd6b78264_Metis,1648465213,1648465213,1,7.084945402810669e+18,7.084945402810669,19.266265884980395,11.627907,11.627907,0.800000,bridge_deposit_flow
ETH,Poly,eth_flow_0x0c6b33f3f3f2__r7fam06__inst00__synth_noise_src_1,0x0c6b33f3f3f2403767e23f06e1d90d603c99580dfa7a2f2bf8218cccd6b78264,0x81910675dbaf69dee0fd77570bfd07f8e436386a|0x92563cbe5cbe14ade8d75cc1c4520852a0d7e009|0x9e32b13ce7f2e80a01932b42553652e053d6ed8e,0x81910675dbaf69dee0fd77570bfd07f8e436386a,0x9e32b13ce7f2e80a01932b42553652e053d6ed8e,Metis,Metis,0x0c6b33f3f3f2403767e23f06e1d90d603c99580dfa7a2f2bf8218cccd6b78264_Metis,1648465213,1648465213,1,7.084945402810669e+18,7.084945402810669,19.266265884980395,11.627907,11.627907,0.800000,bridge_deposit_flow
ETH,Poly,eth_flow_0x0532316f2750__r7fam06__inst01__synth_split_src,0x0532316f2750a0252d587a1485cc065d22e0b2c18d76a3dd2da4124c4ac52b41,0x2280bdcde72eeddaab71acd059201d03bcbeb30d|0x81910675dbaf69dee0fd77570bfd07f8e436386a|0xaf9f549774ecedbd0966c52f250acc548d3f36e5,0x81910675dbaf69dee0fd77570bfd07f8e436386a,0xaf9f549774ecedbd0966c52f250acc548d3f36e5,RFuel,RFuel,0x0532316f2750a0252d587a1485cc065d22e0b2c18d76a3dd2da4124c4ac52b41_RFuel,1651052591,1651052591,1,1.3258193400961308e+22,13258.193400961309,9.288690222227412,16.279070,16.279070,0.800000,bridge_deposit_flow
ETH,Poly,eth_flow_0x0532316f2750__r7fam06__inst01__synth_merge_src1,0x0532316f2750a0252d587a1485cc065d22e0b2c18d76a3dd2da4124c4ac52b41,0x2280bdcde72eeddaab71acd059201d03bcbeb30d|0x81910675dbaf69dee0fd77570bfd07f8e436386a|0xaf9f549774ecedbd0966c52f250acc548d3f36e5,0x81910675dbaf69dee0fd77570bfd07f8e436386a,0xaf9f549774ecedbd0966c52f250acc548d3f36e5,RFuel,RFuel,0x0532316f2750a0252d587a1485cc065d22e0b2c18d76a3dd2da4124c4ac52b41_RFuel,1651052591,1651052591,1,6.629096700480654e+21,6629.096700480654,4.644345111113706,16.279070,16.279070,0.800000,bridge_deposit_flow
ETH,Poly,eth_flow_0x0532316f2750__r7fam06__inst01__synth_merge_src2,0x0532316f2750a0252d587a1485cc065d22e0b2c18d76a3dd2da4124c4ac52b41,0x2280bdcde72eeddaab71acd059201d03bcbeb30d|0x81910675dbaf69dee0fd77570bfd07f8e436386a|0xaf9f549774ecedbd0966c52f250acc548d3f36e5,0x81910675dbaf69dee0fd77570bfd07f8e436386a,0xaf9f549774ecedbd0966c52f250acc548d3f36e5,RFuel,RFuel,0x0532316f2750a0252d587a1485cc065d22e0b2c18d76a3dd2da4124c4ac52b41_RFuel,1651052591,1651052591,1,6.629096700480654e+21,6629.096700480654,4.644345111113706,16.279070,16.279070,0.800000,bridge_deposit_flow
ETH,Poly,eth_flow_0x0532316f2750__r7fam06__inst01__synth_unmatched_src,0x0532316f2750a0252d587a1485cc065d22e0b2c18d76a3dd2da4124c4ac52b41,0x2280bdcde72eeddaab71acd059201d03bcbeb30d|0x81910675dbaf69dee0fd77570bfd07f8e436386a|0xaf9f549774ecedbd0966c52f250acc548d3f36e5,0x81910675dbaf69dee0fd77570bfd07f8e436386a,0xaf9f549774ecedbd0966c52f250acc548d3f36e5,RFuel,RFuel,0x0532316f2750a0252d587a1485cc065d22e0b2c18d76a3dd2da4124c4ac52b41_RFuel,1651052591,1651052591,1,1.3258193400961308e+22,13258.193400961309,9.288690222227412,16.279070,16.279070,0.800000,bridge_deposit_flow
ETH,Poly,eth_flow_0x0532316f2750__r7fam06__inst01__synth_noise_src_0,0x0532316f2750a0252d587a1485cc065d22e0b2c18d76a3dd2da4124c4ac52b41,0x2280bdcde72eeddaab71acd059201d03bcbeb30d|0x81910675dbaf69dee0fd77570bfd07f8e436386a|0xaf9f549774ecedbd0966c52f250acc548d3f36e5,0x81910675dbaf69dee0fd77570bfd07f8e436386a,0xaf9f549774ecedbd0966c52f250acc548d3f36e5,RFuel,RFuel,0x0532316f2750a0252d587a1485cc065d22e0b2c18d76a3dd2da4124c4ac52b41_RFuel,1651052591,1651052591,1,1.3258193400961308e+22,13258.193400961309,9.288690222227412,16.279070,16.279070,0.800000,bridge_deposit_flow
ETH,Poly,eth_flow_0x0532316f2750__r7fam06__inst01__synth_noise_src_1,0x0532316f2750a0252d587a1485cc065d22e0b2c18d76a3dd2da4124c4ac52b41,0x2280bdcde72eeddaab71acd059201d03bcbeb30d|0x81910675dbaf69dee0fd77570bfd07f8e436386a|0xaf9f549774ecedbd0966c52f250acc548d3f36e5,0x81910675dbaf69dee0fd77570bfd07f8e436386a,0xaf9f549774ecedbd0966c52f250acc548d3f36e5,RFuel,RFuel,0x0532316f2750a0252d587a1485cc065d22e0b2c18d76a3dd2da4124c4ac52b41_RFuel,1651052591,1651052591,1,1.3258193400961308e+22,13258.193400961309,9.288690222227412,16.279070,16.279070,0.800000,bridge_deposit_flow
ETH,Poly,eth_flow_0x3dde55d5a22f__r7fam07__inst00__synth_split_src,0x3dde55d5a22f26765da2c027790087370854af00fd895006bb33f41c605a1a13,0x114471c328acbd5ce9cf0fed49c54552323ca16f|0x81910675dbaf69dee0fd77570bfd07f8e436386a|0xaf9f549774ecedbd0966c52f250acc548d3f36e5,0x81910675dbaf69dee0fd77570bfd07f8e436386a,0xaf9f549774ecedbd0966c52f250acc548d3f36e5,RFuel,RFuel,0x3dde55d5a22f26765da2c027790087370854af00fd895006bb33f41c605a1a13_RFuel,1648809325,1648809325,1,2.227588972993173e+22,22275.889729931736,15.606488219641625,16.279070,16.279070,0.800000,bridge_deposit_flow
ETH,Poly,eth_flow_0x3dde55d5a22f__r7fam07__inst00__synth_merge_src1,0x3dde55d5a22f26765da2c027790087370854af00fd895006bb33f41c605a1a13,0x114471c328acbd5ce9cf0fed49c54552323ca16f|0x81910675dbaf69dee0fd77570bfd07f8e436386a|0xaf9f549774ecedbd0966c52f250acc548d3f36e5,0x81910675dbaf69dee0fd77570bfd07f8e436386a,0xaf9f549774ecedbd0966c52f250acc548d3f36e5,RFuel,RFuel,0x3dde55d5a22f26765da2c027790087370854af00fd895006bb33f41c605a1a13_RFuel,1648809325,1648809325,1,1.1137944864965865e+22,11137.944864965868,7.803244109820812,16.279070,16.279070,0.800000,bridge_deposit_flow
ETH,Poly,eth_flow_0x3dde55d5a22f__r7fam07__inst00__synth_merge_src2,0x3dde55d5a22f26765da2c027790087370854af00fd895006bb33f41c605a1a13,0x114471c328acbd5ce9cf0fed49c54552323ca16f|0x81910675dbaf69dee0fd77570bfd07f8e436386a|0xaf9f549774ecedbd0966c52f250acc548d3f36e5,0x81910675dbaf69dee0fd77570bfd07f8e436386a,0xaf9f549774ecedbd0966c52f250acc548d3f36e5,RFuel,RFuel,0x3dde55d5a22f26765da2c027790087370854af00fd895006bb33f41c605a1a13_RFuel,1648809325,1648809325,1,1.1137944864965865e+22,11137.944864965868,7.803244109820812,16.279070,16.279070,0.800000,bridge_deposit_flow
ETH,Poly,eth_flow_0x3dde55d5a22f__r7fam07__inst00__synth_unmatched_src,0x3dde55d5a22f26765da2c027790087370854af00fd895006bb33f41c605a1a13,0x114471c328acbd5ce9cf0fed49c54552323ca16f|0x81910675dbaf69dee0fd77570bfd07f8e436386a|0xaf9f549774ecedbd0966c52f250acc548d3f36e5,0x81910675dbaf69dee0fd77570bfd07f8e436386a,0xaf9f549774ecedbd0966c52f250acc548d3f36e5,RFuel,RFuel,0x3dde55d5a22f26765da2c027790087370854af00fd895006bb33f41c605a1a13_RFuel,1648809325,1648809325,1,2.227588972993173e+22,22275.889729931736,15.606488219641625,16.279070,16.279070,0.800000,bridge_deposit_flow
ETH,Poly,eth_flow_0x3dde55d5a22f__r7fam07__inst00__synth_noise_src_0,0x3dde55d5a22f26765da2c027790087370854af00fd895006bb33f41c605a1a13,0x114471c328acbd5ce9cf0fed49c54552323ca16f|0x81910675dbaf69dee0fd77570bfd07f8e436386a|0xaf9f549774ecedbd0966c52f250acc548d3f36e5,0x81910675dbaf69dee0fd77570bfd07f8e436386a,0xaf9f549774ecedbd0966c52f250acc548d3f36e5,RFuel,RFuel,0x3dde55d5a22f26765da2c027790087370854af00fd895006bb33f41c605a1a13_RFuel,1648809325,1648809325,1,2.227588972993173e+22,22275.889729931736,15.606488219641625,16.279070,16.279070,0.800000,bridge_deposit_flow
ETH,Poly,eth_flow_0x3dde55d5a22f__r7fam07__inst00__synth_noise_src_1,0x3dde55d5a22f26765da2c027790087370854af00fd895006bb33f41c605a1a13,0x114471c328acbd5ce9cf0fed49c54552323ca16f|0x81910675dbaf69dee0fd77570bfd07f8e436386a|0xaf9f549774ecedbd0966c52f250acc548d3f36e5,0x81910675dbaf69dee0fd77570bfd07f8e436386a,0xaf9f549774ecedbd0966c52f250acc548d3f36e5,RFuel,RFuel,0x3dde55d5a22f26765da2c027790087370854af00fd895006bb33f41c605a1a13_RFuel,1648809325,1648809325,1,2.227588972993173e+22,22275.889729931736,15.606488219641625,16.279070,16.279070,0.800000,bridge_deposit_flow
ETH,Poly,eth_flow_0x5f336a95e6d7__r7fam07__inst01__synth_split_src,0x5f336a95e6d75294dedda271ec14a89f697b12726da526fd95dc35a0543a3248,0x81910675dbaf69dee0fd77570bfd07f8e436386a|0x9e32b13ce7f2e80a01932b42553652e053d6ed8e|0xc825dd260adc29b078eb4135679f22adb381488c,0x81910675dbaf69dee0fd77570bfd07f8e436386a,0x9e32b13ce7f2e80a01932b42553652e053d6ed8e,Metis,Metis,0x5f336a95e6d75294dedda271ec14a89f697b12726da526fd95dc35a0543a3248_Metis,1644650787,1644650787,1,2.6264114376244298e+19,26.264114376244297,71.42065069485487,16.279070,16.279070,0.800000,bridge_deposit_flow
ETH,Poly,eth_flow_0x5f336a95e6d7__r7fam07__inst01__synth_merge_src1,0x5f336a95e6d75294dedda271ec14a89f697b12726da526fd95dc35a0543a3248,0x81910675dbaf69dee0fd77570bfd07f8e436386a|0x9e32b13ce7f2e80a01932b42553652e053d6ed8e|0xc825dd260adc29b078eb4135679f22adb381488c,0x81910675dbaf69dee0fd77570bfd07f8e436386a,0x9e32b13ce7f2e80a01932b42553652e053d6ed8e,Metis,Metis,0x5f336a95e6d75294dedda271ec14a89f697b12726da526fd95dc35a0543a3248_Metis,1644650787,1644650787,1,1.3132057188122149e+19,13.132057188122149,35.710325347427435,16.279070,16.279070,0.800000,bridge_deposit_flow
ETH,Poly,eth_flow_0x5f336a95e6d7__r7fam07__inst01__synth_merge_src2,0x5f336a95e6d75294dedda271ec14a89f697b12726da526fd95dc35a0543a3248,0x81910675dbaf69dee0fd77570bfd07f8e436386a|0x9e32b13ce7f2e80a01932b42553652e053d6ed8e|0xc825dd260adc29b078eb4135679f22adb381488c,0x81910675dbaf69dee0fd77570bfd07f8e436386a,0x9e32b13ce7f2e80a01932b42553652e053d6ed8e,Metis,Metis,0x5f336a95e6d75294dedda271ec14a89f697b12726da526fd95dc35a0543a3248_Metis,1644650787,1644650787,1,1.3132057188122149e+19,13.132057188122149,35.710325347427435,16.279070,16.279070,0.800000,bridge_deposit_flow
ETH,Poly,eth_flow_0x5f336a95e6d7__r7fam07__inst01__synth_unmatched_src,0x5f336a95e6d75294dedda271ec14a89f697b12726da526fd95dc35a0543a3248,0x81910675dbaf69dee0fd77570bfd07f8e436386a|0x9e32b13ce7f2e80a01932b42553652e053d6ed8e|0xc825dd260adc29b078eb4135679f22adb381488c,0x81910675dbaf69dee0fd77570bfd07f8e436386a,0x9e32b13ce7f2e80a01932b42553652e053d6ed8e,Metis,Metis,0x5f336a95e6d75294dedda271ec14a89f697b12726da526fd95dc35a0543a3248_Metis,1644650787,1644650787,1,2.6264114376244298e+19,26.264114376244297,71.42065069485487,16.279070,16.279070,0.800000,bridge_deposit_flow
ETH,Poly,eth_flow_0x5f336a95e6d7__r7fam07__inst01__synth_noise_src_0,0x5f336a95e6d75294dedda271ec14a89f697b12726da526fd95dc35a0543a3248,0x81910675dbaf69dee0fd77570bfd07f8e436386a|0x9e32b13ce7f2e80a01932b42553652e053d6ed8e|0xc825dd260adc29b078eb4135679f22adb381488c,0x81910675dbaf69dee0fd77570bfd07f8e436386a,0x9e32b13ce7f2e80a01932b42553652e053d6ed8e,Metis,Metis,0x5f336a95e6d75294dedda271ec14a89f697b12726da526fd95dc35a0543a3248_Metis,1644650787,1644650787,1,2.6264114376244298e+19,26.264114376244297,71.42065069485487,16.279070,16.279070,0.800000,bridge_deposit_flow
ETH,Poly,eth_flow_0x5f336a95e6d7__r7fam07__inst01__synth_noise_src_1,0x5f336a95e6d75294dedda271ec14a89f697b12726da526fd95dc35a0543a3248,0x81910675dbaf69dee0fd77570bfd07f8e436386a|0x9e32b13ce7f2e80a01932b42553652e053d6ed8e|0xc825dd260adc29b078eb4135679f22adb381488c,0x81910675dbaf69dee0fd77570bfd07f8e436386a,0x9e32b13ce7f2e80a01932b42553652e053d6ed8e,Metis,Metis,0x5f336a95e6d75294dedda271ec14a89f697b12726da526fd95dc35a0543a3248_Metis,1644650787,1644650787,1,2.6264114376244298e+19,26.264114376244297,71.42065069485487,16.279070,16.279070,0.800000,bridge_deposit_flow
ETH,Poly,eth_flow_0xd493a4486311__r7fam08__inst00__synth_split_src,0xd493a44863118b5e64d0031fefd8c162a0da1ffef91a7893bfbbd3ab95f05007,0x81910675dbaf69dee0fd77570bfd07f8e436386a|0x9e32b13ce7f2e80a01932b42553652e053d6ed8e|0xd52f8b5a1e828be2b54d7211ecf1f166aee98666,0x81910675dbaf69dee0fd77570bfd07f8e436386a,0x9e32b13ce7f2e80a01932b42553652e053d6ed8e,Metis,Metis,0xd493a44863118b5e64d0031fefd8c162a0da1ffef91a7893bfbbd3ab95f05007_Metis,1644706729,1644706729,1,9.142809146509562e+18,9.142809146509562,24.86226525929251,11.627907,11.627907,0.800000,bridge_deposit_flow
ETH,Poly,eth_flow_0xd493a4486311__r7fam08__inst00__synth_merge_src1,0xd493a44863118b5e64d0031fefd8c162a0da1ffef91a7893bfbbd3ab95f05007,0x81910675dbaf69dee0fd77570bfd07f8e436386a|0x9e32b13ce7f2e80a01932b42553652e053d6ed8e|0xd52f8b5a1e828be2b54d7211ecf1f166aee98666,0x81910675dbaf69dee0fd77570bfd07f8e436386a,0x9e32b13ce7f2e80a01932b42553652e053d6ed8e,Metis,Metis,0xd493a44863118b5e64d0031fefd8c162a0da1ffef91a7893bfbbd3ab95f05007_Metis,1644706729,1644706729,1,4.571404573254781e+18,4.571404573254781,12.431132629646255,11.627907,11.627907,0.800000,bridge_deposit_flow
ETH,Poly,eth_flow_0xd493a4486311__r7fam08__inst00__synth_merge_src2,0xd493a44863118b5e64d0031fefd8c162a0da1ffef91a7893bfbbd3ab95f05007,0x81910675dbaf69dee0fd77570bfd07f8e436386a|0x9e32b13ce7f2e80a01932b42553652e053d6ed8e|0xd52f8b5a1e828be2b54d7211ecf1f166aee98666,0x81910675dbaf69dee0fd77570bfd07f8e436386a,0x9e32b13ce7f2e80a01932b42553652e053d6ed8e,Metis,Metis,0xd493a44863118b5e64d0031fefd8c162a0da1ffef91a7893bfbbd3ab95f05007_Metis,1644706729,1644706729,1,4.571404573254781e+18,4.571404573254781,12.431132629646255,11.627907,11.627907,0.800000,bridge_deposit_flow
ETH,Poly,eth_flow_0xd493a4486311__r7fam08__inst00__synth_unmatched_src,0xd493a44863118b5e64d0031fefd8c162a0da1ffef91a7893bfbbd3ab95f05007,0x81910675dbaf69dee0fd77570bfd07f8e436386a|0x9e32b13ce7f2e80a01932b42553652e053d6ed8e|0xd52f8b5a1e828be2b54d7211ecf1f166aee98666,0x81910675dbaf69dee0fd77570bfd07f8e436386a,0x9e32b13ce7f2e80a01932b42553652e053d6ed8e,Metis,Metis,0xd493a44863118b5e64d0031fefd8c162a0da1ffef91a7893bfbbd3ab95f05007_Metis,1644706729,1644706729,1,9.142809146509562e+18,9.142809146509562,24.86226525929251,11.627907,11.627907,0.800000,bridge_deposit_flow
ETH,Poly,eth_flow_0xd493a4486311__r7fam08__inst00__synth_noise_src_0,0xd493a44863118b5e64d0031fefd8c162a0da1ffef91a7893bfbbd3ab95f05007,0x81910675dbaf69dee0fd77570bfd07f8e436386a|0x9e32b13ce7f2e80a01932b42553652e053d6ed8e|0xd52f8b5a1e828be2b54d7211ecf1f166aee98666,0x81910675dbaf69dee0fd77570bfd07f8e436386a,0x9e32b13ce7f2e80a01932b42553652e053d6ed8e,Metis,Metis,0xd493a44863118b5e64d0031fefd8c162a0da1ffef91a7893bfbbd3ab95f05007_Metis,1644706729,1644706729,1,9.142809146509562e+18,9.142809146509562,24.86226525929251,11.627907,11.627907,0.800000,bridge_deposit_flow
ETH,Poly,eth_flow_0xd493a4486311__r7fam08__inst00__synth_noise_src_1,0xd493a44863118b5e64d0031fefd8c162a0da1ffef91a7893bfbbd3ab95f05007,0x81910675dbaf69dee0fd77570bfd07f8e436386a|0x9e32b13ce7f2e80a01932b42553652e053d6ed8e|0xd52f8b5a1e828be2b54d7211ecf1f166aee98666,0x81910675dbaf69dee0fd77570bfd07f8e436386a,0x9e32b13ce7f2e80a01932b42553652e053d6ed8e,Metis,Metis,0xd493a44863118b5e64d0031fefd8c162a0da1ffef91a7893bfbbd3ab95f05007_Metis,1644706729,1644706729,1,9.142809146509562e+18,9.142809146509562,24.86226525929251,11.627907,11.627907,0.800000,bridge_deposit_flow
ETH,Poly,eth_flow_0xbd1209d2801f__r7fam08__inst01__synth_split_src,0xbd1209d2801fcc92d9fd0742100d12ff2b5ecc22050ce48db7340e903514de99,0x16e75b7b8bea3787da601ba8291fc601f31c800c|0x81910675dbaf69dee0fd77570bfd07f8e436386a|0xaf9f549774ecedbd0966c52f250acc548d3f36e5,0x81910675dbaf69dee0fd77570bfd07f8e436386a,0xaf9f549774ecedbd0966c52f250acc548d3f36e5,RFuel,RFuel,0xbd1209d2801fcc92d9fd0742100d12ff2b5ecc22050ce48db7340e903514de99_RFuel,1651749762,1651749762,1,1.02361e+23,102361.0,71.71411602492395,16.279070,16.279070,0.800000,bridge_deposit_flow
ETH,Poly,eth_flow_0xbd1209d2801f__r7fam08__inst01__synth_merge_src1,0xbd1209d2801fcc92d9fd0742100d12ff2b5ecc22050ce48db7340e903514de99,0x16e75b7b8bea3787da601ba8291fc601f31c800c|0x81910675dbaf69dee0fd77570bfd07f8e436386a|0xaf9f549774ecedbd0966c52f250acc548d3f36e5,0x81910675dbaf69dee0fd77570bfd07f8e436386a,0xaf9f549774ecedbd0966c52f250acc548d3f36e5,RFuel,RFuel,0xbd1209d2801fcc92d9fd0742100d12ff2b5ecc22050ce48db7340e903514de99_RFuel,1651749762,1651749762,1,5.11805e+22,51180.5,35.85705801246198,16.279070,16.279070,0.800000,bridge_deposit_flow
ETH,Poly,eth_flow_0xbd1209d2801f__r7fam08__inst01__synth_merge_src2,0xbd1209d2801fcc92d9fd0742100d12ff2b5ecc22050ce48db7340e903514de99,0x16e75b7b8bea3787da601ba8291fc601f31c800c|0x81910675dbaf69dee0fd77570bfd07f8e436386a|0xaf9f549774ecedbd0966c52f250acc548d3f36e5,0x81910675dbaf69dee0fd77570bfd07f8e436386a,0xaf9f549774ecedbd0966c52f250acc548d3f36e5,RFuel,RFuel,0xbd1209d2801fcc92d9fd0742100d12ff2b5ecc22050ce48db7340e903514de99_RFuel,1651749762,1651749762,1,5.11805e+22,51180.5,35.85705801246198,16.279070,16.279070,0.800000,bridge_deposit_flow
ETH,Poly,eth_flow_0xbd1209d2801f__r7fam08__inst01__synth_unmatched_src,0xbd1209d2801fcc92d9fd0742100d12ff2b5ecc22050ce48db7340e903514de99,0x16e75b7b8bea3787da601ba8291fc601f31c800c|0x81910675dbaf69dee0fd77570bfd07f8e436386a|0xaf9f549774ecedbd0966c52f250acc548d3f36e5,0x81910675dbaf69dee0fd77570bfd07f8e436386a,0xaf9f549774ecedbd0966c52f250acc548d3f36e5,RFuel,RFuel,0xbd1209d2801fcc92d9fd0742100d12ff2b5ecc22050ce48db7340e903514de99_RFuel,1651749762,1651749762,1,1.02361e+23,102361.0,71.71411602492395,16.279070,16.279070,0.800000,bridge_deposit_flow
ETH,Poly,eth_flow_0xbd1209d2801f__r7fam08__inst01__synth_noise_src_0,0xbd1209d2801fcc92d9fd0742100d12ff2b5ecc22050ce48db7340e903514de99,0x16e75b7b8bea3787da601ba8291fc601f31c800c|0x81910675dbaf69dee0fd77570bfd07f8e436386a|0xaf9f549774ecedbd0966c52f250acc548d3f36e5,0x81910675dbaf69dee0fd77570bfd07f8e436386a,0xaf9f549774ecedbd0966c52f250acc548d3f36e5,RFuel,RFuel,0xbd1209d2801fcc92d9fd0742100d12ff2b5ecc22050ce48db7340e903514de99_RFuel,1651749762,1651749762,1,1.02361e+23,102361.0,71.71411602492395,16.279070,16.279070,0.800000,bridge_deposit_flow
ETH,Poly,eth_flow_0xbd1209d2801f__r7fam08__inst01__synth_noise_src_1,0xbd1209d2801fcc92d9fd0742100d12ff2b5ecc22050ce48db7340e903514de99,0x16e75b7b8bea3787da601ba8291fc601f31c800c|0x81910675dbaf69dee0fd77570bfd07f8e436386a|0xaf9f549774ecedbd0966c52f250acc548d3f36e5,0x81910675dbaf69dee0fd77570bfd07f8e436386a,0xaf9f549774ecedbd0966c52f250acc548d3f36e5,RFuel,RFuel,0xbd1209d2801fcc92d9fd0742100d12ff2b5ecc22050ce48db7340e903514de99_RFuel,1651749762,1651749762,1,1.02361e+23,102361.0,71.71411602492395,16.279070,16.279070,0.800000,bridge_deposit_flow
ETH,Poly,eth_flow_0xa03c051a19d7__r7fam09__inst00__synth_split_src,0xa03c051a19d713ed50f03073a68c1480957f3c8da4101093b46abc64ce5231a6,0x001a8ffcb0f03e99141652ebcdecdb0384e3bd6c|0x81910675dbaf69dee0fd77570bfd07f8e436386a|0xb65df2e5274540b7d67a879d28e491bd863c9c7c,0x81910675dbaf69dee0fd77570bfd07f8e436386a,0x001a8ffcb0f03e99141652ebcdecdb0384e3bd6c,PKR,PKR,0xa03c051a19d713ed50f03073a68c1480957f3c8da4101093b46abc64ce5231a6_PKR,1644258797,1644258797,1,1.202418914367816e+24,1202418.9143678162,26.43919584732173,16.279070,16.279070,0.800000,bridge_deposit_flow
ETH,Poly,eth_flow_0xa03c051a19d7__r7fam09__inst00__synth_merge_src1,0xa03c051a19d713ed50f03073a68c1480957f3c8da4101093b46abc64ce5231a6,0x001a8ffcb0f03e99141652ebcdecdb0384e3bd6c|0x81910675dbaf69dee0fd77570bfd07f8e436386a|0xb65df2e5274540b7d67a879d28e491bd863c9c7c,0x81910675dbaf69dee0fd77570bfd07f8e436386a,0x001a8ffcb0f03e99141652ebcdecdb0384e3bd6c,PKR,PKR,0xa03c051a19d713ed50f03073a68c1480957f3c8da4101093b46abc64ce5231a6_PKR,1644258797,1644258797,1,6.01209457183908e+23,601209.4571839081,13.219597923660865,16.279070,16.279070,0.800000,bridge_deposit_flow
ETH,Poly,eth_flow_0xa03c051a19d7__r7fam09__inst00__synth_merge_src2,0xa03c051a19d713ed50f03073a68c1480957f3c8da4101093b46abc64ce5231a6,0x001a8ffcb0f03e99141652ebcdecdb0384e3bd6c|0x81910675dbaf69dee0fd77570bfd07f8e436386a|0xb65df2e5274540b7d67a879d28e491bd863c9c7c,0x81910675dbaf69dee0fd77570bfd07f8e436386a,0x001a8ffcb0f03e99141652ebcdecdb0384e3bd6c,PKR,PKR,0xa03c051a19d713ed50f03073a68c1480957f3c8da4101093b46abc64ce5231a6_PKR,1644258797,1644258797,1,6.01209457183908e+23,601209.4571839081,13.219597923660865,16.279070,16.279070,0.800000,bridge_deposit_flow
ETH,Poly,eth_flow_0xa03c051a19d7__r7fam09__inst00__synth_unmatched_src,0xa03c051a19d713ed50f03073a68c1480957f3c8da4101093b46abc64ce5231a6,0x001a8ffcb0f03e99141652ebcdecdb0384e3bd6c|0x81910675dbaf69dee0fd77570bfd07f8e436386a|0xb65df2e5274540b7d67a879d28e491bd863c9c7c,0x81910675dbaf69dee0fd77570bfd07f8e436386a,0x001a8ffcb0f03e99141652ebcdecdb0384e3bd6c,PKR,PKR,0xa03c051a19d713ed50f03073a68c1480957f3c8da4101093b46abc64ce5231a6_PKR,1644258797,1644258797,1,1.202418914367816e+24,1202418.9143678162,26.43919584732173,16.279070,16.279070,0.800000,bridge_deposit_flow
ETH,Poly,eth_flow_0xa03c051a19d7__r7fam09__inst00__synth_noise_src_0,0xa03c051a19d713ed50f03073a68c1480957f3c8da4101093b46abc64ce5231a6,0x001a8ffcb0f03e99141652ebcdecdb0384e3bd6c|0x81910675dbaf69dee0fd77570bfd07f8e436386a|0xb65df2e5274540b7d67a879d28e491bd863c9c7c,0x81910675dbaf69dee0fd77570bfd07f8e436386a,0x001a8ffcb0f03e99141652ebcdecdb0384e3bd6c,PKR,PKR,0xa03c051a19d713ed50f03073a68c1480957f3c8da4101093b46abc64ce5231a6_PKR,1644258797,1644258797,1,1.202418914367816e+24,1202418.9143678162,26.43919584732173,16.279070,16.279070,0.800000,bridge_deposit_flow
ETH,Poly,eth_flow_0xa03c051a19d7__r7fam09__inst00__synth_noise_src_1,0xa03c051a19d713ed50f03073a68c1480957f3c8da4101093b46abc64ce5231a6,0x001a8ffcb0f03e99141652ebcdecdb0384e3bd6c|0x81910675dbaf69dee0fd77570bfd07f8e436386a|0xb65df2e5274540b7d67a879d28e491bd863c9c7c,0x81910675dbaf69dee0fd77570bfd07f8e436386a,0x001a8ffcb0f03e99141652ebcdecdb0384e3bd6c,PKR,PKR,0xa03c051a19d713ed50f03073a68c1480957f3c8da4101093b46abc64ce5231a6_PKR,1644258797,1644258797,1,1.202418914367816e+24,1202418.9143678162,26.43919584732173,16.279070,16.279070,0.800000,bridge_deposit_flow
ETH,Poly,eth_flow_0xd5717fc37e3b__r7fam09__inst01__synth_split_src,0xd5717fc37e3b640d2b146ed115d1d96e85def7f52d2e94bd9fc0e4dd17b00285,0x81910675dbaf69dee0fd77570bfd07f8e436386a|0xaf9f549774ecedbd0966c52f250acc548d3f36e5|0xd8d55ac0e4c3259ab781814881a90f10db89cc51,0x81910675dbaf69dee0fd77570bfd07f8e436386a,0xaf9f549774ecedbd0966c52f250acc548d3f36e5,RFuel,RFuel,0xd5717fc37e3b640d2b146ed115d1d96e85def7f52d2e94bd9fc0e4dd17b00285_RFuel,1659442801,1659442801,1,2.95683352e+22,29568.3352,20.715575475001643,16.279070,16.279070,0.800000,bridge_deposit_flow
ETH,Poly,eth_flow_0xd5717fc37e3b__r7fam09__inst01__synth_merge_src1,0xd5717fc37e3b640d2b146ed115d1d96e85def7f52d2e94bd9fc0e4dd17b00285,0x81910675dbaf69dee0fd77570bfd07f8e436386a|0xaf9f549774ecedbd0966c52f250acc548d3f36e5|0xd8d55ac0e4c3259ab781814881a90f10db89cc51,0x81910675dbaf69dee0fd77570bfd07f8e436386a,0xaf9f549774ecedbd0966c52f250acc548d3f36e5,RFuel,RFuel,0xd5717fc37e3b640d2b146ed115d1d96e85def7f52d2e94bd9fc0e4dd17b00285_RFuel,1659442801,1659442801,1,1.47841676e+22,14784.1676,10.357787737500821,16.279070,16.279070,0.800000,bridge_deposit_flow
ETH,Poly,eth_flow_0xd5717fc37e3b__r7fam09__inst01__synth_merge_src2,0xd5717fc37e3b640d2b146ed115d1d96e85def7f52d2e94bd9fc0e4dd17b00285,0x81910675dbaf69dee0fd77570bfd07f8e436386a|0xaf9f549774ecedbd0966c52f250acc548d3f36e5|0xd8d55ac0e4c3259ab781814881a90f10db89cc51,0x81910675dbaf69dee0fd77570bfd07f8e436386a,0xaf9f549774ecedbd0966c52f250acc548d3f36e5,RFuel,RFuel,0xd5717fc37e3b640d2b146ed115d1d96e85def7f52d2e94bd9fc0e4dd17b00285_RFuel,1659442801,1659442801,1,1.47841676e+22,14784.1676,10.357787737500821,16.279070,16.279070,0.800000,bridge_deposit_flow
ETH,Poly,eth_flow_0xd5717fc37e3b__r7fam09__inst01__synth_unmatched_src,0xd5717fc37e3b640d2b146ed115d1d96e85def7f52d2e94bd9fc0e4dd17b00285,0x81910675dbaf69dee0fd77570bfd07f8e436386a|0xaf9f549774ecedbd0966c52f250acc548d3f36e5|0xd8d55ac0e4c3259ab781814881a90f10db89cc51,0x81910675dbaf69dee0fd77570bfd07f8e436386a,0xaf9f549774ecedbd0966c52f250acc548d3f36e5,RFuel,RFuel,0xd5717fc37e3b640d2b146ed115d1d96e85def7f52d2e94bd9fc0e4dd17b00285_RFuel,1659442801,1659442801,1,2.95683352e+22,29568.3352,20.715575475001643,16.279070,16.279070,0.800000,bridge_deposit_flow
ETH,Poly,eth_flow_0xd5717fc37e3b__r7fam09__inst01__synth_noise_src_0,0xd5717fc37e3b640d2b146ed115d1d96e85def7f52d2e94bd9fc0e4dd17b00285,0x81910675dbaf69dee0fd77570bfd07f8e436386a|0xaf9f549774ecedbd0966c52f250acc548d3f36e5|0xd8d55ac0e4c3259ab781814881a90f10db89cc51,0x81910675dbaf69dee0fd77570bfd07f8e436386a,0xaf9f549774ecedbd0966c52f250acc548d3f36e5,RFuel,RFuel,0xd5717fc37e3b640d2b146ed115d1d96e85def7f52d2e94bd9fc0e4dd17b00285_RFuel,1659442801,1659442801,1,2.95683352e+22,29568.3352,20.715575475001643,16.279070,16.279070,0.800000,bridge_deposit_flow
ETH,Poly,eth_flow_0xd5717fc37e3b__r7fam09__inst01__synth_noise_src_1,0xd5717fc37e3b640d2b146ed115d1d96e85def7f52d2e94bd9fc0e4dd17b00285,0x81910675dbaf69dee0fd77570bfd07f8e436386a|0xaf9f549774ecedbd0966c52f250acc548d3f36e5|0xd8d55ac0e4c3259ab781814881a90f10db89cc51,0x81910675dbaf69dee0fd77570bfd07f8e436386a,0xaf9f549774ecedbd0966c52f250acc548d3f36e5,RFuel,RFuel,0xd5717fc37e3b640d2b146ed115d1d96e85def7f52d2e94bd9fc0e4dd17b00285_RFuel,1659442801,1659442801,1,2.95683352e+22,29568.3352,20.715575475001643,16.279070,16.279070,0.800000,bridge_deposit_flow
ETH,Poly,eth_flow_0x2312e2859b90__r7fam10__inst00__synth_split_src,0x2312e2859b90a9a1bbf46d3cb3ed455b1fe1f28e1d2401a2ea18c9eda760f874,0x4abb9cc67bd3da9eb966d1159a71a0e68bd15432|0x81910675dbaf69dee0fd77570bfd07f8e436386a|0xd54e4f8a55247487dd7c8c59f14ee5c0c2889477,0x81910675dbaf69dee0fd77570bfd07f8e436386a,0x4abb9cc67bd3da9eb966d1159a71a0e68bd15432,KEL,KEL,0x2312e2859b90a9a1bbf46d3cb3ed455b1fe1f28e1d2401a2ea18c9eda760f874_KEL,1670371571,1670371571,1,5.845913925107994e+22,58459.13925107995,65.41224498308323,16.279070,16.279070,0.775000,bridge_deposit_flow
ETH,Poly,eth_flow_0x2312e2859b90__r7fam10__inst00__synth_merge_src1,0x2312e2859b90a9a1bbf46d3cb3ed455b1fe1f28e1d2401a2ea18c9eda760f874,0x4abb9cc67bd3da9eb966d1159a71a0e68bd15432|0x81910675dbaf69dee0fd77570bfd07f8e436386a|0xd54e4f8a55247487dd7c8c59f14ee5c0c2889477,0x81910675dbaf69dee0fd77570bfd07f8e436386a,0x4abb9cc67bd3da9eb966d1159a71a0e68bd15432,KEL,KEL,0x2312e2859b90a9a1bbf46d3cb3ed455b1fe1f28e1d2401a2ea18c9eda760f874_KEL,1670371571,1670371571,1,2.922956962553997e+22,29229.569625539974,32.70612249154161,16.279070,16.279070,0.775000,bridge_deposit_flow
ETH,Poly,eth_flow_0x2312e2859b90__r7fam10__inst00__synth_merge_src2,0x2312e2859b90a9a1bbf46d3cb3ed455b1fe1f28e1d2401a2ea18c9eda760f874,0x4abb9cc67bd3da9eb966d1159a71a0e68bd15432|0x81910675dbaf69dee0fd77570bfd07f8e436386a|0xd54e4f8a55247487dd7c8c59f14ee5c0c2889477,0x81910675dbaf69dee0fd77570bfd07f8e436386a,0x4abb9cc67bd3da9eb966d1159a71a0e68bd15432,KEL,KEL,0x2312e2859b90a9a1bbf46d3cb3ed455b1fe1f28e1d2401a2ea18c9eda760f874_KEL,1670371571,1670371571,1,2.922956962553997e+22,29229.569625539974,32.70612249154161,16.279070,16.279070,0.775000,bridge_deposit_flow
ETH,Poly,eth_flow_0x2312e2859b90__r7fam10__inst00__synth_unmatched_src,0x2312e2859b90a9a1bbf46d3cb3ed455b1fe1f28e1d2401a2ea18c9eda760f874,0x4abb9cc67bd3da9eb966d1159a71a0e68bd15432|0x81910675dbaf69dee0fd77570bfd07f8e436386a|0xd54e4f8a55247487dd7c8c59f14ee5c0c2889477,0x81910675dbaf69dee0fd77570bfd07f8e436386a,0x4abb9cc67bd3da9eb966d1159a71a0e68bd15432,KEL,KEL,0x2312e2859b90a9a1bbf46d3cb3ed455b1fe1f28e1d2401a2ea18c9eda760f874_KEL,1670371571,1670371571,1,5.845913925107994e+22,58459.13925107995,65.41224498308323,16.279070,16.279070,0.775000,bridge_deposit_flow
ETH,Poly,eth_flow_0x2312e2859b90__r7fam10__inst00__synth_noise_src_0,0x2312e2859b90a9a1bbf46d3cb3ed455b1fe1f28e1d2401a2ea18c9eda760f874,0x4abb9cc67bd3da9eb966d1159a71a0e68bd15432|0x81910675dbaf69dee0fd77570bfd07f8e436386a|0xd54e4f8a55247487dd7c8c59f14ee5c0c2889477,0x81910675dbaf69dee0fd77570bfd07f8e436386a,0x4abb9cc67bd3da9eb966d1159a71a0e68bd15432,KEL,KEL,0x2312e2859b90a9a1bbf46d3cb3ed455b1fe1f28e1d2401a2ea18c9eda760f874_KEL,1670371571,1670371571,1,5.845913925107994e+22,58459.13925107995,65.41224498308323,16.279070,16.279070,0.775000,bridge_deposit_flow
ETH,Poly,eth_flow_0x2312e2859b90__r7fam10__inst00__synth_noise_src_1,0x2312e2859b90a9a1bbf46d3cb3ed455b1fe1f28e1d2401a2ea18c9eda760f874,0x4abb9cc67bd3da9eb966d1159a71a0e68bd15432|0x81910675dbaf69dee0fd77570bfd07f8e436386a|0xd54e4f8a55247487dd7c8c59f14ee5c0c2889477,0x81910675dbaf69dee0fd77570bfd07f8e436386a,0x4abb9cc67bd3da9eb966d1159a71a0e68bd15432,KEL,KEL,0x2312e2859b90a9a1bbf46d3cb3ed455b1fe1f28e1d2401a2ea18c9eda760f874_KEL,1670371571,1670371571,1,5.845913925107994e+22,58459.13925107995,65.41224498308323,16.279070,16.279070,0.775000,bridge_deposit_flow
ETH,Poly,eth_flow_0x54272cd072e6__r7fam10__inst01__synth_split_src,0x54272cd072e6bf02657bd4096407e0a90974f2bce41cf3eaa3d920328f5d6a88,0x65a8f07bd9a8598e1b5b6c0a88f4779dbc077675|0x81910675dbaf69dee0fd77570bfd07f8e436386a|0xaf9f549774ecedbd0966c52f250acc548d3f36e5,0x81910675dbaf69dee0fd77570bfd07f8e436386a,0xaf9f549774ecedbd0966c52f250acc548d3f36e5,RFuel,RFuel,0x54272cd072e6bf02657bd4096407e0a90974f2bce41cf3eaa3d920328f5d6a88_RFuel,1667875691,1667875691,1,9.381369690276417e+22,93813.6969027642,65.72587552302029,16.279070,16.279070,0.775000,bridge_deposit_flow
ETH,Poly,eth_flow_0x54272cd072e6__r7fam10__inst01__synth_merge_src1,0x54272cd072e6bf02657bd4096407e0a90974f2bce41cf3eaa3d920328f5d6a88,0x65a8f07bd9a8598e1b5b6c0a88f4779dbc077675|0x81910675dbaf69dee0fd77570bfd07f8e436386a|0xaf9f549774ecedbd0966c52f250acc548d3f36e5,0x81910675dbaf69dee0fd77570bfd07f8e436386a,0xaf9f549774ecedbd0966c52f250acc548d3f36e5,RFuel,RFuel,0x54272cd072e6bf02657bd4096407e0a90974f2bce41cf3eaa3d920328f5d6a88_RFuel,1667875691,1667875691,1,4.6906848451382085e+22,46906.8484513821,32.862937761510146,16.279070,16.279070,0.775000,bridge_deposit_flow
ETH,Poly,eth_flow_0x54272cd072e6__r7fam10__inst01__synth_merge_src2,0x54272cd072e6bf02657bd4096407e0a90974f2bce41cf3eaa3d920328f5d6a88,0x65a8f07bd9a8598e1b5b6c0a88f4779dbc077675|0x81910675dbaf69dee0fd77570bfd07f8e436386a|0xaf9f549774ecedbd0966c52f250acc548d3f36e5,0x81910675dbaf69dee0fd77570bfd07f8e436386a,0xaf9f549774ecedbd0966c52f250acc548d3f36e5,RFuel,RFuel,0x54272cd072e6bf02657bd4096407e0a90974f2bce41cf3eaa3d920328f5d6a88_RFuel,1667875691,1667875691,1,4.6906848451382085e+22,46906.8484513821,32.862937761510146,16.279070,16.279070,0.775000,bridge_deposit_flow
ETH,Poly,eth_flow_0x54272cd072e6__r7fam10__inst01__synth_unmatched_src,0x54272cd072e6bf02657bd4096407e0a90974f2bce41cf3eaa3d920328f5d6a88,0x65a8f07bd9a8598e1b5b6c0a88f4779dbc077675|0x81910675dbaf69dee0fd77570bfd07f8e436386a|0xaf9f549774ecedbd0966c52f250acc548d3f36e5,0x81910675dbaf69dee0fd77570bfd07f8e436386a,0xaf9f549774ecedbd0966c52f250acc548d3f36e5,RFuel,RFuel,0x54272cd072e6bf02657bd4096407e0a90974f2bce41cf3eaa3d920328f5d6a88_RFuel,1667875691,1667875691,1,9.381369690276417e+22,93813.6969027642,65.72587552302029,16.279070,16.279070,0.775000,bridge_deposit_flow
ETH,Poly,eth_flow_0x54272cd072e6__r7fam10__inst01__synth_noise_src_0,0x54272cd072e6bf02657bd4096407e0a90974f2bce41cf3eaa3d920328f5d6a88,0x65a8f07bd9a8598e1b5b6c0a88f4779dbc077675|0x81910675dbaf69dee0fd77570bfd07f8e436386a|0xaf9f549774ecedbd0966c52f250acc548d3f36e5,0x81910675dbaf69dee0fd77570bfd07f8e436386a,0xaf9f549774ecedbd0966c52f250acc548d3f36e5,RFuel,RFuel,0x54272cd072e6bf02657bd4096407e0a90974f2bce41cf3eaa3d920328f5d6a88_RFuel,1667875691,1667875691,1,9.381369690276417e+22,93813.6969027642,65.72587552302029,16.279070,16.279070,0.775000,bridge_deposit_flow
ETH,Poly,eth_flow_0x54272cd072e6__r7fam10__inst01__synth_noise_src_1,0x54272cd072e6bf02657bd4096407e0a90974f2bce41cf3eaa3d920328f5d6a88,0x65a8f07bd9a8598e1b5b6c0a88f4779dbc077675|0x81910675dbaf69dee0fd77570bfd07f8e436386a|0xaf9f549774ecedbd0966c52f250acc548d3f36e5,0x81910675dbaf69dee0fd77570bfd07f8e436386a,0xaf9f549774ecedbd0966c52f250acc548d3f36e5,RFuel,RFuel,0x54272cd072e6bf02657bd4096407e0a90974f2bce41cf3eaa3d920328f5d6a88_RFuel,1667875691,1667875691,1,9.381369690276417e+22,93813.6969027642,65.72587552302029,16.279070,16.279070,0.775000,bridge_deposit_flow
ETH,Poly,eth_flow_0x5e0cb0c18eff__r7fam11__inst00__synth_split_src,0x5e0cb0c18effe3e9349c19af814a3f72f3a3f55c2ab5bbd0b44492ebd3e41831,0x81910675dbaf69dee0fd77570bfd07f8e436386a|0x9e32b13ce7f2e80a01932b42553652e053d6ed8e|0xf3d9c36ecc431c9ccf4cc8fca8863021921ccc7c,0x81910675dbaf69dee0fd77570bfd07f8e436386a,0x9e32b13ce7f2e80a01932b42553652e053d6ed8e,Metis,Metis,0x5e0cb0c18effe3e9349c19af814a3f72f3a3f55c2ab5bbd0b44492ebd3e41831_Metis,1663592039,1663592039,1,2.5e+19,25.0,67.98311345256548,16.279070,16.279070,0.775000,bridge_deposit_flow
ETH,Poly,eth_flow_0x5e0cb0c18eff__r7fam11__inst00__synth_merge_src1,0x5e0cb0c18effe3e9349c19af814a3f72f3a3f55c2ab5bbd0b44492ebd3e41831,0x81910675dbaf69dee0fd77570bfd07f8e436386a|0x9e32b13ce7f2e80a01932b42553652e053d6ed8e|0xf3d9c36ecc431c9ccf4cc8fca8863021921ccc7c,0x81910675dbaf69dee0fd77570bfd07f8e436386a,0x9e32b13ce7f2e80a01932b42553652e053d6ed8e,Metis,Metis,0x5e0cb0c18effe3e9349c19af814a3f72f3a3f55c2ab5bbd0b44492ebd3e41831_Metis,1663592039,1663592039,1,1.25e+19,12.5,33.99155672628274,16.279070,16.279070,0.775000,bridge_deposit_flow
ETH,Poly,eth_flow_0x5e0cb0c18eff__r7fam11__inst00__synth_merge_src2,0x5e0cb0c18effe3e9349c19af814a3f72f3a3f55c2ab5bbd0b44492ebd3e41831,0x81910675dbaf69dee0fd77570bfd07f8e436386a|0x9e32b13ce7f2e80a01932b42553652e053d6ed8e|0xf3d9c36ecc431c9ccf4cc8fca8863021921ccc7c,0x81910675dbaf69dee0fd77570bfd07f8e436386a,0x9e32b13ce7f2e80a01932b42553652e053d6ed8e,Metis,Metis,0x5e0cb0c18effe3e9349c19af814a3f72f3a3f55c2ab5bbd0b44492ebd3e41831_Metis,1663592039,1663592039,1,1.25e+19,12.5,33.99155672628274,16.279070,16.279070,0.775000,bridge_deposit_flow
ETH,Poly,eth_flow_0x5e0cb0c18eff__r7fam11__inst00__synth_unmatched_src,0x5e0cb0c18effe3e9349c19af814a3f72f3a3f55c2ab5bbd0b44492ebd3e41831,0x81910675dbaf69dee0fd77570bfd07f8e436386a|0x9e32b13ce7f2e80a01932b42553652e053d6ed8e|0xf3d9c36ecc431c9ccf4cc8fca8863021921ccc7c,0x81910675dbaf69dee0fd77570bfd07f8e436386a,0x9e32b13ce7f2e80a01932b42553652e053d6ed8e,Metis,Metis,0x5e0cb0c18effe3e9349c19af814a3f72f3a3f55c2ab5bbd0b44492ebd3e41831_Metis,1663592039,1663592039,1,2.5e+19,25.0,67.98311345256548,16.279070,16.279070,0.775000,bridge_deposit_flow
ETH,Poly,eth_flow_0x5e0cb0c18eff__r7fam11__inst00__synth_noise_src_0,0x5e0cb0c18effe3e9349c19af814a3f72f3a3f55c2ab5bbd0b44492ebd3e41831,0x81910675dbaf69dee0fd77570bfd07f8e436386a|0x9e32b13ce7f2e80a01932b42553652e053d6ed8e|0xf3d9c36ecc431c9ccf4cc8fca8863021921ccc7c,0x81910675dbaf69dee0fd77570bfd07f8e436386a,0x9e32b13ce7f2e80a01932b42553652e053d6ed8e,Metis,Metis,0x5e0cb0c18effe3e9349c19af814a3f72f3a3f55c2ab5bbd0b44492ebd3e41831_Metis,1663592039,1663592039,1,2.5e+19,25.0,67.98311345256548,16.279070,16.279070,0.775000,bridge_deposit_flow
ETH,Poly,eth_flow_0x5e0cb0c18eff__r7fam11__inst00__synth_noise_src_1,0x5e0cb0c18effe3e9349c19af814a3f72f3a3f55c2ab5bbd0b44492ebd3e41831,0x81910675dbaf69dee0fd77570bfd07f8e436386a|0x9e32b13ce7f2e80a01932b42553652e053d6ed8e|0xf3d9c36ecc431c9ccf4cc8fca8863021921ccc7c,0x81910675dbaf69dee0fd77570bfd07f8e436386a,0x9e32b13ce7f2e80a01932b42553652e053d6ed8e,Metis,Metis,0x5e0cb0c18effe3e9349c19af814a3f72f3a3f55c2ab5bbd0b44492ebd3e41831_Metis,1663592039,1663592039,1,2.5e+19,25.0,67.98311345256548,16.279070,16.279070,0.775000,bridge_deposit_flow
ETH,Poly,eth_flow_0xa9cc4f37d790__r7fam11__inst01__synth_split_src,0xa9cc4f37d7902570a634bf8d3e2153d76a6974326c75340b7de9041a82c8846d,0x81910675dbaf69dee0fd77570bfd07f8e436386a|0xaf9f549774ecedbd0966c52f250acc548d3f36e5|0xd54e4f8a55247487dd7c8c59f14ee5c0c2889477,0x81910675dbaf69dee0fd77570bfd07f8e436386a,0xaf9f549774ecedbd0966c52f250acc548d3f36e5,RFuel,RFuel,0xa9cc4f37d7902570a634bf8d3e2153d76a6974326c75340b7de9041a82c8846d_RFuel,1664140391,1664140391,1,9.905973488475464e+22,99059.73488475464,69.40124970372996,16.279070,16.279070,0.775000,bridge_deposit_flow
ETH,Poly,eth_flow_0xa9cc4f37d790__r7fam11__inst01__synth_merge_src1,0xa9cc4f37d7902570a634bf8d3e2153d76a6974326c75340b7de9041a82c8846d,0x81910675dbaf69dee0fd77570bfd07f8e436386a|0xaf9f549774ecedbd0966c52f250acc548d3f36e5|0xd54e4f8a55247487dd7c8c59f14ee5c0c2889477,0x81910675dbaf69dee0fd77570bfd07f8e436386a,0xaf9f549774ecedbd0966c52f250acc548d3f36e5,RFuel,RFuel,0xa9cc4f37d7902570a634bf8d3e2153d76a6974326c75340b7de9041a82c8846d_RFuel,1664140391,1664140391,1,4.952986744237732e+22,49529.86744237732,34.70062485186498,16.279070,16.279070,0.775000,bridge_deposit_flow
ETH,Poly,eth_flow_0xa9cc4f37d790__r7fam11__inst01__synth_merge_src2,0xa9cc4f37d7902570a634bf8d3e2153d76a6974326c75340b7de9041a82c8846d,0x81910675dbaf69dee0fd77570bfd07f8e436386a|0xaf9f549774ecedbd0966c52f250acc548d3f36e5|0xd54e4f8a55247487dd7c8c59f14ee5c0c2889477,0x81910675dbaf69dee0fd77570bfd07f8e436386a,0xaf9f549774ecedbd0966c52f250acc548d3f36e5,RFuel,RFuel,0xa9cc4f37d7902570a634bf8d3e2153d76a6974326c75340b7de9041a82c8846d_RFuel,1664140391,1664140391,1,4.952986744237732e+22,49529.86744237732,34.70062485186498,16.279070,16.279070,0.775000,bridge_deposit_flow
ETH,Poly,eth_flow_0xa9cc4f37d790__r7fam11__inst01__synth_unmatched_src,0xa9cc4f37d7902570a634bf8d3e2153d76a6974326c75340b7de9041a82c8846d,0x81910675dbaf69dee0fd77570bfd07f8e436386a|0xaf9f549774ecedbd0966c52f250acc548d3f36e5|0xd54e4f8a55247487dd7c8c59f14ee5c0c2889477,0x81910675dbaf69dee0fd77570bfd07f8e436386a,0xaf9f549774ecedbd0966c52f250acc548d3f36e5,RFuel,RFuel,0xa9cc4f37d7902570a634bf8d3e2153d76a6974326c75340b7de9041a82c8846d_RFuel,1664140391,1664140391,1,9.905973488475464e+22,99059.73488475464,69.40124970372996,16.279070,16.279070,0.775000,bridge_deposit_flow
ETH,Poly,eth_flow_0xa9cc4f37d790__r7fam11__inst01__synth_noise_src_0,0xa9cc4f37d7902570a634bf8d3e2153d76a6974326c75340b7de9041a82c8846d,0x81910675dbaf69dee0fd77570bfd07f8e436386a|0xaf9f549774ecedbd0966c52f250acc548d3f36e5|0xd54e4f8a55247487dd7c8c59f14ee5c0c2889477,0x81910675dbaf69dee0fd77570bfd07f8e436386a,0xaf9f549774ecedbd0966c52f250acc548d3f36e5,RFuel,RFuel,0xa9cc4f37d7902570a634bf8d3e2153d76a6974326c75340b7de9041a82c8846d_RFuel,1664140391,1664140391,1,9.905973488475464e+22,99059.73488475464,69.40124970372996,16.279070,16.279070,0.775000,bridge_deposit_flow
ETH,Poly,eth_flow_0xa9cc4f37d790__r7fam11__inst01__synth_noise_src_1,0xa9cc4f37d7902570a634bf8d3e2153d76a6974326c75340b7de9041a82c8846d,0x81910675dbaf69dee0fd77570bfd07f8e436386a|0xaf9f549774ecedbd0966c52f250acc548d3f36e5|0xd54e4f8a55247487dd7c8c59f14ee5c0c2889477,0x81910675dbaf69dee0fd77570bfd07f8e436386a,0xaf9f549774ecedbd0966c52f250acc548d3f36e5,RFuel,RFuel,0xa9cc4f37d7902570a634bf8d3e2153d76a6974326c75340b7de9041a82c8846d_RFuel,1664140391,1664140391,1,9.905973488475464e+22,99059.73488475464,69.40124970372996,16.279070,16.279070,0.775000,bridge_deposit_flow
ETH,Poly,eth_flow_0x82e6a6bf835f__r7fam12__inst00__synth_split_src,0x82e6a6bf835f14e9098234a176c3cc37536914ef6db8d70265020f1394214298,0x7a6a59588b8106045303e1923227a2cefbec2b66|0x81910675dbaf69dee0fd77570bfd07f8e436386a|0x9e32b13ce7f2e80a01932b42553652e053d6ed8e,0x81910675dbaf69dee0fd77570bfd07f8e436386a,0x9e32b13ce7f2e80a01932b42553652e053d6ed8e,Metis,Metis,0x82e6a6bf835f14e9098234a176c3cc37536914ef6db8d70265020f1394214298_Metis,1644323144,1644323144,1,4.0633928e+19,40.633928,110.49683748989506,16.279070,16.279070,0.800000,bridge_deposit_flow
ETH,Poly,eth_flow_0x82e6a6bf835f__r7fam12__inst00__synth_merge_src1,0x82e6a6bf835f14e9098234a176c3cc37536914ef6db8d70265020f1394214298,0x7a6a59588b8106045303e1923227a2cefbec2b66|0x81910675dbaf69dee0fd77570bfd07f8e436386a|0x9e32b13ce7f2e80a01932b42553652e053d6ed8e,0x81910675dbaf69dee0fd77570bfd07f8e436386a,0x9e32b13ce7f2e80a01932b42553652e053d6ed8e,Metis,Metis,0x82e6a6bf835f14e9098234a176c3cc37536914ef6db8d70265020f1394214298_Metis,1644323144,1644323144,1,2.0316964e+19,20.316964,55.24841874494753,16.279070,16.279070,0.800000,bridge_deposit_flow
ETH,Poly,eth_flow_0x82e6a6bf835f__r7fam12__inst00__synth_merge_src2,0x82e6a6bf835f14e9098234a176c3cc37536914ef6db8d70265020f1394214298,0x7a6a59588b8106045303e1923227a2cefbec2b66|0x81910675dbaf69dee0fd77570bfd07f8e436386a|0x9e32b13ce7f2e80a01932b42553652e053d6ed8e,0x81910675dbaf69dee0fd77570bfd07f8e436386a,0x9e32b13ce7f2e80a01932b42553652e053d6ed8e,Metis,Metis,0x82e6a6bf835f14e9098234a176c3cc37536914ef6db8d70265020f1394214298_Metis,1644323144,1644323144,1,2.0316964e+19,20.316964,55.24841874494753,16.279070,16.279070,0.800000,bridge_deposit_flow
ETH,Poly,eth_flow_0x82e6a6bf835f__r7fam12__inst00__synth_unmatched_src,0x82e6a6bf835f14e9098234a176c3cc37536914ef6db8d70265020f1394214298,0x7a6a59588b8106045303e1923227a2cefbec2b66|0x81910675dbaf69dee0fd77570bfd07f8e436386a|0x9e32b13ce7f2e80a01932b42553652e053d6ed8e,0x81910675dbaf69dee0fd77570bfd07f8e436386a,0x9e32b13ce7f2e80a01932b42553652e053d6ed8e,Metis,Metis,0x82e6a6bf835f14e9098234a176c3cc37536914ef6db8d70265020f1394214298_Metis,1644323144,1644323144,1,4.0633928e+19,40.633928,110.49683748989506,16.279070,16.279070,0.800000,bridge_deposit_flow
ETH,Poly,eth_flow_0x82e6a6bf835f__r7fam12__inst00__synth_noise_src_0,0x82e6a6bf835f14e9098234a176c3cc37536914ef6db8d70265020f1394214298,0x7a6a59588b8106045303e1923227a2cefbec2b66|0x81910675dbaf69dee0fd77570bfd07f8e436386a|0x9e32b13ce7f2e80a01932b42553652e053d6ed8e,0x81910675dbaf69dee0fd77570bfd07f8e436386a,0x9e32b13ce7f2e80a01932b42553652e053d6ed8e,Metis,Metis,0x82e6a6bf835f14e9098234a176c3cc37536914ef6db8d70265020f1394214298_Metis,1644323144,1644323144,1,4.0633928e+19,40.633928,110.49683748989506,16.279070,16.279070,0.800000,bridge_deposit_flow
ETH,Poly,eth_flow_0x82e6a6bf835f__r7fam12__inst00__synth_noise_src_1,0x82e6a6bf835f14e9098234a176c3cc37536914ef6db8d70265020f1394214298,0x7a6a59588b8106045303e1923227a2cefbec2b66|0x81910675dbaf69dee0fd77570bfd07f8e436386a|0x9e32b13ce7f2e80a01932b42553652e053d6ed8e,0x81910675dbaf69dee0fd77570bfd07f8e436386a,0x9e32b13ce7f2e80a01932b42553652e053d6ed8e,Metis,Metis,0x82e6a6bf835f14e9098234a176c3cc37536914ef6db8d70265020f1394214298_Metis,1644323144,1644323144,1,4.0633928e+19,40.633928,110.49683748989506,16.279070,16.279070,0.800000,bridge_deposit_flow
ETH,Poly,eth_flow_0xdcce63bc4637__r7fam12__inst01__synth_split_src,0xdcce63bc46376064c3266415d44279e1fe34de0261d313118bb0a3d017705010,0x2584ad49184053593934f338b056dfce263fe02b|0x81910675dbaf69dee0fd77570bfd07f8e436386a|0x9e32b13ce7f2e80a01932b42553652e053d6ed8e,0x81910675dbaf69dee0fd77570bfd07f8e436386a,0x9e32b13ce7f2e80a01932b42553652e053d6ed8e,Metis,Metis,0xdcce63bc46376064c3266415d44279e1fe34de0261d313118bb0a3d017705010_Metis,1648140391,1648140391,1,1.2970064618521708e+20,129.70064618521707,352.6981497792266,11.627907,11.627907,0.800000,bridge_deposit_flow
ETH,Poly,eth_flow_0xdcce63bc4637__r7fam12__inst01__synth_merge_src1,0xdcce63bc46376064c3266415d44279e1fe34de0261d313118bb0a3d017705010,0x2584ad49184053593934f338b056dfce263fe02b|0x81910675dbaf69dee0fd77570bfd07f8e436386a|0x9e32b13ce7f2e80a01932b42553652e053d6ed8e,0x81910675dbaf69dee0fd77570bfd07f8e436386a,0x9e32b13ce7f2e80a01932b42553652e053d6ed8e,Metis,Metis,0xdcce63bc46376064c3266415d44279e1fe34de0261d313118bb0a3d017705010_Metis,1648140391,1648140391,1,6.485032309260854e+19,64.85032309260853,176.3490748896133,11.627907,11.627907,0.800000,bridge_deposit_flow
ETH,Poly,eth_flow_0xdcce63bc4637__r7fam12__inst01__synth_merge_src2,0xdcce63bc46376064c3266415d44279e1fe34de0261d313118bb0a3d017705010,0x2584ad49184053593934f338b056dfce263fe02b|0x81910675dbaf69dee0fd77570bfd07f8e436386a|0x9e32b13ce7f2e80a01932b42553652e053d6ed8e,0x81910675dbaf69dee0fd77570bfd07f8e436386a,0x9e32b13ce7f2e80a01932b42553652e053d6ed8e,Metis,Metis,0xdcce63bc46376064c3266415d44279e1fe34de0261d313118bb0a3d017705010_Metis,1648140391,1648140391,1,6.485032309260854e+19,64.85032309260853,176.3490748896133,11.627907,11.627907,0.800000,bridge_deposit_flow
ETH,Poly,eth_flow_0xdcce63bc4637__r7fam12__inst01__synth_unmatched_src,0xdcce63bc46376064c3266415d44279e1fe34de0261d313118bb0a3d017705010,0x2584ad49184053593934f338b056dfce263fe02b|0x81910675dbaf69dee0fd77570bfd07f8e436386a|0x9e32b13ce7f2e80a01932b42553652e053d6ed8e,0x81910675dbaf69dee0fd77570bfd07f8e436386a,0x9e32b13ce7f2e80a01932b42553652e053d6ed8e,Metis,Metis,0xdcce63bc46376064c3266415d44279e1fe34de0261d313118bb0a3d017705010_Metis,1648140391,1648140391,1,1.2970064618521708e+20,129.70064618521707,352.6981497792266,11.627907,11.627907,0.800000,bridge_deposit_flow
ETH,Poly,eth_flow_0xdcce63bc4637__r7fam12__inst01__synth_noise_src_0,0xdcce63bc46376064c3266415d44279e1fe34de0261d313118bb0a3d017705010,0x2584ad49184053593934f338b056dfce263fe02b|0x81910675dbaf69dee0fd77570bfd07f8e436386a|0x9e32b13ce7f2e80a01932b42553652e053d6ed8e,0x81910675dbaf69dee0fd77570bfd07f8e436386a,0x9e32b13ce7f2e80a01932b42553652e053d6ed8e,Metis,Metis,0xdcce63bc46376064c3266415d44279e1fe34de0261d313118bb0a3d017705010_Metis,1648140391,1648140391,1,1.2970064618521708e+20,129.70064618521707,352.6981497792266,11.627907,11.627907,0.800000,bridge_deposit_flow
ETH,Poly,eth_flow_0xdcce63bc4637__r7fam12__inst01__synth_noise_src_1,0xdcce63bc46376064c3266415d44279e1fe34de0261d313118bb0a3d017705010,0x2584ad49184053593934f338b056dfce263fe02b|0x81910675dbaf69dee0fd77570bfd07f8e436386a|0x9e32b13ce7f2e80a01932b42553652e053d6ed8e,0x81910675dbaf69dee0fd77570bfd07f8e436386a,0x9e32b13ce7f2e80a01932b42553652e053d6ed8e,Metis,Metis,0xdcce63bc46376064c3266415d44279e1fe34de0261d313118bb0a3d017705010_Metis,1648140391,1648140391,1,1.2970064618521708e+20,129.70064618521707,352.6981497792266,11.627907,11.627907,0.800000,bridge_deposit_flow
ETH,Poly,eth_flow_0x66a95ad1c5b2__r7fam13__inst00__synth_split_src,0x66a95ad1c5b2b910f0387d97806c627d8848c9420e2e54c91ee504429a5de167,0x81910675dbaf69dee0fd77570bfd07f8e436386a|0x9e32b13ce7f2e80a01932b42553652e053d6ed8e|0xf2ce52e3d0eb5d237341c9a75ca24647d87d7e55,0x81910675dbaf69dee0fd77570bfd07f8e436386a,0x9e32b13ce7f2e80a01932b42553652e053d6ed8e,Metis,Metis,0x66a95ad1c5b2b910f0387d97806c627d8848c9420e2e54c91ee504429a5de167_Metis,1649364770,1649364770,1,9.4928880662694e+19,94.928880662694,258.14243456067896,16.279070,16.279070,0.800000,bridge_deposit_flow
ETH,Poly,eth_flow_0x66a95ad1c5b2__r7fam13__inst00__synth_merge_src1,0x66a95ad1c5b2b910f0387d97806c627d8848c9420e2e54c91ee504429a5de167,0x81910675dbaf69dee0fd77570bfd07f8e436386a|0x9e32b13ce7f2e80a01932b42553652e053d6ed8e|0xf2ce52e3d0eb5d237341c9a75ca24647d87d7e55,0x81910675dbaf69dee0fd77570bfd07f8e436386a,0x9e32b13ce7f2e80a01932b42553652e053d6ed8e,Metis,Metis,0x66a95ad1c5b2b910f0387d97806c627d8848c9420e2e54c91ee504429a5de167_Metis,1649364770,1649364770,1,4.7464440331347e+19,47.464440331347,129.07121728033948,16.279070,16.279070,0.800000,bridge_deposit_flow
ETH,Poly,eth_flow_0x66a95ad1c5b2__r7fam13__inst00__synth_merge_src2,0x66a95ad1c5b2b910f0387d97806c627d8848c9420e2e54c91ee504429a5de167,0x81910675dbaf69dee0fd77570bfd07f8e436386a|0x9e32b13ce7f2e80a01932b42553652e053d6ed8e|0xf2ce52e3d0eb5d237341c9a75ca24647d87d7e55,0x81910675dbaf69dee0fd77570bfd07f8e436386a,0x9e32b13ce7f2e80a01932b42553652e053d6ed8e,Metis,Metis,0x66a95ad1c5b2b910f0387d97806c627d8848c9420e2e54c91ee504429a5de167_Metis,1649364770,1649364770,1,4.7464440331347e+19,47.464440331347,129.07121728033948,16.279070,16.279070,0.800000,bridge_deposit_flow
ETH,Poly,eth_flow_0x66a95ad1c5b2__r7fam13__inst00__synth_unmatched_src,0x66a95ad1c5b2b910f0387d97806c627d8848c9420e2e54c91ee504429a5de167,0x81910675dbaf69dee0fd77570bfd07f8e436386a|0x9e32b13ce7f2e80a01932b42553652e053d6ed8e|0xf2ce52e3d0eb5d237341c9a75ca24647d87d7e55,0x81910675dbaf69dee0fd77570bfd07f8e436386a,0x9e32b13ce7f2e80a01932b42553652e053d6ed8e,Metis,Metis,0x66a95ad1c5b2b910f0387d97806c627d8848c9420e2e54c91ee504429a5de167_Metis,1649364770,1649364770,1,9.4928880662694e+19,94.928880662694,258.14243456067896,16.279070,16.279070,0.800000,bridge_deposit_flow
ETH,Poly,eth_flow_0x66a95ad1c5b2__r7fam13__inst00__synth_noise_src_0,0x66a95ad1c5b2b910f0387d97806c627d8848c9420e2e54c91ee504429a5de167,0x81910675dbaf69dee0fd77570bfd07f8e436386a|0x9e32b13ce7f2e80a01932b42553652e053d6ed8e|0xf2ce52e3d0eb5d237341c9a75ca24647d87d7e55,0x81910675dbaf69dee0fd77570bfd07f8e436386a,0x9e32b13ce7f2e80a01932b42553652e053d6ed8e,Metis,Metis,0x66a95ad1c5b2b910f0387d97806c627d8848c9420e2e54c91ee504429a5de167_Metis,1649364770,1649364770,1,9.4928880662694e+19,94.928880662694,258.14243456067896,16.279070,16.279070,0.800000,bridge_deposit_flow
ETH,Poly,eth_flow_0x66a95ad1c5b2__r7fam13__inst00__synth_noise_src_1,0x66a95ad1c5b2b910f0387d97806c627d8848c9420e2e54c91ee504429a5de167,0x81910675dbaf69dee0fd77570bfd07f8e436386a|0x9e32b13ce7f2e80a01932b42553652e053d6ed8e|0xf2ce52e3d0eb5d237341c9a75ca24647d87d7e55,0x81910675dbaf69dee0fd77570bfd07f8e436386a,0x9e32b13ce7f2e80a01932b42553652e053d6ed8e,Metis,Metis,0x66a95ad1c5b2b910f0387d97806c627d8848c9420e2e54c91ee504429a5de167_Metis,1649364770,1649364770,1,9.4928880662694e+19,94.928880662694,258.14243456067896,16.279070,16.279070,0.800000,bridge_deposit_flow
ETH,Poly,eth_flow_0xa082f7e2472a__r7fam13__inst01__synth_split_src,0xa082f7e2472af794690a8c376034a46a23be6140df674a4a40c709d72691a2ab,0x81910675dbaf69dee0fd77570bfd07f8e436386a|0x9e32b13ce7f2e80a01932b42553652e053d6ed8e|0xe034db422431b665301665516e60193365367bc2,0x81910675dbaf69dee0fd77570bfd07f8e436386a,0x9e32b13ce7f2e80a01932b42553652e053d6ed8e,Metis,Metis,0xa082f7e2472af794690a8c376034a46a23be6140df674a4a40c709d72691a2ab_Metis,1646903017,1646903017,1,5.5e+19,55.0,149.56284959564402,16.279070,16.279070,0.800000,bridge_deposit_flow
ETH,Poly,eth_flow_0xa082f7e2472a__r7fam13__inst01__synth_merge_src1,0xa082f7e2472af794690a8c376034a46a23be6140df674a4a40c709d72691a2ab,0x81910675dbaf69dee0fd77570bfd07f8e436386a|0x9e32b13ce7f2e80a01932b42553652e053d6ed8e|0xe034db422431b665301665516e60193365367bc2,0x81910675dbaf69dee0fd77570bfd07f8e436386a,0x9e32b13ce7f2e80a01932b42553652e053d6ed8e,Metis,Metis,0xa082f7e2472af794690a8c376034a46a23be6140df674a4a40c709d72691a2ab_Metis,1646903017,1646903017,1,2.75e+19,27.5,74.78142479782201,16.279070,16.279070,0.800000,bridge_deposit_flow
ETH,Poly,eth_flow_0xa082f7e2472a__r7fam13__inst01__synth_merge_src2,0xa082f7e2472af794690a8c376034a46a23be6140df674a4a40c709d72691a2ab,0x81910675dbaf69dee0fd77570bfd07f8e436386a|0x9e32b13ce7f2e80a01932b42553652e053d6ed8e|0xe034db422431b665301665516e60193365367bc2,0x81910675dbaf69dee0fd77570bfd07f8e436386a,0x9e32b13ce7f2e80a01932b42553652e053d6ed8e,Metis,Metis,0xa082f7e2472af794690a8c376034a46a23be6140df674a4a40c709d72691a2ab_Metis,1646903017,1646903017,1,2.75e+19,27.5,74.78142479782201,16.279070,16.279070,0.800000,bridge_deposit_flow
ETH,Poly,eth_flow_0xa082f7e2472a__r7fam13__inst01__synth_unmatched_src,0xa082f7e2472af794690a8c376034a46a23be6140df674a4a40c709d72691a2ab,0x81910675dbaf69dee0fd77570bfd07f8e436386a|0x9e32b13ce7f2e80a01932b42553652e053d6ed8e|0xe034db422431b665301665516e60193365367bc2,0x81910675dbaf69dee0fd77570bfd07f8e436386a,0x9e32b13ce7f2e80a01932b42553652e053d6ed8e,Metis,Metis,0xa082f7e2472af794690a8c376034a46a23be6140df674a4a40c709d72691a2ab_Metis,1646903017,1646903017,1,5.5e+19,55.0,149.56284959564402,16.279070,16.279070,0.800000,bridge_deposit_flow
ETH,Poly,eth_flow_0xa082f7e2472a__r7fam13__inst01__synth_noise_src_0,0xa082f7e2472af794690a8c376034a46a23be6140df674a4a40c709d72691a2ab,0x81910675dbaf69dee0fd77570bfd07f8e436386a|0x9e32b13ce7f2e80a01932b42553652e053d6ed8e|0xe034db422431b665301665516e60193365367bc2,0x81910675dbaf69dee0fd77570bfd07f8e436386a,0x9e32b13ce7f2e80a01932b42553652e053d6ed8e,Metis,Metis,0xa082f7e2472af794690a8c376034a46a23be6140df674a4a40c709d72691a2ab_Metis,1646903017,1646903017,1,5.5e+19,55.0,149.56284959564402,16.279070,16.279070,0.800000,bridge_deposit_flow
ETH,Poly,eth_flow_0xa082f7e2472a__r7fam13__inst01__synth_noise_src_1,0xa082f7e2472af794690a8c376034a46a23be6140df674a4a40c709d72691a2ab,0x81910675dbaf69dee0fd77570bfd07f8e436386a|0x9e32b13ce7f2e80a01932b42553652e053d6ed8e|0xe034db422431b665301665516e60193365367bc2,0x81910675dbaf69dee0fd77570bfd07f8e436386a,0x9e32b13ce7f2e80a01932b42553652e053d6ed8e,Metis,Metis,0xa082f7e2472af794690a8c376034a46a23be6140df674a4a40c709d72691a2ab_Metis,1646903017,1646903017,1,5.5e+19,55.0,149.56284959564402,16.279070,16.279070,0.800000,bridge_deposit_flow
ETH,Poly,eth_flow_0x8bc0b47ac506__r7fam14__inst00__synth_split_src,0x8bc0b47ac506228192dd0eedf1ee0a4afe81c1b7069940bfbd522ad7e34a0155,0x1bad1270426b8059a783704308cec80753de0b38|0x81910675dbaf69dee0fd77570bfd07f8e436386a|0x9e32b13ce7f2e80a01932b42553652e053d6ed8e,0x81910675dbaf69dee0fd77570bfd07f8e436386a,0x9e32b13ce7f2e80a01932b42553652e053d6ed8e,Metis,Metis,0x8bc0b47ac506228192dd0eedf1ee0a4afe81c1b7069940bfbd522ad7e34a0155_Metis,1652611299,1652611299,1,7.642122453692968e+19,76.42122453692969,207.81411111512284,16.279070,16.279070,0.800000,bridge_deposit_flow
ETH,Poly,eth_flow_0x8bc0b47ac506__r7fam14__inst00__synth_merge_src1,0x8bc0b47ac506228192dd0eedf1ee0a4afe81c1b7069940bfbd522ad7e34a0155,0x1bad1270426b8059a783704308cec80753de0b38|0x81910675dbaf69dee0fd77570bfd07f8e436386a|0x9e32b13ce7f2e80a01932b42553652e053d6ed8e,0x81910675dbaf69dee0fd77570bfd07f8e436386a,0x9e32b13ce7f2e80a01932b42553652e053d6ed8e,Metis,Metis,0x8bc0b47ac506228192dd0eedf1ee0a4afe81c1b7069940bfbd522ad7e34a0155_Metis,1652611299,1652611299,1,3.821061226846484e+19,38.21061226846484,103.90705555756142,16.279070,16.279070,0.800000,bridge_deposit_flow
ETH,Poly,eth_flow_0x8bc0b47ac506__r7fam14__inst00__synth_merge_src2,0x8bc0b47ac506228192dd0eedf1ee0a4afe81c1b7069940bfbd522ad7e34a0155,0x1bad1270426b8059a783704308cec80753de0b38|0x81910675dbaf69dee0fd77570bfd07f8e436386a|0x9e32b13ce7f2e80a01932b42553652e053d6ed8e,0x81910675dbaf69dee0fd77570bfd07f8e436386a,0x9e32b13ce7f2e80a01932b42553652e053d6ed8e,Metis,Metis,0x8bc0b47ac506228192dd0eedf1ee0a4afe81c1b7069940bfbd522ad7e34a0155_Metis,1652611299,1652611299,1,3.821061226846484e+19,38.21061226846484,103.90705555756142,16.279070,16.279070,0.800000,bridge_deposit_flow
ETH,Poly,eth_flow_0x8bc0b47ac506__r7fam14__inst00__synth_unmatched_src,0x8bc0b47ac506228192dd0eedf1ee0a4afe81c1b7069940bfbd522ad7e34a0155,0x1bad1270426b8059a783704308cec80753de0b38|0x81910675dbaf69dee0fd77570bfd07f8e436386a|0x9e32b13ce7f2e80a01932b42553652e053d6ed8e,0x81910675dbaf69dee0fd77570bfd07f8e436386a,0x9e32b13ce7f2e80a01932b42553652e053d6ed8e,Metis,Metis,0x8bc0b47ac506228192dd0eedf1ee0a4afe81c1b7069940bfbd522ad7e34a0155_Metis,1652611299,1652611299,1,7.642122453692968e+19,76.42122453692969,207.81411111512284,16.279070,16.279070,0.800000,bridge_deposit_flow
ETH,Poly,eth_flow_0x8bc0b47ac506__r7fam14__inst00__synth_noise_src_0,0x8bc0b47ac506228192dd0eedf1ee0a4afe81c1b7069940bfbd522ad7e34a0155,0x1bad1270426b8059a783704308cec80753de0b38|0x81910675dbaf69dee0fd77570bfd07f8e436386a|0x9e32b13ce7f2e80a01932b42553652e053d6ed8e,0x81910675dbaf69dee0fd77570bfd07f8e436386a,0x9e32b13ce7f2e80a01932b42553652e053d6ed8e,Metis,Metis,0x8bc0b47ac506228192dd0eedf1ee0a4afe81c1b7069940bfbd522ad7e34a0155_Metis,1652611299,1652611299,1,7.642122453692968e+19,76.42122453692969,207.81411111512284,16.279070,16.279070,0.800000,bridge_deposit_flow
ETH,Poly,eth_flow_0x8bc0b47ac506__r7fam14__inst00__synth_noise_src_1,0x8bc0b47ac506228192dd0eedf1ee0a4afe81c1b7069940bfbd522ad7e34a0155,0x1bad1270426b8059a783704308cec80753de0b38|0x81910675dbaf69dee0fd77570bfd07f8e436386a|0x9e32b13ce7f2e80a01932b42553652e053d6ed8e,0x81910675dbaf69dee0fd77570bfd07f8e436386a,0x9e32b13ce7f2e80a01932b42553652e053d6ed8e,Metis,Metis,0x8bc0b47ac506228192dd0eedf1ee0a4afe81c1b7069940bfbd522ad7e34a0155_Metis,1652611299,1652611299,1,7.642122453692968e+19,76.42122453692969,207.81411111512284,16.279070,16.279070,0.800000,bridge_deposit_flow
ETH,Poly,eth_flow_0xa89b25e55812__r7fam14__inst01__synth_split_src,0xa89b25e55812aae2e7f49c6d7df39fe289056f6bbcff8ddfb4752e6d8e7fde16,0x4abb9cc67bd3da9eb966d1159a71a0e68bd15432|0x81910675dbaf69dee0fd77570bfd07f8e436386a|0xeb5cc391e8cae0d95160bf4b35896efcd19182da,0x81910675dbaf69dee0fd77570bfd07f8e436386a,0x4abb9cc67bd3da9eb966d1159a71a0e68bd15432,KEL,KEL,0xa89b25e55812aae2e7f49c6d7df39fe289056f6bbcff8ddfb4752e6d8e7fde16_KEL,1652582436,1652582436,1,1.8190729305818963e+23,181907.29305818968,203.54327090972356,16.279070,16.279070,0.800000,bridge_deposit_flow
ETH,Poly,eth_flow_0xa89b25e55812__r7fam14__inst01__synth_merge_src1,0xa89b25e55812aae2e7f49c6d7df39fe289056f6bbcff8ddfb4752e6d8e7fde16,0x4abb9cc67bd3da9eb966d1159a71a0e68bd15432|0x81910675dbaf69dee0fd77570bfd07f8e436386a|0xeb5cc391e8cae0d95160bf4b35896efcd19182da,0x81910675dbaf69dee0fd77570bfd07f8e436386a,0x4abb9cc67bd3da9eb966d1159a71a0e68bd15432,KEL,KEL,0xa89b25e55812aae2e7f49c6d7df39fe289056f6bbcff8ddfb4752e6d8e7fde16_KEL,1652582436,1652582436,1,9.095364652909482e+22,90953.64652909484,101.77163545486178,16.279070,16.279070,0.800000,bridge_deposit_flow
ETH,Poly,eth_flow_0xa89b25e55812__r7fam14__inst01__synth_merge_src2,0xa89b25e55812aae2e7f49c6d7df39fe289056f6bbcff8ddfb4752e6d8e7fde16,0x4abb9cc67bd3da9eb966d1159a71a0e68bd15432|0x81910675dbaf69dee0fd77570bfd07f8e436386a|0xeb5cc391e8cae0d95160bf4b35896efcd19182da,0x81910675dbaf69dee0fd77570bfd07f8e436386a,0x4abb9cc67bd3da9eb966d1159a71a0e68bd15432,KEL,KEL,0xa89b25e55812aae2e7f49c6d7df39fe289056f6bbcff8ddfb4752e6d8e7fde16_KEL,1652582436,1652582436,1,9.095364652909482e+22,90953.64652909484,101.77163545486178,16.279070,16.279070,0.800000,bridge_deposit_flow
ETH,Poly,eth_flow_0xa89b25e55812__r7fam14__inst01__synth_unmatched_src,0xa89b25e55812aae2e7f49c6d7df39fe289056f6bbcff8ddfb4752e6d8e7fde16,0x4abb9cc67bd3da9eb966d1159a71a0e68bd15432|0x81910675dbaf69dee0fd77570bfd07f8e436386a|0xeb5cc391e8cae0d95160bf4b35896efcd19182da,0x81910675dbaf69dee0fd77570bfd07f8e436386a,0x4abb9cc67bd3da9eb966d1159a71a0e68bd15432,KEL,KEL,0xa89b25e55812aae2e7f49c6d7df39fe289056f6bbcff8ddfb4752e6d8e7fde16_KEL,1652582436,1652582436,1,1.8190729305818963e+23,181907.29305818968,203.54327090972356,16.279070,16.279070,0.800000,bridge_deposit_flow
ETH,Poly,eth_flow_0xa89b25e55812__r7fam14__inst01__synth_noise_src_0,0xa89b25e55812aae2e7f49c6d7df39fe289056f6bbcff8ddfb4752e6d8e7fde16,0x4abb9cc67bd3da9eb966d1159a71a0e68bd15432|0x81910675dbaf69dee0fd77570bfd07f8e436386a|0xeb5cc391e8cae0d95160bf4b35896efcd19182da,0x81910675dbaf69dee0fd77570bfd07f8e436386a,0x4abb9cc67bd3da9eb966d1159a71a0e68bd15432,KEL,KEL,0xa89b25e55812aae2e7f49c6d7df39fe289056f6bbcff8ddfb4752e6d8e7fde16_KEL,1652582436,1652582436,1,1.8190729305818963e+23,181907.29305818968,203.54327090972356,16.279070,16.279070,0.800000,bridge_deposit_flow
ETH,Poly,eth_flow_0xa89b25e55812__r7fam14__inst01__synth_noise_src_1,0xa89b25e55812aae2e7f49c6d7df39fe289056f6bbcff8ddfb4752e6d8e7fde16,0x4abb9cc67bd3da9eb966d1159a71a0e68bd15432|0x81910675dbaf69dee0fd77570bfd07f8e436386a|0xeb5cc391e8cae0d95160bf4b35896efcd19182da,0x81910675dbaf69dee0fd77570bfd07f8e436386a,0x4abb9cc67bd3da9eb966d1159a71a0e68bd15432,KEL,KEL,0xa89b25e55812aae2e7f49c6d7df39fe289056f6bbcff8ddfb4752e6d8e7fde16_KEL,1652582436,1652582436,1,1.8190729305818963e+23,181907.29305818968,203.54327090972356,16.279070,16.279070,0.800000,bridge_deposit_flow
ETH,Poly,eth_flow_0xda21e37a117f__r7fam15__inst00__synth_split_src,0xda21e37a117f1ec4528e17488049d3dfd890202140bd3dba60f02a65bb7b0d2f,0x81910675dbaf69dee0fd77570bfd07f8e436386a|0x8594d8e9483473626908648a5539d9d65ca2fe8d|0x9e32b13ce7f2e80a01932b42553652e053d6ed8e,0x81910675dbaf69dee0fd77570bfd07f8e436386a,0x9e32b13ce7f2e80a01932b42553652e053d6ed8e,Metis,Metis,0xda21e37a117f1ec4528e17488049d3dfd890202140bd3dba60f02a65bb7b0d2f_Metis,1659447255,1659447255,1,9.6348e+19,96.348,262.0014805971111,16.279070,16.279070,0.800000,bridge_deposit_flow
ETH,Poly,eth_flow_0xda21e37a117f__r7fam15__inst00__synth_merge_src1,0xda21e37a117f1ec4528e17488049d3dfd890202140bd3dba60f02a65bb7b0d2f,0x81910675dbaf69dee0fd77570bfd07f8e436386a|0x8594d8e9483473626908648a5539d9d65ca2fe8d|0x9e32b13ce7f2e80a01932b42553652e053d6ed8e,0x81910675dbaf69dee0fd77570bfd07f8e436386a,0x9e32b13ce7f2e80a01932b42553652e053d6ed8e,Metis,Metis,0xda21e37a117f1ec4528e17488049d3dfd890202140bd3dba60f02a65bb7b0d2f_Metis,1659447255,1659447255,1,4.8174e+19,48.174,131.00074029855554,16.279070,16.279070,0.800000,bridge_deposit_flow
ETH,Poly,eth_flow_0xda21e37a117f__r7fam15__inst00__synth_merge_src2,0xda21e37a117f1ec4528e17488049d3dfd890202140bd3dba60f02a65bb7b0d2f,0x81910675dbaf69dee0fd77570bfd07f8e436386a|0x8594d8e9483473626908648a5539d9d65ca2fe8d|0x9e32b13ce7f2e80a01932b42553652e053d6ed8e,0x81910675dbaf69dee0fd77570bfd07f8e436386a,0x9e32b13ce7f2e80a01932b42553652e053d6ed8e,Metis,Metis,0xda21e37a117f1ec4528e17488049d3dfd890202140bd3dba60f02a65bb7b0d2f_Metis,1659447255,1659447255,1,4.8174e+19,48.174,131.00074029855554,16.279070,16.279070,0.800000,bridge_deposit_flow
ETH,Poly,eth_flow_0xda21e37a117f__r7fam15__inst00__synth_unmatched_src,0xda21e37a117f1ec4528e17488049d3dfd890202140bd3dba60f02a65bb7b0d2f,0x81910675dbaf69dee0fd77570bfd07f8e436386a|0x8594d8e9483473626908648a5539d9d65ca2fe8d|0x9e32b13ce7f2e80a01932b42553652e053d6ed8e,0x81910675dbaf69dee0fd77570bfd07f8e436386a,0x9e32b13ce7f2e80a01932b42553652e053d6ed8e,Metis,Metis,0xda21e37a117f1ec4528e17488049d3dfd890202140bd3dba60f02a65bb7b0d2f_Metis,1659447255,1659447255,1,9.6348e+19,96.348,262.0014805971111,16.279070,16.279070,0.800000,bridge_deposit_flow
ETH,Poly,eth_flow_0xda21e37a117f__r7fam15__inst00__synth_noise_src_0,0xda21e37a117f1ec4528e17488049d3dfd890202140bd3dba60f02a65bb7b0d2f,0x81910675dbaf69dee0fd77570bfd07f8e436386a|0x8594d8e9483473626908648a5539d9d65ca2fe8d|0x9e32b13ce7f2e80a01932b42553652e053d6ed8e,0x81910675dbaf69dee0fd77570bfd07f8e436386a,0x9e32b13ce7f2e80a01932b42553652e053d6ed8e,Metis,Metis,0xda21e37a117f1ec4528e17488049d3dfd890202140bd3dba60f02a65bb7b0d2f_Metis,1659447255,1659447255,1,9.6348e+19,96.348,262.0014805971111,16.279070,16.279070,0.800000,bridge_deposit_flow
ETH,Poly,eth_flow_0xda21e37a117f__r7fam15__inst00__synth_noise_src_1,0xda21e37a117f1ec4528e17488049d3dfd890202140bd3dba60f02a65bb7b0d2f,0x81910675dbaf69dee0fd77570bfd07f8e436386a|0x8594d8e9483473626908648a5539d9d65ca2fe8d|0x9e32b13ce7f2e80a01932b42553652e053d6ed8e,0x81910675dbaf69dee0fd77570bfd07f8e436386a,0x9e32b13ce7f2e80a01932b42553652e053d6ed8e,Metis,Metis,0xda21e37a117f1ec4528e17488049d3dfd890202140bd3dba60f02a65bb7b0d2f_Metis,1659447255,1659447255,1,9.6348e+19,96.348,262.0014805971111,16.279070,16.279070,0.800000,bridge_deposit_flow
ETH,Poly,eth_flow_0xa1cfdcfcd31f__r7fam15__inst01__synth_split_src,0xa1cfdcfcd31f63ef054f93cecced66359ad14369156a645f29bf859c00851419,0x65a8f07bd9a8598e1b5b6c0a88f4779dbc077675|0x81910675dbaf69dee0fd77570bfd07f8e436386a|0xaf9f549774ecedbd0966c52f250acc548d3f36e5,0x81910675dbaf69dee0fd77570bfd07f8e436386a,0xaf9f549774ecedbd0966c52f250acc548d3f36e5,RFuel,RFuel,0xa1cfdcfcd31f63ef054f93cecced66359ad14369156a645f29bf859c00851419_RFuel,1655226151,1655226151,1,1.6316380845363792e+23,163163.80845363793,114.31256328594542,16.279070,16.279070,0.800000,bridge_deposit_flow
ETH,Poly,eth_flow_0xa1cfdcfcd31f__r7fam15__inst01__synth_merge_src1,0xa1cfdcfcd31f63ef054f93cecced66359ad14369156a645f29bf859c00851419,0x65a8f07bd9a8598e1b5b6c0a88f4779dbc077675|0x81910675dbaf69dee0fd77570bfd07f8e436386a|0xaf9f549774ecedbd0966c52f250acc548d3f36e5,0x81910675dbaf69dee0fd77570bfd07f8e436386a,0xaf9f549774ecedbd0966c52f250acc548d3f36e5,RFuel,RFuel,0xa1cfdcfcd31f63ef054f93cecced66359ad14369156a645f29bf859c00851419_RFuel,1655226151,1655226151,1,8.158190422681896e+22,81581.90422681897,57.15628164297271,16.279070,16.279070,0.800000,bridge_deposit_flow
ETH,Poly,eth_flow_0xa1cfdcfcd31f__r7fam15__inst01__synth_merge_src2,0xa1cfdcfcd31f63ef054f93cecced66359ad14369156a645f29bf859c00851419,0x65a8f07bd9a8598e1b5b6c0a88f4779dbc077675|0x81910675dbaf69dee0fd77570bfd07f8e436386a|0xaf9f549774ecedbd0966c52f250acc548d3f36e5,0x81910675dbaf69dee0fd77570bfd07f8e436386a,0xaf9f549774ecedbd0966c52f250acc548d3f36e5,RFuel,RFuel,0xa1cfdcfcd31f63ef054f93cecced66359ad14369156a645f29bf859c00851419_RFuel,1655226151,1655226151,1,8.158190422681896e+22,81581.90422681897,57.15628164297271,16.279070,16.279070,0.800000,bridge_deposit_flow
ETH,Poly,eth_flow_0xa1cfdcfcd31f__r7fam15__inst01__synth_unmatched_src,0xa1cfdcfcd31f63ef054f93cecced66359ad14369156a645f29bf859c00851419,0x65a8f07bd9a8598e1b5b6c0a88f4779dbc077675|0x81910675dbaf69dee0fd77570bfd07f8e436386a|0xaf9f549774ecedbd0966c52f250acc548d3f36e5,0x81910675dbaf69dee0fd77570bfd07f8e436386a,0xaf9f549774ecedbd0966c52f250acc548d3f36e5,RFuel,RFuel,0xa1cfdcfcd31f63ef054f93cecced66359ad14369156a645f29bf859c00851419_RFuel,1655226151,1655226151,1,1.6316380845363792e+23,163163.80845363793,114.31256328594542,16.279070,16.279070,0.800000,bridge_deposit_flow
ETH,Poly,eth_flow_0xa1cfdcfcd31f__r7fam15__inst01__synth_noise_src_0,0xa1cfdcfcd31f63ef054f93cecced66359ad14369156a645f29bf859c00851419,0x65a8f07bd9a8598e1b5b6c0a88f4779dbc077675|0x81910675dbaf69dee0fd77570bfd07f8e436386a|0xaf9f549774ecedbd0966c52f250acc548d3f36e5,0x81910675dbaf69dee0fd77570bfd07f8e436386a,0xaf9f549774ecedbd0966c52f250acc548d3f36e5,RFuel,RFuel,0xa1cfdcfcd31f63ef054f93cecced66359ad14369156a645f29bf859c00851419_RFuel,1655226151,1655226151,1,1.6316380845363792e+23,163163.80845363793,114.31256328594542,16.279070,16.279070,0.800000,bridge_deposit_flow
ETH,Poly,eth_flow_0xa1cfdcfcd31f__r7fam15__inst01__synth_noise_src_1,0xa1cfdcfcd31f63ef054f93cecced66359ad14369156a645f29bf859c00851419,0x65a8f07bd9a8598e1b5b6c0a88f4779dbc077675|0x81910675dbaf69dee0fd77570bfd07f8e436386a|0xaf9f549774ecedbd0966c52f250acc548d3f36e5,0x81910675dbaf69dee0fd77570bfd07f8e436386a,0xaf9f549774ecedbd0966c52f250acc548d3f36e5,RFuel,RFuel,0xa1cfdcfcd31f63ef054f93cecced66359ad14369156a645f29bf859c00851419_RFuel,1655226151,1655226151,1,1.6316380845363792e+23,163163.80845363793,114.31256328594542,16.279070,16.279070,0.800000,bridge_deposit_flow
ETH,Poly,eth_flow_0x5750cfedb037__r7fam16__inst00__synth_split_src,0x5750cfedb037499f700e34573e6d7c4bb5a11348dcfe2ad593c0e85765b9425b,0x7cb5648450bee34bd2d5977c0f3dbac0def2ebf9|0x81910675dbaf69dee0fd77570bfd07f8e436386a|0xaf9f549774ecedbd0966c52f250acc548d3f36e5,0x81910675dbaf69dee0fd77570bfd07f8e436386a,0xaf9f549774ecedbd0966c52f250acc548d3f36e5,RFuel,RFuel,0x5750cfedb037499f700e34573e6d7c4bb5a11348dcfe2ad593c0e85765b9425b_RFuel,1667114507,1667114507,1,1.651759707e+23,165175.9707,115.72228414444211,16.279070,16.279070,0.775000,bridge_deposit_flow
ETH,Poly,eth_flow_0x5750cfedb037__r7fam16__inst00__synth_merge_src1,0x5750cfedb037499f700e34573e6d7c4bb5a11348dcfe2ad593c0e85765b9425b,0x7cb5648450bee34bd2d5977c0f3dbac0def2ebf9|0x81910675dbaf69dee0fd77570bfd07f8e436386a|0xaf9f549774ecedbd0966c52f250acc548d3f36e5,0x81910675dbaf69dee0fd77570bfd07f8e436386a,0xaf9f549774ecedbd0966c52f250acc548d3f36e5,RFuel,RFuel,0x5750cfedb037499f700e34573e6d7c4bb5a11348dcfe2ad593c0e85765b9425b_RFuel,1667114507,1667114507,1,8.258798535e+22,82587.98535,57.86114207222106,16.279070,16.279070,0.775000,bridge_deposit_flow
ETH,Poly,eth_flow_0x5750cfedb037__r7fam16__inst00__synth_merge_src2,0x5750cfedb037499f700e34573e6d7c4bb5a11348dcfe2ad593c0e85765b9425b,0x7cb5648450bee34bd2d5977c0f3dbac0def2ebf9|0x81910675dbaf69dee0fd77570bfd07f8e436386a|0xaf9f549774ecedbd0966c52f250acc548d3f36e5,0x81910675dbaf69dee0fd77570bfd07f8e436386a,0xaf9f549774ecedbd0966c52f250acc548d3f36e5,RFuel,RFuel,0x5750cfedb037499f700e34573e6d7c4bb5a11348dcfe2ad593c0e85765b9425b_RFuel,1667114507,1667114507,1,8.258798535e+22,82587.98535,57.86114207222106,16.279070,16.279070,0.775000,bridge_deposit_flow
ETH,Poly,eth_flow_0x5750cfedb037__r7fam16__inst00__synth_unmatched_src,0x5750cfedb037499f700e34573e6d7c4bb5a11348dcfe2ad593c0e85765b9425b,0x7cb5648450bee34bd2d5977c0f3dbac0def2ebf9|0x81910675dbaf69dee0fd77570bfd07f8e436386a|0xaf9f549774ecedbd0966c52f250acc548d3f36e5,0x81910675dbaf69dee0fd77570bfd07f8e436386a,0xaf9f549774ecedbd0966c52f250acc548d3f36e5,RFuel,RFuel,0x5750cfedb037499f700e34573e6d7c4bb5a11348dcfe2ad593c0e85765b9425b_RFuel,1667114507,1667114507,1,1.651759707e+23,165175.9707,115.72228414444211,16.279070,16.279070,0.775000,bridge_deposit_flow
ETH,Poly,eth_flow_0x5750cfedb037__r7fam16__inst00__synth_noise_src_0,0x5750cfedb037499f700e34573e6d7c4bb5a11348dcfe2ad593c0e85765b9425b,0x7cb5648450bee34bd2d5977c0f3dbac0def2ebf9|0x81910675dbaf69dee0fd77570bfd07f8e436386a|0xaf9f549774ecedbd0966c52f250acc548d3f36e5,0x81910675dbaf69dee0fd77570bfd07f8e436386a,0xaf9f549774ecedbd0966c52f250acc548d3f36e5,RFuel,RFuel,0x5750cfedb037499f700e34573e6d7c4bb5a11348dcfe2ad593c0e85765b9425b_RFuel,1667114507,1667114507,1,1.651759707e+23,165175.9707,115.72228414444211,16.279070,16.279070,0.775000,bridge_deposit_flow
ETH,Poly,eth_flow_0x5750cfedb037__r7fam16__inst00__synth_noise_src_1,0x5750cfedb037499f700e34573e6d7c4bb5a11348dcfe2ad593c0e85765b9425b,0x7cb5648450bee34bd2d5977c0f3dbac0def2ebf9|0x81910675dbaf69dee0fd77570bfd07f8e436386a|0xaf9f549774ecedbd0966c52f250acc548d3f36e5,0x81910675dbaf69dee0fd77570bfd07f8e436386a,0xaf9f549774ecedbd0966c52f250acc548d3f36e5,RFuel,RFuel,0x5750cfedb037499f700e34573e6d7c4bb5a11348dcfe2ad593c0e85765b9425b_RFuel,1667114507,1667114507,1,1.651759707e+23,165175.9707,115.72228414444211,16.279070,16.279070,0.775000,bridge_deposit_flow
ETH,Poly,eth_flow_0x6e032f92608e__r7fam16__inst01__synth_split_src,0x6e032f92608e70429335078e3f070c575574ffffe8644f67a21e2b160c452484,0x4abb9cc67bd3da9eb966d1159a71a0e68bd15432|0x81910675dbaf69dee0fd77570bfd07f8e436386a|0x8594d8e9483473626908648a5539d9d65ca2fe8d,0x81910675dbaf69dee0fd77570bfd07f8e436386a,0x4abb9cc67bd3da9eb966d1159a71a0e68bd15432,KEL,KEL,0x6e032f92608e70429335078e3f070c575574ffffe8644f67a21e2b160c452484_KEL,1663240739,1663240739,1,1.1669427315240332e+23,116694.27315240332,130.57384151318692,16.279070,16.279070,0.775000,bridge_deposit_flow
ETH,Poly,eth_flow_0x6e032f92608e__r7fam16__inst01__synth_merge_src1,0x6e032f92608e70429335078e3f070c575574ffffe8644f67a21e2b160c452484,0x4abb9cc67bd3da9eb966d1159a71a0e68bd15432|0x81910675dbaf69dee0fd77570bfd07f8e436386a|0x8594d8e9483473626908648a5539d9d65ca2fe8d,0x81910675dbaf69dee0fd77570bfd07f8e436386a,0x4abb9cc67bd3da9eb966d1159a71a0e68bd15432,KEL,KEL,0x6e032f92608e70429335078e3f070c575574ffffe8644f67a21e2b160c452484_KEL,1663240739,1663240739,1,5.834713657620166e+22,58347.13657620166,65.28692075659346,16.279070,16.279070,0.775000,bridge_deposit_flow
ETH,Poly,eth_flow_0x6e032f92608e__r7fam16__inst01__synth_merge_src2,0x6e032f92608e70429335078e3f070c575574ffffe8644f67a21e2b160c452484,0x4abb9cc67bd3da9eb966d1159a71a0e68bd15432|0x81910675dbaf69dee0fd77570bfd07f8e436386a|0x8594d8e9483473626908648a5539d9d65ca2fe8d,0x81910675dbaf69dee0fd77570bfd07f8e436386a,0x4abb9cc67bd3da9eb966d1159a71a0e68bd15432,KEL,KEL,0x6e032f92608e70429335078e3f070c575574ffffe8644f67a21e2b160c452484_KEL,1663240739,1663240739,1,5.834713657620166e+22,58347.13657620166,65.28692075659346,16.279070,16.279070,0.775000,bridge_deposit_flow
ETH,Poly,eth_flow_0x6e032f92608e__r7fam16__inst01__synth_unmatched_src,0x6e032f92608e70429335078e3f070c575574ffffe8644f67a21e2b160c452484,0x4abb9cc67bd3da9eb966d1159a71a0e68bd15432|0x81910675dbaf69dee0fd77570bfd07f8e436386a|0x8594d8e9483473626908648a5539d9d65ca2fe8d,0x81910675dbaf69dee0fd77570bfd07f8e436386a,0x4abb9cc67bd3da9eb966d1159a71a0e68bd15432,KEL,KEL,0x6e032f92608e70429335078e3f070c575574ffffe8644f67a21e2b160c452484_KEL,1663240739,1663240739,1,1.1669427315240332e+23,116694.27315240332,130.57384151318692,16.279070,16.279070,0.775000,bridge_deposit_flow
ETH,Poly,eth_flow_0x6e032f92608e__r7fam16__inst01__synth_noise_src_0,0x6e032f92608e70429335078e3f070c575574ffffe8644f67a21e2b160c452484,0x4abb9cc67bd3da9eb966d1159a71a0e68bd15432|0x81910675dbaf69dee0fd77570bfd07f8e436386a|0x8594d8e9483473626908648a5539d9d65ca2fe8d,0x81910675dbaf69dee0fd77570bfd07f8e436386a,0x4abb9cc67bd3da9eb966d1159a71a0e68bd15432,KEL,KEL,0x6e032f92608e70429335078e3f070c575574ffffe8644f67a21e2b160c452484_KEL,1663240739,1663240739,1,1.1669427315240332e+23,116694.27315240332,130.57384151318692,16.279070,16.279070,0.775000,bridge_deposit_flow
ETH,Poly,eth_flow_0x6e032f92608e__r7fam16__inst01__synth_noise_src_1,0x6e032f92608e70429335078e3f070c575574ffffe8644f67a21e2b160c452484,0x4abb9cc67bd3da9eb966d1159a71a0e68bd15432|0x81910675dbaf69dee0fd77570bfd07f8e436386a|0x8594d8e9483473626908648a5539d9d65ca2fe8d,0x81910675dbaf69dee0fd77570bfd07f8e436386a,0x4abb9cc67bd3da9eb966d1159a71a0e68bd15432,KEL,KEL,0x6e032f92608e70429335078e3f070c575574ffffe8644f67a21e2b160c452484_KEL,1663240739,1663240739,1,1.1669427315240332e+23,116694.27315240332,130.57384151318692,16.279070,16.279070,0.775000,bridge_deposit_flow
ETH,Poly,eth_flow_0x72dd40ff4216__r7fam17__inst00__synth_split_src,0x72dd40ff4216657914b6c43f86ca71ac01baeb130fd8719097e40701dd0fe021,0x81910675dbaf69dee0fd77570bfd07f8e436386a|0x9e32b13ce7f2e80a01932b42553652e053d6ed8e|0xd54e4f8a55247487dd7c8c59f14ee5c0c2889477,0x81910675dbaf69dee0fd77570bfd07f8e436386a,0x9e32b13ce7f2e80a01932b42553652e053d6ed8e,Metis,Metis,0x72dd40ff4216657914b6c43f86ca71ac01baeb130fd8719097e40701dd0fe021_Metis,1668985295,1668985295,1,1.1e+20,110.0,299.12569919128805,16.279070,16.279070,0.775000,bridge_deposit_flow
ETH,Poly,eth_flow_0x72dd40ff4216__r7fam17__inst00__synth_merge_src1,0x72dd40ff4216657914b6c43f86ca71ac01baeb130fd8719097e40701dd0fe021,0x81910675dbaf69dee0fd77570bfd07f8e436386a|0x9e32b13ce7f2e80a01932b42553652e053d6ed8e|0xd54e4f8a55247487dd7c8c59f14ee5c0c2889477,0x81910675dbaf69dee0fd77570bfd07f8e436386a,0x9e32b13ce7f2e80a01932b42553652e053d6ed8e,Metis,Metis,0x72dd40ff4216657914b6c43f86ca71ac01baeb130fd8719097e40701dd0fe021_Metis,1668985295,1668985295,1,5.5e+19,55.0,149.56284959564402,16.279070,16.279070,0.775000,bridge_deposit_flow
ETH,Poly,eth_flow_0x72dd40ff4216__r7fam17__inst00__synth_merge_src2,0x72dd40ff4216657914b6c43f86ca71ac01baeb130fd8719097e40701dd0fe021,0x81910675dbaf69dee0fd77570bfd07f8e436386a|0x9e32b13ce7f2e80a01932b42553652e053d6ed8e|0xd54e4f8a55247487dd7c8c59f14ee5c0c2889477,0x81910675dbaf69dee0fd77570bfd07f8e436386a,0x9e32b13ce7f2e80a01932b42553652e053d6ed8e,Metis,Metis,0x72dd40ff4216657914b6c43f86ca71ac01baeb130fd8719097e40701dd0fe021_Metis,1668985295,1668985295,1,5.5e+19,55.0,149.56284959564402,16.279070,16.279070,0.775000,bridge_deposit_flow
ETH,Poly,eth_flow_0x72dd40ff4216__r7fam17__inst00__synth_unmatched_src,0x72dd40ff4216657914b6c43f86ca71ac01baeb130fd8719097e40701dd0fe021,0x81910675dbaf69dee0fd77570bfd07f8e436386a|0x9e32b13ce7f2e80a01932b42553652e053d6ed8e|0xd54e4f8a55247487dd7c8c59f14ee5c0c2889477,0x81910675dbaf69dee0fd77570bfd07f8e436386a,0x9e32b13ce7f2e80a01932b42553652e053d6ed8e,Metis,Metis,0x72dd40ff4216657914b6c43f86ca71ac01baeb130fd8719097e40701dd0fe021_Metis,1668985295,1668985295,1,1.1e+20,110.0,299.12569919128805,16.279070,16.279070,0.775000,bridge_deposit_flow
ETH,Poly,eth_flow_0x72dd40ff4216__r7fam17__inst00__synth_noise_src_0,0x72dd40ff4216657914b6c43f86ca71ac01baeb130fd8719097e40701dd0fe021,0x81910675dbaf69dee0fd77570bfd07f8e436386a|0x9e32b13ce7f2e80a01932b42553652e053d6ed8e|0xd54e4f8a55247487dd7c8c59f14ee5c0c2889477,0x81910675dbaf69dee0fd77570bfd07f8e436386a,0x9e32b13ce7f2e80a01932b42553652e053d6ed8e,Metis,Metis,0x72dd40ff4216657914b6c43f86ca71ac01baeb130fd8719097e40701dd0fe021_Metis,1668985295,1668985295,1,1.1e+20,110.0,299.12569919128805,16.279070,16.279070,0.775000,bridge_deposit_flow
ETH,Poly,eth_flow_0x72dd40ff4216__r7fam17__inst00__synth_noise_src_1,0x72dd40ff4216657914b6c43f86ca71ac01baeb130fd8719097e40701dd0fe021,0x81910675dbaf69dee0fd77570bfd07f8e436386a|0x9e32b13ce7f2e80a01932b42553652e053d6ed8e|0xd54e4f8a55247487dd7c8c59f14ee5c0c2889477,0x81910675dbaf69dee0fd77570bfd07f8e436386a,0x9e32b13ce7f2e80a01932b42553652e053d6ed8e,Metis,Metis,0x72dd40ff4216657914b6c43f86ca71ac01baeb130fd8719097e40701dd0fe021_Metis,1668985295,1668985295,1,1.1e+20,110.0,299.12569919128805,16.279070,16.279070,0.775000,bridge_deposit_flow
ETH,Poly,eth_flow_0x8705d24f13bf__r7fam17__inst01__synth_split_src,0x8705d24f13bfc24f7990d162dde85cb840fc114bc0571b8511ef87fdc6d59bf1,0x81910675dbaf69dee0fd77570bfd07f8e436386a|0x88f859db067c45b114897db6920f3e4a61a5ca66|0xaf9f549774ecedbd0966c52f250acc548d3f36e5,0x81910675dbaf69dee0fd77570bfd07f8e436386a,0xaf9f549774ecedbd0966c52f250acc548d3f36e5,RFuel,RFuel,0x8705d24f13bfc24f7990d162dde85cb840fc114bc0571b8511ef87fdc6d59bf1_RFuel,1669198403,1669198403,1,1.2949545114919885e+23,129495.45114919884,90.72451234760814,16.279070,16.279070,0.775000,bridge_deposit_flow
ETH,Poly,eth_flow_0x8705d24f13bf__r7fam17__inst01__synth_merge_src1,0x8705d24f13bfc24f7990d162dde85cb840fc114bc0571b8511ef87fdc6d59bf1,0x81910675dbaf69dee0fd77570bfd07f8e436386a|0x88f859db067c45b114897db6920f3e4a61a5ca66|0xaf9f549774ecedbd0966c52f250acc548d3f36e5,0x81910675dbaf69dee0fd77570bfd07f8e436386a,0xaf9f549774ecedbd0966c52f250acc548d3f36e5,RFuel,RFuel,0x8705d24f13bfc24f7990d162dde85cb840fc114bc0571b8511ef87fdc6d59bf1_RFuel,1669198403,1669198403,1,6.474772557459942e+22,64747.72557459942,45.36225617380407,16.279070,16.279070,0.775000,bridge_deposit_flow
ETH,Poly,eth_flow_0x8705d24f13bf__r7fam17__inst01__synth_merge_src2,0x8705d24f13bfc24f7990d162dde85cb840fc114bc0571b8511ef87fdc6d59bf1,0x81910675dbaf69dee0fd77570bfd07f8e436386a|0x88f859db067c45b114897db6920f3e4a61a5ca66|0xaf9f549774ecedbd0966c52f250acc548d3f36e5,0x81910675dbaf69dee0fd77570bfd07f8e436386a,0xaf9f549774ecedbd0966c52f250acc548d3f36e5,RFuel,RFuel,0x8705d24f13bfc24f7990d162dde85cb840fc114bc0571b8511ef87fdc6d59bf1_RFuel,1669198403,1669198403,1,6.474772557459942e+22,64747.72557459942,45.36225617380407,16.279070,16.279070,0.775000,bridge_deposit_flow
ETH,Poly,eth_flow_0x8705d24f13bf__r7fam17__inst01__synth_unmatched_src,0x8705d24f13bfc24f7990d162dde85cb840fc114bc0571b8511ef87fdc6d59bf1,0x81910675dbaf69dee0fd77570bfd07f8e436386a|0x88f859db067c45b114897db6920f3e4a61a5ca66|0xaf9f549774ecedbd0966c52f250acc548d3f36e5,0x81910675dbaf69dee0fd77570bfd07f8e436386a,0xaf9f549774ecedbd0966c52f250acc548d3f36e5,RFuel,RFuel,0x8705d24f13bfc24f7990d162dde85cb840fc114bc0571b8511ef87fdc6d59bf1_RFuel,1669198403,1669198403,1,1.2949545114919885e+23,129495.45114919884,90.72451234760814,16.279070,16.279070,0.775000,bridge_deposit_flow
ETH,Poly,eth_flow_0x8705d24f13bf__r7fam17__inst01__synth_noise_src_0,0x8705d24f13bfc24f7990d162dde85cb840fc114bc0571b8511ef87fdc6d59bf1,0x81910675dbaf69dee0fd77570bfd07f8e436386a|0x88f859db067c45b114897db6920f3e4a61a5ca66|0xaf9f549774ecedbd0966c52f250acc548d3f36e5,0x81910675dbaf69dee0fd77570bfd07f8e436386a,0xaf9f549774ecedbd0966c52f250acc548d3f36e5,RFuel,RFuel,0x8705d24f13bfc24f7990d162dde85cb840fc114bc0571b8511ef87fdc6d59bf1_RFuel,1669198403,1669198403,1,1.2949545114919885e+23,129495.45114919884,90.72451234760814,16.279070,16.279070,0.775000,bridge_deposit_flow
ETH,Poly,eth_flow_0x8705d24f13bf__r7fam17__inst01__synth_noise_src_1,0x8705d24f13bfc24f7990d162dde85cb840fc114bc0571b8511ef87fdc6d59bf1,0x81910675dbaf69dee0fd77570bfd07f8e436386a|0x88f859db067c45b114897db6920f3e4a61a5ca66|0xaf9f549774ecedbd0966c52f250acc548d3f36e5,0x81910675dbaf69dee0fd77570bfd07f8e436386a,0xaf9f549774ecedbd0966c52f250acc548d3f36e5,RFuel,RFuel,0x8705d24f13bfc24f7990d162dde85cb840fc114bc0571b8511ef87fdc6d59bf1_RFuel,1669198403,1669198403,1,1.2949545114919885e+23,129495.45114919884,90.72451234760814,16.279070,16.279070,0.775000,bridge_deposit_flow
ETH,Poly,eth_flow_0xc84f811033cd__r7fam18__inst00__synth_split_src,0xc84f811033cd3975e4b1bdcea7afb0670928ceb34739df1d01a69857a2e7ee6d,0x81910675dbaf69dee0fd77570bfd07f8e436386a|0x8594d8e9483473626908648a5539d9d65ca2fe8d|0x9e32b13ce7f2e80a01932b42553652e053d6ed8e,0x81910675dbaf69dee0fd77570bfd07f8e436386a,0x9e32b13ce7f2e80a01932b42553652e053d6ed8e,Metis,Metis,0xc84f811033cd3975e4b1bdcea7afb0670928ceb34739df1d01a69857a2e7ee6d_Metis,1657752753,1657752753,1,2.59e+20,259.0,704.3050553685782,16.279070,16.279070,0.800000,bridge_deposit_flow
ETH,Poly,eth_flow_0xc84f811033cd__r7fam18__inst00__synth_merge_src1,0xc84f811033cd3975e4b1bdcea7afb0670928ceb34739df1d01a69857a2e7ee6d,0x81910675dbaf69dee0fd77570bfd07f8e436386a|0x8594d8e9483473626908648a5539d9d65ca2fe8d|0x9e32b13ce7f2e80a01932b42553652e053d6ed8e,0x81910675dbaf69dee0fd77570bfd07f8e436386a,0x9e32b13ce7f2e80a01932b42553652e053d6ed8e,Metis,Metis,0xc84f811033cd3975e4b1bdcea7afb0670928ceb34739df1d01a69857a2e7ee6d_Metis,1657752753,1657752753,1,1.295e+20,129.5,352.1525276842891,16.279070,16.279070,0.800000,bridge_deposit_flow
ETH,Poly,eth_flow_0xc84f811033cd__r7fam18__inst00__synth_merge_src2,0xc84f811033cd3975e4b1bdcea7afb0670928ceb34739df1d01a69857a2e7ee6d,0x81910675dbaf69dee0fd77570bfd07f8e436386a|0x8594d8e9483473626908648a5539d9d65ca2fe8d|0x9e32b13ce7f2e80a01932b42553652e053d6ed8e,0x81910675dbaf69dee0fd77570bfd07f8e436386a,0x9e32b13ce7f2e80a01932b42553652e053d6ed8e,Metis,Metis,0xc84f811033cd3975e4b1bdcea7afb0670928ceb34739df1d01a69857a2e7ee6d_Metis,1657752753,1657752753,1,1.295e+20,129.5,352.1525276842891,16.279070,16.279070,0.800000,bridge_deposit_flow
ETH,Poly,eth_flow_0xc84f811033cd__r7fam18__inst00__synth_unmatched_src,0xc84f811033cd3975e4b1bdcea7afb0670928ceb34739df1d01a69857a2e7ee6d,0x81910675dbaf69dee0fd77570bfd07f8e436386a|0x8594d8e9483473626908648a5539d9d65ca2fe8d|0x9e32b13ce7f2e80a01932b42553652e053d6ed8e,0x81910675dbaf69dee0fd77570bfd07f8e436386a,0x9e32b13ce7f2e80a01932b42553652e053d6ed8e,Metis,Metis,0xc84f811033cd3975e4b1bdcea7afb0670928ceb34739df1d01a69857a2e7ee6d_Metis,1657752753,1657752753,1,2.59e+20,259.0,704.3050553685782,16.279070,16.279070,0.800000,bridge_deposit_flow
ETH,Poly,eth_flow_0xc84f811033cd__r7fam18__inst00__synth_noise_src_0,0xc84f811033cd3975e4b1bdcea7afb0670928ceb34739df1d01a69857a2e7ee6d,0x81910675dbaf69dee0fd77570bfd07f8e436386a|0x8594d8e9483473626908648a5539d9d65ca2fe8d|0x9e32b13ce7f2e80a01932b42553652e053d6ed8e,0x81910675dbaf69dee0fd77570bfd07f8e436386a,0x9e32b13ce7f2e80a01932b42553652e053d6ed8e,Metis,Metis,0xc84f811033cd3975e4b1bdcea7afb0670928ceb34739df1d01a69857a2e7ee6d_Metis,1657752753,1657752753,1,2.59e+20,259.0,704.3050553685782,16.279070,16.279070,0.800000,bridge_deposit_flow
ETH,Poly,eth_flow_0xc84f811033cd__r7fam18__inst00__synth_noise_src_1,0xc84f811033cd3975e4b1bdcea7afb0670928ceb34739df1d01a69857a2e7ee6d,0x81910675dbaf69dee0fd77570bfd07f8e436386a|0x8594d8e9483473626908648a5539d9d65ca2fe8d|0x9e32b13ce7f2e80a01932b42553652e053d6ed8e,0x81910675dbaf69dee0fd77570bfd07f8e436386a,0x9e32b13ce7f2e80a01932b42553652e053d6ed8e,Metis,Metis,0xc84f811033cd3975e4b1bdcea7afb0670928ceb34739df1d01a69857a2e7ee6d_Metis,1657752753,1657752753,1,2.59e+20,259.0,704.3050553685782,16.279070,16.279070,0.800000,bridge_deposit_flow
ETH,Poly,eth_flow_0x6d807e5b3f98__r7fam18__inst01__synth_split_src,0x6d807e5b3f98112dcf4163b7de061083bb72f2b90b606113a59372d0f25b5ce7,0x5ba4ce2604a37862775ce72bdedc970a325a588d|0x81910675dbaf69dee0fd77570bfd07f8e436386a|0xaf9f549774ecedbd0966c52f250acc548d3f36e5,0x81910675dbaf69dee0fd77570bfd07f8e436386a,0xaf9f549774ecedbd0966c52f250acc548d3f36e5,RFuel,RFuel,0x6d807e5b3f98112dcf4163b7de061083bb72f2b90b606113a59372d0f25b5ce7_RFuel,1651700971,1651700971,1,1.207368e+24,1207368.0,845.8820140168656,16.279070,16.279070,0.800000,bridge_deposit_flow
ETH,Poly,eth_flow_0x6d807e5b3f98__r7fam18__inst01__synth_merge_src1,0x6d807e5b3f98112dcf4163b7de061083bb72f2b90b606113a59372d0f25b5ce7,0x5ba4ce2604a37862775ce72bdedc970a325a588d|0x81910675dbaf69dee0fd77570bfd07f8e436386a|0xaf9f549774ecedbd0966c52f250acc548d3f36e5,0x81910675dbaf69dee0fd77570bfd07f8e436386a,0xaf9f549774ecedbd0966c52f250acc548d3f36e5,RFuel,RFuel,0x6d807e5b3f98112dcf4163b7de061083bb72f2b90b606113a59372d0f25b5ce7_RFuel,1651700971,1651700971,1,6.03684e+23,603684.0,422.9410070084328,16.279070,16.279070,0.800000,bridge_deposit_flow
ETH,Poly,eth_flow_0x6d807e5b3f98__r7fam18__inst01__synth_merge_src2,0x6d807e5b3f98112dcf4163b7de061083bb72f2b90b606113a59372d0f25b5ce7,0x5ba4ce2604a37862775ce72bdedc970a325a588d|0x81910675dbaf69dee0fd77570bfd07f8e436386a|0xaf9f549774ecedbd0966c52f250acc548d3f36e5,0x81910675dbaf69dee0fd77570bfd07f8e436386a,0xaf9f549774ecedbd0966c52f250acc548d3f36e5,RFuel,RFuel,0x6d807e5b3f98112dcf4163b7de061083bb72f2b90b606113a59372d0f25b5ce7_RFuel,1651700971,1651700971,1,6.03684e+23,603684.0,422.9410070084328,16.279070,16.279070,0.800000,bridge_deposit_flow
ETH,Poly,eth_flow_0x6d807e5b3f98__r7fam18__inst01__synth_unmatched_src,0x6d807e5b3f98112dcf4163b7de061083bb72f2b90b606113a59372d0f25b5ce7,0x5ba4ce2604a37862775ce72bdedc970a325a588d|0x81910675dbaf69dee0fd77570bfd07f8e436386a|0xaf9f549774ecedbd0966c52f250acc548d3f36e5,0x81910675dbaf69dee0fd77570bfd07f8e436386a,0xaf9f549774ecedbd0966c52f250acc548d3f36e5,RFuel,RFuel,0x6d807e5b3f98112dcf4163b7de061083bb72f2b90b606113a59372d0f25b5ce7_RFuel,1651700971,1651700971,1,1.207368e+24,1207368.0,845.8820140168656,16.279070,16.279070,0.800000,bridge_deposit_flow
ETH,Poly,eth_flow_0x6d807e5b3f98__r7fam18__inst01__synth_noise_src_0,0x6d807e5b3f98112dcf4163b7de061083bb72f2b90b606113a59372d0f25b5ce7,0x5ba4ce2604a37862775ce72bdedc970a325a588d|0x81910675dbaf69dee0fd77570bfd07f8e436386a|0xaf9f549774ecedbd0966c52f250acc548d3f36e5,0x81910675dbaf69dee0fd77570bfd07f8e436386a,0xaf9f549774ecedbd0966c52f250acc548d3f36e5,RFuel,RFuel,0x6d807e5b3f98112dcf4163b7de061083bb72f2b90b606113a59372d0f25b5ce7_RFuel,1651700971,1651700971,1,1.207368e+24,1207368.0,845.8820140168656,16.279070,16.279070,0.800000,bridge_deposit_flow
ETH,Poly,eth_flow_0x6d807e5b3f98__r7fam18__inst01__synth_noise_src_1,0x6d807e5b3f98112dcf4163b7de061083bb72f2b90b606113a59372d0f25b5ce7,0x5ba4ce2604a37862775ce72bdedc970a325a588d|0x81910675dbaf69dee0fd77570bfd07f8e436386a|0xaf9f549774ecedbd0966c52f250acc548d3f36e5,0x81910675dbaf69dee0fd77570bfd07f8e436386a,0xaf9f549774ecedbd0966c52f250acc548d3f36e5,RFuel,RFuel,0x6d807e5b3f98112dcf4163b7de061083bb72f2b90b606113a59372d0f25b5ce7_RFuel,1651700971,1651700971,1,1.207368e+24,1207368.0,845.8820140168656,16.279070,16.279070,0.800000,bridge_deposit_flow
ETH,Poly,eth_flow_0xa862f2a4e378__r7fam19__inst00__synth_split_src,0xa862f2a4e3784fb80109b876aade2956a666b69bd585c0ff7ee5541dc2aeeea8,0x81910675dbaf69dee0fd77570bfd07f8e436386a|0x8594d8e9483473626908648a5539d9d65ca2fe8d|0x9e32b13ce7f2e80a01932b42553652e053d6ed8e,0x81910675dbaf69dee0fd77570bfd07f8e436386a,0x9e32b13ce7f2e80a01932b42553652e053d6ed8e,Metis,Metis,0xa862f2a4e3784fb80109b876aade2956a666b69bd585c0ff7ee5541dc2aeeea8_Metis,1658567235,1658567235,1,2.3548356149348214e+20,235.48356149348217,640.356227089023,16.279070,16.279070,0.800000,bridge_deposit_flow
ETH,Poly,eth_flow_0xa862f2a4e378__r7fam19__inst00__synth_merge_src1,0xa862f2a4e3784fb80109b876aade2956a666b69bd585c0ff7ee5541dc2aeeea8,0x81910675dbaf69dee0fd77570bfd07f8e436386a|0x8594d8e9483473626908648a5539d9d65ca2fe8d|0x9e32b13ce7f2e80a01932b42553652e053d6ed8e,0x81910675dbaf69dee0fd77570bfd07f8e436386a,0x9e32b13ce7f2e80a01932b42553652e053d6ed8e,Metis,Metis,0xa862f2a4e3784fb80109b876aade2956a666b69bd585c0ff7ee5541dc2aeeea8_Metis,1658567235,1658567235,1,1.1774178074674107e+20,117.74178074674109,320.1781135445115,16.279070,16.279070,0.800000,bridge_deposit_flow
ETH,Poly,eth_flow_0xa862f2a4e378__r7fam19__inst00__synth_merge_src2,0xa862f2a4e3784fb80109b876aade2956a666b69bd585c0ff7ee5541dc2aeeea8,0x81910675dbaf69dee0fd77570bfd07f8e436386a|0x8594d8e9483473626908648a5539d9d65ca2fe8d|0x9e32b13ce7f2e80a01932b42553652e053d6ed8e,0x81910675dbaf69dee0fd77570bfd07f8e436386a,0x9e32b13ce7f2e80a01932b42553652e053d6ed8e,Metis,Metis,0xa862f2a4e3784fb80109b876aade2956a666b69bd585c0ff7ee5541dc2aeeea8_Metis,1658567235,1658567235,1,1.1774178074674107e+20,117.74178074674109,320.1781135445115,16.279070,16.279070,0.800000,bridge_deposit_flow
ETH,Poly,eth_flow_0xa862f2a4e378__r7fam19__inst00__synth_unmatched_src,0xa862f2a4e3784fb80109b876aade2956a666b69bd585c0ff7ee5541dc2aeeea8,0x81910675dbaf69dee0fd77570bfd07f8e436386a|0x8594d8e9483473626908648a5539d9d65ca2fe8d|0x9e32b13ce7f2e80a01932b42553652e053d6ed8e,0x81910675dbaf69dee0fd77570bfd07f8e436386a,0x9e32b13ce7f2e80a01932b42553652e053d6ed8e,Metis,Metis,0xa862f2a4e3784fb80109b876aade2956a666b69bd585c0ff7ee5541dc2aeeea8_Metis,1658567235,1658567235,1,2.3548356149348214e+20,235.48356149348217,640.356227089023,16.279070,16.279070,0.800000,bridge_deposit_flow
ETH,Poly,eth_flow_0xa862f2a4e378__r7fam19__inst00__synth_noise_src_0,0xa862f2a4e3784fb80109b876aade2956a666b69bd585c0ff7ee5541dc2aeeea8,0x81910675dbaf69dee0fd77570bfd07f8e436386a|0x8594d8e9483473626908648a5539d9d65ca2fe8d|0x9e32b13ce7f2e80a01932b42553652e053d6ed8e,0x81910675dbaf69dee0fd77570bfd07f8e436386a,0x9e32b13ce7f2e80a01932b42553652e053d6ed8e,Metis,Metis,0xa862f2a4e3784fb80109b876aade2956a666b69bd585c0ff7ee5541dc2aeeea8_Metis,1658567235,1658567235,1,2.3548356149348214e+20,235.48356149348217,640.356227089023,16.279070,16.279070,0.800000,bridge_deposit_flow
ETH,Poly,eth_flow_0xa862f2a4e378__r7fam19__inst00__synth_noise_src_1,0xa862f2a4e3784fb80109b876aade2956a666b69bd585c0ff7ee5541dc2aeeea8,0x81910675dbaf69dee0fd77570bfd07f8e436386a|0x8594d8e9483473626908648a5539d9d65ca2fe8d|0x9e32b13ce7f2e80a01932b42553652e053d6ed8e,0x81910675dbaf69dee0fd77570bfd07f8e436386a,0x9e32b13ce7f2e80a01932b42553652e053d6ed8e,Metis,Metis,0xa862f2a4e3784fb80109b876aade2956a666b69bd585c0ff7ee5541dc2aeeea8_Metis,1658567235,1658567235,1,2.3548356149348214e+20,235.48356149348217,640.356227089023,16.279070,16.279070,0.800000,bridge_deposit_flow
ETH,Poly,eth_flow_0x116e74b2b745__r7fam19__inst01__synth_split_src,0x116e74b2b745ded9db31a5483e32cdea0ac6fb2aee8c8e2f5a9ee5b06a85ccc9,0x81910675dbaf69dee0fd77570bfd07f8e436386a|0x9e32b13ce7f2e80a01932b42553652e053d6ed8e|0xcb018790c03bdfd33a82354dee4e320f1398d66f,0x81910675dbaf69dee0fd77570bfd07f8e436386a,0x9e32b13ce7f2e80a01932b42553652e053d6ed8e,Metis,Metis,0x116e74b2b745ded9db31a5483e32cdea0ac6fb2aee8c8e2f5a9ee5b06a85ccc9_Metis,1644651404,1644651404,1,1.8297563141121953e+20,182.97563141121952,497.5701243713496,16.279070,16.279070,0.800000,bridge_deposit_flow
ETH,Poly,eth_flow_0x116e74b2b745__r7fam19__inst01__synth_merge_src1,0x116e74b2b745ded9db31a5483e32cdea0ac6fb2aee8c8e2f5a9ee5b06a85ccc9,0x81910675dbaf69dee0fd77570bfd07f8e436386a|0x9e32b13ce7f2e80a01932b42553652e053d6ed8e|0xcb018790c03bdfd33a82354dee4e320f1398d66f,0x81910675dbaf69dee0fd77570bfd07f8e436386a,0x9e32b13ce7f2e80a01932b42553652e053d6ed8e,Metis,Metis,0x116e74b2b745ded9db31a5483e32cdea0ac6fb2aee8c8e2f5a9ee5b06a85ccc9_Metis,1644651404,1644651404,1,9.148781570560976e+19,91.48781570560976,248.7850621856748,16.279070,16.279070,0.800000,bridge_deposit_flow
ETH,Poly,eth_flow_0x116e74b2b745__r7fam19__inst01__synth_merge_src2,0x116e74b2b745ded9db31a5483e32cdea0ac6fb2aee8c8e2f5a9ee5b06a85ccc9,0x81910675dbaf69dee0fd77570bfd07f8e436386a|0x9e32b13ce7f2e80a01932b42553652e053d6ed8e|0xcb018790c03bdfd33a82354dee4e320f1398d66f,0x81910675dbaf69dee0fd77570bfd07f8e436386a,0x9e32b13ce7f2e80a01932b42553652e053d6ed8e,Metis,Metis,0x116e74b2b745ded9db31a5483e32cdea0ac6fb2aee8c8e2f5a9ee5b06a85ccc9_Metis,1644651404,1644651404,1,9.148781570560976e+19,91.48781570560976,248.7850621856748,16.279070,16.279070,0.800000,bridge_deposit_flow
ETH,Poly,eth_flow_0x116e74b2b745__r7fam19__inst01__synth_unmatched_src,0x116e74b2b745ded9db31a5483e32cdea0ac6fb2aee8c8e2f5a9ee5b06a85ccc9,0x81910675dbaf69dee0fd77570bfd07f8e436386a|0x9e32b13ce7f2e80a01932b42553652e053d6ed8e|0xcb018790c03bdfd33a82354dee4e320f1398d66f,0x81910675dbaf69dee0fd77570bfd07f8e436386a,0x9e32b13ce7f2e80a01932b42553652e053d6ed8e,Metis,Metis,0x116e74b2b745ded9db31a5483e32cdea0ac6fb2aee8c8e2f5a9ee5b06a85ccc9_Metis,1644651404,1644651404,1,1.8297563141121953e+20,182.97563141121952,497.5701243713496,16.279070,16.279070,0.800000,bridge_deposit_flow
ETH,Poly,eth_flow_0x116e74b2b745__r7fam19__inst01__synth_noise_src_0,0x116e74b2b745ded9db31a5483e32cdea0ac6fb2aee8c8e2f5a9ee5b06a85ccc9,0x81910675dbaf69dee0fd77570bfd07f8e436386a|0x9e32b13ce7f2e80a01932b42553652e053d6ed8e|0xcb018790c03bdfd33a82354dee4e320f1398d66f,0x81910675dbaf69dee0fd77570bfd07f8e436386a,0x9e32b13ce7f2e80a01932b42553652e053d6ed8e,Metis,Metis,0x116e74b2b745ded9db31a5483e32cdea0ac6fb2aee8c8e2f5a9ee5b06a85ccc9_Metis,1644651404,1644651404,1,1.8297563141121953e+20,182.97563141121952,497.5701243713496,16.279070,16.279070,0.800000,bridge_deposit_flow
ETH,Poly,eth_flow_0x116e74b2b745__r7fam19__inst01__synth_noise_src_1,0x116e74b2b745ded9db31a5483e32cdea0ac6fb2aee8c8e2f5a9ee5b06a85ccc9,0x81910675dbaf69dee0fd77570bfd07f8e436386a|0x9e32b13ce7f2e80a01932b42553652e053d6ed8e|0xcb018790c03bdfd33a82354dee4e320f1398d66f,0x81910675dbaf69dee0fd77570bfd07f8e436386a,0x9e32b13ce7f2e80a01932b42553652e053d6ed8e,Metis,Metis,0x116e74b2b745ded9db31a5483e32cdea0ac6fb2aee8c8e2f5a9ee5b06a85ccc9_Metis,1644651404,1644651404,1,1.8297563141121953e+20,182.97563141121952,497.5701243713496,16.279070,16.279070,0.800000,bridge_deposit_flow
ETH,Poly,eth_flow_0xfccc90496897__r7fam20__inst00__synth_split_src,0xfccc9049689773e605b51972d32a70eff9f4d9b3ca5c05b492ed087daf2663d3,0x81910675dbaf69dee0fd77570bfd07f8e436386a|0x9e32b13ce7f2e80a01932b42553652e053d6ed8e|0xf2ce52e3d0eb5d237341c9a75ca24647d87d7e55,0x81910675dbaf69dee0fd77570bfd07f8e436386a,0x9e32b13ce7f2e80a01932b42553652e053d6ed8e,Metis,Metis,0xfccc9049689773e605b51972d32a70eff9f4d9b3ca5c05b492ed087daf2663d3_Metis,1652939698,1652939698,1,1.4175038848500908e+20,141.75038848500907,385.4653096928641,16.279070,16.279070,0.800000,bridge_deposit_flow
ETH,Poly,eth_flow_0xfccc90496897__r7fam20__inst00__synth_merge_src1,0xfccc9049689773e605b51972d32a70eff9f4d9b3ca5c05b492ed087daf2663d3,0x81910675dbaf69dee0fd77570bfd07f8e436386a|0x9e32b13ce7f2e80a01932b42553652e053d6ed8e|0xf2ce52e3d0eb5d237341c9a75ca24647d87d7e55,0x81910675dbaf69dee0fd77570bfd07f8e436386a,0x9e32b13ce7f2e80a01932b42553652e053d6ed8e,Metis,Metis,0xfccc9049689773e605b51972d32a70eff9f4d9b3ca5c05b492ed087daf2663d3_Metis,1652939698,1652939698,1,7.087519424250454e+19,70.87519424250453,192.73265484643204,16.279070,16.279070,0.800000,bridge_deposit_flow
ETH,Poly,eth_flow_0xfccc90496897__r7fam20__inst00__synth_merge_src2,0xfccc9049689773e605b51972d32a70eff9f4d9b3ca5c05b492ed087daf2663d3,0x81910675dbaf69dee0fd77570bfd07f8e436386a|0x9e32b13ce7f2e80a01932b42553652e053d6ed8e|0xf2ce52e3d0eb5d237341c9a75ca24647d87d7e55,0x81910675dbaf69dee0fd77570bfd07f8e436386a,0x9e32b13ce7f2e80a01932b42553652e053d6ed8e,Metis,Metis,0xfccc9049689773e605b51972d32a70eff9f4d9b3ca5c05b492ed087daf2663d3_Metis,1652939698,1652939698,1,7.087519424250454e+19,70.87519424250453,192.73265484643204,16.279070,16.279070,0.800000,bridge_deposit_flow
ETH,Poly,eth_flow_0xfccc90496897__r7fam20__inst00__synth_unmatched_src,0xfccc9049689773e605b51972d32a70eff9f4d9b3ca5c05b492ed087daf2663d3,0x81910675dbaf69dee0fd77570bfd07f8e436386a|0x9e32b13ce7f2e80a01932b42553652e053d6ed8e|0xf2ce52e3d0eb5d237341c9a75ca24647d87d7e55,0x81910675dbaf69dee0fd77570bfd07f8e436386a,0x9e32b13ce7f2e80a01932b42553652e053d6ed8e,Metis,Metis,0xfccc9049689773e605b51972d32a70eff9f4d9b3ca5c05b492ed087daf2663d3_Metis,1652939698,1652939698,1,1.4175038848500908e+20,141.75038848500907,385.4653096928641,16.279070,16.279070,0.800000,bridge_deposit_flow
ETH,Poly,eth_flow_0xfccc90496897__r7fam20__inst00__synth_noise_src_0,0xfccc9049689773e605b51972d32a70eff9f4d9b3ca5c05b492ed087daf2663d3,0x81910675dbaf69dee0fd77570bfd07f8e436386a|0x9e32b13ce7f2e80a01932b42553652e053d6ed8e|0xf2ce52e3d0eb5d237341c9a75ca24647d87d7e55,0x81910675dbaf69dee0fd77570bfd07f8e436386a,0x9e32b13ce7f2e80a01932b42553652e053d6ed8e,Metis,Metis,0xfccc9049689773e605b51972d32a70eff9f4d9b3ca5c05b492ed087daf2663d3_Metis,1652939698,1652939698,1,1.4175038848500908e+20,141.75038848500907,385.4653096928641,16.279070,16.279070,0.800000,bridge_deposit_flow
ETH,Poly,eth_flow_0xfccc90496897__r7fam20__inst00__synth_noise_src_1,0xfccc9049689773e605b51972d32a70eff9f4d9b3ca5c05b492ed087daf2663d3,0x81910675dbaf69dee0fd77570bfd07f8e436386a|0x9e32b13ce7f2e80a01932b42553652e053d6ed8e|0xf2ce52e3d0eb5d237341c9a75ca24647d87d7e55,0x81910675dbaf69dee0fd77570bfd07f8e436386a,0x9e32b13ce7f2e80a01932b42553652e053d6ed8e,Metis,Metis,0xfccc9049689773e605b51972d32a70eff9f4d9b3ca5c05b492ed087daf2663d3_Metis,1652939698,1652939698,1,1.4175038848500908e+20,141.75038848500907,385.4653096928641,16.279070,16.279070,0.800000,bridge_deposit_flow
ETH,Poly,eth_flow_0x1bce2e124056__r7fam20__inst01__synth_split_src,0x1bce2e12405651bc5ad20c5119e8756b5475bfcd1c0a22651d656c9eed8b1c15,0x81910675dbaf69dee0fd77570bfd07f8e436386a|0x9e32b13ce7f2e80a01932b42553652e053d6ed8e|0xf2ce52e3d0eb5d237341c9a75ca24647d87d7e55,0x81910675dbaf69dee0fd77570bfd07f8e436386a,0x9e32b13ce7f2e80a01932b42553652e053d6ed8e,Metis,Metis,0x1bce2e12405651bc5ad20c5119e8756b5475bfcd1c0a22651d656c9eed8b1c15_Metis,1660520811,1660520811,1,1.3626411535083068e+20,136.26411535083068,370.5463525363596,16.279070,16.279070,0.800000,bridge_deposit_flow
ETH,Poly,eth_flow_0x1bce2e124056__r7fam20__inst01__synth_merge_src1,0x1bce2e12405651bc5ad20c5119e8756b5475bfcd1c0a22651d656c9eed8b1c15,0x81910675dbaf69dee0fd77570bfd07f8e436386a|0x9e32b13ce7f2e80a01932b42553652e053d6ed8e|0xf2ce52e3d0eb5d237341c9a75ca24647d87d7e55,0x81910675dbaf69dee0fd77570bfd07f8e436386a,0x9e32b13ce7f2e80a01932b42553652e053d6ed8e,Metis,Metis,0x1bce2e12405651bc5ad20c5119e8756b5475bfcd1c0a22651d656c9eed8b1c15_Metis,1660520811,1660520811,1,6.813205767541534e+19,68.13205767541534,185.2731762681798,16.279070,16.279070,0.800000,bridge_deposit_flow
ETH,Poly,eth_flow_0x1bce2e124056__r7fam20__inst01__synth_merge_src2,0x1bce2e12405651bc5ad20c5119e8756b5475bfcd1c0a22651d656c9eed8b1c15,0x81910675dbaf69dee0fd77570bfd07f8e436386a|0x9e32b13ce7f2e80a01932b42553652e053d6ed8e|0xf2ce52e3d0eb5d237341c9a75ca24647d87d7e55,0x81910675dbaf69dee0fd77570bfd07f8e436386a,0x9e32b13ce7f2e80a01932b42553652e053d6ed8e,Metis,Metis,0x1bce2e12405651bc5ad20c5119e8756b5475bfcd1c0a22651d656c9eed8b1c15_Metis,1660520811,1660520811,1,6.813205767541534e+19,68.13205767541534,185.2731762681798,16.279070,16.279070,0.800000,bridge_deposit_flow
ETH,Poly,eth_flow_0x1bce2e124056__r7fam20__inst01__synth_unmatched_src,0x1bce2e12405651bc5ad20c5119e8756b5475bfcd1c0a22651d656c9eed8b1c15,0x81910675dbaf69dee0fd77570bfd07f8e436386a|0x9e32b13ce7f2e80a01932b42553652e053d6ed8e|0xf2ce52e3d0eb5d237341c9a75ca24647d87d7e55,0x81910675dbaf69dee0fd77570bfd07f8e436386a,0x9e32b13ce7f2e80a01932b42553652e053d6ed8e,Metis,Metis,0x1bce2e12405651bc5ad20c5119e8756b5475bfcd1c0a22651d656c9eed8b1c15_Metis,1660520811,1660520811,1,1.3626411535083068e+20,136.26411535083068,370.5463525363596,16.279070,16.279070,0.800000,bridge_deposit_flow
ETH,Poly,eth_flow_0x1bce2e124056__r7fam20__inst01__synth_noise_src_0,0x1bce2e12405651bc5ad20c5119e8756b5475bfcd1c0a22651d656c9eed8b1c15,0x81910675dbaf69dee0fd77570bfd07f8e436386a|0x9e32b13ce7f2e80a01932b42553652e053d6ed8e|0xf2ce52e3d0eb5d237341c9a75ca24647d87d7e55,0x81910675dbaf69dee0fd77570bfd07f8e436386a,0x9e32b13ce7f2e80a01932b42553652e053d6ed8e,Metis,Metis,0x1bce2e12405651bc5ad20c5119e8756b5475bfcd1c0a22651d656c9eed8b1c15_Metis,1660520811,1660520811,1,1.3626411535083068e+20,136.26411535083068,370.5463525363596,16.279070,16.279070,0.800000,bridge_deposit_flow
ETH,Poly,eth_flow_0x1bce2e124056__r7fam20__inst01__synth_noise_src_1,0x1bce2e12405651bc5ad20c5119e8756b5475bfcd1c0a22651d656c9eed8b1c15,0x81910675dbaf69dee0fd77570bfd07f8e436386a|0x9e32b13ce7f2e80a01932b42553652e053d6ed8e|0xf2ce52e3d0eb5d237341c9a75ca24647d87d7e55,0x81910675dbaf69dee0fd77570bfd07f8e436386a,0x9e32b13ce7f2e80a01932b42553652e053d6ed8e,Metis,Metis,0x1bce2e12405651bc5ad20c5119e8756b5475bfcd1c0a22651d656c9eed8b1c15_Metis,1660520811,1660520811,1,1.3626411535083068e+20,136.26411535083068,370.5463525363596,16.279070,16.279070,0.800000,bridge_deposit_flow
ETH,Poly,eth_flow_0xd8abea6456a9__r7fam21__inst00__synth_split_src,0xd8abea6456a903b97e9f201d4eab3d7be93fffc10cc54e881e9b6e8d8b1609ce,0x1bad1270426b8059a783704308cec80753de0b38|0x81910675dbaf69dee0fd77570bfd07f8e436386a|0x9e32b13ce7f2e80a01932b42553652e053d6ed8e,0x81910675dbaf69dee0fd77570bfd07f8e436386a,0x9e32b13ce7f2e80a01932b42553652e053d6ed8e,Metis,Metis,0xd8abea6456a903b97e9f201d4eab3d7be93fffc10cc54e881e9b6e8d8b1609ce_Metis,1652701952,1652701952,1,1.427058375606441e+20,142.7058375606441,388.0634858091459,16.279070,16.279070,0.800000,bridge_deposit_flow
ETH,Poly,eth_flow_0xd8abea6456a9__r7fam21__inst00__synth_merge_src1,0xd8abea6456a903b97e9f201d4eab3d7be93fffc10cc54e881e9b6e8d8b1609ce,0x1bad1270426b8059a783704308cec80753de0b38|0x81910675dbaf69dee0fd77570bfd07f8e436386a|0x9e32b13ce7f2e80a01932b42553652e053d6ed8e,0x81910675dbaf69dee0fd77570bfd07f8e436386a,0x9e32b13ce7f2e80a01932b42553652e053d6ed8e,Metis,Metis,0xd8abea6456a903b97e9f201d4eab3d7be93fffc10cc54e881e9b6e8d8b1609ce_Metis,1652701952,1652701952,1,7.135291878032205e+19,71.35291878032206,194.03174290457295,16.279070,16.279070,0.800000,bridge_deposit_flow
ETH,Poly,eth_flow_0xd8abea6456a9__r7fam21__inst00__synth_merge_src2,0xd8abea6456a903b97e9f201d4eab3d7be93fffc10cc54e881e9b6e8d8b1609ce,0x1bad1270426b8059a783704308cec80753de0b38|0x81910675dbaf69dee0fd77570bfd07f8e436386a|0x9e32b13ce7f2e80a01932b42553652e053d6ed8e,0x81910675dbaf69dee0fd77570bfd07f8e436386a,0x9e32b13ce7f2e80a01932b42553652e053d6ed8e,Metis,Metis,0xd8abea6456a903b97e9f201d4eab3d7be93fffc10cc54e881e9b6e8d8b1609ce_Metis,1652701952,1652701952,1,7.135291878032205e+19,71.35291878032206,194.03174290457295,16.279070,16.279070,0.800000,bridge_deposit_flow
ETH,Poly,eth_flow_0xd8abea6456a9__r7fam21__inst00__synth_unmatched_src,0xd8abea6456a903b97e9f201d4eab3d7be93fffc10cc54e881e9b6e8d8b1609ce,0x1bad1270426b8059a783704308cec80753de0b38|0x81910675dbaf69dee0fd77570bfd07f8e436386a|0x9e32b13ce7f2e80a01932b42553652e053d6ed8e,0x81910675dbaf69dee0fd77570bfd07f8e436386a,0x9e32b13ce7f2e80a01932b42553652e053d6ed8e,Metis,Metis,0xd8abea6456a903b97e9f201d4eab3d7be93fffc10cc54e881e9b6e8d8b1609ce_Metis,1652701952,1652701952,1,1.427058375606441e+20,142.7058375606441,388.0634858091459,16.279070,16.279070,0.800000,bridge_deposit_flow
ETH,Poly,eth_flow_0xd8abea6456a9__r7fam21__inst00__synth_noise_src_0,0xd8abea6456a903b97e9f201d4eab3d7be93fffc10cc54e881e9b6e8d8b1609ce,0x1bad1270426b8059a783704308cec80753de0b38|0x81910675dbaf69dee0fd77570bfd07f8e436386a|0x9e32b13ce7f2e80a01932b42553652e053d6ed8e,0x81910675dbaf69dee0fd77570bfd07f8e436386a,0x9e32b13ce7f2e80a01932b42553652e053d6ed8e,Metis,Metis,0xd8abea6456a903b97e9f201d4eab3d7be93fffc10cc54e881e9b6e8d8b1609ce_Metis,1652701952,1652701952,1,1.427058375606441e+20,142.7058375606441,388.0634858091459,16.279070,16.279070,0.800000,bridge_deposit_flow
ETH,Poly,eth_flow_0xd8abea6456a9__r7fam21__inst00__synth_noise_src_1,0xd8abea6456a903b97e9f201d4eab3d7be93fffc10cc54e881e9b6e8d8b1609ce,0x1bad1270426b8059a783704308cec80753de0b38|0x81910675dbaf69dee0fd77570bfd07f8e436386a|0x9e32b13ce7f2e80a01932b42553652e053d6ed8e,0x81910675dbaf69dee0fd77570bfd07f8e436386a,0x9e32b13ce7f2e80a01932b42553652e053d6ed8e,Metis,Metis,0xd8abea6456a903b97e9f201d4eab3d7be93fffc10cc54e881e9b6e8d8b1609ce_Metis,1652701952,1652701952,1,1.427058375606441e+20,142.7058375606441,388.0634858091459,16.279070,16.279070,0.800000,bridge_deposit_flow
ETH,Poly,eth_flow_0x71987781dd16__r7fam21__inst01__synth_split_src,0x71987781dd165ad98f31fc3ed66c1d641b5af3b3f0f168fcee6286583ff1a1f9,0x81910675dbaf69dee0fd77570bfd07f8e436386a|0x8d484c91f791d281dbf767ecb87f4028f7911e7a|0x9e32b13ce7f2e80a01932b42553652e053d6ed8e,0x81910675dbaf69dee0fd77570bfd07f8e436386a,0x9e32b13ce7f2e80a01932b42553652e053d6ed8e,Metis,Metis,0x71987781dd165ad98f31fc3ed66c1d641b5af3b3f0f168fcee6286583ff1a1f9_Metis,1651609227,1651609227,1,2e+21,2000.0,5438.649076205237,16.279070,16.279070,0.800000,bridge_deposit_flow
ETH,Poly,eth_flow_0x71987781dd16__r7fam21__inst01__synth_merge_src1,0x71987781dd165ad98f31fc3ed66c1d641b5af3b3f0f168fcee6286583ff1a1f9,0x81910675dbaf69dee0fd77570bfd07f8e436386a|0x8d484c91f791d281dbf767ecb87f4028f7911e7a|0x9e32b13ce7f2e80a01932b42553652e053d6ed8e,0x81910675dbaf69dee0fd77570bfd07f8e436386a,0x9e32b13ce7f2e80a01932b42553652e053d6ed8e,Metis,Metis,0x71987781dd165ad98f31fc3ed66c1d641b5af3b3f0f168fcee6286583ff1a1f9_Metis,1651609227,1651609227,1,1e+21,1000.0,2719.3245381026186,16.279070,16.279070,0.800000,bridge_deposit_flow
ETH,Poly,eth_flow_0x71987781dd16__r7fam21__inst01__synth_merge_src2,0x71987781dd165ad98f31fc3ed66c1d641b5af3b3f0f168fcee6286583ff1a1f9,0x81910675dbaf69dee0fd77570bfd07f8e436386a|0x8d484c91f791d281dbf767ecb87f4028f7911e7a|0x9e32b13ce7f2e80a01932b42553652e053d6ed8e,0x81910675dbaf69dee0fd77570bfd07f8e436386a,0x9e32b13ce7f2e80a01932b42553652e053d6ed8e,Metis,Metis,0x71987781dd165ad98f31fc3ed66c1d641b5af3b3f0f168fcee6286583ff1a1f9_Metis,1651609227,1651609227,1,1e+21,1000.0,2719.3245381026186,16.279070,16.279070,0.800000,bridge_deposit_flow
ETH,Poly,eth_flow_0x71987781dd16__r7fam21__inst01__synth_unmatched_src,0x71987781dd165ad98f31fc3ed66c1d641b5af3b3f0f168fcee6286583ff1a1f9,0x81910675dbaf69dee0fd77570bfd07f8e436386a|0x8d484c91f791d281dbf767ecb87f4028f7911e7a|0x9e32b13ce7f2e80a01932b42553652e053d6ed8e,0x81910675dbaf69dee0fd77570bfd07f8e436386a,0x9e32b13ce7f2e80a01932b42553652e053d6ed8e,Metis,Metis,0x71987781dd165ad98f31fc3ed66c1d641b5af3b3f0f168fcee6286583ff1a1f9_Metis,1651609227,1651609227,1,2e+21,2000.0,5438.649076205237,16.279070,16.279070,0.800000,bridge_deposit_flow
ETH,Poly,eth_flow_0x71987781dd16__r7fam21__inst01__synth_noise_src_0,0x71987781dd165ad98f31fc3ed66c1d641b5af3b3f0f168fcee6286583ff1a1f9,0x81910675dbaf69dee0fd77570bfd07f8e436386a|0x8d484c91f791d281dbf767ecb87f4028f7911e7a|0x9e32b13ce7f2e80a01932b42553652e053d6ed8e,0x81910675dbaf69dee0fd77570bfd07f8e436386a,0x9e32b13ce7f2e80a01932b42553652e053d6ed8e,Metis,Metis,0x71987781dd165ad98f31fc3ed66c1d641b5af3b3f0f168fcee6286583ff1a1f9_Metis,1651609227,1651609227,1,2e+21,2000.0,5438.649076205237,16.279070,16.279070,0.800000,bridge_deposit_flow
ETH,Poly,eth_flow_0x71987781dd16__r7fam21__inst01__synth_noise_src_1,0x71987781dd165ad98f31fc3ed66c1d641b5af3b3f0f168fcee6286583ff1a1f9,0x81910675dbaf69dee0fd77570bfd07f8e436386a|0x8d484c91f791d281dbf767ecb87f4028f7911e7a|0x9e32b13ce7f2e80a01932b42553652e053d6ed8e,0x81910675dbaf69dee0fd77570bfd07f8e436386a,0x9e32b13ce7f2e80a01932b42553652e053d6ed8e,Metis,Metis,0x71987781dd165ad98f31fc3ed66c1d641b5af3b3f0f168fcee6286583ff1a1f9_Metis,1651609227,1651609227,1,2e+21,2000.0,5438.649076205237,16.279070,16.279070,0.800000,bridge_deposit_flow
ETH,Poly,eth_flow_0x7bb3a9dadbe1__r7fam22__inst00__synth_split_src,0x7bb3a9dadbe19a8fdf9bab4fcb2e244f05974cca83ebd5d509312e2926c23dfa,0x81910675dbaf69dee0fd77570bfd07f8e436386a|0x9e32b13ce7f2e80a01932b42553652e053d6ed8e|0xf2ce52e3d0eb5d237341c9a75ca24647d87d7e55,0x81910675dbaf69dee0fd77570bfd07f8e436386a,0x9e32b13ce7f2e80a01932b42553652e053d6ed8e,Metis,Metis,0x7bb3a9dadbe19a8fdf9bab4fcb2e244f05974cca83ebd5d509312e2926c23dfa_Metis,1663773743,1663773743,1,1.5725729743694833e+20,157.2572974369483,427.63362771599566,16.279070,16.279070,0.775000,bridge_deposit_flow
ETH,Poly,eth_flow_0x7bb3a9dadbe1__r7fam22__inst00__synth_merge_src1,0x7bb3a9dadbe19a8fdf9bab4fcb2e244f05974cca83ebd5d509312e2926c23dfa,0x81910675dbaf69dee0fd77570bfd07f8e436386a|0x9e32b13ce7f2e80a01932b42553652e053d6ed8e|0xf2ce52e3d0eb5d237341c9a75ca24647d87d7e55,0x81910675dbaf69dee0fd77570bfd07f8e436386a,0x9e32b13ce7f2e80a01932b42553652e053d6ed8e,Metis,Metis,0x7bb3a9dadbe19a8fdf9bab4fcb2e244f05974cca83ebd5d509312e2926c23dfa_Metis,1663773743,1663773743,1,7.862864871847417e+19,78.62864871847415,213.81681385799783,16.279070,16.279070,0.775000,bridge_deposit_flow
ETH,Poly,eth_flow_0x7bb3a9dadbe1__r7fam22__inst00__synth_merge_src2,0x7bb3a9dadbe19a8fdf9bab4fcb2e244f05974cca83ebd5d509312e2926c23dfa,0x81910675dbaf69dee0fd77570bfd07f8e436386a|0x9e32b13ce7f2e80a01932b42553652e053d6ed8e|0xf2ce52e3d0eb5d237341c9a75ca24647d87d7e55,0x81910675dbaf69dee0fd77570bfd07f8e436386a,0x9e32b13ce7f2e80a01932b42553652e053d6ed8e,Metis,Metis,0x7bb3a9dadbe19a8fdf9bab4fcb2e244f05974cca83ebd5d509312e2926c23dfa_Metis,1663773743,1663773743,1,7.862864871847417e+19,78.62864871847415,213.81681385799783,16.279070,16.279070,0.775000,bridge_deposit_flow
ETH,Poly,eth_flow_0x7bb3a9dadbe1__r7fam22__inst00__synth_unmatched_src,0x7bb3a9dadbe19a8fdf9bab4fcb2e244f05974cca83ebd5d509312e2926c23dfa,0x81910675dbaf69dee0fd77570bfd07f8e436386a|0x9e32b13ce7f2e80a01932b42553652e053d6ed8e|0xf2ce52e3d0eb5d237341c9a75ca24647d87d7e55,0x81910675dbaf69dee0fd77570bfd07f8e436386a,0x9e32b13ce7f2e80a01932b42553652e053d6ed8e,Metis,Metis,0x7bb3a9dadbe19a8fdf9bab4fcb2e244f05974cca83ebd5d509312e2926c23dfa_Metis,1663773743,1663773743,1,1.5725729743694833e+20,157.2572974369483,427.63362771599566,16.279070,16.279070,0.775000,bridge_deposit_flow
ETH,Poly,eth_flow_0x7bb3a9dadbe1__r7fam22__inst00__synth_noise_src_0,0x7bb3a9dadbe19a8fdf9bab4fcb2e244f05974cca83ebd5d509312e2926c23dfa,0x81910675dbaf69dee0fd77570bfd07f8e436386a|0x9e32b13ce7f2e80a01932b42553652e053d6ed8e|0xf2ce52e3d0eb5d237341c9a75ca24647d87d7e55,0x81910675dbaf69dee0fd77570bfd07f8e436386a,0x9e32b13ce7f2e80a01932b42553652e053d6ed8e,Metis,Metis,0x7bb3a9dadbe19a8fdf9bab4fcb2e244f05974cca83ebd5d509312e2926c23dfa_Metis,1663773743,1663773743,1,1.5725729743694833e+20,157.2572974369483,427.63362771599566,16.279070,16.279070,0.775000,bridge_deposit_flow
ETH,Poly,eth_flow_0x7bb3a9dadbe1__r7fam22__inst00__synth_noise_src_1,0x7bb3a9dadbe19a8fdf9bab4fcb2e244f05974cca83ebd5d509312e2926c23dfa,0x81910675dbaf69dee0fd77570bfd07f8e436386a|0x9e32b13ce7f2e80a01932b42553652e053d6ed8e|0xf2ce52e3d0eb5d237341c9a75ca24647d87d7e55,0x81910675dbaf69dee0fd77570bfd07f8e436386a,0x9e32b13ce7f2e80a01932b42553652e053d6ed8e,Metis,Metis,0x7bb3a9dadbe19a8fdf9bab4fcb2e244f05974cca83ebd5d509312e2926c23dfa_Metis,1663773743,1663773743,1,1.5725729743694833e+20,157.2572974369483,427.63362771599566,16.279070,16.279070,0.775000,bridge_deposit_flow
ETH,Poly,eth_flow_0x59de110c613f__r7fam22__inst01__synth_split_src,0x59de110c613f6fbe71bfde1bc98532a9785bacdb43b24acd27c6bd609d111e7a,0x767f37545fdbee923e9d6ff7ca1cc73d6d11fc27|0x81910675dbaf69dee0fd77570bfd07f8e436386a|0x9e32b13ce7f2e80a01932b42553652e053d6ed8e,0x81910675dbaf69dee0fd77570bfd07f8e436386a,0x9e32b13ce7f2e80a01932b42553652e053d6ed8e,Metis,Metis,0x59de110c613f6fbe71bfde1bc98532a9785bacdb43b24acd27c6bd609d111e7a_Metis,1664180435,1664180435,1,6e+20,600.0,1631.5947228615712,16.279070,16.279070,0.775000,bridge_deposit_flow
ETH,Poly,eth_flow_0x59de110c613f__r7fam22__inst01__synth_merge_src1,0x59de110c613f6fbe71bfde1bc98532a9785bacdb43b24acd27c6bd609d111e7a,0x767f37545fdbee923e9d6ff7ca1cc73d6d11fc27|0x81910675dbaf69dee0fd77570bfd07f8e436386a|0x9e32b13ce7f2e80a01932b42553652e053d6ed8e,0x81910675dbaf69dee0fd77570bfd07f8e436386a,0x9e32b13ce7f2e80a01932b42553652e053d6ed8e,Metis,Metis,0x59de110c613f6fbe71bfde1bc98532a9785bacdb43b24acd27c6bd609d111e7a_Metis,1664180435,1664180435,1,3e+20,300.0,815.7973614307856,16.279070,16.279070,0.775000,bridge_deposit_flow
ETH,Poly,eth_flow_0x59de110c613f__r7fam22__inst01__synth_merge_src2,0x59de110c613f6fbe71bfde1bc98532a9785bacdb43b24acd27c6bd609d111e7a,0x767f37545fdbee923e9d6ff7ca1cc73d6d11fc27|0x81910675dbaf69dee0fd77570bfd07f8e436386a|0x9e32b13ce7f2e80a01932b42553652e053d6ed8e,0x81910675dbaf69dee0fd77570bfd07f8e436386a,0x9e32b13ce7f2e80a01932b42553652e053d6ed8e,Metis,Metis,0x59de110c613f6fbe71bfde1bc98532a9785bacdb43b24acd27c6bd609d111e7a_Metis,1664180435,1664180435,1,3e+20,300.0,815.7973614307856,16.279070,16.279070,0.775000,bridge_deposit_flow
ETH,Poly,eth_flow_0x59de110c613f__r7fam22__inst01__synth_unmatched_src,0x59de110c613f6fbe71bfde1bc98532a9785bacdb43b24acd27c6bd609d111e7a,0x767f37545fdbee923e9d6ff7ca1cc73d6d11fc27|0x81910675dbaf69dee0fd77570bfd07f8e436386a|0x9e32b13ce7f2e80a01932b42553652e053d6ed8e,0x81910675dbaf69dee0fd77570bfd07f8e436386a,0x9e32b13ce7f2e80a01932b42553652e053d6ed8e,Metis,Metis,0x59de110c613f6fbe71bfde1bc98532a9785bacdb43b24acd27c6bd609d111e7a_Metis,1664180435,1664180435,1,6e+20,600.0,1631.5947228615712,16.279070,16.279070,0.775000,bridge_deposit_flow
ETH,Poly,eth_flow_0x59de110c613f__r7fam22__inst01__synth_noise_src_0,0x59de110c613f6fbe71bfde1bc98532a9785bacdb43b24acd27c6bd609d111e7a,0x767f37545fdbee923e9d6ff7ca1cc73d6d11fc27|0x81910675dbaf69dee0fd77570bfd07f8e436386a|0x9e32b13ce7f2e80a01932b42553652e053d6ed8e,0x81910675dbaf69dee0fd77570bfd07f8e436386a,0x9e32b13ce7f2e80a01932b42553652e053d6ed8e,Metis,Metis,0x59de110c613f6fbe71bfde1bc98532a9785bacdb43b24acd27c6bd609d111e7a_Metis,1664180435,1664180435,1,6e+20,600.0,1631.5947228615712,16.279070,16.279070,0.775000,bridge_deposit_flow
ETH,Poly,eth_flow_0x59de110c613f__r7fam22__inst01__synth_noise_src_1,0x59de110c613f6fbe71bfde1bc98532a9785bacdb43b24acd27c6bd609d111e7a,0x767f37545fdbee923e9d6ff7ca1cc73d6d11fc27|0x81910675dbaf69dee0fd77570bfd07f8e436386a|0x9e32b13ce7f2e80a01932b42553652e053d6ed8e,0x81910675dbaf69dee0fd77570bfd07f8e436386a,0x9e32b13ce7f2e80a01932b42553652e053d6ed8e,Metis,Metis,0x59de110c613f6fbe71bfde1bc98532a9785bacdb43b24acd27c6bd609d111e7a_Metis,1664180435,1664180435,1,6e+20,600.0,1631.5947228615712,16.279070,16.279070,0.775000,bridge_deposit_flow
ETH,Poly,eth_flow_0x14382c95b4c9__r7fam23__inst00__synth_split_src,0x14382c95b4c96e191587d11e849e2a112c12d561fc938b011f4c5174132522be,0x81910675dbaf69dee0fd77570bfd07f8e436386a|0x9e32b13ce7f2e80a01932b42553652e053d6ed8e|0xd54e4f8a55247487dd7c8c59f14ee5c0c2889477,0x81910675dbaf69dee0fd77570bfd07f8e436386a,0x9e32b13ce7f2e80a01932b42553652e053d6ed8e,Metis,Metis,0x14382c95b4c96e191587d11e849e2a112c12d561fc938b011f4c5174132522be_Metis,1669200263,1669200263,1,1.6102468579334708e+20,161.0246857933471,437.8783793181129,16.279070,16.279070,0.775000,bridge_deposit_flow
ETH,Poly,eth_flow_0x14382c95b4c9__r7fam23__inst00__synth_merge_src1,0x14382c95b4c96e191587d11e849e2a112c12d561fc938b011f4c5174132522be,0x81910675dbaf69dee0fd77570bfd07f8e436386a|0x9e32b13ce7f2e80a01932b42553652e053d6ed8e|0xd54e4f8a55247487dd7c8c59f14ee5c0c2889477,0x81910675dbaf69dee0fd77570bfd07f8e436386a,0x9e32b13ce7f2e80a01932b42553652e053d6ed8e,Metis,Metis,0x14382c95b4c96e191587d11e849e2a112c12d561fc938b011f4c5174132522be_Metis,1669200263,1669200263,1,8.051234289667354e+19,80.51234289667354,218.93918965905644,16.279070,16.279070,0.775000,bridge_deposit_flow
ETH,Poly,eth_flow_0x14382c95b4c9__r7fam23__inst00__synth_merge_src2,0x14382c95b4c96e191587d11e849e2a112c12d561fc938b011f4c5174132522be,0x81910675dbaf69dee0fd77570bfd07f8e436386a|0x9e32b13ce7f2e80a01932b42553652e053d6ed8e|0xd54e4f8a55247487dd7c8c59f14ee5c0c2889477,0x81910675dbaf69dee0fd77570bfd07f8e436386a,0x9e32b13ce7f2e80a01932b42553652e053d6ed8e,Metis,Metis,0x14382c95b4c96e191587d11e849e2a112c12d561fc938b011f4c5174132522be_Metis,1669200263,1669200263,1,8.051234289667354e+19,80.51234289667354,218.93918965905644,16.279070,16.279070,0.775000,bridge_deposit_flow
ETH,Poly,eth_flow_0x14382c95b4c9__r7fam23__inst00__synth_unmatched_src,0x14382c95b4c96e191587d11e849e2a112c12d561fc938b011f4c5174132522be,0x81910675dbaf69dee0fd77570bfd07f8e436386a|0x9e32b13ce7f2e80a01932b42553652e053d6ed8e|0xd54e4f8a55247487dd7c8c59f14ee5c0c2889477,0x81910675dbaf69dee0fd77570bfd07f8e436386a,0x9e32b13ce7f2e80a01932b42553652e053d6ed8e,Metis,Metis,0x14382c95b4c96e191587d11e849e2a112c12d561fc938b011f4c5174132522be_Metis,1669200263,1669200263,1,1.6102468579334708e+20,161.0246857933471,437.8783793181129,16.279070,16.279070,0.775000,bridge_deposit_flow
ETH,Poly,eth_flow_0x14382c95b4c9__r7fam23__inst00__synth_noise_src_0,0x14382c95b4c96e191587d11e849e2a112c12d561fc938b011f4c5174132522be,0x81910675dbaf69dee0fd77570bfd07f8e436386a|0x9e32b13ce7f2e80a01932b42553652e053d6ed8e|0xd54e4f8a55247487dd7c8c59f14ee5c0c2889477,0x81910675dbaf69dee0fd77570bfd07f8e436386a,0x9e32b13ce7f2e80a01932b42553652e053d6ed8e,Metis,Metis,0x14382c95b4c96e191587d11e849e2a112c12d561fc938b011f4c5174132522be_Metis,1669200263,1669200263,1,1.6102468579334708e+20,161.0246857933471,437.8783793181129,16.279070,16.279070,0.775000,bridge_deposit_flow
ETH,Poly,eth_flow_0x14382c95b4c9__r7fam23__inst00__synth_noise_src_1,0x14382c95b4c96e191587d11e849e2a112c12d561fc938b011f4c5174132522be,0x81910675dbaf69dee0fd77570bfd07f8e436386a|0x9e32b13ce7f2e80a01932b42553652e053d6ed8e|0xd54e4f8a55247487dd7c8c59f14ee5c0c2889477,0x81910675dbaf69dee0fd77570bfd07f8e436386a,0x9e32b13ce7f2e80a01932b42553652e053d6ed8e,Metis,Metis,0x14382c95b4c96e191587d11e849e2a112c12d561fc938b011f4c5174132522be_Metis,1669200263,1669200263,1,1.6102468579334708e+20,161.0246857933471,437.8783793181129,16.279070,16.279070,0.775000,bridge_deposit_flow
ETH,Poly,eth_flow_0x2c71175a2658__r7fam23__inst01__synth_split_src,0x2c71175a26586966654c787f49581b29e0107ede4170ce07d095cd76057932af,0x81910675dbaf69dee0fd77570bfd07f8e436386a|0x9e32b13ce7f2e80a01932b42553652e053d6ed8e|0xf2ce52e3d0eb5d237341c9a75ca24647d87d7e55,0x81910675dbaf69dee0fd77570bfd07f8e436386a,0x9e32b13ce7f2e80a01932b42553652e053d6ed8e,Metis,Metis,0x2c71175a26586966654c787f49581b29e0107ede4170ce07d095cd76057932af_Metis,1665735407,1665735407,1,1.5536445438859313e+20,155.36445438859317,422.48637316782646,16.279070,16.279070,0.775000,bridge_deposit_flow
ETH,Poly,eth_flow_0x2c71175a2658__r7fam23__inst01__synth_merge_src1,0x2c71175a26586966654c787f49581b29e0107ede4170ce07d095cd76057932af,0x81910675dbaf69dee0fd77570bfd07f8e436386a|0x9e32b13ce7f2e80a01932b42553652e053d6ed8e|0xf2ce52e3d0eb5d237341c9a75ca24647d87d7e55,0x81910675dbaf69dee0fd77570bfd07f8e436386a,0x9e32b13ce7f2e80a01932b42553652e053d6ed8e,Metis,Metis,0x2c71175a26586966654c787f49581b29e0107ede4170ce07d095cd76057932af_Metis,1665735407,1665735407,1,7.768222719429657e+19,77.68222719429659,211.24318658391323,16.279070,16.279070,0.775000,bridge_deposit_flow
ETH,Poly,eth_flow_0x2c71175a2658__r7fam23__inst01__synth_merge_src2,0x2c71175a26586966654c787f49581b29e0107ede4170ce07d095cd76057932af,0x81910675dbaf69dee0fd77570bfd07f8e436386a|0x9e32b13ce7f2e80a01932b42553652e053d6ed8e|0xf2ce52e3d0eb5d237341c9a75ca24647d87d7e55,0x81910675dbaf69dee0fd77570bfd07f8e436386a,0x9e32b13ce7f2e80a01932b42553652e053d6ed8e,Metis,Metis,0x2c71175a26586966654c787f49581b29e0107ede4170ce07d095cd76057932af_Metis,1665735407,1665735407,1,7.768222719429657e+19,77.68222719429659,211.24318658391323,16.279070,16.279070,0.775000,bridge_deposit_flow
ETH,Poly,eth_flow_0x2c71175a2658__r7fam23__inst01__synth_unmatched_src,0x2c71175a26586966654c787f49581b29e0107ede4170ce07d095cd76057932af,0x81910675dbaf69dee0fd77570bfd07f8e436386a|0x9e32b13ce7f2e80a01932b42553652e053d6ed8e|0xf2ce52e3d0eb5d237341c9a75ca24647d87d7e55,0x81910675dbaf69dee0fd77570bfd07f8e436386a,0x9e32b13ce7f2e80a01932b42553652e053d6ed8e,Metis,Metis,0x2c71175a26586966654c787f49581b29e0107ede4170ce07d095cd76057932af_Metis,1665735407,1665735407,1,1.5536445438859313e+20,155.36445438859317,422.48637316782646,16.279070,16.279070,0.775000,bridge_deposit_flow
ETH,Poly,eth_flow_0x2c71175a2658__r7fam23__inst01__synth_noise_src_0,0x2c71175a26586966654c787f49581b29e0107ede4170ce07d095cd76057932af,0x81910675dbaf69dee0fd77570bfd07f8e436386a|0x9e32b13ce7f2e80a01932b42553652e053d6ed8e|0xf2ce52e3d0eb5d237341c9a75ca24647d87d7e55,0x81910675dbaf69dee0fd77570bfd07f8e436386a,0x9e32b13ce7f2e80a01932b42553652e053d6ed8e,Metis,Metis,0x2c71175a26586966654c787f49581b29e0107ede4170ce07d095cd76057932af_Metis,1665735407,1665735407,1,1.5536445438859313e+20,155.36445438859317,422.48637316782646,16.279070,16.279070,0.775000,bridge_deposit_flow
ETH,Poly,eth_flow_0x2c71175a2658__r7fam23__inst01__synth_noise_src_1,0x2c71175a26586966654c787f49581b29e0107ede4170ce07d095cd76057932af,0x81910675dbaf69dee0fd77570bfd07f8e436386a|0x9e32b13ce7f2e80a01932b42553652e053d6ed8e|0xf2ce52e3d0eb5d237341c9a75ca24647d87d7e55,0x81910675dbaf69dee0fd77570bfd07f8e436386a,0x9e32b13ce7f2e80a01932b42553652e053d6ed8e,Metis,Metis,0x2c71175a26586966654c787f49581b29e0107ede4170ce07d095cd76057932af_Metis,1665735407,1665735407,1,1.5536445438859313e+20,155.36445438859317,422.48637316782646,16.279070,16.279070,0.775000,bridge_deposit_flow
