src_flow_id,dst_flow_id,src_amount_usd,dst_amount_usd,median_delay_sec,pattern_type,label_confidence,label_type,src_chain,dst_chain,bridge,src_token,dst_token,asset_group,label_source,support_tx_pair_count,matched_src_amount_usd,matched_dst_amount_usd,flow_mass_ratio_dst
eth_flow_0x6597572f17e2__r7fam00__inst00__synth_split_src,bnb_flow_0x7bf53785989b__synth_split_a,1.2993031617223123,0.6496515808611562,137,one_to_many,0.95,supervised_flow_pair,ETH,BNB,Poly,0x5d285f735998f36631f678ff41fb56a10a4d0429,0x398f7827dccbefe6990478876bbf3612d93baf05,MIX,semi_synthetic_split,1,0.6496515808611562,0.6496515808611562,
eth_flow_0x6597572f17e2__r7fam00__inst00__synth_split_src,bnb_flow_0x7bf53785989b__synth_split_b,1.2993031617223123,0.6496515808611562,137,one_to_many,0.95,supervised_flow_pair,ETH,BNB,Poly,0x5d285f735998f36631f678ff41fb56a10a4d0429,0x398f7827dccbefe6990478876bbf3612d93baf05,MIX,semi_synthetic_split,1,0.6496515808611562,0.6496515808611562,
eth_flow_0x6597572f17e2__r7fam00__inst00__synth_merge_src1,bnb_flow_0x7bf53785989b__synth_merge_dst,0.6496515808611562,1.2993031617223123,137,many_to_one,1.0,supervised_flow_pair,ETH,BNB,Poly,0x5d285f735998f36631f678ff41fb56a10a4d0429,0x398f7827dccbefe6990478876bbf3612d93baf05,MIX,semi_synthetic_merge,,0.6496515808611562,0.6496515808611562,
eth_flow_0x6597572f17e2__r7fam00__inst00__synth_merge_src2,bnb_flow_0x7bf53785989b__synth_merge_dst,0.6496515808611562,1.2993031617223123,137,many_to_one,1.0,supervised_flow_pair,ETH,BNB,Poly,0x5d285f735998f36631f678ff41fb56a10a4d0429,0x398f7827dccbefe6990478876bbf3612d93baf05,MIX,semi_synthetic_merge,,0.6496515808611562,0.6496515808611562,
eth_flow_0x6597572f17e2__r7fam00__inst00__synth_unmatched_src,bnb_flow_0x7bf53785989b__synth_hidden_dst,1.2993031617223123,0,137,one_to_one,0.2,supervised_flow_pair,ETH,BNB,Poly,0x5d285f735998f36631f678ff41fb56a10a4d0429,0x398f7827dccbefe6990478876bbf3612d93baf05,MIX,semi_synthetic_unmatched,,,0,0
eth_flow_0x6597572f17e2__r7fam00__inst00__synth_noise_src_0,bnb_flow_0x7bf53785989b__synth_noise_dst_0,1.2993031617223123,1.2993031617223123,197,one_to_one,0.227,supervised_flow_pair,ETH,BNB,Poly,0x5d285f735998f36631f678ff41fb56a10a4d0429,0x398f7827dccbefe6990478876bbf3612d93baf05,MIX,semi_synthetic_delay_noise,,,,
eth_flow_0x6597572f17e2__r7fam00__inst00__synth_noise_src_1,bnb_flow_0x7bf53785989b__synth_noise_dst_1,1.2993031617223123,1.2993031617223123,257,one_to_one,0.2587,supervised_flow_pair,ETH,BNB,Poly,0x5d285f735998f36631f678ff41fb56a10a4d0429,0x398f7827dccbefe6990478876bbf3612d93baf05,MIX,semi_synthetic_delay_noise,,,,
eth_flow_0x4c025166d850__r7fam00__inst01__synth_split_src,bnb_flow_0x77810be3241f__synth_split_a,1.6251446675701215,0.8125723337850608,186,one_to_many,0.95,supervised_flow_pair,ETH,BNB,Poly,0x5d285f735998f36631f678ff41fb56a10a4d0429,0x398f7827dccbefe6990478876bbf3612d93baf05,MIX,semi_synthetic_split,1,0.8125723337850608,0.8125723337850608,
eth_flow_0x4c025166d850__r7fam00__inst01__synth_split_src,bnb_flow_0x77810be3241f__synth_split_b,1.6251446675701215,0.8125723337850608,186,one_to_many,0.95,supervised_flow_pair,ETH,BNB,Poly,0x5d285f735998f36631f678ff41fb56a10a4d0429,0x398f7827dccbefe6990478876bbf3612d93baf05,MIX,semi_synthetic_split,1,0.8125723337850608,0.8125723337850608,
eth_flow_0x4c025166d850__r7fam00__inst01__synth_merge_src1,bnb_flow_0x77810be3241f__synth_merge_dst,0.8125723337850608,1.6251446675701215,186,many_to_one,1.0,supervised_flow_pair,ETH,BNB,Poly,0x5d285f735998f36631f678ff41fb56a10a4d0429,0x398f7827dccbefe6990478876bbf3612d93baf05,MIX,semi_synthetic_merge,,0.8125723337850608,0.8125723337850608,
eth_flow_0x4c025166d850__r7fam00__inst01__synth_merge_src2,bnb_flow_0x77810be3241f__synth_merge_dst,0.8125723337850608,1.6251446675701215,186,many_to_one,1.0,supervised_flow_pair,ETH,BNB,Poly,0x5d285f735998f36631f678ff41fb56a10a4d0429,0x398f7827dccbefe6990478876bbf3612d93baf05,MIX,semi_synthetic_merge,,0.8125723337850608,0.8125723337850608,
eth_flow_0x4c025166d850__r7fam00__inst01__synth_unmatched_src,bnb_flow_0x77810be3241f__synth_hidden_dst,1.6251446675701215,0,186,one_to_one,0.2,supervised_flow_pair,ETH,BNB,Poly,0x5d285f735998f36631f678ff41fb56a10a4d0429,0x398f7827dccbefe6990478876bbf3612d93baf05,MIX,semi_synthetic_unmatched,,,0,0
eth_flow_0x4c025166d850__r7fam00__inst01__synth_noise_src_0,bnb_flow_0x77810be3241f__synth_noise_dst_0,1.6251446675701215,1.6251446675701215,246,one_to_one,0.2452,supervised_flow_pair,ETH,BNB,Poly,0x5d285f735998f36631f678ff41fb56a10a4d0429,0x398f7827dccbefe6990478876bbf3612d93baf05,MIX,semi_synthetic_delay_noise,,,,
eth_flow_0x4c025166d850__r7fam00__inst01__synth_noise_src_1,bnb_flow_0x77810be3241f__synth_noise_dst_1,1.6251446675701215,1.6251446675701215,306,one_to_one,0.2563,supervised_flow_pair,ETH,BNB,Poly,0x5d285f735998f36631f678ff41fb56a10a4d0429,0x398f7827dccbefe6990478876bbf3612d93baf05,MIX,semi_synthetic_delay_noise,,,,
eth_flow_0x67d5f02ec443__r7fam01__inst00__synth_split_src,bnb_flow_0x3ad0fdb383fc__synth_split_a,2.0311420909994684,1.0155710454997342,224,one_to_many,0.95,supervised_flow_pair,ETH,BNB,Poly,0x001a8ffcb0f03e99141652ebcdecdb0384e3bd6c,0xc49dde62b4a0810074721faca54aab52369f486a,PKR,semi_synthetic_split,1,1.0155710454997342,1.0155710454997342,
eth_flow_0x67d5f02ec443__r7fam01__inst00__synth_split_src,bnb_flow_0x3ad0fdb383fc__synth_split_b,2.0311420909994684,1.0155710454997342,224,one_to_many,0.95,supervised_flow_pair,ETH,BNB,Poly,0x001a8ffcb0f03e99141652ebcdecdb0384e3bd6c,0xc49dde62b4a0810074721faca54aab52369f486a,PKR,semi_synthetic_split,1,1.0155710454997342,1.0155710454997342,
eth_flow_0x67d5f02ec443__r7fam01__inst00__synth_merge_src1,bnb_flow_0x3ad0fdb383fc__synth_merge_dst,1.0155710454997342,2.0311420909994684,224,many_to_one,1.0,supervised_flow_pair,ETH,BNB,Poly,0x001a8ffcb0f03e99141652ebcdecdb0384e3bd6c,0xc49dde62b4a0810074721faca54aab52369f486a,PKR,semi_synthetic_merge,,1.0155710454997342,1.0155710454997342,
eth_flow_0x67d5f02ec443__r7fam01__inst00__synth_merge_src2,bnb_flow_0x3ad0fdb383fc__synth_merge_dst,1.0155710454997342,2.0311420909994684,224,many_to_one,1.0,supervised_flow_pair,ETH,BNB,Poly,0x001a8ffcb0f03e99141652ebcdecdb0384e3bd6c,0xc49dde62b4a0810074721faca54aab52369f486a,PKR,semi_synthetic_merge,,1.0155710454997342,1.0155710454997342,
eth_flow_0x67d5f02ec443__r7fam01__inst00__synth_unmatched_src,bnb_flow_0x3ad0fdb383fc__synth_hidden_dst,2.0311420909994684,0,224,one_to_one,0.2,supervised_flow_pair,ETH,BNB,Poly,0x001a8ffcb0f03e99141652ebcdecdb0384e3bd6c,0xc49dde62b4a0810074721faca54aab52369f486a,PKR,semi_synthetic_unmatched,,,0,0
eth_flow_0x67d5f02ec443__r7fam01__inst00__synth_noise_src_0,bnb_flow_0x3ad0fdb383fc__synth_noise_dst_0,2.0311420909994684,2.0311420909994684,284,one_to_one,0.2366,supervised_flow_pair,ETH,BNB,Poly,0x001a8ffcb0f03e99141652ebcdecdb0384e3bd6c,0xc49dde62b4a0810074721faca54aab52369f486a,PKR,semi_synthetic_delay_noise,,,,
eth_flow_0x67d5f02ec443__r7fam01__inst00__synth_noise_src_1,bnb_flow_0x3ad0fdb383fc__synth_noise_dst_1,2.0311420909994684,2.0311420909994684,344,one_to_one,0.2417,supervised_flow_pair,ETH,BNB,Poly,0x001a8ffcb0f03e99141652ebcdecdb0384e3bd6c,0xc49dde62b4a0810074721faca54aab52369f486a,PKR,semi_synthetic_delay_noise,,,,
eth_flow_0x7658ff039048__r7fam01__inst01__synth_split_src,bnb_flow_0x296f3f9086e3__synth_split_a,0.5602200601498415,0.28011003007492075,218,one_to_many,0.95,supervised_flow_pair,ETH,BNB,Poly,0x5d285f735998f36631f678ff41fb56a10a4d0429,0x398f7827dccbefe6990478876bbf3612d93baf05,MIX,semi_synthetic_split,1,0.28011003007492075,0.28011003007492075,
eth_flow_0x7658ff039048__r7fam01__inst01__synth_split_src,bnb_flow_0x296f3f9086e3__synth_split_b,0.5602200601498415,0.28011003007492075,218,one_to_many,0.95,supervised_flow_pair,ETH,BNB,Poly,0x5d285f735998f36631f678ff41fb56a10a4d0429,0x398f7827dccbefe6990478876bbf3612d93baf05,MIX,semi_synthetic_split,1,0.28011003007492075,0.28011003007492075,
eth_flow_0x7658ff039048__r7fam01__inst01__synth_merge_src1,bnb_flow_0x296f3f9086e3__synth_merge_dst,0.28011003007492075,0.5602200601498415,218,many_to_one,1.0,supervised_flow_pair,ETH,BNB,Poly,0x5d285f735998f36631f678ff41fb56a10a4d0429,0x398f7827dccbefe6990478876bbf3612d93baf05,MIX,semi_synthetic_merge,,0.28011003007492075,0.28011003007492075,
eth_flow_0x7658ff039048__r7fam01__inst01__synth_merge_src2,bnb_flow_0x296f3f9086e3__synth_merge_dst,0.28011003007492075,0.5602200601498415,218,many_to_one,1.0,supervised_flow_pair,ETH,BNB,Poly,0x5d285f735998f36631f678ff41fb56a10a4d0429,0x398f7827dccbefe6990478876bbf3612d93baf05,MIX,semi_synthetic_merge,,0.28011003007492075,0.28011003007492075,
eth_flow_0x7658ff039048__r7fam01__inst01__synth_unmatched_src,bnb_flow_0x296f3f9086e3__synth_hidden_dst,0.5602200601498415,0,218,one_to_one,0.2,supervised_flow_pair,ETH,BNB,Poly,0x5d285f735998f36631f678ff41fb56a10a4d0429,0x398f7827dccbefe6990478876bbf3612d93baf05,MIX,semi_synthetic_unmatched,,,0,0
eth_flow_0x7658ff039048__r7fam01__inst01__synth_noise_src_0,bnb_flow_0x296f3f9086e3__synth_noise_dst_0,0.5602200601498415,0.5602200601498415,278,one_to_one,0.2446,supervised_flow_pair,ETH,BNB,Poly,0x5d285f735998f36631f678ff41fb56a10a4d0429,0x398f7827dccbefe6990478876bbf3612d93baf05,MIX,semi_synthetic_delay_noise,,,,
eth_flow_0x7658ff039048__r7fam01__inst01__synth_noise_src_1,bnb_flow_0x296f3f9086e3__synth_noise_dst_1,0.5602200601498415,0.5602200601498415,338,one_to_one,0.2366,supervised_flow_pair,ETH,BNB,Poly,0x5d285f735998f36631f678ff41fb56a10a4d0429,0x398f7827dccbefe6990478876bbf3612d93baf05,MIX,semi_synthetic_delay_noise,,,,
eth_flow_0x4931f9b3bb93__r7fam02__inst00__synth_split_src,bnb_flow_0xaf9aa741b387__synth_split_a,1.6275114253923133,0.8137557126961567,236,one_to_many,0.95,supervised_flow_pair,ETH,BNB,Poly,0x5d285f735998f36631f678ff41fb56a10a4d0429,0x398f7827dccbefe6990478876bbf3612d93baf05,MIX,semi_synthetic_split,1,0.8137557126961567,0.8137557126961567,
eth_flow_0x4931f9b3bb93__r7fam02__inst00__synth_split_src,bnb_flow_0xaf9aa741b387__synth_split_b,1.6275114253923133,0.8137557126961567,236,one_to_many,0.95,supervised_flow_pair,ETH,BNB,Poly,0x5d285f735998f36631f678ff41fb56a10a4d0429,0x398f7827dccbefe6990478876bbf3612d93baf05,MIX,semi_synthetic_split,1,0.8137557126961567,0.8137557126961567,
eth_flow_0x4931f9b3bb93__r7fam02__inst00__synth_merge_src1,bnb_flow_0xaf9aa741b387__synth_merge_dst,0.8137557126961567,1.6275114253923133,236,many_to_one,1.0,supervised_flow_pair,ETH,BNB,Poly,0x5d285f735998f36631f678ff41fb56a10a4d0429,0x398f7827dccbefe6990478876bbf3612d93baf05,MIX,semi_synthetic_merge,,0.8137557126961567,0.8137557126961567,
eth_flow_0x4931f9b3bb93__r7fam02__inst00__synth_merge_src2,bnb_flow_0xaf9aa741b387__synth_merge_dst,0.8137557126961567,1.6275114253923133,236,many_to_one,1.0,supervised_flow_pair,ETH,BNB,Poly,0x5d285f735998f36631f678ff41fb56a10a4d0429,0x398f7827dccbefe6990478876bbf3612d93baf05,MIX,semi_synthetic_merge,,0.8137557126961567,0.8137557126961567,
eth_flow_0x4931f9b3bb93__r7fam02__inst00__synth_unmatched_src,bnb_flow_0xaf9aa741b387__synth_hidden_dst,1.6275114253923133,0,236,one_to_one,0.2,supervised_flow_pair,ETH,BNB,Poly,0x5d285f735998f36631f678ff41fb56a10a4d0429,0x398f7827dccbefe6990478876bbf3612d93baf05,MIX,semi_synthetic_unmatched,,,0,0
eth_flow_0x4931f9b3bb93__r7fam02__inst00__synth_noise_src_0,bnb_flow_0xaf9aa741b387__synth_noise_dst_0,1.6275114253923133,1.6275114253923133,296,one_to_one,0.2361,supervised_flow_pair,ETH,BNB,Poly,0x5d285f735998f36631f678ff41fb56a10a4d0429,0x398f7827dccbefe6990478876bbf3612d93baf05,MIX,semi_synthetic_delay_noise,,,,
eth_flow_0x4931f9b3bb93__r7fam02__inst00__synth_noise_src_1,bnb_flow_0xaf9aa741b387__synth_noise_dst_1,1.6275114253923133,1.6275114253923133,356,one_to_one,0.2595,supervised_flow_pair,ETH,BNB,Poly,0x5d285f735998f36631f678ff41fb56a10a4d0429,0x398f7827dccbefe6990478876bbf3612d93baf05,MIX,semi_synthetic_delay_noise,,,,
eth_flow_0x50a6ab824faa__r7fam02__inst01__synth_split_src,bnb_flow_0xd70377a81e75__synth_split_a,1.2068630562492846,0.30171576406232115,255,one_to_many,0.95,supervised_flow_pair,ETH,BNB,Poly,0x5d285f735998f36631f678ff41fb56a10a4d0429,0x398f7827dccbefe6990478876bbf3612d93baf05,MIX,semi_synthetic_split,1,0.30171576406232115,0.30171576406232115,
eth_flow_0x50a6ab824faa__r7fam02__inst01__synth_split_src,bnb_flow_0xd70377a81e75__synth_split_b,1.2068630562492846,0.30171576406232115,255,one_to_many,0.95,supervised_flow_pair,ETH,BNB,Poly,0x5d285f735998f36631f678ff41fb56a10a4d0429,0x398f7827dccbefe6990478876bbf3612d93baf05,MIX,semi_synthetic_split,1,0.30171576406232115,0.30171576406232115,
eth_flow_0x50a6ab824faa__r7fam02__inst01__synth_split_src,bnb_flow_0xd70377a81e75__synth_split_c,1.2068630562492846,0.30171576406232115,255,one_to_many,0.95,supervised_flow_pair,ETH,BNB,Poly,0x5d285f735998f36631f678ff41fb56a10a4d0429,0x398f7827dccbefe6990478876bbf3612d93baf05,MIX,semi_synthetic_split,1,0.30171576406232115,0.30171576406232115,
eth_flow_0x50a6ab824faa__r7fam02__inst01__synth_split_src,bnb_flow_0xd70377a81e75__synth_split_d,1.2068630562492846,0.30171576406232115,255,one_to_many,0.95,supervised_flow_pair,ETH,BNB,Poly,0x5d285f735998f36631f678ff41fb56a10a4d0429,0x398f7827dccbefe6990478876bbf3612d93baf05,MIX,semi_synthetic_split,1,0.30171576406232115,0.30171576406232115,
eth_flow_0x50a6ab824faa__r7fam02__inst01__synth_merge_src1,bnb_flow_0xd70377a81e75__synth_merge_dst,0.6034315281246423,1.2068630562492846,255,many_to_one,1.0,supervised_flow_pair,ETH,BNB,Poly,0x5d285f735998f36631f678ff41fb56a10a4d0429,0x398f7827dccbefe6990478876bbf3612d93baf05,MIX,semi_synthetic_merge,,0.6034315281246423,0.6034315281246423,
eth_flow_0x50a6ab824faa__r7fam02__inst01__synth_merge_src2,bnb_flow_0xd70377a81e75__synth_merge_dst,0.6034315281246423,1.2068630562492846,255,many_to_one,1.0,supervised_flow_pair,ETH,BNB,Poly,0x5d285f735998f36631f678ff41fb56a10a4d0429,0x398f7827dccbefe6990478876bbf3612d93baf05,MIX,semi_synthetic_merge,,0.6034315281246423,0.6034315281246423,
eth_flow_0x50a6ab824faa__r7fam02__inst01__synth_unmatched_src,bnb_flow_0xd70377a81e75__synth_hidden_dst,1.2068630562492846,0,255,one_to_one,0.2,supervised_flow_pair,ETH,BNB,Poly,0x5d285f735998f36631f678ff41fb56a10a4d0429,0x398f7827dccbefe6990478876bbf3612d93baf05,MIX,semi_synthetic_unmatched,,,0,0
eth_flow_0x50a6ab824faa__r7fam02__inst01__synth_noise_src_0,bnb_flow_0xd70377a81e75__synth_noise_dst_0,1.2068630562492846,1.2068630562492846,315,one_to_one,0.2222,supervised_flow_pair,ETH,BNB,Poly,0x5d285f735998f36631f678ff41fb56a10a4d0429,0x398f7827dccbefe6990478876bbf3612d93baf05,MIX,semi_synthetic_delay_noise,,,,
eth_flow_0x50a6ab824faa__r7fam02__inst01__synth_noise_src_1,bnb_flow_0xd70377a81e75__synth_noise_dst_1,1.2068630562492846,1.2068630562492846,375,one_to_one,0.2429,supervised_flow_pair,ETH,BNB,Poly,0x5d285f735998f36631f678ff41fb56a10a4d0429,0x398f7827dccbefe6990478876bbf3612d93baf05,MIX,semi_synthetic_delay_noise,,,,
eth_flow_0x371d51b89aec__r7fam03__inst00__synth_split_src,bnb_flow_0xb1a21963924f__synth_split_a,0.7693751816099371,0.19234379540248428,293,one_to_many,0.95,supervised_flow_pair,ETH,BNB,Poly,0x5d285f735998f36631f678ff41fb56a10a4d0429,0x398f7827dccbefe6990478876bbf3612d93baf05,MIX,semi_synthetic_split,1,0.19234379540248428,0.19234379540248428,
eth_flow_0x371d51b89aec__r7fam03__inst00__synth_split_src,bnb_flow_0xb1a21963924f__synth_split_b,0.7693751816099371,0.19234379540248428,293,one_to_many,0.95,supervised_flow_pair,ETH,BNB,Poly,0x5d285f735998f36631f678ff41fb56a10a4d0429,0x398f7827dccbefe6990478876bbf3612d93baf05,MIX,semi_synthetic_split,1,0.19234379540248428,0.19234379540248428,
eth_flow_0x371d51b89aec__r7fam03__inst00__synth_split_src,bnb_flow_0xb1a21963924f__synth_split_c,0.7693751816099371,0.19234379540248428,293,one_to_many,0.95,supervised_flow_pair,ETH,BNB,Poly,0x5d285f735998f36631f678ff41fb56a10a4d0429,0x398f7827dccbefe6990478876bbf3612d93baf05,MIX,semi_synthetic_split,1,0.19234379540248428,0.19234379540248428,
eth_flow_0x371d51b89aec__r7fam03__inst00__synth_split_src,bnb_flow_0xb1a21963924f__synth_split_d,0.7693751816099371,0.19234379540248428,293,one_to_many,0.95,supervised_flow_pair,ETH,BNB,Poly,0x5d285f735998f36631f678ff41fb56a10a4d0429,0x398f7827dccbefe6990478876bbf3612d93baf05,MIX,semi_synthetic_split,1,0.19234379540248428,0.19234379540248428,
eth_flow_0x371d51b89aec__r7fam03__inst00__synth_merge_src1,bnb_flow_0xb1a21963924f__synth_merge_dst,0.38468759080496856,0.7693751816099371,293,many_to_one,1.0,supervised_flow_pair,ETH,BNB,Poly,0x5d285f735998f36631f678ff41fb56a10a4d0429,0x398f7827dccbefe6990478876bbf3612d93baf05,MIX,semi_synthetic_merge,,0.38468759080496856,0.38468759080496856,
eth_flow_0x371d51b89aec__r7fam03__inst00__synth_merge_src2,bnb_flow_0xb1a21963924f__synth_merge_dst,0.38468759080496856,0.7693751816099371,293,many_to_one,1.0,supervised_flow_pair,ETH,BNB,Poly,0x5d285f735998f36631f678ff41fb56a10a4d0429,0x398f7827dccbefe6990478876bbf3612d93baf05,MIX,semi_synthetic_merge,,0.38468759080496856,0.38468759080496856,
eth_flow_0x371d51b89aec__r7fam03__inst00__synth_unmatched_src,bnb_flow_0xb1a21963924f__synth_hidden_dst,0.7693751816099371,0,293,one_to_one,0.2,supervised_flow_pair,ETH,BNB,Poly,0x5d285f735998f36631f678ff41fb56a10a4d0429,0x398f7827dccbefe6990478876bbf3612d93baf05,MIX,semi_synthetic_unmatched,,,0,0
eth_flow_0x371d51b89aec__r7fam03__inst00__synth_noise_src_0,bnb_flow_0xb1a21963924f__synth_noise_dst_0,0.7693751816099371,0.7693751816099371,353,one_to_one,0.2226,supervised_flow_pair,ETH,BNB,Poly,0x5d285f735998f36631f678ff41fb56a10a4d0429,0x398f7827dccbefe6990478876bbf3612d93baf05,MIX,semi_synthetic_delay_noise,,,,
eth_flow_0x371d51b89aec__r7fam03__inst00__synth_noise_src_1,bnb_flow_0xb1a21963924f__synth_noise_dst_1,0.7693751816099371,0.7693751816099371,413,one_to_one,0.2466,supervised_flow_pair,ETH,BNB,Poly,0x5d285f735998f36631f678ff41fb56a10a4d0429,0x398f7827dccbefe6990478876bbf3612d93baf05,MIX,semi_synthetic_delay_noise,,,,
eth_flow_0x06324ae11e7c__r7fam03__inst01__synth_split_src,bnb_flow_0x39098dd6f2db__synth_split_a,1.1925073404630468,0.14906341755788086,287,one_to_many,0.95,supervised_flow_pair,ETH,BNB,Poly,0x001a8ffcb0f03e99141652ebcdecdb0384e3bd6c,0xc49dde62b4a0810074721faca54aab52369f486a,PKR,semi_synthetic_split,1,0.14906341755788086,0.14906341755788086,
eth_flow_0x06324ae11e7c__r7fam03__inst01__synth_split_src,bnb_flow_0x39098dd6f2db__synth_split_b,1.1925073404630468,0.14906341755788086,287,one_to_many,0.95,supervised_flow_pair,ETH,BNB,Poly,0x001a8ffcb0f03e99141652ebcdecdb0384e3bd6c,0xc49dde62b4a0810074721faca54aab52369f486a,PKR,semi_synthetic_split,1,0.14906341755788086,0.14906341755788086,
eth_flow_0x06324ae11e7c__r7fam03__inst01__synth_split_src,bnb_flow_0x39098dd6f2db__synth_split_c,1.1925073404630468,0.14906341755788086,287,one_to_many,0.95,supervised_flow_pair,ETH,BNB,Poly,0x001a8ffcb0f03e99141652ebcdecdb0384e3bd6c,0xc49dde62b4a0810074721faca54aab52369f486a,PKR,semi_synthetic_split,1,0.14906341755788086,0.14906341755788086,
eth_flow_0x06324ae11e7c__r7fam03__inst01__synth_split_src,bnb_flow_0x39098dd6f2db__synth_split_d,1.1925073404630468,0.14906341755788086,287,one_to_many,0.95,supervised_flow_pair,ETH,BNB,Poly,0x001a8ffcb0f03e99141652ebcdecdb0384e3bd6c,0xc49dde62b4a0810074721faca54aab52369f486a,PKR,semi_synthetic_split,1,0.14906341755788086,0.14906341755788086,
eth_flow_0x06324ae11e7c__r7fam03__inst01__synth_split_src,bnb_flow_0x39098dd6f2db__synth_split_e,1.1925073404630468,0.14906341755788086,287,one_to_many,0.95,supervised_flow_pair,ETH,BNB,Poly,0x001a8ffcb0f03e99141652ebcdecdb0384e3bd6c,0xc49dde62b4a0810074721faca54aab52369f486a,PKR,semi_synthetic_split,1,0.14906341755788086,0.14906341755788086,
eth_flow_0x06324ae11e7c__r7fam03__inst01__synth_split_src,bnb_flow_0x39098dd6f2db__synth_split_f,1.1925073404630468,0.14906341755788086,287,one_to_many,0.95,supervised_flow_pair,ETH,BNB,Poly,0x001a8ffcb0f03e99141652ebcdecdb0384e3bd6c,0xc49dde62b4a0810074721faca54aab52369f486a,PKR,semi_synthetic_split,1,0.14906341755788086,0.14906341755788086,
eth_flow_0x06324ae11e7c__r7fam03__inst01__synth_split_src,bnb_flow_0x39098dd6f2db__synth_split_g,1.1925073404630468,0.14906341755788086,287,one_to_many,0.95,supervised_flow_pair,ETH,BNB,Poly,0x001a8ffcb0f03e99141652ebcdecdb0384e3bd6c,0xc49dde62b4a0810074721faca54aab52369f486a,PKR,semi_synthetic_split,1,0.14906341755788086,0.14906341755788086,
eth_flow_0x06324ae11e7c__r7fam03__inst01__synth_split_src,bnb_flow_0x39098dd6f2db__synth_split_h,1.1925073404630468,0.14906341755788086,287,one_to_many,0.95,supervised_flow_pair,ETH,BNB,Poly,0x001a8ffcb0f03e99141652ebcdecdb0384e3bd6c,0xc49dde62b4a0810074721faca54aab52369f486a,PKR,semi_synthetic_split,1,0.14906341755788086,0.14906341755788086,
eth_flow_0x06324ae11e7c__r7fam03__inst01__synth_merge_src1,bnb_flow_0x39098dd6f2db__synth_merge_dst,0.5962536702315234,1.1925073404630468,287,many_to_one,1.0,supervised_flow_pair,ETH,BNB,Poly,0x001a8ffcb0f03e99141652ebcdecdb0384e3bd6c,0xc49dde62b4a0810074721faca54aab52369f486a,PKR,semi_synthetic_merge,,0.5962536702315234,0.5962536702315234,
eth_flow_0x06324ae11e7c__r7fam03__inst01__synth_merge_src2,bnb_flow_0x39098dd6f2db__synth_merge_dst,0.5962536702315234,1.1925073404630468,287,many_to_one,1.0,supervised_flow_pair,ETH,BNB,Poly,0x001a8ffcb0f03e99141652ebcdecdb0384e3bd6c,0xc49dde62b4a0810074721faca54aab52369f486a,PKR,semi_synthetic_merge,,0.5962536702315234,0.5962536702315234,
eth_flow_0x06324ae11e7c__r7fam03__inst01__synth_unmatched_src,bnb_flow_0x39098dd6f2db__synth_hidden_dst,1.1925073404630468,0,287,one_to_one,0.2,supervised_flow_pair,ETH,BNB,Poly,0x001a8ffcb0f03e99141652ebcdecdb0384e3bd6c,0xc49dde62b4a0810074721faca54aab52369f486a,PKR,semi_synthetic_unmatched,,,0,0
eth_flow_0x06324ae11e7c__r7fam03__inst01__synth_noise_src_0,bnb_flow_0x39098dd6f2db__synth_noise_dst_0,1.1925073404630468,1.1925073404630468,347,one_to_one,0.2312,supervised_flow_pair,ETH,BNB,Poly,0x001a8ffcb0f03e99141652ebcdecdb0384e3bd6c,0xc49dde62b4a0810074721faca54aab52369f486a,PKR,semi_synthetic_delay_noise,,,,
eth_flow_0x06324ae11e7c__r7fam03__inst01__synth_noise_src_1,bnb_flow_0x39098dd6f2db__synth_noise_dst_1,1.1925073404630468,1.1925073404630468,407,one_to_one,0.2303,supervised_flow_pair,ETH,BNB,Poly,0x001a8ffcb0f03e99141652ebcdecdb0384e3bd6c,0xc49dde62b4a0810074721faca54aab52369f486a,PKR,semi_synthetic_delay_noise,,,,
eth_flow_0x6ee37acb68a4__r7fam04__inst00__synth_split_src,bnb_flow_0x8985f2ea9d29__synth_split_a,0.7887577556533887,0.39437887782669434,976,one_to_many,0.95,supervised_flow_pair,ETH,BNB,Poly,0x5d285f735998f36631f678ff41fb56a10a4d0429,0x398f7827dccbefe6990478876bbf3612d93baf05,MIX,semi_synthetic_split,1,0.39437887782669434,0.39437887782669434,
eth_flow_0x6ee37acb68a4__r7fam04__inst00__synth_split_src,bnb_flow_0x8985f2ea9d29__synth_split_b,0.7887577556533887,0.39437887782669434,976,one_to_many,0.95,supervised_flow_pair,ETH,BNB,Poly,0x5d285f735998f36631f678ff41fb56a10a4d0429,0x398f7827dccbefe6990478876bbf3612d93baf05,MIX,semi_synthetic_split,1,0.39437887782669434,0.39437887782669434,
eth_flow_0x6ee37acb68a4__r7fam04__inst00__synth_merge_src1,bnb_flow_0x8985f2ea9d29__synth_merge_dst,0.39437887782669434,0.7887577556533887,976,many_to_one,1.0,supervised_flow_pair,ETH,BNB,Poly,0x5d285f735998f36631f678ff41fb56a10a4d0429,0x398f7827dccbefe6990478876bbf3612d93baf05,MIX,semi_synthetic_merge,,0.39437887782669434,0.39437887782669434,
eth_flow_0x6ee37acb68a4__r7fam04__inst00__synth_merge_src2,bnb_flow_0x8985f2ea9d29__synth_merge_dst,0.39437887782669434,0.7887577556533887,976,many_to_one,1.0,supervised_flow_pair,ETH,BNB,Poly,0x5d285f735998f36631f678ff41fb56a10a4d0429,0x398f7827dccbefe6990478876bbf3612d93baf05,MIX,semi_synthetic_merge,,0.39437887782669434,0.39437887782669434,
eth_flow_0x6ee37acb68a4__r7fam04__inst00__synth_unmatched_src,bnb_flow_0x8985f2ea9d29__synth_hidden_dst,0.7887577556533887,0,976,one_to_one,0.2,supervised_flow_pair,ETH,BNB,Poly,0x5d285f735998f36631f678ff41fb56a10a4d0429,0x398f7827dccbefe6990478876bbf3612d93baf05,MIX,semi_synthetic_unmatched,,,0,0
eth_flow_0x6ee37acb68a4__r7fam04__inst00__synth_noise_src_0,bnb_flow_0x8985f2ea9d29__synth_noise_dst_0,0.7887577556533887,0.7887577556533887,1036,one_to_one,0.2303,supervised_flow_pair,ETH,BNB,Poly,0x5d285f735998f36631f678ff41fb56a10a4d0429,0x398f7827dccbefe6990478876bbf3612d93baf05,MIX,semi_synthetic_delay_noise,,,,
eth_flow_0x6ee37acb68a4__r7fam04__inst00__synth_noise_src_1,bnb_flow_0x8985f2ea9d29__synth_noise_dst_1,0.7887577556533887,0.7887577556533887,1096,one_to_one,0.2559,supervised_flow_pair,ETH,BNB,Poly,0x5d285f735998f36631f678ff41fb56a10a4d0429,0x398f7827dccbefe6990478876bbf3612d93baf05,MIX,semi_synthetic_delay_noise,,,,
eth_flow_0xb896f4ac3209__r7fam04__inst01__synth_split_src,bnb_flow_0xdf0b5fbf02d9__synth_split_a,1.3532084758841028,0.3383021189710257,1010,one_to_many,0.95,supervised_flow_pair,ETH,BNB,Poly,0x5d285f735998f36631f678ff41fb56a10a4d0429,0x398f7827dccbefe6990478876bbf3612d93baf05,MIX,semi_synthetic_split,1,0.3383021189710257,0.3383021189710257,
eth_flow_0xb896f4ac3209__r7fam04__inst01__synth_split_src,bnb_flow_0xdf0b5fbf02d9__synth_split_b,1.3532084758841028,0.3383021189710257,1010,one_to_many,0.95,supervised_flow_pair,ETH,BNB,Poly,0x5d285f735998f36631f678ff41fb56a10a4d0429,0x398f7827dccbefe6990478876bbf3612d93baf05,MIX,semi_synthetic_split,1,0.3383021189710257,0.3383021189710257,
eth_flow_0xb896f4ac3209__r7fam04__inst01__synth_split_src,bnb_flow_0xdf0b5fbf02d9__synth_split_c,1.3532084758841028,0.3383021189710257,1010,one_to_many,0.95,supervised_flow_pair,ETH,BNB,Poly,0x5d285f735998f36631f678ff41fb56a10a4d0429,0x398f7827dccbefe6990478876bbf3612d93baf05,MIX,semi_synthetic_split,1,0.3383021189710257,0.3383021189710257,
eth_flow_0xb896f4ac3209__r7fam04__inst01__synth_split_src,bnb_flow_0xdf0b5fbf02d9__synth_split_d,1.3532084758841028,0.3383021189710257,1010,one_to_many,0.95,supervised_flow_pair,ETH,BNB,Poly,0x5d285f735998f36631f678ff41fb56a10a4d0429,0x398f7827dccbefe6990478876bbf3612d93baf05,MIX,semi_synthetic_split,1,0.3383021189710257,0.3383021189710257,
eth_flow_0xb896f4ac3209__r7fam04__inst01__synth_merge_src1,bnb_flow_0xdf0b5fbf02d9__synth_merge_dst,0.6766042379420514,1.3532084758841028,1010,many_to_one,1.0,supervised_flow_pair,ETH,BNB,Poly,0x5d285f735998f36631f678ff41fb56a10a4d0429,0x398f7827dccbefe6990478876bbf3612d93baf05,MIX,semi_synthetic_merge,,0.6766042379420514,0.6766042379420514,
eth_flow_0xb896f4ac3209__r7fam04__inst01__synth_merge_src2,bnb_flow_0xdf0b5fbf02d9__synth_merge_dst,0.6766042379420514,1.3532084758841028,1010,many_to_one,1.0,supervised_flow_pair,ETH,BNB,Poly,0x5d285f735998f36631f678ff41fb56a10a4d0429,0x398f7827dccbefe6990478876bbf3612d93baf05,MIX,semi_synthetic_merge,,0.6766042379420514,0.6766042379420514,
eth_flow_0xb896f4ac3209__r7fam04__inst01__synth_unmatched_src,bnb_flow_0xdf0b5fbf02d9__synth_hidden_dst,1.3532084758841028,0,1010,one_to_one,0.2,supervised_flow_pair,ETH,BNB,Poly,0x5d285f735998f36631f678ff41fb56a10a4d0429,0x398f7827dccbefe6990478876bbf3612d93baf05,MIX,semi_synthetic_unmatched,,,0,0
eth_flow_0xb896f4ac3209__r7fam04__inst01__synth_noise_src_0,bnb_flow_0xdf0b5fbf02d9__synth_noise_dst_0,1.3532084758841028,1.3532084758841028,1070,one_to_one,0.2253,supervised_flow_pair,ETH,BNB,Poly,0x5d285f735998f36631f678ff41fb56a10a4d0429,0x398f7827dccbefe6990478876bbf3612d93baf05,MIX,semi_synthetic_delay_noise,,,,
eth_flow_0xb896f4ac3209__r7fam04__inst01__synth_noise_src_1,bnb_flow_0xdf0b5fbf02d9__synth_noise_dst_1,1.3532084758841028,1.3532084758841028,1130,one_to_one,0.2342,supervised_flow_pair,ETH,BNB,Poly,0x5d285f735998f36631f678ff41fb56a10a4d0429,0x398f7827dccbefe6990478876bbf3612d93baf05,MIX,semi_synthetic_delay_noise,,,,
eth_flow_0x52f76a2bedea__r7fam05__inst00__synth_split_src,bnb_flow_0x1ca2cd1b3668__synth_split_a,1.1922131709343695,0.5961065854671848,1141,one_to_many,0.95,supervised_flow_pair,ETH,BNB,Poly,0x001a8ffcb0f03e99141652ebcdecdb0384e3bd6c,0xc49dde62b4a0810074721faca54aab52369f486a,PKR,semi_synthetic_split,1,0.5961065854671848,0.5961065854671848,
eth_flow_0x52f76a2bedea__r7fam05__inst00__synth_split_src,bnb_flow_0x1ca2cd1b3668__synth_split_b,1.1922131709343695,0.5961065854671848,1141,one_to_many,0.95,supervised_flow_pair,ETH,BNB,Poly,0x001a8ffcb0f03e99141652ebcdecdb0384e3bd6c,0xc49dde62b4a0810074721faca54aab52369f486a,PKR,semi_synthetic_split,1,0.5961065854671848,0.5961065854671848,
eth_flow_0x52f76a2bedea__r7fam05__inst00__synth_merge_src1,bnb_flow_0x1ca2cd1b3668__synth_merge_dst,0.5961065854671848,1.1922131709343695,1141,many_to_one,1.0,supervised_flow_pair,ETH,BNB,Poly,0x001a8ffcb0f03e99141652ebcdecdb0384e3bd6c,0xc49dde62b4a0810074721faca54aab52369f486a,PKR,semi_synthetic_merge,,0.5961065854671848,0.5961065854671848,
eth_flow_0x52f76a2bedea__r7fam05__inst00__synth_merge_src2,bnb_flow_0x1ca2cd1b3668__synth_merge_dst,0.5961065854671848,1.1922131709343695,1141,many_to_one,1.0,supervised_flow_pair,ETH,BNB,Poly,0x001a8ffcb0f03e99141652ebcdecdb0384e3bd6c,0xc49dde62b4a0810074721faca54aab52369f486a,PKR,semi_synthetic_merge,,0.5961065854671848,0.5961065854671848,
eth_flow_0x52f76a2bedea__r7fam05__inst00__synth_unmatched_src,bnb_flow_0x1ca2cd1b3668__synth_hidden_dst,1.1922131709343695,0,1141,one_to_one,0.2,supervised_flow_pair,ETH,BNB,Poly,0x001a8ffcb0f03e99141652ebcdecdb0384e3bd6c,0xc49dde62b4a0810074721faca54aab52369f486a,PKR,semi_synthetic_unmatched,,,0,0
eth_flow_0x52f76a2bedea__r7fam05__inst00__synth_noise_src_0,bnb_flow_0x1ca2cd1b3668__synth_noise_dst_0,1.1922131709343695,1.1922131709343695,1201,one_to_one,0.2322,supervised_flow_pair,ETH,BNB,Poly,0x001a8ffcb0f03e99141652ebcdecdb0384e3bd6c,0xc49dde62b4a0810074721faca54aab52369f486a,PKR,semi_synthetic_delay_noise,,,,
eth_flow_0x52f76a2bedea__r7fam05__inst00__synth_noise_src_1,bnb_flow_0x1ca2cd1b3668__synth_noise_dst_1,1.1922131709343695,1.1922131709343695,1261,one_to_one,0.2437,supervised_flow_pair,ETH,BNB,Poly,0x001a8ffcb0f03e99141652ebcdecdb0384e3bd6c,0xc49dde62b4a0810074721faca54aab52369f486a,PKR,semi_synthetic_delay_noise,,,,
eth_flow_0x69ce6cf0df55__r7fam05__inst01__synth_split_src,bnb_flow_0x82db8e200c1b__synth_split_a,1.5870175239326771,0.7935087619663386,1185,one_to_many,0.95,supervised_flow_pair,ETH,BNB,Poly,0x5d285f735998f36631f678ff41fb56a10a4d0429,0x398f7827dccbefe6990478876bbf3612d93baf05,MIX,semi_synthetic_split,1,0.7935087619663386,0.7935087619663386,
eth_flow_0x69ce6cf0df55__r7fam05__inst01__synth_split_src,bnb_flow_0x82db8e200c1b__synth_split_b,1.5870175239326771,0.7935087619663386,1185,one_to_many,0.95,supervised_flow_pair,ETH,BNB,Poly,0x5d285f735998f36631f678ff41fb56a10a4d0429,0x398f7827dccbefe6990478876bbf3612d93baf05,MIX,semi_synthetic_split,1,0.7935087619663386,0.7935087619663386,
eth_flow_0x69ce6cf0df55__r7fam05__inst01__synth_merge_src1,bnb_flow_0x82db8e200c1b__synth_merge_dst,0.7935087619663386,1.5870175239326771,1185,many_to_one,1.0,supervised_flow_pair,ETH,BNB,Poly,0x5d285f735998f36631f678ff41fb56a10a4d0429,0x398f7827dccbefe6990478876bbf3612d93baf05,MIX,semi_synthetic_merge,,0.7935087619663386,0.7935087619663386,
eth_flow_0x69ce6cf0df55__r7fam05__inst01__synth_merge_src2,bnb_flow_0x82db8e200c1b__synth_merge_dst,0.7935087619663386,1.5870175239326771,1185,many_to_one,1.0,supervised_flow_pair,ETH,BNB,Poly,0x5d285f735998f36631f678ff41fb56a10a4d0429,0x398f7827dccbefe6990478876bbf3612d93baf05,MIX,semi_synthetic_merge,,0.7935087619663386,0.7935087619663386,
eth_flow_0x69ce6cf0df55__r7fam05__inst01__synth_unmatched_src,bnb_flow_0x82db8e200c1b__synth_hidden_dst,1.5870175239326771,0,1185,one_to_one,0.2,supervised_flow_pair,ETH,BNB,Poly,0x5d285f735998f36631f678ff41fb56a10a4d0429,0x398f7827dccbefe6990478876bbf3612d93baf05,MIX,semi_synthetic_unmatched,,,0,0
eth_flow_0x69ce6cf0df55__r7fam05__inst01__synth_noise_src_0,bnb_flow_0x82db8e200c1b__synth_noise_dst_0,1.5870175239326771,1.5870175239326771,1245,one_to_one,0.243,supervised_flow_pair,ETH,BNB,Poly,0x5d285f735998f36631f678ff41fb56a10a4d0429,0x398f7827dccbefe6990478876bbf3612d93baf05,MIX,semi_synthetic_delay_noise,,,,
eth_flow_0x69ce6cf0df55__r7fam05__inst01__synth_noise_src_1,bnb_flow_0x82db8e200c1b__synth_noise_dst_1,1.5870175239326771,1.5870175239326771,1305,one_to_one,0.2459,supervised_flow_pair,ETH,BNB,Poly,0x5d285f735998f36631f678ff41fb56a10a4d0429,0x398f7827dccbefe6990478876bbf3612d93baf05,MIX,semi_synthetic_delay_noise,,,,
eth_flow_0x0c6b33f3f3f2__r7fam06__inst00__synth_split_src,bnb_flow_0x7200c7b8ccfa__synth_split_a,19.266265884980395,2.4082832356225494,169,one_to_many,0.95,supervised_flow_pair,ETH,BNB,Poly,0x9e32b13ce7f2e80a01932b42553652e053d6ed8e,0xe552fb52a4f19e44ef5a967632dbc320b0820639,Metis,semi_synthetic_split,1,2.4082832356225494,2.4082832356225494,
eth_flow_0x0c6b33f3f3f2__r7fam06__inst00__synth_split_src,bnb_flow_0x7200c7b8ccfa__synth_split_b,19.266265884980395,2.4082832356225494,169,one_to_many,0.95,supervised_flow_pair,ETH,BNB,Poly,0x9e32b13ce7f2e80a01932b42553652e053d6ed8e,0xe552fb52a4f19e44ef5a967632dbc320b0820639,Metis,semi_synthetic_split,1,2.4082832356225494,2.4082832356225494,
eth_flow_0x0c6b33f3f3f2__r7fam06__inst00__synth_split_src,bnb_flow_0x7200c7b8ccfa__synth_split_c,19.266265884980395,2.4082832356225494,169,one_to_many,0.95,supervised_flow_pair,ETH,BNB,Poly,0x9e32b13ce7f2e80a01932b42553652e053d6ed8e,0xe552fb52a4f19e44ef5a967632dbc320b0820639,Metis,semi_synthetic_split,1,2.4082832356225494,2.4082832356225494,
eth_flow_0x0c6b33f3f3f2__r7fam06__inst00__synth_split_src,bnb_flow_0x7200c7b8ccfa__synth_split_d,19.266265884980395,2.4082832356225494,169,one_to_many,0.95,supervised_flow_pair,ETH,BNB,Poly,0x9e32b13ce7f2e80a01932b42553652e053d6ed8e,0xe552fb52a4f19e44ef5a967632dbc320b0820639,Metis,semi_synthetic_split,1,2.4082832356225494,2.4082832356225494,
eth_flow_0x0c6b33f3f3f2__r7fam06__inst00__synth_split_src,bnb_flow_0x7200c7b8ccfa__synth_split_e,19.266265884980395,2.4082832356225494,169,one_to_many,0.95,supervised_flow_pair,ETH,BNB,Poly,0x9e32b13ce7f2e80a01932b42553652e053d6ed8e,0xe552fb52a4f19e44ef5a967632dbc320b0820639,Metis,semi_synthetic_split,1,2.4082832356225494,2.4082832356225494,
eth_flow_0x0c6b33f3f3f2__r7fam06__inst00__synth_split_src,bnb_flow_0x7200c7b8ccfa__synth_split_f,19.266265884980395,2.4082832356225494,169,one_to_many,0.95,supervised_flow_pair,ETH,BNB,Poly,0x9e32b13ce7f2e80a01932b42553652e053d6ed8e,0xe552fb52a4f19e44ef5a967632dbc320b0820639,Metis,semi_synthetic_split,1,2.4082832356225494,2.4082832356225494,
eth_flow_0x0c6b33f3f3f2__r7fam06__inst00__synth_split_src,bnb_flow_0x7200c7b8ccfa__synth_split_g,19.266265884980395,2.4082832356225494,169,one_to_many,0.95,supervised_flow_pair,ETH,BNB,Poly,0x9e32b13ce7f2e80a01932b42553652e053d6ed8e,0xe552fb52a4f19e44ef5a967632dbc320b0820639,Metis,semi_synthetic_split,1,2.4082832356225494,2.4082832356225494,
eth_flow_0x0c6b33f3f3f2__r7fam06__inst00__synth_split_src,bnb_flow_0x7200c7b8ccfa__synth_split_h,19.266265884980395,2.4082832356225494,169,one_to_many,0.95,supervised_flow_pair,ETH,BNB,Poly,0x9e32b13ce7f2e80a01932b42553652e053d6ed8e,0xe552fb52a4f19e44ef5a967632dbc320b0820639,Metis,semi_synthetic_split,1,2.4082832356225494,2.4082832356225494,
eth_flow_0x0c6b33f3f3f2__r7fam06__inst00__synth_merge_src1,bnb_flow_0x7200c7b8ccfa__synth_merge_dst,9.633132942490198,19.266265884980395,169,many_to_one,1.0,supervised_flow_pair,ETH,BNB,Poly,0x9e32b13ce7f2e80a01932b42553652e053d6ed8e,0xe552fb52a4f19e44ef5a967632dbc320b0820639,Metis,semi_synthetic_merge,,9.633132942490198,9.633132942490198,
eth_flow_0x0c6b33f3f3f2__r7fam06__inst00__synth_merge_src2,bnb_flow_0x7200c7b8ccfa__synth_merge_dst,9.633132942490198,19.266265884980395,169,many_to_one,1.0,supervised_flow_pair,ETH,BNB,Poly,0x9e32b13ce7f2e80a01932b42553652e053d6ed8e,0xe552fb52a4f19e44ef5a967632dbc320b0820639,Metis,semi_synthetic_merge,,9.633132942490198,9.633132942490198,
eth_flow_0x0c6b33f3f3f2__r7fam06__inst00__synth_unmatched_src,bnb_flow_0x7200c7b8ccfa__synth_hidden_dst,19.266265884980395,0,169,one_to_one,0.2,supervised_flow_pair,ETH,BNB,Poly,0x9e32b13ce7f2e80a01932b42553652e053d6ed8e,0xe552fb52a4f19e44ef5a967632dbc320b0820639,Metis,semi_synthetic_unmatched,,,0,0
eth_flow_0x0c6b33f3f3f2__r7fam06__inst00__synth_noise_src_0,bnb_flow_0x7200c7b8ccfa__synth_noise_dst_0,19.266265884980395,19.266265884980395,229,one_to_one,0.2357,supervised_flow_pair,ETH,BNB,Poly,0x9e32b13ce7f2e80a01932b42553652e053d6ed8e,0xe552fb52a4f19e44ef5a967632dbc320b0820639,Metis,semi_synthetic_delay_noise,,,,
eth_flow_0x0c6b33f3f3f2__r7fam06__inst00__synth_noise_src_1,bnb_flow_0x7200c7b8ccfa__synth_noise_dst_1,19.266265884980395,19.266265884980395,289,one_to_one,0.2384,supervised_flow_pair,ETH,BNB,Poly,0x9e32b13ce7f2e80a01932b42553652e053d6ed8e,0xe552fb52a4f19e44ef5a967632dbc320b0820639,Metis,semi_synthetic_delay_noise,,,,
eth_flow_0x0532316f2750__r7fam06__inst01__synth_split_src,bnb_flow_0xc9f43a1d514d__synth_split_a,9.288690222227412,4.644345111113706,189,one_to_many,0.95,supervised_flow_pair,ETH,BNB,Poly,0xaf9f549774ecedbd0966c52f250acc548d3f36e5,0x69a1913d334b524ea1632461c78797c837ca9fa6,RFuel,semi_synthetic_split,1,4.644345111113706,4.644345111113706,
eth_flow_0x0532316f2750__r7fam06__inst01__synth_split_src,bnb_flow_0xc9f43a1d514d__synth_split_b,9.288690222227412,4.644345111113706,189,one_to_many,0.95,supervised_flow_pair,ETH,BNB,Poly,0xaf9f549774ecedbd0966c52f250acc548d3f36e5,0x69a1913d334b524ea1632461c78797c837ca9fa6,RFuel,semi_synthetic_split,1,4.644345111113706,4.644345111113706,
eth_flow_0x0532316f2750__r7fam06__inst01__synth_merge_src1,bnb_flow_0xc9f43a1d514d__synth_merge_dst,4.644345111113706,9.288690222227412,189,many_to_one,1.0,supervised_flow_pair,ETH,BNB,Poly,0xaf9f549774ecedbd0966c52f250acc548d3f36e5,0x69a1913d334b524ea1632461c78797c837ca9fa6,RFuel,semi_synthetic_merge,,4.644345111113706,4.644345111113706,
eth_flow_0x0532316f2750__r7fam06__inst01__synth_merge_src2,bnb_flow_0xc9f43a1d514d__synth_merge_dst,4.644345111113706,9.288690222227412,189,many_to_one,1.0,supervised_flow_pair,ETH,BNB,Poly,0xaf9f549774ecedbd0966c52f250acc548d3f36e5,0x69a1913d334b524ea1632461c78797c837ca9fa6,RFuel,semi_synthetic_merge,,4.644345111113706,4.644345111113706,
eth_flow_0x0532316f2750__r7fam06__inst01__synth_unmatched_src,bnb_flow_0xc9f43a1d514d__synth_hidden_dst,9.288690222227412,0,189,one_to_one,0.2,supervised_flow_pair,ETH,BNB,Poly,0xaf9f549774ecedbd0966c52f250acc548d3f36e5,0x69a1913d334b524ea1632461c78797c837ca9fa6,RFuel,semi_synthetic_unmatched,,,0,0
eth_flow_0x0532316f2750__r7fam06__inst01__synth_noise_src_0,bnb_flow_0xc9f43a1d514d__synth_noise_dst_0,9.288690222227412,9.288690222227412,249,one_to_one,0.2222,supervised_flow_pair,ETH,BNB,Poly,0xaf9f549774ecedbd0966c52f250acc548d3f36e5,0x69a1913d334b524ea1632461c78797c837ca9fa6,RFuel,semi_synthetic_delay_noise,,,,
eth_flow_0x0532316f2750__r7fam06__inst01__synth_noise_src_1,bnb_flow_0xc9f43a1d514d__synth_noise_dst_1,9.288690222227412,9.288690222227412,309,one_to_one,0.2506,supervised_flow_pair,ETH,BNB,Poly,0xaf9f549774ecedbd0966c52f250acc548d3f36e5,0x69a1913d334b524ea1632461c78797c837ca9fa6,RFuel,semi_synthetic_delay_noise,,,,
eth_flow_0x3dde55d5a22f__r7fam07__inst00__synth_split_src,bnb_flow_0xd6d5fd3759e2__synth_split_a,15.606488219641625,7.803244109820812,209,one_to_many,0.95,supervised_flow_pair,ETH,BNB,Poly,0xaf9f549774ecedbd0966c52f250acc548d3f36e5,0x69a1913d334b524ea1632461c78797c837ca9fa6,RFuel,semi_synthetic_split,1,7.803244109820812,7.803244109820812,
eth_flow_0x3dde55d5a22f__r7fam07__inst00__synth_split_src,bnb_flow_0xd6d5fd3759e2__synth_split_b,15.606488219641625,7.803244109820812,209,one_to_many,0.95,supervised_flow_pair,ETH,BNB,Poly,0xaf9f549774ecedbd0966c52f250acc548d3f36e5,0x69a1913d334b524ea1632461c78797c837ca9fa6,RFuel,semi_synthetic_split,1,7.803244109820812,7.803244109820812,
eth_flow_0x3dde55d5a22f__r7fam07__inst00__synth_merge_src1,bnb_flow_0xd6d5fd3759e2__synth_merge_dst,7.803244109820812,15.606488219641625,209,many_to_one,1.0,supervised_flow_pair,ETH,BNB,Poly,0xaf9f549774ecedbd0966c52f250acc548d3f36e5,0x69a1913d334b524ea1632461c78797c837ca9fa6,RFuel,semi_synthetic_merge,,7.803244109820812,7.803244109820812,
eth_flow_0x3dde55d5a22f__r7fam07__inst00__synth_merge_src2,bnb_flow_0xd6d5fd3759e2__synth_merge_dst,7.803244109820812,15.606488219641625,209,many_to_one,1.0,supervised_flow_pair,ETH,BNB,Poly,0xaf9f549774ecedbd0966c52f250acc548d3f36e5,0x69a1913d334b524ea1632461c78797c837ca9fa6,RFuel,semi_synthetic_merge,,7.803244109820812,7.803244109820812,
eth_flow_0x3dde55d5a22f__r7fam07__inst00__synth_unmatched_src,bnb_flow_0xd6d5fd3759e2__synth_hidden_dst,15.606488219641625,0,209,one_to_one,0.2,supervised_flow_pair,ETH,BNB,Poly,0xaf9f549774ecedbd0966c52f250acc548d3f36e5,0x69a1913d334b524ea1632461c78797c837ca9fa6,RFuel,semi_synthetic_unmatched,,,0,0
eth_flow_0x3dde55d5a22f__r7fam07__inst00__synth_noise_src_0,bnb_flow_0xd6d5fd3759e2__synth_noise_dst_0,15.606488219641625,15.606488219641625,269,one_to_one,0.2286,supervised_flow_pair,ETH,BNB,Poly,0xaf9f549774ecedbd0966c52f250acc548d3f36e5,0x69a1913d334b524ea1632461c78797c837ca9fa6,RFuel,semi_synthetic_delay_noise,,,,
eth_flow_0x3dde55d5a22f__r7fam07__inst00__synth_noise_src_1,bnb_flow_0xd6d5fd3759e2__synth_noise_dst_1,15.606488219641625,15.606488219641625,329,one_to_one,0.2583,supervised_flow_pair,ETH,BNB,Poly,0xaf9f549774ecedbd0966c52f250acc548d3f36e5,0x69a1913d334b524ea1632461c78797c837ca9fa6,RFuel,semi_synthetic_delay_noise,,,,
eth_flow_0x5f336a95e6d7__r7fam07__inst01__synth_split_src,bnb_flow_0x81fb945f2724__synth_split_a,71.42065069485487,35.710325347427435,210,one_to_many,0.95,supervised_flow_pair,ETH,BNB,Poly,0x9e32b13ce7f2e80a01932b42553652e053d6ed8e,0xe552fb52a4f19e44ef5a967632dbc320b0820639,Metis,semi_synthetic_split,1,35.710325347427435,35.710325347427435,
eth_flow_0x5f336a95e6d7__r7fam07__inst01__synth_split_src,bnb_flow_0x81fb945f2724__synth_split_b,71.42065069485487,35.710325347427435,210,one_to_many,0.95,supervised_flow_pair,ETH,BNB,Poly,0x9e32b13ce7f2e80a01932b42553652e053d6ed8e,0xe552fb52a4f19e44ef5a967632dbc320b0820639,Metis,semi_synthetic_split,1,35.710325347427435,35.710325347427435,
eth_flow_0x5f336a95e6d7__r7fam07__inst01__synth_merge_src1,bnb_flow_0x81fb945f2724__synth_merge_dst,35.710325347427435,71.42065069485487,210,many_to_one,1.0,supervised_flow_pair,ETH,BNB,Poly,0x9e32b13ce7f2e80a01932b42553652e053d6ed8e,0xe552fb52a4f19e44ef5a967632dbc320b0820639,Metis,semi_synthetic_merge,,35.710325347427435,35.710325347427435,
eth_flow_0x5f336a95e6d7__r7fam07__inst01__synth_merge_src2,bnb_flow_0x81fb945f2724__synth_merge_dst,35.710325347427435,71.42065069485487,210,many_to_one,1.0,supervised_flow_pair,ETH,BNB,Poly,0x9e32b13ce7f2e80a01932b42553652e053d6ed8e,0xe552fb52a4f19e44ef5a967632dbc320b0820639,Metis,semi_synthetic_merge,,35.710325347427435,35.710325347427435,
eth_flow_0x5f336a95e6d7__r7fam07__inst01__synth_unmatched_src,bnb_flow_0x81fb945f2724__synth_hidden_dst,71.42065069485487,0,210,one_to_one,0.2,supervised_flow_pair,ETH,BNB,Poly,0x9e32b13ce7f2e80a01932b42553652e053d6ed8e,0xe552fb52a4f19e44ef5a967632dbc320b0820639,Metis,semi_synthetic_unmatched,,,0,0
eth_flow_0x5f336a95e6d7__r7fam07__inst01__synth_noise_src_0,bnb_flow_0x81fb945f2724__synth_noise_dst_0,71.42065069485487,71.42065069485487,270,one_to_one,0.2408,supervised_flow_pair,ETH,BNB,Poly,0x9e32b13ce7f2e80a01932b42553652e053d6ed8e,0xe552fb52a4f19e44ef5a967632dbc320b0820639,Metis,semi_synthetic_delay_noise,,,,
eth_flow_0x5f336a95e6d7__r7fam07__inst01__synth_noise_src_1,bnb_flow_0x81fb945f2724__synth_noise_dst_1,71.42065069485487,71.42065069485487,330,one_to_one,0.2269,supervised_flow_pair,ETH,BNB,Poly,0x9e32b13ce7f2e80a01932b42553652e053d6ed8e,0xe552fb52a4f19e44ef5a967632dbc320b0820639,Metis,semi_synthetic_delay_noise,,,,
eth_flow_0xd493a4486311__r7fam08__inst00__synth_split_src,bnb_flow_0x7bc11c034ae3__synth_split_a,24.86226525929251,4.972453051858502,245,one_to_many,0.95,supervised_flow_pair,ETH,BNB,Poly,0x9e32b13ce7f2e80a01932b42553652e053d6ed8e,0xe552fb52a4f19e44ef5a967632dbc320b0820639,Metis,semi_synthetic_split,1,4.972453051858502,4.972453051858502,
eth_flow_0xd493a4486311__r7fam08__inst00__synth_split_src,bnb_flow_0x7bc11c034ae3__synth_split_b,24.86226525929251,4.972453051858502,245,one_to_many,0.95,supervised_flow_pair,ETH,BNB,Poly,0x9e32b13ce7f2e80a01932b42553652e053d6ed8e,0xe552fb52a4f19e44ef5a967632dbc320b0820639,Metis,semi_synthetic_split,1,4.972453051858502,4.972453051858502,
eth_flow_0xd493a4486311__r7fam08__inst00__synth_split_src,bnb_flow_0x7bc11c034ae3__synth_split_c,24.86226525929251,4.972453051858502,245,one_to_many,0.95,supervised_flow_pair,ETH,BNB,Poly,0x9e32b13ce7f2e80a01932b42553652e053d6ed8e,0xe552fb52a4f19e44ef5a967632dbc320b0820639,Metis,semi_synthetic_split,1,4.972453051858502,4.972453051858502,
eth_flow_0xd493a4486311__r7fam08__inst00__synth_split_src,bnb_flow_0x7bc11c034ae3__synth_split_d,24.86226525929251,4.972453051858502,245,one_to_many,0.95,supervised_flow_pair,ETH,BNB,Poly,0x9e32b13ce7f2e80a01932b42553652e053d6ed8e,0xe552fb52a4f19e44ef5a967632dbc320b0820639,Metis,semi_synthetic_split,1,4.972453051858502,4.972453051858502,
eth_flow_0xd493a4486311__r7fam08__inst00__synth_split_src,bnb_flow_0x7bc11c034ae3__synth_split_e,24.86226525929251,4.972453051858502,245,one_to_many,0.95,supervised_flow_pair,ETH,BNB,Poly,0x9e32b13ce7f2e80a01932b42553652e053d6ed8e,0xe552fb52a4f19e44ef5a967632dbc320b0820639,Metis,semi_synthetic_split,1,4.972453051858502,4.972453051858502,
eth_flow_0xd493a4486311__r7fam08__inst00__synth_merge_src1,bnb_flow_0x7bc11c034ae3__synth_merge_dst,12.431132629646255,24.86226525929251,245,many_to_one,1.0,supervised_flow_pair,ETH,BNB,Poly,0x9e32b13ce7f2e80a01932b42553652e053d6ed8e,0xe552fb52a4f19e44ef5a967632dbc320b0820639,Metis,semi_synthetic_merge,,12.431132629646255,12.431132629646255,
eth_flow_0xd493a4486311__r7fam08__inst00__synth_merge_src2,bnb_flow_0x7bc11c034ae3__synth_merge_dst,12.431132629646255,24.86226525929251,245,many_to_one,1.0,supervised_flow_pair,ETH,BNB,Poly,0x9e32b13ce7f2e80a01932b42553652e053d6ed8e,0xe552fb52a4f19e44ef5a967632dbc320b0820639,Metis,semi_synthetic_merge,,12.431132629646255,12.431132629646255,
eth_flow_0xd493a4486311__r7fam08__inst00__synth_unmatched_src,bnb_flow_0x7bc11c034ae3__synth_hidden_dst,24.86226525929251,0,245,one_to_one,0.2,supervised_flow_pair,ETH,BNB,Poly,0x9e32b13ce7f2e80a01932b42553652e053d6ed8e,0xe552fb52a4f19e44ef5a967632dbc320b0820639,Metis,semi_synthetic_unmatched,,,0,0
eth_flow_0xd493a4486311__r7fam08__inst00__synth_noise_src_0,bnb_flow_0x7bc11c034ae3__synth_noise_dst_0,24.86226525929251,24.86226525929251,305,one_to_one,0.2425,supervised_flow_pair,ETH,BNB,Poly,0x9e32b13ce7f2e80a01932b42553652e053d6ed8e,0xe552fb52a4f19e44ef5a967632dbc320b0820639,Metis,semi_synthetic_delay_noise,,,,
eth_flow_0xd493a4486311__r7fam08__inst00__synth_noise_src_1,bnb_flow_0x7bc11c034ae3__synth_noise_dst_1,24.86226525929251,24.86226525929251,365,one_to_one,0.2375,supervised_flow_pair,ETH,BNB,Poly,0x9e32b13ce7f2e80a01932b42553652e053d6ed8e,0xe552fb52a4f19e44ef5a967632dbc320b0820639,Metis,semi_synthetic_delay_noise,,,,
eth_flow_0xbd1209d2801f__r7fam08__inst01__synth_split_src,bnb_flow_0x473b7e9e2cde__synth_split_a,71.71411602492395,23.904705341641318,228,one_to_many,0.95,supervised_flow_pair,ETH,BNB,Poly,0xaf9f549774ecedbd0966c52f250acc548d3f36e5,0x69a1913d334b524ea1632461c78797c837ca9fa6,RFuel,semi_synthetic_split,1,23.904705341641318,23.904705341641318,
eth_flow_0xbd1209d2801f__r7fam08__inst01__synth_split_src,bnb_flow_0x473b7e9e2cde__synth_split_b,71.71411602492395,23.904705341641318,228,one_to_many,0.95,supervised_flow_pair,ETH,BNB,Poly,0xaf9f549774ecedbd0966c52f250acc548d3f36e5,0x69a1913d334b524ea1632461c78797c837ca9fa6,RFuel,semi_synthetic_split,1,23.904705341641318,23.904705341641318,
eth_flow_0xbd1209d2801f__r7fam08__inst01__synth_split_src,bnb_flow_0x473b7e9e2cde__synth_split_c,71.71411602492395,23.904705341641318,228,one_to_many,0.95,supervised_flow_pair,ETH,BNB,Poly,0xaf9f549774ecedbd0966c52f250acc548d3f36e5,0x69a1913d334b524ea1632461c78797c837ca9fa6,RFuel,semi_synthetic_split,1,23.904705341641318,23.904705341641318,
eth_flow_0xbd1209d2801f__r7fam08__inst01__synth_merge_src1,bnb_flow_0x473b7e9e2cde__synth_merge_dst,35.85705801246198,71.71411602492395,228,many_to_one,1.0,supervised_flow_pair,ETH,BNB,Poly,0xaf9f549774ecedbd0966c52f250acc548d3f36e5,0x69a1913d334b524ea1632461c78797c837ca9fa6,RFuel,semi_synthetic_merge,,35.85705801246198,35.85705801246198,
eth_flow_0xbd1209d2801f__r7fam08__inst01__synth_merge_src2,bnb_flow_0x473b7e9e2cde__synth_merge_dst,35.85705801246198,71.71411602492395,228,many_to_one,1.0,supervised_flow_pair,ETH,BNB,Poly,0xaf9f549774ecedbd0966c52f250acc548d3f36e5,0x69a1913d334b524ea1632461c78797c837ca9fa6,RFuel,semi_synthetic_merge,,35.85705801246198,35.85705801246198,
eth_flow_0xbd1209d2801f__r7fam08__inst01__synth_unmatched_src,bnb_flow_0x473b7e9e2cde__synth_hidden_dst,71.71411602492395,0,228,one_to_one,0.2,supervised_flow_pair,ETH,BNB,Poly,0xaf9f549774ecedbd0966c52f250acc548d3f36e5,0x69a1913d334b524ea1632461c78797c837ca9fa6,RFuel,semi_synthetic_unmatched,,,0,0
eth_flow_0xbd1209d2801f__r7fam08__inst01__synth_noise_src_0,bnb_flow_0x473b7e9e2cde__synth_noise_dst_0,71.71411602492395,71.71411602492395,288,one_to_one,0.2392,supervised_flow_pair,ETH,BNB,Poly,0xaf9f549774ecedbd0966c52f250acc548d3f36e5,0x69a1913d334b524ea1632461c78797c837ca9fa6,RFuel,semi_synthetic_delay_noise,,,,
eth_flow_0xbd1209d2801f__r7fam08__inst01__synth_noise_src_1,bnb_flow_0x473b7e9e2cde__synth_noise_dst_1,71.71411602492395,71.71411602492395,348,one_to_one,0.243,supervised_flow_pair,ETH,BNB,Poly,0xaf9f549774ecedbd0966c52f250acc548d3f36e5,0x69a1913d334b524ea1632461c78797c837ca9fa6,RFuel,semi_synthetic_delay_noise,,,,
eth_flow_0xa03c051a19d7__r7fam09__inst00__synth_split_src,bnb_flow_0xc889a921e59f__synth_split_a,26.43919584732173,13.219597923660865,275,one_to_many,0.95,supervised_flow_pair,ETH,BNB,Poly,0x001a8ffcb0f03e99141652ebcdecdb0384e3bd6c,0xc49dde62b4a0810074721faca54aab52369f486a,PKR,semi_synthetic_split,1,13.219597923660865,13.219597923660865,
eth_flow_0xa03c051a19d7__r7fam09__inst00__synth_split_src,bnb_flow_0xc889a921e59f__synth_split_b,26.43919584732173,13.219597923660865,275,one_to_many,0.95,supervised_flow_pair,ETH,BNB,Poly,0x001a8ffcb0f03e99141652ebcdecdb0384e3bd6c,0xc49dde62b4a0810074721faca54aab52369f486a,PKR,semi_synthetic_split,1,13.219597923660865,13.219597923660865,
eth_flow_0xa03c051a19d7__r7fam09__inst00__synth_merge_src1,bnb_flow_0xc889a921e59f__synth_merge_dst,13.219597923660865,26.43919584732173,275,many_to_one,1.0,supervised_flow_pair,ETH,BNB,Poly,0x001a8ffcb0f03e99141652ebcdecdb0384e3bd6c,0xc49dde62b4a0810074721faca54aab52369f486a,PKR,semi_synthetic_merge,,13.219597923660865,13.219597923660865,
eth_flow_0xa03c051a19d7__r7fam09__inst00__synth_merge_src2,bnb_flow_0xc889a921e59f__synth_merge_dst,13.219597923660865,26.43919584732173,275,many_to_one,1.0,supervised_flow_pair,ETH,BNB,Poly,0x001a8ffcb0f03e99141652ebcdecdb0384e3bd6c,0xc49dde62b4a0810074721faca54aab52369f486a,PKR,semi_synthetic_merge,,13.219597923660865,13.219597923660865,
eth_flow_0xa03c051a19d7__r7fam09__inst00__synth_unmatched_src,bnb_flow_0xc889a921e59f__synth_hidden_dst,26.439195847321734,0,275,one_to_one,0.2,supervised_flow_pair,ETH,BNB,Poly,0x001a8ffcb0f03e99141652ebcdecdb0384e3bd6c,0xc49dde62b4a0810074721faca54aab52369f486a,PKR,semi_synthetic_unmatched,,,0,0
eth_flow_0xa03c051a19d7__r7fam09__inst00__synth_noise_src_0,bnb_flow_0xc889a921e59f__synth_noise_dst_0,26.439195847321734,26.439195847321734,335,one_to_one,0.2485,supervised_flow_pair,ETH,BNB,Poly,0x001a8ffcb0f03e99141652ebcdecdb0384e3bd6c,0xc49dde62b4a0810074721faca54aab52369f486a,PKR,semi_synthetic_delay_noise,,,,
eth_flow_0xa03c051a19d7__r7fam09__inst00__synth_noise_src_1,bnb_flow_0xc889a921e59f__synth_noise_dst_1,26.439195847321734,26.439195847321734,395,one_to_one,0.234,supervised_flow_pair,ETH,BNB,Poly,0x001a8ffcb0f03e99141652ebcdecdb0384e3bd6c,0xc49dde62b4a0810074721faca54aab52369f486a,PKR,semi_synthetic_delay_noise,,,,
eth_flow_0xd5717fc37e3b__r7fam09__inst01__synth_split_src,bnb_flow_0x2e7817f48afe__synth_split_a,20.715575475001643,6.905191825000547,319,one_to_many,0.95,supervised_flow_pair,ETH,BNB,Poly,0xaf9f549774ecedbd0966c52f250acc548d3f36e5,0x69a1913d334b524ea1632461c78797c837ca9fa6,RFuel,semi_synthetic_split,1,6.905191825000547,6.905191825000547,
eth_flow_0xd5717fc37e3b__r7fam09__inst01__synth_split_src,bnb_flow_0x2e7817f48afe__synth_split_b,20.715575475001643,6.905191825000547,319,one_to_many,0.95,supervised_flow_pair,ETH,BNB,Poly,0xaf9f549774ecedbd0966c52f250acc548d3f36e5,0x69a1913d334b524ea1632461c78797c837ca9fa6,RFuel,semi_synthetic_split,1,6.905191825000547,6.905191825000547,
eth_flow_0xd5717fc37e3b__r7fam09__inst01__synth_split_src,bnb_flow_0x2e7817f48afe__synth_split_c,20.715575475001643,6.905191825000547,319,one_to_many,0.95,supervised_flow_pair,ETH,BNB,Poly,0xaf9f549774ecedbd0966c52f250acc548d3f36e5,0x69a1913d334b524ea1632461c78797c837ca9fa6,RFuel,semi_synthetic_split,1,6.905191825000547,6.905191825000547,
eth_flow_0xd5717fc37e3b__r7fam09__inst01__synth_merge_src1,bnb_flow_0x2e7817f48afe__synth_merge_dst,10.357787737500821,20.715575475001643,319,many_to_one,1.0,supervised_flow_pair,ETH,BNB,Poly,0xaf9f549774ecedbd0966c52f250acc548d3f36e5,0x69a1913d334b524ea1632461c78797c837ca9fa6,RFuel,semi_synthetic_merge,,10.357787737500821,10.357787737500821,
eth_flow_0xd5717fc37e3b__r7fam09__inst01__synth_merge_src2,bnb_flow_0x2e7817f48afe__synth_merge_dst,10.357787737500821,20.715575475001643,319,many_to_one,1.0,supervised_flow_pair,ETH,BNB,Poly,0xaf9f549774ecedbd0966c52f250acc548d3f36e5,0x69a1913d334b524ea1632461c78797c837ca9fa6,RFuel,semi_synthetic_merge,,10.357787737500821,10.357787737500821,
eth_flow_0xd5717fc37e3b__r7fam09__inst01__synth_unmatched_src,bnb_flow_0x2e7817f48afe__synth_hidden_dst,20.715575475001643,0,319,one_to_one,0.2,supervised_flow_pair,ETH,BNB,Poly,0xaf9f549774ecedbd0966c52f250acc548d3f36e5,0x69a1913d334b524ea1632461c78797c837ca9fa6,RFuel,semi_synthetic_unmatched,,,0,0
eth_flow_0xd5717fc37e3b__r7fam09__inst01__synth_noise_src_0,bnb_flow_0x2e7817f48afe__synth_noise_dst_0,20.715575475001643,20.715575475001643,379,one_to_one,0.252,supervised_flow_pair,ETH,BNB,Poly,0xaf9f549774ecedbd0966c52f250acc548d3f36e5,0x69a1913d334b524ea1632461c78797c837ca9fa6,RFuel,semi_synthetic_delay_noise,,,,
eth_flow_0xd5717fc37e3b__r7fam09__inst01__synth_noise_src_1,bnb_flow_0x2e7817f48afe__synth_noise_dst_1,20.715575475001643,20.715575475001643,439,one_to_one,0.258,supervised_flow_pair,ETH,BNB,Poly,0xaf9f549774ecedbd0966c52f250acc548d3f36e5,0x69a1913d334b524ea1632461c78797c837ca9fa6,RFuel,semi_synthetic_delay_noise,,,,
eth_flow_0x2312e2859b90__r7fam10__inst00__synth_split_src,bnb_flow_0x93fdbce902ed__synth_split_a,65.41224498308323,21.80408166102774,1009,one_to_many,0.95,supervised_flow_pair,ETH,BNB,Poly,0x4abb9cc67bd3da9eb966d1159a71a0e68bd15432,0x4e1b16ef22935a575a6811d4616f98c4077e4408,KEL,semi_synthetic_split,1,21.80408166102774,21.80408166102774,
eth_flow_0x2312e2859b90__r7fam10__inst00__synth_split_src,bnb_flow_0x93fdbce902ed__synth_split_b,65.41224498308323,21.80408166102774,1009,one_to_many,0.95,supervised_flow_pair,ETH,BNB,Poly,0x4abb9cc67bd3da9eb966d1159a71a0e68bd15432,0x4e1b16ef22935a575a6811d4616f98c4077e4408,KEL,semi_synthetic_split,1,21.80408166102774,21.80408166102774,
eth_flow_0x2312e2859b90__r7fam10__inst00__synth_split_src,bnb_flow_0x93fdbce902ed__synth_split_c,65.41224498308323,21.80408166102774,1009,one_to_many,0.95,supervised_flow_pair,ETH,BNB,Poly,0x4abb9cc67bd3da9eb966d1159a71a0e68bd15432,0x4e1b16ef22935a575a6811d4616f98c4077e4408,KEL,semi_synthetic_split,1,21.80408166102774,21.80408166102774,
eth_flow_0x2312e2859b90__r7fam10__inst00__synth_merge_src1,bnb_flow_0x93fdbce902ed__synth_merge_dst,32.70612249154161,65.41224498308323,1009,many_to_one,1.0,supervised_flow_pair,ETH,BNB,Poly,0x4abb9cc67bd3da9eb966d1159a71a0e68bd15432,0x4e1b16ef22935a575a6811d4616f98c4077e4408,KEL,semi_synthetic_merge,,32.70612249154161,32.70612249154161,
eth_flow_0x2312e2859b90__r7fam10__inst00__synth_merge_src2,bnb_flow_0x93fdbce902ed__synth_merge_dst,32.70612249154161,65.41224498308323,1009,many_to_one,1.0,supervised_flow_pair,ETH,BNB,Poly,0x4abb9cc67bd3da9eb966d1159a71a0e68bd15432,0x4e1b16ef22935a575a6811d4616f98c4077e4408,KEL,semi_synthetic_merge,,32.70612249154161,32.70612249154161,
eth_flow_0x2312e2859b90__r7fam10__inst00__synth_unmatched_src,bnb_flow_0x93fdbce902ed__synth_hidden_dst,65.41224498308323,0,1009,one_to_one,0.2,supervised_flow_pair,ETH,BNB,Poly,0x4abb9cc67bd3da9eb966d1159a71a0e68bd15432,0x4e1b16ef22935a575a6811d4616f98c4077e4408,KEL,semi_synthetic_unmatched,,,0,0
eth_flow_0x2312e2859b90__r7fam10__inst00__synth_noise_src_0,bnb_flow_0x93fdbce902ed__synth_noise_dst_0,65.41224498308323,65.41224498308323,1069,one_to_one,0.259,supervised_flow_pair,ETH,BNB,Poly,0x4abb9cc67bd3da9eb966d1159a71a0e68bd15432,0x4e1b16ef22935a575a6811d4616f98c4077e4408,KEL,semi_synthetic_delay_noise,,,,
eth_flow_0x2312e2859b90__r7fam10__inst00__synth_noise_src_1,bnb_flow_0x93fdbce902ed__synth_noise_dst_1,65.41224498308323,65.41224498308323,1129,one_to_one,0.2235,supervised_flow_pair,ETH,BNB,Poly,0x4abb9cc67bd3da9eb966d1159a71a0e68bd15432,0x4e1b16ef22935a575a6811d4616f98c4077e4408,KEL,semi_synthetic_delay_noise,,,,
eth_flow_0x54272cd072e6__r7fam10__inst01__synth_split_src,bnb_flow_0xf4e4ea331315__synth_split_a,65.72587552302029,32.862937761510146,910,one_to_many,0.95,supervised_flow_pair,ETH,BNB,Poly,0xaf9f549774ecedbd0966c52f250acc548d3f36e5,0x69a1913d334b524ea1632461c78797c837ca9fa6,RFuel,semi_synthetic_split,1,32.862937761510146,32.862937761510146,
eth_flow_0x54272cd072e6__r7fam10__inst01__synth_split_src,bnb_flow_0xf4e4ea331315__synth_split_b,65.72587552302029,32.862937761510146,910,one_to_many,0.95,supervised_flow_pair,ETH,BNB,Poly,0xaf9f549774ecedbd0966c52f250acc548d3f36e5,0x69a1913d334b524ea1632461c78797c837ca9fa6,RFuel,semi_synthetic_split,1,32.862937761510146,32.862937761510146,
eth_flow_0x54272cd072e6__r7fam10__inst01__synth_merge_src1,bnb_flow_0xf4e4ea331315__synth_merge_dst,32.862937761510146,65.72587552302029,910,many_to_one,1.0,supervised_flow_pair,ETH,BNB,Poly,0xaf9f549774ecedbd0966c52f250acc548d3f36e5,0x69a1913d334b524ea1632461c78797c837ca9fa6,RFuel,semi_synthetic_merge,,32.862937761510146,32.862937761510146,
eth_flow_0x54272cd072e6__r7fam10__inst01__synth_merge_src2,bnb_flow_0xf4e4ea331315__synth_merge_dst,32.862937761510146,65.72587552302029,910,many_to_one,1.0,supervised_flow_pair,ETH,BNB,Poly,0xaf9f549774ecedbd0966c52f250acc548d3f36e5,0x69a1913d334b524ea1632461c78797c837ca9fa6,RFuel,semi_synthetic_merge,,32.862937761510146,32.862937761510146,
eth_flow_0x54272cd072e6__r7fam10__inst01__synth_unmatched_src,bnb_flow_0xf4e4ea331315__synth_hidden_dst,65.72587552302029,0,910,one_to_one,0.2,supervised_flow_pair,ETH,BNB,Poly,0xaf9f549774ecedbd0966c52f250acc548d3f36e5,0x69a1913d334b524ea1632461c78797c837ca9fa6,RFuel,semi_synthetic_unmatched,,,0,0
eth_flow_0x54272cd072e6__r7fam10__inst01__synth_noise_src_0,bnb_flow_0xf4e4ea331315__synth_noise_dst_0,65.72587552302029,65.72587552302029,970,one_to_one,0.2465,supervised_flow_pair,ETH,BNB,Poly,0xaf9f549774ecedbd0966c52f250acc548d3f36e5,0x69a1913d334b524ea1632461c78797c837ca9fa6,RFuel,semi_synthetic_delay_noise,,,,
eth_flow_0x54272cd072e6__r7fam10__inst01__synth_noise_src_1,bnb_flow_0xf4e4ea331315__synth_noise_dst_1,65.72587552302029,65.72587552302029,1030,one_to_one,0.2524,supervised_flow_pair,ETH,BNB,Poly,0xaf9f549774ecedbd0966c52f250acc548d3f36e5,0x69a1913d334b524ea1632461c78797c837ca9fa6,RFuel,semi_synthetic_delay_noise,,,,
eth_flow_0x5e0cb0c18eff__r7fam11__inst00__synth_split_src,bnb_flow_0x444ed71a5fc7__synth_split_a,67.98311345256548,22.661037817521827,1024,one_to_many,0.95,supervised_flow_pair,ETH,BNB,Poly,0x9e32b13ce7f2e80a01932b42553652e053d6ed8e,0xe552fb52a4f19e44ef5a967632dbc320b0820639,Metis,semi_synthetic_split,1,22.661037817521827,22.661037817521827,
eth_flow_0x5e0cb0c18eff__r7fam11__inst00__synth_split_src,bnb_flow_0x444ed71a5fc7__synth_split_b,67.98311345256548,22.661037817521827,1024,one_to_many,0.95,supervised_flow_pair,ETH,BNB,Poly,0x9e32b13ce7f2e80a01932b42553652e053d6ed8e,0xe552fb52a4f19e44ef5a967632dbc320b0820639,Metis,semi_synthetic_split,1,22.661037817521827,22.661037817521827,
eth_flow_0x5e0cb0c18eff__r7fam11__inst00__synth_split_src,bnb_flow_0x444ed71a5fc7__synth_split_c,67.98311345256548,22.661037817521827,1024,one_to_many,0.95,supervised_flow_pair,ETH,BNB,Poly,0x9e32b13ce7f2e80a01932b42553652e053d6ed8e,0xe552fb52a4f19e44ef5a967632dbc320b0820639,Metis,semi_synthetic_split,1,22.661037817521827,22.661037817521827,
eth_flow_0x5e0cb0c18eff__r7fam11__inst00__synth_merge_src1,bnb_flow_0x444ed71a5fc7__synth_merge_dst,33.99155672628274,67.98311345256548,1024,many_to_one,1.0,supervised_flow_pair,ETH,BNB,Poly,0x9e32b13ce7f2e80a01932b42553652e053d6ed8e,0xe552fb52a4f19e44ef5a967632dbc320b0820639,Metis,semi_synthetic_merge,,33.99155672628274,33.99155672628274,
eth_flow_0x5e0cb0c18eff__r7fam11__inst00__synth_merge_src2,bnb_flow_0x444ed71a5fc7__synth_merge_dst,33.99155672628274,67.98311345256548,1024,many_to_one,1.0,supervised_flow_pair,ETH,BNB,Poly,0x9e32b13ce7f2e80a01932b42553652e053d6ed8e,0xe552fb52a4f19e44ef5a967632dbc320b0820639,Metis,semi_synthetic_merge,,33.99155672628274,33.99155672628274,
eth_flow_0x5e0cb0c18eff__r7fam11__inst00__synth_unmatched_src,bnb_flow_0x444ed71a5fc7__synth_hidden_dst,67.98311345256548,0,1024,one_to_one,0.2,supervised_flow_pair,ETH,BNB,Poly,0x9e32b13ce7f2e80a01932b42553652e053d6ed8e,0xe552fb52a4f19e44ef5a967632dbc320b0820639,Metis,semi_synthetic_unmatched,,,0,0
eth_flow_0x5e0cb0c18eff__r7fam11__inst00__synth_noise_src_0,bnb_flow_0x444ed71a5fc7__synth_noise_dst_0,67.98311345256548,67.98311345256548,1084,one_to_one,0.2427,supervised_flow_pair,ETH,BNB,Poly,0x9e32b13ce7f2e80a01932b42553652e053d6ed8e,0xe552fb52a4f19e44ef5a967632dbc320b0820639,Metis,semi_synthetic_delay_noise,,,,
eth_flow_0x5e0cb0c18eff__r7fam11__inst00__synth_noise_src_1,bnb_flow_0x444ed71a5fc7__synth_noise_dst_1,67.98311345256548,67.98311345256548,1144,one_to_one,0.2359,supervised_flow_pair,ETH,BNB,Poly,0x9e32b13ce7f2e80a01932b42553652e053d6ed8e,0xe552fb52a4f19e44ef5a967632dbc320b0820639,Metis,semi_synthetic_delay_noise,,,,
eth_flow_0xa9cc4f37d790__r7fam11__inst01__synth_split_src,bnb_flow_0xdca100feebf0__synth_split_a,69.40124970372996,8.675156212966245,1038,one_to_many,0.95,supervised_flow_pair,ETH,BNB,Poly,0xaf9f549774ecedbd0966c52f250acc548d3f36e5,0x69a1913d334b524ea1632461c78797c837ca9fa6,RFuel,semi_synthetic_split,1,8.675156212966245,8.675156212966245,
eth_flow_0xa9cc4f37d790__r7fam11__inst01__synth_split_src,bnb_flow_0xdca100feebf0__synth_split_b,69.40124970372996,8.675156212966245,1038,one_to_many,0.95,supervised_flow_pair,ETH,BNB,Poly,0xaf9f549774ecedbd0966c52f250acc548d3f36e5,0x69a1913d334b524ea1632461c78797c837ca9fa6,RFuel,semi_synthetic_split,1,8.675156212966245,8.675156212966245,
eth_flow_0xa9cc4f37d790__r7fam11__inst01__synth_split_src,bnb_flow_0xdca100feebf0__synth_split_c,69.40124970372996,8.675156212966245,1038,one_to_many,0.95,supervised_flow_pair,ETH,BNB,Poly,0xaf9f549774ecedbd0966c52f250acc548d3f36e5,0x69a1913d334b524ea1632461c78797c837ca9fa6,RFuel,semi_synthetic_split,1,8.675156212966245,8.675156212966245,
eth_flow_0xa9cc4f37d790__r7fam11__inst01__synth_split_src,bnb_flow_0xdca100feebf0__synth_split_d,69.40124970372996,8.675156212966245,1038,one_to_many,0.95,supervised_flow_pair,ETH,BNB,Poly,0xaf9f549774ecedbd0966c52f250acc548d3f36e5,0x69a1913d334b524ea1632461c78797c837ca9fa6,RFuel,semi_synthetic_split,1,8.675156212966245,8.675156212966245,
eth_flow_0xa9cc4f37d790__r7fam11__inst01__synth_split_src,bnb_flow_0xdca100feebf0__synth_split_e,69.40124970372996,8.675156212966245,1038,one_to_many,0.95,supervised_flow_pair,ETH,BNB,Poly,0xaf9f549774ecedbd0966c52f250acc548d3f36e5,0x69a1913d334b524ea1632461c78797c837ca9fa6,RFuel,semi_synthetic_split,1,8.675156212966245,8.675156212966245,
eth_flow_0xa9cc4f37d790__r7fam11__inst01__synth_split_src,bnb_flow_0xdca100feebf0__synth_split_f,69.40124970372996,8.675156212966245,1038,one_to_many,0.95,supervised_flow_pair,ETH,BNB,Poly,0xaf9f549774ecedbd0966c52f250acc548d3f36e5,0x69a1913d334b524ea1632461c78797c837ca9fa6,RFuel,semi_synthetic_split,1,8.675156212966245,8.675156212966245,
eth_flow_0xa9cc4f37d790__r7fam11__inst01__synth_split_src,bnb_flow_0xdca100feebf0__synth_split_g,69.40124970372996,8.675156212966245,1038,one_to_many,0.95,supervised_flow_pair,ETH,BNB,Poly,0xaf9f549774ecedbd0966c52f250acc548d3f36e5,0x69a1913d334b524ea1632461c78797c837ca9fa6,RFuel,semi_synthetic_split,1,8.675156212966245,8.675156212966245,
eth_flow_0xa9cc4f37d790__r7fam11__inst01__synth_split_src,bnb_flow_0xdca100feebf0__synth_split_h,69.40124970372996,8.675156212966245,1038,one_to_many,0.95,supervised_flow_pair,ETH,BNB,Poly,0xaf9f549774ecedbd0966c52f250acc548d3f36e5,0x69a1913d334b524ea1632461c78797c837ca9fa6,RFuel,semi_synthetic_split,1,8.675156212966245,8.675156212966245,
eth_flow_0xa9cc4f37d790__r7fam11__inst01__synth_merge_src1,bnb_flow_0xdca100feebf0__synth_merge_dst,34.70062485186498,69.40124970372996,1038,many_to_one,1.0,supervised_flow_pair,ETH,BNB,Poly,0xaf9f549774ecedbd0966c52f250acc548d3f36e5,0x69a1913d334b524ea1632461c78797c837ca9fa6,RFuel,semi_synthetic_merge,,34.70062485186498,34.70062485186498,
eth_flow_0xa9cc4f37d790__r7fam11__inst01__synth_merge_src2,bnb_flow_0xdca100feebf0__synth_merge_dst,34.70062485186498,69.40124970372996,1038,many_to_one,1.0,supervised_flow_pair,ETH,BNB,Poly,0xaf9f549774ecedbd0966c52f250acc548d3f36e5,0x69a1913d334b524ea1632461c78797c837ca9fa6,RFuel,semi_synthetic_merge,,34.70062485186498,34.70062485186498,
eth_flow_0xa9cc4f37d790__r7fam11__inst01__synth_unmatched_src,bnb_flow_0xdca100feebf0__synth_hidden_dst,69.40124970372996,0,1038,one_to_one,0.2,supervised_flow_pair,ETH,BNB,Poly,0xaf9f549774ecedbd0966c52f250acc548d3f36e5,0x69a1913d334b524ea1632461c78797c837ca9fa6,RFuel,semi_synthetic_unmatched,,,0,0
eth_flow_0xa9cc4f37d790__r7fam11__inst01__synth_noise_src_0,bnb_flow_0xdca100feebf0__synth_noise_dst_0,69.40124970372996,69.40124970372996,1098,one_to_one,0.2501,supervised_flow_pair,ETH,BNB,Poly,0xaf9f549774ecedbd0966c52f250acc548d3f36e5,0x69a1913d334b524ea1632461c78797c837ca9fa6,RFuel,semi_synthetic_delay_noise,,,,
eth_flow_0xa9cc4f37d790__r7fam11__inst01__synth_noise_src_1,bnb_flow_0xdca100feebf0__synth_noise_dst_1,69.40124970372996,69.40124970372996,1158,one_to_one,0.2233,supervised_flow_pair,ETH,BNB,Poly,0xaf9f549774ecedbd0966c52f250acc548d3f36e5,0x69a1913d334b524ea1632461c78797c837ca9fa6,RFuel,semi_synthetic_delay_noise,,,,
eth_flow_0x82e6a6bf835f__r7fam12__inst00__synth_split_src,bnb_flow_0x8e846e32ed9e__synth_split_a,110.49683748989506,27.624209372473764,192,one_to_many,0.95,supervised_flow_pair,ETH,BNB,Poly,0x9e32b13ce7f2e80a01932b42553652e053d6ed8e,0xe552fb52a4f19e44ef5a967632dbc320b0820639,Metis,semi_synthetic_split,1,27.624209372473764,27.624209372473764,
eth_flow_0x82e6a6bf835f__r7fam12__inst00__synth_split_src,bnb_flow_0x8e846e32ed9e__synth_split_b,110.49683748989506,27.624209372473764,192,one_to_many,0.95,supervised_flow_pair,ETH,BNB,Poly,0x9e32b13ce7f2e80a01932b42553652e053d6ed8e,0xe552fb52a4f19e44ef5a967632dbc320b0820639,Metis,semi_synthetic_split,1,27.624209372473764,27.624209372473764,
eth_flow_0x82e6a6bf835f__r7fam12__inst00__synth_split_src,bnb_flow_0x8e846e32ed9e__synth_split_c,110.49683748989506,27.624209372473764,192,one_to_many,0.95,supervised_flow_pair,ETH,BNB,Poly,0x9e32b13ce7f2e80a01932b42553652e053d6ed8e,0xe552fb52a4f19e44ef5a967632dbc320b0820639,Metis,semi_synthetic_split,1,27.624209372473764,27.624209372473764,
eth_flow_0x82e6a6bf835f__r7fam12__inst00__synth_split_src,bnb_flow_0x8e846e32ed9e__synth_split_d,110.49683748989506,27.624209372473764,192,one_to_many,0.95,supervised_flow_pair,ETH,BNB,Poly,0x9e32b13ce7f2e80a01932b42553652e053d6ed8e,0xe552fb52a4f19e44ef5a967632dbc320b0820639,Metis,semi_synthetic_split,1,27.624209372473764,27.624209372473764,
eth_flow_0x82e6a6bf835f__r7fam12__inst00__synth_merge_src1,bnb_flow_0x8e846e32ed9e__synth_merge_dst,55.24841874494753,110.49683748989506,192,many_to_one,1.0,supervised_flow_pair,ETH,BNB,Poly,0x9e32b13ce7f2e80a01932b42553652e053d6ed8e,0xe552fb52a4f19e44ef5a967632dbc320b0820639,Metis,semi_synthetic_merge,,55.24841874494753,55.24841874494753,
eth_flow_0x82e6a6bf835f__r7fam12__inst00__synth_merge_src2,bnb_flow_0x8e846e32ed9e__synth_merge_dst,55.24841874494753,110.49683748989506,192,many_to_one,1.0,supervised_flow_pair,ETH,BNB,Poly,0x9e32b13ce7f2e80a01932b42553652e053d6ed8e,0xe552fb52a4f19e44ef5a967632dbc320b0820639,Metis,semi_synthetic_merge,,55.24841874494753,55.24841874494753,
eth_flow_0x82e6a6bf835f__r7fam12__inst00__synth_unmatched_src,bnb_flow_0x8e846e32ed9e__synth_hidden_dst,110.49683748989506,0,192,one_to_one,0.2,supervised_flow_pair,ETH,BNB,Poly,0x9e32b13ce7f2e80a01932b42553652e053d6ed8e,0xe552fb52a4f19e44ef5a967632dbc320b0820639,Metis,semi_synthetic_unmatched,,,0,0
eth_flow_0x82e6a6bf835f__r7fam12__inst00__synth_noise_src_0,bnb_flow_0x8e846e32ed9e__synth_noise_dst_0,110.49683748989506,110.49683748989506,252,one_to_one,0.2283,supervised_flow_pair,ETH,BNB,Poly,0x9e32b13ce7f2e80a01932b42553652e053d6ed8e,0xe552fb52a4f19e44ef5a967632dbc320b0820639,Metis,semi_synthetic_delay_noise,,,,
eth_flow_0x82e6a6bf835f__r7fam12__inst00__synth_noise_src_1,bnb_flow_0x8e846e32ed9e__synth_noise_dst_1,110.49683748989506,110.49683748989506,312,one_to_one,0.2357,supervised_flow_pair,ETH,BNB,Poly,0x9e32b13ce7f2e80a01932b42553652e053d6ed8e,0xe552fb52a4f19e44ef5a967632dbc320b0820639,Metis,semi_synthetic_delay_noise,,,,
eth_flow_0xdcce63bc4637__r7fam12__inst01__synth_split_src,bnb_flow_0xcf8445c7654f__synth_split_a,352.6981497792266,117.56604992640887,146,one_to_many,0.95,supervised_flow_pair,ETH,BNB,Poly,0x9e32b13ce7f2e80a01932b42553652e053d6ed8e,0xe552fb52a4f19e44ef5a967632dbc320b0820639,Metis,semi_synthetic_split,1,117.56604992640887,117.56604992640887,
eth_flow_0xdcce63bc4637__r7fam12__inst01__synth_split_src,bnb_flow_0xcf8445c7654f__synth_split_b,352.6981497792266,117.56604992640887,146,one_to_many,0.95,supervised_flow_pair,ETH,BNB,Poly,0x9e32b13ce7f2e80a01932b42553652e053d6ed8e,0xe552fb52a4f19e44ef5a967632dbc320b0820639,Metis,semi_synthetic_split,1,117.56604992640887,117.56604992640887,
eth_flow_0xdcce63bc4637__r7fam12__inst01__synth_split_src,bnb_flow_0xcf8445c7654f__synth_split_c,352.6981497792266,117.56604992640887,146,one_to_many,0.95,supervised_flow_pair,ETH,BNB,Poly,0x9e32b13ce7f2e80a01932b42553652e053d6ed8e,0xe552fb52a4f19e44ef5a967632dbc320b0820639,Metis,semi_synthetic_split,1,117.56604992640887,117.56604992640887,
eth_flow_0xdcce63bc4637__r7fam12__inst01__synth_merge_src1,bnb_flow_0xcf8445c7654f__synth_merge_dst,176.3490748896133,352.6981497792266,146,many_to_one,1.0,supervised_flow_pair,ETH,BNB,Poly,0x9e32b13ce7f2e80a01932b42553652e053d6ed8e,0xe552fb52a4f19e44ef5a967632dbc320b0820639,Metis,semi_synthetic_merge,,176.3490748896133,176.3490748896133,
eth_flow_0xdcce63bc4637__r7fam12__inst01__synth_merge_src2,bnb_flow_0xcf8445c7654f__synth_merge_dst,176.3490748896133,352.6981497792266,146,many_to_one,1.0,supervised_flow_pair,ETH,BNB,Poly,0x9e32b13ce7f2e80a01932b42553652e053d6ed8e,0xe552fb52a4f19e44ef5a967632dbc320b0820639,Metis,semi_synthetic_merge,,176.3490748896133,176.3490748896133,
eth_flow_0xdcce63bc4637__r7fam12__inst01__synth_unmatched_src,bnb_flow_0xcf8445c7654f__synth_hidden_dst,352.6981497792266,0,146,one_to_one,0.2,supervised_flow_pair,ETH,BNB,Poly,0x9e32b13ce7f2e80a01932b42553652e053d6ed8e,0xe552fb52a4f19e44ef5a967632dbc320b0820639,Metis,semi_synthetic_unmatched,,,0,0
eth_flow_0xdcce63bc4637__r7fam12__inst01__synth_noise_src_0,bnb_flow_0xcf8445c7654f__synth_noise_dst_0,352.6981497792266,352.6981497792266,206,one_to_one,0.2478,supervised_flow_pair,ETH,BNB,Poly,0x9e32b13ce7f2e80a01932b42553652e053d6ed8e,0xe552fb52a4f19e44ef5a967632dbc320b0820639,Metis,semi_synthetic_delay_noise,,,,
eth_flow_0xdcce63bc4637__r7fam12__inst01__synth_noise_src_1,bnb_flow_0xcf8445c7654f__synth_noise_dst_1,352.6981497792266,352.6981497792266,266,one_to_one,0.248,supervised_flow_pair,ETH,BNB,Poly,0x9e32b13ce7f2e80a01932b42553652e053d6ed8e,0xe552fb52a4f19e44ef5a967632dbc320b0820639,Metis,semi_synthetic_delay_noise,,,,
eth_flow_0x66a95ad1c5b2__r7fam13__inst00__synth_split_src,bnb_flow_0xdae1ea454f98__synth_split_a,258.14243456067896,51.62848691213579,223,one_to_many,0.95,supervised_flow_pair,ETH,BNB,Poly,0x9e32b13ce7f2e80a01932b42553652e053d6ed8e,0xe552fb52a4f19e44ef5a967632dbc320b0820639,Metis,semi_synthetic_split,1,51.62848691213579,51.62848691213579,
eth_flow_0x66a95ad1c5b2__r7fam13__inst00__synth_split_src,bnb_flow_0xdae1ea454f98__synth_split_b,258.14243456067896,51.62848691213579,223,one_to_many,0.95,supervised_flow_pair,ETH,BNB,Poly,0x9e32b13ce7f2e80a01932b42553652e053d6ed8e,0xe552fb52a4f19e44ef5a967632dbc320b0820639,Metis,semi_synthetic_split,1,51.62848691213579,51.62848691213579,
eth_flow_0x66a95ad1c5b2__r7fam13__inst00__synth_split_src,bnb_flow_0xdae1ea454f98__synth_split_c,258.14243456067896,51.62848691213579,223,one_to_many,0.95,supervised_flow_pair,ETH,BNB,Poly,0x9e32b13ce7f2e80a01932b42553652e053d6ed8e,0xe552fb52a4f19e44ef5a967632dbc320b0820639,Metis,semi_synthetic_split,1,51.62848691213579,51.62848691213579,
eth_flow_0x66a95ad1c5b2__r7fam13__inst00__synth_split_src,bnb_flow_0xdae1ea454f98__synth_split_d,258.14243456067896,51.62848691213579,223,one_to_many,0.95,supervised_flow_pair,ETH,BNB,Poly,0x9e32b13ce7f2e80a01932b42553652e053d6ed8e,0xe552fb52a4f19e44ef5a967632dbc320b0820639,Metis,semi_synthetic_split,1,51.62848691213579,51.62848691213579,
eth_flow_0x66a95ad1c5b2__r7fam13__inst00__synth_split_src,bnb_flow_0xdae1ea454f98__synth_split_e,258.14243456067896,51.62848691213579,223,one_to_many,0.95,supervised_flow_pair,ETH,BNB,Poly,0x9e32b13ce7f2e80a01932b42553652e053d6ed8e,0xe552fb52a4f19e44ef5a967632dbc320b0820639,Metis,semi_synthetic_split,1,51.62848691213579,51.62848691213579,
eth_flow_0x66a95ad1c5b2__r7fam13__inst00__synth_merge_src1,bnb_flow_0xdae1ea454f98__synth_merge_dst,129.07121728033948,258.14243456067896,223,many_to_one,1.0,supervised_flow_pair,ETH,BNB,Poly,0x9e32b13ce7f2e80a01932b42553652e053d6ed8e,0xe552fb52a4f19e44ef5a967632dbc320b0820639,Metis,semi_synthetic_merge,,129.07121728033948,129.07121728033948,
eth_flow_0x66a95ad1c5b2__r7fam13__inst00__synth_merge_src2,bnb_flow_0xdae1ea454f98__synth_merge_dst,129.07121728033948,258.14243456067896,223,many_to_one,1.0,supervised_flow_pair,ETH,BNB,Poly,0x9e32b13ce7f2e80a01932b42553652e053d6ed8e,0xe552fb52a4f19e44ef5a967632dbc320b0820639,Metis,semi_synthetic_merge,,129.07121728033948,129.07121728033948,
eth_flow_0x66a95ad1c5b2__r7fam13__inst00__synth_unmatched_src,bnb_flow_0xdae1ea454f98__synth_hidden_dst,258.14243456067896,0,223,one_to_one,0.2,supervised_flow_pair,ETH,BNB,Poly,0x9e32b13ce7f2e80a01932b42553652e053d6ed8e,0xe552fb52a4f19e44ef5a967632dbc320b0820639,Metis,semi_synthetic_unmatched,,,0,0
eth_flow_0x66a95ad1c5b2__r7fam13__inst00__synth_noise_src_0,bnb_flow_0xdae1ea454f98__synth_noise_dst_0,258.14243456067896,258.14243456067896,283,one_to_one,0.2356,supervised_flow_pair,ETH,BNB,Poly,0x9e32b13ce7f2e80a01932b42553652e053d6ed8e,0xe552fb52a4f19e44ef5a967632dbc320b0820639,Metis,semi_synthetic_delay_noise,,,,
eth_flow_0x66a95ad1c5b2__r7fam13__inst00__synth_noise_src_1,bnb_flow_0xdae1ea454f98__synth_noise_dst_1,258.14243456067896,258.14243456067896,343,one_to_one,0.2529,supervised_flow_pair,ETH,BNB,Poly,0x9e32b13ce7f2e80a01932b42553652e053d6ed8e,0xe552fb52a4f19e44ef5a967632dbc320b0820639,Metis,semi_synthetic_delay_noise,,,,
eth_flow_0xa082f7e2472a__r7fam13__inst01__synth_split_src,bnb_flow_0x448c1be0f75d__synth_split_a,149.56284959564402,49.85428319854801,219,one_to_many,0.95,supervised_flow_pair,ETH,BNB,Poly,0x9e32b13ce7f2e80a01932b42553652e053d6ed8e,0xe552fb52a4f19e44ef5a967632dbc320b0820639,Metis,semi_synthetic_split,1,49.85428319854801,49.85428319854801,
eth_flow_0xa082f7e2472a__r7fam13__inst01__synth_split_src,bnb_flow_0x448c1be0f75d__synth_split_b,149.56284959564402,49.85428319854801,219,one_to_many,0.95,supervised_flow_pair,ETH,BNB,Poly,0x9e32b13ce7f2e80a01932b42553652e053d6ed8e,0xe552fb52a4f19e44ef5a967632dbc320b0820639,Metis,semi_synthetic_split,1,49.85428319854801,49.85428319854801,
eth_flow_0xa082f7e2472a__r7fam13__inst01__synth_split_src,bnb_flow_0x448c1be0f75d__synth_split_c,149.56284959564402,49.85428319854801,219,one_to_many,0.95,supervised_flow_pair,ETH,BNB,Poly,0x9e32b13ce7f2e80a01932b42553652e053d6ed8e,0xe552fb52a4f19e44ef5a967632dbc320b0820639,Metis,semi_synthetic_split,1,49.85428319854801,49.85428319854801,
eth_flow_0xa082f7e2472a__r7fam13__inst01__synth_merge_src1,bnb_flow_0x448c1be0f75d__synth_merge_dst,74.78142479782201,149.56284959564402,219,many_to_one,1.0,supervised_flow_pair,ETH,BNB,Poly,0x9e32b13ce7f2e80a01932b42553652e053d6ed8e,0xe552fb52a4f19e44ef5a967632dbc320b0820639,Metis,semi_synthetic_merge,,74.78142479782201,74.78142479782201,
eth_flow_0xa082f7e2472a__r7fam13__inst01__synth_merge_src2,bnb_flow_0x448c1be0f75d__synth_merge_dst,74.78142479782201,149.56284959564402,219,many_to_one,1.0,supervised_flow_pair,ETH,BNB,Poly,0x9e32b13ce7f2e80a01932b42553652e053d6ed8e,0xe552fb52a4f19e44ef5a967632dbc320b0820639,Metis,semi_synthetic_merge,,74.78142479782201,74.78142479782201,
eth_flow_0xa082f7e2472a__r7fam13__inst01__synth_unmatched_src,bnb_flow_0x448c1be0f75d__synth_hidden_dst,149.56284959564402,0,219,one_to_one,0.2,supervised_flow_pair,ETH,BNB,Poly,0x9e32b13ce7f2e80a01932b42553652e053d6ed8e,0xe552fb52a4f19e44ef5a967632dbc320b0820639,Metis,semi_synthetic_unmatched,,,0,0
eth_flow_0xa082f7e2472a__r7fam13__inst01__synth_noise_src_0,bnb_flow_0x448c1be0f75d__synth_noise_dst_0,149.56284959564402,149.56284959564402,279,one_to_one,0.2355,supervised_flow_pair,ETH,BNB,Poly,0x9e32b13ce7f2e80a01932b42553652e053d6ed8e,0xe552fb52a4f19e44ef5a967632dbc320b0820639,Metis,semi_synthetic_delay_noise,,,,
eth_flow_0xa082f7e2472a__r7fam13__inst01__synth_noise_src_1,bnb_flow_0x448c1be0f75d__synth_noise_dst_1,149.56284959564402,149.56284959564402,339,one_to_one,0.2443,supervised_flow_pair,ETH,BNB,Poly,0x9e32b13ce7f2e80a01932b42553652e053d6ed8e,0xe552fb52a4f19e44ef5a967632dbc320b0820639,Metis,semi_synthetic_delay_noise,,,,
eth_flow_0x8bc0b47ac506__r7fam14__inst00__synth_split_src,bnb_flow_0xf428f7634dac__synth_split_a,207.81411111512284,103.90705555756142,252,one_to_many,0.95,supervised_flow_pair,ETH,BNB,Poly,0x9e32b13ce7f2e80a01932b42553652e053d6ed8e,0xe552fb52a4f19e44ef5a967632dbc320b0820639,Metis,semi_synthetic_split,1,103.90705555756142,103.90705555756142,
eth_flow_0x8bc0b47ac506__r7fam14__inst00__synth_split_src,bnb_flow_0xf428f7634dac__synth_split_b,207.81411111512284,103.90705555756142,252,one_to_many,0.95,supervised_flow_pair,ETH,BNB,Poly,0x9e32b13ce7f2e80a01932b42553652e053d6ed8e,0xe552fb52a4f19e44ef5a967632dbc320b0820639,Metis,semi_synthetic_split,1,103.90705555756142,103.90705555756142,
eth_flow_0x8bc0b47ac506__r7fam14__inst00__synth_merge_src1,bnb_flow_0xf428f7634dac__synth_merge_dst,103.90705555756142,207.81411111512284,252,many_to_one,1.0,supervised_flow_pair,ETH,BNB,Poly,0x9e32b13ce7f2e80a01932b42553652e053d6ed8e,0xe552fb52a4f19e44ef5a967632dbc320b0820639,Metis,semi_synthetic_merge,,103.90705555756142,103.90705555756142,
eth_flow_0x8bc0b47ac506__r7fam14__inst00__synth_merge_src2,bnb_flow_0xf428f7634dac__synth_merge_dst,103.90705555756142,207.81411111512284,252,many_to_one,1.0,supervised_flow_pair,ETH,BNB,Poly,0x9e32b13ce7f2e80a01932b42553652e053d6ed8e,0xe552fb52a4f19e44ef5a967632dbc320b0820639,Metis,semi_synthetic_merge,,103.90705555756142,103.90705555756142,
eth_flow_0x8bc0b47ac506__r7fam14__inst00__synth_unmatched_src,bnb_flow_0xf428f7634dac__synth_hidden_dst,207.81411111512284,0,252,one_to_one,0.2,supervised_flow_pair,ETH,BNB,Poly,0x9e32b13ce7f2e80a01932b42553652e053d6ed8e,0xe552fb52a4f19e44ef5a967632dbc320b0820639,Metis,semi_synthetic_unmatched,,,0,0
eth_flow_0x8bc0b47ac506__r7fam14__inst00__synth_noise_src_0,bnb_flow_0xf428f7634dac__synth_noise_dst_0,207.81411111512284,207.81411111512284,312,one_to_one,0.2481,supervised_flow_pair,ETH,BNB,Poly,0x9e32b13ce7f2e80a01932b42553652e053d6ed8e,0xe552fb52a4f19e44ef5a967632dbc320b0820639,Metis,semi_synthetic_delay_noise,,,,
eth_flow_0x8bc0b47ac506__r7fam14__inst00__synth_noise_src_1,bnb_flow_0xf428f7634dac__synth_noise_dst_1,207.81411111512284,207.81411111512284,372,one_to_one,0.2583,supervised_flow_pair,ETH,BNB,Poly,0x9e32b13ce7f2e80a01932b42553652e053d6ed8e,0xe552fb52a4f19e44ef5a967632dbc320b0820639,Metis,semi_synthetic_delay_noise,,,,
eth_flow_0xa89b25e55812__r7fam14__inst01__synth_split_src,bnb_flow_0x677501de8b5d__synth_split_a,203.54327090972356,67.84775696990785,238,one_to_many,0.95,supervised_flow_pair,ETH,BNB,Poly,0x4abb9cc67bd3da9eb966d1159a71a0e68bd15432,0x4e1b16ef22935a575a6811d4616f98c4077e4408,KEL,semi_synthetic_split,1,67.84775696990785,67.84775696990785,
eth_flow_0xa89b25e55812__r7fam14__inst01__synth_split_src,bnb_flow_0x677501de8b5d__synth_split_b,203.54327090972356,67.84775696990785,238,one_to_many,0.95,supervised_flow_pair,ETH,BNB,Poly,0x4abb9cc67bd3da9eb966d1159a71a0e68bd15432,0x4e1b16ef22935a575a6811d4616f98c4077e4408,KEL,semi_synthetic_split,1,67.84775696990785,67.84775696990785,
eth_flow_0xa89b25e55812__r7fam14__inst01__synth_split_src,bnb_flow_0x677501de8b5d__synth_split_c,203.54327090972356,67.84775696990785,238,one_to_many,0.95,supervised_flow_pair,ETH,BNB,Poly,0x4abb9cc67bd3da9eb966d1159a71a0e68bd15432,0x4e1b16ef22935a575a6811d4616f98c4077e4408,KEL,semi_synthetic_split,1,67.84775696990785,67.84775696990785,
eth_flow_0xa89b25e55812__r7fam14__inst01__synth_merge_src1,bnb_flow_0x677501de8b5d__synth_merge_dst,101.77163545486178,203.54327090972356,238,many_to_one,1.0,supervised_flow_pair,ETH,BNB,Poly,0x4abb9cc67bd3da9eb966d1159a71a0e68bd15432,0x4e1b16ef22935a575a6811d4616f98c4077e4408,KEL,semi_synthetic_merge,,101.77163545486178,101.77163545486178,
eth_flow_0xa89b25e55812__r7fam14__inst01__synth_merge_src2,bnb_flow_0x677501de8b5d__synth_merge_dst,101.77163545486178,203.54327090972356,238,many_to_one,1.0,supervised_flow_pair,ETH,BNB,Poly,0x4abb9cc67bd3da9eb966d1159a71a0e68bd15432,0x4e1b16ef22935a575a6811d4616f98c4077e4408,KEL,semi_synthetic_merge,,101.77163545486178,101.77163545486178,
eth_flow_0xa89b25e55812__r7fam14__inst01__synth_unmatched_src,bnb_flow_0x677501de8b5d__synth_hidden_dst,203.54327090972353,0,238,one_to_one,0.2,supervised_flow_pair,ETH,BNB,Poly,0x4abb9cc67bd3da9eb966d1159a71a0e68bd15432,0x4e1b16ef22935a575a6811d4616f98c4077e4408,KEL,semi_synthetic_unmatched,,,0,0
eth_flow_0xa89b25e55812__r7fam14__inst01__synth_noise_src_0,bnb_flow_0x677501de8b5d__synth_noise_dst_0,203.54327090972353,203.54327090972353,298,one_to_one,0.2376,supervised_flow_pair,ETH,BNB,Poly,0x4abb9cc67bd3da9eb966d1159a71a0e68bd15432,0x4e1b16ef22935a575a6811d4616f98c4077e4408,KEL,semi_synthetic_delay_noise,,,,
eth_flow_0xa89b25e55812__r7fam14__inst01__synth_noise_src_1,bnb_flow_0x677501de8b5d__synth_noise_dst_1,203.54327090972353,203.54327090972353,358,one_to_one,0.2338,supervised_flow_pair,ETH,BNB,Poly,0x4abb9cc67bd3da9eb966d1159a71a0e68bd15432,0x4e1b16ef22935a575a6811d4616f98c4077e4408,KEL,semi_synthetic_delay_noise,,,,
eth_flow_0xda21e37a117f__r7fam15__inst00__synth_split_src,bnb_flow_0x917a4b896b16__synth_split_a,262.0014805971111,131.00074029855554,290,one_to_many,0.95,supervised_flow_pair,ETH,BNB,Poly,0x9e32b13ce7f2e80a01932b42553652e053d6ed8e,0xe552fb52a4f19e44ef5a967632dbc320b0820639,Metis,semi_synthetic_split,1,131.00074029855554,131.00074029855554,
eth_flow_0xda21e37a117f__r7fam15__inst00__synth_split_src,bnb_flow_0x917a4b896b16__synth_split_b,262.0014805971111,131.00074029855554,290,one_to_many,0.95,supervised_flow_pair,ETH,BNB,Poly,0x9e32b13ce7f2e80a01932b42553652e053d6ed8e,0xe552fb52a4f19e44ef5a967632dbc320b0820639,Metis,semi_synthetic_split,1,131.00074029855554,131.00074029855554,
eth_flow_0xda21e37a117f__r7fam15__inst00__synth_merge_src1,bnb_flow_0x917a4b896b16__synth_merge_dst,131.00074029855554,262.0014805971111,290,many_to_one,1.0,supervised_flow_pair,ETH,BNB,Poly,0x9e32b13ce7f2e80a01932b42553652e053d6ed8e,0xe552fb52a4f19e44ef5a967632dbc320b0820639,Metis,semi_synthetic_merge,,131.00074029855554,131.00074029855554,
eth_flow_0xda21e37a117f__r7fam15__inst00__synth_merge_src2,bnb_flow_0x917a4b896b16__synth_merge_dst,131.00074029855554,262.0014805971111,290,many_to_one,1.0,supervised_flow_pair,ETH,BNB,Poly,0x9e32b13ce7f2e80a01932b42553652e053d6ed8e,0xe552fb52a4f19e44ef5a967632dbc320b0820639,Metis,semi_synthetic_merge,,131.00074029855554,131.00074029855554,
eth_flow_0xda21e37a117f__r7fam15__inst00__synth_unmatched_src,bnb_flow_0x917a4b896b16__synth_hidden_dst,262.0014805971111,0,290,one_to_one,0.2,supervised_flow_pair,ETH,BNB,Poly,0x9e32b13ce7f2e80a01932b42553652e053d6ed8e,0xe552fb52a4f19e44ef5a967632dbc320b0820639,Metis,semi_synthetic_unmatched,,,0,0
eth_flow_0xda21e37a117f__r7fam15__inst00__synth_noise_src_0,bnb_flow_0x917a4b896b16__synth_noise_dst_0,262.0014805971111,262.0014805971111,350,one_to_one,0.2582,supervised_flow_pair,ETH,BNB,Poly,0x9e32b13ce7f2e80a01932b42553652e053d6ed8e,0xe552fb52a4f19e44ef5a967632dbc320b0820639,Metis,semi_synthetic_delay_noise,,,,
eth_flow_0xda21e37a117f__r7fam15__inst00__synth_noise_src_1,bnb_flow_0x917a4b896b16__synth_noise_dst_1,262.0014805971111,262.0014805971111,410,one_to_one,0.2419,supervised_flow_pair,ETH,BNB,Poly,0x9e32b13ce7f2e80a01932b42553652e053d6ed8e,0xe552fb52a4f19e44ef5a967632dbc320b0820639,Metis,semi_synthetic_delay_noise,,,,
eth_flow_0xa1cfdcfcd31f__r7fam15__inst01__synth_split_src,bnb_flow_0x0cbb1178df2c__synth_split_a,114.31256328594542,57.15628164297271,322,one_to_many,0.95,supervised_flow_pair,ETH,BNB,Poly,0xaf9f549774ecedbd0966c52f250acc548d3f36e5,0x69a1913d334b524ea1632461c78797c837ca9fa6,RFuel,semi_synthetic_split,1,57.15628164297271,57.15628164297271,
eth_flow_0xa1cfdcfcd31f__r7fam15__inst01__synth_split_src,bnb_flow_0x0cbb1178df2c__synth_split_b,114.31256328594542,57.15628164297271,322,one_to_many,0.95,supervised_flow_pair,ETH,BNB,Poly,0xaf9f549774ecedbd0966c52f250acc548d3f36e5,0x69a1913d334b524ea1632461c78797c837ca9fa6,RFuel,semi_synthetic_split,1,57.15628164297271,57.15628164297271,
eth_flow_0xa1cfdcfcd31f__r7fam15__inst01__synth_merge_src1,bnb_flow_0x0cbb1178df2c__synth_merge_dst,57.15628164297271,114.31256328594542,322,many_to_one,1.0,supervised_flow_pair,ETH,BNB,Poly,0xaf9f549774ecedbd0966c52f250acc548d3f36e5,0x69a1913d334b524ea1632461c78797c837ca9fa6,RFuel,semi_synthetic_merge,,57.15628164297271,57.15628164297271,
eth_flow_0xa1cfdcfcd31f__r7fam15__inst01__synth_merge_src2,bnb_flow_0x0cbb1178df2c__synth_merge_dst,57.15628164297271,114.31256328594542,322,many_to_one,1.0,supervised_flow_pair,ETH,BNB,Poly,0xaf9f549774ecedbd0966c52f250acc548d3f36e5,0x69a1913d334b524ea1632461c78797c837ca9fa6,RFuel,semi_synthetic_merge,,57.15628164297271,57.15628164297271,
eth_flow_0xa1cfdcfcd31f__r7fam15__inst01__synth_unmatched_src,bnb_flow_0x0cbb1178df2c__synth_hidden_dst,114.31256328594542,0,322,one_to_one,0.2,supervised_flow_pair,ETH,BNB,Poly,0xaf9f549774ecedbd0966c52f250acc548d3f36e5,0x69a1913d334b524ea1632461c78797c837ca9fa6,RFuel,semi_synthetic_unmatched,,,0,0
eth_flow_0xa1cfdcfcd31f__r7fam15__inst01__synth_noise_src_0,bnb_flow_0x0cbb1178df2c__synth_noise_dst_0,114.31256328594542,114.31256328594542,382,one_to_one,0.2392,supervised_flow_pair,ETH,BNB,Poly,0xaf9f549774ecedbd0966c52f250acc548d3f36e5,0x69a1913d334b524ea1632461c78797c837ca9fa6,RFuel,semi_synthetic_delay_noise,,,,
eth_flow_0xa1cfdcfcd31f__r7fam15__inst01__synth_noise_src_1,bnb_flow_0x0cbb1178df2c__synth_noise_dst_1,114.31256328594542,114.31256328594542,442,one_to_one,0.2233,supervised_flow_pair,ETH,BNB,Poly,0xaf9f549774ecedbd0966c52f250acc548d3f36e5,0x69a1913d334b524ea1632461c78797c837ca9fa6,RFuel,semi_synthetic_delay_noise,,,,
eth_flow_0x5750cfedb037__r7fam16__inst00__synth_split_src,bnb_flow_0x062d75273532__synth_split_a,115.72228414444211,38.57409471481404,1006,one_to_many,0.95,supervised_flow_pair,ETH,BNB,Poly,0xaf9f549774ecedbd0966c52f250acc548d3f36e5,0x69a1913d334b524ea1632461c78797c837ca9fa6,RFuel,semi_synthetic_split,1,38.57409471481404,38.57409471481404,
eth_flow_0x5750cfedb037__r7fam16__inst00__synth_split_src,bnb_flow_0x062d75273532__synth_split_b,115.72228414444211,38.57409471481404,1006,one_to_many,0.95,supervised_flow_pair,ETH,BNB,Poly,0xaf9f549774ecedbd0966c52f250acc548d3f36e5,0x69a1913d334b524ea1632461c78797c837ca9fa6,RFuel,semi_synthetic_split,1,38.57409471481404,38.57409471481404,
eth_flow_0x5750cfedb037__r7fam16__inst00__synth_split_src,bnb_flow_0x062d75273532__synth_split_c,115.72228414444211,38.57409471481404,1006,one_to_many,0.95,supervised_flow_pair,ETH,BNB,Poly,0xaf9f549774ecedbd0966c52f250acc548d3f36e5,0x69a1913d334b524ea1632461c78797c837ca9fa6,RFuel,semi_synthetic_split,1,38.57409471481404,38.57409471481404,
eth_flow_0x5750cfedb037__r7fam16__inst00__synth_merge_src1,bnb_flow_0x062d75273532__synth_merge_dst,57.86114207222106,115.72228414444211,1006,many_to_one,1.0,supervised_flow_pair,ETH,BNB,Poly,0xaf9f549774ecedbd0966c52f250acc548d3f36e5,0x69a1913d334b524ea1632461c78797c837ca9fa6,RFuel,semi_synthetic_merge,,57.86114207222106,57.86114207222106,
eth_flow_0x5750cfedb037__r7fam16__inst00__synth_merge_src2,bnb_flow_0x062d75273532__synth_merge_dst,57.86114207222106,115.72228414444211,1006,many_to_one,1.0,supervised_flow_pair,ETH,BNB,Poly,0xaf9f549774ecedbd0966c52f250acc548d3f36e5,0x69a1913d334b524ea1632461c78797c837ca9fa6,RFuel,semi_synthetic_merge,,57.86114207222106,57.86114207222106,
eth_flow_0x5750cfedb037__r7fam16__inst00__synth_unmatched_src,bnb_flow_0x062d75273532__synth_hidden_dst,115.72228414444211,0,1006,one_to_one,0.2,supervised_flow_pair,ETH,BNB,Poly,0xaf9f549774ecedbd0966c52f250acc548d3f36e5,0x69a1913d334b524ea1632461c78797c837ca9fa6,RFuel,semi_synthetic_unmatched,,,0,0
eth_flow_0x5750cfedb037__r7fam16__inst00__synth_noise_src_0,bnb_flow_0x062d75273532__synth_noise_dst_0,115.72228414444211,115.72228414444211,1066,one_to_one,0.221,supervised_flow_pair,ETH,BNB,Poly,0xaf9f549774ecedbd0966c52f250acc548d3f36e5,0x69a1913d334b524ea1632461c78797c837ca9fa6,RFuel,semi_synthetic_delay_noise,,,,
eth_flow_0x5750cfedb037__r7fam16__inst00__synth_noise_src_1,bnb_flow_0x062d75273532__synth_noise_dst_1,115.72228414444211,115.72228414444211,1126,one_to_one,0.238,supervised_flow_pair,ETH,BNB,Poly,0xaf9f549774ecedbd0966c52f250acc548d3f36e5,0x69a1913d334b524ea1632461c78797c837ca9fa6,RFuel,semi_synthetic_delay_noise,,,,
eth_flow_0x6e032f92608e__r7fam16__inst01__synth_split_src,bnb_flow_0x6cd83a1a6704__synth_split_a,130.57384151318692,21.762306918864486,963,one_to_many,0.95,supervised_flow_pair,ETH,BNB,Poly,0x4abb9cc67bd3da9eb966d1159a71a0e68bd15432,0x4e1b16ef22935a575a6811d4616f98c4077e4408,KEL,semi_synthetic_split,1,21.762306918864486,21.762306918864486,
eth_flow_0x6e032f92608e__r7fam16__inst01__synth_split_src,bnb_flow_0x6cd83a1a6704__synth_split_b,130.57384151318692,21.762306918864486,963,one_to_many,0.95,supervised_flow_pair,ETH,BNB,Poly,0x4abb9cc67bd3da9eb966d1159a71a0e68bd15432,0x4e1b16ef22935a575a6811d4616f98c4077e4408,KEL,semi_synthetic_split,1,21.762306918864486,21.762306918864486,
eth_flow_0x6e032f92608e__r7fam16__inst01__synth_split_src,bnb_flow_0x6cd83a1a6704__synth_split_c,130.57384151318692,21.762306918864486,963,one_to_many,0.95,supervised_flow_pair,ETH,BNB,Poly,0x4abb9cc67bd3da9eb966d1159a71a0e68bd15432,0x4e1b16ef22935a575a6811d4616f98c4077e4408,KEL,semi_synthetic_split,1,21.762306918864486,21.762306918864486,
eth_flow_0x6e032f92608e__r7fam16__inst01__synth_split_src,bnb_flow_0x6cd83a1a6704__synth_split_d,130.57384151318692,21.762306918864486,963,one_to_many,0.95,supervised_flow_pair,ETH,BNB,Poly,0x4abb9cc67bd3da9eb966d1159a71a0e68bd15432,0x4e1b16ef22935a575a6811d4616f98c4077e4408,KEL,semi_synthetic_split,1,21.762306918864486,21.762306918864486,
eth_flow_0x6e032f92608e__r7fam16__inst01__synth_split_src,bnb_flow_0x6cd83a1a6704__synth_split_e,130.57384151318692,21.762306918864486,963,one_to_many,0.95,supervised_flow_pair,ETH,BNB,Poly,0x4abb9cc67bd3da9eb966d1159a71a0e68bd15432,0x4e1b16ef22935a575a6811d4616f98c4077e4408,KEL,semi_synthetic_split,1,21.762306918864486,21.762306918864486,
eth_flow_0x6e032f92608e__r7fam16__inst01__synth_split_src,bnb_flow_0x6cd83a1a6704__synth_split_f,130.57384151318692,21.762306918864486,963,one_to_many,0.95,supervised_flow_pair,ETH,BNB,Poly,0x4abb9cc67bd3da9eb966d1159a71a0e68bd15432,0x4e1b16ef22935a575a6811d4616f98c4077e4408,KEL,semi_synthetic_split,1,21.762306918864486,21.762306918864486,
eth_flow_0x6e032f92608e__r7fam16__inst01__synth_merge_src1,bnb_flow_0x6cd83a1a6704__synth_merge_dst,65.28692075659346,130.57384151318692,963,many_to_one,1.0,supervised_flow_pair,ETH,BNB,Poly,0x4abb9cc67bd3da9eb966d1159a71a0e68bd15432,0x4e1b16ef22935a575a6811d4616f98c4077e4408,KEL,semi_synthetic_merge,,65.28692075659346,65.28692075659346,
eth_flow_0x6e032f92608e__r7fam16__inst01__synth_merge_src2,bnb_flow_0x6cd83a1a6704__synth_merge_dst,65.28692075659346,130.57384151318692,963,many_to_one,1.0,supervised_flow_pair,ETH,BNB,Poly,0x4abb9cc67bd3da9eb966d1159a71a0e68bd15432,0x4e1b16ef22935a575a6811d4616f98c4077e4408,KEL,semi_synthetic_merge,,65.28692075659346,65.28692075659346,
eth_flow_0x6e032f92608e__r7fam16__inst01__synth_unmatched_src,bnb_flow_0x6cd83a1a6704__synth_hidden_dst,130.57384151318692,0,963,one_to_one,0.2,supervised_flow_pair,ETH,BNB,Poly,0x4abb9cc67bd3da9eb966d1159a71a0e68bd15432,0x4e1b16ef22935a575a6811d4616f98c4077e4408,KEL,semi_synthetic_unmatched,,,0,0
eth_flow_0x6e032f92608e__r7fam16__inst01__synth_noise_src_0,bnb_flow_0x6cd83a1a6704__synth_noise_dst_0,130.57384151318692,130.57384151318692,1023,one_to_one,0.2257,supervised_flow_pair,ETH,BNB,Poly,0x4abb9cc67bd3da9eb966d1159a71a0e68bd15432,0x4e1b16ef22935a575a6811d4616f98c4077e4408,KEL,semi_synthetic_delay_noise,,,,
eth_flow_0x6e032f92608e__r7fam16__inst01__synth_noise_src_1,bnb_flow_0x6cd83a1a6704__synth_noise_dst_1,130.57384151318692,130.57384151318692,1083,one_to_one,0.2392,supervised_flow_pair,ETH,BNB,Poly,0x4abb9cc67bd3da9eb966d1159a71a0e68bd15432,0x4e1b16ef22935a575a6811d4616f98c4077e4408,KEL,semi_synthetic_delay_noise,,,,
eth_flow_0x72dd40ff4216__r7fam17__inst00__synth_split_src,bnb_flow_0xcf0071500095__synth_split_a,299.12569919128805,149.56284959564402,1075,one_to_many,0.95,supervised_flow_pair,ETH,BNB,Poly,0x9e32b13ce7f2e80a01932b42553652e053d6ed8e,0xe552fb52a4f19e44ef5a967632dbc320b0820639,Metis,semi_synthetic_split,1,149.56284959564402,149.56284959564402,
eth_flow_0x72dd40ff4216__r7fam17__inst00__synth_split_src,bnb_flow_0xcf0071500095__synth_split_b,299.12569919128805,149.56284959564402,1075,one_to_many,0.95,supervised_flow_pair,ETH,BNB,Poly,0x9e32b13ce7f2e80a01932b42553652e053d6ed8e,0xe552fb52a4f19e44ef5a967632dbc320b0820639,Metis,semi_synthetic_split,1,149.56284959564402,149.56284959564402,
eth_flow_0x72dd40ff4216__r7fam17__inst00__synth_merge_src1,bnb_flow_0xcf0071500095__synth_merge_dst,149.56284959564402,299.12569919128805,1075,many_to_one,1.0,supervised_flow_pair,ETH,BNB,Poly,0x9e32b13ce7f2e80a01932b42553652e053d6ed8e,0xe552fb52a4f19e44ef5a967632dbc320b0820639,Metis,semi_synthetic_merge,,149.56284959564402,149.56284959564402,
eth_flow_0x72dd40ff4216__r7fam17__inst00__synth_merge_src2,bnb_flow_0xcf0071500095__synth_merge_dst,149.56284959564402,299.12569919128805,1075,many_to_one,1.0,supervised_flow_pair,ETH,BNB,Poly,0x9e32b13ce7f2e80a01932b42553652e053d6ed8e,0xe552fb52a4f19e44ef5a967632dbc320b0820639,Metis,semi_synthetic_merge,,149.56284959564402,149.56284959564402,
eth_flow_0x72dd40ff4216__r7fam17__inst00__synth_unmatched_src,bnb_flow_0xcf0071500095__synth_hidden_dst,299.12569919128805,0,1075,one_to_one,0.2,supervised_flow_pair,ETH,BNB,Poly,0x9e32b13ce7f2e80a01932b42553652e053d6ed8e,0xe552fb52a4f19e44ef5a967632dbc320b0820639,Metis,semi_synthetic_unmatched,,,0,0
eth_flow_0x72dd40ff4216__r7fam17__inst00__synth_noise_src_0,bnb_flow_0xcf0071500095__synth_noise_dst_0,299.12569919128805,299.12569919128805,1135,one_to_one,0.2298,supervised_flow_pair,ETH,BNB,Poly,0x9e32b13ce7f2e80a01932b42553652e053d6ed8e,0xe552fb52a4f19e44ef5a967632dbc320b0820639,Metis,semi_synthetic_delay_noise,,,,
eth_flow_0x72dd40ff4216__r7fam17__inst00__synth_noise_src_1,bnb_flow_0xcf0071500095__synth_noise_dst_1,299.12569919128805,299.12569919128805,1195,one_to_one,0.2557,supervised_flow_pair,ETH,BNB,Poly,0x9e32b13ce7f2e80a01932b42553652e053d6ed8e,0xe552fb52a4f19e44ef5a967632dbc320b0820639,Metis,semi_synthetic_delay_noise,,,,
eth_flow_0x8705d24f13bf__r7fam17__inst01__synth_split_src,bnb_flow_0x18931370c192__synth_split_a,90.72451234760814,45.36225617380407,1074,one_to_many,0.95,supervised_flow_pair,ETH,BNB,Poly,0xaf9f549774ecedbd0966c52f250acc548d3f36e5,0x69a1913d334b524ea1632461c78797c837ca9fa6,RFuel,semi_synthetic_split,1,45.36225617380407,45.36225617380407,
eth_flow_0x8705d24f13bf__r7fam17__inst01__synth_split_src,bnb_flow_0x18931370c192__synth_split_b,90.72451234760814,45.36225617380407,1074,one_to_many,0.95,supervised_flow_pair,ETH,BNB,Poly,0xaf9f549774ecedbd0966c52f250acc548d3f36e5,0x69a1913d334b524ea1632461c78797c837ca9fa6,RFuel,semi_synthetic_split,1,45.36225617380407,45.36225617380407,
eth_flow_0x8705d24f13bf__r7fam17__inst01__synth_merge_src1,bnb_flow_0x18931370c192__synth_merge_dst,45.36225617380407,90.72451234760814,1074,many_to_one,1.0,supervised_flow_pair,ETH,BNB,Poly,0xaf9f549774ecedbd0966c52f250acc548d3f36e5,0x69a1913d334b524ea1632461c78797c837ca9fa6,RFuel,semi_synthetic_merge,,45.36225617380407,45.36225617380407,
eth_flow_0x8705d24f13bf__r7fam17__inst01__synth_merge_src2,bnb_flow_0x18931370c192__synth_merge_dst,45.36225617380407,90.72451234760814,1074,many_to_one,1.0,supervised_flow_pair,ETH,BNB,Poly,0xaf9f549774ecedbd0966c52f250acc548d3f36e5,0x69a1913d334b524ea1632461c78797c837ca9fa6,RFuel,semi_synthetic_merge,,45.36225617380407,45.36225617380407,
eth_flow_0x8705d24f13bf__r7fam17__inst01__synth_unmatched_src,bnb_flow_0x18931370c192__synth_hidden_dst,90.72451234760814,0,1074,one_to_one,0.2,supervised_flow_pair,ETH,BNB,Poly,0xaf9f549774ecedbd0966c52f250acc548d3f36e5,0x69a1913d334b524ea1632461c78797c837ca9fa6,RFuel,semi_synthetic_unmatched,,,0,0
eth_flow_0x8705d24f13bf__r7fam17__inst01__synth_noise_src_0,bnb_flow_0x18931370c192__synth_noise_dst_0,90.72451234760814,90.72451234760814,1134,one_to_one,0.2436,supervised_flow_pair,ETH,BNB,Poly,0xaf9f549774ecedbd0966c52f250acc548d3f36e5,0x69a1913d334b524ea1632461c78797c837ca9fa6,RFuel,semi_synthetic_delay_noise,,,,
eth_flow_0x8705d24f13bf__r7fam17__inst01__synth_noise_src_1,bnb_flow_0x18931370c192__synth_noise_dst_1,90.72451234760814,90.72451234760814,1194,one_to_one,0.2345,supervised_flow_pair,ETH,BNB,Poly,0xaf9f549774ecedbd0966c52f250acc548d3f36e5,0x69a1913d334b524ea1632461c78797c837ca9fa6,RFuel,semi_synthetic_delay_noise,,,,
eth_flow_0xc84f811033cd__r7fam18__inst00__synth_split_src,bnb_flow_0x9bfb2e012f42__synth_split_a,704.3050553685782,140.86101107371564,184,one_to_many,0.95,supervised_flow_pair,ETH,BNB,Poly,0x9e32b13ce7f2e80a01932b42553652e053d6ed8e,0xe552fb52a4f19e44ef5a967632dbc320b0820639,Metis,semi_synthetic_split,1,140.86101107371564,140.86101107371564,
eth_flow_0xc84f811033cd__r7fam18__inst00__synth_split_src,bnb_flow_0x9bfb2e012f42__synth_split_b,704.3050553685782,140.86101107371564,184,one_to_many,0.95,supervised_flow_pair,ETH,BNB,Poly,0x9e32b13ce7f2e80a01932b42553652e053d6ed8e,0xe552fb52a4f19e44ef5a967632dbc320b0820639,Metis,semi_synthetic_split,1,140.86101107371564,140.86101107371564,
eth_flow_0xc84f811033cd__r7fam18__inst00__synth_split_src,bnb_flow_0x9bfb2e012f42__synth_split_c,704.3050553685782,140.86101107371564,184,one_to_many,0.95,supervised_flow_pair,ETH,BNB,Poly,0x9e32b13ce7f2e80a01932b42553652e053d6ed8e,0xe552fb52a4f19e44ef5a967632dbc320b0820639,Metis,semi_synthetic_split,1,140.86101107371564,140.86101107371564,
eth_flow_0xc84f811033cd__r7fam18__inst00__synth_split_src,bnb_flow_0x9bfb2e012f42__synth_split_d,704.3050553685782,140.86101107371564,184,one_to_many,0.95,supervised_flow_pair,ETH,BNB,Poly,0x9e32b13ce7f2e80a01932b42553652e053d6ed8e,0xe552fb52a4f19e44ef5a967632dbc320b0820639,Metis,semi_synthetic_split,1,140.86101107371564,140.86101107371564,
eth_flow_0xc84f811033cd__r7fam18__inst00__synth_split_src,bnb_flow_0x9bfb2e012f42__synth_split_e,704.3050553685782,140.86101107371564,184,one_to_many,0.95,supervised_flow_pair,ETH,BNB,Poly,0x9e32b13ce7f2e80a01932b42553652e053d6ed8e,0xe552fb52a4f19e44ef5a967632dbc320b0820639,Metis,semi_synthetic_split,1,140.86101107371564,140.86101107371564,
eth_flow_0xc84f811033cd__r7fam18__inst00__synth_merge_src1,bnb_flow_0x9bfb2e012f42__synth_merge_dst,352.1525276842891,704.3050553685782,184,many_to_one,1.0,supervised_flow_pair,ETH,BNB,Poly,0x9e32b13ce7f2e80a01932b42553652e053d6ed8e,0xe552fb52a4f19e44ef5a967632dbc320b0820639,Metis,semi_synthetic_merge,,352.1525276842891,352.1525276842891,
eth_flow_0xc84f811033cd__r7fam18__inst00__synth_merge_src2,bnb_flow_0x9bfb2e012f42__synth_merge_dst,352.1525276842891,704.3050553685782,184,many_to_one,1.0,supervised_flow_pair,ETH,BNB,Poly,0x9e32b13ce7f2e80a01932b42553652e053d6ed8e,0xe552fb52a4f19e44ef5a967632dbc320b0820639,Metis,semi_synthetic_merge,,352.1525276842891,352.1525276842891,
eth_flow_0xc84f811033cd__r7fam18__inst00__synth_unmatched_src,bnb_flow_0x9bfb2e012f42__synth_hidden_dst,704.3050553685782,0,184,one_to_one,0.2,supervised_flow_pair,ETH,BNB,Poly,0x9e32b13ce7f2e80a01932b42553652e053d6ed8e,0xe552fb52a4f19e44ef5a967632dbc320b0820639,Metis,semi_synthetic_unmatched,,,0,0
eth_flow_0xc84f811033cd__r7fam18__inst00__synth_noise_src_0,bnb_flow_0x9bfb2e012f42__synth_noise_dst_0,704.3050553685782,704.3050553685782,244,one_to_one,0.2237,supervised_flow_pair,ETH,BNB,Poly,0x9e32b13ce7f2e80a01932b42553652e053d6ed8e,0xe552fb52a4f19e44ef5a967632dbc320b0820639,Metis,semi_synthetic_delay_noise,,,,
eth_flow_0xc84f811033cd__r7fam18__inst00__synth_noise_src_1,bnb_flow_0x9bfb2e012f42__synth_noise_dst_1,704.3050553685782,704.3050553685782,304,one_to_one,0.2443,supervised_flow_pair,ETH,BNB,Poly,0x9e32b13ce7f2e80a01932b42553652e053d6ed8e,0xe552fb52a4f19e44ef5a967632dbc320b0820639,Metis,semi_synthetic_delay_noise,,,,
eth_flow_0x6d807e5b3f98__r7fam18__inst01__synth_split_src,bnb_flow_0xdd0a93c43ab7__synth_split_a,845.8820140168656,422.9410070084328,175,one_to_many,0.95,supervised_flow_pair,ETH,BNB,Poly,0xaf9f549774ecedbd0966c52f250acc548d3f36e5,0x69a1913d334b524ea1632461c78797c837ca9fa6,RFuel,semi_synthetic_split,1,422.9410070084328,422.9410070084328,
eth_flow_0x6d807e5b3f98__r7fam18__inst01__synth_split_src,bnb_flow_0xdd0a93c43ab7__synth_split_b,845.8820140168656,422.9410070084328,175,one_to_many,0.95,supervised_flow_pair,ETH,BNB,Poly,0xaf9f549774ecedbd0966c52f250acc548d3f36e5,0x69a1913d334b524ea1632461c78797c837ca9fa6,RFuel,semi_synthetic_split,1,422.9410070084328,422.9410070084328,
eth_flow_0x6d807e5b3f98__r7fam18__inst01__synth_merge_src1,bnb_flow_0xdd0a93c43ab7__synth_merge_dst,422.9410070084328,845.8820140168656,175,many_to_one,1.0,supervised_flow_pair,ETH,BNB,Poly,0xaf9f549774ecedbd0966c52f250acc548d3f36e5,0x69a1913d334b524ea1632461c78797c837ca9fa6,RFuel,semi_synthetic_merge,,422.9410070084328,422.9410070084328,
eth_flow_0x6d807e5b3f98__r7fam18__inst01__synth_merge_src2,bnb_flow_0xdd0a93c43ab7__synth_merge_dst,422.9410070084328,845.8820140168656,175,many_to_one,1.0,supervised_flow_pair,ETH,BNB,Poly,0xaf9f549774ecedbd0966c52f250acc548d3f36e5,0x69a1913d334b524ea1632461c78797c837ca9fa6,RFuel,semi_synthetic_merge,,422.9410070084328,422.9410070084328,
eth_flow_0x6d807e5b3f98__r7fam18__inst01__synth_unmatched_src,bnb_flow_0xdd0a93c43ab7__synth_hidden_dst,845.8820140168656,0,175,one_to_one,0.2,supervised_flow_pair,ETH,BNB,Poly,0xaf9f549774ecedbd0966c52f250acc548d3f36e5,0x69a1913d334b524ea1632461c78797c837ca9fa6,RFuel,semi_synthetic_unmatched,,,0,0
eth_flow_0x6d807e5b3f98__r7fam18__inst01__synth_noise_src_0,bnb_flow_0xdd0a93c43ab7__synth_noise_dst_0,845.8820140168656,845.8820140168656,235,one_to_one,0.259,supervised_flow_pair,ETH,BNB,Poly,0xaf9f549774ecedbd0966c52f250acc548d3f36e5,0x69a1913d334b524ea1632461c78797c837ca9fa6,RFuel,semi_synthetic_delay_noise,,,,
eth_flow_0x6d807e5b3f98__r7fam18__inst01__synth_noise_src_1,bnb_flow_0xdd0a93c43ab7__synth_noise_dst_1,845.8820140168656,845.8820140168656,295,one_to_one,0.2516,supervised_flow_pair,ETH,BNB,Poly,0xaf9f549774ecedbd0966c52f250acc548d3f36e5,0x69a1913d334b524ea1632461c78797c837ca9fa6,RFuel,semi_synthetic_delay_noise,,,,
eth_flow_0xa862f2a4e378__r7fam19__inst00__synth_split_src,bnb_flow_0x84442f20a202__synth_split_a,640.356227089023,128.07124541780462,198,one_to_many,0.95,supervised_flow_pair,ETH,BNB,Poly,0x9e32b13ce7f2e80a01932b42553652e053d6ed8e,0xe552fb52a4f19e44ef5a967632dbc320b0820639,Metis,semi_synthetic_split,1,128.07124541780462,128.07124541780462,
eth_flow_0xa862f2a4e378__r7fam19__inst00__synth_split_src,bnb_flow_0x84442f20a202__synth_split_b,640.356227089023,128.07124541780462,198,one_to_many,0.95,supervised_flow_pair,ETH,BNB,Poly,0x9e32b13ce7f2e80a01932b42553652e053d6ed8e,0xe552fb52a4f19e44ef5a967632dbc320b0820639,Metis,semi_synthetic_split,1,128.07124541780462,128.07124541780462,
eth_flow_0xa862f2a4e378__r7fam19__inst00__synth_split_src,bnb_flow_0x84442f20a202__synth_split_c,640.356227089023,128.07124541780462,198,one_to_many,0.95,supervised_flow_pair,ETH,BNB,Poly,0x9e32b13ce7f2e80a01932b42553652e053d6ed8e,0xe552fb52a4f19e44ef5a967632dbc320b0820639,Metis,semi_synthetic_split,1,128.07124541780462,128.07124541780462,
eth_flow_0xa862f2a4e378__r7fam19__inst00__synth_split_src,bnb_flow_0x84442f20a202__synth_split_d,640.356227089023,128.07124541780462,198,one_to_many,0.95,supervised_flow_pair,ETH,BNB,Poly,0x9e32b13ce7f2e80a01932b42553652e053d6ed8e,0xe552fb52a4f19e44ef5a967632dbc320b0820639,Metis,semi_synthetic_split,1,128.07124541780462,128.07124541780462,
eth_flow_0xa862f2a4e378__r7fam19__inst00__synth_split_src,bnb_flow_0x84442f20a202__synth_split_e,640.356227089023,128.07124541780462,198,one_to_many,0.95,supervised_flow_pair,ETH,BNB,Poly,0x9e32b13ce7f2e80a01932b42553652e053d6ed8e,0xe552fb52a4f19e44ef5a967632dbc320b0820639,Metis,semi_synthetic_split,1,128.07124541780462,128.07124541780462,
eth_flow_0xa862f2a4e378__r7fam19__inst00__synth_merge_src1,bnb_flow_0x84442f20a202__synth_merge_dst,320.1781135445115,640.356227089023,198,many_to_one,1.0,supervised_flow_pair,ETH,BNB,Poly,0x9e32b13ce7f2e80a01932b42553652e053d6ed8e,0xe552fb52a4f19e44ef5a967632dbc320b0820639,Metis,semi_synthetic_merge,,320.1781135445115,320.1781135445115,
eth_flow_0xa862f2a4e378__r7fam19__inst00__synth_merge_src2,bnb_flow_0x84442f20a202__synth_merge_dst,320.1781135445115,640.356227089023,198,many_to_one,1.0,supervised_flow_pair,ETH,BNB,Poly,0x9e32b13ce7f2e80a01932b42553652e053d6ed8e,0xe552fb52a4f19e44ef5a967632dbc320b0820639,Metis,semi_synthetic_merge,,320.1781135445115,320.1781135445115,
eth_flow_0xa862f2a4e378__r7fam19__inst00__synth_unmatched_src,bnb_flow_0x84442f20a202__synth_hidden_dst,640.356227089023,0,198,one_to_one,0.2,supervised_flow_pair,ETH,BNB,Poly,0x9e32b13ce7f2e80a01932b42553652e053d6ed8e,0xe552fb52a4f19e44ef5a967632dbc320b0820639,Metis,semi_synthetic_unmatched,,,0,0
eth_flow_0xa862f2a4e378__r7fam19__inst00__synth_noise_src_0,bnb_flow_0x84442f20a202__synth_noise_dst_0,640.356227089023,640.356227089023,258,one_to_one,0.2318,supervised_flow_pair,ETH,BNB,Poly,0x9e32b13ce7f2e80a01932b42553652e053d6ed8e,0xe552fb52a4f19e44ef5a967632dbc320b0820639,Metis,semi_synthetic_delay_noise,,,,
eth_flow_0xa862f2a4e378__r7fam19__inst00__synth_noise_src_1,bnb_flow_0x84442f20a202__synth_noise_dst_1,640.356227089023,640.356227089023,318,one_to_one,0.2243,supervised_flow_pair,ETH,BNB,Poly,0x9e32b13ce7f2e80a01932b42553652e053d6ed8e,0xe552fb52a4f19e44ef5a967632dbc320b0820639,Metis,semi_synthetic_delay_noise,,,,
eth_flow_0x116e74b2b745__r7fam19__inst01__synth_split_src,bnb_flow_0xc91071e397b9__synth_split_a,497.5701243713496,124.3925310928374,211,one_to_many,0.95,supervised_flow_pair,ETH,BNB,Poly,0x9e32b13ce7f2e80a01932b42553652e053d6ed8e,0xe552fb52a4f19e44ef5a967632dbc320b0820639,Metis,semi_synthetic_split,1,124.3925310928374,124.3925310928374,
eth_flow_0x116e74b2b745__r7fam19__inst01__synth_split_src,bnb_flow_0xc91071e397b9__synth_split_b,497.5701243713496,124.3925310928374,211,one_to_many,0.95,supervised_flow_pair,ETH,BNB,Poly,0x9e32b13ce7f2e80a01932b42553652e053d6ed8e,0xe552fb52a4f19e44ef5a967632dbc320b0820639,Metis,semi_synthetic_split,1,124.3925310928374,124.3925310928374,
eth_flow_0x116e74b2b745__r7fam19__inst01__synth_split_src,bnb_flow_0xc91071e397b9__synth_split_c,497.5701243713496,124.3925310928374,211,one_to_many,0.95,supervised_flow_pair,ETH,BNB,Poly,0x9e32b13ce7f2e80a01932b42553652e053d6ed8e,0xe552fb52a4f19e44ef5a967632dbc320b0820639,Metis,semi_synthetic_split,1,124.3925310928374,124.3925310928374,
eth_flow_0x116e74b2b745__r7fam19__inst01__synth_split_src,bnb_flow_0xc91071e397b9__synth_split_d,497.5701243713496,124.3925310928374,211,one_to_many,0.95,supervised_flow_pair,ETH,BNB,Poly,0x9e32b13ce7f2e80a01932b42553652e053d6ed8e,0xe552fb52a4f19e44ef5a967632dbc320b0820639,Metis,semi_synthetic_split,1,124.3925310928374,124.3925310928374,
eth_flow_0x116e74b2b745__r7fam19__inst01__synth_merge_src1,bnb_flow_0xc91071e397b9__synth_merge_dst,248.7850621856748,497.5701243713496,211,many_to_one,1.0,supervised_flow_pair,ETH,BNB,Poly,0x9e32b13ce7f2e80a01932b42553652e053d6ed8e,0xe552fb52a4f19e44ef5a967632dbc320b0820639,Metis,semi_synthetic_merge,,248.7850621856748,248.7850621856748,
eth_flow_0x116e74b2b745__r7fam19__inst01__synth_merge_src2,bnb_flow_0xc91071e397b9__synth_merge_dst,248.7850621856748,497.5701243713496,211,many_to_one,1.0,supervised_flow_pair,ETH,BNB,Poly,0x9e32b13ce7f2e80a01932b42553652e053d6ed8e,0xe552fb52a4f19e44ef5a967632dbc320b0820639,Metis,semi_synthetic_merge,,248.7850621856748,248.7850621856748,
eth_flow_0x116e74b2b745__r7fam19__inst01__synth_unmatched_src,bnb_flow_0xc91071e397b9__synth_hidden_dst,497.57012437134955,0,211,one_to_one,0.2,supervised_flow_pair,ETH,BNB,Poly,0x9e32b13ce7f2e80a01932b42553652e053d6ed8e,0xe552fb52a4f19e44ef5a967632dbc320b0820639,Metis,semi_synthetic_unmatched,,,0,0
eth_flow_0x116e74b2b745__r7fam19__inst01__synth_noise_src_0,bnb_flow_0xc91071e397b9__synth_noise_dst_0,497.57012437134955,497.57012437134955,271,one_to_one,0.2301,supervised_flow_pair,ETH,BNB,Poly,0x9e32b13ce7f2e80a01932b42553652e053d6ed8e,0xe552fb52a4f19e44ef5a967632dbc320b0820639,Metis,semi_synthetic_delay_noise,,,,
eth_flow_0x116e74b2b745__r7fam19__inst01__synth_noise_src_1,bnb_flow_0xc91071e397b9__synth_noise_dst_1,497.57012437134955,497.57012437134955,331,one_to_one,0.2355,supervised_flow_pair,ETH,BNB,Poly,0x9e32b13ce7f2e80a01932b42553652e053d6ed8e,0xe552fb52a4f19e44ef5a967632dbc320b0820639,Metis,semi_synthetic_delay_noise,,,,
eth_flow_0xfccc90496897__r7fam20__inst00__synth_split_src,bnb_flow_0x5f9e3ad6d7b0__synth_split_a,385.4653096928641,96.36632742321602,237,one_to_many,0.95,supervised_flow_pair,ETH,BNB,Poly,0x9e32b13ce7f2e80a01932b42553652e053d6ed8e,0xe552fb52a4f19e44ef5a967632dbc320b0820639,Metis,semi_synthetic_split,1,96.36632742321602,96.36632742321602,
eth_flow_0xfccc90496897__r7fam20__inst00__synth_split_src,bnb_flow_0x5f9e3ad6d7b0__synth_split_b,385.4653096928641,96.36632742321602,237,one_to_many,0.95,supervised_flow_pair,ETH,BNB,Poly,0x9e32b13ce7f2e80a01932b42553652e053d6ed8e,0xe552fb52a4f19e44ef5a967632dbc320b0820639,Metis,semi_synthetic_split,1,96.36632742321602,96.36632742321602,
eth_flow_0xfccc90496897__r7fam20__inst00__synth_split_src,bnb_flow_0x5f9e3ad6d7b0__synth_split_c,385.4653096928641,96.36632742321602,237,one_to_many,0.95,supervised_flow_pair,ETH,BNB,Poly,0x9e32b13ce7f2e80a01932b42553652e053d6ed8e,0xe552fb52a4f19e44ef5a967632dbc320b0820639,Metis,semi_synthetic_split,1,96.36632742321602,96.36632742321602,
eth_flow_0xfccc90496897__r7fam20__inst00__synth_split_src,bnb_flow_0x5f9e3ad6d7b0__synth_split_d,385.4653096928641,96.36632742321602,237,one_to_many,0.95,supervised_flow_pair,ETH,BNB,Poly,0x9e32b13ce7f2e80a01932b42553652e053d6ed8e,0xe552fb52a4f19e44ef5a967632dbc320b0820639,Metis,semi_synthetic_split,1,96.36632742321602,96.36632742321602,
eth_flow_0xfccc90496897__r7fam20__inst00__synth_merge_src1,bnb_flow_0x5f9e3ad6d7b0__synth_merge_dst,192.73265484643204,385.4653096928641,237,many_to_one,1.0,supervised_flow_pair,ETH,BNB,Poly,0x9e32b13ce7f2e80a01932b42553652e053d6ed8e,0xe552fb52a4f19e44ef5a967632dbc320b0820639,Metis,semi_synthetic_merge,,192.73265484643204,192.73265484643204,
eth_flow_0xfccc90496897__r7fam20__inst00__synth_merge_src2,bnb_flow_0x5f9e3ad6d7b0__synth_merge_dst,192.73265484643204,385.4653096928641,237,many_to_one,1.0,supervised_flow_pair,ETH,BNB,Poly,0x9e32b13ce7f2e80a01932b42553652e053d6ed8e,0xe552fb52a4f19e44ef5a967632dbc320b0820639,Metis,semi_synthetic_merge,,192.73265484643204,192.73265484643204,
eth_flow_0xfccc90496897__r7fam20__inst00__synth_unmatched_src,bnb_flow_0x5f9e3ad6d7b0__synth_hidden_dst,385.4653096928641,0,237,one_to_one,0.2,supervised_flow_pair,ETH,BNB,Poly,0x9e32b13ce7f2e80a01932b42553652e053d6ed8e,0xe552fb52a4f19e44ef5a967632dbc320b0820639,Metis,semi_synthetic_unmatched,,,0,0
eth_flow_0xfccc90496897__r7fam20__inst00__synth_noise_src_0,bnb_flow_0x5f9e3ad6d7b0__synth_noise_dst_0,385.4653096928641,385.4653096928641,297,one_to_one,0.2585,supervised_flow_pair,ETH,BNB,Poly,0x9e32b13ce7f2e80a01932b42553652e053d6ed8e,0xe552fb52a4f19e44ef5a967632dbc320b0820639,Metis,semi_synthetic_delay_noise,,,,
eth_flow_0xfccc90496897__r7fam20__inst00__synth_noise_src_1,bnb_flow_0x5f9e3ad6d7b0__synth_noise_dst_1,385.4653096928641,385.4653096928641,357,one_to_one,0.2471,supervised_flow_pair,ETH,BNB,Poly,0x9e32b13ce7f2e80a01932b42553652e053d6ed8e,0xe552fb52a4f19e44ef5a967632dbc320b0820639,Metis,semi_synthetic_delay_noise,,,,
eth_flow_0x1bce2e124056__r7fam20__inst01__synth_split_src,bnb_flow_0x386c6c02b66e__synth_split_a,370.5463525363596,123.5154508454532,238,one_to_many,0.95,supervised_flow_pair,ETH,BNB,Poly,0x9e32b13ce7f2e80a01932b42553652e053d6ed8e,0xe552fb52a4f19e44ef5a967632dbc320b0820639,Metis,semi_synthetic_split,1,123.5154508454532,123.5154508454532,
eth_flow_0x1bce2e124056__r7fam20__inst01__synth_split_src,bnb_flow_0x386c6c02b66e__synth_split_b,370.5463525363596,123.5154508454532,238,one_to_many,0.95,supervised_flow_pair,ETH,BNB,Poly,0x9e32b13ce7f2e80a01932b42553652e053d6ed8e,0xe552fb52a4f19e44ef5a967632dbc320b0820639,Metis,semi_synthetic_split,1,123.5154508454532,123.5154508454532,
eth_flow_0x1bce2e124056__r7fam20__inst01__synth_split_src,bnb_flow_0x386c6c02b66e__synth_split_c,370.5463525363596,123.5154508454532,238,one_to_many,0.95,supervised_flow_pair,ETH,BNB,Poly,0x9e32b13ce7f2e80a01932b42553652e053d6ed8e,0xe552fb52a4f19e44ef5a967632dbc320b0820639,Metis,semi_synthetic_split,1,123.5154508454532,123.5154508454532,
eth_flow_0x1bce2e124056__r7fam20__inst01__synth_merge_src1,bnb_flow_0x386c6c02b66e__synth_merge_dst,185.2731762681798,370.5463525363596,238,many_to_one,1.0,supervised_flow_pair,ETH,BNB,Poly,0x9e32b13ce7f2e80a01932b42553652e053d6ed8e,0xe552fb52a4f19e44ef5a967632dbc320b0820639,Metis,semi_synthetic_merge,,185.2731762681798,185.2731762681798,
eth_flow_0x1bce2e124056__r7fam20__inst01__synth_merge_src2,bnb_flow_0x386c6c02b66e__synth_merge_dst,185.2731762681798,370.5463525363596,238,many_to_one,1.0,supervised_flow_pair,ETH,BNB,Poly,0x9e32b13ce7f2e80a01932b42553652e053d6ed8e,0xe552fb52a4f19e44ef5a967632dbc320b0820639,Metis,semi_synthetic_merge,,185.2731762681798,185.2731762681798,
eth_flow_0x1bce2e124056__r7fam20__inst01__synth_unmatched_src,bnb_flow_0x386c6c02b66e__synth_hidden_dst,370.5463525363596,0,238,one_to_one,0.2,supervised_flow_pair,ETH,BNB,Poly,0x9e32b13ce7f2e80a01932b42553652e053d6ed8e,0xe552fb52a4f19e44ef5a967632dbc320b0820639,Metis,semi_synthetic_unmatched,,,0,0
eth_flow_0x1bce2e124056__r7fam20__inst01__synth_noise_src_0,bnb_flow_0x386c6c02b66e__synth_noise_dst_0,370.5463525363596,370.5463525363596,298,one_to_one,0.2368,supervised_flow_pair,ETH,BNB,Poly,0x9e32b13ce7f2e80a01932b42553652e053d6ed8e,0xe552fb52a4f19e44ef5a967632dbc320b0820639,Metis,semi_synthetic_delay_noise,,,,
eth_flow_0x1bce2e124056__r7fam20__inst01__synth_noise_src_1,bnb_flow_0x386c6c02b66e__synth_noise_dst_1,370.5463525363596,370.5463525363596,358,one_to_one,0.2502,supervised_flow_pair,ETH,BNB,Poly,0x9e32b13ce7f2e80a01932b42553652e053d6ed8e,0xe552fb52a4f19e44ef5a967632dbc320b0820639,Metis,semi_synthetic_delay_noise,,,,
eth_flow_0xd8abea6456a9__r7fam21__inst00__synth_split_src,bnb_flow_0xb78acae2d948__synth_split_a,388.0634858091459,194.03174290457295,268,one_to_many,0.95,supervised_flow_pair,ETH,BNB,Poly,0x9e32b13ce7f2e80a01932b42553652e053d6ed8e,0xe552fb52a4f19e44ef5a967632dbc320b0820639,Metis,semi_synthetic_split,1,194.03174290457295,194.03174290457295,
eth_flow_0xd8abea6456a9__r7fam21__inst00__synth_split_src,bnb_flow_0xb78acae2d948__synth_split_b,388.0634858091459,194.03174290457295,268,one_to_many,0.95,supervised_flow_pair,ETH,BNB,Poly,0x9e32b13ce7f2e80a01932b42553652e053d6ed8e,0xe552fb52a4f19e44ef5a967632dbc320b0820639,Metis,semi_synthetic_split,1,194.03174290457295,194.03174290457295,
eth_flow_0xd8abea6456a9__r7fam21__inst00__synth_merge_src1,bnb_flow_0xb78acae2d948__synth_merge_dst,194.03174290457295,388.0634858091459,268,many_to_one,1.0,supervised_flow_pair,ETH,BNB,Poly,0x9e32b13ce7f2e80a01932b42553652e053d6ed8e,0xe552fb52a4f19e44ef5a967632dbc320b0820639,Metis,semi_synthetic_merge,,194.03174290457295,194.03174290457295,
eth_flow_0xd8abea6456a9__r7fam21__inst00__synth_merge_src2,bnb_flow_0xb78acae2d948__synth_merge_dst,194.03174290457295,388.0634858091459,268,many_to_one,1.0,supervised_flow_pair,ETH,BNB,Poly,0x9e32b13ce7f2e80a01932b42553652e053d6ed8e,0xe552fb52a4f19e44ef5a967632dbc320b0820639,Metis,semi_synthetic_merge,,194.03174290457295,194.03174290457295,
eth_flow_0xd8abea6456a9__r7fam21__inst00__synth_unmatched_src,bnb_flow_0xb78acae2d948__synth_hidden_dst,388.0634858091459,0,268,one_to_one,0.2,supervised_flow_pair,ETH,BNB,Poly,0x9e32b13ce7f2e80a01932b42553652e053d6ed8e,0xe552fb52a4f19e44ef5a967632dbc320b0820639,Metis,semi_synthetic_unmatched,,,0,0
eth_flow_0xd8abea6456a9__r7fam21__inst00__synth_noise_src_0,bnb_flow_0xb78acae2d948__synth_noise_dst_0,388.0634858091459,388.0634858091459,328,one_to_one,0.2503,supervised_flow_pair,ETH,BNB,Poly,0x9e32b13ce7f2e80a01932b42553652e053d6ed8e,0xe552fb52a4f19e44ef5a967632dbc320b0820639,Metis,semi_synthetic_delay_noise,,,,
eth_flow_0xd8abea6456a9__r7fam21__inst00__synth_noise_src_1,bnb_flow_0xb78acae2d948__synth_noise_dst_1,388.0634858091459,388.0634858091459,388,one_to_one,0.2314,supervised_flow_pair,ETH,BNB,Poly,0x9e32b13ce7f2e80a01932b42553652e053d6ed8e,0xe552fb52a4f19e44ef5a967632dbc320b0820639,Metis,semi_synthetic_delay_noise,,,,
eth_flow_0x71987781dd16__r7fam21__inst01__synth_split_src,bnb_flow_0x6535ffd89136__synth_split_a,5438.649076205237,2719.3245381026186,701,one_to_many,0.95,supervised_flow_pair,ETH,BNB,Poly,0x9e32b13ce7f2e80a01932b42553652e053d6ed8e,0xe552fb52a4f19e44ef5a967632dbc320b0820639,Metis,semi_synthetic_split,1,2719.3245381026186,2719.3245381026186,
eth_flow_0x71987781dd16__r7fam21__inst01__synth_split_src,bnb_flow_0x6535ffd89136__synth_split_b,5438.649076205237,2719.3245381026186,701,one_to_many,0.95,supervised_flow_pair,ETH,BNB,Poly,0x9e32b13ce7f2e80a01932b42553652e053d6ed8e,0xe552fb52a4f19e44ef5a967632dbc320b0820639,Metis,semi_synthetic_split,1,2719.3245381026186,2719.3245381026186,
eth_flow_0x71987781dd16__r7fam21__inst01__synth_merge_src1,bnb_flow_0x6535ffd89136__synth_merge_dst,2719.3245381026186,5438.649076205237,701,many_to_one,1.0,supervised_flow_pair,ETH,BNB,Poly,0x9e32b13ce7f2e80a01932b42553652e053d6ed8e,0xe552fb52a4f19e44ef5a967632dbc320b0820639,Metis,semi_synthetic_merge,,2719.3245381026186,2719.3245381026186,
eth_flow_0x71987781dd16__r7fam21__inst01__synth_merge_src2,bnb_flow_0x6535ffd89136__synth_merge_dst,2719.3245381026186,5438.649076205237,701,many_to_one,1.0,supervised_flow_pair,ETH,BNB,Poly,0x9e32b13ce7f2e80a01932b42553652e053d6ed8e,0xe552fb52a4f19e44ef5a967632dbc320b0820639,Metis,semi_synthetic_merge,,2719.3245381026186,2719.3245381026186,
eth_flow_0x71987781dd16__r7fam21__inst01__synth_unmatched_src,bnb_flow_0x6535ffd89136__synth_hidden_dst,5438.649076205237,0,701,one_to_one,0.2,supervised_flow_pair,ETH,BNB,Poly,0x9e32b13ce7f2e80a01932b42553652e053d6ed8e,0xe552fb52a4f19e44ef5a967632dbc320b0820639,Metis,semi_synthetic_unmatched,,,0,0
eth_flow_0x71987781dd16__r7fam21__inst01__synth_noise_src_0,bnb_flow_0x6535ffd89136__synth_noise_dst_0,5438.649076205237,5438.649076205237,761,one_to_one,0.2519,supervised_flow_pair,ETH,BNB,Poly,0x9e32b13ce7f2e80a01932b42553652e053d6ed8e,0xe552fb52a4f19e44ef5a967632dbc320b0820639,Metis,semi_synthetic_delay_noise,,,,
eth_flow_0x71987781dd16__r7fam21__inst01__synth_noise_src_1,bnb_flow_0x6535ffd89136__synth_noise_dst_1,5438.649076205237,5438.649076205237,821,one_to_one,0.246,supervised_flow_pair,ETH,BNB,Poly,0x9e32b13ce7f2e80a01932b42553652e053d6ed8e,0xe552fb52a4f19e44ef5a967632dbc320b0820639,Metis,semi_synthetic_delay_noise,,,,
eth_flow_0x7bb3a9dadbe1__r7fam22__inst00__synth_split_src,bnb_flow_0x355b883736ca__synth_split_a,427.63362771599566,142.54454257199856,969,one_to_many,0.95,supervised_flow_pair,ETH,BNB,Poly,0x9e32b13ce7f2e80a01932b42553652e053d6ed8e,0xe552fb52a4f19e44ef5a967632dbc320b0820639,Metis,semi_synthetic_split,1,142.54454257199856,142.54454257199856,
eth_flow_0x7bb3a9dadbe1__r7fam22__inst00__synth_split_src,bnb_flow_0x355b883736ca__synth_split_b,427.63362771599566,142.54454257199856,969,one_to_many,0.95,supervised_flow_pair,ETH,BNB,Poly,0x9e32b13ce7f2e80a01932b42553652e053d6ed8e,0xe552fb52a4f19e44ef5a967632dbc320b0820639,Metis,semi_synthetic_split,1,142.54454257199856,142.54454257199856,
eth_flow_0x7bb3a9dadbe1__r7fam22__inst00__synth_split_src,bnb_flow_0x355b883736ca__synth_split_c,427.63362771599566,142.54454257199856,969,one_to_many,0.95,supervised_flow_pair,ETH,BNB,Poly,0x9e32b13ce7f2e80a01932b42553652e053d6ed8e,0xe552fb52a4f19e44ef5a967632dbc320b0820639,Metis,semi_synthetic_split,1,142.54454257199856,142.54454257199856,
eth_flow_0x7bb3a9dadbe1__r7fam22__inst00__synth_merge_src1,bnb_flow_0x355b883736ca__synth_merge_dst,213.81681385799783,427.63362771599566,969,many_to_one,1.0,supervised_flow_pair,ETH,BNB,Poly,0x9e32b13ce7f2e80a01932b42553652e053d6ed8e,0xe552fb52a4f19e44ef5a967632dbc320b0820639,Metis,semi_synthetic_merge,,213.81681385799783,213.81681385799783,
eth_flow_0x7bb3a9dadbe1__r7fam22__inst00__synth_merge_src2,bnb_flow_0x355b883736ca__synth_merge_dst,213.81681385799783,427.63362771599566,969,many_to_one,1.0,supervised_flow_pair,ETH,BNB,Poly,0x9e32b13ce7f2e80a01932b42553652e053d6ed8e,0xe552fb52a4f19e44ef5a967632dbc320b0820639,Metis,semi_synthetic_merge,,213.81681385799783,213.81681385799783,
eth_flow_0x7bb3a9dadbe1__r7fam22__inst00__synth_unmatched_src,bnb_flow_0x355b883736ca__synth_hidden_dst,427.63362771599566,0,969,one_to_one,0.2,supervised_flow_pair,ETH,BNB,Poly,0x9e32b13ce7f2e80a01932b42553652e053d6ed8e,0xe552fb52a4f19e44ef5a967632dbc320b0820639,Metis,semi_synthetic_unmatched,,,0,0
eth_flow_0x7bb3a9dadbe1__r7fam22__inst00__synth_noise_src_0,bnb_flow_0x355b883736ca__synth_noise_dst_0,427.63362771599566,427.63362771599566,1029,one_to_one,0.2515,supervised_flow_pair,ETH,BNB,Poly,0x9e32b13ce7f2e80a01932b42553652e053d6ed8e,0xe552fb52a4f19e44ef5a967632dbc320b0820639,Metis,semi_synthetic_delay_noise,,,,
eth_flow_0x7bb3a9dadbe1__r7fam22__inst00__synth_noise_src_1,bnb_flow_0x355b883736ca__synth_noise_dst_1,427.63362771599566,427.63362771599566,1089,one_to_one,0.2292,supervised_flow_pair,ETH,BNB,Poly,0x9e32b13ce7f2e80a01932b42553652e053d6ed8e,0xe552fb52a4f19e44ef5a967632dbc320b0820639,Metis,semi_synthetic_delay_noise,,,,
eth_flow_0x59de110c613f__r7fam22__inst01__synth_split_src,bnb_flow_0xcf5c2522d640__synth_split_a,1631.5947228615712,543.8649076205237,919,one_to_many,0.95,supervised_flow_pair,ETH,BNB,Poly,0x9e32b13ce7f2e80a01932b42553652e053d6ed8e,0xe552fb52a4f19e44ef5a967632dbc320b0820639,Metis,semi_synthetic_split,1,543.8649076205237,543.8649076205237,
eth_flow_0x59de110c613f__r7fam22__inst01__synth_split_src,bnb_flow_0xcf5c2522d640__synth_split_b,1631.5947228615712,543.8649076205237,919,one_to_many,0.95,supervised_flow_pair,ETH,BNB,Poly,0x9e32b13ce7f2e80a01932b42553652e053d6ed8e,0xe552fb52a4f19e44ef5a967632dbc320b0820639,Metis,semi_synthetic_split,1,543.8649076205237,543.8649076205237,
eth_flow_0x59de110c613f__r7fam22__inst01__synth_split_src,bnb_flow_0xcf5c2522d640__synth_split_c,1631.5947228615712,543.8649076205237,919,one_to_many,0.95,supervised_flow_pair,ETH,BNB,Poly,0x9e32b13ce7f2e80a01932b42553652e053d6ed8e,0xe552fb52a4f19e44ef5a967632dbc320b0820639,Metis,semi_synthetic_split,1,543.8649076205237,543.8649076205237,
eth_flow_0x59de110c613f__r7fam22__inst01__synth_merge_src1,bnb_flow_0xcf5c2522d640__synth_merge_dst,815.7973614307856,1631.5947228615712,919,many_to_one,1.0,supervised_flow_pair,ETH,BNB,Poly,0x9e32b13ce7f2e80a01932b42553652e053d6ed8e,0xe552fb52a4f19e44ef5a967632dbc320b0820639,Metis,semi_synthetic_merge,,815.7973614307856,815.7973614307856,
eth_flow_0x59de110c613f__r7fam22__inst01__synth_merge_src2,bnb_flow_0xcf5c2522d640__synth_merge_dst,815.7973614307856,1631.5947228615712,919,many_to_one,1.0,supervised_flow_pair,ETH,BNB,Poly,0x9e32b13ce7f2e80a01932b42553652e053d6ed8e,0xe552fb52a4f19e44ef5a967632dbc320b0820639,Metis,semi_synthetic_merge,,815.7973614307856,815.7973614307856,
eth_flow_0x59de110c613f__r7fam22__inst01__synth_unmatched_src,bnb_flow_0xcf5c2522d640__synth_hidden_dst,1631.5947228615712,0,919,one_to_one,0.2,supervised_flow_pair,ETH,BNB,Poly,0x9e32b13ce7f2e80a01932b42553652e053d6ed8e,0xe552fb52a4f19e44ef5a967632dbc320b0820639,Metis,semi_synthetic_unmatched,,,0,0
eth_flow_0x59de110c613f__r7fam22__inst01__synth_noise_src_0,bnb_flow_0xcf5c2522d640__synth_noise_dst_0,1631.5947228615712,1631.5947228615712,979,one_to_one,0.2503,supervised_flow_pair,ETH,BNB,Poly,0x9e32b13ce7f2e80a01932b42553652e053d6ed8e,0xe552fb52a4f19e44ef5a967632dbc320b0820639,Metis,semi_synthetic_delay_noise,,,,
eth_flow_0x59de110c613f__r7fam22__inst01__synth_noise_src_1,bnb_flow_0xcf5c2522d640__synth_noise_dst_1,1631.5947228615712,1631.5947228615712,1039,one_to_one,0.2563,supervised_flow_pair,ETH,BNB,Poly,0x9e32b13ce7f2e80a01932b42553652e053d6ed8e,0xe552fb52a4f19e44ef5a967632dbc320b0820639,Metis,semi_synthetic_delay_noise,,,,
eth_flow_0x14382c95b4c9__r7fam23__inst00__synth_split_src,bnb_flow_0xe15d58259f7f__synth_split_a,437.8783793181129,72.97972988635215,1141,one_to_many,0.95,supervised_flow_pair,ETH,BNB,Poly,0x9e32b13ce7f2e80a01932b42553652e053d6ed8e,0xe552fb52a4f19e44ef5a967632dbc320b0820639,Metis,semi_synthetic_split,1,72.97972988635215,72.97972988635215,
eth_flow_0x14382c95b4c9__r7fam23__inst00__synth_split_src,bnb_flow_0xe15d58259f7f__synth_split_b,437.8783793181129,72.97972988635215,1141,one_to_many,0.95,supervised_flow_pair,ETH,BNB,Poly,0x9e32b13ce7f2e80a01932b42553652e053d6ed8e,0xe552fb52a4f19e44ef5a967632dbc320b0820639,Metis,semi_synthetic_split,1,72.97972988635215,72.97972988635215,
eth_flow_0x14382c95b4c9__r7fam23__inst00__synth_split_src,bnb_flow_0xe15d58259f7f__synth_split_c,437.8783793181129,72.97972988635215,1141,one_to_many,0.95,supervised_flow_pair,ETH,BNB,Poly,0x9e32b13ce7f2e80a01932b42553652e053d6ed8e,0xe552fb52a4f19e44ef5a967632dbc320b0820639,Metis,semi_synthetic_split,1,72.97972988635215,72.97972988635215,
eth_flow_0x14382c95b4c9__r7fam23__inst00__synth_split_src,bnb_flow_0xe15d58259f7f__synth_split_d,437.8783793181129,72.97972988635215,1141,one_to_many,0.95,supervised_flow_pair,ETH,BNB,Poly,0x9e32b13ce7f2e80a01932b42553652e053d6ed8e,0xe552fb52a4f19e44ef5a967632dbc320b0820639,Metis,semi_synthetic_split,1,72.97972988635215,72.97972988635215,
eth_flow_0x14382c95b4c9__r7fam23__inst00__synth_split_src,bnb_flow_0xe15d58259f7f__synth_split_e,437.8783793181129,72.97972988635215,1141,one_to_many,0.95,supervised_flow_pair,ETH,BNB,Poly,0x9e32b13ce7f2e80a01932b42553652e053d6ed8e,0xe552fb52a4f19e44ef5a967632dbc320b0820639,Metis,semi_synthetic_split,1,72.97972988635215,72.97972988635215,
eth_flow_0x14382c95b4c9__r7fam23__inst00__synth_split_src,bnb_flow_0xe15d58259f7f__synth_split_f,437.8783793181129,72.97972988635215,1141,one_to_many,0.95,supervised_flow_pair,ETH,BNB,Poly,0x9e32b13ce7f2e80a01932b42553652e053d6ed8e,0xe552fb52a4f19e44ef5a967632dbc320b0820639,Metis,semi_synthetic_split,1,72.97972988635215,72.97972988635215,
eth_flow_0x14382c95b4c9__r7fam23__inst00__synth_merge_src1,bnb_flow_0xe15d58259f7f__synth_merge_dst,218.93918965905644,437.8783793181129,1141,many_to_one,1.0,supervised_flow_pair,ETH,BNB,Poly,0x9e32b13ce7f2e80a01932b42553652e053d6ed8e,0xe552fb52a4f19e44ef5a967632dbc320b0820639,Metis,semi_synthetic_merge,,218.93918965905644,218.93918965905644,
eth_flow_0x14382c95b4c9__r7fam23__inst00__synth_merge_src2,bnb_flow_0xe15d58259f7f__synth_merge_dst,218.93918965905644,437.8783793181129,1141,many_to_one,1.0,supervised_flow_pair,ETH,BNB,Poly,0x9e32b13ce7f2e80a01932b42553652e053d6ed8e,0xe552fb52a4f19e44ef5a967632dbc320b0820639,Metis,semi_synthetic_merge,,218.93918965905644,218.93918965905644,
eth_flow_0x14382c95b4c9__r7fam23__inst00__synth_unmatched_src,bnb_flow_0xe15d58259f7f__synth_hidden_dst,437.8783793181129,0,1141,one_to_one,0.2,supervised_flow_pair,ETH,BNB,Poly,0x9e32b13ce7f2e80a01932b42553652e053d6ed8e,0xe552fb52a4f19e44ef5a967632dbc320b0820639,Metis,semi_synthetic_unmatched,,,0,0
eth_flow_0x14382c95b4c9__r7fam23__inst00__synth_noise_src_0,bnb_flow_0xe15d58259f7f__synth_noise_dst_0,437.8783793181129,437.8783793181129,1201,one_to_one,0.2337,supervised_flow_pair,ETH,BNB,Poly,0x9e32b13ce7f2e80a01932b42553652e053d6ed8e,0xe552fb52a4f19e44ef5a967632dbc320b0820639,Metis,semi_synthetic_delay_noise,,,,
eth_flow_0x14382c95b4c9__r7fam23__inst00__synth_noise_src_1,bnb_flow_0xe15d58259f7f__synth_noise_dst_1,437.8783793181129,437.8783793181129,1261,one_to_one,0.255,supervised_flow_pair,ETH,BNB,Poly,0x9e32b13ce7f2e80a01932b42553652e053d6ed8e,0xe552fb52a4f19e44ef5a967632dbc320b0820639,Metis,semi_synthetic_delay_noise,,,,
eth_flow_0x2c71175a2658__r7fam23__inst01__synth_split_src,bnb_flow_0xfe4f2cb6fbd3__synth_split_a,422.48637316782646,211.24318658391323,1142,one_to_many,0.95,supervised_flow_pair,ETH,BNB,Poly,0x9e32b13ce7f2e80a01932b42553652e053d6ed8e,0xe552fb52a4f19e44ef5a967632dbc320b0820639,Metis,semi_synthetic_split,1,211.24318658391323,211.24318658391323,
eth_flow_0x2c71175a2658__r7fam23__inst01__synth_split_src,bnb_flow_0xfe4f2cb6fbd3__synth_split_b,422.48637316782646,211.24318658391323,1142,one_to_many,0.95,supervised_flow_pair,ETH,BNB,Poly,0x9e32b13ce7f2e80a01932b42553652e053d6ed8e,0xe552fb52a4f19e44ef5a967632dbc320b0820639,Metis,semi_synthetic_split,1,211.24318658391323,211.24318658391323,
eth_flow_0x2c71175a2658__r7fam23__inst01__synth_merge_src1,bnb_flow_0xfe4f2cb6fbd3__synth_merge_dst,211.24318658391323,422.48637316782646,1142,many_to_one,1.0,supervised_flow_pair,ETH,BNB,Poly,0x9e32b13ce7f2e80a01932b42553652e053d6ed8e,0xe552fb52a4f19e44ef5a967632dbc320b0820639,Metis,semi_synthetic_merge,,211.24318658391323,211.24318658391323,
eth_flow_0x2c71175a2658__r7fam23__inst01__synth_merge_src2,bnb_flow_0xfe4f2cb6fbd3__synth_merge_dst,211.24318658391323,422.48637316782646,1142,many_to_one,1.0,supervised_flow_pair,ETH,BNB,Poly,0x9e32b13ce7f2e80a01932b42553652e053d6ed8e,0xe552fb52a4f19e44ef5a967632dbc320b0820639,Metis,semi_synthetic_merge,,211.24318658391323,211.24318658391323,
eth_flow_0x2c71175a2658__r7fam23__inst01__synth_unmatched_src,bnb_flow_0xfe4f2cb6fbd3__synth_hidden_dst,422.48637316782646,0,1142,one_to_one,0.2,supervised_flow_pair,ETH,BNB,Poly,0x9e32b13ce7f2e80a01932b42553652e053d6ed8e,0xe552fb52a4f19e44ef5a967632dbc320b0820639,Metis,semi_synthetic_unmatched,,,0,0
eth_flow_0x2c71175a2658__r7fam23__inst01__synth_noise_src_0,bnb_flow_0xfe4f2cb6fbd3__synth_noise_dst_0,422.48637316782646,422.48637316782646,1202,one_to_one,0.2224,supervised_flow_pair,ETH,BNB,Poly,0x9e32b13ce7f2e80a01932b42553652e053d6ed8e,0xe552fb52a4f19e44ef5a967632dbc320b0820639,Metis,semi_synthetic_delay_noise,,,,
eth_flow_0x2c71175a2658__r7fam23__inst01__synth_noise_src_1,bnb_flow_0xfe4f2cb6fbd3__synth_noise_dst_1,422.48637316782646,422.48637316782646,1262,one_to_one,0.236,supervised_flow_pair,ETH,BNB,Poly,0x9e32b13ce7f2e80a01932b42553652e053d6ed8e,0xe552fb52a4f19e44ef5a967632dbc320b0820639,Metis,semi_synthetic_delay_noise,,,,
