chain,flow_id,tx_hashes,address_set,primary_address,token_contracts,token_symbols,asset_group,route_id,start_time,end_time,tx_count,raw_amount_sum,human_amount_sum,usd_amount_sum,aml_score_mean,aml_score_max,evidence_quality_mean,flow_construction_rule,bridge
ETH,eth_flow_970c43df216d48__r7fam00__inst00__synth_split_src,0xc5ee3698ee57a071457f404970d9c84f82ad36cc079bbfdb411e1bbab4ed2a62,0x5427fefa711eff984124bfbb1ab6fbf5e3da1820|0xc02aaa39b223fe8d0a0e5c4f27ead9083c756cc2,0x5427fefa711eff984124bfbb1ab6fbf5e3da1820,,NATIVE,token:NATIVE,0xc5ee3698ee57a071457f404970d9c84f82ad36cc079bbfdb411e1bbab4ed2a62_0_native_,1638519144,1638519144,1,8.08e+18,8.08,8.08,0.000000,0.000000,0.775000,tx_agg_rolling_1800s_same_asset_group_or_route,Celer
ETH,eth_flow_970c43df216d48__r7fam00__inst00__synth_merge_src1,0xc5ee3698ee57a071457f404970d9c84f82ad36cc079bbfdb411e1bbab4ed2a62,0x5427fefa711eff984124bfbb1ab6fbf5e3da1820|0xc02aaa39b223fe8d0a0e5c4f27ead9083c756cc2,0x5427fefa711eff984124bfbb1ab6fbf5e3da1820,,NATIVE,token:NATIVE,0xc5ee3698ee57a071457f404970d9c84f82ad36cc079bbfdb411e1bbab4ed2a62_0_native_,1638519144,1638519144,1,4.04e+18,4.04,4.04,0.000000,0.000000,0.775000,tx_agg_rolling_1800s_same_asset_group_or_route,Celer
ETH,eth_flow_970c43df216d48__r7fam00__inst00__synth_merge_src2,0xc5ee3698ee57a071457f404970d9c84f82ad36cc079bbfdb411e1bbab4ed2a62,0x5427fefa711eff984124bfbb1ab6fbf5e3da1820|0xc02aaa39b223fe8d0a0e5c4f27ead9083c756cc2,0x5427fefa711eff984124bfbb1ab6fbf5e3da1820,,NATIVE,token:NATIVE,0xc5ee3698ee57a071457f404970d9c84f82ad36cc079bbfdb411e1bbab4ed2a62_0_native_,1638519144,1638519144,1,4.04e+18,4.04,4.04,0.000000,0.000000,0.775000,tx_agg_rolling_1800s_same_asset_group_or_route,Celer
ETH,eth_flow_970c43df216d48__r7fam00__inst00__synth_unmatched_src,0xc5ee3698ee57a071457f404970d9c84f82ad36cc079bbfdb411e1bbab4ed2a62,0x5427fefa711eff984124bfbb1ab6fbf5e3da1820|0xc02aaa39b223fe8d0a0e5c4f27ead9083c756cc2,0x5427fefa711eff984124bfbb1ab6fbf5e3da1820,,NATIVE,token:NATIVE,0xc5ee3698ee57a071457f404970d9c84f82ad36cc079bbfdb411e1bbab4ed2a62_0_native_,1638519144,1638519144,1,8.08e+18,8.08,8.08,0.000000,0.000000,0.775000,tx_agg_rolling_1800s_same_asset_group_or_route,Celer
ETH,eth_flow_970c43df216d48__r7fam00__inst00__synth_noise_src_0,0xc5ee3698ee57a071457f404970d9c84f82ad36cc079bbfdb411e1bbab4ed2a62,0x5427fefa711eff984124bfbb1ab6fbf5e3da1820|0xc02aaa39b223fe8d0a0e5c4f27ead9083c756cc2,0x5427fefa711eff984124bfbb1ab6fbf5e3da1820,,NATIVE,token:NATIVE,0xc5ee3698ee57a071457f404970d9c84f82ad36cc079bbfdb411e1bbab4ed2a62_0_native_,1638519144,1638519144,1,8.08e+18,8.08,8.08,0.000000,0.000000,0.775000,tx_agg_rolling_1800s_same_asset_group_or_route,Celer
ETH,eth_flow_970c43df216d48__r7fam00__inst00__synth_noise_src_1,0xc5ee3698ee57a071457f404970d9c84f82ad36cc079bbfdb411e1bbab4ed2a62,0x5427fefa711eff984124bfbb1ab6fbf5e3da1820|0xc02aaa39b223fe8d0a0e5c4f27ead9083c756cc2,0x5427fefa711eff984124bfbb1ab6fbf5e3da1820,,NATIVE,token:NATIVE,0xc5ee3698ee57a071457f404970d9c84f82ad36cc079bbfdb411e1bbab4ed2a62_0_native_,1638519144,1638519144,1,8.08e+18,8.08,8.08,0.000000,0.000000,0.775000,tx_agg_rolling_1800s_same_asset_group_or_route,Celer
ETH,eth_flow_674d476cd6fe46__r7fam00__inst01__synth_split_src,0x00e70775dbf4d0a7a994ccb3528d26584e532683901bad02628b7a4f567553c0,0x5427fefa711eff984124bfbb1ab6fbf5e3da1820|0xb815d8541c0ab5270508df2c6f57a26a3e839236,0xb815d8541c0ab5270508df2c6f57a26a3e839236,0xdac17f958d2ee523a2206206994597c13d831ec7,USDT,stable:USDT,0x00e70775dbf4d0a7a994ccb3528d26584e532683901bad02628b7a4f567553c0_None_USDT_0xdac17f958d2ee523a2206206994597c13d831ec7,1638961760,1638961760,1,21000000.0,21.0,21.0,0.000000,0.000000,0.775000,tx_agg_rolling_1800s_same_asset_group_or_route,Celer
ETH,eth_flow_674d476cd6fe46__r7fam00__inst01__synth_merge_src1,0x00e70775dbf4d0a7a994ccb3528d26584e532683901bad02628b7a4f567553c0,0x5427fefa711eff984124bfbb1ab6fbf5e3da1820|0xb815d8541c0ab5270508df2c6f57a26a3e839236,0xb815d8541c0ab5270508df2c6f57a26a3e839236,0xdac17f958d2ee523a2206206994597c13d831ec7,USDT,stable:USDT,0x00e70775dbf4d0a7a994ccb3528d26584e532683901bad02628b7a4f567553c0_None_USDT_0xdac17f958d2ee523a2206206994597c13d831ec7,1638961760,1638961760,1,10500000.0,10.5,10.5,0.000000,0.000000,0.775000,tx_agg_rolling_1800s_same_asset_group_or_route,Celer
ETH,eth_flow_674d476cd6fe46__r7fam00__inst01__synth_merge_src2,0x00e70775dbf4d0a7a994ccb3528d26584e532683901bad02628b7a4f567553c0,0x5427fefa711eff984124bfbb1ab6fbf5e3da1820|0xb815d8541c0ab5270508df2c6f57a26a3e839236,0xb815d8541c0ab5270508df2c6f57a26a3e839236,0xdac17f958d2ee523a2206206994597c13d831ec7,USDT,stable:USDT,0x00e70775dbf4d0a7a994ccb3528d26584e532683901bad02628b7a4f567553c0_None_USDT_0xdac17f958d2ee523a2206206994597c13d831ec7,1638961760,1638961760,1,10500000.0,10.5,10.5,0.000000,0.000000,0.775000,tx_agg_rolling_1800s_same_asset_group_or_route,Celer
ETH,eth_flow_674d476cd6fe46__r7fam00__inst01__synth_unmatched_src,0x00e70775dbf4d0a7a994ccb3528d26584e532683901bad02628b7a4f567553c0,0x5427fefa711eff984124bfbb1ab6fbf5e3da1820|0xb815d8541c0ab5270508df2c6f57a26a3e839236,0xb815d8541c0ab5270508df2c6f57a26a3e839236,0xdac17f958d2ee523a2206206994597c13d831ec7,USDT,stable:USDT,0x00e70775dbf4d0a7a994ccb3528d26584e532683901bad02628b7a4f567553c0_None_USDT_0xdac17f958d2ee523a2206206994597c13d831ec7,1638961760,1638961760,1,21000000.0,21.0,21.0,0.000000,0.000000,0.775000,tx_agg_rolling_1800s_same_asset_group_or_route,Celer
ETH,eth_flow_674d476cd6fe46__r7fam00__inst01__synth_noise_src_0,0x00e70775dbf4d0a7a994ccb3528d26584e532683901bad02628b7a4f567553c0,0x5427fefa711eff984124bfbb1ab6fbf5e3da1820|0xb815d8541c0ab5270508df2c6f57a26a3e839236,0xb815d8541c0ab5270508df2c6f57a26a3e839236,0xdac17f958d2ee523a2206206994597c13d831ec7,USDT,stable:USDT,0x00e70775dbf4d0a7a994ccb3528d26584e532683901bad02628b7a4f567553c0_None_USDT_0xdac17f958d2ee523a2206206994597c13d831ec7,1638961760,1638961760,1,21000000.0,21.0,21.0,0.000000,0.000000,0.775000,tx_agg_rolling_1800s_same_asset_group_or_route,Celer
ETH,eth_flow_674d476cd6fe46__r7fam00__inst01__synth_noise_src_1,0x00e70775dbf4d0a7a994ccb3528d26584e532683901bad02628b7a4f567553c0,0x5427fefa711eff984124bfbb1ab6fbf5e3da1820|0xb815d8541c0ab5270508df2c6f57a26a3e839236,0xb815d8541c0ab5270508df2c6f57a26a3e839236,0xdac17f958d2ee523a2206206994597c13d831ec7,USDT,stable:USDT,0x00e70775dbf4d0a7a994ccb3528d26584e532683901bad02628b7a4f567553c0_None_USDT_0xdac17f958d2ee523a2206206994597c13d831ec7,1638961760,1638961760,1,21000000.0,21.0,21.0,0.000000,0.000000,0.775000,tx_agg_rolling_1800s_same_asset_group_or_route,Celer
ETH,eth_flow_b0aac4c80e0e49__r7fam01__inst00__synth_split_src,0x5858b7d18736d5f094a4117ec2f062f6bf5579c233cb8a3e374b737763a76a2a,0x5427fefa711eff984124bfbb1ab6fbf5e3da1820|0xdea447718e51a2c01f91255d68373812d3ec3dae,0xdea447718e51a2c01f91255d68373812d3ec3dae,0xdac17f958d2ee523a2206206994597c13d831ec7,USDT,stable:USDT,0x5858b7d18736d5f094a4117ec2f062f6bf5579c233cb8a3e374b737763a76a2a_None_USDT_0xdac17f958d2ee523a2206206994597c13d831ec7,1639745074,1639745074,1,158424386.0,158.424386,158.424386,0.000000,0.000000,0.750000,tx_agg_rolling_1800s_same_asset_group_or_route,Celer
ETH,eth_flow_b0aac4c80e0e49__r7fam01__inst00__synth_merge_src1,0x5858b7d18736d5f094a4117ec2f062f6bf5579c233cb8a3e374b737763a76a2a,0x5427fefa711eff984124bfbb1ab6fbf5e3da1820|0xdea447718e51a2c01f91255d68373812d3ec3dae,0xdea447718e51a2c01f91255d68373812d3ec3dae,0xdac17f958d2ee523a2206206994597c13d831ec7,USDT,stable:USDT,0x5858b7d18736d5f094a4117ec2f062f6bf5579c233cb8a3e374b737763a76a2a_None_USDT_0xdac17f958d2ee523a2206206994597c13d831ec7,1639745074,1639745074,1,79212193.0,79.212193,79.212193,0.000000,0.000000,0.750000,tx_agg_rolling_1800s_same_asset_group_or_route,Celer
ETH,eth_flow_b0aac4c80e0e49__r7fam01__inst00__synth_merge_src2,0x5858b7d18736d5f094a4117ec2f062f6bf5579c233cb8a3e374b737763a76a2a,0x5427fefa711eff984124bfbb1ab6fbf5e3da1820|0xdea447718e51a2c01f91255d68373812d3ec3dae,0xdea447718e51a2c01f91255d68373812d3ec3dae,0xdac17f958d2ee523a2206206994597c13d831ec7,USDT,stable:USDT,0x5858b7d18736d5f094a4117ec2f062f6bf5579c233cb8a3e374b737763a76a2a_None_USDT_0xdac17f958d2ee523a2206206994597c13d831ec7,1639745074,1639745074,1,79212193.0,79.212193,79.212193,0.000000,0.000000,0.750000,tx_agg_rolling_1800s_same_asset_group_or_route,Celer
ETH,eth_flow_b0aac4c80e0e49__r7fam01__inst00__synth_unmatched_src,0x5858b7d18736d5f094a4117ec2f062f6bf5579c233cb8a3e374b737763a76a2a,0x5427fefa711eff984124bfbb1ab6fbf5e3da1820|0xdea447718e51a2c01f91255d68373812d3ec3dae,0xdea447718e51a2c01f91255d68373812d3ec3dae,0xdac17f958d2ee523a2206206994597c13d831ec7,USDT,stable:USDT,0x5858b7d18736d5f094a4117ec2f062f6bf5579c233cb8a3e374b737763a76a2a_None_USDT_0xdac17f958d2ee523a2206206994597c13d831ec7,1639745074,1639745074,1,158424386.0,158.424386,158.424386,0.000000,0.000000,0.750000,tx_agg_rolling_1800s_same_asset_group_or_route,Celer
ETH,eth_flow_b0aac4c80e0e49__r7fam01__inst00__synth_noise_src_0,0x5858b7d18736d5f094a4117ec2f062f6bf5579c233cb8a3e374b737763a76a2a,0x5427fefa711eff984124bfbb1ab6fbf5e3da1820|0xdea447718e51a2c01f91255d68373812d3ec3dae,0xdea447718e51a2c01f91255d68373812d3ec3dae,0xdac17f958d2ee523a2206206994597c13d831ec7,USDT,stable:USDT,0x5858b7d18736d5f094a4117ec2f062f6bf5579c233cb8a3e374b737763a76a2a_None_USDT_0xdac17f958d2ee523a2206206994597c13d831ec7,1639745074,1639745074,1,158424386.0,158.424386,158.424386,0.000000,0.000000,0.750000,tx_agg_rolling_1800s_same_asset_group_or_route,Celer
ETH,eth_flow_b0aac4c80e0e49__r7fam01__inst00__synth_noise_src_1,0x5858b7d18736d5f094a4117ec2f062f6bf5579c233cb8a3e374b737763a76a2a,0x5427fefa711eff984124bfbb1ab6fbf5e3da1820|0xdea447718e51a2c01f91255d68373812d3ec3dae,0xdea447718e51a2c01f91255d68373812d3ec3dae,0xdac17f958d2ee523a2206206994597c13d831ec7,USDT,stable:USDT,0x5858b7d18736d5f094a4117ec2f062f6bf5579c233cb8a3e374b737763a76a2a_None_USDT_0xdac17f958d2ee523a2206206994597c13d831ec7,1639745074,1639745074,1,158424386.0,158.424386,158.424386,0.000000,0.000000,0.750000,tx_agg_rolling_1800s_same_asset_group_or_route,Celer
ETH,eth_flow_c9dd2722251042__r7fam01__inst01__synth_split_src,0xc60516e9c4e3aa139a4c7e47f228cf410c98063c39a977a24ca00da0fb9bb115,0x0ea0ddcad378d367500f722bed63531ed322e4a2|0x5427fefa711eff984124bfbb1ab6fbf5e3da1820,0x0ea0ddcad378d367500f722bed63531ed322e4a2,0xdac17f958d2ee523a2206206994597c13d831ec7,USDT,stable:USDT,0xc60516e9c4e3aa139a4c7e47f228cf410c98063c39a977a24ca00da0fb9bb115_None_USDT_0xdac17f958d2ee523a2206206994597c13d831ec7,1639412127,1639412127,1,145000000.0,145.0,145.0,0.000000,0.000000,0.800000,tx_agg_rolling_1800s_same_asset_group_or_route,Celer
ETH,eth_flow_c9dd2722251042__r7fam01__inst01__synth_merge_src1,0xc60516e9c4e3aa139a4c7e47f228cf410c98063c39a977a24ca00da0fb9bb115,0x0ea0ddcad378d367500f722bed63531ed322e4a2|0x5427fefa711eff984124bfbb1ab6fbf5e3da1820,0x0ea0ddcad378d367500f722bed63531ed322e4a2,0xdac17f958d2ee523a2206206994597c13d831ec7,USDT,stable:USDT,0xc60516e9c4e3aa139a4c7e47f228cf410c98063c39a977a24ca00da0fb9bb115_None_USDT_0xdac17f958d2ee523a2206206994597c13d831ec7,1639412127,1639412127,1,72500000.0,72.5,72.5,0.000000,0.000000,0.800000,tx_agg_rolling_1800s_same_asset_group_or_route,Celer
ETH,eth_flow_c9dd2722251042__r7fam01__inst01__synth_merge_src2,0xc60516e9c4e3aa139a4c7e47f228cf410c98063c39a977a24ca00da0fb9bb115,0x0ea0ddcad378d367500f722bed63531ed322e4a2|0x5427fefa711eff984124bfbb1ab6fbf5e3da1820,0x0ea0ddcad378d367500f722bed63531ed322e4a2,0xdac17f958d2ee523a2206206994597c13d831ec7,USDT,stable:USDT,0xc60516e9c4e3aa139a4c7e47f228cf410c98063c39a977a24ca00da0fb9bb115_None_USDT_0xdac17f958d2ee523a2206206994597c13d831ec7,1639412127,1639412127,1,72500000.0,72.5,72.5,0.000000,0.000000,0.800000,tx_agg_rolling_1800s_same_asset_group_or_route,Celer
ETH,eth_flow_c9dd2722251042__r7fam01__inst01__synth_unmatched_src,0xc60516e9c4e3aa139a4c7e47f228cf410c98063c39a977a24ca00da0fb9bb115,0x0ea0ddcad378d367500f722bed63531ed322e4a2|0x5427fefa711eff984124bfbb1ab6fbf5e3da1820,0x0ea0ddcad378d367500f722bed63531ed322e4a2,0xdac17f958d2ee523a2206206994597c13d831ec7,USDT,stable:USDT,0xc60516e9c4e3aa139a4c7e47f228cf410c98063c39a977a24ca00da0fb9bb115_None_USDT_0xdac17f958d2ee523a2206206994597c13d831ec7,1639412127,1639412127,1,145000000.0,145.0,145.0,0.000000,0.000000,0.800000,tx_agg_rolling_1800s_same_asset_group_or_route,Celer
ETH,eth_flow_c9dd2722251042__r7fam01__inst01__synth_noise_src_0,0xc60516e9c4e3aa139a4c7e47f228cf410c98063c39a977a24ca00da0fb9bb115,0x0ea0ddcad378d367500f722bed63531ed322e4a2|0x5427fefa711eff984124bfbb1ab6fbf5e3da1820,0x0ea0ddcad378d367500f722bed63531ed322e4a2,0xdac17f958d2ee523a2206206994597c13d831ec7,USDT,stable:USDT,0xc60516e9c4e3aa139a4c7e47f228cf410c98063c39a977a24ca00da0fb9bb115_None_USDT_0xdac17f958d2ee523a2206206994597c13d831ec7,1639412127,1639412127,1,145000000.0,145.0,145.0,0.000000,0.000000,0.800000,tx_agg_rolling_1800s_same_asset_group_or_route,Celer
ETH,eth_flow_c9dd2722251042__r7fam01__inst01__synth_noise_src_1,0xc60516e9c4e3aa139a4c7e47f228cf410c98063c39a977a24ca00da0fb9bb115,0x0ea0ddcad378d367500f722bed63531ed322e4a2|0x5427fefa711eff984124bfbb1ab6fbf5e3da1820,0x0ea0ddcad378d367500f722bed63531ed322e4a2,0xdac17f958d2ee523a2206206994597c13d831ec7,USDT,stable:USDT,0xc60516e9c4e3aa139a4c7e47f228cf410c98063c39a977a24ca00da0fb9bb115_None_USDT_0xdac17f958d2ee523a2206206994597c13d831ec7,1639412127,1639412127,1,145000000.0,145.0,145.0,0.000000,0.000000,0.800000,tx_agg_rolling_1800s_same_asset_group_or_route,Celer
ETH,eth_flow_71154ae9976a4e__r7fam02__inst00__synth_split_src,0x71054261a900592470254d45518854cd23fc84216bed25213b2879f461456e1a,0x5427fefa711eff984124bfbb1ab6fbf5e3da1820|0xcb3bbac635b0b1a8e356831e86b494f1738cbbc0,0xcb3bbac635b0b1a8e356831e86b494f1738cbbc0,0x4fabb145d64652a948d72533023f6e7a623c7c53,BUSD,stable:BUSD,0x71054261a900592470254d45518854cd23fc84216bed25213b2879f461456e1a_None_BUSD_0x4fabb145d64652a948d72533023f6e7a623c7c53,1639047860,1639047860,1,8.511999989e+19,85.11999989,85.11999989,11.627907,11.627907,0.800000,tx_agg_rolling_1800s_same_asset_group_or_route,Celer
ETH,eth_flow_71154ae9976a4e__r7fam02__inst00__synth_merge_src1,0x71054261a900592470254d45518854cd23fc84216bed25213b2879f461456e1a,0x5427fefa711eff984124bfbb1ab6fbf5e3da1820|0xcb3bbac635b0b1a8e356831e86b494f1738cbbc0,0xcb3bbac635b0b1a8e356831e86b494f1738cbbc0,0x4fabb145d64652a948d72533023f6e7a623c7c53,BUSD,stable:BUSD,0x71054261a900592470254d45518854cd23fc84216bed25213b2879f461456e1a_None_BUSD_0x4fabb145d64652a948d72533023f6e7a623c7c53,1639047860,1639047860,1,4.2559999945e+19,42.559999945,42.559999945,11.627907,11.627907,0.800000,tx_agg_rolling_1800s_same_asset_group_or_route,Celer
ETH,eth_flow_71154ae9976a4e__r7fam02__inst00__synth_merge_src2,0x71054261a900592470254d45518854cd23fc84216bed25213b2879f461456e1a,0x5427fefa711eff984124bfbb1ab6fbf5e3da1820|0xcb3bbac635b0b1a8e356831e86b494f1738cbbc0,0xcb3bbac635b0b1a8e356831e86b494f1738cbbc0,0x4fabb145d64652a948d72533023f6e7a623c7c53,BUSD,stable:BUSD,0x71054261a900592470254d45518854cd23fc84216bed25213b2879f461456e1a_None_BUSD_0x4fabb145d64652a948d72533023f6e7a623c7c53,1639047860,1639047860,1,4.2559999945e+19,42.559999945,42.559999945,11.627907,11.627907,0.800000,tx_agg_rolling_1800s_same_asset_group_or_route,Celer
ETH,eth_flow_71154ae9976a4e__r7fam02__inst00__synth_unmatched_src,0x71054261a900592470254d45518854cd23fc84216bed25213b2879f461456e1a,0x5427fefa711eff984124bfbb1ab6fbf5e3da1820|0xcb3bbac635b0b1a8e356831e86b494f1738cbbc0,0xcb3bbac635b0b1a8e356831e86b494f1738cbbc0,0x4fabb145d64652a948d72533023f6e7a623c7c53,BUSD,stable:BUSD,0x71054261a900592470254d45518854cd23fc84216bed25213b2879f461456e1a_None_BUSD_0x4fabb145d64652a948d72533023f6e7a623c7c53,1639047860,1639047860,1,8.511999989e+19,85.11999989,85.11999989,11.627907,11.627907,0.800000,tx_agg_rolling_1800s_same_asset_group_or_route,Celer
ETH,eth_flow_71154ae9976a4e__r7fam02__inst00__synth_noise_src_0,0x71054261a900592470254d45518854cd23fc84216bed25213b2879f461456e1a,0x5427fefa711eff984124bfbb1ab6fbf5e3da1820|0xcb3bbac635b0b1a8e356831e86b494f1738cbbc0,0xcb3bbac635b0b1a8e356831e86b494f1738cbbc0,0x4fabb145d64652a948d72533023f6e7a623c7c53,BUSD,stable:BUSD,0x71054261a900592470254d45518854cd23fc84216bed25213b2879f461456e1a_None_BUSD_0x4fabb145d64652a948d72533023f6e7a623c7c53,1639047860,1639047860,1,8.511999989e+19,85.11999989,85.11999989,11.627907,11.627907,0.800000,tx_agg_rolling_1800s_same_asset_group_or_route,Celer
ETH,eth_flow_71154ae9976a4e__r7fam02__inst00__synth_noise_src_1,0x71054261a900592470254d45518854cd23fc84216bed25213b2879f461456e1a,0x5427fefa711eff984124bfbb1ab6fbf5e3da1820|0xcb3bbac635b0b1a8e356831e86b494f1738cbbc0,0xcb3bbac635b0b1a8e356831e86b494f1738cbbc0,0x4fabb145d64652a948d72533023f6e7a623c7c53,BUSD,stable:BUSD,0x71054261a900592470254d45518854cd23fc84216bed25213b2879f461456e1a_None_BUSD_0x4fabb145d64652a948d72533023f6e7a623c7c53,1639047860,1639047860,1,8.511999989e+19,85.11999989,85.11999989,11.627907,11.627907,0.800000,tx_agg_rolling_1800s_same_asset_group_or_route,Celer
ETH,eth_flow_de7ae2d1c0cd4b__r7fam02__inst01__synth_split_src,0x30976b72ef02d07b9eb590b7fb797bb221d8d4453631b38a8357bc1da76f6fb2,0x5427fefa711eff984124bfbb1ab6fbf5e3da1820|0xc02aaa39b223fe8d0a0e5c4f27ead9083c756cc2,0x5427fefa711eff984124bfbb1ab6fbf5e3da1820,,NATIVE,token:NATIVE,0x30976b72ef02d07b9eb590b7fb797bb221d8d4453631b38a8357bc1da76f6fb2_0_native_,1639061537,1639061537,1,1.4e+19,14.0,14.0,4.651163,4.651163,0.775000,tx_agg_rolling_1800s_same_asset_group_or_route,Celer
ETH,eth_flow_de7ae2d1c0cd4b__r7fam02__inst01__synth_merge_src1,0x30976b72ef02d07b9eb590b7fb797bb221d8d4453631b38a8357bc1da76f6fb2,0x5427fefa711eff984124bfbb1ab6fbf5e3da1820|0xc02aaa39b223fe8d0a0e5c4f27ead9083c756cc2,0x5427fefa711eff984124bfbb1ab6fbf5e3da1820,,NATIVE,token:NATIVE,0x30976b72ef02d07b9eb590b7fb797bb221d8d4453631b38a8357bc1da76f6fb2_0_native_,1639061537,1639061537,1,7e+18,7.0,7.0,4.651163,4.651163,0.775000,tx_agg_rolling_1800s_same_asset_group_or_route,Celer
ETH,eth_flow_de7ae2d1c0cd4b__r7fam02__inst01__synth_merge_src2,0x30976b72ef02d07b9eb590b7fb797bb221d8d4453631b38a8357bc1da76f6fb2,0x5427fefa711eff984124bfbb1ab6fbf5e3da1820|0xc02aaa39b223fe8d0a0e5c4f27ead9083c756cc2,0x5427fefa711eff984124bfbb1ab6fbf5e3da1820,,NATIVE,token:NATIVE,0x30976b72ef02d07b9eb590b7fb797bb221d8d4453631b38a8357bc1da76f6fb2_0_native_,1639061537,1639061537,1,7e+18,7.0,7.0,4.651163,4.651163,0.775000,tx_agg_rolling_1800s_same_asset_group_or_route,Celer
ETH,eth_flow_de7ae2d1c0cd4b__r7fam02__inst01__synth_unmatched_src,0x30976b72ef02d07b9eb590b7fb797bb221d8d4453631b38a8357bc1da76f6fb2,0x5427fefa711eff984124bfbb1ab6fbf5e3da1820|0xc02aaa39b223fe8d0a0e5c4f27ead9083c756cc2,0x5427fefa711eff984124bfbb1ab6fbf5e3da1820,,NATIVE,token:NATIVE,0x30976b72ef02d07b9eb590b7fb797bb221d8d4453631b38a8357bc1da76f6fb2_0_native_,1639061537,1639061537,1,1.4e+19,14.0,14.0,4.651163,4.651163,0.775000,tx_agg_rolling_1800s_same_asset_group_or_route,Celer
ETH,eth_flow_de7ae2d1c0cd4b__r7fam02__inst01__synth_noise_src_0,0x30976b72ef02d07b9eb590b7fb797bb221d8d4453631b38a8357bc1da76f6fb2,0x5427fefa711eff984124bfbb1ab6fbf5e3da1820|0xc02aaa39b223fe8d0a0e5c4f27ead9083c756cc2,0x5427fefa711eff984124bfbb1ab6fbf5e3da1820,,NATIVE,token:NATIVE,0x30976b72ef02d07b9eb590b7fb797bb221d8d4453631b38a8357bc1da76f6fb2_0_native_,1639061537,1639061537,1,1.4e+19,14.0,14.0,4.651163,4.651163,0.775000,tx_agg_rolling_1800s_same_asset_group_or_route,Celer
ETH,eth_flow_de7ae2d1c0cd4b__r7fam02__inst01__synth_noise_src_1,0x30976b72ef02d07b9eb590b7fb797bb221d8d4453631b38a8357bc1da76f6fb2,0x5427fefa711eff984124bfbb1ab6fbf5e3da1820|0xc02aaa39b223fe8d0a0e5c4f27ead9083c756cc2,0x5427fefa711eff984124bfbb1ab6fbf5e3da1820,,NATIVE,token:NATIVE,0x30976b72ef02d07b9eb590b7fb797bb221d8d4453631b38a8357bc1da76f6fb2_0_native_,1639061537,1639061537,1,1.4e+19,14.0,14.0,4.651163,4.651163,0.775000,tx_agg_rolling_1800s_same_asset_group_or_route,Celer
ETH,eth_flow_e337d3e4a44e42__r7fam03__inst00__synth_split_src,0xa4b6b823cb4e6ed1216eef612c0d90e24c92bcd6a17fc10fc64d95adb78b513b,0x240af3a91e6ac8e4b8f543c59ed3c03107a27ced|0x5427fefa711eff984124bfbb1ab6fbf5e3da1820,0x240af3a91e6ac8e4b8f543c59ed3c03107a27ced,0xa0b86991c6218b36c1d19d4a2e9eb0ce3606eb48,USDC,stable:USDC,0xa4b6b823cb4e6ed1216eef612c0d90e24c92bcd6a17fc10fc64d95adb78b513b_None_USDC_0xa0b86991c6218b36c1d19d4a2e9eb0ce3606eb48,1640403630,1640403630,1,102000000.0,102.0,102.0,0.000000,0.000000,0.750000,tx_agg_rolling_1800s_same_asset_group_or_route,Celer
ETH,eth_flow_e337d3e4a44e42__r7fam03__inst00__synth_merge_src1,0xa4b6b823cb4e6ed1216eef612c0d90e24c92bcd6a17fc10fc64d95adb78b513b,0x240af3a91e6ac8e4b8f543c59ed3c03107a27ced|0x5427fefa711eff984124bfbb1ab6fbf5e3da1820,0x240af3a91e6ac8e4b8f543c59ed3c03107a27ced,0xa0b86991c6218b36c1d19d4a2e9eb0ce3606eb48,USDC,stable:USDC,0xa4b6b823cb4e6ed1216eef612c0d90e24c92bcd6a17fc10fc64d95adb78b513b_None_USDC_0xa0b86991c6218b36c1d19d4a2e9eb0ce3606eb48,1640403630,1640403630,1,51000000.0,51.0,51.0,0.000000,0.000000,0.750000,tx_agg_rolling_1800s_same_asset_group_or_route,Celer
ETH,eth_flow_e337d3e4a44e42__r7fam03__inst00__synth_merge_src2,0xa4b6b823cb4e6ed1216eef612c0d90e24c92bcd6a17fc10fc64d95adb78b513b,0x240af3a91e6ac8e4b8f543c59ed3c03107a27ced|0x5427fefa711eff984124bfbb1ab6fbf5e3da1820,0x240af3a91e6ac8e4b8f543c59ed3c03107a27ced,0xa0b86991c6218b36c1d19d4a2e9eb0ce3606eb48,USDC,stable:USDC,0xa4b6b823cb4e6ed1216eef612c0d90e24c92bcd6a17fc10fc64d95adb78b513b_None_USDC_0xa0b86991c6218b36c1d19d4a2e9eb0ce3606eb48,1640403630,1640403630,1,51000000.0,51.0,51.0,0.000000,0.000000,0.750000,tx_agg_rolling_1800s_same_asset_group_or_route,Celer
ETH,eth_flow_e337d3e4a44e42__r7fam03__inst00__synth_unmatched_src,0xa4b6b823cb4e6ed1216eef612c0d90e24c92bcd6a17fc10fc64d95adb78b513b,0x240af3a91e6ac8e4b8f543c59ed3c03107a27ced|0x5427fefa711eff984124bfbb1ab6fbf5e3da1820,0x240af3a91e6ac8e4b8f543c59ed3c03107a27ced,0xa0b86991c6218b36c1d19d4a2e9eb0ce3606eb48,USDC,stable:USDC,0xa4b6b823cb4e6ed1216eef612c0d90e24c92bcd6a17fc10fc64d95adb78b513b_None_USDC_0xa0b86991c6218b36c1d19d4a2e9eb0ce3606eb48,1640403630,1640403630,1,102000000.0,102.0,102.0,0.000000,0.000000,0.750000,tx_agg_rolling_1800s_same_asset_group_or_route,Celer
ETH,eth_flow_e337d3e4a44e42__r7fam03__inst00__synth_noise_src_0,0xa4b6b823cb4e6ed1216eef612c0d90e24c92bcd6a17fc10fc64d95adb78b513b,0x240af3a91e6ac8e4b8f543c59ed3c03107a27ced|0x5427fefa711eff984124bfbb1ab6fbf5e3da1820,0x240af3a91e6ac8e4b8f543c59ed3c03107a27ced,0xa0b86991c6218b36c1d19d4a2e9eb0ce3606eb48,USDC,stable:USDC,0xa4b6b823cb4e6ed1216eef612c0d90e24c92bcd6a17fc10fc64d95adb78b513b_None_USDC_0xa0b86991c6218b36c1d19d4a2e9eb0ce3606eb48,1640403630,1640403630,1,102000000.0,102.0,102.0,0.000000,0.000000,0.750000,tx_agg_rolling_1800s_same_asset_group_or_route,Celer
ETH,eth_flow_e337d3e4a44e42__r7fam03__inst00__synth_noise_src_1,0xa4b6b823cb4e6ed1216eef612c0d90e24c92bcd6a17fc10fc64d95adb78b513b,0x240af3a91e6ac8e4b8f543c59ed3c03107a27ced|0x5427fefa711eff984124bfbb1ab6fbf5e3da1820,0x240af3a91e6ac8e4b8f543c59ed3c03107a27ced,0xa0b86991c6218b36c1d19d4a2e9eb0ce3606eb48,USDC,stable:USDC,0xa4b6b823cb4e6ed1216eef612c0d90e24c92bcd6a17fc10fc64d95adb78b513b_None_USDC_0xa0b86991c6218b36c1d19d4a2e9eb0ce3606eb48,1640403630,1640403630,1,102000000.0,102.0,102.0,0.000000,0.000000,0.750000,tx_agg_rolling_1800s_same_asset_group_or_route,Celer
ETH,eth_flow_6e3bf5b755b245__r7fam03__inst01__synth_split_src,0x52140d79547a9d215cce3eb39bf7c35d2fb6dd30f6ec6273c5c8658fd8e69d8a,0x0a08a1b8fc9c4f213ff06daeecda7da4f0af6d3c|0x5427fefa711eff984124bfbb1ab6fbf5e3da1820,0x0a08a1b8fc9c4f213ff06daeecda7da4f0af6d3c,0xdac17f958d2ee523a2206206994597c13d831ec7,USDT,stable:USDT,0x52140d79547a9d215cce3eb39bf7c35d2fb6dd30f6ec6273c5c8658fd8e69d8a_None_USDT_0xdac17f958d2ee523a2206206994597c13d831ec7,1639694395,1639694395,1,100000000.0,100.0,100.0,0.000000,0.000000,0.750000,tx_agg_rolling_1800s_same_asset_group_or_route,Celer
ETH,eth_flow_6e3bf5b755b245__r7fam03__inst01__synth_merge_src1,0x52140d79547a9d215cce3eb39bf7c35d2fb6dd30f6ec6273c5c8658fd8e69d8a,0x0a08a1b8fc9c4f213ff06daeecda7da4f0af6d3c|0x5427fefa711eff984124bfbb1ab6fbf5e3da1820,0x0a08a1b8fc9c4f213ff06daeecda7da4f0af6d3c,0xdac17f958d2ee523a2206206994597c13d831ec7,USDT,stable:USDT,0x52140d79547a9d215cce3eb39bf7c35d2fb6dd30f6ec6273c5c8658fd8e69d8a_None_USDT_0xdac17f958d2ee523a2206206994597c13d831ec7,1639694395,1639694395,1,50000000.0,50.0,50.0,0.000000,0.000000,0.750000,tx_agg_rolling_1800s_same_asset_group_or_route,Celer
ETH,eth_flow_6e3bf5b755b245__r7fam03__inst01__synth_merge_src2,0x52140d79547a9d215cce3eb39bf7c35d2fb6dd30f6ec6273c5c8658fd8e69d8a,0x0a08a1b8fc9c4f213ff06daeecda7da4f0af6d3c|0x5427fefa711eff984124bfbb1ab6fbf5e3da1820,0x0a08a1b8fc9c4f213ff06daeecda7da4f0af6d3c,0xdac17f958d2ee523a2206206994597c13d831ec7,USDT,stable:USDT,0x52140d79547a9d215cce3eb39bf7c35d2fb6dd30f6ec6273c5c8658fd8e69d8a_None_USDT_0xdac17f958d2ee523a2206206994597c13d831ec7,1639694395,1639694395,1,50000000.0,50.0,50.0,0.000000,0.000000,0.750000,tx_agg_rolling_1800s_same_asset_group_or_route,Celer
ETH,eth_flow_6e3bf5b755b245__r7fam03__inst01__synth_unmatched_src,0x52140d79547a9d215cce3eb39bf7c35d2fb6dd30f6ec6273c5c8658fd8e69d8a,0x0a08a1b8fc9c4f213ff06daeecda7da4f0af6d3c|0x5427fefa711eff984124bfbb1ab6fbf5e3da1820,0x0a08a1b8fc9c4f213ff06daeecda7da4f0af6d3c,0xdac17f958d2ee523a2206206994597c13d831ec7,USDT,stable:USDT,0x52140d79547a9d215cce3eb39bf7c35d2fb6dd30f6ec6273c5c8658fd8e69d8a_None_USDT_0xdac17f958d2ee523a2206206994597c13d831ec7,1639694395,1639694395,1,100000000.0,100.0,100.0,0.000000,0.000000,0.750000,tx_agg_rolling_1800s_same_asset_group_or_route,Celer
ETH,eth_flow_6e3bf5b755b245__r7fam03__inst01__synth_noise_src_0,0x52140d79547a9d215cce3eb39bf7c35d2fb6dd30f6ec6273c5c8658fd8e69d8a,0x0a08a1b8fc9c4f213ff06daeecda7da4f0af6d3c|0x5427fefa711eff984124bfbb1ab6fbf5e3da1820,0x0a08a1b8fc9c4f213ff06daeecda7da4f0af6d3c,0xdac17f958d2ee523a2206206994597c13d831ec7,USDT,stable:USDT,0x52140d79547a9d215cce3eb39bf7c35d2fb6dd30f6ec6273c5c8658fd8e69d8a_None_USDT_0xdac17f958d2ee523a2206206994597c13d831ec7,1639694395,1639694395,1,100000000.0,100.0,100.0,0.000000,0.000000,0.750000,tx_agg_rolling_1800s_same_asset_group_or_route,Celer
ETH,eth_flow_6e3bf5b755b245__r7fam03__inst01__synth_noise_src_1,0x52140d79547a9d215cce3eb39bf7c35d2fb6dd30f6ec6273c5c8658fd8e69d8a,0x0a08a1b8fc9c4f213ff06daeecda7da4f0af6d3c|0x5427fefa711eff984124bfbb1ab6fbf5e3da1820,0x0a08a1b8fc9c4f213ff06daeecda7da4f0af6d3c,0xdac17f958d2ee523a2206206994597c13d831ec7,USDT,stable:USDT,0x52140d79547a9d215cce3eb39bf7c35d2fb6dd30f6ec6273c5c8658fd8e69d8a_None_USDT_0xdac17f958d2ee523a2206206994597c13d831ec7,1639694395,1639694395,1,100000000.0,100.0,100.0,0.000000,0.000000,0.750000,tx_agg_rolling_1800s_same_asset_group_or_route,Celer
ETH,eth_flow_81dd1cf8cad74c__r7fam04__inst00__synth_split_src,0x854e89d98b47b59dc7c54e512b3d4b5133d247e28062a7d73605112d3346824d,0x3f8fb829160ebeeecf0d7dc941bdf99b1414faeb|0x5427fefa711eff984124bfbb1ab6fbf5e3da1820,0x3f8fb829160ebeeecf0d7dc941bdf99b1414faeb,0xdac17f958d2ee523a2206206994597c13d831ec7,USDT,stable:USDT,0x854e89d98b47b59dc7c54e512b3d4b5133d247e28062a7d73605112d3346824d_None_USDT_0xdac17f958d2ee523a2206206994597c13d831ec7,1639134445,1639134445,1,124316115.0,124.316115,124.316115,0.000000,0.000000,0.800000,tx_agg_rolling_1800s_same_asset_group_or_route,Celer
ETH,eth_flow_81dd1cf8cad74c__r7fam04__inst00__synth_merge_src1,0x854e89d98b47b59dc7c54e512b3d4b5133d247e28062a7d73605112d3346824d,0x3f8fb829160ebeeecf0d7dc941bdf99b1414faeb|0x5427fefa711eff984124bfbb1ab6fbf5e3da1820,0x3f8fb829160ebeeecf0d7dc941bdf99b1414faeb,0xdac17f958d2ee523a2206206994597c13d831ec7,USDT,stable:USDT,0x854e89d98b47b59dc7c54e512b3d4b5133d247e28062a7d73605112d3346824d_None_USDT_0xdac17f958d2ee523a2206206994597c13d831ec7,1639134445,1639134445,1,62158057.5,62.1580575,62.1580575,0.000000,0.000000,0.800000,tx_agg_rolling_1800s_same_asset_group_or_route,Celer
ETH,eth_flow_81dd1cf8cad74c__r7fam04__inst00__synth_merge_src2,0x854e89d98b47b59dc7c54e512b3d4b5133d247e28062a7d73605112d3346824d,0x3f8fb829160ebeeecf0d7dc941bdf99b1414faeb|0x5427fefa711eff984124bfbb1ab6fbf5e3da1820,0x3f8fb829160ebeeecf0d7dc941bdf99b1414faeb,0xdac17f958d2ee523a2206206994597c13d831ec7,USDT,stable:USDT,0x854e89d98b47b59dc7c54e512b3d4b5133d247e28062a7d73605112d3346824d_None_USDT_0xdac17f958d2ee523a2206206994597c13d831ec7,1639134445,1639134445,1,62158057.5,62.1580575,62.1580575,0.000000,0.000000,0.800000,tx_agg_rolling_1800s_same_asset_group_or_route,Celer
ETH,eth_flow_81dd1cf8cad74c__r7fam04__inst00__synth_unmatched_src,0x854e89d98b47b59dc7c54e512b3d4b5133d247e28062a7d73605112d3346824d,0x3f8fb829160ebeeecf0d7dc941bdf99b1414faeb|0x5427fefa711eff984124bfbb1ab6fbf5e3da1820,0x3f8fb829160ebeeecf0d7dc941bdf99b1414faeb,0xdac17f958d2ee523a2206206994597c13d831ec7,USDT,stable:USDT,0x854e89d98b47b59dc7c54e512b3d4b5133d247e28062a7d73605112d3346824d_None_USDT_0xdac17f958d2ee523a2206206994597c13d831ec7,1639134445,1639134445,1,124316115.0,124.316115,124.316115,0.000000,0.000000,0.800000,tx_agg_rolling_1800s_same_asset_group_or_route,Celer
ETH,eth_flow_81dd1cf8cad74c__r7fam04__inst00__synth_noise_src_0,0x854e89d98b47b59dc7c54e512b3d4b5133d247e28062a7d73605112d3346824d,0x3f8fb829160ebeeecf0d7dc941bdf99b1414faeb|0x5427fefa711eff984124bfbb1ab6fbf5e3da1820,0x3f8fb829160ebeeecf0d7dc941bdf99b1414faeb,0xdac17f958d2ee523a2206206994597c13d831ec7,USDT,stable:USDT,0x854e89d98b47b59dc7c54e512b3d4b5133d247e28062a7d73605112d3346824d_None_USDT_0xdac17f958d2ee523a2206206994597c13d831ec7,1639134445,1639134445,1,124316115.0,124.316115,124.316115,0.000000,0.000000,0.800000,tx_agg_rolling_1800s_same_asset_group_or_route,Celer
ETH,eth_flow_81dd1cf8cad74c__r7fam04__inst00__synth_noise_src_1,0x854e89d98b47b59dc7c54e512b3d4b5133d247e28062a7d73605112d3346824d,0x3f8fb829160ebeeecf0d7dc941bdf99b1414faeb|0x5427fefa711eff984124bfbb1ab6fbf5e3da1820,0x3f8fb829160ebeeecf0d7dc941bdf99b1414faeb,0xdac17f958d2ee523a2206206994597c13d831ec7,USDT,stable:USDT,0x854e89d98b47b59dc7c54e512b3d4b5133d247e28062a7d73605112d3346824d_None_USDT_0xdac17f958d2ee523a2206206994597c13d831ec7,1639134445,1639134445,1,124316115.0,124.316115,124.316115,0.000000,0.000000,0.800000,tx_agg_rolling_1800s_same_asset_group_or_route,Celer
ETH,eth_flow_a854890db5684e__r7fam04__inst01__synth_split_src,0x8becf10bf71391795179db137e9101b49c0310cce4234c6c3bc402d05b83ecf6,0x5427fefa711eff984124bfbb1ab6fbf5e3da1820|0xc02aaa39b223fe8d0a0e5c4f27ead9083c756cc2,0x5427fefa711eff984124bfbb1ab6fbf5e3da1820,,NATIVE,token:NATIVE,0x8becf10bf71391795179db137e9101b49c0310cce4234c6c3bc402d05b83ecf6_0_native_,1639127639,1639127639,1,3.6e+19,36.0,36.0,0.000000,0.000000,0.775000,tx_agg_rolling_1800s_same_asset_group_or_route,Celer
ETH,eth_flow_a854890db5684e__r7fam04__inst01__synth_merge_src1,0x8becf10bf71391795179db137e9101b49c0310cce4234c6c3bc402d05b83ecf6,0x5427fefa711eff984124bfbb1ab6fbf5e3da1820|0xc02aaa39b223fe8d0a0e5c4f27ead9083c756cc2,0x5427fefa711eff984124bfbb1ab6fbf5e3da1820,,NATIVE,token:NATIVE,0x8becf10bf71391795179db137e9101b49c0310cce4234c6c3bc402d05b83ecf6_0_native_,1639127639,1639127639,1,1.8e+19,18.0,18.0,0.000000,0.000000,0.775000,tx_agg_rolling_1800s_same_asset_group_or_route,Celer
ETH,eth_flow_a854890db5684e__r7fam04__inst01__synth_merge_src2,0x8becf10bf71391795179db137e9101b49c0310cce4234c6c3bc402d05b83ecf6,0x5427fefa711eff984124bfbb1ab6fbf5e3da1820|0xc02aaa39b223fe8d0a0e5c4f27ead9083c756cc2,0x5427fefa711eff984124bfbb1ab6fbf5e3da1820,,NATIVE,token:NATIVE,0x8becf10bf71391795179db137e9101b49c0310cce4234c6c3bc402d05b83ecf6_0_native_,1639127639,1639127639,1,1.8e+19,18.0,18.0,0.000000,0.000000,0.775000,tx_agg_rolling_1800s_same_asset_group_or_route,Celer
ETH,eth_flow_a854890db5684e__r7fam04__inst01__synth_unmatched_src,0x8becf10bf71391795179db137e9101b49c0310cce4234c6c3bc402d05b83ecf6,0x5427fefa711eff984124bfbb1ab6fbf5e3da1820|0xc02aaa39b223fe8d0a0e5c4f27ead9083c756cc2,0x5427fefa711eff984124bfbb1ab6fbf5e3da1820,,NATIVE,token:NATIVE,0x8becf10bf71391795179db137e9101b49c0310cce4234c6c3bc402d05b83ecf6_0_native_,1639127639,1639127639,1,3.6e+19,36.0,36.0,0.000000,0.000000,0.775000,tx_agg_rolling_1800s_same_asset_group_or_route,Celer
ETH,eth_flow_a854890db5684e__r7fam04__inst01__synth_noise_src_0,0x8becf10bf71391795179db137e9101b49c0310cce4234c6c3bc402d05b83ecf6,0x5427fefa711eff984124bfbb1ab6fbf5e3da1820|0xc02aaa39b223fe8d0a0e5c4f27ead9083c756cc2,0x5427fefa711eff984124bfbb1ab6fbf5e3da1820,,NATIVE,token:NATIVE,0x8becf10bf71391795179db137e9101b49c0310cce4234c6c3bc402d05b83ecf6_0_native_,1639127639,1639127639,1,3.6e+19,36.0,36.0,0.000000,0.000000,0.775000,tx_agg_rolling_1800s_same_asset_group_or_route,Celer
ETH,eth_flow_a854890db5684e__r7fam04__inst01__synth_noise_src_1,0x8becf10bf71391795179db137e9101b49c0310cce4234c6c3bc402d05b83ecf6,0x5427fefa711eff984124bfbb1ab6fbf5e3da1820|0xc02aaa39b223fe8d0a0e5c4f27ead9083c756cc2,0x5427fefa711eff984124bfbb1ab6fbf5e3da1820,,NATIVE,token:NATIVE,0x8becf10bf71391795179db137e9101b49c0310cce4234c6c3bc402d05b83ecf6_0_native_,1639127639,1639127639,1,3.6e+19,36.0,36.0,0.000000,0.000000,0.775000,tx_agg_rolling_1800s_same_asset_group_or_route,Celer
ETH,eth_flow_b2cc3656da614d__r7fam05__inst00__synth_split_src,0xb8ee5d76e8405c555fe9058fcaba7c8e340a6d985ba4db1c29dbcabb54301882,0x5427fefa711eff984124bfbb1ab6fbf5e3da1820|0xaa89185be342465b869a9e3b1d398edd72d9a5b6,0xaa89185be342465b869a9e3b1d398edd72d9a5b6,0xdac17f958d2ee523a2206206994597c13d831ec7,USDT,stable:USDT,0xb8ee5d76e8405c555fe9058fcaba7c8e340a6d985ba4db1c29dbcabb54301882_None_USDT_0xdac17f958d2ee523a2206206994597c13d831ec7,1638916735,1638916735,1,173400000.0,173.4,173.4,4.651163,4.651163,0.800000,tx_agg_rolling_1800s_same_asset_group_or_route,Celer
ETH,eth_flow_b2cc3656da614d__r7fam05__inst00__synth_merge_src1,0xb8ee5d76e8405c555fe9058fcaba7c8e340a6d985ba4db1c29dbcabb54301882,0x5427fefa711eff984124bfbb1ab6fbf5e3da1820|0xaa89185be342465b869a9e3b1d398edd72d9a5b6,0xaa89185be342465b869a9e3b1d398edd72d9a5b6,0xdac17f958d2ee523a2206206994597c13d831ec7,USDT,stable:USDT,0xb8ee5d76e8405c555fe9058fcaba7c8e340a6d985ba4db1c29dbcabb54301882_None_USDT_0xdac17f958d2ee523a2206206994597c13d831ec7,1638916735,1638916735,1,86700000.0,86.7,86.7,4.651163,4.651163,0.800000,tx_agg_rolling_1800s_same_asset_group_or_route,Celer
ETH,eth_flow_b2cc3656da614d__r7fam05__inst00__synth_merge_src2,0xb8ee5d76e8405c555fe9058fcaba7c8e340a6d985ba4db1c29dbcabb54301882,0x5427fefa711eff984124bfbb1ab6fbf5e3da1820|0xaa89185be342465b869a9e3b1d398edd72d9a5b6,0xaa89185be342465b869a9e3b1d398edd72d9a5b6,0xdac17f958d2ee523a2206206994597c13d831ec7,USDT,stable:USDT,0xb8ee5d76e8405c555fe9058fcaba7c8e340a6d985ba4db1c29dbcabb54301882_None_USDT_0xdac17f958d2ee523a2206206994597c13d831ec7,1638916735,1638916735,1,86700000.0,86.7,86.7,4.651163,4.651163,0.800000,tx_agg_rolling_1800s_same_asset_group_or_route,Celer
ETH,eth_flow_b2cc3656da614d__r7fam05__inst00__synth_unmatched_src,0xb8ee5d76e8405c555fe9058fcaba7c8e340a6d985ba4db1c29dbcabb54301882,0x5427fefa711eff984124bfbb1ab6fbf5e3da1820|0xaa89185be342465b869a9e3b1d398edd72d9a5b6,0xaa89185be342465b869a9e3b1d398edd72d9a5b6,0xdac17f958d2ee523a2206206994597c13d831ec7,USDT,stable:USDT,0xb8ee5d76e8405c555fe9058fcaba7c8e340a6d985ba4db1c29dbcabb54301882_None_USDT_0xdac17f958d2ee523a2206206994597c13d831ec7,1638916735,1638916735,1,173400000.0,173.4,173.4,4.651163,4.651163,0.800000,tx_agg_rolling_1800s_same_asset_group_or_route,Celer
ETH,eth_flow_b2cc3656da614d__r7fam05__inst00__synth_noise_src_0,0xb8ee5d76e8405c555fe9058fcaba7c8e340a6d985ba4db1c29dbcabb54301882,0x5427fefa711eff984124bfbb1ab6fbf5e3da1820|0xaa89185be342465b869a9e3b1d398edd72d9a5b6,0xaa89185be342465b869a9e3b1d398edd72d9a5b6,0xdac17f958d2ee523a2206206994597c13d831ec7,USDT,stable:USDT,0xb8ee5d76e8405c555fe9058fcaba7c8e340a6d985ba4db1c29dbcabb54301882_None_USDT_0xdac17f958d2ee523a2206206994597c13d831ec7,1638916735,1638916735,1,173400000.0,173.4,173.4,4.651163,4.651163,0.800000,tx_agg_rolling_1800s_same_asset_group_or_route,Celer
ETH,eth_flow_b2cc3656da614d__r7fam05__inst00__synth_noise_src_1,0xb8ee5d76e8405c555fe9058fcaba7c8e340a6d985ba4db1c29dbcabb54301882,0x5427fefa711eff984124bfbb1ab6fbf5e3da1820|0xaa89185be342465b869a9e3b1d398edd72d9a5b6,0xaa89185be342465b869a9e3b1d398edd72d9a5b6,0xdac17f958d2ee523a2206206994597c13d831ec7,USDT,stable:USDT,0xb8ee5d76e8405c555fe9058fcaba7c8e340a6d985ba4db1c29dbcabb54301882_None_USDT_0xdac17f958d2ee523a2206206994597c13d831ec7,1638916735,1638916735,1,173400000.0,173.4,173.4,4.651163,4.651163,0.800000,tx_agg_rolling_1800s_same_asset_group_or_route,Celer
ETH,eth_flow_85e5fc43e02846__r7fam05__inst01__synth_split_src,0x3281aa5863da2bcf838a1eb5bb23691c30f4f1e2e8ec914d0561dca1d9d8fbd9,0x5427fefa711eff984124bfbb1ab6fbf5e3da1820|0xc02aaa39b223fe8d0a0e5c4f27ead9083c756cc2,0x5427fefa711eff984124bfbb1ab6fbf5e3da1820,,NATIVE,token:NATIVE,0x3281aa5863da2bcf838a1eb5bb23691c30f4f1e2e8ec914d0561dca1d9d8fbd9_0_native_,1638652094,1638652094,1,1.62e+17,0.162,0.162,0.000000,0.000000,0.775000,tx_agg_rolling_1800s_same_asset_group_or_route,Celer
ETH,eth_flow_85e5fc43e02846__r7fam05__inst01__synth_merge_src1,0x3281aa5863da2bcf838a1eb5bb23691c30f4f1e2e8ec914d0561dca1d9d8fbd9,0x5427fefa711eff984124bfbb1ab6fbf5e3da1820|0xc02aaa39b223fe8d0a0e5c4f27ead9083c756cc2,0x5427fefa711eff984124bfbb1ab6fbf5e3da1820,,NATIVE,token:NATIVE,0x3281aa5863da2bcf838a1eb5bb23691c30f4f1e2e8ec914d0561dca1d9d8fbd9_0_native_,1638652094,1638652094,1,8.1e+16,0.081,0.081,0.000000,0.000000,0.775000,tx_agg_rolling_1800s_same_asset_group_or_route,Celer
ETH,eth_flow_85e5fc43e02846__r7fam05__inst01__synth_merge_src2,0x3281aa5863da2bcf838a1eb5bb23691c30f4f1e2e8ec914d0561dca1d9d8fbd9,0x5427fefa711eff984124bfbb1ab6fbf5e3da1820|0xc02aaa39b223fe8d0a0e5c4f27ead9083c756cc2,0x5427fefa711eff984124bfbb1ab6fbf5e3da1820,,NATIVE,token:NATIVE,0x3281aa5863da2bcf838a1eb5bb23691c30f4f1e2e8ec914d0561dca1d9d8fbd9_0_native_,1638652094,1638652094,1,8.1e+16,0.081,0.081,0.000000,0.000000,0.775000,tx_agg_rolling_1800s_same_asset_group_or_route,Celer
ETH,eth_flow_85e5fc43e02846__r7fam05__inst01__synth_unmatched_src,0x3281aa5863da2bcf838a1eb5bb23691c30f4f1e2e8ec914d0561dca1d9d8fbd9,0x5427fefa711eff984124bfbb1ab6fbf5e3da1820|0xc02aaa39b223fe8d0a0e5c4f27ead9083c756cc2,0x5427fefa711eff984124bfbb1ab6fbf5e3da1820,,NATIVE,token:NATIVE,0x3281aa5863da2bcf838a1eb5bb23691c30f4f1e2e8ec914d0561dca1d9d8fbd9_0_native_,1638652094,1638652094,1,1.62e+17,0.162,0.162,0.000000,0.000000,0.775000,tx_agg_rolling_1800s_same_asset_group_or_route,Celer
ETH,eth_flow_85e5fc43e02846__r7fam05__inst01__synth_noise_src_0,0x3281aa5863da2bcf838a1eb5bb23691c30f4f1e2e8ec914d0561dca1d9d8fbd9,0x5427fefa711eff984124bfbb1ab6fbf5e3da1820|0xc02aaa39b223fe8d0a0e5c4f27ead9083c756cc2,0x5427fefa711eff984124bfbb1ab6fbf5e3da1820,,NATIVE,token:NATIVE,0x3281aa5863da2bcf838a1eb5bb23691c30f4f1e2e8ec914d0561dca1d9d8fbd9_0_native_,1638652094,1638652094,1,1.62e+17,0.162,0.162,0.000000,0.000000,0.775000,tx_agg_rolling_1800s_same_asset_group_or_route,Celer
ETH,eth_flow_85e5fc43e02846__r7fam05__inst01__synth_noise_src_1,0x3281aa5863da2bcf838a1eb5bb23691c30f4f1e2e8ec914d0561dca1d9d8fbd9,0x5427fefa711eff984124bfbb1ab6fbf5e3da1820|0xc02aaa39b223fe8d0a0e5c4f27ead9083c756cc2,0x5427fefa711eff984124bfbb1ab6fbf5e3da1820,,NATIVE,token:NATIVE,0x3281aa5863da2bcf838a1eb5bb23691c30f4f1e2e8ec914d0561dca1d9d8fbd9_0_native_,1638652094,1638652094,1,1.62e+17,0.162,0.162,0.000000,0.000000,0.775000,tx_agg_rolling_1800s_same_asset_group_or_route,Celer
ETH,eth_flow_cbe492181e7043__r7fam06__inst00__synth_split_src,0x17e60bb15ff5808c01ba19db17b52587c8180ad28c7cf9cacd768b26d045e6ed,0x5427fefa711eff984124bfbb1ab6fbf5e3da1820|0xf6d9cf08745b95b6bc822f0c0f8e99fe14f88bd7,0xf6d9cf08745b95b6bc822f0c0f8e99fe14f88bd7,0xdac17f958d2ee523a2206206994597c13d831ec7,USDT,stable:USDT,0x17e60bb15ff5808c01ba19db17b52587c8180ad28c7cf9cacd768b26d045e6ed_None_USDT_0xdac17f958d2ee523a2206206994597c13d831ec7,1639870767,1639870767,1,993200000.0,993.2,993.2,0.000000,0.000000,0.775000,tx_agg_rolling_1800s_same_asset_group_or_route,Celer
ETH,eth_flow_cbe492181e7043__r7fam06__inst00__synth_merge_src1,0x17e60bb15ff5808c01ba19db17b52587c8180ad28c7cf9cacd768b26d045e6ed,0x5427fefa711eff984124bfbb1ab6fbf5e3da1820|0xf6d9cf08745b95b6bc822f0c0f8e99fe14f88bd7,0xf6d9cf08745b95b6bc822f0c0f8e99fe14f88bd7,0xdac17f958d2ee523a2206206994597c13d831ec7,USDT,stable:USDT,0x17e60bb15ff5808c01ba19db17b52587c8180ad28c7cf9cacd768b26d045e6ed_None_USDT_0xdac17f958d2ee523a2206206994597c13d831ec7,1639870767,1639870767,1,496600000.0,496.6,496.6,0.000000,0.000000,0.775000,tx_agg_rolling_1800s_same_asset_group_or_route,Celer
ETH,eth_flow_cbe492181e7043__r7fam06__inst00__synth_merge_src2,0x17e60bb15ff5808c01ba19db17b52587c8180ad28c7cf9cacd768b26d045e6ed,0x5427fefa711eff984124bfbb1ab6fbf5e3da1820|0xf6d9cf08745b95b6bc822f0c0f8e99fe14f88bd7,0xf6d9cf08745b95b6bc822f0c0f8e99fe14f88bd7,0xdac17f958d2ee523a2206206994597c13d831ec7,USDT,stable:USDT,0x17e60bb15ff5808c01ba19db17b52587c8180ad28c7cf9cacd768b26d045e6ed_None_USDT_0xdac17f958d2ee523a2206206994597c13d831ec7,1639870767,1639870767,1,496600000.0,496.6,496.6,0.000000,0.000000,0.775000,tx_agg_rolling_1800s_same_asset_group_or_route,Celer
ETH,eth_flow_cbe492181e7043__r7fam06__inst00__synth_unmatched_src,0x17e60bb15ff5808c01ba19db17b52587c8180ad28c7cf9cacd768b26d045e6ed,0x5427fefa711eff984124bfbb1ab6fbf5e3da1820|0xf6d9cf08745b95b6bc822f0c0f8e99fe14f88bd7,0xf6d9cf08745b95b6bc822f0c0f8e99fe14f88bd7,0xdac17f958d2ee523a2206206994597c13d831ec7,USDT,stable:USDT,0x17e60bb15ff5808c01ba19db17b52587c8180ad28c7cf9cacd768b26d045e6ed_None_USDT_0xdac17f958d2ee523a2206206994597c13d831ec7,1639870767,1639870767,1,993200000.0,993.2,993.2,0.000000,0.000000,0.775000,tx_agg_rolling_1800s_same_asset_group_or_route,Celer
ETH,eth_flow_cbe492181e7043__r7fam06__inst00__synth_noise_src_0,0x17e60bb15ff5808c01ba19db17b52587c8180ad28c7cf9cacd768b26d045e6ed,0x5427fefa711eff984124bfbb1ab6fbf5e3da1820|0xf6d9cf08745b95b6bc822f0c0f8e99fe14f88bd7,0xf6d9cf08745b95b6bc822f0c0f8e99fe14f88bd7,0xdac17f958d2ee523a2206206994597c13d831ec7,USDT,stable:USDT,0x17e60bb15ff5808c01ba19db17b52587c8180ad28c7cf9cacd768b26d045e6ed_None_USDT_0xdac17f958d2ee523a2206206994597c13d831ec7,1639870767,1639870767,1,993200000.0,993.2,993.2,0.000000,0.000000,0.775000,tx_agg_rolling_1800s_same_asset_group_or_route,Celer
ETH,eth_flow_cbe492181e7043__r7fam06__inst00__synth_noise_src_1,0x17e60bb15ff5808c01ba19db17b52587c8180ad28c7cf9cacd768b26d045e6ed,0x5427fefa711eff984124bfbb1ab6fbf5e3da1820|0xf6d9cf08745b95b6bc822f0c0f8e99fe14f88bd7,0xf6d9cf08745b95b6bc822f0c0f8e99fe14f88bd7,0xdac17f958d2ee523a2206206994597c13d831ec7,USDT,stable:USDT,0x17e60bb15ff5808c01ba19db17b52587c8180ad28c7cf9cacd768b26d045e6ed_None_USDT_0xdac17f958d2ee523a2206206994597c13d831ec7,1639870767,1639870767,1,993200000.0,993.2,993.2,0.000000,0.000000,0.775000,tx_agg_rolling_1800s_same_asset_group_or_route,Celer
ETH,eth_flow_8052b0099efd46__r7fam06__inst01__synth_split_src,0x8fe7c97c399b5fee3457000e2d18fbab8941db810819bbc1fad8a557484ef73f,0x5427fefa711eff984124bfbb1ab6fbf5e3da1820|0xed82000ba2e740b9eb1058f02e96c42e16b5690c,0xed82000ba2e740b9eb1058f02e96c42e16b5690c,0x4fabb145d64652a948d72533023f6e7a623c7c53,BUSD,stable:BUSD,0x8fe7c97c399b5fee3457000e2d18fbab8941db810819bbc1fad8a557484ef73f_None_BUSD_0x4fabb145d64652a948d72533023f6e7a623c7c53,1640076291,1640076291,1,8.349195325e+20,834.9195325000001,834.9195325000001,16.279070,16.279070,0.775000,tx_agg_rolling_1800s_same_asset_group_or_route,Celer
ETH,eth_flow_8052b0099efd46__r7fam06__inst01__synth_merge_src1,0x8fe7c97c399b5fee3457000e2d18fbab8941db810819bbc1fad8a557484ef73f,0x5427fefa711eff984124bfbb1ab6fbf5e3da1820|0xed82000ba2e740b9eb1058f02e96c42e16b5690c,0xed82000ba2e740b9eb1058f02e96c42e16b5690c,0x4fabb145d64652a948d72533023f6e7a623c7c53,BUSD,stable:BUSD,0x8fe7c97c399b5fee3457000e2d18fbab8941db810819bbc1fad8a557484ef73f_None_BUSD_0x4fabb145d64652a948d72533023f6e7a623c7c53,1640076291,1640076291,1,4.1745976625e+20,417.45976625000003,417.45976625000003,16.279070,16.279070,0.775000,tx_agg_rolling_1800s_same_asset_group_or_route,Celer
ETH,eth_flow_8052b0099efd46__r7fam06__inst01__synth_merge_src2,0x8fe7c97c399b5fee3457000e2d18fbab8941db810819bbc1fad8a557484ef73f,0x5427fefa711eff984124bfbb1ab6fbf5e3da1820|0xed82000ba2e740b9eb1058f02e96c42e16b5690c,0xed82000ba2e740b9eb1058f02e96c42e16b5690c,0x4fabb145d64652a948d72533023f6e7a623c7c53,BUSD,stable:BUSD,0x8fe7c97c399b5fee3457000e2d18fbab8941db810819bbc1fad8a557484ef73f_None_BUSD_0x4fabb145d64652a948d72533023f6e7a623c7c53,1640076291,1640076291,1,4.1745976625e+20,417.45976625000003,417.45976625000003,16.279070,16.279070,0.775000,tx_agg_rolling_1800s_same_asset_group_or_route,Celer
ETH,eth_flow_8052b0099efd46__r7fam06__inst01__synth_unmatched_src,0x8fe7c97c399b5fee3457000e2d18fbab8941db810819bbc1fad8a557484ef73f,0x5427fefa711eff984124bfbb1ab6fbf5e3da1820|0xed82000ba2e740b9eb1058f02e96c42e16b5690c,0xed82000ba2e740b9eb1058f02e96c42e16b5690c,0x4fabb145d64652a948d72533023f6e7a623c7c53,BUSD,stable:BUSD,0x8fe7c97c399b5fee3457000e2d18fbab8941db810819bbc1fad8a557484ef73f_None_BUSD_0x4fabb145d64652a948d72533023f6e7a623c7c53,1640076291,1640076291,1,8.349195325e+20,834.9195325000001,834.9195325000001,16.279070,16.279070,0.775000,tx_agg_rolling_1800s_same_asset_group_or_route,Celer
ETH,eth_flow_8052b0099efd46__r7fam06__inst01__synth_noise_src_0,0x8fe7c97c399b5fee3457000e2d18fbab8941db810819bbc1fad8a557484ef73f,0x5427fefa711eff984124bfbb1ab6fbf5e3da1820|0xed82000ba2e740b9eb1058f02e96c42e16b5690c,0xed82000ba2e740b9eb1058f02e96c42e16b5690c,0x4fabb145d64652a948d72533023f6e7a623c7c53,BUSD,stable:BUSD,0x8fe7c97c399b5fee3457000e2d18fbab8941db810819bbc1fad8a557484ef73f_None_BUSD_0x4fabb145d64652a948d72533023f6e7a623c7c53,1640076291,1640076291,1,8.349195325e+20,834.9195325000001,834.9195325000001,16.279070,16.279070,0.775000,tx_agg_rolling_1800s_same_asset_group_or_route,Celer
ETH,eth_flow_8052b0099efd46__r7fam06__inst01__synth_noise_src_1,0x8fe7c97c399b5fee3457000e2d18fbab8941db810819bbc1fad8a557484ef73f,0x5427fefa711eff984124bfbb1ab6fbf5e3da1820|0xed82000ba2e740b9eb1058f02e96c42e16b5690c,0xed82000ba2e740b9eb1058f02e96c42e16b5690c,0x4fabb145d64652a948d72533023f6e7a623c7c53,BUSD,stable:BUSD,0x8fe7c97c399b5fee3457000e2d18fbab8941db810819bbc1fad8a557484ef73f_None_BUSD_0x4fabb145d64652a948d72533023f6e7a623c7c53,1640076291,1640076291,1,8.349195325e+20,834.9195325000001,834.9195325000001,16.279070,16.279070,0.775000,tx_agg_rolling_1800s_same_asset_group_or_route,Celer
ETH,eth_flow_ec04e962a70a43__r7fam07__inst00__synth_split_src,0x91ecc76e027eb22ff26500e158ff08bf283919454ecf935f147bea881701f897,0x0e52115a1fcccf5551a97eb5e406f0839c612153|0x5427fefa711eff984124bfbb1ab6fbf5e3da1820,0x0e52115a1fcccf5551a97eb5e406f0839c612153,0x4fabb145d64652a948d72533023f6e7a623c7c53,BUSD,stable:BUSD,0x91ecc76e027eb22ff26500e158ff08bf283919454ecf935f147bea881701f897_None_BUSD_0x4fabb145d64652a948d72533023f6e7a623c7c53,1640513788,1640513788,1,6.57317e+20,657.317,657.317,11.627907,11.627907,0.775000,tx_agg_rolling_1800s_same_asset_group_or_route,Celer
ETH,eth_flow_ec04e962a70a43__r7fam07__inst00__synth_merge_src1,0x91ecc76e027eb22ff26500e158ff08bf283919454ecf935f147bea881701f897,0x0e52115a1fcccf5551a97eb5e406f0839c612153|0x5427fefa711eff984124bfbb1ab6fbf5e3da1820,0x0e52115a1fcccf5551a97eb5e406f0839c612153,0x4fabb145d64652a948d72533023f6e7a623c7c53,BUSD,stable:BUSD,0x91ecc76e027eb22ff26500e158ff08bf283919454ecf935f147bea881701f897_None_BUSD_0x4fabb145d64652a948d72533023f6e7a623c7c53,1640513788,1640513788,1,3.286585e+20,328.6585,328.6585,11.627907,11.627907,0.775000,tx_agg_rolling_1800s_same_asset_group_or_route,Celer
ETH,eth_flow_ec04e962a70a43__r7fam07__inst00__synth_merge_src2,0x91ecc76e027eb22ff26500e158ff08bf283919454ecf935f147bea881701f897,0x0e52115a1fcccf5551a97eb5e406f0839c612153|0x5427fefa711eff984124bfbb1ab6fbf5e3da1820,0x0e52115a1fcccf5551a97eb5e406f0839c612153,0x4fabb145d64652a948d72533023f6e7a623c7c53,BUSD,stable:BUSD,0x91ecc76e027eb22ff26500e158ff08bf283919454ecf935f147bea881701f897_None_BUSD_0x4fabb145d64652a948d72533023f6e7a623c7c53,1640513788,1640513788,1,3.286585e+20,328.6585,328.6585,11.627907,11.627907,0.775000,tx_agg_rolling_1800s_same_asset_group_or_route,Celer
ETH,eth_flow_ec04e962a70a43__r7fam07__inst00__synth_unmatched_src,0x91ecc76e027eb22ff26500e158ff08bf283919454ecf935f147bea881701f897,0x0e52115a1fcccf5551a97eb5e406f0839c612153|0x5427fefa711eff984124bfbb1ab6fbf5e3da1820,0x0e52115a1fcccf5551a97eb5e406f0839c612153,0x4fabb145d64652a948d72533023f6e7a623c7c53,BUSD,stable:BUSD,0x91ecc76e027eb22ff26500e158ff08bf283919454ecf935f147bea881701f897_None_BUSD_0x4fabb145d64652a948d72533023f6e7a623c7c53,1640513788,1640513788,1,6.57317e+20,657.317,657.317,11.627907,11.627907,0.775000,tx_agg_rolling_1800s_same_asset_group_or_route,Celer
ETH,eth_flow_ec04e962a70a43__r7fam07__inst00__synth_noise_src_0,0x91ecc76e027eb22ff26500e158ff08bf283919454ecf935f147bea881701f897,0x0e52115a1fcccf5551a97eb5e406f0839c612153|0x5427fefa711eff984124bfbb1ab6fbf5e3da1820,0x0e52115a1fcccf5551a97eb5e406f0839c612153,0x4fabb145d64652a948d72533023f6e7a623c7c53,BUSD,stable:BUSD,0x91ecc76e027eb22ff26500e158ff08bf283919454ecf935f147bea881701f897_None_BUSD_0x4fabb145d64652a948d72533023f6e7a623c7c53,1640513788,1640513788,1,6.57317e+20,657.317,657.317,11.627907,11.627907,0.775000,tx_agg_rolling_1800s_same_asset_group_or_route,Celer
ETH,eth_flow_ec04e962a70a43__r7fam07__inst00__synth_noise_src_1,0x91ecc76e027eb22ff26500e158ff08bf283919454ecf935f147bea881701f897,0x0e52115a1fcccf5551a97eb5e406f0839c612153|0x5427fefa711eff984124bfbb1ab6fbf5e3da1820,0x0e52115a1fcccf5551a97eb5e406f0839c612153,0x4fabb145d64652a948d72533023f6e7a623c7c53,BUSD,stable:BUSD,0x91ecc76e027eb22ff26500e158ff08bf283919454ecf935f147bea881701f897_None_BUSD_0x4fabb145d64652a948d72533023f6e7a623c7c53,1640513788,1640513788,1,6.57317e+20,657.317,657.317,11.627907,11.627907,0.775000,tx_agg_rolling_1800s_same_asset_group_or_route,Celer
ETH,eth_flow_261cc391239748__r7fam07__inst01__synth_split_src,0x340218822898f8f1aa566a8252bf4a68b1e84a9f062e4a7b8c848a91417db75a,0x5427fefa711eff984124bfbb1ab6fbf5e3da1820|0x9fcae94d238ba264679b924af7edd782d1ad0d40,0x9fcae94d238ba264679b924af7edd782d1ad0d40,0xdac17f958d2ee523a2206206994597c13d831ec7,USDT,stable:USDT,0x340218822898f8f1aa566a8252bf4a68b1e84a9f062e4a7b8c848a91417db75a_None_USDT_0xdac17f958d2ee523a2206206994597c13d831ec7,1638880118,1638880118,1,287350000.0,287.35,287.35,0.000000,0.000000,0.800000,tx_agg_rolling_1800s_same_asset_group_or_route,Celer
ETH,eth_flow_261cc391239748__r7fam07__inst01__synth_merge_src1,0x340218822898f8f1aa566a8252bf4a68b1e84a9f062e4a7b8c848a91417db75a,0x5427fefa711eff984124bfbb1ab6fbf5e3da1820|0x9fcae94d238ba264679b924af7edd782d1ad0d40,0x9fcae94d238ba264679b924af7edd782d1ad0d40,0xdac17f958d2ee523a2206206994597c13d831ec7,USDT,stable:USDT,0x340218822898f8f1aa566a8252bf4a68b1e84a9f062e4a7b8c848a91417db75a_None_USDT_0xdac17f958d2ee523a2206206994597c13d831ec7,1638880118,1638880118,1,143675000.0,143.675,143.675,0.000000,0.000000,0.800000,tx_agg_rolling_1800s_same_asset_group_or_route,Celer
ETH,eth_flow_261cc391239748__r7fam07__inst01__synth_merge_src2,0x340218822898f8f1aa566a8252bf4a68b1e84a9f062e4a7b8c848a91417db75a,0x5427fefa711eff984124bfbb1ab6fbf5e3da1820|0x9fcae94d238ba264679b924af7edd782d1ad0d40,0x9fcae94d238ba264679b924af7edd782d1ad0d40,0xdac17f958d2ee523a2206206994597c13d831ec7,USDT,stable:USDT,0x340218822898f8f1aa566a8252bf4a68b1e84a9f062e4a7b8c848a91417db75a_None_USDT_0xdac17f958d2ee523a2206206994597c13d831ec7,1638880118,1638880118,1,143675000.0,143.675,143.675,0.000000,0.000000,0.800000,tx_agg_rolling_1800s_same_asset_group_or_route,Celer
ETH,eth_flow_261cc391239748__r7fam07__inst01__synth_unmatched_src,0x340218822898f8f1aa566a8252bf4a68b1e84a9f062e4a7b8c848a91417db75a,0x5427fefa711eff984124bfbb1ab6fbf5e3da1820|0x9fcae94d238ba264679b924af7edd782d1ad0d40,0x9fcae94d238ba264679b924af7edd782d1ad0d40,0xdac17f958d2ee523a2206206994597c13d831ec7,USDT,stable:USDT,0x340218822898f8f1aa566a8252bf4a68b1e84a9f062e4a7b8c848a91417db75a_None_USDT_0xdac17f958d2ee523a2206206994597c13d831ec7,1638880118,1638880118,1,287350000.0,287.35,287.35,0.000000,0.000000,0.800000,tx_agg_rolling_1800s_same_asset_group_or_route,Celer
ETH,eth_flow_261cc391239748__r7fam07__inst01__synth_noise_src_0,0x340218822898f8f1aa566a8252bf4a68b1e84a9f062e4a7b8c848a91417db75a,0x5427fefa711eff984124bfbb1ab6fbf5e3da1820|0x9fcae94d238ba264679b924af7edd782d1ad0d40,0x9fcae94d238ba264679b924af7edd782d1ad0d40,0xdac17f958d2ee523a2206206994597c13d831ec7,USDT,stable:USDT,0x340218822898f8f1aa566a8252bf4a68b1e84a9f062e4a7b8c848a91417db75a_None_USDT_0xdac17f958d2ee523a2206206994597c13d831ec7,1638880118,1638880118,1,287350000.0,287.35,287.35,0.000000,0.000000,0.800000,tx_agg_rolling_1800s_same_asset_group_or_route,Celer
ETH,eth_flow_261cc391239748__r7fam07__inst01__synth_noise_src_1,0x340218822898f8f1aa566a8252bf4a68b1e84a9f062e4a7b8c848a91417db75a,0x5427fefa711eff984124bfbb1ab6fbf5e3da1820|0x9fcae94d238ba264679b924af7edd782d1ad0d40,0x9fcae94d238ba264679b924af7edd782d1ad0d40,0xdac17f958d2ee523a2206206994597c13d831ec7,USDT,stable:USDT,0x340218822898f8f1aa566a8252bf4a68b1e84a9f062e4a7b8c848a91417db75a_None_USDT_0xdac17f958d2ee523a2206206994597c13d831ec7,1638880118,1638880118,1,287350000.0,287.35,287.35,0.000000,0.000000,0.800000,tx_agg_rolling_1800s_same_asset_group_or_route,Celer
ETH,eth_flow_1acfec42dbdc44__r7fam08__inst00__synth_split_src,0xefd218927556d69ec1cfdd330298979a6f334f93b6e3d825052c7a3e409ec2ae,0x5427fefa711eff984124bfbb1ab6fbf5e3da1820|0xaef359e51743680173df6a1699806d5ba8a1439b,0xaef359e51743680173df6a1699806d5ba8a1439b,0xdac17f958d2ee523a2206206994597c13d831ec7,USDT,stable:USDT,0xefd218927556d69ec1cfdd330298979a6f334f93b6e3d825052c7a3e409ec2ae_None_USDT_0xdac17f958d2ee523a2206206994597c13d831ec7,1639801028,1639801028,1,1143271107.0,1143.271107,1143.271107,0.000000,0.000000,0.775000,tx_agg_rolling_1800s_same_asset_group_or_route,Celer
ETH,eth_flow_1acfec42dbdc44__r7fam08__inst00__synth_merge_src1,0xefd218927556d69ec1cfdd330298979a6f334f93b6e3d825052c7a3e409ec2ae,0x5427fefa711eff984124bfbb1ab6fbf5e3da1820|0xaef359e51743680173df6a1699806d5ba8a1439b,0xaef359e51743680173df6a1699806d5ba8a1439b,0xdac17f958d2ee523a2206206994597c13d831ec7,USDT,stable:USDT,0xefd218927556d69ec1cfdd330298979a6f334f93b6e3d825052c7a3e409ec2ae_None_USDT_0xdac17f958d2ee523a2206206994597c13d831ec7,1639801028,1639801028,1,571635553.5,571.6355535,571.6355535,0.000000,0.000000,0.775000,tx_agg_rolling_1800s_same_asset_group_or_route,Celer
ETH,eth_flow_1acfec42dbdc44__r7fam08__inst00__synth_merge_src2,0xefd218927556d69ec1cfdd330298979a6f334f93b6e3d825052c7a3e409ec2ae,0x5427fefa711eff984124bfbb1ab6fbf5e3da1820|0xaef359e51743680173df6a1699806d5ba8a1439b,0xaef359e51743680173df6a1699806d5ba8a1439b,0xdac17f958d2ee523a2206206994597c13d831ec7,USDT,stable:USDT,0xefd218927556d69ec1cfdd330298979a6f334f93b6e3d825052c7a3e409ec2ae_None_USDT_0xdac17f958d2ee523a2206206994597c13d831ec7,1639801028,1639801028,1,571635553.5,571.6355535,571.6355535,0.000000,0.000000,0.775000,tx_agg_rolling_1800s_same_asset_group_or_route,Celer
ETH,eth_flow_1acfec42dbdc44__r7fam08__inst00__synth_unmatched_src,0xefd218927556d69ec1cfdd330298979a6f334f93b6e3d825052c7a3e409ec2ae,0x5427fefa711eff984124bfbb1ab6fbf5e3da1820|0xaef359e51743680173df6a1699806d5ba8a1439b,0xaef359e51743680173df6a1699806d5ba8a1439b,0xdac17f958d2ee523a2206206994597c13d831ec7,USDT,stable:USDT,0xefd218927556d69ec1cfdd330298979a6f334f93b6e3d825052c7a3e409ec2ae_None_USDT_0xdac17f958d2ee523a2206206994597c13d831ec7,1639801028,1639801028,1,1143271107.0,1143.271107,1143.271107,0.000000,0.000000,0.775000,tx_agg_rolling_1800s_same_asset_group_or_route,Celer
ETH,eth_flow_1acfec42dbdc44__r7fam08__inst00__synth_noise_src_0,0xefd218927556d69ec1cfdd330298979a6f334f93b6e3d825052c7a3e409ec2ae,0x5427fefa711eff984124bfbb1ab6fbf5e3da1820|0xaef359e51743680173df6a1699806d5ba8a1439b,0xaef359e51743680173df6a1699806d5ba8a1439b,0xdac17f958d2ee523a2206206994597c13d831ec7,USDT,stable:USDT,0xefd218927556d69ec1cfdd330298979a6f334f93b6e3d825052c7a3e409ec2ae_None_USDT_0xdac17f958d2ee523a2206206994597c13d831ec7,1639801028,1639801028,1,1143271107.0,1143.271107,1143.271107,0.000000,0.000000,0.775000,tx_agg_rolling_1800s_same_asset_group_or_route,Celer
ETH,eth_flow_1acfec42dbdc44__r7fam08__inst00__synth_noise_src_1,0xefd218927556d69ec1cfdd330298979a6f334f93b6e3d825052c7a3e409ec2ae,0x5427fefa711eff984124bfbb1ab6fbf5e3da1820|0xaef359e51743680173df6a1699806d5ba8a1439b,0xaef359e51743680173df6a1699806d5ba8a1439b,0xdac17f958d2ee523a2206206994597c13d831ec7,USDT,stable:USDT,0xefd218927556d69ec1cfdd330298979a6f334f93b6e3d825052c7a3e409ec2ae_None_USDT_0xdac17f958d2ee523a2206206994597c13d831ec7,1639801028,1639801028,1,1143271107.0,1143.271107,1143.271107,0.000000,0.000000,0.775000,tx_agg_rolling_1800s_same_asset_group_or_route,Celer
ETH,eth_flow_fc8851d7de9a47__r7fam08__inst01__synth_split_src,0xaa3f7ff4020a12f494d0587e3bf257a6d412e1dbbceeef8fae0902f09f8a8b47,0x5427fefa711eff984124bfbb1ab6fbf5e3da1820|0x7a65d7bcda8dbd86264f5c5a6fc1a1c2a9a7ed13,0x7a65d7bcda8dbd86264f5c5a6fc1a1c2a9a7ed13,0xdac17f958d2ee523a2206206994597c13d831ec7,USDT,stable:USDT,0xaa3f7ff4020a12f494d0587e3bf257a6d412e1dbbceeef8fae0902f09f8a8b47_None_USDT_0xdac17f958d2ee523a2206206994597c13d831ec7,1638978640,1638978640,1,500000000.0,500.0,500.0,4.651163,4.651163,0.800000,tx_agg_rolling_1800s_same_asset_group_or_route,Celer
ETH,eth_flow_fc8851d7de9a47__r7fam08__inst01__synth_merge_src1,0xaa3f7ff4020a12f494d0587e3bf257a6d412e1dbbceeef8fae0902f09f8a8b47,0x5427fefa711eff984124bfbb1ab6fbf5e3da1820|0x7a65d7bcda8dbd86264f5c5a6fc1a1c2a9a7ed13,0x7a65d7bcda8dbd86264f5c5a6fc1a1c2a9a7ed13,0xdac17f958d2ee523a2206206994597c13d831ec7,USDT,stable:USDT,0xaa3f7ff4020a12f494d0587e3bf257a6d412e1dbbceeef8fae0902f09f8a8b47_None_USDT_0xdac17f958d2ee523a2206206994597c13d831ec7,1638978640,1638978640,1,250000000.0,250.0,250.0,4.651163,4.651163,0.800000,tx_agg_rolling_1800s_same_asset_group_or_route,Celer
ETH,eth_flow_fc8851d7de9a47__r7fam08__inst01__synth_merge_src2,0xaa3f7ff4020a12f494d0587e3bf257a6d412e1dbbceeef8fae0902f09f8a8b47,0x5427fefa711eff984124bfbb1ab6fbf5e3da1820|0x7a65d7bcda8dbd86264f5c5a6fc1a1c2a9a7ed13,0x7a65d7bcda8dbd86264f5c5a6fc1a1c2a9a7ed13,0xdac17f958d2ee523a2206206994597c13d831ec7,USDT,stable:USDT,0xaa3f7ff4020a12f494d0587e3bf257a6d412e1dbbceeef8fae0902f09f8a8b47_None_USDT_0xdac17f958d2ee523a2206206994597c13d831ec7,1638978640,1638978640,1,250000000.0,250.0,250.0,4.651163,4.651163,0.800000,tx_agg_rolling_1800s_same_asset_group_or_route,Celer
ETH,eth_flow_fc8851d7de9a47__r7fam08__inst01__synth_unmatched_src,0xaa3f7ff4020a12f494d0587e3bf257a6d412e1dbbceeef8fae0902f09f8a8b47,0x5427fefa711eff984124bfbb1ab6fbf5e3da1820|0x7a65d7bcda8dbd86264f5c5a6fc1a1c2a9a7ed13,0x7a65d7bcda8dbd86264f5c5a6fc1a1c2a9a7ed13,0xdac17f958d2ee523a2206206994597c13d831ec7,USDT,stable:USDT,0xaa3f7ff4020a12f494d0587e3bf257a6d412e1dbbceeef8fae0902f09f8a8b47_None_USDT_0xdac17f958d2ee523a2206206994597c13d831ec7,1638978640,1638978640,1,500000000.0,500.0,500.0,4.651163,4.651163,0.800000,tx_agg_rolling_1800s_same_asset_group_or_route,Celer
ETH,eth_flow_fc8851d7de9a47__r7fam08__inst01__synth_noise_src_0,0xaa3f7ff4020a12f494d0587e3bf257a6d412e1dbbceeef8fae0902f09f8a8b47,0x5427fefa711eff984124bfbb1ab6fbf5e3da1820|0x7a65d7bcda8dbd86264f5c5a6fc1a1c2a9a7ed13,0x7a65d7bcda8dbd86264f5c5a6fc1a1c2a9a7ed13,0xdac17f958d2ee523a2206206994597c13d831ec7,USDT,stable:USDT,0xaa3f7ff4020a12f494d0587e3bf257a6d412e1dbbceeef8fae0902f09f8a8b47_None_USDT_0xdac17f958d2ee523a2206206994597c13d831ec7,1638978640,1638978640,1,500000000.0,500.0,500.0,4.651163,4.651163,0.800000,tx_agg_rolling_1800s_same_asset_group_or_route,Celer
ETH,eth_flow_fc8851d7de9a47__r7fam08__inst01__synth_noise_src_1,0xaa3f7ff4020a12f494d0587e3bf257a6d412e1dbbceeef8fae0902f09f8a8b47,0x5427fefa711eff984124bfbb1ab6fbf5e3da1820|0x7a65d7bcda8dbd86264f5c5a6fc1a1c2a9a7ed13,0x7a65d7bcda8dbd86264f5c5a6fc1a1c2a9a7ed13,0xdac17f958d2ee523a2206206994597c13d831ec7,USDT,stable:USDT,0xaa3f7ff4020a12f494d0587e3bf257a6d412e1dbbceeef8fae0902f09f8a8b47_None_USDT_0xdac17f958d2ee523a2206206994597c13d831ec7,1638978640,1638978640,1,500000000.0,500.0,500.0,4.651163,4.651163,0.800000,tx_agg_rolling_1800s_same_asset_group_or_route,Celer
ETH,eth_flow_927be6e341ef4a__r7fam09__inst00__synth_split_src,0x7766282cb0d621adf6e4c9c5698fea57f0eab36230ff7ece68dcd55bd92cdb50,0x23ea51e2bccfd9a93cbfaa240c83c06063267fcc|0x5427fefa711eff984124bfbb1ab6fbf5e3da1820,0x23ea51e2bccfd9a93cbfaa240c83c06063267fcc,0xa0b86991c6218b36c1d19d4a2e9eb0ce3606eb48,USDC,stable:USDC,0x7766282cb0d621adf6e4c9c5698fea57f0eab36230ff7ece68dcd55bd92cdb50_None_USDC_0xa0b86991c6218b36c1d19d4a2e9eb0ce3606eb48,1638790985,1638790985,1,300000000.0,300.0,300.0,0.000000,0.000000,0.800000,tx_agg_rolling_1800s_same_asset_group_or_route,Celer
ETH,eth_flow_927be6e341ef4a__r7fam09__inst00__synth_merge_src1,0x7766282cb0d621adf6e4c9c5698fea57f0eab36230ff7ece68dcd55bd92cdb50,0x23ea51e2bccfd9a93cbfaa240c83c06063267fcc|0x5427fefa711eff984124bfbb1ab6fbf5e3da1820,0x23ea51e2bccfd9a93cbfaa240c83c06063267fcc,0xa0b86991c6218b36c1d19d4a2e9eb0ce3606eb48,USDC,stable:USDC,0x7766282cb0d621adf6e4c9c5698fea57f0eab36230ff7ece68dcd55bd92cdb50_None_USDC_0xa0b86991c6218b36c1d19d4a2e9eb0ce3606eb48,1638790985,1638790985,1,150000000.0,150.0,150.0,0.000000,0.000000,0.800000,tx_agg_rolling_1800s_same_asset_group_or_route,Celer
ETH,eth_flow_927be6e341ef4a__r7fam09__inst00__synth_merge_src2,0x7766282cb0d621adf6e4c9c5698fea57f0eab36230ff7ece68dcd55bd92cdb50,0x23ea51e2bccfd9a93cbfaa240c83c06063267fcc|0x5427fefa711eff984124bfbb1ab6fbf5e3da1820,0x23ea51e2bccfd9a93cbfaa240c83c06063267fcc,0xa0b86991c6218b36c1d19d4a2e9eb0ce3606eb48,USDC,stable:USDC,0x7766282cb0d621adf6e4c9c5698fea57f0eab36230ff7ece68dcd55bd92cdb50_None_USDC_0xa0b86991c6218b36c1d19d4a2e9eb0ce3606eb48,1638790985,1638790985,1,150000000.0,150.0,150.0,0.000000,0.000000,0.800000,tx_agg_rolling_1800s_same_asset_group_or_route,Celer
ETH,eth_flow_927be6e341ef4a__r7fam09__inst00__synth_unmatched_src,0x7766282cb0d621adf6e4c9c5698fea57f0eab36230ff7ece68dcd55bd92cdb50,0x23ea51e2bccfd9a93cbfaa240c83c06063267fcc|0x5427fefa711eff984124bfbb1ab6fbf5e3da1820,0x23ea51e2bccfd9a93cbfaa240c83c06063267fcc,0xa0b86991c6218b36c1d19d4a2e9eb0ce3606eb48,USDC,stable:USDC,0x7766282cb0d621adf6e4c9c5698fea57f0eab36230ff7ece68dcd55bd92cdb50_None_USDC_0xa0b86991c6218b36c1d19d4a2e9eb0ce3606eb48,1638790985,1638790985,1,300000000.0,300.0,300.0,0.000000,0.000000,0.800000,tx_agg_rolling_1800s_same_asset_group_or_route,Celer
ETH,eth_flow_927be6e341ef4a__r7fam09__inst00__synth_noise_src_0,0x7766282cb0d621adf6e4c9c5698fea57f0eab36230ff7ece68dcd55bd92cdb50,0x23ea51e2bccfd9a93cbfaa240c83c06063267fcc|0x5427fefa711eff984124bfbb1ab6fbf5e3da1820,0x23ea51e2bccfd9a93cbfaa240c83c06063267fcc,0xa0b86991c6218b36c1d19d4a2e9eb0ce3606eb48,USDC,stable:USDC,0x7766282cb0d621adf6e4c9c5698fea57f0eab36230ff7ece68dcd55bd92cdb50_None_USDC_0xa0b86991c6218b36c1d19d4a2e9eb0ce3606eb48,1638790985,1638790985,1,300000000.0,300.0,300.0,0.000000,0.000000,0.800000,tx_agg_rolling_1800s_same_asset_group_or_route,Celer
ETH,eth_flow_927be6e341ef4a__r7fam09__inst00__synth_noise_src_1,0x7766282cb0d621adf6e4c9c5698fea57f0eab36230ff7ece68dcd55bd92cdb50,0x23ea51e2bccfd9a93cbfaa240c83c06063267fcc|0x5427fefa711eff984124bfbb1ab6fbf5e3da1820,0x23ea51e2bccfd9a93cbfaa240c83c06063267fcc,0xa0b86991c6218b36c1d19d4a2e9eb0ce3606eb48,USDC,stable:USDC,0x7766282cb0d621adf6e4c9c5698fea57f0eab36230ff7ece68dcd55bd92cdb50_None_USDC_0xa0b86991c6218b36c1d19d4a2e9eb0ce3606eb48,1638790985,1638790985,1,300000000.0,300.0,300.0,0.000000,0.000000,0.800000,tx_agg_rolling_1800s_same_asset_group_or_route,Celer
ETH,eth_flow_6a017b95e8694f__r7fam09__inst01__synth_split_src,0x67c03f4f2491e7f6ded0539f1f33e19dfe62e03ea204461225e8cea0dcbd9c0d,0x5427fefa711eff984124bfbb1ab6fbf5e3da1820|0x8fcbe6380d4581d81bdb6f43309a424674f2702c,0x8fcbe6380d4581d81bdb6f43309a424674f2702c,0xa0b86991c6218b36c1d19d4a2e9eb0ce3606eb48,USDC,stable:USDC,0x67c03f4f2491e7f6ded0539f1f33e19dfe62e03ea204461225e8cea0dcbd9c0d_None_USDC_0xa0b86991c6218b36c1d19d4a2e9eb0ce3606eb48,1641068703,1641068703,1,300513255.0,300.513255,300.513255,0.000000,0.000000,0.750000,tx_agg_rolling_1800s_same_asset_group_or_route,Celer
ETH,eth_flow_6a017b95e8694f__r7fam09__inst01__synth_merge_src1,0x67c03f4f2491e7f6ded0539f1f33e19dfe62e03ea204461225e8cea0dcbd9c0d,0x5427fefa711eff984124bfbb1ab6fbf5e3da1820|0x8fcbe6380d4581d81bdb6f43309a424674f2702c,0x8fcbe6380d4581d81bdb6f43309a424674f2702c,0xa0b86991c6218b36c1d19d4a2e9eb0ce3606eb48,USDC,stable:USDC,0x67c03f4f2491e7f6ded0539f1f33e19dfe62e03ea204461225e8cea0dcbd9c0d_None_USDC_0xa0b86991c6218b36c1d19d4a2e9eb0ce3606eb48,1641068703,1641068703,1,150256627.5,150.2566275,150.2566275,0.000000,0.000000,0.750000,tx_agg_rolling_1800s_same_asset_group_or_route,Celer
ETH,eth_flow_6a017b95e8694f__r7fam09__inst01__synth_merge_src2,0x67c03f4f2491e7f6ded0539f1f33e19dfe62e03ea204461225e8cea0dcbd9c0d,0x5427fefa711eff984124bfbb1ab6fbf5e3da1820|0x8fcbe6380d4581d81bdb6f43309a424674f2702c,0x8fcbe6380d4581d81bdb6f43309a424674f2702c,0xa0b86991c6218b36c1d19d4a2e9eb0ce3606eb48,USDC,stable:USDC,0x67c03f4f2491e7f6ded0539f1f33e19dfe62e03ea204461225e8cea0dcbd9c0d_None_USDC_0xa0b86991c6218b36c1d19d4a2e9eb0ce3606eb48,1641068703,1641068703,1,150256627.5,150.2566275,150.2566275,0.000000,0.000000,0.750000,tx_agg_rolling_1800s_same_asset_group_or_route,Celer
ETH,eth_flow_6a017b95e8694f__r7fam09__inst01__synth_unmatched_src,0x67c03f4f2491e7f6ded0539f1f33e19dfe62e03ea204461225e8cea0dcbd9c0d,0x5427fefa711eff984124bfbb1ab6fbf5e3da1820|0x8fcbe6380d4581d81bdb6f43309a424674f2702c,0x8fcbe6380d4581d81bdb6f43309a424674f2702c,0xa0b86991c6218b36c1d19d4a2e9eb0ce3606eb48,USDC,stable:USDC,0x67c03f4f2491e7f6ded0539f1f33e19dfe62e03ea204461225e8cea0dcbd9c0d_None_USDC_0xa0b86991c6218b36c1d19d4a2e9eb0ce3606eb48,1641068703,1641068703,1,300513255.0,300.513255,300.513255,0.000000,0.000000,0.750000,tx_agg_rolling_1800s_same_asset_group_or_route,Celer
ETH,eth_flow_6a017b95e8694f__r7fam09__inst01__synth_noise_src_0,0x67c03f4f2491e7f6ded0539f1f33e19dfe62e03ea204461225e8cea0dcbd9c0d,0x5427fefa711eff984124bfbb1ab6fbf5e3da1820|0x8fcbe6380d4581d81bdb6f43309a424674f2702c,0x8fcbe6380d4581d81bdb6f43309a424674f2702c,0xa0b86991c6218b36c1d19d4a2e9eb0ce3606eb48,USDC,stable:USDC,0x67c03f4f2491e7f6ded0539f1f33e19dfe62e03ea204461225e8cea0dcbd9c0d_None_USDC_0xa0b86991c6218b36c1d19d4a2e9eb0ce3606eb48,1641068703,1641068703,1,300513255.0,300.513255,300.513255,0.000000,0.000000,0.750000,tx_agg_rolling_1800s_same_asset_group_or_route,Celer
ETH,eth_flow_6a017b95e8694f__r7fam09__inst01__synth_noise_src_1,0x67c03f4f2491e7f6ded0539f1f33e19dfe62e03ea204461225e8cea0dcbd9c0d,0x5427fefa711eff984124bfbb1ab6fbf5e3da1820|0x8fcbe6380d4581d81bdb6f43309a424674f2702c,0x8fcbe6380d4581d81bdb6f43309a424674f2702c,0xa0b86991c6218b36c1d19d4a2e9eb0ce3606eb48,USDC,stable:USDC,0x67c03f4f2491e7f6ded0539f1f33e19dfe62e03ea204461225e8cea0dcbd9c0d_None_USDC_0xa0b86991c6218b36c1d19d4a2e9eb0ce3606eb48,1641068703,1641068703,1,300513255.0,300.513255,300.513255,0.000000,0.000000,0.750000,tx_agg_rolling_1800s_same_asset_group_or_route,Celer
ETH,eth_flow_c33ec5fb04d64c__r7fam10__inst00__synth_split_src,0x7bd5768d563f4676c8d35dff479c192a083e77f0f0e0f72d0d4ce3be8d57cd36,0x5427fefa711eff984124bfbb1ab6fbf5e3da1820|0x871859825948e4583e6355c54cdd10ee46b17996,0x871859825948e4583e6355c54cdd10ee46b17996,0xdac17f958d2ee523a2206206994597c13d831ec7,USDT,stable:USDT,0x7bd5768d563f4676c8d35dff479c192a083e77f0f0e0f72d0d4ce3be8d57cd36_None_USDT_0xdac17f958d2ee523a2206206994597c13d831ec7,1638831039,1638831039,1,450000000.0,450.0,450.0,0.000000,0.000000,0.800000,tx_agg_rolling_1800s_same_asset_group_or_route,Celer
ETH,eth_flow_c33ec5fb04d64c__r7fam10__inst00__synth_merge_src1,0x7bd5768d563f4676c8d35dff479c192a083e77f0f0e0f72d0d4ce3be8d57cd36,0x5427fefa711eff984124bfbb1ab6fbf5e3da1820|0x871859825948e4583e6355c54cdd10ee46b17996,0x871859825948e4583e6355c54cdd10ee46b17996,0xdac17f958d2ee523a2206206994597c13d831ec7,USDT,stable:USDT,0x7bd5768d563f4676c8d35dff479c192a083e77f0f0e0f72d0d4ce3be8d57cd36_None_USDT_0xdac17f958d2ee523a2206206994597c13d831ec7,1638831039,1638831039,1,225000000.0,225.0,225.0,0.000000,0.000000,0.800000,tx_agg_rolling_1800s_same_asset_group_or_route,Celer
ETH,eth_flow_c33ec5fb04d64c__r7fam10__inst00__synth_merge_src2,0x7bd5768d563f4676c8d35dff479c192a083e77f0f0e0f72d0d4ce3be8d57cd36,0x5427fefa711eff984124bfbb1ab6fbf5e3da1820|0x871859825948e4583e6355c54cdd10ee46b17996,0x871859825948e4583e6355c54cdd10ee46b17996,0xdac17f958d2ee523a2206206994597c13d831ec7,USDT,stable:USDT,0x7bd5768d563f4676c8d35dff479c192a083e77f0f0e0f72d0d4ce3be8d57cd36_None_USDT_0xdac17f958d2ee523a2206206994597c13d831ec7,1638831039,1638831039,1,225000000.0,225.0,225.0,0.000000,0.000000,0.800000,tx_agg_rolling_1800s_same_asset_group_or_route,Celer
ETH,eth_flow_c33ec5fb04d64c__r7fam10__inst00__synth_unmatched_src,0x7bd5768d563f4676c8d35dff479c192a083e77f0f0e0f72d0d4ce3be8d57cd36,0x5427fefa711eff984124bfbb1ab6fbf5e3da1820|0x871859825948e4583e6355c54cdd10ee46b17996,0x871859825948e4583e6355c54cdd10ee46b17996,0xdac17f958d2ee523a2206206994597c13d831ec7,USDT,stable:USDT,0x7bd5768d563f4676c8d35dff479c192a083e77f0f0e0f72d0d4ce3be8d57cd36_None_USDT_0xdac17f958d2ee523a2206206994597c13d831ec7,1638831039,1638831039,1,450000000.0,450.0,450.0,0.000000,0.000000,0.800000,tx_agg_rolling_1800s_same_asset_group_or_route,Celer
ETH,eth_flow_c33ec5fb04d64c__r7fam10__inst00__synth_noise_src_0,0x7bd5768d563f4676c8d35dff479c192a083e77f0f0e0f72d0d4ce3be8d57cd36,0x5427fefa711eff984124bfbb1ab6fbf5e3da1820|0x871859825948e4583e6355c54cdd10ee46b17996,0x871859825948e4583e6355c54cdd10ee46b17996,0xdac17f958d2ee523a2206206994597c13d831ec7,USDT,stable:USDT,0x7bd5768d563f4676c8d35dff479c192a083e77f0f0e0f72d0d4ce3be8d57cd36_None_USDT_0xdac17f958d2ee523a2206206994597c13d831ec7,1638831039,1638831039,1,450000000.0,450.0,450.0,0.000000,0.000000,0.800000,tx_agg_rolling_1800s_same_asset_group_or_route,Celer
ETH,eth_flow_c33ec5fb04d64c__r7fam10__inst00__synth_noise_src_1,0x7bd5768d563f4676c8d35dff479c192a083e77f0f0e0f72d0d4ce3be8d57cd36,0x5427fefa711eff984124bfbb1ab6fbf5e3da1820|0x871859825948e4583e6355c54cdd10ee46b17996,0x871859825948e4583e6355c54cdd10ee46b17996,0xdac17f958d2ee523a2206206994597c13d831ec7,USDT,stable:USDT,0x7bd5768d563f4676c8d35dff479c192a083e77f0f0e0f72d0d4ce3be8d57cd36_None_USDT_0xdac17f958d2ee523a2206206994597c13d831ec7,1638831039,1638831039,1,450000000.0,450.0,450.0,0.000000,0.000000,0.800000,tx_agg_rolling_1800s_same_asset_group_or_route,Celer
ETH,eth_flow_8767da9abafd42__r7fam10__inst01__synth_split_src,0x7750ba81471611faec5e6b15cfc349bf7c072e48d6707eedc20aeeea01bd336d,0x3f8fb829160ebeeecf0d7dc941bdf99b1414faeb|0x5427fefa711eff984124bfbb1ab6fbf5e3da1820,0x3f8fb829160ebeeecf0d7dc941bdf99b1414faeb,0xdac17f958d2ee523a2206206994597c13d831ec7,USDT,stable:USDT,0x7750ba81471611faec5e6b15cfc349bf7c072e48d6707eedc20aeeea01bd336d_None_USDT_0xdac17f958d2ee523a2206206994597c13d831ec7,1639828400,1639828400,1,552432682.0,552.432682,552.432682,0.000000,0.000000,0.775000,tx_agg_rolling_1800s_same_asset_group_or_route,Celer
ETH,eth_flow_8767da9abafd42__r7fam10__inst01__synth_merge_src1,0x7750ba81471611faec5e6b15cfc349bf7c072e48d6707eedc20aeeea01bd336d,0x3f8fb829160ebeeecf0d7dc941bdf99b1414faeb|0x5427fefa711eff984124bfbb1ab6fbf5e3da1820,0x3f8fb829160ebeeecf0d7dc941bdf99b1414faeb,0xdac17f958d2ee523a2206206994597c13d831ec7,USDT,stable:USDT,0x7750ba81471611faec5e6b15cfc349bf7c072e48d6707eedc20aeeea01bd336d_None_USDT_0xdac17f958d2ee523a2206206994597c13d831ec7,1639828400,1639828400,1,276216341.0,276.216341,276.216341,0.000000,0.000000,0.775000,tx_agg_rolling_1800s_same_asset_group_or_route,Celer
ETH,eth_flow_8767da9abafd42__r7fam10__inst01__synth_merge_src2,0x7750ba81471611faec5e6b15cfc349bf7c072e48d6707eedc20aeeea01bd336d,0x3f8fb829160ebeeecf0d7dc941bdf99b1414faeb|0x5427fefa711eff984124bfbb1ab6fbf5e3da1820,0x3f8fb829160ebeeecf0d7dc941bdf99b1414faeb,0xdac17f958d2ee523a2206206994597c13d831ec7,USDT,stable:USDT,0x7750ba81471611faec5e6b15cfc349bf7c072e48d6707eedc20aeeea01bd336d_None_USDT_0xdac17f958d2ee523a2206206994597c13d831ec7,1639828400,1639828400,1,276216341.0,276.216341,276.216341,0.000000,0.000000,0.775000,tx_agg_rolling_1800s_same_asset_group_or_route,Celer
ETH,eth_flow_8767da9abafd42__r7fam10__inst01__synth_unmatched_src,0x7750ba81471611faec5e6b15cfc349bf7c072e48d6707eedc20aeeea01bd336d,0x3f8fb829160ebeeecf0d7dc941bdf99b1414faeb|0x5427fefa711eff984124bfbb1ab6fbf5e3da1820,0x3f8fb829160ebeeecf0d7dc941bdf99b1414faeb,0xdac17f958d2ee523a2206206994597c13d831ec7,USDT,stable:USDT,0x7750ba81471611faec5e6b15cfc349bf7c072e48d6707eedc20aeeea01bd336d_None_USDT_0xdac17f958d2ee523a2206206994597c13d831ec7,1639828400,1639828400,1,552432682.0,552.432682,552.432682,0.000000,0.000000,0.775000,tx_agg_rolling_1800s_same_asset_group_or_route,Celer
ETH,eth_flow_8767da9abafd42__r7fam10__inst01__synth_noise_src_0,0x7750ba81471611faec5e6b15cfc349bf7c072e48d6707eedc20aeeea01bd336d,0x3f8fb829160ebeeecf0d7dc941bdf99b1414faeb|0x5427fefa711eff984124bfbb1ab6fbf5e3da1820,0x3f8fb829160ebeeecf0d7dc941bdf99b1414faeb,0xdac17f958d2ee523a2206206994597c13d831ec7,USDT,stable:USDT,0x7750ba81471611faec5e6b15cfc349bf7c072e48d6707eedc20aeeea01bd336d_None_USDT_0xdac17f958d2ee523a2206206994597c13d831ec7,1639828400,1639828400,1,552432682.0,552.432682,552.432682,0.000000,0.000000,0.775000,tx_agg_rolling_1800s_same_asset_group_or_route,Celer
ETH,eth_flow_8767da9abafd42__r7fam10__inst01__synth_noise_src_1,0x7750ba81471611faec5e6b15cfc349bf7c072e48d6707eedc20aeeea01bd336d,0x3f8fb829160ebeeecf0d7dc941bdf99b1414faeb|0x5427fefa711eff984124bfbb1ab6fbf5e3da1820,0x3f8fb829160ebeeecf0d7dc941bdf99b1414faeb,0xdac17f958d2ee523a2206206994597c13d831ec7,USDT,stable:USDT,0x7750ba81471611faec5e6b15cfc349bf7c072e48d6707eedc20aeeea01bd336d_None_USDT_0xdac17f958d2ee523a2206206994597c13d831ec7,1639828400,1639828400,1,552432682.0,552.432682,552.432682,0.000000,0.000000,0.775000,tx_agg_rolling_1800s_same_asset_group_or_route,Celer
ETH,eth_flow_ccaf1ae9f76040__r7fam11__inst00__synth_split_src,0xdc8c7cb0c76de0b2480ab39c3a795dd41a09f644222b7abddeff8d48d853dd3a,0x5427fefa711eff984124bfbb1ab6fbf5e3da1820|0x8e95e0b3f4cb4b6f7d1935e9a950e8dca5126c9f,0x8e95e0b3f4cb4b6f7d1935e9a950e8dca5126c9f,0xdac17f958d2ee523a2206206994597c13d831ec7,USDT,stable:USDT,0xdc8c7cb0c76de0b2480ab39c3a795dd41a09f644222b7abddeff8d48d853dd3a_None_USDT_0xdac17f958d2ee523a2206206994597c13d831ec7,1640739141,1640739141,1,558600000.0,558.6,558.6,0.000000,0.000000,0.775000,tx_agg_rolling_1800s_same_asset_group_or_route,Celer
ETH,eth_flow_ccaf1ae9f76040__r7fam11__inst00__synth_merge_src1,0xdc8c7cb0c76de0b2480ab39c3a795dd41a09f644222b7abddeff8d48d853dd3a,0x5427fefa711eff984124bfbb1ab6fbf5e3da1820|0x8e95e0b3f4cb4b6f7d1935e9a950e8dca5126c9f,0x8e95e0b3f4cb4b6f7d1935e9a950e8dca5126c9f,0xdac17f958d2ee523a2206206994597c13d831ec7,USDT,stable:USDT,0xdc8c7cb0c76de0b2480ab39c3a795dd41a09f644222b7abddeff8d48d853dd3a_None_USDT_0xdac17f958d2ee523a2206206994597c13d831ec7,1640739141,1640739141,1,279300000.0,279.3,279.3,0.000000,0.000000,0.775000,tx_agg_rolling_1800s_same_asset_group_or_route,Celer
ETH,eth_flow_ccaf1ae9f76040__r7fam11__inst00__synth_merge_src2,0xdc8c7cb0c76de0b2480ab39c3a795dd41a09f644222b7abddeff8d48d853dd3a,0x5427fefa711eff984124bfbb1ab6fbf5e3da1820|0x8e95e0b3f4cb4b6f7d1935e9a950e8dca5126c9f,0x8e95e0b3f4cb4b6f7d1935e9a950e8dca5126c9f,0xdac17f958d2ee523a2206206994597c13d831ec7,USDT,stable:USDT,0xdc8c7cb0c76de0b2480ab39c3a795dd41a09f644222b7abddeff8d48d853dd3a_None_USDT_0xdac17f958d2ee523a2206206994597c13d831ec7,1640739141,1640739141,1,279300000.0,279.3,279.3,0.000000,0.000000,0.775000,tx_agg_rolling_1800s_same_asset_group_or_route,Celer
ETH,eth_flow_ccaf1ae9f76040__r7fam11__inst00__synth_unmatched_src,0xdc8c7cb0c76de0b2480ab39c3a795dd41a09f644222b7abddeff8d48d853dd3a,0x5427fefa711eff984124bfbb1ab6fbf5e3da1820|0x8e95e0b3f4cb4b6f7d1935e9a950e8dca5126c9f,0x8e95e0b3f4cb4b6f7d1935e9a950e8dca5126c9f,0xdac17f958d2ee523a2206206994597c13d831ec7,USDT,stable:USDT,0xdc8c7cb0c76de0b2480ab39c3a795dd41a09f644222b7abddeff8d48d853dd3a_None_USDT_0xdac17f958d2ee523a2206206994597c13d831ec7,1640739141,1640739141,1,558600000.0,558.6,558.6,0.000000,0.000000,0.775000,tx_agg_rolling_1800s_same_asset_group_or_route,Celer
ETH,eth_flow_ccaf1ae9f76040__r7fam11__inst00__synth_noise_src_0,0xdc8c7cb0c76de0b2480ab39c3a795dd41a09f644222b7abddeff8d48d853dd3a,0x5427fefa711eff984124bfbb1ab6fbf5e3da1820|0x8e95e0b3f4cb4b6f7d1935e9a950e8dca5126c9f,0x8e95e0b3f4cb4b6f7d1935e9a950e8dca5126c9f,0xdac17f958d2ee523a2206206994597c13d831ec7,USDT,stable:USDT,0xdc8c7cb0c76de0b2480ab39c3a795dd41a09f644222b7abddeff8d48d853dd3a_None_USDT_0xdac17f958d2ee523a2206206994597c13d831ec7,1640739141,1640739141,1,558600000.0,558.6,558.6,0.000000,0.000000,0.775000,tx_agg_rolling_1800s_same_asset_group_or_route,Celer
ETH,eth_flow_ccaf1ae9f76040__r7fam11__inst00__synth_noise_src_1,0xdc8c7cb0c76de0b2480ab39c3a795dd41a09f644222b7abddeff8d48d853dd3a,0x5427fefa711eff984124bfbb1ab6fbf5e3da1820|0x8e95e0b3f4cb4b6f7d1935e9a950e8dca5126c9f,0x8e95e0b3f4cb4b6f7d1935e9a950e8dca5126c9f,0xdac17f958d2ee523a2206206994597c13d831ec7,USDT,stable:USDT,0xdc8c7cb0c76de0b2480ab39c3a795dd41a09f644222b7abddeff8d48d853dd3a_None_USDT_0xdac17f958d2ee523a2206206994597c13d831ec7,1640739141,1640739141,1,558600000.0,558.6,558.6,0.000000,0.000000,0.775000,tx_agg_rolling_1800s_same_asset_group_or_route,Celer
ETH,eth_flow_f786b95d6aa547__r7fam11__inst01__synth_split_src,0x5938b669c838e3ea06972fc7fda78bbc6245b33b4e6259bf18bc6c5dcd491424,0x5427fefa711eff984124bfbb1ab6fbf5e3da1820|0xae7d1c67dc380439abe3250c9c65f2ee2a0de184,0xae7d1c67dc380439abe3250c9c65f2ee2a0de184,0xdac17f958d2ee523a2206206994597c13d831ec7,USDT,stable:USDT,0x5938b669c838e3ea06972fc7fda78bbc6245b33b4e6259bf18bc6c5dcd491424_None_USDT_0xdac17f958d2ee523a2206206994597c13d831ec7,1639525689,1639525689,1,495000000.0,495.0,495.0,0.000000,0.000000,0.800000,tx_agg_rolling_1800s_same_asset_group_or_route,Celer
ETH,eth_flow_f786b95d6aa547__r7fam11__inst01__synth_merge_src1,0x5938b669c838e3ea06972fc7fda78bbc6245b33b4e6259bf18bc6c5dcd491424,0x5427fefa711eff984124bfbb1ab6fbf5e3da1820|0xae7d1c67dc380439abe3250c9c65f2ee2a0de184,0xae7d1c67dc380439abe3250c9c65f2ee2a0de184,0xdac17f958d2ee523a2206206994597c13d831ec7,USDT,stable:USDT,0x5938b669c838e3ea06972fc7fda78bbc6245b33b4e6259bf18bc6c5dcd491424_None_USDT_0xdac17f958d2ee523a2206206994597c13d831ec7,1639525689,1639525689,1,247500000.0,247.5,247.5,0.000000,0.000000,0.800000,tx_agg_rolling_1800s_same_asset_group_or_route,Celer
ETH,eth_flow_f786b95d6aa547__r7fam11__inst01__synth_merge_src2,0x5938b669c838e3ea06972fc7fda78bbc6245b33b4e6259bf18bc6c5dcd491424,0x5427fefa711eff984124bfbb1ab6fbf5e3da1820|0xae7d1c67dc380439abe3250c9c65f2ee2a0de184,0xae7d1c67dc380439abe3250c9c65f2ee2a0de184,0xdac17f958d2ee523a2206206994597c13d831ec7,USDT,stable:USDT,0x5938b669c838e3ea06972fc7fda78bbc6245b33b4e6259bf18bc6c5dcd491424_None_USDT_0xdac17f958d2ee523a2206206994597c13d831ec7,1639525689,1639525689,1,247500000.0,247.5,247.5,0.000000,0.000000,0.800000,tx_agg_rolling_1800s_same_asset_group_or_route,Celer
ETH,eth_flow_f786b95d6aa547__r7fam11__inst01__synth_unmatched_src,0x5938b669c838e3ea06972fc7fda78bbc6245b33b4e6259bf18bc6c5dcd491424,0x5427fefa711eff984124bfbb1ab6fbf5e3da1820|0xae7d1c67dc380439abe3250c9c65f2ee2a0de184,0xae7d1c67dc380439abe3250c9c65f2ee2a0de184,0xdac17f958d2ee523a2206206994597c13d831ec7,USDT,stable:USDT,0x5938b669c838e3ea06972fc7fda78bbc6245b33b4e6259bf18bc6c5dcd491424_None_USDT_0xdac17f958d2ee523a2206206994597c13d831ec7,1639525689,1639525689,1,495000000.0,495.0,495.0,0.000000,0.000000,0.800000,tx_agg_rolling_1800s_same_asset_group_or_route,Celer
ETH,eth_flow_f786b95d6aa547__r7fam11__inst01__synth_noise_src_0,0x5938b669c838e3ea06972fc7fda78bbc6245b33b4e6259bf18bc6c5dcd491424,0x5427fefa711eff984124bfbb1ab6fbf5e3da1820|0xae7d1c67dc380439abe3250c9c65f2ee2a0de184,0xae7d1c67dc380439abe3250c9c65f2ee2a0de184,0xdac17f958d2ee523a2206206994597c13d831ec7,USDT,stable:USDT,0x5938b669c838e3ea06972fc7fda78bbc6245b33b4e6259bf18bc6c5dcd491424_None_USDT_0xdac17f958d2ee523a2206206994597c13d831ec7,1639525689,1639525689,1,495000000.0,495.0,495.0,0.000000,0.000000,0.800000,tx_agg_rolling_1800s_same_asset_group_or_route,Celer
ETH,eth_flow_f786b95d6aa547__r7fam11__inst01__synth_noise_src_1,0x5938b669c838e3ea06972fc7fda78bbc6245b33b4e6259bf18bc6c5dcd491424,0x5427fefa711eff984124bfbb1ab6fbf5e3da1820|0xae7d1c67dc380439abe3250c9c65f2ee2a0de184,0xae7d1c67dc380439abe3250c9c65f2ee2a0de184,0xdac17f958d2ee523a2206206994597c13d831ec7,USDT,stable:USDT,0x5938b669c838e3ea06972fc7fda78bbc6245b33b4e6259bf18bc6c5dcd491424_None_USDT_0xdac17f958d2ee523a2206206994597c13d831ec7,1639525689,1639525689,1,495000000.0,495.0,495.0,0.000000,0.000000,0.800000,tx_agg_rolling_1800s_same_asset_group_or_route,Celer
ETH,eth_flow_5e46119813894d__r7fam12__inst00__synth_split_src,0x085c475b265f534a8925d1090aed2e22dc796c87366d484cf9c7ab267f0f2fa4,0x5427fefa711eff984124bfbb1ab6fbf5e3da1820|0xaa74f9df7664e66783eca091f93dde27b233b58b,0xaa74f9df7664e66783eca091f93dde27b233b58b,0xdac17f958d2ee523a2206206994597c13d831ec7,USDT,stable:USDT,0x085c475b265f534a8925d1090aed2e22dc796c87366d484cf9c7ab267f0f2fa4_None_USDT_0xdac17f958d2ee523a2206206994597c13d831ec7,1639844833,1639844833,1,2978915282.0,2978.915282,2978.915282,0.000000,0.000000,0.775000,tx_agg_rolling_1800s_same_asset_group_or_route,Celer
ETH,eth_flow_5e46119813894d__r7fam12__inst00__synth_merge_src1,0x085c475b265f534a8925d1090aed2e22dc796c87366d484cf9c7ab267f0f2fa4,0x5427fefa711eff984124bfbb1ab6fbf5e3da1820|0xaa74f9df7664e66783eca091f93dde27b233b58b,0xaa74f9df7664e66783eca091f93dde27b233b58b,0xdac17f958d2ee523a2206206994597c13d831ec7,USDT,stable:USDT,0x085c475b265f534a8925d1090aed2e22dc796c87366d484cf9c7ab267f0f2fa4_None_USDT_0xdac17f958d2ee523a2206206994597c13d831ec7,1639844833,1639844833,1,1489457641.0,1489.457641,1489.457641,0.000000,0.000000,0.775000,tx_agg_rolling_1800s_same_asset_group_or_route,Celer
ETH,eth_flow_5e46119813894d__r7fam12__inst00__synth_merge_src2,0x085c475b265f534a8925d1090aed2e22dc796c87366d484cf9c7ab267f0f2fa4,0x5427fefa711eff984124bfbb1ab6fbf5e3da1820|0xaa74f9df7664e66783eca091f93dde27b233b58b,0xaa74f9df7664e66783eca091f93dde27b233b58b,0xdac17f958d2ee523a2206206994597c13d831ec7,USDT,stable:USDT,0x085c475b265f534a8925d1090aed2e22dc796c87366d484cf9c7ab267f0f2fa4_None_USDT_0xdac17f958d2ee523a2206206994597c13d831ec7,1639844833,1639844833,1,1489457641.0,1489.457641,1489.457641,0.000000,0.000000,0.775000,tx_agg_rolling_1800s_same_asset_group_or_route,Celer
ETH,eth_flow_5e46119813894d__r7fam12__inst00__synth_unmatched_src,0x085c475b265f534a8925d1090aed2e22dc796c87366d484cf9c7ab267f0f2fa4,0x5427fefa711eff984124bfbb1ab6fbf5e3da1820|0xaa74f9df7664e66783eca091f93dde27b233b58b,0xaa74f9df7664e66783eca091f93dde27b233b58b,0xdac17f958d2ee523a2206206994597c13d831ec7,USDT,stable:USDT,0x085c475b265f534a8925d1090aed2e22dc796c87366d484cf9c7ab267f0f2fa4_None_USDT_0xdac17f958d2ee523a2206206994597c13d831ec7,1639844833,1639844833,1,2978915282.0,2978.915282,2978.915282,0.000000,0.000000,0.775000,tx_agg_rolling_1800s_same_asset_group_or_route,Celer
ETH,eth_flow_5e46119813894d__r7fam12__inst00__synth_noise_src_0,0x085c475b265f534a8925d1090aed2e22dc796c87366d484cf9c7ab267f0f2fa4,0x5427fefa711eff984124bfbb1ab6fbf5e3da1820|0xaa74f9df7664e66783eca091f93dde27b233b58b,0xaa74f9df7664e66783eca091f93dde27b233b58b,0xdac17f958d2ee523a2206206994597c13d831ec7,USDT,stable:USDT,0x085c475b265f534a8925d1090aed2e22dc796c87366d484cf9c7ab267f0f2fa4_None_USDT_0xdac17f958d2ee523a2206206994597c13d831ec7,1639844833,1639844833,1,2978915282.0,2978.915282,2978.915282,0.000000,0.000000,0.775000,tx_agg_rolling_1800s_same_asset_group_or_route,Celer
ETH,eth_flow_5e46119813894d__r7fam12__inst00__synth_noise_src_1,0x085c475b265f534a8925d1090aed2e22dc796c87366d484cf9c7ab267f0f2fa4,0x5427fefa711eff984124bfbb1ab6fbf5e3da1820|0xaa74f9df7664e66783eca091f93dde27b233b58b,0xaa74f9df7664e66783eca091f93dde27b233b58b,0xdac17f958d2ee523a2206206994597c13d831ec7,USDT,stable:USDT,0x085c475b265f534a8925d1090aed2e22dc796c87366d484cf9c7ab267f0f2fa4_None_USDT_0xdac17f958d2ee523a2206206994597c13d831ec7,1639844833,1639844833,1,2978915282.0,2978.915282,2978.915282,0.000000,0.000000,0.775000,tx_agg_rolling_1800s_same_asset_group_or_route,Celer
ETH,eth_flow_7e5abc850f0c49__r7fam12__inst01__synth_split_src,0x276409fef482dec4480cb8ef70e1cd2fd26934028753e7d65f34fd75e99cf5a7,0x3df83ec9d2b62bb9bb83eba1218a202564bb67da|0xb37d31b2a74029b5951a2778f959282e2d518595,0x3df83ec9d2b62bb9bb83eba1218a202564bb67da,0xcafe001067cdef266afb7eb5a286dcfd277f3de5,PSP,token:PSP,0x276409fef482dec4480cb8ef70e1cd2fd26934028753e7d65f34fd75e99cf5a7_None_PSP_0xcafe001067cdef266afb7eb5a286dcfd277f3de5,1640207480,1640207480,1,1.7318774570499645e+21,1731.8774570499645,1731.8774570499645,16.279070,16.279070,0.800000,tx_agg_rolling_1800s_same_asset_group_or_route,Celer
ETH,eth_flow_7e5abc850f0c49__r7fam12__inst01__synth_merge_src1,0x276409fef482dec4480cb8ef70e1cd2fd26934028753e7d65f34fd75e99cf5a7,0x3df83ec9d2b62bb9bb83eba1218a202564bb67da|0xb37d31b2a74029b5951a2778f959282e2d518595,0x3df83ec9d2b62bb9bb83eba1218a202564bb67da,0xcafe001067cdef266afb7eb5a286dcfd277f3de5,PSP,token:PSP,0x276409fef482dec4480cb8ef70e1cd2fd26934028753e7d65f34fd75e99cf5a7_None_PSP_0xcafe001067cdef266afb7eb5a286dcfd277f3de5,1640207480,1640207480,1,8.659387285249823e+20,865.9387285249823,865.9387285249823,16.279070,16.279070,0.800000,tx_agg_rolling_1800s_same_asset_group_or_route,Celer
ETH,eth_flow_7e5abc850f0c49__r7fam12__inst01__synth_merge_src2,0x276409fef482dec4480cb8ef70e1cd2fd26934028753e7d65f34fd75e99cf5a7,0x3df83ec9d2b62bb9bb83eba1218a202564bb67da|0xb37d31b2a74029b5951a2778f959282e2d518595,0x3df83ec9d2b62bb9bb83eba1218a202564bb67da,0xcafe001067cdef266afb7eb5a286dcfd277f3de5,PSP,token:PSP,0x276409fef482dec4480cb8ef70e1cd2fd26934028753e7d65f34fd75e99cf5a7_None_PSP_0xcafe001067cdef266afb7eb5a286dcfd277f3de5,1640207480,1640207480,1,8.659387285249823e+20,865.9387285249823,865.9387285249823,16.279070,16.279070,0.800000,tx_agg_rolling_1800s_same_asset_group_or_route,Celer
ETH,eth_flow_7e5abc850f0c49__r7fam12__inst01__synth_unmatched_src,0x276409fef482dec4480cb8ef70e1cd2fd26934028753e7d65f34fd75e99cf5a7,0x3df83ec9d2b62bb9bb83eba1218a202564bb67da|0xb37d31b2a74029b5951a2778f959282e2d518595,0x3df83ec9d2b62bb9bb83eba1218a202564bb67da,0xcafe001067cdef266afb7eb5a286dcfd277f3de5,PSP,token:PSP,0x276409fef482dec4480cb8ef70e1cd2fd26934028753e7d65f34fd75e99cf5a7_None_PSP_0xcafe001067cdef266afb7eb5a286dcfd277f3de5,1640207480,1640207480,1,1.7318774570499645e+21,1731.8774570499645,1731.8774570499645,16.279070,16.279070,0.800000,tx_agg_rolling_1800s_same_asset_group_or_route,Celer
ETH,eth_flow_7e5abc850f0c49__r7fam12__inst01__synth_noise_src_0,0x276409fef482dec4480cb8ef70e1cd2fd26934028753e7d65f34fd75e99cf5a7,0x3df83ec9d2b62bb9bb83eba1218a202564bb67da|0xb37d31b2a74029b5951a2778f959282e2d518595,0x3df83ec9d2b62bb9bb83eba1218a202564bb67da,0xcafe001067cdef266afb7eb5a286dcfd277f3de5,PSP,token:PSP,0x276409fef482dec4480cb8ef70e1cd2fd26934028753e7d65f34fd75e99cf5a7_None_PSP_0xcafe001067cdef266afb7eb5a286dcfd277f3de5,1640207480,1640207480,1,1.7318774570499645e+21,1731.8774570499645,1731.8774570499645,16.279070,16.279070,0.800000,tx_agg_rolling_1800s_same_asset_group_or_route,Celer
ETH,eth_flow_7e5abc850f0c49__r7fam12__inst01__synth_noise_src_1,0x276409fef482dec4480cb8ef70e1cd2fd26934028753e7d65f34fd75e99cf5a7,0x3df83ec9d2b62bb9bb83eba1218a202564bb67da|0xb37d31b2a74029b5951a2778f959282e2d518595,0x3df83ec9d2b62bb9bb83eba1218a202564bb67da,0xcafe001067cdef266afb7eb5a286dcfd277f3de5,PSP,token:PSP,0x276409fef482dec4480cb8ef70e1cd2fd26934028753e7d65f34fd75e99cf5a7_None_PSP_0xcafe001067cdef266afb7eb5a286dcfd277f3de5,1640207480,1640207480,1,1.7318774570499645e+21,1731.8774570499645,1731.8774570499645,16.279070,16.279070,0.800000,tx_agg_rolling_1800s_same_asset_group_or_route,Celer
ETH,eth_flow_ace88765df8a4d__r7fam13__inst00__synth_split_src,0x3ab2d85c1ba5e8fcd7f20f39bb58e3b2f65260376fa95355f2ae449ca4b9b123,0x5427fefa711eff984124bfbb1ab6fbf5e3da1820|0x550e8dbc5d3306352a1ffd377205a2aa952f0195,0x550e8dbc5d3306352a1ffd377205a2aa952f0195,0xa0b86991c6218b36c1d19d4a2e9eb0ce3606eb48,USDC,stable:USDC,0x3ab2d85c1ba5e8fcd7f20f39bb58e3b2f65260376fa95355f2ae449ca4b9b123_None_USDC_0xa0b86991c6218b36c1d19d4a2e9eb0ce3606eb48,1641050126,1641050126,1,4423971082.0,4423.971082,4423.971082,0.000000,0.000000,0.775000,tx_agg_rolling_1800s_same_asset_group_or_route,Celer
ETH,eth_flow_ace88765df8a4d__r7fam13__inst00__synth_merge_src1,0x3ab2d85c1ba5e8fcd7f20f39bb58e3b2f65260376fa95355f2ae449ca4b9b123,0x5427fefa711eff984124bfbb1ab6fbf5e3da1820|0x550e8dbc5d3306352a1ffd377205a2aa952f0195,0x550e8dbc5d3306352a1ffd377205a2aa952f0195,0xa0b86991c6218b36c1d19d4a2e9eb0ce3606eb48,USDC,stable:USDC,0x3ab2d85c1ba5e8fcd7f20f39bb58e3b2f65260376fa95355f2ae449ca4b9b123_None_USDC_0xa0b86991c6218b36c1d19d4a2e9eb0ce3606eb48,1641050126,1641050126,1,2211985541.0,2211.985541,2211.985541,0.000000,0.000000,0.775000,tx_agg_rolling_1800s_same_asset_group_or_route,Celer
ETH,eth_flow_ace88765df8a4d__r7fam13__inst00__synth_merge_src2,0x3ab2d85c1ba5e8fcd7f20f39bb58e3b2f65260376fa95355f2ae449ca4b9b123,0x5427fefa711eff984124bfbb1ab6fbf5e3da1820|0x550e8dbc5d3306352a1ffd377205a2aa952f0195,0x550e8dbc5d3306352a1ffd377205a2aa952f0195,0xa0b86991c6218b36c1d19d4a2e9eb0ce3606eb48,USDC,stable:USDC,0x3ab2d85c1ba5e8fcd7f20f39bb58e3b2f65260376fa95355f2ae449ca4b9b123_None_USDC_0xa0b86991c6218b36c1d19d4a2e9eb0ce3606eb48,1641050126,1641050126,1,2211985541.0,2211.985541,2211.985541,0.000000,0.000000,0.775000,tx_agg_rolling_1800s_same_asset_group_or_route,Celer
ETH,eth_flow_ace88765df8a4d__r7fam13__inst00__synth_unmatched_src,0x3ab2d85c1ba5e8fcd7f20f39bb58e3b2f65260376fa95355f2ae449ca4b9b123,0x5427fefa711eff984124bfbb1ab6fbf5e3da1820|0x550e8dbc5d3306352a1ffd377205a2aa952f0195,0x550e8dbc5d3306352a1ffd377205a2aa952f0195,0xa0b86991c6218b36c1d19d4a2e9eb0ce3606eb48,USDC,stable:USDC,0x3ab2d85c1ba5e8fcd7f20f39bb58e3b2f65260376fa95355f2ae449ca4b9b123_None_USDC_0xa0b86991c6218b36c1d19d4a2e9eb0ce3606eb48,1641050126,1641050126,1,4423971082.0,4423.971082,4423.971082,0.000000,0.000000,0.775000,tx_agg_rolling_1800s_same_asset_group_or_route,Celer
ETH,eth_flow_ace88765df8a4d__r7fam13__inst00__synth_noise_src_0,0x3ab2d85c1ba5e8fcd7f20f39bb58e3b2f65260376fa95355f2ae449ca4b9b123,0x5427fefa711eff984124bfbb1ab6fbf5e3da1820|0x550e8dbc5d3306352a1ffd377205a2aa952f0195,0x550e8dbc5d3306352a1ffd377205a2aa952f0195,0xa0b86991c6218b36c1d19d4a2e9eb0ce3606eb48,USDC,stable:USDC,0x3ab2d85c1ba5e8fcd7f20f39bb58e3b2f65260376fa95355f2ae449ca4b9b123_None_USDC_0xa0b86991c6218b36c1d19d4a2e9eb0ce3606eb48,1641050126,1641050126,1,4423971082.0,4423.971082,4423.971082,0.000000,0.000000,0.775000,tx_agg_rolling_1800s_same_asset_group_or_route,Celer
ETH,eth_flow_ace88765df8a4d__r7fam13__inst00__synth_noise_src_1,0x3ab2d85c1ba5e8fcd7f20f39bb58e3b2f65260376fa95355f2ae449ca4b9b123,0x5427fefa711eff984124bfbb1ab6fbf5e3da1820|0x550e8dbc5d3306352a1ffd377205a2aa952f0195,0x550e8dbc5d3306352a1ffd377205a2aa952f0195,0xa0b86991c6218b36c1d19d4a2e9eb0ce3606eb48,USDC,stable:USDC,0x3ab2d85c1ba5e8fcd7f20f39bb58e3b2f65260376fa95355f2ae449ca4b9b123_None_USDC_0xa0b86991c6218b36c1d19d4a2e9eb0ce3606eb48,1641050126,1641050126,1,4423971082.0,4423.971082,4423.971082,0.000000,0.000000,0.775000,tx_agg_rolling_1800s_same_asset_group_or_route,Celer
ETH,eth_flow_5be5f5c1622849__r7fam13__inst01__synth_split_src,0x6971c2fa44d36beadde525022c428a3e57cfefbd55210a0181e516d08e5993d0,0x41430bf064d40d1c305590d248e7aa91e65b090a|0x5427fefa711eff984124bfbb1ab6fbf5e3da1820,0x41430bf064d40d1c305590d248e7aa91e65b090a,0xdac17f958d2ee523a2206206994597c13d831ec7,USDT,stable:USDT,0x6971c2fa44d36beadde525022c428a3e57cfefbd55210a0181e516d08e5993d0_None_USDT_0xdac17f958d2ee523a2206206994597c13d831ec7,1639407995,1639407995,1,7880784852.0,7880.784852,7880.784852,0.000000,0.000000,0.800000,tx_agg_rolling_1800s_same_asset_group_or_route,Celer
ETH,eth_flow_5be5f5c1622849__r7fam13__inst01__synth_merge_src1,0x6971c2fa44d36beadde525022c428a3e57cfefbd55210a0181e516d08e5993d0,0x41430bf064d40d1c305590d248e7aa91e65b090a|0x5427fefa711eff984124bfbb1ab6fbf5e3da1820,0x41430bf064d40d1c305590d248e7aa91e65b090a,0xdac17f958d2ee523a2206206994597c13d831ec7,USDT,stable:USDT,0x6971c2fa44d36beadde525022c428a3e57cfefbd55210a0181e516d08e5993d0_None_USDT_0xdac17f958d2ee523a2206206994597c13d831ec7,1639407995,1639407995,1,3940392426.0,3940.392426,3940.392426,0.000000,0.000000,0.800000,tx_agg_rolling_1800s_same_asset_group_or_route,Celer
ETH,eth_flow_5be5f5c1622849__r7fam13__inst01__synth_merge_src2,0x6971c2fa44d36beadde525022c428a3e57cfefbd55210a0181e516d08e5993d0,0x41430bf064d40d1c305590d248e7aa91e65b090a|0x5427fefa711eff984124bfbb1ab6fbf5e3da1820,0x41430bf064d40d1c305590d248e7aa91e65b090a,0xdac17f958d2ee523a2206206994597c13d831ec7,USDT,stable:USDT,0x6971c2fa44d36beadde525022c428a3e57cfefbd55210a0181e516d08e5993d0_None_USDT_0xdac17f958d2ee523a2206206994597c13d831ec7,1639407995,1639407995,1,3940392426.0,3940.392426,3940.392426,0.000000,0.000000,0.800000,tx_agg_rolling_1800s_same_asset_group_or_route,Celer
ETH,eth_flow_5be5f5c1622849__r7fam13__inst01__synth_unmatched_src,0x6971c2fa44d36beadde525022c428a3e57cfefbd55210a0181e516d08e5993d0,0x41430bf064d40d1c305590d248e7aa91e65b090a|0x5427fefa711eff984124bfbb1ab6fbf5e3da1820,0x41430bf064d40d1c305590d248e7aa91e65b090a,0xdac17f958d2ee523a2206206994597c13d831ec7,USDT,stable:USDT,0x6971c2fa44d36beadde525022c428a3e57cfefbd55210a0181e516d08e5993d0_None_USDT_0xdac17f958d2ee523a2206206994597c13d831ec7,1639407995,1639407995,1,7880784852.0,7880.784852,7880.784852,0.000000,0.000000,0.800000,tx_agg_rolling_1800s_same_asset_group_or_route,Celer
ETH,eth_flow_5be5f5c1622849__r7fam13__inst01__synth_noise_src_0,0x6971c2fa44d36beadde525022c428a3e57cfefbd55210a0181e516d08e5993d0,0x41430bf064d40d1c305590d248e7aa91e65b090a|0x5427fefa711eff984124bfbb1ab6fbf5e3da1820,0x41430bf064d40d1c305590d248e7aa91e65b090a,0xdac17f958d2ee523a2206206994597c13d831ec7,USDT,stable:USDT,0x6971c2fa44d36beadde525022c428a3e57cfefbd55210a0181e516d08e5993d0_None_USDT_0xdac17f958d2ee523a2206206994597c13d831ec7,1639407995,1639407995,1,7880784852.0,7880.784852,7880.784852,0.000000,0.000000,0.800000,tx_agg_rolling_1800s_same_asset_group_or_route,Celer
ETH,eth_flow_5be5f5c1622849__r7fam13__inst01__synth_noise_src_1,0x6971c2fa44d36beadde525022c428a3e57cfefbd55210a0181e516d08e5993d0,0x41430bf064d40d1c305590d248e7aa91e65b090a|0x5427fefa711eff984124bfbb1ab6fbf5e3da1820,0x41430bf064d40d1c305590d248e7aa91e65b090a,0xdac17f958d2ee523a2206206994597c13d831ec7,USDT,stable:USDT,0x6971c2fa44d36beadde525022c428a3e57cfefbd55210a0181e516d08e5993d0_None_USDT_0xdac17f958d2ee523a2206206994597c13d831ec7,1639407995,1639407995,1,7880784852.0,7880.784852,7880.784852,0.000000,0.000000,0.800000,tx_agg_rolling_1800s_same_asset_group_or_route,Celer
ETH,eth_flow_20429c90c40c41__r7fam14__inst00__synth_split_src,0xfe89c62e65742ff19a13bce333e9fbedab8769f0895a63efa698e64ff3023afc,0x5427fefa711eff984124bfbb1ab6fbf5e3da1820|0xd2d3fde74ab8200a321e4e96d09ef78a1934076e,0xd2d3fde74ab8200a321e4e96d09ef78a1934076e,0xa0b86991c6218b36c1d19d4a2e9eb0ce3606eb48,USDC,stable:USDC,0xfe89c62e65742ff19a13bce333e9fbedab8769f0895a63efa698e64ff3023afc_None_USDC_0xa0b86991c6218b36c1d19d4a2e9eb0ce3606eb48,1639925208,1639925208,1,7500000000.0,7500.0,7500.0,4.651163,4.651163,0.775000,tx_agg_rolling_1800s_same_asset_group_or_route,Celer
ETH,eth_flow_20429c90c40c41__r7fam14__inst00__synth_merge_src1,0xfe89c62e65742ff19a13bce333e9fbedab8769f0895a63efa698e64ff3023afc,0x5427fefa711eff984124bfbb1ab6fbf5e3da1820|0xd2d3fde74ab8200a321e4e96d09ef78a1934076e,0xd2d3fde74ab8200a321e4e96d09ef78a1934076e,0xa0b86991c6218b36c1d19d4a2e9eb0ce3606eb48,USDC,stable:USDC,0xfe89c62e65742ff19a13bce333e9fbedab8769f0895a63efa698e64ff3023afc_None_USDC_0xa0b86991c6218b36c1d19d4a2e9eb0ce3606eb48,1639925208,1639925208,1,3750000000.0,3750.0,3750.0,4.651163,4.651163,0.775000,tx_agg_rolling_1800s_same_asset_group_or_route,Celer
ETH,eth_flow_20429c90c40c41__r7fam14__inst00__synth_merge_src2,0xfe89c62e65742ff19a13bce333e9fbedab8769f0895a63efa698e64ff3023afc,0x5427fefa711eff984124bfbb1ab6fbf5e3da1820|0xd2d3fde74ab8200a321e4e96d09ef78a1934076e,0xd2d3fde74ab8200a321e4e96d09ef78a1934076e,0xa0b86991c6218b36c1d19d4a2e9eb0ce3606eb48,USDC,stable:USDC,0xfe89c62e65742ff19a13bce333e9fbedab8769f0895a63efa698e64ff3023afc_None_USDC_0xa0b86991c6218b36c1d19d4a2e9eb0ce3606eb48,1639925208,1639925208,1,3750000000.0,3750.0,3750.0,4.651163,4.651163,0.775000,tx_agg_rolling_1800s_same_asset_group_or_route,Celer
ETH,eth_flow_20429c90c40c41__r7fam14__inst00__synth_unmatched_src,0xfe89c62e65742ff19a13bce333e9fbedab8769f0895a63efa698e64ff3023afc,0x5427fefa711eff984124bfbb1ab6fbf5e3da1820|0xd2d3fde74ab8200a321e4e96d09ef78a1934076e,0xd2d3fde74ab8200a321e4e96d09ef78a1934076e,0xa0b86991c6218b36c1d19d4a2e9eb0ce3606eb48,USDC,stable:USDC,0xfe89c62e65742ff19a13bce333e9fbedab8769f0895a63efa698e64ff3023afc_None_USDC_0xa0b86991c6218b36c1d19d4a2e9eb0ce3606eb48,1639925208,1639925208,1,7500000000.0,7500.0,7500.0,4.651163,4.651163,0.775000,tx_agg_rolling_1800s_same_asset_group_or_route,Celer
ETH,eth_flow_20429c90c40c41__r7fam14__inst00__synth_noise_src_0,0xfe89c62e65742ff19a13bce333e9fbedab8769f0895a63efa698e64ff3023afc,0x5427fefa711eff984124bfbb1ab6fbf5e3da1820|0xd2d3fde74ab8200a321e4e96d09ef78a1934076e,0xd2d3fde74ab8200a321e4e96d09ef78a1934076e,0xa0b86991c6218b36c1d19d4a2e9eb0ce3606eb48,USDC,stable:USDC,0xfe89c62e65742ff19a13bce333e9fbedab8769f0895a63efa698e64ff3023afc_None_USDC_0xa0b86991c6218b36c1d19d4a2e9eb0ce3606eb48,1639925208,1639925208,1,7500000000.0,7500.0,7500.0,4.651163,4.651163,0.775000,tx_agg_rolling_1800s_same_asset_group_or_route,Celer
ETH,eth_flow_20429c90c40c41__r7fam14__inst00__synth_noise_src_1,0xfe89c62e65742ff19a13bce333e9fbedab8769f0895a63efa698e64ff3023afc,0x5427fefa711eff984124bfbb1ab6fbf5e3da1820|0xd2d3fde74ab8200a321e4e96d09ef78a1934076e,0xd2d3fde74ab8200a321e4e96d09ef78a1934076e,0xa0b86991c6218b36c1d19d4a2e9eb0ce3606eb48,USDC,stable:USDC,0xfe89c62e65742ff19a13bce333e9fbedab8769f0895a63efa698e64ff3023afc_None_USDC_0xa0b86991c6218b36c1d19d4a2e9eb0ce3606eb48,1639925208,1639925208,1,7500000000.0,7500.0,7500.0,4.651163,4.651163,0.775000,tx_agg_rolling_1800s_same_asset_group_or_route,Celer
ETH,eth_flow_8ef492a3815d4b__r7fam14__inst01__synth_split_src,0x2453013fe2405741320f90374886edf8ba2f997ef5f3a317e1f7404f90ecd12f,0x5427fefa711eff984124bfbb1ab6fbf5e3da1820|0x69816a1083d6646d2136c0b03e8fa90bad783c82,0x69816a1083d6646d2136c0b03e8fa90bad783c82,0xa0b86991c6218b36c1d19d4a2e9eb0ce3606eb48,USDC,stable:USDC,0x2453013fe2405741320f90374886edf8ba2f997ef5f3a317e1f7404f90ecd12f_None_USDC_0xa0b86991c6218b36c1d19d4a2e9eb0ce3606eb48,1641190826,1641190826,1,2000000000.0,2000.0,2000.0,0.000000,0.000000,0.775000,tx_agg_rolling_1800s_same_asset_group_or_route,Celer
ETH,eth_flow_8ef492a3815d4b__r7fam14__inst01__synth_merge_src1,0x2453013fe2405741320f90374886edf8ba2f997ef5f3a317e1f7404f90ecd12f,0x5427fefa711eff984124bfbb1ab6fbf5e3da1820|0x69816a1083d6646d2136c0b03e8fa90bad783c82,0x69816a1083d6646d2136c0b03e8fa90bad783c82,0xa0b86991c6218b36c1d19d4a2e9eb0ce3606eb48,USDC,stable:USDC,0x2453013fe2405741320f90374886edf8ba2f997ef5f3a317e1f7404f90ecd12f_None_USDC_0xa0b86991c6218b36c1d19d4a2e9eb0ce3606eb48,1641190826,1641190826,1,1000000000.0,1000.0,1000.0,0.000000,0.000000,0.775000,tx_agg_rolling_1800s_same_asset_group_or_route,Celer
ETH,eth_flow_8ef492a3815d4b__r7fam14__inst01__synth_merge_src2,0x2453013fe2405741320f90374886edf8ba2f997ef5f3a317e1f7404f90ecd12f,0x5427fefa711eff984124bfbb1ab6fbf5e3da1820|0x69816a1083d6646d2136c0b03e8fa90bad783c82,0x69816a1083d6646d2136c0b03e8fa90bad783c82,0xa0b86991c6218b36c1d19d4a2e9eb0ce3606eb48,USDC,stable:USDC,0x2453013fe2405741320f90374886edf8ba2f997ef5f3a317e1f7404f90ecd12f_None_USDC_0xa0b86991c6218b36c1d19d4a2e9eb0ce3606eb48,1641190826,1641190826,1,1000000000.0,1000.0,1000.0,0.000000,0.000000,0.775000,tx_agg_rolling_1800s_same_asset_group_or_route,Celer
ETH,eth_flow_8ef492a3815d4b__r7fam14__inst01__synth_unmatched_src,0x2453013fe2405741320f90374886edf8ba2f997ef5f3a317e1f7404f90ecd12f,0x5427fefa711eff984124bfbb1ab6fbf5e3da1820|0x69816a1083d6646d2136c0b03e8fa90bad783c82,0x69816a1083d6646d2136c0b03e8fa90bad783c82,0xa0b86991c6218b36c1d19d4a2e9eb0ce3606eb48,USDC,stable:USDC,0x2453013fe2405741320f90374886edf8ba2f997ef5f3a317e1f7404f90ecd12f_None_USDC_0xa0b86991c6218b36c1d19d4a2e9eb0ce3606eb48,1641190826,1641190826,1,2000000000.0,2000.0,2000.0,0.000000,0.000000,0.775000,tx_agg_rolling_1800s_same_asset_group_or_route,Celer
ETH,eth_flow_8ef492a3815d4b__r7fam14__inst01__synth_noise_src_0,0x2453013fe2405741320f90374886edf8ba2f997ef5f3a317e1f7404f90ecd12f,0x5427fefa711eff984124bfbb1ab6fbf5e3da1820|0x69816a1083d6646d2136c0b03e8fa90bad783c82,0x69816a1083d6646d2136c0b03e8fa90bad783c82,0xa0b86991c6218b36c1d19d4a2e9eb0ce3606eb48,USDC,stable:USDC,0x2453013fe2405741320f90374886edf8ba2f997ef5f3a317e1f7404f90ecd12f_None_USDC_0xa0b86991c6218b36c1d19d4a2e9eb0ce3606eb48,1641190826,1641190826,1,2000000000.0,2000.0,2000.0,0.000000,0.000000,0.775000,tx_agg_rolling_1800s_same_asset_group_or_route,Celer
ETH,eth_flow_8ef492a3815d4b__r7fam14__inst01__synth_noise_src_1,0x2453013fe2405741320f90374886edf8ba2f997ef5f3a317e1f7404f90ecd12f,0x5427fefa711eff984124bfbb1ab6fbf5e3da1820|0x69816a1083d6646d2136c0b03e8fa90bad783c82,0x69816a1083d6646d2136c0b03e8fa90bad783c82,0xa0b86991c6218b36c1d19d4a2e9eb0ce3606eb48,USDC,stable:USDC,0x2453013fe2405741320f90374886edf8ba2f997ef5f3a317e1f7404f90ecd12f_None_USDC_0xa0b86991c6218b36c1d19d4a2e9eb0ce3606eb48,1641190826,1641190826,1,2000000000.0,2000.0,2000.0,0.000000,0.000000,0.775000,tx_agg_rolling_1800s_same_asset_group_or_route,Celer
ETH,eth_flow_76a262ee772f41__r7fam15__inst00__synth_split_src,0x8254b3d51059ebcbf8478abb677feba41ca1e041d77131bef788516a8075509d,0x5427fefa711eff984124bfbb1ab6fbf5e3da1820|0xd35813e5d3fe9f46e96275a7a173a528b93ca759,0xd35813e5d3fe9f46e96275a7a173a528b93ca759,0xa0b86991c6218b36c1d19d4a2e9eb0ce3606eb48,USDC,stable:USDC,0x8254b3d51059ebcbf8478abb677feba41ca1e041d77131bef788516a8075509d_None_USDC_0xa0b86991c6218b36c1d19d4a2e9eb0ce3606eb48,1638628696,1638628696,1,3500000000.0,3500.0,3500.0,0.000000,0.000000,0.800000,tx_agg_rolling_1800s_same_asset_group_or_route,Celer
ETH,eth_flow_76a262ee772f41__r7fam15__inst00__synth_merge_src1,0x8254b3d51059ebcbf8478abb677feba41ca1e041d77131bef788516a8075509d,0x5427fefa711eff984124bfbb1ab6fbf5e3da1820|0xd35813e5d3fe9f46e96275a7a173a528b93ca759,0xd35813e5d3fe9f46e96275a7a173a528b93ca759,0xa0b86991c6218b36c1d19d4a2e9eb0ce3606eb48,USDC,stable:USDC,0x8254b3d51059ebcbf8478abb677feba41ca1e041d77131bef788516a8075509d_None_USDC_0xa0b86991c6218b36c1d19d4a2e9eb0ce3606eb48,1638628696,1638628696,1,1750000000.0,1750.0,1750.0,0.000000,0.000000,0.800000,tx_agg_rolling_1800s_same_asset_group_or_route,Celer
ETH,eth_flow_76a262ee772f41__r7fam15__inst00__synth_merge_src2,0x8254b3d51059ebcbf8478abb677feba41ca1e041d77131bef788516a8075509d,0x5427fefa711eff984124bfbb1ab6fbf5e3da1820|0xd35813e5d3fe9f46e96275a7a173a528b93ca759,0xd35813e5d3fe9f46e96275a7a173a528b93ca759,0xa0b86991c6218b36c1d19d4a2e9eb0ce3606eb48,USDC,stable:USDC,0x8254b3d51059ebcbf8478abb677feba41ca1e041d77131bef788516a8075509d_None_USDC_0xa0b86991c6218b36c1d19d4a2e9eb0ce3606eb48,1638628696,1638628696,1,1750000000.0,1750.0,1750.0,0.000000,0.000000,0.800000,tx_agg_rolling_1800s_same_asset_group_or_route,Celer
ETH,eth_flow_76a262ee772f41__r7fam15__inst00__synth_unmatched_src,0x8254b3d51059ebcbf8478abb677feba41ca1e041d77131bef788516a8075509d,0x5427fefa711eff984124bfbb1ab6fbf5e3da1820|0xd35813e5d3fe9f46e96275a7a173a528b93ca759,0xd35813e5d3fe9f46e96275a7a173a528b93ca759,0xa0b86991c6218b36c1d19d4a2e9eb0ce3606eb48,USDC,stable:USDC,0x8254b3d51059ebcbf8478abb677feba41ca1e041d77131bef788516a8075509d_None_USDC_0xa0b86991c6218b36c1d19d4a2e9eb0ce3606eb48,1638628696,1638628696,1,3500000000.0,3500.0,3500.0,0.000000,0.000000,0.800000,tx_agg_rolling_1800s_same_asset_group_or_route,Celer
ETH,eth_flow_76a262ee772f41__r7fam15__inst00__synth_noise_src_0,0x8254b3d51059ebcbf8478abb677feba41ca1e041d77131bef788516a8075509d,0x5427fefa711eff984124bfbb1ab6fbf5e3da1820|0xd35813e5d3fe9f46e96275a7a173a528b93ca759,0xd35813e5d3fe9f46e96275a7a173a528b93ca759,0xa0b86991c6218b36c1d19d4a2e9eb0ce3606eb48,USDC,stable:USDC,0x8254b3d51059ebcbf8478abb677feba41ca1e041d77131bef788516a8075509d_None_USDC_0xa0b86991c6218b36c1d19d4a2e9eb0ce3606eb48,1638628696,1638628696,1,3500000000.0,3500.0,3500.0,0.000000,0.000000,0.800000,tx_agg_rolling_1800s_same_asset_group_or_route,Celer
ETH,eth_flow_76a262ee772f41__r7fam15__inst00__synth_noise_src_1,0x8254b3d51059ebcbf8478abb677feba41ca1e041d77131bef788516a8075509d,0x5427fefa711eff984124bfbb1ab6fbf5e3da1820|0xd35813e5d3fe9f46e96275a7a173a528b93ca759,0xd35813e5d3fe9f46e96275a7a173a528b93ca759,0xa0b86991c6218b36c1d19d4a2e9eb0ce3606eb48,USDC,stable:USDC,0x8254b3d51059ebcbf8478abb677feba41ca1e041d77131bef788516a8075509d_None_USDC_0xa0b86991c6218b36c1d19d4a2e9eb0ce3606eb48,1638628696,1638628696,1,3500000000.0,3500.0,3500.0,0.000000,0.000000,0.800000,tx_agg_rolling_1800s_same_asset_group_or_route,Celer
ETH,eth_flow_1d3f508d940747__r7fam15__inst01__synth_split_src,0xb3dbabe379dbe7676eaac30480885b32fa692cbb5fc061513c140453cc710c5c,0x000272b3a8db0e7c7b9b8535fab9cf341bfd3f37|0x5427fefa711eff984124bfbb1ab6fbf5e3da1820,0x000272b3a8db0e7c7b9b8535fab9cf341bfd3f37,0xdac17f958d2ee523a2206206994597c13d831ec7,USDT,stable:USDT,0xb3dbabe379dbe7676eaac30480885b32fa692cbb5fc061513c140453cc710c5c_None_USDT_0xdac17f958d2ee523a2206206994597c13d831ec7,1640383688,1640383688,1,2000000000.0,2000.0,2000.0,4.651163,4.651163,0.775000,tx_agg_rolling_1800s_same_asset_group_or_route,Celer
ETH,eth_flow_1d3f508d940747__r7fam15__inst01__synth_merge_src1,0xb3dbabe379dbe7676eaac30480885b32fa692cbb5fc061513c140453cc710c5c,0x000272b3a8db0e7c7b9b8535fab9cf341bfd3f37|0x5427fefa711eff984124bfbb1ab6fbf5e3da1820,0x000272b3a8db0e7c7b9b8535fab9cf341bfd3f37,0xdac17f958d2ee523a2206206994597c13d831ec7,USDT,stable:USDT,0xb3dbabe379dbe7676eaac30480885b32fa692cbb5fc061513c140453cc710c5c_None_USDT_0xdac17f958d2ee523a2206206994597c13d831ec7,1640383688,1640383688,1,1000000000.0,1000.0,1000.0,4.651163,4.651163,0.775000,tx_agg_rolling_1800s_same_asset_group_or_route,Celer
ETH,eth_flow_1d3f508d940747__r7fam15__inst01__synth_merge_src2,0xb3dbabe379dbe7676eaac30480885b32fa692cbb5fc061513c140453cc710c5c,0x000272b3a8db0e7c7b9b8535fab9cf341bfd3f37|0x5427fefa711eff984124bfbb1ab6fbf5e3da1820,0x000272b3a8db0e7c7b9b8535fab9cf341bfd3f37,0xdac17f958d2ee523a2206206994597c13d831ec7,USDT,stable:USDT,0xb3dbabe379dbe7676eaac30480885b32fa692cbb5fc061513c140453cc710c5c_None_USDT_0xdac17f958d2ee523a2206206994597c13d831ec7,1640383688,1640383688,1,1000000000.0,1000.0,1000.0,4.651163,4.651163,0.775000,tx_agg_rolling_1800s_same_asset_group_or_route,Celer
ETH,eth_flow_1d3f508d940747__r7fam15__inst01__synth_unmatched_src,0xb3dbabe379dbe7676eaac30480885b32fa692cbb5fc061513c140453cc710c5c,0x000272b3a8db0e7c7b9b8535fab9cf341bfd3f37|0x5427fefa711eff984124bfbb1ab6fbf5e3da1820,0x000272b3a8db0e7c7b9b8535fab9cf341bfd3f37,0xdac17f958d2ee523a2206206994597c13d831ec7,USDT,stable:USDT,0xb3dbabe379dbe7676eaac30480885b32fa692cbb5fc061513c140453cc710c5c_None_USDT_0xdac17f958d2ee523a2206206994597c13d831ec7,1640383688,1640383688,1,2000000000.0,2000.0,2000.0,4.651163,4.651163,0.775000,tx_agg_rolling_1800s_same_asset_group_or_route,Celer
ETH,eth_flow_1d3f508d940747__r7fam15__inst01__synth_noise_src_0,0xb3dbabe379dbe7676eaac30480885b32fa692cbb5fc061513c140453cc710c5c,0x000272b3a8db0e7c7b9b8535fab9cf341bfd3f37|0x5427fefa711eff984124bfbb1ab6fbf5e3da1820,0x000272b3a8db0e7c7b9b8535fab9cf341bfd3f37,0xdac17f958d2ee523a2206206994597c13d831ec7,USDT,stable:USDT,0xb3dbabe379dbe7676eaac30480885b32fa692cbb5fc061513c140453cc710c5c_None_USDT_0xdac17f958d2ee523a2206206994597c13d831ec7,1640383688,1640383688,1,2000000000.0,2000.0,2000.0,4.651163,4.651163,0.775000,tx_agg_rolling_1800s_same_asset_group_or_route,Celer
ETH,eth_flow_1d3f508d940747__r7fam15__inst01__synth_noise_src_1,0xb3dbabe379dbe7676eaac30480885b32fa692cbb5fc061513c140453cc710c5c,0x000272b3a8db0e7c7b9b8535fab9cf341bfd3f37|0x5427fefa711eff984124bfbb1ab6fbf5e3da1820,0x000272b3a8db0e7c7b9b8535fab9cf341bfd3f37,0xdac17f958d2ee523a2206206994597c13d831ec7,USDT,stable:USDT,0xb3dbabe379dbe7676eaac30480885b32fa692cbb5fc061513c140453cc710c5c_None_USDT_0xdac17f958d2ee523a2206206994597c13d831ec7,1640383688,1640383688,1,2000000000.0,2000.0,2000.0,4.651163,4.651163,0.775000,tx_agg_rolling_1800s_same_asset_group_or_route,Celer
ETH,eth_flow_f95d69154d5f42__r7fam16__inst00__synth_split_src,0x90ed244d6973d1bd88530ba72724c9cdc3ccc2b6bc54ebd3035962ad7fe4ce5f,0x5427fefa711eff984124bfbb1ab6fbf5e3da1820|0x79764f807aba7cb9292c3a81ba89065f54aa1bb8,0x79764f807aba7cb9292c3a81ba89065f54aa1bb8,0x4fabb145d64652a948d72533023f6e7a623c7c53,BUSD,stable:BUSD,0x90ed244d6973d1bd88530ba72724c9cdc3ccc2b6bc54ebd3035962ad7fe4ce5f_None_BUSD_0x4fabb145d64652a948d72533023f6e7a623c7c53,1640832077,1640832077,1,5.850163305121444e+21,5850.163305121444,5850.163305121444,16.279070,16.279070,0.775000,tx_agg_rolling_1800s_same_asset_group_or_route,Celer
ETH,eth_flow_f95d69154d5f42__r7fam16__inst00__synth_merge_src1,0x90ed244d6973d1bd88530ba72724c9cdc3ccc2b6bc54ebd3035962ad7fe4ce5f,0x5427fefa711eff984124bfbb1ab6fbf5e3da1820|0x79764f807aba7cb9292c3a81ba89065f54aa1bb8,0x79764f807aba7cb9292c3a81ba89065f54aa1bb8,0x4fabb145d64652a948d72533023f6e7a623c7c53,BUSD,stable:BUSD,0x90ed244d6973d1bd88530ba72724c9cdc3ccc2b6bc54ebd3035962ad7fe4ce5f_None_BUSD_0x4fabb145d64652a948d72533023f6e7a623c7c53,1640832077,1640832077,1,2.925081652560722e+21,2925.081652560722,2925.081652560722,16.279070,16.279070,0.775000,tx_agg_rolling_1800s_same_asset_group_or_route,Celer
ETH,eth_flow_f95d69154d5f42__r7fam16__inst00__synth_merge_src2,0x90ed244d6973d1bd88530ba72724c9cdc3ccc2b6bc54ebd3035962ad7fe4ce5f,0x5427fefa711eff984124bfbb1ab6fbf5e3da1820|0x79764f807aba7cb9292c3a81ba89065f54aa1bb8,0x79764f807aba7cb9292c3a81ba89065f54aa1bb8,0x4fabb145d64652a948d72533023f6e7a623c7c53,BUSD,stable:BUSD,0x90ed244d6973d1bd88530ba72724c9cdc3ccc2b6bc54ebd3035962ad7fe4ce5f_None_BUSD_0x4fabb145d64652a948d72533023f6e7a623c7c53,1640832077,1640832077,1,2.925081652560722e+21,2925.081652560722,2925.081652560722,16.279070,16.279070,0.775000,tx_agg_rolling_1800s_same_asset_group_or_route,Celer
ETH,eth_flow_f95d69154d5f42__r7fam16__inst00__synth_unmatched_src,0x90ed244d6973d1bd88530ba72724c9cdc3ccc2b6bc54ebd3035962ad7fe4ce5f,0x5427fefa711eff984124bfbb1ab6fbf5e3da1820|0x79764f807aba7cb9292c3a81ba89065f54aa1bb8,0x79764f807aba7cb9292c3a81ba89065f54aa1bb8,0x4fabb145d64652a948d72533023f6e7a623c7c53,BUSD,stable:BUSD,0x90ed244d6973d1bd88530ba72724c9cdc3ccc2b6bc54ebd3035962ad7fe4ce5f_None_BUSD_0x4fabb145d64652a948d72533023f6e7a623c7c53,1640832077,1640832077,1,5.850163305121444e+21,5850.163305121444,5850.163305121444,16.279070,16.279070,0.775000,tx_agg_rolling_1800s_same_asset_group_or_route,Celer
ETH,eth_flow_f95d69154d5f42__r7fam16__inst00__synth_noise_src_0,0x90ed244d6973d1bd88530ba72724c9cdc3ccc2b6bc54ebd3035962ad7fe4ce5f,0x5427fefa711eff984124bfbb1ab6fbf5e3da1820|0x79764f807aba7cb9292c3a81ba89065f54aa1bb8,0x79764f807aba7cb9292c3a81ba89065f54aa1bb8,0x4fabb145d64652a948d72533023f6e7a623c7c53,BUSD,stable:BUSD,0x90ed244d6973d1bd88530ba72724c9cdc3ccc2b6bc54ebd3035962ad7fe4ce5f_None_BUSD_0x4fabb145d64652a948d72533023f6e7a623c7c53,1640832077,1640832077,1,5.850163305121444e+21,5850.163305121444,5850.163305121444,16.279070,16.279070,0.775000,tx_agg_rolling_1800s_same_asset_group_or_route,Celer
ETH,eth_flow_f95d69154d5f42__r7fam16__inst00__synth_noise_src_1,0x90ed244d6973d1bd88530ba72724c9cdc3ccc2b6bc54ebd3035962ad7fe4ce5f,0x5427fefa711eff984124bfbb1ab6fbf5e3da1820|0x79764f807aba7cb9292c3a81ba89065f54aa1bb8,0x79764f807aba7cb9292c3a81ba89065f54aa1bb8,0x4fabb145d64652a948d72533023f6e7a623c7c53,BUSD,stable:BUSD,0x90ed244d6973d1bd88530ba72724c9cdc3ccc2b6bc54ebd3035962ad7fe4ce5f_None_BUSD_0x4fabb145d64652a948d72533023f6e7a623c7c53,1640832077,1640832077,1,5.850163305121444e+21,5850.163305121444,5850.163305121444,16.279070,16.279070,0.775000,tx_agg_rolling_1800s_same_asset_group_or_route,Celer
ETH,eth_flow_5b7ba8648cbb42__r7fam16__inst01__synth_split_src,0x2a8325361debe7d49c218e2f7654e009e865785dae7e99f3fa131010949ba7e9,0x5427fefa711eff984124bfbb1ab6fbf5e3da1820|0x5ebd03028d514fd95d50a6011db58b841265fdf2,0x5ebd03028d514fd95d50a6011db58b841265fdf2,0xa0b86991c6218b36c1d19d4a2e9eb0ce3606eb48,USDC,stable:USDC,0x2a8325361debe7d49c218e2f7654e009e865785dae7e99f3fa131010949ba7e9_None_USDC_0xa0b86991c6218b36c1d19d4a2e9eb0ce3606eb48,1640806527,1640806527,1,4000000000.0,4000.0,4000.0,0.000000,0.000000,0.775000,tx_agg_rolling_1800s_same_asset_group_or_route,Celer
ETH,eth_flow_5b7ba8648cbb42__r7fam16__inst01__synth_merge_src1,0x2a8325361debe7d49c218e2f7654e009e865785dae7e99f3fa131010949ba7e9,0x5427fefa711eff984124bfbb1ab6fbf5e3da1820|0x5ebd03028d514fd95d50a6011db58b841265fdf2,0x5ebd03028d514fd95d50a6011db58b841265fdf2,0xa0b86991c6218b36c1d19d4a2e9eb0ce3606eb48,USDC,stable:USDC,0x2a8325361debe7d49c218e2f7654e009e865785dae7e99f3fa131010949ba7e9_None_USDC_0xa0b86991c6218b36c1d19d4a2e9eb0ce3606eb48,1640806527,1640806527,1,2000000000.0,2000.0,2000.0,0.000000,0.000000,0.775000,tx_agg_rolling_1800s_same_asset_group_or_route,Celer
ETH,eth_flow_5b7ba8648cbb42__r7fam16__inst01__synth_merge_src2,0x2a8325361debe7d49c218e2f7654e009e865785dae7e99f3fa131010949ba7e9,0x5427fefa711eff984124bfbb1ab6fbf5e3da1820|0x5ebd03028d514fd95d50a6011db58b841265fdf2,0x5ebd03028d514fd95d50a6011db58b841265fdf2,0xa0b86991c6218b36c1d19d4a2e9eb0ce3606eb48,USDC,stable:USDC,0x2a8325361debe7d49c218e2f7654e009e865785dae7e99f3fa131010949ba7e9_None_USDC_0xa0b86991c6218b36c1d19d4a2e9eb0ce3606eb48,1640806527,1640806527,1,2000000000.0,2000.0,2000.0,0.000000,0.000000,0.775000,tx_agg_rolling_1800s_same_asset_group_or_route,Celer
ETH,eth_flow_5b7ba8648cbb42__r7fam16__inst01__synth_unmatched_src,0x2a8325361debe7d49c218e2f7654e009e865785dae7e99f3fa131010949ba7e9,0x5427fefa711eff984124bfbb1ab6fbf5e3da1820|0x5ebd03028d514fd95d50a6011db58b841265fdf2,0x5ebd03028d514fd95d50a6011db58b841265fdf2,0xa0b86991c6218b36c1d19d4a2e9eb0ce3606eb48,USDC,stable:USDC,0x2a8325361debe7d49c218e2f7654e009e865785dae7e99f3fa131010949ba7e9_None_USDC_0xa0b86991c6218b36c1d19d4a2e9eb0ce3606eb48,1640806527,1640806527,1,4000000000.0,4000.0,4000.0,0.000000,0.000000,0.775000,tx_agg_rolling_1800s_same_asset_group_or_route,Celer
ETH,eth_flow_5b7ba8648cbb42__r7fam16__inst01__synth_noise_src_0,0x2a8325361debe7d49c218e2f7654e009e865785dae7e99f3fa131010949ba7e9,0x5427fefa711eff984124bfbb1ab6fbf5e3da1820|0x5ebd03028d514fd95d50a6011db58b841265fdf2,0x5ebd03028d514fd95d50a6011db58b841265fdf2,0xa0b86991c6218b36c1d19d4a2e9eb0ce3606eb48,USDC,stable:USDC,0x2a8325361debe7d49c218e2f7654e009e865785dae7e99f3fa131010949ba7e9_None_USDC_0xa0b86991c6218b36c1d19d4a2e9eb0ce3606eb48,1640806527,1640806527,1,4000000000.0,4000.0,4000.0,0.000000,0.000000,0.775000,tx_agg_rolling_1800s_same_asset_group_or_route,Celer
ETH,eth_flow_5b7ba8648cbb42__r7fam16__inst01__synth_noise_src_1,0x2a8325361debe7d49c218e2f7654e009e865785dae7e99f3fa131010949ba7e9,0x5427fefa711eff984124bfbb1ab6fbf5e3da1820|0x5ebd03028d514fd95d50a6011db58b841265fdf2,0x5ebd03028d514fd95d50a6011db58b841265fdf2,0xa0b86991c6218b36c1d19d4a2e9eb0ce3606eb48,USDC,stable:USDC,0x2a8325361debe7d49c218e2f7654e009e865785dae7e99f3fa131010949ba7e9_None_USDC_0xa0b86991c6218b36c1d19d4a2e9eb0ce3606eb48,1640806527,1640806527,1,4000000000.0,4000.0,4000.0,0.000000,0.000000,0.775000,tx_agg_rolling_1800s_same_asset_group_or_route,Celer
ETH,eth_flow_f4680b624a6649__r7fam17__inst00__synth_split_src,0x973545f6bea3bc11884a20eb3ea67afc42ba87cb2db326c3cd43e581d9d71029,0x5427fefa711eff984124bfbb1ab6fbf5e3da1820|0x956a9f7e0880dd096240e1d3abc2f6244cba2b43,0x956a9f7e0880dd096240e1d3abc2f6244cba2b43,0x4fabb145d64652a948d72533023f6e7a623c7c53,BUSD,stable:BUSD,0x973545f6bea3bc11884a20eb3ea67afc42ba87cb2db326c3cd43e581d9d71029_None_BUSD_0x4fabb145d64652a948d72533023f6e7a623c7c53,1639495523,1639495523,1,2.1816556579707848e+21,2181.655657970785,2181.655657970785,16.279070,16.279070,0.800000,tx_agg_rolling_1800s_same_asset_group_or_route,Celer
ETH,eth_flow_f4680b624a6649__r7fam17__inst00__synth_merge_src1,0x973545f6bea3bc11884a20eb3ea67afc42ba87cb2db326c3cd43e581d9d71029,0x5427fefa711eff984124bfbb1ab6fbf5e3da1820|0x956a9f7e0880dd096240e1d3abc2f6244cba2b43,0x956a9f7e0880dd096240e1d3abc2f6244cba2b43,0x4fabb145d64652a948d72533023f6e7a623c7c53,BUSD,stable:BUSD,0x973545f6bea3bc11884a20eb3ea67afc42ba87cb2db326c3cd43e581d9d71029_None_BUSD_0x4fabb145d64652a948d72533023f6e7a623c7c53,1639495523,1639495523,1,1.0908278289853924e+21,1090.8278289853924,1090.8278289853924,16.279070,16.279070,0.800000,tx_agg_rolling_1800s_same_asset_group_or_route,Celer
ETH,eth_flow_f4680b624a6649__r7fam17__inst00__synth_merge_src2,0x973545f6bea3bc11884a20eb3ea67afc42ba87cb2db326c3cd43e581d9d71029,0x5427fefa711eff984124bfbb1ab6fbf5e3da1820|0x956a9f7e0880dd096240e1d3abc2f6244cba2b43,0x956a9f7e0880dd096240e1d3abc2f6244cba2b43,0x4fabb145d64652a948d72533023f6e7a623c7c53,BUSD,stable:BUSD,0x973545f6bea3bc11884a20eb3ea67afc42ba87cb2db326c3cd43e581d9d71029_None_BUSD_0x4fabb145d64652a948d72533023f6e7a623c7c53,1639495523,1639495523,1,1.0908278289853924e+21,1090.8278289853924,1090.8278289853924,16.279070,16.279070,0.800000,tx_agg_rolling_1800s_same_asset_group_or_route,Celer
ETH,eth_flow_f4680b624a6649__r7fam17__inst00__synth_unmatched_src,0x973545f6bea3bc11884a20eb3ea67afc42ba87cb2db326c3cd43e581d9d71029,0x5427fefa711eff984124bfbb1ab6fbf5e3da1820|0x956a9f7e0880dd096240e1d3abc2f6244cba2b43,0x956a9f7e0880dd096240e1d3abc2f6244cba2b43,0x4fabb145d64652a948d72533023f6e7a623c7c53,BUSD,stable:BUSD,0x973545f6bea3bc11884a20eb3ea67afc42ba87cb2db326c3cd43e581d9d71029_None_BUSD_0x4fabb145d64652a948d72533023f6e7a623c7c53,1639495523,1639495523,1,2.1816556579707848e+21,2181.655657970785,2181.655657970785,16.279070,16.279070,0.800000,tx_agg_rolling_1800s_same_asset_group_or_route,Celer
ETH,eth_flow_f4680b624a6649__r7fam17__inst00__synth_noise_src_0,0x973545f6bea3bc11884a20eb3ea67afc42ba87cb2db326c3cd43e581d9d71029,0x5427fefa711eff984124bfbb1ab6fbf5e3da1820|0x956a9f7e0880dd096240e1d3abc2f6244cba2b43,0x956a9f7e0880dd096240e1d3abc2f6244cba2b43,0x4fabb145d64652a948d72533023f6e7a623c7c53,BUSD,stable:BUSD,0x973545f6bea3bc11884a20eb3ea67afc42ba87cb2db326c3cd43e581d9d71029_None_BUSD_0x4fabb145d64652a948d72533023f6e7a623c7c53,1639495523,1639495523,1,2.1816556579707848e+21,2181.655657970785,2181.655657970785,16.279070,16.279070,0.800000,tx_agg_rolling_1800s_same_asset_group_or_route,Celer
ETH,eth_flow_f4680b624a6649__r7fam17__inst00__synth_noise_src_1,0x973545f6bea3bc11884a20eb3ea67afc42ba87cb2db326c3cd43e581d9d71029,0x5427fefa711eff984124bfbb1ab6fbf5e3da1820|0x956a9f7e0880dd096240e1d3abc2f6244cba2b43,0x956a9f7e0880dd096240e1d3abc2f6244cba2b43,0x4fabb145d64652a948d72533023f6e7a623c7c53,BUSD,stable:BUSD,0x973545f6bea3bc11884a20eb3ea67afc42ba87cb2db326c3cd43e581d9d71029_None_BUSD_0x4fabb145d64652a948d72533023f6e7a623c7c53,1639495523,1639495523,1,2.1816556579707848e+21,2181.655657970785,2181.655657970785,16.279070,16.279070,0.800000,tx_agg_rolling_1800s_same_asset_group_or_route,Celer
ETH,eth_flow_6523c251aa7749__r7fam17__inst01__synth_split_src,0xdfed8191fe8f0d65ff761e1f7e07f01b149f72a32c41c1f76e7cb58d572dfcc5,0x5427fefa711eff984124bfbb1ab6fbf5e3da1820|0x5e5f5d3babc8a511a17bc505add2b131b3c964a0,0x5e5f5d3babc8a511a17bc505add2b131b3c964a0,0x4fabb145d64652a948d72533023f6e7a623c7c53,BUSD,stable:BUSD,0xdfed8191fe8f0d65ff761e1f7e07f01b149f72a32c41c1f76e7cb58d572dfcc5_None_BUSD_0x4fabb145d64652a948d72533023f6e7a623c7c53,1639690810,1639690810,1,1.615e+21,1615.0,1615.0,16.279070,16.279070,0.775000,tx_agg_rolling_1800s_same_asset_group_or_route,Celer
ETH,eth_flow_6523c251aa7749__r7fam17__inst01__synth_merge_src1,0xdfed8191fe8f0d65ff761e1f7e07f01b149f72a32c41c1f76e7cb58d572dfcc5,0x5427fefa711eff984124bfbb1ab6fbf5e3da1820|0x5e5f5d3babc8a511a17bc505add2b131b3c964a0,0x5e5f5d3babc8a511a17bc505add2b131b3c964a0,0x4fabb145d64652a948d72533023f6e7a623c7c53,BUSD,stable:BUSD,0xdfed8191fe8f0d65ff761e1f7e07f01b149f72a32c41c1f76e7cb58d572dfcc5_None_BUSD_0x4fabb145d64652a948d72533023f6e7a623c7c53,1639690810,1639690810,1,8.075e+20,807.5,807.5,16.279070,16.279070,0.775000,tx_agg_rolling_1800s_same_asset_group_or_route,Celer
ETH,eth_flow_6523c251aa7749__r7fam17__inst01__synth_merge_src2,0xdfed8191fe8f0d65ff761e1f7e07f01b149f72a32c41c1f76e7cb58d572dfcc5,0x5427fefa711eff984124bfbb1ab6fbf5e3da1820|0x5e5f5d3babc8a511a17bc505add2b131b3c964a0,0x5e5f5d3babc8a511a17bc505add2b131b3c964a0,0x4fabb145d64652a948d72533023f6e7a623c7c53,BUSD,stable:BUSD,0xdfed8191fe8f0d65ff761e1f7e07f01b149f72a32c41c1f76e7cb58d572dfcc5_None_BUSD_0x4fabb145d64652a948d72533023f6e7a623c7c53,1639690810,1639690810,1,8.075e+20,807.5,807.5,16.279070,16.279070,0.775000,tx_agg_rolling_1800s_same_asset_group_or_route,Celer
ETH,eth_flow_6523c251aa7749__r7fam17__inst01__synth_unmatched_src,0xdfed8191fe8f0d65ff761e1f7e07f01b149f72a32c41c1f76e7cb58d572dfcc5,0x5427fefa711eff984124bfbb1ab6fbf5e3da1820|0x5e5f5d3babc8a511a17bc505add2b131b3c964a0,0x5e5f5d3babc8a511a17bc505add2b131b3c964a0,0x4fabb145d64652a948d72533023f6e7a623c7c53,BUSD,stable:BUSD,0xdfed8191fe8f0d65ff761e1f7e07f01b149f72a32c41c1f76e7cb58d572dfcc5_None_BUSD_0x4fabb145d64652a948d72533023f6e7a623c7c53,1639690810,1639690810,1,1.615e+21,1615.0,1615.0,16.279070,16.279070,0.775000,tx_agg_rolling_1800s_same_asset_group_or_route,Celer
ETH,eth_flow_6523c251aa7749__r7fam17__inst01__synth_noise_src_0,0xdfed8191fe8f0d65ff761e1f7e07f01b149f72a32c41c1f76e7cb58d572dfcc5,0x5427fefa711eff984124bfbb1ab6fbf5e3da1820|0x5e5f5d3babc8a511a17bc505add2b131b3c964a0,0x5e5f5d3babc8a511a17bc505add2b131b3c964a0,0x4fabb145d64652a948d72533023f6e7a623c7c53,BUSD,stable:BUSD,0xdfed8191fe8f0d65ff761e1f7e07f01b149f72a32c41c1f76e7cb58d572dfcc5_None_BUSD_0x4fabb145d64652a948d72533023f6e7a623c7c53,1639690810,1639690810,1,1.615e+21,1615.0,1615.0,16.279070,16.279070,0.775000,tx_agg_rolling_1800s_same_asset_group_or_route,Celer
ETH,eth_flow_6523c251aa7749__r7fam17__inst01__synth_noise_src_1,0xdfed8191fe8f0d65ff761e1f7e07f01b149f72a32c41c1f76e7cb58d572dfcc5,0x5427fefa711eff984124bfbb1ab6fbf5e3da1820|0x5e5f5d3babc8a511a17bc505add2b131b3c964a0,0x5e5f5d3babc8a511a17bc505add2b131b3c964a0,0x4fabb145d64652a948d72533023f6e7a623c7c53,BUSD,stable:BUSD,0xdfed8191fe8f0d65ff761e1f7e07f01b149f72a32c41c1f76e7cb58d572dfcc5_None_BUSD_0x4fabb145d64652a948d72533023f6e7a623c7c53,1639690810,1639690810,1,1.615e+21,1615.0,1615.0,16.279070,16.279070,0.775000,tx_agg_rolling_1800s_same_asset_group_or_route,Celer
ETH,eth_flow_be1a4c34430b42__r7fam18__inst00__synth_split_src,0xead2d85dcc363b3a695183ee499e0956fe75e1e176d0c1a597fb1de5ddba8d07,0x19ff34230cea036c38ccea251d6391b24d5e43cc|0x5427fefa711eff984124bfbb1ab6fbf5e3da1820,0x19ff34230cea036c38ccea251d6391b24d5e43cc,0xa0b86991c6218b36c1d19d4a2e9eb0ce3606eb48,USDC,stable:USDC,0xead2d85dcc363b3a695183ee499e0956fe75e1e176d0c1a597fb1de5ddba8d07_None_USDC_0xa0b86991c6218b36c1d19d4a2e9eb0ce3606eb48,1639072506,1639072506,1,30177940655.0,30177.940655,30177.940655,11.627907,11.627907,0.800000,tx_agg_rolling_1800s_same_asset_group_or_route,Celer
ETH,eth_flow_be1a4c34430b42__r7fam18__inst00__synth_merge_src1,0xead2d85dcc363b3a695183ee499e0956fe75e1e176d0c1a597fb1de5ddba8d07,0x19ff34230cea036c38ccea251d6391b24d5e43cc|0x5427fefa711eff984124bfbb1ab6fbf5e3da1820,0x19ff34230cea036c38ccea251d6391b24d5e43cc,0xa0b86991c6218b36c1d19d4a2e9eb0ce3606eb48,USDC,stable:USDC,0xead2d85dcc363b3a695183ee499e0956fe75e1e176d0c1a597fb1de5ddba8d07_None_USDC_0xa0b86991c6218b36c1d19d4a2e9eb0ce3606eb48,1639072506,1639072506,1,10059313551.666666,10059.313551666666,10059.313551666666,11.627907,11.627907,0.800000,tx_agg_rolling_1800s_same_asset_group_or_route,Celer
ETH,eth_flow_be1a4c34430b42__r7fam18__inst00__synth_merge_src2,0xead2d85dcc363b3a695183ee499e0956fe75e1e176d0c1a597fb1de5ddba8d07,0x19ff34230cea036c38ccea251d6391b24d5e43cc|0x5427fefa711eff984124bfbb1ab6fbf5e3da1820,0x19ff34230cea036c38ccea251d6391b24d5e43cc,0xa0b86991c6218b36c1d19d4a2e9eb0ce3606eb48,USDC,stable:USDC,0xead2d85dcc363b3a695183ee499e0956fe75e1e176d0c1a597fb1de5ddba8d07_None_USDC_0xa0b86991c6218b36c1d19d4a2e9eb0ce3606eb48,1639072506,1639072506,1,10059313551.666666,10059.313551666666,10059.313551666666,11.627907,11.627907,0.800000,tx_agg_rolling_1800s_same_asset_group_or_route,Celer
ETH,eth_flow_be1a4c34430b42__r7fam18__inst00__synth_merge_src3,0xead2d85dcc363b3a695183ee499e0956fe75e1e176d0c1a597fb1de5ddba8d07,0x19ff34230cea036c38ccea251d6391b24d5e43cc|0x5427fefa711eff984124bfbb1ab6fbf5e3da1820,0x19ff34230cea036c38ccea251d6391b24d5e43cc,0xa0b86991c6218b36c1d19d4a2e9eb0ce3606eb48,USDC,stable:USDC,0xead2d85dcc363b3a695183ee499e0956fe75e1e176d0c1a597fb1de5ddba8d07_None_USDC_0xa0b86991c6218b36c1d19d4a2e9eb0ce3606eb48,1639072506,1639072506,1,10059313551.666666,10059.313551666666,10059.313551666666,11.627907,11.627907,0.800000,tx_agg_rolling_1800s_same_asset_group_or_route,Celer
ETH,eth_flow_be1a4c34430b42__r7fam18__inst00__synth_unmatched_src,0xead2d85dcc363b3a695183ee499e0956fe75e1e176d0c1a597fb1de5ddba8d07,0x19ff34230cea036c38ccea251d6391b24d5e43cc|0x5427fefa711eff984124bfbb1ab6fbf5e3da1820,0x19ff34230cea036c38ccea251d6391b24d5e43cc,0xa0b86991c6218b36c1d19d4a2e9eb0ce3606eb48,USDC,stable:USDC,0xead2d85dcc363b3a695183ee499e0956fe75e1e176d0c1a597fb1de5ddba8d07_None_USDC_0xa0b86991c6218b36c1d19d4a2e9eb0ce3606eb48,1639072506,1639072506,1,30177940655.0,30177.940655,30177.940655,11.627907,11.627907,0.800000,tx_agg_rolling_1800s_same_asset_group_or_route,Celer
ETH,eth_flow_be1a4c34430b42__r7fam18__inst00__synth_noise_src_0,0xead2d85dcc363b3a695183ee499e0956fe75e1e176d0c1a597fb1de5ddba8d07,0x19ff34230cea036c38ccea251d6391b24d5e43cc|0x5427fefa711eff984124bfbb1ab6fbf5e3da1820,0x19ff34230cea036c38ccea251d6391b24d5e43cc,0xa0b86991c6218b36c1d19d4a2e9eb0ce3606eb48,USDC,stable:USDC,0xead2d85dcc363b3a695183ee499e0956fe75e1e176d0c1a597fb1de5ddba8d07_None_USDC_0xa0b86991c6218b36c1d19d4a2e9eb0ce3606eb48,1639072506,1639072506,1,30177940655.0,30177.940655,30177.940655,11.627907,11.627907,0.800000,tx_agg_rolling_1800s_same_asset_group_or_route,Celer
ETH,eth_flow_be1a4c34430b42__r7fam18__inst00__synth_noise_src_1,0xead2d85dcc363b3a695183ee499e0956fe75e1e176d0c1a597fb1de5ddba8d07,0x19ff34230cea036c38ccea251d6391b24d5e43cc|0x5427fefa711eff984124bfbb1ab6fbf5e3da1820,0x19ff34230cea036c38ccea251d6391b24d5e43cc,0xa0b86991c6218b36c1d19d4a2e9eb0ce3606eb48,USDC,stable:USDC,0xead2d85dcc363b3a695183ee499e0956fe75e1e176d0c1a597fb1de5ddba8d07_None_USDC_0xa0b86991c6218b36c1d19d4a2e9eb0ce3606eb48,1639072506,1639072506,1,30177940655.0,30177.940655,30177.940655,11.627907,11.627907,0.800000,tx_agg_rolling_1800s_same_asset_group_or_route,Celer
ETH,eth_flow_47292232b1e846__r7fam18__inst01__synth_split_src,0x374c31c010c5beac913b5c3af5616434a05339862297368d47443a3bbdc950a8,0x1688571a589276fdddc8fcc492b1e023c4ddd6c9|0x5427fefa711eff984124bfbb1ab6fbf5e3da1820,0x1688571a589276fdddc8fcc492b1e023c4ddd6c9,0xdac17f958d2ee523a2206206994597c13d831ec7,USDT,stable:USDT,0x374c31c010c5beac913b5c3af5616434a05339862297368d47443a3bbdc950a8_None_USDT_0xdac17f958d2ee523a2206206994597c13d831ec7,1639829434,1639829434,1,200050000000.0,200050.0,200050.0,0.000000,0.000000,0.775000,tx_agg_rolling_1800s_same_asset_group_or_route,Celer
ETH,eth_flow_47292232b1e846__r7fam18__inst01__synth_merge_src1,0x374c31c010c5beac913b5c3af5616434a05339862297368d47443a3bbdc950a8,0x1688571a589276fdddc8fcc492b1e023c4ddd6c9|0x5427fefa711eff984124bfbb1ab6fbf5e3da1820,0x1688571a589276fdddc8fcc492b1e023c4ddd6c9,0xdac17f958d2ee523a2206206994597c13d831ec7,USDT,stable:USDT,0x374c31c010c5beac913b5c3af5616434a05339862297368d47443a3bbdc950a8_None_USDT_0xdac17f958d2ee523a2206206994597c13d831ec7,1639829434,1639829434,1,100025000000.0,100025.0,100025.0,0.000000,0.000000,0.775000,tx_agg_rolling_1800s_same_asset_group_or_route,Celer
ETH,eth_flow_47292232b1e846__r7fam18__inst01__synth_merge_src2,0x374c31c010c5beac913b5c3af5616434a05339862297368d47443a3bbdc950a8,0x1688571a589276fdddc8fcc492b1e023c4ddd6c9|0x5427fefa711eff984124bfbb1ab6fbf5e3da1820,0x1688571a589276fdddc8fcc492b1e023c4ddd6c9,0xdac17f958d2ee523a2206206994597c13d831ec7,USDT,stable:USDT,0x374c31c010c5beac913b5c3af5616434a05339862297368d47443a3bbdc950a8_None_USDT_0xdac17f958d2ee523a2206206994597c13d831ec7,1639829434,1639829434,1,100025000000.0,100025.0,100025.0,0.000000,0.000000,0.775000,tx_agg_rolling_1800s_same_asset_group_or_route,Celer
ETH,eth_flow_47292232b1e846__r7fam18__inst01__synth_unmatched_src,0x374c31c010c5beac913b5c3af5616434a05339862297368d47443a3bbdc950a8,0x1688571a589276fdddc8fcc492b1e023c4ddd6c9|0x5427fefa711eff984124bfbb1ab6fbf5e3da1820,0x1688571a589276fdddc8fcc492b1e023c4ddd6c9,0xdac17f958d2ee523a2206206994597c13d831ec7,USDT,stable:USDT,0x374c31c010c5beac913b5c3af5616434a05339862297368d47443a3bbdc950a8_None_USDT_0xdac17f958d2ee523a2206206994597c13d831ec7,1639829434,1639829434,1,200050000000.0,200050.0,200050.0,0.000000,0.000000,0.775000,tx_agg_rolling_1800s_same_asset_group_or_route,Celer
ETH,eth_flow_47292232b1e846__r7fam18__inst01__synth_noise_src_0,0x374c31c010c5beac913b5c3af5616434a05339862297368d47443a3bbdc950a8,0x1688571a589276fdddc8fcc492b1e023c4ddd6c9|0x5427fefa711eff984124bfbb1ab6fbf5e3da1820,0x1688571a589276fdddc8fcc492b1e023c4ddd6c9,0xdac17f958d2ee523a2206206994597c13d831ec7,USDT,stable:USDT,0x374c31c010c5beac913b5c3af5616434a05339862297368d47443a3bbdc950a8_None_USDT_0xdac17f958d2ee523a2206206994597c13d831ec7,1639829434,1639829434,1,200050000000.0,200050.0,200050.0,0.000000,0.000000,0.775000,tx_agg_rolling_1800s_same_asset_group_or_route,Celer
ETH,eth_flow_47292232b1e846__r7fam18__inst01__synth_noise_src_1,0x374c31c010c5beac913b5c3af5616434a05339862297368d47443a3bbdc950a8,0x1688571a589276fdddc8fcc492b1e023c4ddd6c9|0x5427fefa711eff984124bfbb1ab6fbf5e3da1820,0x1688571a589276fdddc8fcc492b1e023c4ddd6c9,0xdac17f958d2ee523a2206206994597c13d831ec7,USDT,stable:USDT,0x374c31c010c5beac913b5c3af5616434a05339862297368d47443a3bbdc950a8_None_USDT_0xdac17f958d2ee523a2206206994597c13d831ec7,1639829434,1639829434,1,200050000000.0,200050.0,200050.0,0.000000,0.000000,0.775000,tx_agg_rolling_1800s_same_asset_group_or_route,Celer
ETH,eth_flow_47ef3e64e52c44__r7fam19__inst00__synth_split_src,0x5cba279177482b6dfe8d4f1f8ee6420b759cd6fac9f1579fefec1b78b1238080,0x5427fefa711eff984124bfbb1ab6fbf5e3da1820|0xdf85582a8ab1138d674bb5f301ff6b228e02257c,0xdf85582a8ab1138d674bb5f301ff6b228e02257c,0xdac17f958d2ee523a2206206994597c13d831ec7,USDT,stable:USDT,0x5cba279177482b6dfe8d4f1f8ee6420b759cd6fac9f1579fefec1b78b1238080_None_USDT_0xdac17f958d2ee523a2206206994597c13d831ec7,1640653570,1640653570,1,10108000000.0,10108.0,10108.0,0.000000,0.000000,0.775000,tx_agg_rolling_1800s_same_asset_group_or_route,Celer
ETH,eth_flow_47ef3e64e52c44__r7fam19__inst00__synth_merge_src1,0x5cba279177482b6dfe8d4f1f8ee6420b759cd6fac9f1579fefec1b78b1238080,0x5427fefa711eff984124bfbb1ab6fbf5e3da1820|0xdf85582a8ab1138d674bb5f301ff6b228e02257c,0xdf85582a8ab1138d674bb5f301ff6b228e02257c,0xdac17f958d2ee523a2206206994597c13d831ec7,USDT,stable:USDT,0x5cba279177482b6dfe8d4f1f8ee6420b759cd6fac9f1579fefec1b78b1238080_None_USDT_0xdac17f958d2ee523a2206206994597c13d831ec7,1640653570,1640653570,1,5054000000.0,5054.0,5054.0,0.000000,0.000000,0.775000,tx_agg_rolling_1800s_same_asset_group_or_route,Celer
ETH,eth_flow_47ef3e64e52c44__r7fam19__inst00__synth_merge_src2,0x5cba279177482b6dfe8d4f1f8ee6420b759cd6fac9f1579fefec1b78b1238080,0x5427fefa711eff984124bfbb1ab6fbf5e3da1820|0xdf85582a8ab1138d674bb5f301ff6b228e02257c,0xdf85582a8ab1138d674bb5f301ff6b228e02257c,0xdac17f958d2ee523a2206206994597c13d831ec7,USDT,stable:USDT,0x5cba279177482b6dfe8d4f1f8ee6420b759cd6fac9f1579fefec1b78b1238080_None_USDT_0xdac17f958d2ee523a2206206994597c13d831ec7,1640653570,1640653570,1,5054000000.0,5054.0,5054.0,0.000000,0.000000,0.775000,tx_agg_rolling_1800s_same_asset_group_or_route,Celer
ETH,eth_flow_47ef3e64e52c44__r7fam19__inst00__synth_unmatched_src,0x5cba279177482b6dfe8d4f1f8ee6420b759cd6fac9f1579fefec1b78b1238080,0x5427fefa711eff984124bfbb1ab6fbf5e3da1820|0xdf85582a8ab1138d674bb5f301ff6b228e02257c,0xdf85582a8ab1138d674bb5f301ff6b228e02257c,0xdac17f958d2ee523a2206206994597c13d831ec7,USDT,stable:USDT,0x5cba279177482b6dfe8d4f1f8ee6420b759cd6fac9f1579fefec1b78b1238080_None_USDT_0xdac17f958d2ee523a2206206994597c13d831ec7,1640653570,1640653570,1,10108000000.0,10108.0,10108.0,0.000000,0.000000,0.775000,tx_agg_rolling_1800s_same_asset_group_or_route,Celer
ETH,eth_flow_47ef3e64e52c44__r7fam19__inst00__synth_noise_src_0,0x5cba279177482b6dfe8d4f1f8ee6420b759cd6fac9f1579fefec1b78b1238080,0x5427fefa711eff984124bfbb1ab6fbf5e3da1820|0xdf85582a8ab1138d674bb5f301ff6b228e02257c,0xdf85582a8ab1138d674bb5f301ff6b228e02257c,0xdac17f958d2ee523a2206206994597c13d831ec7,USDT,stable:USDT,0x5cba279177482b6dfe8d4f1f8ee6420b759cd6fac9f1579fefec1b78b1238080_None_USDT_0xdac17f958d2ee523a2206206994597c13d831ec7,1640653570,1640653570,1,10108000000.0,10108.0,10108.0,0.000000,0.000000,0.775000,tx_agg_rolling_1800s_same_asset_group_or_route,Celer
ETH,eth_flow_47ef3e64e52c44__r7fam19__inst00__synth_noise_src_1,0x5cba279177482b6dfe8d4f1f8ee6420b759cd6fac9f1579fefec1b78b1238080,0x5427fefa711eff984124bfbb1ab6fbf5e3da1820|0xdf85582a8ab1138d674bb5f301ff6b228e02257c,0xdf85582a8ab1138d674bb5f301ff6b228e02257c,0xdac17f958d2ee523a2206206994597c13d831ec7,USDT,stable:USDT,0x5cba279177482b6dfe8d4f1f8ee6420b759cd6fac9f1579fefec1b78b1238080_None_USDT_0xdac17f958d2ee523a2206206994597c13d831ec7,1640653570,1640653570,1,10108000000.0,10108.0,10108.0,0.000000,0.000000,0.775000,tx_agg_rolling_1800s_same_asset_group_or_route,Celer
ETH,eth_flow_7eab44be34064e__r7fam19__inst01__synth_split_src,0x96c67e17145e49582868e3166d80a1335cf47f7b78dce19302ee8b008d639f38,0x1688571a589276fdddc8fcc492b1e023c4ddd6c9|0x5427fefa711eff984124bfbb1ab6fbf5e3da1820,0x1688571a589276fdddc8fcc492b1e023c4ddd6c9,0xdac17f958d2ee523a2206206994597c13d831ec7,USDT,stable:USDT,0x96c67e17145e49582868e3166d80a1335cf47f7b78dce19302ee8b008d639f38_None_USDT_0xdac17f958d2ee523a2206206994597c13d831ec7,1639510386,1639510386,1,160000000000.0,160000.0,160000.0,0.000000,0.000000,0.800000,tx_agg_rolling_1800s_same_asset_group_or_route,Celer
ETH,eth_flow_7eab44be34064e__r7fam19__inst01__synth_merge_src1,0x96c67e17145e49582868e3166d80a1335cf47f7b78dce19302ee8b008d639f38,0x1688571a589276fdddc8fcc492b1e023c4ddd6c9|0x5427fefa711eff984124bfbb1ab6fbf5e3da1820,0x1688571a589276fdddc8fcc492b1e023c4ddd6c9,0xdac17f958d2ee523a2206206994597c13d831ec7,USDT,stable:USDT,0x96c67e17145e49582868e3166d80a1335cf47f7b78dce19302ee8b008d639f38_None_USDT_0xdac17f958d2ee523a2206206994597c13d831ec7,1639510386,1639510386,1,80000000000.0,80000.0,80000.0,0.000000,0.000000,0.800000,tx_agg_rolling_1800s_same_asset_group_or_route,Celer
ETH,eth_flow_7eab44be34064e__r7fam19__inst01__synth_merge_src2,0x96c67e17145e49582868e3166d80a1335cf47f7b78dce19302ee8b008d639f38,0x1688571a589276fdddc8fcc492b1e023c4ddd6c9|0x5427fefa711eff984124bfbb1ab6fbf5e3da1820,0x1688571a589276fdddc8fcc492b1e023c4ddd6c9,0xdac17f958d2ee523a2206206994597c13d831ec7,USDT,stable:USDT,0x96c67e17145e49582868e3166d80a1335cf47f7b78dce19302ee8b008d639f38_None_USDT_0xdac17f958d2ee523a2206206994597c13d831ec7,1639510386,1639510386,1,80000000000.0,80000.0,80000.0,0.000000,0.000000,0.800000,tx_agg_rolling_1800s_same_asset_group_or_route,Celer
ETH,eth_flow_7eab44be34064e__r7fam19__inst01__synth_unmatched_src,0x96c67e17145e49582868e3166d80a1335cf47f7b78dce19302ee8b008d639f38,0x1688571a589276fdddc8fcc492b1e023c4ddd6c9|0x5427fefa711eff984124bfbb1ab6fbf5e3da1820,0x1688571a589276fdddc8fcc492b1e023c4ddd6c9,0xdac17f958d2ee523a2206206994597c13d831ec7,USDT,stable:USDT,0x96c67e17145e49582868e3166d80a1335cf47f7b78dce19302ee8b008d639f38_None_USDT_0xdac17f958d2ee523a2206206994597c13d831ec7,1639510386,1639510386,1,160000000000.0,160000.0,160000.0,0.000000,0.000000,0.800000,tx_agg_rolling_1800s_same_asset_group_or_route,Celer
ETH,eth_flow_7eab44be34064e__r7fam19__inst01__synth_noise_src_0,0x96c67e17145e49582868e3166d80a1335cf47f7b78dce19302ee8b008d639f38,0x1688571a589276fdddc8fcc492b1e023c4ddd6c9|0x5427fefa711eff984124bfbb1ab6fbf5e3da1820,0x1688571a589276fdddc8fcc492b1e023c4ddd6c9,0xdac17f958d2ee523a2206206994597c13d831ec7,USDT,stable:USDT,0x96c67e17145e49582868e3166d80a1335cf47f7b78dce19302ee8b008d639f38_None_USDT_0xdac17f958d2ee523a2206206994597c13d831ec7,1639510386,1639510386,1,160000000000.0,160000.0,160000.0,0.000000,0.000000,0.800000,tx_agg_rolling_1800s_same_asset_group_or_route,Celer
ETH,eth_flow_7eab44be34064e__r7fam19__inst01__synth_noise_src_1,0x96c67e17145e49582868e3166d80a1335cf47f7b78dce19302ee8b008d639f38,0x1688571a589276fdddc8fcc492b1e023c4ddd6c9|0x5427fefa711eff984124bfbb1ab6fbf5e3da1820,0x1688571a589276fdddc8fcc492b1e023c4ddd6c9,0xdac17f958d2ee523a2206206994597c13d831ec7,USDT,stable:USDT,0x96c67e17145e49582868e3166d80a1335cf47f7b78dce19302ee8b008d639f38_None_USDT_0xdac17f958d2ee523a2206206994597c13d831ec7,1639510386,1639510386,1,160000000000.0,160000.0,160000.0,0.000000,0.000000,0.800000,tx_agg_rolling_1800s_same_asset_group_or_route,Celer
ETH,eth_flow_6cbc50e29aba4c__r7fam20__inst00__synth_split_src,0x19196ca686016a1333ff11104b1923e7f18795c7b8ce098efd4d68cbc3ce52e6,0xb37d31b2a74029b5951a2778f959282e2d518595|0xd3660ee5743108ddbbc6eb9dd07a0c325f6921fe,0xd3660ee5743108ddbbc6eb9dd07a0c325f6921fe,0x45c2f8c9b4c0bdc76200448cc26c48ab6ffef83f,DOMI,token:DOMI,0x19196ca686016a1333ff11104b1923e7f18795c7b8ce098efd4d68cbc3ce52e6_None_DOMI_0x45c2f8c9b4c0bdc76200448cc26c48ab6ffef83f,1643695381,1643695381,1,2.1228341983678883e+22,21228.34198367888,21228.34198367888,11.627907,11.627907,0.800000,tx_agg_rolling_1800s_same_asset_group_or_route,Celer
ETH,eth_flow_6cbc50e29aba4c__r7fam20__inst00__synth_merge_src1,0x19196ca686016a1333ff11104b1923e7f18795c7b8ce098efd4d68cbc3ce52e6,0xb37d31b2a74029b5951a2778f959282e2d518595|0xd3660ee5743108ddbbc6eb9dd07a0c325f6921fe,0xd3660ee5743108ddbbc6eb9dd07a0c325f6921fe,0x45c2f8c9b4c0bdc76200448cc26c48ab6ffef83f,DOMI,token:DOMI,0x19196ca686016a1333ff11104b1923e7f18795c7b8ce098efd4d68cbc3ce52e6_None_DOMI_0x45c2f8c9b4c0bdc76200448cc26c48ab6ffef83f,1643695381,1643695381,1,1.0614170991839442e+22,10614.17099183944,10614.17099183944,11.627907,11.627907,0.800000,tx_agg_rolling_1800s_same_asset_group_or_route,Celer
ETH,eth_flow_6cbc50e29aba4c__r7fam20__inst00__synth_merge_src2,0x19196ca686016a1333ff11104b1923e7f18795c7b8ce098efd4d68cbc3ce52e6,0xb37d31b2a74029b5951a2778f959282e2d518595|0xd3660ee5743108ddbbc6eb9dd07a0c325f6921fe,0xd3660ee5743108ddbbc6eb9dd07a0c325f6921fe,0x45c2f8c9b4c0bdc76200448cc26c48ab6ffef83f,DOMI,token:DOMI,0x19196ca686016a1333ff11104b1923e7f18795c7b8ce098efd4d68cbc3ce52e6_None_DOMI_0x45c2f8c9b4c0bdc76200448cc26c48ab6ffef83f,1643695381,1643695381,1,1.0614170991839442e+22,10614.17099183944,10614.17099183944,11.627907,11.627907,0.800000,tx_agg_rolling_1800s_same_asset_group_or_route,Celer
ETH,eth_flow_6cbc50e29aba4c__r7fam20__inst00__synth_unmatched_src,0x19196ca686016a1333ff11104b1923e7f18795c7b8ce098efd4d68cbc3ce52e6,0xb37d31b2a74029b5951a2778f959282e2d518595|0xd3660ee5743108ddbbc6eb9dd07a0c325f6921fe,0xd3660ee5743108ddbbc6eb9dd07a0c325f6921fe,0x45c2f8c9b4c0bdc76200448cc26c48ab6ffef83f,DOMI,token:DOMI,0x19196ca686016a1333ff11104b1923e7f18795c7b8ce098efd4d68cbc3ce52e6_None_DOMI_0x45c2f8c9b4c0bdc76200448cc26c48ab6ffef83f,1643695381,1643695381,1,2.1228341983678883e+22,21228.34198367888,21228.34198367888,11.627907,11.627907,0.800000,tx_agg_rolling_1800s_same_asset_group_or_route,Celer
ETH,eth_flow_6cbc50e29aba4c__r7fam20__inst00__synth_noise_src_0,0x19196ca686016a1333ff11104b1923e7f18795c7b8ce098efd4d68cbc3ce52e6,0xb37d31b2a74029b5951a2778f959282e2d518595|0xd3660ee5743108ddbbc6eb9dd07a0c325f6921fe,0xd3660ee5743108ddbbc6eb9dd07a0c325f6921fe,0x45c2f8c9b4c0bdc76200448cc26c48ab6ffef83f,DOMI,token:DOMI,0x19196ca686016a1333ff11104b1923e7f18795c7b8ce098efd4d68cbc3ce52e6_None_DOMI_0x45c2f8c9b4c0bdc76200448cc26c48ab6ffef83f,1643695381,1643695381,1,2.1228341983678883e+22,21228.34198367888,21228.34198367888,11.627907,11.627907,0.800000,tx_agg_rolling_1800s_same_asset_group_or_route,Celer
ETH,eth_flow_6cbc50e29aba4c__r7fam20__inst00__synth_noise_src_1,0x19196ca686016a1333ff11104b1923e7f18795c7b8ce098efd4d68cbc3ce52e6,0xb37d31b2a74029b5951a2778f959282e2d518595|0xd3660ee5743108ddbbc6eb9dd07a0c325f6921fe,0xd3660ee5743108ddbbc6eb9dd07a0c325f6921fe,0x45c2f8c9b4c0bdc76200448cc26c48ab6ffef83f,DOMI,token:DOMI,0x19196ca686016a1333ff11104b1923e7f18795c7b8ce098efd4d68cbc3ce52e6_None_DOMI_0x45c2f8c9b4c0bdc76200448cc26c48ab6ffef83f,1643695381,1643695381,1,2.1228341983678883e+22,21228.34198367888,21228.34198367888,11.627907,11.627907,0.800000,tx_agg_rolling_1800s_same_asset_group_or_route,Celer
ETH,eth_flow_0ea338a9984443__r7fam20__inst01__synth_split_src,0xeaead40ef0eb4500cd54087fa1fa2f6d16dab63a3b218ab974b6bc8baf82c252,0x7510792a3b1969f9307f3845ce88e39578f2bae1|0xf2184c423a11fc2d8a4d9169f7de163a975a439b,0xf2184c423a11fc2d8a4d9169f7de163a975a439b,0x298d492e8c1d909d3f63bc4a36c66c64acb3d695,PBR,token:PBR,0xeaead40ef0eb4500cd54087fa1fa2f6d16dab63a3b218ab974b6bc8baf82c252_None_PBR_0x298d492e8c1d909d3f63bc4a36c66c64acb3d695,1658201531,1658201531,1,2.1848391813665703e+22,21848.391813665705,21848.391813665705,16.279070,16.279070,0.800000,tx_agg_rolling_1800s_same_asset_group_or_route,Celer
ETH,eth_flow_0ea338a9984443__r7fam20__inst01__synth_merge_src1,0xeaead40ef0eb4500cd54087fa1fa2f6d16dab63a3b218ab974b6bc8baf82c252,0x7510792a3b1969f9307f3845ce88e39578f2bae1|0xf2184c423a11fc2d8a4d9169f7de163a975a439b,0xf2184c423a11fc2d8a4d9169f7de163a975a439b,0x298d492e8c1d909d3f63bc4a36c66c64acb3d695,PBR,token:PBR,0xeaead40ef0eb4500cd54087fa1fa2f6d16dab63a3b218ab974b6bc8baf82c252_None_PBR_0x298d492e8c1d909d3f63bc4a36c66c64acb3d695,1658201531,1658201531,1,1.0924195906832852e+22,10924.195906832852,10924.195906832852,16.279070,16.279070,0.800000,tx_agg_rolling_1800s_same_asset_group_or_route,Celer
ETH,eth_flow_0ea338a9984443__r7fam20__inst01__synth_merge_src2,0xeaead40ef0eb4500cd54087fa1fa2f6d16dab63a3b218ab974b6bc8baf82c252,0x7510792a3b1969f9307f3845ce88e39578f2bae1|0xf2184c423a11fc2d8a4d9169f7de163a975a439b,0xf2184c423a11fc2d8a4d9169f7de163a975a439b,0x298d492e8c1d909d3f63bc4a36c66c64acb3d695,PBR,token:PBR,0xeaead40ef0eb4500cd54087fa1fa2f6d16dab63a3b218ab974b6bc8baf82c252_None_PBR_0x298d492e8c1d909d3f63bc4a36c66c64acb3d695,1658201531,1658201531,1,1.0924195906832852e+22,10924.195906832852,10924.195906832852,16.279070,16.279070,0.800000,tx_agg_rolling_1800s_same_asset_group_or_route,Celer
ETH,eth_flow_0ea338a9984443__r7fam20__inst01__synth_unmatched_src,0xeaead40ef0eb4500cd54087fa1fa2f6d16dab63a3b218ab974b6bc8baf82c252,0x7510792a3b1969f9307f3845ce88e39578f2bae1|0xf2184c423a11fc2d8a4d9169f7de163a975a439b,0xf2184c423a11fc2d8a4d9169f7de163a975a439b,0x298d492e8c1d909d3f63bc4a36c66c64acb3d695,PBR,token:PBR,0xeaead40ef0eb4500cd54087fa1fa2f6d16dab63a3b218ab974b6bc8baf82c252_None_PBR_0x298d492e8c1d909d3f63bc4a36c66c64acb3d695,1658201531,1658201531,1,2.1848391813665703e+22,21848.391813665705,21848.391813665705,16.279070,16.279070,0.800000,tx_agg_rolling_1800s_same_asset_group_or_route,Celer
ETH,eth_flow_0ea338a9984443__r7fam20__inst01__synth_noise_src_0,0xeaead40ef0eb4500cd54087fa1fa2f6d16dab63a3b218ab974b6bc8baf82c252,0x7510792a3b1969f9307f3845ce88e39578f2bae1|0xf2184c423a11fc2d8a4d9169f7de163a975a439b,0xf2184c423a11fc2d8a4d9169f7de163a975a439b,0x298d492e8c1d909d3f63bc4a36c66c64acb3d695,PBR,token:PBR,0xeaead40ef0eb4500cd54087fa1fa2f6d16dab63a3b218ab974b6bc8baf82c252_None_PBR_0x298d492e8c1d909d3f63bc4a36c66c64acb3d695,1658201531,1658201531,1,2.1848391813665703e+22,21848.391813665705,21848.391813665705,16.279070,16.279070,0.800000,tx_agg_rolling_1800s_same_asset_group_or_route,Celer
ETH,eth_flow_0ea338a9984443__r7fam20__inst01__synth_noise_src_1,0xeaead40ef0eb4500cd54087fa1fa2f6d16dab63a3b218ab974b6bc8baf82c252,0x7510792a3b1969f9307f3845ce88e39578f2bae1|0xf2184c423a11fc2d8a4d9169f7de163a975a439b,0xf2184c423a11fc2d8a4d9169f7de163a975a439b,0x298d492e8c1d909d3f63bc4a36c66c64acb3d695,PBR,token:PBR,0xeaead40ef0eb4500cd54087fa1fa2f6d16dab63a3b218ab974b6bc8baf82c252_None_PBR_0x298d492e8c1d909d3f63bc4a36c66c64acb3d695,1658201531,1658201531,1,2.1848391813665703e+22,21848.391813665705,21848.391813665705,16.279070,16.279070,0.800000,tx_agg_rolling_1800s_same_asset_group_or_route,Celer
ETH,eth_flow_02d219031e534d__r7fam21__inst00__synth_split_src,0x041038cf73d1cd6e36d344ce9b2406c0ba31b27d3f1d066a420bc358e22457a9,0x7510792a3b1969f9307f3845ce88e39578f2bae1|0xd74e65703041f0397775217a82241536db678c81,0xd74e65703041f0397775217a82241536db678c81,0xfb5c6815ca3ac72ce9f5006869ae67f18bf77006,PSTAKE,token:PSTAKE,0x041038cf73d1cd6e36d344ce9b2406c0ba31b27d3f1d066a420bc358e22457a9_None_PSTAKE_0xfb5c6815ca3ac72ce9f5006869ae67f18bf77006,1680706151,1680706151,1,1.015264661082e+22,10152.64661082,10152.64661082,0.000000,0.000000,0.800000,tx_agg_rolling_1800s_same_asset_group_or_route,Celer
ETH,eth_flow_02d219031e534d__r7fam21__inst00__synth_merge_src1,0x041038cf73d1cd6e36d344ce9b2406c0ba31b27d3f1d066a420bc358e22457a9,0x7510792a3b1969f9307f3845ce88e39578f2bae1|0xd74e65703041f0397775217a82241536db678c81,0xd74e65703041f0397775217a82241536db678c81,0xfb5c6815ca3ac72ce9f5006869ae67f18bf77006,PSTAKE,token:PSTAKE,0x041038cf73d1cd6e36d344ce9b2406c0ba31b27d3f1d066a420bc358e22457a9_None_PSTAKE_0xfb5c6815ca3ac72ce9f5006869ae67f18bf77006,1680706151,1680706151,1,5.07632330541e+21,5076.32330541,5076.32330541,0.000000,0.000000,0.800000,tx_agg_rolling_1800s_same_asset_group_or_route,Celer
ETH,eth_flow_02d219031e534d__r7fam21__inst00__synth_merge_src2,0x041038cf73d1cd6e36d344ce9b2406c0ba31b27d3f1d066a420bc358e22457a9,0x7510792a3b1969f9307f3845ce88e39578f2bae1|0xd74e65703041f0397775217a82241536db678c81,0xd74e65703041f0397775217a82241536db678c81,0xfb5c6815ca3ac72ce9f5006869ae67f18bf77006,PSTAKE,token:PSTAKE,0x041038cf73d1cd6e36d344ce9b2406c0ba31b27d3f1d066a420bc358e22457a9_None_PSTAKE_0xfb5c6815ca3ac72ce9f5006869ae67f18bf77006,1680706151,1680706151,1,5.07632330541e+21,5076.32330541,5076.32330541,0.000000,0.000000,0.800000,tx_agg_rolling_1800s_same_asset_group_or_route,Celer
ETH,eth_flow_02d219031e534d__r7fam21__inst00__synth_unmatched_src,0x041038cf73d1cd6e36d344ce9b2406c0ba31b27d3f1d066a420bc358e22457a9,0x7510792a3b1969f9307f3845ce88e39578f2bae1|0xd74e65703041f0397775217a82241536db678c81,0xd74e65703041f0397775217a82241536db678c81,0xfb5c6815ca3ac72ce9f5006869ae67f18bf77006,PSTAKE,token:PSTAKE,0x041038cf73d1cd6e36d344ce9b2406c0ba31b27d3f1d066a420bc358e22457a9_None_PSTAKE_0xfb5c6815ca3ac72ce9f5006869ae67f18bf77006,1680706151,1680706151,1,1.015264661082e+22,10152.64661082,10152.64661082,0.000000,0.000000,0.800000,tx_agg_rolling_1800s_same_asset_group_or_route,Celer
ETH,eth_flow_02d219031e534d__r7fam21__inst00__synth_noise_src_0,0x041038cf73d1cd6e36d344ce9b2406c0ba31b27d3f1d066a420bc358e22457a9,0x7510792a3b1969f9307f3845ce88e39578f2bae1|0xd74e65703041f0397775217a82241536db678c81,0xd74e65703041f0397775217a82241536db678c81,0xfb5c6815ca3ac72ce9f5006869ae67f18bf77006,PSTAKE,token:PSTAKE,0x041038cf73d1cd6e36d344ce9b2406c0ba31b27d3f1d066a420bc358e22457a9_None_PSTAKE_0xfb5c6815ca3ac72ce9f5006869ae67f18bf77006,1680706151,1680706151,1,1.015264661082e+22,10152.64661082,10152.64661082,0.000000,0.000000,0.800000,tx_agg_rolling_1800s_same_asset_group_or_route,Celer
ETH,eth_flow_02d219031e534d__r7fam21__inst00__synth_noise_src_1,0x041038cf73d1cd6e36d344ce9b2406c0ba31b27d3f1d066a420bc358e22457a9,0x7510792a3b1969f9307f3845ce88e39578f2bae1|0xd74e65703041f0397775217a82241536db678c81,0xd74e65703041f0397775217a82241536db678c81,0xfb5c6815ca3ac72ce9f5006869ae67f18bf77006,PSTAKE,token:PSTAKE,0x041038cf73d1cd6e36d344ce9b2406c0ba31b27d3f1d066a420bc358e22457a9_None_PSTAKE_0xfb5c6815ca3ac72ce9f5006869ae67f18bf77006,1680706151,1680706151,1,1.015264661082e+22,10152.64661082,10152.64661082,0.000000,0.000000,0.800000,tx_agg_rolling_1800s_same_asset_group_or_route,Celer
ETH,eth_flow_f607c87173ac43__r7fam21__inst01__synth_split_src,0xcb36fd69d47cc02ffefd9077c16aff4bd6f5fe3ac93a3aa82471cc270a41397a,0x7510792a3b1969f9307f3845ce88e39578f2bae1|0xf6aba9ba2a54cbce4f1cf525b1f61c41098d1958,0xf6aba9ba2a54cbce4f1cf525b1f61c41098d1958,0xfb5c6815ca3ac72ce9f5006869ae67f18bf77006,PSTAKE,token:PSTAKE,0xcb36fd69d47cc02ffefd9077c16aff4bd6f5fe3ac93a3aa82471cc270a41397a_None_PSTAKE_0xfb5c6815ca3ac72ce9f5006869ae67f18bf77006,1680333695,1680333695,1,9.93596929123e+21,9935.96929123,9935.96929123,4.651163,4.651163,0.800000,tx_agg_rolling_1800s_same_asset_group_or_route,Celer
ETH,eth_flow_f607c87173ac43__r7fam21__inst01__synth_merge_src1,0xcb36fd69d47cc02ffefd9077c16aff4bd6f5fe3ac93a3aa82471cc270a41397a,0x7510792a3b1969f9307f3845ce88e39578f2bae1|0xf6aba9ba2a54cbce4f1cf525b1f61c41098d1958,0xf6aba9ba2a54cbce4f1cf525b1f61c41098d1958,0xfb5c6815ca3ac72ce9f5006869ae67f18bf77006,PSTAKE,token:PSTAKE,0xcb36fd69d47cc02ffefd9077c16aff4bd6f5fe3ac93a3aa82471cc270a41397a_None_PSTAKE_0xfb5c6815ca3ac72ce9f5006869ae67f18bf77006,1680333695,1680333695,1,4.967984645615e+21,4967.984645615,4967.984645615,4.651163,4.651163,0.800000,tx_agg_rolling_1800s_same_asset_group_or_route,Celer
ETH,eth_flow_f607c87173ac43__r7fam21__inst01__synth_merge_src2,0xcb36fd69d47cc02ffefd9077c16aff4bd6f5fe3ac93a3aa82471cc270a41397a,0x7510792a3b1969f9307f3845ce88e39578f2bae1|0xf6aba9ba2a54cbce4f1cf525b1f61c41098d1958,0xf6aba9ba2a54cbce4f1cf525b1f61c41098d1958,0xfb5c6815ca3ac72ce9f5006869ae67f18bf77006,PSTAKE,token:PSTAKE,0xcb36fd69d47cc02ffefd9077c16aff4bd6f5fe3ac93a3aa82471cc270a41397a_None_PSTAKE_0xfb5c6815ca3ac72ce9f5006869ae67f18bf77006,1680333695,1680333695,1,4.967984645615e+21,4967.984645615,4967.984645615,4.651163,4.651163,0.800000,tx_agg_rolling_1800s_same_asset_group_or_route,Celer
ETH,eth_flow_f607c87173ac43__r7fam21__inst01__synth_unmatched_src,0xcb36fd69d47cc02ffefd9077c16aff4bd6f5fe3ac93a3aa82471cc270a41397a,0x7510792a3b1969f9307f3845ce88e39578f2bae1|0xf6aba9ba2a54cbce4f1cf525b1f61c41098d1958,0xf6aba9ba2a54cbce4f1cf525b1f61c41098d1958,0xfb5c6815ca3ac72ce9f5006869ae67f18bf77006,PSTAKE,token:PSTAKE,0xcb36fd69d47cc02ffefd9077c16aff4bd6f5fe3ac93a3aa82471cc270a41397a_None_PSTAKE_0xfb5c6815ca3ac72ce9f5006869ae67f18bf77006,1680333695,1680333695,1,9.93596929123e+21,9935.96929123,9935.96929123,4.651163,4.651163,0.800000,tx_agg_rolling_1800s_same_asset_group_or_route,Celer
ETH,eth_flow_f607c87173ac43__r7fam21__inst01__synth_noise_src_0,0xcb36fd69d47cc02ffefd9077c16aff4bd6f5fe3ac93a3aa82471cc270a41397a,0x7510792a3b1969f9307f3845ce88e39578f2bae1|0xf6aba9ba2a54cbce4f1cf525b1f61c41098d1958,0xf6aba9ba2a54cbce4f1cf525b1f61c41098d1958,0xfb5c6815ca3ac72ce9f5006869ae67f18bf77006,PSTAKE,token:PSTAKE,0xcb36fd69d47cc02ffefd9077c16aff4bd6f5fe3ac93a3aa82471cc270a41397a_None_PSTAKE_0xfb5c6815ca3ac72ce9f5006869ae67f18bf77006,1680333695,1680333695,1,9.93596929123e+21,9935.96929123,9935.96929123,4.651163,4.651163,0.800000,tx_agg_rolling_1800s_same_asset_group_or_route,Celer
ETH,eth_flow_f607c87173ac43__r7fam21__inst01__synth_noise_src_1,0xcb36fd69d47cc02ffefd9077c16aff4bd6f5fe3ac93a3aa82471cc270a41397a,0x7510792a3b1969f9307f3845ce88e39578f2bae1|0xf6aba9ba2a54cbce4f1cf525b1f61c41098d1958,0xf6aba9ba2a54cbce4f1cf525b1f61c41098d1958,0xfb5c6815ca3ac72ce9f5006869ae67f18bf77006,PSTAKE,token:PSTAKE,0xcb36fd69d47cc02ffefd9077c16aff4bd6f5fe3ac93a3aa82471cc270a41397a_None_PSTAKE_0xfb5c6815ca3ac72ce9f5006869ae67f18bf77006,1680333695,1680333695,1,9.93596929123e+21,9935.96929123,9935.96929123,4.651163,4.651163,0.800000,tx_agg_rolling_1800s_same_asset_group_or_route,Celer
ETH,eth_flow_31d31acd47054e__r7fam22__inst00__synth_split_src,0xf349875faf7c5c12832ff100ce6436c3ddaa40239e1799e46fb1280bfe18c46e,0x7510792a3b1969f9307f3845ce88e39578f2bae1|0xd74e65703041f0397775217a82241536db678c81,0xd74e65703041f0397775217a82241536db678c81,0xfb5c6815ca3ac72ce9f5006869ae67f18bf77006,PSTAKE,token:PSTAKE,0xf349875faf7c5c12832ff100ce6436c3ddaa40239e1799e46fb1280bfe18c46e_None_PSTAKE_0xfb5c6815ca3ac72ce9f5006869ae67f18bf77006,1680721379,1680721379,1,1.359595948605e+22,13595.95948605,13595.95948605,0.000000,0.000000,0.800000,tx_agg_rolling_1800s_same_asset_group_or_route,Celer
ETH,eth_flow_31d31acd47054e__r7fam22__inst00__synth_merge_src1,0xf349875faf7c5c12832ff100ce6436c3ddaa40239e1799e46fb1280bfe18c46e,0x7510792a3b1969f9307f3845ce88e39578f2bae1|0xd74e65703041f0397775217a82241536db678c81,0xd74e65703041f0397775217a82241536db678c81,0xfb5c6815ca3ac72ce9f5006869ae67f18bf77006,PSTAKE,token:PSTAKE,0xf349875faf7c5c12832ff100ce6436c3ddaa40239e1799e46fb1280bfe18c46e_None_PSTAKE_0xfb5c6815ca3ac72ce9f5006869ae67f18bf77006,1680721379,1680721379,1,6.797979743025e+21,6797.979743025,6797.979743025,0.000000,0.000000,0.800000,tx_agg_rolling_1800s_same_asset_group_or_route,Celer
ETH,eth_flow_31d31acd47054e__r7fam22__inst00__synth_merge_src2,0xf349875faf7c5c12832ff100ce6436c3ddaa40239e1799e46fb1280bfe18c46e,0x7510792a3b1969f9307f3845ce88e39578f2bae1|0xd74e65703041f0397775217a82241536db678c81,0xd74e65703041f0397775217a82241536db678c81,0xfb5c6815ca3ac72ce9f5006869ae67f18bf77006,PSTAKE,token:PSTAKE,0xf349875faf7c5c12832ff100ce6436c3ddaa40239e1799e46fb1280bfe18c46e_None_PSTAKE_0xfb5c6815ca3ac72ce9f5006869ae67f18bf77006,1680721379,1680721379,1,6.797979743025e+21,6797.979743025,6797.979743025,0.000000,0.000000,0.800000,tx_agg_rolling_1800s_same_asset_group_or_route,Celer
ETH,eth_flow_31d31acd47054e__r7fam22__inst00__synth_unmatched_src,0xf349875faf7c5c12832ff100ce6436c3ddaa40239e1799e46fb1280bfe18c46e,0x7510792a3b1969f9307f3845ce88e39578f2bae1|0xd74e65703041f0397775217a82241536db678c81,0xd74e65703041f0397775217a82241536db678c81,0xfb5c6815ca3ac72ce9f5006869ae67f18bf77006,PSTAKE,token:PSTAKE,0xf349875faf7c5c12832ff100ce6436c3ddaa40239e1799e46fb1280bfe18c46e_None_PSTAKE_0xfb5c6815ca3ac72ce9f5006869ae67f18bf77006,1680721379,1680721379,1,1.359595948605e+22,13595.95948605,13595.95948605,0.000000,0.000000,0.800000,tx_agg_rolling_1800s_same_asset_group_or_route,Celer
ETH,eth_flow_31d31acd47054e__r7fam22__inst00__synth_noise_src_0,0xf349875faf7c5c12832ff100ce6436c3ddaa40239e1799e46fb1280bfe18c46e,0x7510792a3b1969f9307f3845ce88e39578f2bae1|0xd74e65703041f0397775217a82241536db678c81,0xd74e65703041f0397775217a82241536db678c81,0xfb5c6815ca3ac72ce9f5006869ae67f18bf77006,PSTAKE,token:PSTAKE,0xf349875faf7c5c12832ff100ce6436c3ddaa40239e1799e46fb1280bfe18c46e_None_PSTAKE_0xfb5c6815ca3ac72ce9f5006869ae67f18bf77006,1680721379,1680721379,1,1.359595948605e+22,13595.95948605,13595.95948605,0.000000,0.000000,0.800000,tx_agg_rolling_1800s_same_asset_group_or_route,Celer
ETH,eth_flow_31d31acd47054e__r7fam22__inst00__synth_noise_src_1,0xf349875faf7c5c12832ff100ce6436c3ddaa40239e1799e46fb1280bfe18c46e,0x7510792a3b1969f9307f3845ce88e39578f2bae1|0xd74e65703041f0397775217a82241536db678c81,0xd74e65703041f0397775217a82241536db678c81,0xfb5c6815ca3ac72ce9f5006869ae67f18bf77006,PSTAKE,token:PSTAKE,0xf349875faf7c5c12832ff100ce6436c3ddaa40239e1799e46fb1280bfe18c46e_None_PSTAKE_0xfb5c6815ca3ac72ce9f5006869ae67f18bf77006,1680721379,1680721379,1,1.359595948605e+22,13595.95948605,13595.95948605,0.000000,0.000000,0.800000,tx_agg_rolling_1800s_same_asset_group_or_route,Celer
ETH,eth_flow_ea400be104ff43__r7fam22__inst01__synth_split_src,0x28018c9110adcfcead458c63f5bc88c114e745f71596c44a3f0c0e76ce8c8a26,0x1611cad092c8744ce2361a64273ec1cc049e825c|0x5427fefa711eff984124bfbb1ab6fbf5e3da1820,0x1611cad092c8744ce2361a64273ec1cc049e825c,0x4fabb145d64652a948d72533023f6e7a623c7c53,BUSD,stable:BUSD,0x28018c9110adcfcead458c63f5bc88c114e745f71596c44a3f0c0e76ce8c8a26_None_BUSD_0x4fabb145d64652a948d72533023f6e7a623c7c53,1638655714,1638655714,1,9.906405320451271e+21,9906.405320451271,9906.405320451271,16.279070,16.279070,0.800000,tx_agg_rolling_1800s_same_asset_group_or_route,Celer
ETH,eth_flow_ea400be104ff43__r7fam22__inst01__synth_merge_src1,0x28018c9110adcfcead458c63f5bc88c114e745f71596c44a3f0c0e76ce8c8a26,0x1611cad092c8744ce2361a64273ec1cc049e825c|0x5427fefa711eff984124bfbb1ab6fbf5e3da1820,0x1611cad092c8744ce2361a64273ec1cc049e825c,0x4fabb145d64652a948d72533023f6e7a623c7c53,BUSD,stable:BUSD,0x28018c9110adcfcead458c63f5bc88c114e745f71596c44a3f0c0e76ce8c8a26_None_BUSD_0x4fabb145d64652a948d72533023f6e7a623c7c53,1638655714,1638655714,1,4.953202660225636e+21,4953.202660225636,4953.202660225636,16.279070,16.279070,0.800000,tx_agg_rolling_1800s_same_asset_group_or_route,Celer
ETH,eth_flow_ea400be104ff43__r7fam22__inst01__synth_merge_src2,0x28018c9110adcfcead458c63f5bc88c114e745f71596c44a3f0c0e76ce8c8a26,0x1611cad092c8744ce2361a64273ec1cc049e825c|0x5427fefa711eff984124bfbb1ab6fbf5e3da1820,0x1611cad092c8744ce2361a64273ec1cc049e825c,0x4fabb145d64652a948d72533023f6e7a623c7c53,BUSD,stable:BUSD,0x28018c9110adcfcead458c63f5bc88c114e745f71596c44a3f0c0e76ce8c8a26_None_BUSD_0x4fabb145d64652a948d72533023f6e7a623c7c53,1638655714,1638655714,1,4.953202660225636e+21,4953.202660225636,4953.202660225636,16.279070,16.279070,0.800000,tx_agg_rolling_1800s_same_asset_group_or_route,Celer
ETH,eth_flow_ea400be104ff43__r7fam22__inst01__synth_unmatched_src,0x28018c9110adcfcead458c63f5bc88c114e745f71596c44a3f0c0e76ce8c8a26,0x1611cad092c8744ce2361a64273ec1cc049e825c|0x5427fefa711eff984124bfbb1ab6fbf5e3da1820,0x1611cad092c8744ce2361a64273ec1cc049e825c,0x4fabb145d64652a948d72533023f6e7a623c7c53,BUSD,stable:BUSD,0x28018c9110adcfcead458c63f5bc88c114e745f71596c44a3f0c0e76ce8c8a26_None_BUSD_0x4fabb145d64652a948d72533023f6e7a623c7c53,1638655714,1638655714,1,9.906405320451271e+21,9906.405320451271,9906.405320451271,16.279070,16.279070,0.800000,tx_agg_rolling_1800s_same_asset_group_or_route,Celer
ETH,eth_flow_ea400be104ff43__r7fam22__inst01__synth_noise_src_0,0x28018c9110adcfcead458c63f5bc88c114e745f71596c44a3f0c0e76ce8c8a26,0x1611cad092c8744ce2361a64273ec1cc049e825c|0x5427fefa711eff984124bfbb1ab6fbf5e3da1820,0x1611cad092c8744ce2361a64273ec1cc049e825c,0x4fabb145d64652a948d72533023f6e7a623c7c53,BUSD,stable:BUSD,0x28018c9110adcfcead458c63f5bc88c114e745f71596c44a3f0c0e76ce8c8a26_None_BUSD_0x4fabb145d64652a948d72533023f6e7a623c7c53,1638655714,1638655714,1,9.906405320451271e+21,9906.405320451271,9906.405320451271,16.279070,16.279070,0.800000,tx_agg_rolling_1800s_same_asset_group_or_route,Celer
ETH,eth_flow_ea400be104ff43__r7fam22__inst01__synth_noise_src_1,0x28018c9110adcfcead458c63f5bc88c114e745f71596c44a3f0c0e76ce8c8a26,0x1611cad092c8744ce2361a64273ec1cc049e825c|0x5427fefa711eff984124bfbb1ab6fbf5e3da1820,0x1611cad092c8744ce2361a64273ec1cc049e825c,0x4fabb145d64652a948d72533023f6e7a623c7c53,BUSD,stable:BUSD,0x28018c9110adcfcead458c63f5bc88c114e745f71596c44a3f0c0e76ce8c8a26_None_BUSD_0x4fabb145d64652a948d72533023f6e7a623c7c53,1638655714,1638655714,1,9.906405320451271e+21,9906.405320451271,9906.405320451271,16.279070,16.279070,0.800000,tx_agg_rolling_1800s_same_asset_group_or_route,Celer
ETH,eth_flow_5a0cfc0fa3da46__r7fam23__inst00__synth_split_src,0x5ae0245f3201db3a0f5048d2fb88188c4c28c486ec88a41e632fcbeb92901d14,0x7510792a3b1969f9307f3845ce88e39578f2bae1|0xa2ca303b0c0e99de37d2d57e3c098796b849b99a,0xa2ca303b0c0e99de37d2d57e3c098796b849b99a,0xfb5c6815ca3ac72ce9f5006869ae67f18bf77006,PSTAKE,token:PSTAKE,0x5ae0245f3201db3a0f5048d2fb88188c4c28c486ec88a41e632fcbeb92901d14_None_PSTAKE_0xfb5c6815ca3ac72ce9f5006869ae67f18bf77006,1663982939,1663982939,1,1.11242215e+22,11124.2215,11124.2215,4.651163,4.651163,0.800000,tx_agg_rolling_1800s_same_asset_group_or_route,Celer
ETH,eth_flow_5a0cfc0fa3da46__r7fam23__inst00__synth_merge_src1,0x5ae0245f3201db3a0f5048d2fb88188c4c28c486ec88a41e632fcbeb92901d14,0x7510792a3b1969f9307f3845ce88e39578f2bae1|0xa2ca303b0c0e99de37d2d57e3c098796b849b99a,0xa2ca303b0c0e99de37d2d57e3c098796b849b99a,0xfb5c6815ca3ac72ce9f5006869ae67f18bf77006,PSTAKE,token:PSTAKE,0x5ae0245f3201db3a0f5048d2fb88188c4c28c486ec88a41e632fcbeb92901d14_None_PSTAKE_0xfb5c6815ca3ac72ce9f5006869ae67f18bf77006,1663982939,1663982939,1,5.56211075e+21,5562.11075,5562.11075,4.651163,4.651163,0.800000,tx_agg_rolling_1800s_same_asset_group_or_route,Celer
ETH,eth_flow_5a0cfc0fa3da46__r7fam23__inst00__synth_merge_src2,0x5ae0245f3201db3a0f5048d2fb88188c4c28c486ec88a41e632fcbeb92901d14,0x7510792a3b1969f9307f3845ce88e39578f2bae1|0xa2ca303b0c0e99de37d2d57e3c098796b849b99a,0xa2ca303b0c0e99de37d2d57e3c098796b849b99a,0xfb5c6815ca3ac72ce9f5006869ae67f18bf77006,PSTAKE,token:PSTAKE,0x5ae0245f3201db3a0f5048d2fb88188c4c28c486ec88a41e632fcbeb92901d14_None_PSTAKE_0xfb5c6815ca3ac72ce9f5006869ae67f18bf77006,1663982939,1663982939,1,5.56211075e+21,5562.11075,5562.11075,4.651163,4.651163,0.800000,tx_agg_rolling_1800s_same_asset_group_or_route,Celer
ETH,eth_flow_5a0cfc0fa3da46__r7fam23__inst00__synth_unmatched_src,0x5ae0245f3201db3a0f5048d2fb88188c4c28c486ec88a41e632fcbeb92901d14,0x7510792a3b1969f9307f3845ce88e39578f2bae1|0xa2ca303b0c0e99de37d2d57e3c098796b849b99a,0xa2ca303b0c0e99de37d2d57e3c098796b849b99a,0xfb5c6815ca3ac72ce9f5006869ae67f18bf77006,PSTAKE,token:PSTAKE,0x5ae0245f3201db3a0f5048d2fb88188c4c28c486ec88a41e632fcbeb92901d14_None_PSTAKE_0xfb5c6815ca3ac72ce9f5006869ae67f18bf77006,1663982939,1663982939,1,1.11242215e+22,11124.2215,11124.2215,4.651163,4.651163,0.800000,tx_agg_rolling_1800s_same_asset_group_or_route,Celer
ETH,eth_flow_5a0cfc0fa3da46__r7fam23__inst00__synth_noise_src_0,0x5ae0245f3201db3a0f5048d2fb88188c4c28c486ec88a41e632fcbeb92901d14,0x7510792a3b1969f9307f3845ce88e39578f2bae1|0xa2ca303b0c0e99de37d2d57e3c098796b849b99a,0xa2ca303b0c0e99de37d2d57e3c098796b849b99a,0xfb5c6815ca3ac72ce9f5006869ae67f18bf77006,PSTAKE,token:PSTAKE,0x5ae0245f3201db3a0f5048d2fb88188c4c28c486ec88a41e632fcbeb92901d14_None_PSTAKE_0xfb5c6815ca3ac72ce9f5006869ae67f18bf77006,1663982939,1663982939,1,1.11242215e+22,11124.2215,11124.2215,4.651163,4.651163,0.800000,tx_agg_rolling_1800s_same_asset_group_or_route,Celer
ETH,eth_flow_5a0cfc0fa3da46__r7fam23__inst00__synth_noise_src_1,0x5ae0245f3201db3a0f5048d2fb88188c4c28c486ec88a41e632fcbeb92901d14,0x7510792a3b1969f9307f3845ce88e39578f2bae1|0xa2ca303b0c0e99de37d2d57e3c098796b849b99a,0xa2ca303b0c0e99de37d2d57e3c098796b849b99a,0xfb5c6815ca3ac72ce9f5006869ae67f18bf77006,PSTAKE,token:PSTAKE,0x5ae0245f3201db3a0f5048d2fb88188c4c28c486ec88a41e632fcbeb92901d14_None_PSTAKE_0xfb5c6815ca3ac72ce9f5006869ae67f18bf77006,1663982939,1663982939,1,1.11242215e+22,11124.2215,11124.2215,4.651163,4.651163,0.800000,tx_agg_rolling_1800s_same_asset_group_or_route,Celer
ETH,eth_flow_dd1287ebc5434f__r7fam23__inst01__synth_split_src,0xa923589d9cf924b84690b59598b5a99d2c7f77c2b3f00ef1d95aa11ce053608c,0x174901fd107e60376a75c6a73006d9de98361734|0x5427fefa711eff984124bfbb1ab6fbf5e3da1820,0x174901fd107e60376a75c6a73006d9de98361734,0xa0b86991c6218b36c1d19d4a2e9eb0ce3606eb48,USDC,stable:USDC,0xa923589d9cf924b84690b59598b5a99d2c7f77c2b3f00ef1d95aa11ce053608c_None_USDC_0xa0b86991c6218b36c1d19d4a2e9eb0ce3606eb48,1638996466,1638996466,1,12132205554.0,12132.205554,12132.205554,0.000000,0.000000,0.800000,tx_agg_rolling_1800s_same_asset_group_or_route,Celer
ETH,eth_flow_dd1287ebc5434f__r7fam23__inst01__synth_merge_src1,0xa923589d9cf924b84690b59598b5a99d2c7f77c2b3f00ef1d95aa11ce053608c,0x174901fd107e60376a75c6a73006d9de98361734|0x5427fefa711eff984124bfbb1ab6fbf5e3da1820,0x174901fd107e60376a75c6a73006d9de98361734,0xa0b86991c6218b36c1d19d4a2e9eb0ce3606eb48,USDC,stable:USDC,0xa923589d9cf924b84690b59598b5a99d2c7f77c2b3f00ef1d95aa11ce053608c_None_USDC_0xa0b86991c6218b36c1d19d4a2e9eb0ce3606eb48,1638996466,1638996466,1,6066102777.0,6066.102777,6066.102777,0.000000,0.000000,0.800000,tx_agg_rolling_1800s_same_asset_group_or_route,Celer
ETH,eth_flow_dd1287ebc5434f__r7fam23__inst01__synth_merge_src2,0xa923589d9cf924b84690b59598b5a99d2c7f77c2b3f00ef1d95aa11ce053608c,0x174901fd107e60376a75c6a73006d9de98361734|0x5427fefa711eff984124bfbb1ab6fbf5e3da1820,0x174901fd107e60376a75c6a73006d9de98361734,0xa0b86991c6218b36c1d19d4a2e9eb0ce3606eb48,USDC,stable:USDC,0xa923589d9cf924b84690b59598b5a99d2c7f77c2b3f00ef1d95aa11ce053608c_None_USDC_0xa0b86991c6218b36c1d19d4a2e9eb0ce3606eb48,1638996466,1638996466,1,6066102777.0,6066.102777,6066.102777,0.000000,0.000000,0.800000,tx_agg_rolling_1800s_same_asset_group_or_route,Celer
ETH,eth_flow_dd1287ebc5434f__r7fam23__inst01__synth_unmatched_src,0xa923589d9cf924b84690b59598b5a99d2c7f77c2b3f00ef1d95aa11ce053608c,0x174901fd107e60376a75c6a73006d9de98361734|0x5427fefa711eff984124bfbb1ab6fbf5e3da1820,0x174901fd107e60376a75c6a73006d9de98361734,0xa0b86991c6218b36c1d19d4a2e9eb0ce3606eb48,USDC,stable:USDC,0xa923589d9cf924b84690b59598b5a99d2c7f77c2b3f00ef1d95aa11ce053608c_None_USDC_0xa0b86991c6218b36c1d19d4a2e9eb0ce3606eb48,1638996466,1638996466,1,12132205554.0,12132.205554,12132.205554,0.000000,0.000000,0.800000,tx_agg_rolling_1800s_same_asset_group_or_route,Celer
ETH,eth_flow_dd1287ebc5434f__r7fam23__inst01__synth_noise_src_0,0xa923589d9cf924b84690b59598b5a99d2c7f77c2b3f00ef1d95aa11ce053608c,0x174901fd107e60376a75c6a73006d9de98361734|0x5427fefa711eff984124bfbb1ab6fbf5e3da1820,0x174901fd107e60376a75c6a73006d9de98361734,0xa0b86991c6218b36c1d19d4a2e9eb0ce3606eb48,USDC,stable:USDC,0xa923589d9cf924b84690b59598b5a99d2c7f77c2b3f00ef1d95aa11ce053608c_None_USDC_0xa0b86991c6218b36c1d19d4a2e9eb0ce3606eb48,1638996466,1638996466,1,12132205554.0,12132.205554,12132.205554,0.000000,0.000000,0.800000,tx_agg_rolling_1800s_same_asset_group_or_route,Celer
ETH,eth_flow_dd1287ebc5434f__r7fam23__inst01__synth_noise_src_1,0xa923589d9cf924b84690b59598b5a99d2c7f77c2b3f00ef1d95aa11ce053608c,0x174901fd107e60376a75c6a73006d9de98361734|0x5427fefa711eff984124bfbb1ab6fbf5e3da1820,0x174901fd107e60376a75c6a73006d9de98361734,0xa0b86991c6218b36c1d19d4a2e9eb0ce3606eb48,USDC,stable:USDC,0xa923589d9cf924b84690b59598b5a99d2c7f77c2b3f00ef1d95aa11ce053608c_None_USDC_0xa0b86991c6218b36c1d19d4a2e9eb0ce3606eb48,1638996466,1638996466,1,12132205554.0,12132.205554,12132.205554,0.000000,0.000000,0.800000,tx_agg_rolling_1800s_same_asset_group_or_route,Celer
