src_flow_id,dst_flow_id,src_amount_usd,dst_amount_usd,median_delay_sec,pattern_type,label_confidence,label_type,src_chain,dst_chain,bridge,src_token,dst_token,asset_group,label_source,support_tx_pair_count,matched_src_amount_usd,matched_dst_amount_usd,flow_mass_ratio_dst
eth_flow_0xf260f68a9bfa__r7fam00__inst00__synth_split_src,bnb_flow_0xe809e7b9afea__synth_split_a,0.7181456708197331,0.23938189027324439,175,one_to_many,0.95,supervised_flow_pair,ETH,BNB,Poly,0x5d285f735998f36631f678ff41fb56a10a4d0429,0x398f7827dccbefe6990478876bbf3612d93baf05,MIX,semi_synthetic_split,1,0.23938189027324439,0.23938189027324439,
eth_flow_0xf260f68a9bfa__r7fam00__inst00__synth_split_src,bnb_flow_0xe809e7b9afea__synth_split_b,0.7181456708197331,0.23938189027324439,175,one_to_many,0.95,supervised_flow_pair,ETH,BNB,Poly,0x5d285f735998f36631f678ff41fb56a10a4d0429,0x398f7827dccbefe6990478876bbf3612d93baf05,MIX,semi_synthetic_split,1,0.23938189027324439,0.23938189027324439,
eth_flow_0xf260f68a9bfa__r7fam00__inst00__synth_split_src,bnb_flow_0xe809e7b9afea__synth_split_c,0.7181456708197331,0.23938189027324439,175,one_to_many,0.95,supervised_flow_pair,ETH,BNB,Poly,0x5d285f735998f36631f678ff41fb56a10a4d0429,0x398f7827dccbefe6990478876bbf3612d93baf05,MIX,semi_synthetic_split,1,0.23938189027324439,0.23938189027324439,
eth_flow_0xf260f68a9bfa__r7fam00__inst00__synth_merge_src1,bnb_flow_0xe809e7b9afea__synth_merge_dst,0.35907283540986656,0.7181456708197331,175,many_to_one,1.0,supervised_flow_pair,ETH,BNB,Poly,0x5d285f735998f36631f678ff41fb56a10a4d0429,0x398f7827dccbefe6990478876bbf3612d93baf05,MIX,semi_synthetic_merge,,0.35907283540986656,0.35907283540986656,
eth_flow_0xf260f68a9bfa__r7fam00__inst00__synth_merge_src2,bnb_flow_0xe809e7b9afea__synth_merge_dst,0.35907283540986656,0.7181456708197331,175,many_to_one,1.0,supervised_flow_pair,ETH,BNB,Poly,0x5d285f735998f36631f678ff41fb56a10a4d0429,0x398f7827dccbefe6990478876bbf3612d93baf05,MIX,semi_synthetic_merge,,0.35907283540986656,0.35907283540986656,
eth_flow_0xf260f68a9bfa__r7fam00__inst00__synth_unmatched_src,bnb_flow_0xe809e7b9afea__synth_hidden_dst,0.7181456708197331,0,175,one_to_one,0.2,supervised_flow_pair,ETH,BNB,Poly,0x5d285f735998f36631f678ff41fb56a10a4d0429,0x398f7827dccbefe6990478876bbf3612d93baf05,MIX,semi_synthetic_unmatched,,,0,0
eth_flow_0xf260f68a9bfa__r7fam00__inst00__synth_noise_src_0,bnb_flow_0xe809e7b9afea__synth_noise_dst_0,0.7181456708197331,0.7181456708197331,235,one_to_one,0.2459,supervised_flow_pair,ETH,BNB,Poly,0x5d285f735998f36631f678ff41fb56a10a4d0429,0x398f7827dccbefe6990478876bbf3612d93baf05,MIX,semi_synthetic_delay_noise,,,,
eth_flow_0xf260f68a9bfa__r7fam00__inst00__synth_noise_src_1,bnb_flow_0xe809e7b9afea__synth_noise_dst_1,0.7181456708197331,0.7181456708197331,295,one_to_one,0.2351,supervised_flow_pair,ETH,BNB,Poly,0x5d285f735998f36631f678ff41fb56a10a4d0429,0x398f7827dccbefe6990478876bbf3612d93baf05,MIX,semi_synthetic_delay_noise,,,,
eth_flow_0xb4d7943c5d74__r7fam00__inst01__synth_split_src,bnb_flow_0x3eddbb7e98e0__synth_split_a,2.1234438398252435,0.5308609599563109,159,one_to_many,0.95,supervised_flow_pair,ETH,BNB,Poly,0x001a8ffcb0f03e99141652ebcdecdb0384e3bd6c,0xc49dde62b4a0810074721faca54aab52369f486a,PKR,semi_synthetic_split,1,0.5308609599563109,0.5308609599563109,
eth_flow_0xb4d7943c5d74__r7fam00__inst01__synth_split_src,bnb_flow_0x3eddbb7e98e0__synth_split_b,2.1234438398252435,0.5308609599563109,159,one_to_many,0.95,supervised_flow_pair,ETH,BNB,Poly,0x001a8ffcb0f03e99141652ebcdecdb0384e3bd6c,0xc49dde62b4a0810074721faca54aab52369f486a,PKR,semi_synthetic_split,1,0.5308609599563109,0.5308609599563109,
eth_flow_0xb4d7943c5d74__r7fam00__inst01__synth_split_src,bnb_flow_0x3eddbb7e98e0__synth_split_c,2.1234438398252435,0.5308609599563109,159,one_to_many,0.95,supervised_flow_pair,ETH,BNB,Poly,0x001a8ffcb0f03e99141652ebcdecdb0384e3bd6c,0xc49dde62b4a0810074721faca54aab52369f486a,PKR,semi_synthetic_split,1,0.5308609599563109,0.5308609599563109,
eth_flow_0xb4d7943c5d74__r7fam00__inst01__synth_split_src,bnb_flow_0x3eddbb7e98e0__synth_split_d,2.1234438398252435,0.5308609599563109,159,one_to_many,0.95,supervised_flow_pair,ETH,BNB,Poly,0x001a8ffcb0f03e99141652ebcdecdb0384e3bd6c,0xc49dde62b4a0810074721faca54aab52369f486a,PKR,semi_synthetic_split,1,0.5308609599563109,0.5308609599563109,
eth_flow_0xb4d7943c5d74__r7fam00__inst01__synth_merge_src1,bnb_flow_0x3eddbb7e98e0__synth_merge_dst,1.0617219199126218,2.1234438398252435,159,many_to_one,1.0,supervised_flow_pair,ETH,BNB,Poly,0x001a8ffcb0f03e99141652ebcdecdb0384e3bd6c,0xc49dde62b4a0810074721faca54aab52369f486a,PKR,semi_synthetic_merge,,1.0617219199126218,1.0617219199126218,
eth_flow_0xb4d7943c5d74__r7fam00__inst01__synth_merge_src2,bnb_flow_0x3eddbb7e98e0__synth_merge_dst,1.0617219199126218,2.1234438398252435,159,many_to_one,1.0,supervised_flow_pair,ETH,BNB,Poly,0x001a8ffcb0f03e99141652ebcdecdb0384e3bd6c,0xc49dde62b4a0810074721faca54aab52369f486a,PKR,semi_synthetic_merge,,1.0617219199126218,1.0617219199126218,
eth_flow_0xb4d7943c5d74__r7fam00__inst01__synth_unmatched_src,bnb_flow_0x3eddbb7e98e0__synth_hidden_dst,2.1234438398252435,0,159,one_to_one,0.2,supervised_flow_pair,ETH,BNB,Poly,0x001a8ffcb0f03e99141652ebcdecdb0384e3bd6c,0xc49dde62b4a0810074721faca54aab52369f486a,PKR,semi_synthetic_unmatched,,,0,0
eth_flow_0xb4d7943c5d74__r7fam00__inst01__synth_noise_src_0,bnb_flow_0x3eddbb7e98e0__synth_noise_dst_0,2.1234438398252435,2.1234438398252435,219,one_to_one,0.2381,supervised_flow_pair,ETH,BNB,Poly,0x001a8ffcb0f03e99141652ebcdecdb0384e3bd6c,0xc49dde62b4a0810074721faca54aab52369f486a,PKR,semi_synthetic_delay_noise,,,,
eth_flow_0xb4d7943c5d74__r7fam00__inst01__synth_noise_src_1,bnb_flow_0x3eddbb7e98e0__synth_noise_dst_1,2.1234438398252435,2.1234438398252435,279,one_to_one,0.2294,supervised_flow_pair,ETH,BNB,Poly,0x001a8ffcb0f03e99141652ebcdecdb0384e3bd6c,0xc49dde62b4a0810074721faca54aab52369f486a,PKR,semi_synthetic_delay_noise,,,,
eth_flow_0x9a1ca3f9988d__r7fam01__inst00__synth_split_src,bnb_flow_0xa335459f68ff__synth_split_a,1.1230165813685369,0.1403770726710671,205,one_to_many,0.95,supervised_flow_pair,ETH,BNB,Poly,0x001a8ffcb0f03e99141652ebcdecdb0384e3bd6c,0xc49dde62b4a0810074721faca54aab52369f486a,PKR,semi_synthetic_split,1,0.1403770726710671,0.1403770726710671,
eth_flow_0x9a1ca3f9988d__r7fam01__inst00__synth_split_src,bnb_flow_0xa335459f68ff__synth_split_b,1.1230165813685369,0.1403770726710671,205,one_to_many,0.95,supervised_flow_pair,ETH,BNB,Poly,0x001a8ffcb0f03e99141652ebcdecdb0384e3bd6c,0xc49dde62b4a0810074721faca54aab52369f486a,PKR,semi_synthetic_split,1,0.1403770726710671,0.1403770726710671,
eth_flow_0x9a1ca3f9988d__r7fam01__inst00__synth_split_src,bnb_flow_0xa335459f68ff__synth_split_c,1.1230165813685369,0.1403770726710671,205,one_to_many,0.95,supervised_flow_pair,ETH,BNB,Poly,0x001a8ffcb0f03e99141652ebcdecdb0384e3bd6c,0xc49dde62b4a0810074721faca54aab52369f486a,PKR,semi_synthetic_split,1,0.1403770726710671,0.1403770726710671,
eth_flow_0x9a1ca3f9988d__r7fam01__inst00__synth_split_src,bnb_flow_0xa335459f68ff__synth_split_d,1.1230165813685369,0.1403770726710671,205,one_to_many,0.95,supervised_flow_pair,ETH,BNB,Poly,0x001a8ffcb0f03e99141652ebcdecdb0384e3bd6c,0xc49dde62b4a0810074721faca54aab52369f486a,PKR,semi_synthetic_split,1,0.1403770726710671,0.1403770726710671,
eth_flow_0x9a1ca3f9988d__r7fam01__inst00__synth_split_src,bnb_flow_0xa335459f68ff__synth_split_e,1.1230165813685369,0.1403770726710671,205,one_to_many,0.95,supervised_flow_pair,ETH,BNB,Poly,0x001a8ffcb0f03e99141652ebcdecdb0384e3bd6c,0xc49dde62b4a0810074721faca54aab52369f486a,PKR,semi_synthetic_split,1,0.1403770726710671,0.1403770726710671,
eth_flow_0x9a1ca3f9988d__r7fam01__inst00__synth_split_src,bnb_flow_0xa335459f68ff__synth_split_f,1.1230165813685369,0.1403770726710671,205,one_to_many,0.95,supervised_flow_pair,ETH,BNB,Poly,0x001a8ffcb0f03e99141652ebcdecdb0384e3bd6c,0xc49dde62b4a0810074721faca54aab52369f486a,PKR,semi_synthetic_split,1,0.1403770726710671,0.1403770726710671,
eth_flow_0x9a1ca3f9988d__r7fam01__inst00__synth_split_src,bnb_flow_0xa335459f68ff__synth_split_g,1.1230165813685369,0.1403770726710671,205,one_to_many,0.95,supervised_flow_pair,ETH,BNB,Poly,0x001a8ffcb0f03e99141652ebcdecdb0384e3bd6c,0xc49dde62b4a0810074721faca54aab52369f486a,PKR,semi_synthetic_split,1,0.1403770726710671,0.1403770726710671,
eth_flow_0x9a1ca3f9988d__r7fam01__inst00__synth_split_src,bnb_flow_0xa335459f68ff__synth_split_h,1.1230165813685369,0.1403770726710671,205,one_to_many,0.95,supervised_flow_pair,ETH,BNB,Poly,0x001a8ffcb0f03e99141652ebcdecdb0384e3bd6c,0xc49dde62b4a0810074721faca54aab52369f486a,PKR,semi_synthetic_split,1,0.1403770726710671,0.1403770726710671,
eth_flow_0x9a1ca3f9988d__r7fam01__inst00__synth_merge_src1,bnb_flow_0xa335459f68ff__synth_merge_dst,0.5615082906842684,1.1230165813685369,205,many_to_one,1.0,supervised_flow_pair,ETH,BNB,Poly,0x001a8ffcb0f03e99141652ebcdecdb0384e3bd6c,0xc49dde62b4a0810074721faca54aab52369f486a,PKR,semi_synthetic_merge,,0.5615082906842684,0.5615082906842684,
eth_flow_0x9a1ca3f9988d__r7fam01__inst00__synth_merge_src2,bnb_flow_0xa335459f68ff__synth_merge_dst,0.5615082906842684,1.1230165813685369,205,many_to_one,1.0,supervised_flow_pair,ETH,BNB,Poly,0x001a8ffcb0f03e99141652ebcdecdb0384e3bd6c,0xc49dde62b4a0810074721faca54aab52369f486a,PKR,semi_synthetic_merge,,0.5615082906842684,0.5615082906842684,
eth_flow_0x9a1ca3f9988d__r7fam01__inst00__synth_unmatched_src,bnb_flow_0xa335459f68ff__synth_hidden_dst,1.1230165813685369,0,205,one_to_one,0.2,supervised_flow_pair,ETH,BNB,Poly,0x001a8ffcb0f03e99141652ebcdecdb0384e3bd6c,0xc49dde62b4a0810074721faca54aab52369f486a,PKR,semi_synthetic_unmatched,,,0,0
eth_flow_0x9a1ca3f9988d__r7fam01__inst00__synth_noise_src_0,bnb_flow_0xa335459f68ff__synth_noise_dst_0,1.1230165813685369,1.1230165813685369,265,one_to_one,0.2444,supervised_flow_pair,ETH,BNB,Poly,0x001a8ffcb0f03e99141652ebcdecdb0384e3bd6c,0xc49dde62b4a0810074721faca54aab52369f486a,PKR,semi_synthetic_delay_noise,,,,
eth_flow_0x9a1ca3f9988d__r7fam01__inst00__synth_noise_src_1,bnb_flow_0xa335459f68ff__synth_noise_dst_1,1.1230165813685369,1.1230165813685369,325,one_to_one,0.2458,supervised_flow_pair,ETH,BNB,Poly,0x001a8ffcb0f03e99141652ebcdecdb0384e3bd6c,0xc49dde62b4a0810074721faca54aab52369f486a,PKR,semi_synthetic_delay_noise,,,,
eth_flow_0x4d49e49f3b22__r7fam01__inst01__synth_split_src,bnb_flow_0xaa2e2e09f757__synth_split_a,0.8929712365193604,0.11162140456492005,201,one_to_many,0.95,supervised_flow_pair,ETH,BNB,Poly,0x001a8ffcb0f03e99141652ebcdecdb0384e3bd6c,0xc49dde62b4a0810074721faca54aab52369f486a,PKR,semi_synthetic_split,1,0.11162140456492005,0.11162140456492005,
eth_flow_0x4d49e49f3b22__r7fam01__inst01__synth_split_src,bnb_flow_0xaa2e2e09f757__synth_split_b,0.8929712365193604,0.11162140456492005,201,one_to_many,0.95,supervised_flow_pair,ETH,BNB,Poly,0x001a8ffcb0f03e99141652ebcdecdb0384e3bd6c,0xc49dde62b4a0810074721faca54aab52369f486a,PKR,semi_synthetic_split,1,0.11162140456492005,0.11162140456492005,
eth_flow_0x4d49e49f3b22__r7fam01__inst01__synth_split_src,bnb_flow_0xaa2e2e09f757__synth_split_c,0.8929712365193604,0.11162140456492005,201,one_to_many,0.95,supervised_flow_pair,ETH,BNB,Poly,0x001a8ffcb0f03e99141652ebcdecdb0384e3bd6c,0xc49dde62b4a0810074721faca54aab52369f486a,PKR,semi_synthetic_split,1,0.11162140456492005,0.11162140456492005,
eth_flow_0x4d49e49f3b22__r7fam01__inst01__synth_split_src,bnb_flow_0xaa2e2e09f757__synth_split_d,0.8929712365193604,0.11162140456492005,201,one_to_many,0.95,supervised_flow_pair,ETH,BNB,Poly,0x001a8ffcb0f03e99141652ebcdecdb0384e3bd6c,0xc49dde62b4a0810074721faca54aab52369f486a,PKR,semi_synthetic_split,1,0.11162140456492005,0.11162140456492005,
eth_flow_0x4d49e49f3b22__r7fam01__inst01__synth_split_src,bnb_flow_0xaa2e2e09f757__synth_split_e,0.8929712365193604,0.11162140456492005,201,one_to_many,0.95,supervised_flow_pair,ETH,BNB,Poly,0x001a8ffcb0f03e99141652ebcdecdb0384e3bd6c,0xc49dde62b4a0810074721faca54aab52369f486a,PKR,semi_synthetic_split,1,0.11162140456492005,0.11162140456492005,
eth_flow_0x4d49e49f3b22__r7fam01__inst01__synth_split_src,bnb_flow_0xaa2e2e09f757__synth_split_f,0.8929712365193604,0.11162140456492005,201,one_to_many,0.95,supervised_flow_pair,ETH,BNB,Poly,0x001a8ffcb0f03e99141652ebcdecdb0384e3bd6c,0xc49dde62b4a0810074721faca54aab52369f486a,PKR,semi_synthetic_split,1,0.11162140456492005,0.11162140456492005,
eth_flow_0x4d49e49f3b22__r7fam01__inst01__synth_split_src,bnb_flow_0xaa2e2e09f757__synth_split_g,0.8929712365193604,0.11162140456492005,201,one_to_many,0.95,supervised_flow_pair,ETH,BNB,Poly,0x001a8ffcb0f03e99141652ebcdecdb0384e3bd6c,0xc49dde62b4a0810074721faca54aab52369f486a,PKR,semi_synthetic_split,1,0.11162140456492005,0.11162140456492005,
eth_flow_0x4d49e49f3b22__r7fam01__inst01__synth_split_src,bnb_flow_0xaa2e2e09f757__synth_split_h,0.8929712365193604,0.11162140456492005,201,one_to_many,0.95,supervised_flow_pair,ETH,BNB,Poly,0x001a8ffcb0f03e99141652ebcdecdb0384e3bd6c,0xc49dde62b4a0810074721faca54aab52369f486a,PKR,semi_synthetic_split,1,0.11162140456492005,0.11162140456492005,
eth_flow_0x4d49e49f3b22__r7fam01__inst01__synth_merge_src1,bnb_flow_0xaa2e2e09f757__synth_merge_dst,0.4464856182596802,0.8929712365193604,201,many_to_one,1.0,supervised_flow_pair,ETH,BNB,Poly,0x001a8ffcb0f03e99141652ebcdecdb0384e3bd6c,0xc49dde62b4a0810074721faca54aab52369f486a,PKR,semi_synthetic_merge,,0.4464856182596802,0.4464856182596802,
eth_flow_0x4d49e49f3b22__r7fam01__inst01__synth_merge_src2,bnb_flow_0xaa2e2e09f757__synth_merge_dst,0.4464856182596802,0.8929712365193604,201,many_to_one,1.0,supervised_flow_pair,ETH,BNB,Poly,0x001a8ffcb0f03e99141652ebcdecdb0384e3bd6c,0xc49dde62b4a0810074721faca54aab52369f486a,PKR,semi_synthetic_merge,,0.4464856182596802,0.4464856182596802,
eth_flow_0x4d49e49f3b22__r7fam01__inst01__synth_unmatched_src,bnb_flow_0xaa2e2e09f757__synth_hidden_dst,0.8929712365193604,0,201,one_to_one,0.2,supervised_flow_pair,ETH,BNB,Poly,0x001a8ffcb0f03e99141652ebcdecdb0384e3bd6c,0xc49dde62b4a0810074721faca54aab52369f486a,PKR,semi_synthetic_unmatched,,,0,0
eth_flow_0x4d49e49f3b22__r7fam01__inst01__synth_noise_src_0,bnb_flow_0xaa2e2e09f757__synth_noise_dst_0,0.8929712365193604,0.8929712365193604,261,one_to_one,0.2518,supervised_flow_pair,ETH,BNB,Poly,0x001a8ffcb0f03e99141652ebcdecdb0384e3bd6c,0xc49dde62b4a0810074721faca54aab52369f486a,PKR,semi_synthetic_delay_noise,,,,
eth_flow_0x4d49e49f3b22__r7fam01__inst01__synth_noise_src_1,bnb_flow_0xaa2e2e09f757__synth_noise_dst_1,0.8929712365193604,0.8929712365193604,321,one_to_one,0.2276,supervised_flow_pair,ETH,BNB,Poly,0x001a8ffcb0f03e99141652ebcdecdb0384e3bd6c,0xc49dde62b4a0810074721faca54aab52369f486a,PKR,semi_synthetic_delay_noise,,,,
eth_flow_0x77ec2d336d13__r7fam02__inst00__synth_split_src,bnb_flow_0xa5c29f3241f5__synth_split_a,0.7582207162175991,0.09477758952719989,252,one_to_many,0.95,supervised_flow_pair,ETH,BNB,Poly,0x5d285f735998f36631f678ff41fb56a10a4d0429,0x398f7827dccbefe6990478876bbf3612d93baf05,MIX,semi_synthetic_split,1,0.09477758952719989,0.09477758952719989,
eth_flow_0x77ec2d336d13__r7fam02__inst00__synth_split_src,bnb_flow_0xa5c29f3241f5__synth_split_b,0.7582207162175991,0.09477758952719989,252,one_to_many,0.95,supervised_flow_pair,ETH,BNB,Poly,0x5d285f735998f36631f678ff41fb56a10a4d0429,0x398f7827dccbefe6990478876bbf3612d93baf05,MIX,semi_synthetic_split,1,0.09477758952719989,0.09477758952719989,
eth_flow_0x77ec2d336d13__r7fam02__inst00__synth_split_src,bnb_flow_0xa5c29f3241f5__synth_split_c,0.7582207162175991,0.09477758952719989,252,one_to_many,0.95,supervised_flow_pair,ETH,BNB,Poly,0x5d285f735998f36631f678ff41fb56a10a4d0429,0x398f7827dccbefe6990478876bbf3612d93baf05,MIX,semi_synthetic_split,1,0.09477758952719989,0.09477758952719989,
eth_flow_0x77ec2d336d13__r7fam02__inst00__synth_split_src,bnb_flow_0xa5c29f3241f5__synth_split_d,0.7582207162175991,0.09477758952719989,252,one_to_many,0.95,supervised_flow_pair,ETH,BNB,Poly,0x5d285f735998f36631f678ff41fb56a10a4d0429,0x398f7827dccbefe6990478876bbf3612d93baf05,MIX,semi_synthetic_split,1,0.09477758952719989,0.09477758952719989,
eth_flow_0x77ec2d336d13__r7fam02__inst00__synth_split_src,bnb_flow_0xa5c29f3241f5__synth_split_e,0.7582207162175991,0.09477758952719989,252,one_to_many,0.95,supervised_flow_pair,ETH,BNB,Poly,0x5d285f735998f36631f678ff41fb56a10a4d0429,0x398f7827dccbefe6990478876bbf3612d93baf05,MIX,semi_synthetic_split,1,0.09477758952719989,0.09477758952719989,
eth_flow_0x77ec2d336d13__r7fam02__inst00__synth_split_src,bnb_flow_0xa5c29f3241f5__synth_split_f,0.7582207162175991,0.09477758952719989,252,one_to_many,0.95,supervised_flow_pair,ETH,BNB,Poly,0x5d285f735998f36631f678ff41fb56a10a4d0429,0x398f7827dccbefe6990478876bbf3612d93baf05,MIX,semi_synthetic_split,1,0.09477758952719989,0.09477758952719989,
eth_flow_0x77ec2d336d13__r7fam02__inst00__synth_split_src,bnb_flow_0xa5c29f3241f5__synth_split_g,0.7582207162175991,0.09477758952719989,252,one_to_many,0.95,supervised_flow_pair,ETH,BNB,Poly,0x5d285f735998f36631f678ff41fb56a10a4d0429,0x398f7827dccbefe6990478876bbf3612d93baf05,MIX,semi_synthetic_split,1,0.09477758952719989,0.09477758952719989,
eth_flow_0x77ec2d336d13__r7fam02__inst00__synth_split_src,bnb_flow_0xa5c29f3241f5__synth_split_h,0.7582207162175991,0.09477758952719989,252,one_to_many,0.95,supervised_flow_pair,ETH,BNB,Poly,0x5d285f735998f36631f678ff41fb56a10a4d0429,0x398f7827dccbefe6990478876bbf3612d93baf05,MIX,semi_synthetic_split,1,0.09477758952719989,0.09477758952719989,
eth_flow_0x77ec2d336d13__r7fam02__inst00__synth_merge_src1,bnb_flow_0xa5c29f3241f5__synth_merge_dst,0.37911035810879956,0.7582207162175991,252,many_to_one,1.0,supervised_flow_pair,ETH,BNB,Poly,0x5d285f735998f36631f678ff41fb56a10a4d0429,0x398f7827dccbefe6990478876bbf3612d93baf05,MIX,semi_synthetic_merge,,0.37911035810879956,0.37911035810879956,
eth_flow_0x77ec2d336d13__r7fam02__inst00__synth_merge_src2,bnb_flow_0xa5c29f3241f5__synth_merge_dst,0.37911035810879956,0.7582207162175991,252,many_to_one,1.0,supervised_flow_pair,ETH,BNB,Poly,0x5d285f735998f36631f678ff41fb56a10a4d0429,0x398f7827dccbefe6990478876bbf3612d93baf05,MIX,semi_synthetic_merge,,0.37911035810879956,0.37911035810879956,
eth_flow_0x77ec2d336d13__r7fam02__inst00__synth_unmatched_src,bnb_flow_0xa5c29f3241f5__synth_hidden_dst,0.7582207162175991,0,252,one_to_one,0.2,supervised_flow_pair,ETH,BNB,Poly,0x5d285f735998f36631f678ff41fb56a10a4d0429,0x398f7827dccbefe6990478876bbf3612d93baf05,MIX,semi_synthetic_unmatched,,,0,0
eth_flow_0x77ec2d336d13__r7fam02__inst00__synth_noise_src_0,bnb_flow_0xa5c29f3241f5__synth_noise_dst_0,0.7582207162175991,0.7582207162175991,312,one_to_one,0.2233,supervised_flow_pair,ETH,BNB,Poly,0x5d285f735998f36631f678ff41fb56a10a4d0429,0x398f7827dccbefe6990478876bbf3612d93baf05,MIX,semi_synthetic_delay_noise,,,,
eth_flow_0x77ec2d336d13__r7fam02__inst00__synth_noise_src_1,bnb_flow_0xa5c29f3241f5__synth_noise_dst_1,0.7582207162175991,0.7582207162175991,372,one_to_one,0.2263,supervised_flow_pair,ETH,BNB,Poly,0x5d285f735998f36631f678ff41fb56a10a4d0429,0x398f7827dccbefe6990478876bbf3612d93baf05,MIX,semi_synthetic_delay_noise,,,,
eth_flow_0x2bf81d72f705__r7fam02__inst01__synth_split_src,bnb_flow_0x79ad458bbc10__synth_split_a,0.8391090302997322,0.16782180605994643,261,one_to_many,0.95,supervised_flow_pair,ETH,BNB,Poly,0x5d285f735998f36631f678ff41fb56a10a4d0429,0x398f7827dccbefe6990478876bbf3612d93baf05,MIX,semi_synthetic_split,1,0.16782180605994643,0.16782180605994643,
eth_flow_0x2bf81d72f705__r7fam02__inst01__synth_split_src,bnb_flow_0x79ad458bbc10__synth_split_b,0.8391090302997322,0.16782180605994643,261,one_to_many,0.95,supervised_flow_pair,ETH,BNB,Poly,0x5d285f735998f36631f678ff41fb56a10a4d0429,0x398f7827dccbefe6990478876bbf3612d93baf05,MIX,semi_synthetic_split,1,0.16782180605994643,0.16782180605994643,
eth_flow_0x2bf81d72f705__r7fam02__inst01__synth_split_src,bnb_flow_0x79ad458bbc10__synth_split_c,0.8391090302997322,0.16782180605994643,261,one_to_many,0.95,supervised_flow_pair,ETH,BNB,Poly,0x5d285f735998f36631f678ff41fb56a10a4d0429,0x398f7827dccbefe6990478876bbf3612d93baf05,MIX,semi_synthetic_split,1,0.16782180605994643,0.16782180605994643,
eth_flow_0x2bf81d72f705__r7fam02__inst01__synth_split_src,bnb_flow_0x79ad458bbc10__synth_split_d,0.8391090302997322,0.16782180605994643,261,one_to_many,0.95,supervised_flow_pair,ETH,BNB,Poly,0x5d285f735998f36631f678ff41fb56a10a4d0429,0x398f7827dccbefe6990478876bbf3612d93baf05,MIX,semi_synthetic_split,1,0.16782180605994643,0.16782180605994643,
eth_flow_0x2bf81d72f705__r7fam02__inst01__synth_split_src,bnb_flow_0x79ad458bbc10__synth_split_e,0.8391090302997322,0.16782180605994643,261,one_to_many,0.95,supervised_flow_pair,ETH,BNB,Poly,0x5d285f735998f36631f678ff41fb56a10a4d0429,0x398f7827dccbefe6990478876bbf3612d93baf05,MIX,semi_synthetic_split,1,0.16782180605994643,0.16782180605994643,
eth_flow_0x2bf81d72f705__r7fam02__inst01__synth_merge_src1,bnb_flow_0x79ad458bbc10__synth_merge_dst,0.4195545151498661,0.8391090302997322,261,many_to_one,1.0,supervised_flow_pair,ETH,BNB,Poly,0x5d285f735998f36631f678ff41fb56a10a4d0429,0x398f7827dccbefe6990478876bbf3612d93baf05,MIX,semi_synthetic_merge,,0.4195545151498661,0.4195545151498661,
eth_flow_0x2bf81d72f705__r7fam02__inst01__synth_merge_src2,bnb_flow_0x79ad458bbc10__synth_merge_dst,0.4195545151498661,0.8391090302997322,261,many_to_one,1.0,supervised_flow_pair,ETH,BNB,Poly,0x5d285f735998f36631f678ff41fb56a10a4d0429,0x398f7827dccbefe6990478876bbf3612d93baf05,MIX,semi_synthetic_merge,,0.4195545151498661,0.4195545151498661,
eth_flow_0x2bf81d72f705__r7fam02__inst01__synth_unmatched_src,bnb_flow_0x79ad458bbc10__synth_hidden_dst,0.8391090302997322,0,261,one_to_one,0.2,supervised_flow_pair,ETH,BNB,Poly,0x5d285f735998f36631f678ff41fb56a10a4d0429,0x398f7827dccbefe6990478876bbf3612d93baf05,MIX,semi_synthetic_unmatched,,,0,0
eth_flow_0x2bf81d72f705__r7fam02__inst01__synth_noise_src_0,bnb_flow_0x79ad458bbc10__synth_noise_dst_0,0.8391090302997322,0.8391090302997322,321,one_to_one,0.2385,supervised_flow_pair,ETH,BNB,Poly,0x5d285f735998f36631f678ff41fb56a10a4d0429,0x398f7827dccbefe6990478876bbf3612d93baf05,MIX,semi_synthetic_delay_noise,,,,
eth_flow_0x2bf81d72f705__r7fam02__inst01__synth_noise_src_1,bnb_flow_0x79ad458bbc10__synth_noise_dst_1,0.8391090302997322,0.8391090302997322,381,one_to_one,0.2402,supervised_flow_pair,ETH,BNB,Poly,0x5d285f735998f36631f678ff41fb56a10a4d0429,0x398f7827dccbefe6990478876bbf3612d93baf05,MIX,semi_synthetic_delay_noise,,,,
eth_flow_0x92733a47a54c__r7fam03__inst00__synth_split_src,bnb_flow_0x8fb1123a2955__synth_split_a,1.4555538941675197,0.7277769470837598,317,one_to_many,0.95,supervised_flow_pair,ETH,BNB,Poly,0x5d285f735998f36631f678ff41fb56a10a4d0429,0x398f7827dccbefe6990478876bbf3612d93baf05,MIX,semi_synthetic_split,1,0.7277769470837598,0.7277769470837598,
eth_flow_0x92733a47a54c__r7fam03__inst00__synth_split_src,bnb_flow_0x8fb1123a2955__synth_split_b,1.4555538941675197,0.7277769470837598,317,one_to_many,0.95,supervised_flow_pair,ETH,BNB,Poly,0x5d285f735998f36631f678ff41fb56a10a4d0429,0x398f7827dccbefe6990478876bbf3612d93baf05,MIX,semi_synthetic_split,1,0.7277769470837598,0.7277769470837598,
eth_flow_0x92733a47a54c__r7fam03__inst00__synth_merge_src1,bnb_flow_0x8fb1123a2955__synth_merge_dst,0.7277769470837598,1.4555538941675197,317,many_to_one,1.0,supervised_flow_pair,ETH,BNB,Poly,0x5d285f735998f36631f678ff41fb56a10a4d0429,0x398f7827dccbefe6990478876bbf3612d93baf05,MIX,semi_synthetic_merge,,0.7277769470837598,0.7277769470837598,
eth_flow_0x92733a47a54c__r7fam03__inst00__synth_merge_src2,bnb_flow_0x8fb1123a2955__synth_merge_dst,0.7277769470837598,1.4555538941675197,317,many_to_one,1.0,supervised_flow_pair,ETH,BNB,Poly,0x5d285f735998f36631f678ff41fb56a10a4d0429,0x398f7827dccbefe6990478876bbf3612d93baf05,MIX,semi_synthetic_merge,,0.7277769470837598,0.7277769470837598,
eth_flow_0x92733a47a54c__r7fam03__inst00__synth_unmatched_src,bnb_flow_0x8fb1123a2955__synth_hidden_dst,1.4555538941675195,0,317,one_to_one,0.2,supervised_flow_pair,ETH,BNB,Poly,0x5d285f735998f36631f678ff41fb56a10a4d0429,0x398f7827dccbefe6990478876bbf3612d93baf05,MIX,semi_synthetic_unmatched,,,0,0
eth_flow_0x92733a47a54c__r7fam03__inst00__synth_noise_src_0,bnb_flow_0x8fb1123a2955__synth_noise_dst_0,1.4555538941675195,1.4555538941675195,377,one_to_one,0.2552,supervised_flow_pair,ETH,BNB,Poly,0x5d285f735998f36631f678ff41fb56a10a4d0429,0x398f7827dccbefe6990478876bbf3612d93baf05,MIX,semi_synthetic_delay_noise,,,,
eth_flow_0x92733a47a54c__r7fam03__inst00__synth_noise_src_1,bnb_flow_0x8fb1123a2955__synth_noise_dst_1,1.4555538941675195,1.4555538941675195,437,one_to_one,0.2517,supervised_flow_pair,ETH,BNB,Poly,0x5d285f735998f36631f678ff41fb56a10a4d0429,0x398f7827dccbefe6990478876bbf3612d93baf05,MIX,semi_synthetic_delay_noise,,,,
eth_flow_0xd8804532b3ad__r7fam03__inst01__synth_split_src,bnb_flow_0x352dd4560dc2__synth_split_a,1.0042295900462532,0.2510573975115633,270,one_to_many,0.95,supervised_flow_pair,ETH,BNB,Poly,0x5d285f735998f36631f678ff41fb56a10a4d0429,0x398f7827dccbefe6990478876bbf3612d93baf05,MIX,semi_synthetic_split,1,0.2510573975115633,0.2510573975115633,
eth_flow_0xd8804532b3ad__r7fam03__inst01__synth_split_src,bnb_flow_0x352dd4560dc2__synth_split_b,1.0042295900462532,0.2510573975115633,270,one_to_many,0.95,supervised_flow_pair,ETH,BNB,Poly,0x5d285f735998f36631f678ff41fb56a10a4d0429,0x398f7827dccbefe6990478876bbf3612d93baf05,MIX,semi_synthetic_split,1,0.2510573975115633,0.2510573975115633,
eth_flow_0xd8804532b3ad__r7fam03__inst01__synth_split_src,bnb_flow_0x352dd4560dc2__synth_split_c,1.0042295900462532,0.2510573975115633,270,one_to_many,0.95,supervised_flow_pair,ETH,BNB,Poly,0x5d285f735998f36631f678ff41fb56a10a4d0429,0x398f7827dccbefe6990478876bbf3612d93baf05,MIX,semi_synthetic_split,1,0.2510573975115633,0.2510573975115633,
eth_flow_0xd8804532b3ad__r7fam03__inst01__synth_split_src,bnb_flow_0x352dd4560dc2__synth_split_d,1.0042295900462532,0.2510573975115633,270,one_to_many,0.95,supervised_flow_pair,ETH,BNB,Poly,0x5d285f735998f36631f678ff41fb56a10a4d0429,0x398f7827dccbefe6990478876bbf3612d93baf05,MIX,semi_synthetic_split,1,0.2510573975115633,0.2510573975115633,
eth_flow_0xd8804532b3ad__r7fam03__inst01__synth_merge_src1,bnb_flow_0x352dd4560dc2__synth_merge_dst,0.5021147950231266,1.0042295900462532,270,many_to_one,1.0,supervised_flow_pair,ETH,BNB,Poly,0x5d285f735998f36631f678ff41fb56a10a4d0429,0x398f7827dccbefe6990478876bbf3612d93baf05,MIX,semi_synthetic_merge,,0.5021147950231266,0.5021147950231266,
eth_flow_0xd8804532b3ad__r7fam03__inst01__synth_merge_src2,bnb_flow_0x352dd4560dc2__synth_merge_dst,0.5021147950231266,1.0042295900462532,270,many_to_one,1.0,supervised_flow_pair,ETH,BNB,Poly,0x5d285f735998f36631f678ff41fb56a10a4d0429,0x398f7827dccbefe6990478876bbf3612d93baf05,MIX,semi_synthetic_merge,,0.5021147950231266,0.5021147950231266,
eth_flow_0xd8804532b3ad__r7fam03__inst01__synth_unmatched_src,bnb_flow_0x352dd4560dc2__synth_hidden_dst,1.0042295900462532,0,270,one_to_one,0.2,supervised_flow_pair,ETH,BNB,Poly,0x5d285f735998f36631f678ff41fb56a10a4d0429,0x398f7827dccbefe6990478876bbf3612d93baf05,MIX,semi_synthetic_unmatched,,,0,0
eth_flow_0xd8804532b3ad__r7fam03__inst01__synth_noise_src_0,bnb_flow_0x352dd4560dc2__synth_noise_dst_0,1.0042295900462532,1.0042295900462532,330,one_to_one,0.2415,supervised_flow_pair,ETH,BNB,Poly,0x5d285f735998f36631f678ff41fb56a10a4d0429,0x398f7827dccbefe6990478876bbf3612d93baf05,MIX,semi_synthetic_delay_noise,,,,
eth_flow_0xd8804532b3ad__r7fam03__inst01__synth_noise_src_1,bnb_flow_0x352dd4560dc2__synth_noise_dst_1,1.0042295900462532,1.0042295900462532,390,one_to_one,0.2532,supervised_flow_pair,ETH,BNB,Poly,0x5d285f735998f36631f678ff41fb56a10a4d0429,0x398f7827dccbefe6990478876bbf3612d93baf05,MIX,semi_synthetic_delay_noise,,,,
eth_flow_0xa626891f711d__r7fam04__inst00__synth_split_src,bnb_flow_0x1a8d99613bd6__synth_split_a,1.1134984840160702,0.37116616133869007,982,one_to_many,0.95,supervised_flow_pair,ETH,BNB,Poly,0x001a8ffcb0f03e99141652ebcdecdb0384e3bd6c,0xc49dde62b4a0810074721faca54aab52369f486a,PKR,semi_synthetic_split,1,0.37116616133869007,0.37116616133869007,
eth_flow_0xa626891f711d__r7fam04__inst00__synth_split_src,bnb_flow_0x1a8d99613bd6__synth_split_b,1.1134984840160702,0.37116616133869007,982,one_to_many,0.95,supervised_flow_pair,ETH,BNB,Poly,0x001a8ffcb0f03e99141652ebcdecdb0384e3bd6c,0xc49dde62b4a0810074721faca54aab52369f486a,PKR,semi_synthetic_split,1,0.37116616133869007,0.37116616133869007,
eth_flow_0xa626891f711d__r7fam04__inst00__synth_split_src,bnb_flow_0x1a8d99613bd6__synth_split_c,1.1134984840160702,0.37116616133869007,982,one_to_many,0.95,supervised_flow_pair,ETH,BNB,Poly,0x001a8ffcb0f03e99141652ebcdecdb0384e3bd6c,0xc49dde62b4a0810074721faca54aab52369f486a,PKR,semi_synthetic_split,1,0.37116616133869007,0.37116616133869007,
eth_flow_0xa626891f711d__r7fam04__inst00__synth_merge_src1,bnb_flow_0x1a8d99613bd6__synth_merge_dst,0.5567492420080351,1.1134984840160702,982,many_to_one,1.0,supervised_flow_pair,ETH,BNB,Poly,0x001a8ffcb0f03e99141652ebcdecdb0384e3bd6c,0xc49dde62b4a0810074721faca54aab52369f486a,PKR,semi_synthetic_merge,,0.5567492420080351,0.5567492420080351,
eth_flow_0xa626891f711d__r7fam04__inst00__synth_merge_src2,bnb_flow_0x1a8d99613bd6__synth_merge_dst,0.5567492420080351,1.1134984840160702,982,many_to_one,1.0,supervised_flow_pair,ETH,BNB,Poly,0x001a8ffcb0f03e99141652ebcdecdb0384e3bd6c,0xc49dde62b4a0810074721faca54aab52369f486a,PKR,semi_synthetic_merge,,0.5567492420080351,0.5567492420080351,
eth_flow_0xa626891f711d__r7fam04__inst00__synth_unmatched_src,bnb_flow_0x1a8d99613bd6__synth_hidden_dst,1.1134984840160702,0,982,one_to_one,0.2,supervised_flow_pair,ETH,BNB,Poly,0x001a8ffcb0f03e99141652ebcdecdb0384e3bd6c,0xc49dde62b4a0810074721faca54aab52369f486a,PKR,semi_synthetic_unmatched,,,0,0
eth_flow_0xa626891f711d__r7fam04__inst00__synth_noise_src_0,bnb_flow_0x1a8d99613bd6__synth_noise_dst_0,1.1134984840160702,1.1134984840160702,1042,one_to_one,0.2226,supervised_flow_pair,ETH,BNB,Poly,0x001a8ffcb0f03e99141652ebcdecdb0384e3bd6c,0xc49dde62b4a0810074721faca54aab52369f486a,PKR,semi_synthetic_delay_noise,,,,
eth_flow_0xa626891f711d__r7fam04__inst00__synth_noise_src_1,bnb_flow_0x1a8d99613bd6__synth_noise_dst_1,1.1134984840160702,1.1134984840160702,1102,one_to_one,0.2321,supervised_flow_pair,ETH,BNB,Poly,0x001a8ffcb0f03e99141652ebcdecdb0384e3bd6c,0xc49dde62b4a0810074721faca54aab52369f486a,PKR,semi_synthetic_delay_noise,,,,
eth_flow_0xf5bab01511f0__r7fam04__inst01__synth_split_src,bnb_flow_0x32a79ce76289__synth_split_a,1.6243393771845631,0.8121696885922816,967,one_to_many,0.95,supervised_flow_pair,ETH,BNB,Poly,0x5d285f735998f36631f678ff41fb56a10a4d0429,0x398f7827dccbefe6990478876bbf3612d93baf05,MIX,semi_synthetic_split,1,0.8121696885922816,0.8121696885922816,
eth_flow_0xf5bab01511f0__r7fam04__inst01__synth_split_src,bnb_flow_0x32a79ce76289__synth_split_b,1.6243393771845631,0.8121696885922816,967,one_to_many,0.95,supervised_flow_pair,ETH,BNB,Poly,0x5d285f735998f36631f678ff41fb56a10a4d0429,0x398f7827dccbefe6990478876bbf3612d93baf05,MIX,semi_synthetic_split,1,0.8121696885922816,0.8121696885922816,
eth_flow_0xf5bab01511f0__r7fam04__inst01__synth_merge_src1,bnb_flow_0x32a79ce76289__synth_merge_dst,0.541446459061521,1.6243393771845631,967,many_to_one,1.0,supervised_flow_pair,ETH,BNB,Poly,0x5d285f735998f36631f678ff41fb56a10a4d0429,0x398f7827dccbefe6990478876bbf3612d93baf05,MIX,semi_synthetic_merge,,0.541446459061521,0.541446459061521,
eth_flow_0xf5bab01511f0__r7fam04__inst01__synth_merge_src2,bnb_flow_0x32a79ce76289__synth_merge_dst,0.541446459061521,1.6243393771845631,967,many_to_one,1.0,supervised_flow_pair,ETH,BNB,Poly,0x5d285f735998f36631f678ff41fb56a10a4d0429,0x398f7827dccbefe6990478876bbf3612d93baf05,MIX,semi_synthetic_merge,,0.541446459061521,0.541446459061521,
eth_flow_0xf5bab01511f0__r7fam04__inst01__synth_merge_src3,bnb_flow_0x32a79ce76289__synth_merge_dst,0.541446459061521,1.6243393771845631,967,many_to_one,1.0,supervised_flow_pair,ETH,BNB,Poly,0x5d285f735998f36631f678ff41fb56a10a4d0429,0x398f7827dccbefe6990478876bbf3612d93baf05,MIX,semi_synthetic_merge,,0.541446459061521,0.541446459061521,
eth_flow_0xf5bab01511f0__r7fam04__inst01__synth_unmatched_src,bnb_flow_0x32a79ce76289__synth_hidden_dst,1.6243393771845631,0,967,one_to_one,0.2,supervised_flow_pair,ETH,BNB,Poly,0x5d285f735998f36631f678ff41fb56a10a4d0429,0x398f7827dccbefe6990478876bbf3612d93baf05,MIX,semi_synthetic_unmatched,,,0,0
eth_flow_0xf5bab01511f0__r7fam04__inst01__synth_noise_src_0,bnb_flow_0x32a79ce76289__synth_noise_dst_0,1.6243393771845631,1.6243393771845631,1027,one_to_one,0.2318,supervised_flow_pair,ETH,BNB,Poly,0x5d285f735998f36631f678ff41fb56a10a4d0429,0x398f7827dccbefe6990478876bbf3612d93baf05,MIX,semi_synthetic_delay_noise,,,,
eth_flow_0xf5bab01511f0__r7fam04__inst01__synth_noise_src_1,bnb_flow_0x32a79ce76289__synth_noise_dst_1,1.6243393771845631,1.6243393771845631,1087,one_to_one,0.2346,supervised_flow_pair,ETH,BNB,Poly,0x5d285f735998f36631f678ff41fb56a10a4d0429,0x398f7827dccbefe6990478876bbf3612d93baf05,MIX,semi_synthetic_delay_noise,,,,
eth_flow_0x83cdd238d1a1__r7fam05__inst00__synth_split_src,bnb_flow_0x832fb49eb37e__synth_split_a,1.6243320952363365,0.3248664190472673,1083,one_to_many,0.95,supervised_flow_pair,ETH,BNB,Poly,0x5d285f735998f36631f678ff41fb56a10a4d0429,0x398f7827dccbefe6990478876bbf3612d93baf05,MIX,semi_synthetic_split,1,0.3248664190472673,0.3248664190472673,
eth_flow_0x83cdd238d1a1__r7fam05__inst00__synth_split_src,bnb_flow_0x832fb49eb37e__synth_split_b,1.6243320952363365,0.3248664190472673,1083,one_to_many,0.95,supervised_flow_pair,ETH,BNB,Poly,0x5d285f735998f36631f678ff41fb56a10a4d0429,0x398f7827dccbefe6990478876bbf3612d93baf05,MIX,semi_synthetic_split,1,0.3248664190472673,0.3248664190472673,
eth_flow_0x83cdd238d1a1__r7fam05__inst00__synth_split_src,bnb_flow_0x832fb49eb37e__synth_split_c,1.6243320952363365,0.3248664190472673,1083,one_to_many,0.95,supervised_flow_pair,ETH,BNB,Poly,0x5d285f735998f36631f678ff41fb56a10a4d0429,0x398f7827dccbefe6990478876bbf3612d93baf05,MIX,semi_synthetic_split,1,0.3248664190472673,0.3248664190472673,
eth_flow_0x83cdd238d1a1__r7fam05__inst00__synth_split_src,bnb_flow_0x832fb49eb37e__synth_split_d,1.6243320952363365,0.3248664190472673,1083,one_to_many,0.95,supervised_flow_pair,ETH,BNB,Poly,0x5d285f735998f36631f678ff41fb56a10a4d0429,0x398f7827dccbefe6990478876bbf3612d93baf05,MIX,semi_synthetic_split,1,0.3248664190472673,0.3248664190472673,
eth_flow_0x83cdd238d1a1__r7fam05__inst00__synth_split_src,bnb_flow_0x832fb49eb37e__synth_split_e,1.6243320952363365,0.3248664190472673,1083,one_to_many,0.95,supervised_flow_pair,ETH,BNB,Poly,0x5d285f735998f36631f678ff41fb56a10a4d0429,0x398f7827dccbefe6990478876bbf3612d93baf05,MIX,semi_synthetic_split,1,0.3248664190472673,0.3248664190472673,
eth_flow_0x83cdd238d1a1__r7fam05__inst00__synth_merge_src1,bnb_flow_0x832fb49eb37e__synth_merge_dst,0.8121660476181682,1.6243320952363365,1083,many_to_one,1.0,supervised_flow_pair,ETH,BNB,Poly,0x5d285f735998f36631f678ff41fb56a10a4d0429,0x398f7827dccbefe6990478876bbf3612d93baf05,MIX,semi_synthetic_merge,,0.8121660476181682,0.8121660476181682,
eth_flow_0x83cdd238d1a1__r7fam05__inst00__synth_merge_src2,bnb_flow_0x832fb49eb37e__synth_merge_dst,0.8121660476181682,1.6243320952363365,1083,many_to_one,1.0,supervised_flow_pair,ETH,BNB,Poly,0x5d285f735998f36631f678ff41fb56a10a4d0429,0x398f7827dccbefe6990478876bbf3612d93baf05,MIX,semi_synthetic_merge,,0.8121660476181682,0.8121660476181682,
eth_flow_0x83cdd238d1a1__r7fam05__inst00__synth_unmatched_src,bnb_flow_0x832fb49eb37e__synth_hidden_dst,1.6243320952363365,0,1083,one_to_one,0.2,supervised_flow_pair,ETH,BNB,Poly,0x5d285f735998f36631f678ff41fb56a10a4d0429,0x398f7827dccbefe6990478876bbf3612d93baf05,MIX,semi_synthetic_unmatched,,,0,0
eth_flow_0x83cdd238d1a1__r7fam05__inst00__synth_noise_src_0,bnb_flow_0x832fb49eb37e__synth_noise_dst_0,1.6243320952363365,1.6243320952363365,1143,one_to_one,0.2305,supervised_flow_pair,ETH,BNB,Poly,0x5d285f735998f36631f678ff41fb56a10a4d0429,0x398f7827dccbefe6990478876bbf3612d93baf05,MIX,semi_synthetic_delay_noise,,,,
eth_flow_0x83cdd238d1a1__r7fam05__inst00__synth_noise_src_1,bnb_flow_0x832fb49eb37e__synth_noise_dst_1,1.6243320952363365,1.6243320952363365,1203,one_to_one,0.23,supervised_flow_pair,ETH,BNB,Poly,0x5d285f735998f36631f678ff41fb56a10a4d0429,0x398f7827dccbefe6990478876bbf3612d93baf05,MIX,semi_synthetic_delay_noise,,,,
eth_flow_0x220a7c2fcbb3__r7fam05__inst01__synth_split_src,bnb_flow_0x5b049fe68902__synth_split_a,2.5753654657921627,1.2876827328960814,1062,one_to_many,0.95,supervised_flow_pair,ETH,BNB,Poly,0x001a8ffcb0f03e99141652ebcdecdb0384e3bd6c,0xc49dde62b4a0810074721faca54aab52369f486a,PKR,semi_synthetic_split,1,1.2876827328960814,1.2876827328960814,
eth_flow_0x220a7c2fcbb3__r7fam05__inst01__synth_split_src,bnb_flow_0x5b049fe68902__synth_split_b,2.5753654657921627,1.2876827328960814,1062,one_to_many,0.95,supervised_flow_pair,ETH,BNB,Poly,0x001a8ffcb0f03e99141652ebcdecdb0384e3bd6c,0xc49dde62b4a0810074721faca54aab52369f486a,PKR,semi_synthetic_split,1,1.2876827328960814,1.2876827328960814,
eth_flow_0x220a7c2fcbb3__r7fam05__inst01__synth_merge_src1,bnb_flow_0x5b049fe68902__synth_merge_dst,1.2876827328960814,2.5753654657921627,1062,many_to_one,1.0,supervised_flow_pair,ETH,BNB,Poly,0x001a8ffcb0f03e99141652ebcdecdb0384e3bd6c,0xc49dde62b4a0810074721faca54aab52369f486a,PKR,semi_synthetic_merge,,1.2876827328960814,1.2876827328960814,
eth_flow_0x220a7c2fcbb3__r7fam05__inst01__synth_merge_src2,bnb_flow_0x5b049fe68902__synth_merge_dst,1.2876827328960814,2.5753654657921627,1062,many_to_one,1.0,supervised_flow_pair,ETH,BNB,Poly,0x001a8ffcb0f03e99141652ebcdecdb0384e3bd6c,0xc49dde62b4a0810074721faca54aab52369f486a,PKR,semi_synthetic_merge,,1.2876827328960814,1.2876827328960814,
eth_flow_0x220a7c2fcbb3__r7fam05__inst01__synth_unmatched_src,bnb_flow_0x5b049fe68902__synth_hidden_dst,2.5753654657921627,0,1062,one_to_one,0.2,supervised_flow_pair,ETH,BNB,Poly,0x001a8ffcb0f03e99141652ebcdecdb0384e3bd6c,0xc49dde62b4a0810074721faca54aab52369f486a,PKR,semi_synthetic_unmatched,,,0,0
eth_flow_0x220a7c2fcbb3__r7fam05__inst01__synth_noise_src_0,bnb_flow_0x5b049fe68902__synth_noise_dst_0,2.5753654657921627,2.5753654657921627,1122,one_to_one,0.2356,supervised_flow_pair,ETH,BNB,Poly,0x001a8ffcb0f03e99141652ebcdecdb0384e3bd6c,0xc49dde62b4a0810074721faca54aab52369f486a,PKR,semi_synthetic_delay_noise,,,,
eth_flow_0x220a7c2fcbb3__r7fam05__inst01__synth_noise_src_1,bnb_flow_0x5b049fe68902__synth_noise_dst_1,2.5753654657921627,2.5753654657921627,1182,one_to_one,0.2442,supervised_flow_pair,ETH,BNB,Poly,0x001a8ffcb0f03e99141652ebcdecdb0384e3bd6c,0xc49dde62b4a0810074721faca54aab52369f486a,PKR,semi_synthetic_delay_noise,,,,
eth_flow_0x3a27f7bcafc4__r7fam06__inst00__synth_split_src,bnb_flow_0x6866c5d39fe1__synth_split_a,71.03962045376232,35.51981022688116,189,one_to_many,0.95,supervised_flow_pair,ETH,BNB,Poly,0x4abb9cc67bd3da9eb966d1159a71a0e68bd15432,0x4e1b16ef22935a575a6811d4616f98c4077e4408,KEL,semi_synthetic_split,1,35.51981022688116,35.51981022688116,
eth_flow_0x3a27f7bcafc4__r7fam06__inst00__synth_split_src,bnb_flow_0x6866c5d39fe1__synth_split_b,71.03962045376232,35.51981022688116,189,one_to_many,0.95,supervised_flow_pair,ETH,BNB,Poly,0x4abb9cc67bd3da9eb966d1159a71a0e68bd15432,0x4e1b16ef22935a575a6811d4616f98c4077e4408,KEL,semi_synthetic_split,1,35.51981022688116,35.51981022688116,
eth_flow_0x3a27f7bcafc4__r7fam06__inst00__synth_merge_src1,bnb_flow_0x6866c5d39fe1__synth_merge_dst,35.51981022688116,71.03962045376232,189,many_to_one,1.0,supervised_flow_pair,ETH,BNB,Poly,0x4abb9cc67bd3da9eb966d1159a71a0e68bd15432,0x4e1b16ef22935a575a6811d4616f98c4077e4408,KEL,semi_synthetic_merge,,35.51981022688116,35.51981022688116,
eth_flow_0x3a27f7bcafc4__r7fam06__inst00__synth_merge_src2,bnb_flow_0x6866c5d39fe1__synth_merge_dst,35.51981022688116,71.03962045376232,189,many_to_one,1.0,supervised_flow_pair,ETH,BNB,Poly,0x4abb9cc67bd3da9eb966d1159a71a0e68bd15432,0x4e1b16ef22935a575a6811d4616f98c4077e4408,KEL,semi_synthetic_merge,,35.51981022688116,35.51981022688116,
eth_flow_0x3a27f7bcafc4__r7fam06__inst00__synth_unmatched_src,bnb_flow_0x6866c5d39fe1__synth_hidden_dst,71.03962045376232,0,189,one_to_one,0.2,supervised_flow_pair,ETH,BNB,Poly,0x4abb9cc67bd3da9eb966d1159a71a0e68bd15432,0x4e1b16ef22935a575a6811d4616f98c4077e4408,KEL,semi_synthetic_unmatched,,,0,0
eth_flow_0x3a27f7bcafc4__r7fam06__inst00__synth_noise_src_0,bnb_flow_0x6866c5d39fe1__synth_noise_dst_0,71.03962045376232,71.03962045376232,249,one_to_one,0.2434,supervised_flow_pair,ETH,BNB,Poly,0x4abb9cc67bd3da9eb966d1159a71a0e68bd15432,0x4e1b16ef22935a575a6811d4616f98c4077e4408,KEL,semi_synthetic_delay_noise,,,,
eth_flow_0x3a27f7bcafc4__r7fam06__inst00__synth_noise_src_1,bnb_flow_0x6866c5d39fe1__synth_noise_dst_1,71.03962045376232,71.03962045376232,309,one_to_one,0.2395,supervised_flow_pair,ETH,BNB,Poly,0x4abb9cc67bd3da9eb966d1159a71a0e68bd15432,0x4e1b16ef22935a575a6811d4616f98c4077e4408,KEL,semi_synthetic_delay_noise,,,,
eth_flow_0xab3eeb2820ab__r7fam06__inst01__synth_split_src,bnb_flow_0x999fc901908c__synth_split_a,38.06004280734629,19.030021403673146,179,one_to_many,0.95,supervised_flow_pair,ETH,BNB,Poly,0x9e32b13ce7f2e80a01932b42553652e053d6ed8e,0xe552fb52a4f19e44ef5a967632dbc320b0820639,Metis,semi_synthetic_split,1,19.030021403673146,19.030021403673146,
eth_flow_0xab3eeb2820ab__r7fam06__inst01__synth_split_src,bnb_flow_0x999fc901908c__synth_split_b,38.06004280734629,19.030021403673146,179,one_to_many,0.95,supervised_flow_pair,ETH,BNB,Poly,0x9e32b13ce7f2e80a01932b42553652e053d6ed8e,0xe552fb52a4f19e44ef5a967632dbc320b0820639,Metis,semi_synthetic_split,1,19.030021403673146,19.030021403673146,
eth_flow_0xab3eeb2820ab__r7fam06__inst01__synth_merge_src1,bnb_flow_0x999fc901908c__synth_merge_dst,19.030021403673146,38.06004280734629,179,many_to_one,1.0,supervised_flow_pair,ETH,BNB,Poly,0x9e32b13ce7f2e80a01932b42553652e053d6ed8e,0xe552fb52a4f19e44ef5a967632dbc320b0820639,Metis,semi_synthetic_merge,,19.030021403673146,19.030021403673146,
eth_flow_0xab3eeb2820ab__r7fam06__inst01__synth_merge_src2,bnb_flow_0x999fc901908c__synth_merge_dst,19.030021403673146,38.06004280734629,179,many_to_one,1.0,supervised_flow_pair,ETH,BNB,Poly,0x9e32b13ce7f2e80a01932b42553652e053d6ed8e,0xe552fb52a4f19e44ef5a967632dbc320b0820639,Metis,semi_synthetic_merge,,19.030021403673146,19.030021403673146,
eth_flow_0xab3eeb2820ab__r7fam06__inst01__synth_unmatched_src,bnb_flow_0x999fc901908c__synth_hidden_dst,38.06004280734629,0,179,one_to_one,0.2,supervised_flow_pair,ETH,BNB,Poly,0x9e32b13ce7f2e80a01932b42553652e053d6ed8e,0xe552fb52a4f19e44ef5a967632dbc320b0820639,Metis,semi_synthetic_unmatched,,,0,0
eth_flow_0xab3eeb2820ab__r7fam06__inst01__synth_noise_src_0,bnb_flow_0x999fc901908c__synth_noise_dst_0,38.06004280734629,38.06004280734629,239,one_to_one,0.251,supervised_flow_pair,ETH,BNB,Poly,0x9e32b13ce7f2e80a01932b42553652e053d6ed8e,0xe552fb52a4f19e44ef5a967632dbc320b0820639,Metis,semi_synthetic_delay_noise,,,,
eth_flow_0xab3eeb2820ab__r7fam06__inst01__synth_noise_src_1,bnb_flow_0x999fc901908c__synth_noise_dst_1,38.06004280734629,38.06004280734629,299,one_to_one,0.2599,supervised_flow_pair,ETH,BNB,Poly,0x9e32b13ce7f2e80a01932b42553652e053d6ed8e,0xe552fb52a4f19e44ef5a967632dbc320b0820639,Metis,semi_synthetic_delay_noise,,,,
eth_flow_0xd3402049c7ff__r7fam07__inst00__synth_split_src,bnb_flow_0xab806e1734e7__synth_split_a,13.811867369686013,4.603955789895338,227,one_to_many,0.95,supervised_flow_pair,ETH,BNB,Poly,0xee9801669c6138e84bd50deb500827b776777d28,0xee9801669c6138e84bd50deb500827b776777d28,O3,semi_synthetic_split,1,4.603955789895338,4.603955789895338,
eth_flow_0xd3402049c7ff__r7fam07__inst00__synth_split_src,bnb_flow_0xab806e1734e7__synth_split_b,13.811867369686013,4.603955789895338,227,one_to_many,0.95,supervised_flow_pair,ETH,BNB,Poly,0xee9801669c6138e84bd50deb500827b776777d28,0xee9801669c6138e84bd50deb500827b776777d28,O3,semi_synthetic_split,1,4.603955789895338,4.603955789895338,
eth_flow_0xd3402049c7ff__r7fam07__inst00__synth_split_src,bnb_flow_0xab806e1734e7__synth_split_c,13.811867369686013,4.603955789895338,227,one_to_many,0.95,supervised_flow_pair,ETH,BNB,Poly,0xee9801669c6138e84bd50deb500827b776777d28,0xee9801669c6138e84bd50deb500827b776777d28,O3,semi_synthetic_split,1,4.603955789895338,4.603955789895338,
eth_flow_0xd3402049c7ff__r7fam07__inst00__synth_merge_src1,bnb_flow_0xab806e1734e7__synth_merge_dst,6.905933684843006,13.811867369686013,227,many_to_one,1.0,supervised_flow_pair,ETH,BNB,Poly,0xee9801669c6138e84bd50deb500827b776777d28,0xee9801669c6138e84bd50deb500827b776777d28,O3,semi_synthetic_merge,,6.905933684843006,6.905933684843006,
eth_flow_0xd3402049c7ff__r7fam07__inst00__synth_merge_src2,bnb_flow_0xab806e1734e7__synth_merge_dst,6.905933684843006,13.811867369686013,227,many_to_one,1.0,supervised_flow_pair,ETH,BNB,Poly,0xee9801669c6138e84bd50deb500827b776777d28,0xee9801669c6138e84bd50deb500827b776777d28,O3,semi_synthetic_merge,,6.905933684843006,6.905933684843006,
eth_flow_0xd3402049c7ff__r7fam07__inst00__synth_unmatched_src,bnb_flow_0xab806e1734e7__synth_hidden_dst,13.811867369686013,0,227,one_to_one,0.2,supervised_flow_pair,ETH,BNB,Poly,0xee9801669c6138e84bd50deb500827b776777d28,0xee9801669c6138e84bd50deb500827b776777d28,O3,semi_synthetic_unmatched,,,0,0
eth_flow_0xd3402049c7ff__r7fam07__inst00__synth_noise_src_0,bnb_flow_0xab806e1734e7__synth_noise_dst_0,13.811867369686013,13.811867369686013,287,one_to_one,0.2311,supervised_flow_pair,ETH,BNB,Poly,0xee9801669c6138e84bd50deb500827b776777d28,0xee9801669c6138e84bd50deb500827b776777d28,O3,semi_synthetic_delay_noise,,,,
eth_flow_0xd3402049c7ff__r7fam07__inst00__synth_noise_src_1,bnb_flow_0xab806e1734e7__synth_noise_dst_1,13.811867369686013,13.811867369686013,347,one_to_one,0.2347,supervised_flow_pair,ETH,BNB,Poly,0xee9801669c6138e84bd50deb500827b776777d28,0xee9801669c6138e84bd50deb500827b776777d28,O3,semi_synthetic_delay_noise,,,,
eth_flow_0x22c46de797e4__r7fam07__inst01__synth_split_src,bnb_flow_0xcc0a73250c4b__synth_split_a,17.985521488031758,2.5693602125759654,199,one_to_many,0.95,supervised_flow_pair,ETH,BNB,Poly,0x9e32b13ce7f2e80a01932b42553652e053d6ed8e,0xe552fb52a4f19e44ef5a967632dbc320b0820639,Metis,semi_synthetic_split,1,2.5693602125759654,2.5693602125759654,
eth_flow_0x22c46de797e4__r7fam07__inst01__synth_split_src,bnb_flow_0xcc0a73250c4b__synth_split_b,17.985521488031758,2.5693602125759654,199,one_to_many,0.95,supervised_flow_pair,ETH,BNB,Poly,0x9e32b13ce7f2e80a01932b42553652e053d6ed8e,0xe552fb52a4f19e44ef5a967632dbc320b0820639,Metis,semi_synthetic_split,1,2.5693602125759654,2.5693602125759654,
eth_flow_0x22c46de797e4__r7fam07__inst01__synth_split_src,bnb_flow_0xcc0a73250c4b__synth_split_c,17.985521488031758,2.5693602125759654,199,one_to_many,0.95,supervised_flow_pair,ETH,BNB,Poly,0x9e32b13ce7f2e80a01932b42553652e053d6ed8e,0xe552fb52a4f19e44ef5a967632dbc320b0820639,Metis,semi_synthetic_split,1,2.5693602125759654,2.5693602125759654,
eth_flow_0x22c46de797e4__r7fam07__inst01__synth_split_src,bnb_flow_0xcc0a73250c4b__synth_split_d,17.985521488031758,2.5693602125759654,199,one_to_many,0.95,supervised_flow_pair,ETH,BNB,Poly,0x9e32b13ce7f2e80a01932b42553652e053d6ed8e,0xe552fb52a4f19e44ef5a967632dbc320b0820639,Metis,semi_synthetic_split,1,2.5693602125759654,2.5693602125759654,
eth_flow_0x22c46de797e4__r7fam07__inst01__synth_split_src,bnb_flow_0xcc0a73250c4b__synth_split_e,17.985521488031758,2.5693602125759654,199,one_to_many,0.95,supervised_flow_pair,ETH,BNB,Poly,0x9e32b13ce7f2e80a01932b42553652e053d6ed8e,0xe552fb52a4f19e44ef5a967632dbc320b0820639,Metis,semi_synthetic_split,1,2.5693602125759654,2.5693602125759654,
eth_flow_0x22c46de797e4__r7fam07__inst01__synth_split_src,bnb_flow_0xcc0a73250c4b__synth_split_f,17.985521488031758,2.5693602125759654,199,one_to_many,0.95,supervised_flow_pair,ETH,BNB,Poly,0x9e32b13ce7f2e80a01932b42553652e053d6ed8e,0xe552fb52a4f19e44ef5a967632dbc320b0820639,Metis,semi_synthetic_split,1,2.5693602125759654,2.5693602125759654,
eth_flow_0x22c46de797e4__r7fam07__inst01__synth_split_src,bnb_flow_0xcc0a73250c4b__synth_split_g,17.985521488031758,2.5693602125759654,199,one_to_many,0.95,supervised_flow_pair,ETH,BNB,Poly,0x9e32b13ce7f2e80a01932b42553652e053d6ed8e,0xe552fb52a4f19e44ef5a967632dbc320b0820639,Metis,semi_synthetic_split,1,2.5693602125759654,2.5693602125759654,
eth_flow_0x22c46de797e4__r7fam07__inst01__synth_merge_src1,bnb_flow_0xcc0a73250c4b__synth_merge_dst,8.992760744015879,17.985521488031758,199,many_to_one,1.0,supervised_flow_pair,ETH,BNB,Poly,0x9e32b13ce7f2e80a01932b42553652e053d6ed8e,0xe552fb52a4f19e44ef5a967632dbc320b0820639,Metis,semi_synthetic_merge,,8.992760744015879,8.992760744015879,
eth_flow_0x22c46de797e4__r7fam07__inst01__synth_merge_src2,bnb_flow_0xcc0a73250c4b__synth_merge_dst,8.992760744015879,17.985521488031758,199,many_to_one,1.0,supervised_flow_pair,ETH,BNB,Poly,0x9e32b13ce7f2e80a01932b42553652e053d6ed8e,0xe552fb52a4f19e44ef5a967632dbc320b0820639,Metis,semi_synthetic_merge,,8.992760744015879,8.992760744015879,
eth_flow_0x22c46de797e4__r7fam07__inst01__synth_unmatched_src,bnb_flow_0xcc0a73250c4b__synth_hidden_dst,17.985521488031758,0,199,one_to_one,0.2,supervised_flow_pair,ETH,BNB,Poly,0x9e32b13ce7f2e80a01932b42553652e053d6ed8e,0xe552fb52a4f19e44ef5a967632dbc320b0820639,Metis,semi_synthetic_unmatched,,,0,0
eth_flow_0x22c46de797e4__r7fam07__inst01__synth_noise_src_0,bnb_flow_0xcc0a73250c4b__synth_noise_dst_0,17.985521488031758,17.985521488031758,259,one_to_one,0.2402,supervised_flow_pair,ETH,BNB,Poly,0x9e32b13ce7f2e80a01932b42553652e053d6ed8e,0xe552fb52a4f19e44ef5a967632dbc320b0820639,Metis,semi_synthetic_delay_noise,,,,
eth_flow_0x22c46de797e4__r7fam07__inst01__synth_noise_src_1,bnb_flow_0xcc0a73250c4b__synth_noise_dst_1,17.985521488031758,17.985521488031758,319,one_to_one,0.2546,supervised_flow_pair,ETH,BNB,Poly,0x9e32b13ce7f2e80a01932b42553652e053d6ed8e,0xe552fb52a4f19e44ef5a967632dbc320b0820639,Metis,semi_synthetic_delay_noise,,,,
eth_flow_0xb449f3420a96__r7fam08__inst00__synth_split_src,bnb_flow_0x3f7015466ace__synth_split_a,3.3311725591757084,1.1103908530585695,257,one_to_many,0.95,supervised_flow_pair,ETH,BNB,Poly,0x9e32b13ce7f2e80a01932b42553652e053d6ed8e,0xe552fb52a4f19e44ef5a967632dbc320b0820639,Metis,semi_synthetic_split,1,1.1103908530585695,1.1103908530585695,
eth_flow_0xb449f3420a96__r7fam08__inst00__synth_split_src,bnb_flow_0x3f7015466ace__synth_split_b,3.3311725591757084,1.1103908530585695,257,one_to_many,0.95,supervised_flow_pair,ETH,BNB,Poly,0x9e32b13ce7f2e80a01932b42553652e053d6ed8e,0xe552fb52a4f19e44ef5a967632dbc320b0820639,Metis,semi_synthetic_split,1,1.1103908530585695,1.1103908530585695,
eth_flow_0xb449f3420a96__r7fam08__inst00__synth_split_src,bnb_flow_0x3f7015466ace__synth_split_c,3.3311725591757084,1.1103908530585695,257,one_to_many,0.95,supervised_flow_pair,ETH,BNB,Poly,0x9e32b13ce7f2e80a01932b42553652e053d6ed8e,0xe552fb52a4f19e44ef5a967632dbc320b0820639,Metis,semi_synthetic_split,1,1.1103908530585695,1.1103908530585695,
eth_flow_0xb449f3420a96__r7fam08__inst00__synth_merge_src1,bnb_flow_0x3f7015466ace__synth_merge_dst,1.1103908530585695,3.3311725591757084,257,many_to_one,1.0,supervised_flow_pair,ETH,BNB,Poly,0x9e32b13ce7f2e80a01932b42553652e053d6ed8e,0xe552fb52a4f19e44ef5a967632dbc320b0820639,Metis,semi_synthetic_merge,,1.1103908530585695,1.1103908530585695,
eth_flow_0xb449f3420a96__r7fam08__inst00__synth_merge_src2,bnb_flow_0x3f7015466ace__synth_merge_dst,1.1103908530585695,3.3311725591757084,257,many_to_one,1.0,supervised_flow_pair,ETH,BNB,Poly,0x9e32b13ce7f2e80a01932b42553652e053d6ed8e,0xe552fb52a4f19e44ef5a967632dbc320b0820639,Metis,semi_synthetic_merge,,1.1103908530585695,1.1103908530585695,
eth_flow_0xb449f3420a96__r7fam08__inst00__synth_merge_src3,bnb_flow_0x3f7015466ace__synth_merge_dst,1.1103908530585695,3.3311725591757084,257,many_to_one,1.0,supervised_flow_pair,ETH,BNB,Poly,0x9e32b13ce7f2e80a01932b42553652e053d6ed8e,0xe552fb52a4f19e44ef5a967632dbc320b0820639,Metis,semi_synthetic_merge,,1.1103908530585695,1.1103908530585695,
eth_flow_0xb449f3420a96__r7fam08__inst00__synth_unmatched_src,bnb_flow_0x3f7015466ace__synth_hidden_dst,3.3311725591757084,0,257,one_to_one,0.2,supervised_flow_pair,ETH,BNB,Poly,0x9e32b13ce7f2e80a01932b42553652e053d6ed8e,0xe552fb52a4f19e44ef5a967632dbc320b0820639,Metis,semi_synthetic_unmatched,,,0,0
eth_flow_0xb449f3420a96__r7fam08__inst00__synth_noise_src_0,bnb_flow_0x3f7015466ace__synth_noise_dst_0,3.3311725591757084,3.3311725591757084,317,one_to_one,0.2321,supervised_flow_pair,ETH,BNB,Poly,0x9e32b13ce7f2e80a01932b42553652e053d6ed8e,0xe552fb52a4f19e44ef5a967632dbc320b0820639,Metis,semi_synthetic_delay_noise,,,,
eth_flow_0xb449f3420a96__r7fam08__inst00__synth_noise_src_1,bnb_flow_0x3f7015466ace__synth_noise_dst_1,3.3311725591757084,3.3311725591757084,377,one_to_one,0.2262,supervised_flow_pair,ETH,BNB,Poly,0x9e32b13ce7f2e80a01932b42553652e053d6ed8e,0xe552fb52a4f19e44ef5a967632dbc320b0820639,Metis,semi_synthetic_delay_noise,,,,
eth_flow_0x50797437784c__r7fam08__inst01__synth_split_src,bnb_flow_0xbf2e7ffd9a2f__synth_split_a,9.023014566437082,4.511507283218541,229,one_to_many,0.95,supervised_flow_pair,ETH,BNB,Poly,0x9e32b13ce7f2e80a01932b42553652e053d6ed8e,0xe552fb52a4f19e44ef5a967632dbc320b0820639,Metis,semi_synthetic_split,1,4.511507283218541,4.511507283218541,
eth_flow_0x50797437784c__r7fam08__inst01__synth_split_src,bnb_flow_0xbf2e7ffd9a2f__synth_split_b,9.023014566437082,4.511507283218541,229,one_to_many,0.95,supervised_flow_pair,ETH,BNB,Poly,0x9e32b13ce7f2e80a01932b42553652e053d6ed8e,0xe552fb52a4f19e44ef5a967632dbc320b0820639,Metis,semi_synthetic_split,1,4.511507283218541,4.511507283218541,
eth_flow_0x50797437784c__r7fam08__inst01__synth_merge_src1,bnb_flow_0xbf2e7ffd9a2f__synth_merge_dst,4.511507283218541,9.023014566437082,229,many_to_one,1.0,supervised_flow_pair,ETH,BNB,Poly,0x9e32b13ce7f2e80a01932b42553652e053d6ed8e,0xe552fb52a4f19e44ef5a967632dbc320b0820639,Metis,semi_synthetic_merge,,4.511507283218541,4.511507283218541,
eth_flow_0x50797437784c__r7fam08__inst01__synth_merge_src2,bnb_flow_0xbf2e7ffd9a2f__synth_merge_dst,4.511507283218541,9.023014566437082,229,many_to_one,1.0,supervised_flow_pair,ETH,BNB,Poly,0x9e32b13ce7f2e80a01932b42553652e053d6ed8e,0xe552fb52a4f19e44ef5a967632dbc320b0820639,Metis,semi_synthetic_merge,,4.511507283218541,4.511507283218541,
eth_flow_0x50797437784c__r7fam08__inst01__synth_unmatched_src,bnb_flow_0xbf2e7ffd9a2f__synth_hidden_dst,9.023014566437082,0,229,one_to_one,0.2,supervised_flow_pair,ETH,BNB,Poly,0x9e32b13ce7f2e80a01932b42553652e053d6ed8e,0xe552fb52a4f19e44ef5a967632dbc320b0820639,Metis,semi_synthetic_unmatched,,,0,0
eth_flow_0x50797437784c__r7fam08__inst01__synth_noise_src_0,bnb_flow_0xbf2e7ffd9a2f__synth_noise_dst_0,9.023014566437082,9.023014566437082,289,one_to_one,0.2248,supervised_flow_pair,ETH,BNB,Poly,0x9e32b13ce7f2e80a01932b42553652e053d6ed8e,0xe552fb52a4f19e44ef5a967632dbc320b0820639,Metis,semi_synthetic_delay_noise,,,,
eth_flow_0x50797437784c__r7fam08__inst01__synth_noise_src_1,bnb_flow_0xbf2e7ffd9a2f__synth_noise_dst_1,9.023014566437082,9.023014566437082,349,one_to_one,0.2596,supervised_flow_pair,ETH,BNB,Poly,0x9e32b13ce7f2e80a01932b42553652e053d6ed8e,0xe552fb52a4f19e44ef5a967632dbc320b0820639,Metis,semi_synthetic_delay_noise,,,,
eth_flow_0x68aac6a0ca64__r7fam09__inst00__synth_split_src,bnb_flow_0xb58fad5ff3e8__synth_split_a,17.67129472274187,8.835647361370935,318,one_to_many,0.95,supervised_flow_pair,ETH,BNB,Poly,0xee9801669c6138e84bd50deb500827b776777d28,0xee9801669c6138e84bd50deb500827b776777d28,O3,semi_synthetic_split,1,8.835647361370935,8.835647361370935,
eth_flow_0x68aac6a0ca64__r7fam09__inst00__synth_split_src,bnb_flow_0xb58fad5ff3e8__synth_split_b,17.67129472274187,8.835647361370935,318,one_to_many,0.95,supervised_flow_pair,ETH,BNB,Poly,0xee9801669c6138e84bd50deb500827b776777d28,0xee9801669c6138e84bd50deb500827b776777d28,O3,semi_synthetic_split,1,8.835647361370935,8.835647361370935,
eth_flow_0x68aac6a0ca64__r7fam09__inst00__synth_merge_src1,bnb_flow_0xb58fad5ff3e8__synth_merge_dst,8.835647361370935,17.67129472274187,318,many_to_one,1.0,supervised_flow_pair,ETH,BNB,Poly,0xee9801669c6138e84bd50deb500827b776777d28,0xee9801669c6138e84bd50deb500827b776777d28,O3,semi_synthetic_merge,,8.835647361370935,8.835647361370935,
eth_flow_0x68aac6a0ca64__r7fam09__inst00__synth_merge_src2,bnb_flow_0xb58fad5ff3e8__synth_merge_dst,8.835647361370935,17.67129472274187,318,many_to_one,1.0,supervised_flow_pair,ETH,BNB,Poly,0xee9801669c6138e84bd50deb500827b776777d28,0xee9801669c6138e84bd50deb500827b776777d28,O3,semi_synthetic_merge,,8.835647361370935,8.835647361370935,
eth_flow_0x68aac6a0ca64__r7fam09__inst00__synth_unmatched_src,bnb_flow_0xb58fad5ff3e8__synth_hidden_dst,17.67129472274187,0,318,one_to_one,0.2,supervised_flow_pair,ETH,BNB,Poly,0xee9801669c6138e84bd50deb500827b776777d28,0xee9801669c6138e84bd50deb500827b776777d28,O3,semi_synthetic_unmatched,,,0,0
eth_flow_0x68aac6a0ca64__r7fam09__inst00__synth_noise_src_0,bnb_flow_0xb58fad5ff3e8__synth_noise_dst_0,17.67129472274187,17.67129472274187,378,one_to_one,0.2354,supervised_flow_pair,ETH,BNB,Poly,0xee9801669c6138e84bd50deb500827b776777d28,0xee9801669c6138e84bd50deb500827b776777d28,O3,semi_synthetic_delay_noise,,,,
eth_flow_0x68aac6a0ca64__r7fam09__inst00__synth_noise_src_1,bnb_flow_0xb58fad5ff3e8__synth_noise_dst_1,17.67129472274187,17.67129472274187,438,one_to_one,0.2271,supervised_flow_pair,ETH,BNB,Poly,0xee9801669c6138e84bd50deb500827b776777d28,0xee9801669c6138e84bd50deb500827b776777d28,O3,semi_synthetic_delay_noise,,,,
eth_flow_0x4b8657df818f__r7fam09__inst01__synth_split_src,bnb_flow_0xe2b4397e7b80__synth_split_a,18.155026413734515,9.077513206867257,269,one_to_many,0.95,supervised_flow_pair,ETH,BNB,Poly,0x9e32b13ce7f2e80a01932b42553652e053d6ed8e,0xe552fb52a4f19e44ef5a967632dbc320b0820639,Metis,semi_synthetic_split,1,9.077513206867257,9.077513206867257,
eth_flow_0x4b8657df818f__r7fam09__inst01__synth_split_src,bnb_flow_0xe2b4397e7b80__synth_split_b,18.155026413734515,9.077513206867257,269,one_to_many,0.95,supervised_flow_pair,ETH,BNB,Poly,0x9e32b13ce7f2e80a01932b42553652e053d6ed8e,0xe552fb52a4f19e44ef5a967632dbc320b0820639,Metis,semi_synthetic_split,1,9.077513206867257,9.077513206867257,
eth_flow_0x4b8657df818f__r7fam09__inst01__synth_merge_src1,bnb_flow_0xe2b4397e7b80__synth_merge_dst,6.051675471244838,18.155026413734515,269,many_to_one,1.0,supervised_flow_pair,ETH,BNB,Poly,0x9e32b13ce7f2e80a01932b42553652e053d6ed8e,0xe552fb52a4f19e44ef5a967632dbc320b0820639,Metis,semi_synthetic_merge,,6.051675471244838,6.051675471244838,
eth_flow_0x4b8657df818f__r7fam09__inst01__synth_merge_src2,bnb_flow_0xe2b4397e7b80__synth_merge_dst,6.051675471244838,18.155026413734515,269,many_to_one,1.0,supervised_flow_pair,ETH,BNB,Poly,0x9e32b13ce7f2e80a01932b42553652e053d6ed8e,0xe552fb52a4f19e44ef5a967632dbc320b0820639,Metis,semi_synthetic_merge,,6.051675471244838,6.051675471244838,
eth_flow_0x4b8657df818f__r7fam09__inst01__synth_merge_src3,bnb_flow_0xe2b4397e7b80__synth_merge_dst,6.051675471244838,18.155026413734515,269,many_to_one,1.0,supervised_flow_pair,ETH,BNB,Poly,0x9e32b13ce7f2e80a01932b42553652e053d6ed8e,0xe552fb52a4f19e44ef5a967632dbc320b0820639,Metis,semi_synthetic_merge,,6.051675471244838,6.051675471244838,
eth_flow_0x4b8657df818f__r7fam09__inst01__synth_unmatched_src,bnb_flow_0xe2b4397e7b80__synth_hidden_dst,18.155026413734515,0,269,one_to_one,0.2,supervised_flow_pair,ETH,BNB,Poly,0x9e32b13ce7f2e80a01932b42553652e053d6ed8e,0xe552fb52a4f19e44ef5a967632dbc320b0820639,Metis,semi_synthetic_unmatched,,,0,0
eth_flow_0x4b8657df818f__r7fam09__inst01__synth_noise_src_0,bnb_flow_0xe2b4397e7b80__synth_noise_dst_0,18.155026413734515,18.155026413734515,329,one_to_one,0.2452,supervised_flow_pair,ETH,BNB,Poly,0x9e32b13ce7f2e80a01932b42553652e053d6ed8e,0xe552fb52a4f19e44ef5a967632dbc320b0820639,Metis,semi_synthetic_delay_noise,,,,
eth_flow_0x4b8657df818f__r7fam09__inst01__synth_noise_src_1,bnb_flow_0xe2b4397e7b80__synth_noise_dst_1,18.155026413734515,18.155026413734515,389,one_to_one,0.2293,supervised_flow_pair,ETH,BNB,Poly,0x9e32b13ce7f2e80a01932b42553652e053d6ed8e,0xe552fb52a4f19e44ef5a967632dbc320b0820639,Metis,semi_synthetic_delay_noise,,,,
eth_flow_0xedd37c6347e8__r7fam10__inst00__synth_split_src,bnb_flow_0xebe644738937__synth_split_a,14.098926910328508,7.049463455164254,1013,one_to_many,0.95,supervised_flow_pair,ETH,BNB,Poly,0x9e32b13ce7f2e80a01932b42553652e053d6ed8e,0xe552fb52a4f19e44ef5a967632dbc320b0820639,Metis,semi_synthetic_split,1,7.049463455164254,7.049463455164254,
eth_flow_0xedd37c6347e8__r7fam10__inst00__synth_split_src,bnb_flow_0xebe644738937__synth_split_b,14.098926910328508,7.049463455164254,1013,one_to_many,0.95,supervised_flow_pair,ETH,BNB,Poly,0x9e32b13ce7f2e80a01932b42553652e053d6ed8e,0xe552fb52a4f19e44ef5a967632dbc320b0820639,Metis,semi_synthetic_split,1,7.049463455164254,7.049463455164254,
eth_flow_0xedd37c6347e8__r7fam10__inst00__synth_merge_src1,bnb_flow_0xebe644738937__synth_merge_dst,7.049463455164254,14.098926910328508,1013,many_to_one,1.0,supervised_flow_pair,ETH,BNB,Poly,0x9e32b13ce7f2e80a01932b42553652e053d6ed8e,0xe552fb52a4f19e44ef5a967632dbc320b0820639,Metis,semi_synthetic_merge,,7.049463455164254,7.049463455164254,
eth_flow_0xedd37c6347e8__r7fam10__inst00__synth_merge_src2,bnb_flow_0xebe644738937__synth_merge_dst,7.049463455164254,14.098926910328508,1013,many_to_one,1.0,supervised_flow_pair,ETH,BNB,Poly,0x9e32b13ce7f2e80a01932b42553652e053d6ed8e,0xe552fb52a4f19e44ef5a967632dbc320b0820639,Metis,semi_synthetic_merge,,7.049463455164254,7.049463455164254,
eth_flow_0xedd37c6347e8__r7fam10__inst00__synth_unmatched_src,bnb_flow_0xebe644738937__synth_hidden_dst,14.098926910328508,0,1013,one_to_one,0.2,supervised_flow_pair,ETH,BNB,Poly,0x9e32b13ce7f2e80a01932b42553652e053d6ed8e,0xe552fb52a4f19e44ef5a967632dbc320b0820639,Metis,semi_synthetic_unmatched,,,0,0
eth_flow_0xedd37c6347e8__r7fam10__inst00__synth_noise_src_0,bnb_flow_0xebe644738937__synth_noise_dst_0,14.098926910328508,14.098926910328508,1073,one_to_one,0.2575,supervised_flow_pair,ETH,BNB,Poly,0x9e32b13ce7f2e80a01932b42553652e053d6ed8e,0xe552fb52a4f19e44ef5a967632dbc320b0820639,Metis,semi_synthetic_delay_noise,,,,
eth_flow_0xedd37c6347e8__r7fam10__inst00__synth_noise_src_1,bnb_flow_0xebe644738937__synth_noise_dst_1,14.098926910328508,14.098926910328508,1133,one_to_one,0.2587,supervised_flow_pair,ETH,BNB,Poly,0x9e32b13ce7f2e80a01932b42553652e053d6ed8e,0xe552fb52a4f19e44ef5a967632dbc320b0820639,Metis,semi_synthetic_delay_noise,,,,
eth_flow_0xb8d23d3ae1d0__r7fam10__inst01__synth_split_src,bnb_flow_0x5e0cebe6ce27__synth_split_a,47.52977084974181,23.764885424870904,837,one_to_many,0.95,supervised_flow_pair,ETH,BNB,Poly,0xaf9f549774ecedbd0966c52f250acc548d3f36e5,0x69a1913d334b524ea1632461c78797c837ca9fa6,RFuel,semi_synthetic_split,1,23.764885424870904,23.764885424870904,
eth_flow_0xb8d23d3ae1d0__r7fam10__inst01__synth_split_src,bnb_flow_0x5e0cebe6ce27__synth_split_b,47.52977084974181,23.764885424870904,837,one_to_many,0.95,supervised_flow_pair,ETH,BNB,Poly,0xaf9f549774ecedbd0966c52f250acc548d3f36e5,0x69a1913d334b524ea1632461c78797c837ca9fa6,RFuel,semi_synthetic_split,1,23.764885424870904,23.764885424870904,
eth_flow_0xb8d23d3ae1d0__r7fam10__inst01__synth_merge_src1,bnb_flow_0x5e0cebe6ce27__synth_merge_dst,23.764885424870904,47.52977084974181,837,many_to_one,1.0,supervised_flow_pair,ETH,BNB,Poly,0xaf9f549774ecedbd0966c52f250acc548d3f36e5,0x69a1913d334b524ea1632461c78797c837ca9fa6,RFuel,semi_synthetic_merge,,23.764885424870904,23.764885424870904,
eth_flow_0xb8d23d3ae1d0__r7fam10__inst01__synth_merge_src2,bnb_flow_0x5e0cebe6ce27__synth_merge_dst,23.764885424870904,47.52977084974181,837,many_to_one,1.0,supervised_flow_pair,ETH,BNB,Poly,0xaf9f549774ecedbd0966c52f250acc548d3f36e5,0x69a1913d334b524ea1632461c78797c837ca9fa6,RFuel,semi_synthetic_merge,,23.764885424870904,23.764885424870904,
eth_flow_0xb8d23d3ae1d0__r7fam10__inst01__synth_unmatched_src,bnb_flow_0x5e0cebe6ce27__synth_hidden_dst,47.52977084974181,0,837,one_to_one,0.2,supervised_flow_pair,ETH,BNB,Poly,0xaf9f549774ecedbd0966c52f250acc548d3f36e5,0x69a1913d334b524ea1632461c78797c837ca9fa6,RFuel,semi_synthetic_unmatched,,,0,0
eth_flow_0xb8d23d3ae1d0__r7fam10__inst01__synth_noise_src_0,bnb_flow_0x5e0cebe6ce27__synth_noise_dst_0,47.52977084974181,47.52977084974181,897,one_to_one,0.2359,supervised_flow_pair,ETH,BNB,Poly,0xaf9f549774ecedbd0966c52f250acc548d3f36e5,0x69a1913d334b524ea1632461c78797c837ca9fa6,RFuel,semi_synthetic_delay_noise,,,,
eth_flow_0xb8d23d3ae1d0__r7fam10__inst01__synth_noise_src_1,bnb_flow_0x5e0cebe6ce27__synth_noise_dst_1,47.52977084974181,47.52977084974181,957,one_to_one,0.2214,supervised_flow_pair,ETH,BNB,Poly,0xaf9f549774ecedbd0966c52f250acc548d3f36e5,0x69a1913d334b524ea1632461c78797c837ca9fa6,RFuel,semi_synthetic_delay_noise,,,,
eth_flow_0xb93b2ed0d89e__r7fam11__inst00__synth_split_src,bnb_flow_0x5823585a54ba__synth_split_a,26.303759289102832,13.151879644551416,1195,one_to_many,0.95,supervised_flow_pair,ETH,BNB,Poly,0xee9801669c6138e84bd50deb500827b776777d28,0xee9801669c6138e84bd50deb500827b776777d28,O3,semi_synthetic_split,1,13.151879644551416,13.151879644551416,
eth_flow_0xb93b2ed0d89e__r7fam11__inst00__synth_split_src,bnb_flow_0x5823585a54ba__synth_split_b,26.303759289102832,13.151879644551416,1195,one_to_many,0.95,supervised_flow_pair,ETH,BNB,Poly,0xee9801669c6138e84bd50deb500827b776777d28,0xee9801669c6138e84bd50deb500827b776777d28,O3,semi_synthetic_split,1,13.151879644551416,13.151879644551416,
eth_flow_0xb93b2ed0d89e__r7fam11__inst00__synth_merge_src1,bnb_flow_0x5823585a54ba__synth_merge_dst,8.767919763034277,26.303759289102832,1195,many_to_one,1.0,supervised_flow_pair,ETH,BNB,Poly,0xee9801669c6138e84bd50deb500827b776777d28,0xee9801669c6138e84bd50deb500827b776777d28,O3,semi_synthetic_merge,,8.767919763034277,8.767919763034277,
eth_flow_0xb93b2ed0d89e__r7fam11__inst00__synth_merge_src2,bnb_flow_0x5823585a54ba__synth_merge_dst,8.767919763034277,26.303759289102832,1195,many_to_one,1.0,supervised_flow_pair,ETH,BNB,Poly,0xee9801669c6138e84bd50deb500827b776777d28,0xee9801669c6138e84bd50deb500827b776777d28,O3,semi_synthetic_merge,,8.767919763034277,8.767919763034277,
eth_flow_0xb93b2ed0d89e__r7fam11__inst00__synth_merge_src3,bnb_flow_0x5823585a54ba__synth_merge_dst,8.767919763034277,26.303759289102832,1195,many_to_one,1.0,supervised_flow_pair,ETH,BNB,Poly,0xee9801669c6138e84bd50deb500827b776777d28,0xee9801669c6138e84bd50deb500827b776777d28,O3,semi_synthetic_merge,,8.767919763034277,8.767919763034277,
eth_flow_0xb93b2ed0d89e__r7fam11__inst00__synth_unmatched_src,bnb_flow_0x5823585a54ba__synth_hidden_dst,26.303759289102832,0,1195,one_to_one,0.2,supervised_flow_pair,ETH,BNB,Poly,0xee9801669c6138e84bd50deb500827b776777d28,0xee9801669c6138e84bd50deb500827b776777d28,O3,semi_synthetic_unmatched,,,0,0
eth_flow_0xb93b2ed0d89e__r7fam11__inst00__synth_noise_src_0,bnb_flow_0x5823585a54ba__synth_noise_dst_0,26.303759289102832,26.303759289102832,1255,one_to_one,0.233,supervised_flow_pair,ETH,BNB,Poly,0xee9801669c6138e84bd50deb500827b776777d28,0xee9801669c6138e84bd50deb500827b776777d28,O3,semi_synthetic_delay_noise,,,,
eth_flow_0xb93b2ed0d89e__r7fam11__inst00__synth_noise_src_1,bnb_flow_0x5823585a54ba__synth_noise_dst_1,26.303759289102832,26.303759289102832,1315,one_to_one,0.246,supervised_flow_pair,ETH,BNB,Poly,0xee9801669c6138e84bd50deb500827b776777d28,0xee9801669c6138e84bd50deb500827b776777d28,O3,semi_synthetic_delay_noise,,,,
eth_flow_0x99e381a8ac27__r7fam11__inst01__synth_split_src,bnb_flow_0xcfbef859cc49__synth_split_a,67.02314468262664,33.51157234131332,1188,one_to_many,0.95,supervised_flow_pair,ETH,BNB,Poly,0xaf9f549774ecedbd0966c52f250acc548d3f36e5,0x69a1913d334b524ea1632461c78797c837ca9fa6,RFuel,semi_synthetic_split,1,33.51157234131332,33.51157234131332,
eth_flow_0x99e381a8ac27__r7fam11__inst01__synth_split_src,bnb_flow_0xcfbef859cc49__synth_split_b,67.02314468262664,33.51157234131332,1188,one_to_many,0.95,supervised_flow_pair,ETH,BNB,Poly,0xaf9f549774ecedbd0966c52f250acc548d3f36e5,0x69a1913d334b524ea1632461c78797c837ca9fa6,RFuel,semi_synthetic_split,1,33.51157234131332,33.51157234131332,
eth_flow_0x99e381a8ac27__r7fam11__inst01__synth_merge_src1,bnb_flow_0xcfbef859cc49__synth_merge_dst,33.51157234131332,67.02314468262664,1188,many_to_one,1.0,supervised_flow_pair,ETH,BNB,Poly,0xaf9f549774ecedbd0966c52f250acc548d3f36e5,0x69a1913d334b524ea1632461c78797c837ca9fa6,RFuel,semi_synthetic_merge,,33.51157234131332,33.51157234131332,
eth_flow_0x99e381a8ac27__r7fam11__inst01__synth_merge_src2,bnb_flow_0xcfbef859cc49__synth_merge_dst,33.51157234131332,67.02314468262664,1188,many_to_one,1.0,supervised_flow_pair,ETH,BNB,Poly,0xaf9f549774ecedbd0966c52f250acc548d3f36e5,0x69a1913d334b524ea1632461c78797c837ca9fa6,RFuel,semi_synthetic_merge,,33.51157234131332,33.51157234131332,
eth_flow_0x99e381a8ac27__r7fam11__inst01__synth_unmatched_src,bnb_flow_0xcfbef859cc49__synth_hidden_dst,67.02314468262664,0,1188,one_to_one,0.2,supervised_flow_pair,ETH,BNB,Poly,0xaf9f549774ecedbd0966c52f250acc548d3f36e5,0x69a1913d334b524ea1632461c78797c837ca9fa6,RFuel,semi_synthetic_unmatched,,,0,0
eth_flow_0x99e381a8ac27__r7fam11__inst01__synth_noise_src_0,bnb_flow_0xcfbef859cc49__synth_noise_dst_0,67.02314468262664,67.02314468262664,1248,one_to_one,0.2457,supervised_flow_pair,ETH,BNB,Poly,0xaf9f549774ecedbd0966c52f250acc548d3f36e5,0x69a1913d334b524ea1632461c78797c837ca9fa6,RFuel,semi_synthetic_delay_noise,,,,
eth_flow_0x99e381a8ac27__r7fam11__inst01__synth_noise_src_1,bnb_flow_0xcfbef859cc49__synth_noise_dst_1,67.02314468262664,67.02314468262664,1308,one_to_one,0.2413,supervised_flow_pair,ETH,BNB,Poly,0xaf9f549774ecedbd0966c52f250acc548d3f36e5,0x69a1913d334b524ea1632461c78797c837ca9fa6,RFuel,semi_synthetic_delay_noise,,,,
eth_flow_0x7fcdcea78d0d__r7fam12__inst00__synth_split_src,bnb_flow_0x5ccffdeab512__synth_split_a,97.46160620789024,48.73080310394512,184,one_to_many,0.95,supervised_flow_pair,ETH,BNB,Poly,0x4abb9cc67bd3da9eb966d1159a71a0e68bd15432,0x4e1b16ef22935a575a6811d4616f98c4077e4408,KEL,semi_synthetic_split,1,48.73080310394512,48.73080310394512,
eth_flow_0x7fcdcea78d0d__r7fam12__inst00__synth_split_src,bnb_flow_0x5ccffdeab512__synth_split_b,97.46160620789024,48.73080310394512,184,one_to_many,0.95,supervised_flow_pair,ETH,BNB,Poly,0x4abb9cc67bd3da9eb966d1159a71a0e68bd15432,0x4e1b16ef22935a575a6811d4616f98c4077e4408,KEL,semi_synthetic_split,1,48.73080310394512,48.73080310394512,
eth_flow_0x7fcdcea78d0d__r7fam12__inst00__synth_merge_src1,bnb_flow_0x5ccffdeab512__synth_merge_dst,48.73080310394512,97.46160620789024,184,many_to_one,1.0,supervised_flow_pair,ETH,BNB,Poly,0x4abb9cc67bd3da9eb966d1159a71a0e68bd15432,0x4e1b16ef22935a575a6811d4616f98c4077e4408,KEL,semi_synthetic_merge,,48.73080310394512,48.73080310394512,
eth_flow_0x7fcdcea78d0d__r7fam12__inst00__synth_merge_src2,bnb_flow_0x5ccffdeab512__synth_merge_dst,48.73080310394512,97.46160620789024,184,many_to_one,1.0,supervised_flow_pair,ETH,BNB,Poly,0x4abb9cc67bd3da9eb966d1159a71a0e68bd15432,0x4e1b16ef22935a575a6811d4616f98c4077e4408,KEL,semi_synthetic_merge,,48.73080310394512,48.73080310394512,
eth_flow_0x7fcdcea78d0d__r7fam12__inst00__synth_unmatched_src,bnb_flow_0x5ccffdeab512__synth_hidden_dst,97.46160620789024,0,184,one_to_one,0.2,supervised_flow_pair,ETH,BNB,Poly,0x4abb9cc67bd3da9eb966d1159a71a0e68bd15432,0x4e1b16ef22935a575a6811d4616f98c4077e4408,KEL,semi_synthetic_unmatched,,,0,0
eth_flow_0x7fcdcea78d0d__r7fam12__inst00__synth_noise_src_0,bnb_flow_0x5ccffdeab512__synth_noise_dst_0,97.46160620789024,97.46160620789024,244,one_to_one,0.247,supervised_flow_pair,ETH,BNB,Poly,0x4abb9cc67bd3da9eb966d1159a71a0e68bd15432,0x4e1b16ef22935a575a6811d4616f98c4077e4408,KEL,semi_synthetic_delay_noise,,,,
eth_flow_0x7fcdcea78d0d__r7fam12__inst00__synth_noise_src_1,bnb_flow_0x5ccffdeab512__synth_noise_dst_1,97.46160620789024,97.46160620789024,304,one_to_one,0.2208,supervised_flow_pair,ETH,BNB,Poly,0x4abb9cc67bd3da9eb966d1159a71a0e68bd15432,0x4e1b16ef22935a575a6811d4616f98c4077e4408,KEL,semi_synthetic_delay_noise,,,,
eth_flow_0x6706d65b21ea__r7fam12__inst01__synth_split_src,bnb_flow_0x84e1a9bde89a__synth_split_a,256.82062348711804,85.60687449570601,194,one_to_many,0.95,supervised_flow_pair,ETH,BNB,Poly,0x9e32b13ce7f2e80a01932b42553652e053d6ed8e,0xe552fb52a4f19e44ef5a967632dbc320b0820639,Metis,semi_synthetic_split,1,85.60687449570601,85.60687449570601,
eth_flow_0x6706d65b21ea__r7fam12__inst01__synth_split_src,bnb_flow_0x84e1a9bde89a__synth_split_b,256.82062348711804,85.60687449570601,194,one_to_many,0.95,supervised_flow_pair,ETH,BNB,Poly,0x9e32b13ce7f2e80a01932b42553652e053d6ed8e,0xe552fb52a4f19e44ef5a967632dbc320b0820639,Metis,semi_synthetic_split,1,85.60687449570601,85.60687449570601,
eth_flow_0x6706d65b21ea__r7fam12__inst01__synth_split_src,bnb_flow_0x84e1a9bde89a__synth_split_c,256.82062348711804,85.60687449570601,194,one_to_many,0.95,supervised_flow_pair,ETH,BNB,Poly,0x9e32b13ce7f2e80a01932b42553652e053d6ed8e,0xe552fb52a4f19e44ef5a967632dbc320b0820639,Metis,semi_synthetic_split,1,85.60687449570601,85.60687449570601,
eth_flow_0x6706d65b21ea__r7fam12__inst01__synth_merge_src1,bnb_flow_0x84e1a9bde89a__synth_merge_dst,128.41031174355902,256.82062348711804,194,many_to_one,1.0,supervised_flow_pair,ETH,BNB,Poly,0x9e32b13ce7f2e80a01932b42553652e053d6ed8e,0xe552fb52a4f19e44ef5a967632dbc320b0820639,Metis,semi_synthetic_merge,,128.41031174355902,128.41031174355902,
eth_flow_0x6706d65b21ea__r7fam12__inst01__synth_merge_src2,bnb_flow_0x84e1a9bde89a__synth_merge_dst,128.41031174355902,256.82062348711804,194,many_to_one,1.0,supervised_flow_pair,ETH,BNB,Poly,0x9e32b13ce7f2e80a01932b42553652e053d6ed8e,0xe552fb52a4f19e44ef5a967632dbc320b0820639,Metis,semi_synthetic_merge,,128.41031174355902,128.41031174355902,
eth_flow_0x6706d65b21ea__r7fam12__inst01__synth_unmatched_src,bnb_flow_0x84e1a9bde89a__synth_hidden_dst,256.82062348711804,0,194,one_to_one,0.2,supervised_flow_pair,ETH,BNB,Poly,0x9e32b13ce7f2e80a01932b42553652e053d6ed8e,0xe552fb52a4f19e44ef5a967632dbc320b0820639,Metis,semi_synthetic_unmatched,,,0,0
eth_flow_0x6706d65b21ea__r7fam12__inst01__synth_noise_src_0,bnb_flow_0x84e1a9bde89a__synth_noise_dst_0,256.82062348711804,256.82062348711804,254,one_to_one,0.2385,supervised_flow_pair,ETH,BNB,Poly,0x9e32b13ce7f2e80a01932b42553652e053d6ed8e,0xe552fb52a4f19e44ef5a967632dbc320b0820639,Metis,semi_synthetic_delay_noise,,,,
eth_flow_0x6706d65b21ea__r7fam12__inst01__synth_noise_src_1,bnb_flow_0x84e1a9bde89a__synth_noise_dst_1,256.82062348711804,256.82062348711804,314,one_to_one,0.249,supervised_flow_pair,ETH,BNB,Poly,0x9e32b13ce7f2e80a01932b42553652e053d6ed8e,0xe552fb52a4f19e44ef5a967632dbc320b0820639,Metis,semi_synthetic_delay_noise,,,,
eth_flow_0xb48f58a74dee__r7fam13__inst00__synth_split_src,bnb_flow_0xb61a598ea05e__synth_split_a,271.9324538102619,135.96622690513095,202,one_to_many,0.95,supervised_flow_pair,ETH,BNB,Poly,0x9e32b13ce7f2e80a01932b42553652e053d6ed8e,0xe552fb52a4f19e44ef5a967632dbc320b0820639,Metis,semi_synthetic_split,1,135.96622690513095,135.96622690513095,
eth_flow_0xb48f58a74dee__r7fam13__inst00__synth_split_src,bnb_flow_0xb61a598ea05e__synth_split_b,271.9324538102619,135.96622690513095,202,one_to_many,0.95,supervised_flow_pair,ETH,BNB,Poly,0x9e32b13ce7f2e80a01932b42553652e053d6ed8e,0xe552fb52a4f19e44ef5a967632dbc320b0820639,Metis,semi_synthetic_split,1,135.96622690513095,135.96622690513095,
eth_flow_0xb48f58a74dee__r7fam13__inst00__synth_merge_src1,bnb_flow_0xb61a598ea05e__synth_merge_dst,90.6441512700873,271.9324538102619,202,many_to_one,1.0,supervised_flow_pair,ETH,BNB,Poly,0x9e32b13ce7f2e80a01932b42553652e053d6ed8e,0xe552fb52a4f19e44ef5a967632dbc320b0820639,Metis,semi_synthetic_merge,,90.6441512700873,90.6441512700873,
eth_flow_0xb48f58a74dee__r7fam13__inst00__synth_merge_src2,bnb_flow_0xb61a598ea05e__synth_merge_dst,90.6441512700873,271.9324538102619,202,many_to_one,1.0,supervised_flow_pair,ETH,BNB,Poly,0x9e32b13ce7f2e80a01932b42553652e053d6ed8e,0xe552fb52a4f19e44ef5a967632dbc320b0820639,Metis,semi_synthetic_merge,,90.6441512700873,90.6441512700873,
eth_flow_0xb48f58a74dee__r7fam13__inst00__synth_merge_src3,bnb_flow_0xb61a598ea05e__synth_merge_dst,90.6441512700873,271.9324538102619,202,many_to_one,1.0,supervised_flow_pair,ETH,BNB,Poly,0x9e32b13ce7f2e80a01932b42553652e053d6ed8e,0xe552fb52a4f19e44ef5a967632dbc320b0820639,Metis,semi_synthetic_merge,,90.6441512700873,90.6441512700873,
eth_flow_0xb48f58a74dee__r7fam13__inst00__synth_unmatched_src,bnb_flow_0xb61a598ea05e__synth_hidden_dst,271.9324538102619,0,202,one_to_one,0.2,supervised_flow_pair,ETH,BNB,Poly,0x9e32b13ce7f2e80a01932b42553652e053d6ed8e,0xe552fb52a4f19e44ef5a967632dbc320b0820639,Metis,semi_synthetic_unmatched,,,0,0
eth_flow_0xb48f58a74dee__r7fam13__inst00__synth_noise_src_0,bnb_flow_0xb61a598ea05e__synth_noise_dst_0,271.9324538102619,271.9324538102619,262,one_to_one,0.2498,supervised_flow_pair,ETH,BNB,Poly,0x9e32b13ce7f2e80a01932b42553652e053d6ed8e,0xe552fb52a4f19e44ef5a967632dbc320b0820639,Metis,semi_synthetic_delay_noise,,,,
eth_flow_0xb48f58a74dee__r7fam13__inst00__synth_noise_src_1,bnb_flow_0xb61a598ea05e__synth_noise_dst_1,271.9324538102619,271.9324538102619,322,one_to_one,0.2373,supervised_flow_pair,ETH,BNB,Poly,0x9e32b13ce7f2e80a01932b42553652e053d6ed8e,0xe552fb52a4f19e44ef5a967632dbc320b0820639,Metis,semi_synthetic_delay_noise,,,,
eth_flow_0x8dd2156fc130__r7fam13__inst01__synth_split_src,bnb_flow_0xe695c4c96568__synth_split_a,210.36259050513775,26.29532381314222,224,one_to_many,0.95,supervised_flow_pair,ETH,BNB,Poly,0x9e32b13ce7f2e80a01932b42553652e053d6ed8e,0xe552fb52a4f19e44ef5a967632dbc320b0820639,Metis,semi_synthetic_split,1,26.29532381314222,26.29532381314222,
eth_flow_0x8dd2156fc130__r7fam13__inst01__synth_split_src,bnb_flow_0xe695c4c96568__synth_split_b,210.36259050513775,26.29532381314222,224,one_to_many,0.95,supervised_flow_pair,ETH,BNB,Poly,0x9e32b13ce7f2e80a01932b42553652e053d6ed8e,0xe552fb52a4f19e44ef5a967632dbc320b0820639,Metis,semi_synthetic_split,1,26.29532381314222,26.29532381314222,
eth_flow_0x8dd2156fc130__r7fam13__inst01__synth_split_src,bnb_flow_0xe695c4c96568__synth_split_c,210.36259050513775,26.29532381314222,224,one_to_many,0.95,supervised_flow_pair,ETH,BNB,Poly,0x9e32b13ce7f2e80a01932b42553652e053d6ed8e,0xe552fb52a4f19e44ef5a967632dbc320b0820639,Metis,semi_synthetic_split,1,26.29532381314222,26.29532381314222,
eth_flow_0x8dd2156fc130__r7fam13__inst01__synth_split_src,bnb_flow_0xe695c4c96568__synth_split_d,210.36259050513775,26.29532381314222,224,one_to_many,0.95,supervised_flow_pair,ETH,BNB,Poly,0x9e32b13ce7f2e80a01932b42553652e053d6ed8e,0xe552fb52a4f19e44ef5a967632dbc320b0820639,Metis,semi_synthetic_split,1,26.29532381314222,26.29532381314222,
eth_flow_0x8dd2156fc130__r7fam13__inst01__synth_split_src,bnb_flow_0xe695c4c96568__synth_split_e,210.36259050513775,26.29532381314222,224,one_to_many,0.95,supervised_flow_pair,ETH,BNB,Poly,0x9e32b13ce7f2e80a01932b42553652e053d6ed8e,0xe552fb52a4f19e44ef5a967632dbc320b0820639,Metis,semi_synthetic_split,1,26.29532381314222,26.29532381314222,
eth_flow_0x8dd2156fc130__r7fam13__inst01__synth_split_src,bnb_flow_0xe695c4c96568__synth_split_f,210.36259050513775,26.29532381314222,224,one_to_many,0.95,supervised_flow_pair,ETH,BNB,Poly,0x9e32b13ce7f2e80a01932b42553652e053d6ed8e,0xe552fb52a4f19e44ef5a967632dbc320b0820639,Metis,semi_synthetic_split,1,26.29532381314222,26.29532381314222,
eth_flow_0x8dd2156fc130__r7fam13__inst01__synth_split_src,bnb_flow_0xe695c4c96568__synth_split_g,210.36259050513775,26.29532381314222,224,one_to_many,0.95,supervised_flow_pair,ETH,BNB,Poly,0x9e32b13ce7f2e80a01932b42553652e053d6ed8e,0xe552fb52a4f19e44ef5a967632dbc320b0820639,Metis,semi_synthetic_split,1,26.29532381314222,26.29532381314222,
eth_flow_0x8dd2156fc130__r7fam13__inst01__synth_split_src,bnb_flow_0xe695c4c96568__synth_split_h,210.36259050513775,26.29532381314222,224,one_to_many,0.95,supervised_flow_pair,ETH,BNB,Poly,0x9e32b13ce7f2e80a01932b42553652e053d6ed8e,0xe552fb52a4f19e44ef5a967632dbc320b0820639,Metis,semi_synthetic_split,1,26.29532381314222,26.29532381314222,
eth_flow_0x8dd2156fc130__r7fam13__inst01__synth_merge_src1,bnb_flow_0xe695c4c96568__synth_merge_dst,105.18129525256887,210.36259050513775,224,many_to_one,1.0,supervised_flow_pair,ETH,BNB,Poly,0x9e32b13ce7f2e80a01932b42553652e053d6ed8e,0xe552fb52a4f19e44ef5a967632dbc320b0820639,Metis,semi_synthetic_merge,,105.18129525256887,105.18129525256887,
eth_flow_0x8dd2156fc130__r7fam13__inst01__synth_merge_src2,bnb_flow_0xe695c4c96568__synth_merge_dst,105.18129525256887,210.36259050513775,224,many_to_one,1.0,supervised_flow_pair,ETH,BNB,Poly,0x9e32b13ce7f2e80a01932b42553652e053d6ed8e,0xe552fb52a4f19e44ef5a967632dbc320b0820639,Metis,semi_synthetic_merge,,105.18129525256887,105.18129525256887,
eth_flow_0x8dd2156fc130__r7fam13__inst01__synth_unmatched_src,bnb_flow_0xe695c4c96568__synth_hidden_dst,210.36259050513777,0,224,one_to_one,0.2,supervised_flow_pair,ETH,BNB,Poly,0x9e32b13ce7f2e80a01932b42553652e053d6ed8e,0xe552fb52a4f19e44ef5a967632dbc320b0820639,Metis,semi_synthetic_unmatched,,,0,0
eth_flow_0x8dd2156fc130__r7fam13__inst01__synth_noise_src_0,bnb_flow_0xe695c4c96568__synth_noise_dst_0,210.36259050513777,210.36259050513777,284,one_to_one,0.2497,supervised_flow_pair,ETH,BNB,Poly,0x9e32b13ce7f2e80a01932b42553652e053d6ed8e,0xe552fb52a4f19e44ef5a967632dbc320b0820639,Metis,semi_synthetic_delay_noise,,,,
eth_flow_0x8dd2156fc130__r7fam13__inst01__synth_noise_src_1,bnb_flow_0xe695c4c96568__synth_noise_dst_1,210.36259050513777,210.36259050513777,344,one_to_one,0.2268,supervised_flow_pair,ETH,BNB,Poly,0x9e32b13ce7f2e80a01932b42553652e053d6ed8e,0xe552fb52a4f19e44ef5a967632dbc320b0820639,Metis,semi_synthetic_delay_noise,,,,
eth_flow_0xed61fd826483__r7fam14__inst00__synth_split_src,bnb_flow_0x74f7c8c4e010__synth_split_a,140.11999887637663,35.02999971909416,252,one_to_many,0.95,supervised_flow_pair,ETH,BNB,Poly,0xaf9f549774ecedbd0966c52f250acc548d3f36e5,0x69a1913d334b524ea1632461c78797c837ca9fa6,RFuel,semi_synthetic_split,1,35.02999971909416,35.02999971909416,
eth_flow_0xed61fd826483__r7fam14__inst00__synth_split_src,bnb_flow_0x74f7c8c4e010__synth_split_b,140.11999887637663,35.02999971909416,252,one_to_many,0.95,supervised_flow_pair,ETH,BNB,Poly,0xaf9f549774ecedbd0966c52f250acc548d3f36e5,0x69a1913d334b524ea1632461c78797c837ca9fa6,RFuel,semi_synthetic_split,1,35.02999971909416,35.02999971909416,
eth_flow_0xed61fd826483__r7fam14__inst00__synth_split_src,bnb_flow_0x74f7c8c4e010__synth_split_c,140.11999887637663,35.02999971909416,252,one_to_many,0.95,supervised_flow_pair,ETH,BNB,Poly,0xaf9f549774ecedbd0966c52f250acc548d3f36e5,0x69a1913d334b524ea1632461c78797c837ca9fa6,RFuel,semi_synthetic_split,1,35.02999971909416,35.02999971909416,
eth_flow_0xed61fd826483__r7fam14__inst00__synth_split_src,bnb_flow_0x74f7c8c4e010__synth_split_d,140.11999887637663,35.02999971909416,252,one_to_many,0.95,supervised_flow_pair,ETH,BNB,Poly,0xaf9f549774ecedbd0966c52f250acc548d3f36e5,0x69a1913d334b524ea1632461c78797c837ca9fa6,RFuel,semi_synthetic_split,1,35.02999971909416,35.02999971909416,
eth_flow_0xed61fd826483__r7fam14__inst00__synth_merge_src1,bnb_flow_0x74f7c8c4e010__synth_merge_dst,70.05999943818831,140.11999887637663,252,many_to_one,1.0,supervised_flow_pair,ETH,BNB,Poly,0xaf9f549774ecedbd0966c52f250acc548d3f36e5,0x69a1913d334b524ea1632461c78797c837ca9fa6,RFuel,semi_synthetic_merge,,70.05999943818831,70.05999943818831,
eth_flow_0xed61fd826483__r7fam14__inst00__synth_merge_src2,bnb_flow_0x74f7c8c4e010__synth_merge_dst,70.05999943818831,140.11999887637663,252,many_to_one,1.0,supervised_flow_pair,ETH,BNB,Poly,0xaf9f549774ecedbd0966c52f250acc548d3f36e5,0x69a1913d334b524ea1632461c78797c837ca9fa6,RFuel,semi_synthetic_merge,,70.05999943818831,70.05999943818831,
eth_flow_0xed61fd826483__r7fam14__inst00__synth_unmatched_src,bnb_flow_0x74f7c8c4e010__synth_hidden_dst,140.11999887637663,0,252,one_to_one,0.2,supervised_flow_pair,ETH,BNB,Poly,0xaf9f549774ecedbd0966c52f250acc548d3f36e5,0x69a1913d334b524ea1632461c78797c837ca9fa6,RFuel,semi_synthetic_unmatched,,,0,0
eth_flow_0xed61fd826483__r7fam14__inst00__synth_noise_src_0,bnb_flow_0x74f7c8c4e010__synth_noise_dst_0,140.11999887637663,140.11999887637663,312,one_to_one,0.2208,supervised_flow_pair,ETH,BNB,Poly,0xaf9f549774ecedbd0966c52f250acc548d3f36e5,0x69a1913d334b524ea1632461c78797c837ca9fa6,RFuel,semi_synthetic_delay_noise,,,,
eth_flow_0xed61fd826483__r7fam14__inst00__synth_noise_src_1,bnb_flow_0x74f7c8c4e010__synth_noise_dst_1,140.11999887637663,140.11999887637663,372,one_to_one,0.2395,supervised_flow_pair,ETH,BNB,Poly,0xaf9f549774ecedbd0966c52f250acc548d3f36e5,0x69a1913d334b524ea1632461c78797c837ca9fa6,RFuel,semi_synthetic_delay_noise,,,,
eth_flow_0xa89b25e55812__r7fam14__inst01__synth_split_src,bnb_flow_0x677501de8b5d__synth_split_a,203.54327090972356,67.84775696990785,238,one_to_many,0.95,supervised_flow_pair,ETH,BNB,Poly,0x4abb9cc67bd3da9eb966d1159a71a0e68bd15432,0x4e1b16ef22935a575a6811d4616f98c4077e4408,KEL,semi_synthetic_split,1,67.84775696990785,67.84775696990785,
eth_flow_0xa89b25e55812__r7fam14__inst01__synth_split_src,bnb_flow_0x677501de8b5d__synth_split_b,203.54327090972356,67.84775696990785,238,one_to_many,0.95,supervised_flow_pair,ETH,BNB,Poly,0x4abb9cc67bd3da9eb966d1159a71a0e68bd15432,0x4e1b16ef22935a575a6811d4616f98c4077e4408,KEL,semi_synthetic_split,1,67.84775696990785,67.84775696990785,
eth_flow_0xa89b25e55812__r7fam14__inst01__synth_split_src,bnb_flow_0x677501de8b5d__synth_split_c,203.54327090972356,67.84775696990785,238,one_to_many,0.95,supervised_flow_pair,ETH,BNB,Poly,0x4abb9cc67bd3da9eb966d1159a71a0e68bd15432,0x4e1b16ef22935a575a6811d4616f98c4077e4408,KEL,semi_synthetic_split,1,67.84775696990785,67.84775696990785,
eth_flow_0xa89b25e55812__r7fam14__inst01__synth_merge_src1,bnb_flow_0x677501de8b5d__synth_merge_dst,101.77163545486178,203.54327090972356,238,many_to_one,1.0,supervised_flow_pair,ETH,BNB,Poly,0x4abb9cc67bd3da9eb966d1159a71a0e68bd15432,0x4e1b16ef22935a575a6811d4616f98c4077e4408,KEL,semi_synthetic_merge,,101.77163545486178,101.77163545486178,
eth_flow_0xa89b25e55812__r7fam14__inst01__synth_merge_src2,bnb_flow_0x677501de8b5d__synth_merge_dst,101.77163545486178,203.54327090972356,238,many_to_one,1.0,supervised_flow_pair,ETH,BNB,Poly,0x4abb9cc67bd3da9eb966d1159a71a0e68bd15432,0x4e1b16ef22935a575a6811d4616f98c4077e4408,KEL,semi_synthetic_merge,,101.77163545486178,101.77163545486178,
eth_flow_0xa89b25e55812__r7fam14__inst01__synth_unmatched_src,bnb_flow_0x677501de8b5d__synth_hidden_dst,203.54327090972353,0,238,one_to_one,0.2,supervised_flow_pair,ETH,BNB,Poly,0x4abb9cc67bd3da9eb966d1159a71a0e68bd15432,0x4e1b16ef22935a575a6811d4616f98c4077e4408,KEL,semi_synthetic_unmatched,,,0,0
eth_flow_0xa89b25e55812__r7fam14__inst01__synth_noise_src_0,bnb_flow_0x677501de8b5d__synth_noise_dst_0,203.54327090972353,203.54327090972353,298,one_to_one,0.2472,supervised_flow_pair,ETH,BNB,Poly,0x4abb9cc67bd3da9eb966d1159a71a0e68bd15432,0x4e1b16ef22935a575a6811d4616f98c4077e4408,KEL,semi_synthetic_delay_noise,,,,
eth_flow_0xa89b25e55812__r7fam14__inst01__synth_noise_src_1,bnb_flow_0x677501de8b5d__synth_noise_dst_1,203.54327090972353,203.54327090972353,358,one_to_one,0.2404,supervised_flow_pair,ETH,BNB,Poly,0x4abb9cc67bd3da9eb966d1159a71a0e68bd15432,0x4e1b16ef22935a575a6811d4616f98c4077e4408,KEL,semi_synthetic_delay_noise,,,,
eth_flow_0xa02116244742__r7fam15__inst00__synth_split_src,bnb_flow_0xc7c829b2d6a2__synth_split_a,98.45941492840709,32.81980497613569,348,one_to_many,0.95,supervised_flow_pair,ETH,BNB,Poly,0x26c8afbbfe1ebaca03c2bb082e69d0476bffe099,0x0ffb06aabba09b1d6e9bd78d97791b0efac9536a,CELL,semi_synthetic_split,1,32.81980497613569,32.81980497613569,
eth_flow_0xa02116244742__r7fam15__inst00__synth_split_src,bnb_flow_0xc7c829b2d6a2__synth_split_b,98.45941492840709,32.81980497613569,348,one_to_many,0.95,supervised_flow_pair,ETH,BNB,Poly,0x26c8afbbfe1ebaca03c2bb082e69d0476bffe099,0x0ffb06aabba09b1d6e9bd78d97791b0efac9536a,CELL,semi_synthetic_split,1,32.81980497613569,32.81980497613569,
eth_flow_0xa02116244742__r7fam15__inst00__synth_split_src,bnb_flow_0xc7c829b2d6a2__synth_split_c,98.45941492840709,32.81980497613569,348,one_to_many,0.95,supervised_flow_pair,ETH,BNB,Poly,0x26c8afbbfe1ebaca03c2bb082e69d0476bffe099,0x0ffb06aabba09b1d6e9bd78d97791b0efac9536a,CELL,semi_synthetic_split,1,32.81980497613569,32.81980497613569,
eth_flow_0xa02116244742__r7fam15__inst00__synth_merge_src1,bnb_flow_0xc7c829b2d6a2__synth_merge_dst,49.22970746420354,98.45941492840709,348,many_to_one,1.0,supervised_flow_pair,ETH,BNB,Poly,0x26c8afbbfe1ebaca03c2bb082e69d0476bffe099,0x0ffb06aabba09b1d6e9bd78d97791b0efac9536a,CELL,semi_synthetic_merge,,49.22970746420354,49.22970746420354,
eth_flow_0xa02116244742__r7fam15__inst00__synth_merge_src2,bnb_flow_0xc7c829b2d6a2__synth_merge_dst,49.22970746420354,98.45941492840709,348,many_to_one,1.0,supervised_flow_pair,ETH,BNB,Poly,0x26c8afbbfe1ebaca03c2bb082e69d0476bffe099,0x0ffb06aabba09b1d6e9bd78d97791b0efac9536a,CELL,semi_synthetic_merge,,49.22970746420354,49.22970746420354,
eth_flow_0xa02116244742__r7fam15__inst00__synth_unmatched_src,bnb_flow_0xc7c829b2d6a2__synth_hidden_dst,98.45941492840707,0,348,one_to_one,0.2,supervised_flow_pair,ETH,BNB,Poly,0x26c8afbbfe1ebaca03c2bb082e69d0476bffe099,0x0ffb06aabba09b1d6e9bd78d97791b0efac9536a,CELL,semi_synthetic_unmatched,,,0,0
eth_flow_0xa02116244742__r7fam15__inst00__synth_noise_src_0,bnb_flow_0xc7c829b2d6a2__synth_noise_dst_0,98.45941492840707,98.45941492840707,408,one_to_one,0.2347,supervised_flow_pair,ETH,BNB,Poly,0x26c8afbbfe1ebaca03c2bb082e69d0476bffe099,0x0ffb06aabba09b1d6e9bd78d97791b0efac9536a,CELL,semi_synthetic_delay_noise,,,,
eth_flow_0xa02116244742__r7fam15__inst00__synth_noise_src_1,bnb_flow_0xc7c829b2d6a2__synth_noise_dst_1,98.45941492840707,98.45941492840707,468,one_to_one,0.2384,supervised_flow_pair,ETH,BNB,Poly,0x26c8afbbfe1ebaca03c2bb082e69d0476bffe099,0x0ffb06aabba09b1d6e9bd78d97791b0efac9536a,CELL,semi_synthetic_delay_noise,,,,
eth_flow_0xd7a69596cc3b__r7fam15__inst01__synth_split_src,bnb_flow_0x31f0868a0897__synth_split_a,301.2688959198724,150.6344479599362,345,one_to_many,0.95,supervised_flow_pair,ETH,BNB,Poly,0x9e32b13ce7f2e80a01932b42553652e053d6ed8e,0xe552fb52a4f19e44ef5a967632dbc320b0820639,Metis,semi_synthetic_split,1,150.6344479599362,150.6344479599362,
eth_flow_0xd7a69596cc3b__r7fam15__inst01__synth_split_src,bnb_flow_0x31f0868a0897__synth_split_b,301.2688959198724,150.6344479599362,345,one_to_many,0.95,supervised_flow_pair,ETH,BNB,Poly,0x9e32b13ce7f2e80a01932b42553652e053d6ed8e,0xe552fb52a4f19e44ef5a967632dbc320b0820639,Metis,semi_synthetic_split,1,150.6344479599362,150.6344479599362,
eth_flow_0xd7a69596cc3b__r7fam15__inst01__synth_merge_src1,bnb_flow_0x31f0868a0897__synth_merge_dst,150.6344479599362,301.2688959198724,345,many_to_one,1.0,supervised_flow_pair,ETH,BNB,Poly,0x9e32b13ce7f2e80a01932b42553652e053d6ed8e,0xe552fb52a4f19e44ef5a967632dbc320b0820639,Metis,semi_synthetic_merge,,150.6344479599362,150.6344479599362,
eth_flow_0xd7a69596cc3b__r7fam15__inst01__synth_merge_src2,bnb_flow_0x31f0868a0897__synth_merge_dst,150.6344479599362,301.2688959198724,345,many_to_one,1.0,supervised_flow_pair,ETH,BNB,Poly,0x9e32b13ce7f2e80a01932b42553652e053d6ed8e,0xe552fb52a4f19e44ef5a967632dbc320b0820639,Metis,semi_synthetic_merge,,150.6344479599362,150.6344479599362,
eth_flow_0xd7a69596cc3b__r7fam15__inst01__synth_unmatched_src,bnb_flow_0x31f0868a0897__synth_hidden_dst,301.2688959198724,0,345,one_to_one,0.2,supervised_flow_pair,ETH,BNB,Poly,0x9e32b13ce7f2e80a01932b42553652e053d6ed8e,0xe552fb52a4f19e44ef5a967632dbc320b0820639,Metis,semi_synthetic_unmatched,,,0,0
eth_flow_0xd7a69596cc3b__r7fam15__inst01__synth_noise_src_0,bnb_flow_0x31f0868a0897__synth_noise_dst_0,301.2688959198724,301.2688959198724,405,one_to_one,0.2509,supervised_flow_pair,ETH,BNB,Poly,0x9e32b13ce7f2e80a01932b42553652e053d6ed8e,0xe552fb52a4f19e44ef5a967632dbc320b0820639,Metis,semi_synthetic_delay_noise,,,,
eth_flow_0xd7a69596cc3b__r7fam15__inst01__synth_noise_src_1,bnb_flow_0x31f0868a0897__synth_noise_dst_1,301.2688959198724,301.2688959198724,465,one_to_one,0.2573,supervised_flow_pair,ETH,BNB,Poly,0x9e32b13ce7f2e80a01932b42553652e053d6ed8e,0xe552fb52a4f19e44ef5a967632dbc320b0820639,Metis,semi_synthetic_delay_noise,,,,
eth_flow_0x9f9ecb4e7239__r7fam16__inst00__synth_split_src,bnb_flow_0x35962c00e1b9__synth_split_a,206.66866489579905,103.33433244789953,1015,one_to_many,0.95,supervised_flow_pair,ETH,BNB,Poly,0x9e32b13ce7f2e80a01932b42553652e053d6ed8e,0xe552fb52a4f19e44ef5a967632dbc320b0820639,Metis,semi_synthetic_split,1,103.33433244789953,103.33433244789953,
eth_flow_0x9f9ecb4e7239__r7fam16__inst00__synth_split_src,bnb_flow_0x35962c00e1b9__synth_split_b,206.66866489579905,103.33433244789953,1015,one_to_many,0.95,supervised_flow_pair,ETH,BNB,Poly,0x9e32b13ce7f2e80a01932b42553652e053d6ed8e,0xe552fb52a4f19e44ef5a967632dbc320b0820639,Metis,semi_synthetic_split,1,103.33433244789953,103.33433244789953,
eth_flow_0x9f9ecb4e7239__r7fam16__inst00__synth_merge_src1,bnb_flow_0x35962c00e1b9__synth_merge_dst,103.33433244789953,206.66866489579905,1015,many_to_one,1.0,supervised_flow_pair,ETH,BNB,Poly,0x9e32b13ce7f2e80a01932b42553652e053d6ed8e,0xe552fb52a4f19e44ef5a967632dbc320b0820639,Metis,semi_synthetic_merge,,103.33433244789953,103.33433244789953,
eth_flow_0x9f9ecb4e7239__r7fam16__inst00__synth_merge_src2,bnb_flow_0x35962c00e1b9__synth_merge_dst,103.33433244789953,206.66866489579905,1015,many_to_one,1.0,supervised_flow_pair,ETH,BNB,Poly,0x9e32b13ce7f2e80a01932b42553652e053d6ed8e,0xe552fb52a4f19e44ef5a967632dbc320b0820639,Metis,semi_synthetic_merge,,103.33433244789953,103.33433244789953,
eth_flow_0x9f9ecb4e7239__r7fam16__inst00__synth_unmatched_src,bnb_flow_0x35962c00e1b9__synth_hidden_dst,206.66866489579903,0,1015,one_to_one,0.2,supervised_flow_pair,ETH,BNB,Poly,0x9e32b13ce7f2e80a01932b42553652e053d6ed8e,0xe552fb52a4f19e44ef5a967632dbc320b0820639,Metis,semi_synthetic_unmatched,,,0,0
eth_flow_0x9f9ecb4e7239__r7fam16__inst00__synth_noise_src_0,bnb_flow_0x35962c00e1b9__synth_noise_dst_0,206.66866489579903,206.66866489579903,1075,one_to_one,0.2485,supervised_flow_pair,ETH,BNB,Poly,0x9e32b13ce7f2e80a01932b42553652e053d6ed8e,0xe552fb52a4f19e44ef5a967632dbc320b0820639,Metis,semi_synthetic_delay_noise,,,,
eth_flow_0x9f9ecb4e7239__r7fam16__inst00__synth_noise_src_1,bnb_flow_0x35962c00e1b9__synth_noise_dst_1,206.66866489579903,206.66866489579903,1135,one_to_one,0.2486,supervised_flow_pair,ETH,BNB,Poly,0x9e32b13ce7f2e80a01932b42553652e053d6ed8e,0xe552fb52a4f19e44ef5a967632dbc320b0820639,Metis,semi_synthetic_delay_noise,,,,
eth_flow_0xcec6b2f51c51__r7fam16__inst01__synth_split_src,bnb_flow_0x3b29c1d09974__synth_split_a,111.90514784456568,55.95257392228284,987,one_to_many,0.95,supervised_flow_pair,ETH,BNB,Poly,0x4abb9cc67bd3da9eb966d1159a71a0e68bd15432,0x4e1b16ef22935a575a6811d4616f98c4077e4408,KEL,semi_synthetic_split,1,55.95257392228284,55.95257392228284,
eth_flow_0xcec6b2f51c51__r7fam16__inst01__synth_split_src,bnb_flow_0x3b29c1d09974__synth_split_b,111.90514784456568,55.95257392228284,987,one_to_many,0.95,supervised_flow_pair,ETH,BNB,Poly,0x4abb9cc67bd3da9eb966d1159a71a0e68bd15432,0x4e1b16ef22935a575a6811d4616f98c4077e4408,KEL,semi_synthetic_split,1,55.95257392228284,55.95257392228284,
eth_flow_0xcec6b2f51c51__r7fam16__inst01__synth_merge_src1,bnb_flow_0x3b29c1d09974__synth_merge_dst,55.95257392228284,111.90514784456568,987,many_to_one,1.0,supervised_flow_pair,ETH,BNB,Poly,0x4abb9cc67bd3da9eb966d1159a71a0e68bd15432,0x4e1b16ef22935a575a6811d4616f98c4077e4408,KEL,semi_synthetic_merge,,55.95257392228284,55.95257392228284,
eth_flow_0xcec6b2f51c51__r7fam16__inst01__synth_merge_src2,bnb_flow_0x3b29c1d09974__synth_merge_dst,55.95257392228284,111.90514784456568,987,many_to_one,1.0,supervised_flow_pair,ETH,BNB,Poly,0x4abb9cc67bd3da9eb966d1159a71a0e68bd15432,0x4e1b16ef22935a575a6811d4616f98c4077e4408,KEL,semi_synthetic_merge,,55.95257392228284,55.95257392228284,
eth_flow_0xcec6b2f51c51__r7fam16__inst01__synth_unmatched_src,bnb_flow_0x3b29c1d09974__synth_hidden_dst,111.90514784456568,0,987,one_to_one,0.2,supervised_flow_pair,ETH,BNB,Poly,0x4abb9cc67bd3da9eb966d1159a71a0e68bd15432,0x4e1b16ef22935a575a6811d4616f98c4077e4408,KEL,semi_synthetic_unmatched,,,0,0
eth_flow_0xcec6b2f51c51__r7fam16__inst01__synth_noise_src_0,bnb_flow_0x3b29c1d09974__synth_noise_dst_0,111.90514784456568,111.90514784456568,1047,one_to_one,0.2315,supervised_flow_pair,ETH,BNB,Poly,0x4abb9cc67bd3da9eb966d1159a71a0e68bd15432,0x4e1b16ef22935a575a6811d4616f98c4077e4408,KEL,semi_synthetic_delay_noise,,,,
eth_flow_0xcec6b2f51c51__r7fam16__inst01__synth_noise_src_1,bnb_flow_0x3b29c1d09974__synth_noise_dst_1,111.90514784456568,111.90514784456568,1107,one_to_one,0.2285,supervised_flow_pair,ETH,BNB,Poly,0x4abb9cc67bd3da9eb966d1159a71a0e68bd15432,0x4e1b16ef22935a575a6811d4616f98c4077e4408,KEL,semi_synthetic_delay_noise,,,,
eth_flow_0x22428e167810__r7fam17__inst00__synth_split_src,bnb_flow_0xc636abca1181__synth_split_a,88.18070702564832,22.04517675641208,1081,one_to_many,0.95,supervised_flow_pair,ETH,BNB,Poly,0xaf9f549774ecedbd0966c52f250acc548d3f36e5,0x69a1913d334b524ea1632461c78797c837ca9fa6,RFuel,semi_synthetic_split,1,22.04517675641208,22.04517675641208,
eth_flow_0x22428e167810__r7fam17__inst00__synth_split_src,bnb_flow_0xc636abca1181__synth_split_b,88.18070702564832,22.04517675641208,1081,one_to_many,0.95,supervised_flow_pair,ETH,BNB,Poly,0xaf9f549774ecedbd0966c52f250acc548d3f36e5,0x69a1913d334b524ea1632461c78797c837ca9fa6,RFuel,semi_synthetic_split,1,22.04517675641208,22.04517675641208,
eth_flow_0x22428e167810__r7fam17__inst00__synth_split_src,bnb_flow_0xc636abca1181__synth_split_c,88.18070702564832,22.04517675641208,1081,one_to_many,0.95,supervised_flow_pair,ETH,BNB,Poly,0xaf9f549774ecedbd0966c52f250acc548d3f36e5,0x69a1913d334b524ea1632461c78797c837ca9fa6,RFuel,semi_synthetic_split,1,22.04517675641208,22.04517675641208,
eth_flow_0x22428e167810__r7fam17__inst00__synth_split_src,bnb_flow_0xc636abca1181__synth_split_d,88.18070702564832,22.04517675641208,1081,one_to_many,0.95,supervised_flow_pair,ETH,BNB,Poly,0xaf9f549774ecedbd0966c52f250acc548d3f36e5,0x69a1913d334b524ea1632461c78797c837ca9fa6,RFuel,semi_synthetic_split,1,22.04517675641208,22.04517675641208,
eth_flow_0x22428e167810__r7fam17__inst00__synth_merge_src1,bnb_flow_0xc636abca1181__synth_merge_dst,44.09035351282416,88.18070702564832,1081,many_to_one,1.0,supervised_flow_pair,ETH,BNB,Poly,0xaf9f549774ecedbd0966c52f250acc548d3f36e5,0x69a1913d334b524ea1632461c78797c837ca9fa6,RFuel,semi_synthetic_merge,,44.09035351282416,44.09035351282416,
eth_flow_0x22428e167810__r7fam17__inst00__synth_merge_src2,bnb_flow_0xc636abca1181__synth_merge_dst,44.09035351282416,88.18070702564832,1081,many_to_one,1.0,supervised_flow_pair,ETH,BNB,Poly,0xaf9f549774ecedbd0966c52f250acc548d3f36e5,0x69a1913d334b524ea1632461c78797c837ca9fa6,RFuel,semi_synthetic_merge,,44.09035351282416,44.09035351282416,
eth_flow_0x22428e167810__r7fam17__inst00__synth_unmatched_src,bnb_flow_0xc636abca1181__synth_hidden_dst,88.18070702564832,0,1081,one_to_one,0.2,supervised_flow_pair,ETH,BNB,Poly,0xaf9f549774ecedbd0966c52f250acc548d3f36e5,0x69a1913d334b524ea1632461c78797c837ca9fa6,RFuel,semi_synthetic_unmatched,,,0,0
eth_flow_0x22428e167810__r7fam17__inst00__synth_noise_src_0,bnb_flow_0xc636abca1181__synth_noise_dst_0,88.18070702564832,88.18070702564832,1141,one_to_one,0.2402,supervised_flow_pair,ETH,BNB,Poly,0xaf9f549774ecedbd0966c52f250acc548d3f36e5,0x69a1913d334b524ea1632461c78797c837ca9fa6,RFuel,semi_synthetic_delay_noise,,,,
eth_flow_0x22428e167810__r7fam17__inst00__synth_noise_src_1,bnb_flow_0xc636abca1181__synth_noise_dst_1,88.18070702564832,88.18070702564832,1201,one_to_one,0.2247,supervised_flow_pair,ETH,BNB,Poly,0xaf9f549774ecedbd0966c52f250acc548d3f36e5,0x69a1913d334b524ea1632461c78797c837ca9fa6,RFuel,semi_synthetic_delay_noise,,,,
eth_flow_0x2d2b4f507553__r7fam17__inst01__synth_split_src,bnb_flow_0xf25558dde4ee__synth_split_a,100.55538663662796,50.27769331831398,1049,one_to_many,0.95,supervised_flow_pair,ETH,BNB,Poly,0xaf9f549774ecedbd0966c52f250acc548d3f36e5,0x69a1913d334b524ea1632461c78797c837ca9fa6,RFuel,semi_synthetic_split,1,50.27769331831398,50.27769331831398,
eth_flow_0x2d2b4f507553__r7fam17__inst01__synth_split_src,bnb_flow_0xf25558dde4ee__synth_split_b,100.55538663662796,50.27769331831398,1049,one_to_many,0.95,supervised_flow_pair,ETH,BNB,Poly,0xaf9f549774ecedbd0966c52f250acc548d3f36e5,0x69a1913d334b524ea1632461c78797c837ca9fa6,RFuel,semi_synthetic_split,1,50.27769331831398,50.27769331831398,
eth_flow_0x2d2b4f507553__r7fam17__inst01__synth_merge_src1,bnb_flow_0xf25558dde4ee__synth_merge_dst,50.27769331831398,100.55538663662796,1049,many_to_one,1.0,supervised_flow_pair,ETH,BNB,Poly,0xaf9f549774ecedbd0966c52f250acc548d3f36e5,0x69a1913d334b524ea1632461c78797c837ca9fa6,RFuel,semi_synthetic_merge,,50.27769331831398,50.27769331831398,
eth_flow_0x2d2b4f507553__r7fam17__inst01__synth_merge_src2,bnb_flow_0xf25558dde4ee__synth_merge_dst,50.27769331831398,100.55538663662796,1049,many_to_one,1.0,supervised_flow_pair,ETH,BNB,Poly,0xaf9f549774ecedbd0966c52f250acc548d3f36e5,0x69a1913d334b524ea1632461c78797c837ca9fa6,RFuel,semi_synthetic_merge,,50.27769331831398,50.27769331831398,
eth_flow_0x2d2b4f507553__r7fam17__inst01__synth_unmatched_src,bnb_flow_0xf25558dde4ee__synth_hidden_dst,100.55538663662796,0,1049,one_to_one,0.2,supervised_flow_pair,ETH,BNB,Poly,0xaf9f549774ecedbd0966c52f250acc548d3f36e5,0x69a1913d334b524ea1632461c78797c837ca9fa6,RFuel,semi_synthetic_unmatched,,,0,0
eth_flow_0x2d2b4f507553__r7fam17__inst01__synth_noise_src_0,bnb_flow_0xf25558dde4ee__synth_noise_dst_0,100.55538663662796,100.55538663662796,1109,one_to_one,0.2214,supervised_flow_pair,ETH,BNB,Poly,0xaf9f549774ecedbd0966c52f250acc548d3f36e5,0x69a1913d334b524ea1632461c78797c837ca9fa6,RFuel,semi_synthetic_delay_noise,,,,
eth_flow_0x2d2b4f507553__r7fam17__inst01__synth_noise_src_1,bnb_flow_0xf25558dde4ee__synth_noise_dst_1,100.55538663662796,100.55538663662796,1169,one_to_one,0.2505,supervised_flow_pair,ETH,BNB,Poly,0xaf9f549774ecedbd0966c52f250acc548d3f36e5,0x69a1913d334b524ea1632461c78797c837ca9fa6,RFuel,semi_synthetic_delay_noise,,,,
eth_flow_0xd669b1ed1133__r7fam18__inst00__synth_split_src,bnb_flow_0x735001446ed3__synth_split_a,407.8986807153928,135.96622690513092,150,one_to_many,0.95,supervised_flow_pair,ETH,BNB,Poly,0x9e32b13ce7f2e80a01932b42553652e053d6ed8e,0xe552fb52a4f19e44ef5a967632dbc320b0820639,Metis,semi_synthetic_split,1,135.96622690513092,135.96622690513092,
eth_flow_0xd669b1ed1133__r7fam18__inst00__synth_split_src,bnb_flow_0x735001446ed3__synth_split_b,407.8986807153928,135.96622690513092,150,one_to_many,0.95,supervised_flow_pair,ETH,BNB,Poly,0x9e32b13ce7f2e80a01932b42553652e053d6ed8e,0xe552fb52a4f19e44ef5a967632dbc320b0820639,Metis,semi_synthetic_split,1,135.96622690513092,135.96622690513092,
eth_flow_0xd669b1ed1133__r7fam18__inst00__synth_split_src,bnb_flow_0x735001446ed3__synth_split_c,407.8986807153928,135.96622690513092,150,one_to_many,0.95,supervised_flow_pair,ETH,BNB,Poly,0x9e32b13ce7f2e80a01932b42553652e053d6ed8e,0xe552fb52a4f19e44ef5a967632dbc320b0820639,Metis,semi_synthetic_split,1,135.96622690513092,135.96622690513092,
eth_flow_0xd669b1ed1133__r7fam18__inst00__synth_merge_src1,bnb_flow_0x735001446ed3__synth_merge_dst,203.9493403576964,407.8986807153928,150,many_to_one,1.0,supervised_flow_pair,ETH,BNB,Poly,0x9e32b13ce7f2e80a01932b42553652e053d6ed8e,0xe552fb52a4f19e44ef5a967632dbc320b0820639,Metis,semi_synthetic_merge,,203.9493403576964,203.9493403576964,
eth_flow_0xd669b1ed1133__r7fam18__inst00__synth_merge_src2,bnb_flow_0x735001446ed3__synth_merge_dst,203.9493403576964,407.8986807153928,150,many_to_one,1.0,supervised_flow_pair,ETH,BNB,Poly,0x9e32b13ce7f2e80a01932b42553652e053d6ed8e,0xe552fb52a4f19e44ef5a967632dbc320b0820639,Metis,semi_synthetic_merge,,203.9493403576964,203.9493403576964,
eth_flow_0xd669b1ed1133__r7fam18__inst00__synth_unmatched_src,bnb_flow_0x735001446ed3__synth_hidden_dst,407.8986807153928,0,150,one_to_one,0.2,supervised_flow_pair,ETH,BNB,Poly,0x9e32b13ce7f2e80a01932b42553652e053d6ed8e,0xe552fb52a4f19e44ef5a967632dbc320b0820639,Metis,semi_synthetic_unmatched,,,0,0
eth_flow_0xd669b1ed1133__r7fam18__inst00__synth_noise_src_0,bnb_flow_0x735001446ed3__synth_noise_dst_0,407.8986807153928,407.8986807153928,210,one_to_one,0.2395,supervised_flow_pair,ETH,BNB,Poly,0x9e32b13ce7f2e80a01932b42553652e053d6ed8e,0xe552fb52a4f19e44ef5a967632dbc320b0820639,Metis,semi_synthetic_delay_noise,,,,
eth_flow_0xd669b1ed1133__r7fam18__inst00__synth_noise_src_1,bnb_flow_0x735001446ed3__synth_noise_dst_1,407.8986807153928,407.8986807153928,270,one_to_one,0.2405,supervised_flow_pair,ETH,BNB,Poly,0x9e32b13ce7f2e80a01932b42553652e053d6ed8e,0xe552fb52a4f19e44ef5a967632dbc320b0820639,Metis,semi_synthetic_delay_noise,,,,
eth_flow_0x265be8b6e890__r7fam18__inst01__synth_split_src,bnb_flow_0x8151a7025d77__synth_split_a,466.0786292080984,116.5196573020246,154,one_to_many,0.95,supervised_flow_pair,ETH,BNB,Poly,0x9e32b13ce7f2e80a01932b42553652e053d6ed8e,0xe552fb52a4f19e44ef5a967632dbc320b0820639,Metis,semi_synthetic_split,1,116.5196573020246,116.5196573020246,
eth_flow_0x265be8b6e890__r7fam18__inst01__synth_split_src,bnb_flow_0x8151a7025d77__synth_split_b,466.0786292080984,116.5196573020246,154,one_to_many,0.95,supervised_flow_pair,ETH,BNB,Poly,0x9e32b13ce7f2e80a01932b42553652e053d6ed8e,0xe552fb52a4f19e44ef5a967632dbc320b0820639,Metis,semi_synthetic_split,1,116.5196573020246,116.5196573020246,
eth_flow_0x265be8b6e890__r7fam18__inst01__synth_split_src,bnb_flow_0x8151a7025d77__synth_split_c,466.0786292080984,116.5196573020246,154,one_to_many,0.95,supervised_flow_pair,ETH,BNB,Poly,0x9e32b13ce7f2e80a01932b42553652e053d6ed8e,0xe552fb52a4f19e44ef5a967632dbc320b0820639,Metis,semi_synthetic_split,1,116.5196573020246,116.5196573020246,
eth_flow_0x265be8b6e890__r7fam18__inst01__synth_split_src,bnb_flow_0x8151a7025d77__synth_split_d,466.0786292080984,116.5196573020246,154,one_to_many,0.95,supervised_flow_pair,ETH,BNB,Poly,0x9e32b13ce7f2e80a01932b42553652e053d6ed8e,0xe552fb52a4f19e44ef5a967632dbc320b0820639,Metis,semi_synthetic_split,1,116.5196573020246,116.5196573020246,
eth_flow_0x265be8b6e890__r7fam18__inst01__synth_merge_src1,bnb_flow_0x8151a7025d77__synth_merge_dst,233.0393146040492,466.0786292080984,154,many_to_one,1.0,supervised_flow_pair,ETH,BNB,Poly,0x9e32b13ce7f2e80a01932b42553652e053d6ed8e,0xe552fb52a4f19e44ef5a967632dbc320b0820639,Metis,semi_synthetic_merge,,233.0393146040492,233.0393146040492,
eth_flow_0x265be8b6e890__r7fam18__inst01__synth_merge_src2,bnb_flow_0x8151a7025d77__synth_merge_dst,233.0393146040492,466.0786292080984,154,many_to_one,1.0,supervised_flow_pair,ETH,BNB,Poly,0x9e32b13ce7f2e80a01932b42553652e053d6ed8e,0xe552fb52a4f19e44ef5a967632dbc320b0820639,Metis,semi_synthetic_merge,,233.0393146040492,233.0393146040492,
eth_flow_0x265be8b6e890__r7fam18__inst01__synth_unmatched_src,bnb_flow_0x8151a7025d77__synth_hidden_dst,466.0786292080984,0,154,one_to_one,0.2,supervised_flow_pair,ETH,BNB,Poly,0x9e32b13ce7f2e80a01932b42553652e053d6ed8e,0xe552fb52a4f19e44ef5a967632dbc320b0820639,Metis,semi_synthetic_unmatched,,,0,0
eth_flow_0x265be8b6e890__r7fam18__inst01__synth_noise_src_0,bnb_flow_0x8151a7025d77__synth_noise_dst_0,466.0786292080984,466.0786292080984,214,one_to_one,0.2295,supervised_flow_pair,ETH,BNB,Poly,0x9e32b13ce7f2e80a01932b42553652e053d6ed8e,0xe552fb52a4f19e44ef5a967632dbc320b0820639,Metis,semi_synthetic_delay_noise,,,,
eth_flow_0x265be8b6e890__r7fam18__inst01__synth_noise_src_1,bnb_flow_0x8151a7025d77__synth_noise_dst_1,466.0786292080984,466.0786292080984,274,one_to_one,0.2338,supervised_flow_pair,ETH,BNB,Poly,0x9e32b13ce7f2e80a01932b42553652e053d6ed8e,0xe552fb52a4f19e44ef5a967632dbc320b0820639,Metis,semi_synthetic_delay_noise,,,,
eth_flow_0x172a6e327207__r7fam19__inst00__synth_split_src,bnb_flow_0x0ba018475f7a__synth_split_a,356.858903117188,89.214725779297,223,one_to_many,0.95,supervised_flow_pair,ETH,BNB,Poly,0x9e32b13ce7f2e80a01932b42553652e053d6ed8e,0xe552fb52a4f19e44ef5a967632dbc320b0820639,Metis,semi_synthetic_split,1,89.214725779297,89.214725779297,
eth_flow_0x172a6e327207__r7fam19__inst00__synth_split_src,bnb_flow_0x0ba018475f7a__synth_split_b,356.858903117188,89.214725779297,223,one_to_many,0.95,supervised_flow_pair,ETH,BNB,Poly,0x9e32b13ce7f2e80a01932b42553652e053d6ed8e,0xe552fb52a4f19e44ef5a967632dbc320b0820639,Metis,semi_synthetic_split,1,89.214725779297,89.214725779297,
eth_flow_0x172a6e327207__r7fam19__inst00__synth_split_src,bnb_flow_0x0ba018475f7a__synth_split_c,356.858903117188,89.214725779297,223,one_to_many,0.95,supervised_flow_pair,ETH,BNB,Poly,0x9e32b13ce7f2e80a01932b42553652e053d6ed8e,0xe552fb52a4f19e44ef5a967632dbc320b0820639,Metis,semi_synthetic_split,1,89.214725779297,89.214725779297,
eth_flow_0x172a6e327207__r7fam19__inst00__synth_split_src,bnb_flow_0x0ba018475f7a__synth_split_d,356.858903117188,89.214725779297,223,one_to_many,0.95,supervised_flow_pair,ETH,BNB,Poly,0x9e32b13ce7f2e80a01932b42553652e053d6ed8e,0xe552fb52a4f19e44ef5a967632dbc320b0820639,Metis,semi_synthetic_split,1,89.214725779297,89.214725779297,
eth_flow_0x172a6e327207__r7fam19__inst00__synth_merge_src1,bnb_flow_0x0ba018475f7a__synth_merge_dst,178.429451558594,356.858903117188,223,many_to_one,1.0,supervised_flow_pair,ETH,BNB,Poly,0x9e32b13ce7f2e80a01932b42553652e053d6ed8e,0xe552fb52a4f19e44ef5a967632dbc320b0820639,Metis,semi_synthetic_merge,,178.429451558594,178.429451558594,
eth_flow_0x172a6e327207__r7fam19__inst00__synth_merge_src2,bnb_flow_0x0ba018475f7a__synth_merge_dst,178.429451558594,356.858903117188,223,many_to_one,1.0,supervised_flow_pair,ETH,BNB,Poly,0x9e32b13ce7f2e80a01932b42553652e053d6ed8e,0xe552fb52a4f19e44ef5a967632dbc320b0820639,Metis,semi_synthetic_merge,,178.429451558594,178.429451558594,
eth_flow_0x172a6e327207__r7fam19__inst00__synth_unmatched_src,bnb_flow_0x0ba018475f7a__synth_hidden_dst,356.858903117188,0,223,one_to_one,0.2,supervised_flow_pair,ETH,BNB,Poly,0x9e32b13ce7f2e80a01932b42553652e053d6ed8e,0xe552fb52a4f19e44ef5a967632dbc320b0820639,Metis,semi_synthetic_unmatched,,,0,0
eth_flow_0x172a6e327207__r7fam19__inst00__synth_noise_src_0,bnb_flow_0x0ba018475f7a__synth_noise_dst_0,356.858903117188,356.858903117188,283,one_to_one,0.24,supervised_flow_pair,ETH,BNB,Poly,0x9e32b13ce7f2e80a01932b42553652e053d6ed8e,0xe552fb52a4f19e44ef5a967632dbc320b0820639,Metis,semi_synthetic_delay_noise,,,,
eth_flow_0x172a6e327207__r7fam19__inst00__synth_noise_src_1,bnb_flow_0x0ba018475f7a__synth_noise_dst_1,356.858903117188,356.858903117188,343,one_to_one,0.255,supervised_flow_pair,ETH,BNB,Poly,0x9e32b13ce7f2e80a01932b42553652e053d6ed8e,0xe552fb52a4f19e44ef5a967632dbc320b0820639,Metis,semi_synthetic_delay_noise,,,,
eth_flow_0xa862f2a4e378__r7fam19__inst01__synth_split_src,bnb_flow_0x84442f20a202__synth_split_a,640.356227089023,320.1781135445115,198,one_to_many,0.95,supervised_flow_pair,ETH,BNB,Poly,0x9e32b13ce7f2e80a01932b42553652e053d6ed8e,0xe552fb52a4f19e44ef5a967632dbc320b0820639,Metis,semi_synthetic_split,1,320.1781135445115,320.1781135445115,
eth_flow_0xa862f2a4e378__r7fam19__inst01__synth_split_src,bnb_flow_0x84442f20a202__synth_split_b,640.356227089023,320.1781135445115,198,one_to_many,0.95,supervised_flow_pair,ETH,BNB,Poly,0x9e32b13ce7f2e80a01932b42553652e053d6ed8e,0xe552fb52a4f19e44ef5a967632dbc320b0820639,Metis,semi_synthetic_split,1,320.1781135445115,320.1781135445115,
eth_flow_0xa862f2a4e378__r7fam19__inst01__synth_merge_src1,bnb_flow_0x84442f20a202__synth_merge_dst,320.1781135445115,640.356227089023,198,many_to_one,1.0,supervised_flow_pair,ETH,BNB,Poly,0x9e32b13ce7f2e80a01932b42553652e053d6ed8e,0xe552fb52a4f19e44ef5a967632dbc320b0820639,Metis,semi_synthetic_merge,,320.1781135445115,320.1781135445115,
eth_flow_0xa862f2a4e378__r7fam19__inst01__synth_merge_src2,bnb_flow_0x84442f20a202__synth_merge_dst,320.1781135445115,640.356227089023,198,many_to_one,1.0,supervised_flow_pair,ETH,BNB,Poly,0x9e32b13ce7f2e80a01932b42553652e053d6ed8e,0xe552fb52a4f19e44ef5a967632dbc320b0820639,Metis,semi_synthetic_merge,,320.1781135445115,320.1781135445115,
eth_flow_0xa862f2a4e378__r7fam19__inst01__synth_unmatched_src,bnb_flow_0x84442f20a202__synth_hidden_dst,640.356227089023,0,198,one_to_one,0.2,supervised_flow_pair,ETH,BNB,Poly,0x9e32b13ce7f2e80a01932b42553652e053d6ed8e,0xe552fb52a4f19e44ef5a967632dbc320b0820639,Metis,semi_synthetic_unmatched,,,0,0
eth_flow_0xa862f2a4e378__r7fam19__inst01__synth_noise_src_0,bnb_flow_0x84442f20a202__synth_noise_dst_0,640.356227089023,640.356227089023,258,one_to_one,0.2327,supervised_flow_pair,ETH,BNB,Poly,0x9e32b13ce7f2e80a01932b42553652e053d6ed8e,0xe552fb52a4f19e44ef5a967632dbc320b0820639,Metis,semi_synthetic_delay_noise,,,,
eth_flow_0xa862f2a4e378__r7fam19__inst01__synth_noise_src_1,bnb_flow_0x84442f20a202__synth_noise_dst_1,640.356227089023,640.356227089023,318,one_to_one,0.2348,supervised_flow_pair,ETH,BNB,Poly,0x9e32b13ce7f2e80a01932b42553652e053d6ed8e,0xe552fb52a4f19e44ef5a967632dbc320b0820639,Metis,semi_synthetic_delay_noise,,,,
eth_flow_0xc7db89deaf3e__r7fam20__inst00__synth_split_src,bnb_flow_0x37f5519c7d98__synth_split_a,413.1095902028221,206.55479510141106,228,one_to_many,0.95,supervised_flow_pair,ETH,BNB,Poly,0x9e32b13ce7f2e80a01932b42553652e053d6ed8e,0xe552fb52a4f19e44ef5a967632dbc320b0820639,Metis,semi_synthetic_split,1,206.55479510141106,206.55479510141106,
eth_flow_0xc7db89deaf3e__r7fam20__inst00__synth_split_src,bnb_flow_0x37f5519c7d98__synth_split_b,413.1095902028221,206.55479510141106,228,one_to_many,0.95,supervised_flow_pair,ETH,BNB,Poly,0x9e32b13ce7f2e80a01932b42553652e053d6ed8e,0xe552fb52a4f19e44ef5a967632dbc320b0820639,Metis,semi_synthetic_split,1,206.55479510141106,206.55479510141106,
eth_flow_0xc7db89deaf3e__r7fam20__inst00__synth_merge_src1,bnb_flow_0x37f5519c7d98__synth_merge_dst,206.55479510141106,413.1095902028221,228,many_to_one,1.0,supervised_flow_pair,ETH,BNB,Poly,0x9e32b13ce7f2e80a01932b42553652e053d6ed8e,0xe552fb52a4f19e44ef5a967632dbc320b0820639,Metis,semi_synthetic_merge,,206.55479510141106,206.55479510141106,
eth_flow_0xc7db89deaf3e__r7fam20__inst00__synth_merge_src2,bnb_flow_0x37f5519c7d98__synth_merge_dst,206.55479510141106,413.1095902028221,228,many_to_one,1.0,supervised_flow_pair,ETH,BNB,Poly,0x9e32b13ce7f2e80a01932b42553652e053d6ed8e,0xe552fb52a4f19e44ef5a967632dbc320b0820639,Metis,semi_synthetic_merge,,206.55479510141106,206.55479510141106,
eth_flow_0xc7db89deaf3e__r7fam20__inst00__synth_unmatched_src,bnb_flow_0x37f5519c7d98__synth_hidden_dst,413.1095902028221,0,228,one_to_one,0.2,supervised_flow_pair,ETH,BNB,Poly,0x9e32b13ce7f2e80a01932b42553652e053d6ed8e,0xe552fb52a4f19e44ef5a967632dbc320b0820639,Metis,semi_synthetic_unmatched,,,0,0
eth_flow_0xc7db89deaf3e__r7fam20__inst00__synth_noise_src_0,bnb_flow_0x37f5519c7d98__synth_noise_dst_0,413.1095902028221,413.1095902028221,288,one_to_one,0.2406,supervised_flow_pair,ETH,BNB,Poly,0x9e32b13ce7f2e80a01932b42553652e053d6ed8e,0xe552fb52a4f19e44ef5a967632dbc320b0820639,Metis,semi_synthetic_delay_noise,,,,
eth_flow_0xc7db89deaf3e__r7fam20__inst00__synth_noise_src_1,bnb_flow_0x37f5519c7d98__synth_noise_dst_1,413.1095902028221,413.1095902028221,348,one_to_one,0.2595,supervised_flow_pair,ETH,BNB,Poly,0x9e32b13ce7f2e80a01932b42553652e053d6ed8e,0xe552fb52a4f19e44ef5a967632dbc320b0820639,Metis,semi_synthetic_delay_noise,,,,
eth_flow_0x1cfe635be8d7__r7fam20__inst01__synth_split_src,bnb_flow_0xf4b2dec6a001__synth_split_a,442.2069478026443,221.10347390132216,238,one_to_many,0.95,supervised_flow_pair,ETH,BNB,Poly,0x9e32b13ce7f2e80a01932b42553652e053d6ed8e,0xe552fb52a4f19e44ef5a967632dbc320b0820639,Metis,semi_synthetic_split,1,221.10347390132216,221.10347390132216,
eth_flow_0x1cfe635be8d7__r7fam20__inst01__synth_split_src,bnb_flow_0xf4b2dec6a001__synth_split_b,442.2069478026443,221.10347390132216,238,one_to_many,0.95,supervised_flow_pair,ETH,BNB,Poly,0x9e32b13ce7f2e80a01932b42553652e053d6ed8e,0xe552fb52a4f19e44ef5a967632dbc320b0820639,Metis,semi_synthetic_split,1,221.10347390132216,221.10347390132216,
eth_flow_0x1cfe635be8d7__r7fam20__inst01__synth_merge_src1,bnb_flow_0xf4b2dec6a001__synth_merge_dst,221.10347390132216,442.2069478026443,238,many_to_one,1.0,supervised_flow_pair,ETH,BNB,Poly,0x9e32b13ce7f2e80a01932b42553652e053d6ed8e,0xe552fb52a4f19e44ef5a967632dbc320b0820639,Metis,semi_synthetic_merge,,221.10347390132216,221.10347390132216,
eth_flow_0x1cfe635be8d7__r7fam20__inst01__synth_merge_src2,bnb_flow_0xf4b2dec6a001__synth_merge_dst,221.10347390132216,442.2069478026443,238,many_to_one,1.0,supervised_flow_pair,ETH,BNB,Poly,0x9e32b13ce7f2e80a01932b42553652e053d6ed8e,0xe552fb52a4f19e44ef5a967632dbc320b0820639,Metis,semi_synthetic_merge,,221.10347390132216,221.10347390132216,
eth_flow_0x1cfe635be8d7__r7fam20__inst01__synth_unmatched_src,bnb_flow_0xf4b2dec6a001__synth_hidden_dst,442.2069478026443,0,238,one_to_one,0.2,supervised_flow_pair,ETH,BNB,Poly,0x9e32b13ce7f2e80a01932b42553652e053d6ed8e,0xe552fb52a4f19e44ef5a967632dbc320b0820639,Metis,semi_synthetic_unmatched,,,0,0
eth_flow_0x1cfe635be8d7__r7fam20__inst01__synth_noise_src_0,bnb_flow_0xf4b2dec6a001__synth_noise_dst_0,442.2069478026443,442.2069478026443,298,one_to_one,0.2341,supervised_flow_pair,ETH,BNB,Poly,0x9e32b13ce7f2e80a01932b42553652e053d6ed8e,0xe552fb52a4f19e44ef5a967632dbc320b0820639,Metis,semi_synthetic_delay_noise,,,,
eth_flow_0x1cfe635be8d7__r7fam20__inst01__synth_noise_src_1,bnb_flow_0xf4b2dec6a001__synth_noise_dst_1,442.2069478026443,442.2069478026443,358,one_to_one,0.2543,supervised_flow_pair,ETH,BNB,Poly,0x9e32b13ce7f2e80a01932b42553652e053d6ed8e,0xe552fb52a4f19e44ef5a967632dbc320b0820639,Metis,semi_synthetic_delay_noise,,,,
eth_flow_0xa04e89b5fe86__r7fam21__inst00__synth_split_src,bnb_flow_0xcb6bb48b9a7b__synth_split_a,417.45490210496166,208.72745105248083,328,one_to_many,0.95,supervised_flow_pair,ETH,BNB,Poly,0x9e32b13ce7f2e80a01932b42553652e053d6ed8e,0xe552fb52a4f19e44ef5a967632dbc320b0820639,Metis,semi_synthetic_split,1,208.72745105248083,208.72745105248083,
eth_flow_0xa04e89b5fe86__r7fam21__inst00__synth_split_src,bnb_flow_0xcb6bb48b9a7b__synth_split_b,417.45490210496166,208.72745105248083,328,one_to_many,0.95,supervised_flow_pair,ETH,BNB,Poly,0x9e32b13ce7f2e80a01932b42553652e053d6ed8e,0xe552fb52a4f19e44ef5a967632dbc320b0820639,Metis,semi_synthetic_split,1,208.72745105248083,208.72745105248083,
eth_flow_0xa04e89b5fe86__r7fam21__inst00__synth_merge_src1,bnb_flow_0xcb6bb48b9a7b__synth_merge_dst,208.72745105248083,417.45490210496166,328,many_to_one,1.0,supervised_flow_pair,ETH,BNB,Poly,0x9e32b13ce7f2e80a01932b42553652e053d6ed8e,0xe552fb52a4f19e44ef5a967632dbc320b0820639,Metis,semi_synthetic_merge,,208.72745105248083,208.72745105248083,
eth_flow_0xa04e89b5fe86__r7fam21__inst00__synth_merge_src2,bnb_flow_0xcb6bb48b9a7b__synth_merge_dst,208.72745105248083,417.45490210496166,328,many_to_one,1.0,supervised_flow_pair,ETH,BNB,Poly,0x9e32b13ce7f2e80a01932b42553652e053d6ed8e,0xe552fb52a4f19e44ef5a967632dbc320b0820639,Metis,semi_synthetic_merge,,208.72745105248083,208.72745105248083,
eth_flow_0xa04e89b5fe86__r7fam21__inst00__synth_unmatched_src,bnb_flow_0xcb6bb48b9a7b__synth_hidden_dst,417.45490210496166,0,328,one_to_one,0.2,supervised_flow_pair,ETH,BNB,Poly,0x9e32b13ce7f2e80a01932b42553652e053d6ed8e,0xe552fb52a4f19e44ef5a967632dbc320b0820639,Metis,semi_synthetic_unmatched,,,0,0
eth_flow_0xa04e89b5fe86__r7fam21__inst00__synth_noise_src_0,bnb_flow_0xcb6bb48b9a7b__synth_noise_dst_0,417.45490210496166,417.45490210496166,388,one_to_one,0.2498,supervised_flow_pair,ETH,BNB,Poly,0x9e32b13ce7f2e80a01932b42553652e053d6ed8e,0xe552fb52a4f19e44ef5a967632dbc320b0820639,Metis,semi_synthetic_delay_noise,,,,
eth_flow_0xa04e89b5fe86__r7fam21__inst00__synth_noise_src_1,bnb_flow_0xcb6bb48b9a7b__synth_noise_dst_1,417.45490210496166,417.45490210496166,448,one_to_one,0.2282,supervised_flow_pair,ETH,BNB,Poly,0x9e32b13ce7f2e80a01932b42553652e053d6ed8e,0xe552fb52a4f19e44ef5a967632dbc320b0820639,Metis,semi_synthetic_delay_noise,,,,
eth_flow_0xff5a40741a1e__r7fam21__inst01__synth_split_src,bnb_flow_0x33d5bbe0cd14__synth_split_a,8157.973614307856,4078.986807153928,352,one_to_many,0.95,supervised_flow_pair,ETH,BNB,Poly,0x9e32b13ce7f2e80a01932b42553652e053d6ed8e,0xe552fb52a4f19e44ef5a967632dbc320b0820639,Metis,semi_synthetic_split,1,4078.986807153928,4078.986807153928,
eth_flow_0xff5a40741a1e__r7fam21__inst01__synth_split_src,bnb_flow_0x33d5bbe0cd14__synth_split_b,8157.973614307856,4078.986807153928,352,one_to_many,0.95,supervised_flow_pair,ETH,BNB,Poly,0x9e32b13ce7f2e80a01932b42553652e053d6ed8e,0xe552fb52a4f19e44ef5a967632dbc320b0820639,Metis,semi_synthetic_split,1,4078.986807153928,4078.986807153928,
eth_flow_0xff5a40741a1e__r7fam21__inst01__synth_merge_src1,bnb_flow_0x33d5bbe0cd14__synth_merge_dst,4078.986807153928,8157.973614307856,352,many_to_one,1.0,supervised_flow_pair,ETH,BNB,Poly,0x9e32b13ce7f2e80a01932b42553652e053d6ed8e,0xe552fb52a4f19e44ef5a967632dbc320b0820639,Metis,semi_synthetic_merge,,4078.986807153928,4078.986807153928,
eth_flow_0xff5a40741a1e__r7fam21__inst01__synth_merge_src2,bnb_flow_0x33d5bbe0cd14__synth_merge_dst,4078.986807153928,8157.973614307856,352,many_to_one,1.0,supervised_flow_pair,ETH,BNB,Poly,0x9e32b13ce7f2e80a01932b42553652e053d6ed8e,0xe552fb52a4f19e44ef5a967632dbc320b0820639,Metis,semi_synthetic_merge,,4078.986807153928,4078.986807153928,
eth_flow_0xff5a40741a1e__r7fam21__inst01__synth_unmatched_src,bnb_flow_0x33d5bbe0cd14__synth_hidden_dst,8157.973614307856,0,352,one_to_one,0.2,supervised_flow_pair,ETH,BNB,Poly,0x9e32b13ce7f2e80a01932b42553652e053d6ed8e,0xe552fb52a4f19e44ef5a967632dbc320b0820639,Metis,semi_synthetic_unmatched,,,0,0
eth_flow_0xff5a40741a1e__r7fam21__inst01__synth_noise_src_0,bnb_flow_0x33d5bbe0cd14__synth_noise_dst_0,8157.973614307856,8157.973614307856,412,one_to_one,0.2528,supervised_flow_pair,ETH,BNB,Poly,0x9e32b13ce7f2e80a01932b42553652e053d6ed8e,0xe552fb52a4f19e44ef5a967632dbc320b0820639,Metis,semi_synthetic_delay_noise,,,,
eth_flow_0xff5a40741a1e__r7fam21__inst01__synth_noise_src_1,bnb_flow_0x33d5bbe0cd14__synth_noise_dst_1,8157.973614307856,8157.973614307856,472,one_to_one,0.2366,supervised_flow_pair,ETH,BNB,Poly,0x9e32b13ce7f2e80a01932b42553652e053d6ed8e,0xe552fb52a4f19e44ef5a967632dbc320b0820639,Metis,semi_synthetic_delay_noise,,,,
eth_flow_0x9cf772c282ea__r7fam22__inst00__synth_split_src,bnb_flow_0x0614a3e98d5a__synth_split_a,404.2921705685957,202.14608528429784,915,one_to_many,0.95,supervised_flow_pair,ETH,BNB,Poly,0x9e32b13ce7f2e80a01932b42553652e053d6ed8e,0xe552fb52a4f19e44ef5a967632dbc320b0820639,Metis,semi_synthetic_split,1,202.14608528429784,202.14608528429784,
eth_flow_0x9cf772c282ea__r7fam22__inst00__synth_split_src,bnb_flow_0x0614a3e98d5a__synth_split_b,404.2921705685957,202.14608528429784,915,one_to_many,0.95,supervised_flow_pair,ETH,BNB,Poly,0x9e32b13ce7f2e80a01932b42553652e053d6ed8e,0xe552fb52a4f19e44ef5a967632dbc320b0820639,Metis,semi_synthetic_split,1,202.14608528429784,202.14608528429784,
eth_flow_0x9cf772c282ea__r7fam22__inst00__synth_merge_src1,bnb_flow_0x0614a3e98d5a__synth_merge_dst,202.14608528429784,404.2921705685957,915,many_to_one,1.0,supervised_flow_pair,ETH,BNB,Poly,0x9e32b13ce7f2e80a01932b42553652e053d6ed8e,0xe552fb52a4f19e44ef5a967632dbc320b0820639,Metis,semi_synthetic_merge,,202.14608528429784,202.14608528429784,
eth_flow_0x9cf772c282ea__r7fam22__inst00__synth_merge_src2,bnb_flow_0x0614a3e98d5a__synth_merge_dst,202.14608528429784,404.2921705685957,915,many_to_one,1.0,supervised_flow_pair,ETH,BNB,Poly,0x9e32b13ce7f2e80a01932b42553652e053d6ed8e,0xe552fb52a4f19e44ef5a967632dbc320b0820639,Metis,semi_synthetic_merge,,202.14608528429784,202.14608528429784,
eth_flow_0x9cf772c282ea__r7fam22__inst00__synth_unmatched_src,bnb_flow_0x0614a3e98d5a__synth_hidden_dst,404.2921705685957,0,915,one_to_one,0.2,supervised_flow_pair,ETH,BNB,Poly,0x9e32b13ce7f2e80a01932b42553652e053d6ed8e,0xe552fb52a4f19e44ef5a967632dbc320b0820639,Metis,semi_synthetic_unmatched,,,0,0
eth_flow_0x9cf772c282ea__r7fam22__inst00__synth_noise_src_0,bnb_flow_0x0614a3e98d5a__synth_noise_dst_0,404.2921705685957,404.2921705685957,975,one_to_one,0.2235,supervised_flow_pair,ETH,BNB,Poly,0x9e32b13ce7f2e80a01932b42553652e053d6ed8e,0xe552fb52a4f19e44ef5a967632dbc320b0820639,Metis,semi_synthetic_delay_noise,,,,
eth_flow_0x9cf772c282ea__r7fam22__inst00__synth_noise_src_1,bnb_flow_0x0614a3e98d5a__synth_noise_dst_1,404.2921705685957,404.2921705685957,1035,one_to_one,0.2395,supervised_flow_pair,ETH,BNB,Poly,0x9e32b13ce7f2e80a01932b42553652e053d6ed8e,0xe552fb52a4f19e44ef5a967632dbc320b0820639,Metis,semi_synthetic_delay_noise,,,,
eth_flow_0x43985c40892d__r7fam22__inst01__synth_split_src,bnb_flow_0xd152445eded5__synth_split_a,615.3831429726226,307.6915714863113,998,one_to_many,0.95,supervised_flow_pair,ETH,BNB,Poly,0x9e32b13ce7f2e80a01932b42553652e053d6ed8e,0xe552fb52a4f19e44ef5a967632dbc320b0820639,Metis,semi_synthetic_split,1,307.6915714863113,307.6915714863113,
eth_flow_0x43985c40892d__r7fam22__inst01__synth_split_src,bnb_flow_0xd152445eded5__synth_split_b,615.3831429726226,307.6915714863113,998,one_to_many,0.95,supervised_flow_pair,ETH,BNB,Poly,0x9e32b13ce7f2e80a01932b42553652e053d6ed8e,0xe552fb52a4f19e44ef5a967632dbc320b0820639,Metis,semi_synthetic_split,1,307.6915714863113,307.6915714863113,
eth_flow_0x43985c40892d__r7fam22__inst01__synth_merge_src1,bnb_flow_0xd152445eded5__synth_merge_dst,307.6915714863113,615.3831429726226,998,many_to_one,1.0,supervised_flow_pair,ETH,BNB,Poly,0x9e32b13ce7f2e80a01932b42553652e053d6ed8e,0xe552fb52a4f19e44ef5a967632dbc320b0820639,Metis,semi_synthetic_merge,,307.6915714863113,307.6915714863113,
eth_flow_0x43985c40892d__r7fam22__inst01__synth_merge_src2,bnb_flow_0xd152445eded5__synth_merge_dst,307.6915714863113,615.3831429726226,998,many_to_one,1.0,supervised_flow_pair,ETH,BNB,Poly,0x9e32b13ce7f2e80a01932b42553652e053d6ed8e,0xe552fb52a4f19e44ef5a967632dbc320b0820639,Metis,semi_synthetic_merge,,307.6915714863113,307.6915714863113,
eth_flow_0x43985c40892d__r7fam22__inst01__synth_unmatched_src,bnb_flow_0xd152445eded5__synth_hidden_dst,615.3831429726226,0,998,one_to_one,0.2,supervised_flow_pair,ETH,BNB,Poly,0x9e32b13ce7f2e80a01932b42553652e053d6ed8e,0xe552fb52a4f19e44ef5a967632dbc320b0820639,Metis,semi_synthetic_unmatched,,,0,0
eth_flow_0x43985c40892d__r7fam22__inst01__synth_noise_src_0,bnb_flow_0xd152445eded5__synth_noise_dst_0,615.3831429726226,615.3831429726226,1058,one_to_one,0.2545,supervised_flow_pair,ETH,BNB,Poly,0x9e32b13ce7f2e80a01932b42553652e053d6ed8e,0xe552fb52a4f19e44ef5a967632dbc320b0820639,Metis,semi_synthetic_delay_noise,,,,
eth_flow_0x43985c40892d__r7fam22__inst01__synth_noise_src_1,bnb_flow_0xd152445eded5__synth_noise_dst_1,615.3831429726226,615.3831429726226,1118,one_to_one,0.2469,supervised_flow_pair,ETH,BNB,Poly,0x9e32b13ce7f2e80a01932b42553652e053d6ed8e,0xe552fb52a4f19e44ef5a967632dbc320b0820639,Metis,semi_synthetic_delay_noise,,,,
eth_flow_0x400e55802849__r7fam23__inst00__synth_split_src,bnb_flow_0x322e7f41c46b__synth_split_a,962.620547946818,481.310273973409,1114,one_to_many,0.95,supervised_flow_pair,ETH,BNB,Poly,0x9e32b13ce7f2e80a01932b42553652e053d6ed8e,0xe552fb52a4f19e44ef5a967632dbc320b0820639,Metis,semi_synthetic_split,1,481.310273973409,481.310273973409,
eth_flow_0x400e55802849__r7fam23__inst00__synth_split_src,bnb_flow_0x322e7f41c46b__synth_split_b,962.620547946818,481.310273973409,1114,one_to_many,0.95,supervised_flow_pair,ETH,BNB,Poly,0x9e32b13ce7f2e80a01932b42553652e053d6ed8e,0xe552fb52a4f19e44ef5a967632dbc320b0820639,Metis,semi_synthetic_split,1,481.310273973409,481.310273973409,
eth_flow_0x400e55802849__r7fam23__inst00__synth_merge_src1,bnb_flow_0x322e7f41c46b__synth_merge_dst,481.310273973409,962.620547946818,1114,many_to_one,1.0,supervised_flow_pair,ETH,BNB,Poly,0x9e32b13ce7f2e80a01932b42553652e053d6ed8e,0xe552fb52a4f19e44ef5a967632dbc320b0820639,Metis,semi_synthetic_merge,,481.310273973409,481.310273973409,
eth_flow_0x400e55802849__r7fam23__inst00__synth_merge_src2,bnb_flow_0x322e7f41c46b__synth_merge_dst,481.310273973409,962.620547946818,1114,many_to_one,1.0,supervised_flow_pair,ETH,BNB,Poly,0x9e32b13ce7f2e80a01932b42553652e053d6ed8e,0xe552fb52a4f19e44ef5a967632dbc320b0820639,Metis,semi_synthetic_merge,,481.310273973409,481.310273973409,
eth_flow_0x400e55802849__r7fam23__inst00__synth_unmatched_src,bnb_flow_0x322e7f41c46b__synth_hidden_dst,962.6205479468181,0,1114,one_to_one,0.2,supervised_flow_pair,ETH,BNB,Poly,0x9e32b13ce7f2e80a01932b42553652e053d6ed8e,0xe552fb52a4f19e44ef5a967632dbc320b0820639,Metis,semi_synthetic_unmatched,,,0,0
eth_flow_0x400e55802849__r7fam23__inst00__synth_noise_src_0,bnb_flow_0x322e7f41c46b__synth_noise_dst_0,962.6205479468181,962.6205479468181,1174,one_to_one,0.2477,supervised_flow_pair,ETH,BNB,Poly,0x9e32b13ce7f2e80a01932b42553652e053d6ed8e,0xe552fb52a4f19e44ef5a967632dbc320b0820639,Metis,semi_synthetic_delay_noise,,,,
eth_flow_0x400e55802849__r7fam23__inst00__synth_noise_src_1,bnb_flow_0x322e7f41c46b__synth_noise_dst_1,962.6205479468181,962.6205479468181,1234,one_to_one,0.2354,supervised_flow_pair,ETH,BNB,Poly,0x9e32b13ce7f2e80a01932b42553652e053d6ed8e,0xe552fb52a4f19e44ef5a967632dbc320b0820639,Metis,semi_synthetic_delay_noise,,,,
eth_flow_0x49aa1f4c98b8__r7fam23__inst01__synth_split_src,bnb_flow_0x2fdbc932f87f__synth_split_a,419.45081368946575,139.81693789648858,1028,one_to_many,0.95,supervised_flow_pair,ETH,BNB,Poly,0x9e32b13ce7f2e80a01932b42553652e053d6ed8e,0xe552fb52a4f19e44ef5a967632dbc320b0820639,Metis,semi_synthetic_split,1,139.81693789648858,139.81693789648858,
eth_flow_0x49aa1f4c98b8__r7fam23__inst01__synth_split_src,bnb_flow_0x2fdbc932f87f__synth_split_b,419.45081368946575,139.81693789648858,1028,one_to_many,0.95,supervised_flow_pair,ETH,BNB,Poly,0x9e32b13ce7f2e80a01932b42553652e053d6ed8e,0xe552fb52a4f19e44ef5a967632dbc320b0820639,Metis,semi_synthetic_split,1,139.81693789648858,139.81693789648858,
eth_flow_0x49aa1f4c98b8__r7fam23__inst01__synth_split_src,bnb_flow_0x2fdbc932f87f__synth_split_c,419.45081368946575,139.81693789648858,1028,one_to_many,0.95,supervised_flow_pair,ETH,BNB,Poly,0x9e32b13ce7f2e80a01932b42553652e053d6ed8e,0xe552fb52a4f19e44ef5a967632dbc320b0820639,Metis,semi_synthetic_split,1,139.81693789648858,139.81693789648858,
eth_flow_0x49aa1f4c98b8__r7fam23__inst01__synth_merge_src1,bnb_flow_0x2fdbc932f87f__synth_merge_dst,209.72540684473287,419.45081368946575,1028,many_to_one,1.0,supervised_flow_pair,ETH,BNB,Poly,0x9e32b13ce7f2e80a01932b42553652e053d6ed8e,0xe552fb52a4f19e44ef5a967632dbc320b0820639,Metis,semi_synthetic_merge,,209.72540684473287,209.72540684473287,
eth_flow_0x49aa1f4c98b8__r7fam23__inst01__synth_merge_src2,bnb_flow_0x2fdbc932f87f__synth_merge_dst,209.72540684473287,419.45081368946575,1028,many_to_one,1.0,supervised_flow_pair,ETH,BNB,Poly,0x9e32b13ce7f2e80a01932b42553652e053d6ed8e,0xe552fb52a4f19e44ef5a967632dbc320b0820639,Metis,semi_synthetic_merge,,209.72540684473287,209.72540684473287,
eth_flow_0x49aa1f4c98b8__r7fam23__inst01__synth_unmatched_src,bnb_flow_0x2fdbc932f87f__synth_hidden_dst,419.45081368946575,0,1028,one_to_one,0.2,supervised_flow_pair,ETH,BNB,Poly,0x9e32b13ce7f2e80a01932b42553652e053d6ed8e,0xe552fb52a4f19e44ef5a967632dbc320b0820639,Metis,semi_synthetic_unmatched,,,0,0
eth_flow_0x49aa1f4c98b8__r7fam23__inst01__synth_noise_src_0,bnb_flow_0x2fdbc932f87f__synth_noise_dst_0,419.45081368946575,419.45081368946575,1088,one_to_one,0.2322,supervised_flow_pair,ETH,BNB,Poly,0x9e32b13ce7f2e80a01932b42553652e053d6ed8e,0xe552fb52a4f19e44ef5a967632dbc320b0820639,Metis,semi_synthetic_delay_noise,,,,
eth_flow_0x49aa1f4c98b8__r7fam23__inst01__synth_noise_src_1,bnb_flow_0x2fdbc932f87f__synth_noise_dst_1,419.45081368946575,419.45081368946575,1148,one_to_one,0.227,supervised_flow_pair,ETH,BNB,Poly,0x9e32b13ce7f2e80a01932b42553652e053d6ed8e,0xe552fb52a4f19e44ef5a967632dbc320b0820639,Metis,semi_synthetic_delay_noise,,,,
