chain,bridge,flow_id,tx_hashes,address_set,primary_address,token_contracts,token_symbols,asset_group,route_id,start_time,end_time,tx_count,raw_amount_sum,human_amount_sum,usd_amount_sum,aml_score_mean,aml_score_max,evidence_quality_mean,flow_construction_rule,bridge_contract_hit
BNB,Multi,bnb_flow_0xf560a16625af__synth_split_a,0xf560a16625af83c2c0374d68db387b11b4737129cfb81ccff7c917bd0c652b70,0x1b4d3bdfe8af0fc0f31c67b0d8594af1fe9d0419|0xd1c5966f9f5ee6881ff6b261bbeda45972b1b5f3|0xedf0c420bc3b92b961c6ec411cc810ca81f5f21a,0x1b4d3bdfe8af0fc0f31c67b0d8594af1fe9d0419,0xedf0c420bc3b92b961c6ec411cc810ca81f5f21a,USDT,USDT,0xf560a16625af83c2c0374d68db387b11b4737129cfb81ccff7c917bd0c652b70_USDT,1634724001,1634724001,1,1.2405e+20,124.05,124.05,0,0,0.775000,bridge_dst_event_flow,True
BNB,Multi,bnb_flow_0xf560a16625af__synth_split_b,0xf560a16625af83c2c0374d68db387b11b4737129cfb81ccff7c917bd0c652b70,0x1b4d3bdfe8af0fc0f31c67b0d8594af1fe9d0419|0xd1c5966f9f5ee6881ff6b261bbeda45972b1b5f3|0xedf0c420bc3b92b961c6ec411cc810ca81f5f21a,0x1b4d3bdfe8af0fc0f31c67b0d8594af1fe9d0419,0xedf0c420bc3b92b961c6ec411cc810ca81f5f21a,USDT,USDT,0xf560a16625af83c2c0374d68db387b11b4737129cfb81ccff7c917bd0c652b70_USDT,1634724001,1634724001,1,1.2405e+20,124.05,124.05,0,0,0.775000,bridge_dst_event_flow,True
BNB,Multi,bnb_flow_0xf560a16625af__synth_merge_dst,0xf560a16625af83c2c0374d68db387b11b4737129cfb81ccff7c917bd0c652b70,0x1b4d3bdfe8af0fc0f31c67b0d8594af1fe9d0419|0xd1c5966f9f5ee6881ff6b261bbeda45972b1b5f3|0xedf0c420bc3b92b961c6ec411cc810ca81f5f21a,0x1b4d3bdfe8af0fc0f31c67b0d8594af1fe9d0419,0xedf0c420bc3b92b961c6ec411cc810ca81f5f21a,USDT,USDT,0xf560a16625af83c2c0374d68db387b11b4737129cfb81ccff7c917bd0c652b70_USDT,1634724001,1634724001,1,2.481e+20,248.1,248.1,0,0,0.775000,bridge_dst_event_flow,True
BNB,Multi,bnb_flow_0xf560a16625af__synth_hidden_dst,0xf560a16625af83c2c0374d68db387b11b4737129cfb81ccff7c917bd0c652b70,0x1b4d3bdfe8af0fc0f31c67b0d8594af1fe9d0419|0xd1c5966f9f5ee6881ff6b261bbeda45972b1b5f3|0xedf0c420bc3b92b961c6ec411cc810ca81f5f21a,0x1b4d3bdfe8af0fc0f31c67b0d8594af1fe9d0419,0xedf0c420bc3b92b961c6ec411cc810ca81f5f21a,USDT,USDT,0xf560a16625af83c2c0374d68db387b11b4737129cfb81ccff7c917bd0c652b70_USDT,1634724001,1634724001,1,2.481e+20,248.1,248.1,0,0,0.775000,bridge_dst_event_flow,True
BNB,Multi,bnb_flow_0xf560a16625af__synth_noise_dst_0,0xf560a16625af83c2c0374d68db387b11b4737129cfb81ccff7c917bd0c652b70,0x1b4d3bdfe8af0fc0f31c67b0d8594af1fe9d0419|0xd1c5966f9f5ee6881ff6b261bbeda45972b1b5f3|0xedf0c420bc3b92b961c6ec411cc810ca81f5f21a,0x1b4d3bdfe8af0fc0f31c67b0d8594af1fe9d0419,0xedf0c420bc3b92b961c6ec411cc810ca81f5f21a,USDT,USDT,0xf560a16625af83c2c0374d68db387b11b4737129cfb81ccff7c917bd0c652b70_USDT,1634724061,1634724061,1,2.481e+20,248.1,248.1,0,0,0.775000,bridge_dst_event_flow,True
BNB,Multi,bnb_flow_0xf560a16625af__synth_noise_dst_1,0xf560a16625af83c2c0374d68db387b11b4737129cfb81ccff7c917bd0c652b70,0x1b4d3bdfe8af0fc0f31c67b0d8594af1fe9d0419|0xd1c5966f9f5ee6881ff6b261bbeda45972b1b5f3|0xedf0c420bc3b92b961c6ec411cc810ca81f5f21a,0x1b4d3bdfe8af0fc0f31c67b0d8594af1fe9d0419,0xedf0c420bc3b92b961c6ec411cc810ca81f5f21a,USDT,USDT,0xf560a16625af83c2c0374d68db387b11b4737129cfb81ccff7c917bd0c652b70_USDT,1634724121,1634724121,1,2.481e+20,248.1,248.1,0,0,0.775000,bridge_dst_event_flow,True
BNB,Multi,bnb_flow_0xb931c0aae195__synth_split_a,0xb931c0aae19592ee6a8540866bf685534f8ab2e0bb18f5859abd7d282ea542db,0xa4eca20694d2bb8f2eb0ed3a57dad63518b6eb93|0xd1c5966f9f5ee6881ff6b261bbeda45972b1b5f3|0xedf0c420bc3b92b961c6ec411cc810ca81f5f21a,0xa4eca20694d2bb8f2eb0ed3a57dad63518b6eb93,0xedf0c420bc3b92b961c6ec411cc810ca81f5f21a,USDT,USDT,0xb931c0aae19592ee6a8540866bf685534f8ab2e0bb18f5859abd7d282ea542db_USDT,1638561298,1638561298,1,1.6366666666666666e+19,16.366666666666667,16.366666666666667,0,0,0.750000,bridge_dst_event_flow,True
BNB,Multi,bnb_flow_0xb931c0aae195__synth_split_b,0xb931c0aae19592ee6a8540866bf685534f8ab2e0bb18f5859abd7d282ea542db,0xa4eca20694d2bb8f2eb0ed3a57dad63518b6eb93|0xd1c5966f9f5ee6881ff6b261bbeda45972b1b5f3|0xedf0c420bc3b92b961c6ec411cc810ca81f5f21a,0xa4eca20694d2bb8f2eb0ed3a57dad63518b6eb93,0xedf0c420bc3b92b961c6ec411cc810ca81f5f21a,USDT,USDT,0xb931c0aae19592ee6a8540866bf685534f8ab2e0bb18f5859abd7d282ea542db_USDT,1638561298,1638561298,1,1.6366666666666666e+19,16.366666666666667,16.366666666666667,0,0,0.750000,bridge_dst_event_flow,True
BNB,Multi,bnb_flow_0xb931c0aae195__synth_split_c,0xb931c0aae19592ee6a8540866bf685534f8ab2e0bb18f5859abd7d282ea542db,0xa4eca20694d2bb8f2eb0ed3a57dad63518b6eb93|0xd1c5966f9f5ee6881ff6b261bbeda45972b1b5f3|0xedf0c420bc3b92b961c6ec411cc810ca81f5f21a,0xa4eca20694d2bb8f2eb0ed3a57dad63518b6eb93,0xedf0c420bc3b92b961c6ec411cc810ca81f5f21a,USDT,USDT,0xb931c0aae19592ee6a8540866bf685534f8ab2e0bb18f5859abd7d282ea542db_USDT,1638561298,1638561298,1,1.6366666666666666e+19,16.366666666666667,16.366666666666667,0,0,0.750000,bridge_dst_event_flow,True
BNB,Multi,bnb_flow_0xb931c0aae195__synth_merge_dst,0xb931c0aae19592ee6a8540866bf685534f8ab2e0bb18f5859abd7d282ea542db,0xa4eca20694d2bb8f2eb0ed3a57dad63518b6eb93|0xd1c5966f9f5ee6881ff6b261bbeda45972b1b5f3|0xedf0c420bc3b92b961c6ec411cc810ca81f5f21a,0xa4eca20694d2bb8f2eb0ed3a57dad63518b6eb93,0xedf0c420bc3b92b961c6ec411cc810ca81f5f21a,USDT,USDT,0xb931c0aae19592ee6a8540866bf685534f8ab2e0bb18f5859abd7d282ea542db_USDT,1638561298,1638561298,1,4.91e+19,49.1,49.1,0,0,0.750000,bridge_dst_event_flow,True
BNB,Multi,bnb_flow_0xb931c0aae195__synth_hidden_dst,0xb931c0aae19592ee6a8540866bf685534f8ab2e0bb18f5859abd7d282ea542db,0xa4eca20694d2bb8f2eb0ed3a57dad63518b6eb93|0xd1c5966f9f5ee6881ff6b261bbeda45972b1b5f3|0xedf0c420bc3b92b961c6ec411cc810ca81f5f21a,0xa4eca20694d2bb8f2eb0ed3a57dad63518b6eb93,0xedf0c420bc3b92b961c6ec411cc810ca81f5f21a,USDT,USDT,0xb931c0aae19592ee6a8540866bf685534f8ab2e0bb18f5859abd7d282ea542db_USDT,1638561298,1638561298,1,4.91e+19,49.1,49.1,0,0,0.750000,bridge_dst_event_flow,True
BNB,Multi,bnb_flow_0xb931c0aae195__synth_noise_dst_0,0xb931c0aae19592ee6a8540866bf685534f8ab2e0bb18f5859abd7d282ea542db,0xa4eca20694d2bb8f2eb0ed3a57dad63518b6eb93|0xd1c5966f9f5ee6881ff6b261bbeda45972b1b5f3|0xedf0c420bc3b92b961c6ec411cc810ca81f5f21a,0xa4eca20694d2bb8f2eb0ed3a57dad63518b6eb93,0xedf0c420bc3b92b961c6ec411cc810ca81f5f21a,USDT,USDT,0xb931c0aae19592ee6a8540866bf685534f8ab2e0bb18f5859abd7d282ea542db_USDT,1638561358,1638561358,1,4.91e+19,49.1,49.1,0,0,0.750000,bridge_dst_event_flow,True
BNB,Multi,bnb_flow_0xb931c0aae195__synth_noise_dst_1,0xb931c0aae19592ee6a8540866bf685534f8ab2e0bb18f5859abd7d282ea542db,0xa4eca20694d2bb8f2eb0ed3a57dad63518b6eb93|0xd1c5966f9f5ee6881ff6b261bbeda45972b1b5f3|0xedf0c420bc3b92b961c6ec411cc810ca81f5f21a,0xa4eca20694d2bb8f2eb0ed3a57dad63518b6eb93,0xedf0c420bc3b92b961c6ec411cc810ca81f5f21a,USDT,USDT,0xb931c0aae19592ee6a8540866bf685534f8ab2e0bb18f5859abd7d282ea542db_USDT,1638561418,1638561418,1,4.91e+19,49.1,49.1,0,0,0.750000,bridge_dst_event_flow,True
BNB,Multi,bnb_flow_0x1a114ead85a1__synth_split_a,0x1a114ead85a173e7bf254fe4a591a31b23314f6a2e3c07744b6acafa017bbda9,0xa46590fdc9bb0495e31dff3051c675f552c28fdf|0xd1c5966f9f5ee6881ff6b261bbeda45972b1b5f3|0xedf0c420bc3b92b961c6ec411cc810ca81f5f21a,0xa46590fdc9bb0495e31dff3051c675f552c28fdf,0xedf0c420bc3b92b961c6ec411cc810ca81f5f21a,USDT,USDT,0x1a114ead85a173e7bf254fe4a591a31b23314f6a2e3c07744b6acafa017bbda9_USDT,1639443719,1639443719,1,9.295e+19,92.95,92.95,0,0,0.800000,bridge_dst_event_flow,True
BNB,Multi,bnb_flow_0x1a114ead85a1__synth_split_b,0x1a114ead85a173e7bf254fe4a591a31b23314f6a2e3c07744b6acafa017bbda9,0xa46590fdc9bb0495e31dff3051c675f552c28fdf|0xd1c5966f9f5ee6881ff6b261bbeda45972b1b5f3|0xedf0c420bc3b92b961c6ec411cc810ca81f5f21a,0xa46590fdc9bb0495e31dff3051c675f552c28fdf,0xedf0c420bc3b92b961c6ec411cc810ca81f5f21a,USDT,USDT,0x1a114ead85a173e7bf254fe4a591a31b23314f6a2e3c07744b6acafa017bbda9_USDT,1639443719,1639443719,1,9.295e+19,92.95,92.95,0,0,0.800000,bridge_dst_event_flow,True
BNB,Multi,bnb_flow_0x1a114ead85a1__synth_merge_dst,0x1a114ead85a173e7bf254fe4a591a31b23314f6a2e3c07744b6acafa017bbda9,0xa46590fdc9bb0495e31dff3051c675f552c28fdf|0xd1c5966f9f5ee6881ff6b261bbeda45972b1b5f3|0xedf0c420bc3b92b961c6ec411cc810ca81f5f21a,0xa46590fdc9bb0495e31dff3051c675f552c28fdf,0xedf0c420bc3b92b961c6ec411cc810ca81f5f21a,USDT,USDT,0x1a114ead85a173e7bf254fe4a591a31b23314f6a2e3c07744b6acafa017bbda9_USDT,1639443719,1639443719,1,1.859e+20,185.9,185.9,0,0,0.800000,bridge_dst_event_flow,True
BNB,Multi,bnb_flow_0x1a114ead85a1__synth_hidden_dst,0x1a114ead85a173e7bf254fe4a591a31b23314f6a2e3c07744b6acafa017bbda9,0xa46590fdc9bb0495e31dff3051c675f552c28fdf|0xd1c5966f9f5ee6881ff6b261bbeda45972b1b5f3|0xedf0c420bc3b92b961c6ec411cc810ca81f5f21a,0xa46590fdc9bb0495e31dff3051c675f552c28fdf,0xedf0c420bc3b92b961c6ec411cc810ca81f5f21a,USDT,USDT,0x1a114ead85a173e7bf254fe4a591a31b23314f6a2e3c07744b6acafa017bbda9_USDT,1639443719,1639443719,1,1.859e+20,185.9,185.9,0,0,0.800000,bridge_dst_event_flow,True
BNB,Multi,bnb_flow_0x1a114ead85a1__synth_noise_dst_0,0x1a114ead85a173e7bf254fe4a591a31b23314f6a2e3c07744b6acafa017bbda9,0xa46590fdc9bb0495e31dff3051c675f552c28fdf|0xd1c5966f9f5ee6881ff6b261bbeda45972b1b5f3|0xedf0c420bc3b92b961c6ec411cc810ca81f5f21a,0xa46590fdc9bb0495e31dff3051c675f552c28fdf,0xedf0c420bc3b92b961c6ec411cc810ca81f5f21a,USDT,USDT,0x1a114ead85a173e7bf254fe4a591a31b23314f6a2e3c07744b6acafa017bbda9_USDT,1639443779,1639443779,1,1.859e+20,185.9,185.9,0,0,0.800000,bridge_dst_event_flow,True
BNB,Multi,bnb_flow_0x1a114ead85a1__synth_noise_dst_1,0x1a114ead85a173e7bf254fe4a591a31b23314f6a2e3c07744b6acafa017bbda9,0xa46590fdc9bb0495e31dff3051c675f552c28fdf|0xd1c5966f9f5ee6881ff6b261bbeda45972b1b5f3|0xedf0c420bc3b92b961c6ec411cc810ca81f5f21a,0xa46590fdc9bb0495e31dff3051c675f552c28fdf,0xedf0c420bc3b92b961c6ec411cc810ca81f5f21a,USDT,USDT,0x1a114ead85a173e7bf254fe4a591a31b23314f6a2e3c07744b6acafa017bbda9_USDT,1639443839,1639443839,1,1.859e+20,185.9,185.9,0,0,0.800000,bridge_dst_event_flow,True
BNB,Multi,bnb_flow_0x40f3b603c6b1__synth_split_a,0x40f3b603c6b14a296dfba4b02d7ea09e088b46dc8a53201ec386033953626c1d,0x5613decf1301dfc12157032de29db20bb93fe96c|0xd1c5966f9f5ee6881ff6b261bbeda45972b1b5f3|0xedf0c420bc3b92b961c6ec411cc810ca81f5f21a,0x5613decf1301dfc12157032de29db20bb93fe96c,0xedf0c420bc3b92b961c6ec411cc810ca81f5f21a,USDT,USDT,0x40f3b603c6b14a296dfba4b02d7ea09e088b46dc8a53201ec386033953626c1d_USDT,1636189780,1636189780,1,2.37025e+19,23.7025,23.7025,0,0,0.775000,bridge_dst_event_flow,True
BNB,Multi,bnb_flow_0x40f3b603c6b1__synth_split_b,0x40f3b603c6b14a296dfba4b02d7ea09e088b46dc8a53201ec386033953626c1d,0x5613decf1301dfc12157032de29db20bb93fe96c|0xd1c5966f9f5ee6881ff6b261bbeda45972b1b5f3|0xedf0c420bc3b92b961c6ec411cc810ca81f5f21a,0x5613decf1301dfc12157032de29db20bb93fe96c,0xedf0c420bc3b92b961c6ec411cc810ca81f5f21a,USDT,USDT,0x40f3b603c6b14a296dfba4b02d7ea09e088b46dc8a53201ec386033953626c1d_USDT,1636189780,1636189780,1,2.37025e+19,23.7025,23.7025,0,0,0.775000,bridge_dst_event_flow,True
BNB,Multi,bnb_flow_0x40f3b603c6b1__synth_split_c,0x40f3b603c6b14a296dfba4b02d7ea09e088b46dc8a53201ec386033953626c1d,0x5613decf1301dfc12157032de29db20bb93fe96c|0xd1c5966f9f5ee6881ff6b261bbeda45972b1b5f3|0xedf0c420bc3b92b961c6ec411cc810ca81f5f21a,0x5613decf1301dfc12157032de29db20bb93fe96c,0xedf0c420bc3b92b961c6ec411cc810ca81f5f21a,USDT,USDT,0x40f3b603c6b14a296dfba4b02d7ea09e088b46dc8a53201ec386033953626c1d_USDT,1636189780,1636189780,1,2.37025e+19,23.7025,23.7025,0,0,0.775000,bridge_dst_event_flow,True
BNB,Multi,bnb_flow_0x40f3b603c6b1__synth_split_d,0x40f3b603c6b14a296dfba4b02d7ea09e088b46dc8a53201ec386033953626c1d,0x5613decf1301dfc12157032de29db20bb93fe96c|0xd1c5966f9f5ee6881ff6b261bbeda45972b1b5f3|0xedf0c420bc3b92b961c6ec411cc810ca81f5f21a,0x5613decf1301dfc12157032de29db20bb93fe96c,0xedf0c420bc3b92b961c6ec411cc810ca81f5f21a,USDT,USDT,0x40f3b603c6b14a296dfba4b02d7ea09e088b46dc8a53201ec386033953626c1d_USDT,1636189780,1636189780,1,2.37025e+19,23.7025,23.7025,0,0,0.775000,bridge_dst_event_flow,True
BNB,Multi,bnb_flow_0x40f3b603c6b1__synth_merge_dst,0x40f3b603c6b14a296dfba4b02d7ea09e088b46dc8a53201ec386033953626c1d,0x5613decf1301dfc12157032de29db20bb93fe96c|0xd1c5966f9f5ee6881ff6b261bbeda45972b1b5f3|0xedf0c420bc3b92b961c6ec411cc810ca81f5f21a,0x5613decf1301dfc12157032de29db20bb93fe96c,0xedf0c420bc3b92b961c6ec411cc810ca81f5f21a,USDT,USDT,0x40f3b603c6b14a296dfba4b02d7ea09e088b46dc8a53201ec386033953626c1d_USDT,1636189780,1636189780,1,9.481e+19,94.81,94.81,0,0,0.775000,bridge_dst_event_flow,True
BNB,Multi,bnb_flow_0x40f3b603c6b1__synth_hidden_dst,0x40f3b603c6b14a296dfba4b02d7ea09e088b46dc8a53201ec386033953626c1d,0x5613decf1301dfc12157032de29db20bb93fe96c|0xd1c5966f9f5ee6881ff6b261bbeda45972b1b5f3|0xedf0c420bc3b92b961c6ec411cc810ca81f5f21a,0x5613decf1301dfc12157032de29db20bb93fe96c,0xedf0c420bc3b92b961c6ec411cc810ca81f5f21a,USDT,USDT,0x40f3b603c6b14a296dfba4b02d7ea09e088b46dc8a53201ec386033953626c1d_USDT,1636189780,1636189780,1,9.481e+19,94.81,94.81,0,0,0.775000,bridge_dst_event_flow,True
BNB,Multi,bnb_flow_0x40f3b603c6b1__synth_noise_dst_0,0x40f3b603c6b14a296dfba4b02d7ea09e088b46dc8a53201ec386033953626c1d,0x5613decf1301dfc12157032de29db20bb93fe96c|0xd1c5966f9f5ee6881ff6b261bbeda45972b1b5f3|0xedf0c420bc3b92b961c6ec411cc810ca81f5f21a,0x5613decf1301dfc12157032de29db20bb93fe96c,0xedf0c420bc3b92b961c6ec411cc810ca81f5f21a,USDT,USDT,0x40f3b603c6b14a296dfba4b02d7ea09e088b46dc8a53201ec386033953626c1d_USDT,1636189840,1636189840,1,9.481e+19,94.81,94.81,0,0,0.775000,bridge_dst_event_flow,True
BNB,Multi,bnb_flow_0x40f3b603c6b1__synth_noise_dst_1,0x40f3b603c6b14a296dfba4b02d7ea09e088b46dc8a53201ec386033953626c1d,0x5613decf1301dfc12157032de29db20bb93fe96c|0xd1c5966f9f5ee6881ff6b261bbeda45972b1b5f3|0xedf0c420bc3b92b961c6ec411cc810ca81f5f21a,0x5613decf1301dfc12157032de29db20bb93fe96c,0xedf0c420bc3b92b961c6ec411cc810ca81f5f21a,USDT,USDT,0x40f3b603c6b14a296dfba4b02d7ea09e088b46dc8a53201ec386033953626c1d_USDT,1636189900,1636189900,1,9.481e+19,94.81,94.81,0,0,0.775000,bridge_dst_event_flow,True
BNB,Multi,bnb_flow_0x014a2308b0da__synth_split_a,0x014a2308b0da980abf3a2a0c0d181beb79074d39a1d74f9996d3503a7b53373f,0x634398cb81b76bfc75ebb434cf7c82036f9e7d78|0xa444e53ede6a4f5d7970a920300e02e97c9e2bfa|0xabd380327fe66724ffda91a87c772fb8d00be488,0xa444e53ede6a4f5d7970a920300e02e97c9e2bfa,0x634398cb81b76bfc75ebb434cf7c82036f9e7d78,HGET,HGET,0x014a2308b0da980abf3a2a0c0d181beb79074d39a1d74f9996d3503a7b53373f_HGET,1624375367,1624375367,1,741900000.0,741.9,45.94379469224908,0,0,0.800000,bridge_dst_event_flow,True
BNB,Multi,bnb_flow_0x014a2308b0da__synth_split_b,0x014a2308b0da980abf3a2a0c0d181beb79074d39a1d74f9996d3503a7b53373f,0x634398cb81b76bfc75ebb434cf7c82036f9e7d78|0xa444e53ede6a4f5d7970a920300e02e97c9e2bfa|0xabd380327fe66724ffda91a87c772fb8d00be488,0xa444e53ede6a4f5d7970a920300e02e97c9e2bfa,0x634398cb81b76bfc75ebb434cf7c82036f9e7d78,HGET,HGET,0x014a2308b0da980abf3a2a0c0d181beb79074d39a1d74f9996d3503a7b53373f_HGET,1624375367,1624375367,1,741900000.0,741.9,45.94379469224908,0,0,0.800000,bridge_dst_event_flow,True
BNB,Multi,bnb_flow_0x014a2308b0da__synth_merge_dst,0x014a2308b0da980abf3a2a0c0d181beb79074d39a1d74f9996d3503a7b53373f,0x634398cb81b76bfc75ebb434cf7c82036f9e7d78|0xa444e53ede6a4f5d7970a920300e02e97c9e2bfa|0xabd380327fe66724ffda91a87c772fb8d00be488,0xa444e53ede6a4f5d7970a920300e02e97c9e2bfa,0x634398cb81b76bfc75ebb434cf7c82036f9e7d78,HGET,HGET,0x014a2308b0da980abf3a2a0c0d181beb79074d39a1d74f9996d3503a7b53373f_HGET,1624375367,1624375367,1,1483800000.0,1483.8,91.88758938449816,0,0,0.800000,bridge_dst_event_flow,True
BNB,Multi,bnb_flow_0x014a2308b0da__synth_hidden_dst,0x014a2308b0da980abf3a2a0c0d181beb79074d39a1d74f9996d3503a7b53373f,0x634398cb81b76bfc75ebb434cf7c82036f9e7d78|0xa444e53ede6a4f5d7970a920300e02e97c9e2bfa|0xabd380327fe66724ffda91a87c772fb8d00be488,0xa444e53ede6a4f5d7970a920300e02e97c9e2bfa,0x634398cb81b76bfc75ebb434cf7c82036f9e7d78,HGET,HGET,0x014a2308b0da980abf3a2a0c0d181beb79074d39a1d74f9996d3503a7b53373f_HGET,1624375367,1624375367,1,1483800000.0,1483.8,91.88758938449816,0,0,0.800000,bridge_dst_event_flow,True
BNB,Multi,bnb_flow_0x014a2308b0da__synth_noise_dst_0,0x014a2308b0da980abf3a2a0c0d181beb79074d39a1d74f9996d3503a7b53373f,0x634398cb81b76bfc75ebb434cf7c82036f9e7d78|0xa444e53ede6a4f5d7970a920300e02e97c9e2bfa|0xabd380327fe66724ffda91a87c772fb8d00be488,0xa444e53ede6a4f5d7970a920300e02e97c9e2bfa,0x634398cb81b76bfc75ebb434cf7c82036f9e7d78,HGET,HGET,0x014a2308b0da980abf3a2a0c0d181beb79074d39a1d74f9996d3503a7b53373f_HGET,1624375427,1624375427,1,1483800000.0,1483.8,91.88758938449816,0,0,0.800000,bridge_dst_event_flow,True
BNB,Multi,bnb_flow_0x014a2308b0da__synth_noise_dst_1,0x014a2308b0da980abf3a2a0c0d181beb79074d39a1d74f9996d3503a7b53373f,0x634398cb81b76bfc75ebb434cf7c82036f9e7d78|0xa444e53ede6a4f5d7970a920300e02e97c9e2bfa|0xabd380327fe66724ffda91a87c772fb8d00be488,0xa444e53ede6a4f5d7970a920300e02e97c9e2bfa,0x634398cb81b76bfc75ebb434cf7c82036f9e7d78,HGET,HGET,0x014a2308b0da980abf3a2a0c0d181beb79074d39a1d74f9996d3503a7b53373f_HGET,1624375487,1624375487,1,1483800000.0,1483.8,91.88758938449816,0,0,0.800000,bridge_dst_event_flow,True
BNB,Multi,bnb_flow_0x7a338563aa3a__synth_split_a,0x7a338563aa3a5acb2da754f80ed481871af959412b45f0eb9230f2f5c577fe52,0x9be92c2ceda53b9b40111488ae1ba64cd49f88e3|0xd1c5966f9f5ee6881ff6b261bbeda45972b1b5f3|0xedf0c420bc3b92b961c6ec411cc810ca81f5f21a,0x9be92c2ceda53b9b40111488ae1ba64cd49f88e3,0xedf0c420bc3b92b961c6ec411cc810ca81f5f21a,USDT,USDT,0x7a338563aa3a5acb2da754f80ed481871af959412b45f0eb9230f2f5c577fe52_USDT,1639404646,1639404646,1,2.82e+18,2.8200000000000003,2.8200000000000003,0,0,0.775000,bridge_dst_event_flow,True
BNB,Multi,bnb_flow_0x7a338563aa3a__synth_split_b,0x7a338563aa3a5acb2da754f80ed481871af959412b45f0eb9230f2f5c577fe52,0x9be92c2ceda53b9b40111488ae1ba64cd49f88e3|0xd1c5966f9f5ee6881ff6b261bbeda45972b1b5f3|0xedf0c420bc3b92b961c6ec411cc810ca81f5f21a,0x9be92c2ceda53b9b40111488ae1ba64cd49f88e3,0xedf0c420bc3b92b961c6ec411cc810ca81f5f21a,USDT,USDT,0x7a338563aa3a5acb2da754f80ed481871af959412b45f0eb9230f2f5c577fe52_USDT,1639404646,1639404646,1,2.82e+18,2.8200000000000003,2.8200000000000003,0,0,0.775000,bridge_dst_event_flow,True
BNB,Multi,bnb_flow_0x7a338563aa3a__synth_split_c,0x7a338563aa3a5acb2da754f80ed481871af959412b45f0eb9230f2f5c577fe52,0x9be92c2ceda53b9b40111488ae1ba64cd49f88e3|0xd1c5966f9f5ee6881ff6b261bbeda45972b1b5f3|0xedf0c420bc3b92b961c6ec411cc810ca81f5f21a,0x9be92c2ceda53b9b40111488ae1ba64cd49f88e3,0xedf0c420bc3b92b961c6ec411cc810ca81f5f21a,USDT,USDT,0x7a338563aa3a5acb2da754f80ed481871af959412b45f0eb9230f2f5c577fe52_USDT,1639404646,1639404646,1,2.82e+18,2.8200000000000003,2.8200000000000003,0,0,0.775000,bridge_dst_event_flow,True
BNB,Multi,bnb_flow_0x7a338563aa3a__synth_split_d,0x7a338563aa3a5acb2da754f80ed481871af959412b45f0eb9230f2f5c577fe52,0x9be92c2ceda53b9b40111488ae1ba64cd49f88e3|0xd1c5966f9f5ee6881ff6b261bbeda45972b1b5f3|0xedf0c420bc3b92b961c6ec411cc810ca81f5f21a,0x9be92c2ceda53b9b40111488ae1ba64cd49f88e3,0xedf0c420bc3b92b961c6ec411cc810ca81f5f21a,USDT,USDT,0x7a338563aa3a5acb2da754f80ed481871af959412b45f0eb9230f2f5c577fe52_USDT,1639404646,1639404646,1,2.82e+18,2.8200000000000003,2.8200000000000003,0,0,0.775000,bridge_dst_event_flow,True
BNB,Multi,bnb_flow_0x7a338563aa3a__synth_split_e,0x7a338563aa3a5acb2da754f80ed481871af959412b45f0eb9230f2f5c577fe52,0x9be92c2ceda53b9b40111488ae1ba64cd49f88e3|0xd1c5966f9f5ee6881ff6b261bbeda45972b1b5f3|0xedf0c420bc3b92b961c6ec411cc810ca81f5f21a,0x9be92c2ceda53b9b40111488ae1ba64cd49f88e3,0xedf0c420bc3b92b961c6ec411cc810ca81f5f21a,USDT,USDT,0x7a338563aa3a5acb2da754f80ed481871af959412b45f0eb9230f2f5c577fe52_USDT,1639404646,1639404646,1,2.82e+18,2.8200000000000003,2.8200000000000003,0,0,0.775000,bridge_dst_event_flow,True
BNB,Multi,bnb_flow_0x7a338563aa3a__synth_merge_dst,0x7a338563aa3a5acb2da754f80ed481871af959412b45f0eb9230f2f5c577fe52,0x9be92c2ceda53b9b40111488ae1ba64cd49f88e3|0xd1c5966f9f5ee6881ff6b261bbeda45972b1b5f3|0xedf0c420bc3b92b961c6ec411cc810ca81f5f21a,0x9be92c2ceda53b9b40111488ae1ba64cd49f88e3,0xedf0c420bc3b92b961c6ec411cc810ca81f5f21a,USDT,USDT,0x7a338563aa3a5acb2da754f80ed481871af959412b45f0eb9230f2f5c577fe52_USDT,1639404646,1639404646,1,1.41e+19,14.1,14.1,0,0,0.775000,bridge_dst_event_flow,True
BNB,Multi,bnb_flow_0x7a338563aa3a__synth_hidden_dst,0x7a338563aa3a5acb2da754f80ed481871af959412b45f0eb9230f2f5c577fe52,0x9be92c2ceda53b9b40111488ae1ba64cd49f88e3|0xd1c5966f9f5ee6881ff6b261bbeda45972b1b5f3|0xedf0c420bc3b92b961c6ec411cc810ca81f5f21a,0x9be92c2ceda53b9b40111488ae1ba64cd49f88e3,0xedf0c420bc3b92b961c6ec411cc810ca81f5f21a,USDT,USDT,0x7a338563aa3a5acb2da754f80ed481871af959412b45f0eb9230f2f5c577fe52_USDT,1639404646,1639404646,1,1.41e+19,14.1,14.1,0,0,0.775000,bridge_dst_event_flow,True
BNB,Multi,bnb_flow_0x7a338563aa3a__synth_noise_dst_0,0x7a338563aa3a5acb2da754f80ed481871af959412b45f0eb9230f2f5c577fe52,0x9be92c2ceda53b9b40111488ae1ba64cd49f88e3|0xd1c5966f9f5ee6881ff6b261bbeda45972b1b5f3|0xedf0c420bc3b92b961c6ec411cc810ca81f5f21a,0x9be92c2ceda53b9b40111488ae1ba64cd49f88e3,0xedf0c420bc3b92b961c6ec411cc810ca81f5f21a,USDT,USDT,0x7a338563aa3a5acb2da754f80ed481871af959412b45f0eb9230f2f5c577fe52_USDT,1639404706,1639404706,1,1.41e+19,14.1,14.1,0,0,0.775000,bridge_dst_event_flow,True
BNB,Multi,bnb_flow_0x7a338563aa3a__synth_noise_dst_1,0x7a338563aa3a5acb2da754f80ed481871af959412b45f0eb9230f2f5c577fe52,0x9be92c2ceda53b9b40111488ae1ba64cd49f88e3|0xd1c5966f9f5ee6881ff6b261bbeda45972b1b5f3|0xedf0c420bc3b92b961c6ec411cc810ca81f5f21a,0x9be92c2ceda53b9b40111488ae1ba64cd49f88e3,0xedf0c420bc3b92b961c6ec411cc810ca81f5f21a,USDT,USDT,0x7a338563aa3a5acb2da754f80ed481871af959412b45f0eb9230f2f5c577fe52_USDT,1639404766,1639404766,1,1.41e+19,14.1,14.1,0,0,0.775000,bridge_dst_event_flow,True
BNB,Multi,bnb_flow_0xa88f02e10278__synth_split_a,0xa88f02e1027864f7a5a8af46adb87404e76a819dd1aba90411da400f94c9e68b,0x44808c52aad3e2035054f84adf0df976a9fb68ba|0xd1c5966f9f5ee6881ff6b261bbeda45972b1b5f3|0xedf0c420bc3b92b961c6ec411cc810ca81f5f21a,0x44808c52aad3e2035054f84adf0df976a9fb68ba,0xedf0c420bc3b92b961c6ec411cc810ca81f5f21a,USDT,USDT,0xa88f02e1027864f7a5a8af46adb87404e76a819dd1aba90411da400f94c9e68b_USDT,1637252128,1637252128,1,1.987142857142857e+19,19.87142857142857,19.87142857142857,0,0,0.775000,bridge_dst_event_flow,True
BNB,Multi,bnb_flow_0xa88f02e10278__synth_split_b,0xa88f02e1027864f7a5a8af46adb87404e76a819dd1aba90411da400f94c9e68b,0x44808c52aad3e2035054f84adf0df976a9fb68ba|0xd1c5966f9f5ee6881ff6b261bbeda45972b1b5f3|0xedf0c420bc3b92b961c6ec411cc810ca81f5f21a,0x44808c52aad3e2035054f84adf0df976a9fb68ba,0xedf0c420bc3b92b961c6ec411cc810ca81f5f21a,USDT,USDT,0xa88f02e1027864f7a5a8af46adb87404e76a819dd1aba90411da400f94c9e68b_USDT,1637252128,1637252128,1,1.987142857142857e+19,19.87142857142857,19.87142857142857,0,0,0.775000,bridge_dst_event_flow,True
BNB,Multi,bnb_flow_0xa88f02e10278__synth_split_c,0xa88f02e1027864f7a5a8af46adb87404e76a819dd1aba90411da400f94c9e68b,0x44808c52aad3e2035054f84adf0df976a9fb68ba|0xd1c5966f9f5ee6881ff6b261bbeda45972b1b5f3|0xedf0c420bc3b92b961c6ec411cc810ca81f5f21a,0x44808c52aad3e2035054f84adf0df976a9fb68ba,0xedf0c420bc3b92b961c6ec411cc810ca81f5f21a,USDT,USDT,0xa88f02e1027864f7a5a8af46adb87404e76a819dd1aba90411da400f94c9e68b_USDT,1637252128,1637252128,1,1.987142857142857e+19,19.87142857142857,19.87142857142857,0,0,0.775000,bridge_dst_event_flow,True
BNB,Multi,bnb_flow_0xa88f02e10278__synth_split_d,0xa88f02e1027864f7a5a8af46adb87404e76a819dd1aba90411da400f94c9e68b,0x44808c52aad3e2035054f84adf0df976a9fb68ba|0xd1c5966f9f5ee6881ff6b261bbeda45972b1b5f3|0xedf0c420bc3b92b961c6ec411cc810ca81f5f21a,0x44808c52aad3e2035054f84adf0df976a9fb68ba,0xedf0c420bc3b92b961c6ec411cc810ca81f5f21a,USDT,USDT,0xa88f02e1027864f7a5a8af46adb87404e76a819dd1aba90411da400f94c9e68b_USDT,1637252128,1637252128,1,1.987142857142857e+19,19.87142857142857,19.87142857142857,0,0,0.775000,bridge_dst_event_flow,True
BNB,Multi,bnb_flow_0xa88f02e10278__synth_split_e,0xa88f02e1027864f7a5a8af46adb87404e76a819dd1aba90411da400f94c9e68b,0x44808c52aad3e2035054f84adf0df976a9fb68ba|0xd1c5966f9f5ee6881ff6b261bbeda45972b1b5f3|0xedf0c420bc3b92b961c6ec411cc810ca81f5f21a,0x44808c52aad3e2035054f84adf0df976a9fb68ba,0xedf0c420bc3b92b961c6ec411cc810ca81f5f21a,USDT,USDT,0xa88f02e1027864f7a5a8af46adb87404e76a819dd1aba90411da400f94c9e68b_USDT,1637252128,1637252128,1,1.987142857142857e+19,19.87142857142857,19.87142857142857,0,0,0.775000,bridge_dst_event_flow,True
BNB,Multi,bnb_flow_0xa88f02e10278__synth_split_f,0xa88f02e1027864f7a5a8af46adb87404e76a819dd1aba90411da400f94c9e68b,0x44808c52aad3e2035054f84adf0df976a9fb68ba|0xd1c5966f9f5ee6881ff6b261bbeda45972b1b5f3|0xedf0c420bc3b92b961c6ec411cc810ca81f5f21a,0x44808c52aad3e2035054f84adf0df976a9fb68ba,0xedf0c420bc3b92b961c6ec411cc810ca81f5f21a,USDT,USDT,0xa88f02e1027864f7a5a8af46adb87404e76a819dd1aba90411da400f94c9e68b_USDT,1637252128,1637252128,1,1.987142857142857e+19,19.87142857142857,19.87142857142857,0,0,0.775000,bridge_dst_event_flow,True
BNB,Multi,bnb_flow_0xa88f02e10278__synth_split_g,0xa88f02e1027864f7a5a8af46adb87404e76a819dd1aba90411da400f94c9e68b,0x44808c52aad3e2035054f84adf0df976a9fb68ba|0xd1c5966f9f5ee6881ff6b261bbeda45972b1b5f3|0xedf0c420bc3b92b961c6ec411cc810ca81f5f21a,0x44808c52aad3e2035054f84adf0df976a9fb68ba,0xedf0c420bc3b92b961c6ec411cc810ca81f5f21a,USDT,USDT,0xa88f02e1027864f7a5a8af46adb87404e76a819dd1aba90411da400f94c9e68b_USDT,1637252128,1637252128,1,1.987142857142857e+19,19.87142857142857,19.87142857142857,0,0,0.775000,bridge_dst_event_flow,True
BNB,Multi,bnb_flow_0xa88f02e10278__synth_merge_dst,0xa88f02e1027864f7a5a8af46adb87404e76a819dd1aba90411da400f94c9e68b,0x44808c52aad3e2035054f84adf0df976a9fb68ba|0xd1c5966f9f5ee6881ff6b261bbeda45972b1b5f3|0xedf0c420bc3b92b961c6ec411cc810ca81f5f21a,0x44808c52aad3e2035054f84adf0df976a9fb68ba,0xedf0c420bc3b92b961c6ec411cc810ca81f5f21a,USDT,USDT,0xa88f02e1027864f7a5a8af46adb87404e76a819dd1aba90411da400f94c9e68b_USDT,1637252128,1637252128,1,1.391e+20,139.1,139.1,0,0,0.775000,bridge_dst_event_flow,True
BNB,Multi,bnb_flow_0xa88f02e10278__synth_hidden_dst,0xa88f02e1027864f7a5a8af46adb87404e76a819dd1aba90411da400f94c9e68b,0x44808c52aad3e2035054f84adf0df976a9fb68ba|0xd1c5966f9f5ee6881ff6b261bbeda45972b1b5f3|0xedf0c420bc3b92b961c6ec411cc810ca81f5f21a,0x44808c52aad3e2035054f84adf0df976a9fb68ba,0xedf0c420bc3b92b961c6ec411cc810ca81f5f21a,USDT,USDT,0xa88f02e1027864f7a5a8af46adb87404e76a819dd1aba90411da400f94c9e68b_USDT,1637252128,1637252128,1,1.391e+20,139.1,139.1,0,0,0.775000,bridge_dst_event_flow,True
BNB,Multi,bnb_flow_0xa88f02e10278__synth_noise_dst_0,0xa88f02e1027864f7a5a8af46adb87404e76a819dd1aba90411da400f94c9e68b,0x44808c52aad3e2035054f84adf0df976a9fb68ba|0xd1c5966f9f5ee6881ff6b261bbeda45972b1b5f3|0xedf0c420bc3b92b961c6ec411cc810ca81f5f21a,0x44808c52aad3e2035054f84adf0df976a9fb68ba,0xedf0c420bc3b92b961c6ec411cc810ca81f5f21a,USDT,USDT,0xa88f02e1027864f7a5a8af46adb87404e76a819dd1aba90411da400f94c9e68b_USDT,1637252188,1637252188,1,1.391e+20,139.1,139.1,0,0,0.775000,bridge_dst_event_flow,True
BNB,Multi,bnb_flow_0xa88f02e10278__synth_noise_dst_1,0xa88f02e1027864f7a5a8af46adb87404e76a819dd1aba90411da400f94c9e68b,0x44808c52aad3e2035054f84adf0df976a9fb68ba|0xd1c5966f9f5ee6881ff6b261bbeda45972b1b5f3|0xedf0c420bc3b92b961c6ec411cc810ca81f5f21a,0x44808c52aad3e2035054f84adf0df976a9fb68ba,0xedf0c420bc3b92b961c6ec411cc810ca81f5f21a,USDT,USDT,0xa88f02e1027864f7a5a8af46adb87404e76a819dd1aba90411da400f94c9e68b_USDT,1637252248,1637252248,1,1.391e+20,139.1,139.1,0,0,0.775000,bridge_dst_event_flow,True
BNB,Multi,bnb_flow_0x4dd3f034fcd1__synth_split_a,0x4dd3f034fcd193c3edf9ce0d2c97c5b436ec689d306439f5790c5d5830960d42,0xd1c5966f9f5ee6881ff6b261bbeda45972b1b5f3|0xedf0c420bc3b92b961c6ec411cc810ca81f5f21a|0xf9ed530453caadc7f894c6d33fe727453de0acca,0xf9ed530453caadc7f894c6d33fe727453de0acca,0xedf0c420bc3b92b961c6ec411cc810ca81f5f21a,USDT,USDT,0x4dd3f034fcd193c3edf9ce0d2c97c5b436ec689d306439f5790c5d5830960d42_USDT,1639243989,1639243989,1,5.4386e+19,54.385999999999996,54.385999999999996,0,0,0.775000,bridge_dst_event_flow,True
BNB,Multi,bnb_flow_0x4dd3f034fcd1__synth_split_b,0x4dd3f034fcd193c3edf9ce0d2c97c5b436ec689d306439f5790c5d5830960d42,0xd1c5966f9f5ee6881ff6b261bbeda45972b1b5f3|0xedf0c420bc3b92b961c6ec411cc810ca81f5f21a|0xf9ed530453caadc7f894c6d33fe727453de0acca,0xf9ed530453caadc7f894c6d33fe727453de0acca,0xedf0c420bc3b92b961c6ec411cc810ca81f5f21a,USDT,USDT,0x4dd3f034fcd193c3edf9ce0d2c97c5b436ec689d306439f5790c5d5830960d42_USDT,1639243989,1639243989,1,5.4386e+19,54.385999999999996,54.385999999999996,0,0,0.775000,bridge_dst_event_flow,True
BNB,Multi,bnb_flow_0x4dd3f034fcd1__synth_split_c,0x4dd3f034fcd193c3edf9ce0d2c97c5b436ec689d306439f5790c5d5830960d42,0xd1c5966f9f5ee6881ff6b261bbeda45972b1b5f3|0xedf0c420bc3b92b961c6ec411cc810ca81f5f21a|0xf9ed530453caadc7f894c6d33fe727453de0acca,0xf9ed530453caadc7f894c6d33fe727453de0acca,0xedf0c420bc3b92b961c6ec411cc810ca81f5f21a,USDT,USDT,0x4dd3f034fcd193c3edf9ce0d2c97c5b436ec689d306439f5790c5d5830960d42_USDT,1639243989,1639243989,1,5.4386e+19,54.385999999999996,54.385999999999996,0,0,0.775000,bridge_dst_event_flow,True
BNB,Multi,bnb_flow_0x4dd3f034fcd1__synth_merge_dst,0x4dd3f034fcd193c3edf9ce0d2c97c5b436ec689d306439f5790c5d5830960d42,0xd1c5966f9f5ee6881ff6b261bbeda45972b1b5f3|0xedf0c420bc3b92b961c6ec411cc810ca81f5f21a|0xf9ed530453caadc7f894c6d33fe727453de0acca,0xf9ed530453caadc7f894c6d33fe727453de0acca,0xedf0c420bc3b92b961c6ec411cc810ca81f5f21a,USDT,USDT,0x4dd3f034fcd193c3edf9ce0d2c97c5b436ec689d306439f5790c5d5830960d42_USDT,1639243989,1639243989,1,1.63158e+20,163.158,163.158,0,0,0.775000,bridge_dst_event_flow,True
BNB,Multi,bnb_flow_0x4dd3f034fcd1__synth_hidden_dst,0x4dd3f034fcd193c3edf9ce0d2c97c5b436ec689d306439f5790c5d5830960d42,0xd1c5966f9f5ee6881ff6b261bbeda45972b1b5f3|0xedf0c420bc3b92b961c6ec411cc810ca81f5f21a|0xf9ed530453caadc7f894c6d33fe727453de0acca,0xf9ed530453caadc7f894c6d33fe727453de0acca,0xedf0c420bc3b92b961c6ec411cc810ca81f5f21a,USDT,USDT,0x4dd3f034fcd193c3edf9ce0d2c97c5b436ec689d306439f5790c5d5830960d42_USDT,1639243989,1639243989,1,1.63158e+20,163.158,163.158,0,0,0.775000,bridge_dst_event_flow,True
BNB,Multi,bnb_flow_0x4dd3f034fcd1__synth_noise_dst_0,0x4dd3f034fcd193c3edf9ce0d2c97c5b436ec689d306439f5790c5d5830960d42,0xd1c5966f9f5ee6881ff6b261bbeda45972b1b5f3|0xedf0c420bc3b92b961c6ec411cc810ca81f5f21a|0xf9ed530453caadc7f894c6d33fe727453de0acca,0xf9ed530453caadc7f894c6d33fe727453de0acca,0xedf0c420bc3b92b961c6ec411cc810ca81f5f21a,USDT,USDT,0x4dd3f034fcd193c3edf9ce0d2c97c5b436ec689d306439f5790c5d5830960d42_USDT,1639244049,1639244049,1,1.63158e+20,163.158,163.158,0,0,0.775000,bridge_dst_event_flow,True
BNB,Multi,bnb_flow_0x4dd3f034fcd1__synth_noise_dst_1,0x4dd3f034fcd193c3edf9ce0d2c97c5b436ec689d306439f5790c5d5830960d42,0xd1c5966f9f5ee6881ff6b261bbeda45972b1b5f3|0xedf0c420bc3b92b961c6ec411cc810ca81f5f21a|0xf9ed530453caadc7f894c6d33fe727453de0acca,0xf9ed530453caadc7f894c6d33fe727453de0acca,0xedf0c420bc3b92b961c6ec411cc810ca81f5f21a,USDT,USDT,0x4dd3f034fcd193c3edf9ce0d2c97c5b436ec689d306439f5790c5d5830960d42_USDT,1639244109,1639244109,1,1.63158e+20,163.158,163.158,0,0,0.775000,bridge_dst_event_flow,True
BNB,Multi,bnb_flow_0xd32994214da9__synth_split_a,0xd32994214da9e50c2940305fc3123676c84a09e705f9a3beff39c5612658c823,0x31c89ad1a4380e0a4d57b818278fbd20729612a1|0xd1c5966f9f5ee6881ff6b261bbeda45972b1b5f3|0xedf0c420bc3b92b961c6ec411cc810ca81f5f21a,0x31c89ad1a4380e0a4d57b818278fbd20729612a1,0xedf0c420bc3b92b961c6ec411cc810ca81f5f21a,USDT,USDT,0xd32994214da9e50c2940305fc3123676c84a09e705f9a3beff39c5612658c823_USDT,1639197668,1639197668,1,5.929e+19,59.29,59.29,0,0,0.775000,bridge_dst_event_flow,True
BNB,Multi,bnb_flow_0xd32994214da9__synth_split_b,0xd32994214da9e50c2940305fc3123676c84a09e705f9a3beff39c5612658c823,0x31c89ad1a4380e0a4d57b818278fbd20729612a1|0xd1c5966f9f5ee6881ff6b261bbeda45972b1b5f3|0xedf0c420bc3b92b961c6ec411cc810ca81f5f21a,0x31c89ad1a4380e0a4d57b818278fbd20729612a1,0xedf0c420bc3b92b961c6ec411cc810ca81f5f21a,USDT,USDT,0xd32994214da9e50c2940305fc3123676c84a09e705f9a3beff39c5612658c823_USDT,1639197668,1639197668,1,5.929e+19,59.29,59.29,0,0,0.775000,bridge_dst_event_flow,True
BNB,Multi,bnb_flow_0xd32994214da9__synth_merge_dst,0xd32994214da9e50c2940305fc3123676c84a09e705f9a3beff39c5612658c823,0x31c89ad1a4380e0a4d57b818278fbd20729612a1|0xd1c5966f9f5ee6881ff6b261bbeda45972b1b5f3|0xedf0c420bc3b92b961c6ec411cc810ca81f5f21a,0x31c89ad1a4380e0a4d57b818278fbd20729612a1,0xedf0c420bc3b92b961c6ec411cc810ca81f5f21a,USDT,USDT,0xd32994214da9e50c2940305fc3123676c84a09e705f9a3beff39c5612658c823_USDT,1639197668,1639197668,1,1.1858e+20,118.58,118.58,0,0,0.775000,bridge_dst_event_flow,True
BNB,Multi,bnb_flow_0xd32994214da9__synth_hidden_dst,0xd32994214da9e50c2940305fc3123676c84a09e705f9a3beff39c5612658c823,0x31c89ad1a4380e0a4d57b818278fbd20729612a1|0xd1c5966f9f5ee6881ff6b261bbeda45972b1b5f3|0xedf0c420bc3b92b961c6ec411cc810ca81f5f21a,0x31c89ad1a4380e0a4d57b818278fbd20729612a1,0xedf0c420bc3b92b961c6ec411cc810ca81f5f21a,USDT,USDT,0xd32994214da9e50c2940305fc3123676c84a09e705f9a3beff39c5612658c823_USDT,1639197668,1639197668,1,1.1858e+20,118.58,118.58,0,0,0.775000,bridge_dst_event_flow,True
BNB,Multi,bnb_flow_0xd32994214da9__synth_noise_dst_0,0xd32994214da9e50c2940305fc3123676c84a09e705f9a3beff39c5612658c823,0x31c89ad1a4380e0a4d57b818278fbd20729612a1|0xd1c5966f9f5ee6881ff6b261bbeda45972b1b5f3|0xedf0c420bc3b92b961c6ec411cc810ca81f5f21a,0x31c89ad1a4380e0a4d57b818278fbd20729612a1,0xedf0c420bc3b92b961c6ec411cc810ca81f5f21a,USDT,USDT,0xd32994214da9e50c2940305fc3123676c84a09e705f9a3beff39c5612658c823_USDT,1639197728,1639197728,1,1.1858e+20,118.58,118.58,0,0,0.775000,bridge_dst_event_flow,True
BNB,Multi,bnb_flow_0xd32994214da9__synth_noise_dst_1,0xd32994214da9e50c2940305fc3123676c84a09e705f9a3beff39c5612658c823,0x31c89ad1a4380e0a4d57b818278fbd20729612a1|0xd1c5966f9f5ee6881ff6b261bbeda45972b1b5f3|0xedf0c420bc3b92b961c6ec411cc810ca81f5f21a,0x31c89ad1a4380e0a4d57b818278fbd20729612a1,0xedf0c420bc3b92b961c6ec411cc810ca81f5f21a,USDT,USDT,0xd32994214da9e50c2940305fc3123676c84a09e705f9a3beff39c5612658c823_USDT,1639197788,1639197788,1,1.1858e+20,118.58,118.58,0,0,0.775000,bridge_dst_event_flow,True
BNB,Multi,bnb_flow_0x97683d4dfd63__synth_split_a,0x97683d4dfd63e08d1aceecd5e9b9f812471ed958ff42a8ae6b252ac60e34cdde,0x94977c9888f3d2fafae290d33fab4a5a598ad764|0xa78d2c69b34cab96cace31967afe52013dfcb604|0xabd380327fe66724ffda91a87c772fb8d00be488,0xa78d2c69b34cab96cace31967afe52013dfcb604,0x94977c9888f3d2fafae290d33fab4a5a598ad764,HYVE,HYVE,0x97683d4dfd63e08d1aceecd5e9b9f812471ed958ff42a8ae6b252ac60e34cdde_HYVE,1630918150,1630918150,1,6.25565e+21,6255.65,1.0963591052281023,0,0,0.800000,bridge_dst_event_flow,True
BNB,Multi,bnb_flow_0x97683d4dfd63__synth_split_b,0x97683d4dfd63e08d1aceecd5e9b9f812471ed958ff42a8ae6b252ac60e34cdde,0x94977c9888f3d2fafae290d33fab4a5a598ad764|0xa78d2c69b34cab96cace31967afe52013dfcb604|0xabd380327fe66724ffda91a87c772fb8d00be488,0xa78d2c69b34cab96cace31967afe52013dfcb604,0x94977c9888f3d2fafae290d33fab4a5a598ad764,HYVE,HYVE,0x97683d4dfd63e08d1aceecd5e9b9f812471ed958ff42a8ae6b252ac60e34cdde_HYVE,1630918150,1630918150,1,6.25565e+21,6255.65,1.0963591052281023,0,0,0.800000,bridge_dst_event_flow,True
BNB,Multi,bnb_flow_0x97683d4dfd63__synth_split_c,0x97683d4dfd63e08d1aceecd5e9b9f812471ed958ff42a8ae6b252ac60e34cdde,0x94977c9888f3d2fafae290d33fab4a5a598ad764|0xa78d2c69b34cab96cace31967afe52013dfcb604|0xabd380327fe66724ffda91a87c772fb8d00be488,0xa78d2c69b34cab96cace31967afe52013dfcb604,0x94977c9888f3d2fafae290d33fab4a5a598ad764,HYVE,HYVE,0x97683d4dfd63e08d1aceecd5e9b9f812471ed958ff42a8ae6b252ac60e34cdde_HYVE,1630918150,1630918150,1,6.25565e+21,6255.65,1.0963591052281023,0,0,0.800000,bridge_dst_event_flow,True
BNB,Multi,bnb_flow_0x97683d4dfd63__synth_split_d,0x97683d4dfd63e08d1aceecd5e9b9f812471ed958ff42a8ae6b252ac60e34cdde,0x94977c9888f3d2fafae290d33fab4a5a598ad764|0xa78d2c69b34cab96cace31967afe52013dfcb604|0xabd380327fe66724ffda91a87c772fb8d00be488,0xa78d2c69b34cab96cace31967afe52013dfcb604,0x94977c9888f3d2fafae290d33fab4a5a598ad764,HYVE,HYVE,0x97683d4dfd63e08d1aceecd5e9b9f812471ed958ff42a8ae6b252ac60e34cdde_HYVE,1630918150,1630918150,1,6.25565e+21,6255.65,1.0963591052281023,0,0,0.800000,bridge_dst_event_flow,True
BNB,Multi,bnb_flow_0x97683d4dfd63__synth_merge_dst,0x97683d4dfd63e08d1aceecd5e9b9f812471ed958ff42a8ae6b252ac60e34cdde,0x94977c9888f3d2fafae290d33fab4a5a598ad764|0xa78d2c69b34cab96cace31967afe52013dfcb604|0xabd380327fe66724ffda91a87c772fb8d00be488,0xa78d2c69b34cab96cace31967afe52013dfcb604,0x94977c9888f3d2fafae290d33fab4a5a598ad764,HYVE,HYVE,0x97683d4dfd63e08d1aceecd5e9b9f812471ed958ff42a8ae6b252ac60e34cdde_HYVE,1630918150,1630918150,1,2.50226e+22,25022.6,4.385436420912409,0,0,0.800000,bridge_dst_event_flow,True
BNB,Multi,bnb_flow_0x97683d4dfd63__synth_hidden_dst,0x97683d4dfd63e08d1aceecd5e9b9f812471ed958ff42a8ae6b252ac60e34cdde,0x94977c9888f3d2fafae290d33fab4a5a598ad764|0xa78d2c69b34cab96cace31967afe52013dfcb604|0xabd380327fe66724ffda91a87c772fb8d00be488,0xa78d2c69b34cab96cace31967afe52013dfcb604,0x94977c9888f3d2fafae290d33fab4a5a598ad764,HYVE,HYVE,0x97683d4dfd63e08d1aceecd5e9b9f812471ed958ff42a8ae6b252ac60e34cdde_HYVE,1630918150,1630918150,1,2.50226e+22,25022.6,4.385436420912409,0,0,0.800000,bridge_dst_event_flow,True
BNB,Multi,bnb_flow_0x97683d4dfd63__synth_noise_dst_0,0x97683d4dfd63e08d1aceecd5e9b9f812471ed958ff42a8ae6b252ac60e34cdde,0x94977c9888f3d2fafae290d33fab4a5a598ad764|0xa78d2c69b34cab96cace31967afe52013dfcb604|0xabd380327fe66724ffda91a87c772fb8d00be488,0xa78d2c69b34cab96cace31967afe52013dfcb604,0x94977c9888f3d2fafae290d33fab4a5a598ad764,HYVE,HYVE,0x97683d4dfd63e08d1aceecd5e9b9f812471ed958ff42a8ae6b252ac60e34cdde_HYVE,1630918210,1630918210,1,2.50226e+22,25022.6,4.385436420912409,0,0,0.800000,bridge_dst_event_flow,True
BNB,Multi,bnb_flow_0x97683d4dfd63__synth_noise_dst_1,0x97683d4dfd63e08d1aceecd5e9b9f812471ed958ff42a8ae6b252ac60e34cdde,0x94977c9888f3d2fafae290d33fab4a5a598ad764|0xa78d2c69b34cab96cace31967afe52013dfcb604|0xabd380327fe66724ffda91a87c772fb8d00be488,0xa78d2c69b34cab96cace31967afe52013dfcb604,0x94977c9888f3d2fafae290d33fab4a5a598ad764,HYVE,HYVE,0x97683d4dfd63e08d1aceecd5e9b9f812471ed958ff42a8ae6b252ac60e34cdde_HYVE,1630918270,1630918270,1,2.50226e+22,25022.6,4.385436420912409,0,0,0.800000,bridge_dst_event_flow,True
BNB,Multi,bnb_flow_0x61a9fa9048b5__synth_split_a,0x61a9fa9048b52938efaa31eeae7ce0023070e03c007753ff07bc2dc95c7ee57c,0x03083604fe8c0aeed5d0ef34ac604bf7238d1864|0xd1c5966f9f5ee6881ff6b261bbeda45972b1b5f3|0xedf0c420bc3b92b961c6ec411cc810ca81f5f21a,0x03083604fe8c0aeed5d0ef34ac604bf7238d1864,0xedf0c420bc3b92b961c6ec411cc810ca81f5f21a,USDT,USDT,0x61a9fa9048b52938efaa31eeae7ce0023070e03c007753ff07bc2dc95c7ee57c_USDT,1638137779,1638137779,1,9.55e+18,9.55,9.55,0,0,0.775000,bridge_dst_event_flow,True
BNB,Multi,bnb_flow_0x61a9fa9048b5__synth_split_b,0x61a9fa9048b52938efaa31eeae7ce0023070e03c007753ff07bc2dc95c7ee57c,0x03083604fe8c0aeed5d0ef34ac604bf7238d1864|0xd1c5966f9f5ee6881ff6b261bbeda45972b1b5f3|0xedf0c420bc3b92b961c6ec411cc810ca81f5f21a,0x03083604fe8c0aeed5d0ef34ac604bf7238d1864,0xedf0c420bc3b92b961c6ec411cc810ca81f5f21a,USDT,USDT,0x61a9fa9048b52938efaa31eeae7ce0023070e03c007753ff07bc2dc95c7ee57c_USDT,1638137779,1638137779,1,9.55e+18,9.55,9.55,0,0,0.775000,bridge_dst_event_flow,True
BNB,Multi,bnb_flow_0x61a9fa9048b5__synth_merge_dst,0x61a9fa9048b52938efaa31eeae7ce0023070e03c007753ff07bc2dc95c7ee57c,0x03083604fe8c0aeed5d0ef34ac604bf7238d1864|0xd1c5966f9f5ee6881ff6b261bbeda45972b1b5f3|0xedf0c420bc3b92b961c6ec411cc810ca81f5f21a,0x03083604fe8c0aeed5d0ef34ac604bf7238d1864,0xedf0c420bc3b92b961c6ec411cc810ca81f5f21a,USDT,USDT,0x61a9fa9048b52938efaa31eeae7ce0023070e03c007753ff07bc2dc95c7ee57c_USDT,1638137779,1638137779,1,1.91e+19,19.1,19.1,0,0,0.775000,bridge_dst_event_flow,True
BNB,Multi,bnb_flow_0x61a9fa9048b5__synth_hidden_dst,0x61a9fa9048b52938efaa31eeae7ce0023070e03c007753ff07bc2dc95c7ee57c,0x03083604fe8c0aeed5d0ef34ac604bf7238d1864|0xd1c5966f9f5ee6881ff6b261bbeda45972b1b5f3|0xedf0c420bc3b92b961c6ec411cc810ca81f5f21a,0x03083604fe8c0aeed5d0ef34ac604bf7238d1864,0xedf0c420bc3b92b961c6ec411cc810ca81f5f21a,USDT,USDT,0x61a9fa9048b52938efaa31eeae7ce0023070e03c007753ff07bc2dc95c7ee57c_USDT,1638137779,1638137779,1,1.91e+19,19.1,19.1,0,0,0.775000,bridge_dst_event_flow,True
BNB,Multi,bnb_flow_0x61a9fa9048b5__synth_noise_dst_0,0x61a9fa9048b52938efaa31eeae7ce0023070e03c007753ff07bc2dc95c7ee57c,0x03083604fe8c0aeed5d0ef34ac604bf7238d1864|0xd1c5966f9f5ee6881ff6b261bbeda45972b1b5f3|0xedf0c420bc3b92b961c6ec411cc810ca81f5f21a,0x03083604fe8c0aeed5d0ef34ac604bf7238d1864,0xedf0c420bc3b92b961c6ec411cc810ca81f5f21a,USDT,USDT,0x61a9fa9048b52938efaa31eeae7ce0023070e03c007753ff07bc2dc95c7ee57c_USDT,1638137839,1638137839,1,1.91e+19,19.1,19.1,0,0,0.775000,bridge_dst_event_flow,True
BNB,Multi,bnb_flow_0x61a9fa9048b5__synth_noise_dst_1,0x61a9fa9048b52938efaa31eeae7ce0023070e03c007753ff07bc2dc95c7ee57c,0x03083604fe8c0aeed5d0ef34ac604bf7238d1864|0xd1c5966f9f5ee6881ff6b261bbeda45972b1b5f3|0xedf0c420bc3b92b961c6ec411cc810ca81f5f21a,0x03083604fe8c0aeed5d0ef34ac604bf7238d1864,0xedf0c420bc3b92b961c6ec411cc810ca81f5f21a,USDT,USDT,0x61a9fa9048b52938efaa31eeae7ce0023070e03c007753ff07bc2dc95c7ee57c_USDT,1638137899,1638137899,1,1.91e+19,19.1,19.1,0,0,0.775000,bridge_dst_event_flow,True
BNB,Multi,bnb_flow_0x6672fd9e8a06__synth_split_a,0x6672fd9e8a06900bb4f08ec0140ea2e5ece883b40cf0c7abbe12aa73037d9d21,0x47aa96b10cb99efb001c693cacc4b60638dbb375|0xd1c5966f9f5ee6881ff6b261bbeda45972b1b5f3|0xedf0c420bc3b92b961c6ec411cc810ca81f5f21a,0x47aa96b10cb99efb001c693cacc4b60638dbb375,0xedf0c420bc3b92b961c6ec411cc810ca81f5f21a,USDT,USDT,0x6672fd9e8a06900bb4f08ec0140ea2e5ece883b40cf0c7abbe12aa73037d9d21_USDT,1638298992,1638298992,1,1.6837142857142856e+19,16.837142857142855,16.837142857142855,0,0,0.775000,bridge_dst_event_flow,True
BNB,Multi,bnb_flow_0x6672fd9e8a06__synth_split_b,0x6672fd9e8a06900bb4f08ec0140ea2e5ece883b40cf0c7abbe12aa73037d9d21,0x47aa96b10cb99efb001c693cacc4b60638dbb375|0xd1c5966f9f5ee6881ff6b261bbeda45972b1b5f3|0xedf0c420bc3b92b961c6ec411cc810ca81f5f21a,0x47aa96b10cb99efb001c693cacc4b60638dbb375,0xedf0c420bc3b92b961c6ec411cc810ca81f5f21a,USDT,USDT,0x6672fd9e8a06900bb4f08ec0140ea2e5ece883b40cf0c7abbe12aa73037d9d21_USDT,1638298992,1638298992,1,1.6837142857142856e+19,16.837142857142855,16.837142857142855,0,0,0.775000,bridge_dst_event_flow,True
BNB,Multi,bnb_flow_0x6672fd9e8a06__synth_split_c,0x6672fd9e8a06900bb4f08ec0140ea2e5ece883b40cf0c7abbe12aa73037d9d21,0x47aa96b10cb99efb001c693cacc4b60638dbb375|0xd1c5966f9f5ee6881ff6b261bbeda45972b1b5f3|0xedf0c420bc3b92b961c6ec411cc810ca81f5f21a,0x47aa96b10cb99efb001c693cacc4b60638dbb375,0xedf0c420bc3b92b961c6ec411cc810ca81f5f21a,USDT,USDT,0x6672fd9e8a06900bb4f08ec0140ea2e5ece883b40cf0c7abbe12aa73037d9d21_USDT,1638298992,1638298992,1,1.6837142857142856e+19,16.837142857142855,16.837142857142855,0,0,0.775000,bridge_dst_event_flow,True
BNB,Multi,bnb_flow_0x6672fd9e8a06__synth_split_d,0x6672fd9e8a06900bb4f08ec0140ea2e5ece883b40cf0c7abbe12aa73037d9d21,0x47aa96b10cb99efb001c693cacc4b60638dbb375|0xd1c5966f9f5ee6881ff6b261bbeda45972b1b5f3|0xedf0c420bc3b92b961c6ec411cc810ca81f5f21a,0x47aa96b10cb99efb001c693cacc4b60638dbb375,0xedf0c420bc3b92b961c6ec411cc810ca81f5f21a,USDT,USDT,0x6672fd9e8a06900bb4f08ec0140ea2e5ece883b40cf0c7abbe12aa73037d9d21_USDT,1638298992,1638298992,1,1.6837142857142856e+19,16.837142857142855,16.837142857142855,0,0,0.775000,bridge_dst_event_flow,True
BNB,Multi,bnb_flow_0x6672fd9e8a06__synth_split_e,0x6672fd9e8a06900bb4f08ec0140ea2e5ece883b40cf0c7abbe12aa73037d9d21,0x47aa96b10cb99efb001c693cacc4b60638dbb375|0xd1c5966f9f5ee6881ff6b261bbeda45972b1b5f3|0xedf0c420bc3b92b961c6ec411cc810ca81f5f21a,0x47aa96b10cb99efb001c693cacc4b60638dbb375,0xedf0c420bc3b92b961c6ec411cc810ca81f5f21a,USDT,USDT,0x6672fd9e8a06900bb4f08ec0140ea2e5ece883b40cf0c7abbe12aa73037d9d21_USDT,1638298992,1638298992,1,1.6837142857142856e+19,16.837142857142855,16.837142857142855,0,0,0.775000,bridge_dst_event_flow,True
BNB,Multi,bnb_flow_0x6672fd9e8a06__synth_split_f,0x6672fd9e8a06900bb4f08ec0140ea2e5ece883b40cf0c7abbe12aa73037d9d21,0x47aa96b10cb99efb001c693cacc4b60638dbb375|0xd1c5966f9f5ee6881ff6b261bbeda45972b1b5f3|0xedf0c420bc3b92b961c6ec411cc810ca81f5f21a,0x47aa96b10cb99efb001c693cacc4b60638dbb375,0xedf0c420bc3b92b961c6ec411cc810ca81f5f21a,USDT,USDT,0x6672fd9e8a06900bb4f08ec0140ea2e5ece883b40cf0c7abbe12aa73037d9d21_USDT,1638298992,1638298992,1,1.6837142857142856e+19,16.837142857142855,16.837142857142855,0,0,0.775000,bridge_dst_event_flow,True
BNB,Multi,bnb_flow_0x6672fd9e8a06__synth_split_g,0x6672fd9e8a06900bb4f08ec0140ea2e5ece883b40cf0c7abbe12aa73037d9d21,0x47aa96b10cb99efb001c693cacc4b60638dbb375|0xd1c5966f9f5ee6881ff6b261bbeda45972b1b5f3|0xedf0c420bc3b92b961c6ec411cc810ca81f5f21a,0x47aa96b10cb99efb001c693cacc4b60638dbb375,0xedf0c420bc3b92b961c6ec411cc810ca81f5f21a,USDT,USDT,0x6672fd9e8a06900bb4f08ec0140ea2e5ece883b40cf0c7abbe12aa73037d9d21_USDT,1638298992,1638298992,1,1.6837142857142856e+19,16.837142857142855,16.837142857142855,0,0,0.775000,bridge_dst_event_flow,True
BNB,Multi,bnb_flow_0x6672fd9e8a06__synth_merge_dst,0x6672fd9e8a06900bb4f08ec0140ea2e5ece883b40cf0c7abbe12aa73037d9d21,0x47aa96b10cb99efb001c693cacc4b60638dbb375|0xd1c5966f9f5ee6881ff6b261bbeda45972b1b5f3|0xedf0c420bc3b92b961c6ec411cc810ca81f5f21a,0x47aa96b10cb99efb001c693cacc4b60638dbb375,0xedf0c420bc3b92b961c6ec411cc810ca81f5f21a,USDT,USDT,0x6672fd9e8a06900bb4f08ec0140ea2e5ece883b40cf0c7abbe12aa73037d9d21_USDT,1638298992,1638298992,1,1.1786e+20,117.86,117.86,0,0,0.775000,bridge_dst_event_flow,True
BNB,Multi,bnb_flow_0x6672fd9e8a06__synth_hidden_dst,0x6672fd9e8a06900bb4f08ec0140ea2e5ece883b40cf0c7abbe12aa73037d9d21,0x47aa96b10cb99efb001c693cacc4b60638dbb375|0xd1c5966f9f5ee6881ff6b261bbeda45972b1b5f3|0xedf0c420bc3b92b961c6ec411cc810ca81f5f21a,0x47aa96b10cb99efb001c693cacc4b60638dbb375,0xedf0c420bc3b92b961c6ec411cc810ca81f5f21a,USDT,USDT,0x6672fd9e8a06900bb4f08ec0140ea2e5ece883b40cf0c7abbe12aa73037d9d21_USDT,1638298992,1638298992,1,1.1786e+20,117.86,117.86,0,0,0.775000,bridge_dst_event_flow,True
BNB,Multi,bnb_flow_0x6672fd9e8a06__synth_noise_dst_0,0x6672fd9e8a06900bb4f08ec0140ea2e5ece883b40cf0c7abbe12aa73037d9d21,0x47aa96b10cb99efb001c693cacc4b60638dbb375|0xd1c5966f9f5ee6881ff6b261bbeda45972b1b5f3|0xedf0c420bc3b92b961c6ec411cc810ca81f5f21a,0x47aa96b10cb99efb001c693cacc4b60638dbb375,0xedf0c420bc3b92b961c6ec411cc810ca81f5f21a,USDT,USDT,0x6672fd9e8a06900bb4f08ec0140ea2e5ece883b40cf0c7abbe12aa73037d9d21_USDT,1638299052,1638299052,1,1.1786e+20,117.86,117.86,0,0,0.775000,bridge_dst_event_flow,True
BNB,Multi,bnb_flow_0x6672fd9e8a06__synth_noise_dst_1,0x6672fd9e8a06900bb4f08ec0140ea2e5ece883b40cf0c7abbe12aa73037d9d21,0x47aa96b10cb99efb001c693cacc4b60638dbb375|0xd1c5966f9f5ee6881ff6b261bbeda45972b1b5f3|0xedf0c420bc3b92b961c6ec411cc810ca81f5f21a,0x47aa96b10cb99efb001c693cacc4b60638dbb375,0xedf0c420bc3b92b961c6ec411cc810ca81f5f21a,USDT,USDT,0x6672fd9e8a06900bb4f08ec0140ea2e5ece883b40cf0c7abbe12aa73037d9d21_USDT,1638299112,1638299112,1,1.1786e+20,117.86,117.86,0,0,0.775000,bridge_dst_event_flow,True
BNB,Multi,bnb_flow_0x83d34064a44d__synth_split_a,0x83d34064a44d5c44c65271d903c41d3abd4531489990048ea24360b3d48ca2c0,0xd1c5966f9f5ee6881ff6b261bbeda45972b1b5f3|0xd4558ff55d3ce123dd42086c1d2c682b9c8aef0d|0xedf0c420bc3b92b961c6ec411cc810ca81f5f21a,0xd4558ff55d3ce123dd42086c1d2c682b9c8aef0d,0xedf0c420bc3b92b961c6ec411cc810ca81f5f21a,USDT,USDT,0x83d34064a44d5c44c65271d903c41d3abd4531489990048ea24360b3d48ca2c0_USDT,1637893647,1637893647,1,3.330333333333333e+20,333.0333333333333,333.0333333333333,0,0,0.775000,bridge_dst_event_flow,True
BNB,Multi,bnb_flow_0x83d34064a44d__synth_split_b,0x83d34064a44d5c44c65271d903c41d3abd4531489990048ea24360b3d48ca2c0,0xd1c5966f9f5ee6881ff6b261bbeda45972b1b5f3|0xd4558ff55d3ce123dd42086c1d2c682b9c8aef0d|0xedf0c420bc3b92b961c6ec411cc810ca81f5f21a,0xd4558ff55d3ce123dd42086c1d2c682b9c8aef0d,0xedf0c420bc3b92b961c6ec411cc810ca81f5f21a,USDT,USDT,0x83d34064a44d5c44c65271d903c41d3abd4531489990048ea24360b3d48ca2c0_USDT,1637893647,1637893647,1,3.330333333333333e+20,333.0333333333333,333.0333333333333,0,0,0.775000,bridge_dst_event_flow,True
BNB,Multi,bnb_flow_0x83d34064a44d__synth_split_c,0x83d34064a44d5c44c65271d903c41d3abd4531489990048ea24360b3d48ca2c0,0xd1c5966f9f5ee6881ff6b261bbeda45972b1b5f3|0xd4558ff55d3ce123dd42086c1d2c682b9c8aef0d|0xedf0c420bc3b92b961c6ec411cc810ca81f5f21a,0xd4558ff55d3ce123dd42086c1d2c682b9c8aef0d,0xedf0c420bc3b92b961c6ec411cc810ca81f5f21a,USDT,USDT,0x83d34064a44d5c44c65271d903c41d3abd4531489990048ea24360b3d48ca2c0_USDT,1637893647,1637893647,1,3.330333333333333e+20,333.0333333333333,333.0333333333333,0,0,0.775000,bridge_dst_event_flow,True
BNB,Multi,bnb_flow_0x83d34064a44d__synth_merge_dst,0x83d34064a44d5c44c65271d903c41d3abd4531489990048ea24360b3d48ca2c0,0xd1c5966f9f5ee6881ff6b261bbeda45972b1b5f3|0xd4558ff55d3ce123dd42086c1d2c682b9c8aef0d|0xedf0c420bc3b92b961c6ec411cc810ca81f5f21a,0xd4558ff55d3ce123dd42086c1d2c682b9c8aef0d,0xedf0c420bc3b92b961c6ec411cc810ca81f5f21a,USDT,USDT,0x83d34064a44d5c44c65271d903c41d3abd4531489990048ea24360b3d48ca2c0_USDT,1637893647,1637893647,1,9.991e+20,999.1,999.1,0,0,0.775000,bridge_dst_event_flow,True
BNB,Multi,bnb_flow_0x83d34064a44d__synth_hidden_dst,0x83d34064a44d5c44c65271d903c41d3abd4531489990048ea24360b3d48ca2c0,0xd1c5966f9f5ee6881ff6b261bbeda45972b1b5f3|0xd4558ff55d3ce123dd42086c1d2c682b9c8aef0d|0xedf0c420bc3b92b961c6ec411cc810ca81f5f21a,0xd4558ff55d3ce123dd42086c1d2c682b9c8aef0d,0xedf0c420bc3b92b961c6ec411cc810ca81f5f21a,USDT,USDT,0x83d34064a44d5c44c65271d903c41d3abd4531489990048ea24360b3d48ca2c0_USDT,1637893647,1637893647,1,9.991e+20,999.1,999.1,0,0,0.775000,bridge_dst_event_flow,True
BNB,Multi,bnb_flow_0x83d34064a44d__synth_noise_dst_0,0x83d34064a44d5c44c65271d903c41d3abd4531489990048ea24360b3d48ca2c0,0xd1c5966f9f5ee6881ff6b261bbeda45972b1b5f3|0xd4558ff55d3ce123dd42086c1d2c682b9c8aef0d|0xedf0c420bc3b92b961c6ec411cc810ca81f5f21a,0xd4558ff55d3ce123dd42086c1d2c682b9c8aef0d,0xedf0c420bc3b92b961c6ec411cc810ca81f5f21a,USDT,USDT,0x83d34064a44d5c44c65271d903c41d3abd4531489990048ea24360b3d48ca2c0_USDT,1637893707,1637893707,1,9.991e+20,999.1,999.1,0,0,0.775000,bridge_dst_event_flow,True
BNB,Multi,bnb_flow_0x83d34064a44d__synth_noise_dst_1,0x83d34064a44d5c44c65271d903c41d3abd4531489990048ea24360b3d48ca2c0,0xd1c5966f9f5ee6881ff6b261bbeda45972b1b5f3|0xd4558ff55d3ce123dd42086c1d2c682b9c8aef0d|0xedf0c420bc3b92b961c6ec411cc810ca81f5f21a,0xd4558ff55d3ce123dd42086c1d2c682b9c8aef0d,0xedf0c420bc3b92b961c6ec411cc810ca81f5f21a,USDT,USDT,0x83d34064a44d5c44c65271d903c41d3abd4531489990048ea24360b3d48ca2c0_USDT,1637893767,1637893767,1,9.991e+20,999.1,999.1,0,0,0.775000,bridge_dst_event_flow,True
BNB,Multi,bnb_flow_0x352668538c95__synth_split_a,0x352668538c959943ea0e16c6f8f0fe4ca8d5880a7659637baea86154abed4f13,0xa5490f872dde912d367e69103a84ea5677755ac4|0xd1c5966f9f5ee6881ff6b261bbeda45972b1b5f3|0xedf0c420bc3b92b961c6ec411cc810ca81f5f21a,0xa5490f872dde912d367e69103a84ea5677755ac4,0xedf0c420bc3b92b961c6ec411cc810ca81f5f21a,USDT,USDT,0x352668538c959943ea0e16c6f8f0fe4ca8d5880a7659637baea86154abed4f13_USDT,1638627682,1638627682,1,4.9955e+20,499.55,499.55,0,0,0.775000,bridge_dst_event_flow,True
BNB,Multi,bnb_flow_0x352668538c95__synth_split_b,0x352668538c959943ea0e16c6f8f0fe4ca8d5880a7659637baea86154abed4f13,0xa5490f872dde912d367e69103a84ea5677755ac4|0xd1c5966f9f5ee6881ff6b261bbeda45972b1b5f3|0xedf0c420bc3b92b961c6ec411cc810ca81f5f21a,0xa5490f872dde912d367e69103a84ea5677755ac4,0xedf0c420bc3b92b961c6ec411cc810ca81f5f21a,USDT,USDT,0x352668538c959943ea0e16c6f8f0fe4ca8d5880a7659637baea86154abed4f13_USDT,1638627682,1638627682,1,4.9955e+20,499.55,499.55,0,0,0.775000,bridge_dst_event_flow,True
BNB,Multi,bnb_flow_0x352668538c95__synth_merge_dst,0x352668538c959943ea0e16c6f8f0fe4ca8d5880a7659637baea86154abed4f13,0xa5490f872dde912d367e69103a84ea5677755ac4|0xd1c5966f9f5ee6881ff6b261bbeda45972b1b5f3|0xedf0c420bc3b92b961c6ec411cc810ca81f5f21a,0xa5490f872dde912d367e69103a84ea5677755ac4,0xedf0c420bc3b92b961c6ec411cc810ca81f5f21a,USDT,USDT,0x352668538c959943ea0e16c6f8f0fe4ca8d5880a7659637baea86154abed4f13_USDT,1638627682,1638627682,1,9.991e+20,999.1,999.1,0,0,0.775000,bridge_dst_event_flow,True
BNB,Multi,bnb_flow_0x352668538c95__synth_hidden_dst,0x352668538c959943ea0e16c6f8f0fe4ca8d5880a7659637baea86154abed4f13,0xa5490f872dde912d367e69103a84ea5677755ac4|0xd1c5966f9f5ee6881ff6b261bbeda45972b1b5f3|0xedf0c420bc3b92b961c6ec411cc810ca81f5f21a,0xa5490f872dde912d367e69103a84ea5677755ac4,0xedf0c420bc3b92b961c6ec411cc810ca81f5f21a,USDT,USDT,0x352668538c959943ea0e16c6f8f0fe4ca8d5880a7659637baea86154abed4f13_USDT,1638627682,1638627682,1,9.991e+20,999.1,999.1,0,0,0.775000,bridge_dst_event_flow,True
BNB,Multi,bnb_flow_0x352668538c95__synth_noise_dst_0,0x352668538c959943ea0e16c6f8f0fe4ca8d5880a7659637baea86154abed4f13,0xa5490f872dde912d367e69103a84ea5677755ac4|0xd1c5966f9f5ee6881ff6b261bbeda45972b1b5f3|0xedf0c420bc3b92b961c6ec411cc810ca81f5f21a,0xa5490f872dde912d367e69103a84ea5677755ac4,0xedf0c420bc3b92b961c6ec411cc810ca81f5f21a,USDT,USDT,0x352668538c959943ea0e16c6f8f0fe4ca8d5880a7659637baea86154abed4f13_USDT,1638627742,1638627742,1,9.991e+20,999.1,999.1,0,0,0.775000,bridge_dst_event_flow,True
BNB,Multi,bnb_flow_0x352668538c95__synth_noise_dst_1,0x352668538c959943ea0e16c6f8f0fe4ca8d5880a7659637baea86154abed4f13,0xa5490f872dde912d367e69103a84ea5677755ac4|0xd1c5966f9f5ee6881ff6b261bbeda45972b1b5f3|0xedf0c420bc3b92b961c6ec411cc810ca81f5f21a,0xa5490f872dde912d367e69103a84ea5677755ac4,0xedf0c420bc3b92b961c6ec411cc810ca81f5f21a,USDT,USDT,0x352668538c959943ea0e16c6f8f0fe4ca8d5880a7659637baea86154abed4f13_USDT,1638627802,1638627802,1,9.991e+20,999.1,999.1,0,0,0.775000,bridge_dst_event_flow,True
BNB,Multi,bnb_flow_0x94ac1f59ad43__synth_split_a,0x94ac1f59ad4353f718f1fa873ae3e40e6f60a6f04c5ebd981e3f834dfa38e016,0x3d59a70e006d66a57d6e18000719c53338b01a22|0xd1c5966f9f5ee6881ff6b261bbeda45972b1b5f3|0xedf0c420bc3b92b961c6ec411cc810ca81f5f21a,0x3d59a70e006d66a57d6e18000719c53338b01a22,0xedf0c420bc3b92b961c6ec411cc810ca81f5f21a,USDT,USDT,0x94ac1f59ad4353f718f1fa873ae3e40e6f60a6f04c5ebd981e3f834dfa38e016_USDT,1638252139,1638252139,1,4.1055e+20,410.55,410.55,0,0,0.800000,bridge_dst_event_flow,True
BNB,Multi,bnb_flow_0x94ac1f59ad43__synth_split_b,0x94ac1f59ad4353f718f1fa873ae3e40e6f60a6f04c5ebd981e3f834dfa38e016,0x3d59a70e006d66a57d6e18000719c53338b01a22|0xd1c5966f9f5ee6881ff6b261bbeda45972b1b5f3|0xedf0c420bc3b92b961c6ec411cc810ca81f5f21a,0x3d59a70e006d66a57d6e18000719c53338b01a22,0xedf0c420bc3b92b961c6ec411cc810ca81f5f21a,USDT,USDT,0x94ac1f59ad4353f718f1fa873ae3e40e6f60a6f04c5ebd981e3f834dfa38e016_USDT,1638252139,1638252139,1,4.1055e+20,410.55,410.55,0,0,0.800000,bridge_dst_event_flow,True
BNB,Multi,bnb_flow_0x94ac1f59ad43__synth_merge_dst,0x94ac1f59ad4353f718f1fa873ae3e40e6f60a6f04c5ebd981e3f834dfa38e016,0x3d59a70e006d66a57d6e18000719c53338b01a22|0xd1c5966f9f5ee6881ff6b261bbeda45972b1b5f3|0xedf0c420bc3b92b961c6ec411cc810ca81f5f21a,0x3d59a70e006d66a57d6e18000719c53338b01a22,0xedf0c420bc3b92b961c6ec411cc810ca81f5f21a,USDT,USDT,0x94ac1f59ad4353f718f1fa873ae3e40e6f60a6f04c5ebd981e3f834dfa38e016_USDT,1638252139,1638252139,1,8.211e+20,821.1,821.1,0,0,0.800000,bridge_dst_event_flow,True
BNB,Multi,bnb_flow_0x94ac1f59ad43__synth_hidden_dst,0x94ac1f59ad4353f718f1fa873ae3e40e6f60a6f04c5ebd981e3f834dfa38e016,0x3d59a70e006d66a57d6e18000719c53338b01a22|0xd1c5966f9f5ee6881ff6b261bbeda45972b1b5f3|0xedf0c420bc3b92b961c6ec411cc810ca81f5f21a,0x3d59a70e006d66a57d6e18000719c53338b01a22,0xedf0c420bc3b92b961c6ec411cc810ca81f5f21a,USDT,USDT,0x94ac1f59ad4353f718f1fa873ae3e40e6f60a6f04c5ebd981e3f834dfa38e016_USDT,1638252139,1638252139,1,8.211e+20,821.1,821.1,0,0,0.800000,bridge_dst_event_flow,True
BNB,Multi,bnb_flow_0x94ac1f59ad43__synth_noise_dst_0,0x94ac1f59ad4353f718f1fa873ae3e40e6f60a6f04c5ebd981e3f834dfa38e016,0x3d59a70e006d66a57d6e18000719c53338b01a22|0xd1c5966f9f5ee6881ff6b261bbeda45972b1b5f3|0xedf0c420bc3b92b961c6ec411cc810ca81f5f21a,0x3d59a70e006d66a57d6e18000719c53338b01a22,0xedf0c420bc3b92b961c6ec411cc810ca81f5f21a,USDT,USDT,0x94ac1f59ad4353f718f1fa873ae3e40e6f60a6f04c5ebd981e3f834dfa38e016_USDT,1638252199,1638252199,1,8.211e+20,821.1,821.1,0,0,0.800000,bridge_dst_event_flow,True
BNB,Multi,bnb_flow_0x94ac1f59ad43__synth_noise_dst_1,0x94ac1f59ad4353f718f1fa873ae3e40e6f60a6f04c5ebd981e3f834dfa38e016,0x3d59a70e006d66a57d6e18000719c53338b01a22|0xd1c5966f9f5ee6881ff6b261bbeda45972b1b5f3|0xedf0c420bc3b92b961c6ec411cc810ca81f5f21a,0x3d59a70e006d66a57d6e18000719c53338b01a22,0xedf0c420bc3b92b961c6ec411cc810ca81f5f21a,USDT,USDT,0x94ac1f59ad4353f718f1fa873ae3e40e6f60a6f04c5ebd981e3f834dfa38e016_USDT,1638252259,1638252259,1,8.211e+20,821.1,821.1,0,0,0.800000,bridge_dst_event_flow,True
BNB,Multi,bnb_flow_0x5c0bfccf4fc9__synth_split_a,0x5c0bfccf4fc97d4084238f815478f9881bee347efef5954829463e95fe22daf2,0x17b2c7d9b6ee221f11f02f818a93052fa3a2cf9f|0xd1c5966f9f5ee6881ff6b261bbeda45972b1b5f3|0xedf0c420bc3b92b961c6ec411cc810ca81f5f21a,0x17b2c7d9b6ee221f11f02f818a93052fa3a2cf9f,0xedf0c420bc3b92b961c6ec411cc810ca81f5f21a,USDT,USDT,0x5c0bfccf4fc97d4084238f815478f9881bee347efef5954829463e95fe22daf2_USDT,1638469339,1638469339,1,1.4634e+20,146.34,146.34,0,0,0.800000,bridge_dst_event_flow,True
BNB,Multi,bnb_flow_0x5c0bfccf4fc9__synth_split_b,0x5c0bfccf4fc97d4084238f815478f9881bee347efef5954829463e95fe22daf2,0x17b2c7d9b6ee221f11f02f818a93052fa3a2cf9f|0xd1c5966f9f5ee6881ff6b261bbeda45972b1b5f3|0xedf0c420bc3b92b961c6ec411cc810ca81f5f21a,0x17b2c7d9b6ee221f11f02f818a93052fa3a2cf9f,0xedf0c420bc3b92b961c6ec411cc810ca81f5f21a,USDT,USDT,0x5c0bfccf4fc97d4084238f815478f9881bee347efef5954829463e95fe22daf2_USDT,1638469339,1638469339,1,1.4634e+20,146.34,146.34,0,0,0.800000,bridge_dst_event_flow,True
BNB,Multi,bnb_flow_0x5c0bfccf4fc9__synth_merge_dst,0x5c0bfccf4fc97d4084238f815478f9881bee347efef5954829463e95fe22daf2,0x17b2c7d9b6ee221f11f02f818a93052fa3a2cf9f|0xd1c5966f9f5ee6881ff6b261bbeda45972b1b5f3|0xedf0c420bc3b92b961c6ec411cc810ca81f5f21a,0x17b2c7d9b6ee221f11f02f818a93052fa3a2cf9f,0xedf0c420bc3b92b961c6ec411cc810ca81f5f21a,USDT,USDT,0x5c0bfccf4fc97d4084238f815478f9881bee347efef5954829463e95fe22daf2_USDT,1638469339,1638469339,1,2.9268e+20,292.68,292.68,0,0,0.800000,bridge_dst_event_flow,True
BNB,Multi,bnb_flow_0x5c0bfccf4fc9__synth_hidden_dst,0x5c0bfccf4fc97d4084238f815478f9881bee347efef5954829463e95fe22daf2,0x17b2c7d9b6ee221f11f02f818a93052fa3a2cf9f|0xd1c5966f9f5ee6881ff6b261bbeda45972b1b5f3|0xedf0c420bc3b92b961c6ec411cc810ca81f5f21a,0x17b2c7d9b6ee221f11f02f818a93052fa3a2cf9f,0xedf0c420bc3b92b961c6ec411cc810ca81f5f21a,USDT,USDT,0x5c0bfccf4fc97d4084238f815478f9881bee347efef5954829463e95fe22daf2_USDT,1638469339,1638469339,1,2.9268e+20,292.68,292.68,0,0,0.800000,bridge_dst_event_flow,True
BNB,Multi,bnb_flow_0x5c0bfccf4fc9__synth_noise_dst_0,0x5c0bfccf4fc97d4084238f815478f9881bee347efef5954829463e95fe22daf2,0x17b2c7d9b6ee221f11f02f818a93052fa3a2cf9f|0xd1c5966f9f5ee6881ff6b261bbeda45972b1b5f3|0xedf0c420bc3b92b961c6ec411cc810ca81f5f21a,0x17b2c7d9b6ee221f11f02f818a93052fa3a2cf9f,0xedf0c420bc3b92b961c6ec411cc810ca81f5f21a,USDT,USDT,0x5c0bfccf4fc97d4084238f815478f9881bee347efef5954829463e95fe22daf2_USDT,1638469399,1638469399,1,2.9268e+20,292.68,292.68,0,0,0.800000,bridge_dst_event_flow,True
BNB,Multi,bnb_flow_0x5c0bfccf4fc9__synth_noise_dst_1,0x5c0bfccf4fc97d4084238f815478f9881bee347efef5954829463e95fe22daf2,0x17b2c7d9b6ee221f11f02f818a93052fa3a2cf9f|0xd1c5966f9f5ee6881ff6b261bbeda45972b1b5f3|0xedf0c420bc3b92b961c6ec411cc810ca81f5f21a,0x17b2c7d9b6ee221f11f02f818a93052fa3a2cf9f,0xedf0c420bc3b92b961c6ec411cc810ca81f5f21a,USDT,USDT,0x5c0bfccf4fc97d4084238f815478f9881bee347efef5954829463e95fe22daf2_USDT,1638469459,1638469459,1,2.9268e+20,292.68,292.68,0,0,0.800000,bridge_dst_event_flow,True
BNB,Multi,bnb_flow_0x9b9083573f56__synth_split_a,0x9b9083573f569a05311e1af4569054797fcc82f4b4045be49e76d5c42c2deda7,0x0ace202d2880d2c1f03c894127015ab5098bebb1|0xd1c5966f9f5ee6881ff6b261bbeda45972b1b5f3|0xedf0c420bc3b92b961c6ec411cc810ca81f5f21a,0x0ace202d2880d2c1f03c894127015ab5098bebb1,0xedf0c420bc3b92b961c6ec411cc810ca81f5f21a,USDT,USDT,0x9b9083573f569a05311e1af4569054797fcc82f4b4045be49e76d5c42c2deda7_USDT,1639269143,1639269143,1,1.9982e+20,199.82000000000002,199.82000000000002,0,0,0.800000,bridge_dst_event_flow,True
BNB,Multi,bnb_flow_0x9b9083573f56__synth_split_b,0x9b9083573f569a05311e1af4569054797fcc82f4b4045be49e76d5c42c2deda7,0x0ace202d2880d2c1f03c894127015ab5098bebb1|0xd1c5966f9f5ee6881ff6b261bbeda45972b1b5f3|0xedf0c420bc3b92b961c6ec411cc810ca81f5f21a,0x0ace202d2880d2c1f03c894127015ab5098bebb1,0xedf0c420bc3b92b961c6ec411cc810ca81f5f21a,USDT,USDT,0x9b9083573f569a05311e1af4569054797fcc82f4b4045be49e76d5c42c2deda7_USDT,1639269143,1639269143,1,1.9982e+20,199.82000000000002,199.82000000000002,0,0,0.800000,bridge_dst_event_flow,True
BNB,Multi,bnb_flow_0x9b9083573f56__synth_split_c,0x9b9083573f569a05311e1af4569054797fcc82f4b4045be49e76d5c42c2deda7,0x0ace202d2880d2c1f03c894127015ab5098bebb1|0xd1c5966f9f5ee6881ff6b261bbeda45972b1b5f3|0xedf0c420bc3b92b961c6ec411cc810ca81f5f21a,0x0ace202d2880d2c1f03c894127015ab5098bebb1,0xedf0c420bc3b92b961c6ec411cc810ca81f5f21a,USDT,USDT,0x9b9083573f569a05311e1af4569054797fcc82f4b4045be49e76d5c42c2deda7_USDT,1639269143,1639269143,1,1.9982e+20,199.82000000000002,199.82000000000002,0,0,0.800000,bridge_dst_event_flow,True
BNB,Multi,bnb_flow_0x9b9083573f56__synth_split_d,0x9b9083573f569a05311e1af4569054797fcc82f4b4045be49e76d5c42c2deda7,0x0ace202d2880d2c1f03c894127015ab5098bebb1|0xd1c5966f9f5ee6881ff6b261bbeda45972b1b5f3|0xedf0c420bc3b92b961c6ec411cc810ca81f5f21a,0x0ace202d2880d2c1f03c894127015ab5098bebb1,0xedf0c420bc3b92b961c6ec411cc810ca81f5f21a,USDT,USDT,0x9b9083573f569a05311e1af4569054797fcc82f4b4045be49e76d5c42c2deda7_USDT,1639269143,1639269143,1,1.9982e+20,199.82000000000002,199.82000000000002,0,0,0.800000,bridge_dst_event_flow,True
BNB,Multi,bnb_flow_0x9b9083573f56__synth_split_e,0x9b9083573f569a05311e1af4569054797fcc82f4b4045be49e76d5c42c2deda7,0x0ace202d2880d2c1f03c894127015ab5098bebb1|0xd1c5966f9f5ee6881ff6b261bbeda45972b1b5f3|0xedf0c420bc3b92b961c6ec411cc810ca81f5f21a,0x0ace202d2880d2c1f03c894127015ab5098bebb1,0xedf0c420bc3b92b961c6ec411cc810ca81f5f21a,USDT,USDT,0x9b9083573f569a05311e1af4569054797fcc82f4b4045be49e76d5c42c2deda7_USDT,1639269143,1639269143,1,1.9982e+20,199.82000000000002,199.82000000000002,0,0,0.800000,bridge_dst_event_flow,True
BNB,Multi,bnb_flow_0x9b9083573f56__synth_merge_dst,0x9b9083573f569a05311e1af4569054797fcc82f4b4045be49e76d5c42c2deda7,0x0ace202d2880d2c1f03c894127015ab5098bebb1|0xd1c5966f9f5ee6881ff6b261bbeda45972b1b5f3|0xedf0c420bc3b92b961c6ec411cc810ca81f5f21a,0x0ace202d2880d2c1f03c894127015ab5098bebb1,0xedf0c420bc3b92b961c6ec411cc810ca81f5f21a,USDT,USDT,0x9b9083573f569a05311e1af4569054797fcc82f4b4045be49e76d5c42c2deda7_USDT,1639269143,1639269143,1,9.991e+20,999.1,999.1,0,0,0.800000,bridge_dst_event_flow,True
BNB,Multi,bnb_flow_0x9b9083573f56__synth_hidden_dst,0x9b9083573f569a05311e1af4569054797fcc82f4b4045be49e76d5c42c2deda7,0x0ace202d2880d2c1f03c894127015ab5098bebb1|0xd1c5966f9f5ee6881ff6b261bbeda45972b1b5f3|0xedf0c420bc3b92b961c6ec411cc810ca81f5f21a,0x0ace202d2880d2c1f03c894127015ab5098bebb1,0xedf0c420bc3b92b961c6ec411cc810ca81f5f21a,USDT,USDT,0x9b9083573f569a05311e1af4569054797fcc82f4b4045be49e76d5c42c2deda7_USDT,1639269143,1639269143,1,9.991e+20,999.1,999.1,0,0,0.800000,bridge_dst_event_flow,True
BNB,Multi,bnb_flow_0x9b9083573f56__synth_noise_dst_0,0x9b9083573f569a05311e1af4569054797fcc82f4b4045be49e76d5c42c2deda7,0x0ace202d2880d2c1f03c894127015ab5098bebb1|0xd1c5966f9f5ee6881ff6b261bbeda45972b1b5f3|0xedf0c420bc3b92b961c6ec411cc810ca81f5f21a,0x0ace202d2880d2c1f03c894127015ab5098bebb1,0xedf0c420bc3b92b961c6ec411cc810ca81f5f21a,USDT,USDT,0x9b9083573f569a05311e1af4569054797fcc82f4b4045be49e76d5c42c2deda7_USDT,1639269203,1639269203,1,9.991e+20,999.1,999.1,0,0,0.800000,bridge_dst_event_flow,True
BNB,Multi,bnb_flow_0x9b9083573f56__synth_noise_dst_1,0x9b9083573f569a05311e1af4569054797fcc82f4b4045be49e76d5c42c2deda7,0x0ace202d2880d2c1f03c894127015ab5098bebb1|0xd1c5966f9f5ee6881ff6b261bbeda45972b1b5f3|0xedf0c420bc3b92b961c6ec411cc810ca81f5f21a,0x0ace202d2880d2c1f03c894127015ab5098bebb1,0xedf0c420bc3b92b961c6ec411cc810ca81f5f21a,USDT,USDT,0x9b9083573f569a05311e1af4569054797fcc82f4b4045be49e76d5c42c2deda7_USDT,1639269263,1639269263,1,9.991e+20,999.1,999.1,0,0,0.800000,bridge_dst_event_flow,True
BNB,Multi,bnb_flow_0x3ae50cb99d4f__synth_split_a,0x3ae50cb99d4f239ebb784d643182c66a71556ebd470f09c4d2d428a13428447c,0x0f207cdef573a0b7aec7b851d71e178a745b9cd4|0xd1c5966f9f5ee6881ff6b261bbeda45972b1b5f3|0xedf0c420bc3b92b961c6ec411cc810ca81f5f21a,0x0f207cdef573a0b7aec7b851d71e178a745b9cd4,0xedf0c420bc3b92b961c6ec411cc810ca81f5f21a,USDT,USDT,0x3ae50cb99d4f239ebb784d643182c66a71556ebd470f09c4d2d428a13428447c_USDT,1639233293,1639233293,1,4.99215e+20,499.215,499.215,0,0,0.800000,bridge_dst_event_flow,True
BNB,Multi,bnb_flow_0x3ae50cb99d4f__synth_split_b,0x3ae50cb99d4f239ebb784d643182c66a71556ebd470f09c4d2d428a13428447c,0x0f207cdef573a0b7aec7b851d71e178a745b9cd4|0xd1c5966f9f5ee6881ff6b261bbeda45972b1b5f3|0xedf0c420bc3b92b961c6ec411cc810ca81f5f21a,0x0f207cdef573a0b7aec7b851d71e178a745b9cd4,0xedf0c420bc3b92b961c6ec411cc810ca81f5f21a,USDT,USDT,0x3ae50cb99d4f239ebb784d643182c66a71556ebd470f09c4d2d428a13428447c_USDT,1639233293,1639233293,1,4.99215e+20,499.215,499.215,0,0,0.800000,bridge_dst_event_flow,True
BNB,Multi,bnb_flow_0x3ae50cb99d4f__synth_merge_dst,0x3ae50cb99d4f239ebb784d643182c66a71556ebd470f09c4d2d428a13428447c,0x0f207cdef573a0b7aec7b851d71e178a745b9cd4|0xd1c5966f9f5ee6881ff6b261bbeda45972b1b5f3|0xedf0c420bc3b92b961c6ec411cc810ca81f5f21a,0x0f207cdef573a0b7aec7b851d71e178a745b9cd4,0xedf0c420bc3b92b961c6ec411cc810ca81f5f21a,USDT,USDT,0x3ae50cb99d4f239ebb784d643182c66a71556ebd470f09c4d2d428a13428447c_USDT,1639233293,1639233293,1,9.9843e+20,998.43,998.43,0,0,0.800000,bridge_dst_event_flow,True
BNB,Multi,bnb_flow_0x3ae50cb99d4f__synth_hidden_dst,0x3ae50cb99d4f239ebb784d643182c66a71556ebd470f09c4d2d428a13428447c,0x0f207cdef573a0b7aec7b851d71e178a745b9cd4|0xd1c5966f9f5ee6881ff6b261bbeda45972b1b5f3|0xedf0c420bc3b92b961c6ec411cc810ca81f5f21a,0x0f207cdef573a0b7aec7b851d71e178a745b9cd4,0xedf0c420bc3b92b961c6ec411cc810ca81f5f21a,USDT,USDT,0x3ae50cb99d4f239ebb784d643182c66a71556ebd470f09c4d2d428a13428447c_USDT,1639233293,1639233293,1,9.9843e+20,998.43,998.43,0,0,0.800000,bridge_dst_event_flow,True
BNB,Multi,bnb_flow_0x3ae50cb99d4f__synth_noise_dst_0,0x3ae50cb99d4f239ebb784d643182c66a71556ebd470f09c4d2d428a13428447c,0x0f207cdef573a0b7aec7b851d71e178a745b9cd4|0xd1c5966f9f5ee6881ff6b261bbeda45972b1b5f3|0xedf0c420bc3b92b961c6ec411cc810ca81f5f21a,0x0f207cdef573a0b7aec7b851d71e178a745b9cd4,0xedf0c420bc3b92b961c6ec411cc810ca81f5f21a,USDT,USDT,0x3ae50cb99d4f239ebb784d643182c66a71556ebd470f09c4d2d428a13428447c_USDT,1639233353,1639233353,1,9.9843e+20,998.43,998.43,0,0,0.800000,bridge_dst_event_flow,True
BNB,Multi,bnb_flow_0x3ae50cb99d4f__synth_noise_dst_1,0x3ae50cb99d4f239ebb784d643182c66a71556ebd470f09c4d2d428a13428447c,0x0f207cdef573a0b7aec7b851d71e178a745b9cd4|0xd1c5966f9f5ee6881ff6b261bbeda45972b1b5f3|0xedf0c420bc3b92b961c6ec411cc810ca81f5f21a,0x0f207cdef573a0b7aec7b851d71e178a745b9cd4,0xedf0c420bc3b92b961c6ec411cc810ca81f5f21a,USDT,USDT,0x3ae50cb99d4f239ebb784d643182c66a71556ebd470f09c4d2d428a13428447c_USDT,1639233413,1639233413,1,9.9843e+20,998.43,998.43,0,0,0.800000,bridge_dst_event_flow,True
BNB,Multi,bnb_flow_0xca1cadb7dcd2__synth_split_a,0xca1cadb7dcd281df0bfd9a259ef7cdf2e601e565e7b43707a12cd7d14d2aa022,0x12d235b84de0370adbcb85b5a33857162485ccf8|0xd1c5966f9f5ee6881ff6b261bbeda45972b1b5f3|0xedf0c420bc3b92b961c6ec411cc810ca81f5f21a,0x12d235b84de0370adbcb85b5a33857162485ccf8,0xedf0c420bc3b92b961c6ec411cc810ca81f5f21a,USDT,USDT,0xca1cadb7dcd281df0bfd9a259ef7cdf2e601e565e7b43707a12cd7d14d2aa022_USDT,1639121163,1639121163,1,1.3241666666666666e+20,132.41666666666666,132.41666666666666,0,0,0.800000,bridge_dst_event_flow,True
BNB,Multi,bnb_flow_0xca1cadb7dcd2__synth_split_b,0xca1cadb7dcd281df0bfd9a259ef7cdf2e601e565e7b43707a12cd7d14d2aa022,0x12d235b84de0370adbcb85b5a33857162485ccf8|0xd1c5966f9f5ee6881ff6b261bbeda45972b1b5f3|0xedf0c420bc3b92b961c6ec411cc810ca81f5f21a,0x12d235b84de0370adbcb85b5a33857162485ccf8,0xedf0c420bc3b92b961c6ec411cc810ca81f5f21a,USDT,USDT,0xca1cadb7dcd281df0bfd9a259ef7cdf2e601e565e7b43707a12cd7d14d2aa022_USDT,1639121163,1639121163,1,1.3241666666666666e+20,132.41666666666666,132.41666666666666,0,0,0.800000,bridge_dst_event_flow,True
BNB,Multi,bnb_flow_0xca1cadb7dcd2__synth_split_c,0xca1cadb7dcd281df0bfd9a259ef7cdf2e601e565e7b43707a12cd7d14d2aa022,0x12d235b84de0370adbcb85b5a33857162485ccf8|0xd1c5966f9f5ee6881ff6b261bbeda45972b1b5f3|0xedf0c420bc3b92b961c6ec411cc810ca81f5f21a,0x12d235b84de0370adbcb85b5a33857162485ccf8,0xedf0c420bc3b92b961c6ec411cc810ca81f5f21a,USDT,USDT,0xca1cadb7dcd281df0bfd9a259ef7cdf2e601e565e7b43707a12cd7d14d2aa022_USDT,1639121163,1639121163,1,1.3241666666666666e+20,132.41666666666666,132.41666666666666,0,0,0.800000,bridge_dst_event_flow,True
BNB,Multi,bnb_flow_0xca1cadb7dcd2__synth_merge_dst,0xca1cadb7dcd281df0bfd9a259ef7cdf2e601e565e7b43707a12cd7d14d2aa022,0x12d235b84de0370adbcb85b5a33857162485ccf8|0xd1c5966f9f5ee6881ff6b261bbeda45972b1b5f3|0xedf0c420bc3b92b961c6ec411cc810ca81f5f21a,0x12d235b84de0370adbcb85b5a33857162485ccf8,0xedf0c420bc3b92b961c6ec411cc810ca81f5f21a,USDT,USDT,0xca1cadb7dcd281df0bfd9a259ef7cdf2e601e565e7b43707a12cd7d14d2aa022_USDT,1639121163,1639121163,1,3.9725e+20,397.25,397.25,0,0,0.800000,bridge_dst_event_flow,True
BNB,Multi,bnb_flow_0xca1cadb7dcd2__synth_hidden_dst,0xca1cadb7dcd281df0bfd9a259ef7cdf2e601e565e7b43707a12cd7d14d2aa022,0x12d235b84de0370adbcb85b5a33857162485ccf8|0xd1c5966f9f5ee6881ff6b261bbeda45972b1b5f3|0xedf0c420bc3b92b961c6ec411cc810ca81f5f21a,0x12d235b84de0370adbcb85b5a33857162485ccf8,0xedf0c420bc3b92b961c6ec411cc810ca81f5f21a,USDT,USDT,0xca1cadb7dcd281df0bfd9a259ef7cdf2e601e565e7b43707a12cd7d14d2aa022_USDT,1639121163,1639121163,1,3.9725e+20,397.25,397.25,0,0,0.800000,bridge_dst_event_flow,True
BNB,Multi,bnb_flow_0xca1cadb7dcd2__synth_noise_dst_0,0xca1cadb7dcd281df0bfd9a259ef7cdf2e601e565e7b43707a12cd7d14d2aa022,0x12d235b84de0370adbcb85b5a33857162485ccf8|0xd1c5966f9f5ee6881ff6b261bbeda45972b1b5f3|0xedf0c420bc3b92b961c6ec411cc810ca81f5f21a,0x12d235b84de0370adbcb85b5a33857162485ccf8,0xedf0c420bc3b92b961c6ec411cc810ca81f5f21a,USDT,USDT,0xca1cadb7dcd281df0bfd9a259ef7cdf2e601e565e7b43707a12cd7d14d2aa022_USDT,1639121223,1639121223,1,3.9725e+20,397.25,397.25,0,0,0.800000,bridge_dst_event_flow,True
BNB,Multi,bnb_flow_0xca1cadb7dcd2__synth_noise_dst_1,0xca1cadb7dcd281df0bfd9a259ef7cdf2e601e565e7b43707a12cd7d14d2aa022,0x12d235b84de0370adbcb85b5a33857162485ccf8|0xd1c5966f9f5ee6881ff6b261bbeda45972b1b5f3|0xedf0c420bc3b92b961c6ec411cc810ca81f5f21a,0x12d235b84de0370adbcb85b5a33857162485ccf8,0xedf0c420bc3b92b961c6ec411cc810ca81f5f21a,USDT,USDT,0xca1cadb7dcd281df0bfd9a259ef7cdf2e601e565e7b43707a12cd7d14d2aa022_USDT,1639121283,1639121283,1,3.9725e+20,397.25,397.25,0,0,0.800000,bridge_dst_event_flow,True
BNB,Multi,bnb_flow_0x2f0c59c002bb__synth_split_a,0x2f0c59c002bbc54dad6ebc884280b98ca7dc257804c520f14936405aa890893a,0x8beb3948b09af9c3f33cfb16ece80111f274cb58|0xd1c5966f9f5ee6881ff6b261bbeda45972b1b5f3|0xedf0c420bc3b92b961c6ec411cc810ca81f5f21a,0x8beb3948b09af9c3f33cfb16ece80111f274cb58,0xedf0c420bc3b92b961c6ec411cc810ca81f5f21a,USDT,USDT,0x2f0c59c002bbc54dad6ebc884280b98ca7dc257804c520f14936405aa890893a_USDT,1634479648,1634479648,1,1.45629e+20,145.62900000000002,145.62900000000002,0,0,0.800000,bridge_dst_event_flow,True
BNB,Multi,bnb_flow_0x2f0c59c002bb__synth_split_b,0x2f0c59c002bbc54dad6ebc884280b98ca7dc257804c520f14936405aa890893a,0x8beb3948b09af9c3f33cfb16ece80111f274cb58|0xd1c5966f9f5ee6881ff6b261bbeda45972b1b5f3|0xedf0c420bc3b92b961c6ec411cc810ca81f5f21a,0x8beb3948b09af9c3f33cfb16ece80111f274cb58,0xedf0c420bc3b92b961c6ec411cc810ca81f5f21a,USDT,USDT,0x2f0c59c002bbc54dad6ebc884280b98ca7dc257804c520f14936405aa890893a_USDT,1634479648,1634479648,1,1.45629e+20,145.62900000000002,145.62900000000002,0,0,0.800000,bridge_dst_event_flow,True
BNB,Multi,bnb_flow_0x2f0c59c002bb__synth_split_c,0x2f0c59c002bbc54dad6ebc884280b98ca7dc257804c520f14936405aa890893a,0x8beb3948b09af9c3f33cfb16ece80111f274cb58|0xd1c5966f9f5ee6881ff6b261bbeda45972b1b5f3|0xedf0c420bc3b92b961c6ec411cc810ca81f5f21a,0x8beb3948b09af9c3f33cfb16ece80111f274cb58,0xedf0c420bc3b92b961c6ec411cc810ca81f5f21a,USDT,USDT,0x2f0c59c002bbc54dad6ebc884280b98ca7dc257804c520f14936405aa890893a_USDT,1634479648,1634479648,1,1.45629e+20,145.62900000000002,145.62900000000002,0,0,0.800000,bridge_dst_event_flow,True
BNB,Multi,bnb_flow_0x2f0c59c002bb__synth_merge_dst,0x2f0c59c002bbc54dad6ebc884280b98ca7dc257804c520f14936405aa890893a,0x8beb3948b09af9c3f33cfb16ece80111f274cb58|0xd1c5966f9f5ee6881ff6b261bbeda45972b1b5f3|0xedf0c420bc3b92b961c6ec411cc810ca81f5f21a,0x8beb3948b09af9c3f33cfb16ece80111f274cb58,0xedf0c420bc3b92b961c6ec411cc810ca81f5f21a,USDT,USDT,0x2f0c59c002bbc54dad6ebc884280b98ca7dc257804c520f14936405aa890893a_USDT,1634479648,1634479648,1,4.36887e+20,436.88700000000006,436.88700000000006,0,0,0.800000,bridge_dst_event_flow,True
BNB,Multi,bnb_flow_0x2f0c59c002bb__synth_hidden_dst,0x2f0c59c002bbc54dad6ebc884280b98ca7dc257804c520f14936405aa890893a,0x8beb3948b09af9c3f33cfb16ece80111f274cb58|0xd1c5966f9f5ee6881ff6b261bbeda45972b1b5f3|0xedf0c420bc3b92b961c6ec411cc810ca81f5f21a,0x8beb3948b09af9c3f33cfb16ece80111f274cb58,0xedf0c420bc3b92b961c6ec411cc810ca81f5f21a,USDT,USDT,0x2f0c59c002bbc54dad6ebc884280b98ca7dc257804c520f14936405aa890893a_USDT,1634479648,1634479648,1,4.36887e+20,436.88700000000006,436.88700000000006,0,0,0.800000,bridge_dst_event_flow,True
BNB,Multi,bnb_flow_0x2f0c59c002bb__synth_noise_dst_0,0x2f0c59c002bbc54dad6ebc884280b98ca7dc257804c520f14936405aa890893a,0x8beb3948b09af9c3f33cfb16ece80111f274cb58|0xd1c5966f9f5ee6881ff6b261bbeda45972b1b5f3|0xedf0c420bc3b92b961c6ec411cc810ca81f5f21a,0x8beb3948b09af9c3f33cfb16ece80111f274cb58,0xedf0c420bc3b92b961c6ec411cc810ca81f5f21a,USDT,USDT,0x2f0c59c002bbc54dad6ebc884280b98ca7dc257804c520f14936405aa890893a_USDT,1634479708,1634479708,1,4.36887e+20,436.88700000000006,436.88700000000006,0,0,0.800000,bridge_dst_event_flow,True
BNB,Multi,bnb_flow_0x2f0c59c002bb__synth_noise_dst_1,0x2f0c59c002bbc54dad6ebc884280b98ca7dc257804c520f14936405aa890893a,0x8beb3948b09af9c3f33cfb16ece80111f274cb58|0xd1c5966f9f5ee6881ff6b261bbeda45972b1b5f3|0xedf0c420bc3b92b961c6ec411cc810ca81f5f21a,0x8beb3948b09af9c3f33cfb16ece80111f274cb58,0xedf0c420bc3b92b961c6ec411cc810ca81f5f21a,USDT,USDT,0x2f0c59c002bbc54dad6ebc884280b98ca7dc257804c520f14936405aa890893a_USDT,1634479768,1634479768,1,4.36887e+20,436.88700000000006,436.88700000000006,0,0,0.800000,bridge_dst_event_flow,True
BNB,Multi,bnb_flow_0x5ad786eefe96__synth_split_a,0x5ad786eefe964b0a971802b4ca674d6a7c64ee599b4d5389829925338fb760f8,0x9fac14e567c24d7f90263d7b66bd38fa3289e590|0xd1c5966f9f5ee6881ff6b261bbeda45972b1b5f3|0xedf0c420bc3b92b961c6ec411cc810ca81f5f21a,0x9fac14e567c24d7f90263d7b66bd38fa3289e590,0xedf0c420bc3b92b961c6ec411cc810ca81f5f21a,USDT,USDT,0x5ad786eefe964b0a971802b4ca674d6a7c64ee599b4d5389829925338fb760f8_USDT,1638796728,1638796728,1,3.80309e+20,380.30899999999997,380.30899999999997,0,0,0.800000,bridge_dst_event_flow,True
BNB,Multi,bnb_flow_0x5ad786eefe96__synth_split_b,0x5ad786eefe964b0a971802b4ca674d6a7c64ee599b4d5389829925338fb760f8,0x9fac14e567c24d7f90263d7b66bd38fa3289e590|0xd1c5966f9f5ee6881ff6b261bbeda45972b1b5f3|0xedf0c420bc3b92b961c6ec411cc810ca81f5f21a,0x9fac14e567c24d7f90263d7b66bd38fa3289e590,0xedf0c420bc3b92b961c6ec411cc810ca81f5f21a,USDT,USDT,0x5ad786eefe964b0a971802b4ca674d6a7c64ee599b4d5389829925338fb760f8_USDT,1638796728,1638796728,1,3.80309e+20,380.30899999999997,380.30899999999997,0,0,0.800000,bridge_dst_event_flow,True
BNB,Multi,bnb_flow_0x5ad786eefe96__synth_merge_dst,0x5ad786eefe964b0a971802b4ca674d6a7c64ee599b4d5389829925338fb760f8,0x9fac14e567c24d7f90263d7b66bd38fa3289e590|0xd1c5966f9f5ee6881ff6b261bbeda45972b1b5f3|0xedf0c420bc3b92b961c6ec411cc810ca81f5f21a,0x9fac14e567c24d7f90263d7b66bd38fa3289e590,0xedf0c420bc3b92b961c6ec411cc810ca81f5f21a,USDT,USDT,0x5ad786eefe964b0a971802b4ca674d6a7c64ee599b4d5389829925338fb760f8_USDT,1638796728,1638796728,1,7.60618e+20,760.6179999999999,760.6179999999999,0,0,0.800000,bridge_dst_event_flow,True
BNB,Multi,bnb_flow_0x5ad786eefe96__synth_hidden_dst,0x5ad786eefe964b0a971802b4ca674d6a7c64ee599b4d5389829925338fb760f8,0x9fac14e567c24d7f90263d7b66bd38fa3289e590|0xd1c5966f9f5ee6881ff6b261bbeda45972b1b5f3|0xedf0c420bc3b92b961c6ec411cc810ca81f5f21a,0x9fac14e567c24d7f90263d7b66bd38fa3289e590,0xedf0c420bc3b92b961c6ec411cc810ca81f5f21a,USDT,USDT,0x5ad786eefe964b0a971802b4ca674d6a7c64ee599b4d5389829925338fb760f8_USDT,1638796728,1638796728,1,7.60618e+20,760.6179999999999,760.6179999999999,0,0,0.800000,bridge_dst_event_flow,True
BNB,Multi,bnb_flow_0x5ad786eefe96__synth_noise_dst_0,0x5ad786eefe964b0a971802b4ca674d6a7c64ee599b4d5389829925338fb760f8,0x9fac14e567c24d7f90263d7b66bd38fa3289e590|0xd1c5966f9f5ee6881ff6b261bbeda45972b1b5f3|0xedf0c420bc3b92b961c6ec411cc810ca81f5f21a,0x9fac14e567c24d7f90263d7b66bd38fa3289e590,0xedf0c420bc3b92b961c6ec411cc810ca81f5f21a,USDT,USDT,0x5ad786eefe964b0a971802b4ca674d6a7c64ee599b4d5389829925338fb760f8_USDT,1638796788,1638796788,1,7.60618e+20,760.6179999999999,760.6179999999999,0,0,0.800000,bridge_dst_event_flow,True
BNB,Multi,bnb_flow_0x5ad786eefe96__synth_noise_dst_1,0x5ad786eefe964b0a971802b4ca674d6a7c64ee599b4d5389829925338fb760f8,0x9fac14e567c24d7f90263d7b66bd38fa3289e590|0xd1c5966f9f5ee6881ff6b261bbeda45972b1b5f3|0xedf0c420bc3b92b961c6ec411cc810ca81f5f21a,0x9fac14e567c24d7f90263d7b66bd38fa3289e590,0xedf0c420bc3b92b961c6ec411cc810ca81f5f21a,USDT,USDT,0x5ad786eefe964b0a971802b4ca674d6a7c64ee599b4d5389829925338fb760f8_USDT,1638796848,1638796848,1,7.60618e+20,760.6179999999999,760.6179999999999,0,0,0.800000,bridge_dst_event_flow,True
BNB,Multi,bnb_flow_0xeeddfc650d7c__synth_split_a,0xeeddfc650d7c9cbd4e9f38ea0485a737d3d9ca93eafd7629dd062f39b80cc63e,0x32a17321378096592bc21214b5052efe4f501e99|0xd1c5966f9f5ee6881ff6b261bbeda45972b1b5f3|0xedf0c420bc3b92b961c6ec411cc810ca81f5f21a,0x32a17321378096592bc21214b5052efe4f501e99,0xedf0c420bc3b92b961c6ec411cc810ca81f5f21a,USDT,USDT,0xeeddfc650d7c9cbd4e9f38ea0485a737d3d9ca93eafd7629dd062f39b80cc63e_USDT,1638284209,1638284209,1,5.9097e+20,590.9699999999999,590.9699999999999,0,0,0.800000,bridge_dst_event_flow,True
BNB,Multi,bnb_flow_0xeeddfc650d7c__synth_split_b,0xeeddfc650d7c9cbd4e9f38ea0485a737d3d9ca93eafd7629dd062f39b80cc63e,0x32a17321378096592bc21214b5052efe4f501e99|0xd1c5966f9f5ee6881ff6b261bbeda45972b1b5f3|0xedf0c420bc3b92b961c6ec411cc810ca81f5f21a,0x32a17321378096592bc21214b5052efe4f501e99,0xedf0c420bc3b92b961c6ec411cc810ca81f5f21a,USDT,USDT,0xeeddfc650d7c9cbd4e9f38ea0485a737d3d9ca93eafd7629dd062f39b80cc63e_USDT,1638284209,1638284209,1,5.9097e+20,590.9699999999999,590.9699999999999,0,0,0.800000,bridge_dst_event_flow,True
BNB,Multi,bnb_flow_0xeeddfc650d7c__synth_merge_dst,0xeeddfc650d7c9cbd4e9f38ea0485a737d3d9ca93eafd7629dd062f39b80cc63e,0x32a17321378096592bc21214b5052efe4f501e99|0xd1c5966f9f5ee6881ff6b261bbeda45972b1b5f3|0xedf0c420bc3b92b961c6ec411cc810ca81f5f21a,0x32a17321378096592bc21214b5052efe4f501e99,0xedf0c420bc3b92b961c6ec411cc810ca81f5f21a,USDT,USDT,0xeeddfc650d7c9cbd4e9f38ea0485a737d3d9ca93eafd7629dd062f39b80cc63e_USDT,1638284209,1638284209,1,1.18194e+21,1181.9399999999998,1181.9399999999998,0,0,0.800000,bridge_dst_event_flow,True
BNB,Multi,bnb_flow_0xeeddfc650d7c__synth_hidden_dst,0xeeddfc650d7c9cbd4e9f38ea0485a737d3d9ca93eafd7629dd062f39b80cc63e,0x32a17321378096592bc21214b5052efe4f501e99|0xd1c5966f9f5ee6881ff6b261bbeda45972b1b5f3|0xedf0c420bc3b92b961c6ec411cc810ca81f5f21a,0x32a17321378096592bc21214b5052efe4f501e99,0xedf0c420bc3b92b961c6ec411cc810ca81f5f21a,USDT,USDT,0xeeddfc650d7c9cbd4e9f38ea0485a737d3d9ca93eafd7629dd062f39b80cc63e_USDT,1638284209,1638284209,1,1.18194e+21,1181.9399999999998,1181.9399999999998,0,0,0.800000,bridge_dst_event_flow,True
BNB,Multi,bnb_flow_0xeeddfc650d7c__synth_noise_dst_0,0xeeddfc650d7c9cbd4e9f38ea0485a737d3d9ca93eafd7629dd062f39b80cc63e,0x32a17321378096592bc21214b5052efe4f501e99|0xd1c5966f9f5ee6881ff6b261bbeda45972b1b5f3|0xedf0c420bc3b92b961c6ec411cc810ca81f5f21a,0x32a17321378096592bc21214b5052efe4f501e99,0xedf0c420bc3b92b961c6ec411cc810ca81f5f21a,USDT,USDT,0xeeddfc650d7c9cbd4e9f38ea0485a737d3d9ca93eafd7629dd062f39b80cc63e_USDT,1638284269,1638284269,1,1.18194e+21,1181.9399999999998,1181.9399999999998,0,0,0.800000,bridge_dst_event_flow,True
BNB,Multi,bnb_flow_0xeeddfc650d7c__synth_noise_dst_1,0xeeddfc650d7c9cbd4e9f38ea0485a737d3d9ca93eafd7629dd062f39b80cc63e,0x32a17321378096592bc21214b5052efe4f501e99|0xd1c5966f9f5ee6881ff6b261bbeda45972b1b5f3|0xedf0c420bc3b92b961c6ec411cc810ca81f5f21a,0x32a17321378096592bc21214b5052efe4f501e99,0xedf0c420bc3b92b961c6ec411cc810ca81f5f21a,USDT,USDT,0xeeddfc650d7c9cbd4e9f38ea0485a737d3d9ca93eafd7629dd062f39b80cc63e_USDT,1638284329,1638284329,1,1.18194e+21,1181.9399999999998,1181.9399999999998,0,0,0.800000,bridge_dst_event_flow,True
BNB,Multi,bnb_flow_0x21ebb316b24c__synth_split_a,0x21ebb316b24ca6595d068b23c79e9cbd1f35b04ff7d9b14fa40be661b2a15910,0x30ea187ade535ca8c305e7ebacc5423e1b5cdbd0|0xd1c5966f9f5ee6881ff6b261bbeda45972b1b5f3|0xedf0c420bc3b92b961c6ec411cc810ca81f5f21a,0x30ea187ade535ca8c305e7ebacc5423e1b5cdbd0,0xedf0c420bc3b92b961c6ec411cc810ca81f5f21a,USDT,USDT,0x21ebb316b24ca6595d068b23c79e9cbd1f35b04ff7d9b14fa40be661b2a15910_USDT,1638112525,1638112525,1,1.41055e+20,141.055,141.055,0,0,0.800000,bridge_dst_event_flow,True
BNB,Multi,bnb_flow_0x21ebb316b24c__synth_split_b,0x21ebb316b24ca6595d068b23c79e9cbd1f35b04ff7d9b14fa40be661b2a15910,0x30ea187ade535ca8c305e7ebacc5423e1b5cdbd0|0xd1c5966f9f5ee6881ff6b261bbeda45972b1b5f3|0xedf0c420bc3b92b961c6ec411cc810ca81f5f21a,0x30ea187ade535ca8c305e7ebacc5423e1b5cdbd0,0xedf0c420bc3b92b961c6ec411cc810ca81f5f21a,USDT,USDT,0x21ebb316b24ca6595d068b23c79e9cbd1f35b04ff7d9b14fa40be661b2a15910_USDT,1638112525,1638112525,1,1.41055e+20,141.055,141.055,0,0,0.800000,bridge_dst_event_flow,True
BNB,Multi,bnb_flow_0x21ebb316b24c__synth_merge_dst,0x21ebb316b24ca6595d068b23c79e9cbd1f35b04ff7d9b14fa40be661b2a15910,0x30ea187ade535ca8c305e7ebacc5423e1b5cdbd0|0xd1c5966f9f5ee6881ff6b261bbeda45972b1b5f3|0xedf0c420bc3b92b961c6ec411cc810ca81f5f21a,0x30ea187ade535ca8c305e7ebacc5423e1b5cdbd0,0xedf0c420bc3b92b961c6ec411cc810ca81f5f21a,USDT,USDT,0x21ebb316b24ca6595d068b23c79e9cbd1f35b04ff7d9b14fa40be661b2a15910_USDT,1638112525,1638112525,1,2.8211e+20,282.11,282.11,0,0,0.800000,bridge_dst_event_flow,True
BNB,Multi,bnb_flow_0x21ebb316b24c__synth_hidden_dst,0x21ebb316b24ca6595d068b23c79e9cbd1f35b04ff7d9b14fa40be661b2a15910,0x30ea187ade535ca8c305e7ebacc5423e1b5cdbd0|0xd1c5966f9f5ee6881ff6b261bbeda45972b1b5f3|0xedf0c420bc3b92b961c6ec411cc810ca81f5f21a,0x30ea187ade535ca8c305e7ebacc5423e1b5cdbd0,0xedf0c420bc3b92b961c6ec411cc810ca81f5f21a,USDT,USDT,0x21ebb316b24ca6595d068b23c79e9cbd1f35b04ff7d9b14fa40be661b2a15910_USDT,1638112525,1638112525,1,2.8211e+20,282.11,282.11,0,0,0.800000,bridge_dst_event_flow,True
BNB,Multi,bnb_flow_0x21ebb316b24c__synth_noise_dst_0,0x21ebb316b24ca6595d068b23c79e9cbd1f35b04ff7d9b14fa40be661b2a15910,0x30ea187ade535ca8c305e7ebacc5423e1b5cdbd0|0xd1c5966f9f5ee6881ff6b261bbeda45972b1b5f3|0xedf0c420bc3b92b961c6ec411cc810ca81f5f21a,0x30ea187ade535ca8c305e7ebacc5423e1b5cdbd0,0xedf0c420bc3b92b961c6ec411cc810ca81f5f21a,USDT,USDT,0x21ebb316b24ca6595d068b23c79e9cbd1f35b04ff7d9b14fa40be661b2a15910_USDT,1638112585,1638112585,1,2.8211e+20,282.11,282.11,0,0,0.800000,bridge_dst_event_flow,True
BNB,Multi,bnb_flow_0x21ebb316b24c__synth_noise_dst_1,0x21ebb316b24ca6595d068b23c79e9cbd1f35b04ff7d9b14fa40be661b2a15910,0x30ea187ade535ca8c305e7ebacc5423e1b5cdbd0|0xd1c5966f9f5ee6881ff6b261bbeda45972b1b5f3|0xedf0c420bc3b92b961c6ec411cc810ca81f5f21a,0x30ea187ade535ca8c305e7ebacc5423e1b5cdbd0,0xedf0c420bc3b92b961c6ec411cc810ca81f5f21a,USDT,USDT,0x21ebb316b24ca6595d068b23c79e9cbd1f35b04ff7d9b14fa40be661b2a15910_USDT,1638112645,1638112645,1,2.8211e+20,282.11,282.11,0,0,0.800000,bridge_dst_event_flow,True
BNB,Multi,bnb_flow_0xa52a90129200__synth_split_a,0xa52a901292006c0eb2f8a0246ef2b8521ebe8369a2ac89ff7a85382f1c632ecb,0x581addab51a282133123cb0964027f876b030965|0xd1c5966f9f5ee6881ff6b261bbeda45972b1b5f3|0xedf0c420bc3b92b961c6ec411cc810ca81f5f21a,0x581addab51a282133123cb0964027f876b030965,0xedf0c420bc3b92b961c6ec411cc810ca81f5f21a,USDT,USDT,0xa52a901292006c0eb2f8a0246ef2b8521ebe8369a2ac89ff7a85382f1c632ecb_USDT,1638057005,1638057005,1,2.4705e+20,247.05,247.05,0,0,0.800000,bridge_dst_event_flow,True
BNB,Multi,bnb_flow_0xa52a90129200__synth_split_b,0xa52a901292006c0eb2f8a0246ef2b8521ebe8369a2ac89ff7a85382f1c632ecb,0x581addab51a282133123cb0964027f876b030965|0xd1c5966f9f5ee6881ff6b261bbeda45972b1b5f3|0xedf0c420bc3b92b961c6ec411cc810ca81f5f21a,0x581addab51a282133123cb0964027f876b030965,0xedf0c420bc3b92b961c6ec411cc810ca81f5f21a,USDT,USDT,0xa52a901292006c0eb2f8a0246ef2b8521ebe8369a2ac89ff7a85382f1c632ecb_USDT,1638057005,1638057005,1,2.4705e+20,247.05,247.05,0,0,0.800000,bridge_dst_event_flow,True
BNB,Multi,bnb_flow_0xa52a90129200__synth_merge_dst,0xa52a901292006c0eb2f8a0246ef2b8521ebe8369a2ac89ff7a85382f1c632ecb,0x581addab51a282133123cb0964027f876b030965|0xd1c5966f9f5ee6881ff6b261bbeda45972b1b5f3|0xedf0c420bc3b92b961c6ec411cc810ca81f5f21a,0x581addab51a282133123cb0964027f876b030965,0xedf0c420bc3b92b961c6ec411cc810ca81f5f21a,USDT,USDT,0xa52a901292006c0eb2f8a0246ef2b8521ebe8369a2ac89ff7a85382f1c632ecb_USDT,1638057005,1638057005,1,4.941e+20,494.1,494.1,0,0,0.800000,bridge_dst_event_flow,True
BNB,Multi,bnb_flow_0xa52a90129200__synth_hidden_dst,0xa52a901292006c0eb2f8a0246ef2b8521ebe8369a2ac89ff7a85382f1c632ecb,0x581addab51a282133123cb0964027f876b030965|0xd1c5966f9f5ee6881ff6b261bbeda45972b1b5f3|0xedf0c420bc3b92b961c6ec411cc810ca81f5f21a,0x581addab51a282133123cb0964027f876b030965,0xedf0c420bc3b92b961c6ec411cc810ca81f5f21a,USDT,USDT,0xa52a901292006c0eb2f8a0246ef2b8521ebe8369a2ac89ff7a85382f1c632ecb_USDT,1638057005,1638057005,1,4.941e+20,494.1,494.1,0,0,0.800000,bridge_dst_event_flow,True
BNB,Multi,bnb_flow_0xa52a90129200__synth_noise_dst_0,0xa52a901292006c0eb2f8a0246ef2b8521ebe8369a2ac89ff7a85382f1c632ecb,0x581addab51a282133123cb0964027f876b030965|0xd1c5966f9f5ee6881ff6b261bbeda45972b1b5f3|0xedf0c420bc3b92b961c6ec411cc810ca81f5f21a,0x581addab51a282133123cb0964027f876b030965,0xedf0c420bc3b92b961c6ec411cc810ca81f5f21a,USDT,USDT,0xa52a901292006c0eb2f8a0246ef2b8521ebe8369a2ac89ff7a85382f1c632ecb_USDT,1638057065,1638057065,1,4.941e+20,494.1,494.1,0,0,0.800000,bridge_dst_event_flow,True
BNB,Multi,bnb_flow_0xa52a90129200__synth_noise_dst_1,0xa52a901292006c0eb2f8a0246ef2b8521ebe8369a2ac89ff7a85382f1c632ecb,0x581addab51a282133123cb0964027f876b030965|0xd1c5966f9f5ee6881ff6b261bbeda45972b1b5f3|0xedf0c420bc3b92b961c6ec411cc810ca81f5f21a,0x581addab51a282133123cb0964027f876b030965,0xedf0c420bc3b92b961c6ec411cc810ca81f5f21a,USDT,USDT,0xa52a901292006c0eb2f8a0246ef2b8521ebe8369a2ac89ff7a85382f1c632ecb_USDT,1638057125,1638057125,1,4.941e+20,494.1,494.1,0,0,0.800000,bridge_dst_event_flow,True
BNB,Multi,bnb_flow_0x7c24001a4ba4__synth_split_a,0x7c24001a4ba481c9c7b72ce245b414559b6f4374f3823a0f9412be06fab0b18c,0x4dbc6ec9f3b96e9b0c86f45cb0fed45666254f01|0xd1c5966f9f5ee6881ff6b261bbeda45972b1b5f3|0xedf0c420bc3b92b961c6ec411cc810ca81f5f21a,0x4dbc6ec9f3b96e9b0c86f45cb0fed45666254f01,0xedf0c420bc3b92b961c6ec411cc810ca81f5f21a,USDT,USDT,0x7c24001a4ba481c9c7b72ce245b414559b6f4374f3823a0f9412be06fab0b18c_USDT,1638392003,1638392003,1,6.108342857142857e+20,610.8342857142857,610.8342857142857,0,0,0.775000,bridge_dst_event_flow,True
BNB,Multi,bnb_flow_0x7c24001a4ba4__synth_split_b,0x7c24001a4ba481c9c7b72ce245b414559b6f4374f3823a0f9412be06fab0b18c,0x4dbc6ec9f3b96e9b0c86f45cb0fed45666254f01|0xd1c5966f9f5ee6881ff6b261bbeda45972b1b5f3|0xedf0c420bc3b92b961c6ec411cc810ca81f5f21a,0x4dbc6ec9f3b96e9b0c86f45cb0fed45666254f01,0xedf0c420bc3b92b961c6ec411cc810ca81f5f21a,USDT,USDT,0x7c24001a4ba481c9c7b72ce245b414559b6f4374f3823a0f9412be06fab0b18c_USDT,1638392003,1638392003,1,6.108342857142857e+20,610.8342857142857,610.8342857142857,0,0,0.775000,bridge_dst_event_flow,True
BNB,Multi,bnb_flow_0x7c24001a4ba4__synth_split_c,0x7c24001a4ba481c9c7b72ce245b414559b6f4374f3823a0f9412be06fab0b18c,0x4dbc6ec9f3b96e9b0c86f45cb0fed45666254f01|0xd1c5966f9f5ee6881ff6b261bbeda45972b1b5f3|0xedf0c420bc3b92b961c6ec411cc810ca81f5f21a,0x4dbc6ec9f3b96e9b0c86f45cb0fed45666254f01,0xedf0c420bc3b92b961c6ec411cc810ca81f5f21a,USDT,USDT,0x7c24001a4ba481c9c7b72ce245b414559b6f4374f3823a0f9412be06fab0b18c_USDT,1638392003,1638392003,1,6.108342857142857e+20,610.8342857142857,610.8342857142857,0,0,0.775000,bridge_dst_event_flow,True
BNB,Multi,bnb_flow_0x7c24001a4ba4__synth_split_d,0x7c24001a4ba481c9c7b72ce245b414559b6f4374f3823a0f9412be06fab0b18c,0x4dbc6ec9f3b96e9b0c86f45cb0fed45666254f01|0xd1c5966f9f5ee6881ff6b261bbeda45972b1b5f3|0xedf0c420bc3b92b961c6ec411cc810ca81f5f21a,0x4dbc6ec9f3b96e9b0c86f45cb0fed45666254f01,0xedf0c420bc3b92b961c6ec411cc810ca81f5f21a,USDT,USDT,0x7c24001a4ba481c9c7b72ce245b414559b6f4374f3823a0f9412be06fab0b18c_USDT,1638392003,1638392003,1,6.108342857142857e+20,610.8342857142857,610.8342857142857,0,0,0.775000,bridge_dst_event_flow,True
BNB,Multi,bnb_flow_0x7c24001a4ba4__synth_split_e,0x7c24001a4ba481c9c7b72ce245b414559b6f4374f3823a0f9412be06fab0b18c,0x4dbc6ec9f3b96e9b0c86f45cb0fed45666254f01|0xd1c5966f9f5ee6881ff6b261bbeda45972b1b5f3|0xedf0c420bc3b92b961c6ec411cc810ca81f5f21a,0x4dbc6ec9f3b96e9b0c86f45cb0fed45666254f01,0xedf0c420bc3b92b961c6ec411cc810ca81f5f21a,USDT,USDT,0x7c24001a4ba481c9c7b72ce245b414559b6f4374f3823a0f9412be06fab0b18c_USDT,1638392003,1638392003,1,6.108342857142857e+20,610.8342857142857,610.8342857142857,0,0,0.775000,bridge_dst_event_flow,True
BNB,Multi,bnb_flow_0x7c24001a4ba4__synth_split_f,0x7c24001a4ba481c9c7b72ce245b414559b6f4374f3823a0f9412be06fab0b18c,0x4dbc6ec9f3b96e9b0c86f45cb0fed45666254f01|0xd1c5966f9f5ee6881ff6b261bbeda45972b1b5f3|0xedf0c420bc3b92b961c6ec411cc810ca81f5f21a,0x4dbc6ec9f3b96e9b0c86f45cb0fed45666254f01,0xedf0c420bc3b92b961c6ec411cc810ca81f5f21a,USDT,USDT,0x7c24001a4ba481c9c7b72ce245b414559b6f4374f3823a0f9412be06fab0b18c_USDT,1638392003,1638392003,1,6.108342857142857e+20,610.8342857142857,610.8342857142857,0,0,0.775000,bridge_dst_event_flow,True
BNB,Multi,bnb_flow_0x7c24001a4ba4__synth_split_g,0x7c24001a4ba481c9c7b72ce245b414559b6f4374f3823a0f9412be06fab0b18c,0x4dbc6ec9f3b96e9b0c86f45cb0fed45666254f01|0xd1c5966f9f5ee6881ff6b261bbeda45972b1b5f3|0xedf0c420bc3b92b961c6ec411cc810ca81f5f21a,0x4dbc6ec9f3b96e9b0c86f45cb0fed45666254f01,0xedf0c420bc3b92b961c6ec411cc810ca81f5f21a,USDT,USDT,0x7c24001a4ba481c9c7b72ce245b414559b6f4374f3823a0f9412be06fab0b18c_USDT,1638392003,1638392003,1,6.108342857142857e+20,610.8342857142857,610.8342857142857,0,0,0.775000,bridge_dst_event_flow,True
BNB,Multi,bnb_flow_0x7c24001a4ba4__synth_merge_dst,0x7c24001a4ba481c9c7b72ce245b414559b6f4374f3823a0f9412be06fab0b18c,0x4dbc6ec9f3b96e9b0c86f45cb0fed45666254f01|0xd1c5966f9f5ee6881ff6b261bbeda45972b1b5f3|0xedf0c420bc3b92b961c6ec411cc810ca81f5f21a,0x4dbc6ec9f3b96e9b0c86f45cb0fed45666254f01,0xedf0c420bc3b92b961c6ec411cc810ca81f5f21a,USDT,USDT,0x7c24001a4ba481c9c7b72ce245b414559b6f4374f3823a0f9412be06fab0b18c_USDT,1638392003,1638392003,1,4.27584e+21,4275.84,4275.84,0,0,0.775000,bridge_dst_event_flow,True
BNB,Multi,bnb_flow_0x7c24001a4ba4__synth_hidden_dst,0x7c24001a4ba481c9c7b72ce245b414559b6f4374f3823a0f9412be06fab0b18c,0x4dbc6ec9f3b96e9b0c86f45cb0fed45666254f01|0xd1c5966f9f5ee6881ff6b261bbeda45972b1b5f3|0xedf0c420bc3b92b961c6ec411cc810ca81f5f21a,0x4dbc6ec9f3b96e9b0c86f45cb0fed45666254f01,0xedf0c420bc3b92b961c6ec411cc810ca81f5f21a,USDT,USDT,0x7c24001a4ba481c9c7b72ce245b414559b6f4374f3823a0f9412be06fab0b18c_USDT,1638392003,1638392003,1,4.27584e+21,4275.84,4275.84,0,0,0.775000,bridge_dst_event_flow,True
BNB,Multi,bnb_flow_0x7c24001a4ba4__synth_noise_dst_0,0x7c24001a4ba481c9c7b72ce245b414559b6f4374f3823a0f9412be06fab0b18c,0x4dbc6ec9f3b96e9b0c86f45cb0fed45666254f01|0xd1c5966f9f5ee6881ff6b261bbeda45972b1b5f3|0xedf0c420bc3b92b961c6ec411cc810ca81f5f21a,0x4dbc6ec9f3b96e9b0c86f45cb0fed45666254f01,0xedf0c420bc3b92b961c6ec411cc810ca81f5f21a,USDT,USDT,0x7c24001a4ba481c9c7b72ce245b414559b6f4374f3823a0f9412be06fab0b18c_USDT,1638392063,1638392063,1,4.27584e+21,4275.84,4275.84,0,0,0.775000,bridge_dst_event_flow,True
BNB,Multi,bnb_flow_0x7c24001a4ba4__synth_noise_dst_1,0x7c24001a4ba481c9c7b72ce245b414559b6f4374f3823a0f9412be06fab0b18c,0x4dbc6ec9f3b96e9b0c86f45cb0fed45666254f01|0xd1c5966f9f5ee6881ff6b261bbeda45972b1b5f3|0xedf0c420bc3b92b961c6ec411cc810ca81f5f21a,0x4dbc6ec9f3b96e9b0c86f45cb0fed45666254f01,0xedf0c420bc3b92b961c6ec411cc810ca81f5f21a,USDT,USDT,0x7c24001a4ba481c9c7b72ce245b414559b6f4374f3823a0f9412be06fab0b18c_USDT,1638392123,1638392123,1,4.27584e+21,4275.84,4275.84,0,0,0.775000,bridge_dst_event_flow,True
BNB,Multi,bnb_flow_0x1efa0c85e3e8__synth_split_a,0x1efa0c85e3e8e4dfa498e600b7e40a4722a25d9544ed5626816faac20591c98d,0xba5f5e358f6e3f013f6bd49bcbe9c99fc79d1fd5|0xd1c5966f9f5ee6881ff6b261bbeda45972b1b5f3|0xedf0c420bc3b92b961c6ec411cc810ca81f5f21a,0xba5f5e358f6e3f013f6bd49bcbe9c99fc79d1fd5,0xedf0c420bc3b92b961c6ec411cc810ca81f5f21a,USDT,USDT,0x1efa0c85e3e8e4dfa498e600b7e40a4722a25d9544ed5626816faac20591c98d_USDT,1637519277,1637519277,1,1.49955e+21,1499.55,1499.55,0,0,0.775000,bridge_dst_event_flow,True
BNB,Multi,bnb_flow_0x1efa0c85e3e8__synth_split_b,0x1efa0c85e3e8e4dfa498e600b7e40a4722a25d9544ed5626816faac20591c98d,0xba5f5e358f6e3f013f6bd49bcbe9c99fc79d1fd5|0xd1c5966f9f5ee6881ff6b261bbeda45972b1b5f3|0xedf0c420bc3b92b961c6ec411cc810ca81f5f21a,0xba5f5e358f6e3f013f6bd49bcbe9c99fc79d1fd5,0xedf0c420bc3b92b961c6ec411cc810ca81f5f21a,USDT,USDT,0x1efa0c85e3e8e4dfa498e600b7e40a4722a25d9544ed5626816faac20591c98d_USDT,1637519277,1637519277,1,1.49955e+21,1499.55,1499.55,0,0,0.775000,bridge_dst_event_flow,True
BNB,Multi,bnb_flow_0x1efa0c85e3e8__synth_merge_dst,0x1efa0c85e3e8e4dfa498e600b7e40a4722a25d9544ed5626816faac20591c98d,0xba5f5e358f6e3f013f6bd49bcbe9c99fc79d1fd5|0xd1c5966f9f5ee6881ff6b261bbeda45972b1b5f3|0xedf0c420bc3b92b961c6ec411cc810ca81f5f21a,0xba5f5e358f6e3f013f6bd49bcbe9c99fc79d1fd5,0xedf0c420bc3b92b961c6ec411cc810ca81f5f21a,USDT,USDT,0x1efa0c85e3e8e4dfa498e600b7e40a4722a25d9544ed5626816faac20591c98d_USDT,1637519277,1637519277,1,2.9991e+21,2999.1,2999.1,0,0,0.775000,bridge_dst_event_flow,True
BNB,Multi,bnb_flow_0x1efa0c85e3e8__synth_hidden_dst,0x1efa0c85e3e8e4dfa498e600b7e40a4722a25d9544ed5626816faac20591c98d,0xba5f5e358f6e3f013f6bd49bcbe9c99fc79d1fd5|0xd1c5966f9f5ee6881ff6b261bbeda45972b1b5f3|0xedf0c420bc3b92b961c6ec411cc810ca81f5f21a,0xba5f5e358f6e3f013f6bd49bcbe9c99fc79d1fd5,0xedf0c420bc3b92b961c6ec411cc810ca81f5f21a,USDT,USDT,0x1efa0c85e3e8e4dfa498e600b7e40a4722a25d9544ed5626816faac20591c98d_USDT,1637519277,1637519277,1,2.9991e+21,2999.1,2999.1,0,0,0.775000,bridge_dst_event_flow,True
BNB,Multi,bnb_flow_0x1efa0c85e3e8__synth_noise_dst_0,0x1efa0c85e3e8e4dfa498e600b7e40a4722a25d9544ed5626816faac20591c98d,0xba5f5e358f6e3f013f6bd49bcbe9c99fc79d1fd5|0xd1c5966f9f5ee6881ff6b261bbeda45972b1b5f3|0xedf0c420bc3b92b961c6ec411cc810ca81f5f21a,0xba5f5e358f6e3f013f6bd49bcbe9c99fc79d1fd5,0xedf0c420bc3b92b961c6ec411cc810ca81f5f21a,USDT,USDT,0x1efa0c85e3e8e4dfa498e600b7e40a4722a25d9544ed5626816faac20591c98d_USDT,1637519337,1637519337,1,2.9991e+21,2999.1,2999.1,0,0,0.775000,bridge_dst_event_flow,True
BNB,Multi,bnb_flow_0x1efa0c85e3e8__synth_noise_dst_1,0x1efa0c85e3e8e4dfa498e600b7e40a4722a25d9544ed5626816faac20591c98d,0xba5f5e358f6e3f013f6bd49bcbe9c99fc79d1fd5|0xd1c5966f9f5ee6881ff6b261bbeda45972b1b5f3|0xedf0c420bc3b92b961c6ec411cc810ca81f5f21a,0xba5f5e358f6e3f013f6bd49bcbe9c99fc79d1fd5,0xedf0c420bc3b92b961c6ec411cc810ca81f5f21a,USDT,USDT,0x1efa0c85e3e8e4dfa498e600b7e40a4722a25d9544ed5626816faac20591c98d_USDT,1637519397,1637519397,1,2.9991e+21,2999.1,2999.1,0,0,0.775000,bridge_dst_event_flow,True
BNB,Multi,bnb_flow_0xa3b0f6bb03ec__synth_split_a,0xa3b0f6bb03ec93542152a32e6d7ad253e8df5c08911e6d2951991f6cc41a3f7a,0x1528d7fd9ad1b34b5a0ea318c75ce9949ec4a2e1|0xd1c5966f9f5ee6881ff6b261bbeda45972b1b5f3|0xdebb1d6a2196f2335ad51fbde7ca587205889360,0x1528d7fd9ad1b34b5a0ea318c75ce9949ec4a2e1,0xdebb1d6a2196f2335ad51fbde7ca587205889360,ETH,WETH_ETH,0xa3b0f6bb03ec93542152a32e6d7ad253e8df5c08911e6d2951991f6cc41a3f7a_ETH,1646061444,1646061444,1,1.8056666666666666e+17,0.18056666666666665,444.35805824311205,0,0,0.825000,bridge_dst_event_flow,True
BNB,Multi,bnb_flow_0xa3b0f6bb03ec__synth_split_b,0xa3b0f6bb03ec93542152a32e6d7ad253e8df5c08911e6d2951991f6cc41a3f7a,0x1528d7fd9ad1b34b5a0ea318c75ce9949ec4a2e1|0xd1c5966f9f5ee6881ff6b261bbeda45972b1b5f3|0xdebb1d6a2196f2335ad51fbde7ca587205889360,0x1528d7fd9ad1b34b5a0ea318c75ce9949ec4a2e1,0xdebb1d6a2196f2335ad51fbde7ca587205889360,ETH,WETH_ETH,0xa3b0f6bb03ec93542152a32e6d7ad253e8df5c08911e6d2951991f6cc41a3f7a_ETH,1646061444,1646061444,1,1.8056666666666666e+17,0.18056666666666665,444.35805824311205,0,0,0.825000,bridge_dst_event_flow,True
BNB,Multi,bnb_flow_0xa3b0f6bb03ec__synth_split_c,0xa3b0f6bb03ec93542152a32e6d7ad253e8df5c08911e6d2951991f6cc41a3f7a,0x1528d7fd9ad1b34b5a0ea318c75ce9949ec4a2e1|0xd1c5966f9f5ee6881ff6b261bbeda45972b1b5f3|0xdebb1d6a2196f2335ad51fbde7ca587205889360,0x1528d7fd9ad1b34b5a0ea318c75ce9949ec4a2e1,0xdebb1d6a2196f2335ad51fbde7ca587205889360,ETH,WETH_ETH,0xa3b0f6bb03ec93542152a32e6d7ad253e8df5c08911e6d2951991f6cc41a3f7a_ETH,1646061444,1646061444,1,1.8056666666666666e+17,0.18056666666666665,444.35805824311205,0,0,0.825000,bridge_dst_event_flow,True
BNB,Multi,bnb_flow_0xa3b0f6bb03ec__synth_merge_dst,0xa3b0f6bb03ec93542152a32e6d7ad253e8df5c08911e6d2951991f6cc41a3f7a,0x1528d7fd9ad1b34b5a0ea318c75ce9949ec4a2e1|0xd1c5966f9f5ee6881ff6b261bbeda45972b1b5f3|0xdebb1d6a2196f2335ad51fbde7ca587205889360,0x1528d7fd9ad1b34b5a0ea318c75ce9949ec4a2e1,0xdebb1d6a2196f2335ad51fbde7ca587205889360,ETH,WETH_ETH,0xa3b0f6bb03ec93542152a32e6d7ad253e8df5c08911e6d2951991f6cc41a3f7a_ETH,1646061444,1646061444,1,5.417e+17,0.5417,1333.0741747293362,0,0,0.825000,bridge_dst_event_flow,True
BNB,Multi,bnb_flow_0xa3b0f6bb03ec__synth_hidden_dst,0xa3b0f6bb03ec93542152a32e6d7ad253e8df5c08911e6d2951991f6cc41a3f7a,0x1528d7fd9ad1b34b5a0ea318c75ce9949ec4a2e1|0xd1c5966f9f5ee6881ff6b261bbeda45972b1b5f3|0xdebb1d6a2196f2335ad51fbde7ca587205889360,0x1528d7fd9ad1b34b5a0ea318c75ce9949ec4a2e1,0xdebb1d6a2196f2335ad51fbde7ca587205889360,ETH,WETH_ETH,0xa3b0f6bb03ec93542152a32e6d7ad253e8df5c08911e6d2951991f6cc41a3f7a_ETH,1646061444,1646061444,1,5.417e+17,0.5417,1333.0741747293362,0,0,0.825000,bridge_dst_event_flow,True
BNB,Multi,bnb_flow_0xa3b0f6bb03ec__synth_noise_dst_0,0xa3b0f6bb03ec93542152a32e6d7ad253e8df5c08911e6d2951991f6cc41a3f7a,0x1528d7fd9ad1b34b5a0ea318c75ce9949ec4a2e1|0xd1c5966f9f5ee6881ff6b261bbeda45972b1b5f3|0xdebb1d6a2196f2335ad51fbde7ca587205889360,0x1528d7fd9ad1b34b5a0ea318c75ce9949ec4a2e1,0xdebb1d6a2196f2335ad51fbde7ca587205889360,ETH,WETH_ETH,0xa3b0f6bb03ec93542152a32e6d7ad253e8df5c08911e6d2951991f6cc41a3f7a_ETH,1646061504,1646061504,1,5.417e+17,0.5417,1333.0741747293362,0,0,0.825000,bridge_dst_event_flow,True
BNB,Multi,bnb_flow_0xa3b0f6bb03ec__synth_noise_dst_1,0xa3b0f6bb03ec93542152a32e6d7ad253e8df5c08911e6d2951991f6cc41a3f7a,0x1528d7fd9ad1b34b5a0ea318c75ce9949ec4a2e1|0xd1c5966f9f5ee6881ff6b261bbeda45972b1b5f3|0xdebb1d6a2196f2335ad51fbde7ca587205889360,0x1528d7fd9ad1b34b5a0ea318c75ce9949ec4a2e1,0xdebb1d6a2196f2335ad51fbde7ca587205889360,ETH,WETH_ETH,0xa3b0f6bb03ec93542152a32e6d7ad253e8df5c08911e6d2951991f6cc41a3f7a_ETH,1646061564,1646061564,1,5.417e+17,0.5417,1333.0741747293362,0,0,0.825000,bridge_dst_event_flow,True
BNB,Multi,bnb_flow_0x43963c9ce2c6__synth_split_a,0x43963c9ce2c6b09a0644bdc2f3e192717c483bedb098057cc8475348d1b31836,0xd1c5966f9f5ee6881ff6b261bbeda45972b1b5f3|0xedf0c420bc3b92b961c6ec411cc810ca81f5f21a|0xeeb2e6eac34e2f6f99149c47a0ec3af0daba6e29,0xeeb2e6eac34e2f6f99149c47a0ec3af0daba6e29,0xedf0c420bc3b92b961c6ec411cc810ca81f5f21a,USDT,USDT,0x43963c9ce2c6b09a0644bdc2f3e192717c483bedb098057cc8475348d1b31836_USDT,1639464452,1639464452,1,7.4955e+20,749.55,749.55,0,0,0.800000,bridge_dst_event_flow,True
BNB,Multi,bnb_flow_0x43963c9ce2c6__synth_split_b,0x43963c9ce2c6b09a0644bdc2f3e192717c483bedb098057cc8475348d1b31836,0xd1c5966f9f5ee6881ff6b261bbeda45972b1b5f3|0xedf0c420bc3b92b961c6ec411cc810ca81f5f21a|0xeeb2e6eac34e2f6f99149c47a0ec3af0daba6e29,0xeeb2e6eac34e2f6f99149c47a0ec3af0daba6e29,0xedf0c420bc3b92b961c6ec411cc810ca81f5f21a,USDT,USDT,0x43963c9ce2c6b09a0644bdc2f3e192717c483bedb098057cc8475348d1b31836_USDT,1639464452,1639464452,1,7.4955e+20,749.55,749.55,0,0,0.800000,bridge_dst_event_flow,True
BNB,Multi,bnb_flow_0x43963c9ce2c6__synth_merge_dst,0x43963c9ce2c6b09a0644bdc2f3e192717c483bedb098057cc8475348d1b31836,0xd1c5966f9f5ee6881ff6b261bbeda45972b1b5f3|0xedf0c420bc3b92b961c6ec411cc810ca81f5f21a|0xeeb2e6eac34e2f6f99149c47a0ec3af0daba6e29,0xeeb2e6eac34e2f6f99149c47a0ec3af0daba6e29,0xedf0c420bc3b92b961c6ec411cc810ca81f5f21a,USDT,USDT,0x43963c9ce2c6b09a0644bdc2f3e192717c483bedb098057cc8475348d1b31836_USDT,1639464452,1639464452,1,1.4991e+21,1499.1,1499.1,0,0,0.800000,bridge_dst_event_flow,True
BNB,Multi,bnb_flow_0x43963c9ce2c6__synth_hidden_dst,0x43963c9ce2c6b09a0644bdc2f3e192717c483bedb098057cc8475348d1b31836,0xd1c5966f9f5ee6881ff6b261bbeda45972b1b5f3|0xedf0c420bc3b92b961c6ec411cc810ca81f5f21a|0xeeb2e6eac34e2f6f99149c47a0ec3af0daba6e29,0xeeb2e6eac34e2f6f99149c47a0ec3af0daba6e29,0xedf0c420bc3b92b961c6ec411cc810ca81f5f21a,USDT,USDT,0x43963c9ce2c6b09a0644bdc2f3e192717c483bedb098057cc8475348d1b31836_USDT,1639464452,1639464452,1,1.4991e+21,1499.1,1499.1,0,0,0.800000,bridge_dst_event_flow,True
BNB,Multi,bnb_flow_0x43963c9ce2c6__synth_noise_dst_0,0x43963c9ce2c6b09a0644bdc2f3e192717c483bedb098057cc8475348d1b31836,0xd1c5966f9f5ee6881ff6b261bbeda45972b1b5f3|0xedf0c420bc3b92b961c6ec411cc810ca81f5f21a|0xeeb2e6eac34e2f6f99149c47a0ec3af0daba6e29,0xeeb2e6eac34e2f6f99149c47a0ec3af0daba6e29,0xedf0c420bc3b92b961c6ec411cc810ca81f5f21a,USDT,USDT,0x43963c9ce2c6b09a0644bdc2f3e192717c483bedb098057cc8475348d1b31836_USDT,1639464512,1639464512,1,1.4991e+21,1499.1,1499.1,0,0,0.800000,bridge_dst_event_flow,True
BNB,Multi,bnb_flow_0x43963c9ce2c6__synth_noise_dst_1,0x43963c9ce2c6b09a0644bdc2f3e192717c483bedb098057cc8475348d1b31836,0xd1c5966f9f5ee6881ff6b261bbeda45972b1b5f3|0xedf0c420bc3b92b961c6ec411cc810ca81f5f21a|0xeeb2e6eac34e2f6f99149c47a0ec3af0daba6e29,0xeeb2e6eac34e2f6f99149c47a0ec3af0daba6e29,0xedf0c420bc3b92b961c6ec411cc810ca81f5f21a,USDT,USDT,0x43963c9ce2c6b09a0644bdc2f3e192717c483bedb098057cc8475348d1b31836_USDT,1639464572,1639464572,1,1.4991e+21,1499.1,1499.1,0,0,0.800000,bridge_dst_event_flow,True
BNB,Multi,bnb_flow_0x1d233b5ab2ed__synth_split_a,0x1d233b5ab2ed194629a1f2f40892bd24b962271420e00a6b17d40c54a93e6905,0x25335cce86b1ffdf9707347e8a88beedce4ecd21|0xd1c5966f9f5ee6881ff6b261bbeda45972b1b5f3|0xdebb1d6a2196f2335ad51fbde7ca587205889360,0x25335cce86b1ffdf9707347e8a88beedce4ecd21,0xdebb1d6a2196f2335ad51fbde7ca587205889360,ETH,WETH_ETH,0x1d233b5ab2ed194629a1f2f40892bd24b962271420e00a6b17d40c54a93e6905_ETH,1646081358,1646081358,1,4.9985e+17,0.49985,1230.0851508924843,0,0,0.825000,bridge_dst_event_flow,True
BNB,Multi,bnb_flow_0x1d233b5ab2ed__synth_split_b,0x1d233b5ab2ed194629a1f2f40892bd24b962271420e00a6b17d40c54a93e6905,0x25335cce86b1ffdf9707347e8a88beedce4ecd21|0xd1c5966f9f5ee6881ff6b261bbeda45972b1b5f3|0xdebb1d6a2196f2335ad51fbde7ca587205889360,0x25335cce86b1ffdf9707347e8a88beedce4ecd21,0xdebb1d6a2196f2335ad51fbde7ca587205889360,ETH,WETH_ETH,0x1d233b5ab2ed194629a1f2f40892bd24b962271420e00a6b17d40c54a93e6905_ETH,1646081358,1646081358,1,4.9985e+17,0.49985,1230.0851508924843,0,0,0.825000,bridge_dst_event_flow,True
BNB,Multi,bnb_flow_0x1d233b5ab2ed__synth_merge_dst,0x1d233b5ab2ed194629a1f2f40892bd24b962271420e00a6b17d40c54a93e6905,0x25335cce86b1ffdf9707347e8a88beedce4ecd21|0xd1c5966f9f5ee6881ff6b261bbeda45972b1b5f3|0xdebb1d6a2196f2335ad51fbde7ca587205889360,0x25335cce86b1ffdf9707347e8a88beedce4ecd21,0xdebb1d6a2196f2335ad51fbde7ca587205889360,ETH,WETH_ETH,0x1d233b5ab2ed194629a1f2f40892bd24b962271420e00a6b17d40c54a93e6905_ETH,1646081358,1646081358,1,9.997e+17,0.9997,2460.1703017849686,0,0,0.825000,bridge_dst_event_flow,True
BNB,Multi,bnb_flow_0x1d233b5ab2ed__synth_hidden_dst,0x1d233b5ab2ed194629a1f2f40892bd24b962271420e00a6b17d40c54a93e6905,0x25335cce86b1ffdf9707347e8a88beedce4ecd21|0xd1c5966f9f5ee6881ff6b261bbeda45972b1b5f3|0xdebb1d6a2196f2335ad51fbde7ca587205889360,0x25335cce86b1ffdf9707347e8a88beedce4ecd21,0xdebb1d6a2196f2335ad51fbde7ca587205889360,ETH,WETH_ETH,0x1d233b5ab2ed194629a1f2f40892bd24b962271420e00a6b17d40c54a93e6905_ETH,1646081358,1646081358,1,9.997e+17,0.9997,2460.1703017849686,0,0,0.825000,bridge_dst_event_flow,True
BNB,Multi,bnb_flow_0x1d233b5ab2ed__synth_noise_dst_0,0x1d233b5ab2ed194629a1f2f40892bd24b962271420e00a6b17d40c54a93e6905,0x25335cce86b1ffdf9707347e8a88beedce4ecd21|0xd1c5966f9f5ee6881ff6b261bbeda45972b1b5f3|0xdebb1d6a2196f2335ad51fbde7ca587205889360,0x25335cce86b1ffdf9707347e8a88beedce4ecd21,0xdebb1d6a2196f2335ad51fbde7ca587205889360,ETH,WETH_ETH,0x1d233b5ab2ed194629a1f2f40892bd24b962271420e00a6b17d40c54a93e6905_ETH,1646081418,1646081418,1,9.997e+17,0.9997,2460.1703017849686,0,0,0.825000,bridge_dst_event_flow,True
BNB,Multi,bnb_flow_0x1d233b5ab2ed__synth_noise_dst_1,0x1d233b5ab2ed194629a1f2f40892bd24b962271420e00a6b17d40c54a93e6905,0x25335cce86b1ffdf9707347e8a88beedce4ecd21|0xd1c5966f9f5ee6881ff6b261bbeda45972b1b5f3|0xdebb1d6a2196f2335ad51fbde7ca587205889360,0x25335cce86b1ffdf9707347e8a88beedce4ecd21,0xdebb1d6a2196f2335ad51fbde7ca587205889360,ETH,WETH_ETH,0x1d233b5ab2ed194629a1f2f40892bd24b962271420e00a6b17d40c54a93e6905_ETH,1646081478,1646081478,1,9.997e+17,0.9997,2460.1703017849686,0,0,0.825000,bridge_dst_event_flow,True
BNB,Multi,bnb_flow_0xa01a57f74d00__synth_split_a,0xa01a57f74d00a41280ac8677faa34c11e7b8f4259a8dd2ffa61a3511dccfec26,0xd1c5966f9f5ee6881ff6b261bbeda45972b1b5f3|0xedf0c420bc3b92b961c6ec411cc810ca81f5f21a|0xf40537b64e04a511422a1a0c15a39db88422e44b,0xf40537b64e04a511422a1a0c15a39db88422e44b,0xedf0c420bc3b92b961c6ec411cc810ca81f5f21a,USDT,USDT,0xa01a57f74d00a41280ac8677faa34c11e7b8f4259a8dd2ffa61a3511dccfec26_USDT,1634202419,1634202419,1,9.9955e+20,999.55,999.55,0,0,0.800000,bridge_dst_event_flow,True
BNB,Multi,bnb_flow_0xa01a57f74d00__synth_split_b,0xa01a57f74d00a41280ac8677faa34c11e7b8f4259a8dd2ffa61a3511dccfec26,0xd1c5966f9f5ee6881ff6b261bbeda45972b1b5f3|0xedf0c420bc3b92b961c6ec411cc810ca81f5f21a|0xf40537b64e04a511422a1a0c15a39db88422e44b,0xf40537b64e04a511422a1a0c15a39db88422e44b,0xedf0c420bc3b92b961c6ec411cc810ca81f5f21a,USDT,USDT,0xa01a57f74d00a41280ac8677faa34c11e7b8f4259a8dd2ffa61a3511dccfec26_USDT,1634202419,1634202419,1,9.9955e+20,999.55,999.55,0,0,0.800000,bridge_dst_event_flow,True
BNB,Multi,bnb_flow_0xa01a57f74d00__synth_merge_dst,0xa01a57f74d00a41280ac8677faa34c11e7b8f4259a8dd2ffa61a3511dccfec26,0xd1c5966f9f5ee6881ff6b261bbeda45972b1b5f3|0xedf0c420bc3b92b961c6ec411cc810ca81f5f21a|0xf40537b64e04a511422a1a0c15a39db88422e44b,0xf40537b64e04a511422a1a0c15a39db88422e44b,0xedf0c420bc3b92b961c6ec411cc810ca81f5f21a,USDT,USDT,0xa01a57f74d00a41280ac8677faa34c11e7b8f4259a8dd2ffa61a3511dccfec26_USDT,1634202419,1634202419,1,1.9991e+21,1999.1,1999.1,0,0,0.800000,bridge_dst_event_flow,True
BNB,Multi,bnb_flow_0xa01a57f74d00__synth_hidden_dst,0xa01a57f74d00a41280ac8677faa34c11e7b8f4259a8dd2ffa61a3511dccfec26,0xd1c5966f9f5ee6881ff6b261bbeda45972b1b5f3|0xedf0c420bc3b92b961c6ec411cc810ca81f5f21a|0xf40537b64e04a511422a1a0c15a39db88422e44b,0xf40537b64e04a511422a1a0c15a39db88422e44b,0xedf0c420bc3b92b961c6ec411cc810ca81f5f21a,USDT,USDT,0xa01a57f74d00a41280ac8677faa34c11e7b8f4259a8dd2ffa61a3511dccfec26_USDT,1634202419,1634202419,1,1.9991e+21,1999.1,1999.1,0,0,0.800000,bridge_dst_event_flow,True
BNB,Multi,bnb_flow_0xa01a57f74d00__synth_noise_dst_0,0xa01a57f74d00a41280ac8677faa34c11e7b8f4259a8dd2ffa61a3511dccfec26,0xd1c5966f9f5ee6881ff6b261bbeda45972b1b5f3|0xedf0c420bc3b92b961c6ec411cc810ca81f5f21a|0xf40537b64e04a511422a1a0c15a39db88422e44b,0xf40537b64e04a511422a1a0c15a39db88422e44b,0xedf0c420bc3b92b961c6ec411cc810ca81f5f21a,USDT,USDT,0xa01a57f74d00a41280ac8677faa34c11e7b8f4259a8dd2ffa61a3511dccfec26_USDT,1634202479,1634202479,1,1.9991e+21,1999.1,1999.1,0,0,0.800000,bridge_dst_event_flow,True
BNB,Multi,bnb_flow_0xa01a57f74d00__synth_noise_dst_1,0xa01a57f74d00a41280ac8677faa34c11e7b8f4259a8dd2ffa61a3511dccfec26,0xd1c5966f9f5ee6881ff6b261bbeda45972b1b5f3|0xedf0c420bc3b92b961c6ec411cc810ca81f5f21a|0xf40537b64e04a511422a1a0c15a39db88422e44b,0xf40537b64e04a511422a1a0c15a39db88422e44b,0xedf0c420bc3b92b961c6ec411cc810ca81f5f21a,USDT,USDT,0xa01a57f74d00a41280ac8677faa34c11e7b8f4259a8dd2ffa61a3511dccfec26_USDT,1634202539,1634202539,1,1.9991e+21,1999.1,1999.1,0,0,0.800000,bridge_dst_event_flow,True
BNB,Multi,bnb_flow_0x8ff8586527f3__synth_split_a,0x8ff8586527f3265aa738e5b4670623fc78de6fb118388069a2c6f06e15b73a0c,0xaab6bdbf1790368d7c40301e1af392bf915d03af|0xd1c5966f9f5ee6881ff6b261bbeda45972b1b5f3|0xdebb1d6a2196f2335ad51fbde7ca587205889360,0xaab6bdbf1790368d7c40301e1af392bf915d03af,0xdebb1d6a2196f2335ad51fbde7ca587205889360,ETH,WETH_ETH,0x8ff8586527f3265aa738e5b4670623fc78de6fb118388069a2c6f06e15b73a0c_ETH,1645948341,1645948341,1,4.3985e+17,0.43985,1082.430636431048,0,0,0.825000,bridge_dst_event_flow,True
BNB,Multi,bnb_flow_0x8ff8586527f3__synth_split_b,0x8ff8586527f3265aa738e5b4670623fc78de6fb118388069a2c6f06e15b73a0c,0xaab6bdbf1790368d7c40301e1af392bf915d03af|0xd1c5966f9f5ee6881ff6b261bbeda45972b1b5f3|0xdebb1d6a2196f2335ad51fbde7ca587205889360,0xaab6bdbf1790368d7c40301e1af392bf915d03af,0xdebb1d6a2196f2335ad51fbde7ca587205889360,ETH,WETH_ETH,0x8ff8586527f3265aa738e5b4670623fc78de6fb118388069a2c6f06e15b73a0c_ETH,1645948341,1645948341,1,4.3985e+17,0.43985,1082.430636431048,0,0,0.825000,bridge_dst_event_flow,True
BNB,Multi,bnb_flow_0x8ff8586527f3__synth_merge_dst,0x8ff8586527f3265aa738e5b4670623fc78de6fb118388069a2c6f06e15b73a0c,0xaab6bdbf1790368d7c40301e1af392bf915d03af|0xd1c5966f9f5ee6881ff6b261bbeda45972b1b5f3|0xdebb1d6a2196f2335ad51fbde7ca587205889360,0xaab6bdbf1790368d7c40301e1af392bf915d03af,0xdebb1d6a2196f2335ad51fbde7ca587205889360,ETH,WETH_ETH,0x8ff8586527f3265aa738e5b4670623fc78de6fb118388069a2c6f06e15b73a0c_ETH,1645948341,1645948341,1,8.797e+17,0.8797,2164.861272862096,0,0,0.825000,bridge_dst_event_flow,True
BNB,Multi,bnb_flow_0x8ff8586527f3__synth_hidden_dst,0x8ff8586527f3265aa738e5b4670623fc78de6fb118388069a2c6f06e15b73a0c,0xaab6bdbf1790368d7c40301e1af392bf915d03af|0xd1c5966f9f5ee6881ff6b261bbeda45972b1b5f3|0xdebb1d6a2196f2335ad51fbde7ca587205889360,0xaab6bdbf1790368d7c40301e1af392bf915d03af,0xdebb1d6a2196f2335ad51fbde7ca587205889360,ETH,WETH_ETH,0x8ff8586527f3265aa738e5b4670623fc78de6fb118388069a2c6f06e15b73a0c_ETH,1645948341,1645948341,1,8.797e+17,0.8797,2164.861272862096,0,0,0.825000,bridge_dst_event_flow,True
BNB,Multi,bnb_flow_0x8ff8586527f3__synth_noise_dst_0,0x8ff8586527f3265aa738e5b4670623fc78de6fb118388069a2c6f06e15b73a0c,0xaab6bdbf1790368d7c40301e1af392bf915d03af|0xd1c5966f9f5ee6881ff6b261bbeda45972b1b5f3|0xdebb1d6a2196f2335ad51fbde7ca587205889360,0xaab6bdbf1790368d7c40301e1af392bf915d03af,0xdebb1d6a2196f2335ad51fbde7ca587205889360,ETH,WETH_ETH,0x8ff8586527f3265aa738e5b4670623fc78de6fb118388069a2c6f06e15b73a0c_ETH,1645948401,1645948401,1,8.797e+17,0.8797,2164.861272862096,0,0,0.825000,bridge_dst_event_flow,True
BNB,Multi,bnb_flow_0x8ff8586527f3__synth_noise_dst_1,0x8ff8586527f3265aa738e5b4670623fc78de6fb118388069a2c6f06e15b73a0c,0xaab6bdbf1790368d7c40301e1af392bf915d03af|0xd1c5966f9f5ee6881ff6b261bbeda45972b1b5f3|0xdebb1d6a2196f2335ad51fbde7ca587205889360,0xaab6bdbf1790368d7c40301e1af392bf915d03af,0xdebb1d6a2196f2335ad51fbde7ca587205889360,ETH,WETH_ETH,0x8ff8586527f3265aa738e5b4670623fc78de6fb118388069a2c6f06e15b73a0c_ETH,1645948461,1645948461,1,8.797e+17,0.8797,2164.861272862096,0,0,0.825000,bridge_dst_event_flow,True
BNB,Multi,bnb_flow_0xc6f1990c534c__synth_split_a,0xc6f1990c534c7c9323dcf93e1ea03b276b3a0024a3585adb15aca220b01844bd,0x7e43fd0b8f87b30836b219eaabe40d36b1a04660|0xd1c5966f9f5ee6881ff6b261bbeda45972b1b5f3|0xedf0c420bc3b92b961c6ec411cc810ca81f5f21a,0x7e43fd0b8f87b30836b219eaabe40d36b1a04660,0xedf0c420bc3b92b961c6ec411cc810ca81f5f21a,USDT,USDT,0xc6f1990c534c7c9323dcf93e1ea03b276b3a0024a3585adb15aca220b01844bd_USDT,1636917918,1636917918,1,9.74325e+20,974.325,974.325,0,0,0.800000,bridge_dst_event_flow,True
BNB,Multi,bnb_flow_0xc6f1990c534c__synth_split_b,0xc6f1990c534c7c9323dcf93e1ea03b276b3a0024a3585adb15aca220b01844bd,0x7e43fd0b8f87b30836b219eaabe40d36b1a04660|0xd1c5966f9f5ee6881ff6b261bbeda45972b1b5f3|0xedf0c420bc3b92b961c6ec411cc810ca81f5f21a,0x7e43fd0b8f87b30836b219eaabe40d36b1a04660,0xedf0c420bc3b92b961c6ec411cc810ca81f5f21a,USDT,USDT,0xc6f1990c534c7c9323dcf93e1ea03b276b3a0024a3585adb15aca220b01844bd_USDT,1636917918,1636917918,1,9.74325e+20,974.325,974.325,0,0,0.800000,bridge_dst_event_flow,True
BNB,Multi,bnb_flow_0xc6f1990c534c__synth_merge_dst,0xc6f1990c534c7c9323dcf93e1ea03b276b3a0024a3585adb15aca220b01844bd,0x7e43fd0b8f87b30836b219eaabe40d36b1a04660|0xd1c5966f9f5ee6881ff6b261bbeda45972b1b5f3|0xedf0c420bc3b92b961c6ec411cc810ca81f5f21a,0x7e43fd0b8f87b30836b219eaabe40d36b1a04660,0xedf0c420bc3b92b961c6ec411cc810ca81f5f21a,USDT,USDT,0xc6f1990c534c7c9323dcf93e1ea03b276b3a0024a3585adb15aca220b01844bd_USDT,1636917918,1636917918,1,1.94865e+21,1948.65,1948.65,0,0,0.800000,bridge_dst_event_flow,True
BNB,Multi,bnb_flow_0xc6f1990c534c__synth_hidden_dst,0xc6f1990c534c7c9323dcf93e1ea03b276b3a0024a3585adb15aca220b01844bd,0x7e43fd0b8f87b30836b219eaabe40d36b1a04660|0xd1c5966f9f5ee6881ff6b261bbeda45972b1b5f3|0xedf0c420bc3b92b961c6ec411cc810ca81f5f21a,0x7e43fd0b8f87b30836b219eaabe40d36b1a04660,0xedf0c420bc3b92b961c6ec411cc810ca81f5f21a,USDT,USDT,0xc6f1990c534c7c9323dcf93e1ea03b276b3a0024a3585adb15aca220b01844bd_USDT,1636917918,1636917918,1,1.94865e+21,1948.65,1948.65,0,0,0.800000,bridge_dst_event_flow,True
BNB,Multi,bnb_flow_0xc6f1990c534c__synth_noise_dst_0,0xc6f1990c534c7c9323dcf93e1ea03b276b3a0024a3585adb15aca220b01844bd,0x7e43fd0b8f87b30836b219eaabe40d36b1a04660|0xd1c5966f9f5ee6881ff6b261bbeda45972b1b5f3|0xedf0c420bc3b92b961c6ec411cc810ca81f5f21a,0x7e43fd0b8f87b30836b219eaabe40d36b1a04660,0xedf0c420bc3b92b961c6ec411cc810ca81f5f21a,USDT,USDT,0xc6f1990c534c7c9323dcf93e1ea03b276b3a0024a3585adb15aca220b01844bd_USDT,1636917978,1636917978,1,1.94865e+21,1948.65,1948.65,0,0,0.800000,bridge_dst_event_flow,True
BNB,Multi,bnb_flow_0xc6f1990c534c__synth_noise_dst_1,0xc6f1990c534c7c9323dcf93e1ea03b276b3a0024a3585adb15aca220b01844bd,0x7e43fd0b8f87b30836b219eaabe40d36b1a04660|0xd1c5966f9f5ee6881ff6b261bbeda45972b1b5f3|0xedf0c420bc3b92b961c6ec411cc810ca81f5f21a,0x7e43fd0b8f87b30836b219eaabe40d36b1a04660,0xedf0c420bc3b92b961c6ec411cc810ca81f5f21a,USDT,USDT,0xc6f1990c534c7c9323dcf93e1ea03b276b3a0024a3585adb15aca220b01844bd_USDT,1636918038,1636918038,1,1.94865e+21,1948.65,1948.65,0,0,0.800000,bridge_dst_event_flow,True
BNB,Multi,bnb_flow_0xa9aca308ee95__synth_split_a,0xa9aca308ee9587664106ab82d4071c3e1202b78ed20542d77562feb1137d5e1f,0x74d2b6c8eefd1dc9fa17f5093bf3f0d98804a336|0xd1c5966f9f5ee6881ff6b261bbeda45972b1b5f3|0xedf0c420bc3b92b961c6ec411cc810ca81f5f21a,0x74d2b6c8eefd1dc9fa17f5093bf3f0d98804a336,0xedf0c420bc3b92b961c6ec411cc810ca81f5f21a,USDT,USDT,0xa9aca308ee9587664106ab82d4071c3e1202b78ed20542d77562feb1137d5e1f_USDT,1636342750,1636342750,1,8.666999999999999e+20,866.6999999999999,866.6999999999999,0,0,0.800000,bridge_dst_event_flow,True
BNB,Multi,bnb_flow_0xa9aca308ee95__synth_split_b,0xa9aca308ee9587664106ab82d4071c3e1202b78ed20542d77562feb1137d5e1f,0x74d2b6c8eefd1dc9fa17f5093bf3f0d98804a336|0xd1c5966f9f5ee6881ff6b261bbeda45972b1b5f3|0xedf0c420bc3b92b961c6ec411cc810ca81f5f21a,0x74d2b6c8eefd1dc9fa17f5093bf3f0d98804a336,0xedf0c420bc3b92b961c6ec411cc810ca81f5f21a,USDT,USDT,0xa9aca308ee9587664106ab82d4071c3e1202b78ed20542d77562feb1137d5e1f_USDT,1636342750,1636342750,1,8.666999999999999e+20,866.6999999999999,866.6999999999999,0,0,0.800000,bridge_dst_event_flow,True
BNB,Multi,bnb_flow_0xa9aca308ee95__synth_split_c,0xa9aca308ee9587664106ab82d4071c3e1202b78ed20542d77562feb1137d5e1f,0x74d2b6c8eefd1dc9fa17f5093bf3f0d98804a336|0xd1c5966f9f5ee6881ff6b261bbeda45972b1b5f3|0xedf0c420bc3b92b961c6ec411cc810ca81f5f21a,0x74d2b6c8eefd1dc9fa17f5093bf3f0d98804a336,0xedf0c420bc3b92b961c6ec411cc810ca81f5f21a,USDT,USDT,0xa9aca308ee9587664106ab82d4071c3e1202b78ed20542d77562feb1137d5e1f_USDT,1636342750,1636342750,1,8.666999999999999e+20,866.6999999999999,866.6999999999999,0,0,0.800000,bridge_dst_event_flow,True
BNB,Multi,bnb_flow_0xa9aca308ee95__synth_merge_dst,0xa9aca308ee9587664106ab82d4071c3e1202b78ed20542d77562feb1137d5e1f,0x74d2b6c8eefd1dc9fa17f5093bf3f0d98804a336|0xd1c5966f9f5ee6881ff6b261bbeda45972b1b5f3|0xedf0c420bc3b92b961c6ec411cc810ca81f5f21a,0x74d2b6c8eefd1dc9fa17f5093bf3f0d98804a336,0xedf0c420bc3b92b961c6ec411cc810ca81f5f21a,USDT,USDT,0xa9aca308ee9587664106ab82d4071c3e1202b78ed20542d77562feb1137d5e1f_USDT,1636342750,1636342750,1,2.6001e+21,2600.1,2600.1,0,0,0.800000,bridge_dst_event_flow,True
BNB,Multi,bnb_flow_0xa9aca308ee95__synth_hidden_dst,0xa9aca308ee9587664106ab82d4071c3e1202b78ed20542d77562feb1137d5e1f,0x74d2b6c8eefd1dc9fa17f5093bf3f0d98804a336|0xd1c5966f9f5ee6881ff6b261bbeda45972b1b5f3|0xedf0c420bc3b92b961c6ec411cc810ca81f5f21a,0x74d2b6c8eefd1dc9fa17f5093bf3f0d98804a336,0xedf0c420bc3b92b961c6ec411cc810ca81f5f21a,USDT,USDT,0xa9aca308ee9587664106ab82d4071c3e1202b78ed20542d77562feb1137d5e1f_USDT,1636342750,1636342750,1,2.6001e+21,2600.1,2600.1,0,0,0.800000,bridge_dst_event_flow,True
BNB,Multi,bnb_flow_0xa9aca308ee95__synth_noise_dst_0,0xa9aca308ee9587664106ab82d4071c3e1202b78ed20542d77562feb1137d5e1f,0x74d2b6c8eefd1dc9fa17f5093bf3f0d98804a336|0xd1c5966f9f5ee6881ff6b261bbeda45972b1b5f3|0xedf0c420bc3b92b961c6ec411cc810ca81f5f21a,0x74d2b6c8eefd1dc9fa17f5093bf3f0d98804a336,0xedf0c420bc3b92b961c6ec411cc810ca81f5f21a,USDT,USDT,0xa9aca308ee9587664106ab82d4071c3e1202b78ed20542d77562feb1137d5e1f_USDT,1636342810,1636342810,1,2.6001e+21,2600.1,2600.1,0,0,0.800000,bridge_dst_event_flow,True
BNB,Multi,bnb_flow_0xa9aca308ee95__synth_noise_dst_1,0xa9aca308ee9587664106ab82d4071c3e1202b78ed20542d77562feb1137d5e1f,0x74d2b6c8eefd1dc9fa17f5093bf3f0d98804a336|0xd1c5966f9f5ee6881ff6b261bbeda45972b1b5f3|0xedf0c420bc3b92b961c6ec411cc810ca81f5f21a,0x74d2b6c8eefd1dc9fa17f5093bf3f0d98804a336,0xedf0c420bc3b92b961c6ec411cc810ca81f5f21a,USDT,USDT,0xa9aca308ee9587664106ab82d4071c3e1202b78ed20542d77562feb1137d5e1f_USDT,1636342870,1636342870,1,2.6001e+21,2600.1,2600.1,0,0,0.800000,bridge_dst_event_flow,True
BNB,Multi,bnb_flow_0x918652346c24__synth_split_a,0x918652346c2495178bf3e51e29f36ee932e5f74187619030ff8dc5a430124da0,0x0326cc2c2abec53f8aa71428e6ec2715845f6bf8|0xd1c5966f9f5ee6881ff6b261bbeda45972b1b5f3|0xedf0c420bc3b92b961c6ec411cc810ca81f5f21a,0x0326cc2c2abec53f8aa71428e6ec2715845f6bf8,0xedf0c420bc3b92b961c6ec411cc810ca81f5f21a,USDT,USDT,0x918652346c2495178bf3e51e29f36ee932e5f74187619030ff8dc5a430124da0_USDT,1638060609,1638060609,1,1.21205e+21,1212.05,1212.05,0,0,0.800000,bridge_dst_event_flow,True
BNB,Multi,bnb_flow_0x918652346c24__synth_split_b,0x918652346c2495178bf3e51e29f36ee932e5f74187619030ff8dc5a430124da0,0x0326cc2c2abec53f8aa71428e6ec2715845f6bf8|0xd1c5966f9f5ee6881ff6b261bbeda45972b1b5f3|0xedf0c420bc3b92b961c6ec411cc810ca81f5f21a,0x0326cc2c2abec53f8aa71428e6ec2715845f6bf8,0xedf0c420bc3b92b961c6ec411cc810ca81f5f21a,USDT,USDT,0x918652346c2495178bf3e51e29f36ee932e5f74187619030ff8dc5a430124da0_USDT,1638060609,1638060609,1,1.21205e+21,1212.05,1212.05,0,0,0.800000,bridge_dst_event_flow,True
BNB,Multi,bnb_flow_0x918652346c24__synth_merge_dst,0x918652346c2495178bf3e51e29f36ee932e5f74187619030ff8dc5a430124da0,0x0326cc2c2abec53f8aa71428e6ec2715845f6bf8|0xd1c5966f9f5ee6881ff6b261bbeda45972b1b5f3|0xedf0c420bc3b92b961c6ec411cc810ca81f5f21a,0x0326cc2c2abec53f8aa71428e6ec2715845f6bf8,0xedf0c420bc3b92b961c6ec411cc810ca81f5f21a,USDT,USDT,0x918652346c2495178bf3e51e29f36ee932e5f74187619030ff8dc5a430124da0_USDT,1638060609,1638060609,1,2.4241e+21,2424.1,2424.1,0,0,0.800000,bridge_dst_event_flow,True
BNB,Multi,bnb_flow_0x918652346c24__synth_hidden_dst,0x918652346c2495178bf3e51e29f36ee932e5f74187619030ff8dc5a430124da0,0x0326cc2c2abec53f8aa71428e6ec2715845f6bf8|0xd1c5966f9f5ee6881ff6b261bbeda45972b1b5f3|0xedf0c420bc3b92b961c6ec411cc810ca81f5f21a,0x0326cc2c2abec53f8aa71428e6ec2715845f6bf8,0xedf0c420bc3b92b961c6ec411cc810ca81f5f21a,USDT,USDT,0x918652346c2495178bf3e51e29f36ee932e5f74187619030ff8dc5a430124da0_USDT,1638060609,1638060609,1,2.4241e+21,2424.1,2424.1,0,0,0.800000,bridge_dst_event_flow,True
BNB,Multi,bnb_flow_0x918652346c24__synth_noise_dst_0,0x918652346c2495178bf3e51e29f36ee932e5f74187619030ff8dc5a430124da0,0x0326cc2c2abec53f8aa71428e6ec2715845f6bf8|0xd1c5966f9f5ee6881ff6b261bbeda45972b1b5f3|0xedf0c420bc3b92b961c6ec411cc810ca81f5f21a,0x0326cc2c2abec53f8aa71428e6ec2715845f6bf8,0xedf0c420bc3b92b961c6ec411cc810ca81f5f21a,USDT,USDT,0x918652346c2495178bf3e51e29f36ee932e5f74187619030ff8dc5a430124da0_USDT,1638060669,1638060669,1,2.4241e+21,2424.1,2424.1,0,0,0.800000,bridge_dst_event_flow,True
BNB,Multi,bnb_flow_0x918652346c24__synth_noise_dst_1,0x918652346c2495178bf3e51e29f36ee932e5f74187619030ff8dc5a430124da0,0x0326cc2c2abec53f8aa71428e6ec2715845f6bf8|0xd1c5966f9f5ee6881ff6b261bbeda45972b1b5f3|0xedf0c420bc3b92b961c6ec411cc810ca81f5f21a,0x0326cc2c2abec53f8aa71428e6ec2715845f6bf8,0xedf0c420bc3b92b961c6ec411cc810ca81f5f21a,USDT,USDT,0x918652346c2495178bf3e51e29f36ee932e5f74187619030ff8dc5a430124da0_USDT,1638060729,1638060729,1,2.4241e+21,2424.1,2424.1,0,0,0.800000,bridge_dst_event_flow,True
BNB,Multi,bnb_flow_0x17129fce2c27__synth_split_a,0x17129fce2c279b6bc3e34c028c7e34aa3a9ed39976aa6e16f8a0c169ebf1382e,0x5f03fddf66c6772afc44315f98f407df271459c0|0xd1c5966f9f5ee6881ff6b261bbeda45972b1b5f3|0xedf0c420bc3b92b961c6ec411cc810ca81f5f21a,0x5f03fddf66c6772afc44315f98f407df271459c0,0xedf0c420bc3b92b961c6ec411cc810ca81f5f21a,USDT,USDT,0x17129fce2c279b6bc3e34c028c7e34aa3a9ed39976aa6e16f8a0c169ebf1382e_USDT,1638470998,1638470998,1,7.3655e+20,736.55,736.55,0,0,0.800000,bridge_dst_event_flow,True
BNB,Multi,bnb_flow_0x17129fce2c27__synth_split_b,0x17129fce2c279b6bc3e34c028c7e34aa3a9ed39976aa6e16f8a0c169ebf1382e,0x5f03fddf66c6772afc44315f98f407df271459c0|0xd1c5966f9f5ee6881ff6b261bbeda45972b1b5f3|0xedf0c420bc3b92b961c6ec411cc810ca81f5f21a,0x5f03fddf66c6772afc44315f98f407df271459c0,0xedf0c420bc3b92b961c6ec411cc810ca81f5f21a,USDT,USDT,0x17129fce2c279b6bc3e34c028c7e34aa3a9ed39976aa6e16f8a0c169ebf1382e_USDT,1638470998,1638470998,1,7.3655e+20,736.55,736.55,0,0,0.800000,bridge_dst_event_flow,True
BNB,Multi,bnb_flow_0x17129fce2c27__synth_merge_dst,0x17129fce2c279b6bc3e34c028c7e34aa3a9ed39976aa6e16f8a0c169ebf1382e,0x5f03fddf66c6772afc44315f98f407df271459c0|0xd1c5966f9f5ee6881ff6b261bbeda45972b1b5f3|0xedf0c420bc3b92b961c6ec411cc810ca81f5f21a,0x5f03fddf66c6772afc44315f98f407df271459c0,0xedf0c420bc3b92b961c6ec411cc810ca81f5f21a,USDT,USDT,0x17129fce2c279b6bc3e34c028c7e34aa3a9ed39976aa6e16f8a0c169ebf1382e_USDT,1638470998,1638470998,1,1.4731e+21,1473.1,1473.1,0,0,0.800000,bridge_dst_event_flow,True
BNB,Multi,bnb_flow_0x17129fce2c27__synth_hidden_dst,0x17129fce2c279b6bc3e34c028c7e34aa3a9ed39976aa6e16f8a0c169ebf1382e,0x5f03fddf66c6772afc44315f98f407df271459c0|0xd1c5966f9f5ee6881ff6b261bbeda45972b1b5f3|0xedf0c420bc3b92b961c6ec411cc810ca81f5f21a,0x5f03fddf66c6772afc44315f98f407df271459c0,0xedf0c420bc3b92b961c6ec411cc810ca81f5f21a,USDT,USDT,0x17129fce2c279b6bc3e34c028c7e34aa3a9ed39976aa6e16f8a0c169ebf1382e_USDT,1638470998,1638470998,1,1.4731e+21,1473.1,1473.1,0,0,0.800000,bridge_dst_event_flow,True
BNB,Multi,bnb_flow_0x17129fce2c27__synth_noise_dst_0,0x17129fce2c279b6bc3e34c028c7e34aa3a9ed39976aa6e16f8a0c169ebf1382e,0x5f03fddf66c6772afc44315f98f407df271459c0|0xd1c5966f9f5ee6881ff6b261bbeda45972b1b5f3|0xedf0c420bc3b92b961c6ec411cc810ca81f5f21a,0x5f03fddf66c6772afc44315f98f407df271459c0,0xedf0c420bc3b92b961c6ec411cc810ca81f5f21a,USDT,USDT,0x17129fce2c279b6bc3e34c028c7e34aa3a9ed39976aa6e16f8a0c169ebf1382e_USDT,1638471058,1638471058,1,1.4731e+21,1473.1,1473.1,0,0,0.800000,bridge_dst_event_flow,True
BNB,Multi,bnb_flow_0x17129fce2c27__synth_noise_dst_1,0x17129fce2c279b6bc3e34c028c7e34aa3a9ed39976aa6e16f8a0c169ebf1382e,0x5f03fddf66c6772afc44315f98f407df271459c0|0xd1c5966f9f5ee6881ff6b261bbeda45972b1b5f3|0xedf0c420bc3b92b961c6ec411cc810ca81f5f21a,0x5f03fddf66c6772afc44315f98f407df271459c0,0xedf0c420bc3b92b961c6ec411cc810ca81f5f21a,USDT,USDT,0x17129fce2c279b6bc3e34c028c7e34aa3a9ed39976aa6e16f8a0c169ebf1382e_USDT,1638471118,1638471118,1,1.4731e+21,1473.1,1473.1,0,0,0.800000,bridge_dst_event_flow,True
BNB,Multi,bnb_flow_0xef8cdf517480__synth_split_a,0xef8cdf517480e75fb5f6944ee9e1bf1b674dd2c053b3a8eb60099f931add70b4,0xb1a0b8d25308977b61f71d2d83dce851a463efb6|0xd1c5966f9f5ee6881ff6b261bbeda45972b1b5f3|0xedf0c420bc3b92b961c6ec411cc810ca81f5f21a,0xb1a0b8d25308977b61f71d2d83dce851a463efb6,0xedf0c420bc3b92b961c6ec411cc810ca81f5f21a,USDT,USDT,0xef8cdf517480e75fb5f6944ee9e1bf1b674dd2c053b3a8eb60099f931add70b4_USDT,1638304624,1638304624,1,6.098375e+20,609.8375,609.8375,0,0,0.800000,bridge_dst_event_flow,True
BNB,Multi,bnb_flow_0xef8cdf517480__synth_split_b,0xef8cdf517480e75fb5f6944ee9e1bf1b674dd2c053b3a8eb60099f931add70b4,0xb1a0b8d25308977b61f71d2d83dce851a463efb6|0xd1c5966f9f5ee6881ff6b261bbeda45972b1b5f3|0xedf0c420bc3b92b961c6ec411cc810ca81f5f21a,0xb1a0b8d25308977b61f71d2d83dce851a463efb6,0xedf0c420bc3b92b961c6ec411cc810ca81f5f21a,USDT,USDT,0xef8cdf517480e75fb5f6944ee9e1bf1b674dd2c053b3a8eb60099f931add70b4_USDT,1638304624,1638304624,1,6.098375e+20,609.8375,609.8375,0,0,0.800000,bridge_dst_event_flow,True
BNB,Multi,bnb_flow_0xef8cdf517480__synth_split_c,0xef8cdf517480e75fb5f6944ee9e1bf1b674dd2c053b3a8eb60099f931add70b4,0xb1a0b8d25308977b61f71d2d83dce851a463efb6|0xd1c5966f9f5ee6881ff6b261bbeda45972b1b5f3|0xedf0c420bc3b92b961c6ec411cc810ca81f5f21a,0xb1a0b8d25308977b61f71d2d83dce851a463efb6,0xedf0c420bc3b92b961c6ec411cc810ca81f5f21a,USDT,USDT,0xef8cdf517480e75fb5f6944ee9e1bf1b674dd2c053b3a8eb60099f931add70b4_USDT,1638304624,1638304624,1,6.098375e+20,609.8375,609.8375,0,0,0.800000,bridge_dst_event_flow,True
BNB,Multi,bnb_flow_0xef8cdf517480__synth_split_d,0xef8cdf517480e75fb5f6944ee9e1bf1b674dd2c053b3a8eb60099f931add70b4,0xb1a0b8d25308977b61f71d2d83dce851a463efb6|0xd1c5966f9f5ee6881ff6b261bbeda45972b1b5f3|0xedf0c420bc3b92b961c6ec411cc810ca81f5f21a,0xb1a0b8d25308977b61f71d2d83dce851a463efb6,0xedf0c420bc3b92b961c6ec411cc810ca81f5f21a,USDT,USDT,0xef8cdf517480e75fb5f6944ee9e1bf1b674dd2c053b3a8eb60099f931add70b4_USDT,1638304624,1638304624,1,6.098375e+20,609.8375,609.8375,0,0,0.800000,bridge_dst_event_flow,True
BNB,Multi,bnb_flow_0xef8cdf517480__synth_split_e,0xef8cdf517480e75fb5f6944ee9e1bf1b674dd2c053b3a8eb60099f931add70b4,0xb1a0b8d25308977b61f71d2d83dce851a463efb6|0xd1c5966f9f5ee6881ff6b261bbeda45972b1b5f3|0xedf0c420bc3b92b961c6ec411cc810ca81f5f21a,0xb1a0b8d25308977b61f71d2d83dce851a463efb6,0xedf0c420bc3b92b961c6ec411cc810ca81f5f21a,USDT,USDT,0xef8cdf517480e75fb5f6944ee9e1bf1b674dd2c053b3a8eb60099f931add70b4_USDT,1638304624,1638304624,1,6.098375e+20,609.8375,609.8375,0,0,0.800000,bridge_dst_event_flow,True
BNB,Multi,bnb_flow_0xef8cdf517480__synth_split_f,0xef8cdf517480e75fb5f6944ee9e1bf1b674dd2c053b3a8eb60099f931add70b4,0xb1a0b8d25308977b61f71d2d83dce851a463efb6|0xd1c5966f9f5ee6881ff6b261bbeda45972b1b5f3|0xedf0c420bc3b92b961c6ec411cc810ca81f5f21a,0xb1a0b8d25308977b61f71d2d83dce851a463efb6,0xedf0c420bc3b92b961c6ec411cc810ca81f5f21a,USDT,USDT,0xef8cdf517480e75fb5f6944ee9e1bf1b674dd2c053b3a8eb60099f931add70b4_USDT,1638304624,1638304624,1,6.098375e+20,609.8375,609.8375,0,0,0.800000,bridge_dst_event_flow,True
BNB,Multi,bnb_flow_0xef8cdf517480__synth_split_g,0xef8cdf517480e75fb5f6944ee9e1bf1b674dd2c053b3a8eb60099f931add70b4,0xb1a0b8d25308977b61f71d2d83dce851a463efb6|0xd1c5966f9f5ee6881ff6b261bbeda45972b1b5f3|0xedf0c420bc3b92b961c6ec411cc810ca81f5f21a,0xb1a0b8d25308977b61f71d2d83dce851a463efb6,0xedf0c420bc3b92b961c6ec411cc810ca81f5f21a,USDT,USDT,0xef8cdf517480e75fb5f6944ee9e1bf1b674dd2c053b3a8eb60099f931add70b4_USDT,1638304624,1638304624,1,6.098375e+20,609.8375,609.8375,0,0,0.800000,bridge_dst_event_flow,True
BNB,Multi,bnb_flow_0xef8cdf517480__synth_split_h,0xef8cdf517480e75fb5f6944ee9e1bf1b674dd2c053b3a8eb60099f931add70b4,0xb1a0b8d25308977b61f71d2d83dce851a463efb6|0xd1c5966f9f5ee6881ff6b261bbeda45972b1b5f3|0xedf0c420bc3b92b961c6ec411cc810ca81f5f21a,0xb1a0b8d25308977b61f71d2d83dce851a463efb6,0xedf0c420bc3b92b961c6ec411cc810ca81f5f21a,USDT,USDT,0xef8cdf517480e75fb5f6944ee9e1bf1b674dd2c053b3a8eb60099f931add70b4_USDT,1638304624,1638304624,1,6.098375e+20,609.8375,609.8375,0,0,0.800000,bridge_dst_event_flow,True
BNB,Multi,bnb_flow_0xef8cdf517480__synth_merge_dst,0xef8cdf517480e75fb5f6944ee9e1bf1b674dd2c053b3a8eb60099f931add70b4,0xb1a0b8d25308977b61f71d2d83dce851a463efb6|0xd1c5966f9f5ee6881ff6b261bbeda45972b1b5f3|0xedf0c420bc3b92b961c6ec411cc810ca81f5f21a,0xb1a0b8d25308977b61f71d2d83dce851a463efb6,0xedf0c420bc3b92b961c6ec411cc810ca81f5f21a,USDT,USDT,0xef8cdf517480e75fb5f6944ee9e1bf1b674dd2c053b3a8eb60099f931add70b4_USDT,1638304624,1638304624,1,4.8787e+21,4878.7,4878.7,0,0,0.800000,bridge_dst_event_flow,True
BNB,Multi,bnb_flow_0xef8cdf517480__synth_hidden_dst,0xef8cdf517480e75fb5f6944ee9e1bf1b674dd2c053b3a8eb60099f931add70b4,0xb1a0b8d25308977b61f71d2d83dce851a463efb6|0xd1c5966f9f5ee6881ff6b261bbeda45972b1b5f3|0xedf0c420bc3b92b961c6ec411cc810ca81f5f21a,0xb1a0b8d25308977b61f71d2d83dce851a463efb6,0xedf0c420bc3b92b961c6ec411cc810ca81f5f21a,USDT,USDT,0xef8cdf517480e75fb5f6944ee9e1bf1b674dd2c053b3a8eb60099f931add70b4_USDT,1638304624,1638304624,1,4.8787e+21,4878.7,4878.7,0,0,0.800000,bridge_dst_event_flow,True
BNB,Multi,bnb_flow_0xef8cdf517480__synth_noise_dst_0,0xef8cdf517480e75fb5f6944ee9e1bf1b674dd2c053b3a8eb60099f931add70b4,0xb1a0b8d25308977b61f71d2d83dce851a463efb6|0xd1c5966f9f5ee6881ff6b261bbeda45972b1b5f3|0xedf0c420bc3b92b961c6ec411cc810ca81f5f21a,0xb1a0b8d25308977b61f71d2d83dce851a463efb6,0xedf0c420bc3b92b961c6ec411cc810ca81f5f21a,USDT,USDT,0xef8cdf517480e75fb5f6944ee9e1bf1b674dd2c053b3a8eb60099f931add70b4_USDT,1638304684,1638304684,1,4.8787e+21,4878.7,4878.7,0,0,0.800000,bridge_dst_event_flow,True
BNB,Multi,bnb_flow_0xef8cdf517480__synth_noise_dst_1,0xef8cdf517480e75fb5f6944ee9e1bf1b674dd2c053b3a8eb60099f931add70b4,0xb1a0b8d25308977b61f71d2d83dce851a463efb6|0xd1c5966f9f5ee6881ff6b261bbeda45972b1b5f3|0xedf0c420bc3b92b961c6ec411cc810ca81f5f21a,0xb1a0b8d25308977b61f71d2d83dce851a463efb6,0xedf0c420bc3b92b961c6ec411cc810ca81f5f21a,USDT,USDT,0xef8cdf517480e75fb5f6944ee9e1bf1b674dd2c053b3a8eb60099f931add70b4_USDT,1638304744,1638304744,1,4.8787e+21,4878.7,4878.7,0,0,0.800000,bridge_dst_event_flow,True
BNB,Multi,bnb_flow_0xe94f7b24c166__synth_split_a,0xe94f7b24c166f7486fa4b4bceceb6167c6d0dd2a9ad8dbfebeb7bb92d6a292d2,0x4527106ae1a661a9d2ffc22575bacdaacb5e51e0|0xd1c5966f9f5ee6881ff6b261bbeda45972b1b5f3|0xedf0c420bc3b92b961c6ec411cc810ca81f5f21a,0x4527106ae1a661a9d2ffc22575bacdaacb5e51e0,0xedf0c420bc3b92b961c6ec411cc810ca81f5f21a,USDT,USDT,0xe94f7b24c166f7486fa4b4bceceb6167c6d0dd2a9ad8dbfebeb7bb92d6a292d2_USDT,1636574682,1636574682,1,1.0862855e+23,108628.55,108628.55,0,0,0.775000,bridge_dst_event_flow,True
BNB,Multi,bnb_flow_0xe94f7b24c166__synth_split_b,0xe94f7b24c166f7486fa4b4bceceb6167c6d0dd2a9ad8dbfebeb7bb92d6a292d2,0x4527106ae1a661a9d2ffc22575bacdaacb5e51e0|0xd1c5966f9f5ee6881ff6b261bbeda45972b1b5f3|0xedf0c420bc3b92b961c6ec411cc810ca81f5f21a,0x4527106ae1a661a9d2ffc22575bacdaacb5e51e0,0xedf0c420bc3b92b961c6ec411cc810ca81f5f21a,USDT,USDT,0xe94f7b24c166f7486fa4b4bceceb6167c6d0dd2a9ad8dbfebeb7bb92d6a292d2_USDT,1636574682,1636574682,1,1.0862855e+23,108628.55,108628.55,0,0,0.775000,bridge_dst_event_flow,True
BNB,Multi,bnb_flow_0xe94f7b24c166__synth_merge_dst,0xe94f7b24c166f7486fa4b4bceceb6167c6d0dd2a9ad8dbfebeb7bb92d6a292d2,0x4527106ae1a661a9d2ffc22575bacdaacb5e51e0|0xd1c5966f9f5ee6881ff6b261bbeda45972b1b5f3|0xedf0c420bc3b92b961c6ec411cc810ca81f5f21a,0x4527106ae1a661a9d2ffc22575bacdaacb5e51e0,0xedf0c420bc3b92b961c6ec411cc810ca81f5f21a,USDT,USDT,0xe94f7b24c166f7486fa4b4bceceb6167c6d0dd2a9ad8dbfebeb7bb92d6a292d2_USDT,1636574682,1636574682,1,2.172571e+23,217257.1,217257.1,0,0,0.775000,bridge_dst_event_flow,True
BNB,Multi,bnb_flow_0xe94f7b24c166__synth_hidden_dst,0xe94f7b24c166f7486fa4b4bceceb6167c6d0dd2a9ad8dbfebeb7bb92d6a292d2,0x4527106ae1a661a9d2ffc22575bacdaacb5e51e0|0xd1c5966f9f5ee6881ff6b261bbeda45972b1b5f3|0xedf0c420bc3b92b961c6ec411cc810ca81f5f21a,0x4527106ae1a661a9d2ffc22575bacdaacb5e51e0,0xedf0c420bc3b92b961c6ec411cc810ca81f5f21a,USDT,USDT,0xe94f7b24c166f7486fa4b4bceceb6167c6d0dd2a9ad8dbfebeb7bb92d6a292d2_USDT,1636574682,1636574682,1,2.172571e+23,217257.1,217257.1,0,0,0.775000,bridge_dst_event_flow,True
BNB,Multi,bnb_flow_0xe94f7b24c166__synth_noise_dst_0,0xe94f7b24c166f7486fa4b4bceceb6167c6d0dd2a9ad8dbfebeb7bb92d6a292d2,0x4527106ae1a661a9d2ffc22575bacdaacb5e51e0|0xd1c5966f9f5ee6881ff6b261bbeda45972b1b5f3|0xedf0c420bc3b92b961c6ec411cc810ca81f5f21a,0x4527106ae1a661a9d2ffc22575bacdaacb5e51e0,0xedf0c420bc3b92b961c6ec411cc810ca81f5f21a,USDT,USDT,0xe94f7b24c166f7486fa4b4bceceb6167c6d0dd2a9ad8dbfebeb7bb92d6a292d2_USDT,1636574742,1636574742,1,2.172571e+23,217257.1,217257.1,0,0,0.775000,bridge_dst_event_flow,True
BNB,Multi,bnb_flow_0xe94f7b24c166__synth_noise_dst_1,0xe94f7b24c166f7486fa4b4bceceb6167c6d0dd2a9ad8dbfebeb7bb92d6a292d2,0x4527106ae1a661a9d2ffc22575bacdaacb5e51e0|0xd1c5966f9f5ee6881ff6b261bbeda45972b1b5f3|0xedf0c420bc3b92b961c6ec411cc810ca81f5f21a,0x4527106ae1a661a9d2ffc22575bacdaacb5e51e0,0xedf0c420bc3b92b961c6ec411cc810ca81f5f21a,USDT,USDT,0xe94f7b24c166f7486fa4b4bceceb6167c6d0dd2a9ad8dbfebeb7bb92d6a292d2_USDT,1636574802,1636574802,1,2.172571e+23,217257.1,217257.1,0,0,0.775000,bridge_dst_event_flow,True
BNB,Multi,bnb_flow_0x3b6f9d64012a__synth_split_a,0x3b6f9d64012adc6b65aff9b314459c9ecddacc478bc5b9dcb33b3bc846593262,0xa47dcc127bd2487b01477d8e381dced5de5e5033|0xd1c5966f9f5ee6881ff6b261bbeda45972b1b5f3|0xedf0c420bc3b92b961c6ec411cc810ca81f5f21a,0xa47dcc127bd2487b01477d8e381dced5de5e5033,0xedf0c420bc3b92b961c6ec411cc810ca81f5f21a,USDT,USDT,0x3b6f9d64012adc6b65aff9b314459c9ecddacc478bc5b9dcb33b3bc846593262_USDT,1636738980,1636738980,1,1.04087e+22,10408.699999999999,10408.699999999999,0,0,0.775000,bridge_dst_event_flow,True
BNB,Multi,bnb_flow_0x3b6f9d64012a__synth_split_b,0x3b6f9d64012adc6b65aff9b314459c9ecddacc478bc5b9dcb33b3bc846593262,0xa47dcc127bd2487b01477d8e381dced5de5e5033|0xd1c5966f9f5ee6881ff6b261bbeda45972b1b5f3|0xedf0c420bc3b92b961c6ec411cc810ca81f5f21a,0xa47dcc127bd2487b01477d8e381dced5de5e5033,0xedf0c420bc3b92b961c6ec411cc810ca81f5f21a,USDT,USDT,0x3b6f9d64012adc6b65aff9b314459c9ecddacc478bc5b9dcb33b3bc846593262_USDT,1636738980,1636738980,1,1.04087e+22,10408.699999999999,10408.699999999999,0,0,0.775000,bridge_dst_event_flow,True
BNB,Multi,bnb_flow_0x3b6f9d64012a__synth_split_c,0x3b6f9d64012adc6b65aff9b314459c9ecddacc478bc5b9dcb33b3bc846593262,0xa47dcc127bd2487b01477d8e381dced5de5e5033|0xd1c5966f9f5ee6881ff6b261bbeda45972b1b5f3|0xedf0c420bc3b92b961c6ec411cc810ca81f5f21a,0xa47dcc127bd2487b01477d8e381dced5de5e5033,0xedf0c420bc3b92b961c6ec411cc810ca81f5f21a,USDT,USDT,0x3b6f9d64012adc6b65aff9b314459c9ecddacc478bc5b9dcb33b3bc846593262_USDT,1636738980,1636738980,1,1.04087e+22,10408.699999999999,10408.699999999999,0,0,0.775000,bridge_dst_event_flow,True
BNB,Multi,bnb_flow_0x3b6f9d64012a__synth_merge_dst,0x3b6f9d64012adc6b65aff9b314459c9ecddacc478bc5b9dcb33b3bc846593262,0xa47dcc127bd2487b01477d8e381dced5de5e5033|0xd1c5966f9f5ee6881ff6b261bbeda45972b1b5f3|0xedf0c420bc3b92b961c6ec411cc810ca81f5f21a,0xa47dcc127bd2487b01477d8e381dced5de5e5033,0xedf0c420bc3b92b961c6ec411cc810ca81f5f21a,USDT,USDT,0x3b6f9d64012adc6b65aff9b314459c9ecddacc478bc5b9dcb33b3bc846593262_USDT,1636738980,1636738980,1,3.12261e+22,31226.1,31226.1,0,0,0.775000,bridge_dst_event_flow,True
BNB,Multi,bnb_flow_0x3b6f9d64012a__synth_hidden_dst,0x3b6f9d64012adc6b65aff9b314459c9ecddacc478bc5b9dcb33b3bc846593262,0xa47dcc127bd2487b01477d8e381dced5de5e5033|0xd1c5966f9f5ee6881ff6b261bbeda45972b1b5f3|0xedf0c420bc3b92b961c6ec411cc810ca81f5f21a,0xa47dcc127bd2487b01477d8e381dced5de5e5033,0xedf0c420bc3b92b961c6ec411cc810ca81f5f21a,USDT,USDT,0x3b6f9d64012adc6b65aff9b314459c9ecddacc478bc5b9dcb33b3bc846593262_USDT,1636738980,1636738980,1,3.12261e+22,31226.1,31226.1,0,0,0.775000,bridge_dst_event_flow,True
BNB,Multi,bnb_flow_0x3b6f9d64012a__synth_noise_dst_0,0x3b6f9d64012adc6b65aff9b314459c9ecddacc478bc5b9dcb33b3bc846593262,0xa47dcc127bd2487b01477d8e381dced5de5e5033|0xd1c5966f9f5ee6881ff6b261bbeda45972b1b5f3|0xedf0c420bc3b92b961c6ec411cc810ca81f5f21a,0xa47dcc127bd2487b01477d8e381dced5de5e5033,0xedf0c420bc3b92b961c6ec411cc810ca81f5f21a,USDT,USDT,0x3b6f9d64012adc6b65aff9b314459c9ecddacc478bc5b9dcb33b3bc846593262_USDT,1636739040,1636739040,1,3.12261e+22,31226.1,31226.1,0,0,0.775000,bridge_dst_event_flow,True
BNB,Multi,bnb_flow_0x3b6f9d64012a__synth_noise_dst_1,0x3b6f9d64012adc6b65aff9b314459c9ecddacc478bc5b9dcb33b3bc846593262,0xa47dcc127bd2487b01477d8e381dced5de5e5033|0xd1c5966f9f5ee6881ff6b261bbeda45972b1b5f3|0xedf0c420bc3b92b961c6ec411cc810ca81f5f21a,0xa47dcc127bd2487b01477d8e381dced5de5e5033,0xedf0c420bc3b92b961c6ec411cc810ca81f5f21a,USDT,USDT,0x3b6f9d64012adc6b65aff9b314459c9ecddacc478bc5b9dcb33b3bc846593262_USDT,1636739100,1636739100,1,3.12261e+22,31226.1,31226.1,0,0,0.775000,bridge_dst_event_flow,True
BNB,Multi,bnb_flow_0x4e897466461c__synth_split_a,0x4e897466461ce7470020216fea6b8f122ef0171c132fd442e537ca6b4426e785,0x9c3f3a49224d0acd9d568d2a3e281f62215292d9|0xd1c5966f9f5ee6881ff6b261bbeda45972b1b5f3|0xedf0c420bc3b92b961c6ec411cc810ca81f5f21a,0x9c3f3a49224d0acd9d568d2a3e281f62215292d9,0xedf0c420bc3b92b961c6ec411cc810ca81f5f21a,USDT,USDT,0x4e897466461ce7470020216fea6b8f122ef0171c132fd442e537ca6b4426e785_USDT,1637070618,1637070618,1,4.998755e+22,49987.55,49987.55,0,0,0.800000,bridge_dst_event_flow,True
BNB,Multi,bnb_flow_0x4e897466461c__synth_split_b,0x4e897466461ce7470020216fea6b8f122ef0171c132fd442e537ca6b4426e785,0x9c3f3a49224d0acd9d568d2a3e281f62215292d9|0xd1c5966f9f5ee6881ff6b261bbeda45972b1b5f3|0xedf0c420bc3b92b961c6ec411cc810ca81f5f21a,0x9c3f3a49224d0acd9d568d2a3e281f62215292d9,0xedf0c420bc3b92b961c6ec411cc810ca81f5f21a,USDT,USDT,0x4e897466461ce7470020216fea6b8f122ef0171c132fd442e537ca6b4426e785_USDT,1637070618,1637070618,1,4.998755e+22,49987.55,49987.55,0,0,0.800000,bridge_dst_event_flow,True
BNB,Multi,bnb_flow_0x4e897466461c__synth_merge_dst,0x4e897466461ce7470020216fea6b8f122ef0171c132fd442e537ca6b4426e785,0x9c3f3a49224d0acd9d568d2a3e281f62215292d9|0xd1c5966f9f5ee6881ff6b261bbeda45972b1b5f3|0xedf0c420bc3b92b961c6ec411cc810ca81f5f21a,0x9c3f3a49224d0acd9d568d2a3e281f62215292d9,0xedf0c420bc3b92b961c6ec411cc810ca81f5f21a,USDT,USDT,0x4e897466461ce7470020216fea6b8f122ef0171c132fd442e537ca6b4426e785_USDT,1637070618,1637070618,1,9.99751e+22,99975.1,99975.1,0,0,0.800000,bridge_dst_event_flow,True
BNB,Multi,bnb_flow_0x4e897466461c__synth_hidden_dst,0x4e897466461ce7470020216fea6b8f122ef0171c132fd442e537ca6b4426e785,0x9c3f3a49224d0acd9d568d2a3e281f62215292d9|0xd1c5966f9f5ee6881ff6b261bbeda45972b1b5f3|0xedf0c420bc3b92b961c6ec411cc810ca81f5f21a,0x9c3f3a49224d0acd9d568d2a3e281f62215292d9,0xedf0c420bc3b92b961c6ec411cc810ca81f5f21a,USDT,USDT,0x4e897466461ce7470020216fea6b8f122ef0171c132fd442e537ca6b4426e785_USDT,1637070618,1637070618,1,9.99751e+22,99975.1,99975.1,0,0,0.800000,bridge_dst_event_flow,True
BNB,Multi,bnb_flow_0x4e897466461c__synth_noise_dst_0,0x4e897466461ce7470020216fea6b8f122ef0171c132fd442e537ca6b4426e785,0x9c3f3a49224d0acd9d568d2a3e281f62215292d9|0xd1c5966f9f5ee6881ff6b261bbeda45972b1b5f3|0xedf0c420bc3b92b961c6ec411cc810ca81f5f21a,0x9c3f3a49224d0acd9d568d2a3e281f62215292d9,0xedf0c420bc3b92b961c6ec411cc810ca81f5f21a,USDT,USDT,0x4e897466461ce7470020216fea6b8f122ef0171c132fd442e537ca6b4426e785_USDT,1637070678,1637070678,1,9.99751e+22,99975.1,99975.1,0,0,0.800000,bridge_dst_event_flow,True
BNB,Multi,bnb_flow_0x4e897466461c__synth_noise_dst_1,0x4e897466461ce7470020216fea6b8f122ef0171c132fd442e537ca6b4426e785,0x9c3f3a49224d0acd9d568d2a3e281f62215292d9|0xd1c5966f9f5ee6881ff6b261bbeda45972b1b5f3|0xedf0c420bc3b92b961c6ec411cc810ca81f5f21a,0x9c3f3a49224d0acd9d568d2a3e281f62215292d9,0xedf0c420bc3b92b961c6ec411cc810ca81f5f21a,USDT,USDT,0x4e897466461ce7470020216fea6b8f122ef0171c132fd442e537ca6b4426e785_USDT,1637070738,1637070738,1,9.99751e+22,99975.1,99975.1,0,0,0.800000,bridge_dst_event_flow,True
BNB,Multi,bnb_flow_0xe8ce690f4198__synth_split_a,0xe8ce690f4198ae14378e9d0a226299b6f89fa41610bb351f0d4ec422a561fccf,0x1bd9d5032ec72b3fd7b76509929aa943136649fe|0xd1c5966f9f5ee6881ff6b261bbeda45972b1b5f3|0xedf0c420bc3b92b961c6ec411cc810ca81f5f21a,0x1bd9d5032ec72b3fd7b76509929aa943136649fe,0xedf0c420bc3b92b961c6ec411cc810ca81f5f21a,USDT,USDT,0xe8ce690f4198ae14378e9d0a226299b6f89fa41610bb351f0d4ec422a561fccf_USDT,1634599033,1634599033,1,2.87955e+21,2879.5499999999997,2879.5499999999997,0,0,0.800000,bridge_dst_event_flow,True
BNB,Multi,bnb_flow_0xe8ce690f4198__synth_split_b,0xe8ce690f4198ae14378e9d0a226299b6f89fa41610bb351f0d4ec422a561fccf,0x1bd9d5032ec72b3fd7b76509929aa943136649fe|0xd1c5966f9f5ee6881ff6b261bbeda45972b1b5f3|0xedf0c420bc3b92b961c6ec411cc810ca81f5f21a,0x1bd9d5032ec72b3fd7b76509929aa943136649fe,0xedf0c420bc3b92b961c6ec411cc810ca81f5f21a,USDT,USDT,0xe8ce690f4198ae14378e9d0a226299b6f89fa41610bb351f0d4ec422a561fccf_USDT,1634599033,1634599033,1,2.87955e+21,2879.5499999999997,2879.5499999999997,0,0,0.800000,bridge_dst_event_flow,True
BNB,Multi,bnb_flow_0xe8ce690f4198__synth_merge_dst,0xe8ce690f4198ae14378e9d0a226299b6f89fa41610bb351f0d4ec422a561fccf,0x1bd9d5032ec72b3fd7b76509929aa943136649fe|0xd1c5966f9f5ee6881ff6b261bbeda45972b1b5f3|0xedf0c420bc3b92b961c6ec411cc810ca81f5f21a,0x1bd9d5032ec72b3fd7b76509929aa943136649fe,0xedf0c420bc3b92b961c6ec411cc810ca81f5f21a,USDT,USDT,0xe8ce690f4198ae14378e9d0a226299b6f89fa41610bb351f0d4ec422a561fccf_USDT,1634599033,1634599033,1,5.7591e+21,5759.099999999999,5759.099999999999,0,0,0.800000,bridge_dst_event_flow,True
BNB,Multi,bnb_flow_0xe8ce690f4198__synth_hidden_dst,0xe8ce690f4198ae14378e9d0a226299b6f89fa41610bb351f0d4ec422a561fccf,0x1bd9d5032ec72b3fd7b76509929aa943136649fe|0xd1c5966f9f5ee6881ff6b261bbeda45972b1b5f3|0xedf0c420bc3b92b961c6ec411cc810ca81f5f21a,0x1bd9d5032ec72b3fd7b76509929aa943136649fe,0xedf0c420bc3b92b961c6ec411cc810ca81f5f21a,USDT,USDT,0xe8ce690f4198ae14378e9d0a226299b6f89fa41610bb351f0d4ec422a561fccf_USDT,1634599033,1634599033,1,5.7591e+21,5759.099999999999,5759.099999999999,0,0,0.800000,bridge_dst_event_flow,True
BNB,Multi,bnb_flow_0xe8ce690f4198__synth_noise_dst_0,0xe8ce690f4198ae14378e9d0a226299b6f89fa41610bb351f0d4ec422a561fccf,0x1bd9d5032ec72b3fd7b76509929aa943136649fe|0xd1c5966f9f5ee6881ff6b261bbeda45972b1b5f3|0xedf0c420bc3b92b961c6ec411cc810ca81f5f21a,0x1bd9d5032ec72b3fd7b76509929aa943136649fe,0xedf0c420bc3b92b961c6ec411cc810ca81f5f21a,USDT,USDT,0xe8ce690f4198ae14378e9d0a226299b6f89fa41610bb351f0d4ec422a561fccf_USDT,1634599093,1634599093,1,5.7591e+21,5759.099999999999,5759.099999999999,0,0,0.800000,bridge_dst_event_flow,True
BNB,Multi,bnb_flow_0xe8ce690f4198__synth_noise_dst_1,0xe8ce690f4198ae14378e9d0a226299b6f89fa41610bb351f0d4ec422a561fccf,0x1bd9d5032ec72b3fd7b76509929aa943136649fe|0xd1c5966f9f5ee6881ff6b261bbeda45972b1b5f3|0xedf0c420bc3b92b961c6ec411cc810ca81f5f21a,0x1bd9d5032ec72b3fd7b76509929aa943136649fe,0xedf0c420bc3b92b961c6ec411cc810ca81f5f21a,USDT,USDT,0xe8ce690f4198ae14378e9d0a226299b6f89fa41610bb351f0d4ec422a561fccf_USDT,1634599153,1634599153,1,5.7591e+21,5759.099999999999,5759.099999999999,0,0,0.800000,bridge_dst_event_flow,True
BNB,Multi,bnb_flow_0x3fd4b655e8d3__synth_split_a,0x3fd4b655e8d33a8ea92ce40ad869f37d01762a2a7dfa13612591038af74872b3,0x8a707a7d85723c185eddcd0a70f58cfe6b927b03|0xd1c5966f9f5ee6881ff6b261bbeda45972b1b5f3|0xedf0c420bc3b92b961c6ec411cc810ca81f5f21a,0x8a707a7d85723c185eddcd0a70f58cfe6b927b03,0xedf0c420bc3b92b961c6ec411cc810ca81f5f21a,USDT,USDT,0x3fd4b655e8d33a8ea92ce40ad869f37d01762a2a7dfa13612591038af74872b3_USDT,1639298917,1639298917,1,7.49955e+21,7499.55,7499.55,0,0,0.800000,bridge_dst_event_flow,True
BNB,Multi,bnb_flow_0x3fd4b655e8d3__synth_split_b,0x3fd4b655e8d33a8ea92ce40ad869f37d01762a2a7dfa13612591038af74872b3,0x8a707a7d85723c185eddcd0a70f58cfe6b927b03|0xd1c5966f9f5ee6881ff6b261bbeda45972b1b5f3|0xedf0c420bc3b92b961c6ec411cc810ca81f5f21a,0x8a707a7d85723c185eddcd0a70f58cfe6b927b03,0xedf0c420bc3b92b961c6ec411cc810ca81f5f21a,USDT,USDT,0x3fd4b655e8d33a8ea92ce40ad869f37d01762a2a7dfa13612591038af74872b3_USDT,1639298917,1639298917,1,7.49955e+21,7499.55,7499.55,0,0,0.800000,bridge_dst_event_flow,True
BNB,Multi,bnb_flow_0x3fd4b655e8d3__synth_merge_dst,0x3fd4b655e8d33a8ea92ce40ad869f37d01762a2a7dfa13612591038af74872b3,0x8a707a7d85723c185eddcd0a70f58cfe6b927b03|0xd1c5966f9f5ee6881ff6b261bbeda45972b1b5f3|0xedf0c420bc3b92b961c6ec411cc810ca81f5f21a,0x8a707a7d85723c185eddcd0a70f58cfe6b927b03,0xedf0c420bc3b92b961c6ec411cc810ca81f5f21a,USDT,USDT,0x3fd4b655e8d33a8ea92ce40ad869f37d01762a2a7dfa13612591038af74872b3_USDT,1639298917,1639298917,1,1.49991e+22,14999.1,14999.1,0,0,0.800000,bridge_dst_event_flow,True
BNB,Multi,bnb_flow_0x3fd4b655e8d3__synth_hidden_dst,0x3fd4b655e8d33a8ea92ce40ad869f37d01762a2a7dfa13612591038af74872b3,0x8a707a7d85723c185eddcd0a70f58cfe6b927b03|0xd1c5966f9f5ee6881ff6b261bbeda45972b1b5f3|0xedf0c420bc3b92b961c6ec411cc810ca81f5f21a,0x8a707a7d85723c185eddcd0a70f58cfe6b927b03,0xedf0c420bc3b92b961c6ec411cc810ca81f5f21a,USDT,USDT,0x3fd4b655e8d33a8ea92ce40ad869f37d01762a2a7dfa13612591038af74872b3_USDT,1639298917,1639298917,1,1.49991e+22,14999.1,14999.1,0,0,0.800000,bridge_dst_event_flow,True
BNB,Multi,bnb_flow_0x3fd4b655e8d3__synth_noise_dst_0,0x3fd4b655e8d33a8ea92ce40ad869f37d01762a2a7dfa13612591038af74872b3,0x8a707a7d85723c185eddcd0a70f58cfe6b927b03|0xd1c5966f9f5ee6881ff6b261bbeda45972b1b5f3|0xedf0c420bc3b92b961c6ec411cc810ca81f5f21a,0x8a707a7d85723c185eddcd0a70f58cfe6b927b03,0xedf0c420bc3b92b961c6ec411cc810ca81f5f21a,USDT,USDT,0x3fd4b655e8d33a8ea92ce40ad869f37d01762a2a7dfa13612591038af74872b3_USDT,1639298977,1639298977,1,1.49991e+22,14999.1,14999.1,0,0,0.800000,bridge_dst_event_flow,True
BNB,Multi,bnb_flow_0x3fd4b655e8d3__synth_noise_dst_1,0x3fd4b655e8d33a8ea92ce40ad869f37d01762a2a7dfa13612591038af74872b3,0x8a707a7d85723c185eddcd0a70f58cfe6b927b03|0xd1c5966f9f5ee6881ff6b261bbeda45972b1b5f3|0xedf0c420bc3b92b961c6ec411cc810ca81f5f21a,0x8a707a7d85723c185eddcd0a70f58cfe6b927b03,0xedf0c420bc3b92b961c6ec411cc810ca81f5f21a,USDT,USDT,0x3fd4b655e8d33a8ea92ce40ad869f37d01762a2a7dfa13612591038af74872b3_USDT,1639299037,1639299037,1,1.49991e+22,14999.1,14999.1,0,0,0.800000,bridge_dst_event_flow,True
BNB,Multi,bnb_flow_0xfebbf15e0caf__synth_split_a,0xfebbf15e0cafc40dbbb220dd18108d8f957024018931703337e3368ac93d0be7,0xd1c5966f9f5ee6881ff6b261bbeda45972b1b5f3|0xdd067985d4feb40f0cb8a9aa0a4436278b7bf4fc|0xedf0c420bc3b92b961c6ec411cc810ca81f5f21a,0xdd067985d4feb40f0cb8a9aa0a4436278b7bf4fc,0xedf0c420bc3b92b961c6ec411cc810ca81f5f21a,USDT,USDT,0xfebbf15e0cafc40dbbb220dd18108d8f957024018931703337e3368ac93d0be7_USDT,1638374015,1638374015,1,3.787815e+21,3787.815,3787.815,0,0,0.800000,bridge_dst_event_flow,True
BNB,Multi,bnb_flow_0xfebbf15e0caf__synth_split_b,0xfebbf15e0cafc40dbbb220dd18108d8f957024018931703337e3368ac93d0be7,0xd1c5966f9f5ee6881ff6b261bbeda45972b1b5f3|0xdd067985d4feb40f0cb8a9aa0a4436278b7bf4fc|0xedf0c420bc3b92b961c6ec411cc810ca81f5f21a,0xdd067985d4feb40f0cb8a9aa0a4436278b7bf4fc,0xedf0c420bc3b92b961c6ec411cc810ca81f5f21a,USDT,USDT,0xfebbf15e0cafc40dbbb220dd18108d8f957024018931703337e3368ac93d0be7_USDT,1638374015,1638374015,1,3.787815e+21,3787.815,3787.815,0,0,0.800000,bridge_dst_event_flow,True
BNB,Multi,bnb_flow_0xfebbf15e0caf__synth_merge_dst,0xfebbf15e0cafc40dbbb220dd18108d8f957024018931703337e3368ac93d0be7,0xd1c5966f9f5ee6881ff6b261bbeda45972b1b5f3|0xdd067985d4feb40f0cb8a9aa0a4436278b7bf4fc|0xedf0c420bc3b92b961c6ec411cc810ca81f5f21a,0xdd067985d4feb40f0cb8a9aa0a4436278b7bf4fc,0xedf0c420bc3b92b961c6ec411cc810ca81f5f21a,USDT,USDT,0xfebbf15e0cafc40dbbb220dd18108d8f957024018931703337e3368ac93d0be7_USDT,1638374015,1638374015,1,7.57563e+21,7575.63,7575.63,0,0,0.800000,bridge_dst_event_flow,True
BNB,Multi,bnb_flow_0xfebbf15e0caf__synth_hidden_dst,0xfebbf15e0cafc40dbbb220dd18108d8f957024018931703337e3368ac93d0be7,0xd1c5966f9f5ee6881ff6b261bbeda45972b1b5f3|0xdd067985d4feb40f0cb8a9aa0a4436278b7bf4fc|0xedf0c420bc3b92b961c6ec411cc810ca81f5f21a,0xdd067985d4feb40f0cb8a9aa0a4436278b7bf4fc,0xedf0c420bc3b92b961c6ec411cc810ca81f5f21a,USDT,USDT,0xfebbf15e0cafc40dbbb220dd18108d8f957024018931703337e3368ac93d0be7_USDT,1638374015,1638374015,1,7.57563e+21,7575.63,7575.63,0,0,0.800000,bridge_dst_event_flow,True
BNB,Multi,bnb_flow_0xfebbf15e0caf__synth_noise_dst_0,0xfebbf15e0cafc40dbbb220dd18108d8f957024018931703337e3368ac93d0be7,0xd1c5966f9f5ee6881ff6b261bbeda45972b1b5f3|0xdd067985d4feb40f0cb8a9aa0a4436278b7bf4fc|0xedf0c420bc3b92b961c6ec411cc810ca81f5f21a,0xdd067985d4feb40f0cb8a9aa0a4436278b7bf4fc,0xedf0c420bc3b92b961c6ec411cc810ca81f5f21a,USDT,USDT,0xfebbf15e0cafc40dbbb220dd18108d8f957024018931703337e3368ac93d0be7_USDT,1638374075,1638374075,1,7.57563e+21,7575.63,7575.63,0,0,0.800000,bridge_dst_event_flow,True
BNB,Multi,bnb_flow_0xfebbf15e0caf__synth_noise_dst_1,0xfebbf15e0cafc40dbbb220dd18108d8f957024018931703337e3368ac93d0be7,0xd1c5966f9f5ee6881ff6b261bbeda45972b1b5f3|0xdd067985d4feb40f0cb8a9aa0a4436278b7bf4fc|0xedf0c420bc3b92b961c6ec411cc810ca81f5f21a,0xdd067985d4feb40f0cb8a9aa0a4436278b7bf4fc,0xedf0c420bc3b92b961c6ec411cc810ca81f5f21a,USDT,USDT,0xfebbf15e0cafc40dbbb220dd18108d8f957024018931703337e3368ac93d0be7_USDT,1638374135,1638374135,1,7.57563e+21,7575.63,7575.63,0,0,0.800000,bridge_dst_event_flow,True
BNB,Multi,bnb_flow_0x949f1f0ce9a7__synth_split_a,0x949f1f0ce9a7d3cb5e14290e3a58ec61f8b5014e4191c0f904cc1dde39ed358c,0x3844275135df652a1162981e24cb34262ed03bdb|0xd1c5966f9f5ee6881ff6b261bbeda45972b1b5f3|0xedf0c420bc3b92b961c6ec411cc810ca81f5f21a,0x3844275135df652a1162981e24cb34262ed03bdb,0xedf0c420bc3b92b961c6ec411cc810ca81f5f21a,USDT,USDT,0x949f1f0ce9a7d3cb5e14290e3a58ec61f8b5014e4191c0f904cc1dde39ed358c_USDT,1638830662,1638830662,1,7.37205e+21,7372.05,7372.05,0,0,0.800000,bridge_dst_event_flow,True
BNB,Multi,bnb_flow_0x949f1f0ce9a7__synth_split_b,0x949f1f0ce9a7d3cb5e14290e3a58ec61f8b5014e4191c0f904cc1dde39ed358c,0x3844275135df652a1162981e24cb34262ed03bdb|0xd1c5966f9f5ee6881ff6b261bbeda45972b1b5f3|0xedf0c420bc3b92b961c6ec411cc810ca81f5f21a,0x3844275135df652a1162981e24cb34262ed03bdb,0xedf0c420bc3b92b961c6ec411cc810ca81f5f21a,USDT,USDT,0x949f1f0ce9a7d3cb5e14290e3a58ec61f8b5014e4191c0f904cc1dde39ed358c_USDT,1638830662,1638830662,1,7.37205e+21,7372.05,7372.05,0,0,0.800000,bridge_dst_event_flow,True
BNB,Multi,bnb_flow_0x949f1f0ce9a7__synth_merge_dst,0x949f1f0ce9a7d3cb5e14290e3a58ec61f8b5014e4191c0f904cc1dde39ed358c,0x3844275135df652a1162981e24cb34262ed03bdb|0xd1c5966f9f5ee6881ff6b261bbeda45972b1b5f3|0xedf0c420bc3b92b961c6ec411cc810ca81f5f21a,0x3844275135df652a1162981e24cb34262ed03bdb,0xedf0c420bc3b92b961c6ec411cc810ca81f5f21a,USDT,USDT,0x949f1f0ce9a7d3cb5e14290e3a58ec61f8b5014e4191c0f904cc1dde39ed358c_USDT,1638830662,1638830662,1,1.47441e+22,14744.1,14744.1,0,0,0.800000,bridge_dst_event_flow,True
BNB,Multi,bnb_flow_0x949f1f0ce9a7__synth_hidden_dst,0x949f1f0ce9a7d3cb5e14290e3a58ec61f8b5014e4191c0f904cc1dde39ed358c,0x3844275135df652a1162981e24cb34262ed03bdb|0xd1c5966f9f5ee6881ff6b261bbeda45972b1b5f3|0xedf0c420bc3b92b961c6ec411cc810ca81f5f21a,0x3844275135df652a1162981e24cb34262ed03bdb,0xedf0c420bc3b92b961c6ec411cc810ca81f5f21a,USDT,USDT,0x949f1f0ce9a7d3cb5e14290e3a58ec61f8b5014e4191c0f904cc1dde39ed358c_USDT,1638830662,1638830662,1,1.47441e+22,14744.1,14744.1,0,0,0.800000,bridge_dst_event_flow,True
BNB,Multi,bnb_flow_0x949f1f0ce9a7__synth_noise_dst_0,0x949f1f0ce9a7d3cb5e14290e3a58ec61f8b5014e4191c0f904cc1dde39ed358c,0x3844275135df652a1162981e24cb34262ed03bdb|0xd1c5966f9f5ee6881ff6b261bbeda45972b1b5f3|0xedf0c420bc3b92b961c6ec411cc810ca81f5f21a,0x3844275135df652a1162981e24cb34262ed03bdb,0xedf0c420bc3b92b961c6ec411cc810ca81f5f21a,USDT,USDT,0x949f1f0ce9a7d3cb5e14290e3a58ec61f8b5014e4191c0f904cc1dde39ed358c_USDT,1638830722,1638830722,1,1.47441e+22,14744.1,14744.1,0,0,0.800000,bridge_dst_event_flow,True
BNB,Multi,bnb_flow_0x949f1f0ce9a7__synth_noise_dst_1,0x949f1f0ce9a7d3cb5e14290e3a58ec61f8b5014e4191c0f904cc1dde39ed358c,0x3844275135df652a1162981e24cb34262ed03bdb|0xd1c5966f9f5ee6881ff6b261bbeda45972b1b5f3|0xedf0c420bc3b92b961c6ec411cc810ca81f5f21a,0x3844275135df652a1162981e24cb34262ed03bdb,0xedf0c420bc3b92b961c6ec411cc810ca81f5f21a,USDT,USDT,0x949f1f0ce9a7d3cb5e14290e3a58ec61f8b5014e4191c0f904cc1dde39ed358c_USDT,1638830782,1638830782,1,1.47441e+22,14744.1,14744.1,0,0,0.800000,bridge_dst_event_flow,True
BNB,Multi,bnb_flow_0x29b306c760dd__synth_split_a,0x29b306c760ddf82a8e65a01bb03a1434a2b2b7df8ae99173265bec270b562a34,0x7ac95248bf886fd20db4019a98b607bba284a466|0xd1c5966f9f5ee6881ff6b261bbeda45972b1b5f3|0xedf0c420bc3b92b961c6ec411cc810ca81f5f21a,0x7ac95248bf886fd20db4019a98b607bba284a466,0xedf0c420bc3b92b961c6ec411cc810ca81f5f21a,USDT,USDT,0x29b306c760ddf82a8e65a01bb03a1434a2b2b7df8ae99173265bec270b562a34_USDT,1639339981,1639339981,1,1.2958125e+21,1295.8125,1295.8125,0,0,0.800000,bridge_dst_event_flow,True
BNB,Multi,bnb_flow_0x29b306c760dd__synth_split_b,0x29b306c760ddf82a8e65a01bb03a1434a2b2b7df8ae99173265bec270b562a34,0x7ac95248bf886fd20db4019a98b607bba284a466|0xd1c5966f9f5ee6881ff6b261bbeda45972b1b5f3|0xedf0c420bc3b92b961c6ec411cc810ca81f5f21a,0x7ac95248bf886fd20db4019a98b607bba284a466,0xedf0c420bc3b92b961c6ec411cc810ca81f5f21a,USDT,USDT,0x29b306c760ddf82a8e65a01bb03a1434a2b2b7df8ae99173265bec270b562a34_USDT,1639339981,1639339981,1,1.2958125e+21,1295.8125,1295.8125,0,0,0.800000,bridge_dst_event_flow,True
BNB,Multi,bnb_flow_0x29b306c760dd__synth_split_c,0x29b306c760ddf82a8e65a01bb03a1434a2b2b7df8ae99173265bec270b562a34,0x7ac95248bf886fd20db4019a98b607bba284a466|0xd1c5966f9f5ee6881ff6b261bbeda45972b1b5f3|0xedf0c420bc3b92b961c6ec411cc810ca81f5f21a,0x7ac95248bf886fd20db4019a98b607bba284a466,0xedf0c420bc3b92b961c6ec411cc810ca81f5f21a,USDT,USDT,0x29b306c760ddf82a8e65a01bb03a1434a2b2b7df8ae99173265bec270b562a34_USDT,1639339981,1639339981,1,1.2958125e+21,1295.8125,1295.8125,0,0,0.800000,bridge_dst_event_flow,True
BNB,Multi,bnb_flow_0x29b306c760dd__synth_split_d,0x29b306c760ddf82a8e65a01bb03a1434a2b2b7df8ae99173265bec270b562a34,0x7ac95248bf886fd20db4019a98b607bba284a466|0xd1c5966f9f5ee6881ff6b261bbeda45972b1b5f3|0xedf0c420bc3b92b961c6ec411cc810ca81f5f21a,0x7ac95248bf886fd20db4019a98b607bba284a466,0xedf0c420bc3b92b961c6ec411cc810ca81f5f21a,USDT,USDT,0x29b306c760ddf82a8e65a01bb03a1434a2b2b7df8ae99173265bec270b562a34_USDT,1639339981,1639339981,1,1.2958125e+21,1295.8125,1295.8125,0,0,0.800000,bridge_dst_event_flow,True
BNB,Multi,bnb_flow_0x29b306c760dd__synth_split_e,0x29b306c760ddf82a8e65a01bb03a1434a2b2b7df8ae99173265bec270b562a34,0x7ac95248bf886fd20db4019a98b607bba284a466|0xd1c5966f9f5ee6881ff6b261bbeda45972b1b5f3|0xedf0c420bc3b92b961c6ec411cc810ca81f5f21a,0x7ac95248bf886fd20db4019a98b607bba284a466,0xedf0c420bc3b92b961c6ec411cc810ca81f5f21a,USDT,USDT,0x29b306c760ddf82a8e65a01bb03a1434a2b2b7df8ae99173265bec270b562a34_USDT,1639339981,1639339981,1,1.2958125e+21,1295.8125,1295.8125,0,0,0.800000,bridge_dst_event_flow,True
BNB,Multi,bnb_flow_0x29b306c760dd__synth_split_f,0x29b306c760ddf82a8e65a01bb03a1434a2b2b7df8ae99173265bec270b562a34,0x7ac95248bf886fd20db4019a98b607bba284a466|0xd1c5966f9f5ee6881ff6b261bbeda45972b1b5f3|0xedf0c420bc3b92b961c6ec411cc810ca81f5f21a,0x7ac95248bf886fd20db4019a98b607bba284a466,0xedf0c420bc3b92b961c6ec411cc810ca81f5f21a,USDT,USDT,0x29b306c760ddf82a8e65a01bb03a1434a2b2b7df8ae99173265bec270b562a34_USDT,1639339981,1639339981,1,1.2958125e+21,1295.8125,1295.8125,0,0,0.800000,bridge_dst_event_flow,True
BNB,Multi,bnb_flow_0x29b306c760dd__synth_split_g,0x29b306c760ddf82a8e65a01bb03a1434a2b2b7df8ae99173265bec270b562a34,0x7ac95248bf886fd20db4019a98b607bba284a466|0xd1c5966f9f5ee6881ff6b261bbeda45972b1b5f3|0xedf0c420bc3b92b961c6ec411cc810ca81f5f21a,0x7ac95248bf886fd20db4019a98b607bba284a466,0xedf0c420bc3b92b961c6ec411cc810ca81f5f21a,USDT,USDT,0x29b306c760ddf82a8e65a01bb03a1434a2b2b7df8ae99173265bec270b562a34_USDT,1639339981,1639339981,1,1.2958125e+21,1295.8125,1295.8125,0,0,0.800000,bridge_dst_event_flow,True
BNB,Multi,bnb_flow_0x29b306c760dd__synth_split_h,0x29b306c760ddf82a8e65a01bb03a1434a2b2b7df8ae99173265bec270b562a34,0x7ac95248bf886fd20db4019a98b607bba284a466|0xd1c5966f9f5ee6881ff6b261bbeda45972b1b5f3|0xedf0c420bc3b92b961c6ec411cc810ca81f5f21a,0x7ac95248bf886fd20db4019a98b607bba284a466,0xedf0c420bc3b92b961c6ec411cc810ca81f5f21a,USDT,USDT,0x29b306c760ddf82a8e65a01bb03a1434a2b2b7df8ae99173265bec270b562a34_USDT,1639339981,1639339981,1,1.2958125e+21,1295.8125,1295.8125,0,0,0.800000,bridge_dst_event_flow,True
BNB,Multi,bnb_flow_0x29b306c760dd__synth_merge_dst,0x29b306c760ddf82a8e65a01bb03a1434a2b2b7df8ae99173265bec270b562a34,0x7ac95248bf886fd20db4019a98b607bba284a466|0xd1c5966f9f5ee6881ff6b261bbeda45972b1b5f3|0xedf0c420bc3b92b961c6ec411cc810ca81f5f21a,0x7ac95248bf886fd20db4019a98b607bba284a466,0xedf0c420bc3b92b961c6ec411cc810ca81f5f21a,USDT,USDT,0x29b306c760ddf82a8e65a01bb03a1434a2b2b7df8ae99173265bec270b562a34_USDT,1639339981,1639339981,1,1.03665e+22,10366.5,10366.5,0,0,0.800000,bridge_dst_event_flow,True
BNB,Multi,bnb_flow_0x29b306c760dd__synth_hidden_dst,0x29b306c760ddf82a8e65a01bb03a1434a2b2b7df8ae99173265bec270b562a34,0x7ac95248bf886fd20db4019a98b607bba284a466|0xd1c5966f9f5ee6881ff6b261bbeda45972b1b5f3|0xedf0c420bc3b92b961c6ec411cc810ca81f5f21a,0x7ac95248bf886fd20db4019a98b607bba284a466,0xedf0c420bc3b92b961c6ec411cc810ca81f5f21a,USDT,USDT,0x29b306c760ddf82a8e65a01bb03a1434a2b2b7df8ae99173265bec270b562a34_USDT,1639339981,1639339981,1,1.03665e+22,10366.5,10366.5,0,0,0.800000,bridge_dst_event_flow,True
BNB,Multi,bnb_flow_0x29b306c760dd__synth_noise_dst_0,0x29b306c760ddf82a8e65a01bb03a1434a2b2b7df8ae99173265bec270b562a34,0x7ac95248bf886fd20db4019a98b607bba284a466|0xd1c5966f9f5ee6881ff6b261bbeda45972b1b5f3|0xedf0c420bc3b92b961c6ec411cc810ca81f5f21a,0x7ac95248bf886fd20db4019a98b607bba284a466,0xedf0c420bc3b92b961c6ec411cc810ca81f5f21a,USDT,USDT,0x29b306c760ddf82a8e65a01bb03a1434a2b2b7df8ae99173265bec270b562a34_USDT,1639340041,1639340041,1,1.03665e+22,10366.5,10366.5,0,0,0.800000,bridge_dst_event_flow,True
BNB,Multi,bnb_flow_0x29b306c760dd__synth_noise_dst_1,0x29b306c760ddf82a8e65a01bb03a1434a2b2b7df8ae99173265bec270b562a34,0x7ac95248bf886fd20db4019a98b607bba284a466|0xd1c5966f9f5ee6881ff6b261bbeda45972b1b5f3|0xedf0c420bc3b92b961c6ec411cc810ca81f5f21a,0x7ac95248bf886fd20db4019a98b607bba284a466,0xedf0c420bc3b92b961c6ec411cc810ca81f5f21a,USDT,USDT,0x29b306c760ddf82a8e65a01bb03a1434a2b2b7df8ae99173265bec270b562a34_USDT,1639340101,1639340101,1,1.03665e+22,10366.5,10366.5,0,0,0.800000,bridge_dst_event_flow,True
BNB,Multi,bnb_flow_0x8ef986fc3128__synth_split_a,0x8ef986fc31285b16167ebd9a610d5838d308ff931a5df4ead8ca612ac6048728,0x91762d1811ea75cb55ade28e246c41783719e0e3|0xd1c5966f9f5ee6881ff6b261bbeda45972b1b5f3|0xedf0c420bc3b92b961c6ec411cc810ca81f5f21a,0x91762d1811ea75cb55ade28e246c41783719e0e3,0xedf0c420bc3b92b961c6ec411cc810ca81f5f21a,USDT,USDT,0x8ef986fc31285b16167ebd9a610d5838d308ff931a5df4ead8ca612ac6048728_USDT,1637409392,1637409392,1,4.725065e+21,4725.065,4725.065,0,0,0.800000,bridge_dst_event_flow,True
BNB,Multi,bnb_flow_0x8ef986fc3128__synth_split_b,0x8ef986fc31285b16167ebd9a610d5838d308ff931a5df4ead8ca612ac6048728,0x91762d1811ea75cb55ade28e246c41783719e0e3|0xd1c5966f9f5ee6881ff6b261bbeda45972b1b5f3|0xedf0c420bc3b92b961c6ec411cc810ca81f5f21a,0x91762d1811ea75cb55ade28e246c41783719e0e3,0xedf0c420bc3b92b961c6ec411cc810ca81f5f21a,USDT,USDT,0x8ef986fc31285b16167ebd9a610d5838d308ff931a5df4ead8ca612ac6048728_USDT,1637409392,1637409392,1,4.725065e+21,4725.065,4725.065,0,0,0.800000,bridge_dst_event_flow,True
BNB,Multi,bnb_flow_0x8ef986fc3128__synth_merge_dst,0x8ef986fc31285b16167ebd9a610d5838d308ff931a5df4ead8ca612ac6048728,0x91762d1811ea75cb55ade28e246c41783719e0e3|0xd1c5966f9f5ee6881ff6b261bbeda45972b1b5f3|0xedf0c420bc3b92b961c6ec411cc810ca81f5f21a,0x91762d1811ea75cb55ade28e246c41783719e0e3,0xedf0c420bc3b92b961c6ec411cc810ca81f5f21a,USDT,USDT,0x8ef986fc31285b16167ebd9a610d5838d308ff931a5df4ead8ca612ac6048728_USDT,1637409392,1637409392,1,9.45013e+21,9450.13,9450.13,0,0,0.800000,bridge_dst_event_flow,True
BNB,Multi,bnb_flow_0x8ef986fc3128__synth_hidden_dst,0x8ef986fc31285b16167ebd9a610d5838d308ff931a5df4ead8ca612ac6048728,0x91762d1811ea75cb55ade28e246c41783719e0e3|0xd1c5966f9f5ee6881ff6b261bbeda45972b1b5f3|0xedf0c420bc3b92b961c6ec411cc810ca81f5f21a,0x91762d1811ea75cb55ade28e246c41783719e0e3,0xedf0c420bc3b92b961c6ec411cc810ca81f5f21a,USDT,USDT,0x8ef986fc31285b16167ebd9a610d5838d308ff931a5df4ead8ca612ac6048728_USDT,1637409392,1637409392,1,9.45013e+21,9450.13,9450.13,0,0,0.800000,bridge_dst_event_flow,True
BNB,Multi,bnb_flow_0x8ef986fc3128__synth_noise_dst_0,0x8ef986fc31285b16167ebd9a610d5838d308ff931a5df4ead8ca612ac6048728,0x91762d1811ea75cb55ade28e246c41783719e0e3|0xd1c5966f9f5ee6881ff6b261bbeda45972b1b5f3|0xedf0c420bc3b92b961c6ec411cc810ca81f5f21a,0x91762d1811ea75cb55ade28e246c41783719e0e3,0xedf0c420bc3b92b961c6ec411cc810ca81f5f21a,USDT,USDT,0x8ef986fc31285b16167ebd9a610d5838d308ff931a5df4ead8ca612ac6048728_USDT,1637409452,1637409452,1,9.45013e+21,9450.13,9450.13,0,0,0.800000,bridge_dst_event_flow,True
BNB,Multi,bnb_flow_0x8ef986fc3128__synth_noise_dst_1,0x8ef986fc31285b16167ebd9a610d5838d308ff931a5df4ead8ca612ac6048728,0x91762d1811ea75cb55ade28e246c41783719e0e3|0xd1c5966f9f5ee6881ff6b261bbeda45972b1b5f3|0xedf0c420bc3b92b961c6ec411cc810ca81f5f21a,0x91762d1811ea75cb55ade28e246c41783719e0e3,0xedf0c420bc3b92b961c6ec411cc810ca81f5f21a,USDT,USDT,0x8ef986fc31285b16167ebd9a610d5838d308ff931a5df4ead8ca612ac6048728_USDT,1637409512,1637409512,1,9.45013e+21,9450.13,9450.13,0,0,0.800000,bridge_dst_event_flow,True
BNB,Multi,bnb_flow_0x7820c0ba895f__synth_split_a,0x7820c0ba895f85977a18f7c694a4abd40538a09542a64ef2ada3f48018791ef7,0xd1c5966f9f5ee6881ff6b261bbeda45972b1b5f3|0xd867622fd9991cbc1069a513a9ed1fa98ff72639|0xedf0c420bc3b92b961c6ec411cc810ca81f5f21a,0xd867622fd9991cbc1069a513a9ed1fa98ff72639,0xedf0c420bc3b92b961c6ec411cc810ca81f5f21a,USDT,USDT,0x7820c0ba895f85977a18f7c694a4abd40538a09542a64ef2ada3f48018791ef7_USDT,1639115612,1639115612,1,4.99955e+21,4999.55,4999.55,0,0,0.800000,bridge_dst_event_flow,True
BNB,Multi,bnb_flow_0x7820c0ba895f__synth_split_b,0x7820c0ba895f85977a18f7c694a4abd40538a09542a64ef2ada3f48018791ef7,0xd1c5966f9f5ee6881ff6b261bbeda45972b1b5f3|0xd867622fd9991cbc1069a513a9ed1fa98ff72639|0xedf0c420bc3b92b961c6ec411cc810ca81f5f21a,0xd867622fd9991cbc1069a513a9ed1fa98ff72639,0xedf0c420bc3b92b961c6ec411cc810ca81f5f21a,USDT,USDT,0x7820c0ba895f85977a18f7c694a4abd40538a09542a64ef2ada3f48018791ef7_USDT,1639115612,1639115612,1,4.99955e+21,4999.55,4999.55,0,0,0.800000,bridge_dst_event_flow,True
BNB,Multi,bnb_flow_0x7820c0ba895f__synth_merge_dst,0x7820c0ba895f85977a18f7c694a4abd40538a09542a64ef2ada3f48018791ef7,0xd1c5966f9f5ee6881ff6b261bbeda45972b1b5f3|0xd867622fd9991cbc1069a513a9ed1fa98ff72639|0xedf0c420bc3b92b961c6ec411cc810ca81f5f21a,0xd867622fd9991cbc1069a513a9ed1fa98ff72639,0xedf0c420bc3b92b961c6ec411cc810ca81f5f21a,USDT,USDT,0x7820c0ba895f85977a18f7c694a4abd40538a09542a64ef2ada3f48018791ef7_USDT,1639115612,1639115612,1,9.9991e+21,9999.1,9999.1,0,0,0.800000,bridge_dst_event_flow,True
BNB,Multi,bnb_flow_0x7820c0ba895f__synth_hidden_dst,0x7820c0ba895f85977a18f7c694a4abd40538a09542a64ef2ada3f48018791ef7,0xd1c5966f9f5ee6881ff6b261bbeda45972b1b5f3|0xd867622fd9991cbc1069a513a9ed1fa98ff72639|0xedf0c420bc3b92b961c6ec411cc810ca81f5f21a,0xd867622fd9991cbc1069a513a9ed1fa98ff72639,0xedf0c420bc3b92b961c6ec411cc810ca81f5f21a,USDT,USDT,0x7820c0ba895f85977a18f7c694a4abd40538a09542a64ef2ada3f48018791ef7_USDT,1639115612,1639115612,1,9.9991e+21,9999.1,9999.1,0,0,0.800000,bridge_dst_event_flow,True
BNB,Multi,bnb_flow_0x7820c0ba895f__synth_noise_dst_0,0x7820c0ba895f85977a18f7c694a4abd40538a09542a64ef2ada3f48018791ef7,0xd1c5966f9f5ee6881ff6b261bbeda45972b1b5f3|0xd867622fd9991cbc1069a513a9ed1fa98ff72639|0xedf0c420bc3b92b961c6ec411cc810ca81f5f21a,0xd867622fd9991cbc1069a513a9ed1fa98ff72639,0xedf0c420bc3b92b961c6ec411cc810ca81f5f21a,USDT,USDT,0x7820c0ba895f85977a18f7c694a4abd40538a09542a64ef2ada3f48018791ef7_USDT,1639115672,1639115672,1,9.9991e+21,9999.1,9999.1,0,0,0.800000,bridge_dst_event_flow,True
BNB,Multi,bnb_flow_0x7820c0ba895f__synth_noise_dst_1,0x7820c0ba895f85977a18f7c694a4abd40538a09542a64ef2ada3f48018791ef7,0xd1c5966f9f5ee6881ff6b261bbeda45972b1b5f3|0xd867622fd9991cbc1069a513a9ed1fa98ff72639|0xedf0c420bc3b92b961c6ec411cc810ca81f5f21a,0xd867622fd9991cbc1069a513a9ed1fa98ff72639,0xedf0c420bc3b92b961c6ec411cc810ca81f5f21a,USDT,USDT,0x7820c0ba895f85977a18f7c694a4abd40538a09542a64ef2ada3f48018791ef7_USDT,1639115732,1639115732,1,9.9991e+21,9999.1,9999.1,0,0,0.800000,bridge_dst_event_flow,True
BNB,Multi,bnb_flow_0x44d02197f091__synth_split_a,0x44d02197f0913c7276409118e805ec1bb6fd063f80306e0a1e5808a522b730f5,0x4ac5a17b758c3a3c93214e770e35c4367ecff8b6|0xd1c5966f9f5ee6881ff6b261bbeda45972b1b5f3|0xedf0c420bc3b92b961c6ec411cc810ca81f5f21a,0x4ac5a17b758c3a3c93214e770e35c4367ecff8b6,0xedf0c420bc3b92b961c6ec411cc810ca81f5f21a,USDT,USDT,0x44d02197f0913c7276409118e805ec1bb6fd063f80306e0a1e5808a522b730f5_USDT,1636539804,1636539804,1,6.9731e+21,6973.1,6973.1,0,0,0.800000,bridge_dst_event_flow,True
BNB,Multi,bnb_flow_0x44d02197f091__synth_split_b,0x44d02197f0913c7276409118e805ec1bb6fd063f80306e0a1e5808a522b730f5,0x4ac5a17b758c3a3c93214e770e35c4367ecff8b6|0xd1c5966f9f5ee6881ff6b261bbeda45972b1b5f3|0xedf0c420bc3b92b961c6ec411cc810ca81f5f21a,0x4ac5a17b758c3a3c93214e770e35c4367ecff8b6,0xedf0c420bc3b92b961c6ec411cc810ca81f5f21a,USDT,USDT,0x44d02197f0913c7276409118e805ec1bb6fd063f80306e0a1e5808a522b730f5_USDT,1636539804,1636539804,1,6.9731e+21,6973.1,6973.1,0,0,0.800000,bridge_dst_event_flow,True
BNB,Multi,bnb_flow_0x44d02197f091__synth_merge_dst,0x44d02197f0913c7276409118e805ec1bb6fd063f80306e0a1e5808a522b730f5,0x4ac5a17b758c3a3c93214e770e35c4367ecff8b6|0xd1c5966f9f5ee6881ff6b261bbeda45972b1b5f3|0xedf0c420bc3b92b961c6ec411cc810ca81f5f21a,0x4ac5a17b758c3a3c93214e770e35c4367ecff8b6,0xedf0c420bc3b92b961c6ec411cc810ca81f5f21a,USDT,USDT,0x44d02197f0913c7276409118e805ec1bb6fd063f80306e0a1e5808a522b730f5_USDT,1636539804,1636539804,1,1.39462e+22,13946.2,13946.2,0,0,0.800000,bridge_dst_event_flow,True
BNB,Multi,bnb_flow_0x44d02197f091__synth_hidden_dst,0x44d02197f0913c7276409118e805ec1bb6fd063f80306e0a1e5808a522b730f5,0x4ac5a17b758c3a3c93214e770e35c4367ecff8b6|0xd1c5966f9f5ee6881ff6b261bbeda45972b1b5f3|0xedf0c420bc3b92b961c6ec411cc810ca81f5f21a,0x4ac5a17b758c3a3c93214e770e35c4367ecff8b6,0xedf0c420bc3b92b961c6ec411cc810ca81f5f21a,USDT,USDT,0x44d02197f0913c7276409118e805ec1bb6fd063f80306e0a1e5808a522b730f5_USDT,1636539804,1636539804,1,1.39462e+22,13946.2,13946.2,0,0,0.800000,bridge_dst_event_flow,True
BNB,Multi,bnb_flow_0x44d02197f091__synth_noise_dst_0,0x44d02197f0913c7276409118e805ec1bb6fd063f80306e0a1e5808a522b730f5,0x4ac5a17b758c3a3c93214e770e35c4367ecff8b6|0xd1c5966f9f5ee6881ff6b261bbeda45972b1b5f3|0xedf0c420bc3b92b961c6ec411cc810ca81f5f21a,0x4ac5a17b758c3a3c93214e770e35c4367ecff8b6,0xedf0c420bc3b92b961c6ec411cc810ca81f5f21a,USDT,USDT,0x44d02197f0913c7276409118e805ec1bb6fd063f80306e0a1e5808a522b730f5_USDT,1636539864,1636539864,1,1.39462e+22,13946.2,13946.2,0,0,0.800000,bridge_dst_event_flow,True
BNB,Multi,bnb_flow_0x44d02197f091__synth_noise_dst_1,0x44d02197f0913c7276409118e805ec1bb6fd063f80306e0a1e5808a522b730f5,0x4ac5a17b758c3a3c93214e770e35c4367ecff8b6|0xd1c5966f9f5ee6881ff6b261bbeda45972b1b5f3|0xedf0c420bc3b92b961c6ec411cc810ca81f5f21a,0x4ac5a17b758c3a3c93214e770e35c4367ecff8b6,0xedf0c420bc3b92b961c6ec411cc810ca81f5f21a,USDT,USDT,0x44d02197f0913c7276409118e805ec1bb6fd063f80306e0a1e5808a522b730f5_USDT,1636539924,1636539924,1,1.39462e+22,13946.2,13946.2,0,0,0.800000,bridge_dst_event_flow,True
BNB,Multi,bnb_flow_0xf09f5be87626__synth_split_a,0xf09f5be87626c5af8f0537b7927aeddfa2c0aec65bdb3a722a3b27e75590c51f,0x3ffd6db0801a2c18eb4f0e8b81f79ad2205df6a1|0xd1c5966f9f5ee6881ff6b261bbeda45972b1b5f3|0xedf0c420bc3b92b961c6ec411cc810ca81f5f21a,0x3ffd6db0801a2c18eb4f0e8b81f79ad2205df6a1,0xedf0c420bc3b92b961c6ec411cc810ca81f5f21a,USDT,USDT,0xf09f5be87626c5af8f0537b7927aeddfa2c0aec65bdb3a722a3b27e75590c51f_USDT,1638930381,1638930381,1,4.670105e+21,4670.105,4670.105,0,0,0.800000,bridge_dst_event_flow,True
BNB,Multi,bnb_flow_0xf09f5be87626__synth_split_b,0xf09f5be87626c5af8f0537b7927aeddfa2c0aec65bdb3a722a3b27e75590c51f,0x3ffd6db0801a2c18eb4f0e8b81f79ad2205df6a1|0xd1c5966f9f5ee6881ff6b261bbeda45972b1b5f3|0xedf0c420bc3b92b961c6ec411cc810ca81f5f21a,0x3ffd6db0801a2c18eb4f0e8b81f79ad2205df6a1,0xedf0c420bc3b92b961c6ec411cc810ca81f5f21a,USDT,USDT,0xf09f5be87626c5af8f0537b7927aeddfa2c0aec65bdb3a722a3b27e75590c51f_USDT,1638930381,1638930381,1,4.670105e+21,4670.105,4670.105,0,0,0.800000,bridge_dst_event_flow,True
BNB,Multi,bnb_flow_0xf09f5be87626__synth_merge_dst,0xf09f5be87626c5af8f0537b7927aeddfa2c0aec65bdb3a722a3b27e75590c51f,0x3ffd6db0801a2c18eb4f0e8b81f79ad2205df6a1|0xd1c5966f9f5ee6881ff6b261bbeda45972b1b5f3|0xedf0c420bc3b92b961c6ec411cc810ca81f5f21a,0x3ffd6db0801a2c18eb4f0e8b81f79ad2205df6a1,0xedf0c420bc3b92b961c6ec411cc810ca81f5f21a,USDT,USDT,0xf09f5be87626c5af8f0537b7927aeddfa2c0aec65bdb3a722a3b27e75590c51f_USDT,1638930381,1638930381,1,9.34021e+21,9340.21,9340.21,0,0,0.800000,bridge_dst_event_flow,True
BNB,Multi,bnb_flow_0xf09f5be87626__synth_hidden_dst,0xf09f5be87626c5af8f0537b7927aeddfa2c0aec65bdb3a722a3b27e75590c51f,0x3ffd6db0801a2c18eb4f0e8b81f79ad2205df6a1|0xd1c5966f9f5ee6881ff6b261bbeda45972b1b5f3|0xedf0c420bc3b92b961c6ec411cc810ca81f5f21a,0x3ffd6db0801a2c18eb4f0e8b81f79ad2205df6a1,0xedf0c420bc3b92b961c6ec411cc810ca81f5f21a,USDT,USDT,0xf09f5be87626c5af8f0537b7927aeddfa2c0aec65bdb3a722a3b27e75590c51f_USDT,1638930381,1638930381,1,9.34021e+21,9340.21,9340.21,0,0,0.800000,bridge_dst_event_flow,True
BNB,Multi,bnb_flow_0xf09f5be87626__synth_noise_dst_0,0xf09f5be87626c5af8f0537b7927aeddfa2c0aec65bdb3a722a3b27e75590c51f,0x3ffd6db0801a2c18eb4f0e8b81f79ad2205df6a1|0xd1c5966f9f5ee6881ff6b261bbeda45972b1b5f3|0xedf0c420bc3b92b961c6ec411cc810ca81f5f21a,0x3ffd6db0801a2c18eb4f0e8b81f79ad2205df6a1,0xedf0c420bc3b92b961c6ec411cc810ca81f5f21a,USDT,USDT,0xf09f5be87626c5af8f0537b7927aeddfa2c0aec65bdb3a722a3b27e75590c51f_USDT,1638930441,1638930441,1,9.34021e+21,9340.21,9340.21,0,0,0.800000,bridge_dst_event_flow,True
BNB,Multi,bnb_flow_0xf09f5be87626__synth_noise_dst_1,0xf09f5be87626c5af8f0537b7927aeddfa2c0aec65bdb3a722a3b27e75590c51f,0x3ffd6db0801a2c18eb4f0e8b81f79ad2205df6a1|0xd1c5966f9f5ee6881ff6b261bbeda45972b1b5f3|0xedf0c420bc3b92b961c6ec411cc810ca81f5f21a,0x3ffd6db0801a2c18eb4f0e8b81f79ad2205df6a1,0xedf0c420bc3b92b961c6ec411cc810ca81f5f21a,USDT,USDT,0xf09f5be87626c5af8f0537b7927aeddfa2c0aec65bdb3a722a3b27e75590c51f_USDT,1638930501,1638930501,1,9.34021e+21,9340.21,9340.21,0,0,0.800000,bridge_dst_event_flow,True
