chain,flow_id,tx_hashes,address_set,primary_address,token_contracts,token_symbols,asset_group,route_id,start_time,end_time,tx_count,raw_amount_sum,human_amount_sum,usd_amount_sum,aml_score_mean,aml_score_max,evidence_quality_mean,flow_construction_rule,bridge
ETH,eth_flow_055c11bff68b40__r7fam00__inst00__synth_split_src,0x56ad8fe03d11786087a2e8eaeb9bf8d1a365126167655211552914cea7fc0f93,0x5427fefa711eff984124bfbb1ab6fbf5e3da1820|0xc02aaa39b223fe8d0a0e5c4f27ead9083c756cc2,0x5427fefa711eff984124bfbb1ab6fbf5e3da1820,,NATIVE,token:NATIVE,0x56ad8fe03d11786087a2e8eaeb9bf8d1a365126167655211552914cea7fc0f93_0_native_,1639402025,1639402025,1,2.08e+18,2.08,2.08,0.000000,0.000000,0.775000,tx_agg_rolling_1800s_same_asset_group_or_route,Celer
ETH,eth_flow_055c11bff68b40__r7fam00__inst00__synth_merge_src1,0x56ad8fe03d11786087a2e8eaeb9bf8d1a365126167655211552914cea7fc0f93,0x5427fefa711eff984124bfbb1ab6fbf5e3da1820|0xc02aaa39b223fe8d0a0e5c4f27ead9083c756cc2,0x5427fefa711eff984124bfbb1ab6fbf5e3da1820,,NATIVE,token:NATIVE,0x56ad8fe03d11786087a2e8eaeb9bf8d1a365126167655211552914cea7fc0f93_0_native_,1639402025,1639402025,1,1.04e+18,1.04,1.04,0.000000,0.000000,0.775000,tx_agg_rolling_1800s_same_asset_group_or_route,Celer
ETH,eth_flow_055c11bff68b40__r7fam00__inst00__synth_merge_src2,0x56ad8fe03d11786087a2e8eaeb9bf8d1a365126167655211552914cea7fc0f93,0x5427fefa711eff984124bfbb1ab6fbf5e3da1820|0xc02aaa39b223fe8d0a0e5c4f27ead9083c756cc2,0x5427fefa711eff984124bfbb1ab6fbf5e3da1820,,NATIVE,token:NATIVE,0x56ad8fe03d11786087a2e8eaeb9bf8d1a365126167655211552914cea7fc0f93_0_native_,1639402025,1639402025,1,1.04e+18,1.04,1.04,0.000000,0.000000,0.775000,tx_agg_rolling_1800s_same_asset_group_or_route,Celer
ETH,eth_flow_055c11bff68b40__r7fam00__inst00__synth_unmatched_src,0x56ad8fe03d11786087a2e8eaeb9bf8d1a365126167655211552914cea7fc0f93,0x5427fefa711eff984124bfbb1ab6fbf5e3da1820|0xc02aaa39b223fe8d0a0e5c4f27ead9083c756cc2,0x5427fefa711eff984124bfbb1ab6fbf5e3da1820,,NATIVE,token:NATIVE,0x56ad8fe03d11786087a2e8eaeb9bf8d1a365126167655211552914cea7fc0f93_0_native_,1639402025,1639402025,1,2.08e+18,2.08,2.08,0.000000,0.000000,0.775000,tx_agg_rolling_1800s_same_asset_group_or_route,Celer
ETH,eth_flow_055c11bff68b40__r7fam00__inst00__synth_noise_src_0,0x56ad8fe03d11786087a2e8eaeb9bf8d1a365126167655211552914cea7fc0f93,0x5427fefa711eff984124bfbb1ab6fbf5e3da1820|0xc02aaa39b223fe8d0a0e5c4f27ead9083c756cc2,0x5427fefa711eff984124bfbb1ab6fbf5e3da1820,,NATIVE,token:NATIVE,0x56ad8fe03d11786087a2e8eaeb9bf8d1a365126167655211552914cea7fc0f93_0_native_,1639402025,1639402025,1,2.08e+18,2.08,2.08,0.000000,0.000000,0.775000,tx_agg_rolling_1800s_same_asset_group_or_route,Celer
ETH,eth_flow_055c11bff68b40__r7fam00__inst00__synth_noise_src_1,0x56ad8fe03d11786087a2e8eaeb9bf8d1a365126167655211552914cea7fc0f93,0x5427fefa711eff984124bfbb1ab6fbf5e3da1820|0xc02aaa39b223fe8d0a0e5c4f27ead9083c756cc2,0x5427fefa711eff984124bfbb1ab6fbf5e3da1820,,NATIVE,token:NATIVE,0x56ad8fe03d11786087a2e8eaeb9bf8d1a365126167655211552914cea7fc0f93_0_native_,1639402025,1639402025,1,2.08e+18,2.08,2.08,0.000000,0.000000,0.775000,tx_agg_rolling_1800s_same_asset_group_or_route,Celer
ETH,eth_flow_8b18bab6992d49__r7fam00__inst01__synth_split_src,0x7258b8feab3241b8a53638bbd24801ebf3e5c63cbc22a09d19e306e04395ec34,0x5427fefa711eff984124bfbb1ab6fbf5e3da1820|0xa0215524563597be8e3683d1a183b758e29cc54e,0xa0215524563597be8e3683d1a183b758e29cc54e,0xdac17f958d2ee523a2206206994597c13d831ec7,USDT,stable:USDT,0x7258b8feab3241b8a53638bbd24801ebf3e5c63cbc22a09d19e306e04395ec34_None_USDT_0xdac17f958d2ee523a2206206994597c13d831ec7,1639320653,1639320653,1,100000000.0,100.0,100.0,4.651163,4.651163,0.800000,tx_agg_rolling_1800s_same_asset_group_or_route,Celer
ETH,eth_flow_8b18bab6992d49__r7fam00__inst01__synth_merge_src1,0x7258b8feab3241b8a53638bbd24801ebf3e5c63cbc22a09d19e306e04395ec34,0x5427fefa711eff984124bfbb1ab6fbf5e3da1820|0xa0215524563597be8e3683d1a183b758e29cc54e,0xa0215524563597be8e3683d1a183b758e29cc54e,0xdac17f958d2ee523a2206206994597c13d831ec7,USDT,stable:USDT,0x7258b8feab3241b8a53638bbd24801ebf3e5c63cbc22a09d19e306e04395ec34_None_USDT_0xdac17f958d2ee523a2206206994597c13d831ec7,1639320653,1639320653,1,50000000.0,50.0,50.0,4.651163,4.651163,0.800000,tx_agg_rolling_1800s_same_asset_group_or_route,Celer
ETH,eth_flow_8b18bab6992d49__r7fam00__inst01__synth_merge_src2,0x7258b8feab3241b8a53638bbd24801ebf3e5c63cbc22a09d19e306e04395ec34,0x5427fefa711eff984124bfbb1ab6fbf5e3da1820|0xa0215524563597be8e3683d1a183b758e29cc54e,0xa0215524563597be8e3683d1a183b758e29cc54e,0xdac17f958d2ee523a2206206994597c13d831ec7,USDT,stable:USDT,0x7258b8feab3241b8a53638bbd24801ebf3e5c63cbc22a09d19e306e04395ec34_None_USDT_0xdac17f958d2ee523a2206206994597c13d831ec7,1639320653,1639320653,1,50000000.0,50.0,50.0,4.651163,4.651163,0.800000,tx_agg_rolling_1800s_same_asset_group_or_route,Celer
ETH,eth_flow_8b18bab6992d49__r7fam00__inst01__synth_unmatched_src,0x7258b8feab3241b8a53638bbd24801ebf3e5c63cbc22a09d19e306e04395ec34,0x5427fefa711eff984124bfbb1ab6fbf5e3da1820|0xa0215524563597be8e3683d1a183b758e29cc54e,0xa0215524563597be8e3683d1a183b758e29cc54e,0xdac17f958d2ee523a2206206994597c13d831ec7,USDT,stable:USDT,0x7258b8feab3241b8a53638bbd24801ebf3e5c63cbc22a09d19e306e04395ec34_None_USDT_0xdac17f958d2ee523a2206206994597c13d831ec7,1639320653,1639320653,1,100000000.0,100.0,100.0,4.651163,4.651163,0.800000,tx_agg_rolling_1800s_same_asset_group_or_route,Celer
ETH,eth_flow_8b18bab6992d49__r7fam00__inst01__synth_noise_src_0,0x7258b8feab3241b8a53638bbd24801ebf3e5c63cbc22a09d19e306e04395ec34,0x5427fefa711eff984124bfbb1ab6fbf5e3da1820|0xa0215524563597be8e3683d1a183b758e29cc54e,0xa0215524563597be8e3683d1a183b758e29cc54e,0xdac17f958d2ee523a2206206994597c13d831ec7,USDT,stable:USDT,0x7258b8feab3241b8a53638bbd24801ebf3e5c63cbc22a09d19e306e04395ec34_None_USDT_0xdac17f958d2ee523a2206206994597c13d831ec7,1639320653,1639320653,1,100000000.0,100.0,100.0,4.651163,4.651163,0.800000,tx_agg_rolling_1800s_same_asset_group_or_route,Celer
ETH,eth_flow_8b18bab6992d49__r7fam00__inst01__synth_noise_src_1,0x7258b8feab3241b8a53638bbd24801ebf3e5c63cbc22a09d19e306e04395ec34,0x5427fefa711eff984124bfbb1ab6fbf5e3da1820|0xa0215524563597be8e3683d1a183b758e29cc54e,0xa0215524563597be8e3683d1a183b758e29cc54e,0xdac17f958d2ee523a2206206994597c13d831ec7,USDT,stable:USDT,0x7258b8feab3241b8a53638bbd24801ebf3e5c63cbc22a09d19e306e04395ec34_None_USDT_0xdac17f958d2ee523a2206206994597c13d831ec7,1639320653,1639320653,1,100000000.0,100.0,100.0,4.651163,4.651163,0.800000,tx_agg_rolling_1800s_same_asset_group_or_route,Celer
ETH,eth_flow_d6f6a8a1e85641__r7fam01__inst00__synth_split_src,0xf88ef7e000a9a2904f50af7ab6c1316f5573fcd8157e584414a34e80ef1816c5,0x27ee985d1e446ec71c277c89cd877ec4eeaa236c|0xb37d31b2a74029b5951a2778f959282e2d518595,0x27ee985d1e446ec71c277c89cd877ec4eeaa236c,0xcafe001067cdef266afb7eb5a286dcfd277f3de5,PSP,token:PSP,0xf88ef7e000a9a2904f50af7ab6c1316f5573fcd8157e584414a34e80ef1816c5_None_PSP_0xcafe001067cdef266afb7eb5a286dcfd277f3de5,1640155631,1640155631,1,2e+20,200.0,200.0,4.651163,4.651163,0.775000,tx_agg_rolling_1800s_same_asset_group_or_route,Celer
ETH,eth_flow_d6f6a8a1e85641__r7fam01__inst00__synth_merge_src1,0xf88ef7e000a9a2904f50af7ab6c1316f5573fcd8157e584414a34e80ef1816c5,0x27ee985d1e446ec71c277c89cd877ec4eeaa236c|0xb37d31b2a74029b5951a2778f959282e2d518595,0x27ee985d1e446ec71c277c89cd877ec4eeaa236c,0xcafe001067cdef266afb7eb5a286dcfd277f3de5,PSP,token:PSP,0xf88ef7e000a9a2904f50af7ab6c1316f5573fcd8157e584414a34e80ef1816c5_None_PSP_0xcafe001067cdef266afb7eb5a286dcfd277f3de5,1640155631,1640155631,1,1e+20,100.0,100.0,4.651163,4.651163,0.775000,tx_agg_rolling_1800s_same_asset_group_or_route,Celer
ETH,eth_flow_d6f6a8a1e85641__r7fam01__inst00__synth_merge_src2,0xf88ef7e000a9a2904f50af7ab6c1316f5573fcd8157e584414a34e80ef1816c5,0x27ee985d1e446ec71c277c89cd877ec4eeaa236c|0xb37d31b2a74029b5951a2778f959282e2d518595,0x27ee985d1e446ec71c277c89cd877ec4eeaa236c,0xcafe001067cdef266afb7eb5a286dcfd277f3de5,PSP,token:PSP,0xf88ef7e000a9a2904f50af7ab6c1316f5573fcd8157e584414a34e80ef1816c5_None_PSP_0xcafe001067cdef266afb7eb5a286dcfd277f3de5,1640155631,1640155631,1,1e+20,100.0,100.0,4.651163,4.651163,0.775000,tx_agg_rolling_1800s_same_asset_group_or_route,Celer
ETH,eth_flow_d6f6a8a1e85641__r7fam01__inst00__synth_unmatched_src,0xf88ef7e000a9a2904f50af7ab6c1316f5573fcd8157e584414a34e80ef1816c5,0x27ee985d1e446ec71c277c89cd877ec4eeaa236c|0xb37d31b2a74029b5951a2778f959282e2d518595,0x27ee985d1e446ec71c277c89cd877ec4eeaa236c,0xcafe001067cdef266afb7eb5a286dcfd277f3de5,PSP,token:PSP,0xf88ef7e000a9a2904f50af7ab6c1316f5573fcd8157e584414a34e80ef1816c5_None_PSP_0xcafe001067cdef266afb7eb5a286dcfd277f3de5,1640155631,1640155631,1,2e+20,200.0,200.0,4.651163,4.651163,0.775000,tx_agg_rolling_1800s_same_asset_group_or_route,Celer
ETH,eth_flow_d6f6a8a1e85641__r7fam01__inst00__synth_noise_src_0,0xf88ef7e000a9a2904f50af7ab6c1316f5573fcd8157e584414a34e80ef1816c5,0x27ee985d1e446ec71c277c89cd877ec4eeaa236c|0xb37d31b2a74029b5951a2778f959282e2d518595,0x27ee985d1e446ec71c277c89cd877ec4eeaa236c,0xcafe001067cdef266afb7eb5a286dcfd277f3de5,PSP,token:PSP,0xf88ef7e000a9a2904f50af7ab6c1316f5573fcd8157e584414a34e80ef1816c5_None_PSP_0xcafe001067cdef266afb7eb5a286dcfd277f3de5,1640155631,1640155631,1,2e+20,200.0,200.0,4.651163,4.651163,0.775000,tx_agg_rolling_1800s_same_asset_group_or_route,Celer
ETH,eth_flow_d6f6a8a1e85641__r7fam01__inst00__synth_noise_src_1,0xf88ef7e000a9a2904f50af7ab6c1316f5573fcd8157e584414a34e80ef1816c5,0x27ee985d1e446ec71c277c89cd877ec4eeaa236c|0xb37d31b2a74029b5951a2778f959282e2d518595,0x27ee985d1e446ec71c277c89cd877ec4eeaa236c,0xcafe001067cdef266afb7eb5a286dcfd277f3de5,PSP,token:PSP,0xf88ef7e000a9a2904f50af7ab6c1316f5573fcd8157e584414a34e80ef1816c5_None_PSP_0xcafe001067cdef266afb7eb5a286dcfd277f3de5,1640155631,1640155631,1,2e+20,200.0,200.0,4.651163,4.651163,0.775000,tx_agg_rolling_1800s_same_asset_group_or_route,Celer
ETH,eth_flow_f1201dbd944840__r7fam01__inst01__synth_split_src,0x6c4775a422a8e58cf3aa7f86e418be20f55a55df20bf71742c50acd7a4923578,0x5427fefa711eff984124bfbb1ab6fbf5e3da1820|0x9d71d61c92fa950b005f31151a8601f563f86f99,0x9d71d61c92fa950b005f31151a8601f563f86f99,0x4fabb145d64652a948d72533023f6e7a623c7c53,BUSD,stable:BUSD,0x6c4775a422a8e58cf3aa7f86e418be20f55a55df20bf71742c50acd7a4923578_None_BUSD_0x4fabb145d64652a948d72533023f6e7a623c7c53,1641192048,1641192048,1,5.697976087e+19,56.97976087,56.97976087,11.627907,11.627907,0.750000,tx_agg_rolling_1800s_same_asset_group_or_route,Celer
ETH,eth_flow_f1201dbd944840__r7fam01__inst01__synth_merge_src1,0x6c4775a422a8e58cf3aa7f86e418be20f55a55df20bf71742c50acd7a4923578,0x5427fefa711eff984124bfbb1ab6fbf5e3da1820|0x9d71d61c92fa950b005f31151a8601f563f86f99,0x9d71d61c92fa950b005f31151a8601f563f86f99,0x4fabb145d64652a948d72533023f6e7a623c7c53,BUSD,stable:BUSD,0x6c4775a422a8e58cf3aa7f86e418be20f55a55df20bf71742c50acd7a4923578_None_BUSD_0x4fabb145d64652a948d72533023f6e7a623c7c53,1641192048,1641192048,1,2.8489880435e+19,28.489880435,28.489880435,11.627907,11.627907,0.750000,tx_agg_rolling_1800s_same_asset_group_or_route,Celer
ETH,eth_flow_f1201dbd944840__r7fam01__inst01__synth_merge_src2,0x6c4775a422a8e58cf3aa7f86e418be20f55a55df20bf71742c50acd7a4923578,0x5427fefa711eff984124bfbb1ab6fbf5e3da1820|0x9d71d61c92fa950b005f31151a8601f563f86f99,0x9d71d61c92fa950b005f31151a8601f563f86f99,0x4fabb145d64652a948d72533023f6e7a623c7c53,BUSD,stable:BUSD,0x6c4775a422a8e58cf3aa7f86e418be20f55a55df20bf71742c50acd7a4923578_None_BUSD_0x4fabb145d64652a948d72533023f6e7a623c7c53,1641192048,1641192048,1,2.8489880435e+19,28.489880435,28.489880435,11.627907,11.627907,0.750000,tx_agg_rolling_1800s_same_asset_group_or_route,Celer
ETH,eth_flow_f1201dbd944840__r7fam01__inst01__synth_unmatched_src,0x6c4775a422a8e58cf3aa7f86e418be20f55a55df20bf71742c50acd7a4923578,0x5427fefa711eff984124bfbb1ab6fbf5e3da1820|0x9d71d61c92fa950b005f31151a8601f563f86f99,0x9d71d61c92fa950b005f31151a8601f563f86f99,0x4fabb145d64652a948d72533023f6e7a623c7c53,BUSD,stable:BUSD,0x6c4775a422a8e58cf3aa7f86e418be20f55a55df20bf71742c50acd7a4923578_None_BUSD_0x4fabb145d64652a948d72533023f6e7a623c7c53,1641192048,1641192048,1,5.697976087e+19,56.97976087,56.97976087,11.627907,11.627907,0.750000,tx_agg_rolling_1800s_same_asset_group_or_route,Celer
ETH,eth_flow_f1201dbd944840__r7fam01__inst01__synth_noise_src_0,0x6c4775a422a8e58cf3aa7f86e418be20f55a55df20bf71742c50acd7a4923578,0x5427fefa711eff984124bfbb1ab6fbf5e3da1820|0x9d71d61c92fa950b005f31151a8601f563f86f99,0x9d71d61c92fa950b005f31151a8601f563f86f99,0x4fabb145d64652a948d72533023f6e7a623c7c53,BUSD,stable:BUSD,0x6c4775a422a8e58cf3aa7f86e418be20f55a55df20bf71742c50acd7a4923578_None_BUSD_0x4fabb145d64652a948d72533023f6e7a623c7c53,1641192048,1641192048,1,5.697976087e+19,56.97976087,56.97976087,11.627907,11.627907,0.750000,tx_agg_rolling_1800s_same_asset_group_or_route,Celer
ETH,eth_flow_f1201dbd944840__r7fam01__inst01__synth_noise_src_1,0x6c4775a422a8e58cf3aa7f86e418be20f55a55df20bf71742c50acd7a4923578,0x5427fefa711eff984124bfbb1ab6fbf5e3da1820|0x9d71d61c92fa950b005f31151a8601f563f86f99,0x9d71d61c92fa950b005f31151a8601f563f86f99,0x4fabb145d64652a948d72533023f6e7a623c7c53,BUSD,stable:BUSD,0x6c4775a422a8e58cf3aa7f86e418be20f55a55df20bf71742c50acd7a4923578_None_BUSD_0x4fabb145d64652a948d72533023f6e7a623c7c53,1641192048,1641192048,1,5.697976087e+19,56.97976087,56.97976087,11.627907,11.627907,0.750000,tx_agg_rolling_1800s_same_asset_group_or_route,Celer
ETH,eth_flow_602c1daf245a4f__r7fam02__inst00__synth_split_src,0x874129d9b0e312dd5f3274d54c47733be075770812257e4d8f31d3000aeb65ed,0x3c1db884cf18055420a8a8f6834fc99de073389c|0x5427fefa711eff984124bfbb1ab6fbf5e3da1820,0x3c1db884cf18055420a8a8f6834fc99de073389c,0xa0b86991c6218b36c1d19d4a2e9eb0ce3606eb48,USDC,stable:USDC,0x874129d9b0e312dd5f3274d54c47733be075770812257e4d8f31d3000aeb65ed_None_USDC_0xa0b86991c6218b36c1d19d4a2e9eb0ce3606eb48,1640400630,1640400630,1,25000000.0,25.0,25.0,0.000000,0.000000,0.750000,tx_agg_rolling_1800s_same_asset_group_or_route,Celer
ETH,eth_flow_602c1daf245a4f__r7fam02__inst00__synth_merge_src1,0x874129d9b0e312dd5f3274d54c47733be075770812257e4d8f31d3000aeb65ed,0x3c1db884cf18055420a8a8f6834fc99de073389c|0x5427fefa711eff984124bfbb1ab6fbf5e3da1820,0x3c1db884cf18055420a8a8f6834fc99de073389c,0xa0b86991c6218b36c1d19d4a2e9eb0ce3606eb48,USDC,stable:USDC,0x874129d9b0e312dd5f3274d54c47733be075770812257e4d8f31d3000aeb65ed_None_USDC_0xa0b86991c6218b36c1d19d4a2e9eb0ce3606eb48,1640400630,1640400630,1,12500000.0,12.5,12.5,0.000000,0.000000,0.750000,tx_agg_rolling_1800s_same_asset_group_or_route,Celer
ETH,eth_flow_602c1daf245a4f__r7fam02__inst00__synth_merge_src2,0x874129d9b0e312dd5f3274d54c47733be075770812257e4d8f31d3000aeb65ed,0x3c1db884cf18055420a8a8f6834fc99de073389c|0x5427fefa711eff984124bfbb1ab6fbf5e3da1820,0x3c1db884cf18055420a8a8f6834fc99de073389c,0xa0b86991c6218b36c1d19d4a2e9eb0ce3606eb48,USDC,stable:USDC,0x874129d9b0e312dd5f3274d54c47733be075770812257e4d8f31d3000aeb65ed_None_USDC_0xa0b86991c6218b36c1d19d4a2e9eb0ce3606eb48,1640400630,1640400630,1,12500000.0,12.5,12.5,0.000000,0.000000,0.750000,tx_agg_rolling_1800s_same_asset_group_or_route,Celer
ETH,eth_flow_602c1daf245a4f__r7fam02__inst00__synth_unmatched_src,0x874129d9b0e312dd5f3274d54c47733be075770812257e4d8f31d3000aeb65ed,0x3c1db884cf18055420a8a8f6834fc99de073389c|0x5427fefa711eff984124bfbb1ab6fbf5e3da1820,0x3c1db884cf18055420a8a8f6834fc99de073389c,0xa0b86991c6218b36c1d19d4a2e9eb0ce3606eb48,USDC,stable:USDC,0x874129d9b0e312dd5f3274d54c47733be075770812257e4d8f31d3000aeb65ed_None_USDC_0xa0b86991c6218b36c1d19d4a2e9eb0ce3606eb48,1640400630,1640400630,1,25000000.0,25.0,25.0,0.000000,0.000000,0.750000,tx_agg_rolling_1800s_same_asset_group_or_route,Celer
ETH,eth_flow_602c1daf245a4f__r7fam02__inst00__synth_noise_src_0,0x874129d9b0e312dd5f3274d54c47733be075770812257e4d8f31d3000aeb65ed,0x3c1db884cf18055420a8a8f6834fc99de073389c|0x5427fefa711eff984124bfbb1ab6fbf5e3da1820,0x3c1db884cf18055420a8a8f6834fc99de073389c,0xa0b86991c6218b36c1d19d4a2e9eb0ce3606eb48,USDC,stable:USDC,0x874129d9b0e312dd5f3274d54c47733be075770812257e4d8f31d3000aeb65ed_None_USDC_0xa0b86991c6218b36c1d19d4a2e9eb0ce3606eb48,1640400630,1640400630,1,25000000.0,25.0,25.0,0.000000,0.000000,0.750000,tx_agg_rolling_1800s_same_asset_group_or_route,Celer
ETH,eth_flow_602c1daf245a4f__r7fam02__inst00__synth_noise_src_1,0x874129d9b0e312dd5f3274d54c47733be075770812257e4d8f31d3000aeb65ed,0x3c1db884cf18055420a8a8f6834fc99de073389c|0x5427fefa711eff984124bfbb1ab6fbf5e3da1820,0x3c1db884cf18055420a8a8f6834fc99de073389c,0xa0b86991c6218b36c1d19d4a2e9eb0ce3606eb48,USDC,stable:USDC,0x874129d9b0e312dd5f3274d54c47733be075770812257e4d8f31d3000aeb65ed_None_USDC_0xa0b86991c6218b36c1d19d4a2e9eb0ce3606eb48,1640400630,1640400630,1,25000000.0,25.0,25.0,0.000000,0.000000,0.750000,tx_agg_rolling_1800s_same_asset_group_or_route,Celer
ETH,eth_flow_de7ae2d1c0cd4b__r7fam02__inst01__synth_split_src,0x30976b72ef02d07b9eb590b7fb797bb221d8d4453631b38a8357bc1da76f6fb2,0x5427fefa711eff984124bfbb1ab6fbf5e3da1820|0xc02aaa39b223fe8d0a0e5c4f27ead9083c756cc2,0x5427fefa711eff984124bfbb1ab6fbf5e3da1820,,NATIVE,token:NATIVE,0x30976b72ef02d07b9eb590b7fb797bb221d8d4453631b38a8357bc1da76f6fb2_0_native_,1639061537,1639061537,1,1.4e+19,14.0,14.0,4.651163,4.651163,0.775000,tx_agg_rolling_1800s_same_asset_group_or_route,Celer
ETH,eth_flow_de7ae2d1c0cd4b__r7fam02__inst01__synth_merge_src1,0x30976b72ef02d07b9eb590b7fb797bb221d8d4453631b38a8357bc1da76f6fb2,0x5427fefa711eff984124bfbb1ab6fbf5e3da1820|0xc02aaa39b223fe8d0a0e5c4f27ead9083c756cc2,0x5427fefa711eff984124bfbb1ab6fbf5e3da1820,,NATIVE,token:NATIVE,0x30976b72ef02d07b9eb590b7fb797bb221d8d4453631b38a8357bc1da76f6fb2_0_native_,1639061537,1639061537,1,4.666666666666666e+18,4.666666666666666,4.666666666666666,4.651163,4.651163,0.775000,tx_agg_rolling_1800s_same_asset_group_or_route,Celer
ETH,eth_flow_de7ae2d1c0cd4b__r7fam02__inst01__synth_merge_src2,0x30976b72ef02d07b9eb590b7fb797bb221d8d4453631b38a8357bc1da76f6fb2,0x5427fefa711eff984124bfbb1ab6fbf5e3da1820|0xc02aaa39b223fe8d0a0e5c4f27ead9083c756cc2,0x5427fefa711eff984124bfbb1ab6fbf5e3da1820,,NATIVE,token:NATIVE,0x30976b72ef02d07b9eb590b7fb797bb221d8d4453631b38a8357bc1da76f6fb2_0_native_,1639061537,1639061537,1,4.666666666666666e+18,4.666666666666666,4.666666666666666,4.651163,4.651163,0.775000,tx_agg_rolling_1800s_same_asset_group_or_route,Celer
ETH,eth_flow_de7ae2d1c0cd4b__r7fam02__inst01__synth_merge_src3,0x30976b72ef02d07b9eb590b7fb797bb221d8d4453631b38a8357bc1da76f6fb2,0x5427fefa711eff984124bfbb1ab6fbf5e3da1820|0xc02aaa39b223fe8d0a0e5c4f27ead9083c756cc2,0x5427fefa711eff984124bfbb1ab6fbf5e3da1820,,NATIVE,token:NATIVE,0x30976b72ef02d07b9eb590b7fb797bb221d8d4453631b38a8357bc1da76f6fb2_0_native_,1639061537,1639061537,1,4.666666666666666e+18,4.666666666666666,4.666666666666666,4.651163,4.651163,0.775000,tx_agg_rolling_1800s_same_asset_group_or_route,Celer
ETH,eth_flow_de7ae2d1c0cd4b__r7fam02__inst01__synth_unmatched_src,0x30976b72ef02d07b9eb590b7fb797bb221d8d4453631b38a8357bc1da76f6fb2,0x5427fefa711eff984124bfbb1ab6fbf5e3da1820|0xc02aaa39b223fe8d0a0e5c4f27ead9083c756cc2,0x5427fefa711eff984124bfbb1ab6fbf5e3da1820,,NATIVE,token:NATIVE,0x30976b72ef02d07b9eb590b7fb797bb221d8d4453631b38a8357bc1da76f6fb2_0_native_,1639061537,1639061537,1,1.4e+19,14.0,14.0,4.651163,4.651163,0.775000,tx_agg_rolling_1800s_same_asset_group_or_route,Celer
ETH,eth_flow_de7ae2d1c0cd4b__r7fam02__inst01__synth_noise_src_0,0x30976b72ef02d07b9eb590b7fb797bb221d8d4453631b38a8357bc1da76f6fb2,0x5427fefa711eff984124bfbb1ab6fbf5e3da1820|0xc02aaa39b223fe8d0a0e5c4f27ead9083c756cc2,0x5427fefa711eff984124bfbb1ab6fbf5e3da1820,,NATIVE,token:NATIVE,0x30976b72ef02d07b9eb590b7fb797bb221d8d4453631b38a8357bc1da76f6fb2_0_native_,1639061537,1639061537,1,1.4e+19,14.0,14.0,4.651163,4.651163,0.775000,tx_agg_rolling_1800s_same_asset_group_or_route,Celer
ETH,eth_flow_de7ae2d1c0cd4b__r7fam02__inst01__synth_noise_src_1,0x30976b72ef02d07b9eb590b7fb797bb221d8d4453631b38a8357bc1da76f6fb2,0x5427fefa711eff984124bfbb1ab6fbf5e3da1820|0xc02aaa39b223fe8d0a0e5c4f27ead9083c756cc2,0x5427fefa711eff984124bfbb1ab6fbf5e3da1820,,NATIVE,token:NATIVE,0x30976b72ef02d07b9eb590b7fb797bb221d8d4453631b38a8357bc1da76f6fb2_0_native_,1639061537,1639061537,1,1.4e+19,14.0,14.0,4.651163,4.651163,0.775000,tx_agg_rolling_1800s_same_asset_group_or_route,Celer
ETH,eth_flow_43ea4e1eee4745__r7fam03__inst00__synth_split_src,0x46410ca0fa6ae4271de5971657cf3227494a576fe7e037e1e67e95766e1064c3,0x5427fefa711eff984124bfbb1ab6fbf5e3da1820|0xc02aaa39b223fe8d0a0e5c4f27ead9083c756cc2,0x5427fefa711eff984124bfbb1ab6fbf5e3da1820,,NATIVE,token:NATIVE,0x46410ca0fa6ae4271de5971657cf3227494a576fe7e037e1e67e95766e1064c3_0_native_,1639080394,1639080394,1,3.4e+18,3.4,3.4,0.000000,0.000000,0.775000,tx_agg_rolling_1800s_same_asset_group_or_route,Celer
ETH,eth_flow_43ea4e1eee4745__r7fam03__inst00__synth_merge_src1,0x46410ca0fa6ae4271de5971657cf3227494a576fe7e037e1e67e95766e1064c3,0x5427fefa711eff984124bfbb1ab6fbf5e3da1820|0xc02aaa39b223fe8d0a0e5c4f27ead9083c756cc2,0x5427fefa711eff984124bfbb1ab6fbf5e3da1820,,NATIVE,token:NATIVE,0x46410ca0fa6ae4271de5971657cf3227494a576fe7e037e1e67e95766e1064c3_0_native_,1639080394,1639080394,1,1.7e+18,1.7,1.7,0.000000,0.000000,0.775000,tx_agg_rolling_1800s_same_asset_group_or_route,Celer
ETH,eth_flow_43ea4e1eee4745__r7fam03__inst00__synth_merge_src2,0x46410ca0fa6ae4271de5971657cf3227494a576fe7e037e1e67e95766e1064c3,0x5427fefa711eff984124bfbb1ab6fbf5e3da1820|0xc02aaa39b223fe8d0a0e5c4f27ead9083c756cc2,0x5427fefa711eff984124bfbb1ab6fbf5e3da1820,,NATIVE,token:NATIVE,0x46410ca0fa6ae4271de5971657cf3227494a576fe7e037e1e67e95766e1064c3_0_native_,1639080394,1639080394,1,1.7e+18,1.7,1.7,0.000000,0.000000,0.775000,tx_agg_rolling_1800s_same_asset_group_or_route,Celer
ETH,eth_flow_43ea4e1eee4745__r7fam03__inst00__synth_unmatched_src,0x46410ca0fa6ae4271de5971657cf3227494a576fe7e037e1e67e95766e1064c3,0x5427fefa711eff984124bfbb1ab6fbf5e3da1820|0xc02aaa39b223fe8d0a0e5c4f27ead9083c756cc2,0x5427fefa711eff984124bfbb1ab6fbf5e3da1820,,NATIVE,token:NATIVE,0x46410ca0fa6ae4271de5971657cf3227494a576fe7e037e1e67e95766e1064c3_0_native_,1639080394,1639080394,1,3.4e+18,3.4,3.4,0.000000,0.000000,0.775000,tx_agg_rolling_1800s_same_asset_group_or_route,Celer
ETH,eth_flow_43ea4e1eee4745__r7fam03__inst00__synth_noise_src_0,0x46410ca0fa6ae4271de5971657cf3227494a576fe7e037e1e67e95766e1064c3,0x5427fefa711eff984124bfbb1ab6fbf5e3da1820|0xc02aaa39b223fe8d0a0e5c4f27ead9083c756cc2,0x5427fefa711eff984124bfbb1ab6fbf5e3da1820,,NATIVE,token:NATIVE,0x46410ca0fa6ae4271de5971657cf3227494a576fe7e037e1e67e95766e1064c3_0_native_,1639080394,1639080394,1,3.4e+18,3.4,3.4,0.000000,0.000000,0.775000,tx_agg_rolling_1800s_same_asset_group_or_route,Celer
ETH,eth_flow_43ea4e1eee4745__r7fam03__inst00__synth_noise_src_1,0x46410ca0fa6ae4271de5971657cf3227494a576fe7e037e1e67e95766e1064c3,0x5427fefa711eff984124bfbb1ab6fbf5e3da1820|0xc02aaa39b223fe8d0a0e5c4f27ead9083c756cc2,0x5427fefa711eff984124bfbb1ab6fbf5e3da1820,,NATIVE,token:NATIVE,0x46410ca0fa6ae4271de5971657cf3227494a576fe7e037e1e67e95766e1064c3_0_native_,1639080394,1639080394,1,3.4e+18,3.4,3.4,0.000000,0.000000,0.775000,tx_agg_rolling_1800s_same_asset_group_or_route,Celer
ETH,eth_flow_8f1b05d2d69545__r7fam03__inst01__synth_split_src,0xa87a942637228053b784a421d112c13e7e3e310b2c03c6dae9c873f02e555247,0x5427fefa711eff984124bfbb1ab6fbf5e3da1820|0xfb5da72e6fdbe0b374fe060083fd684a55a88fcb,0xfb5da72e6fdbe0b374fe060083fd684a55a88fcb,0xdac17f958d2ee523a2206206994597c13d831ec7,USDT,stable:USDT,0xa87a942637228053b784a421d112c13e7e3e310b2c03c6dae9c873f02e555247_None_USDT_0xdac17f958d2ee523a2206206994597c13d831ec7,1639320449,1639320449,1,125820404.0,125.820404,125.820404,0.000000,0.000000,0.800000,tx_agg_rolling_1800s_same_asset_group_or_route,Celer
ETH,eth_flow_8f1b05d2d69545__r7fam03__inst01__synth_merge_src1,0xa87a942637228053b784a421d112c13e7e3e310b2c03c6dae9c873f02e555247,0x5427fefa711eff984124bfbb1ab6fbf5e3da1820|0xfb5da72e6fdbe0b374fe060083fd684a55a88fcb,0xfb5da72e6fdbe0b374fe060083fd684a55a88fcb,0xdac17f958d2ee523a2206206994597c13d831ec7,USDT,stable:USDT,0xa87a942637228053b784a421d112c13e7e3e310b2c03c6dae9c873f02e555247_None_USDT_0xdac17f958d2ee523a2206206994597c13d831ec7,1639320449,1639320449,1,62910202.0,62.910202,62.910202,0.000000,0.000000,0.800000,tx_agg_rolling_1800s_same_asset_group_or_route,Celer
ETH,eth_flow_8f1b05d2d69545__r7fam03__inst01__synth_merge_src2,0xa87a942637228053b784a421d112c13e7e3e310b2c03c6dae9c873f02e555247,0x5427fefa711eff984124bfbb1ab6fbf5e3da1820|0xfb5da72e6fdbe0b374fe060083fd684a55a88fcb,0xfb5da72e6fdbe0b374fe060083fd684a55a88fcb,0xdac17f958d2ee523a2206206994597c13d831ec7,USDT,stable:USDT,0xa87a942637228053b784a421d112c13e7e3e310b2c03c6dae9c873f02e555247_None_USDT_0xdac17f958d2ee523a2206206994597c13d831ec7,1639320449,1639320449,1,62910202.0,62.910202,62.910202,0.000000,0.000000,0.800000,tx_agg_rolling_1800s_same_asset_group_or_route,Celer
ETH,eth_flow_8f1b05d2d69545__r7fam03__inst01__synth_unmatched_src,0xa87a942637228053b784a421d112c13e7e3e310b2c03c6dae9c873f02e555247,0x5427fefa711eff984124bfbb1ab6fbf5e3da1820|0xfb5da72e6fdbe0b374fe060083fd684a55a88fcb,0xfb5da72e6fdbe0b374fe060083fd684a55a88fcb,0xdac17f958d2ee523a2206206994597c13d831ec7,USDT,stable:USDT,0xa87a942637228053b784a421d112c13e7e3e310b2c03c6dae9c873f02e555247_None_USDT_0xdac17f958d2ee523a2206206994597c13d831ec7,1639320449,1639320449,1,125820404.0,125.820404,125.820404,0.000000,0.000000,0.800000,tx_agg_rolling_1800s_same_asset_group_or_route,Celer
ETH,eth_flow_8f1b05d2d69545__r7fam03__inst01__synth_noise_src_0,0xa87a942637228053b784a421d112c13e7e3e310b2c03c6dae9c873f02e555247,0x5427fefa711eff984124bfbb1ab6fbf5e3da1820|0xfb5da72e6fdbe0b374fe060083fd684a55a88fcb,0xfb5da72e6fdbe0b374fe060083fd684a55a88fcb,0xdac17f958d2ee523a2206206994597c13d831ec7,USDT,stable:USDT,0xa87a942637228053b784a421d112c13e7e3e310b2c03c6dae9c873f02e555247_None_USDT_0xdac17f958d2ee523a2206206994597c13d831ec7,1639320449,1639320449,1,125820404.0,125.820404,125.820404,0.000000,0.000000,0.800000,tx_agg_rolling_1800s_same_asset_group_or_route,Celer
ETH,eth_flow_8f1b05d2d69545__r7fam03__inst01__synth_noise_src_1,0xa87a942637228053b784a421d112c13e7e3e310b2c03c6dae9c873f02e555247,0x5427fefa711eff984124bfbb1ab6fbf5e3da1820|0xfb5da72e6fdbe0b374fe060083fd684a55a88fcb,0xfb5da72e6fdbe0b374fe060083fd684a55a88fcb,0xdac17f958d2ee523a2206206994597c13d831ec7,USDT,stable:USDT,0xa87a942637228053b784a421d112c13e7e3e310b2c03c6dae9c873f02e555247_None_USDT_0xdac17f958d2ee523a2206206994597c13d831ec7,1639320449,1639320449,1,125820404.0,125.820404,125.820404,0.000000,0.000000,0.800000,tx_agg_rolling_1800s_same_asset_group_or_route,Celer
ETH,eth_flow_3e7572f9e27849__r7fam04__inst00__synth_split_src,0x0f424747a7714dd3e0706c95efdcdb4fe7bf1e44e0b0b06b6986de30f6f47c5f,0x5427fefa711eff984124bfbb1ab6fbf5e3da1820|0xfc95a4811bea8b45bc18417b790c566a601012eb,0xfc95a4811bea8b45bc18417b790c566a601012eb,0x4fabb145d64652a948d72533023f6e7a623c7c53,BUSD,stable:BUSD,0x0f424747a7714dd3e0706c95efdcdb4fe7bf1e44e0b0b06b6986de30f6f47c5f_None_BUSD_0x4fabb145d64652a948d72533023f6e7a623c7c53,1639609946,1639609946,1,1.75e+20,175.0,175.0,11.627907,11.627907,0.775000,tx_agg_rolling_1800s_same_asset_group_or_route,Celer
ETH,eth_flow_3e7572f9e27849__r7fam04__inst00__synth_merge_src1,0x0f424747a7714dd3e0706c95efdcdb4fe7bf1e44e0b0b06b6986de30f6f47c5f,0x5427fefa711eff984124bfbb1ab6fbf5e3da1820|0xfc95a4811bea8b45bc18417b790c566a601012eb,0xfc95a4811bea8b45bc18417b790c566a601012eb,0x4fabb145d64652a948d72533023f6e7a623c7c53,BUSD,stable:BUSD,0x0f424747a7714dd3e0706c95efdcdb4fe7bf1e44e0b0b06b6986de30f6f47c5f_None_BUSD_0x4fabb145d64652a948d72533023f6e7a623c7c53,1639609946,1639609946,1,8.75e+19,87.5,87.5,11.627907,11.627907,0.775000,tx_agg_rolling_1800s_same_asset_group_or_route,Celer
ETH,eth_flow_3e7572f9e27849__r7fam04__inst00__synth_merge_src2,0x0f424747a7714dd3e0706c95efdcdb4fe7bf1e44e0b0b06b6986de30f6f47c5f,0x5427fefa711eff984124bfbb1ab6fbf5e3da1820|0xfc95a4811bea8b45bc18417b790c566a601012eb,0xfc95a4811bea8b45bc18417b790c566a601012eb,0x4fabb145d64652a948d72533023f6e7a623c7c53,BUSD,stable:BUSD,0x0f424747a7714dd3e0706c95efdcdb4fe7bf1e44e0b0b06b6986de30f6f47c5f_None_BUSD_0x4fabb145d64652a948d72533023f6e7a623c7c53,1639609946,1639609946,1,8.75e+19,87.5,87.5,11.627907,11.627907,0.775000,tx_agg_rolling_1800s_same_asset_group_or_route,Celer
ETH,eth_flow_3e7572f9e27849__r7fam04__inst00__synth_unmatched_src,0x0f424747a7714dd3e0706c95efdcdb4fe7bf1e44e0b0b06b6986de30f6f47c5f,0x5427fefa711eff984124bfbb1ab6fbf5e3da1820|0xfc95a4811bea8b45bc18417b790c566a601012eb,0xfc95a4811bea8b45bc18417b790c566a601012eb,0x4fabb145d64652a948d72533023f6e7a623c7c53,BUSD,stable:BUSD,0x0f424747a7714dd3e0706c95efdcdb4fe7bf1e44e0b0b06b6986de30f6f47c5f_None_BUSD_0x4fabb145d64652a948d72533023f6e7a623c7c53,1639609946,1639609946,1,1.75e+20,175.0,175.0,11.627907,11.627907,0.775000,tx_agg_rolling_1800s_same_asset_group_or_route,Celer
ETH,eth_flow_3e7572f9e27849__r7fam04__inst00__synth_noise_src_0,0x0f424747a7714dd3e0706c95efdcdb4fe7bf1e44e0b0b06b6986de30f6f47c5f,0x5427fefa711eff984124bfbb1ab6fbf5e3da1820|0xfc95a4811bea8b45bc18417b790c566a601012eb,0xfc95a4811bea8b45bc18417b790c566a601012eb,0x4fabb145d64652a948d72533023f6e7a623c7c53,BUSD,stable:BUSD,0x0f424747a7714dd3e0706c95efdcdb4fe7bf1e44e0b0b06b6986de30f6f47c5f_None_BUSD_0x4fabb145d64652a948d72533023f6e7a623c7c53,1639609946,1639609946,1,1.75e+20,175.0,175.0,11.627907,11.627907,0.775000,tx_agg_rolling_1800s_same_asset_group_or_route,Celer
ETH,eth_flow_3e7572f9e27849__r7fam04__inst00__synth_noise_src_1,0x0f424747a7714dd3e0706c95efdcdb4fe7bf1e44e0b0b06b6986de30f6f47c5f,0x5427fefa711eff984124bfbb1ab6fbf5e3da1820|0xfc95a4811bea8b45bc18417b790c566a601012eb,0xfc95a4811bea8b45bc18417b790c566a601012eb,0x4fabb145d64652a948d72533023f6e7a623c7c53,BUSD,stable:BUSD,0x0f424747a7714dd3e0706c95efdcdb4fe7bf1e44e0b0b06b6986de30f6f47c5f_None_BUSD_0x4fabb145d64652a948d72533023f6e7a623c7c53,1639609946,1639609946,1,1.75e+20,175.0,175.0,11.627907,11.627907,0.775000,tx_agg_rolling_1800s_same_asset_group_or_route,Celer
ETH,eth_flow_3e301acfdbe64e__r7fam04__inst01__synth_split_src,0xb3ba85690dbc47b9721143a3f97973a0dd923f104afb64aa8e0249c325f5b13b,0x5427fefa711eff984124bfbb1ab6fbf5e3da1820|0xc02aaa39b223fe8d0a0e5c4f27ead9083c756cc2,0x5427fefa711eff984124bfbb1ab6fbf5e3da1820,,NATIVE,token:NATIVE,0xb3ba85690dbc47b9721143a3f97973a0dd923f104afb64aa8e0249c325f5b13b_0_native_,1639038153,1639038153,1,6.6e+18,6.6,6.6,0.000000,0.000000,0.775000,tx_agg_rolling_1800s_same_asset_group_or_route,Celer
ETH,eth_flow_3e301acfdbe64e__r7fam04__inst01__synth_merge_src1,0xb3ba85690dbc47b9721143a3f97973a0dd923f104afb64aa8e0249c325f5b13b,0x5427fefa711eff984124bfbb1ab6fbf5e3da1820|0xc02aaa39b223fe8d0a0e5c4f27ead9083c756cc2,0x5427fefa711eff984124bfbb1ab6fbf5e3da1820,,NATIVE,token:NATIVE,0xb3ba85690dbc47b9721143a3f97973a0dd923f104afb64aa8e0249c325f5b13b_0_native_,1639038153,1639038153,1,3.3e+18,3.3,3.3,0.000000,0.000000,0.775000,tx_agg_rolling_1800s_same_asset_group_or_route,Celer
ETH,eth_flow_3e301acfdbe64e__r7fam04__inst01__synth_merge_src2,0xb3ba85690dbc47b9721143a3f97973a0dd923f104afb64aa8e0249c325f5b13b,0x5427fefa711eff984124bfbb1ab6fbf5e3da1820|0xc02aaa39b223fe8d0a0e5c4f27ead9083c756cc2,0x5427fefa711eff984124bfbb1ab6fbf5e3da1820,,NATIVE,token:NATIVE,0xb3ba85690dbc47b9721143a3f97973a0dd923f104afb64aa8e0249c325f5b13b_0_native_,1639038153,1639038153,1,3.3e+18,3.3,3.3,0.000000,0.000000,0.775000,tx_agg_rolling_1800s_same_asset_group_or_route,Celer
ETH,eth_flow_3e301acfdbe64e__r7fam04__inst01__synth_unmatched_src,0xb3ba85690dbc47b9721143a3f97973a0dd923f104afb64aa8e0249c325f5b13b,0x5427fefa711eff984124bfbb1ab6fbf5e3da1820|0xc02aaa39b223fe8d0a0e5c4f27ead9083c756cc2,0x5427fefa711eff984124bfbb1ab6fbf5e3da1820,,NATIVE,token:NATIVE,0xb3ba85690dbc47b9721143a3f97973a0dd923f104afb64aa8e0249c325f5b13b_0_native_,1639038153,1639038153,1,6.6e+18,6.6,6.6,0.000000,0.000000,0.775000,tx_agg_rolling_1800s_same_asset_group_or_route,Celer
ETH,eth_flow_3e301acfdbe64e__r7fam04__inst01__synth_noise_src_0,0xb3ba85690dbc47b9721143a3f97973a0dd923f104afb64aa8e0249c325f5b13b,0x5427fefa711eff984124bfbb1ab6fbf5e3da1820|0xc02aaa39b223fe8d0a0e5c4f27ead9083c756cc2,0x5427fefa711eff984124bfbb1ab6fbf5e3da1820,,NATIVE,token:NATIVE,0xb3ba85690dbc47b9721143a3f97973a0dd923f104afb64aa8e0249c325f5b13b_0_native_,1639038153,1639038153,1,6.6e+18,6.6,6.6,0.000000,0.000000,0.775000,tx_agg_rolling_1800s_same_asset_group_or_route,Celer
ETH,eth_flow_3e301acfdbe64e__r7fam04__inst01__synth_noise_src_1,0xb3ba85690dbc47b9721143a3f97973a0dd923f104afb64aa8e0249c325f5b13b,0x5427fefa711eff984124bfbb1ab6fbf5e3da1820|0xc02aaa39b223fe8d0a0e5c4f27ead9083c756cc2,0x5427fefa711eff984124bfbb1ab6fbf5e3da1820,,NATIVE,token:NATIVE,0xb3ba85690dbc47b9721143a3f97973a0dd923f104afb64aa8e0249c325f5b13b_0_native_,1639038153,1639038153,1,6.6e+18,6.6,6.6,0.000000,0.000000,0.775000,tx_agg_rolling_1800s_same_asset_group_or_route,Celer
ETH,eth_flow_94ae216a661040__r7fam05__inst00__synth_split_src,0x3e3cc78b9a8429553419c4095215cb43aaf291ab45614c7d6de8daa1d36ad98a,0x5427fefa711eff984124bfbb1ab6fbf5e3da1820|0xc02aaa39b223fe8d0a0e5c4f27ead9083c756cc2,0x5427fefa711eff984124bfbb1ab6fbf5e3da1820,,NATIVE,token:NATIVE,0x3e3cc78b9a8429553419c4095215cb43aaf291ab45614c7d6de8daa1d36ad98a_0_native_,1638876411,1638876411,1,3e+16,0.03,0.03,0.000000,0.000000,0.775000,tx_agg_rolling_1800s_same_asset_group_or_route,Celer
ETH,eth_flow_94ae216a661040__r7fam05__inst00__synth_merge_src1,0x3e3cc78b9a8429553419c4095215cb43aaf291ab45614c7d6de8daa1d36ad98a,0x5427fefa711eff984124bfbb1ab6fbf5e3da1820|0xc02aaa39b223fe8d0a0e5c4f27ead9083c756cc2,0x5427fefa711eff984124bfbb1ab6fbf5e3da1820,,NATIVE,token:NATIVE,0x3e3cc78b9a8429553419c4095215cb43aaf291ab45614c7d6de8daa1d36ad98a_0_native_,1638876411,1638876411,1,1.5e+16,0.015,0.015,0.000000,0.000000,0.775000,tx_agg_rolling_1800s_same_asset_group_or_route,Celer
ETH,eth_flow_94ae216a661040__r7fam05__inst00__synth_merge_src2,0x3e3cc78b9a8429553419c4095215cb43aaf291ab45614c7d6de8daa1d36ad98a,0x5427fefa711eff984124bfbb1ab6fbf5e3da1820|0xc02aaa39b223fe8d0a0e5c4f27ead9083c756cc2,0x5427fefa711eff984124bfbb1ab6fbf5e3da1820,,NATIVE,token:NATIVE,0x3e3cc78b9a8429553419c4095215cb43aaf291ab45614c7d6de8daa1d36ad98a_0_native_,1638876411,1638876411,1,1.5e+16,0.015,0.015,0.000000,0.000000,0.775000,tx_agg_rolling_1800s_same_asset_group_or_route,Celer
ETH,eth_flow_94ae216a661040__r7fam05__inst00__synth_unmatched_src,0x3e3cc78b9a8429553419c4095215cb43aaf291ab45614c7d6de8daa1d36ad98a,0x5427fefa711eff984124bfbb1ab6fbf5e3da1820|0xc02aaa39b223fe8d0a0e5c4f27ead9083c756cc2,0x5427fefa711eff984124bfbb1ab6fbf5e3da1820,,NATIVE,token:NATIVE,0x3e3cc78b9a8429553419c4095215cb43aaf291ab45614c7d6de8daa1d36ad98a_0_native_,1638876411,1638876411,1,3e+16,0.03,0.03,0.000000,0.000000,0.775000,tx_agg_rolling_1800s_same_asset_group_or_route,Celer
ETH,eth_flow_94ae216a661040__r7fam05__inst00__synth_noise_src_0,0x3e3cc78b9a8429553419c4095215cb43aaf291ab45614c7d6de8daa1d36ad98a,0x5427fefa711eff984124bfbb1ab6fbf5e3da1820|0xc02aaa39b223fe8d0a0e5c4f27ead9083c756cc2,0x5427fefa711eff984124bfbb1ab6fbf5e3da1820,,NATIVE,token:NATIVE,0x3e3cc78b9a8429553419c4095215cb43aaf291ab45614c7d6de8daa1d36ad98a_0_native_,1638876411,1638876411,1,3e+16,0.03,0.03,0.000000,0.000000,0.775000,tx_agg_rolling_1800s_same_asset_group_or_route,Celer
ETH,eth_flow_94ae216a661040__r7fam05__inst00__synth_noise_src_1,0x3e3cc78b9a8429553419c4095215cb43aaf291ab45614c7d6de8daa1d36ad98a,0x5427fefa711eff984124bfbb1ab6fbf5e3da1820|0xc02aaa39b223fe8d0a0e5c4f27ead9083c756cc2,0x5427fefa711eff984124bfbb1ab6fbf5e3da1820,,NATIVE,token:NATIVE,0x3e3cc78b9a8429553419c4095215cb43aaf291ab45614c7d6de8daa1d36ad98a_0_native_,1638876411,1638876411,1,3e+16,0.03,0.03,0.000000,0.000000,0.775000,tx_agg_rolling_1800s_same_asset_group_or_route,Celer
ETH,eth_flow_85c6d5fa6c8c43__r7fam05__inst01__synth_split_src,0xf8c55f244f59ef25a5d3c5b7290b6bc22de449b7eb6138d2597a63f34f4d02cb,0x5427fefa711eff984124bfbb1ab6fbf5e3da1820|0xc02aaa39b223fe8d0a0e5c4f27ead9083c756cc2,0x5427fefa711eff984124bfbb1ab6fbf5e3da1820,,NATIVE,token:NATIVE,0xf8c55f244f59ef25a5d3c5b7290b6bc22de449b7eb6138d2597a63f34f4d02cb_0_native_,1639241758,1639241758,1,3.2e+17,0.32,0.32,0.000000,0.000000,0.775000,tx_agg_rolling_1800s_same_asset_group_or_route,Celer
ETH,eth_flow_85c6d5fa6c8c43__r7fam05__inst01__synth_merge_src1,0xf8c55f244f59ef25a5d3c5b7290b6bc22de449b7eb6138d2597a63f34f4d02cb,0x5427fefa711eff984124bfbb1ab6fbf5e3da1820|0xc02aaa39b223fe8d0a0e5c4f27ead9083c756cc2,0x5427fefa711eff984124bfbb1ab6fbf5e3da1820,,NATIVE,token:NATIVE,0xf8c55f244f59ef25a5d3c5b7290b6bc22de449b7eb6138d2597a63f34f4d02cb_0_native_,1639241758,1639241758,1,1.6e+17,0.16,0.16,0.000000,0.000000,0.775000,tx_agg_rolling_1800s_same_asset_group_or_route,Celer
ETH,eth_flow_85c6d5fa6c8c43__r7fam05__inst01__synth_merge_src2,0xf8c55f244f59ef25a5d3c5b7290b6bc22de449b7eb6138d2597a63f34f4d02cb,0x5427fefa711eff984124bfbb1ab6fbf5e3da1820|0xc02aaa39b223fe8d0a0e5c4f27ead9083c756cc2,0x5427fefa711eff984124bfbb1ab6fbf5e3da1820,,NATIVE,token:NATIVE,0xf8c55f244f59ef25a5d3c5b7290b6bc22de449b7eb6138d2597a63f34f4d02cb_0_native_,1639241758,1639241758,1,1.6e+17,0.16,0.16,0.000000,0.000000,0.775000,tx_agg_rolling_1800s_same_asset_group_or_route,Celer
ETH,eth_flow_85c6d5fa6c8c43__r7fam05__inst01__synth_unmatched_src,0xf8c55f244f59ef25a5d3c5b7290b6bc22de449b7eb6138d2597a63f34f4d02cb,0x5427fefa711eff984124bfbb1ab6fbf5e3da1820|0xc02aaa39b223fe8d0a0e5c4f27ead9083c756cc2,0x5427fefa711eff984124bfbb1ab6fbf5e3da1820,,NATIVE,token:NATIVE,0xf8c55f244f59ef25a5d3c5b7290b6bc22de449b7eb6138d2597a63f34f4d02cb_0_native_,1639241758,1639241758,1,3.2e+17,0.32,0.32,0.000000,0.000000,0.775000,tx_agg_rolling_1800s_same_asset_group_or_route,Celer
ETH,eth_flow_85c6d5fa6c8c43__r7fam05__inst01__synth_noise_src_0,0xf8c55f244f59ef25a5d3c5b7290b6bc22de449b7eb6138d2597a63f34f4d02cb,0x5427fefa711eff984124bfbb1ab6fbf5e3da1820|0xc02aaa39b223fe8d0a0e5c4f27ead9083c756cc2,0x5427fefa711eff984124bfbb1ab6fbf5e3da1820,,NATIVE,token:NATIVE,0xf8c55f244f59ef25a5d3c5b7290b6bc22de449b7eb6138d2597a63f34f4d02cb_0_native_,1639241758,1639241758,1,3.2e+17,0.32,0.32,0.000000,0.000000,0.775000,tx_agg_rolling_1800s_same_asset_group_or_route,Celer
ETH,eth_flow_85c6d5fa6c8c43__r7fam05__inst01__synth_noise_src_1,0xf8c55f244f59ef25a5d3c5b7290b6bc22de449b7eb6138d2597a63f34f4d02cb,0x5427fefa711eff984124bfbb1ab6fbf5e3da1820|0xc02aaa39b223fe8d0a0e5c4f27ead9083c756cc2,0x5427fefa711eff984124bfbb1ab6fbf5e3da1820,,NATIVE,token:NATIVE,0xf8c55f244f59ef25a5d3c5b7290b6bc22de449b7eb6138d2597a63f34f4d02cb_0_native_,1639241758,1639241758,1,3.2e+17,0.32,0.32,0.000000,0.000000,0.775000,tx_agg_rolling_1800s_same_asset_group_or_route,Celer
ETH,eth_flow_6509a009e9954c__r7fam06__inst00__synth_split_src,0xd8edc8eb64bbf39e65972ced67cff5bdf14ff8d981368ed7af9ab7b11a47c24a,0x5427fefa711eff984124bfbb1ab6fbf5e3da1820|0x80644b96c5845b88aecd9e6b6345531ead1fabd8,0x80644b96c5845b88aecd9e6b6345531ead1fabd8,0xdac17f958d2ee523a2206206994597c13d831ec7,USDT,stable:USDT,0xd8edc8eb64bbf39e65972ced67cff5bdf14ff8d981368ed7af9ab7b11a47c24a_None_USDT_0xdac17f958d2ee523a2206206994597c13d831ec7,1639775423,1639775423,1,422362200.0,422.3622,422.3622,0.000000,0.000000,0.775000,tx_agg_rolling_1800s_same_asset_group_or_route,Celer
ETH,eth_flow_6509a009e9954c__r7fam06__inst00__synth_merge_src1,0xd8edc8eb64bbf39e65972ced67cff5bdf14ff8d981368ed7af9ab7b11a47c24a,0x5427fefa711eff984124bfbb1ab6fbf5e3da1820|0x80644b96c5845b88aecd9e6b6345531ead1fabd8,0x80644b96c5845b88aecd9e6b6345531ead1fabd8,0xdac17f958d2ee523a2206206994597c13d831ec7,USDT,stable:USDT,0xd8edc8eb64bbf39e65972ced67cff5bdf14ff8d981368ed7af9ab7b11a47c24a_None_USDT_0xdac17f958d2ee523a2206206994597c13d831ec7,1639775423,1639775423,1,211181100.0,211.1811,211.1811,0.000000,0.000000,0.775000,tx_agg_rolling_1800s_same_asset_group_or_route,Celer
ETH,eth_flow_6509a009e9954c__r7fam06__inst00__synth_merge_src2,0xd8edc8eb64bbf39e65972ced67cff5bdf14ff8d981368ed7af9ab7b11a47c24a,0x5427fefa711eff984124bfbb1ab6fbf5e3da1820|0x80644b96c5845b88aecd9e6b6345531ead1fabd8,0x80644b96c5845b88aecd9e6b6345531ead1fabd8,0xdac17f958d2ee523a2206206994597c13d831ec7,USDT,stable:USDT,0xd8edc8eb64bbf39e65972ced67cff5bdf14ff8d981368ed7af9ab7b11a47c24a_None_USDT_0xdac17f958d2ee523a2206206994597c13d831ec7,1639775423,1639775423,1,211181100.0,211.1811,211.1811,0.000000,0.000000,0.775000,tx_agg_rolling_1800s_same_asset_group_or_route,Celer
ETH,eth_flow_6509a009e9954c__r7fam06__inst00__synth_unmatched_src,0xd8edc8eb64bbf39e65972ced67cff5bdf14ff8d981368ed7af9ab7b11a47c24a,0x5427fefa711eff984124bfbb1ab6fbf5e3da1820|0x80644b96c5845b88aecd9e6b6345531ead1fabd8,0x80644b96c5845b88aecd9e6b6345531ead1fabd8,0xdac17f958d2ee523a2206206994597c13d831ec7,USDT,stable:USDT,0xd8edc8eb64bbf39e65972ced67cff5bdf14ff8d981368ed7af9ab7b11a47c24a_None_USDT_0xdac17f958d2ee523a2206206994597c13d831ec7,1639775423,1639775423,1,422362200.0,422.3622,422.3622,0.000000,0.000000,0.775000,tx_agg_rolling_1800s_same_asset_group_or_route,Celer
ETH,eth_flow_6509a009e9954c__r7fam06__inst00__synth_noise_src_0,0xd8edc8eb64bbf39e65972ced67cff5bdf14ff8d981368ed7af9ab7b11a47c24a,0x5427fefa711eff984124bfbb1ab6fbf5e3da1820|0x80644b96c5845b88aecd9e6b6345531ead1fabd8,0x80644b96c5845b88aecd9e6b6345531ead1fabd8,0xdac17f958d2ee523a2206206994597c13d831ec7,USDT,stable:USDT,0xd8edc8eb64bbf39e65972ced67cff5bdf14ff8d981368ed7af9ab7b11a47c24a_None_USDT_0xdac17f958d2ee523a2206206994597c13d831ec7,1639775423,1639775423,1,422362200.0,422.3622,422.3622,0.000000,0.000000,0.775000,tx_agg_rolling_1800s_same_asset_group_or_route,Celer
ETH,eth_flow_6509a009e9954c__r7fam06__inst00__synth_noise_src_1,0xd8edc8eb64bbf39e65972ced67cff5bdf14ff8d981368ed7af9ab7b11a47c24a,0x5427fefa711eff984124bfbb1ab6fbf5e3da1820|0x80644b96c5845b88aecd9e6b6345531ead1fabd8,0x80644b96c5845b88aecd9e6b6345531ead1fabd8,0xdac17f958d2ee523a2206206994597c13d831ec7,USDT,stable:USDT,0xd8edc8eb64bbf39e65972ced67cff5bdf14ff8d981368ed7af9ab7b11a47c24a_None_USDT_0xdac17f958d2ee523a2206206994597c13d831ec7,1639775423,1639775423,1,422362200.0,422.3622,422.3622,0.000000,0.000000,0.775000,tx_agg_rolling_1800s_same_asset_group_or_route,Celer
ETH,eth_flow_9e72022152194d__r7fam06__inst01__synth_split_src,0x453d5b4a9e6a07c1bd2acaa88cada2d53b1479962ce8313aacf76602ff7b3431,0x217494735d5bd436b000253ffebb2288e3656e2c|0x5427fefa711eff984124bfbb1ab6fbf5e3da1820,0x217494735d5bd436b000253ffebb2288e3656e2c,0xdac17f958d2ee523a2206206994597c13d831ec7,USDT,stable:USDT,0x453d5b4a9e6a07c1bd2acaa88cada2d53b1479962ce8313aacf76602ff7b3431_None_USDT_0xdac17f958d2ee523a2206206994597c13d831ec7,1640850770,1640850770,1,464981529.0,464.981529,464.981529,0.000000,0.000000,0.775000,tx_agg_rolling_1800s_same_asset_group_or_route,Celer
ETH,eth_flow_9e72022152194d__r7fam06__inst01__synth_merge_src1,0x453d5b4a9e6a07c1bd2acaa88cada2d53b1479962ce8313aacf76602ff7b3431,0x217494735d5bd436b000253ffebb2288e3656e2c|0x5427fefa711eff984124bfbb1ab6fbf5e3da1820,0x217494735d5bd436b000253ffebb2288e3656e2c,0xdac17f958d2ee523a2206206994597c13d831ec7,USDT,stable:USDT,0x453d5b4a9e6a07c1bd2acaa88cada2d53b1479962ce8313aacf76602ff7b3431_None_USDT_0xdac17f958d2ee523a2206206994597c13d831ec7,1640850770,1640850770,1,232490764.5,232.4907645,232.4907645,0.000000,0.000000,0.775000,tx_agg_rolling_1800s_same_asset_group_or_route,Celer
ETH,eth_flow_9e72022152194d__r7fam06__inst01__synth_merge_src2,0x453d5b4a9e6a07c1bd2acaa88cada2d53b1479962ce8313aacf76602ff7b3431,0x217494735d5bd436b000253ffebb2288e3656e2c|0x5427fefa711eff984124bfbb1ab6fbf5e3da1820,0x217494735d5bd436b000253ffebb2288e3656e2c,0xdac17f958d2ee523a2206206994597c13d831ec7,USDT,stable:USDT,0x453d5b4a9e6a07c1bd2acaa88cada2d53b1479962ce8313aacf76602ff7b3431_None_USDT_0xdac17f958d2ee523a2206206994597c13d831ec7,1640850770,1640850770,1,232490764.5,232.4907645,232.4907645,0.000000,0.000000,0.775000,tx_agg_rolling_1800s_same_asset_group_or_route,Celer
ETH,eth_flow_9e72022152194d__r7fam06__inst01__synth_unmatched_src,0x453d5b4a9e6a07c1bd2acaa88cada2d53b1479962ce8313aacf76602ff7b3431,0x217494735d5bd436b000253ffebb2288e3656e2c|0x5427fefa711eff984124bfbb1ab6fbf5e3da1820,0x217494735d5bd436b000253ffebb2288e3656e2c,0xdac17f958d2ee523a2206206994597c13d831ec7,USDT,stable:USDT,0x453d5b4a9e6a07c1bd2acaa88cada2d53b1479962ce8313aacf76602ff7b3431_None_USDT_0xdac17f958d2ee523a2206206994597c13d831ec7,1640850770,1640850770,1,464981529.0,464.981529,464.981529,0.000000,0.000000,0.775000,tx_agg_rolling_1800s_same_asset_group_or_route,Celer
ETH,eth_flow_9e72022152194d__r7fam06__inst01__synth_noise_src_0,0x453d5b4a9e6a07c1bd2acaa88cada2d53b1479962ce8313aacf76602ff7b3431,0x217494735d5bd436b000253ffebb2288e3656e2c|0x5427fefa711eff984124bfbb1ab6fbf5e3da1820,0x217494735d5bd436b000253ffebb2288e3656e2c,0xdac17f958d2ee523a2206206994597c13d831ec7,USDT,stable:USDT,0x453d5b4a9e6a07c1bd2acaa88cada2d53b1479962ce8313aacf76602ff7b3431_None_USDT_0xdac17f958d2ee523a2206206994597c13d831ec7,1640850770,1640850770,1,464981529.0,464.981529,464.981529,0.000000,0.000000,0.775000,tx_agg_rolling_1800s_same_asset_group_or_route,Celer
ETH,eth_flow_9e72022152194d__r7fam06__inst01__synth_noise_src_1,0x453d5b4a9e6a07c1bd2acaa88cada2d53b1479962ce8313aacf76602ff7b3431,0x217494735d5bd436b000253ffebb2288e3656e2c|0x5427fefa711eff984124bfbb1ab6fbf5e3da1820,0x217494735d5bd436b000253ffebb2288e3656e2c,0xdac17f958d2ee523a2206206994597c13d831ec7,USDT,stable:USDT,0x453d5b4a9e6a07c1bd2acaa88cada2d53b1479962ce8313aacf76602ff7b3431_None_USDT_0xdac17f958d2ee523a2206206994597c13d831ec7,1640850770,1640850770,1,464981529.0,464.981529,464.981529,0.000000,0.000000,0.775000,tx_agg_rolling_1800s_same_asset_group_or_route,Celer
ETH,eth_flow_d863aa5e5aae4c__r7fam07__inst00__synth_split_src,0xbbdb9a381bbec5e64326279376251f4eb30299cae97f721d27d3ef59d5cbb715,0x32038b665a756ce6dd534890ed8e9406fa9dd5b5|0x5427fefa711eff984124bfbb1ab6fbf5e3da1820,0x32038b665a756ce6dd534890ed8e9406fa9dd5b5,0xa0b86991c6218b36c1d19d4a2e9eb0ce3606eb48,USDC,stable:USDC,0xbbdb9a381bbec5e64326279376251f4eb30299cae97f721d27d3ef59d5cbb715_None_USDC_0xa0b86991c6218b36c1d19d4a2e9eb0ce3606eb48,1638562481,1638562481,1,619000000.0,619.0,619.0,0.000000,0.000000,0.800000,tx_agg_rolling_1800s_same_asset_group_or_route,Celer
ETH,eth_flow_d863aa5e5aae4c__r7fam07__inst00__synth_merge_src1,0xbbdb9a381bbec5e64326279376251f4eb30299cae97f721d27d3ef59d5cbb715,0x32038b665a756ce6dd534890ed8e9406fa9dd5b5|0x5427fefa711eff984124bfbb1ab6fbf5e3da1820,0x32038b665a756ce6dd534890ed8e9406fa9dd5b5,0xa0b86991c6218b36c1d19d4a2e9eb0ce3606eb48,USDC,stable:USDC,0xbbdb9a381bbec5e64326279376251f4eb30299cae97f721d27d3ef59d5cbb715_None_USDC_0xa0b86991c6218b36c1d19d4a2e9eb0ce3606eb48,1638562481,1638562481,1,309500000.0,309.5,309.5,0.000000,0.000000,0.800000,tx_agg_rolling_1800s_same_asset_group_or_route,Celer
ETH,eth_flow_d863aa5e5aae4c__r7fam07__inst00__synth_merge_src2,0xbbdb9a381bbec5e64326279376251f4eb30299cae97f721d27d3ef59d5cbb715,0x32038b665a756ce6dd534890ed8e9406fa9dd5b5|0x5427fefa711eff984124bfbb1ab6fbf5e3da1820,0x32038b665a756ce6dd534890ed8e9406fa9dd5b5,0xa0b86991c6218b36c1d19d4a2e9eb0ce3606eb48,USDC,stable:USDC,0xbbdb9a381bbec5e64326279376251f4eb30299cae97f721d27d3ef59d5cbb715_None_USDC_0xa0b86991c6218b36c1d19d4a2e9eb0ce3606eb48,1638562481,1638562481,1,309500000.0,309.5,309.5,0.000000,0.000000,0.800000,tx_agg_rolling_1800s_same_asset_group_or_route,Celer
ETH,eth_flow_d863aa5e5aae4c__r7fam07__inst00__synth_unmatched_src,0xbbdb9a381bbec5e64326279376251f4eb30299cae97f721d27d3ef59d5cbb715,0x32038b665a756ce6dd534890ed8e9406fa9dd5b5|0x5427fefa711eff984124bfbb1ab6fbf5e3da1820,0x32038b665a756ce6dd534890ed8e9406fa9dd5b5,0xa0b86991c6218b36c1d19d4a2e9eb0ce3606eb48,USDC,stable:USDC,0xbbdb9a381bbec5e64326279376251f4eb30299cae97f721d27d3ef59d5cbb715_None_USDC_0xa0b86991c6218b36c1d19d4a2e9eb0ce3606eb48,1638562481,1638562481,1,619000000.0,619.0,619.0,0.000000,0.000000,0.800000,tx_agg_rolling_1800s_same_asset_group_or_route,Celer
ETH,eth_flow_d863aa5e5aae4c__r7fam07__inst00__synth_noise_src_0,0xbbdb9a381bbec5e64326279376251f4eb30299cae97f721d27d3ef59d5cbb715,0x32038b665a756ce6dd534890ed8e9406fa9dd5b5|0x5427fefa711eff984124bfbb1ab6fbf5e3da1820,0x32038b665a756ce6dd534890ed8e9406fa9dd5b5,0xa0b86991c6218b36c1d19d4a2e9eb0ce3606eb48,USDC,stable:USDC,0xbbdb9a381bbec5e64326279376251f4eb30299cae97f721d27d3ef59d5cbb715_None_USDC_0xa0b86991c6218b36c1d19d4a2e9eb0ce3606eb48,1638562481,1638562481,1,619000000.0,619.0,619.0,0.000000,0.000000,0.800000,tx_agg_rolling_1800s_same_asset_group_or_route,Celer
ETH,eth_flow_d863aa5e5aae4c__r7fam07__inst00__synth_noise_src_1,0xbbdb9a381bbec5e64326279376251f4eb30299cae97f721d27d3ef59d5cbb715,0x32038b665a756ce6dd534890ed8e9406fa9dd5b5|0x5427fefa711eff984124bfbb1ab6fbf5e3da1820,0x32038b665a756ce6dd534890ed8e9406fa9dd5b5,0xa0b86991c6218b36c1d19d4a2e9eb0ce3606eb48,USDC,stable:USDC,0xbbdb9a381bbec5e64326279376251f4eb30299cae97f721d27d3ef59d5cbb715_None_USDC_0xa0b86991c6218b36c1d19d4a2e9eb0ce3606eb48,1638562481,1638562481,1,619000000.0,619.0,619.0,0.000000,0.000000,0.800000,tx_agg_rolling_1800s_same_asset_group_or_route,Celer
ETH,eth_flow_688fff15e8e443__r7fam07__inst01__synth_split_src,0x5ee165e7864626c01fc12f82eaf5ef1bcc16e6fbb4b8847ab017591707a9759f,0x5427fefa711eff984124bfbb1ab6fbf5e3da1820|0xb8ee7018f952a31eeffc95b5201dc93aab09fd0f,0xb8ee7018f952a31eeffc95b5201dc93aab09fd0f,0xa0b86991c6218b36c1d19d4a2e9eb0ce3606eb48,USDC,stable:USDC,0x5ee165e7864626c01fc12f82eaf5ef1bcc16e6fbb4b8847ab017591707a9759f_None_USDC_0xa0b86991c6218b36c1d19d4a2e9eb0ce3606eb48,1639370090,1639370090,1,694000000.0,694.0,694.0,0.000000,0.000000,0.800000,tx_agg_rolling_1800s_same_asset_group_or_route,Celer
ETH,eth_flow_688fff15e8e443__r7fam07__inst01__synth_merge_src1,0x5ee165e7864626c01fc12f82eaf5ef1bcc16e6fbb4b8847ab017591707a9759f,0x5427fefa711eff984124bfbb1ab6fbf5e3da1820|0xb8ee7018f952a31eeffc95b5201dc93aab09fd0f,0xb8ee7018f952a31eeffc95b5201dc93aab09fd0f,0xa0b86991c6218b36c1d19d4a2e9eb0ce3606eb48,USDC,stable:USDC,0x5ee165e7864626c01fc12f82eaf5ef1bcc16e6fbb4b8847ab017591707a9759f_None_USDC_0xa0b86991c6218b36c1d19d4a2e9eb0ce3606eb48,1639370090,1639370090,1,347000000.0,347.0,347.0,0.000000,0.000000,0.800000,tx_agg_rolling_1800s_same_asset_group_or_route,Celer
ETH,eth_flow_688fff15e8e443__r7fam07__inst01__synth_merge_src2,0x5ee165e7864626c01fc12f82eaf5ef1bcc16e6fbb4b8847ab017591707a9759f,0x5427fefa711eff984124bfbb1ab6fbf5e3da1820|0xb8ee7018f952a31eeffc95b5201dc93aab09fd0f,0xb8ee7018f952a31eeffc95b5201dc93aab09fd0f,0xa0b86991c6218b36c1d19d4a2e9eb0ce3606eb48,USDC,stable:USDC,0x5ee165e7864626c01fc12f82eaf5ef1bcc16e6fbb4b8847ab017591707a9759f_None_USDC_0xa0b86991c6218b36c1d19d4a2e9eb0ce3606eb48,1639370090,1639370090,1,347000000.0,347.0,347.0,0.000000,0.000000,0.800000,tx_agg_rolling_1800s_same_asset_group_or_route,Celer
ETH,eth_flow_688fff15e8e443__r7fam07__inst01__synth_unmatched_src,0x5ee165e7864626c01fc12f82eaf5ef1bcc16e6fbb4b8847ab017591707a9759f,0x5427fefa711eff984124bfbb1ab6fbf5e3da1820|0xb8ee7018f952a31eeffc95b5201dc93aab09fd0f,0xb8ee7018f952a31eeffc95b5201dc93aab09fd0f,0xa0b86991c6218b36c1d19d4a2e9eb0ce3606eb48,USDC,stable:USDC,0x5ee165e7864626c01fc12f82eaf5ef1bcc16e6fbb4b8847ab017591707a9759f_None_USDC_0xa0b86991c6218b36c1d19d4a2e9eb0ce3606eb48,1639370090,1639370090,1,694000000.0,694.0,694.0,0.000000,0.000000,0.800000,tx_agg_rolling_1800s_same_asset_group_or_route,Celer
ETH,eth_flow_688fff15e8e443__r7fam07__inst01__synth_noise_src_0,0x5ee165e7864626c01fc12f82eaf5ef1bcc16e6fbb4b8847ab017591707a9759f,0x5427fefa711eff984124bfbb1ab6fbf5e3da1820|0xb8ee7018f952a31eeffc95b5201dc93aab09fd0f,0xb8ee7018f952a31eeffc95b5201dc93aab09fd0f,0xa0b86991c6218b36c1d19d4a2e9eb0ce3606eb48,USDC,stable:USDC,0x5ee165e7864626c01fc12f82eaf5ef1bcc16e6fbb4b8847ab017591707a9759f_None_USDC_0xa0b86991c6218b36c1d19d4a2e9eb0ce3606eb48,1639370090,1639370090,1,694000000.0,694.0,694.0,0.000000,0.000000,0.800000,tx_agg_rolling_1800s_same_asset_group_or_route,Celer
ETH,eth_flow_688fff15e8e443__r7fam07__inst01__synth_noise_src_1,0x5ee165e7864626c01fc12f82eaf5ef1bcc16e6fbb4b8847ab017591707a9759f,0x5427fefa711eff984124bfbb1ab6fbf5e3da1820|0xb8ee7018f952a31eeffc95b5201dc93aab09fd0f,0xb8ee7018f952a31eeffc95b5201dc93aab09fd0f,0xa0b86991c6218b36c1d19d4a2e9eb0ce3606eb48,USDC,stable:USDC,0x5ee165e7864626c01fc12f82eaf5ef1bcc16e6fbb4b8847ab017591707a9759f_None_USDC_0xa0b86991c6218b36c1d19d4a2e9eb0ce3606eb48,1639370090,1639370090,1,694000000.0,694.0,694.0,0.000000,0.000000,0.800000,tx_agg_rolling_1800s_same_asset_group_or_route,Celer
ETH,eth_flow_7aed2569fac542__r7fam08__inst00__synth_split_src,0x1d78ee4a2f6b7d78195609eb193d8ed466e5b3b404cc58b420e2a19e31864106,0x5427fefa711eff984124bfbb1ab6fbf5e3da1820|0x6e1405195f55034e0bc4b113481e7af784e0af9d,0x6e1405195f55034e0bc4b113481e7af784e0af9d,0xdac17f958d2ee523a2206206994597c13d831ec7,USDT,stable:USDT,0x1d78ee4a2f6b7d78195609eb193d8ed466e5b3b404cc58b420e2a19e31864106_None_USDT_0xdac17f958d2ee523a2206206994597c13d831ec7,1641143309,1641143309,1,864000000.0,864.0,864.0,0.000000,0.000000,0.775000,tx_agg_rolling_1800s_same_asset_group_or_route,Celer
ETH,eth_flow_7aed2569fac542__r7fam08__inst00__synth_merge_src1,0x1d78ee4a2f6b7d78195609eb193d8ed466e5b3b404cc58b420e2a19e31864106,0x5427fefa711eff984124bfbb1ab6fbf5e3da1820|0x6e1405195f55034e0bc4b113481e7af784e0af9d,0x6e1405195f55034e0bc4b113481e7af784e0af9d,0xdac17f958d2ee523a2206206994597c13d831ec7,USDT,stable:USDT,0x1d78ee4a2f6b7d78195609eb193d8ed466e5b3b404cc58b420e2a19e31864106_None_USDT_0xdac17f958d2ee523a2206206994597c13d831ec7,1641143309,1641143309,1,288000000.0,288.0,288.0,0.000000,0.000000,0.775000,tx_agg_rolling_1800s_same_asset_group_or_route,Celer
ETH,eth_flow_7aed2569fac542__r7fam08__inst00__synth_merge_src2,0x1d78ee4a2f6b7d78195609eb193d8ed466e5b3b404cc58b420e2a19e31864106,0x5427fefa711eff984124bfbb1ab6fbf5e3da1820|0x6e1405195f55034e0bc4b113481e7af784e0af9d,0x6e1405195f55034e0bc4b113481e7af784e0af9d,0xdac17f958d2ee523a2206206994597c13d831ec7,USDT,stable:USDT,0x1d78ee4a2f6b7d78195609eb193d8ed466e5b3b404cc58b420e2a19e31864106_None_USDT_0xdac17f958d2ee523a2206206994597c13d831ec7,1641143309,1641143309,1,288000000.0,288.0,288.0,0.000000,0.000000,0.775000,tx_agg_rolling_1800s_same_asset_group_or_route,Celer
ETH,eth_flow_7aed2569fac542__r7fam08__inst00__synth_merge_src3,0x1d78ee4a2f6b7d78195609eb193d8ed466e5b3b404cc58b420e2a19e31864106,0x5427fefa711eff984124bfbb1ab6fbf5e3da1820|0x6e1405195f55034e0bc4b113481e7af784e0af9d,0x6e1405195f55034e0bc4b113481e7af784e0af9d,0xdac17f958d2ee523a2206206994597c13d831ec7,USDT,stable:USDT,0x1d78ee4a2f6b7d78195609eb193d8ed466e5b3b404cc58b420e2a19e31864106_None_USDT_0xdac17f958d2ee523a2206206994597c13d831ec7,1641143309,1641143309,1,288000000.0,288.0,288.0,0.000000,0.000000,0.775000,tx_agg_rolling_1800s_same_asset_group_or_route,Celer
ETH,eth_flow_7aed2569fac542__r7fam08__inst00__synth_unmatched_src,0x1d78ee4a2f6b7d78195609eb193d8ed466e5b3b404cc58b420e2a19e31864106,0x5427fefa711eff984124bfbb1ab6fbf5e3da1820|0x6e1405195f55034e0bc4b113481e7af784e0af9d,0x6e1405195f55034e0bc4b113481e7af784e0af9d,0xdac17f958d2ee523a2206206994597c13d831ec7,USDT,stable:USDT,0x1d78ee4a2f6b7d78195609eb193d8ed466e5b3b404cc58b420e2a19e31864106_None_USDT_0xdac17f958d2ee523a2206206994597c13d831ec7,1641143309,1641143309,1,864000000.0,864.0,864.0,0.000000,0.000000,0.775000,tx_agg_rolling_1800s_same_asset_group_or_route,Celer
ETH,eth_flow_7aed2569fac542__r7fam08__inst00__synth_noise_src_0,0x1d78ee4a2f6b7d78195609eb193d8ed466e5b3b404cc58b420e2a19e31864106,0x5427fefa711eff984124bfbb1ab6fbf5e3da1820|0x6e1405195f55034e0bc4b113481e7af784e0af9d,0x6e1405195f55034e0bc4b113481e7af784e0af9d,0xdac17f958d2ee523a2206206994597c13d831ec7,USDT,stable:USDT,0x1d78ee4a2f6b7d78195609eb193d8ed466e5b3b404cc58b420e2a19e31864106_None_USDT_0xdac17f958d2ee523a2206206994597c13d831ec7,1641143309,1641143309,1,864000000.0,864.0,864.0,0.000000,0.000000,0.775000,tx_agg_rolling_1800s_same_asset_group_or_route,Celer
ETH,eth_flow_7aed2569fac542__r7fam08__inst00__synth_noise_src_1,0x1d78ee4a2f6b7d78195609eb193d8ed466e5b3b404cc58b420e2a19e31864106,0x5427fefa711eff984124bfbb1ab6fbf5e3da1820|0x6e1405195f55034e0bc4b113481e7af784e0af9d,0x6e1405195f55034e0bc4b113481e7af784e0af9d,0xdac17f958d2ee523a2206206994597c13d831ec7,USDT,stable:USDT,0x1d78ee4a2f6b7d78195609eb193d8ed466e5b3b404cc58b420e2a19e31864106_None_USDT_0xdac17f958d2ee523a2206206994597c13d831ec7,1641143309,1641143309,1,864000000.0,864.0,864.0,0.000000,0.000000,0.775000,tx_agg_rolling_1800s_same_asset_group_or_route,Celer
ETH,eth_flow_ac1c7cf38bb94e__r7fam08__inst01__synth_split_src,0xa541e8759c513febd5af1314b7ca83a18dbd8bb793b46f4aac98688b7921a0dc,0x467977ca237504d38fe5a51ac283289b770e1d2a|0x5427fefa711eff984124bfbb1ab6fbf5e3da1820,0x467977ca237504d38fe5a51ac283289b770e1d2a,0xdac17f958d2ee523a2206206994597c13d831ec7,USDT,stable:USDT,0xa541e8759c513febd5af1314b7ca83a18dbd8bb793b46f4aac98688b7921a0dc_None_USDT_0xdac17f958d2ee523a2206206994597c13d831ec7,1640794149,1640794149,1,1200000000.0,1200.0,1200.0,0.000000,0.000000,0.775000,tx_agg_rolling_1800s_same_asset_group_or_route,Celer
ETH,eth_flow_ac1c7cf38bb94e__r7fam08__inst01__synth_merge_src1,0xa541e8759c513febd5af1314b7ca83a18dbd8bb793b46f4aac98688b7921a0dc,0x467977ca237504d38fe5a51ac283289b770e1d2a|0x5427fefa711eff984124bfbb1ab6fbf5e3da1820,0x467977ca237504d38fe5a51ac283289b770e1d2a,0xdac17f958d2ee523a2206206994597c13d831ec7,USDT,stable:USDT,0xa541e8759c513febd5af1314b7ca83a18dbd8bb793b46f4aac98688b7921a0dc_None_USDT_0xdac17f958d2ee523a2206206994597c13d831ec7,1640794149,1640794149,1,600000000.0,600.0,600.0,0.000000,0.000000,0.775000,tx_agg_rolling_1800s_same_asset_group_or_route,Celer
ETH,eth_flow_ac1c7cf38bb94e__r7fam08__inst01__synth_merge_src2,0xa541e8759c513febd5af1314b7ca83a18dbd8bb793b46f4aac98688b7921a0dc,0x467977ca237504d38fe5a51ac283289b770e1d2a|0x5427fefa711eff984124bfbb1ab6fbf5e3da1820,0x467977ca237504d38fe5a51ac283289b770e1d2a,0xdac17f958d2ee523a2206206994597c13d831ec7,USDT,stable:USDT,0xa541e8759c513febd5af1314b7ca83a18dbd8bb793b46f4aac98688b7921a0dc_None_USDT_0xdac17f958d2ee523a2206206994597c13d831ec7,1640794149,1640794149,1,600000000.0,600.0,600.0,0.000000,0.000000,0.775000,tx_agg_rolling_1800s_same_asset_group_or_route,Celer
ETH,eth_flow_ac1c7cf38bb94e__r7fam08__inst01__synth_unmatched_src,0xa541e8759c513febd5af1314b7ca83a18dbd8bb793b46f4aac98688b7921a0dc,0x467977ca237504d38fe5a51ac283289b770e1d2a|0x5427fefa711eff984124bfbb1ab6fbf5e3da1820,0x467977ca237504d38fe5a51ac283289b770e1d2a,0xdac17f958d2ee523a2206206994597c13d831ec7,USDT,stable:USDT,0xa541e8759c513febd5af1314b7ca83a18dbd8bb793b46f4aac98688b7921a0dc_None_USDT_0xdac17f958d2ee523a2206206994597c13d831ec7,1640794149,1640794149,1,1200000000.0,1200.0,1200.0,0.000000,0.000000,0.775000,tx_agg_rolling_1800s_same_asset_group_or_route,Celer
ETH,eth_flow_ac1c7cf38bb94e__r7fam08__inst01__synth_noise_src_0,0xa541e8759c513febd5af1314b7ca83a18dbd8bb793b46f4aac98688b7921a0dc,0x467977ca237504d38fe5a51ac283289b770e1d2a|0x5427fefa711eff984124bfbb1ab6fbf5e3da1820,0x467977ca237504d38fe5a51ac283289b770e1d2a,0xdac17f958d2ee523a2206206994597c13d831ec7,USDT,stable:USDT,0xa541e8759c513febd5af1314b7ca83a18dbd8bb793b46f4aac98688b7921a0dc_None_USDT_0xdac17f958d2ee523a2206206994597c13d831ec7,1640794149,1640794149,1,1200000000.0,1200.0,1200.0,0.000000,0.000000,0.775000,tx_agg_rolling_1800s_same_asset_group_or_route,Celer
ETH,eth_flow_ac1c7cf38bb94e__r7fam08__inst01__synth_noise_src_1,0xa541e8759c513febd5af1314b7ca83a18dbd8bb793b46f4aac98688b7921a0dc,0x467977ca237504d38fe5a51ac283289b770e1d2a|0x5427fefa711eff984124bfbb1ab6fbf5e3da1820,0x467977ca237504d38fe5a51ac283289b770e1d2a,0xdac17f958d2ee523a2206206994597c13d831ec7,USDT,stable:USDT,0xa541e8759c513febd5af1314b7ca83a18dbd8bb793b46f4aac98688b7921a0dc_None_USDT_0xdac17f958d2ee523a2206206994597c13d831ec7,1640794149,1640794149,1,1200000000.0,1200.0,1200.0,0.000000,0.000000,0.775000,tx_agg_rolling_1800s_same_asset_group_or_route,Celer
ETH,eth_flow_f7848a63a23646__r7fam09__inst00__synth_split_src,0x487499ed0c873c9a974a04e332027355c8a8f375030bd97328afdf4159c712e8,0x529deae4423a6147262ed26f8b50aa6830c23194|0x5427fefa711eff984124bfbb1ab6fbf5e3da1820,0x529deae4423a6147262ed26f8b50aa6830c23194,0x4fabb145d64652a948d72533023f6e7a623c7c53,BUSD,stable:BUSD,0x487499ed0c873c9a974a04e332027355c8a8f375030bd97328afdf4159c712e8_None_BUSD_0x4fabb145d64652a948d72533023f6e7a623c7c53,1641212371,1641212371,1,1.028930295081024e+21,1028.930295081024,1028.930295081024,16.279070,16.279070,0.750000,tx_agg_rolling_1800s_same_asset_group_or_route,Celer
ETH,eth_flow_f7848a63a23646__r7fam09__inst00__synth_merge_src1,0x487499ed0c873c9a974a04e332027355c8a8f375030bd97328afdf4159c712e8,0x529deae4423a6147262ed26f8b50aa6830c23194|0x5427fefa711eff984124bfbb1ab6fbf5e3da1820,0x529deae4423a6147262ed26f8b50aa6830c23194,0x4fabb145d64652a948d72533023f6e7a623c7c53,BUSD,stable:BUSD,0x487499ed0c873c9a974a04e332027355c8a8f375030bd97328afdf4159c712e8_None_BUSD_0x4fabb145d64652a948d72533023f6e7a623c7c53,1641212371,1641212371,1,5.14465147540512e+20,514.465147540512,514.465147540512,16.279070,16.279070,0.750000,tx_agg_rolling_1800s_same_asset_group_or_route,Celer
ETH,eth_flow_f7848a63a23646__r7fam09__inst00__synth_merge_src2,0x487499ed0c873c9a974a04e332027355c8a8f375030bd97328afdf4159c712e8,0x529deae4423a6147262ed26f8b50aa6830c23194|0x5427fefa711eff984124bfbb1ab6fbf5e3da1820,0x529deae4423a6147262ed26f8b50aa6830c23194,0x4fabb145d64652a948d72533023f6e7a623c7c53,BUSD,stable:BUSD,0x487499ed0c873c9a974a04e332027355c8a8f375030bd97328afdf4159c712e8_None_BUSD_0x4fabb145d64652a948d72533023f6e7a623c7c53,1641212371,1641212371,1,5.14465147540512e+20,514.465147540512,514.465147540512,16.279070,16.279070,0.750000,tx_agg_rolling_1800s_same_asset_group_or_route,Celer
ETH,eth_flow_f7848a63a23646__r7fam09__inst00__synth_unmatched_src,0x487499ed0c873c9a974a04e332027355c8a8f375030bd97328afdf4159c712e8,0x529deae4423a6147262ed26f8b50aa6830c23194|0x5427fefa711eff984124bfbb1ab6fbf5e3da1820,0x529deae4423a6147262ed26f8b50aa6830c23194,0x4fabb145d64652a948d72533023f6e7a623c7c53,BUSD,stable:BUSD,0x487499ed0c873c9a974a04e332027355c8a8f375030bd97328afdf4159c712e8_None_BUSD_0x4fabb145d64652a948d72533023f6e7a623c7c53,1641212371,1641212371,1,1.028930295081024e+21,1028.930295081024,1028.930295081024,16.279070,16.279070,0.750000,tx_agg_rolling_1800s_same_asset_group_or_route,Celer
ETH,eth_flow_f7848a63a23646__r7fam09__inst00__synth_noise_src_0,0x487499ed0c873c9a974a04e332027355c8a8f375030bd97328afdf4159c712e8,0x529deae4423a6147262ed26f8b50aa6830c23194|0x5427fefa711eff984124bfbb1ab6fbf5e3da1820,0x529deae4423a6147262ed26f8b50aa6830c23194,0x4fabb145d64652a948d72533023f6e7a623c7c53,BUSD,stable:BUSD,0x487499ed0c873c9a974a04e332027355c8a8f375030bd97328afdf4159c712e8_None_BUSD_0x4fabb145d64652a948d72533023f6e7a623c7c53,1641212371,1641212371,1,1.028930295081024e+21,1028.930295081024,1028.930295081024,16.279070,16.279070,0.750000,tx_agg_rolling_1800s_same_asset_group_or_route,Celer
ETH,eth_flow_f7848a63a23646__r7fam09__inst00__synth_noise_src_1,0x487499ed0c873c9a974a04e332027355c8a8f375030bd97328afdf4159c712e8,0x529deae4423a6147262ed26f8b50aa6830c23194|0x5427fefa711eff984124bfbb1ab6fbf5e3da1820,0x529deae4423a6147262ed26f8b50aa6830c23194,0x4fabb145d64652a948d72533023f6e7a623c7c53,BUSD,stable:BUSD,0x487499ed0c873c9a974a04e332027355c8a8f375030bd97328afdf4159c712e8_None_BUSD_0x4fabb145d64652a948d72533023f6e7a623c7c53,1641212371,1641212371,1,1.028930295081024e+21,1028.930295081024,1028.930295081024,16.279070,16.279070,0.750000,tx_agg_rolling_1800s_same_asset_group_or_route,Celer
ETH,eth_flow_f4d043541f1548__r7fam09__inst01__synth_split_src,0xd3586acfc340e3ca073fb4d5fafa50c80586da4db27a3da33587e81fb68d6060,0x5427fefa711eff984124bfbb1ab6fbf5e3da1820|0xaf1c48f0bdb67228886a46ebf388c81fa0cefe50,0xaf1c48f0bdb67228886a46ebf388c81fa0cefe50,0xdac17f958d2ee523a2206206994597c13d831ec7,USDT,stable:USDT,0xd3586acfc340e3ca073fb4d5fafa50c80586da4db27a3da33587e81fb68d6060_None_USDT_0xdac17f958d2ee523a2206206994597c13d831ec7,1640115472,1640115472,1,800000000.0,800.0,800.0,0.000000,0.000000,0.775000,tx_agg_rolling_1800s_same_asset_group_or_route,Celer
ETH,eth_flow_f4d043541f1548__r7fam09__inst01__synth_merge_src1,0xd3586acfc340e3ca073fb4d5fafa50c80586da4db27a3da33587e81fb68d6060,0x5427fefa711eff984124bfbb1ab6fbf5e3da1820|0xaf1c48f0bdb67228886a46ebf388c81fa0cefe50,0xaf1c48f0bdb67228886a46ebf388c81fa0cefe50,0xdac17f958d2ee523a2206206994597c13d831ec7,USDT,stable:USDT,0xd3586acfc340e3ca073fb4d5fafa50c80586da4db27a3da33587e81fb68d6060_None_USDT_0xdac17f958d2ee523a2206206994597c13d831ec7,1640115472,1640115472,1,400000000.0,400.0,400.0,0.000000,0.000000,0.775000,tx_agg_rolling_1800s_same_asset_group_or_route,Celer
ETH,eth_flow_f4d043541f1548__r7fam09__inst01__synth_merge_src2,0xd3586acfc340e3ca073fb4d5fafa50c80586da4db27a3da33587e81fb68d6060,0x5427fefa711eff984124bfbb1ab6fbf5e3da1820|0xaf1c48f0bdb67228886a46ebf388c81fa0cefe50,0xaf1c48f0bdb67228886a46ebf388c81fa0cefe50,0xdac17f958d2ee523a2206206994597c13d831ec7,USDT,stable:USDT,0xd3586acfc340e3ca073fb4d5fafa50c80586da4db27a3da33587e81fb68d6060_None_USDT_0xdac17f958d2ee523a2206206994597c13d831ec7,1640115472,1640115472,1,400000000.0,400.0,400.0,0.000000,0.000000,0.775000,tx_agg_rolling_1800s_same_asset_group_or_route,Celer
ETH,eth_flow_f4d043541f1548__r7fam09__inst01__synth_unmatched_src,0xd3586acfc340e3ca073fb4d5fafa50c80586da4db27a3da33587e81fb68d6060,0x5427fefa711eff984124bfbb1ab6fbf5e3da1820|0xaf1c48f0bdb67228886a46ebf388c81fa0cefe50,0xaf1c48f0bdb67228886a46ebf388c81fa0cefe50,0xdac17f958d2ee523a2206206994597c13d831ec7,USDT,stable:USDT,0xd3586acfc340e3ca073fb4d5fafa50c80586da4db27a3da33587e81fb68d6060_None_USDT_0xdac17f958d2ee523a2206206994597c13d831ec7,1640115472,1640115472,1,800000000.0,800.0,800.0,0.000000,0.000000,0.775000,tx_agg_rolling_1800s_same_asset_group_or_route,Celer
ETH,eth_flow_f4d043541f1548__r7fam09__inst01__synth_noise_src_0,0xd3586acfc340e3ca073fb4d5fafa50c80586da4db27a3da33587e81fb68d6060,0x5427fefa711eff984124bfbb1ab6fbf5e3da1820|0xaf1c48f0bdb67228886a46ebf388c81fa0cefe50,0xaf1c48f0bdb67228886a46ebf388c81fa0cefe50,0xdac17f958d2ee523a2206206994597c13d831ec7,USDT,stable:USDT,0xd3586acfc340e3ca073fb4d5fafa50c80586da4db27a3da33587e81fb68d6060_None_USDT_0xdac17f958d2ee523a2206206994597c13d831ec7,1640115472,1640115472,1,800000000.0,800.0,800.0,0.000000,0.000000,0.775000,tx_agg_rolling_1800s_same_asset_group_or_route,Celer
ETH,eth_flow_f4d043541f1548__r7fam09__inst01__synth_noise_src_1,0xd3586acfc340e3ca073fb4d5fafa50c80586da4db27a3da33587e81fb68d6060,0x5427fefa711eff984124bfbb1ab6fbf5e3da1820|0xaf1c48f0bdb67228886a46ebf388c81fa0cefe50,0xaf1c48f0bdb67228886a46ebf388c81fa0cefe50,0xdac17f958d2ee523a2206206994597c13d831ec7,USDT,stable:USDT,0xd3586acfc340e3ca073fb4d5fafa50c80586da4db27a3da33587e81fb68d6060_None_USDT_0xdac17f958d2ee523a2206206994597c13d831ec7,1640115472,1640115472,1,800000000.0,800.0,800.0,0.000000,0.000000,0.775000,tx_agg_rolling_1800s_same_asset_group_or_route,Celer
ETH,eth_flow_3b1dbe9d185941__r7fam10__inst00__synth_split_src,0xd0cd6155c7fb53a3cebace266adb874508661c03ccf150d9356795853570a31b,0x3c13ec303a0ee316884b3e8aeacdd670f5b43a04|0x5427fefa711eff984124bfbb1ab6fbf5e3da1820,0x3c13ec303a0ee316884b3e8aeacdd670f5b43a04,0xa0b86991c6218b36c1d19d4a2e9eb0ce3606eb48,USDC,stable:USDC,0xd0cd6155c7fb53a3cebace266adb874508661c03ccf150d9356795853570a31b_None_USDC_0xa0b86991c6218b36c1d19d4a2e9eb0ce3606eb48,1639512758,1639512758,1,1122964626.0,1122.964626,1122.964626,4.651163,4.651163,0.800000,tx_agg_rolling_1800s_same_asset_group_or_route,Celer
ETH,eth_flow_3b1dbe9d185941__r7fam10__inst00__synth_merge_src1,0xd0cd6155c7fb53a3cebace266adb874508661c03ccf150d9356795853570a31b,0x3c13ec303a0ee316884b3e8aeacdd670f5b43a04|0x5427fefa711eff984124bfbb1ab6fbf5e3da1820,0x3c13ec303a0ee316884b3e8aeacdd670f5b43a04,0xa0b86991c6218b36c1d19d4a2e9eb0ce3606eb48,USDC,stable:USDC,0xd0cd6155c7fb53a3cebace266adb874508661c03ccf150d9356795853570a31b_None_USDC_0xa0b86991c6218b36c1d19d4a2e9eb0ce3606eb48,1639512758,1639512758,1,561482313.0,561.482313,561.482313,4.651163,4.651163,0.800000,tx_agg_rolling_1800s_same_asset_group_or_route,Celer
ETH,eth_flow_3b1dbe9d185941__r7fam10__inst00__synth_merge_src2,0xd0cd6155c7fb53a3cebace266adb874508661c03ccf150d9356795853570a31b,0x3c13ec303a0ee316884b3e8aeacdd670f5b43a04|0x5427fefa711eff984124bfbb1ab6fbf5e3da1820,0x3c13ec303a0ee316884b3e8aeacdd670f5b43a04,0xa0b86991c6218b36c1d19d4a2e9eb0ce3606eb48,USDC,stable:USDC,0xd0cd6155c7fb53a3cebace266adb874508661c03ccf150d9356795853570a31b_None_USDC_0xa0b86991c6218b36c1d19d4a2e9eb0ce3606eb48,1639512758,1639512758,1,561482313.0,561.482313,561.482313,4.651163,4.651163,0.800000,tx_agg_rolling_1800s_same_asset_group_or_route,Celer
ETH,eth_flow_3b1dbe9d185941__r7fam10__inst00__synth_unmatched_src,0xd0cd6155c7fb53a3cebace266adb874508661c03ccf150d9356795853570a31b,0x3c13ec303a0ee316884b3e8aeacdd670f5b43a04|0x5427fefa711eff984124bfbb1ab6fbf5e3da1820,0x3c13ec303a0ee316884b3e8aeacdd670f5b43a04,0xa0b86991c6218b36c1d19d4a2e9eb0ce3606eb48,USDC,stable:USDC,0xd0cd6155c7fb53a3cebace266adb874508661c03ccf150d9356795853570a31b_None_USDC_0xa0b86991c6218b36c1d19d4a2e9eb0ce3606eb48,1639512758,1639512758,1,1122964626.0,1122.964626,1122.964626,4.651163,4.651163,0.800000,tx_agg_rolling_1800s_same_asset_group_or_route,Celer
ETH,eth_flow_3b1dbe9d185941__r7fam10__inst00__synth_noise_src_0,0xd0cd6155c7fb53a3cebace266adb874508661c03ccf150d9356795853570a31b,0x3c13ec303a0ee316884b3e8aeacdd670f5b43a04|0x5427fefa711eff984124bfbb1ab6fbf5e3da1820,0x3c13ec303a0ee316884b3e8aeacdd670f5b43a04,0xa0b86991c6218b36c1d19d4a2e9eb0ce3606eb48,USDC,stable:USDC,0xd0cd6155c7fb53a3cebace266adb874508661c03ccf150d9356795853570a31b_None_USDC_0xa0b86991c6218b36c1d19d4a2e9eb0ce3606eb48,1639512758,1639512758,1,1122964626.0,1122.964626,1122.964626,4.651163,4.651163,0.800000,tx_agg_rolling_1800s_same_asset_group_or_route,Celer
ETH,eth_flow_3b1dbe9d185941__r7fam10__inst00__synth_noise_src_1,0xd0cd6155c7fb53a3cebace266adb874508661c03ccf150d9356795853570a31b,0x3c13ec303a0ee316884b3e8aeacdd670f5b43a04|0x5427fefa711eff984124bfbb1ab6fbf5e3da1820,0x3c13ec303a0ee316884b3e8aeacdd670f5b43a04,0xa0b86991c6218b36c1d19d4a2e9eb0ce3606eb48,USDC,stable:USDC,0xd0cd6155c7fb53a3cebace266adb874508661c03ccf150d9356795853570a31b_None_USDC_0xa0b86991c6218b36c1d19d4a2e9eb0ce3606eb48,1639512758,1639512758,1,1122964626.0,1122.964626,1122.964626,4.651163,4.651163,0.800000,tx_agg_rolling_1800s_same_asset_group_or_route,Celer
ETH,eth_flow_8449afd6d1c94a__r7fam10__inst01__synth_split_src,0xe3b1339bc5a709438829ac14f36503a58b1326a662cda2986cfddd07399c8e63,0x2afe01529cb647a6f6cfde39b4058ff90a2da0d3|0x5427fefa711eff984124bfbb1ab6fbf5e3da1820,0x2afe01529cb647a6f6cfde39b4058ff90a2da0d3,0xdac17f958d2ee523a2206206994597c13d831ec7,USDT,stable:USDT,0xe3b1339bc5a709438829ac14f36503a58b1326a662cda2986cfddd07399c8e63_None_USDT_0xdac17f958d2ee523a2206206994597c13d831ec7,1638950929,1638950929,1,1000000000.0,1000.0,1000.0,0.000000,0.000000,0.800000,tx_agg_rolling_1800s_same_asset_group_or_route,Celer
ETH,eth_flow_8449afd6d1c94a__r7fam10__inst01__synth_merge_src1,0xe3b1339bc5a709438829ac14f36503a58b1326a662cda2986cfddd07399c8e63,0x2afe01529cb647a6f6cfde39b4058ff90a2da0d3|0x5427fefa711eff984124bfbb1ab6fbf5e3da1820,0x2afe01529cb647a6f6cfde39b4058ff90a2da0d3,0xdac17f958d2ee523a2206206994597c13d831ec7,USDT,stable:USDT,0xe3b1339bc5a709438829ac14f36503a58b1326a662cda2986cfddd07399c8e63_None_USDT_0xdac17f958d2ee523a2206206994597c13d831ec7,1638950929,1638950929,1,500000000.0,500.0,500.0,0.000000,0.000000,0.800000,tx_agg_rolling_1800s_same_asset_group_or_route,Celer
ETH,eth_flow_8449afd6d1c94a__r7fam10__inst01__synth_merge_src2,0xe3b1339bc5a709438829ac14f36503a58b1326a662cda2986cfddd07399c8e63,0x2afe01529cb647a6f6cfde39b4058ff90a2da0d3|0x5427fefa711eff984124bfbb1ab6fbf5e3da1820,0x2afe01529cb647a6f6cfde39b4058ff90a2da0d3,0xdac17f958d2ee523a2206206994597c13d831ec7,USDT,stable:USDT,0xe3b1339bc5a709438829ac14f36503a58b1326a662cda2986cfddd07399c8e63_None_USDT_0xdac17f958d2ee523a2206206994597c13d831ec7,1638950929,1638950929,1,500000000.0,500.0,500.0,0.000000,0.000000,0.800000,tx_agg_rolling_1800s_same_asset_group_or_route,Celer
ETH,eth_flow_8449afd6d1c94a__r7fam10__inst01__synth_unmatched_src,0xe3b1339bc5a709438829ac14f36503a58b1326a662cda2986cfddd07399c8e63,0x2afe01529cb647a6f6cfde39b4058ff90a2da0d3|0x5427fefa711eff984124bfbb1ab6fbf5e3da1820,0x2afe01529cb647a6f6cfde39b4058ff90a2da0d3,0xdac17f958d2ee523a2206206994597c13d831ec7,USDT,stable:USDT,0xe3b1339bc5a709438829ac14f36503a58b1326a662cda2986cfddd07399c8e63_None_USDT_0xdac17f958d2ee523a2206206994597c13d831ec7,1638950929,1638950929,1,1000000000.0,1000.0,1000.0,0.000000,0.000000,0.800000,tx_agg_rolling_1800s_same_asset_group_or_route,Celer
ETH,eth_flow_8449afd6d1c94a__r7fam10__inst01__synth_noise_src_0,0xe3b1339bc5a709438829ac14f36503a58b1326a662cda2986cfddd07399c8e63,0x2afe01529cb647a6f6cfde39b4058ff90a2da0d3|0x5427fefa711eff984124bfbb1ab6fbf5e3da1820,0x2afe01529cb647a6f6cfde39b4058ff90a2da0d3,0xdac17f958d2ee523a2206206994597c13d831ec7,USDT,stable:USDT,0xe3b1339bc5a709438829ac14f36503a58b1326a662cda2986cfddd07399c8e63_None_USDT_0xdac17f958d2ee523a2206206994597c13d831ec7,1638950929,1638950929,1,1000000000.0,1000.0,1000.0,0.000000,0.000000,0.800000,tx_agg_rolling_1800s_same_asset_group_or_route,Celer
ETH,eth_flow_8449afd6d1c94a__r7fam10__inst01__synth_noise_src_1,0xe3b1339bc5a709438829ac14f36503a58b1326a662cda2986cfddd07399c8e63,0x2afe01529cb647a6f6cfde39b4058ff90a2da0d3|0x5427fefa711eff984124bfbb1ab6fbf5e3da1820,0x2afe01529cb647a6f6cfde39b4058ff90a2da0d3,0xdac17f958d2ee523a2206206994597c13d831ec7,USDT,stable:USDT,0xe3b1339bc5a709438829ac14f36503a58b1326a662cda2986cfddd07399c8e63_None_USDT_0xdac17f958d2ee523a2206206994597c13d831ec7,1638950929,1638950929,1,1000000000.0,1000.0,1000.0,0.000000,0.000000,0.800000,tx_agg_rolling_1800s_same_asset_group_or_route,Celer
ETH,eth_flow_77ad938fd8a740__r7fam11__inst00__synth_split_src,0xc7dfc9e7a0a929c3dcb911ce71d47ee13ce82071adcee26da27b6b4073d06448,0x5427fefa711eff984124bfbb1ab6fbf5e3da1820|0xe8b7df756fede4239a9720983b77de7733e2bdc9,0xe8b7df756fede4239a9720983b77de7733e2bdc9,0xdac17f958d2ee523a2206206994597c13d831ec7,USDT,stable:USDT,0xc7dfc9e7a0a929c3dcb911ce71d47ee13ce82071adcee26da27b6b4073d06448_None_USDT_0xdac17f958d2ee523a2206206994597c13d831ec7,1640791105,1640791105,1,500000000.0,500.0,500.0,0.000000,0.000000,0.775000,tx_agg_rolling_1800s_same_asset_group_or_route,Celer
ETH,eth_flow_77ad938fd8a740__r7fam11__inst00__synth_merge_src1,0xc7dfc9e7a0a929c3dcb911ce71d47ee13ce82071adcee26da27b6b4073d06448,0x5427fefa711eff984124bfbb1ab6fbf5e3da1820|0xe8b7df756fede4239a9720983b77de7733e2bdc9,0xe8b7df756fede4239a9720983b77de7733e2bdc9,0xdac17f958d2ee523a2206206994597c13d831ec7,USDT,stable:USDT,0xc7dfc9e7a0a929c3dcb911ce71d47ee13ce82071adcee26da27b6b4073d06448_None_USDT_0xdac17f958d2ee523a2206206994597c13d831ec7,1640791105,1640791105,1,250000000.0,250.0,250.0,0.000000,0.000000,0.775000,tx_agg_rolling_1800s_same_asset_group_or_route,Celer
ETH,eth_flow_77ad938fd8a740__r7fam11__inst00__synth_merge_src2,0xc7dfc9e7a0a929c3dcb911ce71d47ee13ce82071adcee26da27b6b4073d06448,0x5427fefa711eff984124bfbb1ab6fbf5e3da1820|0xe8b7df756fede4239a9720983b77de7733e2bdc9,0xe8b7df756fede4239a9720983b77de7733e2bdc9,0xdac17f958d2ee523a2206206994597c13d831ec7,USDT,stable:USDT,0xc7dfc9e7a0a929c3dcb911ce71d47ee13ce82071adcee26da27b6b4073d06448_None_USDT_0xdac17f958d2ee523a2206206994597c13d831ec7,1640791105,1640791105,1,250000000.0,250.0,250.0,0.000000,0.000000,0.775000,tx_agg_rolling_1800s_same_asset_group_or_route,Celer
ETH,eth_flow_77ad938fd8a740__r7fam11__inst00__synth_unmatched_src,0xc7dfc9e7a0a929c3dcb911ce71d47ee13ce82071adcee26da27b6b4073d06448,0x5427fefa711eff984124bfbb1ab6fbf5e3da1820|0xe8b7df756fede4239a9720983b77de7733e2bdc9,0xe8b7df756fede4239a9720983b77de7733e2bdc9,0xdac17f958d2ee523a2206206994597c13d831ec7,USDT,stable:USDT,0xc7dfc9e7a0a929c3dcb911ce71d47ee13ce82071adcee26da27b6b4073d06448_None_USDT_0xdac17f958d2ee523a2206206994597c13d831ec7,1640791105,1640791105,1,500000000.0,500.0,500.0,0.000000,0.000000,0.775000,tx_agg_rolling_1800s_same_asset_group_or_route,Celer
ETH,eth_flow_77ad938fd8a740__r7fam11__inst00__synth_noise_src_0,0xc7dfc9e7a0a929c3dcb911ce71d47ee13ce82071adcee26da27b6b4073d06448,0x5427fefa711eff984124bfbb1ab6fbf5e3da1820|0xe8b7df756fede4239a9720983b77de7733e2bdc9,0xe8b7df756fede4239a9720983b77de7733e2bdc9,0xdac17f958d2ee523a2206206994597c13d831ec7,USDT,stable:USDT,0xc7dfc9e7a0a929c3dcb911ce71d47ee13ce82071adcee26da27b6b4073d06448_None_USDT_0xdac17f958d2ee523a2206206994597c13d831ec7,1640791105,1640791105,1,500000000.0,500.0,500.0,0.000000,0.000000,0.775000,tx_agg_rolling_1800s_same_asset_group_or_route,Celer
ETH,eth_flow_77ad938fd8a740__r7fam11__inst00__synth_noise_src_1,0xc7dfc9e7a0a929c3dcb911ce71d47ee13ce82071adcee26da27b6b4073d06448,0x5427fefa711eff984124bfbb1ab6fbf5e3da1820|0xe8b7df756fede4239a9720983b77de7733e2bdc9,0xe8b7df756fede4239a9720983b77de7733e2bdc9,0xdac17f958d2ee523a2206206994597c13d831ec7,USDT,stable:USDT,0xc7dfc9e7a0a929c3dcb911ce71d47ee13ce82071adcee26da27b6b4073d06448_None_USDT_0xdac17f958d2ee523a2206206994597c13d831ec7,1640791105,1640791105,1,500000000.0,500.0,500.0,0.000000,0.000000,0.775000,tx_agg_rolling_1800s_same_asset_group_or_route,Celer
ETH,eth_flow_96eeb1ebc4784e__r7fam11__inst01__synth_split_src,0xbe2941eb3b6539b0c60e8d6c7d60be158cd3e98dff7229af03e92010a4097e6e,0x5427fefa711eff984124bfbb1ab6fbf5e3da1820|0xcb254c4f9224d4c906a47453e76f801de8709e96,0xcb254c4f9224d4c906a47453e76f801de8709e96,0xa0b86991c6218b36c1d19d4a2e9eb0ce3606eb48,USDC,stable:USDC,0xbe2941eb3b6539b0c60e8d6c7d60be158cd3e98dff7229af03e92010a4097e6e_None_USDC_0xa0b86991c6218b36c1d19d4a2e9eb0ce3606eb48,1640546350,1640546350,1,500000000.0,500.0,500.0,0.000000,0.000000,0.775000,tx_agg_rolling_1800s_same_asset_group_or_route,Celer
ETH,eth_flow_96eeb1ebc4784e__r7fam11__inst01__synth_merge_src1,0xbe2941eb3b6539b0c60e8d6c7d60be158cd3e98dff7229af03e92010a4097e6e,0x5427fefa711eff984124bfbb1ab6fbf5e3da1820|0xcb254c4f9224d4c906a47453e76f801de8709e96,0xcb254c4f9224d4c906a47453e76f801de8709e96,0xa0b86991c6218b36c1d19d4a2e9eb0ce3606eb48,USDC,stable:USDC,0xbe2941eb3b6539b0c60e8d6c7d60be158cd3e98dff7229af03e92010a4097e6e_None_USDC_0xa0b86991c6218b36c1d19d4a2e9eb0ce3606eb48,1640546350,1640546350,1,250000000.0,250.0,250.0,0.000000,0.000000,0.775000,tx_agg_rolling_1800s_same_asset_group_or_route,Celer
ETH,eth_flow_96eeb1ebc4784e__r7fam11__inst01__synth_merge_src2,0xbe2941eb3b6539b0c60e8d6c7d60be158cd3e98dff7229af03e92010a4097e6e,0x5427fefa711eff984124bfbb1ab6fbf5e3da1820|0xcb254c4f9224d4c906a47453e76f801de8709e96,0xcb254c4f9224d4c906a47453e76f801de8709e96,0xa0b86991c6218b36c1d19d4a2e9eb0ce3606eb48,USDC,stable:USDC,0xbe2941eb3b6539b0c60e8d6c7d60be158cd3e98dff7229af03e92010a4097e6e_None_USDC_0xa0b86991c6218b36c1d19d4a2e9eb0ce3606eb48,1640546350,1640546350,1,250000000.0,250.0,250.0,0.000000,0.000000,0.775000,tx_agg_rolling_1800s_same_asset_group_or_route,Celer
ETH,eth_flow_96eeb1ebc4784e__r7fam11__inst01__synth_unmatched_src,0xbe2941eb3b6539b0c60e8d6c7d60be158cd3e98dff7229af03e92010a4097e6e,0x5427fefa711eff984124bfbb1ab6fbf5e3da1820|0xcb254c4f9224d4c906a47453e76f801de8709e96,0xcb254c4f9224d4c906a47453e76f801de8709e96,0xa0b86991c6218b36c1d19d4a2e9eb0ce3606eb48,USDC,stable:USDC,0xbe2941eb3b6539b0c60e8d6c7d60be158cd3e98dff7229af03e92010a4097e6e_None_USDC_0xa0b86991c6218b36c1d19d4a2e9eb0ce3606eb48,1640546350,1640546350,1,500000000.0,500.0,500.0,0.000000,0.000000,0.775000,tx_agg_rolling_1800s_same_asset_group_or_route,Celer
ETH,eth_flow_96eeb1ebc4784e__r7fam11__inst01__synth_noise_src_0,0xbe2941eb3b6539b0c60e8d6c7d60be158cd3e98dff7229af03e92010a4097e6e,0x5427fefa711eff984124bfbb1ab6fbf5e3da1820|0xcb254c4f9224d4c906a47453e76f801de8709e96,0xcb254c4f9224d4c906a47453e76f801de8709e96,0xa0b86991c6218b36c1d19d4a2e9eb0ce3606eb48,USDC,stable:USDC,0xbe2941eb3b6539b0c60e8d6c7d60be158cd3e98dff7229af03e92010a4097e6e_None_USDC_0xa0b86991c6218b36c1d19d4a2e9eb0ce3606eb48,1640546350,1640546350,1,500000000.0,500.0,500.0,0.000000,0.000000,0.775000,tx_agg_rolling_1800s_same_asset_group_or_route,Celer
ETH,eth_flow_96eeb1ebc4784e__r7fam11__inst01__synth_noise_src_1,0xbe2941eb3b6539b0c60e8d6c7d60be158cd3e98dff7229af03e92010a4097e6e,0x5427fefa711eff984124bfbb1ab6fbf5e3da1820|0xcb254c4f9224d4c906a47453e76f801de8709e96,0xcb254c4f9224d4c906a47453e76f801de8709e96,0xa0b86991c6218b36c1d19d4a2e9eb0ce3606eb48,USDC,stable:USDC,0xbe2941eb3b6539b0c60e8d6c7d60be158cd3e98dff7229af03e92010a4097e6e_None_USDC_0xa0b86991c6218b36c1d19d4a2e9eb0ce3606eb48,1640546350,1640546350,1,500000000.0,500.0,500.0,0.000000,0.000000,0.775000,tx_agg_rolling_1800s_same_asset_group_or_route,Celer
ETH,eth_flow_5719736ab77340__r7fam12__inst00__synth_split_src,0x8fa4d01fa7ddfee217a7477228d2f73be94db75ac12e3fe2d60a181a1009ff8b,0x5427fefa711eff984124bfbb1ab6fbf5e3da1820|0x6b36be4cd1d1e3d7aff4954f662a5418356672ed,0x6b36be4cd1d1e3d7aff4954f662a5418356672ed,0xa0b86991c6218b36c1d19d4a2e9eb0ce3606eb48,USDC,stable:USDC,0x8fa4d01fa7ddfee217a7477228d2f73be94db75ac12e3fe2d60a181a1009ff8b_None_USDC_0xa0b86991c6218b36c1d19d4a2e9eb0ce3606eb48,1640110149,1640110149,1,2373085848.0,2373.085848,2373.085848,16.279070,16.279070,0.775000,tx_agg_rolling_1800s_same_asset_group_or_route,Celer
ETH,eth_flow_5719736ab77340__r7fam12__inst00__synth_merge_src1,0x8fa4d01fa7ddfee217a7477228d2f73be94db75ac12e3fe2d60a181a1009ff8b,0x5427fefa711eff984124bfbb1ab6fbf5e3da1820|0x6b36be4cd1d1e3d7aff4954f662a5418356672ed,0x6b36be4cd1d1e3d7aff4954f662a5418356672ed,0xa0b86991c6218b36c1d19d4a2e9eb0ce3606eb48,USDC,stable:USDC,0x8fa4d01fa7ddfee217a7477228d2f73be94db75ac12e3fe2d60a181a1009ff8b_None_USDC_0xa0b86991c6218b36c1d19d4a2e9eb0ce3606eb48,1640110149,1640110149,1,1186542924.0,1186.542924,1186.542924,16.279070,16.279070,0.775000,tx_agg_rolling_1800s_same_asset_group_or_route,Celer
ETH,eth_flow_5719736ab77340__r7fam12__inst00__synth_merge_src2,0x8fa4d01fa7ddfee217a7477228d2f73be94db75ac12e3fe2d60a181a1009ff8b,0x5427fefa711eff984124bfbb1ab6fbf5e3da1820|0x6b36be4cd1d1e3d7aff4954f662a5418356672ed,0x6b36be4cd1d1e3d7aff4954f662a5418356672ed,0xa0b86991c6218b36c1d19d4a2e9eb0ce3606eb48,USDC,stable:USDC,0x8fa4d01fa7ddfee217a7477228d2f73be94db75ac12e3fe2d60a181a1009ff8b_None_USDC_0xa0b86991c6218b36c1d19d4a2e9eb0ce3606eb48,1640110149,1640110149,1,1186542924.0,1186.542924,1186.542924,16.279070,16.279070,0.775000,tx_agg_rolling_1800s_same_asset_group_or_route,Celer
ETH,eth_flow_5719736ab77340__r7fam12__inst00__synth_unmatched_src,0x8fa4d01fa7ddfee217a7477228d2f73be94db75ac12e3fe2d60a181a1009ff8b,0x5427fefa711eff984124bfbb1ab6fbf5e3da1820|0x6b36be4cd1d1e3d7aff4954f662a5418356672ed,0x6b36be4cd1d1e3d7aff4954f662a5418356672ed,0xa0b86991c6218b36c1d19d4a2e9eb0ce3606eb48,USDC,stable:USDC,0x8fa4d01fa7ddfee217a7477228d2f73be94db75ac12e3fe2d60a181a1009ff8b_None_USDC_0xa0b86991c6218b36c1d19d4a2e9eb0ce3606eb48,1640110149,1640110149,1,2373085848.0,2373.085848,2373.085848,16.279070,16.279070,0.775000,tx_agg_rolling_1800s_same_asset_group_or_route,Celer
ETH,eth_flow_5719736ab77340__r7fam12__inst00__synth_noise_src_0,0x8fa4d01fa7ddfee217a7477228d2f73be94db75ac12e3fe2d60a181a1009ff8b,0x5427fefa711eff984124bfbb1ab6fbf5e3da1820|0x6b36be4cd1d1e3d7aff4954f662a5418356672ed,0x6b36be4cd1d1e3d7aff4954f662a5418356672ed,0xa0b86991c6218b36c1d19d4a2e9eb0ce3606eb48,USDC,stable:USDC,0x8fa4d01fa7ddfee217a7477228d2f73be94db75ac12e3fe2d60a181a1009ff8b_None_USDC_0xa0b86991c6218b36c1d19d4a2e9eb0ce3606eb48,1640110149,1640110149,1,2373085848.0,2373.085848,2373.085848,16.279070,16.279070,0.775000,tx_agg_rolling_1800s_same_asset_group_or_route,Celer
ETH,eth_flow_5719736ab77340__r7fam12__inst00__synth_noise_src_1,0x8fa4d01fa7ddfee217a7477228d2f73be94db75ac12e3fe2d60a181a1009ff8b,0x5427fefa711eff984124bfbb1ab6fbf5e3da1820|0x6b36be4cd1d1e3d7aff4954f662a5418356672ed,0x6b36be4cd1d1e3d7aff4954f662a5418356672ed,0xa0b86991c6218b36c1d19d4a2e9eb0ce3606eb48,USDC,stable:USDC,0x8fa4d01fa7ddfee217a7477228d2f73be94db75ac12e3fe2d60a181a1009ff8b_None_USDC_0xa0b86991c6218b36c1d19d4a2e9eb0ce3606eb48,1640110149,1640110149,1,2373085848.0,2373.085848,2373.085848,16.279070,16.279070,0.775000,tx_agg_rolling_1800s_same_asset_group_or_route,Celer
ETH,eth_flow_2a0a8bfe6b7e46__r7fam12__inst01__synth_split_src,0x6314610024e035b86237fb90c59b5bd675fce989ea6ef642947ab29919cd39ea,0x50693e63a0abb825b1ba99564954d45b6e45a632|0x5427fefa711eff984124bfbb1ab6fbf5e3da1820,0x50693e63a0abb825b1ba99564954d45b6e45a632,0xdac17f958d2ee523a2206206994597c13d831ec7,USDT,stable:USDT,0x6314610024e035b86237fb90c59b5bd675fce989ea6ef642947ab29919cd39ea_None_USDT_0xdac17f958d2ee523a2206206994597c13d831ec7,1638516813,1638516813,1,4290496616.0,4290.496616,4290.496616,4.651163,4.651163,0.800000,tx_agg_rolling_1800s_same_asset_group_or_route,Celer
ETH,eth_flow_2a0a8bfe6b7e46__r7fam12__inst01__synth_merge_src1,0x6314610024e035b86237fb90c59b5bd675fce989ea6ef642947ab29919cd39ea,0x50693e63a0abb825b1ba99564954d45b6e45a632|0x5427fefa711eff984124bfbb1ab6fbf5e3da1820,0x50693e63a0abb825b1ba99564954d45b6e45a632,0xdac17f958d2ee523a2206206994597c13d831ec7,USDT,stable:USDT,0x6314610024e035b86237fb90c59b5bd675fce989ea6ef642947ab29919cd39ea_None_USDT_0xdac17f958d2ee523a2206206994597c13d831ec7,1638516813,1638516813,1,2145248308.0,2145.248308,2145.248308,4.651163,4.651163,0.800000,tx_agg_rolling_1800s_same_asset_group_or_route,Celer
ETH,eth_flow_2a0a8bfe6b7e46__r7fam12__inst01__synth_merge_src2,0x6314610024e035b86237fb90c59b5bd675fce989ea6ef642947ab29919cd39ea,0x50693e63a0abb825b1ba99564954d45b6e45a632|0x5427fefa711eff984124bfbb1ab6fbf5e3da1820,0x50693e63a0abb825b1ba99564954d45b6e45a632,0xdac17f958d2ee523a2206206994597c13d831ec7,USDT,stable:USDT,0x6314610024e035b86237fb90c59b5bd675fce989ea6ef642947ab29919cd39ea_None_USDT_0xdac17f958d2ee523a2206206994597c13d831ec7,1638516813,1638516813,1,2145248308.0,2145.248308,2145.248308,4.651163,4.651163,0.800000,tx_agg_rolling_1800s_same_asset_group_or_route,Celer
ETH,eth_flow_2a0a8bfe6b7e46__r7fam12__inst01__synth_unmatched_src,0x6314610024e035b86237fb90c59b5bd675fce989ea6ef642947ab29919cd39ea,0x50693e63a0abb825b1ba99564954d45b6e45a632|0x5427fefa711eff984124bfbb1ab6fbf5e3da1820,0x50693e63a0abb825b1ba99564954d45b6e45a632,0xdac17f958d2ee523a2206206994597c13d831ec7,USDT,stable:USDT,0x6314610024e035b86237fb90c59b5bd675fce989ea6ef642947ab29919cd39ea_None_USDT_0xdac17f958d2ee523a2206206994597c13d831ec7,1638516813,1638516813,1,4290496616.0,4290.496616,4290.496616,4.651163,4.651163,0.800000,tx_agg_rolling_1800s_same_asset_group_or_route,Celer
ETH,eth_flow_2a0a8bfe6b7e46__r7fam12__inst01__synth_noise_src_0,0x6314610024e035b86237fb90c59b5bd675fce989ea6ef642947ab29919cd39ea,0x50693e63a0abb825b1ba99564954d45b6e45a632|0x5427fefa711eff984124bfbb1ab6fbf5e3da1820,0x50693e63a0abb825b1ba99564954d45b6e45a632,0xdac17f958d2ee523a2206206994597c13d831ec7,USDT,stable:USDT,0x6314610024e035b86237fb90c59b5bd675fce989ea6ef642947ab29919cd39ea_None_USDT_0xdac17f958d2ee523a2206206994597c13d831ec7,1638516813,1638516813,1,4290496616.0,4290.496616,4290.496616,4.651163,4.651163,0.800000,tx_agg_rolling_1800s_same_asset_group_or_route,Celer
ETH,eth_flow_2a0a8bfe6b7e46__r7fam12__inst01__synth_noise_src_1,0x6314610024e035b86237fb90c59b5bd675fce989ea6ef642947ab29919cd39ea,0x50693e63a0abb825b1ba99564954d45b6e45a632|0x5427fefa711eff984124bfbb1ab6fbf5e3da1820,0x50693e63a0abb825b1ba99564954d45b6e45a632,0xdac17f958d2ee523a2206206994597c13d831ec7,USDT,stable:USDT,0x6314610024e035b86237fb90c59b5bd675fce989ea6ef642947ab29919cd39ea_None_USDT_0xdac17f958d2ee523a2206206994597c13d831ec7,1638516813,1638516813,1,4290496616.0,4290.496616,4290.496616,4.651163,4.651163,0.800000,tx_agg_rolling_1800s_same_asset_group_or_route,Celer
ETH,eth_flow_49ba2d7f8d164b__r7fam13__inst00__synth_split_src,0x136c34e3aacf6f3bd7b671e03f222725644d8491171ce89a71cc95b764944a1d,0x5427fefa711eff984124bfbb1ab6fbf5e3da1820|0xb82555d825733018fba55b5cd5ca340f2f8a8a10,0xb82555d825733018fba55b5cd5ca340f2f8a8a10,0xa0b86991c6218b36c1d19d4a2e9eb0ce3606eb48,USDC,stable:USDC,0x136c34e3aacf6f3bd7b671e03f222725644d8491171ce89a71cc95b764944a1d_None_USDC_0xa0b86991c6218b36c1d19d4a2e9eb0ce3606eb48,1639280839,1639280839,1,2996093351.0,2996.093351,2996.093351,0.000000,0.000000,0.800000,tx_agg_rolling_1800s_same_asset_group_or_route,Celer
ETH,eth_flow_49ba2d7f8d164b__r7fam13__inst00__synth_merge_src1,0x136c34e3aacf6f3bd7b671e03f222725644d8491171ce89a71cc95b764944a1d,0x5427fefa711eff984124bfbb1ab6fbf5e3da1820|0xb82555d825733018fba55b5cd5ca340f2f8a8a10,0xb82555d825733018fba55b5cd5ca340f2f8a8a10,0xa0b86991c6218b36c1d19d4a2e9eb0ce3606eb48,USDC,stable:USDC,0x136c34e3aacf6f3bd7b671e03f222725644d8491171ce89a71cc95b764944a1d_None_USDC_0xa0b86991c6218b36c1d19d4a2e9eb0ce3606eb48,1639280839,1639280839,1,1498046675.5,1498.0466755,1498.0466755,0.000000,0.000000,0.800000,tx_agg_rolling_1800s_same_asset_group_or_route,Celer
ETH,eth_flow_49ba2d7f8d164b__r7fam13__inst00__synth_merge_src2,0x136c34e3aacf6f3bd7b671e03f222725644d8491171ce89a71cc95b764944a1d,0x5427fefa711eff984124bfbb1ab6fbf5e3da1820|0xb82555d825733018fba55b5cd5ca340f2f8a8a10,0xb82555d825733018fba55b5cd5ca340f2f8a8a10,0xa0b86991c6218b36c1d19d4a2e9eb0ce3606eb48,USDC,stable:USDC,0x136c34e3aacf6f3bd7b671e03f222725644d8491171ce89a71cc95b764944a1d_None_USDC_0xa0b86991c6218b36c1d19d4a2e9eb0ce3606eb48,1639280839,1639280839,1,1498046675.5,1498.0466755,1498.0466755,0.000000,0.000000,0.800000,tx_agg_rolling_1800s_same_asset_group_or_route,Celer
ETH,eth_flow_49ba2d7f8d164b__r7fam13__inst00__synth_unmatched_src,0x136c34e3aacf6f3bd7b671e03f222725644d8491171ce89a71cc95b764944a1d,0x5427fefa711eff984124bfbb1ab6fbf5e3da1820|0xb82555d825733018fba55b5cd5ca340f2f8a8a10,0xb82555d825733018fba55b5cd5ca340f2f8a8a10,0xa0b86991c6218b36c1d19d4a2e9eb0ce3606eb48,USDC,stable:USDC,0x136c34e3aacf6f3bd7b671e03f222725644d8491171ce89a71cc95b764944a1d_None_USDC_0xa0b86991c6218b36c1d19d4a2e9eb0ce3606eb48,1639280839,1639280839,1,2996093351.0,2996.093351,2996.093351,0.000000,0.000000,0.800000,tx_agg_rolling_1800s_same_asset_group_or_route,Celer
ETH,eth_flow_49ba2d7f8d164b__r7fam13__inst00__synth_noise_src_0,0x136c34e3aacf6f3bd7b671e03f222725644d8491171ce89a71cc95b764944a1d,0x5427fefa711eff984124bfbb1ab6fbf5e3da1820|0xb82555d825733018fba55b5cd5ca340f2f8a8a10,0xb82555d825733018fba55b5cd5ca340f2f8a8a10,0xa0b86991c6218b36c1d19d4a2e9eb0ce3606eb48,USDC,stable:USDC,0x136c34e3aacf6f3bd7b671e03f222725644d8491171ce89a71cc95b764944a1d_None_USDC_0xa0b86991c6218b36c1d19d4a2e9eb0ce3606eb48,1639280839,1639280839,1,2996093351.0,2996.093351,2996.093351,0.000000,0.000000,0.800000,tx_agg_rolling_1800s_same_asset_group_or_route,Celer
ETH,eth_flow_49ba2d7f8d164b__r7fam13__inst00__synth_noise_src_1,0x136c34e3aacf6f3bd7b671e03f222725644d8491171ce89a71cc95b764944a1d,0x5427fefa711eff984124bfbb1ab6fbf5e3da1820|0xb82555d825733018fba55b5cd5ca340f2f8a8a10,0xb82555d825733018fba55b5cd5ca340f2f8a8a10,0xa0b86991c6218b36c1d19d4a2e9eb0ce3606eb48,USDC,stable:USDC,0x136c34e3aacf6f3bd7b671e03f222725644d8491171ce89a71cc95b764944a1d_None_USDC_0xa0b86991c6218b36c1d19d4a2e9eb0ce3606eb48,1639280839,1639280839,1,2996093351.0,2996.093351,2996.093351,0.000000,0.000000,0.800000,tx_agg_rolling_1800s_same_asset_group_or_route,Celer
ETH,eth_flow_0ed5d33ea2e642__r7fam13__inst01__synth_split_src,0x54b5848da2eb18b302681924e2d35c4bbf4cba8a98363e578cd6312603eae979,0x36682eaae317917d5eff5c9fcfad86692b852900|0x5427fefa711eff984124bfbb1ab6fbf5e3da1820,0x36682eaae317917d5eff5c9fcfad86692b852900,0xdac17f958d2ee523a2206206994597c13d831ec7,USDT,stable:USDT,0x54b5848da2eb18b302681924e2d35c4bbf4cba8a98363e578cd6312603eae979_None_USDT_0xdac17f958d2ee523a2206206994597c13d831ec7,1640202972,1640202972,1,1470000000.0,1470.0,1470.0,11.627907,11.627907,0.775000,tx_agg_rolling_1800s_same_asset_group_or_route,Celer
ETH,eth_flow_0ed5d33ea2e642__r7fam13__inst01__synth_merge_src1,0x54b5848da2eb18b302681924e2d35c4bbf4cba8a98363e578cd6312603eae979,0x36682eaae317917d5eff5c9fcfad86692b852900|0x5427fefa711eff984124bfbb1ab6fbf5e3da1820,0x36682eaae317917d5eff5c9fcfad86692b852900,0xdac17f958d2ee523a2206206994597c13d831ec7,USDT,stable:USDT,0x54b5848da2eb18b302681924e2d35c4bbf4cba8a98363e578cd6312603eae979_None_USDT_0xdac17f958d2ee523a2206206994597c13d831ec7,1640202972,1640202972,1,735000000.0,735.0,735.0,11.627907,11.627907,0.775000,tx_agg_rolling_1800s_same_asset_group_or_route,Celer
ETH,eth_flow_0ed5d33ea2e642__r7fam13__inst01__synth_merge_src2,0x54b5848da2eb18b302681924e2d35c4bbf4cba8a98363e578cd6312603eae979,0x36682eaae317917d5eff5c9fcfad86692b852900|0x5427fefa711eff984124bfbb1ab6fbf5e3da1820,0x36682eaae317917d5eff5c9fcfad86692b852900,0xdac17f958d2ee523a2206206994597c13d831ec7,USDT,stable:USDT,0x54b5848da2eb18b302681924e2d35c4bbf4cba8a98363e578cd6312603eae979_None_USDT_0xdac17f958d2ee523a2206206994597c13d831ec7,1640202972,1640202972,1,735000000.0,735.0,735.0,11.627907,11.627907,0.775000,tx_agg_rolling_1800s_same_asset_group_or_route,Celer
ETH,eth_flow_0ed5d33ea2e642__r7fam13__inst01__synth_unmatched_src,0x54b5848da2eb18b302681924e2d35c4bbf4cba8a98363e578cd6312603eae979,0x36682eaae317917d5eff5c9fcfad86692b852900|0x5427fefa711eff984124bfbb1ab6fbf5e3da1820,0x36682eaae317917d5eff5c9fcfad86692b852900,0xdac17f958d2ee523a2206206994597c13d831ec7,USDT,stable:USDT,0x54b5848da2eb18b302681924e2d35c4bbf4cba8a98363e578cd6312603eae979_None_USDT_0xdac17f958d2ee523a2206206994597c13d831ec7,1640202972,1640202972,1,1470000000.0,1470.0,1470.0,11.627907,11.627907,0.775000,tx_agg_rolling_1800s_same_asset_group_or_route,Celer
ETH,eth_flow_0ed5d33ea2e642__r7fam13__inst01__synth_noise_src_0,0x54b5848da2eb18b302681924e2d35c4bbf4cba8a98363e578cd6312603eae979,0x36682eaae317917d5eff5c9fcfad86692b852900|0x5427fefa711eff984124bfbb1ab6fbf5e3da1820,0x36682eaae317917d5eff5c9fcfad86692b852900,0xdac17f958d2ee523a2206206994597c13d831ec7,USDT,stable:USDT,0x54b5848da2eb18b302681924e2d35c4bbf4cba8a98363e578cd6312603eae979_None_USDT_0xdac17f958d2ee523a2206206994597c13d831ec7,1640202972,1640202972,1,1470000000.0,1470.0,1470.0,11.627907,11.627907,0.775000,tx_agg_rolling_1800s_same_asset_group_or_route,Celer
ETH,eth_flow_0ed5d33ea2e642__r7fam13__inst01__synth_noise_src_1,0x54b5848da2eb18b302681924e2d35c4bbf4cba8a98363e578cd6312603eae979,0x36682eaae317917d5eff5c9fcfad86692b852900|0x5427fefa711eff984124bfbb1ab6fbf5e3da1820,0x36682eaae317917d5eff5c9fcfad86692b852900,0xdac17f958d2ee523a2206206994597c13d831ec7,USDT,stable:USDT,0x54b5848da2eb18b302681924e2d35c4bbf4cba8a98363e578cd6312603eae979_None_USDT_0xdac17f958d2ee523a2206206994597c13d831ec7,1640202972,1640202972,1,1470000000.0,1470.0,1470.0,11.627907,11.627907,0.775000,tx_agg_rolling_1800s_same_asset_group_or_route,Celer
ETH,eth_flow_8ef492a3815d4b__r7fam14__inst00__synth_split_src,0x2453013fe2405741320f90374886edf8ba2f997ef5f3a317e1f7404f90ecd12f,0x5427fefa711eff984124bfbb1ab6fbf5e3da1820|0x69816a1083d6646d2136c0b03e8fa90bad783c82,0x69816a1083d6646d2136c0b03e8fa90bad783c82,0xa0b86991c6218b36c1d19d4a2e9eb0ce3606eb48,USDC,stable:USDC,0x2453013fe2405741320f90374886edf8ba2f997ef5f3a317e1f7404f90ecd12f_None_USDC_0xa0b86991c6218b36c1d19d4a2e9eb0ce3606eb48,1641190826,1641190826,1,2000000000.0,2000.0,2000.0,0.000000,0.000000,0.775000,tx_agg_rolling_1800s_same_asset_group_or_route,Celer
ETH,eth_flow_8ef492a3815d4b__r7fam14__inst00__synth_merge_src1,0x2453013fe2405741320f90374886edf8ba2f997ef5f3a317e1f7404f90ecd12f,0x5427fefa711eff984124bfbb1ab6fbf5e3da1820|0x69816a1083d6646d2136c0b03e8fa90bad783c82,0x69816a1083d6646d2136c0b03e8fa90bad783c82,0xa0b86991c6218b36c1d19d4a2e9eb0ce3606eb48,USDC,stable:USDC,0x2453013fe2405741320f90374886edf8ba2f997ef5f3a317e1f7404f90ecd12f_None_USDC_0xa0b86991c6218b36c1d19d4a2e9eb0ce3606eb48,1641190826,1641190826,1,1000000000.0,1000.0,1000.0,0.000000,0.000000,0.775000,tx_agg_rolling_1800s_same_asset_group_or_route,Celer
ETH,eth_flow_8ef492a3815d4b__r7fam14__inst00__synth_merge_src2,0x2453013fe2405741320f90374886edf8ba2f997ef5f3a317e1f7404f90ecd12f,0x5427fefa711eff984124bfbb1ab6fbf5e3da1820|0x69816a1083d6646d2136c0b03e8fa90bad783c82,0x69816a1083d6646d2136c0b03e8fa90bad783c82,0xa0b86991c6218b36c1d19d4a2e9eb0ce3606eb48,USDC,stable:USDC,0x2453013fe2405741320f90374886edf8ba2f997ef5f3a317e1f7404f90ecd12f_None_USDC_0xa0b86991c6218b36c1d19d4a2e9eb0ce3606eb48,1641190826,1641190826,1,1000000000.0,1000.0,1000.0,0.000000,0.000000,0.775000,tx_agg_rolling_1800s_same_asset_group_or_route,Celer
ETH,eth_flow_8ef492a3815d4b__r7fam14__inst00__synth_unmatched_src,0x2453013fe2405741320f90374886edf8ba2f997ef5f3a317e1f7404f90ecd12f,0x5427fefa711eff984124bfbb1ab6fbf5e3da1820|0x69816a1083d6646d2136c0b03e8fa90bad783c82,0x69816a1083d6646d2136c0b03e8fa90bad783c82,0xa0b86991c6218b36c1d19d4a2e9eb0ce3606eb48,USDC,stable:USDC,0x2453013fe2405741320f90374886edf8ba2f997ef5f3a317e1f7404f90ecd12f_None_USDC_0xa0b86991c6218b36c1d19d4a2e9eb0ce3606eb48,1641190826,1641190826,1,2000000000.0,2000.0,2000.0,0.000000,0.000000,0.775000,tx_agg_rolling_1800s_same_asset_group_or_route,Celer
ETH,eth_flow_8ef492a3815d4b__r7fam14__inst00__synth_noise_src_0,0x2453013fe2405741320f90374886edf8ba2f997ef5f3a317e1f7404f90ecd12f,0x5427fefa711eff984124bfbb1ab6fbf5e3da1820|0x69816a1083d6646d2136c0b03e8fa90bad783c82,0x69816a1083d6646d2136c0b03e8fa90bad783c82,0xa0b86991c6218b36c1d19d4a2e9eb0ce3606eb48,USDC,stable:USDC,0x2453013fe2405741320f90374886edf8ba2f997ef5f3a317e1f7404f90ecd12f_None_USDC_0xa0b86991c6218b36c1d19d4a2e9eb0ce3606eb48,1641190826,1641190826,1,2000000000.0,2000.0,2000.0,0.000000,0.000000,0.775000,tx_agg_rolling_1800s_same_asset_group_or_route,Celer
ETH,eth_flow_8ef492a3815d4b__r7fam14__inst00__synth_noise_src_1,0x2453013fe2405741320f90374886edf8ba2f997ef5f3a317e1f7404f90ecd12f,0x5427fefa711eff984124bfbb1ab6fbf5e3da1820|0x69816a1083d6646d2136c0b03e8fa90bad783c82,0x69816a1083d6646d2136c0b03e8fa90bad783c82,0xa0b86991c6218b36c1d19d4a2e9eb0ce3606eb48,USDC,stable:USDC,0x2453013fe2405741320f90374886edf8ba2f997ef5f3a317e1f7404f90ecd12f_None_USDC_0xa0b86991c6218b36c1d19d4a2e9eb0ce3606eb48,1641190826,1641190826,1,2000000000.0,2000.0,2000.0,0.000000,0.000000,0.775000,tx_agg_rolling_1800s_same_asset_group_or_route,Celer
ETH,eth_flow_7f54aa6d02ff4a__r7fam14__inst01__synth_split_src,0x9bf159742d9399744ce0438a96255340167b860771eb7a5457684ec549c8aff4,0x4e20fff73959d05ea1aa2b6f045d898cb1338d53|0x5427fefa711eff984124bfbb1ab6fbf5e3da1820,0x4e20fff73959d05ea1aa2b6f045d898cb1338d53,0xa0b86991c6218b36c1d19d4a2e9eb0ce3606eb48,USDC,stable:USDC,0x9bf159742d9399744ce0438a96255340167b860771eb7a5457684ec549c8aff4_None_USDC_0xa0b86991c6218b36c1d19d4a2e9eb0ce3606eb48,1639460596,1639460596,1,1729174339.0,1729.174339,1729.174339,0.000000,0.000000,0.800000,tx_agg_rolling_1800s_same_asset_group_or_route,Celer
ETH,eth_flow_7f54aa6d02ff4a__r7fam14__inst01__synth_merge_src1,0x9bf159742d9399744ce0438a96255340167b860771eb7a5457684ec549c8aff4,0x4e20fff73959d05ea1aa2b6f045d898cb1338d53|0x5427fefa711eff984124bfbb1ab6fbf5e3da1820,0x4e20fff73959d05ea1aa2b6f045d898cb1338d53,0xa0b86991c6218b36c1d19d4a2e9eb0ce3606eb48,USDC,stable:USDC,0x9bf159742d9399744ce0438a96255340167b860771eb7a5457684ec549c8aff4_None_USDC_0xa0b86991c6218b36c1d19d4a2e9eb0ce3606eb48,1639460596,1639460596,1,864587169.5,864.5871695,864.5871695,0.000000,0.000000,0.800000,tx_agg_rolling_1800s_same_asset_group_or_route,Celer
ETH,eth_flow_7f54aa6d02ff4a__r7fam14__inst01__synth_merge_src2,0x9bf159742d9399744ce0438a96255340167b860771eb7a5457684ec549c8aff4,0x4e20fff73959d05ea1aa2b6f045d898cb1338d53|0x5427fefa711eff984124bfbb1ab6fbf5e3da1820,0x4e20fff73959d05ea1aa2b6f045d898cb1338d53,0xa0b86991c6218b36c1d19d4a2e9eb0ce3606eb48,USDC,stable:USDC,0x9bf159742d9399744ce0438a96255340167b860771eb7a5457684ec549c8aff4_None_USDC_0xa0b86991c6218b36c1d19d4a2e9eb0ce3606eb48,1639460596,1639460596,1,864587169.5,864.5871695,864.5871695,0.000000,0.000000,0.800000,tx_agg_rolling_1800s_same_asset_group_or_route,Celer
ETH,eth_flow_7f54aa6d02ff4a__r7fam14__inst01__synth_unmatched_src,0x9bf159742d9399744ce0438a96255340167b860771eb7a5457684ec549c8aff4,0x4e20fff73959d05ea1aa2b6f045d898cb1338d53|0x5427fefa711eff984124bfbb1ab6fbf5e3da1820,0x4e20fff73959d05ea1aa2b6f045d898cb1338d53,0xa0b86991c6218b36c1d19d4a2e9eb0ce3606eb48,USDC,stable:USDC,0x9bf159742d9399744ce0438a96255340167b860771eb7a5457684ec549c8aff4_None_USDC_0xa0b86991c6218b36c1d19d4a2e9eb0ce3606eb48,1639460596,1639460596,1,1729174339.0,1729.174339,1729.174339,0.000000,0.000000,0.800000,tx_agg_rolling_1800s_same_asset_group_or_route,Celer
ETH,eth_flow_7f54aa6d02ff4a__r7fam14__inst01__synth_noise_src_0,0x9bf159742d9399744ce0438a96255340167b860771eb7a5457684ec549c8aff4,0x4e20fff73959d05ea1aa2b6f045d898cb1338d53|0x5427fefa711eff984124bfbb1ab6fbf5e3da1820,0x4e20fff73959d05ea1aa2b6f045d898cb1338d53,0xa0b86991c6218b36c1d19d4a2e9eb0ce3606eb48,USDC,stable:USDC,0x9bf159742d9399744ce0438a96255340167b860771eb7a5457684ec549c8aff4_None_USDC_0xa0b86991c6218b36c1d19d4a2e9eb0ce3606eb48,1639460596,1639460596,1,1729174339.0,1729.174339,1729.174339,0.000000,0.000000,0.800000,tx_agg_rolling_1800s_same_asset_group_or_route,Celer
ETH,eth_flow_7f54aa6d02ff4a__r7fam14__inst01__synth_noise_src_1,0x9bf159742d9399744ce0438a96255340167b860771eb7a5457684ec549c8aff4,0x4e20fff73959d05ea1aa2b6f045d898cb1338d53|0x5427fefa711eff984124bfbb1ab6fbf5e3da1820,0x4e20fff73959d05ea1aa2b6f045d898cb1338d53,0xa0b86991c6218b36c1d19d4a2e9eb0ce3606eb48,USDC,stable:USDC,0x9bf159742d9399744ce0438a96255340167b860771eb7a5457684ec549c8aff4_None_USDC_0xa0b86991c6218b36c1d19d4a2e9eb0ce3606eb48,1639460596,1639460596,1,1729174339.0,1729.174339,1729.174339,0.000000,0.000000,0.800000,tx_agg_rolling_1800s_same_asset_group_or_route,Celer
ETH,eth_flow_9f2e9ab22c3847__r7fam15__inst00__synth_split_src,0xe25dac6294b97d10db4579c3fbb550708e431576c5b9d11e33d9e6a763dc42f6,0x5427fefa711eff984124bfbb1ab6fbf5e3da1820|0x9caccd4ea974c75d5d58c9e9106b51b0c218c510,0x9caccd4ea974c75d5d58c9e9106b51b0c218c510,0xdac17f958d2ee523a2206206994597c13d831ec7,USDT,stable:USDT,0xe25dac6294b97d10db4579c3fbb550708e431576c5b9d11e33d9e6a763dc42f6_None_USDT_0xdac17f958d2ee523a2206206994597c13d831ec7,1641230858,1641230858,1,1593556960.0,1593.55696,1593.55696,0.000000,0.000000,0.775000,tx_agg_rolling_1800s_same_asset_group_or_route,Celer
ETH,eth_flow_9f2e9ab22c3847__r7fam15__inst00__synth_merge_src1,0xe25dac6294b97d10db4579c3fbb550708e431576c5b9d11e33d9e6a763dc42f6,0x5427fefa711eff984124bfbb1ab6fbf5e3da1820|0x9caccd4ea974c75d5d58c9e9106b51b0c218c510,0x9caccd4ea974c75d5d58c9e9106b51b0c218c510,0xdac17f958d2ee523a2206206994597c13d831ec7,USDT,stable:USDT,0xe25dac6294b97d10db4579c3fbb550708e431576c5b9d11e33d9e6a763dc42f6_None_USDT_0xdac17f958d2ee523a2206206994597c13d831ec7,1641230858,1641230858,1,796778480.0,796.77848,796.77848,0.000000,0.000000,0.775000,tx_agg_rolling_1800s_same_asset_group_or_route,Celer
ETH,eth_flow_9f2e9ab22c3847__r7fam15__inst00__synth_merge_src2,0xe25dac6294b97d10db4579c3fbb550708e431576c5b9d11e33d9e6a763dc42f6,0x5427fefa711eff984124bfbb1ab6fbf5e3da1820|0x9caccd4ea974c75d5d58c9e9106b51b0c218c510,0x9caccd4ea974c75d5d58c9e9106b51b0c218c510,0xdac17f958d2ee523a2206206994597c13d831ec7,USDT,stable:USDT,0xe25dac6294b97d10db4579c3fbb550708e431576c5b9d11e33d9e6a763dc42f6_None_USDT_0xdac17f958d2ee523a2206206994597c13d831ec7,1641230858,1641230858,1,796778480.0,796.77848,796.77848,0.000000,0.000000,0.775000,tx_agg_rolling_1800s_same_asset_group_or_route,Celer
ETH,eth_flow_9f2e9ab22c3847__r7fam15__inst00__synth_unmatched_src,0xe25dac6294b97d10db4579c3fbb550708e431576c5b9d11e33d9e6a763dc42f6,0x5427fefa711eff984124bfbb1ab6fbf5e3da1820|0x9caccd4ea974c75d5d58c9e9106b51b0c218c510,0x9caccd4ea974c75d5d58c9e9106b51b0c218c510,0xdac17f958d2ee523a2206206994597c13d831ec7,USDT,stable:USDT,0xe25dac6294b97d10db4579c3fbb550708e431576c5b9d11e33d9e6a763dc42f6_None_USDT_0xdac17f958d2ee523a2206206994597c13d831ec7,1641230858,1641230858,1,1593556960.0,1593.55696,1593.55696,0.000000,0.000000,0.775000,tx_agg_rolling_1800s_same_asset_group_or_route,Celer
ETH,eth_flow_9f2e9ab22c3847__r7fam15__inst00__synth_noise_src_0,0xe25dac6294b97d10db4579c3fbb550708e431576c5b9d11e33d9e6a763dc42f6,0x5427fefa711eff984124bfbb1ab6fbf5e3da1820|0x9caccd4ea974c75d5d58c9e9106b51b0c218c510,0x9caccd4ea974c75d5d58c9e9106b51b0c218c510,0xdac17f958d2ee523a2206206994597c13d831ec7,USDT,stable:USDT,0xe25dac6294b97d10db4579c3fbb550708e431576c5b9d11e33d9e6a763dc42f6_None_USDT_0xdac17f958d2ee523a2206206994597c13d831ec7,1641230858,1641230858,1,1593556960.0,1593.55696,1593.55696,0.000000,0.000000,0.775000,tx_agg_rolling_1800s_same_asset_group_or_route,Celer
ETH,eth_flow_9f2e9ab22c3847__r7fam15__inst00__synth_noise_src_1,0xe25dac6294b97d10db4579c3fbb550708e431576c5b9d11e33d9e6a763dc42f6,0x5427fefa711eff984124bfbb1ab6fbf5e3da1820|0x9caccd4ea974c75d5d58c9e9106b51b0c218c510,0x9caccd4ea974c75d5d58c9e9106b51b0c218c510,0xdac17f958d2ee523a2206206994597c13d831ec7,USDT,stable:USDT,0xe25dac6294b97d10db4579c3fbb550708e431576c5b9d11e33d9e6a763dc42f6_None_USDT_0xdac17f958d2ee523a2206206994597c13d831ec7,1641230858,1641230858,1,1593556960.0,1593.55696,1593.55696,0.000000,0.000000,0.775000,tx_agg_rolling_1800s_same_asset_group_or_route,Celer
ETH,eth_flow_17034316f11a4b__r7fam15__inst01__synth_split_src,0xb7a83e1951a329bdb206091e62a010be80ae6bbc7afe9da174e456391647209a,0x7510792a3b1969f9307f3845ce88e39578f2bae1|0xc0d0bfd1e11a5daec5a2fc9b0a9b8e5e81152b6b,0xc0d0bfd1e11a5daec5a2fc9b0a9b8e5e81152b6b,0xfb5c6815ca3ac72ce9f5006869ae67f18bf77006,PSTAKE,token:PSTAKE,0xb7a83e1951a329bdb206091e62a010be80ae6bbc7afe9da174e456391647209a_None_PSTAKE_0xfb5c6815ca3ac72ce9f5006869ae67f18bf77006,1677113663,1677113663,1,3.718084035530479e+21,3718.084035530479,3718.084035530479,16.279070,16.279070,0.800000,tx_agg_rolling_1800s_same_asset_group_or_route,Celer
ETH,eth_flow_17034316f11a4b__r7fam15__inst01__synth_merge_src1,0xb7a83e1951a329bdb206091e62a010be80ae6bbc7afe9da174e456391647209a,0x7510792a3b1969f9307f3845ce88e39578f2bae1|0xc0d0bfd1e11a5daec5a2fc9b0a9b8e5e81152b6b,0xc0d0bfd1e11a5daec5a2fc9b0a9b8e5e81152b6b,0xfb5c6815ca3ac72ce9f5006869ae67f18bf77006,PSTAKE,token:PSTAKE,0xb7a83e1951a329bdb206091e62a010be80ae6bbc7afe9da174e456391647209a_None_PSTAKE_0xfb5c6815ca3ac72ce9f5006869ae67f18bf77006,1677113663,1677113663,1,1.8590420177652396e+21,1859.0420177652395,1859.0420177652395,16.279070,16.279070,0.800000,tx_agg_rolling_1800s_same_asset_group_or_route,Celer
ETH,eth_flow_17034316f11a4b__r7fam15__inst01__synth_merge_src2,0xb7a83e1951a329bdb206091e62a010be80ae6bbc7afe9da174e456391647209a,0x7510792a3b1969f9307f3845ce88e39578f2bae1|0xc0d0bfd1e11a5daec5a2fc9b0a9b8e5e81152b6b,0xc0d0bfd1e11a5daec5a2fc9b0a9b8e5e81152b6b,0xfb5c6815ca3ac72ce9f5006869ae67f18bf77006,PSTAKE,token:PSTAKE,0xb7a83e1951a329bdb206091e62a010be80ae6bbc7afe9da174e456391647209a_None_PSTAKE_0xfb5c6815ca3ac72ce9f5006869ae67f18bf77006,1677113663,1677113663,1,1.8590420177652396e+21,1859.0420177652395,1859.0420177652395,16.279070,16.279070,0.800000,tx_agg_rolling_1800s_same_asset_group_or_route,Celer
ETH,eth_flow_17034316f11a4b__r7fam15__inst01__synth_unmatched_src,0xb7a83e1951a329bdb206091e62a010be80ae6bbc7afe9da174e456391647209a,0x7510792a3b1969f9307f3845ce88e39578f2bae1|0xc0d0bfd1e11a5daec5a2fc9b0a9b8e5e81152b6b,0xc0d0bfd1e11a5daec5a2fc9b0a9b8e5e81152b6b,0xfb5c6815ca3ac72ce9f5006869ae67f18bf77006,PSTAKE,token:PSTAKE,0xb7a83e1951a329bdb206091e62a010be80ae6bbc7afe9da174e456391647209a_None_PSTAKE_0xfb5c6815ca3ac72ce9f5006869ae67f18bf77006,1677113663,1677113663,1,3.718084035530479e+21,3718.084035530479,3718.084035530479,16.279070,16.279070,0.800000,tx_agg_rolling_1800s_same_asset_group_or_route,Celer
ETH,eth_flow_17034316f11a4b__r7fam15__inst01__synth_noise_src_0,0xb7a83e1951a329bdb206091e62a010be80ae6bbc7afe9da174e456391647209a,0x7510792a3b1969f9307f3845ce88e39578f2bae1|0xc0d0bfd1e11a5daec5a2fc9b0a9b8e5e81152b6b,0xc0d0bfd1e11a5daec5a2fc9b0a9b8e5e81152b6b,0xfb5c6815ca3ac72ce9f5006869ae67f18bf77006,PSTAKE,token:PSTAKE,0xb7a83e1951a329bdb206091e62a010be80ae6bbc7afe9da174e456391647209a_None_PSTAKE_0xfb5c6815ca3ac72ce9f5006869ae67f18bf77006,1677113663,1677113663,1,3.718084035530479e+21,3718.084035530479,3718.084035530479,16.279070,16.279070,0.800000,tx_agg_rolling_1800s_same_asset_group_or_route,Celer
ETH,eth_flow_17034316f11a4b__r7fam15__inst01__synth_noise_src_1,0xb7a83e1951a329bdb206091e62a010be80ae6bbc7afe9da174e456391647209a,0x7510792a3b1969f9307f3845ce88e39578f2bae1|0xc0d0bfd1e11a5daec5a2fc9b0a9b8e5e81152b6b,0xc0d0bfd1e11a5daec5a2fc9b0a9b8e5e81152b6b,0xfb5c6815ca3ac72ce9f5006869ae67f18bf77006,PSTAKE,token:PSTAKE,0xb7a83e1951a329bdb206091e62a010be80ae6bbc7afe9da174e456391647209a_None_PSTAKE_0xfb5c6815ca3ac72ce9f5006869ae67f18bf77006,1677113663,1677113663,1,3.718084035530479e+21,3718.084035530479,3718.084035530479,16.279070,16.279070,0.800000,tx_agg_rolling_1800s_same_asset_group_or_route,Celer
ETH,eth_flow_7ecd2b8d997f4c__r7fam16__inst00__synth_split_src,0x01ac594014ec0de4fff6e933cf64edca58247ae00d5c66e1fa1e95c2cb15bc87|0xea0f5890a807b025cbf6c0bda75afa2676ac07929e6406f508e9d1d771814559,0x09fedd3fb2907449b812d8e243daa02a2f54f946|0x5427fefa711eff984124bfbb1ab6fbf5e3da1820,0x09fedd3fb2907449b812d8e243daa02a2f54f946,0xdac17f958d2ee523a2206206994597c13d831ec7,USDT,stable:USDT,0xea0f5890a807b025cbf6c0bda75afa2676ac07929e6406f508e9d1d771814559_None_USDT_0xdac17f958d2ee523a2206206994597c13d831ec7,1640135842,1640136174,2,6700000000.0,6700.0,6700.0,4.651163,4.651163,0.800000,tx_agg_rolling_1800s_same_asset_group_or_route,Celer
ETH,eth_flow_7ecd2b8d997f4c__r7fam16__inst00__synth_merge_src1,0x01ac594014ec0de4fff6e933cf64edca58247ae00d5c66e1fa1e95c2cb15bc87|0xea0f5890a807b025cbf6c0bda75afa2676ac07929e6406f508e9d1d771814559,0x09fedd3fb2907449b812d8e243daa02a2f54f946|0x5427fefa711eff984124bfbb1ab6fbf5e3da1820,0x09fedd3fb2907449b812d8e243daa02a2f54f946,0xdac17f958d2ee523a2206206994597c13d831ec7,USDT,stable:USDT,0xea0f5890a807b025cbf6c0bda75afa2676ac07929e6406f508e9d1d771814559_None_USDT_0xdac17f958d2ee523a2206206994597c13d831ec7,1640135842,1640136174,2,3350000000.0,3350.0,3350.0,4.651163,4.651163,0.800000,tx_agg_rolling_1800s_same_asset_group_or_route,Celer
ETH,eth_flow_7ecd2b8d997f4c__r7fam16__inst00__synth_merge_src2,0x01ac594014ec0de4fff6e933cf64edca58247ae00d5c66e1fa1e95c2cb15bc87|0xea0f5890a807b025cbf6c0bda75afa2676ac07929e6406f508e9d1d771814559,0x09fedd3fb2907449b812d8e243daa02a2f54f946|0x5427fefa711eff984124bfbb1ab6fbf5e3da1820,0x09fedd3fb2907449b812d8e243daa02a2f54f946,0xdac17f958d2ee523a2206206994597c13d831ec7,USDT,stable:USDT,0xea0f5890a807b025cbf6c0bda75afa2676ac07929e6406f508e9d1d771814559_None_USDT_0xdac17f958d2ee523a2206206994597c13d831ec7,1640135842,1640136174,2,3350000000.0,3350.0,3350.0,4.651163,4.651163,0.800000,tx_agg_rolling_1800s_same_asset_group_or_route,Celer
ETH,eth_flow_7ecd2b8d997f4c__r7fam16__inst00__synth_unmatched_src,0x01ac594014ec0de4fff6e933cf64edca58247ae00d5c66e1fa1e95c2cb15bc87|0xea0f5890a807b025cbf6c0bda75afa2676ac07929e6406f508e9d1d771814559,0x09fedd3fb2907449b812d8e243daa02a2f54f946|0x5427fefa711eff984124bfbb1ab6fbf5e3da1820,0x09fedd3fb2907449b812d8e243daa02a2f54f946,0xdac17f958d2ee523a2206206994597c13d831ec7,USDT,stable:USDT,0xea0f5890a807b025cbf6c0bda75afa2676ac07929e6406f508e9d1d771814559_None_USDT_0xdac17f958d2ee523a2206206994597c13d831ec7,1640135842,1640136174,2,6700000000.0,6700.0,6700.0,4.651163,4.651163,0.800000,tx_agg_rolling_1800s_same_asset_group_or_route,Celer
ETH,eth_flow_7ecd2b8d997f4c__r7fam16__inst00__synth_noise_src_0,0x01ac594014ec0de4fff6e933cf64edca58247ae00d5c66e1fa1e95c2cb15bc87|0xea0f5890a807b025cbf6c0bda75afa2676ac07929e6406f508e9d1d771814559,0x09fedd3fb2907449b812d8e243daa02a2f54f946|0x5427fefa711eff984124bfbb1ab6fbf5e3da1820,0x09fedd3fb2907449b812d8e243daa02a2f54f946,0xdac17f958d2ee523a2206206994597c13d831ec7,USDT,stable:USDT,0xea0f5890a807b025cbf6c0bda75afa2676ac07929e6406f508e9d1d771814559_None_USDT_0xdac17f958d2ee523a2206206994597c13d831ec7,1640135842,1640136174,2,6700000000.0,6700.0,6700.0,4.651163,4.651163,0.800000,tx_agg_rolling_1800s_same_asset_group_or_route,Celer
ETH,eth_flow_7ecd2b8d997f4c__r7fam16__inst00__synth_noise_src_1,0x01ac594014ec0de4fff6e933cf64edca58247ae00d5c66e1fa1e95c2cb15bc87|0xea0f5890a807b025cbf6c0bda75afa2676ac07929e6406f508e9d1d771814559,0x09fedd3fb2907449b812d8e243daa02a2f54f946|0x5427fefa711eff984124bfbb1ab6fbf5e3da1820,0x09fedd3fb2907449b812d8e243daa02a2f54f946,0xdac17f958d2ee523a2206206994597c13d831ec7,USDT,stable:USDT,0xea0f5890a807b025cbf6c0bda75afa2676ac07929e6406f508e9d1d771814559_None_USDT_0xdac17f958d2ee523a2206206994597c13d831ec7,1640135842,1640136174,2,6700000000.0,6700.0,6700.0,4.651163,4.651163,0.800000,tx_agg_rolling_1800s_same_asset_group_or_route,Celer
ETH,eth_flow_227b4d019af749__r7fam16__inst01__synth_split_src,0xca25a80297db6274c2a9e0a8f431dc7e3af76a8430bb539ccb46016e85feeb41,0x5427fefa711eff984124bfbb1ab6fbf5e3da1820|0x7633caa636f682d0974929d6f06f430c0d60d50e,0x7633caa636f682d0974929d6f06f430c0d60d50e,0xdac17f958d2ee523a2206206994597c13d831ec7,USDT,stable:USDT,0xca25a80297db6274c2a9e0a8f431dc7e3af76a8430bb539ccb46016e85feeb41_None_USDT_0xdac17f958d2ee523a2206206994597c13d831ec7,1640497488,1640497488,1,8719961714.0,8719.961714,8719.961714,0.000000,0.000000,0.775000,tx_agg_rolling_1800s_same_asset_group_or_route,Celer
ETH,eth_flow_227b4d019af749__r7fam16__inst01__synth_merge_src1,0xca25a80297db6274c2a9e0a8f431dc7e3af76a8430bb539ccb46016e85feeb41,0x5427fefa711eff984124bfbb1ab6fbf5e3da1820|0x7633caa636f682d0974929d6f06f430c0d60d50e,0x7633caa636f682d0974929d6f06f430c0d60d50e,0xdac17f958d2ee523a2206206994597c13d831ec7,USDT,stable:USDT,0xca25a80297db6274c2a9e0a8f431dc7e3af76a8430bb539ccb46016e85feeb41_None_USDT_0xdac17f958d2ee523a2206206994597c13d831ec7,1640497488,1640497488,1,4359980857.0,4359.980857,4359.980857,0.000000,0.000000,0.775000,tx_agg_rolling_1800s_same_asset_group_or_route,Celer
ETH,eth_flow_227b4d019af749__r7fam16__inst01__synth_merge_src2,0xca25a80297db6274c2a9e0a8f431dc7e3af76a8430bb539ccb46016e85feeb41,0x5427fefa711eff984124bfbb1ab6fbf5e3da1820|0x7633caa636f682d0974929d6f06f430c0d60d50e,0x7633caa636f682d0974929d6f06f430c0d60d50e,0xdac17f958d2ee523a2206206994597c13d831ec7,USDT,stable:USDT,0xca25a80297db6274c2a9e0a8f431dc7e3af76a8430bb539ccb46016e85feeb41_None_USDT_0xdac17f958d2ee523a2206206994597c13d831ec7,1640497488,1640497488,1,4359980857.0,4359.980857,4359.980857,0.000000,0.000000,0.775000,tx_agg_rolling_1800s_same_asset_group_or_route,Celer
ETH,eth_flow_227b4d019af749__r7fam16__inst01__synth_unmatched_src,0xca25a80297db6274c2a9e0a8f431dc7e3af76a8430bb539ccb46016e85feeb41,0x5427fefa711eff984124bfbb1ab6fbf5e3da1820|0x7633caa636f682d0974929d6f06f430c0d60d50e,0x7633caa636f682d0974929d6f06f430c0d60d50e,0xdac17f958d2ee523a2206206994597c13d831ec7,USDT,stable:USDT,0xca25a80297db6274c2a9e0a8f431dc7e3af76a8430bb539ccb46016e85feeb41_None_USDT_0xdac17f958d2ee523a2206206994597c13d831ec7,1640497488,1640497488,1,8719961714.0,8719.961714,8719.961714,0.000000,0.000000,0.775000,tx_agg_rolling_1800s_same_asset_group_or_route,Celer
ETH,eth_flow_227b4d019af749__r7fam16__inst01__synth_noise_src_0,0xca25a80297db6274c2a9e0a8f431dc7e3af76a8430bb539ccb46016e85feeb41,0x5427fefa711eff984124bfbb1ab6fbf5e3da1820|0x7633caa636f682d0974929d6f06f430c0d60d50e,0x7633caa636f682d0974929d6f06f430c0d60d50e,0xdac17f958d2ee523a2206206994597c13d831ec7,USDT,stable:USDT,0xca25a80297db6274c2a9e0a8f431dc7e3af76a8430bb539ccb46016e85feeb41_None_USDT_0xdac17f958d2ee523a2206206994597c13d831ec7,1640497488,1640497488,1,8719961714.0,8719.961714,8719.961714,0.000000,0.000000,0.775000,tx_agg_rolling_1800s_same_asset_group_or_route,Celer
ETH,eth_flow_227b4d019af749__r7fam16__inst01__synth_noise_src_1,0xca25a80297db6274c2a9e0a8f431dc7e3af76a8430bb539ccb46016e85feeb41,0x5427fefa711eff984124bfbb1ab6fbf5e3da1820|0x7633caa636f682d0974929d6f06f430c0d60d50e,0x7633caa636f682d0974929d6f06f430c0d60d50e,0xdac17f958d2ee523a2206206994597c13d831ec7,USDT,stable:USDT,0xca25a80297db6274c2a9e0a8f431dc7e3af76a8430bb539ccb46016e85feeb41_None_USDT_0xdac17f958d2ee523a2206206994597c13d831ec7,1640497488,1640497488,1,8719961714.0,8719.961714,8719.961714,0.000000,0.000000,0.775000,tx_agg_rolling_1800s_same_asset_group_or_route,Celer
ETH,eth_flow_d01608ad4b5b4a__r7fam17__inst00__synth_split_src,0x1862b2948e78b246be853190829df3b25ceb941525a8981290dd26d37a6491af,0x5427fefa711eff984124bfbb1ab6fbf5e3da1820|0xef996e5dde2e33e3bab1d3dc8ad373906aaca9c4,0xef996e5dde2e33e3bab1d3dc8ad373906aaca9c4,0xa0b86991c6218b36c1d19d4a2e9eb0ce3606eb48,USDC,stable:USDC,0x1862b2948e78b246be853190829df3b25ceb941525a8981290dd26d37a6491af_None_USDC_0xa0b86991c6218b36c1d19d4a2e9eb0ce3606eb48,1639676602,1639676602,1,1923429006.0,1923.429006,1923.429006,0.000000,0.000000,0.775000,tx_agg_rolling_1800s_same_asset_group_or_route,Celer
ETH,eth_flow_d01608ad4b5b4a__r7fam17__inst00__synth_merge_src1,0x1862b2948e78b246be853190829df3b25ceb941525a8981290dd26d37a6491af,0x5427fefa711eff984124bfbb1ab6fbf5e3da1820|0xef996e5dde2e33e3bab1d3dc8ad373906aaca9c4,0xef996e5dde2e33e3bab1d3dc8ad373906aaca9c4,0xa0b86991c6218b36c1d19d4a2e9eb0ce3606eb48,USDC,stable:USDC,0x1862b2948e78b246be853190829df3b25ceb941525a8981290dd26d37a6491af_None_USDC_0xa0b86991c6218b36c1d19d4a2e9eb0ce3606eb48,1639676602,1639676602,1,961714503.0,961.714503,961.714503,0.000000,0.000000,0.775000,tx_agg_rolling_1800s_same_asset_group_or_route,Celer
ETH,eth_flow_d01608ad4b5b4a__r7fam17__inst00__synth_merge_src2,0x1862b2948e78b246be853190829df3b25ceb941525a8981290dd26d37a6491af,0x5427fefa711eff984124bfbb1ab6fbf5e3da1820|0xef996e5dde2e33e3bab1d3dc8ad373906aaca9c4,0xef996e5dde2e33e3bab1d3dc8ad373906aaca9c4,0xa0b86991c6218b36c1d19d4a2e9eb0ce3606eb48,USDC,stable:USDC,0x1862b2948e78b246be853190829df3b25ceb941525a8981290dd26d37a6491af_None_USDC_0xa0b86991c6218b36c1d19d4a2e9eb0ce3606eb48,1639676602,1639676602,1,961714503.0,961.714503,961.714503,0.000000,0.000000,0.775000,tx_agg_rolling_1800s_same_asset_group_or_route,Celer
ETH,eth_flow_d01608ad4b5b4a__r7fam17__inst00__synth_unmatched_src,0x1862b2948e78b246be853190829df3b25ceb941525a8981290dd26d37a6491af,0x5427fefa711eff984124bfbb1ab6fbf5e3da1820|0xef996e5dde2e33e3bab1d3dc8ad373906aaca9c4,0xef996e5dde2e33e3bab1d3dc8ad373906aaca9c4,0xa0b86991c6218b36c1d19d4a2e9eb0ce3606eb48,USDC,stable:USDC,0x1862b2948e78b246be853190829df3b25ceb941525a8981290dd26d37a6491af_None_USDC_0xa0b86991c6218b36c1d19d4a2e9eb0ce3606eb48,1639676602,1639676602,1,1923429006.0,1923.429006,1923.429006,0.000000,0.000000,0.775000,tx_agg_rolling_1800s_same_asset_group_or_route,Celer
ETH,eth_flow_d01608ad4b5b4a__r7fam17__inst00__synth_noise_src_0,0x1862b2948e78b246be853190829df3b25ceb941525a8981290dd26d37a6491af,0x5427fefa711eff984124bfbb1ab6fbf5e3da1820|0xef996e5dde2e33e3bab1d3dc8ad373906aaca9c4,0xef996e5dde2e33e3bab1d3dc8ad373906aaca9c4,0xa0b86991c6218b36c1d19d4a2e9eb0ce3606eb48,USDC,stable:USDC,0x1862b2948e78b246be853190829df3b25ceb941525a8981290dd26d37a6491af_None_USDC_0xa0b86991c6218b36c1d19d4a2e9eb0ce3606eb48,1639676602,1639676602,1,1923429006.0,1923.429006,1923.429006,0.000000,0.000000,0.775000,tx_agg_rolling_1800s_same_asset_group_or_route,Celer
ETH,eth_flow_d01608ad4b5b4a__r7fam17__inst00__synth_noise_src_1,0x1862b2948e78b246be853190829df3b25ceb941525a8981290dd26d37a6491af,0x5427fefa711eff984124bfbb1ab6fbf5e3da1820|0xef996e5dde2e33e3bab1d3dc8ad373906aaca9c4,0xef996e5dde2e33e3bab1d3dc8ad373906aaca9c4,0xa0b86991c6218b36c1d19d4a2e9eb0ce3606eb48,USDC,stable:USDC,0x1862b2948e78b246be853190829df3b25ceb941525a8981290dd26d37a6491af_None_USDC_0xa0b86991c6218b36c1d19d4a2e9eb0ce3606eb48,1639676602,1639676602,1,1923429006.0,1923.429006,1923.429006,0.000000,0.000000,0.775000,tx_agg_rolling_1800s_same_asset_group_or_route,Celer
ETH,eth_flow_b5bb49db2f324c__r7fam17__inst01__synth_split_src,0x30d06849d080d27951e10637a9a3ccac9da2b23175524a5f7129ebcbd8ba3902,0x5427fefa711eff984124bfbb1ab6fbf5e3da1820|0x79122f8d5ffc8c98703dfe124bd3bb69b8218497,0x79122f8d5ffc8c98703dfe124bd3bb69b8218497,0xa0b86991c6218b36c1d19d4a2e9eb0ce3606eb48,USDC,stable:USDC,0x30d06849d080d27951e10637a9a3ccac9da2b23175524a5f7129ebcbd8ba3902_None_USDC_0xa0b86991c6218b36c1d19d4a2e9eb0ce3606eb48,1640831938,1640831938,1,2357486431.0,2357.486431,2357.486431,0.000000,0.000000,0.775000,tx_agg_rolling_1800s_same_asset_group_or_route,Celer
ETH,eth_flow_b5bb49db2f324c__r7fam17__inst01__synth_merge_src1,0x30d06849d080d27951e10637a9a3ccac9da2b23175524a5f7129ebcbd8ba3902,0x5427fefa711eff984124bfbb1ab6fbf5e3da1820|0x79122f8d5ffc8c98703dfe124bd3bb69b8218497,0x79122f8d5ffc8c98703dfe124bd3bb69b8218497,0xa0b86991c6218b36c1d19d4a2e9eb0ce3606eb48,USDC,stable:USDC,0x30d06849d080d27951e10637a9a3ccac9da2b23175524a5f7129ebcbd8ba3902_None_USDC_0xa0b86991c6218b36c1d19d4a2e9eb0ce3606eb48,1640831938,1640831938,1,1178743215.5,1178.7432155,1178.7432155,0.000000,0.000000,0.775000,tx_agg_rolling_1800s_same_asset_group_or_route,Celer
ETH,eth_flow_b5bb49db2f324c__r7fam17__inst01__synth_merge_src2,0x30d06849d080d27951e10637a9a3ccac9da2b23175524a5f7129ebcbd8ba3902,0x5427fefa711eff984124bfbb1ab6fbf5e3da1820|0x79122f8d5ffc8c98703dfe124bd3bb69b8218497,0x79122f8d5ffc8c98703dfe124bd3bb69b8218497,0xa0b86991c6218b36c1d19d4a2e9eb0ce3606eb48,USDC,stable:USDC,0x30d06849d080d27951e10637a9a3ccac9da2b23175524a5f7129ebcbd8ba3902_None_USDC_0xa0b86991c6218b36c1d19d4a2e9eb0ce3606eb48,1640831938,1640831938,1,1178743215.5,1178.7432155,1178.7432155,0.000000,0.000000,0.775000,tx_agg_rolling_1800s_same_asset_group_or_route,Celer
ETH,eth_flow_b5bb49db2f324c__r7fam17__inst01__synth_unmatched_src,0x30d06849d080d27951e10637a9a3ccac9da2b23175524a5f7129ebcbd8ba3902,0x5427fefa711eff984124bfbb1ab6fbf5e3da1820|0x79122f8d5ffc8c98703dfe124bd3bb69b8218497,0x79122f8d5ffc8c98703dfe124bd3bb69b8218497,0xa0b86991c6218b36c1d19d4a2e9eb0ce3606eb48,USDC,stable:USDC,0x30d06849d080d27951e10637a9a3ccac9da2b23175524a5f7129ebcbd8ba3902_None_USDC_0xa0b86991c6218b36c1d19d4a2e9eb0ce3606eb48,1640831938,1640831938,1,2357486431.0,2357.486431,2357.486431,0.000000,0.000000,0.775000,tx_agg_rolling_1800s_same_asset_group_or_route,Celer
ETH,eth_flow_b5bb49db2f324c__r7fam17__inst01__synth_noise_src_0,0x30d06849d080d27951e10637a9a3ccac9da2b23175524a5f7129ebcbd8ba3902,0x5427fefa711eff984124bfbb1ab6fbf5e3da1820|0x79122f8d5ffc8c98703dfe124bd3bb69b8218497,0x79122f8d5ffc8c98703dfe124bd3bb69b8218497,0xa0b86991c6218b36c1d19d4a2e9eb0ce3606eb48,USDC,stable:USDC,0x30d06849d080d27951e10637a9a3ccac9da2b23175524a5f7129ebcbd8ba3902_None_USDC_0xa0b86991c6218b36c1d19d4a2e9eb0ce3606eb48,1640831938,1640831938,1,2357486431.0,2357.486431,2357.486431,0.000000,0.000000,0.775000,tx_agg_rolling_1800s_same_asset_group_or_route,Celer
ETH,eth_flow_b5bb49db2f324c__r7fam17__inst01__synth_noise_src_1,0x30d06849d080d27951e10637a9a3ccac9da2b23175524a5f7129ebcbd8ba3902,0x5427fefa711eff984124bfbb1ab6fbf5e3da1820|0x79122f8d5ffc8c98703dfe124bd3bb69b8218497,0x79122f8d5ffc8c98703dfe124bd3bb69b8218497,0xa0b86991c6218b36c1d19d4a2e9eb0ce3606eb48,USDC,stable:USDC,0x30d06849d080d27951e10637a9a3ccac9da2b23175524a5f7129ebcbd8ba3902_None_USDC_0xa0b86991c6218b36c1d19d4a2e9eb0ce3606eb48,1640831938,1640831938,1,2357486431.0,2357.486431,2357.486431,0.000000,0.000000,0.775000,tx_agg_rolling_1800s_same_asset_group_or_route,Celer
ETH,eth_flow_599a2d7ac63747__r7fam18__inst00__synth_split_src,0xbe0cb5522bd8e32c441cf603548ab56e56822e8e5f2a24816d770fc237ece061,0x037dfd569defbc08ae28001159b4c49f6d006cff|0xb37d31b2a74029b5951a2778f959282e2d518595,0x037dfd569defbc08ae28001159b4c49f6d006cff,0x45c2f8c9b4c0bdc76200448cc26c48ab6ffef83f,DOMI,token:DOMI,0xbe0cb5522bd8e32c441cf603548ab56e56822e8e5f2a24816d770fc237ece061_None_DOMI_0x45c2f8c9b4c0bdc76200448cc26c48ab6ffef83f,1639586509,1639586509,1,1e+22,10000.0,10000.0,16.279070,16.279070,0.800000,tx_agg_rolling_1800s_same_asset_group_or_route,Celer
ETH,eth_flow_599a2d7ac63747__r7fam18__inst00__synth_merge_src1,0xbe0cb5522bd8e32c441cf603548ab56e56822e8e5f2a24816d770fc237ece061,0x037dfd569defbc08ae28001159b4c49f6d006cff|0xb37d31b2a74029b5951a2778f959282e2d518595,0x037dfd569defbc08ae28001159b4c49f6d006cff,0x45c2f8c9b4c0bdc76200448cc26c48ab6ffef83f,DOMI,token:DOMI,0xbe0cb5522bd8e32c441cf603548ab56e56822e8e5f2a24816d770fc237ece061_None_DOMI_0x45c2f8c9b4c0bdc76200448cc26c48ab6ffef83f,1639586509,1639586509,1,5e+21,5000.0,5000.0,16.279070,16.279070,0.800000,tx_agg_rolling_1800s_same_asset_group_or_route,Celer
ETH,eth_flow_599a2d7ac63747__r7fam18__inst00__synth_merge_src2,0xbe0cb5522bd8e32c441cf603548ab56e56822e8e5f2a24816d770fc237ece061,0x037dfd569defbc08ae28001159b4c49f6d006cff|0xb37d31b2a74029b5951a2778f959282e2d518595,0x037dfd569defbc08ae28001159b4c49f6d006cff,0x45c2f8c9b4c0bdc76200448cc26c48ab6ffef83f,DOMI,token:DOMI,0xbe0cb5522bd8e32c441cf603548ab56e56822e8e5f2a24816d770fc237ece061_None_DOMI_0x45c2f8c9b4c0bdc76200448cc26c48ab6ffef83f,1639586509,1639586509,1,5e+21,5000.0,5000.0,16.279070,16.279070,0.800000,tx_agg_rolling_1800s_same_asset_group_or_route,Celer
ETH,eth_flow_599a2d7ac63747__r7fam18__inst00__synth_unmatched_src,0xbe0cb5522bd8e32c441cf603548ab56e56822e8e5f2a24816d770fc237ece061,0x037dfd569defbc08ae28001159b4c49f6d006cff|0xb37d31b2a74029b5951a2778f959282e2d518595,0x037dfd569defbc08ae28001159b4c49f6d006cff,0x45c2f8c9b4c0bdc76200448cc26c48ab6ffef83f,DOMI,token:DOMI,0xbe0cb5522bd8e32c441cf603548ab56e56822e8e5f2a24816d770fc237ece061_None_DOMI_0x45c2f8c9b4c0bdc76200448cc26c48ab6ffef83f,1639586509,1639586509,1,1e+22,10000.0,10000.0,16.279070,16.279070,0.800000,tx_agg_rolling_1800s_same_asset_group_or_route,Celer
ETH,eth_flow_599a2d7ac63747__r7fam18__inst00__synth_noise_src_0,0xbe0cb5522bd8e32c441cf603548ab56e56822e8e5f2a24816d770fc237ece061,0x037dfd569defbc08ae28001159b4c49f6d006cff|0xb37d31b2a74029b5951a2778f959282e2d518595,0x037dfd569defbc08ae28001159b4c49f6d006cff,0x45c2f8c9b4c0bdc76200448cc26c48ab6ffef83f,DOMI,token:DOMI,0xbe0cb5522bd8e32c441cf603548ab56e56822e8e5f2a24816d770fc237ece061_None_DOMI_0x45c2f8c9b4c0bdc76200448cc26c48ab6ffef83f,1639586509,1639586509,1,1e+22,10000.0,10000.0,16.279070,16.279070,0.800000,tx_agg_rolling_1800s_same_asset_group_or_route,Celer
ETH,eth_flow_599a2d7ac63747__r7fam18__inst00__synth_noise_src_1,0xbe0cb5522bd8e32c441cf603548ab56e56822e8e5f2a24816d770fc237ece061,0x037dfd569defbc08ae28001159b4c49f6d006cff|0xb37d31b2a74029b5951a2778f959282e2d518595,0x037dfd569defbc08ae28001159b4c49f6d006cff,0x45c2f8c9b4c0bdc76200448cc26c48ab6ffef83f,DOMI,token:DOMI,0xbe0cb5522bd8e32c441cf603548ab56e56822e8e5f2a24816d770fc237ece061_None_DOMI_0x45c2f8c9b4c0bdc76200448cc26c48ab6ffef83f,1639586509,1639586509,1,1e+22,10000.0,10000.0,16.279070,16.279070,0.800000,tx_agg_rolling_1800s_same_asset_group_or_route,Celer
ETH,eth_flow_4aa3319ea77842__r7fam18__inst01__synth_split_src,0x140c68f8e8811af004e19a9a7ccd2b6f6cb9d93014bfba45e04eb5e3927c990b,0x7a6a59588b8106045303e1923227a2cefbec2b66|0xb37d31b2a74029b5951a2778f959282e2d518595,0x7a6a59588b8106045303e1923227a2cefbec2b66,0x45c2f8c9b4c0bdc76200448cc26c48ab6ffef83f,DOMI,token:DOMI,0x140c68f8e8811af004e19a9a7ccd2b6f6cb9d93014bfba45e04eb5e3927c990b_None_DOMI_0x45c2f8c9b4c0bdc76200448cc26c48ab6ffef83f,1645683319,1645683319,1,3.09194707304886e+22,30919.4707304886,30919.4707304886,0.000000,0.000000,0.800000,tx_agg_rolling_1800s_same_asset_group_or_route,Celer
ETH,eth_flow_4aa3319ea77842__r7fam18__inst01__synth_merge_src1,0x140c68f8e8811af004e19a9a7ccd2b6f6cb9d93014bfba45e04eb5e3927c990b,0x7a6a59588b8106045303e1923227a2cefbec2b66|0xb37d31b2a74029b5951a2778f959282e2d518595,0x7a6a59588b8106045303e1923227a2cefbec2b66,0x45c2f8c9b4c0bdc76200448cc26c48ab6ffef83f,DOMI,token:DOMI,0x140c68f8e8811af004e19a9a7ccd2b6f6cb9d93014bfba45e04eb5e3927c990b_None_DOMI_0x45c2f8c9b4c0bdc76200448cc26c48ab6ffef83f,1645683319,1645683319,1,1.54597353652443e+22,15459.7353652443,15459.7353652443,0.000000,0.000000,0.800000,tx_agg_rolling_1800s_same_asset_group_or_route,Celer
ETH,eth_flow_4aa3319ea77842__r7fam18__inst01__synth_merge_src2,0x140c68f8e8811af004e19a9a7ccd2b6f6cb9d93014bfba45e04eb5e3927c990b,0x7a6a59588b8106045303e1923227a2cefbec2b66|0xb37d31b2a74029b5951a2778f959282e2d518595,0x7a6a59588b8106045303e1923227a2cefbec2b66,0x45c2f8c9b4c0bdc76200448cc26c48ab6ffef83f,DOMI,token:DOMI,0x140c68f8e8811af004e19a9a7ccd2b6f6cb9d93014bfba45e04eb5e3927c990b_None_DOMI_0x45c2f8c9b4c0bdc76200448cc26c48ab6ffef83f,1645683319,1645683319,1,1.54597353652443e+22,15459.7353652443,15459.7353652443,0.000000,0.000000,0.800000,tx_agg_rolling_1800s_same_asset_group_or_route,Celer
ETH,eth_flow_4aa3319ea77842__r7fam18__inst01__synth_unmatched_src,0x140c68f8e8811af004e19a9a7ccd2b6f6cb9d93014bfba45e04eb5e3927c990b,0x7a6a59588b8106045303e1923227a2cefbec2b66|0xb37d31b2a74029b5951a2778f959282e2d518595,0x7a6a59588b8106045303e1923227a2cefbec2b66,0x45c2f8c9b4c0bdc76200448cc26c48ab6ffef83f,DOMI,token:DOMI,0x140c68f8e8811af004e19a9a7ccd2b6f6cb9d93014bfba45e04eb5e3927c990b_None_DOMI_0x45c2f8c9b4c0bdc76200448cc26c48ab6ffef83f,1645683319,1645683319,1,3.09194707304886e+22,30919.4707304886,30919.4707304886,0.000000,0.000000,0.800000,tx_agg_rolling_1800s_same_asset_group_or_route,Celer
ETH,eth_flow_4aa3319ea77842__r7fam18__inst01__synth_noise_src_0,0x140c68f8e8811af004e19a9a7ccd2b6f6cb9d93014bfba45e04eb5e3927c990b,0x7a6a59588b8106045303e1923227a2cefbec2b66|0xb37d31b2a74029b5951a2778f959282e2d518595,0x7a6a59588b8106045303e1923227a2cefbec2b66,0x45c2f8c9b4c0bdc76200448cc26c48ab6ffef83f,DOMI,token:DOMI,0x140c68f8e8811af004e19a9a7ccd2b6f6cb9d93014bfba45e04eb5e3927c990b_None_DOMI_0x45c2f8c9b4c0bdc76200448cc26c48ab6ffef83f,1645683319,1645683319,1,3.09194707304886e+22,30919.4707304886,30919.4707304886,0.000000,0.000000,0.800000,tx_agg_rolling_1800s_same_asset_group_or_route,Celer
ETH,eth_flow_4aa3319ea77842__r7fam18__inst01__synth_noise_src_1,0x140c68f8e8811af004e19a9a7ccd2b6f6cb9d93014bfba45e04eb5e3927c990b,0x7a6a59588b8106045303e1923227a2cefbec2b66|0xb37d31b2a74029b5951a2778f959282e2d518595,0x7a6a59588b8106045303e1923227a2cefbec2b66,0x45c2f8c9b4c0bdc76200448cc26c48ab6ffef83f,DOMI,token:DOMI,0x140c68f8e8811af004e19a9a7ccd2b6f6cb9d93014bfba45e04eb5e3927c990b_None_DOMI_0x45c2f8c9b4c0bdc76200448cc26c48ab6ffef83f,1645683319,1645683319,1,3.09194707304886e+22,30919.4707304886,30919.4707304886,0.000000,0.000000,0.800000,tx_agg_rolling_1800s_same_asset_group_or_route,Celer
ETH,eth_flow_e173b4077dff46__r7fam19__inst00__synth_split_src,0x5e79d35d5d6253366b6ff8ee6a1c846ba8c12a9706a0fcde2cf418d6f8df7581,0xb37d31b2a74029b5951a2778f959282e2d518595|0xd3660ee5743108ddbbc6eb9dd07a0c325f6921fe,0xd3660ee5743108ddbbc6eb9dd07a0c325f6921fe,0x38b0e3a59183814957d83df2a97492aed1f003e2,ANML,token:ANML,0x5e79d35d5d6253366b6ff8ee6a1c846ba8c12a9706a0fcde2cf418d6f8df7581_None_ANML_0x38b0e3a59183814957d83df2a97492aed1f003e2,1648811263,1648811263,1,1.9979482043331287e+23,199794.82043331288,199794.82043331288,11.627907,11.627907,0.800000,tx_agg_rolling_1800s_same_asset_group_or_route,Celer
ETH,eth_flow_e173b4077dff46__r7fam19__inst00__synth_merge_src1,0x5e79d35d5d6253366b6ff8ee6a1c846ba8c12a9706a0fcde2cf418d6f8df7581,0xb37d31b2a74029b5951a2778f959282e2d518595|0xd3660ee5743108ddbbc6eb9dd07a0c325f6921fe,0xd3660ee5743108ddbbc6eb9dd07a0c325f6921fe,0x38b0e3a59183814957d83df2a97492aed1f003e2,ANML,token:ANML,0x5e79d35d5d6253366b6ff8ee6a1c846ba8c12a9706a0fcde2cf418d6f8df7581_None_ANML_0x38b0e3a59183814957d83df2a97492aed1f003e2,1648811263,1648811263,1,9.989741021665643e+22,99897.41021665644,99897.41021665644,11.627907,11.627907,0.800000,tx_agg_rolling_1800s_same_asset_group_or_route,Celer
ETH,eth_flow_e173b4077dff46__r7fam19__inst00__synth_merge_src2,0x5e79d35d5d6253366b6ff8ee6a1c846ba8c12a9706a0fcde2cf418d6f8df7581,0xb37d31b2a74029b5951a2778f959282e2d518595|0xd3660ee5743108ddbbc6eb9dd07a0c325f6921fe,0xd3660ee5743108ddbbc6eb9dd07a0c325f6921fe,0x38b0e3a59183814957d83df2a97492aed1f003e2,ANML,token:ANML,0x5e79d35d5d6253366b6ff8ee6a1c846ba8c12a9706a0fcde2cf418d6f8df7581_None_ANML_0x38b0e3a59183814957d83df2a97492aed1f003e2,1648811263,1648811263,1,9.989741021665643e+22,99897.41021665644,99897.41021665644,11.627907,11.627907,0.800000,tx_agg_rolling_1800s_same_asset_group_or_route,Celer
ETH,eth_flow_e173b4077dff46__r7fam19__inst00__synth_unmatched_src,0x5e79d35d5d6253366b6ff8ee6a1c846ba8c12a9706a0fcde2cf418d6f8df7581,0xb37d31b2a74029b5951a2778f959282e2d518595|0xd3660ee5743108ddbbc6eb9dd07a0c325f6921fe,0xd3660ee5743108ddbbc6eb9dd07a0c325f6921fe,0x38b0e3a59183814957d83df2a97492aed1f003e2,ANML,token:ANML,0x5e79d35d5d6253366b6ff8ee6a1c846ba8c12a9706a0fcde2cf418d6f8df7581_None_ANML_0x38b0e3a59183814957d83df2a97492aed1f003e2,1648811263,1648811263,1,1.9979482043331287e+23,199794.82043331288,199794.82043331288,11.627907,11.627907,0.800000,tx_agg_rolling_1800s_same_asset_group_or_route,Celer
ETH,eth_flow_e173b4077dff46__r7fam19__inst00__synth_noise_src_0,0x5e79d35d5d6253366b6ff8ee6a1c846ba8c12a9706a0fcde2cf418d6f8df7581,0xb37d31b2a74029b5951a2778f959282e2d518595|0xd3660ee5743108ddbbc6eb9dd07a0c325f6921fe,0xd3660ee5743108ddbbc6eb9dd07a0c325f6921fe,0x38b0e3a59183814957d83df2a97492aed1f003e2,ANML,token:ANML,0x5e79d35d5d6253366b6ff8ee6a1c846ba8c12a9706a0fcde2cf418d6f8df7581_None_ANML_0x38b0e3a59183814957d83df2a97492aed1f003e2,1648811263,1648811263,1,1.9979482043331287e+23,199794.82043331288,199794.82043331288,11.627907,11.627907,0.800000,tx_agg_rolling_1800s_same_asset_group_or_route,Celer
ETH,eth_flow_e173b4077dff46__r7fam19__inst00__synth_noise_src_1,0x5e79d35d5d6253366b6ff8ee6a1c846ba8c12a9706a0fcde2cf418d6f8df7581,0xb37d31b2a74029b5951a2778f959282e2d518595|0xd3660ee5743108ddbbc6eb9dd07a0c325f6921fe,0xd3660ee5743108ddbbc6eb9dd07a0c325f6921fe,0x38b0e3a59183814957d83df2a97492aed1f003e2,ANML,token:ANML,0x5e79d35d5d6253366b6ff8ee6a1c846ba8c12a9706a0fcde2cf418d6f8df7581_None_ANML_0x38b0e3a59183814957d83df2a97492aed1f003e2,1648811263,1648811263,1,1.9979482043331287e+23,199794.82043331288,199794.82043331288,11.627907,11.627907,0.800000,tx_agg_rolling_1800s_same_asset_group_or_route,Celer
ETH,eth_flow_7b5bf17b1df44b__r7fam19__inst01__synth_split_src,0xca48d926b82cc9f71c76acdb8d9978151a607b24cf7d52600acd5c4bdbe4b7d6,0x73f90e18ed0bd4b5475161f6211a0413172e8d12|0xb37d31b2a74029b5951a2778f959282e2d518595,0x73f90e18ed0bd4b5475161f6211a0413172e8d12,0x45c2f8c9b4c0bdc76200448cc26c48ab6ffef83f,DOMI,token:DOMI,0xca48d926b82cc9f71c76acdb8d9978151a607b24cf7d52600acd5c4bdbe4b7d6_None_DOMI_0x45c2f8c9b4c0bdc76200448cc26c48ab6ffef83f,1642003484,1642003484,1,3.2618425503874902e+22,32618.425503874903,32618.425503874903,16.279070,16.279070,0.800000,tx_agg_rolling_1800s_same_asset_group_or_route,Celer
ETH,eth_flow_7b5bf17b1df44b__r7fam19__inst01__synth_merge_src1,0xca48d926b82cc9f71c76acdb8d9978151a607b24cf7d52600acd5c4bdbe4b7d6,0x73f90e18ed0bd4b5475161f6211a0413172e8d12|0xb37d31b2a74029b5951a2778f959282e2d518595,0x73f90e18ed0bd4b5475161f6211a0413172e8d12,0x45c2f8c9b4c0bdc76200448cc26c48ab6ffef83f,DOMI,token:DOMI,0xca48d926b82cc9f71c76acdb8d9978151a607b24cf7d52600acd5c4bdbe4b7d6_None_DOMI_0x45c2f8c9b4c0bdc76200448cc26c48ab6ffef83f,1642003484,1642003484,1,1.6309212751937451e+22,16309.212751937452,16309.212751937452,16.279070,16.279070,0.800000,tx_agg_rolling_1800s_same_asset_group_or_route,Celer
ETH,eth_flow_7b5bf17b1df44b__r7fam19__inst01__synth_merge_src2,0xca48d926b82cc9f71c76acdb8d9978151a607b24cf7d52600acd5c4bdbe4b7d6,0x73f90e18ed0bd4b5475161f6211a0413172e8d12|0xb37d31b2a74029b5951a2778f959282e2d518595,0x73f90e18ed0bd4b5475161f6211a0413172e8d12,0x45c2f8c9b4c0bdc76200448cc26c48ab6ffef83f,DOMI,token:DOMI,0xca48d926b82cc9f71c76acdb8d9978151a607b24cf7d52600acd5c4bdbe4b7d6_None_DOMI_0x45c2f8c9b4c0bdc76200448cc26c48ab6ffef83f,1642003484,1642003484,1,1.6309212751937451e+22,16309.212751937452,16309.212751937452,16.279070,16.279070,0.800000,tx_agg_rolling_1800s_same_asset_group_or_route,Celer
ETH,eth_flow_7b5bf17b1df44b__r7fam19__inst01__synth_unmatched_src,0xca48d926b82cc9f71c76acdb8d9978151a607b24cf7d52600acd5c4bdbe4b7d6,0x73f90e18ed0bd4b5475161f6211a0413172e8d12|0xb37d31b2a74029b5951a2778f959282e2d518595,0x73f90e18ed0bd4b5475161f6211a0413172e8d12,0x45c2f8c9b4c0bdc76200448cc26c48ab6ffef83f,DOMI,token:DOMI,0xca48d926b82cc9f71c76acdb8d9978151a607b24cf7d52600acd5c4bdbe4b7d6_None_DOMI_0x45c2f8c9b4c0bdc76200448cc26c48ab6ffef83f,1642003484,1642003484,1,3.2618425503874902e+22,32618.425503874903,32618.425503874903,16.279070,16.279070,0.800000,tx_agg_rolling_1800s_same_asset_group_or_route,Celer
ETH,eth_flow_7b5bf17b1df44b__r7fam19__inst01__synth_noise_src_0,0xca48d926b82cc9f71c76acdb8d9978151a607b24cf7d52600acd5c4bdbe4b7d6,0x73f90e18ed0bd4b5475161f6211a0413172e8d12|0xb37d31b2a74029b5951a2778f959282e2d518595,0x73f90e18ed0bd4b5475161f6211a0413172e8d12,0x45c2f8c9b4c0bdc76200448cc26c48ab6ffef83f,DOMI,token:DOMI,0xca48d926b82cc9f71c76acdb8d9978151a607b24cf7d52600acd5c4bdbe4b7d6_None_DOMI_0x45c2f8c9b4c0bdc76200448cc26c48ab6ffef83f,1642003484,1642003484,1,3.2618425503874902e+22,32618.425503874903,32618.425503874903,16.279070,16.279070,0.800000,tx_agg_rolling_1800s_same_asset_group_or_route,Celer
ETH,eth_flow_7b5bf17b1df44b__r7fam19__inst01__synth_noise_src_1,0xca48d926b82cc9f71c76acdb8d9978151a607b24cf7d52600acd5c4bdbe4b7d6,0x73f90e18ed0bd4b5475161f6211a0413172e8d12|0xb37d31b2a74029b5951a2778f959282e2d518595,0x73f90e18ed0bd4b5475161f6211a0413172e8d12,0x45c2f8c9b4c0bdc76200448cc26c48ab6ffef83f,DOMI,token:DOMI,0xca48d926b82cc9f71c76acdb8d9978151a607b24cf7d52600acd5c4bdbe4b7d6_None_DOMI_0x45c2f8c9b4c0bdc76200448cc26c48ab6ffef83f,1642003484,1642003484,1,3.2618425503874902e+22,32618.425503874903,32618.425503874903,16.279070,16.279070,0.800000,tx_agg_rolling_1800s_same_asset_group_or_route,Celer
ETH,eth_flow_0a520f59f8b04a__r7fam20__inst00__synth_split_src,0x8e378a2e6673a3c4b1a01342970f83faf3f4924d8f7f56830ac55035f47d8103,0x5427fefa711eff984124bfbb1ab6fbf5e3da1820|0x618081e54c42f5bdc287ac1d45dacad4dfbdc847,0x618081e54c42f5bdc287ac1d45dacad4dfbdc847,0xdac17f958d2ee523a2206206994597c13d831ec7,USDT,stable:USDT,0x8e378a2e6673a3c4b1a01342970f83faf3f4924d8f7f56830ac55035f47d8103_None_USDT_0xdac17f958d2ee523a2206206994597c13d831ec7,1639895383,1639895383,1,40204277452.0,40204.277452,40204.277452,0.000000,0.000000,0.775000,tx_agg_rolling_1800s_same_asset_group_or_route,Celer
ETH,eth_flow_0a520f59f8b04a__r7fam20__inst00__synth_merge_src1,0x8e378a2e6673a3c4b1a01342970f83faf3f4924d8f7f56830ac55035f47d8103,0x5427fefa711eff984124bfbb1ab6fbf5e3da1820|0x618081e54c42f5bdc287ac1d45dacad4dfbdc847,0x618081e54c42f5bdc287ac1d45dacad4dfbdc847,0xdac17f958d2ee523a2206206994597c13d831ec7,USDT,stable:USDT,0x8e378a2e6673a3c4b1a01342970f83faf3f4924d8f7f56830ac55035f47d8103_None_USDT_0xdac17f958d2ee523a2206206994597c13d831ec7,1639895383,1639895383,1,20102138726.0,20102.138726,20102.138726,0.000000,0.000000,0.775000,tx_agg_rolling_1800s_same_asset_group_or_route,Celer
ETH,eth_flow_0a520f59f8b04a__r7fam20__inst00__synth_merge_src2,0x8e378a2e6673a3c4b1a01342970f83faf3f4924d8f7f56830ac55035f47d8103,0x5427fefa711eff984124bfbb1ab6fbf5e3da1820|0x618081e54c42f5bdc287ac1d45dacad4dfbdc847,0x618081e54c42f5bdc287ac1d45dacad4dfbdc847,0xdac17f958d2ee523a2206206994597c13d831ec7,USDT,stable:USDT,0x8e378a2e6673a3c4b1a01342970f83faf3f4924d8f7f56830ac55035f47d8103_None_USDT_0xdac17f958d2ee523a2206206994597c13d831ec7,1639895383,1639895383,1,20102138726.0,20102.138726,20102.138726,0.000000,0.000000,0.775000,tx_agg_rolling_1800s_same_asset_group_or_route,Celer
ETH,eth_flow_0a520f59f8b04a__r7fam20__inst00__synth_unmatched_src,0x8e378a2e6673a3c4b1a01342970f83faf3f4924d8f7f56830ac55035f47d8103,0x5427fefa711eff984124bfbb1ab6fbf5e3da1820|0x618081e54c42f5bdc287ac1d45dacad4dfbdc847,0x618081e54c42f5bdc287ac1d45dacad4dfbdc847,0xdac17f958d2ee523a2206206994597c13d831ec7,USDT,stable:USDT,0x8e378a2e6673a3c4b1a01342970f83faf3f4924d8f7f56830ac55035f47d8103_None_USDT_0xdac17f958d2ee523a2206206994597c13d831ec7,1639895383,1639895383,1,40204277452.0,40204.277452,40204.277452,0.000000,0.000000,0.775000,tx_agg_rolling_1800s_same_asset_group_or_route,Celer
ETH,eth_flow_0a520f59f8b04a__r7fam20__inst00__synth_noise_src_0,0x8e378a2e6673a3c4b1a01342970f83faf3f4924d8f7f56830ac55035f47d8103,0x5427fefa711eff984124bfbb1ab6fbf5e3da1820|0x618081e54c42f5bdc287ac1d45dacad4dfbdc847,0x618081e54c42f5bdc287ac1d45dacad4dfbdc847,0xdac17f958d2ee523a2206206994597c13d831ec7,USDT,stable:USDT,0x8e378a2e6673a3c4b1a01342970f83faf3f4924d8f7f56830ac55035f47d8103_None_USDT_0xdac17f958d2ee523a2206206994597c13d831ec7,1639895383,1639895383,1,40204277452.0,40204.277452,40204.277452,0.000000,0.000000,0.775000,tx_agg_rolling_1800s_same_asset_group_or_route,Celer
ETH,eth_flow_0a520f59f8b04a__r7fam20__inst00__synth_noise_src_1,0x8e378a2e6673a3c4b1a01342970f83faf3f4924d8f7f56830ac55035f47d8103,0x5427fefa711eff984124bfbb1ab6fbf5e3da1820|0x618081e54c42f5bdc287ac1d45dacad4dfbdc847,0x618081e54c42f5bdc287ac1d45dacad4dfbdc847,0xdac17f958d2ee523a2206206994597c13d831ec7,USDT,stable:USDT,0x8e378a2e6673a3c4b1a01342970f83faf3f4924d8f7f56830ac55035f47d8103_None_USDT_0xdac17f958d2ee523a2206206994597c13d831ec7,1639895383,1639895383,1,40204277452.0,40204.277452,40204.277452,0.000000,0.000000,0.775000,tx_agg_rolling_1800s_same_asset_group_or_route,Celer
ETH,eth_flow_6885460ea6734b__r7fam20__inst01__synth_split_src,0x6e5eb3f03c4ef8ce8eda9591fe6a32e61a3dadc4d433c1aeb943f714dc68507f,0x5427fefa711eff984124bfbb1ab6fbf5e3da1820|0x782ea93d5bdab7775517f2fe448fcc8cb8680e28,0x782ea93d5bdab7775517f2fe448fcc8cb8680e28,0xdac17f958d2ee523a2206206994597c13d831ec7,USDT,stable:USDT,0x6e5eb3f03c4ef8ce8eda9591fe6a32e61a3dadc4d433c1aeb943f714dc68507f_None_USDT_0xdac17f958d2ee523a2206206994597c13d831ec7,1639188934,1639188934,1,36049973503.0,36049.973503,36049.973503,0.000000,0.000000,0.800000,tx_agg_rolling_1800s_same_asset_group_or_route,Celer
ETH,eth_flow_6885460ea6734b__r7fam20__inst01__synth_merge_src1,0x6e5eb3f03c4ef8ce8eda9591fe6a32e61a3dadc4d433c1aeb943f714dc68507f,0x5427fefa711eff984124bfbb1ab6fbf5e3da1820|0x782ea93d5bdab7775517f2fe448fcc8cb8680e28,0x782ea93d5bdab7775517f2fe448fcc8cb8680e28,0xdac17f958d2ee523a2206206994597c13d831ec7,USDT,stable:USDT,0x6e5eb3f03c4ef8ce8eda9591fe6a32e61a3dadc4d433c1aeb943f714dc68507f_None_USDT_0xdac17f958d2ee523a2206206994597c13d831ec7,1639188934,1639188934,1,18024986751.5,18024.9867515,18024.9867515,0.000000,0.000000,0.800000,tx_agg_rolling_1800s_same_asset_group_or_route,Celer
ETH,eth_flow_6885460ea6734b__r7fam20__inst01__synth_merge_src2,0x6e5eb3f03c4ef8ce8eda9591fe6a32e61a3dadc4d433c1aeb943f714dc68507f,0x5427fefa711eff984124bfbb1ab6fbf5e3da1820|0x782ea93d5bdab7775517f2fe448fcc8cb8680e28,0x782ea93d5bdab7775517f2fe448fcc8cb8680e28,0xdac17f958d2ee523a2206206994597c13d831ec7,USDT,stable:USDT,0x6e5eb3f03c4ef8ce8eda9591fe6a32e61a3dadc4d433c1aeb943f714dc68507f_None_USDT_0xdac17f958d2ee523a2206206994597c13d831ec7,1639188934,1639188934,1,18024986751.5,18024.9867515,18024.9867515,0.000000,0.000000,0.800000,tx_agg_rolling_1800s_same_asset_group_or_route,Celer
ETH,eth_flow_6885460ea6734b__r7fam20__inst01__synth_unmatched_src,0x6e5eb3f03c4ef8ce8eda9591fe6a32e61a3dadc4d433c1aeb943f714dc68507f,0x5427fefa711eff984124bfbb1ab6fbf5e3da1820|0x782ea93d5bdab7775517f2fe448fcc8cb8680e28,0x782ea93d5bdab7775517f2fe448fcc8cb8680e28,0xdac17f958d2ee523a2206206994597c13d831ec7,USDT,stable:USDT,0x6e5eb3f03c4ef8ce8eda9591fe6a32e61a3dadc4d433c1aeb943f714dc68507f_None_USDT_0xdac17f958d2ee523a2206206994597c13d831ec7,1639188934,1639188934,1,36049973503.0,36049.973503,36049.973503,0.000000,0.000000,0.800000,tx_agg_rolling_1800s_same_asset_group_or_route,Celer
ETH,eth_flow_6885460ea6734b__r7fam20__inst01__synth_noise_src_0,0x6e5eb3f03c4ef8ce8eda9591fe6a32e61a3dadc4d433c1aeb943f714dc68507f,0x5427fefa711eff984124bfbb1ab6fbf5e3da1820|0x782ea93d5bdab7775517f2fe448fcc8cb8680e28,0x782ea93d5bdab7775517f2fe448fcc8cb8680e28,0xdac17f958d2ee523a2206206994597c13d831ec7,USDT,stable:USDT,0x6e5eb3f03c4ef8ce8eda9591fe6a32e61a3dadc4d433c1aeb943f714dc68507f_None_USDT_0xdac17f958d2ee523a2206206994597c13d831ec7,1639188934,1639188934,1,36049973503.0,36049.973503,36049.973503,0.000000,0.000000,0.800000,tx_agg_rolling_1800s_same_asset_group_or_route,Celer
ETH,eth_flow_6885460ea6734b__r7fam20__inst01__synth_noise_src_1,0x6e5eb3f03c4ef8ce8eda9591fe6a32e61a3dadc4d433c1aeb943f714dc68507f,0x5427fefa711eff984124bfbb1ab6fbf5e3da1820|0x782ea93d5bdab7775517f2fe448fcc8cb8680e28,0x782ea93d5bdab7775517f2fe448fcc8cb8680e28,0xdac17f958d2ee523a2206206994597c13d831ec7,USDT,stable:USDT,0x6e5eb3f03c4ef8ce8eda9591fe6a32e61a3dadc4d433c1aeb943f714dc68507f_None_USDT_0xdac17f958d2ee523a2206206994597c13d831ec7,1639188934,1639188934,1,36049973503.0,36049.973503,36049.973503,0.000000,0.000000,0.800000,tx_agg_rolling_1800s_same_asset_group_or_route,Celer
ETH,eth_flow_f9272f26dcd04f__r7fam21__inst00__synth_split_src,0xe623a8a9496718e69203affad1f3fdbb238690be5e066c89c5208f26ba791848,0xb37d31b2a74029b5951a2778f959282e2d518595|0xeb5cc391e8cae0d95160bf4b35896efcd19182da,0xeb5cc391e8cae0d95160bf4b35896efcd19182da,0x728f30fa2f100742c7949d1961804fa8e0b1387d,GHX,token:GHX,0xe623a8a9496718e69203affad1f3fdbb238690be5e066c89c5208f26ba791848_None_GHX_0x728f30fa2f100742c7949d1961804fa8e0b1387d,1646534853,1646534853,1,2.239172005216796e+22,22391.72005216796,22391.72005216796,0.000000,0.000000,0.800000,tx_agg_rolling_1800s_same_asset_group_or_route,Celer
ETH,eth_flow_f9272f26dcd04f__r7fam21__inst00__synth_merge_src1,0xe623a8a9496718e69203affad1f3fdbb238690be5e066c89c5208f26ba791848,0xb37d31b2a74029b5951a2778f959282e2d518595|0xeb5cc391e8cae0d95160bf4b35896efcd19182da,0xeb5cc391e8cae0d95160bf4b35896efcd19182da,0x728f30fa2f100742c7949d1961804fa8e0b1387d,GHX,token:GHX,0xe623a8a9496718e69203affad1f3fdbb238690be5e066c89c5208f26ba791848_None_GHX_0x728f30fa2f100742c7949d1961804fa8e0b1387d,1646534853,1646534853,1,1.119586002608398e+22,11195.86002608398,11195.86002608398,0.000000,0.000000,0.800000,tx_agg_rolling_1800s_same_asset_group_or_route,Celer
ETH,eth_flow_f9272f26dcd04f__r7fam21__inst00__synth_merge_src2,0xe623a8a9496718e69203affad1f3fdbb238690be5e066c89c5208f26ba791848,0xb37d31b2a74029b5951a2778f959282e2d518595|0xeb5cc391e8cae0d95160bf4b35896efcd19182da,0xeb5cc391e8cae0d95160bf4b35896efcd19182da,0x728f30fa2f100742c7949d1961804fa8e0b1387d,GHX,token:GHX,0xe623a8a9496718e69203affad1f3fdbb238690be5e066c89c5208f26ba791848_None_GHX_0x728f30fa2f100742c7949d1961804fa8e0b1387d,1646534853,1646534853,1,1.119586002608398e+22,11195.86002608398,11195.86002608398,0.000000,0.000000,0.800000,tx_agg_rolling_1800s_same_asset_group_or_route,Celer
ETH,eth_flow_f9272f26dcd04f__r7fam21__inst00__synth_unmatched_src,0xe623a8a9496718e69203affad1f3fdbb238690be5e066c89c5208f26ba791848,0xb37d31b2a74029b5951a2778f959282e2d518595|0xeb5cc391e8cae0d95160bf4b35896efcd19182da,0xeb5cc391e8cae0d95160bf4b35896efcd19182da,0x728f30fa2f100742c7949d1961804fa8e0b1387d,GHX,token:GHX,0xe623a8a9496718e69203affad1f3fdbb238690be5e066c89c5208f26ba791848_None_GHX_0x728f30fa2f100742c7949d1961804fa8e0b1387d,1646534853,1646534853,1,2.239172005216796e+22,22391.72005216796,22391.72005216796,0.000000,0.000000,0.800000,tx_agg_rolling_1800s_same_asset_group_or_route,Celer
ETH,eth_flow_f9272f26dcd04f__r7fam21__inst00__synth_noise_src_0,0xe623a8a9496718e69203affad1f3fdbb238690be5e066c89c5208f26ba791848,0xb37d31b2a74029b5951a2778f959282e2d518595|0xeb5cc391e8cae0d95160bf4b35896efcd19182da,0xeb5cc391e8cae0d95160bf4b35896efcd19182da,0x728f30fa2f100742c7949d1961804fa8e0b1387d,GHX,token:GHX,0xe623a8a9496718e69203affad1f3fdbb238690be5e066c89c5208f26ba791848_None_GHX_0x728f30fa2f100742c7949d1961804fa8e0b1387d,1646534853,1646534853,1,2.239172005216796e+22,22391.72005216796,22391.72005216796,0.000000,0.000000,0.800000,tx_agg_rolling_1800s_same_asset_group_or_route,Celer
ETH,eth_flow_f9272f26dcd04f__r7fam21__inst00__synth_noise_src_1,0xe623a8a9496718e69203affad1f3fdbb238690be5e066c89c5208f26ba791848,0xb37d31b2a74029b5951a2778f959282e2d518595|0xeb5cc391e8cae0d95160bf4b35896efcd19182da,0xeb5cc391e8cae0d95160bf4b35896efcd19182da,0x728f30fa2f100742c7949d1961804fa8e0b1387d,GHX,token:GHX,0xe623a8a9496718e69203affad1f3fdbb238690be5e066c89c5208f26ba791848_None_GHX_0x728f30fa2f100742c7949d1961804fa8e0b1387d,1646534853,1646534853,1,2.239172005216796e+22,22391.72005216796,22391.72005216796,0.000000,0.000000,0.800000,tx_agg_rolling_1800s_same_asset_group_or_route,Celer
ETH,eth_flow_963029d73e6a49__r7fam21__inst01__synth_split_src,0x0f99a63e03a3add3b3e99c2cdd8d041abf36bb9196e65caf41d0ea96c1490e39,0x7510792a3b1969f9307f3845ce88e39578f2bae1|0xe0ca654faeda8b8ee13cfe4185e315683255e55e,0xe0ca654faeda8b8ee13cfe4185e315683255e55e,0x298d492e8c1d909d3f63bc4a36c66c64acb3d695,PBR,token:PBR,0x0f99a63e03a3add3b3e99c2cdd8d041abf36bb9196e65caf41d0ea96c1490e39_None_PBR_0x298d492e8c1d909d3f63bc4a36c66c64acb3d695,1674391355,1674391355,1,1.0138391823906784e+22,10138.391823906786,10138.391823906786,0.000000,0.000000,0.800000,tx_agg_rolling_1800s_same_asset_group_or_route,Celer
ETH,eth_flow_963029d73e6a49__r7fam21__inst01__synth_merge_src1,0x0f99a63e03a3add3b3e99c2cdd8d041abf36bb9196e65caf41d0ea96c1490e39,0x7510792a3b1969f9307f3845ce88e39578f2bae1|0xe0ca654faeda8b8ee13cfe4185e315683255e55e,0xe0ca654faeda8b8ee13cfe4185e315683255e55e,0x298d492e8c1d909d3f63bc4a36c66c64acb3d695,PBR,token:PBR,0x0f99a63e03a3add3b3e99c2cdd8d041abf36bb9196e65caf41d0ea96c1490e39_None_PBR_0x298d492e8c1d909d3f63bc4a36c66c64acb3d695,1674391355,1674391355,1,5.069195911953392e+21,5069.195911953393,5069.195911953393,0.000000,0.000000,0.800000,tx_agg_rolling_1800s_same_asset_group_or_route,Celer
ETH,eth_flow_963029d73e6a49__r7fam21__inst01__synth_merge_src2,0x0f99a63e03a3add3b3e99c2cdd8d041abf36bb9196e65caf41d0ea96c1490e39,0x7510792a3b1969f9307f3845ce88e39578f2bae1|0xe0ca654faeda8b8ee13cfe4185e315683255e55e,0xe0ca654faeda8b8ee13cfe4185e315683255e55e,0x298d492e8c1d909d3f63bc4a36c66c64acb3d695,PBR,token:PBR,0x0f99a63e03a3add3b3e99c2cdd8d041abf36bb9196e65caf41d0ea96c1490e39_None_PBR_0x298d492e8c1d909d3f63bc4a36c66c64acb3d695,1674391355,1674391355,1,5.069195911953392e+21,5069.195911953393,5069.195911953393,0.000000,0.000000,0.800000,tx_agg_rolling_1800s_same_asset_group_or_route,Celer
ETH,eth_flow_963029d73e6a49__r7fam21__inst01__synth_unmatched_src,0x0f99a63e03a3add3b3e99c2cdd8d041abf36bb9196e65caf41d0ea96c1490e39,0x7510792a3b1969f9307f3845ce88e39578f2bae1|0xe0ca654faeda8b8ee13cfe4185e315683255e55e,0xe0ca654faeda8b8ee13cfe4185e315683255e55e,0x298d492e8c1d909d3f63bc4a36c66c64acb3d695,PBR,token:PBR,0x0f99a63e03a3add3b3e99c2cdd8d041abf36bb9196e65caf41d0ea96c1490e39_None_PBR_0x298d492e8c1d909d3f63bc4a36c66c64acb3d695,1674391355,1674391355,1,1.0138391823906784e+22,10138.391823906786,10138.391823906786,0.000000,0.000000,0.800000,tx_agg_rolling_1800s_same_asset_group_or_route,Celer
ETH,eth_flow_963029d73e6a49__r7fam21__inst01__synth_noise_src_0,0x0f99a63e03a3add3b3e99c2cdd8d041abf36bb9196e65caf41d0ea96c1490e39,0x7510792a3b1969f9307f3845ce88e39578f2bae1|0xe0ca654faeda8b8ee13cfe4185e315683255e55e,0xe0ca654faeda8b8ee13cfe4185e315683255e55e,0x298d492e8c1d909d3f63bc4a36c66c64acb3d695,PBR,token:PBR,0x0f99a63e03a3add3b3e99c2cdd8d041abf36bb9196e65caf41d0ea96c1490e39_None_PBR_0x298d492e8c1d909d3f63bc4a36c66c64acb3d695,1674391355,1674391355,1,1.0138391823906784e+22,10138.391823906786,10138.391823906786,0.000000,0.000000,0.800000,tx_agg_rolling_1800s_same_asset_group_or_route,Celer
ETH,eth_flow_963029d73e6a49__r7fam21__inst01__synth_noise_src_1,0x0f99a63e03a3add3b3e99c2cdd8d041abf36bb9196e65caf41d0ea96c1490e39,0x7510792a3b1969f9307f3845ce88e39578f2bae1|0xe0ca654faeda8b8ee13cfe4185e315683255e55e,0xe0ca654faeda8b8ee13cfe4185e315683255e55e,0x298d492e8c1d909d3f63bc4a36c66c64acb3d695,PBR,token:PBR,0x0f99a63e03a3add3b3e99c2cdd8d041abf36bb9196e65caf41d0ea96c1490e39_None_PBR_0x298d492e8c1d909d3f63bc4a36c66c64acb3d695,1674391355,1674391355,1,1.0138391823906784e+22,10138.391823906786,10138.391823906786,0.000000,0.000000,0.800000,tx_agg_rolling_1800s_same_asset_group_or_route,Celer
ETH,eth_flow_eae92061902e4a__r7fam22__inst00__synth_split_src,0x760dd0038a54d8f717681dd76d5d06b51821e448a109953846e35cf03a3b5dec,0x4c03eefc9284a94d17ec347d8fc703a90cc2df87|0x5427fefa711eff984124bfbb1ab6fbf5e3da1820,0x4c03eefc9284a94d17ec347d8fc703a90cc2df87,0xdac17f958d2ee523a2206206994597c13d831ec7,USDT,stable:USDT,0x760dd0038a54d8f717681dd76d5d06b51821e448a109953846e35cf03a3b5dec_None_USDT_0xdac17f958d2ee523a2206206994597c13d831ec7,1641140189,1641140189,1,10000000000.0,10000.0,10000.0,0.000000,0.000000,0.775000,tx_agg_rolling_1800s_same_asset_group_or_route,Celer
ETH,eth_flow_eae92061902e4a__r7fam22__inst00__synth_merge_src1,0x760dd0038a54d8f717681dd76d5d06b51821e448a109953846e35cf03a3b5dec,0x4c03eefc9284a94d17ec347d8fc703a90cc2df87|0x5427fefa711eff984124bfbb1ab6fbf5e3da1820,0x4c03eefc9284a94d17ec347d8fc703a90cc2df87,0xdac17f958d2ee523a2206206994597c13d831ec7,USDT,stable:USDT,0x760dd0038a54d8f717681dd76d5d06b51821e448a109953846e35cf03a3b5dec_None_USDT_0xdac17f958d2ee523a2206206994597c13d831ec7,1641140189,1641140189,1,5000000000.0,5000.0,5000.0,0.000000,0.000000,0.775000,tx_agg_rolling_1800s_same_asset_group_or_route,Celer
ETH,eth_flow_eae92061902e4a__r7fam22__inst00__synth_merge_src2,0x760dd0038a54d8f717681dd76d5d06b51821e448a109953846e35cf03a3b5dec,0x4c03eefc9284a94d17ec347d8fc703a90cc2df87|0x5427fefa711eff984124bfbb1ab6fbf5e3da1820,0x4c03eefc9284a94d17ec347d8fc703a90cc2df87,0xdac17f958d2ee523a2206206994597c13d831ec7,USDT,stable:USDT,0x760dd0038a54d8f717681dd76d5d06b51821e448a109953846e35cf03a3b5dec_None_USDT_0xdac17f958d2ee523a2206206994597c13d831ec7,1641140189,1641140189,1,5000000000.0,5000.0,5000.0,0.000000,0.000000,0.775000,tx_agg_rolling_1800s_same_asset_group_or_route,Celer
ETH,eth_flow_eae92061902e4a__r7fam22__inst00__synth_unmatched_src,0x760dd0038a54d8f717681dd76d5d06b51821e448a109953846e35cf03a3b5dec,0x4c03eefc9284a94d17ec347d8fc703a90cc2df87|0x5427fefa711eff984124bfbb1ab6fbf5e3da1820,0x4c03eefc9284a94d17ec347d8fc703a90cc2df87,0xdac17f958d2ee523a2206206994597c13d831ec7,USDT,stable:USDT,0x760dd0038a54d8f717681dd76d5d06b51821e448a109953846e35cf03a3b5dec_None_USDT_0xdac17f958d2ee523a2206206994597c13d831ec7,1641140189,1641140189,1,10000000000.0,10000.0,10000.0,0.000000,0.000000,0.775000,tx_agg_rolling_1800s_same_asset_group_or_route,Celer
ETH,eth_flow_eae92061902e4a__r7fam22__inst00__synth_noise_src_0,0x760dd0038a54d8f717681dd76d5d06b51821e448a109953846e35cf03a3b5dec,0x4c03eefc9284a94d17ec347d8fc703a90cc2df87|0x5427fefa711eff984124bfbb1ab6fbf5e3da1820,0x4c03eefc9284a94d17ec347d8fc703a90cc2df87,0xdac17f958d2ee523a2206206994597c13d831ec7,USDT,stable:USDT,0x760dd0038a54d8f717681dd76d5d06b51821e448a109953846e35cf03a3b5dec_None_USDT_0xdac17f958d2ee523a2206206994597c13d831ec7,1641140189,1641140189,1,10000000000.0,10000.0,10000.0,0.000000,0.000000,0.775000,tx_agg_rolling_1800s_same_asset_group_or_route,Celer
ETH,eth_flow_eae92061902e4a__r7fam22__inst00__synth_noise_src_1,0x760dd0038a54d8f717681dd76d5d06b51821e448a109953846e35cf03a3b5dec,0x4c03eefc9284a94d17ec347d8fc703a90cc2df87|0x5427fefa711eff984124bfbb1ab6fbf5e3da1820,0x4c03eefc9284a94d17ec347d8fc703a90cc2df87,0xdac17f958d2ee523a2206206994597c13d831ec7,USDT,stable:USDT,0x760dd0038a54d8f717681dd76d5d06b51821e448a109953846e35cf03a3b5dec_None_USDT_0xdac17f958d2ee523a2206206994597c13d831ec7,1641140189,1641140189,1,10000000000.0,10000.0,10000.0,0.000000,0.000000,0.775000,tx_agg_rolling_1800s_same_asset_group_or_route,Celer
ETH,eth_flow_ea3a0da30d3549__r7fam22__inst01__synth_split_src,0xd20ea4ff05d8c48f602dd83a56893f9f24b80e618df31d92000a006085f5ba40,0x7510792a3b1969f9307f3845ce88e39578f2bae1|0xf91a6b3b600989400fe2aa53693a24a916df1748,0xf91a6b3b600989400fe2aa53693a24a916df1748,0xfb5c6815ca3ac72ce9f5006869ae67f18bf77006,PSTAKE,token:PSTAKE,0xd20ea4ff05d8c48f602dd83a56893f9f24b80e618df31d92000a006085f5ba40_None_PSTAKE_0xfb5c6815ca3ac72ce9f5006869ae67f18bf77006,1667914559,1667914559,1,8.6e+22,86000.0,86000.0,20.930233,20.930233,0.800000,tx_agg_rolling_1800s_same_asset_group_or_route,Celer
ETH,eth_flow_ea3a0da30d3549__r7fam22__inst01__synth_merge_src1,0xd20ea4ff05d8c48f602dd83a56893f9f24b80e618df31d92000a006085f5ba40,0x7510792a3b1969f9307f3845ce88e39578f2bae1|0xf91a6b3b600989400fe2aa53693a24a916df1748,0xf91a6b3b600989400fe2aa53693a24a916df1748,0xfb5c6815ca3ac72ce9f5006869ae67f18bf77006,PSTAKE,token:PSTAKE,0xd20ea4ff05d8c48f602dd83a56893f9f24b80e618df31d92000a006085f5ba40_None_PSTAKE_0xfb5c6815ca3ac72ce9f5006869ae67f18bf77006,1667914559,1667914559,1,4.3e+22,43000.0,43000.0,20.930233,20.930233,0.800000,tx_agg_rolling_1800s_same_asset_group_or_route,Celer
ETH,eth_flow_ea3a0da30d3549__r7fam22__inst01__synth_merge_src2,0xd20ea4ff05d8c48f602dd83a56893f9f24b80e618df31d92000a006085f5ba40,0x7510792a3b1969f9307f3845ce88e39578f2bae1|0xf91a6b3b600989400fe2aa53693a24a916df1748,0xf91a6b3b600989400fe2aa53693a24a916df1748,0xfb5c6815ca3ac72ce9f5006869ae67f18bf77006,PSTAKE,token:PSTAKE,0xd20ea4ff05d8c48f602dd83a56893f9f24b80e618df31d92000a006085f5ba40_None_PSTAKE_0xfb5c6815ca3ac72ce9f5006869ae67f18bf77006,1667914559,1667914559,1,4.3e+22,43000.0,43000.0,20.930233,20.930233,0.800000,tx_agg_rolling_1800s_same_asset_group_or_route,Celer
ETH,eth_flow_ea3a0da30d3549__r7fam22__inst01__synth_unmatched_src,0xd20ea4ff05d8c48f602dd83a56893f9f24b80e618df31d92000a006085f5ba40,0x7510792a3b1969f9307f3845ce88e39578f2bae1|0xf91a6b3b600989400fe2aa53693a24a916df1748,0xf91a6b3b600989400fe2aa53693a24a916df1748,0xfb5c6815ca3ac72ce9f5006869ae67f18bf77006,PSTAKE,token:PSTAKE,0xd20ea4ff05d8c48f602dd83a56893f9f24b80e618df31d92000a006085f5ba40_None_PSTAKE_0xfb5c6815ca3ac72ce9f5006869ae67f18bf77006,1667914559,1667914559,1,8.6e+22,86000.0,86000.0,20.930233,20.930233,0.800000,tx_agg_rolling_1800s_same_asset_group_or_route,Celer
ETH,eth_flow_ea3a0da30d3549__r7fam22__inst01__synth_noise_src_0,0xd20ea4ff05d8c48f602dd83a56893f9f24b80e618df31d92000a006085f5ba40,0x7510792a3b1969f9307f3845ce88e39578f2bae1|0xf91a6b3b600989400fe2aa53693a24a916df1748,0xf91a6b3b600989400fe2aa53693a24a916df1748,0xfb5c6815ca3ac72ce9f5006869ae67f18bf77006,PSTAKE,token:PSTAKE,0xd20ea4ff05d8c48f602dd83a56893f9f24b80e618df31d92000a006085f5ba40_None_PSTAKE_0xfb5c6815ca3ac72ce9f5006869ae67f18bf77006,1667914559,1667914559,1,8.6e+22,86000.0,86000.0,20.930233,20.930233,0.800000,tx_agg_rolling_1800s_same_asset_group_or_route,Celer
ETH,eth_flow_ea3a0da30d3549__r7fam22__inst01__synth_noise_src_1,0xd20ea4ff05d8c48f602dd83a56893f9f24b80e618df31d92000a006085f5ba40,0x7510792a3b1969f9307f3845ce88e39578f2bae1|0xf91a6b3b600989400fe2aa53693a24a916df1748,0xf91a6b3b600989400fe2aa53693a24a916df1748,0xfb5c6815ca3ac72ce9f5006869ae67f18bf77006,PSTAKE,token:PSTAKE,0xd20ea4ff05d8c48f602dd83a56893f9f24b80e618df31d92000a006085f5ba40_None_PSTAKE_0xfb5c6815ca3ac72ce9f5006869ae67f18bf77006,1667914559,1667914559,1,8.6e+22,86000.0,86000.0,20.930233,20.930233,0.800000,tx_agg_rolling_1800s_same_asset_group_or_route,Celer
ETH,eth_flow_2b6527d929f64a__r7fam23__inst00__synth_split_src,0x923325f7c7abfeb13f09fc04a34a4bf49ad584cddafb3241ac9a174b881e0067,0x1faac4842054f2db2dddfc8152d7c259d5102c13|0xb37d31b2a74029b5951a2778f959282e2d518595,0x1faac4842054f2db2dddfc8152d7c259d5102c13,0xca37530e7c5968627be470081d1c993eb1deaf90,ONEDODO,token:ONEDODO,0x923325f7c7abfeb13f09fc04a34a4bf49ad584cddafb3241ac9a174b881e0067_None_oneDODO_0xca37530e7c5968627be470081d1c993eb1deaf90,1641497773,1641497773,1,7.999999999999998e+23,799999.9999999998,799999.9999999998,0.000000,0.000000,0.775000,tx_agg_rolling_1800s_same_asset_group_or_route,Celer
ETH,eth_flow_2b6527d929f64a__r7fam23__inst00__synth_merge_src1,0x923325f7c7abfeb13f09fc04a34a4bf49ad584cddafb3241ac9a174b881e0067,0x1faac4842054f2db2dddfc8152d7c259d5102c13|0xb37d31b2a74029b5951a2778f959282e2d518595,0x1faac4842054f2db2dddfc8152d7c259d5102c13,0xca37530e7c5968627be470081d1c993eb1deaf90,ONEDODO,token:ONEDODO,0x923325f7c7abfeb13f09fc04a34a4bf49ad584cddafb3241ac9a174b881e0067_None_oneDODO_0xca37530e7c5968627be470081d1c993eb1deaf90,1641497773,1641497773,1,3.999999999999999e+23,399999.9999999999,399999.9999999999,0.000000,0.000000,0.775000,tx_agg_rolling_1800s_same_asset_group_or_route,Celer
ETH,eth_flow_2b6527d929f64a__r7fam23__inst00__synth_merge_src2,0x923325f7c7abfeb13f09fc04a34a4bf49ad584cddafb3241ac9a174b881e0067,0x1faac4842054f2db2dddfc8152d7c259d5102c13|0xb37d31b2a74029b5951a2778f959282e2d518595,0x1faac4842054f2db2dddfc8152d7c259d5102c13,0xca37530e7c5968627be470081d1c993eb1deaf90,ONEDODO,token:ONEDODO,0x923325f7c7abfeb13f09fc04a34a4bf49ad584cddafb3241ac9a174b881e0067_None_oneDODO_0xca37530e7c5968627be470081d1c993eb1deaf90,1641497773,1641497773,1,3.999999999999999e+23,399999.9999999999,399999.9999999999,0.000000,0.000000,0.775000,tx_agg_rolling_1800s_same_asset_group_or_route,Celer
ETH,eth_flow_2b6527d929f64a__r7fam23__inst00__synth_unmatched_src,0x923325f7c7abfeb13f09fc04a34a4bf49ad584cddafb3241ac9a174b881e0067,0x1faac4842054f2db2dddfc8152d7c259d5102c13|0xb37d31b2a74029b5951a2778f959282e2d518595,0x1faac4842054f2db2dddfc8152d7c259d5102c13,0xca37530e7c5968627be470081d1c993eb1deaf90,ONEDODO,token:ONEDODO,0x923325f7c7abfeb13f09fc04a34a4bf49ad584cddafb3241ac9a174b881e0067_None_oneDODO_0xca37530e7c5968627be470081d1c993eb1deaf90,1641497773,1641497773,1,7.999999999999998e+23,799999.9999999998,799999.9999999998,0.000000,0.000000,0.775000,tx_agg_rolling_1800s_same_asset_group_or_route,Celer
ETH,eth_flow_2b6527d929f64a__r7fam23__inst00__synth_noise_src_0,0x923325f7c7abfeb13f09fc04a34a4bf49ad584cddafb3241ac9a174b881e0067,0x1faac4842054f2db2dddfc8152d7c259d5102c13|0xb37d31b2a74029b5951a2778f959282e2d518595,0x1faac4842054f2db2dddfc8152d7c259d5102c13,0xca37530e7c5968627be470081d1c993eb1deaf90,ONEDODO,token:ONEDODO,0x923325f7c7abfeb13f09fc04a34a4bf49ad584cddafb3241ac9a174b881e0067_None_oneDODO_0xca37530e7c5968627be470081d1c993eb1deaf90,1641497773,1641497773,1,7.999999999999998e+23,799999.9999999998,799999.9999999998,0.000000,0.000000,0.775000,tx_agg_rolling_1800s_same_asset_group_or_route,Celer
ETH,eth_flow_2b6527d929f64a__r7fam23__inst00__synth_noise_src_1,0x923325f7c7abfeb13f09fc04a34a4bf49ad584cddafb3241ac9a174b881e0067,0x1faac4842054f2db2dddfc8152d7c259d5102c13|0xb37d31b2a74029b5951a2778f959282e2d518595,0x1faac4842054f2db2dddfc8152d7c259d5102c13,0xca37530e7c5968627be470081d1c993eb1deaf90,ONEDODO,token:ONEDODO,0x923325f7c7abfeb13f09fc04a34a4bf49ad584cddafb3241ac9a174b881e0067_None_oneDODO_0xca37530e7c5968627be470081d1c993eb1deaf90,1641497773,1641497773,1,7.999999999999998e+23,799999.9999999998,799999.9999999998,0.000000,0.000000,0.775000,tx_agg_rolling_1800s_same_asset_group_or_route,Celer
ETH,eth_flow_3e82de28b2784e__r7fam23__inst01__synth_split_src,0xb8d8a5ed84b5c1d6ab3516f7859713f4bb5a673f3f4c203ad81509413a7e51a7,0x054d2b20fd7534eb8a771547e3e70921742c6ea3|0x7510792a3b1969f9307f3845ce88e39578f2bae1,0x054d2b20fd7534eb8a771547e3e70921742c6ea3,0xfb5c6815ca3ac72ce9f5006869ae67f18bf77006,PSTAKE,token:PSTAKE,0xb8d8a5ed84b5c1d6ab3516f7859713f4bb5a673f3f4c203ad81509413a7e51a7_None_PSTAKE_0xfb5c6815ca3ac72ce9f5006869ae67f18bf77006,1663546535,1663546535,1,1.44876917e+22,14487.6917,14487.6917,0.000000,0.000000,0.800000,tx_agg_rolling_1800s_same_asset_group_or_route,Celer
ETH,eth_flow_3e82de28b2784e__r7fam23__inst01__synth_merge_src1,0xb8d8a5ed84b5c1d6ab3516f7859713f4bb5a673f3f4c203ad81509413a7e51a7,0x054d2b20fd7534eb8a771547e3e70921742c6ea3|0x7510792a3b1969f9307f3845ce88e39578f2bae1,0x054d2b20fd7534eb8a771547e3e70921742c6ea3,0xfb5c6815ca3ac72ce9f5006869ae67f18bf77006,PSTAKE,token:PSTAKE,0xb8d8a5ed84b5c1d6ab3516f7859713f4bb5a673f3f4c203ad81509413a7e51a7_None_PSTAKE_0xfb5c6815ca3ac72ce9f5006869ae67f18bf77006,1663546535,1663546535,1,7.24384585e+21,7243.84585,7243.84585,0.000000,0.000000,0.800000,tx_agg_rolling_1800s_same_asset_group_or_route,Celer
ETH,eth_flow_3e82de28b2784e__r7fam23__inst01__synth_merge_src2,0xb8d8a5ed84b5c1d6ab3516f7859713f4bb5a673f3f4c203ad81509413a7e51a7,0x054d2b20fd7534eb8a771547e3e70921742c6ea3|0x7510792a3b1969f9307f3845ce88e39578f2bae1,0x054d2b20fd7534eb8a771547e3e70921742c6ea3,0xfb5c6815ca3ac72ce9f5006869ae67f18bf77006,PSTAKE,token:PSTAKE,0xb8d8a5ed84b5c1d6ab3516f7859713f4bb5a673f3f4c203ad81509413a7e51a7_None_PSTAKE_0xfb5c6815ca3ac72ce9f5006869ae67f18bf77006,1663546535,1663546535,1,7.24384585e+21,7243.84585,7243.84585,0.000000,0.000000,0.800000,tx_agg_rolling_1800s_same_asset_group_or_route,Celer
ETH,eth_flow_3e82de28b2784e__r7fam23__inst01__synth_unmatched_src,0xb8d8a5ed84b5c1d6ab3516f7859713f4bb5a673f3f4c203ad81509413a7e51a7,0x054d2b20fd7534eb8a771547e3e70921742c6ea3|0x7510792a3b1969f9307f3845ce88e39578f2bae1,0x054d2b20fd7534eb8a771547e3e70921742c6ea3,0xfb5c6815ca3ac72ce9f5006869ae67f18bf77006,PSTAKE,token:PSTAKE,0xb8d8a5ed84b5c1d6ab3516f7859713f4bb5a673f3f4c203ad81509413a7e51a7_None_PSTAKE_0xfb5c6815ca3ac72ce9f5006869ae67f18bf77006,1663546535,1663546535,1,1.44876917e+22,14487.6917,14487.6917,0.000000,0.000000,0.800000,tx_agg_rolling_1800s_same_asset_group_or_route,Celer
ETH,eth_flow_3e82de28b2784e__r7fam23__inst01__synth_noise_src_0,0xb8d8a5ed84b5c1d6ab3516f7859713f4bb5a673f3f4c203ad81509413a7e51a7,0x054d2b20fd7534eb8a771547e3e70921742c6ea3|0x7510792a3b1969f9307f3845ce88e39578f2bae1,0x054d2b20fd7534eb8a771547e3e70921742c6ea3,0xfb5c6815ca3ac72ce9f5006869ae67f18bf77006,PSTAKE,token:PSTAKE,0xb8d8a5ed84b5c1d6ab3516f7859713f4bb5a673f3f4c203ad81509413a7e51a7_None_PSTAKE_0xfb5c6815ca3ac72ce9f5006869ae67f18bf77006,1663546535,1663546535,1,1.44876917e+22,14487.6917,14487.6917,0.000000,0.000000,0.800000,tx_agg_rolling_1800s_same_asset_group_or_route,Celer
ETH,eth_flow_3e82de28b2784e__r7fam23__inst01__synth_noise_src_1,0xb8d8a5ed84b5c1d6ab3516f7859713f4bb5a673f3f4c203ad81509413a7e51a7,0x054d2b20fd7534eb8a771547e3e70921742c6ea3|0x7510792a3b1969f9307f3845ce88e39578f2bae1,0x054d2b20fd7534eb8a771547e3e70921742c6ea3,0xfb5c6815ca3ac72ce9f5006869ae67f18bf77006,PSTAKE,token:PSTAKE,0xb8d8a5ed84b5c1d6ab3516f7859713f4bb5a673f3f4c203ad81509413a7e51a7_None_PSTAKE_0xfb5c6815ca3ac72ce9f5006869ae67f18bf77006,1663546535,1663546535,1,1.44876917e+22,14487.6917,14487.6917,0.000000,0.000000,0.800000,tx_agg_rolling_1800s_same_asset_group_or_route,Celer
