chain,bridge,flow_id,tx_hashes,address_set,primary_address,token_contracts,token_symbols,asset_group,route_id,start_time,end_time,tx_count,raw_amount_sum,human_amount_sum,usd_amount_sum,aml_score_mean,aml_score_max,evidence_quality_mean,flow_construction_rule,bridge_contract_hit
BNB,Poly,bnb_flow_0x4f898afc31e2__synth_split_a,0x4f898afc31e27553cbe4462e829832907a45085c0caee401598633017264ae83,0x2f7ac9436ba4b548f9582af91ca1ef02cd2f1f03|0x67ebc532d648e6164a6fd726ff0b39e69180dafe|0xc49dde62b4a0810074721faca54aab52369f486a,0x67ebc532d648e6164a6fd726ff0b39e69180dafe,0xc49dde62b4a0810074721faca54aab52369f486a,PKR,PKR,0x4f898afc31e27553cbe4462e829832907a45085c0caee401598633017264ae83_PKR,1648856442,1648856442,1,2.566131814586913e+22,25661.31814586913,0.564249786868809,0,0,0.825000,bridge_dst_event_flow,True
BNB,Poly,bnb_flow_0x4f898afc31e2__synth_split_b,0x4f898afc31e27553cbe4462e829832907a45085c0caee401598633017264ae83,0x2f7ac9436ba4b548f9582af91ca1ef02cd2f1f03|0x67ebc532d648e6164a6fd726ff0b39e69180dafe|0xc49dde62b4a0810074721faca54aab52369f486a,0x67ebc532d648e6164a6fd726ff0b39e69180dafe,0xc49dde62b4a0810074721faca54aab52369f486a,PKR,PKR,0x4f898afc31e27553cbe4462e829832907a45085c0caee401598633017264ae83_PKR,1648856442,1648856442,1,2.566131814586913e+22,25661.31814586913,0.564249786868809,0,0,0.825000,bridge_dst_event_flow,True
BNB,Poly,bnb_flow_0x4f898afc31e2__synth_split_c,0x4f898afc31e27553cbe4462e829832907a45085c0caee401598633017264ae83,0x2f7ac9436ba4b548f9582af91ca1ef02cd2f1f03|0x67ebc532d648e6164a6fd726ff0b39e69180dafe|0xc49dde62b4a0810074721faca54aab52369f486a,0x67ebc532d648e6164a6fd726ff0b39e69180dafe,0xc49dde62b4a0810074721faca54aab52369f486a,PKR,PKR,0x4f898afc31e27553cbe4462e829832907a45085c0caee401598633017264ae83_PKR,1648856442,1648856442,1,2.566131814586913e+22,25661.31814586913,0.564249786868809,0,0,0.825000,bridge_dst_event_flow,True
BNB,Poly,bnb_flow_0x4f898afc31e2__synth_merge_dst,0x4f898afc31e27553cbe4462e829832907a45085c0caee401598633017264ae83,0x2f7ac9436ba4b548f9582af91ca1ef02cd2f1f03|0x67ebc532d648e6164a6fd726ff0b39e69180dafe|0xc49dde62b4a0810074721faca54aab52369f486a,0x67ebc532d648e6164a6fd726ff0b39e69180dafe,0xc49dde62b4a0810074721faca54aab52369f486a,PKR,PKR,0x4f898afc31e27553cbe4462e829832907a45085c0caee401598633017264ae83_PKR,1648856442,1648856442,1,7.698395443760739e+22,76983.95443760739,1.692749360606427,0,0,0.825000,bridge_dst_event_flow,True
BNB,Poly,bnb_flow_0x4f898afc31e2__synth_hidden_dst,0x4f898afc31e27553cbe4462e829832907a45085c0caee401598633017264ae83,0x2f7ac9436ba4b548f9582af91ca1ef02cd2f1f03|0x67ebc532d648e6164a6fd726ff0b39e69180dafe|0xc49dde62b4a0810074721faca54aab52369f486a,0x67ebc532d648e6164a6fd726ff0b39e69180dafe,0xc49dde62b4a0810074721faca54aab52369f486a,PKR,PKR,0x4f898afc31e27553cbe4462e829832907a45085c0caee401598633017264ae83_PKR,1648856442,1648856442,1,7.698395443760739e+22,76983.95443760739,1.692749360606427,0,0,0.825000,bridge_dst_event_flow,True
BNB,Poly,bnb_flow_0x4f898afc31e2__synth_noise_dst_0,0x4f898afc31e27553cbe4462e829832907a45085c0caee401598633017264ae83,0x2f7ac9436ba4b548f9582af91ca1ef02cd2f1f03|0x67ebc532d648e6164a6fd726ff0b39e69180dafe|0xc49dde62b4a0810074721faca54aab52369f486a,0x67ebc532d648e6164a6fd726ff0b39e69180dafe,0xc49dde62b4a0810074721faca54aab52369f486a,PKR,PKR,0x4f898afc31e27553cbe4462e829832907a45085c0caee401598633017264ae83_PKR,1648856502,1648856502,1,7.698395443760739e+22,76983.95443760739,1.692749360606427,0,0,0.825000,bridge_dst_event_flow,True
BNB,Poly,bnb_flow_0x4f898afc31e2__synth_noise_dst_1,0x4f898afc31e27553cbe4462e829832907a45085c0caee401598633017264ae83,0x2f7ac9436ba4b548f9582af91ca1ef02cd2f1f03|0x67ebc532d648e6164a6fd726ff0b39e69180dafe|0xc49dde62b4a0810074721faca54aab52369f486a,0x67ebc532d648e6164a6fd726ff0b39e69180dafe,0xc49dde62b4a0810074721faca54aab52369f486a,PKR,PKR,0x4f898afc31e27553cbe4462e829832907a45085c0caee401598633017264ae83_PKR,1648856562,1648856562,1,7.698395443760739e+22,76983.95443760739,1.692749360606427,0,0,0.825000,bridge_dst_event_flow,True
BNB,Poly,bnb_flow_0x097e08492724__synth_split_a,0x097e08492724682470628cef0d60bc7e08a24ff5b81813c38f87ee1bd2e68c10,0x2f7ac9436ba4b548f9582af91ca1ef02cd2f1f03|0x88f859db067c45b114897db6920f3e4a61a5ca66|0xc49dde62b4a0810074721faca54aab52369f486a,0x88f859db067c45b114897db6920f3e4a61a5ca66,0xc49dde62b4a0810074721faca54aab52369f486a,PKR,PKR,0x097e08492724682470628cef0d60bc7e08a24ff5b81813c38f87ee1bd2e68c10_PKR,1662453109,1662453109,1,5.618097823896106e+21,5618.097823896106,0.12353264480499007,0,0,0.800000,bridge_dst_event_flow,True
BNB,Poly,bnb_flow_0x097e08492724__synth_split_b,0x097e08492724682470628cef0d60bc7e08a24ff5b81813c38f87ee1bd2e68c10,0x2f7ac9436ba4b548f9582af91ca1ef02cd2f1f03|0x88f859db067c45b114897db6920f3e4a61a5ca66|0xc49dde62b4a0810074721faca54aab52369f486a,0x88f859db067c45b114897db6920f3e4a61a5ca66,0xc49dde62b4a0810074721faca54aab52369f486a,PKR,PKR,0x097e08492724682470628cef0d60bc7e08a24ff5b81813c38f87ee1bd2e68c10_PKR,1662453109,1662453109,1,5.618097823896106e+21,5618.097823896106,0.12353264480499007,0,0,0.800000,bridge_dst_event_flow,True
BNB,Poly,bnb_flow_0x097e08492724__synth_split_c,0x097e08492724682470628cef0d60bc7e08a24ff5b81813c38f87ee1bd2e68c10,0x2f7ac9436ba4b548f9582af91ca1ef02cd2f1f03|0x88f859db067c45b114897db6920f3e4a61a5ca66|0xc49dde62b4a0810074721faca54aab52369f486a,0x88f859db067c45b114897db6920f3e4a61a5ca66,0xc49dde62b4a0810074721faca54aab52369f486a,PKR,PKR,0x097e08492724682470628cef0d60bc7e08a24ff5b81813c38f87ee1bd2e68c10_PKR,1662453109,1662453109,1,5.618097823896106e+21,5618.097823896106,0.12353264480499007,0,0,0.800000,bridge_dst_event_flow,True
BNB,Poly,bnb_flow_0x097e08492724__synth_split_d,0x097e08492724682470628cef0d60bc7e08a24ff5b81813c38f87ee1bd2e68c10,0x2f7ac9436ba4b548f9582af91ca1ef02cd2f1f03|0x88f859db067c45b114897db6920f3e4a61a5ca66|0xc49dde62b4a0810074721faca54aab52369f486a,0x88f859db067c45b114897db6920f3e4a61a5ca66,0xc49dde62b4a0810074721faca54aab52369f486a,PKR,PKR,0x097e08492724682470628cef0d60bc7e08a24ff5b81813c38f87ee1bd2e68c10_PKR,1662453109,1662453109,1,5.618097823896106e+21,5618.097823896106,0.12353264480499007,0,0,0.800000,bridge_dst_event_flow,True
BNB,Poly,bnb_flow_0x097e08492724__synth_split_e,0x097e08492724682470628cef0d60bc7e08a24ff5b81813c38f87ee1bd2e68c10,0x2f7ac9436ba4b548f9582af91ca1ef02cd2f1f03|0x88f859db067c45b114897db6920f3e4a61a5ca66|0xc49dde62b4a0810074721faca54aab52369f486a,0x88f859db067c45b114897db6920f3e4a61a5ca66,0xc49dde62b4a0810074721faca54aab52369f486a,PKR,PKR,0x097e08492724682470628cef0d60bc7e08a24ff5b81813c38f87ee1bd2e68c10_PKR,1662453109,1662453109,1,5.618097823896106e+21,5618.097823896106,0.12353264480499007,0,0,0.800000,bridge_dst_event_flow,True
BNB,Poly,bnb_flow_0x097e08492724__synth_split_f,0x097e08492724682470628cef0d60bc7e08a24ff5b81813c38f87ee1bd2e68c10,0x2f7ac9436ba4b548f9582af91ca1ef02cd2f1f03|0x88f859db067c45b114897db6920f3e4a61a5ca66|0xc49dde62b4a0810074721faca54aab52369f486a,0x88f859db067c45b114897db6920f3e4a61a5ca66,0xc49dde62b4a0810074721faca54aab52369f486a,PKR,PKR,0x097e08492724682470628cef0d60bc7e08a24ff5b81813c38f87ee1bd2e68c10_PKR,1662453109,1662453109,1,5.618097823896106e+21,5618.097823896106,0.12353264480499007,0,0,0.800000,bridge_dst_event_flow,True
BNB,Poly,bnb_flow_0x097e08492724__synth_split_g,0x097e08492724682470628cef0d60bc7e08a24ff5b81813c38f87ee1bd2e68c10,0x2f7ac9436ba4b548f9582af91ca1ef02cd2f1f03|0x88f859db067c45b114897db6920f3e4a61a5ca66|0xc49dde62b4a0810074721faca54aab52369f486a,0x88f859db067c45b114897db6920f3e4a61a5ca66,0xc49dde62b4a0810074721faca54aab52369f486a,PKR,PKR,0x097e08492724682470628cef0d60bc7e08a24ff5b81813c38f87ee1bd2e68c10_PKR,1662453109,1662453109,1,5.618097823896106e+21,5618.097823896106,0.12353264480499007,0,0,0.800000,bridge_dst_event_flow,True
BNB,Poly,bnb_flow_0x097e08492724__synth_split_h,0x097e08492724682470628cef0d60bc7e08a24ff5b81813c38f87ee1bd2e68c10,0x2f7ac9436ba4b548f9582af91ca1ef02cd2f1f03|0x88f859db067c45b114897db6920f3e4a61a5ca66|0xc49dde62b4a0810074721faca54aab52369f486a,0x88f859db067c45b114897db6920f3e4a61a5ca66,0xc49dde62b4a0810074721faca54aab52369f486a,PKR,PKR,0x097e08492724682470628cef0d60bc7e08a24ff5b81813c38f87ee1bd2e68c10_PKR,1662453109,1662453109,1,5.618097823896106e+21,5618.097823896106,0.12353264480499007,0,0,0.800000,bridge_dst_event_flow,True
BNB,Poly,bnb_flow_0x097e08492724__synth_merge_dst,0x097e08492724682470628cef0d60bc7e08a24ff5b81813c38f87ee1bd2e68c10,0x2f7ac9436ba4b548f9582af91ca1ef02cd2f1f03|0x88f859db067c45b114897db6920f3e4a61a5ca66|0xc49dde62b4a0810074721faca54aab52369f486a,0x88f859db067c45b114897db6920f3e4a61a5ca66,0xc49dde62b4a0810074721faca54aab52369f486a,PKR,PKR,0x097e08492724682470628cef0d60bc7e08a24ff5b81813c38f87ee1bd2e68c10_PKR,1662453109,1662453109,1,4.494478259116885e+22,44944.78259116885,0.9882611584399206,0,0,0.800000,bridge_dst_event_flow,True
BNB,Poly,bnb_flow_0x097e08492724__synth_hidden_dst,0x097e08492724682470628cef0d60bc7e08a24ff5b81813c38f87ee1bd2e68c10,0x2f7ac9436ba4b548f9582af91ca1ef02cd2f1f03|0x88f859db067c45b114897db6920f3e4a61a5ca66|0xc49dde62b4a0810074721faca54aab52369f486a,0x88f859db067c45b114897db6920f3e4a61a5ca66,0xc49dde62b4a0810074721faca54aab52369f486a,PKR,PKR,0x097e08492724682470628cef0d60bc7e08a24ff5b81813c38f87ee1bd2e68c10_PKR,1662453109,1662453109,1,4.494478259116885e+22,44944.78259116885,0.9882611584399206,0,0,0.800000,bridge_dst_event_flow,True
BNB,Poly,bnb_flow_0x097e08492724__synth_noise_dst_0,0x097e08492724682470628cef0d60bc7e08a24ff5b81813c38f87ee1bd2e68c10,0x2f7ac9436ba4b548f9582af91ca1ef02cd2f1f03|0x88f859db067c45b114897db6920f3e4a61a5ca66|0xc49dde62b4a0810074721faca54aab52369f486a,0x88f859db067c45b114897db6920f3e4a61a5ca66,0xc49dde62b4a0810074721faca54aab52369f486a,PKR,PKR,0x097e08492724682470628cef0d60bc7e08a24ff5b81813c38f87ee1bd2e68c10_PKR,1662453169,1662453169,1,4.494478259116885e+22,44944.78259116885,0.9882611584399206,0,0,0.800000,bridge_dst_event_flow,True
BNB,Poly,bnb_flow_0x097e08492724__synth_noise_dst_1,0x097e08492724682470628cef0d60bc7e08a24ff5b81813c38f87ee1bd2e68c10,0x2f7ac9436ba4b548f9582af91ca1ef02cd2f1f03|0x88f859db067c45b114897db6920f3e4a61a5ca66|0xc49dde62b4a0810074721faca54aab52369f486a,0x88f859db067c45b114897db6920f3e4a61a5ca66,0xc49dde62b4a0810074721faca54aab52369f486a,PKR,PKR,0x097e08492724682470628cef0d60bc7e08a24ff5b81813c38f87ee1bd2e68c10_PKR,1662453229,1662453229,1,4.494478259116885e+22,44944.78259116885,0.9882611584399206,0,0,0.800000,bridge_dst_event_flow,True
BNB,Poly,bnb_flow_0xe7011f092556__synth_split_a,0xe7011f092556f4e90be44a636dab591d46bd398f9809ce663d37691cd7fb7ddc,0x2f7ac9436ba4b548f9582af91ca1ef02cd2f1f03|0xc49dde62b4a0810074721faca54aab52369f486a|0xc825dd260adc29b078eb4135679f22adb381488c,0xc825dd260adc29b078eb4135679f22adb381488c,0xc49dde62b4a0810074721faca54aab52369f486a,PKR,PKR,0xe7011f092556f4e90be44a636dab591d46bd398f9809ce663d37691cd7fb7ddc_PKR,1650900027,1650900027,1,4.68231521424827e+22,46823.1521424827,1.0295633866795213,0,0,0.825000,bridge_dst_event_flow,True
BNB,Poly,bnb_flow_0xe7011f092556__synth_split_b,0xe7011f092556f4e90be44a636dab591d46bd398f9809ce663d37691cd7fb7ddc,0x2f7ac9436ba4b548f9582af91ca1ef02cd2f1f03|0xc49dde62b4a0810074721faca54aab52369f486a|0xc825dd260adc29b078eb4135679f22adb381488c,0xc825dd260adc29b078eb4135679f22adb381488c,0xc49dde62b4a0810074721faca54aab52369f486a,PKR,PKR,0xe7011f092556f4e90be44a636dab591d46bd398f9809ce663d37691cd7fb7ddc_PKR,1650900027,1650900027,1,4.68231521424827e+22,46823.1521424827,1.0295633866795213,0,0,0.825000,bridge_dst_event_flow,True
BNB,Poly,bnb_flow_0xe7011f092556__synth_merge_dst,0xe7011f092556f4e90be44a636dab591d46bd398f9809ce663d37691cd7fb7ddc,0x2f7ac9436ba4b548f9582af91ca1ef02cd2f1f03|0xc49dde62b4a0810074721faca54aab52369f486a|0xc825dd260adc29b078eb4135679f22adb381488c,0xc825dd260adc29b078eb4135679f22adb381488c,0xc49dde62b4a0810074721faca54aab52369f486a,PKR,PKR,0xe7011f092556f4e90be44a636dab591d46bd398f9809ce663d37691cd7fb7ddc_PKR,1650900027,1650900027,1,9.36463042849654e+22,93646.3042849654,2.0591267733590426,0,0,0.825000,bridge_dst_event_flow,True
BNB,Poly,bnb_flow_0xe7011f092556__synth_hidden_dst,0xe7011f092556f4e90be44a636dab591d46bd398f9809ce663d37691cd7fb7ddc,0x2f7ac9436ba4b548f9582af91ca1ef02cd2f1f03|0xc49dde62b4a0810074721faca54aab52369f486a|0xc825dd260adc29b078eb4135679f22adb381488c,0xc825dd260adc29b078eb4135679f22adb381488c,0xc49dde62b4a0810074721faca54aab52369f486a,PKR,PKR,0xe7011f092556f4e90be44a636dab591d46bd398f9809ce663d37691cd7fb7ddc_PKR,1650900027,1650900027,1,9.36463042849654e+22,93646.3042849654,2.0591267733590426,0,0,0.825000,bridge_dst_event_flow,True
BNB,Poly,bnb_flow_0xe7011f092556__synth_noise_dst_0,0xe7011f092556f4e90be44a636dab591d46bd398f9809ce663d37691cd7fb7ddc,0x2f7ac9436ba4b548f9582af91ca1ef02cd2f1f03|0xc49dde62b4a0810074721faca54aab52369f486a|0xc825dd260adc29b078eb4135679f22adb381488c,0xc825dd260adc29b078eb4135679f22adb381488c,0xc49dde62b4a0810074721faca54aab52369f486a,PKR,PKR,0xe7011f092556f4e90be44a636dab591d46bd398f9809ce663d37691cd7fb7ddc_PKR,1650900087,1650900087,1,9.36463042849654e+22,93646.3042849654,2.0591267733590426,0,0,0.825000,bridge_dst_event_flow,True
BNB,Poly,bnb_flow_0xe7011f092556__synth_noise_dst_1,0xe7011f092556f4e90be44a636dab591d46bd398f9809ce663d37691cd7fb7ddc,0x2f7ac9436ba4b548f9582af91ca1ef02cd2f1f03|0xc49dde62b4a0810074721faca54aab52369f486a|0xc825dd260adc29b078eb4135679f22adb381488c,0xc825dd260adc29b078eb4135679f22adb381488c,0xc49dde62b4a0810074721faca54aab52369f486a,PKR,PKR,0xe7011f092556f4e90be44a636dab591d46bd398f9809ce663d37691cd7fb7ddc_PKR,1650900147,1650900147,1,9.36463042849654e+22,93646.3042849654,2.0591267733590426,0,0,0.825000,bridge_dst_event_flow,True
BNB,Poly,bnb_flow_0x97d1f6c869f0__synth_split_a,0x97d1f6c869f0b7a2888a3e9a631292c241128d7e743d49bc2e696afa75878700,0x2f7ac9436ba4b548f9582af91ca1ef02cd2f1f03|0x398f7827dccbefe6990478876bbf3612d93baf05|0x65a8f07bd9a8598e1b5b6c0a88f4779dbc077675,0x65a8f07bd9a8598e1b5b6c0a88f4779dbc077675,0x398f7827dccbefe6990478876bbf3612d93baf05,MIX,MIX,0x97d1f6c869f0b7a2888a3e9a631292c241128d7e743d49bc2e696afa75878700_MIX,1643246708,1643246708,1,2.3020398373475065e+23,230203.98373475065,0.37411477661992903,0,0,0.825000,bridge_dst_event_flow,True
BNB,Poly,bnb_flow_0x97d1f6c869f0__synth_split_b,0x97d1f6c869f0b7a2888a3e9a631292c241128d7e743d49bc2e696afa75878700,0x2f7ac9436ba4b548f9582af91ca1ef02cd2f1f03|0x398f7827dccbefe6990478876bbf3612d93baf05|0x65a8f07bd9a8598e1b5b6c0a88f4779dbc077675,0x65a8f07bd9a8598e1b5b6c0a88f4779dbc077675,0x398f7827dccbefe6990478876bbf3612d93baf05,MIX,MIX,0x97d1f6c869f0b7a2888a3e9a631292c241128d7e743d49bc2e696afa75878700_MIX,1643246708,1643246708,1,2.3020398373475065e+23,230203.98373475065,0.37411477661992903,0,0,0.825000,bridge_dst_event_flow,True
BNB,Poly,bnb_flow_0x97d1f6c869f0__synth_merge_dst,0x97d1f6c869f0b7a2888a3e9a631292c241128d7e743d49bc2e696afa75878700,0x2f7ac9436ba4b548f9582af91ca1ef02cd2f1f03|0x398f7827dccbefe6990478876bbf3612d93baf05|0x65a8f07bd9a8598e1b5b6c0a88f4779dbc077675,0x65a8f07bd9a8598e1b5b6c0a88f4779dbc077675,0x398f7827dccbefe6990478876bbf3612d93baf05,MIX,MIX,0x97d1f6c869f0b7a2888a3e9a631292c241128d7e743d49bc2e696afa75878700_MIX,1643246708,1643246708,1,4.604079674695013e+23,460407.9674695013,0.7482295532398581,0,0,0.825000,bridge_dst_event_flow,True
BNB,Poly,bnb_flow_0x97d1f6c869f0__synth_hidden_dst,0x97d1f6c869f0b7a2888a3e9a631292c241128d7e743d49bc2e696afa75878700,0x2f7ac9436ba4b548f9582af91ca1ef02cd2f1f03|0x398f7827dccbefe6990478876bbf3612d93baf05|0x65a8f07bd9a8598e1b5b6c0a88f4779dbc077675,0x65a8f07bd9a8598e1b5b6c0a88f4779dbc077675,0x398f7827dccbefe6990478876bbf3612d93baf05,MIX,MIX,0x97d1f6c869f0b7a2888a3e9a631292c241128d7e743d49bc2e696afa75878700_MIX,1643246708,1643246708,1,4.604079674695013e+23,460407.9674695013,0.7482295532398581,0,0,0.825000,bridge_dst_event_flow,True
BNB,Poly,bnb_flow_0x97d1f6c869f0__synth_noise_dst_0,0x97d1f6c869f0b7a2888a3e9a631292c241128d7e743d49bc2e696afa75878700,0x2f7ac9436ba4b548f9582af91ca1ef02cd2f1f03|0x398f7827dccbefe6990478876bbf3612d93baf05|0x65a8f07bd9a8598e1b5b6c0a88f4779dbc077675,0x65a8f07bd9a8598e1b5b6c0a88f4779dbc077675,0x398f7827dccbefe6990478876bbf3612d93baf05,MIX,MIX,0x97d1f6c869f0b7a2888a3e9a631292c241128d7e743d49bc2e696afa75878700_MIX,1643246768,1643246768,1,4.604079674695013e+23,460407.9674695013,0.7482295532398581,0,0,0.825000,bridge_dst_event_flow,True
BNB,Poly,bnb_flow_0x97d1f6c869f0__synth_noise_dst_1,0x97d1f6c869f0b7a2888a3e9a631292c241128d7e743d49bc2e696afa75878700,0x2f7ac9436ba4b548f9582af91ca1ef02cd2f1f03|0x398f7827dccbefe6990478876bbf3612d93baf05|0x65a8f07bd9a8598e1b5b6c0a88f4779dbc077675,0x65a8f07bd9a8598e1b5b6c0a88f4779dbc077675,0x398f7827dccbefe6990478876bbf3612d93baf05,MIX,MIX,0x97d1f6c869f0b7a2888a3e9a631292c241128d7e743d49bc2e696afa75878700_MIX,1643246828,1643246828,1,4.604079674695013e+23,460407.9674695013,0.7482295532398581,0,0,0.825000,bridge_dst_event_flow,True
BNB,Poly,bnb_flow_0x977c6f8f1eab__synth_split_a,0x977c6f8f1eabbd9af48a68298b8240815a51f9ae18d945ff7eb73e7ed78342dc,0x2f7ac9436ba4b548f9582af91ca1ef02cd2f1f03|0x398f7827dccbefe6990478876bbf3612d93baf05|0xda9434e626dff1e4d07a8ca20ee856132894e775,0xda9434e626dff1e4d07a8ca20ee856132894e775,0x398f7827dccbefe6990478876bbf3612d93baf05,MIX,MIX,0x977c6f8f1eabbd9af48a68298b8240815a51f9ae18d945ff7eb73e7ed78342dc_MIX,1647813948,1647813948,1,2.2398833103550327e+23,223988.33103550327,0.36401344178027933,0,0,0.825000,bridge_dst_event_flow,True
BNB,Poly,bnb_flow_0x977c6f8f1eab__synth_split_b,0x977c6f8f1eabbd9af48a68298b8240815a51f9ae18d945ff7eb73e7ed78342dc,0x2f7ac9436ba4b548f9582af91ca1ef02cd2f1f03|0x398f7827dccbefe6990478876bbf3612d93baf05|0xda9434e626dff1e4d07a8ca20ee856132894e775,0xda9434e626dff1e4d07a8ca20ee856132894e775,0x398f7827dccbefe6990478876bbf3612d93baf05,MIX,MIX,0x977c6f8f1eabbd9af48a68298b8240815a51f9ae18d945ff7eb73e7ed78342dc_MIX,1647813948,1647813948,1,2.2398833103550327e+23,223988.33103550327,0.36401344178027933,0,0,0.825000,bridge_dst_event_flow,True
BNB,Poly,bnb_flow_0x977c6f8f1eab__synth_merge_dst,0x977c6f8f1eabbd9af48a68298b8240815a51f9ae18d945ff7eb73e7ed78342dc,0x2f7ac9436ba4b548f9582af91ca1ef02cd2f1f03|0x398f7827dccbefe6990478876bbf3612d93baf05|0xda9434e626dff1e4d07a8ca20ee856132894e775,0xda9434e626dff1e4d07a8ca20ee856132894e775,0x398f7827dccbefe6990478876bbf3612d93baf05,MIX,MIX,0x977c6f8f1eabbd9af48a68298b8240815a51f9ae18d945ff7eb73e7ed78342dc_MIX,1647813948,1647813948,1,4.4797666207100655e+23,447976.66207100655,0.7280268835605587,0,0,0.825000,bridge_dst_event_flow,True
BNB,Poly,bnb_flow_0x977c6f8f1eab__synth_hidden_dst,0x977c6f8f1eabbd9af48a68298b8240815a51f9ae18d945ff7eb73e7ed78342dc,0x2f7ac9436ba4b548f9582af91ca1ef02cd2f1f03|0x398f7827dccbefe6990478876bbf3612d93baf05|0xda9434e626dff1e4d07a8ca20ee856132894e775,0xda9434e626dff1e4d07a8ca20ee856132894e775,0x398f7827dccbefe6990478876bbf3612d93baf05,MIX,MIX,0x977c6f8f1eabbd9af48a68298b8240815a51f9ae18d945ff7eb73e7ed78342dc_MIX,1647813948,1647813948,1,4.4797666207100655e+23,447976.66207100655,0.7280268835605587,0,0,0.825000,bridge_dst_event_flow,True
BNB,Poly,bnb_flow_0x977c6f8f1eab__synth_noise_dst_0,0x977c6f8f1eabbd9af48a68298b8240815a51f9ae18d945ff7eb73e7ed78342dc,0x2f7ac9436ba4b548f9582af91ca1ef02cd2f1f03|0x398f7827dccbefe6990478876bbf3612d93baf05|0xda9434e626dff1e4d07a8ca20ee856132894e775,0xda9434e626dff1e4d07a8ca20ee856132894e775,0x398f7827dccbefe6990478876bbf3612d93baf05,MIX,MIX,0x977c6f8f1eabbd9af48a68298b8240815a51f9ae18d945ff7eb73e7ed78342dc_MIX,1647814008,1647814008,1,4.4797666207100655e+23,447976.66207100655,0.7280268835605587,0,0,0.825000,bridge_dst_event_flow,True
BNB,Poly,bnb_flow_0x977c6f8f1eab__synth_noise_dst_1,0x977c6f8f1eabbd9af48a68298b8240815a51f9ae18d945ff7eb73e7ed78342dc,0x2f7ac9436ba4b548f9582af91ca1ef02cd2f1f03|0x398f7827dccbefe6990478876bbf3612d93baf05|0xda9434e626dff1e4d07a8ca20ee856132894e775,0xda9434e626dff1e4d07a8ca20ee856132894e775,0x398f7827dccbefe6990478876bbf3612d93baf05,MIX,MIX,0x977c6f8f1eabbd9af48a68298b8240815a51f9ae18d945ff7eb73e7ed78342dc_MIX,1647814068,1647814068,1,4.4797666207100655e+23,447976.66207100655,0.7280268835605587,0,0,0.825000,bridge_dst_event_flow,True
BNB,Poly,bnb_flow_0xdac82ebd4b8e__synth_split_a,0xdac82ebd4b8eb024f3bd0739452c3d845958437de402cbefccb3109ab323b406,0x2f7ac9436ba4b548f9582af91ca1ef02cd2f1f03|0x398f7827dccbefe6990478876bbf3612d93baf05|0xfda276dd36f4db76b7ba7a533b65d477e798f2bd,0xfda276dd36f4db76b7ba7a533b65d477e798f2bd,0x398f7827dccbefe6990478876bbf3612d93baf05,MIX,MIX,0xdac82ebd4b8eb024f3bd0739452c3d845958437de402cbefccb3109ab323b406_MIX,1653541980,1653541980,1,2.595399223948943e+23,259539.9223948943,0.42178992090162565,0,0,0.825000,bridge_dst_event_flow,True
BNB,Poly,bnb_flow_0xdac82ebd4b8e__synth_split_b,0xdac82ebd4b8eb024f3bd0739452c3d845958437de402cbefccb3109ab323b406,0x2f7ac9436ba4b548f9582af91ca1ef02cd2f1f03|0x398f7827dccbefe6990478876bbf3612d93baf05|0xfda276dd36f4db76b7ba7a533b65d477e798f2bd,0xfda276dd36f4db76b7ba7a533b65d477e798f2bd,0x398f7827dccbefe6990478876bbf3612d93baf05,MIX,MIX,0xdac82ebd4b8eb024f3bd0739452c3d845958437de402cbefccb3109ab323b406_MIX,1653541980,1653541980,1,2.595399223948943e+23,259539.9223948943,0.42178992090162565,0,0,0.825000,bridge_dst_event_flow,True
BNB,Poly,bnb_flow_0xdac82ebd4b8e__synth_merge_dst,0xdac82ebd4b8eb024f3bd0739452c3d845958437de402cbefccb3109ab323b406,0x2f7ac9436ba4b548f9582af91ca1ef02cd2f1f03|0x398f7827dccbefe6990478876bbf3612d93baf05|0xfda276dd36f4db76b7ba7a533b65d477e798f2bd,0xfda276dd36f4db76b7ba7a533b65d477e798f2bd,0x398f7827dccbefe6990478876bbf3612d93baf05,MIX,MIX,0xdac82ebd4b8eb024f3bd0739452c3d845958437de402cbefccb3109ab323b406_MIX,1653541980,1653541980,1,5.190798447897886e+23,519079.8447897886,0.8435798418032513,0,0,0.825000,bridge_dst_event_flow,True
BNB,Poly,bnb_flow_0xdac82ebd4b8e__synth_hidden_dst,0xdac82ebd4b8eb024f3bd0739452c3d845958437de402cbefccb3109ab323b406,0x2f7ac9436ba4b548f9582af91ca1ef02cd2f1f03|0x398f7827dccbefe6990478876bbf3612d93baf05|0xfda276dd36f4db76b7ba7a533b65d477e798f2bd,0xfda276dd36f4db76b7ba7a533b65d477e798f2bd,0x398f7827dccbefe6990478876bbf3612d93baf05,MIX,MIX,0xdac82ebd4b8eb024f3bd0739452c3d845958437de402cbefccb3109ab323b406_MIX,1653541980,1653541980,1,5.190798447897886e+23,519079.8447897886,0.8435798418032513,0,0,0.825000,bridge_dst_event_flow,True
BNB,Poly,bnb_flow_0xdac82ebd4b8e__synth_noise_dst_0,0xdac82ebd4b8eb024f3bd0739452c3d845958437de402cbefccb3109ab323b406,0x2f7ac9436ba4b548f9582af91ca1ef02cd2f1f03|0x398f7827dccbefe6990478876bbf3612d93baf05|0xfda276dd36f4db76b7ba7a533b65d477e798f2bd,0xfda276dd36f4db76b7ba7a533b65d477e798f2bd,0x398f7827dccbefe6990478876bbf3612d93baf05,MIX,MIX,0xdac82ebd4b8eb024f3bd0739452c3d845958437de402cbefccb3109ab323b406_MIX,1653542040,1653542040,1,5.190798447897886e+23,519079.8447897886,0.8435798418032513,0,0,0.825000,bridge_dst_event_flow,True
BNB,Poly,bnb_flow_0xdac82ebd4b8e__synth_noise_dst_1,0xdac82ebd4b8eb024f3bd0739452c3d845958437de402cbefccb3109ab323b406,0x2f7ac9436ba4b548f9582af91ca1ef02cd2f1f03|0x398f7827dccbefe6990478876bbf3612d93baf05|0xfda276dd36f4db76b7ba7a533b65d477e798f2bd,0xfda276dd36f4db76b7ba7a533b65d477e798f2bd,0x398f7827dccbefe6990478876bbf3612d93baf05,MIX,MIX,0xdac82ebd4b8eb024f3bd0739452c3d845958437de402cbefccb3109ab323b406_MIX,1653542100,1653542100,1,5.190798447897886e+23,519079.8447897886,0.8435798418032513,0,0,0.825000,bridge_dst_event_flow,True
BNB,Poly,bnb_flow_0x52063958157e__synth_split_a,0x52063958157e63b12f9baee3df65ce1f4ad5a637697fe0ab41cf3f2b18b29d74,0x2f7ac9436ba4b548f9582af91ca1ef02cd2f1f03|0x398f7827dccbefe6990478876bbf3612d93baf05|0xf2ce52e3d0eb5d237341c9a75ca24647d87d7e55,0xf2ce52e3d0eb5d237341c9a75ca24647d87d7e55,0x398f7827dccbefe6990478876bbf3612d93baf05,MIX,MIX,0x52063958157e63b12f9baee3df65ce1f4ad5a637697fe0ab41cf3f2b18b29d74_MIX,1654548655,1654548655,1,1.7631822216393564e+23,176318.22216393563,0.286542618545164,0,0,0.825000,bridge_dst_event_flow,True
BNB,Poly,bnb_flow_0x52063958157e__synth_split_b,0x52063958157e63b12f9baee3df65ce1f4ad5a637697fe0ab41cf3f2b18b29d74,0x2f7ac9436ba4b548f9582af91ca1ef02cd2f1f03|0x398f7827dccbefe6990478876bbf3612d93baf05|0xf2ce52e3d0eb5d237341c9a75ca24647d87d7e55,0xf2ce52e3d0eb5d237341c9a75ca24647d87d7e55,0x398f7827dccbefe6990478876bbf3612d93baf05,MIX,MIX,0x52063958157e63b12f9baee3df65ce1f4ad5a637697fe0ab41cf3f2b18b29d74_MIX,1654548655,1654548655,1,1.7631822216393564e+23,176318.22216393563,0.286542618545164,0,0,0.825000,bridge_dst_event_flow,True
BNB,Poly,bnb_flow_0x52063958157e__synth_split_c,0x52063958157e63b12f9baee3df65ce1f4ad5a637697fe0ab41cf3f2b18b29d74,0x2f7ac9436ba4b548f9582af91ca1ef02cd2f1f03|0x398f7827dccbefe6990478876bbf3612d93baf05|0xf2ce52e3d0eb5d237341c9a75ca24647d87d7e55,0xf2ce52e3d0eb5d237341c9a75ca24647d87d7e55,0x398f7827dccbefe6990478876bbf3612d93baf05,MIX,MIX,0x52063958157e63b12f9baee3df65ce1f4ad5a637697fe0ab41cf3f2b18b29d74_MIX,1654548655,1654548655,1,1.7631822216393564e+23,176318.22216393563,0.286542618545164,0,0,0.825000,bridge_dst_event_flow,True
BNB,Poly,bnb_flow_0x52063958157e__synth_split_d,0x52063958157e63b12f9baee3df65ce1f4ad5a637697fe0ab41cf3f2b18b29d74,0x2f7ac9436ba4b548f9582af91ca1ef02cd2f1f03|0x398f7827dccbefe6990478876bbf3612d93baf05|0xf2ce52e3d0eb5d237341c9a75ca24647d87d7e55,0xf2ce52e3d0eb5d237341c9a75ca24647d87d7e55,0x398f7827dccbefe6990478876bbf3612d93baf05,MIX,MIX,0x52063958157e63b12f9baee3df65ce1f4ad5a637697fe0ab41cf3f2b18b29d74_MIX,1654548655,1654548655,1,1.7631822216393564e+23,176318.22216393563,0.286542618545164,0,0,0.825000,bridge_dst_event_flow,True
BNB,Poly,bnb_flow_0x52063958157e__synth_split_e,0x52063958157e63b12f9baee3df65ce1f4ad5a637697fe0ab41cf3f2b18b29d74,0x2f7ac9436ba4b548f9582af91ca1ef02cd2f1f03|0x398f7827dccbefe6990478876bbf3612d93baf05|0xf2ce52e3d0eb5d237341c9a75ca24647d87d7e55,0xf2ce52e3d0eb5d237341c9a75ca24647d87d7e55,0x398f7827dccbefe6990478876bbf3612d93baf05,MIX,MIX,0x52063958157e63b12f9baee3df65ce1f4ad5a637697fe0ab41cf3f2b18b29d74_MIX,1654548655,1654548655,1,1.7631822216393564e+23,176318.22216393563,0.286542618545164,0,0,0.825000,bridge_dst_event_flow,True
BNB,Poly,bnb_flow_0x52063958157e__synth_merge_dst,0x52063958157e63b12f9baee3df65ce1f4ad5a637697fe0ab41cf3f2b18b29d74,0x2f7ac9436ba4b548f9582af91ca1ef02cd2f1f03|0x398f7827dccbefe6990478876bbf3612d93baf05|0xf2ce52e3d0eb5d237341c9a75ca24647d87d7e55,0xf2ce52e3d0eb5d237341c9a75ca24647d87d7e55,0x398f7827dccbefe6990478876bbf3612d93baf05,MIX,MIX,0x52063958157e63b12f9baee3df65ce1f4ad5a637697fe0ab41cf3f2b18b29d74_MIX,1654548655,1654548655,1,8.815911108196781e+23,881591.110819678,1.43271309272582,0,0,0.825000,bridge_dst_event_flow,True
BNB,Poly,bnb_flow_0x52063958157e__synth_hidden_dst,0x52063958157e63b12f9baee3df65ce1f4ad5a637697fe0ab41cf3f2b18b29d74,0x2f7ac9436ba4b548f9582af91ca1ef02cd2f1f03|0x398f7827dccbefe6990478876bbf3612d93baf05|0xf2ce52e3d0eb5d237341c9a75ca24647d87d7e55,0xf2ce52e3d0eb5d237341c9a75ca24647d87d7e55,0x398f7827dccbefe6990478876bbf3612d93baf05,MIX,MIX,0x52063958157e63b12f9baee3df65ce1f4ad5a637697fe0ab41cf3f2b18b29d74_MIX,1654548655,1654548655,1,8.815911108196781e+23,881591.110819678,1.43271309272582,0,0,0.825000,bridge_dst_event_flow,True
BNB,Poly,bnb_flow_0x52063958157e__synth_noise_dst_0,0x52063958157e63b12f9baee3df65ce1f4ad5a637697fe0ab41cf3f2b18b29d74,0x2f7ac9436ba4b548f9582af91ca1ef02cd2f1f03|0x398f7827dccbefe6990478876bbf3612d93baf05|0xf2ce52e3d0eb5d237341c9a75ca24647d87d7e55,0xf2ce52e3d0eb5d237341c9a75ca24647d87d7e55,0x398f7827dccbefe6990478876bbf3612d93baf05,MIX,MIX,0x52063958157e63b12f9baee3df65ce1f4ad5a637697fe0ab41cf3f2b18b29d74_MIX,1654548715,1654548715,1,8.815911108196781e+23,881591.110819678,1.43271309272582,0,0,0.825000,bridge_dst_event_flow,True
BNB,Poly,bnb_flow_0x52063958157e__synth_noise_dst_1,0x52063958157e63b12f9baee3df65ce1f4ad5a637697fe0ab41cf3f2b18b29d74,0x2f7ac9436ba4b548f9582af91ca1ef02cd2f1f03|0x398f7827dccbefe6990478876bbf3612d93baf05|0xf2ce52e3d0eb5d237341c9a75ca24647d87d7e55,0xf2ce52e3d0eb5d237341c9a75ca24647d87d7e55,0x398f7827dccbefe6990478876bbf3612d93baf05,MIX,MIX,0x52063958157e63b12f9baee3df65ce1f4ad5a637697fe0ab41cf3f2b18b29d74_MIX,1654548775,1654548775,1,8.815911108196781e+23,881591.110819678,1.43271309272582,0,0,0.825000,bridge_dst_event_flow,True
BNB,Poly,bnb_flow_0x224fe3330791__synth_split_a,0x224fe33307919a1300011397bc45a4fa0765015319e1f2cacbfe0f734a2507cf,0x2f7ac9436ba4b548f9582af91ca1ef02cd2f1f03|0x398f7827dccbefe6990478876bbf3612d93baf05|0x8594d8e9483473626908648a5539d9d65ca2fe8d,0x8594d8e9483473626908648a5539d9d65ca2fe8d,0x398f7827dccbefe6990478876bbf3612d93baf05,MIX,MIX,0x224fe33307919a1300011397bc45a4fa0765015319e1f2cacbfe0f734a2507cf_MIX,1659852804,1659852804,1,1.4642243415235988e+23,146422.4341523599,0.23795763807534495,0,0,0.825000,bridge_dst_event_flow,True
BNB,Poly,bnb_flow_0x224fe3330791__synth_split_b,0x224fe33307919a1300011397bc45a4fa0765015319e1f2cacbfe0f734a2507cf,0x2f7ac9436ba4b548f9582af91ca1ef02cd2f1f03|0x398f7827dccbefe6990478876bbf3612d93baf05|0x8594d8e9483473626908648a5539d9d65ca2fe8d,0x8594d8e9483473626908648a5539d9d65ca2fe8d,0x398f7827dccbefe6990478876bbf3612d93baf05,MIX,MIX,0x224fe33307919a1300011397bc45a4fa0765015319e1f2cacbfe0f734a2507cf_MIX,1659852804,1659852804,1,1.4642243415235988e+23,146422.4341523599,0.23795763807534495,0,0,0.825000,bridge_dst_event_flow,True
BNB,Poly,bnb_flow_0x224fe3330791__synth_merge_dst,0x224fe33307919a1300011397bc45a4fa0765015319e1f2cacbfe0f734a2507cf,0x2f7ac9436ba4b548f9582af91ca1ef02cd2f1f03|0x398f7827dccbefe6990478876bbf3612d93baf05|0x8594d8e9483473626908648a5539d9d65ca2fe8d,0x8594d8e9483473626908648a5539d9d65ca2fe8d,0x398f7827dccbefe6990478876bbf3612d93baf05,MIX,MIX,0x224fe33307919a1300011397bc45a4fa0765015319e1f2cacbfe0f734a2507cf_MIX,1659852804,1659852804,1,2.9284486830471976e+23,292844.8683047198,0.4759152761506899,0,0,0.825000,bridge_dst_event_flow,True
BNB,Poly,bnb_flow_0x224fe3330791__synth_hidden_dst,0x224fe33307919a1300011397bc45a4fa0765015319e1f2cacbfe0f734a2507cf,0x2f7ac9436ba4b548f9582af91ca1ef02cd2f1f03|0x398f7827dccbefe6990478876bbf3612d93baf05|0x8594d8e9483473626908648a5539d9d65ca2fe8d,0x8594d8e9483473626908648a5539d9d65ca2fe8d,0x398f7827dccbefe6990478876bbf3612d93baf05,MIX,MIX,0x224fe33307919a1300011397bc45a4fa0765015319e1f2cacbfe0f734a2507cf_MIX,1659852804,1659852804,1,2.9284486830471976e+23,292844.8683047198,0.4759152761506899,0,0,0.825000,bridge_dst_event_flow,True
BNB,Poly,bnb_flow_0x224fe3330791__synth_noise_dst_0,0x224fe33307919a1300011397bc45a4fa0765015319e1f2cacbfe0f734a2507cf,0x2f7ac9436ba4b548f9582af91ca1ef02cd2f1f03|0x398f7827dccbefe6990478876bbf3612d93baf05|0x8594d8e9483473626908648a5539d9d65ca2fe8d,0x8594d8e9483473626908648a5539d9d65ca2fe8d,0x398f7827dccbefe6990478876bbf3612d93baf05,MIX,MIX,0x224fe33307919a1300011397bc45a4fa0765015319e1f2cacbfe0f734a2507cf_MIX,1659852864,1659852864,1,2.9284486830471976e+23,292844.8683047198,0.4759152761506899,0,0,0.825000,bridge_dst_event_flow,True
BNB,Poly,bnb_flow_0x224fe3330791__synth_noise_dst_1,0x224fe33307919a1300011397bc45a4fa0765015319e1f2cacbfe0f734a2507cf,0x2f7ac9436ba4b548f9582af91ca1ef02cd2f1f03|0x398f7827dccbefe6990478876bbf3612d93baf05|0x8594d8e9483473626908648a5539d9d65ca2fe8d,0x8594d8e9483473626908648a5539d9d65ca2fe8d,0x398f7827dccbefe6990478876bbf3612d93baf05,MIX,MIX,0x224fe33307919a1300011397bc45a4fa0765015319e1f2cacbfe0f734a2507cf_MIX,1659852924,1659852924,1,2.9284486830471976e+23,292844.8683047198,0.4759152761506899,0,0,0.825000,bridge_dst_event_flow,True
BNB,Poly,bnb_flow_0x6ea4b050c3da__synth_split_a,0x6ea4b050c3da97faaf6f1d49e92f63d2dbb71f0e0164fe0ae9873d5dfd9eea2b,0x2f7ac9436ba4b548f9582af91ca1ef02cd2f1f03|0xc49dde62b4a0810074721faca54aab52369f486a|0xd54e4f8a55247487dd7c8c59f14ee5c0c2889477,0xd54e4f8a55247487dd7c8c59f14ee5c0c2889477,0xc49dde62b4a0810074721faca54aab52369f486a,PKR,PKR,0x6ea4b050c3da97faaf6f1d49e92f63d2dbb71f0e0164fe0ae9873d5dfd9eea2b_PKR,1671581798,1671581798,1,5.61903897335716e+22,56190.38973357161,1.2355333911928028,0,0,0.800000,bridge_dst_event_flow,True
BNB,Poly,bnb_flow_0x6ea4b050c3da__synth_split_b,0x6ea4b050c3da97faaf6f1d49e92f63d2dbb71f0e0164fe0ae9873d5dfd9eea2b,0x2f7ac9436ba4b548f9582af91ca1ef02cd2f1f03|0xc49dde62b4a0810074721faca54aab52369f486a|0xd54e4f8a55247487dd7c8c59f14ee5c0c2889477,0xd54e4f8a55247487dd7c8c59f14ee5c0c2889477,0xc49dde62b4a0810074721faca54aab52369f486a,PKR,PKR,0x6ea4b050c3da97faaf6f1d49e92f63d2dbb71f0e0164fe0ae9873d5dfd9eea2b_PKR,1671581798,1671581798,1,5.61903897335716e+22,56190.38973357161,1.2355333911928028,0,0,0.800000,bridge_dst_event_flow,True
BNB,Poly,bnb_flow_0x6ea4b050c3da__synth_merge_dst,0x6ea4b050c3da97faaf6f1d49e92f63d2dbb71f0e0164fe0ae9873d5dfd9eea2b,0x2f7ac9436ba4b548f9582af91ca1ef02cd2f1f03|0xc49dde62b4a0810074721faca54aab52369f486a|0xd54e4f8a55247487dd7c8c59f14ee5c0c2889477,0xd54e4f8a55247487dd7c8c59f14ee5c0c2889477,0xc49dde62b4a0810074721faca54aab52369f486a,PKR,PKR,0x6ea4b050c3da97faaf6f1d49e92f63d2dbb71f0e0164fe0ae9873d5dfd9eea2b_PKR,1671581798,1671581798,1,1.123807794671432e+23,112380.77946714322,2.4710667823856056,0,0,0.800000,bridge_dst_event_flow,True
BNB,Poly,bnb_flow_0x6ea4b050c3da__synth_hidden_dst,0x6ea4b050c3da97faaf6f1d49e92f63d2dbb71f0e0164fe0ae9873d5dfd9eea2b,0x2f7ac9436ba4b548f9582af91ca1ef02cd2f1f03|0xc49dde62b4a0810074721faca54aab52369f486a|0xd54e4f8a55247487dd7c8c59f14ee5c0c2889477,0xd54e4f8a55247487dd7c8c59f14ee5c0c2889477,0xc49dde62b4a0810074721faca54aab52369f486a,PKR,PKR,0x6ea4b050c3da97faaf6f1d49e92f63d2dbb71f0e0164fe0ae9873d5dfd9eea2b_PKR,1671581798,1671581798,1,1.123807794671432e+23,112380.77946714322,2.4710667823856056,0,0,0.800000,bridge_dst_event_flow,True
BNB,Poly,bnb_flow_0x6ea4b050c3da__synth_noise_dst_0,0x6ea4b050c3da97faaf6f1d49e92f63d2dbb71f0e0164fe0ae9873d5dfd9eea2b,0x2f7ac9436ba4b548f9582af91ca1ef02cd2f1f03|0xc49dde62b4a0810074721faca54aab52369f486a|0xd54e4f8a55247487dd7c8c59f14ee5c0c2889477,0xd54e4f8a55247487dd7c8c59f14ee5c0c2889477,0xc49dde62b4a0810074721faca54aab52369f486a,PKR,PKR,0x6ea4b050c3da97faaf6f1d49e92f63d2dbb71f0e0164fe0ae9873d5dfd9eea2b_PKR,1671581858,1671581858,1,1.123807794671432e+23,112380.77946714322,2.4710667823856056,0,0,0.800000,bridge_dst_event_flow,True
BNB,Poly,bnb_flow_0x6ea4b050c3da__synth_noise_dst_1,0x6ea4b050c3da97faaf6f1d49e92f63d2dbb71f0e0164fe0ae9873d5dfd9eea2b,0x2f7ac9436ba4b548f9582af91ca1ef02cd2f1f03|0xc49dde62b4a0810074721faca54aab52369f486a|0xd54e4f8a55247487dd7c8c59f14ee5c0c2889477,0xd54e4f8a55247487dd7c8c59f14ee5c0c2889477,0xc49dde62b4a0810074721faca54aab52369f486a,PKR,PKR,0x6ea4b050c3da97faaf6f1d49e92f63d2dbb71f0e0164fe0ae9873d5dfd9eea2b_PKR,1671581918,1671581918,1,1.123807794671432e+23,112380.77946714322,2.4710667823856056,0,0,0.800000,bridge_dst_event_flow,True
BNB,Poly,bnb_flow_0x100a31939491__synth_split_a,0x100a3193949110107bfeca4d6916c979e09276ede976e2a8116a01ecd8845419,0x2f7ac9436ba4b548f9582af91ca1ef02cd2f1f03|0x398f7827dccbefe6990478876bbf3612d93baf05|0x9b0de5739e6c71ac8b1371cb8e450b41b26f451e,0x9b0de5739e6c71ac8b1371cb8e450b41b26f451e,0x398f7827dccbefe6990478876bbf3612d93baf05,MIX,MIX,0x100a3193949110107bfeca4d6916c979e09276ede976e2a8116a01ecd8845419_MIX,1669289706,1669289706,1,2.2727639428306752e+23,227276.39428306752,0.36935702023369166,0,0,0.800000,bridge_dst_event_flow,True
BNB,Poly,bnb_flow_0x100a31939491__synth_split_b,0x100a3193949110107bfeca4d6916c979e09276ede976e2a8116a01ecd8845419,0x2f7ac9436ba4b548f9582af91ca1ef02cd2f1f03|0x398f7827dccbefe6990478876bbf3612d93baf05|0x9b0de5739e6c71ac8b1371cb8e450b41b26f451e,0x9b0de5739e6c71ac8b1371cb8e450b41b26f451e,0x398f7827dccbefe6990478876bbf3612d93baf05,MIX,MIX,0x100a3193949110107bfeca4d6916c979e09276ede976e2a8116a01ecd8845419_MIX,1669289706,1669289706,1,2.2727639428306752e+23,227276.39428306752,0.36935702023369166,0,0,0.800000,bridge_dst_event_flow,True
BNB,Poly,bnb_flow_0x100a31939491__synth_merge_dst,0x100a3193949110107bfeca4d6916c979e09276ede976e2a8116a01ecd8845419,0x2f7ac9436ba4b548f9582af91ca1ef02cd2f1f03|0x398f7827dccbefe6990478876bbf3612d93baf05|0x9b0de5739e6c71ac8b1371cb8e450b41b26f451e,0x9b0de5739e6c71ac8b1371cb8e450b41b26f451e,0x398f7827dccbefe6990478876bbf3612d93baf05,MIX,MIX,0x100a3193949110107bfeca4d6916c979e09276ede976e2a8116a01ecd8845419_MIX,1669289706,1669289706,1,4.5455278856613503e+23,454552.78856613504,0.7387140404673833,0,0,0.800000,bridge_dst_event_flow,True
BNB,Poly,bnb_flow_0x100a31939491__synth_hidden_dst,0x100a3193949110107bfeca4d6916c979e09276ede976e2a8116a01ecd8845419,0x2f7ac9436ba4b548f9582af91ca1ef02cd2f1f03|0x398f7827dccbefe6990478876bbf3612d93baf05|0x9b0de5739e6c71ac8b1371cb8e450b41b26f451e,0x9b0de5739e6c71ac8b1371cb8e450b41b26f451e,0x398f7827dccbefe6990478876bbf3612d93baf05,MIX,MIX,0x100a3193949110107bfeca4d6916c979e09276ede976e2a8116a01ecd8845419_MIX,1669289706,1669289706,1,4.5455278856613503e+23,454552.78856613504,0.7387140404673833,0,0,0.800000,bridge_dst_event_flow,True
BNB,Poly,bnb_flow_0x100a31939491__synth_noise_dst_0,0x100a3193949110107bfeca4d6916c979e09276ede976e2a8116a01ecd8845419,0x2f7ac9436ba4b548f9582af91ca1ef02cd2f1f03|0x398f7827dccbefe6990478876bbf3612d93baf05|0x9b0de5739e6c71ac8b1371cb8e450b41b26f451e,0x9b0de5739e6c71ac8b1371cb8e450b41b26f451e,0x398f7827dccbefe6990478876bbf3612d93baf05,MIX,MIX,0x100a3193949110107bfeca4d6916c979e09276ede976e2a8116a01ecd8845419_MIX,1669289766,1669289766,1,4.5455278856613503e+23,454552.78856613504,0.7387140404673833,0,0,0.800000,bridge_dst_event_flow,True
BNB,Poly,bnb_flow_0x100a31939491__synth_noise_dst_1,0x100a3193949110107bfeca4d6916c979e09276ede976e2a8116a01ecd8845419,0x2f7ac9436ba4b548f9582af91ca1ef02cd2f1f03|0x398f7827dccbefe6990478876bbf3612d93baf05|0x9b0de5739e6c71ac8b1371cb8e450b41b26f451e,0x9b0de5739e6c71ac8b1371cb8e450b41b26f451e,0x398f7827dccbefe6990478876bbf3612d93baf05,MIX,MIX,0x100a3193949110107bfeca4d6916c979e09276ede976e2a8116a01ecd8845419_MIX,1669289826,1669289826,1,4.5455278856613503e+23,454552.78856613504,0.7387140404673833,0,0,0.800000,bridge_dst_event_flow,True
BNB,Poly,bnb_flow_0x6678f70cb50a__synth_split_a,0x6678f70cb50ac349afbb3d7679fd4a28cfb5cd7b750b6e9dfd4d9262a1d93f9f,0x2f7ac9436ba4b548f9582af91ca1ef02cd2f1f03|0x398f7827dccbefe6990478876bbf3612d93baf05|0xcfc387b2d9bb52200d942752f44a41d658ee82de,0xcfc387b2d9bb52200d942752f44a41d658ee82de,0x398f7827dccbefe6990478876bbf3612d93baf05,MIX,MIX,0x6678f70cb50ac349afbb3d7679fd4a28cfb5cd7b750b6e9dfd4d9262a1d93f9f_MIX,1671064948,1671064948,1,2.4371275e+23,243712.75,0.39606847608135015,0,0,0.800000,bridge_dst_event_flow,True
BNB,Poly,bnb_flow_0x6678f70cb50a__synth_split_b,0x6678f70cb50ac349afbb3d7679fd4a28cfb5cd7b750b6e9dfd4d9262a1d93f9f,0x2f7ac9436ba4b548f9582af91ca1ef02cd2f1f03|0x398f7827dccbefe6990478876bbf3612d93baf05|0xcfc387b2d9bb52200d942752f44a41d658ee82de,0xcfc387b2d9bb52200d942752f44a41d658ee82de,0x398f7827dccbefe6990478876bbf3612d93baf05,MIX,MIX,0x6678f70cb50ac349afbb3d7679fd4a28cfb5cd7b750b6e9dfd4d9262a1d93f9f_MIX,1671064948,1671064948,1,2.4371275e+23,243712.75,0.39606847608135015,0,0,0.800000,bridge_dst_event_flow,True
BNB,Poly,bnb_flow_0x6678f70cb50a__synth_split_c,0x6678f70cb50ac349afbb3d7679fd4a28cfb5cd7b750b6e9dfd4d9262a1d93f9f,0x2f7ac9436ba4b548f9582af91ca1ef02cd2f1f03|0x398f7827dccbefe6990478876bbf3612d93baf05|0xcfc387b2d9bb52200d942752f44a41d658ee82de,0xcfc387b2d9bb52200d942752f44a41d658ee82de,0x398f7827dccbefe6990478876bbf3612d93baf05,MIX,MIX,0x6678f70cb50ac349afbb3d7679fd4a28cfb5cd7b750b6e9dfd4d9262a1d93f9f_MIX,1671064948,1671064948,1,2.4371275e+23,243712.75,0.39606847608135015,0,0,0.800000,bridge_dst_event_flow,True
BNB,Poly,bnb_flow_0x6678f70cb50a__synth_split_d,0x6678f70cb50ac349afbb3d7679fd4a28cfb5cd7b750b6e9dfd4d9262a1d93f9f,0x2f7ac9436ba4b548f9582af91ca1ef02cd2f1f03|0x398f7827dccbefe6990478876bbf3612d93baf05|0xcfc387b2d9bb52200d942752f44a41d658ee82de,0xcfc387b2d9bb52200d942752f44a41d658ee82de,0x398f7827dccbefe6990478876bbf3612d93baf05,MIX,MIX,0x6678f70cb50ac349afbb3d7679fd4a28cfb5cd7b750b6e9dfd4d9262a1d93f9f_MIX,1671064948,1671064948,1,2.4371275e+23,243712.75,0.39606847608135015,0,0,0.800000,bridge_dst_event_flow,True
BNB,Poly,bnb_flow_0x6678f70cb50a__synth_merge_dst,0x6678f70cb50ac349afbb3d7679fd4a28cfb5cd7b750b6e9dfd4d9262a1d93f9f,0x2f7ac9436ba4b548f9582af91ca1ef02cd2f1f03|0x398f7827dccbefe6990478876bbf3612d93baf05|0xcfc387b2d9bb52200d942752f44a41d658ee82de,0xcfc387b2d9bb52200d942752f44a41d658ee82de,0x398f7827dccbefe6990478876bbf3612d93baf05,MIX,MIX,0x6678f70cb50ac349afbb3d7679fd4a28cfb5cd7b750b6e9dfd4d9262a1d93f9f_MIX,1671064948,1671064948,1,9.74851e+23,974851.0,1.5842739043254006,0,0,0.800000,bridge_dst_event_flow,True
BNB,Poly,bnb_flow_0x6678f70cb50a__synth_hidden_dst,0x6678f70cb50ac349afbb3d7679fd4a28cfb5cd7b750b6e9dfd4d9262a1d93f9f,0x2f7ac9436ba4b548f9582af91ca1ef02cd2f1f03|0x398f7827dccbefe6990478876bbf3612d93baf05|0xcfc387b2d9bb52200d942752f44a41d658ee82de,0xcfc387b2d9bb52200d942752f44a41d658ee82de,0x398f7827dccbefe6990478876bbf3612d93baf05,MIX,MIX,0x6678f70cb50ac349afbb3d7679fd4a28cfb5cd7b750b6e9dfd4d9262a1d93f9f_MIX,1671064948,1671064948,1,9.74851e+23,974851.0,1.5842739043254006,0,0,0.800000,bridge_dst_event_flow,True
BNB,Poly,bnb_flow_0x6678f70cb50a__synth_noise_dst_0,0x6678f70cb50ac349afbb3d7679fd4a28cfb5cd7b750b6e9dfd4d9262a1d93f9f,0x2f7ac9436ba4b548f9582af91ca1ef02cd2f1f03|0x398f7827dccbefe6990478876bbf3612d93baf05|0xcfc387b2d9bb52200d942752f44a41d658ee82de,0xcfc387b2d9bb52200d942752f44a41d658ee82de,0x398f7827dccbefe6990478876bbf3612d93baf05,MIX,MIX,0x6678f70cb50ac349afbb3d7679fd4a28cfb5cd7b750b6e9dfd4d9262a1d93f9f_MIX,1671065008,1671065008,1,9.74851e+23,974851.0,1.5842739043254006,0,0,0.800000,bridge_dst_event_flow,True
BNB,Poly,bnb_flow_0x6678f70cb50a__synth_noise_dst_1,0x6678f70cb50ac349afbb3d7679fd4a28cfb5cd7b750b6e9dfd4d9262a1d93f9f,0x2f7ac9436ba4b548f9582af91ca1ef02cd2f1f03|0x398f7827dccbefe6990478876bbf3612d93baf05|0xcfc387b2d9bb52200d942752f44a41d658ee82de,0xcfc387b2d9bb52200d942752f44a41d658ee82de,0x398f7827dccbefe6990478876bbf3612d93baf05,MIX,MIX,0x6678f70cb50ac349afbb3d7679fd4a28cfb5cd7b750b6e9dfd4d9262a1d93f9f_MIX,1671065068,1671065068,1,9.74851e+23,974851.0,1.5842739043254006,0,0,0.800000,bridge_dst_event_flow,True
BNB,Poly,bnb_flow_0x82db8e200c1b__synth_split_a,0x82db8e200c1b47515fd7d6cfd67a7974cdec9aa6972f20509cfb2dbd34c2cf70,0x2f7ac9436ba4b548f9582af91ca1ef02cd2f1f03|0x398f7827dccbefe6990478876bbf3612d93baf05|0xcfc387b2d9bb52200d942752f44a41d658ee82de,0xcfc387b2d9bb52200d942752f44a41d658ee82de,0x398f7827dccbefe6990478876bbf3612d93baf05,MIX,MIX,0x82db8e200c1b47515fd7d6cfd67a7974cdec9aa6972f20509cfb2dbd34c2cf70_MIX,1666668140,1666668140,1,1.953078462e+23,195307.84620000003,0.31740350478653545,0,0,0.800000,bridge_dst_event_flow,True
BNB,Poly,bnb_flow_0x82db8e200c1b__synth_split_b,0x82db8e200c1b47515fd7d6cfd67a7974cdec9aa6972f20509cfb2dbd34c2cf70,0x2f7ac9436ba4b548f9582af91ca1ef02cd2f1f03|0x398f7827dccbefe6990478876bbf3612d93baf05|0xcfc387b2d9bb52200d942752f44a41d658ee82de,0xcfc387b2d9bb52200d942752f44a41d658ee82de,0x398f7827dccbefe6990478876bbf3612d93baf05,MIX,MIX,0x82db8e200c1b47515fd7d6cfd67a7974cdec9aa6972f20509cfb2dbd34c2cf70_MIX,1666668140,1666668140,1,1.953078462e+23,195307.84620000003,0.31740350478653545,0,0,0.800000,bridge_dst_event_flow,True
BNB,Poly,bnb_flow_0x82db8e200c1b__synth_split_c,0x82db8e200c1b47515fd7d6cfd67a7974cdec9aa6972f20509cfb2dbd34c2cf70,0x2f7ac9436ba4b548f9582af91ca1ef02cd2f1f03|0x398f7827dccbefe6990478876bbf3612d93baf05|0xcfc387b2d9bb52200d942752f44a41d658ee82de,0xcfc387b2d9bb52200d942752f44a41d658ee82de,0x398f7827dccbefe6990478876bbf3612d93baf05,MIX,MIX,0x82db8e200c1b47515fd7d6cfd67a7974cdec9aa6972f20509cfb2dbd34c2cf70_MIX,1666668140,1666668140,1,1.953078462e+23,195307.84620000003,0.31740350478653545,0,0,0.800000,bridge_dst_event_flow,True
BNB,Poly,bnb_flow_0x82db8e200c1b__synth_split_d,0x82db8e200c1b47515fd7d6cfd67a7974cdec9aa6972f20509cfb2dbd34c2cf70,0x2f7ac9436ba4b548f9582af91ca1ef02cd2f1f03|0x398f7827dccbefe6990478876bbf3612d93baf05|0xcfc387b2d9bb52200d942752f44a41d658ee82de,0xcfc387b2d9bb52200d942752f44a41d658ee82de,0x398f7827dccbefe6990478876bbf3612d93baf05,MIX,MIX,0x82db8e200c1b47515fd7d6cfd67a7974cdec9aa6972f20509cfb2dbd34c2cf70_MIX,1666668140,1666668140,1,1.953078462e+23,195307.84620000003,0.31740350478653545,0,0,0.800000,bridge_dst_event_flow,True
BNB,Poly,bnb_flow_0x82db8e200c1b__synth_split_e,0x82db8e200c1b47515fd7d6cfd67a7974cdec9aa6972f20509cfb2dbd34c2cf70,0x2f7ac9436ba4b548f9582af91ca1ef02cd2f1f03|0x398f7827dccbefe6990478876bbf3612d93baf05|0xcfc387b2d9bb52200d942752f44a41d658ee82de,0xcfc387b2d9bb52200d942752f44a41d658ee82de,0x398f7827dccbefe6990478876bbf3612d93baf05,MIX,MIX,0x82db8e200c1b47515fd7d6cfd67a7974cdec9aa6972f20509cfb2dbd34c2cf70_MIX,1666668140,1666668140,1,1.953078462e+23,195307.84620000003,0.31740350478653545,0,0,0.800000,bridge_dst_event_flow,True
BNB,Poly,bnb_flow_0x82db8e200c1b__synth_merge_dst,0x82db8e200c1b47515fd7d6cfd67a7974cdec9aa6972f20509cfb2dbd34c2cf70,0x2f7ac9436ba4b548f9582af91ca1ef02cd2f1f03|0x398f7827dccbefe6990478876bbf3612d93baf05|0xcfc387b2d9bb52200d942752f44a41d658ee82de,0xcfc387b2d9bb52200d942752f44a41d658ee82de,0x398f7827dccbefe6990478876bbf3612d93baf05,MIX,MIX,0x82db8e200c1b47515fd7d6cfd67a7974cdec9aa6972f20509cfb2dbd34c2cf70_MIX,1666668140,1666668140,1,9.76539231e+23,976539.231,1.5870175239326771,0,0,0.800000,bridge_dst_event_flow,True
BNB,Poly,bnb_flow_0x82db8e200c1b__synth_hidden_dst,0x82db8e200c1b47515fd7d6cfd67a7974cdec9aa6972f20509cfb2dbd34c2cf70,0x2f7ac9436ba4b548f9582af91ca1ef02cd2f1f03|0x398f7827dccbefe6990478876bbf3612d93baf05|0xcfc387b2d9bb52200d942752f44a41d658ee82de,0xcfc387b2d9bb52200d942752f44a41d658ee82de,0x398f7827dccbefe6990478876bbf3612d93baf05,MIX,MIX,0x82db8e200c1b47515fd7d6cfd67a7974cdec9aa6972f20509cfb2dbd34c2cf70_MIX,1666668140,1666668140,1,9.76539231e+23,976539.231,1.5870175239326771,0,0,0.800000,bridge_dst_event_flow,True
BNB,Poly,bnb_flow_0x82db8e200c1b__synth_noise_dst_0,0x82db8e200c1b47515fd7d6cfd67a7974cdec9aa6972f20509cfb2dbd34c2cf70,0x2f7ac9436ba4b548f9582af91ca1ef02cd2f1f03|0x398f7827dccbefe6990478876bbf3612d93baf05|0xcfc387b2d9bb52200d942752f44a41d658ee82de,0xcfc387b2d9bb52200d942752f44a41d658ee82de,0x398f7827dccbefe6990478876bbf3612d93baf05,MIX,MIX,0x82db8e200c1b47515fd7d6cfd67a7974cdec9aa6972f20509cfb2dbd34c2cf70_MIX,1666668200,1666668200,1,9.76539231e+23,976539.231,1.5870175239326771,0,0,0.800000,bridge_dst_event_flow,True
BNB,Poly,bnb_flow_0x82db8e200c1b__synth_noise_dst_1,0x82db8e200c1b47515fd7d6cfd67a7974cdec9aa6972f20509cfb2dbd34c2cf70,0x2f7ac9436ba4b548f9582af91ca1ef02cd2f1f03|0x398f7827dccbefe6990478876bbf3612d93baf05|0xcfc387b2d9bb52200d942752f44a41d658ee82de,0xcfc387b2d9bb52200d942752f44a41d658ee82de,0x398f7827dccbefe6990478876bbf3612d93baf05,MIX,MIX,0x82db8e200c1b47515fd7d6cfd67a7974cdec9aa6972f20509cfb2dbd34c2cf70_MIX,1666668260,1666668260,1,9.76539231e+23,976539.231,1.5870175239326771,0,0,0.800000,bridge_dst_event_flow,True
BNB,Poly,bnb_flow_0x57e5db19871c__synth_split_a,0x57e5db19871c8e42e72386e0c71090a6bae2ea1ec97a3ff35bbbcdcd73dc0b22,0x2f7ac9436ba4b548f9582af91ca1ef02cd2f1f03|0x69a1913d334b524ea1632461c78797c837ca9fa6|0xb7df9a000ab1439bf1bce916109fa43b61220b44,0xb7df9a000ab1439bf1bce916109fa43b61220b44,0x69a1913d334b524ea1632461c78797c837ca9fa6,RFuel,RFuel,0x57e5db19871c8e42e72386e0c71090a6bae2ea1ec97a3ff35bbbcdcd73dc0b22_RFuel,1654615750,1654615750,1,7.351577541581711e+21,7351.577541581711,5.150515184330126,0,0,0.825000,bridge_dst_event_flow,True
BNB,Poly,bnb_flow_0x57e5db19871c__synth_split_b,0x57e5db19871c8e42e72386e0c71090a6bae2ea1ec97a3ff35bbbcdcd73dc0b22,0x2f7ac9436ba4b548f9582af91ca1ef02cd2f1f03|0x69a1913d334b524ea1632461c78797c837ca9fa6|0xb7df9a000ab1439bf1bce916109fa43b61220b44,0xb7df9a000ab1439bf1bce916109fa43b61220b44,0x69a1913d334b524ea1632461c78797c837ca9fa6,RFuel,RFuel,0x57e5db19871c8e42e72386e0c71090a6bae2ea1ec97a3ff35bbbcdcd73dc0b22_RFuel,1654615750,1654615750,1,7.351577541581711e+21,7351.577541581711,5.150515184330126,0,0,0.825000,bridge_dst_event_flow,True
BNB,Poly,bnb_flow_0x57e5db19871c__synth_split_c,0x57e5db19871c8e42e72386e0c71090a6bae2ea1ec97a3ff35bbbcdcd73dc0b22,0x2f7ac9436ba4b548f9582af91ca1ef02cd2f1f03|0x69a1913d334b524ea1632461c78797c837ca9fa6|0xb7df9a000ab1439bf1bce916109fa43b61220b44,0xb7df9a000ab1439bf1bce916109fa43b61220b44,0x69a1913d334b524ea1632461c78797c837ca9fa6,RFuel,RFuel,0x57e5db19871c8e42e72386e0c71090a6bae2ea1ec97a3ff35bbbcdcd73dc0b22_RFuel,1654615750,1654615750,1,7.351577541581711e+21,7351.577541581711,5.150515184330126,0,0,0.825000,bridge_dst_event_flow,True
BNB,Poly,bnb_flow_0x57e5db19871c__synth_split_d,0x57e5db19871c8e42e72386e0c71090a6bae2ea1ec97a3ff35bbbcdcd73dc0b22,0x2f7ac9436ba4b548f9582af91ca1ef02cd2f1f03|0x69a1913d334b524ea1632461c78797c837ca9fa6|0xb7df9a000ab1439bf1bce916109fa43b61220b44,0xb7df9a000ab1439bf1bce916109fa43b61220b44,0x69a1913d334b524ea1632461c78797c837ca9fa6,RFuel,RFuel,0x57e5db19871c8e42e72386e0c71090a6bae2ea1ec97a3ff35bbbcdcd73dc0b22_RFuel,1654615750,1654615750,1,7.351577541581711e+21,7351.577541581711,5.150515184330126,0,0,0.825000,bridge_dst_event_flow,True
BNB,Poly,bnb_flow_0x57e5db19871c__synth_merge_dst,0x57e5db19871c8e42e72386e0c71090a6bae2ea1ec97a3ff35bbbcdcd73dc0b22,0x2f7ac9436ba4b548f9582af91ca1ef02cd2f1f03|0x69a1913d334b524ea1632461c78797c837ca9fa6|0xb7df9a000ab1439bf1bce916109fa43b61220b44,0xb7df9a000ab1439bf1bce916109fa43b61220b44,0x69a1913d334b524ea1632461c78797c837ca9fa6,RFuel,RFuel,0x57e5db19871c8e42e72386e0c71090a6bae2ea1ec97a3ff35bbbcdcd73dc0b22_RFuel,1654615750,1654615750,1,2.9406310166326843e+22,29406.310166326843,20.602060737320503,0,0,0.825000,bridge_dst_event_flow,True
BNB,Poly,bnb_flow_0x57e5db19871c__synth_hidden_dst,0x57e5db19871c8e42e72386e0c71090a6bae2ea1ec97a3ff35bbbcdcd73dc0b22,0x2f7ac9436ba4b548f9582af91ca1ef02cd2f1f03|0x69a1913d334b524ea1632461c78797c837ca9fa6|0xb7df9a000ab1439bf1bce916109fa43b61220b44,0xb7df9a000ab1439bf1bce916109fa43b61220b44,0x69a1913d334b524ea1632461c78797c837ca9fa6,RFuel,RFuel,0x57e5db19871c8e42e72386e0c71090a6bae2ea1ec97a3ff35bbbcdcd73dc0b22_RFuel,1654615750,1654615750,1,2.9406310166326843e+22,29406.310166326843,20.602060737320503,0,0,0.825000,bridge_dst_event_flow,True
BNB,Poly,bnb_flow_0x57e5db19871c__synth_noise_dst_0,0x57e5db19871c8e42e72386e0c71090a6bae2ea1ec97a3ff35bbbcdcd73dc0b22,0x2f7ac9436ba4b548f9582af91ca1ef02cd2f1f03|0x69a1913d334b524ea1632461c78797c837ca9fa6|0xb7df9a000ab1439bf1bce916109fa43b61220b44,0xb7df9a000ab1439bf1bce916109fa43b61220b44,0x69a1913d334b524ea1632461c78797c837ca9fa6,RFuel,RFuel,0x57e5db19871c8e42e72386e0c71090a6bae2ea1ec97a3ff35bbbcdcd73dc0b22_RFuel,1654615810,1654615810,1,2.9406310166326843e+22,29406.310166326843,20.602060737320503,0,0,0.825000,bridge_dst_event_flow,True
BNB,Poly,bnb_flow_0x57e5db19871c__synth_noise_dst_1,0x57e5db19871c8e42e72386e0c71090a6bae2ea1ec97a3ff35bbbcdcd73dc0b22,0x2f7ac9436ba4b548f9582af91ca1ef02cd2f1f03|0x69a1913d334b524ea1632461c78797c837ca9fa6|0xb7df9a000ab1439bf1bce916109fa43b61220b44,0xb7df9a000ab1439bf1bce916109fa43b61220b44,0x69a1913d334b524ea1632461c78797c837ca9fa6,RFuel,RFuel,0x57e5db19871c8e42e72386e0c71090a6bae2ea1ec97a3ff35bbbcdcd73dc0b22_RFuel,1654615870,1654615870,1,2.9406310166326843e+22,29406.310166326843,20.602060737320503,0,0,0.825000,bridge_dst_event_flow,True
BNB,Poly,bnb_flow_0x1065e3b1eb47__synth_split_a,0x1065e3b1eb47335f7a08b25862bc0e06a81a6209190a6469f911e7154f6fc0a9,0x2f7ac9436ba4b548f9582af91ca1ef02cd2f1f03|0xe552fb52a4f19e44ef5a967632dbc320b0820639|0xe82cdbb0ee3d857d366d41e26a35fcc81d91394d,0xe82cdbb0ee3d857d366d41e26a35fcc81d91394d,0xe552fb52a4f19e44ef5a967632dbc320b0820639,Metis,Metis,0x1065e3b1eb47335f7a08b25862bc0e06a81a6209190a6469f911e7154f6fc0a9_Metis,1645835720,1645835720,1,3.8825663356132705e+18,3.8825663356132707,10.557957907244335,0,0,0.825000,bridge_dst_event_flow,True
BNB,Poly,bnb_flow_0x1065e3b1eb47__synth_split_b,0x1065e3b1eb47335f7a08b25862bc0e06a81a6209190a6469f911e7154f6fc0a9,0x2f7ac9436ba4b548f9582af91ca1ef02cd2f1f03|0xe552fb52a4f19e44ef5a967632dbc320b0820639|0xe82cdbb0ee3d857d366d41e26a35fcc81d91394d,0xe82cdbb0ee3d857d366d41e26a35fcc81d91394d,0xe552fb52a4f19e44ef5a967632dbc320b0820639,Metis,Metis,0x1065e3b1eb47335f7a08b25862bc0e06a81a6209190a6469f911e7154f6fc0a9_Metis,1645835720,1645835720,1,3.8825663356132705e+18,3.8825663356132707,10.557957907244335,0,0,0.825000,bridge_dst_event_flow,True
BNB,Poly,bnb_flow_0x1065e3b1eb47__synth_merge_dst,0x1065e3b1eb47335f7a08b25862bc0e06a81a6209190a6469f911e7154f6fc0a9,0x2f7ac9436ba4b548f9582af91ca1ef02cd2f1f03|0xe552fb52a4f19e44ef5a967632dbc320b0820639|0xe82cdbb0ee3d857d366d41e26a35fcc81d91394d,0xe82cdbb0ee3d857d366d41e26a35fcc81d91394d,0xe552fb52a4f19e44ef5a967632dbc320b0820639,Metis,Metis,0x1065e3b1eb47335f7a08b25862bc0e06a81a6209190a6469f911e7154f6fc0a9_Metis,1645835720,1645835720,1,7.765132671226541e+18,7.765132671226541,21.11591581448867,0,0,0.825000,bridge_dst_event_flow,True
BNB,Poly,bnb_flow_0x1065e3b1eb47__synth_hidden_dst,0x1065e3b1eb47335f7a08b25862bc0e06a81a6209190a6469f911e7154f6fc0a9,0x2f7ac9436ba4b548f9582af91ca1ef02cd2f1f03|0xe552fb52a4f19e44ef5a967632dbc320b0820639|0xe82cdbb0ee3d857d366d41e26a35fcc81d91394d,0xe82cdbb0ee3d857d366d41e26a35fcc81d91394d,0xe552fb52a4f19e44ef5a967632dbc320b0820639,Metis,Metis,0x1065e3b1eb47335f7a08b25862bc0e06a81a6209190a6469f911e7154f6fc0a9_Metis,1645835720,1645835720,1,7.765132671226541e+18,7.765132671226541,21.11591581448867,0,0,0.825000,bridge_dst_event_flow,True
BNB,Poly,bnb_flow_0x1065e3b1eb47__synth_noise_dst_0,0x1065e3b1eb47335f7a08b25862bc0e06a81a6209190a6469f911e7154f6fc0a9,0x2f7ac9436ba4b548f9582af91ca1ef02cd2f1f03|0xe552fb52a4f19e44ef5a967632dbc320b0820639|0xe82cdbb0ee3d857d366d41e26a35fcc81d91394d,0xe82cdbb0ee3d857d366d41e26a35fcc81d91394d,0xe552fb52a4f19e44ef5a967632dbc320b0820639,Metis,Metis,0x1065e3b1eb47335f7a08b25862bc0e06a81a6209190a6469f911e7154f6fc0a9_Metis,1645835780,1645835780,1,7.765132671226541e+18,7.765132671226541,21.11591581448867,0,0,0.825000,bridge_dst_event_flow,True
BNB,Poly,bnb_flow_0x1065e3b1eb47__synth_noise_dst_1,0x1065e3b1eb47335f7a08b25862bc0e06a81a6209190a6469f911e7154f6fc0a9,0x2f7ac9436ba4b548f9582af91ca1ef02cd2f1f03|0xe552fb52a4f19e44ef5a967632dbc320b0820639|0xe82cdbb0ee3d857d366d41e26a35fcc81d91394d,0xe82cdbb0ee3d857d366d41e26a35fcc81d91394d,0xe552fb52a4f19e44ef5a967632dbc320b0820639,Metis,Metis,0x1065e3b1eb47335f7a08b25862bc0e06a81a6209190a6469f911e7154f6fc0a9_Metis,1645835840,1645835840,1,7.765132671226541e+18,7.765132671226541,21.11591581448867,0,0,0.825000,bridge_dst_event_flow,True
BNB,Poly,bnb_flow_0xe71b1e9f195f__synth_split_a,0xe71b1e9f195fc4e4a7d65fd8dea5fd4e183842434bcc44513f646708ba24d50c,0x2f7ac9436ba4b548f9582af91ca1ef02cd2f1f03|0x69a1913d334b524ea1632461c78797c837ca9fa6|0x88f859db067c45b114897db6920f3e4a61a5ca66,0x88f859db067c45b114897db6920f3e4a61a5ca66,0x69a1913d334b524ea1632461c78797c837ca9fa6,RFuel,RFuel,0xe71b1e9f195fc4e4a7d65fd8dea5fd4e183842434bcc44513f646708ba24d50c_RFuel,1658357440,1658357440,1,1.5641120120104538e+22,15641.12012010454,10.9581686682716,0,0,0.825000,bridge_dst_event_flow,True
BNB,Poly,bnb_flow_0xe71b1e9f195f__synth_split_b,0xe71b1e9f195fc4e4a7d65fd8dea5fd4e183842434bcc44513f646708ba24d50c,0x2f7ac9436ba4b548f9582af91ca1ef02cd2f1f03|0x69a1913d334b524ea1632461c78797c837ca9fa6|0x88f859db067c45b114897db6920f3e4a61a5ca66,0x88f859db067c45b114897db6920f3e4a61a5ca66,0x69a1913d334b524ea1632461c78797c837ca9fa6,RFuel,RFuel,0xe71b1e9f195fc4e4a7d65fd8dea5fd4e183842434bcc44513f646708ba24d50c_RFuel,1658357440,1658357440,1,1.5641120120104538e+22,15641.12012010454,10.9581686682716,0,0,0.825000,bridge_dst_event_flow,True
BNB,Poly,bnb_flow_0xe71b1e9f195f__synth_split_c,0xe71b1e9f195fc4e4a7d65fd8dea5fd4e183842434bcc44513f646708ba24d50c,0x2f7ac9436ba4b548f9582af91ca1ef02cd2f1f03|0x69a1913d334b524ea1632461c78797c837ca9fa6|0x88f859db067c45b114897db6920f3e4a61a5ca66,0x88f859db067c45b114897db6920f3e4a61a5ca66,0x69a1913d334b524ea1632461c78797c837ca9fa6,RFuel,RFuel,0xe71b1e9f195fc4e4a7d65fd8dea5fd4e183842434bcc44513f646708ba24d50c_RFuel,1658357440,1658357440,1,1.5641120120104538e+22,15641.12012010454,10.9581686682716,0,0,0.825000,bridge_dst_event_flow,True
BNB,Poly,bnb_flow_0xe71b1e9f195f__synth_split_d,0xe71b1e9f195fc4e4a7d65fd8dea5fd4e183842434bcc44513f646708ba24d50c,0x2f7ac9436ba4b548f9582af91ca1ef02cd2f1f03|0x69a1913d334b524ea1632461c78797c837ca9fa6|0x88f859db067c45b114897db6920f3e4a61a5ca66,0x88f859db067c45b114897db6920f3e4a61a5ca66,0x69a1913d334b524ea1632461c78797c837ca9fa6,RFuel,RFuel,0xe71b1e9f195fc4e4a7d65fd8dea5fd4e183842434bcc44513f646708ba24d50c_RFuel,1658357440,1658357440,1,1.5641120120104538e+22,15641.12012010454,10.9581686682716,0,0,0.825000,bridge_dst_event_flow,True
BNB,Poly,bnb_flow_0xe71b1e9f195f__synth_split_e,0xe71b1e9f195fc4e4a7d65fd8dea5fd4e183842434bcc44513f646708ba24d50c,0x2f7ac9436ba4b548f9582af91ca1ef02cd2f1f03|0x69a1913d334b524ea1632461c78797c837ca9fa6|0x88f859db067c45b114897db6920f3e4a61a5ca66,0x88f859db067c45b114897db6920f3e4a61a5ca66,0x69a1913d334b524ea1632461c78797c837ca9fa6,RFuel,RFuel,0xe71b1e9f195fc4e4a7d65fd8dea5fd4e183842434bcc44513f646708ba24d50c_RFuel,1658357440,1658357440,1,1.5641120120104538e+22,15641.12012010454,10.9581686682716,0,0,0.825000,bridge_dst_event_flow,True
BNB,Poly,bnb_flow_0xe71b1e9f195f__synth_split_f,0xe71b1e9f195fc4e4a7d65fd8dea5fd4e183842434bcc44513f646708ba24d50c,0x2f7ac9436ba4b548f9582af91ca1ef02cd2f1f03|0x69a1913d334b524ea1632461c78797c837ca9fa6|0x88f859db067c45b114897db6920f3e4a61a5ca66,0x88f859db067c45b114897db6920f3e4a61a5ca66,0x69a1913d334b524ea1632461c78797c837ca9fa6,RFuel,RFuel,0xe71b1e9f195fc4e4a7d65fd8dea5fd4e183842434bcc44513f646708ba24d50c_RFuel,1658357440,1658357440,1,1.5641120120104538e+22,15641.12012010454,10.9581686682716,0,0,0.825000,bridge_dst_event_flow,True
BNB,Poly,bnb_flow_0xe71b1e9f195f__synth_merge_dst,0xe71b1e9f195fc4e4a7d65fd8dea5fd4e183842434bcc44513f646708ba24d50c,0x2f7ac9436ba4b548f9582af91ca1ef02cd2f1f03|0x69a1913d334b524ea1632461c78797c837ca9fa6|0x88f859db067c45b114897db6920f3e4a61a5ca66,0x88f859db067c45b114897db6920f3e4a61a5ca66,0x69a1913d334b524ea1632461c78797c837ca9fa6,RFuel,RFuel,0xe71b1e9f195fc4e4a7d65fd8dea5fd4e183842434bcc44513f646708ba24d50c_RFuel,1658357440,1658357440,1,9.384672072062723e+22,93846.72072062724,65.74901200962961,0,0,0.825000,bridge_dst_event_flow,True
BNB,Poly,bnb_flow_0xe71b1e9f195f__synth_hidden_dst,0xe71b1e9f195fc4e4a7d65fd8dea5fd4e183842434bcc44513f646708ba24d50c,0x2f7ac9436ba4b548f9582af91ca1ef02cd2f1f03|0x69a1913d334b524ea1632461c78797c837ca9fa6|0x88f859db067c45b114897db6920f3e4a61a5ca66,0x88f859db067c45b114897db6920f3e4a61a5ca66,0x69a1913d334b524ea1632461c78797c837ca9fa6,RFuel,RFuel,0xe71b1e9f195fc4e4a7d65fd8dea5fd4e183842434bcc44513f646708ba24d50c_RFuel,1658357440,1658357440,1,9.384672072062723e+22,93846.72072062724,65.74901200962961,0,0,0.825000,bridge_dst_event_flow,True
BNB,Poly,bnb_flow_0xe71b1e9f195f__synth_noise_dst_0,0xe71b1e9f195fc4e4a7d65fd8dea5fd4e183842434bcc44513f646708ba24d50c,0x2f7ac9436ba4b548f9582af91ca1ef02cd2f1f03|0x69a1913d334b524ea1632461c78797c837ca9fa6|0x88f859db067c45b114897db6920f3e4a61a5ca66,0x88f859db067c45b114897db6920f3e4a61a5ca66,0x69a1913d334b524ea1632461c78797c837ca9fa6,RFuel,RFuel,0xe71b1e9f195fc4e4a7d65fd8dea5fd4e183842434bcc44513f646708ba24d50c_RFuel,1658357500,1658357500,1,9.384672072062723e+22,93846.72072062724,65.74901200962961,0,0,0.825000,bridge_dst_event_flow,True
BNB,Poly,bnb_flow_0xe71b1e9f195f__synth_noise_dst_1,0xe71b1e9f195fc4e4a7d65fd8dea5fd4e183842434bcc44513f646708ba24d50c,0x2f7ac9436ba4b548f9582af91ca1ef02cd2f1f03|0x69a1913d334b524ea1632461c78797c837ca9fa6|0x88f859db067c45b114897db6920f3e4a61a5ca66,0x88f859db067c45b114897db6920f3e4a61a5ca66,0x69a1913d334b524ea1632461c78797c837ca9fa6,RFuel,RFuel,0xe71b1e9f195fc4e4a7d65fd8dea5fd4e183842434bcc44513f646708ba24d50c_RFuel,1658357560,1658357560,1,9.384672072062723e+22,93846.72072062724,65.74901200962961,0,0,0.825000,bridge_dst_event_flow,True
BNB,Poly,bnb_flow_0xc8ca4fa7d374__synth_split_a,0xc8ca4fa7d374cfadef86fcfdb9574f14f8daaca220eda5aca365a7971ff48823,0x2f7ac9436ba4b548f9582af91ca1ef02cd2f1f03|0x3a44bd0cbdd63ccf508b04120d4d364c0a09d431|0xe552fb52a4f19e44ef5a967632dbc320b0820639,0x3a44bd0cbdd63ccf508b04120d4d364c0a09d431,0xe552fb52a4f19e44ef5a967632dbc320b0820639,Metis,Metis,0xc8ca4fa7d374cfadef86fcfdb9574f14f8daaca220eda5aca365a7971ff48823_Metis,1646675343,1646675343,1,4.1103e+18,4.1103,11.177239648963193,0,0,0.825000,bridge_dst_event_flow,True
BNB,Poly,bnb_flow_0xc8ca4fa7d374__synth_split_b,0xc8ca4fa7d374cfadef86fcfdb9574f14f8daaca220eda5aca365a7971ff48823,0x2f7ac9436ba4b548f9582af91ca1ef02cd2f1f03|0x3a44bd0cbdd63ccf508b04120d4d364c0a09d431|0xe552fb52a4f19e44ef5a967632dbc320b0820639,0x3a44bd0cbdd63ccf508b04120d4d364c0a09d431,0xe552fb52a4f19e44ef5a967632dbc320b0820639,Metis,Metis,0xc8ca4fa7d374cfadef86fcfdb9574f14f8daaca220eda5aca365a7971ff48823_Metis,1646675343,1646675343,1,4.1103e+18,4.1103,11.177239648963193,0,0,0.825000,bridge_dst_event_flow,True
BNB,Poly,bnb_flow_0xc8ca4fa7d374__synth_merge_dst,0xc8ca4fa7d374cfadef86fcfdb9574f14f8daaca220eda5aca365a7971ff48823,0x2f7ac9436ba4b548f9582af91ca1ef02cd2f1f03|0x3a44bd0cbdd63ccf508b04120d4d364c0a09d431|0xe552fb52a4f19e44ef5a967632dbc320b0820639,0x3a44bd0cbdd63ccf508b04120d4d364c0a09d431,0xe552fb52a4f19e44ef5a967632dbc320b0820639,Metis,Metis,0xc8ca4fa7d374cfadef86fcfdb9574f14f8daaca220eda5aca365a7971ff48823_Metis,1646675343,1646675343,1,8.2206e+18,8.2206,22.354479297926385,0,0,0.825000,bridge_dst_event_flow,True
BNB,Poly,bnb_flow_0xc8ca4fa7d374__synth_hidden_dst,0xc8ca4fa7d374cfadef86fcfdb9574f14f8daaca220eda5aca365a7971ff48823,0x2f7ac9436ba4b548f9582af91ca1ef02cd2f1f03|0x3a44bd0cbdd63ccf508b04120d4d364c0a09d431|0xe552fb52a4f19e44ef5a967632dbc320b0820639,0x3a44bd0cbdd63ccf508b04120d4d364c0a09d431,0xe552fb52a4f19e44ef5a967632dbc320b0820639,Metis,Metis,0xc8ca4fa7d374cfadef86fcfdb9574f14f8daaca220eda5aca365a7971ff48823_Metis,1646675343,1646675343,1,8.2206e+18,8.2206,22.354479297926385,0,0,0.825000,bridge_dst_event_flow,True
BNB,Poly,bnb_flow_0xc8ca4fa7d374__synth_noise_dst_0,0xc8ca4fa7d374cfadef86fcfdb9574f14f8daaca220eda5aca365a7971ff48823,0x2f7ac9436ba4b548f9582af91ca1ef02cd2f1f03|0x3a44bd0cbdd63ccf508b04120d4d364c0a09d431|0xe552fb52a4f19e44ef5a967632dbc320b0820639,0x3a44bd0cbdd63ccf508b04120d4d364c0a09d431,0xe552fb52a4f19e44ef5a967632dbc320b0820639,Metis,Metis,0xc8ca4fa7d374cfadef86fcfdb9574f14f8daaca220eda5aca365a7971ff48823_Metis,1646675403,1646675403,1,8.2206e+18,8.2206,22.354479297926385,0,0,0.825000,bridge_dst_event_flow,True
BNB,Poly,bnb_flow_0xc8ca4fa7d374__synth_noise_dst_1,0xc8ca4fa7d374cfadef86fcfdb9574f14f8daaca220eda5aca365a7971ff48823,0x2f7ac9436ba4b548f9582af91ca1ef02cd2f1f03|0x3a44bd0cbdd63ccf508b04120d4d364c0a09d431|0xe552fb52a4f19e44ef5a967632dbc320b0820639,0x3a44bd0cbdd63ccf508b04120d4d364c0a09d431,0xe552fb52a4f19e44ef5a967632dbc320b0820639,Metis,Metis,0xc8ca4fa7d374cfadef86fcfdb9574f14f8daaca220eda5aca365a7971ff48823_Metis,1646675463,1646675463,1,8.2206e+18,8.2206,22.354479297926385,0,0,0.825000,bridge_dst_event_flow,True
BNB,Poly,bnb_flow_0xe47305784bd5__synth_split_a,0xe47305784bd562c2d779d0718131780bc60c77fe7ff703dc57492790ea566c56,0x2f7ac9436ba4b548f9582af91ca1ef02cd2f1f03|0x69a1913d334b524ea1632461c78797c837ca9fa6|0xedf43f91142decb1aa0577ddc2761eca86cea4dd,0xedf43f91142decb1aa0577ddc2761eca86cea4dd,0x69a1913d334b524ea1632461c78797c837ca9fa6,RFuel,RFuel,0xe47305784bd562c2d779d0718131780bc60c77fe7ff703dc57492790ea566c56_RFuel,1655385811,1655385811,1,5.57060817e+22,55706.0817,39.027680526056734,0,0,0.825000,bridge_dst_event_flow,True
BNB,Poly,bnb_flow_0xe47305784bd5__synth_split_b,0xe47305784bd562c2d779d0718131780bc60c77fe7ff703dc57492790ea566c56,0x2f7ac9436ba4b548f9582af91ca1ef02cd2f1f03|0x69a1913d334b524ea1632461c78797c837ca9fa6|0xedf43f91142decb1aa0577ddc2761eca86cea4dd,0xedf43f91142decb1aa0577ddc2761eca86cea4dd,0x69a1913d334b524ea1632461c78797c837ca9fa6,RFuel,RFuel,0xe47305784bd562c2d779d0718131780bc60c77fe7ff703dc57492790ea566c56_RFuel,1655385811,1655385811,1,5.57060817e+22,55706.0817,39.027680526056734,0,0,0.825000,bridge_dst_event_flow,True
BNB,Poly,bnb_flow_0xe47305784bd5__synth_merge_dst,0xe47305784bd562c2d779d0718131780bc60c77fe7ff703dc57492790ea566c56,0x2f7ac9436ba4b548f9582af91ca1ef02cd2f1f03|0x69a1913d334b524ea1632461c78797c837ca9fa6|0xedf43f91142decb1aa0577ddc2761eca86cea4dd,0xedf43f91142decb1aa0577ddc2761eca86cea4dd,0x69a1913d334b524ea1632461c78797c837ca9fa6,RFuel,RFuel,0xe47305784bd562c2d779d0718131780bc60c77fe7ff703dc57492790ea566c56_RFuel,1655385811,1655385811,1,1.114121634e+23,111412.1634,78.05536105211347,0,0,0.825000,bridge_dst_event_flow,True
BNB,Poly,bnb_flow_0xe47305784bd5__synth_hidden_dst,0xe47305784bd562c2d779d0718131780bc60c77fe7ff703dc57492790ea566c56,0x2f7ac9436ba4b548f9582af91ca1ef02cd2f1f03|0x69a1913d334b524ea1632461c78797c837ca9fa6|0xedf43f91142decb1aa0577ddc2761eca86cea4dd,0xedf43f91142decb1aa0577ddc2761eca86cea4dd,0x69a1913d334b524ea1632461c78797c837ca9fa6,RFuel,RFuel,0xe47305784bd562c2d779d0718131780bc60c77fe7ff703dc57492790ea566c56_RFuel,1655385811,1655385811,1,1.114121634e+23,111412.1634,78.05536105211347,0,0,0.825000,bridge_dst_event_flow,True
BNB,Poly,bnb_flow_0xe47305784bd5__synth_noise_dst_0,0xe47305784bd562c2d779d0718131780bc60c77fe7ff703dc57492790ea566c56,0x2f7ac9436ba4b548f9582af91ca1ef02cd2f1f03|0x69a1913d334b524ea1632461c78797c837ca9fa6|0xedf43f91142decb1aa0577ddc2761eca86cea4dd,0xedf43f91142decb1aa0577ddc2761eca86cea4dd,0x69a1913d334b524ea1632461c78797c837ca9fa6,RFuel,RFuel,0xe47305784bd562c2d779d0718131780bc60c77fe7ff703dc57492790ea566c56_RFuel,1655385871,1655385871,1,1.114121634e+23,111412.1634,78.05536105211347,0,0,0.825000,bridge_dst_event_flow,True
BNB,Poly,bnb_flow_0xe47305784bd5__synth_noise_dst_1,0xe47305784bd562c2d779d0718131780bc60c77fe7ff703dc57492790ea566c56,0x2f7ac9436ba4b548f9582af91ca1ef02cd2f1f03|0x69a1913d334b524ea1632461c78797c837ca9fa6|0xedf43f91142decb1aa0577ddc2761eca86cea4dd,0xedf43f91142decb1aa0577ddc2761eca86cea4dd,0x69a1913d334b524ea1632461c78797c837ca9fa6,RFuel,RFuel,0xe47305784bd562c2d779d0718131780bc60c77fe7ff703dc57492790ea566c56_RFuel,1655385931,1655385931,1,1.114121634e+23,111412.1634,78.05536105211347,0,0,0.825000,bridge_dst_event_flow,True
BNB,Poly,bnb_flow_0x1ea435f7f870__synth_split_a,0x1ea435f7f87089249cde15129411cfa55d025e273d840ab716a37dc8b04146e9,0x2f7ac9436ba4b548f9582af91ca1ef02cd2f1f03|0x3cbd2b675c4449d29998593db4be947a05d418f8|0xe552fb52a4f19e44ef5a967632dbc320b0820639,0x3cbd2b675c4449d29998593db4be947a05d418f8,0xe552fb52a4f19e44ef5a967632dbc320b0820639,Metis,Metis,0x1ea435f7f87089249cde15129411cfa55d025e273d840ab716a37dc8b04146e9_Metis,1646139821,1646139821,1,2.342736851371611e+18,2.3427368513716114,6.370661806252092,0,0,0.825000,bridge_dst_event_flow,True
BNB,Poly,bnb_flow_0x1ea435f7f870__synth_split_b,0x1ea435f7f87089249cde15129411cfa55d025e273d840ab716a37dc8b04146e9,0x2f7ac9436ba4b548f9582af91ca1ef02cd2f1f03|0x3cbd2b675c4449d29998593db4be947a05d418f8|0xe552fb52a4f19e44ef5a967632dbc320b0820639,0x3cbd2b675c4449d29998593db4be947a05d418f8,0xe552fb52a4f19e44ef5a967632dbc320b0820639,Metis,Metis,0x1ea435f7f87089249cde15129411cfa55d025e273d840ab716a37dc8b04146e9_Metis,1646139821,1646139821,1,2.342736851371611e+18,2.3427368513716114,6.370661806252092,0,0,0.825000,bridge_dst_event_flow,True
BNB,Poly,bnb_flow_0x1ea435f7f870__synth_split_c,0x1ea435f7f87089249cde15129411cfa55d025e273d840ab716a37dc8b04146e9,0x2f7ac9436ba4b548f9582af91ca1ef02cd2f1f03|0x3cbd2b675c4449d29998593db4be947a05d418f8|0xe552fb52a4f19e44ef5a967632dbc320b0820639,0x3cbd2b675c4449d29998593db4be947a05d418f8,0xe552fb52a4f19e44ef5a967632dbc320b0820639,Metis,Metis,0x1ea435f7f87089249cde15129411cfa55d025e273d840ab716a37dc8b04146e9_Metis,1646139821,1646139821,1,2.342736851371611e+18,2.3427368513716114,6.370661806252092,0,0,0.825000,bridge_dst_event_flow,True
BNB,Poly,bnb_flow_0x1ea435f7f870__synth_merge_dst,0x1ea435f7f87089249cde15129411cfa55d025e273d840ab716a37dc8b04146e9,0x2f7ac9436ba4b548f9582af91ca1ef02cd2f1f03|0x3cbd2b675c4449d29998593db4be947a05d418f8|0xe552fb52a4f19e44ef5a967632dbc320b0820639,0x3cbd2b675c4449d29998593db4be947a05d418f8,0xe552fb52a4f19e44ef5a967632dbc320b0820639,Metis,Metis,0x1ea435f7f87089249cde15129411cfa55d025e273d840ab716a37dc8b04146e9_Metis,1646139821,1646139821,1,7.028210554114834e+18,7.0282105541148345,19.111985418756277,0,0,0.825000,bridge_dst_event_flow,True
BNB,Poly,bnb_flow_0x1ea435f7f870__synth_hidden_dst,0x1ea435f7f87089249cde15129411cfa55d025e273d840ab716a37dc8b04146e9,0x2f7ac9436ba4b548f9582af91ca1ef02cd2f1f03|0x3cbd2b675c4449d29998593db4be947a05d418f8|0xe552fb52a4f19e44ef5a967632dbc320b0820639,0x3cbd2b675c4449d29998593db4be947a05d418f8,0xe552fb52a4f19e44ef5a967632dbc320b0820639,Metis,Metis,0x1ea435f7f87089249cde15129411cfa55d025e273d840ab716a37dc8b04146e9_Metis,1646139821,1646139821,1,7.028210554114834e+18,7.0282105541148345,19.111985418756277,0,0,0.825000,bridge_dst_event_flow,True
BNB,Poly,bnb_flow_0x1ea435f7f870__synth_noise_dst_0,0x1ea435f7f87089249cde15129411cfa55d025e273d840ab716a37dc8b04146e9,0x2f7ac9436ba4b548f9582af91ca1ef02cd2f1f03|0x3cbd2b675c4449d29998593db4be947a05d418f8|0xe552fb52a4f19e44ef5a967632dbc320b0820639,0x3cbd2b675c4449d29998593db4be947a05d418f8,0xe552fb52a4f19e44ef5a967632dbc320b0820639,Metis,Metis,0x1ea435f7f87089249cde15129411cfa55d025e273d840ab716a37dc8b04146e9_Metis,1646139881,1646139881,1,7.028210554114834e+18,7.0282105541148345,19.111985418756277,0,0,0.825000,bridge_dst_event_flow,True
BNB,Poly,bnb_flow_0x1ea435f7f870__synth_noise_dst_1,0x1ea435f7f87089249cde15129411cfa55d025e273d840ab716a37dc8b04146e9,0x2f7ac9436ba4b548f9582af91ca1ef02cd2f1f03|0x3cbd2b675c4449d29998593db4be947a05d418f8|0xe552fb52a4f19e44ef5a967632dbc320b0820639,0x3cbd2b675c4449d29998593db4be947a05d418f8,0xe552fb52a4f19e44ef5a967632dbc320b0820639,Metis,Metis,0x1ea435f7f87089249cde15129411cfa55d025e273d840ab716a37dc8b04146e9_Metis,1646139941,1646139941,1,7.028210554114834e+18,7.0282105541148345,19.111985418756277,0,0,0.825000,bridge_dst_event_flow,True
BNB,Poly,bnb_flow_0x6a743087f50c__synth_split_a,0x6a743087f50c9042f0617262ab5aa7b7b88238c9cd8ebbdf20cf0bbabd02b31d,0x2c1dad5cd8e4081a28dbb51d8dfb0f1d98190f62|0x2f7ac9436ba4b548f9582af91ca1ef02cd2f1f03|0xe552fb52a4f19e44ef5a967632dbc320b0820639,0x2c1dad5cd8e4081a28dbb51d8dfb0f1d98190f62,0xe552fb52a4f19e44ef5a967632dbc320b0820639,Metis,Metis,0x6a743087f50c9042f0617262ab5aa7b7b88238c9cd8ebbdf20cf0bbabd02b31d_Metis,1646652715,1646652715,1,1.1019490105e+19,11.019490105,29.965569839905505,0,0,0.825000,bridge_dst_event_flow,True
BNB,Poly,bnb_flow_0x6a743087f50c__synth_split_b,0x6a743087f50c9042f0617262ab5aa7b7b88238c9cd8ebbdf20cf0bbabd02b31d,0x2c1dad5cd8e4081a28dbb51d8dfb0f1d98190f62|0x2f7ac9436ba4b548f9582af91ca1ef02cd2f1f03|0xe552fb52a4f19e44ef5a967632dbc320b0820639,0x2c1dad5cd8e4081a28dbb51d8dfb0f1d98190f62,0xe552fb52a4f19e44ef5a967632dbc320b0820639,Metis,Metis,0x6a743087f50c9042f0617262ab5aa7b7b88238c9cd8ebbdf20cf0bbabd02b31d_Metis,1646652715,1646652715,1,1.1019490105e+19,11.019490105,29.965569839905505,0,0,0.825000,bridge_dst_event_flow,True
BNB,Poly,bnb_flow_0x6a743087f50c__synth_merge_dst,0x6a743087f50c9042f0617262ab5aa7b7b88238c9cd8ebbdf20cf0bbabd02b31d,0x2c1dad5cd8e4081a28dbb51d8dfb0f1d98190f62|0x2f7ac9436ba4b548f9582af91ca1ef02cd2f1f03|0xe552fb52a4f19e44ef5a967632dbc320b0820639,0x2c1dad5cd8e4081a28dbb51d8dfb0f1d98190f62,0xe552fb52a4f19e44ef5a967632dbc320b0820639,Metis,Metis,0x6a743087f50c9042f0617262ab5aa7b7b88238c9cd8ebbdf20cf0bbabd02b31d_Metis,1646652715,1646652715,1,2.203898021e+19,22.03898021,59.93113967981101,0,0,0.825000,bridge_dst_event_flow,True
BNB,Poly,bnb_flow_0x6a743087f50c__synth_hidden_dst,0x6a743087f50c9042f0617262ab5aa7b7b88238c9cd8ebbdf20cf0bbabd02b31d,0x2c1dad5cd8e4081a28dbb51d8dfb0f1d98190f62|0x2f7ac9436ba4b548f9582af91ca1ef02cd2f1f03|0xe552fb52a4f19e44ef5a967632dbc320b0820639,0x2c1dad5cd8e4081a28dbb51d8dfb0f1d98190f62,0xe552fb52a4f19e44ef5a967632dbc320b0820639,Metis,Metis,0x6a743087f50c9042f0617262ab5aa7b7b88238c9cd8ebbdf20cf0bbabd02b31d_Metis,1646652715,1646652715,1,2.203898021e+19,22.03898021,59.93113967981101,0,0,0.825000,bridge_dst_event_flow,True
BNB,Poly,bnb_flow_0x6a743087f50c__synth_noise_dst_0,0x6a743087f50c9042f0617262ab5aa7b7b88238c9cd8ebbdf20cf0bbabd02b31d,0x2c1dad5cd8e4081a28dbb51d8dfb0f1d98190f62|0x2f7ac9436ba4b548f9582af91ca1ef02cd2f1f03|0xe552fb52a4f19e44ef5a967632dbc320b0820639,0x2c1dad5cd8e4081a28dbb51d8dfb0f1d98190f62,0xe552fb52a4f19e44ef5a967632dbc320b0820639,Metis,Metis,0x6a743087f50c9042f0617262ab5aa7b7b88238c9cd8ebbdf20cf0bbabd02b31d_Metis,1646652775,1646652775,1,2.203898021e+19,22.03898021,59.93113967981101,0,0,0.825000,bridge_dst_event_flow,True
BNB,Poly,bnb_flow_0x6a743087f50c__synth_noise_dst_1,0x6a743087f50c9042f0617262ab5aa7b7b88238c9cd8ebbdf20cf0bbabd02b31d,0x2c1dad5cd8e4081a28dbb51d8dfb0f1d98190f62|0x2f7ac9436ba4b548f9582af91ca1ef02cd2f1f03|0xe552fb52a4f19e44ef5a967632dbc320b0820639,0x2c1dad5cd8e4081a28dbb51d8dfb0f1d98190f62,0xe552fb52a4f19e44ef5a967632dbc320b0820639,Metis,Metis,0x6a743087f50c9042f0617262ab5aa7b7b88238c9cd8ebbdf20cf0bbabd02b31d_Metis,1646652835,1646652835,1,2.203898021e+19,22.03898021,59.93113967981101,0,0,0.825000,bridge_dst_event_flow,True
BNB,Poly,bnb_flow_0x9511586816f3__synth_split_a,0x9511586816f300bdca4958c73be7d9af66374fe26e9ec5606f6cc5db9f9f2859,0x2f7ac9436ba4b548f9582af91ca1ef02cd2f1f03|0x69a1913d334b524ea1632461c78797c837ca9fa6|0x8594d8e9483473626908648a5539d9d65ca2fe8d,0x8594d8e9483473626908648a5539d9d65ca2fe8d,0x69a1913d334b524ea1632461c78797c837ca9fa6,RFuel,RFuel,0x9511586816f300bdca4958c73be7d9af66374fe26e9ec5606f6cc5db9f9f2859_RFuel,1660810774,1660810774,1,5.620191734640122e+22,56201.91734640122,39.37506297713977,0,0,0.825000,bridge_dst_event_flow,True
BNB,Poly,bnb_flow_0x9511586816f3__synth_split_b,0x9511586816f300bdca4958c73be7d9af66374fe26e9ec5606f6cc5db9f9f2859,0x2f7ac9436ba4b548f9582af91ca1ef02cd2f1f03|0x69a1913d334b524ea1632461c78797c837ca9fa6|0x8594d8e9483473626908648a5539d9d65ca2fe8d,0x8594d8e9483473626908648a5539d9d65ca2fe8d,0x69a1913d334b524ea1632461c78797c837ca9fa6,RFuel,RFuel,0x9511586816f300bdca4958c73be7d9af66374fe26e9ec5606f6cc5db9f9f2859_RFuel,1660810774,1660810774,1,5.620191734640122e+22,56201.91734640122,39.37506297713977,0,0,0.825000,bridge_dst_event_flow,True
BNB,Poly,bnb_flow_0x9511586816f3__synth_merge_dst,0x9511586816f300bdca4958c73be7d9af66374fe26e9ec5606f6cc5db9f9f2859,0x2f7ac9436ba4b548f9582af91ca1ef02cd2f1f03|0x69a1913d334b524ea1632461c78797c837ca9fa6|0x8594d8e9483473626908648a5539d9d65ca2fe8d,0x8594d8e9483473626908648a5539d9d65ca2fe8d,0x69a1913d334b524ea1632461c78797c837ca9fa6,RFuel,RFuel,0x9511586816f300bdca4958c73be7d9af66374fe26e9ec5606f6cc5db9f9f2859_RFuel,1660810774,1660810774,1,1.1240383469280243e+23,112403.83469280244,78.75012595427954,0,0,0.825000,bridge_dst_event_flow,True
BNB,Poly,bnb_flow_0x9511586816f3__synth_hidden_dst,0x9511586816f300bdca4958c73be7d9af66374fe26e9ec5606f6cc5db9f9f2859,0x2f7ac9436ba4b548f9582af91ca1ef02cd2f1f03|0x69a1913d334b524ea1632461c78797c837ca9fa6|0x8594d8e9483473626908648a5539d9d65ca2fe8d,0x8594d8e9483473626908648a5539d9d65ca2fe8d,0x69a1913d334b524ea1632461c78797c837ca9fa6,RFuel,RFuel,0x9511586816f300bdca4958c73be7d9af66374fe26e9ec5606f6cc5db9f9f2859_RFuel,1660810774,1660810774,1,1.1240383469280243e+23,112403.83469280244,78.75012595427954,0,0,0.825000,bridge_dst_event_flow,True
BNB,Poly,bnb_flow_0x9511586816f3__synth_noise_dst_0,0x9511586816f300bdca4958c73be7d9af66374fe26e9ec5606f6cc5db9f9f2859,0x2f7ac9436ba4b548f9582af91ca1ef02cd2f1f03|0x69a1913d334b524ea1632461c78797c837ca9fa6|0x8594d8e9483473626908648a5539d9d65ca2fe8d,0x8594d8e9483473626908648a5539d9d65ca2fe8d,0x69a1913d334b524ea1632461c78797c837ca9fa6,RFuel,RFuel,0x9511586816f300bdca4958c73be7d9af66374fe26e9ec5606f6cc5db9f9f2859_RFuel,1660810834,1660810834,1,1.1240383469280243e+23,112403.83469280244,78.75012595427954,0,0,0.825000,bridge_dst_event_flow,True
BNB,Poly,bnb_flow_0x9511586816f3__synth_noise_dst_1,0x9511586816f300bdca4958c73be7d9af66374fe26e9ec5606f6cc5db9f9f2859,0x2f7ac9436ba4b548f9582af91ca1ef02cd2f1f03|0x69a1913d334b524ea1632461c78797c837ca9fa6|0x8594d8e9483473626908648a5539d9d65ca2fe8d,0x8594d8e9483473626908648a5539d9d65ca2fe8d,0x69a1913d334b524ea1632461c78797c837ca9fa6,RFuel,RFuel,0x9511586816f300bdca4958c73be7d9af66374fe26e9ec5606f6cc5db9f9f2859_RFuel,1660810894,1660810894,1,1.1240383469280243e+23,112403.83469280244,78.75012595427954,0,0,0.825000,bridge_dst_event_flow,True
BNB,Poly,bnb_flow_0x2f4c5a90c909__synth_split_a,0x2f4c5a90c9096a3eda3867053152b064f420b9a2d86c60d02862364809eebefb,0x2f7ac9436ba4b548f9582af91ca1ef02cd2f1f03|0x69a1913d334b524ea1632461c78797c837ca9fa6|0xd54e4f8a55247487dd7c8c59f14ee5c0c2889477,0xd54e4f8a55247487dd7c8c59f14ee5c0c2889477,0x69a1913d334b524ea1632461c78797c837ca9fa6,RFuel,RFuel,0x2f4c5a90c9096a3eda3867053152b064f420b9a2d86c60d02862364809eebefb_RFuel,1669137287,1669137287,1,5.183616883361302e+22,51836.16883361302,36.316419593607634,0,0,0.800000,bridge_dst_event_flow,True
BNB,Poly,bnb_flow_0x2f4c5a90c909__synth_split_b,0x2f4c5a90c9096a3eda3867053152b064f420b9a2d86c60d02862364809eebefb,0x2f7ac9436ba4b548f9582af91ca1ef02cd2f1f03|0x69a1913d334b524ea1632461c78797c837ca9fa6|0xd54e4f8a55247487dd7c8c59f14ee5c0c2889477,0xd54e4f8a55247487dd7c8c59f14ee5c0c2889477,0x69a1913d334b524ea1632461c78797c837ca9fa6,RFuel,RFuel,0x2f4c5a90c9096a3eda3867053152b064f420b9a2d86c60d02862364809eebefb_RFuel,1669137287,1669137287,1,5.183616883361302e+22,51836.16883361302,36.316419593607634,0,0,0.800000,bridge_dst_event_flow,True
BNB,Poly,bnb_flow_0x2f4c5a90c909__synth_merge_dst,0x2f4c5a90c9096a3eda3867053152b064f420b9a2d86c60d02862364809eebefb,0x2f7ac9436ba4b548f9582af91ca1ef02cd2f1f03|0x69a1913d334b524ea1632461c78797c837ca9fa6|0xd54e4f8a55247487dd7c8c59f14ee5c0c2889477,0xd54e4f8a55247487dd7c8c59f14ee5c0c2889477,0x69a1913d334b524ea1632461c78797c837ca9fa6,RFuel,RFuel,0x2f4c5a90c9096a3eda3867053152b064f420b9a2d86c60d02862364809eebefb_RFuel,1669137287,1669137287,1,1.0367233766722604e+23,103672.33766722603,72.63283918721527,0,0,0.800000,bridge_dst_event_flow,True
BNB,Poly,bnb_flow_0x2f4c5a90c909__synth_hidden_dst,0x2f4c5a90c9096a3eda3867053152b064f420b9a2d86c60d02862364809eebefb,0x2f7ac9436ba4b548f9582af91ca1ef02cd2f1f03|0x69a1913d334b524ea1632461c78797c837ca9fa6|0xd54e4f8a55247487dd7c8c59f14ee5c0c2889477,0xd54e4f8a55247487dd7c8c59f14ee5c0c2889477,0x69a1913d334b524ea1632461c78797c837ca9fa6,RFuel,RFuel,0x2f4c5a90c9096a3eda3867053152b064f420b9a2d86c60d02862364809eebefb_RFuel,1669137287,1669137287,1,1.0367233766722604e+23,103672.33766722603,72.63283918721527,0,0,0.800000,bridge_dst_event_flow,True
BNB,Poly,bnb_flow_0x2f4c5a90c909__synth_noise_dst_0,0x2f4c5a90c9096a3eda3867053152b064f420b9a2d86c60d02862364809eebefb,0x2f7ac9436ba4b548f9582af91ca1ef02cd2f1f03|0x69a1913d334b524ea1632461c78797c837ca9fa6|0xd54e4f8a55247487dd7c8c59f14ee5c0c2889477,0xd54e4f8a55247487dd7c8c59f14ee5c0c2889477,0x69a1913d334b524ea1632461c78797c837ca9fa6,RFuel,RFuel,0x2f4c5a90c9096a3eda3867053152b064f420b9a2d86c60d02862364809eebefb_RFuel,1669137347,1669137347,1,1.0367233766722604e+23,103672.33766722603,72.63283918721527,0,0,0.800000,bridge_dst_event_flow,True
BNB,Poly,bnb_flow_0x2f4c5a90c909__synth_noise_dst_1,0x2f4c5a90c9096a3eda3867053152b064f420b9a2d86c60d02862364809eebefb,0x2f7ac9436ba4b548f9582af91ca1ef02cd2f1f03|0x69a1913d334b524ea1632461c78797c837ca9fa6|0xd54e4f8a55247487dd7c8c59f14ee5c0c2889477,0xd54e4f8a55247487dd7c8c59f14ee5c0c2889477,0x69a1913d334b524ea1632461c78797c837ca9fa6,RFuel,RFuel,0x2f4c5a90c9096a3eda3867053152b064f420b9a2d86c60d02862364809eebefb_RFuel,1669137407,1669137407,1,1.0367233766722604e+23,103672.33766722603,72.63283918721527,0,0,0.800000,bridge_dst_event_flow,True
BNB,Poly,bnb_flow_0x1ba18e17a535__synth_split_a,0x1ba18e17a535d6412a511c1f5731c40df31b44630844ee11576362c52be1c186,0x2f7ac9436ba4b548f9582af91ca1ef02cd2f1f03|0x69a1913d334b524ea1632461c78797c837ca9fa6|0x88f859db067c45b114897db6920f3e4a61a5ca66,0x88f859db067c45b114897db6920f3e4a61a5ca66,0x69a1913d334b524ea1632461c78797c837ca9fa6,RFuel,RFuel,0x1ba18e17a535d6412a511c1f5731c40df31b44630844ee11576362c52be1c186_RFuel,1667514866,1667514866,1,4.625170467678442e+22,46251.70467678442,32.403944036707685,0,0,0.800000,bridge_dst_event_flow,True
BNB,Poly,bnb_flow_0x1ba18e17a535__synth_split_b,0x1ba18e17a535d6412a511c1f5731c40df31b44630844ee11576362c52be1c186,0x2f7ac9436ba4b548f9582af91ca1ef02cd2f1f03|0x69a1913d334b524ea1632461c78797c837ca9fa6|0x88f859db067c45b114897db6920f3e4a61a5ca66,0x88f859db067c45b114897db6920f3e4a61a5ca66,0x69a1913d334b524ea1632461c78797c837ca9fa6,RFuel,RFuel,0x1ba18e17a535d6412a511c1f5731c40df31b44630844ee11576362c52be1c186_RFuel,1667514866,1667514866,1,4.625170467678442e+22,46251.70467678442,32.403944036707685,0,0,0.800000,bridge_dst_event_flow,True
BNB,Poly,bnb_flow_0x1ba18e17a535__synth_merge_dst,0x1ba18e17a535d6412a511c1f5731c40df31b44630844ee11576362c52be1c186,0x2f7ac9436ba4b548f9582af91ca1ef02cd2f1f03|0x69a1913d334b524ea1632461c78797c837ca9fa6|0x88f859db067c45b114897db6920f3e4a61a5ca66,0x88f859db067c45b114897db6920f3e4a61a5ca66,0x69a1913d334b524ea1632461c78797c837ca9fa6,RFuel,RFuel,0x1ba18e17a535d6412a511c1f5731c40df31b44630844ee11576362c52be1c186_RFuel,1667514866,1667514866,1,9.250340935356884e+22,92503.40935356884,64.80788807341537,0,0,0.800000,bridge_dst_event_flow,True
BNB,Poly,bnb_flow_0x1ba18e17a535__synth_hidden_dst,0x1ba18e17a535d6412a511c1f5731c40df31b44630844ee11576362c52be1c186,0x2f7ac9436ba4b548f9582af91ca1ef02cd2f1f03|0x69a1913d334b524ea1632461c78797c837ca9fa6|0x88f859db067c45b114897db6920f3e4a61a5ca66,0x88f859db067c45b114897db6920f3e4a61a5ca66,0x69a1913d334b524ea1632461c78797c837ca9fa6,RFuel,RFuel,0x1ba18e17a535d6412a511c1f5731c40df31b44630844ee11576362c52be1c186_RFuel,1667514866,1667514866,1,9.250340935356884e+22,92503.40935356884,64.80788807341537,0,0,0.800000,bridge_dst_event_flow,True
BNB,Poly,bnb_flow_0x1ba18e17a535__synth_noise_dst_0,0x1ba18e17a535d6412a511c1f5731c40df31b44630844ee11576362c52be1c186,0x2f7ac9436ba4b548f9582af91ca1ef02cd2f1f03|0x69a1913d334b524ea1632461c78797c837ca9fa6|0x88f859db067c45b114897db6920f3e4a61a5ca66,0x88f859db067c45b114897db6920f3e4a61a5ca66,0x69a1913d334b524ea1632461c78797c837ca9fa6,RFuel,RFuel,0x1ba18e17a535d6412a511c1f5731c40df31b44630844ee11576362c52be1c186_RFuel,1667514926,1667514926,1,9.250340935356884e+22,92503.40935356884,64.80788807341537,0,0,0.800000,bridge_dst_event_flow,True
BNB,Poly,bnb_flow_0x1ba18e17a535__synth_noise_dst_1,0x1ba18e17a535d6412a511c1f5731c40df31b44630844ee11576362c52be1c186,0x2f7ac9436ba4b548f9582af91ca1ef02cd2f1f03|0x69a1913d334b524ea1632461c78797c837ca9fa6|0x88f859db067c45b114897db6920f3e4a61a5ca66,0x88f859db067c45b114897db6920f3e4a61a5ca66,0x69a1913d334b524ea1632461c78797c837ca9fa6,RFuel,RFuel,0x1ba18e17a535d6412a511c1f5731c40df31b44630844ee11576362c52be1c186_RFuel,1667514986,1667514986,1,9.250340935356884e+22,92503.40935356884,64.80788807341537,0,0,0.800000,bridge_dst_event_flow,True
BNB,Poly,bnb_flow_0x2e0b2e02aaa3__synth_split_a,0x2e0b2e02aaa3a539bc7dcf50ce804c075aea8ea21cc4d6a47572322baf7725e6,0x2f7ac9436ba4b548f9582af91ca1ef02cd2f1f03|0x69a1913d334b524ea1632461c78797c837ca9fa6|0xd54e4f8a55247487dd7c8c59f14ee5c0c2889477,0xd54e4f8a55247487dd7c8c59f14ee5c0c2889477,0x69a1913d334b524ea1632461c78797c837ca9fa6,RFuel,RFuel,0x2e0b2e02aaa3a539bc7dcf50ce804c075aea8ea21cc4d6a47572322baf7725e6_RFuel,1664599145,1664599145,1,2.5250460396201934e+22,25250.460396201936,17.690472411719043,0,0,0.800000,bridge_dst_event_flow,True
BNB,Poly,bnb_flow_0x2e0b2e02aaa3__synth_split_b,0x2e0b2e02aaa3a539bc7dcf50ce804c075aea8ea21cc4d6a47572322baf7725e6,0x2f7ac9436ba4b548f9582af91ca1ef02cd2f1f03|0x69a1913d334b524ea1632461c78797c837ca9fa6|0xd54e4f8a55247487dd7c8c59f14ee5c0c2889477,0xd54e4f8a55247487dd7c8c59f14ee5c0c2889477,0x69a1913d334b524ea1632461c78797c837ca9fa6,RFuel,RFuel,0x2e0b2e02aaa3a539bc7dcf50ce804c075aea8ea21cc4d6a47572322baf7725e6_RFuel,1664599145,1664599145,1,2.5250460396201934e+22,25250.460396201936,17.690472411719043,0,0,0.800000,bridge_dst_event_flow,True
BNB,Poly,bnb_flow_0x2e0b2e02aaa3__synth_split_c,0x2e0b2e02aaa3a539bc7dcf50ce804c075aea8ea21cc4d6a47572322baf7725e6,0x2f7ac9436ba4b548f9582af91ca1ef02cd2f1f03|0x69a1913d334b524ea1632461c78797c837ca9fa6|0xd54e4f8a55247487dd7c8c59f14ee5c0c2889477,0xd54e4f8a55247487dd7c8c59f14ee5c0c2889477,0x69a1913d334b524ea1632461c78797c837ca9fa6,RFuel,RFuel,0x2e0b2e02aaa3a539bc7dcf50ce804c075aea8ea21cc4d6a47572322baf7725e6_RFuel,1664599145,1664599145,1,2.5250460396201934e+22,25250.460396201936,17.690472411719043,0,0,0.800000,bridge_dst_event_flow,True
BNB,Poly,bnb_flow_0x2e0b2e02aaa3__synth_merge_dst,0x2e0b2e02aaa3a539bc7dcf50ce804c075aea8ea21cc4d6a47572322baf7725e6,0x2f7ac9436ba4b548f9582af91ca1ef02cd2f1f03|0x69a1913d334b524ea1632461c78797c837ca9fa6|0xd54e4f8a55247487dd7c8c59f14ee5c0c2889477,0xd54e4f8a55247487dd7c8c59f14ee5c0c2889477,0x69a1913d334b524ea1632461c78797c837ca9fa6,RFuel,RFuel,0x2e0b2e02aaa3a539bc7dcf50ce804c075aea8ea21cc4d6a47572322baf7725e6_RFuel,1664599145,1664599145,1,7.575138118860581e+22,75751.38118860581,53.07141723515713,0,0,0.800000,bridge_dst_event_flow,True
BNB,Poly,bnb_flow_0x2e0b2e02aaa3__synth_hidden_dst,0x2e0b2e02aaa3a539bc7dcf50ce804c075aea8ea21cc4d6a47572322baf7725e6,0x2f7ac9436ba4b548f9582af91ca1ef02cd2f1f03|0x69a1913d334b524ea1632461c78797c837ca9fa6|0xd54e4f8a55247487dd7c8c59f14ee5c0c2889477,0xd54e4f8a55247487dd7c8c59f14ee5c0c2889477,0x69a1913d334b524ea1632461c78797c837ca9fa6,RFuel,RFuel,0x2e0b2e02aaa3a539bc7dcf50ce804c075aea8ea21cc4d6a47572322baf7725e6_RFuel,1664599145,1664599145,1,7.575138118860581e+22,75751.38118860581,53.07141723515713,0,0,0.800000,bridge_dst_event_flow,True
BNB,Poly,bnb_flow_0x2e0b2e02aaa3__synth_noise_dst_0,0x2e0b2e02aaa3a539bc7dcf50ce804c075aea8ea21cc4d6a47572322baf7725e6,0x2f7ac9436ba4b548f9582af91ca1ef02cd2f1f03|0x69a1913d334b524ea1632461c78797c837ca9fa6|0xd54e4f8a55247487dd7c8c59f14ee5c0c2889477,0xd54e4f8a55247487dd7c8c59f14ee5c0c2889477,0x69a1913d334b524ea1632461c78797c837ca9fa6,RFuel,RFuel,0x2e0b2e02aaa3a539bc7dcf50ce804c075aea8ea21cc4d6a47572322baf7725e6_RFuel,1664599205,1664599205,1,7.575138118860581e+22,75751.38118860581,53.07141723515713,0,0,0.800000,bridge_dst_event_flow,True
BNB,Poly,bnb_flow_0x2e0b2e02aaa3__synth_noise_dst_1,0x2e0b2e02aaa3a539bc7dcf50ce804c075aea8ea21cc4d6a47572322baf7725e6,0x2f7ac9436ba4b548f9582af91ca1ef02cd2f1f03|0x69a1913d334b524ea1632461c78797c837ca9fa6|0xd54e4f8a55247487dd7c8c59f14ee5c0c2889477,0xd54e4f8a55247487dd7c8c59f14ee5c0c2889477,0x69a1913d334b524ea1632461c78797c837ca9fa6,RFuel,RFuel,0x2e0b2e02aaa3a539bc7dcf50ce804c075aea8ea21cc4d6a47572322baf7725e6_RFuel,1664599265,1664599265,1,7.575138118860581e+22,75751.38118860581,53.07141723515713,0,0,0.800000,bridge_dst_event_flow,True
BNB,Poly,bnb_flow_0x9c428f182a5b__synth_split_a,0x9c428f182a5b53974229f26e1d9d7594fa864e931e790f71bae5d8eb348a9c4c,0x2f7ac9436ba4b548f9582af91ca1ef02cd2f1f03|0x6473e06e91feb9c6e35f7bb1539eed90a108389b|0xc49dde62b4a0810074721faca54aab52369f486a,0x6473e06e91feb9c6e35f7bb1539eed90a108389b,0xc49dde62b4a0810074721faca54aab52369f486a,PKR,PKR,0x9c428f182a5b53974229f26e1d9d7594fa864e931e790f71bae5d8eb348a9c4c_PKR,1665382500,1665382500,1,5.995985e+23,599598.5,13.184175649461706,0,0,0.800000,bridge_dst_event_flow,True
BNB,Poly,bnb_flow_0x9c428f182a5b__synth_split_b,0x9c428f182a5b53974229f26e1d9d7594fa864e931e790f71bae5d8eb348a9c4c,0x2f7ac9436ba4b548f9582af91ca1ef02cd2f1f03|0x6473e06e91feb9c6e35f7bb1539eed90a108389b|0xc49dde62b4a0810074721faca54aab52369f486a,0x6473e06e91feb9c6e35f7bb1539eed90a108389b,0xc49dde62b4a0810074721faca54aab52369f486a,PKR,PKR,0x9c428f182a5b53974229f26e1d9d7594fa864e931e790f71bae5d8eb348a9c4c_PKR,1665382500,1665382500,1,5.995985e+23,599598.5,13.184175649461706,0,0,0.800000,bridge_dst_event_flow,True
BNB,Poly,bnb_flow_0x9c428f182a5b__synth_merge_dst,0x9c428f182a5b53974229f26e1d9d7594fa864e931e790f71bae5d8eb348a9c4c,0x2f7ac9436ba4b548f9582af91ca1ef02cd2f1f03|0x6473e06e91feb9c6e35f7bb1539eed90a108389b|0xc49dde62b4a0810074721faca54aab52369f486a,0x6473e06e91feb9c6e35f7bb1539eed90a108389b,0xc49dde62b4a0810074721faca54aab52369f486a,PKR,PKR,0x9c428f182a5b53974229f26e1d9d7594fa864e931e790f71bae5d8eb348a9c4c_PKR,1665382500,1665382500,1,1.199197e+24,1199197.0,26.36835129892341,0,0,0.800000,bridge_dst_event_flow,True
BNB,Poly,bnb_flow_0x9c428f182a5b__synth_hidden_dst,0x9c428f182a5b53974229f26e1d9d7594fa864e931e790f71bae5d8eb348a9c4c,0x2f7ac9436ba4b548f9582af91ca1ef02cd2f1f03|0x6473e06e91feb9c6e35f7bb1539eed90a108389b|0xc49dde62b4a0810074721faca54aab52369f486a,0x6473e06e91feb9c6e35f7bb1539eed90a108389b,0xc49dde62b4a0810074721faca54aab52369f486a,PKR,PKR,0x9c428f182a5b53974229f26e1d9d7594fa864e931e790f71bae5d8eb348a9c4c_PKR,1665382500,1665382500,1,1.199197e+24,1199197.0,26.36835129892341,0,0,0.800000,bridge_dst_event_flow,True
BNB,Poly,bnb_flow_0x9c428f182a5b__synth_noise_dst_0,0x9c428f182a5b53974229f26e1d9d7594fa864e931e790f71bae5d8eb348a9c4c,0x2f7ac9436ba4b548f9582af91ca1ef02cd2f1f03|0x6473e06e91feb9c6e35f7bb1539eed90a108389b|0xc49dde62b4a0810074721faca54aab52369f486a,0x6473e06e91feb9c6e35f7bb1539eed90a108389b,0xc49dde62b4a0810074721faca54aab52369f486a,PKR,PKR,0x9c428f182a5b53974229f26e1d9d7594fa864e931e790f71bae5d8eb348a9c4c_PKR,1665382560,1665382560,1,1.199197e+24,1199197.0,26.36835129892341,0,0,0.800000,bridge_dst_event_flow,True
BNB,Poly,bnb_flow_0x9c428f182a5b__synth_noise_dst_1,0x9c428f182a5b53974229f26e1d9d7594fa864e931e790f71bae5d8eb348a9c4c,0x2f7ac9436ba4b548f9582af91ca1ef02cd2f1f03|0x6473e06e91feb9c6e35f7bb1539eed90a108389b|0xc49dde62b4a0810074721faca54aab52369f486a,0x6473e06e91feb9c6e35f7bb1539eed90a108389b,0xc49dde62b4a0810074721faca54aab52369f486a,PKR,PKR,0x9c428f182a5b53974229f26e1d9d7594fa864e931e790f71bae5d8eb348a9c4c_PKR,1665382620,1665382620,1,1.199197e+24,1199197.0,26.36835129892341,0,0,0.800000,bridge_dst_event_flow,True
BNB,Poly,bnb_flow_0xb495cf107b0c__synth_split_a,0xb495cf107b0c25891db9af473ff220dc4efc6cc3225c3d5d3a1688e226ff39ef,0x2f7ac9436ba4b548f9582af91ca1ef02cd2f1f03|0x67ebc532d648e6164a6fd726ff0b39e69180dafe|0x69a1913d334b524ea1632461c78797c837ca9fa6,0x67ebc532d648e6164a6fd726ff0b39e69180dafe,0x69a1913d334b524ea1632461c78797c837ca9fa6,RFuel,RFuel,0xb495cf107b0c25891db9af473ff220dc4efc6cc3225c3d5d3a1688e226ff39ef_RFuel,1649489111,1649489111,1,9.676665615425402e+22,96766.65615425401,67.79471875802399,0,0,0.825000,bridge_dst_event_flow,True
BNB,Poly,bnb_flow_0xb495cf107b0c__synth_split_b,0xb495cf107b0c25891db9af473ff220dc4efc6cc3225c3d5d3a1688e226ff39ef,0x2f7ac9436ba4b548f9582af91ca1ef02cd2f1f03|0x67ebc532d648e6164a6fd726ff0b39e69180dafe|0x69a1913d334b524ea1632461c78797c837ca9fa6,0x67ebc532d648e6164a6fd726ff0b39e69180dafe,0x69a1913d334b524ea1632461c78797c837ca9fa6,RFuel,RFuel,0xb495cf107b0c25891db9af473ff220dc4efc6cc3225c3d5d3a1688e226ff39ef_RFuel,1649489111,1649489111,1,9.676665615425402e+22,96766.65615425401,67.79471875802399,0,0,0.825000,bridge_dst_event_flow,True
BNB,Poly,bnb_flow_0xb495cf107b0c__synth_merge_dst,0xb495cf107b0c25891db9af473ff220dc4efc6cc3225c3d5d3a1688e226ff39ef,0x2f7ac9436ba4b548f9582af91ca1ef02cd2f1f03|0x67ebc532d648e6164a6fd726ff0b39e69180dafe|0x69a1913d334b524ea1632461c78797c837ca9fa6,0x67ebc532d648e6164a6fd726ff0b39e69180dafe,0x69a1913d334b524ea1632461c78797c837ca9fa6,RFuel,RFuel,0xb495cf107b0c25891db9af473ff220dc4efc6cc3225c3d5d3a1688e226ff39ef_RFuel,1649489111,1649489111,1,1.9353331230850804e+23,193533.31230850803,135.58943751604798,0,0,0.825000,bridge_dst_event_flow,True
BNB,Poly,bnb_flow_0xb495cf107b0c__synth_hidden_dst,0xb495cf107b0c25891db9af473ff220dc4efc6cc3225c3d5d3a1688e226ff39ef,0x2f7ac9436ba4b548f9582af91ca1ef02cd2f1f03|0x67ebc532d648e6164a6fd726ff0b39e69180dafe|0x69a1913d334b524ea1632461c78797c837ca9fa6,0x67ebc532d648e6164a6fd726ff0b39e69180dafe,0x69a1913d334b524ea1632461c78797c837ca9fa6,RFuel,RFuel,0xb495cf107b0c25891db9af473ff220dc4efc6cc3225c3d5d3a1688e226ff39ef_RFuel,1649489111,1649489111,1,1.9353331230850804e+23,193533.31230850803,135.58943751604798,0,0,0.825000,bridge_dst_event_flow,True
BNB,Poly,bnb_flow_0xb495cf107b0c__synth_noise_dst_0,0xb495cf107b0c25891db9af473ff220dc4efc6cc3225c3d5d3a1688e226ff39ef,0x2f7ac9436ba4b548f9582af91ca1ef02cd2f1f03|0x67ebc532d648e6164a6fd726ff0b39e69180dafe|0x69a1913d334b524ea1632461c78797c837ca9fa6,0x67ebc532d648e6164a6fd726ff0b39e69180dafe,0x69a1913d334b524ea1632461c78797c837ca9fa6,RFuel,RFuel,0xb495cf107b0c25891db9af473ff220dc4efc6cc3225c3d5d3a1688e226ff39ef_RFuel,1649489171,1649489171,1,1.9353331230850804e+23,193533.31230850803,135.58943751604798,0,0,0.825000,bridge_dst_event_flow,True
BNB,Poly,bnb_flow_0xb495cf107b0c__synth_noise_dst_1,0xb495cf107b0c25891db9af473ff220dc4efc6cc3225c3d5d3a1688e226ff39ef,0x2f7ac9436ba4b548f9582af91ca1ef02cd2f1f03|0x67ebc532d648e6164a6fd726ff0b39e69180dafe|0x69a1913d334b524ea1632461c78797c837ca9fa6,0x67ebc532d648e6164a6fd726ff0b39e69180dafe,0x69a1913d334b524ea1632461c78797c837ca9fa6,RFuel,RFuel,0xb495cf107b0c25891db9af473ff220dc4efc6cc3225c3d5d3a1688e226ff39ef_RFuel,1649489231,1649489231,1,1.9353331230850804e+23,193533.31230850803,135.58943751604798,0,0,0.825000,bridge_dst_event_flow,True
BNB,Poly,bnb_flow_0xe4d497378c11__synth_split_a,0xe4d497378c11b57c8a6df6e3743efd67473c051c426e7024f8b66a06f98ae2b1,0x2f7ac9436ba4b548f9582af91ca1ef02cd2f1f03|0xd308fca53f7dc45130ae4f61b865d51b81814a75|0xe552fb52a4f19e44ef5a967632dbc320b0820639,0xd308fca53f7dc45130ae4f61b865d51b81814a75,0xe552fb52a4f19e44ef5a967632dbc320b0820639,Metis,Metis,0xe4d497378c11b57c8a6df6e3743efd67473c051c426e7024f8b66a06f98ae2b1_Metis,1659580987,1659580987,1,4.34539273341984e+19,43.4539273341984,118.1653308768138,0,0,0.825000,bridge_dst_event_flow,True
BNB,Poly,bnb_flow_0xe4d497378c11__synth_split_b,0xe4d497378c11b57c8a6df6e3743efd67473c051c426e7024f8b66a06f98ae2b1,0x2f7ac9436ba4b548f9582af91ca1ef02cd2f1f03|0xd308fca53f7dc45130ae4f61b865d51b81814a75|0xe552fb52a4f19e44ef5a967632dbc320b0820639,0xd308fca53f7dc45130ae4f61b865d51b81814a75,0xe552fb52a4f19e44ef5a967632dbc320b0820639,Metis,Metis,0xe4d497378c11b57c8a6df6e3743efd67473c051c426e7024f8b66a06f98ae2b1_Metis,1659580987,1659580987,1,4.34539273341984e+19,43.4539273341984,118.1653308768138,0,0,0.825000,bridge_dst_event_flow,True
BNB,Poly,bnb_flow_0xe4d497378c11__synth_merge_dst,0xe4d497378c11b57c8a6df6e3743efd67473c051c426e7024f8b66a06f98ae2b1,0x2f7ac9436ba4b548f9582af91ca1ef02cd2f1f03|0xd308fca53f7dc45130ae4f61b865d51b81814a75|0xe552fb52a4f19e44ef5a967632dbc320b0820639,0xd308fca53f7dc45130ae4f61b865d51b81814a75,0xe552fb52a4f19e44ef5a967632dbc320b0820639,Metis,Metis,0xe4d497378c11b57c8a6df6e3743efd67473c051c426e7024f8b66a06f98ae2b1_Metis,1659580987,1659580987,1,8.69078546683968e+19,86.9078546683968,236.3306617536276,0,0,0.825000,bridge_dst_event_flow,True
BNB,Poly,bnb_flow_0xe4d497378c11__synth_hidden_dst,0xe4d497378c11b57c8a6df6e3743efd67473c051c426e7024f8b66a06f98ae2b1,0x2f7ac9436ba4b548f9582af91ca1ef02cd2f1f03|0xd308fca53f7dc45130ae4f61b865d51b81814a75|0xe552fb52a4f19e44ef5a967632dbc320b0820639,0xd308fca53f7dc45130ae4f61b865d51b81814a75,0xe552fb52a4f19e44ef5a967632dbc320b0820639,Metis,Metis,0xe4d497378c11b57c8a6df6e3743efd67473c051c426e7024f8b66a06f98ae2b1_Metis,1659580987,1659580987,1,8.69078546683968e+19,86.9078546683968,236.3306617536276,0,0,0.825000,bridge_dst_event_flow,True
BNB,Poly,bnb_flow_0xe4d497378c11__synth_noise_dst_0,0xe4d497378c11b57c8a6df6e3743efd67473c051c426e7024f8b66a06f98ae2b1,0x2f7ac9436ba4b548f9582af91ca1ef02cd2f1f03|0xd308fca53f7dc45130ae4f61b865d51b81814a75|0xe552fb52a4f19e44ef5a967632dbc320b0820639,0xd308fca53f7dc45130ae4f61b865d51b81814a75,0xe552fb52a4f19e44ef5a967632dbc320b0820639,Metis,Metis,0xe4d497378c11b57c8a6df6e3743efd67473c051c426e7024f8b66a06f98ae2b1_Metis,1659581047,1659581047,1,8.69078546683968e+19,86.9078546683968,236.3306617536276,0,0,0.825000,bridge_dst_event_flow,True
BNB,Poly,bnb_flow_0xe4d497378c11__synth_noise_dst_1,0xe4d497378c11b57c8a6df6e3743efd67473c051c426e7024f8b66a06f98ae2b1,0x2f7ac9436ba4b548f9582af91ca1ef02cd2f1f03|0xd308fca53f7dc45130ae4f61b865d51b81814a75|0xe552fb52a4f19e44ef5a967632dbc320b0820639,0xd308fca53f7dc45130ae4f61b865d51b81814a75,0xe552fb52a4f19e44ef5a967632dbc320b0820639,Metis,Metis,0xe4d497378c11b57c8a6df6e3743efd67473c051c426e7024f8b66a06f98ae2b1_Metis,1659581107,1659581107,1,8.69078546683968e+19,86.9078546683968,236.3306617536276,0,0,0.825000,bridge_dst_event_flow,True
BNB,Poly,bnb_flow_0xce4ec08a626a__synth_split_a,0xce4ec08a626abbfe26d7ce6b10f689f4267570dffa462e63302ea2560c374441,0x2f7ac9436ba4b548f9582af91ca1ef02cd2f1f03|0x4e1b16ef22935a575a6811d4616f98c4077e4408|0xeb5cc391e8cae0d95160bf4b35896efcd19182da,0xeb5cc391e8cae0d95160bf4b35896efcd19182da,0x4e1b16ef22935a575a6811d4616f98c4077e4408,KEL,KEL,0xce4ec08a626abbfe26d7ce6b10f689f4267570dffa462e63302ea2560c374441_KEL,1647129714,1647129714,1,3.823713323527555e+22,38237.133235275556,42.78504197426124,0,0,0.825000,bridge_dst_event_flow,True
BNB,Poly,bnb_flow_0xce4ec08a626a__synth_split_b,0xce4ec08a626abbfe26d7ce6b10f689f4267570dffa462e63302ea2560c374441,0x2f7ac9436ba4b548f9582af91ca1ef02cd2f1f03|0x4e1b16ef22935a575a6811d4616f98c4077e4408|0xeb5cc391e8cae0d95160bf4b35896efcd19182da,0xeb5cc391e8cae0d95160bf4b35896efcd19182da,0x4e1b16ef22935a575a6811d4616f98c4077e4408,KEL,KEL,0xce4ec08a626abbfe26d7ce6b10f689f4267570dffa462e63302ea2560c374441_KEL,1647129714,1647129714,1,3.823713323527555e+22,38237.133235275556,42.78504197426124,0,0,0.825000,bridge_dst_event_flow,True
BNB,Poly,bnb_flow_0xce4ec08a626a__synth_merge_dst,0xce4ec08a626abbfe26d7ce6b10f689f4267570dffa462e63302ea2560c374441,0x2f7ac9436ba4b548f9582af91ca1ef02cd2f1f03|0x4e1b16ef22935a575a6811d4616f98c4077e4408|0xeb5cc391e8cae0d95160bf4b35896efcd19182da,0xeb5cc391e8cae0d95160bf4b35896efcd19182da,0x4e1b16ef22935a575a6811d4616f98c4077e4408,KEL,KEL,0xce4ec08a626abbfe26d7ce6b10f689f4267570dffa462e63302ea2560c374441_KEL,1647129714,1647129714,1,7.64742664705511e+22,76474.26647055111,85.57008394852248,0,0,0.825000,bridge_dst_event_flow,True
BNB,Poly,bnb_flow_0xce4ec08a626a__synth_hidden_dst,0xce4ec08a626abbfe26d7ce6b10f689f4267570dffa462e63302ea2560c374441,0x2f7ac9436ba4b548f9582af91ca1ef02cd2f1f03|0x4e1b16ef22935a575a6811d4616f98c4077e4408|0xeb5cc391e8cae0d95160bf4b35896efcd19182da,0xeb5cc391e8cae0d95160bf4b35896efcd19182da,0x4e1b16ef22935a575a6811d4616f98c4077e4408,KEL,KEL,0xce4ec08a626abbfe26d7ce6b10f689f4267570dffa462e63302ea2560c374441_KEL,1647129714,1647129714,1,7.64742664705511e+22,76474.26647055111,85.57008394852248,0,0,0.825000,bridge_dst_event_flow,True
BNB,Poly,bnb_flow_0xce4ec08a626a__synth_noise_dst_0,0xce4ec08a626abbfe26d7ce6b10f689f4267570dffa462e63302ea2560c374441,0x2f7ac9436ba4b548f9582af91ca1ef02cd2f1f03|0x4e1b16ef22935a575a6811d4616f98c4077e4408|0xeb5cc391e8cae0d95160bf4b35896efcd19182da,0xeb5cc391e8cae0d95160bf4b35896efcd19182da,0x4e1b16ef22935a575a6811d4616f98c4077e4408,KEL,KEL,0xce4ec08a626abbfe26d7ce6b10f689f4267570dffa462e63302ea2560c374441_KEL,1647129774,1647129774,1,7.64742664705511e+22,76474.26647055111,85.57008394852248,0,0,0.825000,bridge_dst_event_flow,True
BNB,Poly,bnb_flow_0xce4ec08a626a__synth_noise_dst_1,0xce4ec08a626abbfe26d7ce6b10f689f4267570dffa462e63302ea2560c374441,0x2f7ac9436ba4b548f9582af91ca1ef02cd2f1f03|0x4e1b16ef22935a575a6811d4616f98c4077e4408|0xeb5cc391e8cae0d95160bf4b35896efcd19182da,0xeb5cc391e8cae0d95160bf4b35896efcd19182da,0x4e1b16ef22935a575a6811d4616f98c4077e4408,KEL,KEL,0xce4ec08a626abbfe26d7ce6b10f689f4267570dffa462e63302ea2560c374441_KEL,1647129834,1647129834,1,7.64742664705511e+22,76474.26647055111,85.57008394852248,0,0,0.825000,bridge_dst_event_flow,True
BNB,Poly,bnb_flow_0x4b3c6992f5a5__synth_split_a,0x4b3c6992f5a59c20f3c00dae1007b57f8c75f690711581af7a8b6977064fa080,0x2f7ac9436ba4b548f9582af91ca1ef02cd2f1f03|0x65a8f07bd9a8598e1b5b6c0a88f4779dbc077675|0x69a1913d334b524ea1632461c78797c837ca9fa6,0x65a8f07bd9a8598e1b5b6c0a88f4779dbc077675,0x69a1913d334b524ea1632461c78797c837ca9fa6,RFuel,RFuel,0x4b3c6992f5a59c20f3c00dae1007b57f8c75f690711581af7a8b6977064fa080_RFuel,1655227634,1655227634,1,3.5047284662315025e+22,35047.284662315025,24.554127437518172,0,0,0.825000,bridge_dst_event_flow,True
BNB,Poly,bnb_flow_0x4b3c6992f5a5__synth_split_b,0x4b3c6992f5a59c20f3c00dae1007b57f8c75f690711581af7a8b6977064fa080,0x2f7ac9436ba4b548f9582af91ca1ef02cd2f1f03|0x65a8f07bd9a8598e1b5b6c0a88f4779dbc077675|0x69a1913d334b524ea1632461c78797c837ca9fa6,0x65a8f07bd9a8598e1b5b6c0a88f4779dbc077675,0x69a1913d334b524ea1632461c78797c837ca9fa6,RFuel,RFuel,0x4b3c6992f5a59c20f3c00dae1007b57f8c75f690711581af7a8b6977064fa080_RFuel,1655227634,1655227634,1,3.5047284662315025e+22,35047.284662315025,24.554127437518172,0,0,0.825000,bridge_dst_event_flow,True
BNB,Poly,bnb_flow_0x4b3c6992f5a5__synth_split_c,0x4b3c6992f5a59c20f3c00dae1007b57f8c75f690711581af7a8b6977064fa080,0x2f7ac9436ba4b548f9582af91ca1ef02cd2f1f03|0x65a8f07bd9a8598e1b5b6c0a88f4779dbc077675|0x69a1913d334b524ea1632461c78797c837ca9fa6,0x65a8f07bd9a8598e1b5b6c0a88f4779dbc077675,0x69a1913d334b524ea1632461c78797c837ca9fa6,RFuel,RFuel,0x4b3c6992f5a59c20f3c00dae1007b57f8c75f690711581af7a8b6977064fa080_RFuel,1655227634,1655227634,1,3.5047284662315025e+22,35047.284662315025,24.554127437518172,0,0,0.825000,bridge_dst_event_flow,True
BNB,Poly,bnb_flow_0x4b3c6992f5a5__synth_split_d,0x4b3c6992f5a59c20f3c00dae1007b57f8c75f690711581af7a8b6977064fa080,0x2f7ac9436ba4b548f9582af91ca1ef02cd2f1f03|0x65a8f07bd9a8598e1b5b6c0a88f4779dbc077675|0x69a1913d334b524ea1632461c78797c837ca9fa6,0x65a8f07bd9a8598e1b5b6c0a88f4779dbc077675,0x69a1913d334b524ea1632461c78797c837ca9fa6,RFuel,RFuel,0x4b3c6992f5a59c20f3c00dae1007b57f8c75f690711581af7a8b6977064fa080_RFuel,1655227634,1655227634,1,3.5047284662315025e+22,35047.284662315025,24.554127437518172,0,0,0.825000,bridge_dst_event_flow,True
BNB,Poly,bnb_flow_0x4b3c6992f5a5__synth_split_e,0x4b3c6992f5a59c20f3c00dae1007b57f8c75f690711581af7a8b6977064fa080,0x2f7ac9436ba4b548f9582af91ca1ef02cd2f1f03|0x65a8f07bd9a8598e1b5b6c0a88f4779dbc077675|0x69a1913d334b524ea1632461c78797c837ca9fa6,0x65a8f07bd9a8598e1b5b6c0a88f4779dbc077675,0x69a1913d334b524ea1632461c78797c837ca9fa6,RFuel,RFuel,0x4b3c6992f5a59c20f3c00dae1007b57f8c75f690711581af7a8b6977064fa080_RFuel,1655227634,1655227634,1,3.5047284662315025e+22,35047.284662315025,24.554127437518172,0,0,0.825000,bridge_dst_event_flow,True
BNB,Poly,bnb_flow_0x4b3c6992f5a5__synth_split_f,0x4b3c6992f5a59c20f3c00dae1007b57f8c75f690711581af7a8b6977064fa080,0x2f7ac9436ba4b548f9582af91ca1ef02cd2f1f03|0x65a8f07bd9a8598e1b5b6c0a88f4779dbc077675|0x69a1913d334b524ea1632461c78797c837ca9fa6,0x65a8f07bd9a8598e1b5b6c0a88f4779dbc077675,0x69a1913d334b524ea1632461c78797c837ca9fa6,RFuel,RFuel,0x4b3c6992f5a59c20f3c00dae1007b57f8c75f690711581af7a8b6977064fa080_RFuel,1655227634,1655227634,1,3.5047284662315025e+22,35047.284662315025,24.554127437518172,0,0,0.825000,bridge_dst_event_flow,True
BNB,Poly,bnb_flow_0x4b3c6992f5a5__synth_split_g,0x4b3c6992f5a59c20f3c00dae1007b57f8c75f690711581af7a8b6977064fa080,0x2f7ac9436ba4b548f9582af91ca1ef02cd2f1f03|0x65a8f07bd9a8598e1b5b6c0a88f4779dbc077675|0x69a1913d334b524ea1632461c78797c837ca9fa6,0x65a8f07bd9a8598e1b5b6c0a88f4779dbc077675,0x69a1913d334b524ea1632461c78797c837ca9fa6,RFuel,RFuel,0x4b3c6992f5a59c20f3c00dae1007b57f8c75f690711581af7a8b6977064fa080_RFuel,1655227634,1655227634,1,3.5047284662315025e+22,35047.284662315025,24.554127437518172,0,0,0.825000,bridge_dst_event_flow,True
BNB,Poly,bnb_flow_0x4b3c6992f5a5__synth_merge_dst,0x4b3c6992f5a59c20f3c00dae1007b57f8c75f690711581af7a8b6977064fa080,0x2f7ac9436ba4b548f9582af91ca1ef02cd2f1f03|0x65a8f07bd9a8598e1b5b6c0a88f4779dbc077675|0x69a1913d334b524ea1632461c78797c837ca9fa6,0x65a8f07bd9a8598e1b5b6c0a88f4779dbc077675,0x69a1913d334b524ea1632461c78797c837ca9fa6,RFuel,RFuel,0x4b3c6992f5a59c20f3c00dae1007b57f8c75f690711581af7a8b6977064fa080_RFuel,1655227634,1655227634,1,2.453309926362052e+23,245330.9926362052,171.87889206262722,0,0,0.825000,bridge_dst_event_flow,True
BNB,Poly,bnb_flow_0x4b3c6992f5a5__synth_hidden_dst,0x4b3c6992f5a59c20f3c00dae1007b57f8c75f690711581af7a8b6977064fa080,0x2f7ac9436ba4b548f9582af91ca1ef02cd2f1f03|0x65a8f07bd9a8598e1b5b6c0a88f4779dbc077675|0x69a1913d334b524ea1632461c78797c837ca9fa6,0x65a8f07bd9a8598e1b5b6c0a88f4779dbc077675,0x69a1913d334b524ea1632461c78797c837ca9fa6,RFuel,RFuel,0x4b3c6992f5a59c20f3c00dae1007b57f8c75f690711581af7a8b6977064fa080_RFuel,1655227634,1655227634,1,2.453309926362052e+23,245330.9926362052,171.87889206262722,0,0,0.825000,bridge_dst_event_flow,True
BNB,Poly,bnb_flow_0x4b3c6992f5a5__synth_noise_dst_0,0x4b3c6992f5a59c20f3c00dae1007b57f8c75f690711581af7a8b6977064fa080,0x2f7ac9436ba4b548f9582af91ca1ef02cd2f1f03|0x65a8f07bd9a8598e1b5b6c0a88f4779dbc077675|0x69a1913d334b524ea1632461c78797c837ca9fa6,0x65a8f07bd9a8598e1b5b6c0a88f4779dbc077675,0x69a1913d334b524ea1632461c78797c837ca9fa6,RFuel,RFuel,0x4b3c6992f5a59c20f3c00dae1007b57f8c75f690711581af7a8b6977064fa080_RFuel,1655227694,1655227694,1,2.453309926362052e+23,245330.9926362052,171.87889206262722,0,0,0.825000,bridge_dst_event_flow,True
BNB,Poly,bnb_flow_0x4b3c6992f5a5__synth_noise_dst_1,0x4b3c6992f5a59c20f3c00dae1007b57f8c75f690711581af7a8b6977064fa080,0x2f7ac9436ba4b548f9582af91ca1ef02cd2f1f03|0x65a8f07bd9a8598e1b5b6c0a88f4779dbc077675|0x69a1913d334b524ea1632461c78797c837ca9fa6,0x65a8f07bd9a8598e1b5b6c0a88f4779dbc077675,0x69a1913d334b524ea1632461c78797c837ca9fa6,RFuel,RFuel,0x4b3c6992f5a59c20f3c00dae1007b57f8c75f690711581af7a8b6977064fa080_RFuel,1655227754,1655227754,1,2.453309926362052e+23,245330.9926362052,171.87889206262722,0,0,0.825000,bridge_dst_event_flow,True
BNB,Poly,bnb_flow_0xdcb13a87315b__synth_split_a,0xdcb13a87315b7f390975143d55a5018a283175593573e4edfb9ca63b1d4f9a4c,0x2f7ac9436ba4b548f9582af91ca1ef02cd2f1f03|0x4e1b16ef22935a575a6811d4616f98c4077e4408|0x7a6a59588b8106045303e1923227a2cefbec2b66,0x7a6a59588b8106045303e1923227a2cefbec2b66,0x4e1b16ef22935a575a6811d4616f98c4077e4408,KEL,KEL,0xdcb13a87315b7f390975143d55a5018a283175593573e4edfb9ca63b1d4f9a4c_KEL,1644237420,1644237420,1,4.482800065033333e+22,44828.000650333335,50.159824421076266,0,0,0.825000,bridge_dst_event_flow,True
BNB,Poly,bnb_flow_0xdcb13a87315b__synth_split_b,0xdcb13a87315b7f390975143d55a5018a283175593573e4edfb9ca63b1d4f9a4c,0x2f7ac9436ba4b548f9582af91ca1ef02cd2f1f03|0x4e1b16ef22935a575a6811d4616f98c4077e4408|0x7a6a59588b8106045303e1923227a2cefbec2b66,0x7a6a59588b8106045303e1923227a2cefbec2b66,0x4e1b16ef22935a575a6811d4616f98c4077e4408,KEL,KEL,0xdcb13a87315b7f390975143d55a5018a283175593573e4edfb9ca63b1d4f9a4c_KEL,1644237420,1644237420,1,4.482800065033333e+22,44828.000650333335,50.159824421076266,0,0,0.825000,bridge_dst_event_flow,True
BNB,Poly,bnb_flow_0xdcb13a87315b__synth_split_c,0xdcb13a87315b7f390975143d55a5018a283175593573e4edfb9ca63b1d4f9a4c,0x2f7ac9436ba4b548f9582af91ca1ef02cd2f1f03|0x4e1b16ef22935a575a6811d4616f98c4077e4408|0x7a6a59588b8106045303e1923227a2cefbec2b66,0x7a6a59588b8106045303e1923227a2cefbec2b66,0x4e1b16ef22935a575a6811d4616f98c4077e4408,KEL,KEL,0xdcb13a87315b7f390975143d55a5018a283175593573e4edfb9ca63b1d4f9a4c_KEL,1644237420,1644237420,1,4.482800065033333e+22,44828.000650333335,50.159824421076266,0,0,0.825000,bridge_dst_event_flow,True
BNB,Poly,bnb_flow_0xdcb13a87315b__synth_merge_dst,0xdcb13a87315b7f390975143d55a5018a283175593573e4edfb9ca63b1d4f9a4c,0x2f7ac9436ba4b548f9582af91ca1ef02cd2f1f03|0x4e1b16ef22935a575a6811d4616f98c4077e4408|0x7a6a59588b8106045303e1923227a2cefbec2b66,0x7a6a59588b8106045303e1923227a2cefbec2b66,0x4e1b16ef22935a575a6811d4616f98c4077e4408,KEL,KEL,0xdcb13a87315b7f390975143d55a5018a283175593573e4edfb9ca63b1d4f9a4c_KEL,1644237420,1644237420,1,1.34484001951e+23,134484.001951,150.4794732632288,0,0,0.825000,bridge_dst_event_flow,True
BNB,Poly,bnb_flow_0xdcb13a87315b__synth_hidden_dst,0xdcb13a87315b7f390975143d55a5018a283175593573e4edfb9ca63b1d4f9a4c,0x2f7ac9436ba4b548f9582af91ca1ef02cd2f1f03|0x4e1b16ef22935a575a6811d4616f98c4077e4408|0x7a6a59588b8106045303e1923227a2cefbec2b66,0x7a6a59588b8106045303e1923227a2cefbec2b66,0x4e1b16ef22935a575a6811d4616f98c4077e4408,KEL,KEL,0xdcb13a87315b7f390975143d55a5018a283175593573e4edfb9ca63b1d4f9a4c_KEL,1644237420,1644237420,1,1.34484001951e+23,134484.001951,150.4794732632288,0,0,0.825000,bridge_dst_event_flow,True
BNB,Poly,bnb_flow_0xdcb13a87315b__synth_noise_dst_0,0xdcb13a87315b7f390975143d55a5018a283175593573e4edfb9ca63b1d4f9a4c,0x2f7ac9436ba4b548f9582af91ca1ef02cd2f1f03|0x4e1b16ef22935a575a6811d4616f98c4077e4408|0x7a6a59588b8106045303e1923227a2cefbec2b66,0x7a6a59588b8106045303e1923227a2cefbec2b66,0x4e1b16ef22935a575a6811d4616f98c4077e4408,KEL,KEL,0xdcb13a87315b7f390975143d55a5018a283175593573e4edfb9ca63b1d4f9a4c_KEL,1644237480,1644237480,1,1.34484001951e+23,134484.001951,150.4794732632288,0,0,0.825000,bridge_dst_event_flow,True
BNB,Poly,bnb_flow_0xdcb13a87315b__synth_noise_dst_1,0xdcb13a87315b7f390975143d55a5018a283175593573e4edfb9ca63b1d4f9a4c,0x2f7ac9436ba4b548f9582af91ca1ef02cd2f1f03|0x4e1b16ef22935a575a6811d4616f98c4077e4408|0x7a6a59588b8106045303e1923227a2cefbec2b66,0x7a6a59588b8106045303e1923227a2cefbec2b66,0x4e1b16ef22935a575a6811d4616f98c4077e4408,KEL,KEL,0xdcb13a87315b7f390975143d55a5018a283175593573e4edfb9ca63b1d4f9a4c_KEL,1644237540,1644237540,1,1.34484001951e+23,134484.001951,150.4794732632288,0,0,0.825000,bridge_dst_event_flow,True
BNB,Poly,bnb_flow_0x736f21807bfa__synth_split_a,0x736f21807bfa4b85a378ab3ccc052e2f4c805bfb8989ee5c50fb6769584c26d5,0x2f7ac9436ba4b548f9582af91ca1ef02cd2f1f03|0xe552fb52a4f19e44ef5a967632dbc320b0820639|0xf2ce52e3d0eb5d237341c9a75ca24647d87d7e55,0xf2ce52e3d0eb5d237341c9a75ca24647d87d7e55,0xe552fb52a4f19e44ef5a967632dbc320b0820639,Metis,Metis,0x736f21807bfa4b85a378ab3ccc052e2f4c805bfb8989ee5c50fb6769584c26d5_Metis,1660501870,1660501870,1,5.969245812454349e+19,59.69245812454349,162.32316611773413,0,0,0.825000,bridge_dst_event_flow,True
BNB,Poly,bnb_flow_0x736f21807bfa__synth_split_b,0x736f21807bfa4b85a378ab3ccc052e2f4c805bfb8989ee5c50fb6769584c26d5,0x2f7ac9436ba4b548f9582af91ca1ef02cd2f1f03|0xe552fb52a4f19e44ef5a967632dbc320b0820639|0xf2ce52e3d0eb5d237341c9a75ca24647d87d7e55,0xf2ce52e3d0eb5d237341c9a75ca24647d87d7e55,0xe552fb52a4f19e44ef5a967632dbc320b0820639,Metis,Metis,0x736f21807bfa4b85a378ab3ccc052e2f4c805bfb8989ee5c50fb6769584c26d5_Metis,1660501870,1660501870,1,5.969245812454349e+19,59.69245812454349,162.32316611773413,0,0,0.825000,bridge_dst_event_flow,True
BNB,Poly,bnb_flow_0x736f21807bfa__synth_merge_dst,0x736f21807bfa4b85a378ab3ccc052e2f4c805bfb8989ee5c50fb6769584c26d5,0x2f7ac9436ba4b548f9582af91ca1ef02cd2f1f03|0xe552fb52a4f19e44ef5a967632dbc320b0820639|0xf2ce52e3d0eb5d237341c9a75ca24647d87d7e55,0xf2ce52e3d0eb5d237341c9a75ca24647d87d7e55,0xe552fb52a4f19e44ef5a967632dbc320b0820639,Metis,Metis,0x736f21807bfa4b85a378ab3ccc052e2f4c805bfb8989ee5c50fb6769584c26d5_Metis,1660501870,1660501870,1,1.1938491624908698e+20,119.38491624908698,324.64633223546826,0,0,0.825000,bridge_dst_event_flow,True
BNB,Poly,bnb_flow_0x736f21807bfa__synth_hidden_dst,0x736f21807bfa4b85a378ab3ccc052e2f4c805bfb8989ee5c50fb6769584c26d5,0x2f7ac9436ba4b548f9582af91ca1ef02cd2f1f03|0xe552fb52a4f19e44ef5a967632dbc320b0820639|0xf2ce52e3d0eb5d237341c9a75ca24647d87d7e55,0xf2ce52e3d0eb5d237341c9a75ca24647d87d7e55,0xe552fb52a4f19e44ef5a967632dbc320b0820639,Metis,Metis,0x736f21807bfa4b85a378ab3ccc052e2f4c805bfb8989ee5c50fb6769584c26d5_Metis,1660501870,1660501870,1,1.1938491624908698e+20,119.38491624908698,324.64633223546826,0,0,0.825000,bridge_dst_event_flow,True
BNB,Poly,bnb_flow_0x736f21807bfa__synth_noise_dst_0,0x736f21807bfa4b85a378ab3ccc052e2f4c805bfb8989ee5c50fb6769584c26d5,0x2f7ac9436ba4b548f9582af91ca1ef02cd2f1f03|0xe552fb52a4f19e44ef5a967632dbc320b0820639|0xf2ce52e3d0eb5d237341c9a75ca24647d87d7e55,0xf2ce52e3d0eb5d237341c9a75ca24647d87d7e55,0xe552fb52a4f19e44ef5a967632dbc320b0820639,Metis,Metis,0x736f21807bfa4b85a378ab3ccc052e2f4c805bfb8989ee5c50fb6769584c26d5_Metis,1660501930,1660501930,1,1.1938491624908698e+20,119.38491624908698,324.64633223546826,0,0,0.825000,bridge_dst_event_flow,True
BNB,Poly,bnb_flow_0x736f21807bfa__synth_noise_dst_1,0x736f21807bfa4b85a378ab3ccc052e2f4c805bfb8989ee5c50fb6769584c26d5,0x2f7ac9436ba4b548f9582af91ca1ef02cd2f1f03|0xe552fb52a4f19e44ef5a967632dbc320b0820639|0xf2ce52e3d0eb5d237341c9a75ca24647d87d7e55,0xf2ce52e3d0eb5d237341c9a75ca24647d87d7e55,0xe552fb52a4f19e44ef5a967632dbc320b0820639,Metis,Metis,0x736f21807bfa4b85a378ab3ccc052e2f4c805bfb8989ee5c50fb6769584c26d5_Metis,1660501990,1660501990,1,1.1938491624908698e+20,119.38491624908698,324.64633223546826,0,0,0.825000,bridge_dst_event_flow,True
BNB,Poly,bnb_flow_0xe077db0061fe__synth_split_a,0xe077db0061fec1a888dc182b6ac79067d48cae1f43db9662e3733af5695fb63f,0x2f7ac9436ba4b548f9582af91ca1ef02cd2f1f03|0x7a6a59588b8106045303e1923227a2cefbec2b66|0xe552fb52a4f19e44ef5a967632dbc320b0820639,0x7a6a59588b8106045303e1923227a2cefbec2b66,0xe552fb52a4f19e44ef5a967632dbc320b0820639,Metis,Metis,0xe077db0061fec1a888dc182b6ac79067d48cae1f43db9662e3733af5695fb63f_Metis,1659672310,1659672310,1,5.25360857350978e+19,52.53608573509779,142.8626670753144,0,0,0.825000,bridge_dst_event_flow,True
BNB,Poly,bnb_flow_0xe077db0061fe__synth_split_b,0xe077db0061fec1a888dc182b6ac79067d48cae1f43db9662e3733af5695fb63f,0x2f7ac9436ba4b548f9582af91ca1ef02cd2f1f03|0x7a6a59588b8106045303e1923227a2cefbec2b66|0xe552fb52a4f19e44ef5a967632dbc320b0820639,0x7a6a59588b8106045303e1923227a2cefbec2b66,0xe552fb52a4f19e44ef5a967632dbc320b0820639,Metis,Metis,0xe077db0061fec1a888dc182b6ac79067d48cae1f43db9662e3733af5695fb63f_Metis,1659672310,1659672310,1,5.25360857350978e+19,52.53608573509779,142.8626670753144,0,0,0.825000,bridge_dst_event_flow,True
BNB,Poly,bnb_flow_0xe077db0061fe__synth_merge_dst,0xe077db0061fec1a888dc182b6ac79067d48cae1f43db9662e3733af5695fb63f,0x2f7ac9436ba4b548f9582af91ca1ef02cd2f1f03|0x7a6a59588b8106045303e1923227a2cefbec2b66|0xe552fb52a4f19e44ef5a967632dbc320b0820639,0x7a6a59588b8106045303e1923227a2cefbec2b66,0xe552fb52a4f19e44ef5a967632dbc320b0820639,Metis,Metis,0xe077db0061fec1a888dc182b6ac79067d48cae1f43db9662e3733af5695fb63f_Metis,1659672310,1659672310,1,1.050721714701956e+20,105.07217147019558,285.7253341506288,0,0,0.825000,bridge_dst_event_flow,True
BNB,Poly,bnb_flow_0xe077db0061fe__synth_hidden_dst,0xe077db0061fec1a888dc182b6ac79067d48cae1f43db9662e3733af5695fb63f,0x2f7ac9436ba4b548f9582af91ca1ef02cd2f1f03|0x7a6a59588b8106045303e1923227a2cefbec2b66|0xe552fb52a4f19e44ef5a967632dbc320b0820639,0x7a6a59588b8106045303e1923227a2cefbec2b66,0xe552fb52a4f19e44ef5a967632dbc320b0820639,Metis,Metis,0xe077db0061fec1a888dc182b6ac79067d48cae1f43db9662e3733af5695fb63f_Metis,1659672310,1659672310,1,1.050721714701956e+20,105.07217147019558,285.7253341506288,0,0,0.825000,bridge_dst_event_flow,True
BNB,Poly,bnb_flow_0xe077db0061fe__synth_noise_dst_0,0xe077db0061fec1a888dc182b6ac79067d48cae1f43db9662e3733af5695fb63f,0x2f7ac9436ba4b548f9582af91ca1ef02cd2f1f03|0x7a6a59588b8106045303e1923227a2cefbec2b66|0xe552fb52a4f19e44ef5a967632dbc320b0820639,0x7a6a59588b8106045303e1923227a2cefbec2b66,0xe552fb52a4f19e44ef5a967632dbc320b0820639,Metis,Metis,0xe077db0061fec1a888dc182b6ac79067d48cae1f43db9662e3733af5695fb63f_Metis,1659672370,1659672370,1,1.050721714701956e+20,105.07217147019558,285.7253341506288,0,0,0.825000,bridge_dst_event_flow,True
BNB,Poly,bnb_flow_0xe077db0061fe__synth_noise_dst_1,0xe077db0061fec1a888dc182b6ac79067d48cae1f43db9662e3733af5695fb63f,0x2f7ac9436ba4b548f9582af91ca1ef02cd2f1f03|0x7a6a59588b8106045303e1923227a2cefbec2b66|0xe552fb52a4f19e44ef5a967632dbc320b0820639,0x7a6a59588b8106045303e1923227a2cefbec2b66,0xe552fb52a4f19e44ef5a967632dbc320b0820639,Metis,Metis,0xe077db0061fec1a888dc182b6ac79067d48cae1f43db9662e3733af5695fb63f_Metis,1659672430,1659672430,1,1.050721714701956e+20,105.07217147019558,285.7253341506288,0,0,0.825000,bridge_dst_event_flow,True
BNB,Poly,bnb_flow_0xe6f3fbab0fc7__synth_split_a,0xe6f3fbab0fc71cb8bb7c62254625215c2956a5ec1c80dd0105cbcf00020fc461,0x2f7ac9436ba4b548f9582af91ca1ef02cd2f1f03|0xe552fb52a4f19e44ef5a967632dbc320b0820639|0xf2ce52e3d0eb5d237341c9a75ca24647d87d7e55,0xf2ce52e3d0eb5d237341c9a75ca24647d87d7e55,0xe552fb52a4f19e44ef5a967632dbc320b0820639,Metis,Metis,0xe6f3fbab0fc71cb8bb7c62254625215c2956a5ec1c80dd0105cbcf00020fc461_Metis,1652670208,1652670208,1,4.230262032620597e+19,42.302620326205975,115.03455347909052,0,0,0.825000,bridge_dst_event_flow,True
BNB,Poly,bnb_flow_0xe6f3fbab0fc7__synth_split_b,0xe6f3fbab0fc71cb8bb7c62254625215c2956a5ec1c80dd0105cbcf00020fc461,0x2f7ac9436ba4b548f9582af91ca1ef02cd2f1f03|0xe552fb52a4f19e44ef5a967632dbc320b0820639|0xf2ce52e3d0eb5d237341c9a75ca24647d87d7e55,0xf2ce52e3d0eb5d237341c9a75ca24647d87d7e55,0xe552fb52a4f19e44ef5a967632dbc320b0820639,Metis,Metis,0xe6f3fbab0fc71cb8bb7c62254625215c2956a5ec1c80dd0105cbcf00020fc461_Metis,1652670208,1652670208,1,4.230262032620597e+19,42.302620326205975,115.03455347909052,0,0,0.825000,bridge_dst_event_flow,True
BNB,Poly,bnb_flow_0xe6f3fbab0fc7__synth_merge_dst,0xe6f3fbab0fc71cb8bb7c62254625215c2956a5ec1c80dd0105cbcf00020fc461,0x2f7ac9436ba4b548f9582af91ca1ef02cd2f1f03|0xe552fb52a4f19e44ef5a967632dbc320b0820639|0xf2ce52e3d0eb5d237341c9a75ca24647d87d7e55,0xf2ce52e3d0eb5d237341c9a75ca24647d87d7e55,0xe552fb52a4f19e44ef5a967632dbc320b0820639,Metis,Metis,0xe6f3fbab0fc71cb8bb7c62254625215c2956a5ec1c80dd0105cbcf00020fc461_Metis,1652670208,1652670208,1,8.460524065241194e+19,84.60524065241195,230.06910695818104,0,0,0.825000,bridge_dst_event_flow,True
BNB,Poly,bnb_flow_0xe6f3fbab0fc7__synth_hidden_dst,0xe6f3fbab0fc71cb8bb7c62254625215c2956a5ec1c80dd0105cbcf00020fc461,0x2f7ac9436ba4b548f9582af91ca1ef02cd2f1f03|0xe552fb52a4f19e44ef5a967632dbc320b0820639|0xf2ce52e3d0eb5d237341c9a75ca24647d87d7e55,0xf2ce52e3d0eb5d237341c9a75ca24647d87d7e55,0xe552fb52a4f19e44ef5a967632dbc320b0820639,Metis,Metis,0xe6f3fbab0fc71cb8bb7c62254625215c2956a5ec1c80dd0105cbcf00020fc461_Metis,1652670208,1652670208,1,8.460524065241194e+19,84.60524065241195,230.06910695818104,0,0,0.825000,bridge_dst_event_flow,True
BNB,Poly,bnb_flow_0xe6f3fbab0fc7__synth_noise_dst_0,0xe6f3fbab0fc71cb8bb7c62254625215c2956a5ec1c80dd0105cbcf00020fc461,0x2f7ac9436ba4b548f9582af91ca1ef02cd2f1f03|0xe552fb52a4f19e44ef5a967632dbc320b0820639|0xf2ce52e3d0eb5d237341c9a75ca24647d87d7e55,0xf2ce52e3d0eb5d237341c9a75ca24647d87d7e55,0xe552fb52a4f19e44ef5a967632dbc320b0820639,Metis,Metis,0xe6f3fbab0fc71cb8bb7c62254625215c2956a5ec1c80dd0105cbcf00020fc461_Metis,1652670268,1652670268,1,8.460524065241194e+19,84.60524065241195,230.06910695818104,0,0,0.825000,bridge_dst_event_flow,True
BNB,Poly,bnb_flow_0xe6f3fbab0fc7__synth_noise_dst_1,0xe6f3fbab0fc71cb8bb7c62254625215c2956a5ec1c80dd0105cbcf00020fc461,0x2f7ac9436ba4b548f9582af91ca1ef02cd2f1f03|0xe552fb52a4f19e44ef5a967632dbc320b0820639|0xf2ce52e3d0eb5d237341c9a75ca24647d87d7e55,0xf2ce52e3d0eb5d237341c9a75ca24647d87d7e55,0xe552fb52a4f19e44ef5a967632dbc320b0820639,Metis,Metis,0xe6f3fbab0fc71cb8bb7c62254625215c2956a5ec1c80dd0105cbcf00020fc461_Metis,1652670328,1652670328,1,8.460524065241194e+19,84.60524065241195,230.06910695818104,0,0,0.825000,bridge_dst_event_flow,True
BNB,Poly,bnb_flow_0x6c14d7fafed7__synth_split_a,0x6c14d7fafed74ea57a12c19944e835b0acba9f725416ac1f5ad4052a4e09fe42,0x2f7ac9436ba4b548f9582af91ca1ef02cd2f1f03|0x4e1b16ef22935a575a6811d4616f98c4077e4408|0x65a8f07bd9a8598e1b5b6c0a88f4779dbc077675,0x65a8f07bd9a8598e1b5b6c0a88f4779dbc077675,0x4e1b16ef22935a575a6811d4616f98c4077e4408,KEL,KEL,0x6c14d7fafed74ea57a12c19944e835b0acba9f725416ac1f5ad4052a4e09fe42_KEL,1671189742,1671189742,1,1.2165674196284641e+22,12165.674196284643,13.612654430197486,0,0,0.800000,bridge_dst_event_flow,True
BNB,Poly,bnb_flow_0x6c14d7fafed7__synth_split_b,0x6c14d7fafed74ea57a12c19944e835b0acba9f725416ac1f5ad4052a4e09fe42,0x2f7ac9436ba4b548f9582af91ca1ef02cd2f1f03|0x4e1b16ef22935a575a6811d4616f98c4077e4408|0x65a8f07bd9a8598e1b5b6c0a88f4779dbc077675,0x65a8f07bd9a8598e1b5b6c0a88f4779dbc077675,0x4e1b16ef22935a575a6811d4616f98c4077e4408,KEL,KEL,0x6c14d7fafed74ea57a12c19944e835b0acba9f725416ac1f5ad4052a4e09fe42_KEL,1671189742,1671189742,1,1.2165674196284641e+22,12165.674196284643,13.612654430197486,0,0,0.800000,bridge_dst_event_flow,True
BNB,Poly,bnb_flow_0x6c14d7fafed7__synth_split_c,0x6c14d7fafed74ea57a12c19944e835b0acba9f725416ac1f5ad4052a4e09fe42,0x2f7ac9436ba4b548f9582af91ca1ef02cd2f1f03|0x4e1b16ef22935a575a6811d4616f98c4077e4408|0x65a8f07bd9a8598e1b5b6c0a88f4779dbc077675,0x65a8f07bd9a8598e1b5b6c0a88f4779dbc077675,0x4e1b16ef22935a575a6811d4616f98c4077e4408,KEL,KEL,0x6c14d7fafed74ea57a12c19944e835b0acba9f725416ac1f5ad4052a4e09fe42_KEL,1671189742,1671189742,1,1.2165674196284641e+22,12165.674196284643,13.612654430197486,0,0,0.800000,bridge_dst_event_flow,True
BNB,Poly,bnb_flow_0x6c14d7fafed7__synth_split_d,0x6c14d7fafed74ea57a12c19944e835b0acba9f725416ac1f5ad4052a4e09fe42,0x2f7ac9436ba4b548f9582af91ca1ef02cd2f1f03|0x4e1b16ef22935a575a6811d4616f98c4077e4408|0x65a8f07bd9a8598e1b5b6c0a88f4779dbc077675,0x65a8f07bd9a8598e1b5b6c0a88f4779dbc077675,0x4e1b16ef22935a575a6811d4616f98c4077e4408,KEL,KEL,0x6c14d7fafed74ea57a12c19944e835b0acba9f725416ac1f5ad4052a4e09fe42_KEL,1671189742,1671189742,1,1.2165674196284641e+22,12165.674196284643,13.612654430197486,0,0,0.800000,bridge_dst_event_flow,True
BNB,Poly,bnb_flow_0x6c14d7fafed7__synth_split_e,0x6c14d7fafed74ea57a12c19944e835b0acba9f725416ac1f5ad4052a4e09fe42,0x2f7ac9436ba4b548f9582af91ca1ef02cd2f1f03|0x4e1b16ef22935a575a6811d4616f98c4077e4408|0x65a8f07bd9a8598e1b5b6c0a88f4779dbc077675,0x65a8f07bd9a8598e1b5b6c0a88f4779dbc077675,0x4e1b16ef22935a575a6811d4616f98c4077e4408,KEL,KEL,0x6c14d7fafed74ea57a12c19944e835b0acba9f725416ac1f5ad4052a4e09fe42_KEL,1671189742,1671189742,1,1.2165674196284641e+22,12165.674196284643,13.612654430197486,0,0,0.800000,bridge_dst_event_flow,True
BNB,Poly,bnb_flow_0x6c14d7fafed7__synth_split_f,0x6c14d7fafed74ea57a12c19944e835b0acba9f725416ac1f5ad4052a4e09fe42,0x2f7ac9436ba4b548f9582af91ca1ef02cd2f1f03|0x4e1b16ef22935a575a6811d4616f98c4077e4408|0x65a8f07bd9a8598e1b5b6c0a88f4779dbc077675,0x65a8f07bd9a8598e1b5b6c0a88f4779dbc077675,0x4e1b16ef22935a575a6811d4616f98c4077e4408,KEL,KEL,0x6c14d7fafed74ea57a12c19944e835b0acba9f725416ac1f5ad4052a4e09fe42_KEL,1671189742,1671189742,1,1.2165674196284641e+22,12165.674196284643,13.612654430197486,0,0,0.800000,bridge_dst_event_flow,True
BNB,Poly,bnb_flow_0x6c14d7fafed7__synth_split_g,0x6c14d7fafed74ea57a12c19944e835b0acba9f725416ac1f5ad4052a4e09fe42,0x2f7ac9436ba4b548f9582af91ca1ef02cd2f1f03|0x4e1b16ef22935a575a6811d4616f98c4077e4408|0x65a8f07bd9a8598e1b5b6c0a88f4779dbc077675,0x65a8f07bd9a8598e1b5b6c0a88f4779dbc077675,0x4e1b16ef22935a575a6811d4616f98c4077e4408,KEL,KEL,0x6c14d7fafed74ea57a12c19944e835b0acba9f725416ac1f5ad4052a4e09fe42_KEL,1671189742,1671189742,1,1.2165674196284641e+22,12165.674196284643,13.612654430197486,0,0,0.800000,bridge_dst_event_flow,True
BNB,Poly,bnb_flow_0x6c14d7fafed7__synth_split_h,0x6c14d7fafed74ea57a12c19944e835b0acba9f725416ac1f5ad4052a4e09fe42,0x2f7ac9436ba4b548f9582af91ca1ef02cd2f1f03|0x4e1b16ef22935a575a6811d4616f98c4077e4408|0x65a8f07bd9a8598e1b5b6c0a88f4779dbc077675,0x65a8f07bd9a8598e1b5b6c0a88f4779dbc077675,0x4e1b16ef22935a575a6811d4616f98c4077e4408,KEL,KEL,0x6c14d7fafed74ea57a12c19944e835b0acba9f725416ac1f5ad4052a4e09fe42_KEL,1671189742,1671189742,1,1.2165674196284641e+22,12165.674196284643,13.612654430197486,0,0,0.800000,bridge_dst_event_flow,True
BNB,Poly,bnb_flow_0x6c14d7fafed7__synth_merge_dst,0x6c14d7fafed74ea57a12c19944e835b0acba9f725416ac1f5ad4052a4e09fe42,0x2f7ac9436ba4b548f9582af91ca1ef02cd2f1f03|0x4e1b16ef22935a575a6811d4616f98c4077e4408|0x65a8f07bd9a8598e1b5b6c0a88f4779dbc077675,0x65a8f07bd9a8598e1b5b6c0a88f4779dbc077675,0x4e1b16ef22935a575a6811d4616f98c4077e4408,KEL,KEL,0x6c14d7fafed74ea57a12c19944e835b0acba9f725416ac1f5ad4052a4e09fe42_KEL,1671189742,1671189742,1,9.732539357027713e+22,97325.39357027714,108.90123544157989,0,0,0.800000,bridge_dst_event_flow,True
BNB,Poly,bnb_flow_0x6c14d7fafed7__synth_hidden_dst,0x6c14d7fafed74ea57a12c19944e835b0acba9f725416ac1f5ad4052a4e09fe42,0x2f7ac9436ba4b548f9582af91ca1ef02cd2f1f03|0x4e1b16ef22935a575a6811d4616f98c4077e4408|0x65a8f07bd9a8598e1b5b6c0a88f4779dbc077675,0x65a8f07bd9a8598e1b5b6c0a88f4779dbc077675,0x4e1b16ef22935a575a6811d4616f98c4077e4408,KEL,KEL,0x6c14d7fafed74ea57a12c19944e835b0acba9f725416ac1f5ad4052a4e09fe42_KEL,1671189742,1671189742,1,9.732539357027713e+22,97325.39357027714,108.90123544157989,0,0,0.800000,bridge_dst_event_flow,True
BNB,Poly,bnb_flow_0x6c14d7fafed7__synth_noise_dst_0,0x6c14d7fafed74ea57a12c19944e835b0acba9f725416ac1f5ad4052a4e09fe42,0x2f7ac9436ba4b548f9582af91ca1ef02cd2f1f03|0x4e1b16ef22935a575a6811d4616f98c4077e4408|0x65a8f07bd9a8598e1b5b6c0a88f4779dbc077675,0x65a8f07bd9a8598e1b5b6c0a88f4779dbc077675,0x4e1b16ef22935a575a6811d4616f98c4077e4408,KEL,KEL,0x6c14d7fafed74ea57a12c19944e835b0acba9f725416ac1f5ad4052a4e09fe42_KEL,1671189802,1671189802,1,9.732539357027713e+22,97325.39357027714,108.90123544157989,0,0,0.800000,bridge_dst_event_flow,True
BNB,Poly,bnb_flow_0x6c14d7fafed7__synth_noise_dst_1,0x6c14d7fafed74ea57a12c19944e835b0acba9f725416ac1f5ad4052a4e09fe42,0x2f7ac9436ba4b548f9582af91ca1ef02cd2f1f03|0x4e1b16ef22935a575a6811d4616f98c4077e4408|0x65a8f07bd9a8598e1b5b6c0a88f4779dbc077675,0x65a8f07bd9a8598e1b5b6c0a88f4779dbc077675,0x4e1b16ef22935a575a6811d4616f98c4077e4408,KEL,KEL,0x6c14d7fafed74ea57a12c19944e835b0acba9f725416ac1f5ad4052a4e09fe42_KEL,1671189862,1671189862,1,9.732539357027713e+22,97325.39357027714,108.90123544157989,0,0,0.800000,bridge_dst_event_flow,True
BNB,Poly,bnb_flow_0xa387fba9d60f__synth_split_a,0xa387fba9d60fd640d5cf1fe2cca0dc44d3903b1c71e39060800006bf1846a6e0,0x2f7ac9436ba4b548f9582af91ca1ef02cd2f1f03|0x4e1b16ef22935a575a6811d4616f98c4077e4408|0xa787f09349999a61434cfb75118c6a9d0cac9406,0xa787f09349999a61434cfb75118c6a9d0cac9406,0x4e1b16ef22935a575a6811d4616f98c4077e4408,KEL,KEL,0xa387fba9d60fd640d5cf1fe2cca0dc44d3903b1c71e39060800006bf1846a6e0_KEL,1666554108,1666554108,1,3.2412594949217535e+22,32412.59494921753,36.267735524629636,0,0,0.800000,bridge_dst_event_flow,True
BNB,Poly,bnb_flow_0xa387fba9d60f__synth_split_b,0xa387fba9d60fd640d5cf1fe2cca0dc44d3903b1c71e39060800006bf1846a6e0,0x2f7ac9436ba4b548f9582af91ca1ef02cd2f1f03|0x4e1b16ef22935a575a6811d4616f98c4077e4408|0xa787f09349999a61434cfb75118c6a9d0cac9406,0xa787f09349999a61434cfb75118c6a9d0cac9406,0x4e1b16ef22935a575a6811d4616f98c4077e4408,KEL,KEL,0xa387fba9d60fd640d5cf1fe2cca0dc44d3903b1c71e39060800006bf1846a6e0_KEL,1666554108,1666554108,1,3.2412594949217535e+22,32412.59494921753,36.267735524629636,0,0,0.800000,bridge_dst_event_flow,True
BNB,Poly,bnb_flow_0xa387fba9d60f__synth_split_c,0xa387fba9d60fd640d5cf1fe2cca0dc44d3903b1c71e39060800006bf1846a6e0,0x2f7ac9436ba4b548f9582af91ca1ef02cd2f1f03|0x4e1b16ef22935a575a6811d4616f98c4077e4408|0xa787f09349999a61434cfb75118c6a9d0cac9406,0xa787f09349999a61434cfb75118c6a9d0cac9406,0x4e1b16ef22935a575a6811d4616f98c4077e4408,KEL,KEL,0xa387fba9d60fd640d5cf1fe2cca0dc44d3903b1c71e39060800006bf1846a6e0_KEL,1666554108,1666554108,1,3.2412594949217535e+22,32412.59494921753,36.267735524629636,0,0,0.800000,bridge_dst_event_flow,True
BNB,Poly,bnb_flow_0xa387fba9d60f__synth_merge_dst,0xa387fba9d60fd640d5cf1fe2cca0dc44d3903b1c71e39060800006bf1846a6e0,0x2f7ac9436ba4b548f9582af91ca1ef02cd2f1f03|0x4e1b16ef22935a575a6811d4616f98c4077e4408|0xa787f09349999a61434cfb75118c6a9d0cac9406,0xa787f09349999a61434cfb75118c6a9d0cac9406,0x4e1b16ef22935a575a6811d4616f98c4077e4408,KEL,KEL,0xa387fba9d60fd640d5cf1fe2cca0dc44d3903b1c71e39060800006bf1846a6e0_KEL,1666554108,1666554108,1,9.723778484765261e+22,97237.7848476526,108.80320657388891,0,0,0.800000,bridge_dst_event_flow,True
BNB,Poly,bnb_flow_0xa387fba9d60f__synth_hidden_dst,0xa387fba9d60fd640d5cf1fe2cca0dc44d3903b1c71e39060800006bf1846a6e0,0x2f7ac9436ba4b548f9582af91ca1ef02cd2f1f03|0x4e1b16ef22935a575a6811d4616f98c4077e4408|0xa787f09349999a61434cfb75118c6a9d0cac9406,0xa787f09349999a61434cfb75118c6a9d0cac9406,0x4e1b16ef22935a575a6811d4616f98c4077e4408,KEL,KEL,0xa387fba9d60fd640d5cf1fe2cca0dc44d3903b1c71e39060800006bf1846a6e0_KEL,1666554108,1666554108,1,9.723778484765261e+22,97237.7848476526,108.80320657388891,0,0,0.800000,bridge_dst_event_flow,True
BNB,Poly,bnb_flow_0xa387fba9d60f__synth_noise_dst_0,0xa387fba9d60fd640d5cf1fe2cca0dc44d3903b1c71e39060800006bf1846a6e0,0x2f7ac9436ba4b548f9582af91ca1ef02cd2f1f03|0x4e1b16ef22935a575a6811d4616f98c4077e4408|0xa787f09349999a61434cfb75118c6a9d0cac9406,0xa787f09349999a61434cfb75118c6a9d0cac9406,0x4e1b16ef22935a575a6811d4616f98c4077e4408,KEL,KEL,0xa387fba9d60fd640d5cf1fe2cca0dc44d3903b1c71e39060800006bf1846a6e0_KEL,1666554168,1666554168,1,9.723778484765261e+22,97237.7848476526,108.80320657388891,0,0,0.800000,bridge_dst_event_flow,True
BNB,Poly,bnb_flow_0xa387fba9d60f__synth_noise_dst_1,0xa387fba9d60fd640d5cf1fe2cca0dc44d3903b1c71e39060800006bf1846a6e0,0x2f7ac9436ba4b548f9582af91ca1ef02cd2f1f03|0x4e1b16ef22935a575a6811d4616f98c4077e4408|0xa787f09349999a61434cfb75118c6a9d0cac9406,0xa787f09349999a61434cfb75118c6a9d0cac9406,0x4e1b16ef22935a575a6811d4616f98c4077e4408,KEL,KEL,0xa387fba9d60fd640d5cf1fe2cca0dc44d3903b1c71e39060800006bf1846a6e0_KEL,1666554228,1666554228,1,9.723778484765261e+22,97237.7848476526,108.80320657388891,0,0,0.800000,bridge_dst_event_flow,True
BNB,Poly,bnb_flow_0xcb2ca1dde4b4__synth_split_a,0xcb2ca1dde4b46f0138a592e0c482778738fb215ced91ddb3c0f12fc0578be5fd,0x2f7ac9436ba4b548f9582af91ca1ef02cd2f1f03|0x4e1b16ef22935a575a6811d4616f98c4077e4408|0x88f859db067c45b114897db6920f3e4a61a5ca66,0x88f859db067c45b114897db6920f3e4a61a5ca66,0x4e1b16ef22935a575a6811d4616f98c4077e4408,KEL,KEL,0xcb2ca1dde4b46f0138a592e0c482778738fb215ced91ddb3c0f12fc0578be5fd_KEL,1670166012,1670166012,1,5.385130559693063e+22,53851.30559693063,60.25635750872323,0,0,0.800000,bridge_dst_event_flow,True
BNB,Poly,bnb_flow_0xcb2ca1dde4b4__synth_split_b,0xcb2ca1dde4b46f0138a592e0c482778738fb215ced91ddb3c0f12fc0578be5fd,0x2f7ac9436ba4b548f9582af91ca1ef02cd2f1f03|0x4e1b16ef22935a575a6811d4616f98c4077e4408|0x88f859db067c45b114897db6920f3e4a61a5ca66,0x88f859db067c45b114897db6920f3e4a61a5ca66,0x4e1b16ef22935a575a6811d4616f98c4077e4408,KEL,KEL,0xcb2ca1dde4b46f0138a592e0c482778738fb215ced91ddb3c0f12fc0578be5fd_KEL,1670166012,1670166012,1,5.385130559693063e+22,53851.30559693063,60.25635750872323,0,0,0.800000,bridge_dst_event_flow,True
BNB,Poly,bnb_flow_0xcb2ca1dde4b4__synth_split_c,0xcb2ca1dde4b46f0138a592e0c482778738fb215ced91ddb3c0f12fc0578be5fd,0x2f7ac9436ba4b548f9582af91ca1ef02cd2f1f03|0x4e1b16ef22935a575a6811d4616f98c4077e4408|0x88f859db067c45b114897db6920f3e4a61a5ca66,0x88f859db067c45b114897db6920f3e4a61a5ca66,0x4e1b16ef22935a575a6811d4616f98c4077e4408,KEL,KEL,0xcb2ca1dde4b46f0138a592e0c482778738fb215ced91ddb3c0f12fc0578be5fd_KEL,1670166012,1670166012,1,5.385130559693063e+22,53851.30559693063,60.25635750872323,0,0,0.800000,bridge_dst_event_flow,True
BNB,Poly,bnb_flow_0xcb2ca1dde4b4__synth_split_d,0xcb2ca1dde4b46f0138a592e0c482778738fb215ced91ddb3c0f12fc0578be5fd,0x2f7ac9436ba4b548f9582af91ca1ef02cd2f1f03|0x4e1b16ef22935a575a6811d4616f98c4077e4408|0x88f859db067c45b114897db6920f3e4a61a5ca66,0x88f859db067c45b114897db6920f3e4a61a5ca66,0x4e1b16ef22935a575a6811d4616f98c4077e4408,KEL,KEL,0xcb2ca1dde4b46f0138a592e0c482778738fb215ced91ddb3c0f12fc0578be5fd_KEL,1670166012,1670166012,1,5.385130559693063e+22,53851.30559693063,60.25635750872323,0,0,0.800000,bridge_dst_event_flow,True
BNB,Poly,bnb_flow_0xcb2ca1dde4b4__synth_merge_dst,0xcb2ca1dde4b46f0138a592e0c482778738fb215ced91ddb3c0f12fc0578be5fd,0x2f7ac9436ba4b548f9582af91ca1ef02cd2f1f03|0x4e1b16ef22935a575a6811d4616f98c4077e4408|0x88f859db067c45b114897db6920f3e4a61a5ca66,0x88f859db067c45b114897db6920f3e4a61a5ca66,0x4e1b16ef22935a575a6811d4616f98c4077e4408,KEL,KEL,0xcb2ca1dde4b46f0138a592e0c482778738fb215ced91ddb3c0f12fc0578be5fd_KEL,1670166012,1670166012,1,2.154052223877225e+23,215405.22238772252,241.0254300348929,0,0,0.800000,bridge_dst_event_flow,True
BNB,Poly,bnb_flow_0xcb2ca1dde4b4__synth_hidden_dst,0xcb2ca1dde4b46f0138a592e0c482778738fb215ced91ddb3c0f12fc0578be5fd,0x2f7ac9436ba4b548f9582af91ca1ef02cd2f1f03|0x4e1b16ef22935a575a6811d4616f98c4077e4408|0x88f859db067c45b114897db6920f3e4a61a5ca66,0x88f859db067c45b114897db6920f3e4a61a5ca66,0x4e1b16ef22935a575a6811d4616f98c4077e4408,KEL,KEL,0xcb2ca1dde4b46f0138a592e0c482778738fb215ced91ddb3c0f12fc0578be5fd_KEL,1670166012,1670166012,1,2.154052223877225e+23,215405.22238772252,241.0254300348929,0,0,0.800000,bridge_dst_event_flow,True
BNB,Poly,bnb_flow_0xcb2ca1dde4b4__synth_noise_dst_0,0xcb2ca1dde4b46f0138a592e0c482778738fb215ced91ddb3c0f12fc0578be5fd,0x2f7ac9436ba4b548f9582af91ca1ef02cd2f1f03|0x4e1b16ef22935a575a6811d4616f98c4077e4408|0x88f859db067c45b114897db6920f3e4a61a5ca66,0x88f859db067c45b114897db6920f3e4a61a5ca66,0x4e1b16ef22935a575a6811d4616f98c4077e4408,KEL,KEL,0xcb2ca1dde4b46f0138a592e0c482778738fb215ced91ddb3c0f12fc0578be5fd_KEL,1670166072,1670166072,1,2.154052223877225e+23,215405.22238772252,241.0254300348929,0,0,0.800000,bridge_dst_event_flow,True
BNB,Poly,bnb_flow_0xcb2ca1dde4b4__synth_noise_dst_1,0xcb2ca1dde4b46f0138a592e0c482778738fb215ced91ddb3c0f12fc0578be5fd,0x2f7ac9436ba4b548f9582af91ca1ef02cd2f1f03|0x4e1b16ef22935a575a6811d4616f98c4077e4408|0x88f859db067c45b114897db6920f3e4a61a5ca66,0x88f859db067c45b114897db6920f3e4a61a5ca66,0x4e1b16ef22935a575a6811d4616f98c4077e4408,KEL,KEL,0xcb2ca1dde4b46f0138a592e0c482778738fb215ced91ddb3c0f12fc0578be5fd_KEL,1670166132,1670166132,1,2.154052223877225e+23,215405.22238772252,241.0254300348929,0,0,0.800000,bridge_dst_event_flow,True
BNB,Poly,bnb_flow_0x505cb40b7a4f__synth_split_a,0x505cb40b7a4f98d10a9d5f45f6d15e86db0da93d752697344b76279458ade971,0x2f7ac9436ba4b548f9582af91ca1ef02cd2f1f03|0x69a1913d334b524ea1632461c78797c837ca9fa6|0xd54e4f8a55247487dd7c8c59f14ee5c0c2889477,0xd54e4f8a55247487dd7c8c59f14ee5c0c2889477,0x69a1913d334b524ea1632461c78797c837ca9fa6,RFuel,RFuel,0x505cb40b7a4f98d10a9d5f45f6d15e86db0da93d752697344b76279458ade971_RFuel,1664651409,1664651409,1,1.008719448310246e+23,100871.9448310246,70.67088398190548,0,0,0.800000,bridge_dst_event_flow,True
BNB,Poly,bnb_flow_0x505cb40b7a4f__synth_split_b,0x505cb40b7a4f98d10a9d5f45f6d15e86db0da93d752697344b76279458ade971,0x2f7ac9436ba4b548f9582af91ca1ef02cd2f1f03|0x69a1913d334b524ea1632461c78797c837ca9fa6|0xd54e4f8a55247487dd7c8c59f14ee5c0c2889477,0xd54e4f8a55247487dd7c8c59f14ee5c0c2889477,0x69a1913d334b524ea1632461c78797c837ca9fa6,RFuel,RFuel,0x505cb40b7a4f98d10a9d5f45f6d15e86db0da93d752697344b76279458ade971_RFuel,1664651409,1664651409,1,1.008719448310246e+23,100871.9448310246,70.67088398190548,0,0,0.800000,bridge_dst_event_flow,True
BNB,Poly,bnb_flow_0x505cb40b7a4f__synth_merge_dst,0x505cb40b7a4f98d10a9d5f45f6d15e86db0da93d752697344b76279458ade971,0x2f7ac9436ba4b548f9582af91ca1ef02cd2f1f03|0x69a1913d334b524ea1632461c78797c837ca9fa6|0xd54e4f8a55247487dd7c8c59f14ee5c0c2889477,0xd54e4f8a55247487dd7c8c59f14ee5c0c2889477,0x69a1913d334b524ea1632461c78797c837ca9fa6,RFuel,RFuel,0x505cb40b7a4f98d10a9d5f45f6d15e86db0da93d752697344b76279458ade971_RFuel,1664651409,1664651409,1,2.017438896620492e+23,201743.8896620492,141.34176796381095,0,0,0.800000,bridge_dst_event_flow,True
BNB,Poly,bnb_flow_0x505cb40b7a4f__synth_hidden_dst,0x505cb40b7a4f98d10a9d5f45f6d15e86db0da93d752697344b76279458ade971,0x2f7ac9436ba4b548f9582af91ca1ef02cd2f1f03|0x69a1913d334b524ea1632461c78797c837ca9fa6|0xd54e4f8a55247487dd7c8c59f14ee5c0c2889477,0xd54e4f8a55247487dd7c8c59f14ee5c0c2889477,0x69a1913d334b524ea1632461c78797c837ca9fa6,RFuel,RFuel,0x505cb40b7a4f98d10a9d5f45f6d15e86db0da93d752697344b76279458ade971_RFuel,1664651409,1664651409,1,2.017438896620492e+23,201743.8896620492,141.34176796381095,0,0,0.800000,bridge_dst_event_flow,True
BNB,Poly,bnb_flow_0x505cb40b7a4f__synth_noise_dst_0,0x505cb40b7a4f98d10a9d5f45f6d15e86db0da93d752697344b76279458ade971,0x2f7ac9436ba4b548f9582af91ca1ef02cd2f1f03|0x69a1913d334b524ea1632461c78797c837ca9fa6|0xd54e4f8a55247487dd7c8c59f14ee5c0c2889477,0xd54e4f8a55247487dd7c8c59f14ee5c0c2889477,0x69a1913d334b524ea1632461c78797c837ca9fa6,RFuel,RFuel,0x505cb40b7a4f98d10a9d5f45f6d15e86db0da93d752697344b76279458ade971_RFuel,1664651469,1664651469,1,2.017438896620492e+23,201743.8896620492,141.34176796381095,0,0,0.800000,bridge_dst_event_flow,True
BNB,Poly,bnb_flow_0x505cb40b7a4f__synth_noise_dst_1,0x505cb40b7a4f98d10a9d5f45f6d15e86db0da93d752697344b76279458ade971,0x2f7ac9436ba4b548f9582af91ca1ef02cd2f1f03|0x69a1913d334b524ea1632461c78797c837ca9fa6|0xd54e4f8a55247487dd7c8c59f14ee5c0c2889477,0xd54e4f8a55247487dd7c8c59f14ee5c0c2889477,0x69a1913d334b524ea1632461c78797c837ca9fa6,RFuel,RFuel,0x505cb40b7a4f98d10a9d5f45f6d15e86db0da93d752697344b76279458ade971_RFuel,1664651529,1664651529,1,2.017438896620492e+23,201743.8896620492,141.34176796381095,0,0,0.800000,bridge_dst_event_flow,True
BNB,Poly,bnb_flow_0xa1d4685031f1__synth_split_a,0xa1d4685031f1cf1d5d3f60194809c9159a0d26251c578ced726aa3158c7d783c,0x2f7ac9436ba4b548f9582af91ca1ef02cd2f1f03|0xe552fb52a4f19e44ef5a967632dbc320b0820639|0xf2ce52e3d0eb5d237341c9a75ca24647d87d7e55,0xf2ce52e3d0eb5d237341c9a75ca24647d87d7e55,0xe552fb52a4f19e44ef5a967632dbc320b0820639,Metis,Metis,0xa1d4685031f1cf1d5d3f60194809c9159a0d26251c578ced726aa3158c7d783c_Metis,1652718156,1652718156,1,1.1107997842038194e+20,111.07997842038195,302.062511010454,0,0,0.825000,bridge_dst_event_flow,True
BNB,Poly,bnb_flow_0xa1d4685031f1__synth_split_b,0xa1d4685031f1cf1d5d3f60194809c9159a0d26251c578ced726aa3158c7d783c,0x2f7ac9436ba4b548f9582af91ca1ef02cd2f1f03|0xe552fb52a4f19e44ef5a967632dbc320b0820639|0xf2ce52e3d0eb5d237341c9a75ca24647d87d7e55,0xf2ce52e3d0eb5d237341c9a75ca24647d87d7e55,0xe552fb52a4f19e44ef5a967632dbc320b0820639,Metis,Metis,0xa1d4685031f1cf1d5d3f60194809c9159a0d26251c578ced726aa3158c7d783c_Metis,1652718156,1652718156,1,1.1107997842038194e+20,111.07997842038195,302.062511010454,0,0,0.825000,bridge_dst_event_flow,True
BNB,Poly,bnb_flow_0xa1d4685031f1__synth_merge_dst,0xa1d4685031f1cf1d5d3f60194809c9159a0d26251c578ced726aa3158c7d783c,0x2f7ac9436ba4b548f9582af91ca1ef02cd2f1f03|0xe552fb52a4f19e44ef5a967632dbc320b0820639|0xf2ce52e3d0eb5d237341c9a75ca24647d87d7e55,0xf2ce52e3d0eb5d237341c9a75ca24647d87d7e55,0xe552fb52a4f19e44ef5a967632dbc320b0820639,Metis,Metis,0xa1d4685031f1cf1d5d3f60194809c9159a0d26251c578ced726aa3158c7d783c_Metis,1652718156,1652718156,1,2.2215995684076388e+20,222.1599568407639,604.125022020908,0,0,0.825000,bridge_dst_event_flow,True
BNB,Poly,bnb_flow_0xa1d4685031f1__synth_hidden_dst,0xa1d4685031f1cf1d5d3f60194809c9159a0d26251c578ced726aa3158c7d783c,0x2f7ac9436ba4b548f9582af91ca1ef02cd2f1f03|0xe552fb52a4f19e44ef5a967632dbc320b0820639|0xf2ce52e3d0eb5d237341c9a75ca24647d87d7e55,0xf2ce52e3d0eb5d237341c9a75ca24647d87d7e55,0xe552fb52a4f19e44ef5a967632dbc320b0820639,Metis,Metis,0xa1d4685031f1cf1d5d3f60194809c9159a0d26251c578ced726aa3158c7d783c_Metis,1652718156,1652718156,1,2.2215995684076388e+20,222.1599568407639,604.125022020908,0,0,0.825000,bridge_dst_event_flow,True
BNB,Poly,bnb_flow_0xa1d4685031f1__synth_noise_dst_0,0xa1d4685031f1cf1d5d3f60194809c9159a0d26251c578ced726aa3158c7d783c,0x2f7ac9436ba4b548f9582af91ca1ef02cd2f1f03|0xe552fb52a4f19e44ef5a967632dbc320b0820639|0xf2ce52e3d0eb5d237341c9a75ca24647d87d7e55,0xf2ce52e3d0eb5d237341c9a75ca24647d87d7e55,0xe552fb52a4f19e44ef5a967632dbc320b0820639,Metis,Metis,0xa1d4685031f1cf1d5d3f60194809c9159a0d26251c578ced726aa3158c7d783c_Metis,1652718216,1652718216,1,2.2215995684076388e+20,222.1599568407639,604.125022020908,0,0,0.825000,bridge_dst_event_flow,True
BNB,Poly,bnb_flow_0xa1d4685031f1__synth_noise_dst_1,0xa1d4685031f1cf1d5d3f60194809c9159a0d26251c578ced726aa3158c7d783c,0x2f7ac9436ba4b548f9582af91ca1ef02cd2f1f03|0xe552fb52a4f19e44ef5a967632dbc320b0820639|0xf2ce52e3d0eb5d237341c9a75ca24647d87d7e55,0xf2ce52e3d0eb5d237341c9a75ca24647d87d7e55,0xe552fb52a4f19e44ef5a967632dbc320b0820639,Metis,Metis,0xa1d4685031f1cf1d5d3f60194809c9159a0d26251c578ced726aa3158c7d783c_Metis,1652718276,1652718276,1,2.2215995684076388e+20,222.1599568407639,604.125022020908,0,0,0.825000,bridge_dst_event_flow,True
BNB,Poly,bnb_flow_0x6ecf323e8081__synth_split_a,0x6ecf323e8081e43f57f49684ebc020e2557314153dba1e691c8b2856b6b26b7d,0x26ec4ff77df305d5a9a7660e046dd1c06ce517f6|0x2f7ac9436ba4b548f9582af91ca1ef02cd2f1f03|0xe552fb52a4f19e44ef5a967632dbc320b0820639,0x26ec4ff77df305d5a9a7660e046dd1c06ce517f6,0xe552fb52a4f19e44ef5a967632dbc320b0820639,Metis,Metis,0x6ecf323e8081e43f57f49684ebc020e2557314153dba1e691c8b2856b6b26b7d_Metis,1652447809,1652447809,1,5e+20,500.0,1359.6622690513093,0,0,0.825000,bridge_dst_event_flow,True
BNB,Poly,bnb_flow_0x6ecf323e8081__synth_split_b,0x6ecf323e8081e43f57f49684ebc020e2557314153dba1e691c8b2856b6b26b7d,0x26ec4ff77df305d5a9a7660e046dd1c06ce517f6|0x2f7ac9436ba4b548f9582af91ca1ef02cd2f1f03|0xe552fb52a4f19e44ef5a967632dbc320b0820639,0x26ec4ff77df305d5a9a7660e046dd1c06ce517f6,0xe552fb52a4f19e44ef5a967632dbc320b0820639,Metis,Metis,0x6ecf323e8081e43f57f49684ebc020e2557314153dba1e691c8b2856b6b26b7d_Metis,1652447809,1652447809,1,5e+20,500.0,1359.6622690513093,0,0,0.825000,bridge_dst_event_flow,True
BNB,Poly,bnb_flow_0x6ecf323e8081__synth_merge_dst,0x6ecf323e8081e43f57f49684ebc020e2557314153dba1e691c8b2856b6b26b7d,0x26ec4ff77df305d5a9a7660e046dd1c06ce517f6|0x2f7ac9436ba4b548f9582af91ca1ef02cd2f1f03|0xe552fb52a4f19e44ef5a967632dbc320b0820639,0x26ec4ff77df305d5a9a7660e046dd1c06ce517f6,0xe552fb52a4f19e44ef5a967632dbc320b0820639,Metis,Metis,0x6ecf323e8081e43f57f49684ebc020e2557314153dba1e691c8b2856b6b26b7d_Metis,1652447809,1652447809,1,1e+21,1000.0,2719.3245381026186,0,0,0.825000,bridge_dst_event_flow,True
BNB,Poly,bnb_flow_0x6ecf323e8081__synth_hidden_dst,0x6ecf323e8081e43f57f49684ebc020e2557314153dba1e691c8b2856b6b26b7d,0x26ec4ff77df305d5a9a7660e046dd1c06ce517f6|0x2f7ac9436ba4b548f9582af91ca1ef02cd2f1f03|0xe552fb52a4f19e44ef5a967632dbc320b0820639,0x26ec4ff77df305d5a9a7660e046dd1c06ce517f6,0xe552fb52a4f19e44ef5a967632dbc320b0820639,Metis,Metis,0x6ecf323e8081e43f57f49684ebc020e2557314153dba1e691c8b2856b6b26b7d_Metis,1652447809,1652447809,1,1e+21,1000.0,2719.3245381026186,0,0,0.825000,bridge_dst_event_flow,True
BNB,Poly,bnb_flow_0x6ecf323e8081__synth_noise_dst_0,0x6ecf323e8081e43f57f49684ebc020e2557314153dba1e691c8b2856b6b26b7d,0x26ec4ff77df305d5a9a7660e046dd1c06ce517f6|0x2f7ac9436ba4b548f9582af91ca1ef02cd2f1f03|0xe552fb52a4f19e44ef5a967632dbc320b0820639,0x26ec4ff77df305d5a9a7660e046dd1c06ce517f6,0xe552fb52a4f19e44ef5a967632dbc320b0820639,Metis,Metis,0x6ecf323e8081e43f57f49684ebc020e2557314153dba1e691c8b2856b6b26b7d_Metis,1652447869,1652447869,1,1e+21,1000.0,2719.3245381026186,0,0,0.825000,bridge_dst_event_flow,True
BNB,Poly,bnb_flow_0x6ecf323e8081__synth_noise_dst_1,0x6ecf323e8081e43f57f49684ebc020e2557314153dba1e691c8b2856b6b26b7d,0x26ec4ff77df305d5a9a7660e046dd1c06ce517f6|0x2f7ac9436ba4b548f9582af91ca1ef02cd2f1f03|0xe552fb52a4f19e44ef5a967632dbc320b0820639,0x26ec4ff77df305d5a9a7660e046dd1c06ce517f6,0xe552fb52a4f19e44ef5a967632dbc320b0820639,Metis,Metis,0x6ecf323e8081e43f57f49684ebc020e2557314153dba1e691c8b2856b6b26b7d_Metis,1652447929,1652447929,1,1e+21,1000.0,2719.3245381026186,0,0,0.825000,bridge_dst_event_flow,True
BNB,Poly,bnb_flow_0xbace501ae649__synth_split_a,0xbace501ae6496de0f1943e10c35741c7f7d0615589ab4ff3a3d34d0eec3dbf29,0x2f7ac9436ba4b548f9582af91ca1ef02cd2f1f03|0xe034db422431b665301665516e60193365367bc2|0xe552fb52a4f19e44ef5a967632dbc320b0820639,0xe034db422431b665301665516e60193365367bc2,0xe552fb52a4f19e44ef5a967632dbc320b0820639,Metis,Metis,0xbace501ae6496de0f1943e10c35741c7f7d0615589ab4ff3a3d34d0eec3dbf29_Metis,1646933375,1646933375,1,4.401874028968565e+19,44.01874028968565,119.70124060610858,0,0,0.825000,bridge_dst_event_flow,True
BNB,Poly,bnb_flow_0xbace501ae649__synth_split_b,0xbace501ae6496de0f1943e10c35741c7f7d0615589ab4ff3a3d34d0eec3dbf29,0x2f7ac9436ba4b548f9582af91ca1ef02cd2f1f03|0xe034db422431b665301665516e60193365367bc2|0xe552fb52a4f19e44ef5a967632dbc320b0820639,0xe034db422431b665301665516e60193365367bc2,0xe552fb52a4f19e44ef5a967632dbc320b0820639,Metis,Metis,0xbace501ae6496de0f1943e10c35741c7f7d0615589ab4ff3a3d34d0eec3dbf29_Metis,1646933375,1646933375,1,4.401874028968565e+19,44.01874028968565,119.70124060610858,0,0,0.825000,bridge_dst_event_flow,True
BNB,Poly,bnb_flow_0xbace501ae649__synth_split_c,0xbace501ae6496de0f1943e10c35741c7f7d0615589ab4ff3a3d34d0eec3dbf29,0x2f7ac9436ba4b548f9582af91ca1ef02cd2f1f03|0xe034db422431b665301665516e60193365367bc2|0xe552fb52a4f19e44ef5a967632dbc320b0820639,0xe034db422431b665301665516e60193365367bc2,0xe552fb52a4f19e44ef5a967632dbc320b0820639,Metis,Metis,0xbace501ae6496de0f1943e10c35741c7f7d0615589ab4ff3a3d34d0eec3dbf29_Metis,1646933375,1646933375,1,4.401874028968565e+19,44.01874028968565,119.70124060610858,0,0,0.825000,bridge_dst_event_flow,True
BNB,Poly,bnb_flow_0xbace501ae649__synth_merge_dst,0xbace501ae6496de0f1943e10c35741c7f7d0615589ab4ff3a3d34d0eec3dbf29,0x2f7ac9436ba4b548f9582af91ca1ef02cd2f1f03|0xe034db422431b665301665516e60193365367bc2|0xe552fb52a4f19e44ef5a967632dbc320b0820639,0xe034db422431b665301665516e60193365367bc2,0xe552fb52a4f19e44ef5a967632dbc320b0820639,Metis,Metis,0xbace501ae6496de0f1943e10c35741c7f7d0615589ab4ff3a3d34d0eec3dbf29_Metis,1646933375,1646933375,1,1.3205622086905695e+20,132.05622086905697,359.10372181832577,0,0,0.825000,bridge_dst_event_flow,True
BNB,Poly,bnb_flow_0xbace501ae649__synth_hidden_dst,0xbace501ae6496de0f1943e10c35741c7f7d0615589ab4ff3a3d34d0eec3dbf29,0x2f7ac9436ba4b548f9582af91ca1ef02cd2f1f03|0xe034db422431b665301665516e60193365367bc2|0xe552fb52a4f19e44ef5a967632dbc320b0820639,0xe034db422431b665301665516e60193365367bc2,0xe552fb52a4f19e44ef5a967632dbc320b0820639,Metis,Metis,0xbace501ae6496de0f1943e10c35741c7f7d0615589ab4ff3a3d34d0eec3dbf29_Metis,1646933375,1646933375,1,1.3205622086905695e+20,132.05622086905697,359.10372181832577,0,0,0.825000,bridge_dst_event_flow,True
BNB,Poly,bnb_flow_0xbace501ae649__synth_noise_dst_0,0xbace501ae6496de0f1943e10c35741c7f7d0615589ab4ff3a3d34d0eec3dbf29,0x2f7ac9436ba4b548f9582af91ca1ef02cd2f1f03|0xe034db422431b665301665516e60193365367bc2|0xe552fb52a4f19e44ef5a967632dbc320b0820639,0xe034db422431b665301665516e60193365367bc2,0xe552fb52a4f19e44ef5a967632dbc320b0820639,Metis,Metis,0xbace501ae6496de0f1943e10c35741c7f7d0615589ab4ff3a3d34d0eec3dbf29_Metis,1646933435,1646933435,1,1.3205622086905695e+20,132.05622086905697,359.10372181832577,0,0,0.825000,bridge_dst_event_flow,True
BNB,Poly,bnb_flow_0xbace501ae649__synth_noise_dst_1,0xbace501ae6496de0f1943e10c35741c7f7d0615589ab4ff3a3d34d0eec3dbf29,0x2f7ac9436ba4b548f9582af91ca1ef02cd2f1f03|0xe034db422431b665301665516e60193365367bc2|0xe552fb52a4f19e44ef5a967632dbc320b0820639,0xe034db422431b665301665516e60193365367bc2,0xe552fb52a4f19e44ef5a967632dbc320b0820639,Metis,Metis,0xbace501ae6496de0f1943e10c35741c7f7d0615589ab4ff3a3d34d0eec3dbf29_Metis,1646933495,1646933495,1,1.3205622086905695e+20,132.05622086905697,359.10372181832577,0,0,0.825000,bridge_dst_event_flow,True
BNB,Poly,bnb_flow_0xd142fe70eb2b__synth_split_a,0xd142fe70eb2b668b597b0bd47daeafef33e7b26bd5c91b2d87f460cee079873f,0x26ec4ff77df305d5a9a7660e046dd1c06ce517f6|0x2f7ac9436ba4b548f9582af91ca1ef02cd2f1f03|0xe552fb52a4f19e44ef5a967632dbc320b0820639,0x26ec4ff77df305d5a9a7660e046dd1c06ce517f6,0xe552fb52a4f19e44ef5a967632dbc320b0820639,Metis,Metis,0xd142fe70eb2b668b597b0bd47daeafef33e7b26bd5c91b2d87f460cee079873f_Metis,1652383542,1652383542,1,3.333333333333333e+20,333.3333333333333,906.4415127008729,0,0,0.825000,bridge_dst_event_flow,True
BNB,Poly,bnb_flow_0xd142fe70eb2b__synth_split_b,0xd142fe70eb2b668b597b0bd47daeafef33e7b26bd5c91b2d87f460cee079873f,0x26ec4ff77df305d5a9a7660e046dd1c06ce517f6|0x2f7ac9436ba4b548f9582af91ca1ef02cd2f1f03|0xe552fb52a4f19e44ef5a967632dbc320b0820639,0x26ec4ff77df305d5a9a7660e046dd1c06ce517f6,0xe552fb52a4f19e44ef5a967632dbc320b0820639,Metis,Metis,0xd142fe70eb2b668b597b0bd47daeafef33e7b26bd5c91b2d87f460cee079873f_Metis,1652383542,1652383542,1,3.333333333333333e+20,333.3333333333333,906.4415127008729,0,0,0.825000,bridge_dst_event_flow,True
BNB,Poly,bnb_flow_0xd142fe70eb2b__synth_split_c,0xd142fe70eb2b668b597b0bd47daeafef33e7b26bd5c91b2d87f460cee079873f,0x26ec4ff77df305d5a9a7660e046dd1c06ce517f6|0x2f7ac9436ba4b548f9582af91ca1ef02cd2f1f03|0xe552fb52a4f19e44ef5a967632dbc320b0820639,0x26ec4ff77df305d5a9a7660e046dd1c06ce517f6,0xe552fb52a4f19e44ef5a967632dbc320b0820639,Metis,Metis,0xd142fe70eb2b668b597b0bd47daeafef33e7b26bd5c91b2d87f460cee079873f_Metis,1652383542,1652383542,1,3.333333333333333e+20,333.3333333333333,906.4415127008729,0,0,0.825000,bridge_dst_event_flow,True
BNB,Poly,bnb_flow_0xd142fe70eb2b__synth_merge_dst,0xd142fe70eb2b668b597b0bd47daeafef33e7b26bd5c91b2d87f460cee079873f,0x26ec4ff77df305d5a9a7660e046dd1c06ce517f6|0x2f7ac9436ba4b548f9582af91ca1ef02cd2f1f03|0xe552fb52a4f19e44ef5a967632dbc320b0820639,0x26ec4ff77df305d5a9a7660e046dd1c06ce517f6,0xe552fb52a4f19e44ef5a967632dbc320b0820639,Metis,Metis,0xd142fe70eb2b668b597b0bd47daeafef33e7b26bd5c91b2d87f460cee079873f_Metis,1652383542,1652383542,1,1e+21,1000.0,2719.3245381026186,0,0,0.825000,bridge_dst_event_flow,True
BNB,Poly,bnb_flow_0xd142fe70eb2b__synth_hidden_dst,0xd142fe70eb2b668b597b0bd47daeafef33e7b26bd5c91b2d87f460cee079873f,0x26ec4ff77df305d5a9a7660e046dd1c06ce517f6|0x2f7ac9436ba4b548f9582af91ca1ef02cd2f1f03|0xe552fb52a4f19e44ef5a967632dbc320b0820639,0x26ec4ff77df305d5a9a7660e046dd1c06ce517f6,0xe552fb52a4f19e44ef5a967632dbc320b0820639,Metis,Metis,0xd142fe70eb2b668b597b0bd47daeafef33e7b26bd5c91b2d87f460cee079873f_Metis,1652383542,1652383542,1,1e+21,1000.0,2719.3245381026186,0,0,0.825000,bridge_dst_event_flow,True
BNB,Poly,bnb_flow_0xd142fe70eb2b__synth_noise_dst_0,0xd142fe70eb2b668b597b0bd47daeafef33e7b26bd5c91b2d87f460cee079873f,0x26ec4ff77df305d5a9a7660e046dd1c06ce517f6|0x2f7ac9436ba4b548f9582af91ca1ef02cd2f1f03|0xe552fb52a4f19e44ef5a967632dbc320b0820639,0x26ec4ff77df305d5a9a7660e046dd1c06ce517f6,0xe552fb52a4f19e44ef5a967632dbc320b0820639,Metis,Metis,0xd142fe70eb2b668b597b0bd47daeafef33e7b26bd5c91b2d87f460cee079873f_Metis,1652383602,1652383602,1,1e+21,1000.0,2719.3245381026186,0,0,0.825000,bridge_dst_event_flow,True
BNB,Poly,bnb_flow_0xd142fe70eb2b__synth_noise_dst_1,0xd142fe70eb2b668b597b0bd47daeafef33e7b26bd5c91b2d87f460cee079873f,0x26ec4ff77df305d5a9a7660e046dd1c06ce517f6|0x2f7ac9436ba4b548f9582af91ca1ef02cd2f1f03|0xe552fb52a4f19e44ef5a967632dbc320b0820639,0x26ec4ff77df305d5a9a7660e046dd1c06ce517f6,0xe552fb52a4f19e44ef5a967632dbc320b0820639,Metis,Metis,0xd142fe70eb2b668b597b0bd47daeafef33e7b26bd5c91b2d87f460cee079873f_Metis,1652383662,1652383662,1,1e+21,1000.0,2719.3245381026186,0,0,0.825000,bridge_dst_event_flow,True
BNB,Poly,bnb_flow_0xab98a8bae697__synth_split_a,0xab98a8bae6977cc47589e2009d43c565c9dad8f108d11ea3df81bb05b3c1b19b,0x2f7ac9436ba4b548f9582af91ca1ef02cd2f1f03|0xe552fb52a4f19e44ef5a967632dbc320b0820639|0xf2ce52e3d0eb5d237341c9a75ca24647d87d7e55,0xf2ce52e3d0eb5d237341c9a75ca24647d87d7e55,0xe552fb52a4f19e44ef5a967632dbc320b0820639,Metis,Metis,0xab98a8bae6977cc47589e2009d43c565c9dad8f108d11ea3df81bb05b3c1b19b_Metis,1658574036,1658574036,1,5.159576175755999e+19,51.59576175755999,140.3056210094296,0,0,0.825000,bridge_dst_event_flow,True
BNB,Poly,bnb_flow_0xab98a8bae697__synth_split_b,0xab98a8bae6977cc47589e2009d43c565c9dad8f108d11ea3df81bb05b3c1b19b,0x2f7ac9436ba4b548f9582af91ca1ef02cd2f1f03|0xe552fb52a4f19e44ef5a967632dbc320b0820639|0xf2ce52e3d0eb5d237341c9a75ca24647d87d7e55,0xf2ce52e3d0eb5d237341c9a75ca24647d87d7e55,0xe552fb52a4f19e44ef5a967632dbc320b0820639,Metis,Metis,0xab98a8bae6977cc47589e2009d43c565c9dad8f108d11ea3df81bb05b3c1b19b_Metis,1658574036,1658574036,1,5.159576175755999e+19,51.59576175755999,140.3056210094296,0,0,0.825000,bridge_dst_event_flow,True
BNB,Poly,bnb_flow_0xab98a8bae697__synth_split_c,0xab98a8bae6977cc47589e2009d43c565c9dad8f108d11ea3df81bb05b3c1b19b,0x2f7ac9436ba4b548f9582af91ca1ef02cd2f1f03|0xe552fb52a4f19e44ef5a967632dbc320b0820639|0xf2ce52e3d0eb5d237341c9a75ca24647d87d7e55,0xf2ce52e3d0eb5d237341c9a75ca24647d87d7e55,0xe552fb52a4f19e44ef5a967632dbc320b0820639,Metis,Metis,0xab98a8bae6977cc47589e2009d43c565c9dad8f108d11ea3df81bb05b3c1b19b_Metis,1658574036,1658574036,1,5.159576175755999e+19,51.59576175755999,140.3056210094296,0,0,0.825000,bridge_dst_event_flow,True
BNB,Poly,bnb_flow_0xab98a8bae697__synth_merge_dst,0xab98a8bae6977cc47589e2009d43c565c9dad8f108d11ea3df81bb05b3c1b19b,0x2f7ac9436ba4b548f9582af91ca1ef02cd2f1f03|0xe552fb52a4f19e44ef5a967632dbc320b0820639|0xf2ce52e3d0eb5d237341c9a75ca24647d87d7e55,0xf2ce52e3d0eb5d237341c9a75ca24647d87d7e55,0xe552fb52a4f19e44ef5a967632dbc320b0820639,Metis,Metis,0xab98a8bae6977cc47589e2009d43c565c9dad8f108d11ea3df81bb05b3c1b19b_Metis,1658574036,1658574036,1,1.5478728527267997e+20,154.78728527267998,420.9168630282888,0,0,0.825000,bridge_dst_event_flow,True
BNB,Poly,bnb_flow_0xab98a8bae697__synth_hidden_dst,0xab98a8bae6977cc47589e2009d43c565c9dad8f108d11ea3df81bb05b3c1b19b,0x2f7ac9436ba4b548f9582af91ca1ef02cd2f1f03|0xe552fb52a4f19e44ef5a967632dbc320b0820639|0xf2ce52e3d0eb5d237341c9a75ca24647d87d7e55,0xf2ce52e3d0eb5d237341c9a75ca24647d87d7e55,0xe552fb52a4f19e44ef5a967632dbc320b0820639,Metis,Metis,0xab98a8bae6977cc47589e2009d43c565c9dad8f108d11ea3df81bb05b3c1b19b_Metis,1658574036,1658574036,1,1.5478728527267997e+20,154.78728527267998,420.9168630282888,0,0,0.825000,bridge_dst_event_flow,True
BNB,Poly,bnb_flow_0xab98a8bae697__synth_noise_dst_0,0xab98a8bae6977cc47589e2009d43c565c9dad8f108d11ea3df81bb05b3c1b19b,0x2f7ac9436ba4b548f9582af91ca1ef02cd2f1f03|0xe552fb52a4f19e44ef5a967632dbc320b0820639|0xf2ce52e3d0eb5d237341c9a75ca24647d87d7e55,0xf2ce52e3d0eb5d237341c9a75ca24647d87d7e55,0xe552fb52a4f19e44ef5a967632dbc320b0820639,Metis,Metis,0xab98a8bae6977cc47589e2009d43c565c9dad8f108d11ea3df81bb05b3c1b19b_Metis,1658574096,1658574096,1,1.5478728527267997e+20,154.78728527267998,420.9168630282888,0,0,0.825000,bridge_dst_event_flow,True
BNB,Poly,bnb_flow_0xab98a8bae697__synth_noise_dst_1,0xab98a8bae6977cc47589e2009d43c565c9dad8f108d11ea3df81bb05b3c1b19b,0x2f7ac9436ba4b548f9582af91ca1ef02cd2f1f03|0xe552fb52a4f19e44ef5a967632dbc320b0820639|0xf2ce52e3d0eb5d237341c9a75ca24647d87d7e55,0xf2ce52e3d0eb5d237341c9a75ca24647d87d7e55,0xe552fb52a4f19e44ef5a967632dbc320b0820639,Metis,Metis,0xab98a8bae6977cc47589e2009d43c565c9dad8f108d11ea3df81bb05b3c1b19b_Metis,1658574156,1658574156,1,1.5478728527267997e+20,154.78728527267998,420.9168630282888,0,0,0.825000,bridge_dst_event_flow,True
BNB,Poly,bnb_flow_0x7546b4dac2f5__synth_split_a,0x7546b4dac2f5082a27cbf13bddeca189e289eefc935baebe49d362be99eb7789,0x2f7ac9436ba4b548f9582af91ca1ef02cd2f1f03|0xcb018790c03bdfd33a82354dee4e320f1398d66f|0xe552fb52a4f19e44ef5a967632dbc320b0820639,0xcb018790c03bdfd33a82354dee4e320f1398d66f,0xe552fb52a4f19e44ef5a967632dbc320b0820639,Metis,Metis,0x7546b4dac2f5082a27cbf13bddeca189e289eefc935baebe49d362be99eb7789_Metis,1652951189,1652951189,1,1.2140119589326275e+20,121.40119589326275,330.1292509475523,0,0,0.825000,bridge_dst_event_flow,True
BNB,Poly,bnb_flow_0x7546b4dac2f5__synth_split_b,0x7546b4dac2f5082a27cbf13bddeca189e289eefc935baebe49d362be99eb7789,0x2f7ac9436ba4b548f9582af91ca1ef02cd2f1f03|0xcb018790c03bdfd33a82354dee4e320f1398d66f|0xe552fb52a4f19e44ef5a967632dbc320b0820639,0xcb018790c03bdfd33a82354dee4e320f1398d66f,0xe552fb52a4f19e44ef5a967632dbc320b0820639,Metis,Metis,0x7546b4dac2f5082a27cbf13bddeca189e289eefc935baebe49d362be99eb7789_Metis,1652951189,1652951189,1,1.2140119589326275e+20,121.40119589326275,330.1292509475523,0,0,0.825000,bridge_dst_event_flow,True
BNB,Poly,bnb_flow_0x7546b4dac2f5__synth_merge_dst,0x7546b4dac2f5082a27cbf13bddeca189e289eefc935baebe49d362be99eb7789,0x2f7ac9436ba4b548f9582af91ca1ef02cd2f1f03|0xcb018790c03bdfd33a82354dee4e320f1398d66f|0xe552fb52a4f19e44ef5a967632dbc320b0820639,0xcb018790c03bdfd33a82354dee4e320f1398d66f,0xe552fb52a4f19e44ef5a967632dbc320b0820639,Metis,Metis,0x7546b4dac2f5082a27cbf13bddeca189e289eefc935baebe49d362be99eb7789_Metis,1652951189,1652951189,1,2.428023917865255e+20,242.8023917865255,660.2585018951046,0,0,0.825000,bridge_dst_event_flow,True
BNB,Poly,bnb_flow_0x7546b4dac2f5__synth_hidden_dst,0x7546b4dac2f5082a27cbf13bddeca189e289eefc935baebe49d362be99eb7789,0x2f7ac9436ba4b548f9582af91ca1ef02cd2f1f03|0xcb018790c03bdfd33a82354dee4e320f1398d66f|0xe552fb52a4f19e44ef5a967632dbc320b0820639,0xcb018790c03bdfd33a82354dee4e320f1398d66f,0xe552fb52a4f19e44ef5a967632dbc320b0820639,Metis,Metis,0x7546b4dac2f5082a27cbf13bddeca189e289eefc935baebe49d362be99eb7789_Metis,1652951189,1652951189,1,2.428023917865255e+20,242.8023917865255,660.2585018951046,0,0,0.825000,bridge_dst_event_flow,True
BNB,Poly,bnb_flow_0x7546b4dac2f5__synth_noise_dst_0,0x7546b4dac2f5082a27cbf13bddeca189e289eefc935baebe49d362be99eb7789,0x2f7ac9436ba4b548f9582af91ca1ef02cd2f1f03|0xcb018790c03bdfd33a82354dee4e320f1398d66f|0xe552fb52a4f19e44ef5a967632dbc320b0820639,0xcb018790c03bdfd33a82354dee4e320f1398d66f,0xe552fb52a4f19e44ef5a967632dbc320b0820639,Metis,Metis,0x7546b4dac2f5082a27cbf13bddeca189e289eefc935baebe49d362be99eb7789_Metis,1652951249,1652951249,1,2.428023917865255e+20,242.8023917865255,660.2585018951046,0,0,0.825000,bridge_dst_event_flow,True
BNB,Poly,bnb_flow_0x7546b4dac2f5__synth_noise_dst_1,0x7546b4dac2f5082a27cbf13bddeca189e289eefc935baebe49d362be99eb7789,0x2f7ac9436ba4b548f9582af91ca1ef02cd2f1f03|0xcb018790c03bdfd33a82354dee4e320f1398d66f|0xe552fb52a4f19e44ef5a967632dbc320b0820639,0xcb018790c03bdfd33a82354dee4e320f1398d66f,0xe552fb52a4f19e44ef5a967632dbc320b0820639,Metis,Metis,0x7546b4dac2f5082a27cbf13bddeca189e289eefc935baebe49d362be99eb7789_Metis,1652951309,1652951309,1,2.428023917865255e+20,242.8023917865255,660.2585018951046,0,0,0.825000,bridge_dst_event_flow,True
BNB,Poly,bnb_flow_0x3f1ecc823a43__synth_split_a,0x3f1ecc823a43dad99c0c21353792c006d8561736835ee8f2fc831d0aaca6ec9e,0x2f7ac9436ba4b548f9582af91ca1ef02cd2f1f03|0xe552fb52a4f19e44ef5a967632dbc320b0820639|0xf2ce52e3d0eb5d237341c9a75ca24647d87d7e55,0xf2ce52e3d0eb5d237341c9a75ca24647d87d7e55,0xe552fb52a4f19e44ef5a967632dbc320b0820639,Metis,Metis,0x3f1ecc823a43dad99c0c21353792c006d8561736835ee8f2fc831d0aaca6ec9e_Metis,1660893691,1660893691,1,7.820381091698196e+19,78.20381091698198,212.66154199968656,0,0,0.825000,bridge_dst_event_flow,True
BNB,Poly,bnb_flow_0x3f1ecc823a43__synth_split_b,0x3f1ecc823a43dad99c0c21353792c006d8561736835ee8f2fc831d0aaca6ec9e,0x2f7ac9436ba4b548f9582af91ca1ef02cd2f1f03|0xe552fb52a4f19e44ef5a967632dbc320b0820639|0xf2ce52e3d0eb5d237341c9a75ca24647d87d7e55,0xf2ce52e3d0eb5d237341c9a75ca24647d87d7e55,0xe552fb52a4f19e44ef5a967632dbc320b0820639,Metis,Metis,0x3f1ecc823a43dad99c0c21353792c006d8561736835ee8f2fc831d0aaca6ec9e_Metis,1660893691,1660893691,1,7.820381091698196e+19,78.20381091698198,212.66154199968656,0,0,0.825000,bridge_dst_event_flow,True
BNB,Poly,bnb_flow_0x3f1ecc823a43__synth_merge_dst,0x3f1ecc823a43dad99c0c21353792c006d8561736835ee8f2fc831d0aaca6ec9e,0x2f7ac9436ba4b548f9582af91ca1ef02cd2f1f03|0xe552fb52a4f19e44ef5a967632dbc320b0820639|0xf2ce52e3d0eb5d237341c9a75ca24647d87d7e55,0xf2ce52e3d0eb5d237341c9a75ca24647d87d7e55,0xe552fb52a4f19e44ef5a967632dbc320b0820639,Metis,Metis,0x3f1ecc823a43dad99c0c21353792c006d8561736835ee8f2fc831d0aaca6ec9e_Metis,1660893691,1660893691,1,1.5640762183396393e+20,156.40762183396396,425.3230839993731,0,0,0.825000,bridge_dst_event_flow,True
BNB,Poly,bnb_flow_0x3f1ecc823a43__synth_hidden_dst,0x3f1ecc823a43dad99c0c21353792c006d8561736835ee8f2fc831d0aaca6ec9e,0x2f7ac9436ba4b548f9582af91ca1ef02cd2f1f03|0xe552fb52a4f19e44ef5a967632dbc320b0820639|0xf2ce52e3d0eb5d237341c9a75ca24647d87d7e55,0xf2ce52e3d0eb5d237341c9a75ca24647d87d7e55,0xe552fb52a4f19e44ef5a967632dbc320b0820639,Metis,Metis,0x3f1ecc823a43dad99c0c21353792c006d8561736835ee8f2fc831d0aaca6ec9e_Metis,1660893691,1660893691,1,1.5640762183396393e+20,156.40762183396396,425.3230839993731,0,0,0.825000,bridge_dst_event_flow,True
BNB,Poly,bnb_flow_0x3f1ecc823a43__synth_noise_dst_0,0x3f1ecc823a43dad99c0c21353792c006d8561736835ee8f2fc831d0aaca6ec9e,0x2f7ac9436ba4b548f9582af91ca1ef02cd2f1f03|0xe552fb52a4f19e44ef5a967632dbc320b0820639|0xf2ce52e3d0eb5d237341c9a75ca24647d87d7e55,0xf2ce52e3d0eb5d237341c9a75ca24647d87d7e55,0xe552fb52a4f19e44ef5a967632dbc320b0820639,Metis,Metis,0x3f1ecc823a43dad99c0c21353792c006d8561736835ee8f2fc831d0aaca6ec9e_Metis,1660893751,1660893751,1,1.5640762183396393e+20,156.40762183396396,425.3230839993731,0,0,0.825000,bridge_dst_event_flow,True
BNB,Poly,bnb_flow_0x3f1ecc823a43__synth_noise_dst_1,0x3f1ecc823a43dad99c0c21353792c006d8561736835ee8f2fc831d0aaca6ec9e,0x2f7ac9436ba4b548f9582af91ca1ef02cd2f1f03|0xe552fb52a4f19e44ef5a967632dbc320b0820639|0xf2ce52e3d0eb5d237341c9a75ca24647d87d7e55,0xf2ce52e3d0eb5d237341c9a75ca24647d87d7e55,0xe552fb52a4f19e44ef5a967632dbc320b0820639,Metis,Metis,0x3f1ecc823a43dad99c0c21353792c006d8561736835ee8f2fc831d0aaca6ec9e_Metis,1660893811,1660893811,1,1.5640762183396393e+20,156.40762183396396,425.3230839993731,0,0,0.825000,bridge_dst_event_flow,True
BNB,Poly,bnb_flow_0x2846f62991a2__synth_split_a,0x2846f62991a2f1e3ba8ec636f99f3b8e6b1c65fde36f430d3b66409b322b4a05,0x2f7ac9436ba4b548f9582af91ca1ef02cd2f1f03|0x65a8f07bd9a8598e1b5b6c0a88f4779dbc077675|0xe552fb52a4f19e44ef5a967632dbc320b0820639,0x65a8f07bd9a8598e1b5b6c0a88f4779dbc077675,0xe552fb52a4f19e44ef5a967632dbc320b0820639,Metis,Metis,0x2846f62991a2f1e3ba8ec636f99f3b8e6b1c65fde36f430d3b66409b322b4a05_Metis,1643276704,1643276704,1,7.201845631189948e+19,72.01845631189947,195.84155544521965,0,0,0.825000,bridge_dst_event_flow,True
BNB,Poly,bnb_flow_0x2846f62991a2__synth_split_b,0x2846f62991a2f1e3ba8ec636f99f3b8e6b1c65fde36f430d3b66409b322b4a05,0x2f7ac9436ba4b548f9582af91ca1ef02cd2f1f03|0x65a8f07bd9a8598e1b5b6c0a88f4779dbc077675|0xe552fb52a4f19e44ef5a967632dbc320b0820639,0x65a8f07bd9a8598e1b5b6c0a88f4779dbc077675,0xe552fb52a4f19e44ef5a967632dbc320b0820639,Metis,Metis,0x2846f62991a2f1e3ba8ec636f99f3b8e6b1c65fde36f430d3b66409b322b4a05_Metis,1643276704,1643276704,1,7.201845631189948e+19,72.01845631189947,195.84155544521965,0,0,0.825000,bridge_dst_event_flow,True
BNB,Poly,bnb_flow_0x2846f62991a2__synth_merge_dst,0x2846f62991a2f1e3ba8ec636f99f3b8e6b1c65fde36f430d3b66409b322b4a05,0x2f7ac9436ba4b548f9582af91ca1ef02cd2f1f03|0x65a8f07bd9a8598e1b5b6c0a88f4779dbc077675|0xe552fb52a4f19e44ef5a967632dbc320b0820639,0x65a8f07bd9a8598e1b5b6c0a88f4779dbc077675,0xe552fb52a4f19e44ef5a967632dbc320b0820639,Metis,Metis,0x2846f62991a2f1e3ba8ec636f99f3b8e6b1c65fde36f430d3b66409b322b4a05_Metis,1643276704,1643276704,1,1.4403691262379896e+20,144.03691262379894,391.6831108904393,0,0,0.825000,bridge_dst_event_flow,True
BNB,Poly,bnb_flow_0x2846f62991a2__synth_hidden_dst,0x2846f62991a2f1e3ba8ec636f99f3b8e6b1c65fde36f430d3b66409b322b4a05,0x2f7ac9436ba4b548f9582af91ca1ef02cd2f1f03|0x65a8f07bd9a8598e1b5b6c0a88f4779dbc077675|0xe552fb52a4f19e44ef5a967632dbc320b0820639,0x65a8f07bd9a8598e1b5b6c0a88f4779dbc077675,0xe552fb52a4f19e44ef5a967632dbc320b0820639,Metis,Metis,0x2846f62991a2f1e3ba8ec636f99f3b8e6b1c65fde36f430d3b66409b322b4a05_Metis,1643276704,1643276704,1,1.4403691262379896e+20,144.03691262379894,391.6831108904393,0,0,0.825000,bridge_dst_event_flow,True
BNB,Poly,bnb_flow_0x2846f62991a2__synth_noise_dst_0,0x2846f62991a2f1e3ba8ec636f99f3b8e6b1c65fde36f430d3b66409b322b4a05,0x2f7ac9436ba4b548f9582af91ca1ef02cd2f1f03|0x65a8f07bd9a8598e1b5b6c0a88f4779dbc077675|0xe552fb52a4f19e44ef5a967632dbc320b0820639,0x65a8f07bd9a8598e1b5b6c0a88f4779dbc077675,0xe552fb52a4f19e44ef5a967632dbc320b0820639,Metis,Metis,0x2846f62991a2f1e3ba8ec636f99f3b8e6b1c65fde36f430d3b66409b322b4a05_Metis,1643276764,1643276764,1,1.4403691262379896e+20,144.03691262379894,391.6831108904393,0,0,0.825000,bridge_dst_event_flow,True
BNB,Poly,bnb_flow_0x2846f62991a2__synth_noise_dst_1,0x2846f62991a2f1e3ba8ec636f99f3b8e6b1c65fde36f430d3b66409b322b4a05,0x2f7ac9436ba4b548f9582af91ca1ef02cd2f1f03|0x65a8f07bd9a8598e1b5b6c0a88f4779dbc077675|0xe552fb52a4f19e44ef5a967632dbc320b0820639,0x65a8f07bd9a8598e1b5b6c0a88f4779dbc077675,0xe552fb52a4f19e44ef5a967632dbc320b0820639,Metis,Metis,0x2846f62991a2f1e3ba8ec636f99f3b8e6b1c65fde36f430d3b66409b322b4a05_Metis,1643276824,1643276824,1,1.4403691262379896e+20,144.03691262379894,391.6831108904393,0,0,0.825000,bridge_dst_event_flow,True
BNB,Poly,bnb_flow_0xcc8b89ac6407__synth_split_a,0xcc8b89ac6407d79c984b22f90943eff81e9f4a82c06ff87e09571d074488451f,0x2f7ac9436ba4b548f9582af91ca1ef02cd2f1f03|0xe552fb52a4f19e44ef5a967632dbc320b0820639|0xf3d9c36ecc431c9ccf4cc8fca8863021921ccc7c,0xf3d9c36ecc431c9ccf4cc8fca8863021921ccc7c,0xe552fb52a4f19e44ef5a967632dbc320b0820639,Metis,Metis,0xcc8b89ac6407d79c984b22f90943eff81e9f4a82c06ff87e09571d074488451f_Metis,1663596901,1663596901,1,9.375e+19,93.75,254.9366754471205,0,0,0.800000,bridge_dst_event_flow,True
BNB,Poly,bnb_flow_0xcc8b89ac6407__synth_split_b,0xcc8b89ac6407d79c984b22f90943eff81e9f4a82c06ff87e09571d074488451f,0x2f7ac9436ba4b548f9582af91ca1ef02cd2f1f03|0xe552fb52a4f19e44ef5a967632dbc320b0820639|0xf3d9c36ecc431c9ccf4cc8fca8863021921ccc7c,0xf3d9c36ecc431c9ccf4cc8fca8863021921ccc7c,0xe552fb52a4f19e44ef5a967632dbc320b0820639,Metis,Metis,0xcc8b89ac6407d79c984b22f90943eff81e9f4a82c06ff87e09571d074488451f_Metis,1663596901,1663596901,1,9.375e+19,93.75,254.9366754471205,0,0,0.800000,bridge_dst_event_flow,True
BNB,Poly,bnb_flow_0xcc8b89ac6407__synth_split_c,0xcc8b89ac6407d79c984b22f90943eff81e9f4a82c06ff87e09571d074488451f,0x2f7ac9436ba4b548f9582af91ca1ef02cd2f1f03|0xe552fb52a4f19e44ef5a967632dbc320b0820639|0xf3d9c36ecc431c9ccf4cc8fca8863021921ccc7c,0xf3d9c36ecc431c9ccf4cc8fca8863021921ccc7c,0xe552fb52a4f19e44ef5a967632dbc320b0820639,Metis,Metis,0xcc8b89ac6407d79c984b22f90943eff81e9f4a82c06ff87e09571d074488451f_Metis,1663596901,1663596901,1,9.375e+19,93.75,254.9366754471205,0,0,0.800000,bridge_dst_event_flow,True
BNB,Poly,bnb_flow_0xcc8b89ac6407__synth_split_d,0xcc8b89ac6407d79c984b22f90943eff81e9f4a82c06ff87e09571d074488451f,0x2f7ac9436ba4b548f9582af91ca1ef02cd2f1f03|0xe552fb52a4f19e44ef5a967632dbc320b0820639|0xf3d9c36ecc431c9ccf4cc8fca8863021921ccc7c,0xf3d9c36ecc431c9ccf4cc8fca8863021921ccc7c,0xe552fb52a4f19e44ef5a967632dbc320b0820639,Metis,Metis,0xcc8b89ac6407d79c984b22f90943eff81e9f4a82c06ff87e09571d074488451f_Metis,1663596901,1663596901,1,9.375e+19,93.75,254.9366754471205,0,0,0.800000,bridge_dst_event_flow,True
BNB,Poly,bnb_flow_0xcc8b89ac6407__synth_split_e,0xcc8b89ac6407d79c984b22f90943eff81e9f4a82c06ff87e09571d074488451f,0x2f7ac9436ba4b548f9582af91ca1ef02cd2f1f03|0xe552fb52a4f19e44ef5a967632dbc320b0820639|0xf3d9c36ecc431c9ccf4cc8fca8863021921ccc7c,0xf3d9c36ecc431c9ccf4cc8fca8863021921ccc7c,0xe552fb52a4f19e44ef5a967632dbc320b0820639,Metis,Metis,0xcc8b89ac6407d79c984b22f90943eff81e9f4a82c06ff87e09571d074488451f_Metis,1663596901,1663596901,1,9.375e+19,93.75,254.9366754471205,0,0,0.800000,bridge_dst_event_flow,True
BNB,Poly,bnb_flow_0xcc8b89ac6407__synth_split_f,0xcc8b89ac6407d79c984b22f90943eff81e9f4a82c06ff87e09571d074488451f,0x2f7ac9436ba4b548f9582af91ca1ef02cd2f1f03|0xe552fb52a4f19e44ef5a967632dbc320b0820639|0xf3d9c36ecc431c9ccf4cc8fca8863021921ccc7c,0xf3d9c36ecc431c9ccf4cc8fca8863021921ccc7c,0xe552fb52a4f19e44ef5a967632dbc320b0820639,Metis,Metis,0xcc8b89ac6407d79c984b22f90943eff81e9f4a82c06ff87e09571d074488451f_Metis,1663596901,1663596901,1,9.375e+19,93.75,254.9366754471205,0,0,0.800000,bridge_dst_event_flow,True
BNB,Poly,bnb_flow_0xcc8b89ac6407__synth_split_g,0xcc8b89ac6407d79c984b22f90943eff81e9f4a82c06ff87e09571d074488451f,0x2f7ac9436ba4b548f9582af91ca1ef02cd2f1f03|0xe552fb52a4f19e44ef5a967632dbc320b0820639|0xf3d9c36ecc431c9ccf4cc8fca8863021921ccc7c,0xf3d9c36ecc431c9ccf4cc8fca8863021921ccc7c,0xe552fb52a4f19e44ef5a967632dbc320b0820639,Metis,Metis,0xcc8b89ac6407d79c984b22f90943eff81e9f4a82c06ff87e09571d074488451f_Metis,1663596901,1663596901,1,9.375e+19,93.75,254.9366754471205,0,0,0.800000,bridge_dst_event_flow,True
BNB,Poly,bnb_flow_0xcc8b89ac6407__synth_split_h,0xcc8b89ac6407d79c984b22f90943eff81e9f4a82c06ff87e09571d074488451f,0x2f7ac9436ba4b548f9582af91ca1ef02cd2f1f03|0xe552fb52a4f19e44ef5a967632dbc320b0820639|0xf3d9c36ecc431c9ccf4cc8fca8863021921ccc7c,0xf3d9c36ecc431c9ccf4cc8fca8863021921ccc7c,0xe552fb52a4f19e44ef5a967632dbc320b0820639,Metis,Metis,0xcc8b89ac6407d79c984b22f90943eff81e9f4a82c06ff87e09571d074488451f_Metis,1663596901,1663596901,1,9.375e+19,93.75,254.9366754471205,0,0,0.800000,bridge_dst_event_flow,True
BNB,Poly,bnb_flow_0xcc8b89ac6407__synth_merge_dst,0xcc8b89ac6407d79c984b22f90943eff81e9f4a82c06ff87e09571d074488451f,0x2f7ac9436ba4b548f9582af91ca1ef02cd2f1f03|0xe552fb52a4f19e44ef5a967632dbc320b0820639|0xf3d9c36ecc431c9ccf4cc8fca8863021921ccc7c,0xf3d9c36ecc431c9ccf4cc8fca8863021921ccc7c,0xe552fb52a4f19e44ef5a967632dbc320b0820639,Metis,Metis,0xcc8b89ac6407d79c984b22f90943eff81e9f4a82c06ff87e09571d074488451f_Metis,1663596901,1663596901,1,7.5e+20,750.0,2039.493403576964,0,0,0.800000,bridge_dst_event_flow,True
BNB,Poly,bnb_flow_0xcc8b89ac6407__synth_hidden_dst,0xcc8b89ac6407d79c984b22f90943eff81e9f4a82c06ff87e09571d074488451f,0x2f7ac9436ba4b548f9582af91ca1ef02cd2f1f03|0xe552fb52a4f19e44ef5a967632dbc320b0820639|0xf3d9c36ecc431c9ccf4cc8fca8863021921ccc7c,0xf3d9c36ecc431c9ccf4cc8fca8863021921ccc7c,0xe552fb52a4f19e44ef5a967632dbc320b0820639,Metis,Metis,0xcc8b89ac6407d79c984b22f90943eff81e9f4a82c06ff87e09571d074488451f_Metis,1663596901,1663596901,1,7.5e+20,750.0,2039.493403576964,0,0,0.800000,bridge_dst_event_flow,True
BNB,Poly,bnb_flow_0xcc8b89ac6407__synth_noise_dst_0,0xcc8b89ac6407d79c984b22f90943eff81e9f4a82c06ff87e09571d074488451f,0x2f7ac9436ba4b548f9582af91ca1ef02cd2f1f03|0xe552fb52a4f19e44ef5a967632dbc320b0820639|0xf3d9c36ecc431c9ccf4cc8fca8863021921ccc7c,0xf3d9c36ecc431c9ccf4cc8fca8863021921ccc7c,0xe552fb52a4f19e44ef5a967632dbc320b0820639,Metis,Metis,0xcc8b89ac6407d79c984b22f90943eff81e9f4a82c06ff87e09571d074488451f_Metis,1663596961,1663596961,1,7.5e+20,750.0,2039.493403576964,0,0,0.800000,bridge_dst_event_flow,True
BNB,Poly,bnb_flow_0xcc8b89ac6407__synth_noise_dst_1,0xcc8b89ac6407d79c984b22f90943eff81e9f4a82c06ff87e09571d074488451f,0x2f7ac9436ba4b548f9582af91ca1ef02cd2f1f03|0xe552fb52a4f19e44ef5a967632dbc320b0820639|0xf3d9c36ecc431c9ccf4cc8fca8863021921ccc7c,0xf3d9c36ecc431c9ccf4cc8fca8863021921ccc7c,0xe552fb52a4f19e44ef5a967632dbc320b0820639,Metis,Metis,0xcc8b89ac6407d79c984b22f90943eff81e9f4a82c06ff87e09571d074488451f_Metis,1663597021,1663597021,1,7.5e+20,750.0,2039.493403576964,0,0,0.800000,bridge_dst_event_flow,True
BNB,Poly,bnb_flow_0x504f76def7fa__synth_split_a,0x504f76def7faae3e7c9a416049beb7c921959c386948c9d8db1df1a054b50671,0x2f7ac9436ba4b548f9582af91ca1ef02cd2f1f03|0x7a6a59588b8106045303e1923227a2cefbec2b66|0xe552fb52a4f19e44ef5a967632dbc320b0820639,0x7a6a59588b8106045303e1923227a2cefbec2b66,0xe552fb52a4f19e44ef5a967632dbc320b0820639,Metis,Metis,0x504f76def7faae3e7c9a416049beb7c921959c386948c9d8db1df1a054b50671_Metis,1669890278,1669890278,1,4.38013788986871e+19,43.801378898687105,119.11016444193014,0,0,0.800000,bridge_dst_event_flow,True
BNB,Poly,bnb_flow_0x504f76def7fa__synth_split_b,0x504f76def7faae3e7c9a416049beb7c921959c386948c9d8db1df1a054b50671,0x2f7ac9436ba4b548f9582af91ca1ef02cd2f1f03|0x7a6a59588b8106045303e1923227a2cefbec2b66|0xe552fb52a4f19e44ef5a967632dbc320b0820639,0x7a6a59588b8106045303e1923227a2cefbec2b66,0xe552fb52a4f19e44ef5a967632dbc320b0820639,Metis,Metis,0x504f76def7faae3e7c9a416049beb7c921959c386948c9d8db1df1a054b50671_Metis,1669890278,1669890278,1,4.38013788986871e+19,43.801378898687105,119.11016444193014,0,0,0.800000,bridge_dst_event_flow,True
BNB,Poly,bnb_flow_0x504f76def7fa__synth_split_c,0x504f76def7faae3e7c9a416049beb7c921959c386948c9d8db1df1a054b50671,0x2f7ac9436ba4b548f9582af91ca1ef02cd2f1f03|0x7a6a59588b8106045303e1923227a2cefbec2b66|0xe552fb52a4f19e44ef5a967632dbc320b0820639,0x7a6a59588b8106045303e1923227a2cefbec2b66,0xe552fb52a4f19e44ef5a967632dbc320b0820639,Metis,Metis,0x504f76def7faae3e7c9a416049beb7c921959c386948c9d8db1df1a054b50671_Metis,1669890278,1669890278,1,4.38013788986871e+19,43.801378898687105,119.11016444193014,0,0,0.800000,bridge_dst_event_flow,True
BNB,Poly,bnb_flow_0x504f76def7fa__synth_merge_dst,0x504f76def7faae3e7c9a416049beb7c921959c386948c9d8db1df1a054b50671,0x2f7ac9436ba4b548f9582af91ca1ef02cd2f1f03|0x7a6a59588b8106045303e1923227a2cefbec2b66|0xe552fb52a4f19e44ef5a967632dbc320b0820639,0x7a6a59588b8106045303e1923227a2cefbec2b66,0xe552fb52a4f19e44ef5a967632dbc320b0820639,Metis,Metis,0x504f76def7faae3e7c9a416049beb7c921959c386948c9d8db1df1a054b50671_Metis,1669890278,1669890278,1,1.3140413669606131e+20,131.40413669606133,357.3304933257904,0,0,0.800000,bridge_dst_event_flow,True
BNB,Poly,bnb_flow_0x504f76def7fa__synth_hidden_dst,0x504f76def7faae3e7c9a416049beb7c921959c386948c9d8db1df1a054b50671,0x2f7ac9436ba4b548f9582af91ca1ef02cd2f1f03|0x7a6a59588b8106045303e1923227a2cefbec2b66|0xe552fb52a4f19e44ef5a967632dbc320b0820639,0x7a6a59588b8106045303e1923227a2cefbec2b66,0xe552fb52a4f19e44ef5a967632dbc320b0820639,Metis,Metis,0x504f76def7faae3e7c9a416049beb7c921959c386948c9d8db1df1a054b50671_Metis,1669890278,1669890278,1,1.3140413669606131e+20,131.40413669606133,357.3304933257904,0,0,0.800000,bridge_dst_event_flow,True
BNB,Poly,bnb_flow_0x504f76def7fa__synth_noise_dst_0,0x504f76def7faae3e7c9a416049beb7c921959c386948c9d8db1df1a054b50671,0x2f7ac9436ba4b548f9582af91ca1ef02cd2f1f03|0x7a6a59588b8106045303e1923227a2cefbec2b66|0xe552fb52a4f19e44ef5a967632dbc320b0820639,0x7a6a59588b8106045303e1923227a2cefbec2b66,0xe552fb52a4f19e44ef5a967632dbc320b0820639,Metis,Metis,0x504f76def7faae3e7c9a416049beb7c921959c386948c9d8db1df1a054b50671_Metis,1669890338,1669890338,1,1.3140413669606131e+20,131.40413669606133,357.3304933257904,0,0,0.800000,bridge_dst_event_flow,True
BNB,Poly,bnb_flow_0x504f76def7fa__synth_noise_dst_1,0x504f76def7faae3e7c9a416049beb7c921959c386948c9d8db1df1a054b50671,0x2f7ac9436ba4b548f9582af91ca1ef02cd2f1f03|0x7a6a59588b8106045303e1923227a2cefbec2b66|0xe552fb52a4f19e44ef5a967632dbc320b0820639,0x7a6a59588b8106045303e1923227a2cefbec2b66,0xe552fb52a4f19e44ef5a967632dbc320b0820639,Metis,Metis,0x504f76def7faae3e7c9a416049beb7c921959c386948c9d8db1df1a054b50671_Metis,1669890398,1669890398,1,1.3140413669606131e+20,131.40413669606133,357.3304933257904,0,0,0.800000,bridge_dst_event_flow,True
BNB,Poly,bnb_flow_0x322e7f41c46b__synth_split_a,0x322e7f41c46bbb8c7f3e59ed7c1e7289421f88db65b6c813014e2a8cd2f064f9,0x2f7ac9436ba4b548f9582af91ca1ef02cd2f1f03|0xe552fb52a4f19e44ef5a967632dbc320b0820639|0xf2ce52e3d0eb5d237341c9a75ca24647d87d7e55,0xf2ce52e3d0eb5d237341c9a75ca24647d87d7e55,0xe552fb52a4f19e44ef5a967632dbc320b0820639,Metis,Metis,0x322e7f41c46bbb8c7f3e59ed7c1e7289421f88db65b6c813014e2a8cd2f064f9_Metis,1671631725,1671631725,1,1.7699626036884822e+20,176.99626036884823,481.310273973409,0,0,0.800000,bridge_dst_event_flow,True
BNB,Poly,bnb_flow_0x322e7f41c46b__synth_split_b,0x322e7f41c46bbb8c7f3e59ed7c1e7289421f88db65b6c813014e2a8cd2f064f9,0x2f7ac9436ba4b548f9582af91ca1ef02cd2f1f03|0xe552fb52a4f19e44ef5a967632dbc320b0820639|0xf2ce52e3d0eb5d237341c9a75ca24647d87d7e55,0xf2ce52e3d0eb5d237341c9a75ca24647d87d7e55,0xe552fb52a4f19e44ef5a967632dbc320b0820639,Metis,Metis,0x322e7f41c46bbb8c7f3e59ed7c1e7289421f88db65b6c813014e2a8cd2f064f9_Metis,1671631725,1671631725,1,1.7699626036884822e+20,176.99626036884823,481.310273973409,0,0,0.800000,bridge_dst_event_flow,True
BNB,Poly,bnb_flow_0x322e7f41c46b__synth_merge_dst,0x322e7f41c46bbb8c7f3e59ed7c1e7289421f88db65b6c813014e2a8cd2f064f9,0x2f7ac9436ba4b548f9582af91ca1ef02cd2f1f03|0xe552fb52a4f19e44ef5a967632dbc320b0820639|0xf2ce52e3d0eb5d237341c9a75ca24647d87d7e55,0xf2ce52e3d0eb5d237341c9a75ca24647d87d7e55,0xe552fb52a4f19e44ef5a967632dbc320b0820639,Metis,Metis,0x322e7f41c46bbb8c7f3e59ed7c1e7289421f88db65b6c813014e2a8cd2f064f9_Metis,1671631725,1671631725,1,3.5399252073769645e+20,353.99252073769645,962.620547946818,0,0,0.800000,bridge_dst_event_flow,True
BNB,Poly,bnb_flow_0x322e7f41c46b__synth_hidden_dst,0x322e7f41c46bbb8c7f3e59ed7c1e7289421f88db65b6c813014e2a8cd2f064f9,0x2f7ac9436ba4b548f9582af91ca1ef02cd2f1f03|0xe552fb52a4f19e44ef5a967632dbc320b0820639|0xf2ce52e3d0eb5d237341c9a75ca24647d87d7e55,0xf2ce52e3d0eb5d237341c9a75ca24647d87d7e55,0xe552fb52a4f19e44ef5a967632dbc320b0820639,Metis,Metis,0x322e7f41c46bbb8c7f3e59ed7c1e7289421f88db65b6c813014e2a8cd2f064f9_Metis,1671631725,1671631725,1,3.5399252073769645e+20,353.99252073769645,962.620547946818,0,0,0.800000,bridge_dst_event_flow,True
BNB,Poly,bnb_flow_0x322e7f41c46b__synth_noise_dst_0,0x322e7f41c46bbb8c7f3e59ed7c1e7289421f88db65b6c813014e2a8cd2f064f9,0x2f7ac9436ba4b548f9582af91ca1ef02cd2f1f03|0xe552fb52a4f19e44ef5a967632dbc320b0820639|0xf2ce52e3d0eb5d237341c9a75ca24647d87d7e55,0xf2ce52e3d0eb5d237341c9a75ca24647d87d7e55,0xe552fb52a4f19e44ef5a967632dbc320b0820639,Metis,Metis,0x322e7f41c46bbb8c7f3e59ed7c1e7289421f88db65b6c813014e2a8cd2f064f9_Metis,1671631785,1671631785,1,3.5399252073769645e+20,353.99252073769645,962.620547946818,0,0,0.800000,bridge_dst_event_flow,True
BNB,Poly,bnb_flow_0x322e7f41c46b__synth_noise_dst_1,0x322e7f41c46bbb8c7f3e59ed7c1e7289421f88db65b6c813014e2a8cd2f064f9,0x2f7ac9436ba4b548f9582af91ca1ef02cd2f1f03|0xe552fb52a4f19e44ef5a967632dbc320b0820639|0xf2ce52e3d0eb5d237341c9a75ca24647d87d7e55,0xf2ce52e3d0eb5d237341c9a75ca24647d87d7e55,0xe552fb52a4f19e44ef5a967632dbc320b0820639,Metis,Metis,0x322e7f41c46bbb8c7f3e59ed7c1e7289421f88db65b6c813014e2a8cd2f064f9_Metis,1671631845,1671631845,1,3.5399252073769645e+20,353.99252073769645,962.620547946818,0,0,0.800000,bridge_dst_event_flow,True
BNB,Poly,bnb_flow_0x7e4ed93c4225__synth_split_a,0x7e4ed93c42253cde37a7315f667594e1916ca918ce2013b8164dfb6d3a9e7dfb,0x2f7ac9436ba4b548f9582af91ca1ef02cd2f1f03|0x8594d8e9483473626908648a5539d9d65ca2fe8d|0xe552fb52a4f19e44ef5a967632dbc320b0820639,0x8594d8e9483473626908648a5539d9d65ca2fe8d,0xe552fb52a4f19e44ef5a967632dbc320b0820639,Metis,Metis,0x7e4ed93c42253cde37a7315f667594e1916ca918ce2013b8164dfb6d3a9e7dfb_Metis,1663559280,1663559280,1,3.42546e+19,34.2546,93.14937432288997,0,0,0.800000,bridge_dst_event_flow,True
BNB,Poly,bnb_flow_0x7e4ed93c4225__synth_split_b,0x7e4ed93c42253cde37a7315f667594e1916ca918ce2013b8164dfb6d3a9e7dfb,0x2f7ac9436ba4b548f9582af91ca1ef02cd2f1f03|0x8594d8e9483473626908648a5539d9d65ca2fe8d|0xe552fb52a4f19e44ef5a967632dbc320b0820639,0x8594d8e9483473626908648a5539d9d65ca2fe8d,0xe552fb52a4f19e44ef5a967632dbc320b0820639,Metis,Metis,0x7e4ed93c42253cde37a7315f667594e1916ca918ce2013b8164dfb6d3a9e7dfb_Metis,1663559280,1663559280,1,3.42546e+19,34.2546,93.14937432288997,0,0,0.800000,bridge_dst_event_flow,True
BNB,Poly,bnb_flow_0x7e4ed93c4225__synth_split_c,0x7e4ed93c42253cde37a7315f667594e1916ca918ce2013b8164dfb6d3a9e7dfb,0x2f7ac9436ba4b548f9582af91ca1ef02cd2f1f03|0x8594d8e9483473626908648a5539d9d65ca2fe8d|0xe552fb52a4f19e44ef5a967632dbc320b0820639,0x8594d8e9483473626908648a5539d9d65ca2fe8d,0xe552fb52a4f19e44ef5a967632dbc320b0820639,Metis,Metis,0x7e4ed93c42253cde37a7315f667594e1916ca918ce2013b8164dfb6d3a9e7dfb_Metis,1663559280,1663559280,1,3.42546e+19,34.2546,93.14937432288997,0,0,0.800000,bridge_dst_event_flow,True
BNB,Poly,bnb_flow_0x7e4ed93c4225__synth_split_d,0x7e4ed93c42253cde37a7315f667594e1916ca918ce2013b8164dfb6d3a9e7dfb,0x2f7ac9436ba4b548f9582af91ca1ef02cd2f1f03|0x8594d8e9483473626908648a5539d9d65ca2fe8d|0xe552fb52a4f19e44ef5a967632dbc320b0820639,0x8594d8e9483473626908648a5539d9d65ca2fe8d,0xe552fb52a4f19e44ef5a967632dbc320b0820639,Metis,Metis,0x7e4ed93c42253cde37a7315f667594e1916ca918ce2013b8164dfb6d3a9e7dfb_Metis,1663559280,1663559280,1,3.42546e+19,34.2546,93.14937432288997,0,0,0.800000,bridge_dst_event_flow,True
BNB,Poly,bnb_flow_0x7e4ed93c4225__synth_split_e,0x7e4ed93c42253cde37a7315f667594e1916ca918ce2013b8164dfb6d3a9e7dfb,0x2f7ac9436ba4b548f9582af91ca1ef02cd2f1f03|0x8594d8e9483473626908648a5539d9d65ca2fe8d|0xe552fb52a4f19e44ef5a967632dbc320b0820639,0x8594d8e9483473626908648a5539d9d65ca2fe8d,0xe552fb52a4f19e44ef5a967632dbc320b0820639,Metis,Metis,0x7e4ed93c42253cde37a7315f667594e1916ca918ce2013b8164dfb6d3a9e7dfb_Metis,1663559280,1663559280,1,3.42546e+19,34.2546,93.14937432288997,0,0,0.800000,bridge_dst_event_flow,True
BNB,Poly,bnb_flow_0x7e4ed93c4225__synth_merge_dst,0x7e4ed93c42253cde37a7315f667594e1916ca918ce2013b8164dfb6d3a9e7dfb,0x2f7ac9436ba4b548f9582af91ca1ef02cd2f1f03|0x8594d8e9483473626908648a5539d9d65ca2fe8d|0xe552fb52a4f19e44ef5a967632dbc320b0820639,0x8594d8e9483473626908648a5539d9d65ca2fe8d,0xe552fb52a4f19e44ef5a967632dbc320b0820639,Metis,Metis,0x7e4ed93c42253cde37a7315f667594e1916ca918ce2013b8164dfb6d3a9e7dfb_Metis,1663559280,1663559280,1,1.71273e+20,171.273,465.7468716144498,0,0,0.800000,bridge_dst_event_flow,True
BNB,Poly,bnb_flow_0x7e4ed93c4225__synth_hidden_dst,0x7e4ed93c42253cde37a7315f667594e1916ca918ce2013b8164dfb6d3a9e7dfb,0x2f7ac9436ba4b548f9582af91ca1ef02cd2f1f03|0x8594d8e9483473626908648a5539d9d65ca2fe8d|0xe552fb52a4f19e44ef5a967632dbc320b0820639,0x8594d8e9483473626908648a5539d9d65ca2fe8d,0xe552fb52a4f19e44ef5a967632dbc320b0820639,Metis,Metis,0x7e4ed93c42253cde37a7315f667594e1916ca918ce2013b8164dfb6d3a9e7dfb_Metis,1663559280,1663559280,1,1.71273e+20,171.273,465.7468716144498,0,0,0.800000,bridge_dst_event_flow,True
BNB,Poly,bnb_flow_0x7e4ed93c4225__synth_noise_dst_0,0x7e4ed93c42253cde37a7315f667594e1916ca918ce2013b8164dfb6d3a9e7dfb,0x2f7ac9436ba4b548f9582af91ca1ef02cd2f1f03|0x8594d8e9483473626908648a5539d9d65ca2fe8d|0xe552fb52a4f19e44ef5a967632dbc320b0820639,0x8594d8e9483473626908648a5539d9d65ca2fe8d,0xe552fb52a4f19e44ef5a967632dbc320b0820639,Metis,Metis,0x7e4ed93c42253cde37a7315f667594e1916ca918ce2013b8164dfb6d3a9e7dfb_Metis,1663559340,1663559340,1,1.71273e+20,171.273,465.7468716144498,0,0,0.800000,bridge_dst_event_flow,True
BNB,Poly,bnb_flow_0x7e4ed93c4225__synth_noise_dst_1,0x7e4ed93c42253cde37a7315f667594e1916ca918ce2013b8164dfb6d3a9e7dfb,0x2f7ac9436ba4b548f9582af91ca1ef02cd2f1f03|0x8594d8e9483473626908648a5539d9d65ca2fe8d|0xe552fb52a4f19e44ef5a967632dbc320b0820639,0x8594d8e9483473626908648a5539d9d65ca2fe8d,0xe552fb52a4f19e44ef5a967632dbc320b0820639,Metis,Metis,0x7e4ed93c42253cde37a7315f667594e1916ca918ce2013b8164dfb6d3a9e7dfb_Metis,1663559400,1663559400,1,1.71273e+20,171.273,465.7468716144498,0,0,0.800000,bridge_dst_event_flow,True
