chain,bridge,flow_id,tx_hashes,address_set,primary_address,token_contracts,token_symbols,asset_group,route_id,start_time,end_time,tx_count,raw_amount_sum,human_amount_sum,usd_amount_sum,aml_score_mean,aml_score_max,evidence_quality_mean,flow_construction_rule
ETH,Poly,eth_flow_0x065f9ccbd667__r7fam00__inst00__synth_split_src,0x065f9ccbd667ca9574413794f2840c37824d3bf3e41af9236c52d4aca24d0e0e,0x5d285f735998f36631f678ff41fb56a10a4d0429|0x81910675dbaf69dee0fd77570bfd07f8e436386a|0xcfc387b2d9bb52200d942752f44a41d658ee82de,0x81910675dbaf69dee0fd77570bfd07f8e436386a,0x5d285f735998f36631f678ff41fb56a10a4d0429,MIX,MIX,0x065f9ccbd667ca9574413794f2840c37824d3bf3e41af9236c52d4aca24d0e0e_MIX,1659864075,1659864075,1,8.183815043e+23,818381.5042999999,1.3299883377511594,16.279070,16.279070,0.800000,bridge_deposit_flow
ETH,Poly,eth_flow_0x065f9ccbd667__r7fam00__inst00__synth_merge_src1,0x065f9ccbd667ca9574413794f2840c37824d3bf3e41af9236c52d4aca24d0e0e,0x5d285f735998f36631f678ff41fb56a10a4d0429|0x81910675dbaf69dee0fd77570bfd07f8e436386a|0xcfc387b2d9bb52200d942752f44a41d658ee82de,0x81910675dbaf69dee0fd77570bfd07f8e436386a,0x5d285f735998f36631f678ff41fb56a10a4d0429,MIX,MIX,0x065f9ccbd667ca9574413794f2840c37824d3bf3e41af9236c52d4aca24d0e0e_MIX,1659864075,1659864075,1,4.0919075215e+23,409190.75214999996,0.6649941688755797,16.279070,16.279070,0.800000,bridge_deposit_flow
ETH,Poly,eth_flow_0x065f9ccbd667__r7fam00__inst00__synth_merge_src2,0x065f9ccbd667ca9574413794f2840c37824d3bf3e41af9236c52d4aca24d0e0e,0x5d285f735998f36631f678ff41fb56a10a4d0429|0x81910675dbaf69dee0fd77570bfd07f8e436386a|0xcfc387b2d9bb52200d942752f44a41d658ee82de,0x81910675dbaf69dee0fd77570bfd07f8e436386a,0x5d285f735998f36631f678ff41fb56a10a4d0429,MIX,MIX,0x065f9ccbd667ca9574413794f2840c37824d3bf3e41af9236c52d4aca24d0e0e_MIX,1659864075,1659864075,1,4.0919075215e+23,409190.75214999996,0.6649941688755797,16.279070,16.279070,0.800000,bridge_deposit_flow
ETH,Poly,eth_flow_0x065f9ccbd667__r7fam00__inst00__synth_unmatched_src,0x065f9ccbd667ca9574413794f2840c37824d3bf3e41af9236c52d4aca24d0e0e,0x5d285f735998f36631f678ff41fb56a10a4d0429|0x81910675dbaf69dee0fd77570bfd07f8e436386a|0xcfc387b2d9bb52200d942752f44a41d658ee82de,0x81910675dbaf69dee0fd77570bfd07f8e436386a,0x5d285f735998f36631f678ff41fb56a10a4d0429,MIX,MIX,0x065f9ccbd667ca9574413794f2840c37824d3bf3e41af9236c52d4aca24d0e0e_MIX,1659864075,1659864075,1,8.183815043e+23,818381.5042999999,1.3299883377511594,16.279070,16.279070,0.800000,bridge_deposit_flow
ETH,Poly,eth_flow_0x065f9ccbd667__r7fam00__inst00__synth_noise_src_0,0x065f9ccbd667ca9574413794f2840c37824d3bf3e41af9236c52d4aca24d0e0e,0x5d285f735998f36631f678ff41fb56a10a4d0429|0x81910675dbaf69dee0fd77570bfd07f8e436386a|0xcfc387b2d9bb52200d942752f44a41d658ee82de,0x81910675dbaf69dee0fd77570bfd07f8e436386a,0x5d285f735998f36631f678ff41fb56a10a4d0429,MIX,MIX,0x065f9ccbd667ca9574413794f2840c37824d3bf3e41af9236c52d4aca24d0e0e_MIX,1659864075,1659864075,1,8.183815043e+23,818381.5042999999,1.3299883377511594,16.279070,16.279070,0.800000,bridge_deposit_flow
ETH,Poly,eth_flow_0x065f9ccbd667__r7fam00__inst00__synth_noise_src_1,0x065f9ccbd667ca9574413794f2840c37824d3bf3e41af9236c52d4aca24d0e0e,0x5d285f735998f36631f678ff41fb56a10a4d0429|0x81910675dbaf69dee0fd77570bfd07f8e436386a|0xcfc387b2d9bb52200d942752f44a41d658ee82de,0x81910675dbaf69dee0fd77570bfd07f8e436386a,0x5d285f735998f36631f678ff41fb56a10a4d0429,MIX,MIX,0x065f9ccbd667ca9574413794f2840c37824d3bf3e41af9236c52d4aca24d0e0e_MIX,1659864075,1659864075,1,8.183815043e+23,818381.5042999999,1.3299883377511594,16.279070,16.279070,0.800000,bridge_deposit_flow
ETH,Poly,eth_flow_0xb3107f19c001__r7fam00__inst01__synth_split_src,0xb3107f19c00191b7214e4c662017354b78962bf7c551d4ff7fb6ba26e906beee,0x001a8ffcb0f03e99141652ebcdecdb0384e3bd6c|0x81910675dbaf69dee0fd77570bfd07f8e436386a|0x8594d8e9483473626908648a5539d9d65ca2fe8d,0x81910675dbaf69dee0fd77570bfd07f8e436386a,0x001a8ffcb0f03e99141652ebcdecdb0384e3bd6c,PKR,PKR,0xb3107f19c00191b7214e4c662017354b78962bf7c551d4ff7fb6ba26e906beee_PKR,1654922114,1654922114,1,1.1498216939604013e+23,114982.16939604012,2.52826702847581,16.279070,16.279070,0.800000,bridge_deposit_flow
ETH,Poly,eth_flow_0xb3107f19c001__r7fam00__inst01__synth_merge_src1,0xb3107f19c00191b7214e4c662017354b78962bf7c551d4ff7fb6ba26e906beee,0x001a8ffcb0f03e99141652ebcdecdb0384e3bd6c|0x81910675dbaf69dee0fd77570bfd07f8e436386a|0x8594d8e9483473626908648a5539d9d65ca2fe8d,0x81910675dbaf69dee0fd77570bfd07f8e436386a,0x001a8ffcb0f03e99141652ebcdecdb0384e3bd6c,PKR,PKR,0xb3107f19c00191b7214e4c662017354b78962bf7c551d4ff7fb6ba26e906beee_PKR,1654922114,1654922114,1,5.749108469802006e+22,57491.08469802006,1.264133514237905,16.279070,16.279070,0.800000,bridge_deposit_flow
ETH,Poly,eth_flow_0xb3107f19c001__r7fam00__inst01__synth_merge_src2,0xb3107f19c00191b7214e4c662017354b78962bf7c551d4ff7fb6ba26e906beee,0x001a8ffcb0f03e99141652ebcdecdb0384e3bd6c|0x81910675dbaf69dee0fd77570bfd07f8e436386a|0x8594d8e9483473626908648a5539d9d65ca2fe8d,0x81910675dbaf69dee0fd77570bfd07f8e436386a,0x001a8ffcb0f03e99141652ebcdecdb0384e3bd6c,PKR,PKR,0xb3107f19c00191b7214e4c662017354b78962bf7c551d4ff7fb6ba26e906beee_PKR,1654922114,1654922114,1,5.749108469802006e+22,57491.08469802006,1.264133514237905,16.279070,16.279070,0.800000,bridge_deposit_flow
ETH,Poly,eth_flow_0xb3107f19c001__r7fam00__inst01__synth_unmatched_src,0xb3107f19c00191b7214e4c662017354b78962bf7c551d4ff7fb6ba26e906beee,0x001a8ffcb0f03e99141652ebcdecdb0384e3bd6c|0x81910675dbaf69dee0fd77570bfd07f8e436386a|0x8594d8e9483473626908648a5539d9d65ca2fe8d,0x81910675dbaf69dee0fd77570bfd07f8e436386a,0x001a8ffcb0f03e99141652ebcdecdb0384e3bd6c,PKR,PKR,0xb3107f19c00191b7214e4c662017354b78962bf7c551d4ff7fb6ba26e906beee_PKR,1654922114,1654922114,1,1.1498216939604013e+23,114982.16939604012,2.52826702847581,16.279070,16.279070,0.800000,bridge_deposit_flow
ETH,Poly,eth_flow_0xb3107f19c001__r7fam00__inst01__synth_noise_src_0,0xb3107f19c00191b7214e4c662017354b78962bf7c551d4ff7fb6ba26e906beee,0x001a8ffcb0f03e99141652ebcdecdb0384e3bd6c|0x81910675dbaf69dee0fd77570bfd07f8e436386a|0x8594d8e9483473626908648a5539d9d65ca2fe8d,0x81910675dbaf69dee0fd77570bfd07f8e436386a,0x001a8ffcb0f03e99141652ebcdecdb0384e3bd6c,PKR,PKR,0xb3107f19c00191b7214e4c662017354b78962bf7c551d4ff7fb6ba26e906beee_PKR,1654922114,1654922114,1,1.1498216939604013e+23,114982.16939604012,2.52826702847581,16.279070,16.279070,0.800000,bridge_deposit_flow
ETH,Poly,eth_flow_0xb3107f19c001__r7fam00__inst01__synth_noise_src_1,0xb3107f19c00191b7214e4c662017354b78962bf7c551d4ff7fb6ba26e906beee,0x001a8ffcb0f03e99141652ebcdecdb0384e3bd6c|0x81910675dbaf69dee0fd77570bfd07f8e436386a|0x8594d8e9483473626908648a5539d9d65ca2fe8d,0x81910675dbaf69dee0fd77570bfd07f8e436386a,0x001a8ffcb0f03e99141652ebcdecdb0384e3bd6c,PKR,PKR,0xb3107f19c00191b7214e4c662017354b78962bf7c551d4ff7fb6ba26e906beee_PKR,1654922114,1654922114,1,1.1498216939604013e+23,114982.16939604012,2.52826702847581,16.279070,16.279070,0.800000,bridge_deposit_flow
ETH,Poly,eth_flow_0x4b48f17be7b3__r7fam01__inst00__synth_split_src,0x4b48f17be7b3c08fc05396b965b82fc03bc5bfd64225a2817b7c45472e4c3f81,0x5d285f735998f36631f678ff41fb56a10a4d0429|0x81910675dbaf69dee0fd77570bfd07f8e436386a|0xcfc387b2d9bb52200d942752f44a41d658ee82de,0x81910675dbaf69dee0fd77570bfd07f8e436386a,0x5d285f735998f36631f678ff41fb56a10a4d0429,MIX,MIX,0x4b48f17be7b3c08fc05396b965b82fc03bc5bfd64225a2817b7c45472e4c3f81_MIX,1657603483,1657603483,1,4.995e+23,499500.0,0.8117597614512757,16.279070,16.279070,0.800000,bridge_deposit_flow
ETH,Poly,eth_flow_0x4b48f17be7b3__r7fam01__inst00__synth_merge_src1,0x4b48f17be7b3c08fc05396b965b82fc03bc5bfd64225a2817b7c45472e4c3f81,0x5d285f735998f36631f678ff41fb56a10a4d0429|0x81910675dbaf69dee0fd77570bfd07f8e436386a|0xcfc387b2d9bb52200d942752f44a41d658ee82de,0x81910675dbaf69dee0fd77570bfd07f8e436386a,0x5d285f735998f36631f678ff41fb56a10a4d0429,MIX,MIX,0x4b48f17be7b3c08fc05396b965b82fc03bc5bfd64225a2817b7c45472e4c3f81_MIX,1657603483,1657603483,1,2.4975e+23,249750.0,0.40587988072563785,16.279070,16.279070,0.800000,bridge_deposit_flow
ETH,Poly,eth_flow_0x4b48f17be7b3__r7fam01__inst00__synth_merge_src2,0x4b48f17be7b3c08fc05396b965b82fc03bc5bfd64225a2817b7c45472e4c3f81,0x5d285f735998f36631f678ff41fb56a10a4d0429|0x81910675dbaf69dee0fd77570bfd07f8e436386a|0xcfc387b2d9bb52200d942752f44a41d658ee82de,0x81910675dbaf69dee0fd77570bfd07f8e436386a,0x5d285f735998f36631f678ff41fb56a10a4d0429,MIX,MIX,0x4b48f17be7b3c08fc05396b965b82fc03bc5bfd64225a2817b7c45472e4c3f81_MIX,1657603483,1657603483,1,2.4975e+23,249750.0,0.40587988072563785,16.279070,16.279070,0.800000,bridge_deposit_flow
ETH,Poly,eth_flow_0x4b48f17be7b3__r7fam01__inst00__synth_unmatched_src,0x4b48f17be7b3c08fc05396b965b82fc03bc5bfd64225a2817b7c45472e4c3f81,0x5d285f735998f36631f678ff41fb56a10a4d0429|0x81910675dbaf69dee0fd77570bfd07f8e436386a|0xcfc387b2d9bb52200d942752f44a41d658ee82de,0x81910675dbaf69dee0fd77570bfd07f8e436386a,0x5d285f735998f36631f678ff41fb56a10a4d0429,MIX,MIX,0x4b48f17be7b3c08fc05396b965b82fc03bc5bfd64225a2817b7c45472e4c3f81_MIX,1657603483,1657603483,1,4.995e+23,499500.0,0.8117597614512757,16.279070,16.279070,0.800000,bridge_deposit_flow
ETH,Poly,eth_flow_0x4b48f17be7b3__r7fam01__inst00__synth_noise_src_0,0x4b48f17be7b3c08fc05396b965b82fc03bc5bfd64225a2817b7c45472e4c3f81,0x5d285f735998f36631f678ff41fb56a10a4d0429|0x81910675dbaf69dee0fd77570bfd07f8e436386a|0xcfc387b2d9bb52200d942752f44a41d658ee82de,0x81910675dbaf69dee0fd77570bfd07f8e436386a,0x5d285f735998f36631f678ff41fb56a10a4d0429,MIX,MIX,0x4b48f17be7b3c08fc05396b965b82fc03bc5bfd64225a2817b7c45472e4c3f81_MIX,1657603483,1657603483,1,4.995e+23,499500.0,0.8117597614512757,16.279070,16.279070,0.800000,bridge_deposit_flow
ETH,Poly,eth_flow_0x4b48f17be7b3__r7fam01__inst00__synth_noise_src_1,0x4b48f17be7b3c08fc05396b965b82fc03bc5bfd64225a2817b7c45472e4c3f81,0x5d285f735998f36631f678ff41fb56a10a4d0429|0x81910675dbaf69dee0fd77570bfd07f8e436386a|0xcfc387b2d9bb52200d942752f44a41d658ee82de,0x81910675dbaf69dee0fd77570bfd07f8e436386a,0x5d285f735998f36631f678ff41fb56a10a4d0429,MIX,MIX,0x4b48f17be7b3c08fc05396b965b82fc03bc5bfd64225a2817b7c45472e4c3f81_MIX,1657603483,1657603483,1,4.995e+23,499500.0,0.8117597614512757,16.279070,16.279070,0.800000,bridge_deposit_flow
ETH,Poly,eth_flow_0xe8a82d662c9e__r7fam01__inst01__synth_split_src,0xe8a82d662c9e94aabe6efd8a9401401d2212b1b098cda37e34247d5a29f56b08,0x001a8ffcb0f03e99141652ebcdecdb0384e3bd6c|0x81910675dbaf69dee0fd77570bfd07f8e436386a|0xa787f09349999a61434cfb75118c6a9d0cac9406,0x81910675dbaf69dee0fd77570bfd07f8e436386a,0x001a8ffcb0f03e99141652ebcdecdb0384e3bd6c,PKR,PKR,0xe8a82d662c9e94aabe6efd8a9401401d2212b1b098cda37e34247d5a29f56b08_PKR,1646071828,1646071828,1,1.0777290826060364e+23,107772.90826060364,2.3697473438661385,16.279070,16.279070,0.800000,bridge_deposit_flow
ETH,Poly,eth_flow_0xe8a82d662c9e__r7fam01__inst01__synth_merge_src1,0xe8a82d662c9e94aabe6efd8a9401401d2212b1b098cda37e34247d5a29f56b08,0x001a8ffcb0f03e99141652ebcdecdb0384e3bd6c|0x81910675dbaf69dee0fd77570bfd07f8e436386a|0xa787f09349999a61434cfb75118c6a9d0cac9406,0x81910675dbaf69dee0fd77570bfd07f8e436386a,0x001a8ffcb0f03e99141652ebcdecdb0384e3bd6c,PKR,PKR,0xe8a82d662c9e94aabe6efd8a9401401d2212b1b098cda37e34247d5a29f56b08_PKR,1646071828,1646071828,1,5.388645413030182e+22,53886.45413030182,1.1848736719330693,16.279070,16.279070,0.800000,bridge_deposit_flow
ETH,Poly,eth_flow_0xe8a82d662c9e__r7fam01__inst01__synth_merge_src2,0xe8a82d662c9e94aabe6efd8a9401401d2212b1b098cda37e34247d5a29f56b08,0x001a8ffcb0f03e99141652ebcdecdb0384e3bd6c|0x81910675dbaf69dee0fd77570bfd07f8e436386a|0xa787f09349999a61434cfb75118c6a9d0cac9406,0x81910675dbaf69dee0fd77570bfd07f8e436386a,0x001a8ffcb0f03e99141652ebcdecdb0384e3bd6c,PKR,PKR,0xe8a82d662c9e94aabe6efd8a9401401d2212b1b098cda37e34247d5a29f56b08_PKR,1646071828,1646071828,1,5.388645413030182e+22,53886.45413030182,1.1848736719330693,16.279070,16.279070,0.800000,bridge_deposit_flow
ETH,Poly,eth_flow_0xe8a82d662c9e__r7fam01__inst01__synth_unmatched_src,0xe8a82d662c9e94aabe6efd8a9401401d2212b1b098cda37e34247d5a29f56b08,0x001a8ffcb0f03e99141652ebcdecdb0384e3bd6c|0x81910675dbaf69dee0fd77570bfd07f8e436386a|0xa787f09349999a61434cfb75118c6a9d0cac9406,0x81910675dbaf69dee0fd77570bfd07f8e436386a,0x001a8ffcb0f03e99141652ebcdecdb0384e3bd6c,PKR,PKR,0xe8a82d662c9e94aabe6efd8a9401401d2212b1b098cda37e34247d5a29f56b08_PKR,1646071828,1646071828,1,1.0777290826060364e+23,107772.90826060364,2.3697473438661385,16.279070,16.279070,0.800000,bridge_deposit_flow
ETH,Poly,eth_flow_0xe8a82d662c9e__r7fam01__inst01__synth_noise_src_0,0xe8a82d662c9e94aabe6efd8a9401401d2212b1b098cda37e34247d5a29f56b08,0x001a8ffcb0f03e99141652ebcdecdb0384e3bd6c|0x81910675dbaf69dee0fd77570bfd07f8e436386a|0xa787f09349999a61434cfb75118c6a9d0cac9406,0x81910675dbaf69dee0fd77570bfd07f8e436386a,0x001a8ffcb0f03e99141652ebcdecdb0384e3bd6c,PKR,PKR,0xe8a82d662c9e94aabe6efd8a9401401d2212b1b098cda37e34247d5a29f56b08_PKR,1646071828,1646071828,1,1.0777290826060364e+23,107772.90826060364,2.3697473438661385,16.279070,16.279070,0.800000,bridge_deposit_flow
ETH,Poly,eth_flow_0xe8a82d662c9e__r7fam01__inst01__synth_noise_src_1,0xe8a82d662c9e94aabe6efd8a9401401d2212b1b098cda37e34247d5a29f56b08,0x001a8ffcb0f03e99141652ebcdecdb0384e3bd6c|0x81910675dbaf69dee0fd77570bfd07f8e436386a|0xa787f09349999a61434cfb75118c6a9d0cac9406,0x81910675dbaf69dee0fd77570bfd07f8e436386a,0x001a8ffcb0f03e99141652ebcdecdb0384e3bd6c,PKR,PKR,0xe8a82d662c9e94aabe6efd8a9401401d2212b1b098cda37e34247d5a29f56b08_PKR,1646071828,1646071828,1,1.0777290826060364e+23,107772.90826060364,2.3697473438661385,16.279070,16.279070,0.800000,bridge_deposit_flow
ETH,Poly,eth_flow_0xfd061209995d__r7fam02__inst00__synth_split_src,0xfd061209995d2039e62ef3c82d59b9abffaf8d6d9e7a89eed6198c50f75d592d,0x5d285f735998f36631f678ff41fb56a10a4d0429|0x81910675dbaf69dee0fd77570bfd07f8e436386a|0xcfc387b2d9bb52200d942752f44a41d658ee82de,0x81910675dbaf69dee0fd77570bfd07f8e436386a,0x5d285f735998f36631f678ff41fb56a10a4d0429,MIX,MIX,0xfd061209995d2039e62ef3c82d59b9abffaf8d6d9e7a89eed6198c50f75d592d_MIX,1652096489,1652096489,1,8.995e+23,899500.0,1.4618176284793245,16.279070,16.279070,0.800000,bridge_deposit_flow
ETH,Poly,eth_flow_0xfd061209995d__r7fam02__inst00__synth_merge_src1,0xfd061209995d2039e62ef3c82d59b9abffaf8d6d9e7a89eed6198c50f75d592d,0x5d285f735998f36631f678ff41fb56a10a4d0429|0x81910675dbaf69dee0fd77570bfd07f8e436386a|0xcfc387b2d9bb52200d942752f44a41d658ee82de,0x81910675dbaf69dee0fd77570bfd07f8e436386a,0x5d285f735998f36631f678ff41fb56a10a4d0429,MIX,MIX,0xfd061209995d2039e62ef3c82d59b9abffaf8d6d9e7a89eed6198c50f75d592d_MIX,1652096489,1652096489,1,4.4975e+23,449750.0,0.7309088142396623,16.279070,16.279070,0.800000,bridge_deposit_flow
ETH,Poly,eth_flow_0xfd061209995d__r7fam02__inst00__synth_merge_src2,0xfd061209995d2039e62ef3c82d59b9abffaf8d6d9e7a89eed6198c50f75d592d,0x5d285f735998f36631f678ff41fb56a10a4d0429|0x81910675dbaf69dee0fd77570bfd07f8e436386a|0xcfc387b2d9bb52200d942752f44a41d658ee82de,0x81910675dbaf69dee0fd77570bfd07f8e436386a,0x5d285f735998f36631f678ff41fb56a10a4d0429,MIX,MIX,0xfd061209995d2039e62ef3c82d59b9abffaf8d6d9e7a89eed6198c50f75d592d_MIX,1652096489,1652096489,1,4.4975e+23,449750.0,0.7309088142396623,16.279070,16.279070,0.800000,bridge_deposit_flow
ETH,Poly,eth_flow_0xfd061209995d__r7fam02__inst00__synth_unmatched_src,0xfd061209995d2039e62ef3c82d59b9abffaf8d6d9e7a89eed6198c50f75d592d,0x5d285f735998f36631f678ff41fb56a10a4d0429|0x81910675dbaf69dee0fd77570bfd07f8e436386a|0xcfc387b2d9bb52200d942752f44a41d658ee82de,0x81910675dbaf69dee0fd77570bfd07f8e436386a,0x5d285f735998f36631f678ff41fb56a10a4d0429,MIX,MIX,0xfd061209995d2039e62ef3c82d59b9abffaf8d6d9e7a89eed6198c50f75d592d_MIX,1652096489,1652096489,1,8.995e+23,899500.0,1.4618176284793245,16.279070,16.279070,0.800000,bridge_deposit_flow
ETH,Poly,eth_flow_0xfd061209995d__r7fam02__inst00__synth_noise_src_0,0xfd061209995d2039e62ef3c82d59b9abffaf8d6d9e7a89eed6198c50f75d592d,0x5d285f735998f36631f678ff41fb56a10a4d0429|0x81910675dbaf69dee0fd77570bfd07f8e436386a|0xcfc387b2d9bb52200d942752f44a41d658ee82de,0x81910675dbaf69dee0fd77570bfd07f8e436386a,0x5d285f735998f36631f678ff41fb56a10a4d0429,MIX,MIX,0xfd061209995d2039e62ef3c82d59b9abffaf8d6d9e7a89eed6198c50f75d592d_MIX,1652096489,1652096489,1,8.995e+23,899500.0,1.4618176284793245,16.279070,16.279070,0.800000,bridge_deposit_flow
ETH,Poly,eth_flow_0xfd061209995d__r7fam02__inst00__synth_noise_src_1,0xfd061209995d2039e62ef3c82d59b9abffaf8d6d9e7a89eed6198c50f75d592d,0x5d285f735998f36631f678ff41fb56a10a4d0429|0x81910675dbaf69dee0fd77570bfd07f8e436386a|0xcfc387b2d9bb52200d942752f44a41d658ee82de,0x81910675dbaf69dee0fd77570bfd07f8e436386a,0x5d285f735998f36631f678ff41fb56a10a4d0429,MIX,MIX,0xfd061209995d2039e62ef3c82d59b9abffaf8d6d9e7a89eed6198c50f75d592d_MIX,1652096489,1652096489,1,8.995e+23,899500.0,1.4618176284793245,16.279070,16.279070,0.800000,bridge_deposit_flow
ETH,Poly,eth_flow_0x5ff406352113__r7fam02__inst01__synth_split_src,0x5ff4063521135f22e72d58bdb580d63c84133b7c69e4d5d4526d4fbaa445234d,0x001a8ffcb0f03e99141652ebcdecdb0384e3bd6c|0x67ebc532d648e6164a6fd726ff0b39e69180dafe|0x81910675dbaf69dee0fd77570bfd07f8e436386a,0x81910675dbaf69dee0fd77570bfd07f8e436386a,0x001a8ffcb0f03e99141652ebcdecdb0384e3bd6c,PKR,PKR,0x5ff4063521135f22e72d58bdb580d63c84133b7c69e4d5d4526d4fbaa445234d_PKR,1652196019,1652196019,1,1.2571084818830432e+23,125710.84818830431,2.764172864937819,20.930233,20.930233,0.800000,bridge_deposit_flow
ETH,Poly,eth_flow_0x5ff406352113__r7fam02__inst01__synth_merge_src1,0x5ff4063521135f22e72d58bdb580d63c84133b7c69e4d5d4526d4fbaa445234d,0x001a8ffcb0f03e99141652ebcdecdb0384e3bd6c|0x67ebc532d648e6164a6fd726ff0b39e69180dafe|0x81910675dbaf69dee0fd77570bfd07f8e436386a,0x81910675dbaf69dee0fd77570bfd07f8e436386a,0x001a8ffcb0f03e99141652ebcdecdb0384e3bd6c,PKR,PKR,0x5ff4063521135f22e72d58bdb580d63c84133b7c69e4d5d4526d4fbaa445234d_PKR,1652196019,1652196019,1,6.285542409415216e+22,62855.42409415216,1.3820864324689095,20.930233,20.930233,0.800000,bridge_deposit_flow
ETH,Poly,eth_flow_0x5ff406352113__r7fam02__inst01__synth_merge_src2,0x5ff4063521135f22e72d58bdb580d63c84133b7c69e4d5d4526d4fbaa445234d,0x001a8ffcb0f03e99141652ebcdecdb0384e3bd6c|0x67ebc532d648e6164a6fd726ff0b39e69180dafe|0x81910675dbaf69dee0fd77570bfd07f8e436386a,0x81910675dbaf69dee0fd77570bfd07f8e436386a,0x001a8ffcb0f03e99141652ebcdecdb0384e3bd6c,PKR,PKR,0x5ff4063521135f22e72d58bdb580d63c84133b7c69e4d5d4526d4fbaa445234d_PKR,1652196019,1652196019,1,6.285542409415216e+22,62855.42409415216,1.3820864324689095,20.930233,20.930233,0.800000,bridge_deposit_flow
ETH,Poly,eth_flow_0x5ff406352113__r7fam02__inst01__synth_unmatched_src,0x5ff4063521135f22e72d58bdb580d63c84133b7c69e4d5d4526d4fbaa445234d,0x001a8ffcb0f03e99141652ebcdecdb0384e3bd6c|0x67ebc532d648e6164a6fd726ff0b39e69180dafe|0x81910675dbaf69dee0fd77570bfd07f8e436386a,0x81910675dbaf69dee0fd77570bfd07f8e436386a,0x001a8ffcb0f03e99141652ebcdecdb0384e3bd6c,PKR,PKR,0x5ff4063521135f22e72d58bdb580d63c84133b7c69e4d5d4526d4fbaa445234d_PKR,1652196019,1652196019,1,1.2571084818830432e+23,125710.84818830431,2.764172864937819,20.930233,20.930233,0.800000,bridge_deposit_flow
ETH,Poly,eth_flow_0x5ff406352113__r7fam02__inst01__synth_noise_src_0,0x5ff4063521135f22e72d58bdb580d63c84133b7c69e4d5d4526d4fbaa445234d,0x001a8ffcb0f03e99141652ebcdecdb0384e3bd6c|0x67ebc532d648e6164a6fd726ff0b39e69180dafe|0x81910675dbaf69dee0fd77570bfd07f8e436386a,0x81910675dbaf69dee0fd77570bfd07f8e436386a,0x001a8ffcb0f03e99141652ebcdecdb0384e3bd6c,PKR,PKR,0x5ff4063521135f22e72d58bdb580d63c84133b7c69e4d5d4526d4fbaa445234d_PKR,1652196019,1652196019,1,1.2571084818830432e+23,125710.84818830431,2.764172864937819,20.930233,20.930233,0.800000,bridge_deposit_flow
ETH,Poly,eth_flow_0x5ff406352113__r7fam02__inst01__synth_noise_src_1,0x5ff4063521135f22e72d58bdb580d63c84133b7c69e4d5d4526d4fbaa445234d,0x001a8ffcb0f03e99141652ebcdecdb0384e3bd6c|0x67ebc532d648e6164a6fd726ff0b39e69180dafe|0x81910675dbaf69dee0fd77570bfd07f8e436386a,0x81910675dbaf69dee0fd77570bfd07f8e436386a,0x001a8ffcb0f03e99141652ebcdecdb0384e3bd6c,PKR,PKR,0x5ff4063521135f22e72d58bdb580d63c84133b7c69e4d5d4526d4fbaa445234d_PKR,1652196019,1652196019,1,1.2571084818830432e+23,125710.84818830431,2.764172864937819,20.930233,20.930233,0.800000,bridge_deposit_flow
ETH,Poly,eth_flow_0x027cd0ff4af4__r7fam03__inst00__synth_split_src,0x027cd0ff4af42e822abfe31169ad4749d0826a512e594b94c61fb1e9ed6155f9,0x5d285f735998f36631f678ff41fb56a10a4d0429|0x81910675dbaf69dee0fd77570bfd07f8e436386a|0xcfc387b2d9bb52200d942752f44a41d658ee82de,0x81910675dbaf69dee0fd77570bfd07f8e436386a,0x5d285f735998f36631f678ff41fb56a10a4d0429,MIX,MIX,0x027cd0ff4af42e822abfe31169ad4749d0826a512e594b94c61fb1e9ed6155f9_MIX,1653459481,1653459481,1,9.995e+23,999500.0,1.6243320952363365,16.279070,16.279070,0.800000,bridge_deposit_flow
ETH,Poly,eth_flow_0x027cd0ff4af4__r7fam03__inst00__synth_merge_src1,0x027cd0ff4af42e822abfe31169ad4749d0826a512e594b94c61fb1e9ed6155f9,0x5d285f735998f36631f678ff41fb56a10a4d0429|0x81910675dbaf69dee0fd77570bfd07f8e436386a|0xcfc387b2d9bb52200d942752f44a41d658ee82de,0x81910675dbaf69dee0fd77570bfd07f8e436386a,0x5d285f735998f36631f678ff41fb56a10a4d0429,MIX,MIX,0x027cd0ff4af42e822abfe31169ad4749d0826a512e594b94c61fb1e9ed6155f9_MIX,1653459481,1653459481,1,4.9975e+23,499750.0,0.8121660476181682,16.279070,16.279070,0.800000,bridge_deposit_flow
ETH,Poly,eth_flow_0x027cd0ff4af4__r7fam03__inst00__synth_merge_src2,0x027cd0ff4af42e822abfe31169ad4749d0826a512e594b94c61fb1e9ed6155f9,0x5d285f735998f36631f678ff41fb56a10a4d0429|0x81910675dbaf69dee0fd77570bfd07f8e436386a|0xcfc387b2d9bb52200d942752f44a41d658ee82de,0x81910675dbaf69dee0fd77570bfd07f8e436386a,0x5d285f735998f36631f678ff41fb56a10a4d0429,MIX,MIX,0x027cd0ff4af42e822abfe31169ad4749d0826a512e594b94c61fb1e9ed6155f9_MIX,1653459481,1653459481,1,4.9975e+23,499750.0,0.8121660476181682,16.279070,16.279070,0.800000,bridge_deposit_flow
ETH,Poly,eth_flow_0x027cd0ff4af4__r7fam03__inst00__synth_unmatched_src,0x027cd0ff4af42e822abfe31169ad4749d0826a512e594b94c61fb1e9ed6155f9,0x5d285f735998f36631f678ff41fb56a10a4d0429|0x81910675dbaf69dee0fd77570bfd07f8e436386a|0xcfc387b2d9bb52200d942752f44a41d658ee82de,0x81910675dbaf69dee0fd77570bfd07f8e436386a,0x5d285f735998f36631f678ff41fb56a10a4d0429,MIX,MIX,0x027cd0ff4af42e822abfe31169ad4749d0826a512e594b94c61fb1e9ed6155f9_MIX,1653459481,1653459481,1,9.995e+23,999500.0,1.6243320952363365,16.279070,16.279070,0.800000,bridge_deposit_flow
ETH,Poly,eth_flow_0x027cd0ff4af4__r7fam03__inst00__synth_noise_src_0,0x027cd0ff4af42e822abfe31169ad4749d0826a512e594b94c61fb1e9ed6155f9,0x5d285f735998f36631f678ff41fb56a10a4d0429|0x81910675dbaf69dee0fd77570bfd07f8e436386a|0xcfc387b2d9bb52200d942752f44a41d658ee82de,0x81910675dbaf69dee0fd77570bfd07f8e436386a,0x5d285f735998f36631f678ff41fb56a10a4d0429,MIX,MIX,0x027cd0ff4af42e822abfe31169ad4749d0826a512e594b94c61fb1e9ed6155f9_MIX,1653459481,1653459481,1,9.995e+23,999500.0,1.6243320952363365,16.279070,16.279070,0.800000,bridge_deposit_flow
ETH,Poly,eth_flow_0x027cd0ff4af4__r7fam03__inst00__synth_noise_src_1,0x027cd0ff4af42e822abfe31169ad4749d0826a512e594b94c61fb1e9ed6155f9,0x5d285f735998f36631f678ff41fb56a10a4d0429|0x81910675dbaf69dee0fd77570bfd07f8e436386a|0xcfc387b2d9bb52200d942752f44a41d658ee82de,0x81910675dbaf69dee0fd77570bfd07f8e436386a,0x5d285f735998f36631f678ff41fb56a10a4d0429,MIX,MIX,0x027cd0ff4af42e822abfe31169ad4749d0826a512e594b94c61fb1e9ed6155f9_MIX,1653459481,1653459481,1,9.995e+23,999500.0,1.6243320952363365,16.279070,16.279070,0.800000,bridge_deposit_flow
ETH,Poly,eth_flow_0x84f19177d613__r7fam03__inst01__synth_split_src,0x84f19177d61319e9992cd3decdc62c0d1d6089727d0cdd5f3bb3d3889e199b01,0x5d285f735998f36631f678ff41fb56a10a4d0429|0x81910675dbaf69dee0fd77570bfd07f8e436386a|0xf29f568f971c043df7079a3121e9de616b8998a3,0x81910675dbaf69dee0fd77570bfd07f8e436386a,0x5d285f735998f36631f678ff41fb56a10a4d0429,MIX,MIX,0x84f19177d61319e9992cd3decdc62c0d1d6089727d0cdd5f3bb3d3889e199b01_MIX,1653040698,1653040698,1,3.9950000009714e+23,399500.00009714,0.6492452948521301,16.279070,16.279070,0.800000,bridge_deposit_flow
ETH,Poly,eth_flow_0x84f19177d613__r7fam03__inst01__synth_merge_src1,0x84f19177d61319e9992cd3decdc62c0d1d6089727d0cdd5f3bb3d3889e199b01,0x5d285f735998f36631f678ff41fb56a10a4d0429|0x81910675dbaf69dee0fd77570bfd07f8e436386a|0xf29f568f971c043df7079a3121e9de616b8998a3,0x81910675dbaf69dee0fd77570bfd07f8e436386a,0x5d285f735998f36631f678ff41fb56a10a4d0429,MIX,MIX,0x84f19177d61319e9992cd3decdc62c0d1d6089727d0cdd5f3bb3d3889e199b01_MIX,1653040698,1653040698,1,1.9975000004857e+23,199750.00004857,0.32462264742606506,16.279070,16.279070,0.800000,bridge_deposit_flow
ETH,Poly,eth_flow_0x84f19177d613__r7fam03__inst01__synth_merge_src2,0x84f19177d61319e9992cd3decdc62c0d1d6089727d0cdd5f3bb3d3889e199b01,0x5d285f735998f36631f678ff41fb56a10a4d0429|0x81910675dbaf69dee0fd77570bfd07f8e436386a|0xf29f568f971c043df7079a3121e9de616b8998a3,0x81910675dbaf69dee0fd77570bfd07f8e436386a,0x5d285f735998f36631f678ff41fb56a10a4d0429,MIX,MIX,0x84f19177d61319e9992cd3decdc62c0d1d6089727d0cdd5f3bb3d3889e199b01_MIX,1653040698,1653040698,1,1.9975000004857e+23,199750.00004857,0.32462264742606506,16.279070,16.279070,0.800000,bridge_deposit_flow
ETH,Poly,eth_flow_0x84f19177d613__r7fam03__inst01__synth_unmatched_src,0x84f19177d61319e9992cd3decdc62c0d1d6089727d0cdd5f3bb3d3889e199b01,0x5d285f735998f36631f678ff41fb56a10a4d0429|0x81910675dbaf69dee0fd77570bfd07f8e436386a|0xf29f568f971c043df7079a3121e9de616b8998a3,0x81910675dbaf69dee0fd77570bfd07f8e436386a,0x5d285f735998f36631f678ff41fb56a10a4d0429,MIX,MIX,0x84f19177d61319e9992cd3decdc62c0d1d6089727d0cdd5f3bb3d3889e199b01_MIX,1653040698,1653040698,1,3.9950000009714e+23,399500.00009714,0.6492452948521301,16.279070,16.279070,0.800000,bridge_deposit_flow
ETH,Poly,eth_flow_0x84f19177d613__r7fam03__inst01__synth_noise_src_0,0x84f19177d61319e9992cd3decdc62c0d1d6089727d0cdd5f3bb3d3889e199b01,0x5d285f735998f36631f678ff41fb56a10a4d0429|0x81910675dbaf69dee0fd77570bfd07f8e436386a|0xf29f568f971c043df7079a3121e9de616b8998a3,0x81910675dbaf69dee0fd77570bfd07f8e436386a,0x5d285f735998f36631f678ff41fb56a10a4d0429,MIX,MIX,0x84f19177d61319e9992cd3decdc62c0d1d6089727d0cdd5f3bb3d3889e199b01_MIX,1653040698,1653040698,1,3.9950000009714e+23,399500.00009714,0.6492452948521301,16.279070,16.279070,0.800000,bridge_deposit_flow
ETH,Poly,eth_flow_0x84f19177d613__r7fam03__inst01__synth_noise_src_1,0x84f19177d61319e9992cd3decdc62c0d1d6089727d0cdd5f3bb3d3889e199b01,0x5d285f735998f36631f678ff41fb56a10a4d0429|0x81910675dbaf69dee0fd77570bfd07f8e436386a|0xf29f568f971c043df7079a3121e9de616b8998a3,0x81910675dbaf69dee0fd77570bfd07f8e436386a,0x5d285f735998f36631f678ff41fb56a10a4d0429,MIX,MIX,0x84f19177d61319e9992cd3decdc62c0d1d6089727d0cdd5f3bb3d3889e199b01_MIX,1653040698,1653040698,1,3.9950000009714e+23,399500.00009714,0.6492452948521301,16.279070,16.279070,0.800000,bridge_deposit_flow
ETH,Poly,eth_flow_0x5cbead7f05de__r7fam04__inst00__synth_split_src,0x5cbead7f05dedf7876b078961102e2079fcf3e0e0c6d987cfa7ccc8317743dec,0x5d285f735998f36631f678ff41fb56a10a4d0429|0x81910675dbaf69dee0fd77570bfd07f8e436386a|0xcfc387b2d9bb52200d942752f44a41d658ee82de,0x81910675dbaf69dee0fd77570bfd07f8e436386a,0x5d285f735998f36631f678ff41fb56a10a4d0429,MIX,MIX,0x5cbead7f05dedf7876b078961102e2079fcf3e0e0c6d987cfa7ccc8317743dec_MIX,1670833655,1670833655,1,9.99598e+23,999598.0,1.6244913594137584,16.279070,16.279070,0.775000,bridge_deposit_flow
ETH,Poly,eth_flow_0x5cbead7f05de__r7fam04__inst00__synth_merge_src1,0x5cbead7f05dedf7876b078961102e2079fcf3e0e0c6d987cfa7ccc8317743dec,0x5d285f735998f36631f678ff41fb56a10a4d0429|0x81910675dbaf69dee0fd77570bfd07f8e436386a|0xcfc387b2d9bb52200d942752f44a41d658ee82de,0x81910675dbaf69dee0fd77570bfd07f8e436386a,0x5d285f735998f36631f678ff41fb56a10a4d0429,MIX,MIX,0x5cbead7f05dedf7876b078961102e2079fcf3e0e0c6d987cfa7ccc8317743dec_MIX,1670833655,1670833655,1,4.99799e+23,499799.0,0.8122456797068792,16.279070,16.279070,0.775000,bridge_deposit_flow
ETH,Poly,eth_flow_0x5cbead7f05de__r7fam04__inst00__synth_merge_src2,0x5cbead7f05dedf7876b078961102e2079fcf3e0e0c6d987cfa7ccc8317743dec,0x5d285f735998f36631f678ff41fb56a10a4d0429|0x81910675dbaf69dee0fd77570bfd07f8e436386a|0xcfc387b2d9bb52200d942752f44a41d658ee82de,0x81910675dbaf69dee0fd77570bfd07f8e436386a,0x5d285f735998f36631f678ff41fb56a10a4d0429,MIX,MIX,0x5cbead7f05dedf7876b078961102e2079fcf3e0e0c6d987cfa7ccc8317743dec_MIX,1670833655,1670833655,1,4.99799e+23,499799.0,0.8122456797068792,16.279070,16.279070,0.775000,bridge_deposit_flow
ETH,Poly,eth_flow_0x5cbead7f05de__r7fam04__inst00__synth_unmatched_src,0x5cbead7f05dedf7876b078961102e2079fcf3e0e0c6d987cfa7ccc8317743dec,0x5d285f735998f36631f678ff41fb56a10a4d0429|0x81910675dbaf69dee0fd77570bfd07f8e436386a|0xcfc387b2d9bb52200d942752f44a41d658ee82de,0x81910675dbaf69dee0fd77570bfd07f8e436386a,0x5d285f735998f36631f678ff41fb56a10a4d0429,MIX,MIX,0x5cbead7f05dedf7876b078961102e2079fcf3e0e0c6d987cfa7ccc8317743dec_MIX,1670833655,1670833655,1,9.99598e+23,999598.0,1.6244913594137584,16.279070,16.279070,0.775000,bridge_deposit_flow
ETH,Poly,eth_flow_0x5cbead7f05de__r7fam04__inst00__synth_noise_src_0,0x5cbead7f05dedf7876b078961102e2079fcf3e0e0c6d987cfa7ccc8317743dec,0x5d285f735998f36631f678ff41fb56a10a4d0429|0x81910675dbaf69dee0fd77570bfd07f8e436386a|0xcfc387b2d9bb52200d942752f44a41d658ee82de,0x81910675dbaf69dee0fd77570bfd07f8e436386a,0x5d285f735998f36631f678ff41fb56a10a4d0429,MIX,MIX,0x5cbead7f05dedf7876b078961102e2079fcf3e0e0c6d987cfa7ccc8317743dec_MIX,1670833655,1670833655,1,9.99598e+23,999598.0,1.6244913594137584,16.279070,16.279070,0.775000,bridge_deposit_flow
ETH,Poly,eth_flow_0x5cbead7f05de__r7fam04__inst00__synth_noise_src_1,0x5cbead7f05dedf7876b078961102e2079fcf3e0e0c6d987cfa7ccc8317743dec,0x5d285f735998f36631f678ff41fb56a10a4d0429|0x81910675dbaf69dee0fd77570bfd07f8e436386a|0xcfc387b2d9bb52200d942752f44a41d658ee82de,0x81910675dbaf69dee0fd77570bfd07f8e436386a,0x5d285f735998f36631f678ff41fb56a10a4d0429,MIX,MIX,0x5cbead7f05dedf7876b078961102e2079fcf3e0e0c6d987cfa7ccc8317743dec_MIX,1670833655,1670833655,1,9.99598e+23,999598.0,1.6244913594137584,16.279070,16.279070,0.775000,bridge_deposit_flow
ETH,Poly,eth_flow_0xf2811e5bf639__r7fam04__inst01__synth_split_src,0xf2811e5bf6391015cfea50a17b275cf8d517c1778f4f7933fa36644f9298cea5,0x001a8ffcb0f03e99141652ebcdecdb0384e3bd6c|0x81910675dbaf69dee0fd77570bfd07f8e436386a|0x947c4efaf086821ed8f5d3980d466808f3fe4808,0x81910675dbaf69dee0fd77570bfd07f8e436386a,0x001a8ffcb0f03e99141652ebcdecdb0384e3bd6c,PKR,PKR,0xf2811e5bf6391015cfea50a17b275cf8d517c1778f4f7933fa36644f9298cea5_PKR,1670735687,1670735687,1,7.270431213945581e+22,72704.3121394558,1.5986471309048909,0.000000,0.000000,0.775000,bridge_deposit_flow
ETH,Poly,eth_flow_0xf2811e5bf639__r7fam04__inst01__synth_merge_src1,0xf2811e5bf6391015cfea50a17b275cf8d517c1778f4f7933fa36644f9298cea5,0x001a8ffcb0f03e99141652ebcdecdb0384e3bd6c|0x81910675dbaf69dee0fd77570bfd07f8e436386a|0x947c4efaf086821ed8f5d3980d466808f3fe4808,0x81910675dbaf69dee0fd77570bfd07f8e436386a,0x001a8ffcb0f03e99141652ebcdecdb0384e3bd6c,PKR,PKR,0xf2811e5bf6391015cfea50a17b275cf8d517c1778f4f7933fa36644f9298cea5_PKR,1670735687,1670735687,1,3.6352156069727906e+22,36352.1560697279,0.7993235654524454,0.000000,0.000000,0.775000,bridge_deposit_flow
ETH,Poly,eth_flow_0xf2811e5bf639__r7fam04__inst01__synth_merge_src2,0xf2811e5bf6391015cfea50a17b275cf8d517c1778f4f7933fa36644f9298cea5,0x001a8ffcb0f03e99141652ebcdecdb0384e3bd6c|0x81910675dbaf69dee0fd77570bfd07f8e436386a|0x947c4efaf086821ed8f5d3980d466808f3fe4808,0x81910675dbaf69dee0fd77570bfd07f8e436386a,0x001a8ffcb0f03e99141652ebcdecdb0384e3bd6c,PKR,PKR,0xf2811e5bf6391015cfea50a17b275cf8d517c1778f4f7933fa36644f9298cea5_PKR,1670735687,1670735687,1,3.6352156069727906e+22,36352.1560697279,0.7993235654524454,0.000000,0.000000,0.775000,bridge_deposit_flow
ETH,Poly,eth_flow_0xf2811e5bf639__r7fam04__inst01__synth_unmatched_src,0xf2811e5bf6391015cfea50a17b275cf8d517c1778f4f7933fa36644f9298cea5,0x001a8ffcb0f03e99141652ebcdecdb0384e3bd6c|0x81910675dbaf69dee0fd77570bfd07f8e436386a|0x947c4efaf086821ed8f5d3980d466808f3fe4808,0x81910675dbaf69dee0fd77570bfd07f8e436386a,0x001a8ffcb0f03e99141652ebcdecdb0384e3bd6c,PKR,PKR,0xf2811e5bf6391015cfea50a17b275cf8d517c1778f4f7933fa36644f9298cea5_PKR,1670735687,1670735687,1,7.270431213945581e+22,72704.3121394558,1.5986471309048909,0.000000,0.000000,0.775000,bridge_deposit_flow
ETH,Poly,eth_flow_0xf2811e5bf639__r7fam04__inst01__synth_noise_src_0,0xf2811e5bf6391015cfea50a17b275cf8d517c1778f4f7933fa36644f9298cea5,0x001a8ffcb0f03e99141652ebcdecdb0384e3bd6c|0x81910675dbaf69dee0fd77570bfd07f8e436386a|0x947c4efaf086821ed8f5d3980d466808f3fe4808,0x81910675dbaf69dee0fd77570bfd07f8e436386a,0x001a8ffcb0f03e99141652ebcdecdb0384e3bd6c,PKR,PKR,0xf2811e5bf6391015cfea50a17b275cf8d517c1778f4f7933fa36644f9298cea5_PKR,1670735687,1670735687,1,7.270431213945581e+22,72704.3121394558,1.5986471309048909,0.000000,0.000000,0.775000,bridge_deposit_flow
ETH,Poly,eth_flow_0xf2811e5bf639__r7fam04__inst01__synth_noise_src_1,0xf2811e5bf6391015cfea50a17b275cf8d517c1778f4f7933fa36644f9298cea5,0x001a8ffcb0f03e99141652ebcdecdb0384e3bd6c|0x81910675dbaf69dee0fd77570bfd07f8e436386a|0x947c4efaf086821ed8f5d3980d466808f3fe4808,0x81910675dbaf69dee0fd77570bfd07f8e436386a,0x001a8ffcb0f03e99141652ebcdecdb0384e3bd6c,PKR,PKR,0xf2811e5bf6391015cfea50a17b275cf8d517c1778f4f7933fa36644f9298cea5_PKR,1670735687,1670735687,1,7.270431213945581e+22,72704.3121394558,1.5986471309048909,0.000000,0.000000,0.775000,bridge_deposit_flow
ETH,Poly,eth_flow_0x846ab74fd9df__r7fam05__inst00__synth_split_src,0x846ab74fd9dfd632ec20c9b9c28a3ee24e044debfcd1b6e7fed3141a05f5497e,0x001a8ffcb0f03e99141652ebcdecdb0384e3bd6c|0x65a8f07bd9a8598e1b5b6c0a88f4779dbc077675|0x81910675dbaf69dee0fd77570bfd07f8e436386a,0x81910675dbaf69dee0fd77570bfd07f8e436386a,0x001a8ffcb0f03e99141652ebcdecdb0384e3bd6c,PKR,PKR,0x846ab74fd9dfd632ec20c9b9c28a3ee24e044debfcd1b6e7fed3141a05f5497e_PKR,1670902607,1670902607,1,8.086222663618217e+22,80862.22663618217,1.778026128114074,16.279070,16.279070,0.775000,bridge_deposit_flow
ETH,Poly,eth_flow_0x846ab74fd9df__r7fam05__inst00__synth_merge_src1,0x846ab74fd9dfd632ec20c9b9c28a3ee24e044debfcd1b6e7fed3141a05f5497e,0x001a8ffcb0f03e99141652ebcdecdb0384e3bd6c|0x65a8f07bd9a8598e1b5b6c0a88f4779dbc077675|0x81910675dbaf69dee0fd77570bfd07f8e436386a,0x81910675dbaf69dee0fd77570bfd07f8e436386a,0x001a8ffcb0f03e99141652ebcdecdb0384e3bd6c,PKR,PKR,0x846ab74fd9dfd632ec20c9b9c28a3ee24e044debfcd1b6e7fed3141a05f5497e_PKR,1670902607,1670902607,1,4.043111331809108e+22,40431.113318091084,0.889013064057037,16.279070,16.279070,0.775000,bridge_deposit_flow
ETH,Poly,eth_flow_0x846ab74fd9df__r7fam05__inst00__synth_merge_src2,0x846ab74fd9dfd632ec20c9b9c28a3ee24e044debfcd1b6e7fed3141a05f5497e,0x001a8ffcb0f03e99141652ebcdecdb0384e3bd6c|0x65a8f07bd9a8598e1b5b6c0a88f4779dbc077675|0x81910675dbaf69dee0fd77570bfd07f8e436386a,0x81910675dbaf69dee0fd77570bfd07f8e436386a,0x001a8ffcb0f03e99141652ebcdecdb0384e3bd6c,PKR,PKR,0x846ab74fd9dfd632ec20c9b9c28a3ee24e044debfcd1b6e7fed3141a05f5497e_PKR,1670902607,1670902607,1,4.043111331809108e+22,40431.113318091084,0.889013064057037,16.279070,16.279070,0.775000,bridge_deposit_flow
ETH,Poly,eth_flow_0x846ab74fd9df__r7fam05__inst00__synth_unmatched_src,0x846ab74fd9dfd632ec20c9b9c28a3ee24e044debfcd1b6e7fed3141a05f5497e,0x001a8ffcb0f03e99141652ebcdecdb0384e3bd6c|0x65a8f07bd9a8598e1b5b6c0a88f4779dbc077675|0x81910675dbaf69dee0fd77570bfd07f8e436386a,0x81910675dbaf69dee0fd77570bfd07f8e436386a,0x001a8ffcb0f03e99141652ebcdecdb0384e3bd6c,PKR,PKR,0x846ab74fd9dfd632ec20c9b9c28a3ee24e044debfcd1b6e7fed3141a05f5497e_PKR,1670902607,1670902607,1,8.086222663618217e+22,80862.22663618217,1.778026128114074,16.279070,16.279070,0.775000,bridge_deposit_flow
ETH,Poly,eth_flow_0x846ab74fd9df__r7fam05__inst00__synth_noise_src_0,0x846ab74fd9dfd632ec20c9b9c28a3ee24e044debfcd1b6e7fed3141a05f5497e,0x001a8ffcb0f03e99141652ebcdecdb0384e3bd6c|0x65a8f07bd9a8598e1b5b6c0a88f4779dbc077675|0x81910675dbaf69dee0fd77570bfd07f8e436386a,0x81910675dbaf69dee0fd77570bfd07f8e436386a,0x001a8ffcb0f03e99141652ebcdecdb0384e3bd6c,PKR,PKR,0x846ab74fd9dfd632ec20c9b9c28a3ee24e044debfcd1b6e7fed3141a05f5497e_PKR,1670902607,1670902607,1,8.086222663618217e+22,80862.22663618217,1.778026128114074,16.279070,16.279070,0.775000,bridge_deposit_flow
ETH,Poly,eth_flow_0x846ab74fd9df__r7fam05__inst00__synth_noise_src_1,0x846ab74fd9dfd632ec20c9b9c28a3ee24e044debfcd1b6e7fed3141a05f5497e,0x001a8ffcb0f03e99141652ebcdecdb0384e3bd6c|0x65a8f07bd9a8598e1b5b6c0a88f4779dbc077675|0x81910675dbaf69dee0fd77570bfd07f8e436386a,0x81910675dbaf69dee0fd77570bfd07f8e436386a,0x001a8ffcb0f03e99141652ebcdecdb0384e3bd6c,PKR,PKR,0x846ab74fd9dfd632ec20c9b9c28a3ee24e044debfcd1b6e7fed3141a05f5497e_PKR,1670902607,1670902607,1,8.086222663618217e+22,80862.22663618217,1.778026128114074,16.279070,16.279070,0.775000,bridge_deposit_flow
ETH,Poly,eth_flow_0x9fcd9f48fb98__r7fam05__inst01__synth_split_src,0x9fcd9f48fb98a54890b45d43d89ee11864eb6fadda0041dd754238c542ebf5a7,0x001a8ffcb0f03e99141652ebcdecdb0384e3bd6c|0x65a8f07bd9a8598e1b5b6c0a88f4779dbc077675|0x81910675dbaf69dee0fd77570bfd07f8e436386a,0x81910675dbaf69dee0fd77570bfd07f8e436386a,0x001a8ffcb0f03e99141652ebcdecdb0384e3bd6c,PKR,PKR,0x9fcd9f48fb98a54890b45d43d89ee11864eb6fadda0041dd754238c542ebf5a7_PKR,1666488455,1666488455,1,7.227909976468562e+22,72279.09976468563,1.5892974166589502,16.279070,16.279070,0.775000,bridge_deposit_flow
ETH,Poly,eth_flow_0x9fcd9f48fb98__r7fam05__inst01__synth_merge_src1,0x9fcd9f48fb98a54890b45d43d89ee11864eb6fadda0041dd754238c542ebf5a7,0x001a8ffcb0f03e99141652ebcdecdb0384e3bd6c|0x65a8f07bd9a8598e1b5b6c0a88f4779dbc077675|0x81910675dbaf69dee0fd77570bfd07f8e436386a,0x81910675dbaf69dee0fd77570bfd07f8e436386a,0x001a8ffcb0f03e99141652ebcdecdb0384e3bd6c,PKR,PKR,0x9fcd9f48fb98a54890b45d43d89ee11864eb6fadda0041dd754238c542ebf5a7_PKR,1666488455,1666488455,1,3.613954988234281e+22,36139.54988234281,0.7946487083294751,16.279070,16.279070,0.775000,bridge_deposit_flow
ETH,Poly,eth_flow_0x9fcd9f48fb98__r7fam05__inst01__synth_merge_src2,0x9fcd9f48fb98a54890b45d43d89ee11864eb6fadda0041dd754238c542ebf5a7,0x001a8ffcb0f03e99141652ebcdecdb0384e3bd6c|0x65a8f07bd9a8598e1b5b6c0a88f4779dbc077675|0x81910675dbaf69dee0fd77570bfd07f8e436386a,0x81910675dbaf69dee0fd77570bfd07f8e436386a,0x001a8ffcb0f03e99141652ebcdecdb0384e3bd6c,PKR,PKR,0x9fcd9f48fb98a54890b45d43d89ee11864eb6fadda0041dd754238c542ebf5a7_PKR,1666488455,1666488455,1,3.613954988234281e+22,36139.54988234281,0.7946487083294751,16.279070,16.279070,0.775000,bridge_deposit_flow
ETH,Poly,eth_flow_0x9fcd9f48fb98__r7fam05__inst01__synth_unmatched_src,0x9fcd9f48fb98a54890b45d43d89ee11864eb6fadda0041dd754238c542ebf5a7,0x001a8ffcb0f03e99141652ebcdecdb0384e3bd6c|0x65a8f07bd9a8598e1b5b6c0a88f4779dbc077675|0x81910675dbaf69dee0fd77570bfd07f8e436386a,0x81910675dbaf69dee0fd77570bfd07f8e436386a,0x001a8ffcb0f03e99141652ebcdecdb0384e3bd6c,PKR,PKR,0x9fcd9f48fb98a54890b45d43d89ee11864eb6fadda0041dd754238c542ebf5a7_PKR,1666488455,1666488455,1,7.227909976468562e+22,72279.09976468563,1.5892974166589502,16.279070,16.279070,0.775000,bridge_deposit_flow
ETH,Poly,eth_flow_0x9fcd9f48fb98__r7fam05__inst01__synth_noise_src_0,0x9fcd9f48fb98a54890b45d43d89ee11864eb6fadda0041dd754238c542ebf5a7,0x001a8ffcb0f03e99141652ebcdecdb0384e3bd6c|0x65a8f07bd9a8598e1b5b6c0a88f4779dbc077675|0x81910675dbaf69dee0fd77570bfd07f8e436386a,0x81910675dbaf69dee0fd77570bfd07f8e436386a,0x001a8ffcb0f03e99141652ebcdecdb0384e3bd6c,PKR,PKR,0x9fcd9f48fb98a54890b45d43d89ee11864eb6fadda0041dd754238c542ebf5a7_PKR,1666488455,1666488455,1,7.227909976468562e+22,72279.09976468563,1.5892974166589502,16.279070,16.279070,0.775000,bridge_deposit_flow
ETH,Poly,eth_flow_0x9fcd9f48fb98__r7fam05__inst01__synth_noise_src_1,0x9fcd9f48fb98a54890b45d43d89ee11864eb6fadda0041dd754238c542ebf5a7,0x001a8ffcb0f03e99141652ebcdecdb0384e3bd6c|0x65a8f07bd9a8598e1b5b6c0a88f4779dbc077675|0x81910675dbaf69dee0fd77570bfd07f8e436386a,0x81910675dbaf69dee0fd77570bfd07f8e436386a,0x001a8ffcb0f03e99141652ebcdecdb0384e3bd6c,PKR,PKR,0x9fcd9f48fb98a54890b45d43d89ee11864eb6fadda0041dd754238c542ebf5a7_PKR,1666488455,1666488455,1,7.227909976468562e+22,72279.09976468563,1.5892974166589502,16.279070,16.279070,0.775000,bridge_deposit_flow
ETH,Poly,eth_flow_0xa11d70eda566__r7fam06__inst00__synth_split_src,0xa11d70eda566055ad9139e9f16b422a03edb45ca99911489e54e990ecc266091,0x001a8ffcb0f03e99141652ebcdecdb0384e3bd6c|0x81910675dbaf69dee0fd77570bfd07f8e436386a|0xb65df2e5274540b7d67a879d28e491bd863c9c7c,0x81910675dbaf69dee0fd77570bfd07f8e436386a,0x001a8ffcb0f03e99141652ebcdecdb0384e3bd6c,PKR,PKR,0xa11d70eda566055ad9139e9f16b422a03edb45ca99911489e54e990ecc266091_PKR,1647698748,1647698748,1,5.868133356321839e+23,586813.3356321839,12.903051109069215,16.279070,16.279070,0.800000,bridge_deposit_flow
ETH,Poly,eth_flow_0xa11d70eda566__r7fam06__inst00__synth_merge_src1,0xa11d70eda566055ad9139e9f16b422a03edb45ca99911489e54e990ecc266091,0x001a8ffcb0f03e99141652ebcdecdb0384e3bd6c|0x81910675dbaf69dee0fd77570bfd07f8e436386a|0xb65df2e5274540b7d67a879d28e491bd863c9c7c,0x81910675dbaf69dee0fd77570bfd07f8e436386a,0x001a8ffcb0f03e99141652ebcdecdb0384e3bd6c,PKR,PKR,0xa11d70eda566055ad9139e9f16b422a03edb45ca99911489e54e990ecc266091_PKR,1647698748,1647698748,1,2.9340666781609196e+23,293406.66781609197,6.451525554534608,16.279070,16.279070,0.800000,bridge_deposit_flow
ETH,Poly,eth_flow_0xa11d70eda566__r7fam06__inst00__synth_merge_src2,0xa11d70eda566055ad9139e9f16b422a03edb45ca99911489e54e990ecc266091,0x001a8ffcb0f03e99141652ebcdecdb0384e3bd6c|0x81910675dbaf69dee0fd77570bfd07f8e436386a|0xb65df2e5274540b7d67a879d28e491bd863c9c7c,0x81910675dbaf69dee0fd77570bfd07f8e436386a,0x001a8ffcb0f03e99141652ebcdecdb0384e3bd6c,PKR,PKR,0xa11d70eda566055ad9139e9f16b422a03edb45ca99911489e54e990ecc266091_PKR,1647698748,1647698748,1,2.9340666781609196e+23,293406.66781609197,6.451525554534608,16.279070,16.279070,0.800000,bridge_deposit_flow
ETH,Poly,eth_flow_0xa11d70eda566__r7fam06__inst00__synth_unmatched_src,0xa11d70eda566055ad9139e9f16b422a03edb45ca99911489e54e990ecc266091,0x001a8ffcb0f03e99141652ebcdecdb0384e3bd6c|0x81910675dbaf69dee0fd77570bfd07f8e436386a|0xb65df2e5274540b7d67a879d28e491bd863c9c7c,0x81910675dbaf69dee0fd77570bfd07f8e436386a,0x001a8ffcb0f03e99141652ebcdecdb0384e3bd6c,PKR,PKR,0xa11d70eda566055ad9139e9f16b422a03edb45ca99911489e54e990ecc266091_PKR,1647698748,1647698748,1,5.868133356321839e+23,586813.3356321839,12.903051109069215,16.279070,16.279070,0.800000,bridge_deposit_flow
ETH,Poly,eth_flow_0xa11d70eda566__r7fam06__inst00__synth_noise_src_0,0xa11d70eda566055ad9139e9f16b422a03edb45ca99911489e54e990ecc266091,0x001a8ffcb0f03e99141652ebcdecdb0384e3bd6c|0x81910675dbaf69dee0fd77570bfd07f8e436386a|0xb65df2e5274540b7d67a879d28e491bd863c9c7c,0x81910675dbaf69dee0fd77570bfd07f8e436386a,0x001a8ffcb0f03e99141652ebcdecdb0384e3bd6c,PKR,PKR,0xa11d70eda566055ad9139e9f16b422a03edb45ca99911489e54e990ecc266091_PKR,1647698748,1647698748,1,5.868133356321839e+23,586813.3356321839,12.903051109069215,16.279070,16.279070,0.800000,bridge_deposit_flow
ETH,Poly,eth_flow_0xa11d70eda566__r7fam06__inst00__synth_noise_src_1,0xa11d70eda566055ad9139e9f16b422a03edb45ca99911489e54e990ecc266091,0x001a8ffcb0f03e99141652ebcdecdb0384e3bd6c|0x81910675dbaf69dee0fd77570bfd07f8e436386a|0xb65df2e5274540b7d67a879d28e491bd863c9c7c,0x81910675dbaf69dee0fd77570bfd07f8e436386a,0x001a8ffcb0f03e99141652ebcdecdb0384e3bd6c,PKR,PKR,0xa11d70eda566055ad9139e9f16b422a03edb45ca99911489e54e990ecc266091_PKR,1647698748,1647698748,1,5.868133356321839e+23,586813.3356321839,12.903051109069215,16.279070,16.279070,0.800000,bridge_deposit_flow
ETH,Poly,eth_flow_0xb60ac5c8e501__r7fam06__inst01__synth_split_src,0xb60ac5c8e501e8bf48808f9e0040842c76cdbc2bb1f71f3c20d3d0490fe7c953,0x81910675dbaf69dee0fd77570bfd07f8e436386a|0xeb5cc391e8cae0d95160bf4b35896efcd19182da|0xee9801669c6138e84bd50deb500827b776777d28,0x81910675dbaf69dee0fd77570bfd07f8e436386a,0xee9801669c6138e84bd50deb500827b776777d28,O3,O3,0xb60ac5c8e501e8bf48808f9e0040842c76cdbc2bb1f71f3c20d3d0490fe7c953_O3,1652756901,1652756901,1,1.0503423222373132e+22,10503.423222373132,10.224682732027416,16.279070,16.279070,0.800000,bridge_deposit_flow
ETH,Poly,eth_flow_0xb60ac5c8e501__r7fam06__inst01__synth_merge_src1,0xb60ac5c8e501e8bf48808f9e0040842c76cdbc2bb1f71f3c20d3d0490fe7c953,0x81910675dbaf69dee0fd77570bfd07f8e436386a|0xeb5cc391e8cae0d95160bf4b35896efcd19182da|0xee9801669c6138e84bd50deb500827b776777d28,0x81910675dbaf69dee0fd77570bfd07f8e436386a,0xee9801669c6138e84bd50deb500827b776777d28,O3,O3,0xb60ac5c8e501e8bf48808f9e0040842c76cdbc2bb1f71f3c20d3d0490fe7c953_O3,1652756901,1652756901,1,5.251711611186566e+21,5251.711611186566,5.112341366013708,16.279070,16.279070,0.800000,bridge_deposit_flow
ETH,Poly,eth_flow_0xb60ac5c8e501__r7fam06__inst01__synth_merge_src2,0xb60ac5c8e501e8bf48808f9e0040842c76cdbc2bb1f71f3c20d3d0490fe7c953,0x81910675dbaf69dee0fd77570bfd07f8e436386a|0xeb5cc391e8cae0d95160bf4b35896efcd19182da|0xee9801669c6138e84bd50deb500827b776777d28,0x81910675dbaf69dee0fd77570bfd07f8e436386a,0xee9801669c6138e84bd50deb500827b776777d28,O3,O3,0xb60ac5c8e501e8bf48808f9e0040842c76cdbc2bb1f71f3c20d3d0490fe7c953_O3,1652756901,1652756901,1,5.251711611186566e+21,5251.711611186566,5.112341366013708,16.279070,16.279070,0.800000,bridge_deposit_flow
ETH,Poly,eth_flow_0xb60ac5c8e501__r7fam06__inst01__synth_unmatched_src,0xb60ac5c8e501e8bf48808f9e0040842c76cdbc2bb1f71f3c20d3d0490fe7c953,0x81910675dbaf69dee0fd77570bfd07f8e436386a|0xeb5cc391e8cae0d95160bf4b35896efcd19182da|0xee9801669c6138e84bd50deb500827b776777d28,0x81910675dbaf69dee0fd77570bfd07f8e436386a,0xee9801669c6138e84bd50deb500827b776777d28,O3,O3,0xb60ac5c8e501e8bf48808f9e0040842c76cdbc2bb1f71f3c20d3d0490fe7c953_O3,1652756901,1652756901,1,1.0503423222373132e+22,10503.423222373132,10.224682732027416,16.279070,16.279070,0.800000,bridge_deposit_flow
ETH,Poly,eth_flow_0xb60ac5c8e501__r7fam06__inst01__synth_noise_src_0,0xb60ac5c8e501e8bf48808f9e0040842c76cdbc2bb1f71f3c20d3d0490fe7c953,0x81910675dbaf69dee0fd77570bfd07f8e436386a|0xeb5cc391e8cae0d95160bf4b35896efcd19182da|0xee9801669c6138e84bd50deb500827b776777d28,0x81910675dbaf69dee0fd77570bfd07f8e436386a,0xee9801669c6138e84bd50deb500827b776777d28,O3,O3,0xb60ac5c8e501e8bf48808f9e0040842c76cdbc2bb1f71f3c20d3d0490fe7c953_O3,1652756901,1652756901,1,1.0503423222373132e+22,10503.423222373132,10.224682732027416,16.279070,16.279070,0.800000,bridge_deposit_flow
ETH,Poly,eth_flow_0xb60ac5c8e501__r7fam06__inst01__synth_noise_src_1,0xb60ac5c8e501e8bf48808f9e0040842c76cdbc2bb1f71f3c20d3d0490fe7c953,0x81910675dbaf69dee0fd77570bfd07f8e436386a|0xeb5cc391e8cae0d95160bf4b35896efcd19182da|0xee9801669c6138e84bd50deb500827b776777d28,0x81910675dbaf69dee0fd77570bfd07f8e436386a,0xee9801669c6138e84bd50deb500827b776777d28,O3,O3,0xb60ac5c8e501e8bf48808f9e0040842c76cdbc2bb1f71f3c20d3d0490fe7c953_O3,1652756901,1652756901,1,1.0503423222373132e+22,10503.423222373132,10.224682732027416,16.279070,16.279070,0.800000,bridge_deposit_flow
ETH,Poly,eth_flow_0x9bef681f257f__r7fam07__inst00__synth_split_src,0x9bef681f257f47896a37b0ef9bccb2d66035a357f9cdb0c5d66bbb9954df7f5e,0x81910675dbaf69dee0fd77570bfd07f8e436386a|0x88f859db067c45b114897db6920f3e4a61a5ca66|0xaf9f549774ecedbd0966c52f250acc548d3f36e5,0x81910675dbaf69dee0fd77570bfd07f8e436386a,0xaf9f549774ecedbd0966c52f250acc548d3f36e5,RFuel,RFuel,0x9bef681f257f47896a37b0ef9bccb2d66035a357f9cdb0c5d66bbb9954df7f5e_RFuel,1658357237,1658357237,1,9.384672072062723e+22,93846.72072062724,65.74901200962961,16.279070,16.279070,0.800000,bridge_deposit_flow
ETH,Poly,eth_flow_0x9bef681f257f__r7fam07__inst00__synth_merge_src1,0x9bef681f257f47896a37b0ef9bccb2d66035a357f9cdb0c5d66bbb9954df7f5e,0x81910675dbaf69dee0fd77570bfd07f8e436386a|0x88f859db067c45b114897db6920f3e4a61a5ca66|0xaf9f549774ecedbd0966c52f250acc548d3f36e5,0x81910675dbaf69dee0fd77570bfd07f8e436386a,0xaf9f549774ecedbd0966c52f250acc548d3f36e5,RFuel,RFuel,0x9bef681f257f47896a37b0ef9bccb2d66035a357f9cdb0c5d66bbb9954df7f5e_RFuel,1658357237,1658357237,1,4.6923360360313616e+22,46923.36036031362,32.874506004814805,16.279070,16.279070,0.800000,bridge_deposit_flow
ETH,Poly,eth_flow_0x9bef681f257f__r7fam07__inst00__synth_merge_src2,0x9bef681f257f47896a37b0ef9bccb2d66035a357f9cdb0c5d66bbb9954df7f5e,0x81910675dbaf69dee0fd77570bfd07f8e436386a|0x88f859db067c45b114897db6920f3e4a61a5ca66|0xaf9f549774ecedbd0966c52f250acc548d3f36e5,0x81910675dbaf69dee0fd77570bfd07f8e436386a,0xaf9f549774ecedbd0966c52f250acc548d3f36e5,RFuel,RFuel,0x9bef681f257f47896a37b0ef9bccb2d66035a357f9cdb0c5d66bbb9954df7f5e_RFuel,1658357237,1658357237,1,4.6923360360313616e+22,46923.36036031362,32.874506004814805,16.279070,16.279070,0.800000,bridge_deposit_flow
ETH,Poly,eth_flow_0x9bef681f257f__r7fam07__inst00__synth_unmatched_src,0x9bef681f257f47896a37b0ef9bccb2d66035a357f9cdb0c5d66bbb9954df7f5e,0x81910675dbaf69dee0fd77570bfd07f8e436386a|0x88f859db067c45b114897db6920f3e4a61a5ca66|0xaf9f549774ecedbd0966c52f250acc548d3f36e5,0x81910675dbaf69dee0fd77570bfd07f8e436386a,0xaf9f549774ecedbd0966c52f250acc548d3f36e5,RFuel,RFuel,0x9bef681f257f47896a37b0ef9bccb2d66035a357f9cdb0c5d66bbb9954df7f5e_RFuel,1658357237,1658357237,1,9.384672072062723e+22,93846.72072062724,65.74901200962961,16.279070,16.279070,0.800000,bridge_deposit_flow
ETH,Poly,eth_flow_0x9bef681f257f__r7fam07__inst00__synth_noise_src_0,0x9bef681f257f47896a37b0ef9bccb2d66035a357f9cdb0c5d66bbb9954df7f5e,0x81910675dbaf69dee0fd77570bfd07f8e436386a|0x88f859db067c45b114897db6920f3e4a61a5ca66|0xaf9f549774ecedbd0966c52f250acc548d3f36e5,0x81910675dbaf69dee0fd77570bfd07f8e436386a,0xaf9f549774ecedbd0966c52f250acc548d3f36e5,RFuel,RFuel,0x9bef681f257f47896a37b0ef9bccb2d66035a357f9cdb0c5d66bbb9954df7f5e_RFuel,1658357237,1658357237,1,9.384672072062723e+22,93846.72072062724,65.74901200962961,16.279070,16.279070,0.800000,bridge_deposit_flow
ETH,Poly,eth_flow_0x9bef681f257f__r7fam07__inst00__synth_noise_src_1,0x9bef681f257f47896a37b0ef9bccb2d66035a357f9cdb0c5d66bbb9954df7f5e,0x81910675dbaf69dee0fd77570bfd07f8e436386a|0x88f859db067c45b114897db6920f3e4a61a5ca66|0xaf9f549774ecedbd0966c52f250acc548d3f36e5,0x81910675dbaf69dee0fd77570bfd07f8e436386a,0xaf9f549774ecedbd0966c52f250acc548d3f36e5,RFuel,RFuel,0x9bef681f257f47896a37b0ef9bccb2d66035a357f9cdb0c5d66bbb9954df7f5e_RFuel,1658357237,1658357237,1,9.384672072062723e+22,93846.72072062724,65.74901200962961,16.279070,16.279070,0.800000,bridge_deposit_flow
ETH,Poly,eth_flow_0xa98acfb04f20__r7fam07__inst01__synth_split_src,0xa98acfb04f20bb24035591eb96cdb9f8987efd5634d730506305cc32b9f4ed7d,0x4a7d0a5792a3309d55cae501f2614db11581a7d2|0x81910675dbaf69dee0fd77570bfd07f8e436386a|0x9e32b13ce7f2e80a01932b42553652e053d6ed8e,0x81910675dbaf69dee0fd77570bfd07f8e436386a,0x9e32b13ce7f2e80a01932b42553652e053d6ed8e,Metis,Metis,0xa98acfb04f20bb24035591eb96cdb9f8987efd5634d730506305cc32b9f4ed7d_Metis,1647763445,1647763445,1,1.092959579e+19,10.92959579,29.72111802329008,11.627907,11.627907,0.800000,bridge_deposit_flow
ETH,Poly,eth_flow_0xa98acfb04f20__r7fam07__inst01__synth_merge_src1,0xa98acfb04f20bb24035591eb96cdb9f8987efd5634d730506305cc32b9f4ed7d,0x4a7d0a5792a3309d55cae501f2614db11581a7d2|0x81910675dbaf69dee0fd77570bfd07f8e436386a|0x9e32b13ce7f2e80a01932b42553652e053d6ed8e,0x81910675dbaf69dee0fd77570bfd07f8e436386a,0x9e32b13ce7f2e80a01932b42553652e053d6ed8e,Metis,Metis,0xa98acfb04f20bb24035591eb96cdb9f8987efd5634d730506305cc32b9f4ed7d_Metis,1647763445,1647763445,1,5.464797895e+18,5.464797895,14.86055901164504,11.627907,11.627907,0.800000,bridge_deposit_flow
ETH,Poly,eth_flow_0xa98acfb04f20__r7fam07__inst01__synth_merge_src2,0xa98acfb04f20bb24035591eb96cdb9f8987efd5634d730506305cc32b9f4ed7d,0x4a7d0a5792a3309d55cae501f2614db11581a7d2|0x81910675dbaf69dee0fd77570bfd07f8e436386a|0x9e32b13ce7f2e80a01932b42553652e053d6ed8e,0x81910675dbaf69dee0fd77570bfd07f8e436386a,0x9e32b13ce7f2e80a01932b42553652e053d6ed8e,Metis,Metis,0xa98acfb04f20bb24035591eb96cdb9f8987efd5634d730506305cc32b9f4ed7d_Metis,1647763445,1647763445,1,5.464797895e+18,5.464797895,14.86055901164504,11.627907,11.627907,0.800000,bridge_deposit_flow
ETH,Poly,eth_flow_0xa98acfb04f20__r7fam07__inst01__synth_unmatched_src,0xa98acfb04f20bb24035591eb96cdb9f8987efd5634d730506305cc32b9f4ed7d,0x4a7d0a5792a3309d55cae501f2614db11581a7d2|0x81910675dbaf69dee0fd77570bfd07f8e436386a|0x9e32b13ce7f2e80a01932b42553652e053d6ed8e,0x81910675dbaf69dee0fd77570bfd07f8e436386a,0x9e32b13ce7f2e80a01932b42553652e053d6ed8e,Metis,Metis,0xa98acfb04f20bb24035591eb96cdb9f8987efd5634d730506305cc32b9f4ed7d_Metis,1647763445,1647763445,1,1.092959579e+19,10.92959579,29.72111802329008,11.627907,11.627907,0.800000,bridge_deposit_flow
ETH,Poly,eth_flow_0xa98acfb04f20__r7fam07__inst01__synth_noise_src_0,0xa98acfb04f20bb24035591eb96cdb9f8987efd5634d730506305cc32b9f4ed7d,0x4a7d0a5792a3309d55cae501f2614db11581a7d2|0x81910675dbaf69dee0fd77570bfd07f8e436386a|0x9e32b13ce7f2e80a01932b42553652e053d6ed8e,0x81910675dbaf69dee0fd77570bfd07f8e436386a,0x9e32b13ce7f2e80a01932b42553652e053d6ed8e,Metis,Metis,0xa98acfb04f20bb24035591eb96cdb9f8987efd5634d730506305cc32b9f4ed7d_Metis,1647763445,1647763445,1,1.092959579e+19,10.92959579,29.72111802329008,11.627907,11.627907,0.800000,bridge_deposit_flow
ETH,Poly,eth_flow_0xa98acfb04f20__r7fam07__inst01__synth_noise_src_1,0xa98acfb04f20bb24035591eb96cdb9f8987efd5634d730506305cc32b9f4ed7d,0x4a7d0a5792a3309d55cae501f2614db11581a7d2|0x81910675dbaf69dee0fd77570bfd07f8e436386a|0x9e32b13ce7f2e80a01932b42553652e053d6ed8e,0x81910675dbaf69dee0fd77570bfd07f8e436386a,0x9e32b13ce7f2e80a01932b42553652e053d6ed8e,Metis,Metis,0xa98acfb04f20bb24035591eb96cdb9f8987efd5634d730506305cc32b9f4ed7d_Metis,1647763445,1647763445,1,1.092959579e+19,10.92959579,29.72111802329008,11.627907,11.627907,0.800000,bridge_deposit_flow
ETH,Poly,eth_flow_0x074c9ce2f055__r7fam08__inst00__synth_split_src,0x074c9ce2f0553d7f74127e5d45afb21c7359dcf13dd6c47f3e2aff64d6d2b231,0x81910675dbaf69dee0fd77570bfd07f8e436386a|0xa787f09349999a61434cfb75118c6a9d0cac9406|0xaf9f549774ecedbd0966c52f250acc548d3f36e5,0x81910675dbaf69dee0fd77570bfd07f8e436386a,0xaf9f549774ecedbd0966c52f250acc548d3f36e5,RFuel,RFuel,0x074c9ce2f0553d7f74127e5d45afb21c7359dcf13dd6c47f3e2aff64d6d2b231_RFuel,1659540887,1659540887,1,1.077846611548153e+23,107784.6611548153,75.5139329995168,16.279070,16.279070,0.800000,bridge_deposit_flow
ETH,Poly,eth_flow_0x074c9ce2f055__r7fam08__inst00__synth_merge_src1,0x074c9ce2f0553d7f74127e5d45afb21c7359dcf13dd6c47f3e2aff64d6d2b231,0x81910675dbaf69dee0fd77570bfd07f8e436386a|0xa787f09349999a61434cfb75118c6a9d0cac9406|0xaf9f549774ecedbd0966c52f250acc548d3f36e5,0x81910675dbaf69dee0fd77570bfd07f8e436386a,0xaf9f549774ecedbd0966c52f250acc548d3f36e5,RFuel,RFuel,0x074c9ce2f0553d7f74127e5d45afb21c7359dcf13dd6c47f3e2aff64d6d2b231_RFuel,1659540887,1659540887,1,5.389233057740765e+22,53892.33057740765,37.7569664997584,16.279070,16.279070,0.800000,bridge_deposit_flow
ETH,Poly,eth_flow_0x074c9ce2f055__r7fam08__inst00__synth_merge_src2,0x074c9ce2f0553d7f74127e5d45afb21c7359dcf13dd6c47f3e2aff64d6d2b231,0x81910675dbaf69dee0fd77570bfd07f8e436386a|0xa787f09349999a61434cfb75118c6a9d0cac9406|0xaf9f549774ecedbd0966c52f250acc548d3f36e5,0x81910675dbaf69dee0fd77570bfd07f8e436386a,0xaf9f549774ecedbd0966c52f250acc548d3f36e5,RFuel,RFuel,0x074c9ce2f0553d7f74127e5d45afb21c7359dcf13dd6c47f3e2aff64d6d2b231_RFuel,1659540887,1659540887,1,5.389233057740765e+22,53892.33057740765,37.7569664997584,16.279070,16.279070,0.800000,bridge_deposit_flow
ETH,Poly,eth_flow_0x074c9ce2f055__r7fam08__inst00__synth_unmatched_src,0x074c9ce2f0553d7f74127e5d45afb21c7359dcf13dd6c47f3e2aff64d6d2b231,0x81910675dbaf69dee0fd77570bfd07f8e436386a|0xa787f09349999a61434cfb75118c6a9d0cac9406|0xaf9f549774ecedbd0966c52f250acc548d3f36e5,0x81910675dbaf69dee0fd77570bfd07f8e436386a,0xaf9f549774ecedbd0966c52f250acc548d3f36e5,RFuel,RFuel,0x074c9ce2f0553d7f74127e5d45afb21c7359dcf13dd6c47f3e2aff64d6d2b231_RFuel,1659540887,1659540887,1,1.077846611548153e+23,107784.6611548153,75.5139329995168,16.279070,16.279070,0.800000,bridge_deposit_flow
ETH,Poly,eth_flow_0x074c9ce2f055__r7fam08__inst00__synth_noise_src_0,0x074c9ce2f0553d7f74127e5d45afb21c7359dcf13dd6c47f3e2aff64d6d2b231,0x81910675dbaf69dee0fd77570bfd07f8e436386a|0xa787f09349999a61434cfb75118c6a9d0cac9406|0xaf9f549774ecedbd0966c52f250acc548d3f36e5,0x81910675dbaf69dee0fd77570bfd07f8e436386a,0xaf9f549774ecedbd0966c52f250acc548d3f36e5,RFuel,RFuel,0x074c9ce2f0553d7f74127e5d45afb21c7359dcf13dd6c47f3e2aff64d6d2b231_RFuel,1659540887,1659540887,1,1.077846611548153e+23,107784.6611548153,75.5139329995168,16.279070,16.279070,0.800000,bridge_deposit_flow
ETH,Poly,eth_flow_0x074c9ce2f055__r7fam08__inst00__synth_noise_src_1,0x074c9ce2f0553d7f74127e5d45afb21c7359dcf13dd6c47f3e2aff64d6d2b231,0x81910675dbaf69dee0fd77570bfd07f8e436386a|0xa787f09349999a61434cfb75118c6a9d0cac9406|0xaf9f549774ecedbd0966c52f250acc548d3f36e5,0x81910675dbaf69dee0fd77570bfd07f8e436386a,0xaf9f549774ecedbd0966c52f250acc548d3f36e5,RFuel,RFuel,0x074c9ce2f0553d7f74127e5d45afb21c7359dcf13dd6c47f3e2aff64d6d2b231_RFuel,1659540887,1659540887,1,1.077846611548153e+23,107784.6611548153,75.5139329995168,16.279070,16.279070,0.800000,bridge_deposit_flow
ETH,Poly,eth_flow_0x2471cd723b3b__r7fam08__inst01__synth_split_src,0x2471cd723b3bddf7a503043754d58caa30d1634d0cc9dffca740e78fcc9f4c5b,0x81910675dbaf69dee0fd77570bfd07f8e436386a|0x9e32b13ce7f2e80a01932b42553652e053d6ed8e|0xe987bd901dc86c166b6f5c64837f516486416df7,0x81910675dbaf69dee0fd77570bfd07f8e436386a,0x9e32b13ce7f2e80a01932b42553652e053d6ed8e,Metis,Metis,0x2471cd723b3bddf7a503043754d58caa30d1634d0cc9dffca740e78fcc9f4c5b_Metis,1650807982,1650807982,1,2.2485407553476383e+19,22.48540755347638,61.1451205094063,11.627907,11.627907,0.800000,bridge_deposit_flow
ETH,Poly,eth_flow_0x2471cd723b3b__r7fam08__inst01__synth_merge_src1,0x2471cd723b3bddf7a503043754d58caa30d1634d0cc9dffca740e78fcc9f4c5b,0x81910675dbaf69dee0fd77570bfd07f8e436386a|0x9e32b13ce7f2e80a01932b42553652e053d6ed8e|0xe987bd901dc86c166b6f5c64837f516486416df7,0x81910675dbaf69dee0fd77570bfd07f8e436386a,0x9e32b13ce7f2e80a01932b42553652e053d6ed8e,Metis,Metis,0x2471cd723b3bddf7a503043754d58caa30d1634d0cc9dffca740e78fcc9f4c5b_Metis,1650807982,1650807982,1,1.1242703776738191e+19,11.24270377673819,30.57256025470315,11.627907,11.627907,0.800000,bridge_deposit_flow
ETH,Poly,eth_flow_0x2471cd723b3b__r7fam08__inst01__synth_merge_src2,0x2471cd723b3bddf7a503043754d58caa30d1634d0cc9dffca740e78fcc9f4c5b,0x81910675dbaf69dee0fd77570bfd07f8e436386a|0x9e32b13ce7f2e80a01932b42553652e053d6ed8e|0xe987bd901dc86c166b6f5c64837f516486416df7,0x81910675dbaf69dee0fd77570bfd07f8e436386a,0x9e32b13ce7f2e80a01932b42553652e053d6ed8e,Metis,Metis,0x2471cd723b3bddf7a503043754d58caa30d1634d0cc9dffca740e78fcc9f4c5b_Metis,1650807982,1650807982,1,1.1242703776738191e+19,11.24270377673819,30.57256025470315,11.627907,11.627907,0.800000,bridge_deposit_flow
ETH,Poly,eth_flow_0x2471cd723b3b__r7fam08__inst01__synth_unmatched_src,0x2471cd723b3bddf7a503043754d58caa30d1634d0cc9dffca740e78fcc9f4c5b,0x81910675dbaf69dee0fd77570bfd07f8e436386a|0x9e32b13ce7f2e80a01932b42553652e053d6ed8e|0xe987bd901dc86c166b6f5c64837f516486416df7,0x81910675dbaf69dee0fd77570bfd07f8e436386a,0x9e32b13ce7f2e80a01932b42553652e053d6ed8e,Metis,Metis,0x2471cd723b3bddf7a503043754d58caa30d1634d0cc9dffca740e78fcc9f4c5b_Metis,1650807982,1650807982,1,2.2485407553476383e+19,22.48540755347638,61.1451205094063,11.627907,11.627907,0.800000,bridge_deposit_flow
ETH,Poly,eth_flow_0x2471cd723b3b__r7fam08__inst01__synth_noise_src_0,0x2471cd723b3bddf7a503043754d58caa30d1634d0cc9dffca740e78fcc9f4c5b,0x81910675dbaf69dee0fd77570bfd07f8e436386a|0x9e32b13ce7f2e80a01932b42553652e053d6ed8e|0xe987bd901dc86c166b6f5c64837f516486416df7,0x81910675dbaf69dee0fd77570bfd07f8e436386a,0x9e32b13ce7f2e80a01932b42553652e053d6ed8e,Metis,Metis,0x2471cd723b3bddf7a503043754d58caa30d1634d0cc9dffca740e78fcc9f4c5b_Metis,1650807982,1650807982,1,2.2485407553476383e+19,22.48540755347638,61.1451205094063,11.627907,11.627907,0.800000,bridge_deposit_flow
ETH,Poly,eth_flow_0x2471cd723b3b__r7fam08__inst01__synth_noise_src_1,0x2471cd723b3bddf7a503043754d58caa30d1634d0cc9dffca740e78fcc9f4c5b,0x81910675dbaf69dee0fd77570bfd07f8e436386a|0x9e32b13ce7f2e80a01932b42553652e053d6ed8e|0xe987bd901dc86c166b6f5c64837f516486416df7,0x81910675dbaf69dee0fd77570bfd07f8e436386a,0x9e32b13ce7f2e80a01932b42553652e053d6ed8e,Metis,Metis,0x2471cd723b3bddf7a503043754d58caa30d1634d0cc9dffca740e78fcc9f4c5b_Metis,1650807982,1650807982,1,2.2485407553476383e+19,22.48540755347638,61.1451205094063,11.627907,11.627907,0.800000,bridge_deposit_flow
ETH,Poly,eth_flow_0x6f6f74148156__r7fam09__inst00__synth_split_src,0x6f6f7414815645d2aec0a81bc6b3db22eb6038503511939bd8fabdbc1fd125bd,0x81910675dbaf69dee0fd77570bfd07f8e436386a|0x8594d8e9483473626908648a5539d9d65ca2fe8d|0xaf9f549774ecedbd0966c52f250acc548d3f36e5,0x81910675dbaf69dee0fd77570bfd07f8e436386a,0xaf9f549774ecedbd0966c52f250acc548d3f36e5,RFuel,RFuel,0x6f6f7414815645d2aec0a81bc6b3db22eb6038503511939bd8fabdbc1fd125bd_RFuel,1661576837,1661576837,1,9.61221347068691e+22,96122.13470686912,67.34316703560712,16.279070,16.279070,0.800000,bridge_deposit_flow
ETH,Poly,eth_flow_0x6f6f74148156__r7fam09__inst00__synth_merge_src1,0x6f6f7414815645d2aec0a81bc6b3db22eb6038503511939bd8fabdbc1fd125bd,0x81910675dbaf69dee0fd77570bfd07f8e436386a|0x8594d8e9483473626908648a5539d9d65ca2fe8d|0xaf9f549774ecedbd0966c52f250acc548d3f36e5,0x81910675dbaf69dee0fd77570bfd07f8e436386a,0xaf9f549774ecedbd0966c52f250acc548d3f36e5,RFuel,RFuel,0x6f6f7414815645d2aec0a81bc6b3db22eb6038503511939bd8fabdbc1fd125bd_RFuel,1661576837,1661576837,1,4.806106735343455e+22,48061.06735343456,33.67158351780356,16.279070,16.279070,0.800000,bridge_deposit_flow
ETH,Poly,eth_flow_0x6f6f74148156__r7fam09__inst00__synth_merge_src2,0x6f6f7414815645d2aec0a81bc6b3db22eb6038503511939bd8fabdbc1fd125bd,0x81910675dbaf69dee0fd77570bfd07f8e436386a|0x8594d8e9483473626908648a5539d9d65ca2fe8d|0xaf9f549774ecedbd0966c52f250acc548d3f36e5,0x81910675dbaf69dee0fd77570bfd07f8e436386a,0xaf9f549774ecedbd0966c52f250acc548d3f36e5,RFuel,RFuel,0x6f6f7414815645d2aec0a81bc6b3db22eb6038503511939bd8fabdbc1fd125bd_RFuel,1661576837,1661576837,1,4.806106735343455e+22,48061.06735343456,33.67158351780356,16.279070,16.279070,0.800000,bridge_deposit_flow
ETH,Poly,eth_flow_0x6f6f74148156__r7fam09__inst00__synth_unmatched_src,0x6f6f7414815645d2aec0a81bc6b3db22eb6038503511939bd8fabdbc1fd125bd,0x81910675dbaf69dee0fd77570bfd07f8e436386a|0x8594d8e9483473626908648a5539d9d65ca2fe8d|0xaf9f549774ecedbd0966c52f250acc548d3f36e5,0x81910675dbaf69dee0fd77570bfd07f8e436386a,0xaf9f549774ecedbd0966c52f250acc548d3f36e5,RFuel,RFuel,0x6f6f7414815645d2aec0a81bc6b3db22eb6038503511939bd8fabdbc1fd125bd_RFuel,1661576837,1661576837,1,9.61221347068691e+22,96122.13470686912,67.34316703560712,16.279070,16.279070,0.800000,bridge_deposit_flow
ETH,Poly,eth_flow_0x6f6f74148156__r7fam09__inst00__synth_noise_src_0,0x6f6f7414815645d2aec0a81bc6b3db22eb6038503511939bd8fabdbc1fd125bd,0x81910675dbaf69dee0fd77570bfd07f8e436386a|0x8594d8e9483473626908648a5539d9d65ca2fe8d|0xaf9f549774ecedbd0966c52f250acc548d3f36e5,0x81910675dbaf69dee0fd77570bfd07f8e436386a,0xaf9f549774ecedbd0966c52f250acc548d3f36e5,RFuel,RFuel,0x6f6f7414815645d2aec0a81bc6b3db22eb6038503511939bd8fabdbc1fd125bd_RFuel,1661576837,1661576837,1,9.61221347068691e+22,96122.13470686912,67.34316703560712,16.279070,16.279070,0.800000,bridge_deposit_flow
ETH,Poly,eth_flow_0x6f6f74148156__r7fam09__inst00__synth_noise_src_1,0x6f6f7414815645d2aec0a81bc6b3db22eb6038503511939bd8fabdbc1fd125bd,0x81910675dbaf69dee0fd77570bfd07f8e436386a|0x8594d8e9483473626908648a5539d9d65ca2fe8d|0xaf9f549774ecedbd0966c52f250acc548d3f36e5,0x81910675dbaf69dee0fd77570bfd07f8e436386a,0xaf9f549774ecedbd0966c52f250acc548d3f36e5,RFuel,RFuel,0x6f6f7414815645d2aec0a81bc6b3db22eb6038503511939bd8fabdbc1fd125bd_RFuel,1661576837,1661576837,1,9.61221347068691e+22,96122.13470686912,67.34316703560712,16.279070,16.279070,0.800000,bridge_deposit_flow
ETH,Poly,eth_flow_0x8c5ee7b3b106__r7fam09__inst01__synth_split_src,0x8c5ee7b3b106166a091a3dd78d85d83371b912b3a7ae439bef8713800c9e170c,0x81910675dbaf69dee0fd77570bfd07f8e436386a|0x8594d8e9483473626908648a5539d9d65ca2fe8d|0xee9801669c6138e84bd50deb500827b776777d28,0x81910675dbaf69dee0fd77570bfd07f8e436386a,0xee9801669c6138e84bd50deb500827b776777d28,O3,O3,0x8c5ee7b3b106166a091a3dd78d85d83371b912b3a7ae439bef8713800c9e170c_O3,1658475243,1658475243,1,5.882239072123502e+21,5882.2390721235015,5.726135850480302,16.279070,16.279070,0.800000,bridge_deposit_flow
ETH,Poly,eth_flow_0x8c5ee7b3b106__r7fam09__inst01__synth_merge_src1,0x8c5ee7b3b106166a091a3dd78d85d83371b912b3a7ae439bef8713800c9e170c,0x81910675dbaf69dee0fd77570bfd07f8e436386a|0x8594d8e9483473626908648a5539d9d65ca2fe8d|0xee9801669c6138e84bd50deb500827b776777d28,0x81910675dbaf69dee0fd77570bfd07f8e436386a,0xee9801669c6138e84bd50deb500827b776777d28,O3,O3,0x8c5ee7b3b106166a091a3dd78d85d83371b912b3a7ae439bef8713800c9e170c_O3,1658475243,1658475243,1,2.941119536061751e+21,2941.1195360617508,2.863067925240151,16.279070,16.279070,0.800000,bridge_deposit_flow
ETH,Poly,eth_flow_0x8c5ee7b3b106__r7fam09__inst01__synth_merge_src2,0x8c5ee7b3b106166a091a3dd78d85d83371b912b3a7ae439bef8713800c9e170c,0x81910675dbaf69dee0fd77570bfd07f8e436386a|0x8594d8e9483473626908648a5539d9d65ca2fe8d|0xee9801669c6138e84bd50deb500827b776777d28,0x81910675dbaf69dee0fd77570bfd07f8e436386a,0xee9801669c6138e84bd50deb500827b776777d28,O3,O3,0x8c5ee7b3b106166a091a3dd78d85d83371b912b3a7ae439bef8713800c9e170c_O3,1658475243,1658475243,1,2.941119536061751e+21,2941.1195360617508,2.863067925240151,16.279070,16.279070,0.800000,bridge_deposit_flow
ETH,Poly,eth_flow_0x8c5ee7b3b106__r7fam09__inst01__synth_unmatched_src,0x8c5ee7b3b106166a091a3dd78d85d83371b912b3a7ae439bef8713800c9e170c,0x81910675dbaf69dee0fd77570bfd07f8e436386a|0x8594d8e9483473626908648a5539d9d65ca2fe8d|0xee9801669c6138e84bd50deb500827b776777d28,0x81910675dbaf69dee0fd77570bfd07f8e436386a,0xee9801669c6138e84bd50deb500827b776777d28,O3,O3,0x8c5ee7b3b106166a091a3dd78d85d83371b912b3a7ae439bef8713800c9e170c_O3,1658475243,1658475243,1,5.882239072123502e+21,5882.2390721235015,5.726135850480302,16.279070,16.279070,0.800000,bridge_deposit_flow
ETH,Poly,eth_flow_0x8c5ee7b3b106__r7fam09__inst01__synth_noise_src_0,0x8c5ee7b3b106166a091a3dd78d85d83371b912b3a7ae439bef8713800c9e170c,0x81910675dbaf69dee0fd77570bfd07f8e436386a|0x8594d8e9483473626908648a5539d9d65ca2fe8d|0xee9801669c6138e84bd50deb500827b776777d28,0x81910675dbaf69dee0fd77570bfd07f8e436386a,0xee9801669c6138e84bd50deb500827b776777d28,O3,O3,0x8c5ee7b3b106166a091a3dd78d85d83371b912b3a7ae439bef8713800c9e170c_O3,1658475243,1658475243,1,5.882239072123502e+21,5882.2390721235015,5.726135850480302,16.279070,16.279070,0.800000,bridge_deposit_flow
ETH,Poly,eth_flow_0x8c5ee7b3b106__r7fam09__inst01__synth_noise_src_1,0x8c5ee7b3b106166a091a3dd78d85d83371b912b3a7ae439bef8713800c9e170c,0x81910675dbaf69dee0fd77570bfd07f8e436386a|0x8594d8e9483473626908648a5539d9d65ca2fe8d|0xee9801669c6138e84bd50deb500827b776777d28,0x81910675dbaf69dee0fd77570bfd07f8e436386a,0xee9801669c6138e84bd50deb500827b776777d28,O3,O3,0x8c5ee7b3b106166a091a3dd78d85d83371b912b3a7ae439bef8713800c9e170c_O3,1658475243,1658475243,1,5.882239072123502e+21,5882.2390721235015,5.726135850480302,16.279070,16.279070,0.800000,bridge_deposit_flow
ETH,Poly,eth_flow_0x47e4458c99c1__r7fam10__inst00__synth_split_src,0x47e4458c99c1c2900c94fba868f14f6f7110a63d1c1421729a219afd76db6b36,0x4abb9cc67bd3da9eb966d1159a71a0e68bd15432|0x65a8f07bd9a8598e1b5b6c0a88f4779dbc077675|0x81910675dbaf69dee0fd77570bfd07f8e436386a,0x81910675dbaf69dee0fd77570bfd07f8e436386a,0x4abb9cc67bd3da9eb966d1159a71a0e68bd15432,KEL,KEL,0x47e4458c99c1c2900c94fba868f14f6f7110a63d1c1421729a219afd76db6b36_KEL,1671214895,1671214895,1,5.257947678429491e+22,52579.47678429492,58.83325790557375,16.279070,16.279070,0.775000,bridge_deposit_flow
ETH,Poly,eth_flow_0x47e4458c99c1__r7fam10__inst00__synth_merge_src1,0x47e4458c99c1c2900c94fba868f14f6f7110a63d1c1421729a219afd76db6b36,0x4abb9cc67bd3da9eb966d1159a71a0e68bd15432|0x65a8f07bd9a8598e1b5b6c0a88f4779dbc077675|0x81910675dbaf69dee0fd77570bfd07f8e436386a,0x81910675dbaf69dee0fd77570bfd07f8e436386a,0x4abb9cc67bd3da9eb966d1159a71a0e68bd15432,KEL,KEL,0x47e4458c99c1c2900c94fba868f14f6f7110a63d1c1421729a219afd76db6b36_KEL,1671214895,1671214895,1,2.6289738392147457e+22,26289.73839214746,29.416628952786876,16.279070,16.279070,0.775000,bridge_deposit_flow
ETH,Poly,eth_flow_0x47e4458c99c1__r7fam10__inst00__synth_merge_src2,0x47e4458c99c1c2900c94fba868f14f6f7110a63d1c1421729a219afd76db6b36,0x4abb9cc67bd3da9eb966d1159a71a0e68bd15432|0x65a8f07bd9a8598e1b5b6c0a88f4779dbc077675|0x81910675dbaf69dee0fd77570bfd07f8e436386a,0x81910675dbaf69dee0fd77570bfd07f8e436386a,0x4abb9cc67bd3da9eb966d1159a71a0e68bd15432,KEL,KEL,0x47e4458c99c1c2900c94fba868f14f6f7110a63d1c1421729a219afd76db6b36_KEL,1671214895,1671214895,1,2.6289738392147457e+22,26289.73839214746,29.416628952786876,16.279070,16.279070,0.775000,bridge_deposit_flow
ETH,Poly,eth_flow_0x47e4458c99c1__r7fam10__inst00__synth_unmatched_src,0x47e4458c99c1c2900c94fba868f14f6f7110a63d1c1421729a219afd76db6b36,0x4abb9cc67bd3da9eb966d1159a71a0e68bd15432|0x65a8f07bd9a8598e1b5b6c0a88f4779dbc077675|0x81910675dbaf69dee0fd77570bfd07f8e436386a,0x81910675dbaf69dee0fd77570bfd07f8e436386a,0x4abb9cc67bd3da9eb966d1159a71a0e68bd15432,KEL,KEL,0x47e4458c99c1c2900c94fba868f14f6f7110a63d1c1421729a219afd76db6b36_KEL,1671214895,1671214895,1,5.257947678429491e+22,52579.47678429492,58.83325790557375,16.279070,16.279070,0.775000,bridge_deposit_flow
ETH,Poly,eth_flow_0x47e4458c99c1__r7fam10__inst00__synth_noise_src_0,0x47e4458c99c1c2900c94fba868f14f6f7110a63d1c1421729a219afd76db6b36,0x4abb9cc67bd3da9eb966d1159a71a0e68bd15432|0x65a8f07bd9a8598e1b5b6c0a88f4779dbc077675|0x81910675dbaf69dee0fd77570bfd07f8e436386a,0x81910675dbaf69dee0fd77570bfd07f8e436386a,0x4abb9cc67bd3da9eb966d1159a71a0e68bd15432,KEL,KEL,0x47e4458c99c1c2900c94fba868f14f6f7110a63d1c1421729a219afd76db6b36_KEL,1671214895,1671214895,1,5.257947678429491e+22,52579.47678429492,58.83325790557375,16.279070,16.279070,0.775000,bridge_deposit_flow
ETH,Poly,eth_flow_0x47e4458c99c1__r7fam10__inst00__synth_noise_src_1,0x47e4458c99c1c2900c94fba868f14f6f7110a63d1c1421729a219afd76db6b36,0x4abb9cc67bd3da9eb966d1159a71a0e68bd15432|0x65a8f07bd9a8598e1b5b6c0a88f4779dbc077675|0x81910675dbaf69dee0fd77570bfd07f8e436386a,0x81910675dbaf69dee0fd77570bfd07f8e436386a,0x4abb9cc67bd3da9eb966d1159a71a0e68bd15432,KEL,KEL,0x47e4458c99c1c2900c94fba868f14f6f7110a63d1c1421729a219afd76db6b36_KEL,1671214895,1671214895,1,5.257947678429491e+22,52579.47678429492,58.83325790557375,16.279070,16.279070,0.775000,bridge_deposit_flow
ETH,Poly,eth_flow_0x95cc294ef533__r7fam10__inst01__synth_split_src,0x95cc294ef5338d43f7440316c0fabce849fff33c6219c509e74bb2c8c564aa14,0x11fd7deec34083f8b3b7364b51b1bb6a2f121657|0x81910675dbaf69dee0fd77570bfd07f8e436386a|0xaf9f549774ecedbd0966c52f250acc548d3f36e5,0x81910675dbaf69dee0fd77570bfd07f8e436386a,0xaf9f549774ecedbd0966c52f250acc548d3f36e5,RFuel,RFuel,0x95cc294ef5338d43f7440316c0fabce849fff33c6219c509e74bb2c8c564aa14_RFuel,1664586695,1664586695,1,6.21899385e+22,62189.9385,43.57027056370967,0.000000,0.000000,0.775000,bridge_deposit_flow
ETH,Poly,eth_flow_0x95cc294ef533__r7fam10__inst01__synth_merge_src1,0x95cc294ef5338d43f7440316c0fabce849fff33c6219c509e74bb2c8c564aa14,0x11fd7deec34083f8b3b7364b51b1bb6a2f121657|0x81910675dbaf69dee0fd77570bfd07f8e436386a|0xaf9f549774ecedbd0966c52f250acc548d3f36e5,0x81910675dbaf69dee0fd77570bfd07f8e436386a,0xaf9f549774ecedbd0966c52f250acc548d3f36e5,RFuel,RFuel,0x95cc294ef5338d43f7440316c0fabce849fff33c6219c509e74bb2c8c564aa14_RFuel,1664586695,1664586695,1,3.109496925e+22,31094.96925,21.785135281854835,0.000000,0.000000,0.775000,bridge_deposit_flow
ETH,Poly,eth_flow_0x95cc294ef533__r7fam10__inst01__synth_merge_src2,0x95cc294ef5338d43f7440316c0fabce849fff33c6219c509e74bb2c8c564aa14,0x11fd7deec34083f8b3b7364b51b1bb6a2f121657|0x81910675dbaf69dee0fd77570bfd07f8e436386a|0xaf9f549774ecedbd0966c52f250acc548d3f36e5,0x81910675dbaf69dee0fd77570bfd07f8e436386a,0xaf9f549774ecedbd0966c52f250acc548d3f36e5,RFuel,RFuel,0x95cc294ef5338d43f7440316c0fabce849fff33c6219c509e74bb2c8c564aa14_RFuel,1664586695,1664586695,1,3.109496925e+22,31094.96925,21.785135281854835,0.000000,0.000000,0.775000,bridge_deposit_flow
ETH,Poly,eth_flow_0x95cc294ef533__r7fam10__inst01__synth_unmatched_src,0x95cc294ef5338d43f7440316c0fabce849fff33c6219c509e74bb2c8c564aa14,0x11fd7deec34083f8b3b7364b51b1bb6a2f121657|0x81910675dbaf69dee0fd77570bfd07f8e436386a|0xaf9f549774ecedbd0966c52f250acc548d3f36e5,0x81910675dbaf69dee0fd77570bfd07f8e436386a,0xaf9f549774ecedbd0966c52f250acc548d3f36e5,RFuel,RFuel,0x95cc294ef5338d43f7440316c0fabce849fff33c6219c509e74bb2c8c564aa14_RFuel,1664586695,1664586695,1,6.21899385e+22,62189.9385,43.57027056370967,0.000000,0.000000,0.775000,bridge_deposit_flow
ETH,Poly,eth_flow_0x95cc294ef533__r7fam10__inst01__synth_noise_src_0,0x95cc294ef5338d43f7440316c0fabce849fff33c6219c509e74bb2c8c564aa14,0x11fd7deec34083f8b3b7364b51b1bb6a2f121657|0x81910675dbaf69dee0fd77570bfd07f8e436386a|0xaf9f549774ecedbd0966c52f250acc548d3f36e5,0x81910675dbaf69dee0fd77570bfd07f8e436386a,0xaf9f549774ecedbd0966c52f250acc548d3f36e5,RFuel,RFuel,0x95cc294ef5338d43f7440316c0fabce849fff33c6219c509e74bb2c8c564aa14_RFuel,1664586695,1664586695,1,6.21899385e+22,62189.9385,43.57027056370967,0.000000,0.000000,0.775000,bridge_deposit_flow
ETH,Poly,eth_flow_0x95cc294ef533__r7fam10__inst01__synth_noise_src_1,0x95cc294ef5338d43f7440316c0fabce849fff33c6219c509e74bb2c8c564aa14,0x11fd7deec34083f8b3b7364b51b1bb6a2f121657|0x81910675dbaf69dee0fd77570bfd07f8e436386a|0xaf9f549774ecedbd0966c52f250acc548d3f36e5,0x81910675dbaf69dee0fd77570bfd07f8e436386a,0xaf9f549774ecedbd0966c52f250acc548d3f36e5,RFuel,RFuel,0x95cc294ef5338d43f7440316c0fabce849fff33c6219c509e74bb2c8c564aa14_RFuel,1664586695,1664586695,1,6.21899385e+22,62189.9385,43.57027056370967,0.000000,0.000000,0.775000,bridge_deposit_flow
ETH,Poly,eth_flow_0xf3aa12c8242a__r7fam11__inst00__synth_split_src,0xf3aa12c8242aa1400a01462564b3557009ae2fde86301cbe3ebc0303a04dba0a,0x001a8ffcb0f03e99141652ebcdecdb0384e3bd6c|0x81910675dbaf69dee0fd77570bfd07f8e436386a|0xfb5accdc56250c25e614c3b62d297a7eedf77d93,0x81910675dbaf69dee0fd77570bfd07f8e436386a,0x001a8ffcb0f03e99141652ebcdecdb0384e3bd6c,PKR,PKR,0xf3aa12c8242aa1400a01462564b3557009ae2fde86301cbe3ebc0303a04dba0a_PKR,1668057071,1668057071,1,2.44394e+23,244394.0,5.373818352905393,11.627907,11.627907,0.775000,bridge_deposit_flow
ETH,Poly,eth_flow_0xf3aa12c8242a__r7fam11__inst00__synth_merge_src1,0xf3aa12c8242aa1400a01462564b3557009ae2fde86301cbe3ebc0303a04dba0a,0x001a8ffcb0f03e99141652ebcdecdb0384e3bd6c|0x81910675dbaf69dee0fd77570bfd07f8e436386a|0xfb5accdc56250c25e614c3b62d297a7eedf77d93,0x81910675dbaf69dee0fd77570bfd07f8e436386a,0x001a8ffcb0f03e99141652ebcdecdb0384e3bd6c,PKR,PKR,0xf3aa12c8242aa1400a01462564b3557009ae2fde86301cbe3ebc0303a04dba0a_PKR,1668057071,1668057071,1,1.22197e+23,122197.0,2.6869091764526964,11.627907,11.627907,0.775000,bridge_deposit_flow
ETH,Poly,eth_flow_0xf3aa12c8242a__r7fam11__inst00__synth_merge_src2,0xf3aa12c8242aa1400a01462564b3557009ae2fde86301cbe3ebc0303a04dba0a,0x001a8ffcb0f03e99141652ebcdecdb0384e3bd6c|0x81910675dbaf69dee0fd77570bfd07f8e436386a|0xfb5accdc56250c25e614c3b62d297a7eedf77d93,0x81910675dbaf69dee0fd77570bfd07f8e436386a,0x001a8ffcb0f03e99141652ebcdecdb0384e3bd6c,PKR,PKR,0xf3aa12c8242aa1400a01462564b3557009ae2fde86301cbe3ebc0303a04dba0a_PKR,1668057071,1668057071,1,1.22197e+23,122197.0,2.6869091764526964,11.627907,11.627907,0.775000,bridge_deposit_flow
ETH,Poly,eth_flow_0xf3aa12c8242a__r7fam11__inst00__synth_unmatched_src,0xf3aa12c8242aa1400a01462564b3557009ae2fde86301cbe3ebc0303a04dba0a,0x001a8ffcb0f03e99141652ebcdecdb0384e3bd6c|0x81910675dbaf69dee0fd77570bfd07f8e436386a|0xfb5accdc56250c25e614c3b62d297a7eedf77d93,0x81910675dbaf69dee0fd77570bfd07f8e436386a,0x001a8ffcb0f03e99141652ebcdecdb0384e3bd6c,PKR,PKR,0xf3aa12c8242aa1400a01462564b3557009ae2fde86301cbe3ebc0303a04dba0a_PKR,1668057071,1668057071,1,2.44394e+23,244394.0,5.373818352905393,11.627907,11.627907,0.775000,bridge_deposit_flow
ETH,Poly,eth_flow_0xf3aa12c8242a__r7fam11__inst00__synth_noise_src_0,0xf3aa12c8242aa1400a01462564b3557009ae2fde86301cbe3ebc0303a04dba0a,0x001a8ffcb0f03e99141652ebcdecdb0384e3bd6c|0x81910675dbaf69dee0fd77570bfd07f8e436386a|0xfb5accdc56250c25e614c3b62d297a7eedf77d93,0x81910675dbaf69dee0fd77570bfd07f8e436386a,0x001a8ffcb0f03e99141652ebcdecdb0384e3bd6c,PKR,PKR,0xf3aa12c8242aa1400a01462564b3557009ae2fde86301cbe3ebc0303a04dba0a_PKR,1668057071,1668057071,1,2.44394e+23,244394.0,5.373818352905393,11.627907,11.627907,0.775000,bridge_deposit_flow
ETH,Poly,eth_flow_0xf3aa12c8242a__r7fam11__inst00__synth_noise_src_1,0xf3aa12c8242aa1400a01462564b3557009ae2fde86301cbe3ebc0303a04dba0a,0x001a8ffcb0f03e99141652ebcdecdb0384e3bd6c|0x81910675dbaf69dee0fd77570bfd07f8e436386a|0xfb5accdc56250c25e614c3b62d297a7eedf77d93,0x81910675dbaf69dee0fd77570bfd07f8e436386a,0x001a8ffcb0f03e99141652ebcdecdb0384e3bd6c,PKR,PKR,0xf3aa12c8242aa1400a01462564b3557009ae2fde86301cbe3ebc0303a04dba0a_PKR,1668057071,1668057071,1,2.44394e+23,244394.0,5.373818352905393,11.627907,11.627907,0.775000,bridge_deposit_flow
ETH,Poly,eth_flow_0x0f58aa7c6d75__r7fam11__inst01__synth_split_src,0x0f58aa7c6d751e4b9a2eaabfea083341e83174a618a534fb3e996db2c454227e,0x81910675dbaf69dee0fd77570bfd07f8e436386a|0xaf9f549774ecedbd0966c52f250acc548d3f36e5|0xc70882fd04799dfa6b72c7bda3068bfd9e11be66,0x81910675dbaf69dee0fd77570bfd07f8e436386a,0xaf9f549774ecedbd0966c52f250acc548d3f36e5,RFuel,RFuel,0x0f58aa7c6d751e4b9a2eaabfea083341e83174a618a534fb3e996db2c454227e_RFuel,1663399919,1663399919,1,8.5307e+22,85307.0,59.76608372073532,16.279070,16.279070,0.775000,bridge_deposit_flow
ETH,Poly,eth_flow_0x0f58aa7c6d75__r7fam11__inst01__synth_merge_src1,0x0f58aa7c6d751e4b9a2eaabfea083341e83174a618a534fb3e996db2c454227e,0x81910675dbaf69dee0fd77570bfd07f8e436386a|0xaf9f549774ecedbd0966c52f250acc548d3f36e5|0xc70882fd04799dfa6b72c7bda3068bfd9e11be66,0x81910675dbaf69dee0fd77570bfd07f8e436386a,0xaf9f549774ecedbd0966c52f250acc548d3f36e5,RFuel,RFuel,0x0f58aa7c6d751e4b9a2eaabfea083341e83174a618a534fb3e996db2c454227e_RFuel,1663399919,1663399919,1,4.26535e+22,42653.5,29.88304186036766,16.279070,16.279070,0.775000,bridge_deposit_flow
ETH,Poly,eth_flow_0x0f58aa7c6d75__r7fam11__inst01__synth_merge_src2,0x0f58aa7c6d751e4b9a2eaabfea083341e83174a618a534fb3e996db2c454227e,0x81910675dbaf69dee0fd77570bfd07f8e436386a|0xaf9f549774ecedbd0966c52f250acc548d3f36e5|0xc70882fd04799dfa6b72c7bda3068bfd9e11be66,0x81910675dbaf69dee0fd77570bfd07f8e436386a,0xaf9f549774ecedbd0966c52f250acc548d3f36e5,RFuel,RFuel,0x0f58aa7c6d751e4b9a2eaabfea083341e83174a618a534fb3e996db2c454227e_RFuel,1663399919,1663399919,1,4.26535e+22,42653.5,29.88304186036766,16.279070,16.279070,0.775000,bridge_deposit_flow
ETH,Poly,eth_flow_0x0f58aa7c6d75__r7fam11__inst01__synth_unmatched_src,0x0f58aa7c6d751e4b9a2eaabfea083341e83174a618a534fb3e996db2c454227e,0x81910675dbaf69dee0fd77570bfd07f8e436386a|0xaf9f549774ecedbd0966c52f250acc548d3f36e5|0xc70882fd04799dfa6b72c7bda3068bfd9e11be66,0x81910675dbaf69dee0fd77570bfd07f8e436386a,0xaf9f549774ecedbd0966c52f250acc548d3f36e5,RFuel,RFuel,0x0f58aa7c6d751e4b9a2eaabfea083341e83174a618a534fb3e996db2c454227e_RFuel,1663399919,1663399919,1,8.5307e+22,85307.0,59.76608372073532,16.279070,16.279070,0.775000,bridge_deposit_flow
ETH,Poly,eth_flow_0x0f58aa7c6d75__r7fam11__inst01__synth_noise_src_0,0x0f58aa7c6d751e4b9a2eaabfea083341e83174a618a534fb3e996db2c454227e,0x81910675dbaf69dee0fd77570bfd07f8e436386a|0xaf9f549774ecedbd0966c52f250acc548d3f36e5|0xc70882fd04799dfa6b72c7bda3068bfd9e11be66,0x81910675dbaf69dee0fd77570bfd07f8e436386a,0xaf9f549774ecedbd0966c52f250acc548d3f36e5,RFuel,RFuel,0x0f58aa7c6d751e4b9a2eaabfea083341e83174a618a534fb3e996db2c454227e_RFuel,1663399919,1663399919,1,8.5307e+22,85307.0,59.76608372073532,16.279070,16.279070,0.775000,bridge_deposit_flow
ETH,Poly,eth_flow_0x0f58aa7c6d75__r7fam11__inst01__synth_noise_src_1,0x0f58aa7c6d751e4b9a2eaabfea083341e83174a618a534fb3e996db2c454227e,0x81910675dbaf69dee0fd77570bfd07f8e436386a|0xaf9f549774ecedbd0966c52f250acc548d3f36e5|0xc70882fd04799dfa6b72c7bda3068bfd9e11be66,0x81910675dbaf69dee0fd77570bfd07f8e436386a,0xaf9f549774ecedbd0966c52f250acc548d3f36e5,RFuel,RFuel,0x0f58aa7c6d751e4b9a2eaabfea083341e83174a618a534fb3e996db2c454227e_RFuel,1663399919,1663399919,1,8.5307e+22,85307.0,59.76608372073532,16.279070,16.279070,0.775000,bridge_deposit_flow
ETH,Poly,eth_flow_0xdcce63bc4637__r7fam12__inst00__synth_split_src,0xdcce63bc46376064c3266415d44279e1fe34de0261d313118bb0a3d017705010,0x2584ad49184053593934f338b056dfce263fe02b|0x81910675dbaf69dee0fd77570bfd07f8e436386a|0x9e32b13ce7f2e80a01932b42553652e053d6ed8e,0x81910675dbaf69dee0fd77570bfd07f8e436386a,0x9e32b13ce7f2e80a01932b42553652e053d6ed8e,Metis,Metis,0xdcce63bc46376064c3266415d44279e1fe34de0261d313118bb0a3d017705010_Metis,1648140391,1648140391,1,1.2970064618521708e+20,129.70064618521707,352.6981497792266,11.627907,11.627907,0.800000,bridge_deposit_flow
ETH,Poly,eth_flow_0xdcce63bc4637__r7fam12__inst00__synth_merge_src1,0xdcce63bc46376064c3266415d44279e1fe34de0261d313118bb0a3d017705010,0x2584ad49184053593934f338b056dfce263fe02b|0x81910675dbaf69dee0fd77570bfd07f8e436386a|0x9e32b13ce7f2e80a01932b42553652e053d6ed8e,0x81910675dbaf69dee0fd77570bfd07f8e436386a,0x9e32b13ce7f2e80a01932b42553652e053d6ed8e,Metis,Metis,0xdcce63bc46376064c3266415d44279e1fe34de0261d313118bb0a3d017705010_Metis,1648140391,1648140391,1,6.485032309260854e+19,64.85032309260853,176.3490748896133,11.627907,11.627907,0.800000,bridge_deposit_flow
ETH,Poly,eth_flow_0xdcce63bc4637__r7fam12__inst00__synth_merge_src2,0xdcce63bc46376064c3266415d44279e1fe34de0261d313118bb0a3d017705010,0x2584ad49184053593934f338b056dfce263fe02b|0x81910675dbaf69dee0fd77570bfd07f8e436386a|0x9e32b13ce7f2e80a01932b42553652e053d6ed8e,0x81910675dbaf69dee0fd77570bfd07f8e436386a,0x9e32b13ce7f2e80a01932b42553652e053d6ed8e,Metis,Metis,0xdcce63bc46376064c3266415d44279e1fe34de0261d313118bb0a3d017705010_Metis,1648140391,1648140391,1,6.485032309260854e+19,64.85032309260853,176.3490748896133,11.627907,11.627907,0.800000,bridge_deposit_flow
ETH,Poly,eth_flow_0xdcce63bc4637__r7fam12__inst00__synth_unmatched_src,0xdcce63bc46376064c3266415d44279e1fe34de0261d313118bb0a3d017705010,0x2584ad49184053593934f338b056dfce263fe02b|0x81910675dbaf69dee0fd77570bfd07f8e436386a|0x9e32b13ce7f2e80a01932b42553652e053d6ed8e,0x81910675dbaf69dee0fd77570bfd07f8e436386a,0x9e32b13ce7f2e80a01932b42553652e053d6ed8e,Metis,Metis,0xdcce63bc46376064c3266415d44279e1fe34de0261d313118bb0a3d017705010_Metis,1648140391,1648140391,1,1.2970064618521708e+20,129.70064618521707,352.6981497792266,11.627907,11.627907,0.800000,bridge_deposit_flow
ETH,Poly,eth_flow_0xdcce63bc4637__r7fam12__inst00__synth_noise_src_0,0xdcce63bc46376064c3266415d44279e1fe34de0261d313118bb0a3d017705010,0x2584ad49184053593934f338b056dfce263fe02b|0x81910675dbaf69dee0fd77570bfd07f8e436386a|0x9e32b13ce7f2e80a01932b42553652e053d6ed8e,0x81910675dbaf69dee0fd77570bfd07f8e436386a,0x9e32b13ce7f2e80a01932b42553652e053d6ed8e,Metis,Metis,0xdcce63bc46376064c3266415d44279e1fe34de0261d313118bb0a3d017705010_Metis,1648140391,1648140391,1,1.2970064618521708e+20,129.70064618521707,352.6981497792266,11.627907,11.627907,0.800000,bridge_deposit_flow
ETH,Poly,eth_flow_0xdcce63bc4637__r7fam12__inst00__synth_noise_src_1,0xdcce63bc46376064c3266415d44279e1fe34de0261d313118bb0a3d017705010,0x2584ad49184053593934f338b056dfce263fe02b|0x81910675dbaf69dee0fd77570bfd07f8e436386a|0x9e32b13ce7f2e80a01932b42553652e053d6ed8e,0x81910675dbaf69dee0fd77570bfd07f8e436386a,0x9e32b13ce7f2e80a01932b42553652e053d6ed8e,Metis,Metis,0xdcce63bc46376064c3266415d44279e1fe34de0261d313118bb0a3d017705010_Metis,1648140391,1648140391,1,1.2970064618521708e+20,129.70064618521707,352.6981497792266,11.627907,11.627907,0.800000,bridge_deposit_flow
ETH,Poly,eth_flow_0x11fcd3feace0__r7fam12__inst01__synth_split_src,0x11fcd3feace0bb09a0a72b15947315f464c035bb6130ecbf9df6c454772eb559,0x81910675dbaf69dee0fd77570bfd07f8e436386a|0xaf9f549774ecedbd0966c52f250acc548d3f36e5|0xc70882fd04799dfa6b72c7bda3068bfd9e11be66,0x81910675dbaf69dee0fd77570bfd07f8e436386a,0xaf9f549774ecedbd0966c52f250acc548d3f36e5,RFuel,RFuel,0x11fcd3feace0bb09a0a72b15947315f464c035bb6130ecbf9df6c454772eb559_RFuel,1661734442,1661734442,1,1.3258435575673125e+23,132584.35575673124,92.88859889829152,16.279070,16.279070,0.800000,bridge_deposit_flow
ETH,Poly,eth_flow_0x11fcd3feace0__r7fam12__inst01__synth_merge_src1,0x11fcd3feace0bb09a0a72b15947315f464c035bb6130ecbf9df6c454772eb559,0x81910675dbaf69dee0fd77570bfd07f8e436386a|0xaf9f549774ecedbd0966c52f250acc548d3f36e5|0xc70882fd04799dfa6b72c7bda3068bfd9e11be66,0x81910675dbaf69dee0fd77570bfd07f8e436386a,0xaf9f549774ecedbd0966c52f250acc548d3f36e5,RFuel,RFuel,0x11fcd3feace0bb09a0a72b15947315f464c035bb6130ecbf9df6c454772eb559_RFuel,1661734442,1661734442,1,6.629217787836562e+22,66292.17787836562,46.44429944914576,16.279070,16.279070,0.800000,bridge_deposit_flow
ETH,Poly,eth_flow_0x11fcd3feace0__r7fam12__inst01__synth_merge_src2,0x11fcd3feace0bb09a0a72b15947315f464c035bb6130ecbf9df6c454772eb559,0x81910675dbaf69dee0fd77570bfd07f8e436386a|0xaf9f549774ecedbd0966c52f250acc548d3f36e5|0xc70882fd04799dfa6b72c7bda3068bfd9e11be66,0x81910675dbaf69dee0fd77570bfd07f8e436386a,0xaf9f549774ecedbd0966c52f250acc548d3f36e5,RFuel,RFuel,0x11fcd3feace0bb09a0a72b15947315f464c035bb6130ecbf9df6c454772eb559_RFuel,1661734442,1661734442,1,6.629217787836562e+22,66292.17787836562,46.44429944914576,16.279070,16.279070,0.800000,bridge_deposit_flow
ETH,Poly,eth_flow_0x11fcd3feace0__r7fam12__inst01__synth_unmatched_src,0x11fcd3feace0bb09a0a72b15947315f464c035bb6130ecbf9df6c454772eb559,0x81910675dbaf69dee0fd77570bfd07f8e436386a|0xaf9f549774ecedbd0966c52f250acc548d3f36e5|0xc70882fd04799dfa6b72c7bda3068bfd9e11be66,0x81910675dbaf69dee0fd77570bfd07f8e436386a,0xaf9f549774ecedbd0966c52f250acc548d3f36e5,RFuel,RFuel,0x11fcd3feace0bb09a0a72b15947315f464c035bb6130ecbf9df6c454772eb559_RFuel,1661734442,1661734442,1,1.3258435575673125e+23,132584.35575673124,92.88859889829152,16.279070,16.279070,0.800000,bridge_deposit_flow
ETH,Poly,eth_flow_0x11fcd3feace0__r7fam12__inst01__synth_noise_src_0,0x11fcd3feace0bb09a0a72b15947315f464c035bb6130ecbf9df6c454772eb559,0x81910675dbaf69dee0fd77570bfd07f8e436386a|0xaf9f549774ecedbd0966c52f250acc548d3f36e5|0xc70882fd04799dfa6b72c7bda3068bfd9e11be66,0x81910675dbaf69dee0fd77570bfd07f8e436386a,0xaf9f549774ecedbd0966c52f250acc548d3f36e5,RFuel,RFuel,0x11fcd3feace0bb09a0a72b15947315f464c035bb6130ecbf9df6c454772eb559_RFuel,1661734442,1661734442,1,1.3258435575673125e+23,132584.35575673124,92.88859889829152,16.279070,16.279070,0.800000,bridge_deposit_flow
ETH,Poly,eth_flow_0x11fcd3feace0__r7fam12__inst01__synth_noise_src_1,0x11fcd3feace0bb09a0a72b15947315f464c035bb6130ecbf9df6c454772eb559,0x81910675dbaf69dee0fd77570bfd07f8e436386a|0xaf9f549774ecedbd0966c52f250acc548d3f36e5|0xc70882fd04799dfa6b72c7bda3068bfd9e11be66,0x81910675dbaf69dee0fd77570bfd07f8e436386a,0xaf9f549774ecedbd0966c52f250acc548d3f36e5,RFuel,RFuel,0x11fcd3feace0bb09a0a72b15947315f464c035bb6130ecbf9df6c454772eb559_RFuel,1661734442,1661734442,1,1.3258435575673125e+23,132584.35575673124,92.88859889829152,16.279070,16.279070,0.800000,bridge_deposit_flow
ETH,Poly,eth_flow_0xcdcef44f4323__r7fam13__inst00__synth_split_src,0xcdcef44f4323e6cdcc62d056b7e63085c5d00c321633cb844d0011b36f8ca6d7,0x81910675dbaf69dee0fd77570bfd07f8e436386a|0x9e32b13ce7f2e80a01932b42553652e053d6ed8e|0xf2ce52e3d0eb5d237341c9a75ca24647d87d7e55,0x81910675dbaf69dee0fd77570bfd07f8e436386a,0x9e32b13ce7f2e80a01932b42553652e053d6ed8e,Metis,Metis,0xcdcef44f4323e6cdcc62d056b7e63085c5d00c321633cb844d0011b36f8ca6d7_Metis,1660488348,1660488348,1,1.307128054310736e+20,130.7128054310736,355.4505392529517,16.279070,16.279070,0.800000,bridge_deposit_flow
ETH,Poly,eth_flow_0xcdcef44f4323__r7fam13__inst00__synth_merge_src1,0xcdcef44f4323e6cdcc62d056b7e63085c5d00c321633cb844d0011b36f8ca6d7,0x81910675dbaf69dee0fd77570bfd07f8e436386a|0x9e32b13ce7f2e80a01932b42553652e053d6ed8e|0xf2ce52e3d0eb5d237341c9a75ca24647d87d7e55,0x81910675dbaf69dee0fd77570bfd07f8e436386a,0x9e32b13ce7f2e80a01932b42553652e053d6ed8e,Metis,Metis,0xcdcef44f4323e6cdcc62d056b7e63085c5d00c321633cb844d0011b36f8ca6d7_Metis,1660488348,1660488348,1,6.53564027155368e+19,65.3564027155368,177.72526962647586,16.279070,16.279070,0.800000,bridge_deposit_flow
ETH,Poly,eth_flow_0xcdcef44f4323__r7fam13__inst00__synth_merge_src2,0xcdcef44f4323e6cdcc62d056b7e63085c5d00c321633cb844d0011b36f8ca6d7,0x81910675dbaf69dee0fd77570bfd07f8e436386a|0x9e32b13ce7f2e80a01932b42553652e053d6ed8e|0xf2ce52e3d0eb5d237341c9a75ca24647d87d7e55,0x81910675dbaf69dee0fd77570bfd07f8e436386a,0x9e32b13ce7f2e80a01932b42553652e053d6ed8e,Metis,Metis,0xcdcef44f4323e6cdcc62d056b7e63085c5d00c321633cb844d0011b36f8ca6d7_Metis,1660488348,1660488348,1,6.53564027155368e+19,65.3564027155368,177.72526962647586,16.279070,16.279070,0.800000,bridge_deposit_flow
ETH,Poly,eth_flow_0xcdcef44f4323__r7fam13__inst00__synth_unmatched_src,0xcdcef44f4323e6cdcc62d056b7e63085c5d00c321633cb844d0011b36f8ca6d7,0x81910675dbaf69dee0fd77570bfd07f8e436386a|0x9e32b13ce7f2e80a01932b42553652e053d6ed8e|0xf2ce52e3d0eb5d237341c9a75ca24647d87d7e55,0x81910675dbaf69dee0fd77570bfd07f8e436386a,0x9e32b13ce7f2e80a01932b42553652e053d6ed8e,Metis,Metis,0xcdcef44f4323e6cdcc62d056b7e63085c5d00c321633cb844d0011b36f8ca6d7_Metis,1660488348,1660488348,1,1.307128054310736e+20,130.7128054310736,355.4505392529517,16.279070,16.279070,0.800000,bridge_deposit_flow
ETH,Poly,eth_flow_0xcdcef44f4323__r7fam13__inst00__synth_noise_src_0,0xcdcef44f4323e6cdcc62d056b7e63085c5d00c321633cb844d0011b36f8ca6d7,0x81910675dbaf69dee0fd77570bfd07f8e436386a|0x9e32b13ce7f2e80a01932b42553652e053d6ed8e|0xf2ce52e3d0eb5d237341c9a75ca24647d87d7e55,0x81910675dbaf69dee0fd77570bfd07f8e436386a,0x9e32b13ce7f2e80a01932b42553652e053d6ed8e,Metis,Metis,0xcdcef44f4323e6cdcc62d056b7e63085c5d00c321633cb844d0011b36f8ca6d7_Metis,1660488348,1660488348,1,1.307128054310736e+20,130.7128054310736,355.4505392529517,16.279070,16.279070,0.800000,bridge_deposit_flow
ETH,Poly,eth_flow_0xcdcef44f4323__r7fam13__inst00__synth_noise_src_1,0xcdcef44f4323e6cdcc62d056b7e63085c5d00c321633cb844d0011b36f8ca6d7,0x81910675dbaf69dee0fd77570bfd07f8e436386a|0x9e32b13ce7f2e80a01932b42553652e053d6ed8e|0xf2ce52e3d0eb5d237341c9a75ca24647d87d7e55,0x81910675dbaf69dee0fd77570bfd07f8e436386a,0x9e32b13ce7f2e80a01932b42553652e053d6ed8e,Metis,Metis,0xcdcef44f4323e6cdcc62d056b7e63085c5d00c321633cb844d0011b36f8ca6d7_Metis,1660488348,1660488348,1,1.307128054310736e+20,130.7128054310736,355.4505392529517,16.279070,16.279070,0.800000,bridge_deposit_flow
ETH,Poly,eth_flow_0x9a0aad9ff81e__r7fam13__inst01__synth_split_src,0x9a0aad9ff81e1187c376b2c256750314dad4fdd9ddd2c0263088afdc35bef845,0x81910675dbaf69dee0fd77570bfd07f8e436386a|0x9e32b13ce7f2e80a01932b42553652e053d6ed8e|0xe034db422431b665301665516e60193365367bc2,0x81910675dbaf69dee0fd77570bfd07f8e436386a,0x9e32b13ce7f2e80a01932b42553652e053d6ed8e,Metis,Metis,0x9a0aad9ff81e1187c376b2c256750314dad4fdd9ddd2c0263088afdc35bef845_Metis,1646205322,1646205322,1,9.534298754198032e+19,95.34298754198032,259.2685255589193,16.279070,16.279070,0.800000,bridge_deposit_flow
ETH,Poly,eth_flow_0x9a0aad9ff81e__r7fam13__inst01__synth_merge_src1,0x9a0aad9ff81e1187c376b2c256750314dad4fdd9ddd2c0263088afdc35bef845,0x81910675dbaf69dee0fd77570bfd07f8e436386a|0x9e32b13ce7f2e80a01932b42553652e053d6ed8e|0xe034db422431b665301665516e60193365367bc2,0x81910675dbaf69dee0fd77570bfd07f8e436386a,0x9e32b13ce7f2e80a01932b42553652e053d6ed8e,Metis,Metis,0x9a0aad9ff81e1187c376b2c256750314dad4fdd9ddd2c0263088afdc35bef845_Metis,1646205322,1646205322,1,4.767149377099016e+19,47.67149377099016,129.63426277945965,16.279070,16.279070,0.800000,bridge_deposit_flow
ETH,Poly,eth_flow_0x9a0aad9ff81e__r7fam13__inst01__synth_merge_src2,0x9a0aad9ff81e1187c376b2c256750314dad4fdd9ddd2c0263088afdc35bef845,0x81910675dbaf69dee0fd77570bfd07f8e436386a|0x9e32b13ce7f2e80a01932b42553652e053d6ed8e|0xe034db422431b665301665516e60193365367bc2,0x81910675dbaf69dee0fd77570bfd07f8e436386a,0x9e32b13ce7f2e80a01932b42553652e053d6ed8e,Metis,Metis,0x9a0aad9ff81e1187c376b2c256750314dad4fdd9ddd2c0263088afdc35bef845_Metis,1646205322,1646205322,1,4.767149377099016e+19,47.67149377099016,129.63426277945965,16.279070,16.279070,0.800000,bridge_deposit_flow
ETH,Poly,eth_flow_0x9a0aad9ff81e__r7fam13__inst01__synth_unmatched_src,0x9a0aad9ff81e1187c376b2c256750314dad4fdd9ddd2c0263088afdc35bef845,0x81910675dbaf69dee0fd77570bfd07f8e436386a|0x9e32b13ce7f2e80a01932b42553652e053d6ed8e|0xe034db422431b665301665516e60193365367bc2,0x81910675dbaf69dee0fd77570bfd07f8e436386a,0x9e32b13ce7f2e80a01932b42553652e053d6ed8e,Metis,Metis,0x9a0aad9ff81e1187c376b2c256750314dad4fdd9ddd2c0263088afdc35bef845_Metis,1646205322,1646205322,1,9.534298754198032e+19,95.34298754198032,259.2685255589193,16.279070,16.279070,0.800000,bridge_deposit_flow
ETH,Poly,eth_flow_0x9a0aad9ff81e__r7fam13__inst01__synth_noise_src_0,0x9a0aad9ff81e1187c376b2c256750314dad4fdd9ddd2c0263088afdc35bef845,0x81910675dbaf69dee0fd77570bfd07f8e436386a|0x9e32b13ce7f2e80a01932b42553652e053d6ed8e|0xe034db422431b665301665516e60193365367bc2,0x81910675dbaf69dee0fd77570bfd07f8e436386a,0x9e32b13ce7f2e80a01932b42553652e053d6ed8e,Metis,Metis,0x9a0aad9ff81e1187c376b2c256750314dad4fdd9ddd2c0263088afdc35bef845_Metis,1646205322,1646205322,1,9.534298754198032e+19,95.34298754198032,259.2685255589193,16.279070,16.279070,0.800000,bridge_deposit_flow
ETH,Poly,eth_flow_0x9a0aad9ff81e__r7fam13__inst01__synth_noise_src_1,0x9a0aad9ff81e1187c376b2c256750314dad4fdd9ddd2c0263088afdc35bef845,0x81910675dbaf69dee0fd77570bfd07f8e436386a|0x9e32b13ce7f2e80a01932b42553652e053d6ed8e|0xe034db422431b665301665516e60193365367bc2,0x81910675dbaf69dee0fd77570bfd07f8e436386a,0x9e32b13ce7f2e80a01932b42553652e053d6ed8e,Metis,Metis,0x9a0aad9ff81e1187c376b2c256750314dad4fdd9ddd2c0263088afdc35bef845_Metis,1646205322,1646205322,1,9.534298754198032e+19,95.34298754198032,259.2685255589193,16.279070,16.279070,0.800000,bridge_deposit_flow
ETH,Poly,eth_flow_0xf4756f7dee15__r7fam14__inst00__synth_split_src,0xf4756f7dee15dcae596bfcf993c65c2b050f26354da154ddff171bd689817a4a,0x81910675dbaf69dee0fd77570bfd07f8e436386a|0x9e32b13ce7f2e80a01932b42553652e053d6ed8e|0xd54e4f8a55247487dd7c8c59f14ee5c0c2889477,0x81910675dbaf69dee0fd77570bfd07f8e436386a,0x9e32b13ce7f2e80a01932b42553652e053d6ed8e,Metis,Metis,0xf4756f7dee15dcae596bfcf993c65c2b050f26354da154ddff171bd689817a4a_Metis,1657587386,1657587386,1,1.07e+20,107.0,290.96772557698023,16.279070,16.279070,0.800000,bridge_deposit_flow
ETH,Poly,eth_flow_0xf4756f7dee15__r7fam14__inst00__synth_merge_src1,0xf4756f7dee15dcae596bfcf993c65c2b050f26354da154ddff171bd689817a4a,0x81910675dbaf69dee0fd77570bfd07f8e436386a|0x9e32b13ce7f2e80a01932b42553652e053d6ed8e|0xd54e4f8a55247487dd7c8c59f14ee5c0c2889477,0x81910675dbaf69dee0fd77570bfd07f8e436386a,0x9e32b13ce7f2e80a01932b42553652e053d6ed8e,Metis,Metis,0xf4756f7dee15dcae596bfcf993c65c2b050f26354da154ddff171bd689817a4a_Metis,1657587386,1657587386,1,5.35e+19,53.5,145.48386278849011,16.279070,16.279070,0.800000,bridge_deposit_flow
ETH,Poly,eth_flow_0xf4756f7dee15__r7fam14__inst00__synth_merge_src2,0xf4756f7dee15dcae596bfcf993c65c2b050f26354da154ddff171bd689817a4a,0x81910675dbaf69dee0fd77570bfd07f8e436386a|0x9e32b13ce7f2e80a01932b42553652e053d6ed8e|0xd54e4f8a55247487dd7c8c59f14ee5c0c2889477,0x81910675dbaf69dee0fd77570bfd07f8e436386a,0x9e32b13ce7f2e80a01932b42553652e053d6ed8e,Metis,Metis,0xf4756f7dee15dcae596bfcf993c65c2b050f26354da154ddff171bd689817a4a_Metis,1657587386,1657587386,1,5.35e+19,53.5,145.48386278849011,16.279070,16.279070,0.800000,bridge_deposit_flow
ETH,Poly,eth_flow_0xf4756f7dee15__r7fam14__inst00__synth_unmatched_src,0xf4756f7dee15dcae596bfcf993c65c2b050f26354da154ddff171bd689817a4a,0x81910675dbaf69dee0fd77570bfd07f8e436386a|0x9e32b13ce7f2e80a01932b42553652e053d6ed8e|0xd54e4f8a55247487dd7c8c59f14ee5c0c2889477,0x81910675dbaf69dee0fd77570bfd07f8e436386a,0x9e32b13ce7f2e80a01932b42553652e053d6ed8e,Metis,Metis,0xf4756f7dee15dcae596bfcf993c65c2b050f26354da154ddff171bd689817a4a_Metis,1657587386,1657587386,1,1.07e+20,107.0,290.96772557698023,16.279070,16.279070,0.800000,bridge_deposit_flow
ETH,Poly,eth_flow_0xf4756f7dee15__r7fam14__inst00__synth_noise_src_0,0xf4756f7dee15dcae596bfcf993c65c2b050f26354da154ddff171bd689817a4a,0x81910675dbaf69dee0fd77570bfd07f8e436386a|0x9e32b13ce7f2e80a01932b42553652e053d6ed8e|0xd54e4f8a55247487dd7c8c59f14ee5c0c2889477,0x81910675dbaf69dee0fd77570bfd07f8e436386a,0x9e32b13ce7f2e80a01932b42553652e053d6ed8e,Metis,Metis,0xf4756f7dee15dcae596bfcf993c65c2b050f26354da154ddff171bd689817a4a_Metis,1657587386,1657587386,1,1.07e+20,107.0,290.96772557698023,16.279070,16.279070,0.800000,bridge_deposit_flow
ETH,Poly,eth_flow_0xf4756f7dee15__r7fam14__inst00__synth_noise_src_1,0xf4756f7dee15dcae596bfcf993c65c2b050f26354da154ddff171bd689817a4a,0x81910675dbaf69dee0fd77570bfd07f8e436386a|0x9e32b13ce7f2e80a01932b42553652e053d6ed8e|0xd54e4f8a55247487dd7c8c59f14ee5c0c2889477,0x81910675dbaf69dee0fd77570bfd07f8e436386a,0x9e32b13ce7f2e80a01932b42553652e053d6ed8e,Metis,Metis,0xf4756f7dee15dcae596bfcf993c65c2b050f26354da154ddff171bd689817a4a_Metis,1657587386,1657587386,1,1.07e+20,107.0,290.96772557698023,16.279070,16.279070,0.800000,bridge_deposit_flow
ETH,Poly,eth_flow_0x20a73f352770__r7fam14__inst01__synth_split_src,0x20a73f352770b75cd4fa55542ff7206e47182b06b5b7fa33d8e9484dda7fb450,0x0d5c74664e49fd06efc1229fad18f9c5d29f7554|0x81910675dbaf69dee0fd77570bfd07f8e436386a|0x9e32b13ce7f2e80a01932b42553652e053d6ed8e,0x81910675dbaf69dee0fd77570bfd07f8e436386a,0x9e32b13ce7f2e80a01932b42553652e053d6ed8e,Metis,Metis,0x20a73f352770b75cd4fa55542ff7206e47182b06b5b7fa33d8e9484dda7fb450_Metis,1648500599,1648500599,1,4.492023994639986e+19,44.92023994639986,122.1527107437026,16.279070,16.279070,0.800000,bridge_deposit_flow
ETH,Poly,eth_flow_0x20a73f352770__r7fam14__inst01__synth_merge_src1,0x20a73f352770b75cd4fa55542ff7206e47182b06b5b7fa33d8e9484dda7fb450,0x0d5c74664e49fd06efc1229fad18f9c5d29f7554|0x81910675dbaf69dee0fd77570bfd07f8e436386a|0x9e32b13ce7f2e80a01932b42553652e053d6ed8e,0x81910675dbaf69dee0fd77570bfd07f8e436386a,0x9e32b13ce7f2e80a01932b42553652e053d6ed8e,Metis,Metis,0x20a73f352770b75cd4fa55542ff7206e47182b06b5b7fa33d8e9484dda7fb450_Metis,1648500599,1648500599,1,2.246011997319993e+19,22.46011997319993,61.0763553718513,16.279070,16.279070,0.800000,bridge_deposit_flow
ETH,Poly,eth_flow_0x20a73f352770__r7fam14__inst01__synth_merge_src2,0x20a73f352770b75cd4fa55542ff7206e47182b06b5b7fa33d8e9484dda7fb450,0x0d5c74664e49fd06efc1229fad18f9c5d29f7554|0x81910675dbaf69dee0fd77570bfd07f8e436386a|0x9e32b13ce7f2e80a01932b42553652e053d6ed8e,0x81910675dbaf69dee0fd77570bfd07f8e436386a,0x9e32b13ce7f2e80a01932b42553652e053d6ed8e,Metis,Metis,0x20a73f352770b75cd4fa55542ff7206e47182b06b5b7fa33d8e9484dda7fb450_Metis,1648500599,1648500599,1,2.246011997319993e+19,22.46011997319993,61.0763553718513,16.279070,16.279070,0.800000,bridge_deposit_flow
ETH,Poly,eth_flow_0x20a73f352770__r7fam14__inst01__synth_unmatched_src,0x20a73f352770b75cd4fa55542ff7206e47182b06b5b7fa33d8e9484dda7fb450,0x0d5c74664e49fd06efc1229fad18f9c5d29f7554|0x81910675dbaf69dee0fd77570bfd07f8e436386a|0x9e32b13ce7f2e80a01932b42553652e053d6ed8e,0x81910675dbaf69dee0fd77570bfd07f8e436386a,0x9e32b13ce7f2e80a01932b42553652e053d6ed8e,Metis,Metis,0x20a73f352770b75cd4fa55542ff7206e47182b06b5b7fa33d8e9484dda7fb450_Metis,1648500599,1648500599,1,4.492023994639986e+19,44.92023994639986,122.1527107437026,16.279070,16.279070,0.800000,bridge_deposit_flow
ETH,Poly,eth_flow_0x20a73f352770__r7fam14__inst01__synth_noise_src_0,0x20a73f352770b75cd4fa55542ff7206e47182b06b5b7fa33d8e9484dda7fb450,0x0d5c74664e49fd06efc1229fad18f9c5d29f7554|0x81910675dbaf69dee0fd77570bfd07f8e436386a|0x9e32b13ce7f2e80a01932b42553652e053d6ed8e,0x81910675dbaf69dee0fd77570bfd07f8e436386a,0x9e32b13ce7f2e80a01932b42553652e053d6ed8e,Metis,Metis,0x20a73f352770b75cd4fa55542ff7206e47182b06b5b7fa33d8e9484dda7fb450_Metis,1648500599,1648500599,1,4.492023994639986e+19,44.92023994639986,122.1527107437026,16.279070,16.279070,0.800000,bridge_deposit_flow
ETH,Poly,eth_flow_0x20a73f352770__r7fam14__inst01__synth_noise_src_1,0x20a73f352770b75cd4fa55542ff7206e47182b06b5b7fa33d8e9484dda7fb450,0x0d5c74664e49fd06efc1229fad18f9c5d29f7554|0x81910675dbaf69dee0fd77570bfd07f8e436386a|0x9e32b13ce7f2e80a01932b42553652e053d6ed8e,0x81910675dbaf69dee0fd77570bfd07f8e436386a,0x9e32b13ce7f2e80a01932b42553652e053d6ed8e,Metis,Metis,0x20a73f352770b75cd4fa55542ff7206e47182b06b5b7fa33d8e9484dda7fb450_Metis,1648500599,1648500599,1,4.492023994639986e+19,44.92023994639986,122.1527107437026,16.279070,16.279070,0.800000,bridge_deposit_flow
ETH,Poly,eth_flow_0x177ea7e33702__r7fam15__inst00__synth_split_src,0x177ea7e33702ab89a26e982dd7440c18b3a4c6e37d2e92dc5ad3e7b97086a659,0x7a6a59588b8106045303e1923227a2cefbec2b66|0x81910675dbaf69dee0fd77570bfd07f8e436386a|0x9e32b13ce7f2e80a01932b42553652e053d6ed8e,0x81910675dbaf69dee0fd77570bfd07f8e436386a,0x9e32b13ce7f2e80a01932b42553652e053d6ed8e,Metis,Metis,0x177ea7e33702ab89a26e982dd7440c18b3a4c6e37d2e92dc5ad3e7b97086a659_Metis,1645561019,1645561019,1,4.976081097690208e+19,49.76081097690208,135.31579432537598,16.279070,16.279070,0.800000,bridge_deposit_flow
ETH,Poly,eth_flow_0x177ea7e33702__r7fam15__inst00__synth_merge_src1,0x177ea7e33702ab89a26e982dd7440c18b3a4c6e37d2e92dc5ad3e7b97086a659,0x7a6a59588b8106045303e1923227a2cefbec2b66|0x81910675dbaf69dee0fd77570bfd07f8e436386a|0x9e32b13ce7f2e80a01932b42553652e053d6ed8e,0x81910675dbaf69dee0fd77570bfd07f8e436386a,0x9e32b13ce7f2e80a01932b42553652e053d6ed8e,Metis,Metis,0x177ea7e33702ab89a26e982dd7440c18b3a4c6e37d2e92dc5ad3e7b97086a659_Metis,1645561019,1645561019,1,2.488040548845104e+19,24.88040548845104,67.65789716268799,16.279070,16.279070,0.800000,bridge_deposit_flow
ETH,Poly,eth_flow_0x177ea7e33702__r7fam15__inst00__synth_merge_src2,0x177ea7e33702ab89a26e982dd7440c18b3a4c6e37d2e92dc5ad3e7b97086a659,0x7a6a59588b8106045303e1923227a2cefbec2b66|0x81910675dbaf69dee0fd77570bfd07f8e436386a|0x9e32b13ce7f2e80a01932b42553652e053d6ed8e,0x81910675dbaf69dee0fd77570bfd07f8e436386a,0x9e32b13ce7f2e80a01932b42553652e053d6ed8e,Metis,Metis,0x177ea7e33702ab89a26e982dd7440c18b3a4c6e37d2e92dc5ad3e7b97086a659_Metis,1645561019,1645561019,1,2.488040548845104e+19,24.88040548845104,67.65789716268799,16.279070,16.279070,0.800000,bridge_deposit_flow
ETH,Poly,eth_flow_0x177ea7e33702__r7fam15__inst00__synth_unmatched_src,0x177ea7e33702ab89a26e982dd7440c18b3a4c6e37d2e92dc5ad3e7b97086a659,0x7a6a59588b8106045303e1923227a2cefbec2b66|0x81910675dbaf69dee0fd77570bfd07f8e436386a|0x9e32b13ce7f2e80a01932b42553652e053d6ed8e,0x81910675dbaf69dee0fd77570bfd07f8e436386a,0x9e32b13ce7f2e80a01932b42553652e053d6ed8e,Metis,Metis,0x177ea7e33702ab89a26e982dd7440c18b3a4c6e37d2e92dc5ad3e7b97086a659_Metis,1645561019,1645561019,1,4.976081097690208e+19,49.76081097690208,135.31579432537598,16.279070,16.279070,0.800000,bridge_deposit_flow
ETH,Poly,eth_flow_0x177ea7e33702__r7fam15__inst00__synth_noise_src_0,0x177ea7e33702ab89a26e982dd7440c18b3a4c6e37d2e92dc5ad3e7b97086a659,0x7a6a59588b8106045303e1923227a2cefbec2b66|0x81910675dbaf69dee0fd77570bfd07f8e436386a|0x9e32b13ce7f2e80a01932b42553652e053d6ed8e,0x81910675dbaf69dee0fd77570bfd07f8e436386a,0x9e32b13ce7f2e80a01932b42553652e053d6ed8e,Metis,Metis,0x177ea7e33702ab89a26e982dd7440c18b3a4c6e37d2e92dc5ad3e7b97086a659_Metis,1645561019,1645561019,1,4.976081097690208e+19,49.76081097690208,135.31579432537598,16.279070,16.279070,0.800000,bridge_deposit_flow
ETH,Poly,eth_flow_0x177ea7e33702__r7fam15__inst00__synth_noise_src_1,0x177ea7e33702ab89a26e982dd7440c18b3a4c6e37d2e92dc5ad3e7b97086a659,0x7a6a59588b8106045303e1923227a2cefbec2b66|0x81910675dbaf69dee0fd77570bfd07f8e436386a|0x9e32b13ce7f2e80a01932b42553652e053d6ed8e,0x81910675dbaf69dee0fd77570bfd07f8e436386a,0x9e32b13ce7f2e80a01932b42553652e053d6ed8e,Metis,Metis,0x177ea7e33702ab89a26e982dd7440c18b3a4c6e37d2e92dc5ad3e7b97086a659_Metis,1645561019,1645561019,1,4.976081097690208e+19,49.76081097690208,135.31579432537598,16.279070,16.279070,0.800000,bridge_deposit_flow
ETH,Poly,eth_flow_0x8665b7e20f72__r7fam15__inst01__synth_split_src,0x8665b7e20f726189a2b3d107dbef0f5e050b8e126bc9bb4ed7bdb1c7bd47d810,0x7a6a59588b8106045303e1923227a2cefbec2b66|0x81910675dbaf69dee0fd77570bfd07f8e436386a|0x9e32b13ce7f2e80a01932b42553652e053d6ed8e,0x81910675dbaf69dee0fd77570bfd07f8e436386a,0x9e32b13ce7f2e80a01932b42553652e053d6ed8e,Metis,Metis,0x8665b7e20f726189a2b3d107dbef0f5e050b8e126bc9bb4ed7bdb1c7bd47d810_Metis,1659672008,1659672008,1,1.050721714701956e+20,105.07217147019558,285.7253341506288,16.279070,16.279070,0.800000,bridge_deposit_flow
ETH,Poly,eth_flow_0x8665b7e20f72__r7fam15__inst01__synth_merge_src1,0x8665b7e20f726189a2b3d107dbef0f5e050b8e126bc9bb4ed7bdb1c7bd47d810,0x7a6a59588b8106045303e1923227a2cefbec2b66|0x81910675dbaf69dee0fd77570bfd07f8e436386a|0x9e32b13ce7f2e80a01932b42553652e053d6ed8e,0x81910675dbaf69dee0fd77570bfd07f8e436386a,0x9e32b13ce7f2e80a01932b42553652e053d6ed8e,Metis,Metis,0x8665b7e20f726189a2b3d107dbef0f5e050b8e126bc9bb4ed7bdb1c7bd47d810_Metis,1659672008,1659672008,1,5.25360857350978e+19,52.53608573509779,142.8626670753144,16.279070,16.279070,0.800000,bridge_deposit_flow
ETH,Poly,eth_flow_0x8665b7e20f72__r7fam15__inst01__synth_merge_src2,0x8665b7e20f726189a2b3d107dbef0f5e050b8e126bc9bb4ed7bdb1c7bd47d810,0x7a6a59588b8106045303e1923227a2cefbec2b66|0x81910675dbaf69dee0fd77570bfd07f8e436386a|0x9e32b13ce7f2e80a01932b42553652e053d6ed8e,0x81910675dbaf69dee0fd77570bfd07f8e436386a,0x9e32b13ce7f2e80a01932b42553652e053d6ed8e,Metis,Metis,0x8665b7e20f726189a2b3d107dbef0f5e050b8e126bc9bb4ed7bdb1c7bd47d810_Metis,1659672008,1659672008,1,5.25360857350978e+19,52.53608573509779,142.8626670753144,16.279070,16.279070,0.800000,bridge_deposit_flow
ETH,Poly,eth_flow_0x8665b7e20f72__r7fam15__inst01__synth_unmatched_src,0x8665b7e20f726189a2b3d107dbef0f5e050b8e126bc9bb4ed7bdb1c7bd47d810,0x7a6a59588b8106045303e1923227a2cefbec2b66|0x81910675dbaf69dee0fd77570bfd07f8e436386a|0x9e32b13ce7f2e80a01932b42553652e053d6ed8e,0x81910675dbaf69dee0fd77570bfd07f8e436386a,0x9e32b13ce7f2e80a01932b42553652e053d6ed8e,Metis,Metis,0x8665b7e20f726189a2b3d107dbef0f5e050b8e126bc9bb4ed7bdb1c7bd47d810_Metis,1659672008,1659672008,1,1.050721714701956e+20,105.07217147019558,285.7253341506288,16.279070,16.279070,0.800000,bridge_deposit_flow
ETH,Poly,eth_flow_0x8665b7e20f72__r7fam15__inst01__synth_noise_src_0,0x8665b7e20f726189a2b3d107dbef0f5e050b8e126bc9bb4ed7bdb1c7bd47d810,0x7a6a59588b8106045303e1923227a2cefbec2b66|0x81910675dbaf69dee0fd77570bfd07f8e436386a|0x9e32b13ce7f2e80a01932b42553652e053d6ed8e,0x81910675dbaf69dee0fd77570bfd07f8e436386a,0x9e32b13ce7f2e80a01932b42553652e053d6ed8e,Metis,Metis,0x8665b7e20f726189a2b3d107dbef0f5e050b8e126bc9bb4ed7bdb1c7bd47d810_Metis,1659672008,1659672008,1,1.050721714701956e+20,105.07217147019558,285.7253341506288,16.279070,16.279070,0.800000,bridge_deposit_flow
ETH,Poly,eth_flow_0x8665b7e20f72__r7fam15__inst01__synth_noise_src_1,0x8665b7e20f726189a2b3d107dbef0f5e050b8e126bc9bb4ed7bdb1c7bd47d810,0x7a6a59588b8106045303e1923227a2cefbec2b66|0x81910675dbaf69dee0fd77570bfd07f8e436386a|0x9e32b13ce7f2e80a01932b42553652e053d6ed8e,0x81910675dbaf69dee0fd77570bfd07f8e436386a,0x9e32b13ce7f2e80a01932b42553652e053d6ed8e,Metis,Metis,0x8665b7e20f726189a2b3d107dbef0f5e050b8e126bc9bb4ed7bdb1c7bd47d810_Metis,1659672008,1659672008,1,1.050721714701956e+20,105.07217147019558,285.7253341506288,16.279070,16.279070,0.800000,bridge_deposit_flow
ETH,Poly,eth_flow_0xa9ad93615b42__r7fam16__inst00__synth_split_src,0xa9ad93615b42d7c6ad8c1227d03515e22ae6e0f8ce04f0f8c9e67629f842817c,0x81910675dbaf69dee0fd77570bfd07f8e436386a|0xaf9f549774ecedbd0966c52f250acc548d3f36e5|0xd54e4f8a55247487dd7c8c59f14ee5c0c2889477,0x81910675dbaf69dee0fd77570bfd07f8e436386a,0xaf9f549774ecedbd0966c52f250acc548d3f36e5,RFuel,RFuel,0xa9ad93615b42d7c6ad8c1227d03515e22ae6e0f8ce04f0f8c9e67629f842817c_RFuel,1666804619,1666804619,1,1.5856993888556325e+23,158569.93888556326,111.09409829236118,16.279070,16.279070,0.775000,bridge_deposit_flow
ETH,Poly,eth_flow_0xa9ad93615b42__r7fam16__inst00__synth_merge_src1,0xa9ad93615b42d7c6ad8c1227d03515e22ae6e0f8ce04f0f8c9e67629f842817c,0x81910675dbaf69dee0fd77570bfd07f8e436386a|0xaf9f549774ecedbd0966c52f250acc548d3f36e5|0xd54e4f8a55247487dd7c8c59f14ee5c0c2889477,0x81910675dbaf69dee0fd77570bfd07f8e436386a,0xaf9f549774ecedbd0966c52f250acc548d3f36e5,RFuel,RFuel,0xa9ad93615b42d7c6ad8c1227d03515e22ae6e0f8ce04f0f8c9e67629f842817c_RFuel,1666804619,1666804619,1,7.928496944278162e+22,79284.96944278163,55.54704914618059,16.279070,16.279070,0.775000,bridge_deposit_flow
ETH,Poly,eth_flow_0xa9ad93615b42__r7fam16__inst00__synth_merge_src2,0xa9ad93615b42d7c6ad8c1227d03515e22ae6e0f8ce04f0f8c9e67629f842817c,0x81910675dbaf69dee0fd77570bfd07f8e436386a|0xaf9f549774ecedbd0966c52f250acc548d3f36e5|0xd54e4f8a55247487dd7c8c59f14ee5c0c2889477,0x81910675dbaf69dee0fd77570bfd07f8e436386a,0xaf9f549774ecedbd0966c52f250acc548d3f36e5,RFuel,RFuel,0xa9ad93615b42d7c6ad8c1227d03515e22ae6e0f8ce04f0f8c9e67629f842817c_RFuel,1666804619,1666804619,1,7.928496944278162e+22,79284.96944278163,55.54704914618059,16.279070,16.279070,0.775000,bridge_deposit_flow
ETH,Poly,eth_flow_0xa9ad93615b42__r7fam16__inst00__synth_unmatched_src,0xa9ad93615b42d7c6ad8c1227d03515e22ae6e0f8ce04f0f8c9e67629f842817c,0x81910675dbaf69dee0fd77570bfd07f8e436386a|0xaf9f549774ecedbd0966c52f250acc548d3f36e5|0xd54e4f8a55247487dd7c8c59f14ee5c0c2889477,0x81910675dbaf69dee0fd77570bfd07f8e436386a,0xaf9f549774ecedbd0966c52f250acc548d3f36e5,RFuel,RFuel,0xa9ad93615b42d7c6ad8c1227d03515e22ae6e0f8ce04f0f8c9e67629f842817c_RFuel,1666804619,1666804619,1,1.5856993888556325e+23,158569.93888556326,111.09409829236118,16.279070,16.279070,0.775000,bridge_deposit_flow
ETH,Poly,eth_flow_0xa9ad93615b42__r7fam16__inst00__synth_noise_src_0,0xa9ad93615b42d7c6ad8c1227d03515e22ae6e0f8ce04f0f8c9e67629f842817c,0x81910675dbaf69dee0fd77570bfd07f8e436386a|0xaf9f549774ecedbd0966c52f250acc548d3f36e5|0xd54e4f8a55247487dd7c8c59f14ee5c0c2889477,0x81910675dbaf69dee0fd77570bfd07f8e436386a,0xaf9f549774ecedbd0966c52f250acc548d3f36e5,RFuel,RFuel,0xa9ad93615b42d7c6ad8c1227d03515e22ae6e0f8ce04f0f8c9e67629f842817c_RFuel,1666804619,1666804619,1,1.5856993888556325e+23,158569.93888556326,111.09409829236118,16.279070,16.279070,0.775000,bridge_deposit_flow
ETH,Poly,eth_flow_0xa9ad93615b42__r7fam16__inst00__synth_noise_src_1,0xa9ad93615b42d7c6ad8c1227d03515e22ae6e0f8ce04f0f8c9e67629f842817c,0x81910675dbaf69dee0fd77570bfd07f8e436386a|0xaf9f549774ecedbd0966c52f250acc548d3f36e5|0xd54e4f8a55247487dd7c8c59f14ee5c0c2889477,0x81910675dbaf69dee0fd77570bfd07f8e436386a,0xaf9f549774ecedbd0966c52f250acc548d3f36e5,RFuel,RFuel,0xa9ad93615b42d7c6ad8c1227d03515e22ae6e0f8ce04f0f8c9e67629f842817c_RFuel,1666804619,1666804619,1,1.5856993888556325e+23,158569.93888556326,111.09409829236118,16.279070,16.279070,0.775000,bridge_deposit_flow
ETH,Poly,eth_flow_0xb849657c64fa__r7fam16__inst01__synth_split_src,0xb849657c64fa06d141eb56fab460ef426b93b1191f8c2cd4d5a9f67edc65196b,0x4abb9cc67bd3da9eb966d1159a71a0e68bd15432|0x65a8f07bd9a8598e1b5b6c0a88f4779dbc077675|0x81910675dbaf69dee0fd77570bfd07f8e436386a,0x81910675dbaf69dee0fd77570bfd07f8e436386a,0x4abb9cc67bd3da9eb966d1159a71a0e68bd15432,KEL,KEL,0xb849657c64fa06d141eb56fab460ef426b93b1191f8c2cd4d5a9f67edc65196b_KEL,1671188819,1671188819,1,1.0239727990637436e+23,102397.27990637436,114.57636983105888,16.279070,16.279070,0.775000,bridge_deposit_flow
ETH,Poly,eth_flow_0xb849657c64fa__r7fam16__inst01__synth_merge_src1,0xb849657c64fa06d141eb56fab460ef426b93b1191f8c2cd4d5a9f67edc65196b,0x4abb9cc67bd3da9eb966d1159a71a0e68bd15432|0x65a8f07bd9a8598e1b5b6c0a88f4779dbc077675|0x81910675dbaf69dee0fd77570bfd07f8e436386a,0x81910675dbaf69dee0fd77570bfd07f8e436386a,0x4abb9cc67bd3da9eb966d1159a71a0e68bd15432,KEL,KEL,0xb849657c64fa06d141eb56fab460ef426b93b1191f8c2cd4d5a9f67edc65196b_KEL,1671188819,1671188819,1,5.119863995318718e+22,51198.63995318718,57.28818491552944,16.279070,16.279070,0.775000,bridge_deposit_flow
ETH,Poly,eth_flow_0xb849657c64fa__r7fam16__inst01__synth_merge_src2,0xb849657c64fa06d141eb56fab460ef426b93b1191f8c2cd4d5a9f67edc65196b,0x4abb9cc67bd3da9eb966d1159a71a0e68bd15432|0x65a8f07bd9a8598e1b5b6c0a88f4779dbc077675|0x81910675dbaf69dee0fd77570bfd07f8e436386a,0x81910675dbaf69dee0fd77570bfd07f8e436386a,0x4abb9cc67bd3da9eb966d1159a71a0e68bd15432,KEL,KEL,0xb849657c64fa06d141eb56fab460ef426b93b1191f8c2cd4d5a9f67edc65196b_KEL,1671188819,1671188819,1,5.119863995318718e+22,51198.63995318718,57.28818491552944,16.279070,16.279070,0.775000,bridge_deposit_flow
ETH,Poly,eth_flow_0xb849657c64fa__r7fam16__inst01__synth_unmatched_src,0xb849657c64fa06d141eb56fab460ef426b93b1191f8c2cd4d5a9f67edc65196b,0x4abb9cc67bd3da9eb966d1159a71a0e68bd15432|0x65a8f07bd9a8598e1b5b6c0a88f4779dbc077675|0x81910675dbaf69dee0fd77570bfd07f8e436386a,0x81910675dbaf69dee0fd77570bfd07f8e436386a,0x4abb9cc67bd3da9eb966d1159a71a0e68bd15432,KEL,KEL,0xb849657c64fa06d141eb56fab460ef426b93b1191f8c2cd4d5a9f67edc65196b_KEL,1671188819,1671188819,1,1.0239727990637436e+23,102397.27990637436,114.57636983105888,16.279070,16.279070,0.775000,bridge_deposit_flow
ETH,Poly,eth_flow_0xb849657c64fa__r7fam16__inst01__synth_noise_src_0,0xb849657c64fa06d141eb56fab460ef426b93b1191f8c2cd4d5a9f67edc65196b,0x4abb9cc67bd3da9eb966d1159a71a0e68bd15432|0x65a8f07bd9a8598e1b5b6c0a88f4779dbc077675|0x81910675dbaf69dee0fd77570bfd07f8e436386a,0x81910675dbaf69dee0fd77570bfd07f8e436386a,0x4abb9cc67bd3da9eb966d1159a71a0e68bd15432,KEL,KEL,0xb849657c64fa06d141eb56fab460ef426b93b1191f8c2cd4d5a9f67edc65196b_KEL,1671188819,1671188819,1,1.0239727990637436e+23,102397.27990637436,114.57636983105888,16.279070,16.279070,0.775000,bridge_deposit_flow
ETH,Poly,eth_flow_0xb849657c64fa__r7fam16__inst01__synth_noise_src_1,0xb849657c64fa06d141eb56fab460ef426b93b1191f8c2cd4d5a9f67edc65196b,0x4abb9cc67bd3da9eb966d1159a71a0e68bd15432|0x65a8f07bd9a8598e1b5b6c0a88f4779dbc077675|0x81910675dbaf69dee0fd77570bfd07f8e436386a,0x81910675dbaf69dee0fd77570bfd07f8e436386a,0x4abb9cc67bd3da9eb966d1159a71a0e68bd15432,KEL,KEL,0xb849657c64fa06d141eb56fab460ef426b93b1191f8c2cd4d5a9f67edc65196b_KEL,1671188819,1671188819,1,1.0239727990637436e+23,102397.27990637436,114.57636983105888,16.279070,16.279070,0.775000,bridge_deposit_flow
ETH,Poly,eth_flow_0x29d1e663b99c__r7fam17__inst00__synth_split_src,0x29d1e663b99c8979d805a32aa26577f4dd798b9992b6adb5ce997fecf786743e,0x81910675dbaf69dee0fd77570bfd07f8e436386a|0x9e32b13ce7f2e80a01932b42553652e053d6ed8e|0xf2ce52e3d0eb5d237341c9a75ca24647d87d7e55,0x81910675dbaf69dee0fd77570bfd07f8e436386a,0x9e32b13ce7f2e80a01932b42553652e053d6ed8e,Metis,Metis,0x29d1e663b99c8979d805a32aa26577f4dd798b9992b6adb5ce997fecf786743e_Metis,1649059015,1649059015,1,6.999088450743941e+19,69.9908845074394,190.3279296845864,16.279070,16.279070,0.800000,bridge_deposit_flow
ETH,Poly,eth_flow_0x29d1e663b99c__r7fam17__inst00__synth_merge_src1,0x29d1e663b99c8979d805a32aa26577f4dd798b9992b6adb5ce997fecf786743e,0x81910675dbaf69dee0fd77570bfd07f8e436386a|0x9e32b13ce7f2e80a01932b42553652e053d6ed8e|0xf2ce52e3d0eb5d237341c9a75ca24647d87d7e55,0x81910675dbaf69dee0fd77570bfd07f8e436386a,0x9e32b13ce7f2e80a01932b42553652e053d6ed8e,Metis,Metis,0x29d1e663b99c8979d805a32aa26577f4dd798b9992b6adb5ce997fecf786743e_Metis,1649059015,1649059015,1,3.4995442253719704e+19,34.9954422537197,95.1639648422932,16.279070,16.279070,0.800000,bridge_deposit_flow
ETH,Poly,eth_flow_0x29d1e663b99c__r7fam17__inst00__synth_merge_src2,0x29d1e663b99c8979d805a32aa26577f4dd798b9992b6adb5ce997fecf786743e,0x81910675dbaf69dee0fd77570bfd07f8e436386a|0x9e32b13ce7f2e80a01932b42553652e053d6ed8e|0xf2ce52e3d0eb5d237341c9a75ca24647d87d7e55,0x81910675dbaf69dee0fd77570bfd07f8e436386a,0x9e32b13ce7f2e80a01932b42553652e053d6ed8e,Metis,Metis,0x29d1e663b99c8979d805a32aa26577f4dd798b9992b6adb5ce997fecf786743e_Metis,1649059015,1649059015,1,3.4995442253719704e+19,34.9954422537197,95.1639648422932,16.279070,16.279070,0.800000,bridge_deposit_flow
ETH,Poly,eth_flow_0x29d1e663b99c__r7fam17__inst00__synth_unmatched_src,0x29d1e663b99c8979d805a32aa26577f4dd798b9992b6adb5ce997fecf786743e,0x81910675dbaf69dee0fd77570bfd07f8e436386a|0x9e32b13ce7f2e80a01932b42553652e053d6ed8e|0xf2ce52e3d0eb5d237341c9a75ca24647d87d7e55,0x81910675dbaf69dee0fd77570bfd07f8e436386a,0x9e32b13ce7f2e80a01932b42553652e053d6ed8e,Metis,Metis,0x29d1e663b99c8979d805a32aa26577f4dd798b9992b6adb5ce997fecf786743e_Metis,1649059015,1649059015,1,6.999088450743941e+19,69.9908845074394,190.3279296845864,16.279070,16.279070,0.800000,bridge_deposit_flow
ETH,Poly,eth_flow_0x29d1e663b99c__r7fam17__inst00__synth_noise_src_0,0x29d1e663b99c8979d805a32aa26577f4dd798b9992b6adb5ce997fecf786743e,0x81910675dbaf69dee0fd77570bfd07f8e436386a|0x9e32b13ce7f2e80a01932b42553652e053d6ed8e|0xf2ce52e3d0eb5d237341c9a75ca24647d87d7e55,0x81910675dbaf69dee0fd77570bfd07f8e436386a,0x9e32b13ce7f2e80a01932b42553652e053d6ed8e,Metis,Metis,0x29d1e663b99c8979d805a32aa26577f4dd798b9992b6adb5ce997fecf786743e_Metis,1649059015,1649059015,1,6.999088450743941e+19,69.9908845074394,190.3279296845864,16.279070,16.279070,0.800000,bridge_deposit_flow
ETH,Poly,eth_flow_0x29d1e663b99c__r7fam17__inst00__synth_noise_src_1,0x29d1e663b99c8979d805a32aa26577f4dd798b9992b6adb5ce997fecf786743e,0x81910675dbaf69dee0fd77570bfd07f8e436386a|0x9e32b13ce7f2e80a01932b42553652e053d6ed8e|0xf2ce52e3d0eb5d237341c9a75ca24647d87d7e55,0x81910675dbaf69dee0fd77570bfd07f8e436386a,0x9e32b13ce7f2e80a01932b42553652e053d6ed8e,Metis,Metis,0x29d1e663b99c8979d805a32aa26577f4dd798b9992b6adb5ce997fecf786743e_Metis,1649059015,1649059015,1,6.999088450743941e+19,69.9908845074394,190.3279296845864,16.279070,16.279070,0.800000,bridge_deposit_flow
ETH,Poly,eth_flow_0x7fa8fe4c9388__r7fam17__inst01__synth_split_src,0x7fa8fe4c9388c8714d7222620b1e956796ead48d697b491992ee9336456c3176,0x81910675dbaf69dee0fd77570bfd07f8e436386a|0x9e32b13ce7f2e80a01932b42553652e053d6ed8e|0xf2ce52e3d0eb5d237341c9a75ca24647d87d7e55,0x81910675dbaf69dee0fd77570bfd07f8e436386a,0x9e32b13ce7f2e80a01932b42553652e053d6ed8e,Metis,Metis,0x7fa8fe4c9388c8714d7222620b1e956796ead48d697b491992ee9336456c3176_Metis,1666074971,1666074971,1,1.2435394298662378e+20,124.3539429866238,338.1587285733401,16.279070,16.279070,0.775000,bridge_deposit_flow
ETH,Poly,eth_flow_0x7fa8fe4c9388__r7fam17__inst01__synth_merge_src1,0x7fa8fe4c9388c8714d7222620b1e956796ead48d697b491992ee9336456c3176,0x81910675dbaf69dee0fd77570bfd07f8e436386a|0x9e32b13ce7f2e80a01932b42553652e053d6ed8e|0xf2ce52e3d0eb5d237341c9a75ca24647d87d7e55,0x81910675dbaf69dee0fd77570bfd07f8e436386a,0x9e32b13ce7f2e80a01932b42553652e053d6ed8e,Metis,Metis,0x7fa8fe4c9388c8714d7222620b1e956796ead48d697b491992ee9336456c3176_Metis,1666074971,1666074971,1,6.217697149331189e+19,62.1769714933119,169.07936428667006,16.279070,16.279070,0.775000,bridge_deposit_flow
ETH,Poly,eth_flow_0x7fa8fe4c9388__r7fam17__inst01__synth_merge_src2,0x7fa8fe4c9388c8714d7222620b1e956796ead48d697b491992ee9336456c3176,0x81910675dbaf69dee0fd77570bfd07f8e436386a|0x9e32b13ce7f2e80a01932b42553652e053d6ed8e|0xf2ce52e3d0eb5d237341c9a75ca24647d87d7e55,0x81910675dbaf69dee0fd77570bfd07f8e436386a,0x9e32b13ce7f2e80a01932b42553652e053d6ed8e,Metis,Metis,0x7fa8fe4c9388c8714d7222620b1e956796ead48d697b491992ee9336456c3176_Metis,1666074971,1666074971,1,6.217697149331189e+19,62.1769714933119,169.07936428667006,16.279070,16.279070,0.775000,bridge_deposit_flow
ETH,Poly,eth_flow_0x7fa8fe4c9388__r7fam17__inst01__synth_unmatched_src,0x7fa8fe4c9388c8714d7222620b1e956796ead48d697b491992ee9336456c3176,0x81910675dbaf69dee0fd77570bfd07f8e436386a|0x9e32b13ce7f2e80a01932b42553652e053d6ed8e|0xf2ce52e3d0eb5d237341c9a75ca24647d87d7e55,0x81910675dbaf69dee0fd77570bfd07f8e436386a,0x9e32b13ce7f2e80a01932b42553652e053d6ed8e,Metis,Metis,0x7fa8fe4c9388c8714d7222620b1e956796ead48d697b491992ee9336456c3176_Metis,1666074971,1666074971,1,1.2435394298662378e+20,124.3539429866238,338.1587285733401,16.279070,16.279070,0.775000,bridge_deposit_flow
ETH,Poly,eth_flow_0x7fa8fe4c9388__r7fam17__inst01__synth_noise_src_0,0x7fa8fe4c9388c8714d7222620b1e956796ead48d697b491992ee9336456c3176,0x81910675dbaf69dee0fd77570bfd07f8e436386a|0x9e32b13ce7f2e80a01932b42553652e053d6ed8e|0xf2ce52e3d0eb5d237341c9a75ca24647d87d7e55,0x81910675dbaf69dee0fd77570bfd07f8e436386a,0x9e32b13ce7f2e80a01932b42553652e053d6ed8e,Metis,Metis,0x7fa8fe4c9388c8714d7222620b1e956796ead48d697b491992ee9336456c3176_Metis,1666074971,1666074971,1,1.2435394298662378e+20,124.3539429866238,338.1587285733401,16.279070,16.279070,0.775000,bridge_deposit_flow
ETH,Poly,eth_flow_0x7fa8fe4c9388__r7fam17__inst01__synth_noise_src_1,0x7fa8fe4c9388c8714d7222620b1e956796ead48d697b491992ee9336456c3176,0x81910675dbaf69dee0fd77570bfd07f8e436386a|0x9e32b13ce7f2e80a01932b42553652e053d6ed8e|0xf2ce52e3d0eb5d237341c9a75ca24647d87d7e55,0x81910675dbaf69dee0fd77570bfd07f8e436386a,0x9e32b13ce7f2e80a01932b42553652e053d6ed8e,Metis,Metis,0x7fa8fe4c9388c8714d7222620b1e956796ead48d697b491992ee9336456c3176_Metis,1666074971,1666074971,1,1.2435394298662378e+20,124.3539429866238,338.1587285733401,16.279070,16.279070,0.775000,bridge_deposit_flow
ETH,Poly,eth_flow_0x1fb0bc167839__r7fam18__inst00__synth_split_src,0x1fb0bc167839791d744bdec4ab971b1fcf2659419f13af77a7de79661e1e84dc,0x81910675dbaf69dee0fd77570bfd07f8e436386a|0x9e32b13ce7f2e80a01932b42553652e053d6ed8e|0xf2ce52e3d0eb5d237341c9a75ca24647d87d7e55,0x81910675dbaf69dee0fd77570bfd07f8e436386a,0x9e32b13ce7f2e80a01932b42553652e053d6ed8e,Metis,Metis,0x1fb0bc167839791d744bdec4ab971b1fcf2659419f13af77a7de79661e1e84dc_Metis,1652623527,1652623527,1,2.0849509709389896e+20,208.49509709389892,566.9658336015274,16.279070,16.279070,0.800000,bridge_deposit_flow
ETH,Poly,eth_flow_0x1fb0bc167839__r7fam18__inst00__synth_merge_src1,0x1fb0bc167839791d744bdec4ab971b1fcf2659419f13af77a7de79661e1e84dc,0x81910675dbaf69dee0fd77570bfd07f8e436386a|0x9e32b13ce7f2e80a01932b42553652e053d6ed8e|0xf2ce52e3d0eb5d237341c9a75ca24647d87d7e55,0x81910675dbaf69dee0fd77570bfd07f8e436386a,0x9e32b13ce7f2e80a01932b42553652e053d6ed8e,Metis,Metis,0x1fb0bc167839791d744bdec4ab971b1fcf2659419f13af77a7de79661e1e84dc_Metis,1652623527,1652623527,1,1.0424754854694948e+20,104.24754854694946,283.4829168007637,16.279070,16.279070,0.800000,bridge_deposit_flow
ETH,Poly,eth_flow_0x1fb0bc167839__r7fam18__inst00__synth_merge_src2,0x1fb0bc167839791d744bdec4ab971b1fcf2659419f13af77a7de79661e1e84dc,0x81910675dbaf69dee0fd77570bfd07f8e436386a|0x9e32b13ce7f2e80a01932b42553652e053d6ed8e|0xf2ce52e3d0eb5d237341c9a75ca24647d87d7e55,0x81910675dbaf69dee0fd77570bfd07f8e436386a,0x9e32b13ce7f2e80a01932b42553652e053d6ed8e,Metis,Metis,0x1fb0bc167839791d744bdec4ab971b1fcf2659419f13af77a7de79661e1e84dc_Metis,1652623527,1652623527,1,1.0424754854694948e+20,104.24754854694946,283.4829168007637,16.279070,16.279070,0.800000,bridge_deposit_flow
ETH,Poly,eth_flow_0x1fb0bc167839__r7fam18__inst00__synth_unmatched_src,0x1fb0bc167839791d744bdec4ab971b1fcf2659419f13af77a7de79661e1e84dc,0x81910675dbaf69dee0fd77570bfd07f8e436386a|0x9e32b13ce7f2e80a01932b42553652e053d6ed8e|0xf2ce52e3d0eb5d237341c9a75ca24647d87d7e55,0x81910675dbaf69dee0fd77570bfd07f8e436386a,0x9e32b13ce7f2e80a01932b42553652e053d6ed8e,Metis,Metis,0x1fb0bc167839791d744bdec4ab971b1fcf2659419f13af77a7de79661e1e84dc_Metis,1652623527,1652623527,1,2.0849509709389896e+20,208.49509709389892,566.9658336015274,16.279070,16.279070,0.800000,bridge_deposit_flow
ETH,Poly,eth_flow_0x1fb0bc167839__r7fam18__inst00__synth_noise_src_0,0x1fb0bc167839791d744bdec4ab971b1fcf2659419f13af77a7de79661e1e84dc,0x81910675dbaf69dee0fd77570bfd07f8e436386a|0x9e32b13ce7f2e80a01932b42553652e053d6ed8e|0xf2ce52e3d0eb5d237341c9a75ca24647d87d7e55,0x81910675dbaf69dee0fd77570bfd07f8e436386a,0x9e32b13ce7f2e80a01932b42553652e053d6ed8e,Metis,Metis,0x1fb0bc167839791d744bdec4ab971b1fcf2659419f13af77a7de79661e1e84dc_Metis,1652623527,1652623527,1,2.0849509709389896e+20,208.49509709389892,566.9658336015274,16.279070,16.279070,0.800000,bridge_deposit_flow
ETH,Poly,eth_flow_0x1fb0bc167839__r7fam18__inst00__synth_noise_src_1,0x1fb0bc167839791d744bdec4ab971b1fcf2659419f13af77a7de79661e1e84dc,0x81910675dbaf69dee0fd77570bfd07f8e436386a|0x9e32b13ce7f2e80a01932b42553652e053d6ed8e|0xf2ce52e3d0eb5d237341c9a75ca24647d87d7e55,0x81910675dbaf69dee0fd77570bfd07f8e436386a,0x9e32b13ce7f2e80a01932b42553652e053d6ed8e,Metis,Metis,0x1fb0bc167839791d744bdec4ab971b1fcf2659419f13af77a7de79661e1e84dc_Metis,1652623527,1652623527,1,2.0849509709389896e+20,208.49509709389892,566.9658336015274,16.279070,16.279070,0.800000,bridge_deposit_flow
ETH,Poly,eth_flow_0x3e62d711d080__r7fam18__inst01__synth_split_src,0x3e62d711d0804fe6d4851887414ffa51e17eb205061dbbbd0fc07f1c73c132a2,0x0002211ccfbf9eb59c8f188a3b99db9886ca8d62|0x81910675dbaf69dee0fd77570bfd07f8e436386a|0x9e32b13ce7f2e80a01932b42553652e053d6ed8e,0x81910675dbaf69dee0fd77570bfd07f8e436386a,0x9e32b13ce7f2e80a01932b42553652e053d6ed8e,Metis,Metis,0x3e62d711d0804fe6d4851887414ffa51e17eb205061dbbbd0fc07f1c73c132a2_Metis,1645173099,1645173099,1,5e+20,500.0,1359.6622690513093,16.279070,16.279070,0.800000,bridge_deposit_flow
ETH,Poly,eth_flow_0x3e62d711d080__r7fam18__inst01__synth_merge_src1,0x3e62d711d0804fe6d4851887414ffa51e17eb205061dbbbd0fc07f1c73c132a2,0x0002211ccfbf9eb59c8f188a3b99db9886ca8d62|0x81910675dbaf69dee0fd77570bfd07f8e436386a|0x9e32b13ce7f2e80a01932b42553652e053d6ed8e,0x81910675dbaf69dee0fd77570bfd07f8e436386a,0x9e32b13ce7f2e80a01932b42553652e053d6ed8e,Metis,Metis,0x3e62d711d0804fe6d4851887414ffa51e17eb205061dbbbd0fc07f1c73c132a2_Metis,1645173099,1645173099,1,2.5e+20,250.0,679.8311345256546,16.279070,16.279070,0.800000,bridge_deposit_flow
ETH,Poly,eth_flow_0x3e62d711d080__r7fam18__inst01__synth_merge_src2,0x3e62d711d0804fe6d4851887414ffa51e17eb205061dbbbd0fc07f1c73c132a2,0x0002211ccfbf9eb59c8f188a3b99db9886ca8d62|0x81910675dbaf69dee0fd77570bfd07f8e436386a|0x9e32b13ce7f2e80a01932b42553652e053d6ed8e,0x81910675dbaf69dee0fd77570bfd07f8e436386a,0x9e32b13ce7f2e80a01932b42553652e053d6ed8e,Metis,Metis,0x3e62d711d0804fe6d4851887414ffa51e17eb205061dbbbd0fc07f1c73c132a2_Metis,1645173099,1645173099,1,2.5e+20,250.0,679.8311345256546,16.279070,16.279070,0.800000,bridge_deposit_flow
ETH,Poly,eth_flow_0x3e62d711d080__r7fam18__inst01__synth_unmatched_src,0x3e62d711d0804fe6d4851887414ffa51e17eb205061dbbbd0fc07f1c73c132a2,0x0002211ccfbf9eb59c8f188a3b99db9886ca8d62|0x81910675dbaf69dee0fd77570bfd07f8e436386a|0x9e32b13ce7f2e80a01932b42553652e053d6ed8e,0x81910675dbaf69dee0fd77570bfd07f8e436386a,0x9e32b13ce7f2e80a01932b42553652e053d6ed8e,Metis,Metis,0x3e62d711d0804fe6d4851887414ffa51e17eb205061dbbbd0fc07f1c73c132a2_Metis,1645173099,1645173099,1,5e+20,500.0,1359.6622690513093,16.279070,16.279070,0.800000,bridge_deposit_flow
ETH,Poly,eth_flow_0x3e62d711d080__r7fam18__inst01__synth_noise_src_0,0x3e62d711d0804fe6d4851887414ffa51e17eb205061dbbbd0fc07f1c73c132a2,0x0002211ccfbf9eb59c8f188a3b99db9886ca8d62|0x81910675dbaf69dee0fd77570bfd07f8e436386a|0x9e32b13ce7f2e80a01932b42553652e053d6ed8e,0x81910675dbaf69dee0fd77570bfd07f8e436386a,0x9e32b13ce7f2e80a01932b42553652e053d6ed8e,Metis,Metis,0x3e62d711d0804fe6d4851887414ffa51e17eb205061dbbbd0fc07f1c73c132a2_Metis,1645173099,1645173099,1,5e+20,500.0,1359.6622690513093,16.279070,16.279070,0.800000,bridge_deposit_flow
ETH,Poly,eth_flow_0x3e62d711d080__r7fam18__inst01__synth_noise_src_1,0x3e62d711d0804fe6d4851887414ffa51e17eb205061dbbbd0fc07f1c73c132a2,0x0002211ccfbf9eb59c8f188a3b99db9886ca8d62|0x81910675dbaf69dee0fd77570bfd07f8e436386a|0x9e32b13ce7f2e80a01932b42553652e053d6ed8e,0x81910675dbaf69dee0fd77570bfd07f8e436386a,0x9e32b13ce7f2e80a01932b42553652e053d6ed8e,Metis,Metis,0x3e62d711d0804fe6d4851887414ffa51e17eb205061dbbbd0fc07f1c73c132a2_Metis,1645173099,1645173099,1,5e+20,500.0,1359.6622690513093,16.279070,16.279070,0.800000,bridge_deposit_flow
ETH,Poly,eth_flow_0xd2347580356b__r7fam19__inst00__synth_split_src,0xd2347580356b4f15e04a6c8d77d9655ba0bd99f49bf6421070f24b6428d9c0b4,0x4abb9cc67bd3da9eb966d1159a71a0e68bd15432|0x81910675dbaf69dee0fd77570bfd07f8e436386a|0x8594d8e9483473626908648a5539d9d65ca2fe8d,0x81910675dbaf69dee0fd77570bfd07f8e436386a,0x4abb9cc67bd3da9eb966d1159a71a0e68bd15432,KEL,KEL,0xd2347580356b4f15e04a6c8d77d9655ba0bd99f49bf6421070f24b6428d9c0b4_KEL,1655134651,1655134651,1,4.964577576069575e+23,496457.7576069575,555.50623701218,16.279070,16.279070,0.800000,bridge_deposit_flow
ETH,Poly,eth_flow_0xd2347580356b__r7fam19__inst00__synth_merge_src1,0xd2347580356b4f15e04a6c8d77d9655ba0bd99f49bf6421070f24b6428d9c0b4,0x4abb9cc67bd3da9eb966d1159a71a0e68bd15432|0x81910675dbaf69dee0fd77570bfd07f8e436386a|0x8594d8e9483473626908648a5539d9d65ca2fe8d,0x81910675dbaf69dee0fd77570bfd07f8e436386a,0x4abb9cc67bd3da9eb966d1159a71a0e68bd15432,KEL,KEL,0xd2347580356b4f15e04a6c8d77d9655ba0bd99f49bf6421070f24b6428d9c0b4_KEL,1655134651,1655134651,1,2.4822887880347874e+23,248228.87880347876,277.75311850609,16.279070,16.279070,0.800000,bridge_deposit_flow
ETH,Poly,eth_flow_0xd2347580356b__r7fam19__inst00__synth_merge_src2,0xd2347580356b4f15e04a6c8d77d9655ba0bd99f49bf6421070f24b6428d9c0b4,0x4abb9cc67bd3da9eb966d1159a71a0e68bd15432|0x81910675dbaf69dee0fd77570bfd07f8e436386a|0x8594d8e9483473626908648a5539d9d65ca2fe8d,0x81910675dbaf69dee0fd77570bfd07f8e436386a,0x4abb9cc67bd3da9eb966d1159a71a0e68bd15432,KEL,KEL,0xd2347580356b4f15e04a6c8d77d9655ba0bd99f49bf6421070f24b6428d9c0b4_KEL,1655134651,1655134651,1,2.4822887880347874e+23,248228.87880347876,277.75311850609,16.279070,16.279070,0.800000,bridge_deposit_flow
ETH,Poly,eth_flow_0xd2347580356b__r7fam19__inst00__synth_unmatched_src,0xd2347580356b4f15e04a6c8d77d9655ba0bd99f49bf6421070f24b6428d9c0b4,0x4abb9cc67bd3da9eb966d1159a71a0e68bd15432|0x81910675dbaf69dee0fd77570bfd07f8e436386a|0x8594d8e9483473626908648a5539d9d65ca2fe8d,0x81910675dbaf69dee0fd77570bfd07f8e436386a,0x4abb9cc67bd3da9eb966d1159a71a0e68bd15432,KEL,KEL,0xd2347580356b4f15e04a6c8d77d9655ba0bd99f49bf6421070f24b6428d9c0b4_KEL,1655134651,1655134651,1,4.964577576069575e+23,496457.7576069575,555.50623701218,16.279070,16.279070,0.800000,bridge_deposit_flow
ETH,Poly,eth_flow_0xd2347580356b__r7fam19__inst00__synth_noise_src_0,0xd2347580356b4f15e04a6c8d77d9655ba0bd99f49bf6421070f24b6428d9c0b4,0x4abb9cc67bd3da9eb966d1159a71a0e68bd15432|0x81910675dbaf69dee0fd77570bfd07f8e436386a|0x8594d8e9483473626908648a5539d9d65ca2fe8d,0x81910675dbaf69dee0fd77570bfd07f8e436386a,0x4abb9cc67bd3da9eb966d1159a71a0e68bd15432,KEL,KEL,0xd2347580356b4f15e04a6c8d77d9655ba0bd99f49bf6421070f24b6428d9c0b4_KEL,1655134651,1655134651,1,4.964577576069575e+23,496457.7576069575,555.50623701218,16.279070,16.279070,0.800000,bridge_deposit_flow
ETH,Poly,eth_flow_0xd2347580356b__r7fam19__inst00__synth_noise_src_1,0xd2347580356b4f15e04a6c8d77d9655ba0bd99f49bf6421070f24b6428d9c0b4,0x4abb9cc67bd3da9eb966d1159a71a0e68bd15432|0x81910675dbaf69dee0fd77570bfd07f8e436386a|0x8594d8e9483473626908648a5539d9d65ca2fe8d,0x81910675dbaf69dee0fd77570bfd07f8e436386a,0x4abb9cc67bd3da9eb966d1159a71a0e68bd15432,KEL,KEL,0xd2347580356b4f15e04a6c8d77d9655ba0bd99f49bf6421070f24b6428d9c0b4_KEL,1655134651,1655134651,1,4.964577576069575e+23,496457.7576069575,555.50623701218,16.279070,16.279070,0.800000,bridge_deposit_flow
ETH,Poly,eth_flow_0xfad142500bd3__r7fam19__inst01__synth_split_src,0xfad142500bd39309c9f104aff3a72e88cb2284dbcea1a171b9d1eeb2723f3237,0x81910675dbaf69dee0fd77570bfd07f8e436386a|0x8594d8e9483473626908648a5539d9d65ca2fe8d|0x9e32b13ce7f2e80a01932b42553652e053d6ed8e,0x81910675dbaf69dee0fd77570bfd07f8e436386a,0x9e32b13ce7f2e80a01932b42553652e053d6ed8e,Metis,Metis,0xfad142500bd39309c9f104aff3a72e88cb2284dbcea1a171b9d1eeb2723f3237_Metis,1658092245,1658092245,1,1.6625756231682785e+20,166.25756231682786,452.10826885327526,16.279070,16.279070,0.800000,bridge_deposit_flow
ETH,Poly,eth_flow_0xfad142500bd3__r7fam19__inst01__synth_merge_src1,0xfad142500bd39309c9f104aff3a72e88cb2284dbcea1a171b9d1eeb2723f3237,0x81910675dbaf69dee0fd77570bfd07f8e436386a|0x8594d8e9483473626908648a5539d9d65ca2fe8d|0x9e32b13ce7f2e80a01932b42553652e053d6ed8e,0x81910675dbaf69dee0fd77570bfd07f8e436386a,0x9e32b13ce7f2e80a01932b42553652e053d6ed8e,Metis,Metis,0xfad142500bd39309c9f104aff3a72e88cb2284dbcea1a171b9d1eeb2723f3237_Metis,1658092245,1658092245,1,8.312878115841393e+19,83.12878115841393,226.05413442663763,16.279070,16.279070,0.800000,bridge_deposit_flow
ETH,Poly,eth_flow_0xfad142500bd3__r7fam19__inst01__synth_merge_src2,0xfad142500bd39309c9f104aff3a72e88cb2284dbcea1a171b9d1eeb2723f3237,0x81910675dbaf69dee0fd77570bfd07f8e436386a|0x8594d8e9483473626908648a5539d9d65ca2fe8d|0x9e32b13ce7f2e80a01932b42553652e053d6ed8e,0x81910675dbaf69dee0fd77570bfd07f8e436386a,0x9e32b13ce7f2e80a01932b42553652e053d6ed8e,Metis,Metis,0xfad142500bd39309c9f104aff3a72e88cb2284dbcea1a171b9d1eeb2723f3237_Metis,1658092245,1658092245,1,8.312878115841393e+19,83.12878115841393,226.05413442663763,16.279070,16.279070,0.800000,bridge_deposit_flow
ETH,Poly,eth_flow_0xfad142500bd3__r7fam19__inst01__synth_unmatched_src,0xfad142500bd39309c9f104aff3a72e88cb2284dbcea1a171b9d1eeb2723f3237,0x81910675dbaf69dee0fd77570bfd07f8e436386a|0x8594d8e9483473626908648a5539d9d65ca2fe8d|0x9e32b13ce7f2e80a01932b42553652e053d6ed8e,0x81910675dbaf69dee0fd77570bfd07f8e436386a,0x9e32b13ce7f2e80a01932b42553652e053d6ed8e,Metis,Metis,0xfad142500bd39309c9f104aff3a72e88cb2284dbcea1a171b9d1eeb2723f3237_Metis,1658092245,1658092245,1,1.6625756231682785e+20,166.25756231682786,452.10826885327526,16.279070,16.279070,0.800000,bridge_deposit_flow
ETH,Poly,eth_flow_0xfad142500bd3__r7fam19__inst01__synth_noise_src_0,0xfad142500bd39309c9f104aff3a72e88cb2284dbcea1a171b9d1eeb2723f3237,0x81910675dbaf69dee0fd77570bfd07f8e436386a|0x8594d8e9483473626908648a5539d9d65ca2fe8d|0x9e32b13ce7f2e80a01932b42553652e053d6ed8e,0x81910675dbaf69dee0fd77570bfd07f8e436386a,0x9e32b13ce7f2e80a01932b42553652e053d6ed8e,Metis,Metis,0xfad142500bd39309c9f104aff3a72e88cb2284dbcea1a171b9d1eeb2723f3237_Metis,1658092245,1658092245,1,1.6625756231682785e+20,166.25756231682786,452.10826885327526,16.279070,16.279070,0.800000,bridge_deposit_flow
ETH,Poly,eth_flow_0xfad142500bd3__r7fam19__inst01__synth_noise_src_1,0xfad142500bd39309c9f104aff3a72e88cb2284dbcea1a171b9d1eeb2723f3237,0x81910675dbaf69dee0fd77570bfd07f8e436386a|0x8594d8e9483473626908648a5539d9d65ca2fe8d|0x9e32b13ce7f2e80a01932b42553652e053d6ed8e,0x81910675dbaf69dee0fd77570bfd07f8e436386a,0x9e32b13ce7f2e80a01932b42553652e053d6ed8e,Metis,Metis,0xfad142500bd39309c9f104aff3a72e88cb2284dbcea1a171b9d1eeb2723f3237_Metis,1658092245,1658092245,1,1.6625756231682785e+20,166.25756231682786,452.10826885327526,16.279070,16.279070,0.800000,bridge_deposit_flow
ETH,Poly,eth_flow_0x33df1ef66f50__r7fam20__inst00__synth_split_src,0x33df1ef66f5015728e05f1828df94ab7d1f7d97d87f1e4dff2ec24ed0df8aca6,0x81910675dbaf69dee0fd77570bfd07f8e436386a|0x9e32b13ce7f2e80a01932b42553652e053d6ed8e|0xd54e4f8a55247487dd7c8c59f14ee5c0c2889477,0x81910675dbaf69dee0fd77570bfd07f8e436386a,0x9e32b13ce7f2e80a01932b42553652e053d6ed8e,Metis,Metis,0x33df1ef66f5015728e05f1828df94ab7d1f7d97d87f1e4dff2ec24ed0df8aca6_Metis,1657591844,1657591844,1,1.63194e+20,163.194,443.7774486711188,16.279070,16.279070,0.800000,bridge_deposit_flow
ETH,Poly,eth_flow_0x33df1ef66f50__r7fam20__inst00__synth_merge_src1,0x33df1ef66f5015728e05f1828df94ab7d1f7d97d87f1e4dff2ec24ed0df8aca6,0x81910675dbaf69dee0fd77570bfd07f8e436386a|0x9e32b13ce7f2e80a01932b42553652e053d6ed8e|0xd54e4f8a55247487dd7c8c59f14ee5c0c2889477,0x81910675dbaf69dee0fd77570bfd07f8e436386a,0x9e32b13ce7f2e80a01932b42553652e053d6ed8e,Metis,Metis,0x33df1ef66f5015728e05f1828df94ab7d1f7d97d87f1e4dff2ec24ed0df8aca6_Metis,1657591844,1657591844,1,8.1597e+19,81.597,221.8887243355594,16.279070,16.279070,0.800000,bridge_deposit_flow
ETH,Poly,eth_flow_0x33df1ef66f50__r7fam20__inst00__synth_merge_src2,0x33df1ef66f5015728e05f1828df94ab7d1f7d97d87f1e4dff2ec24ed0df8aca6,0x81910675dbaf69dee0fd77570bfd07f8e436386a|0x9e32b13ce7f2e80a01932b42553652e053d6ed8e|0xd54e4f8a55247487dd7c8c59f14ee5c0c2889477,0x81910675dbaf69dee0fd77570bfd07f8e436386a,0x9e32b13ce7f2e80a01932b42553652e053d6ed8e,Metis,Metis,0x33df1ef66f5015728e05f1828df94ab7d1f7d97d87f1e4dff2ec24ed0df8aca6_Metis,1657591844,1657591844,1,8.1597e+19,81.597,221.8887243355594,16.279070,16.279070,0.800000,bridge_deposit_flow
ETH,Poly,eth_flow_0x33df1ef66f50__r7fam20__inst00__synth_unmatched_src,0x33df1ef66f5015728e05f1828df94ab7d1f7d97d87f1e4dff2ec24ed0df8aca6,0x81910675dbaf69dee0fd77570bfd07f8e436386a|0x9e32b13ce7f2e80a01932b42553652e053d6ed8e|0xd54e4f8a55247487dd7c8c59f14ee5c0c2889477,0x81910675dbaf69dee0fd77570bfd07f8e436386a,0x9e32b13ce7f2e80a01932b42553652e053d6ed8e,Metis,Metis,0x33df1ef66f5015728e05f1828df94ab7d1f7d97d87f1e4dff2ec24ed0df8aca6_Metis,1657591844,1657591844,1,1.63194e+20,163.194,443.7774486711188,16.279070,16.279070,0.800000,bridge_deposit_flow
ETH,Poly,eth_flow_0x33df1ef66f50__r7fam20__inst00__synth_noise_src_0,0x33df1ef66f5015728e05f1828df94ab7d1f7d97d87f1e4dff2ec24ed0df8aca6,0x81910675dbaf69dee0fd77570bfd07f8e436386a|0x9e32b13ce7f2e80a01932b42553652e053d6ed8e|0xd54e4f8a55247487dd7c8c59f14ee5c0c2889477,0x81910675dbaf69dee0fd77570bfd07f8e436386a,0x9e32b13ce7f2e80a01932b42553652e053d6ed8e,Metis,Metis,0x33df1ef66f5015728e05f1828df94ab7d1f7d97d87f1e4dff2ec24ed0df8aca6_Metis,1657591844,1657591844,1,1.63194e+20,163.194,443.7774486711188,16.279070,16.279070,0.800000,bridge_deposit_flow
ETH,Poly,eth_flow_0x33df1ef66f50__r7fam20__inst00__synth_noise_src_1,0x33df1ef66f5015728e05f1828df94ab7d1f7d97d87f1e4dff2ec24ed0df8aca6,0x81910675dbaf69dee0fd77570bfd07f8e436386a|0x9e32b13ce7f2e80a01932b42553652e053d6ed8e|0xd54e4f8a55247487dd7c8c59f14ee5c0c2889477,0x81910675dbaf69dee0fd77570bfd07f8e436386a,0x9e32b13ce7f2e80a01932b42553652e053d6ed8e,Metis,Metis,0x33df1ef66f5015728e05f1828df94ab7d1f7d97d87f1e4dff2ec24ed0df8aca6_Metis,1657591844,1657591844,1,1.63194e+20,163.194,443.7774486711188,16.279070,16.279070,0.800000,bridge_deposit_flow
ETH,Poly,eth_flow_0xae86a936be22__r7fam20__inst01__synth_split_src,0xae86a936be2293574903b986cf4e97c50e447fb20c7cd75d8beea4ba72251bd5,0x81910675dbaf69dee0fd77570bfd07f8e436386a|0x8d484c91f791d281dbf767ecb87f4028f7911e7a|0x9e32b13ce7f2e80a01932b42553652e053d6ed8e,0x81910675dbaf69dee0fd77570bfd07f8e436386a,0x9e32b13ce7f2e80a01932b42553652e053d6ed8e,Metis,Metis,0xae86a936be2293574903b986cf4e97c50e447fb20c7cd75d8beea4ba72251bd5_Metis,1643911569,1643911569,1,3e+21,3000.0,8157.973614307856,16.279070,16.279070,0.800000,bridge_deposit_flow
ETH,Poly,eth_flow_0xae86a936be22__r7fam20__inst01__synth_merge_src1,0xae86a936be2293574903b986cf4e97c50e447fb20c7cd75d8beea4ba72251bd5,0x81910675dbaf69dee0fd77570bfd07f8e436386a|0x8d484c91f791d281dbf767ecb87f4028f7911e7a|0x9e32b13ce7f2e80a01932b42553652e053d6ed8e,0x81910675dbaf69dee0fd77570bfd07f8e436386a,0x9e32b13ce7f2e80a01932b42553652e053d6ed8e,Metis,Metis,0xae86a936be2293574903b986cf4e97c50e447fb20c7cd75d8beea4ba72251bd5_Metis,1643911569,1643911569,1,1.5e+21,1500.0,4078.986807153928,16.279070,16.279070,0.800000,bridge_deposit_flow
ETH,Poly,eth_flow_0xae86a936be22__r7fam20__inst01__synth_merge_src2,0xae86a936be2293574903b986cf4e97c50e447fb20c7cd75d8beea4ba72251bd5,0x81910675dbaf69dee0fd77570bfd07f8e436386a|0x8d484c91f791d281dbf767ecb87f4028f7911e7a|0x9e32b13ce7f2e80a01932b42553652e053d6ed8e,0x81910675dbaf69dee0fd77570bfd07f8e436386a,0x9e32b13ce7f2e80a01932b42553652e053d6ed8e,Metis,Metis,0xae86a936be2293574903b986cf4e97c50e447fb20c7cd75d8beea4ba72251bd5_Metis,1643911569,1643911569,1,1.5e+21,1500.0,4078.986807153928,16.279070,16.279070,0.800000,bridge_deposit_flow
ETH,Poly,eth_flow_0xae86a936be22__r7fam20__inst01__synth_unmatched_src,0xae86a936be2293574903b986cf4e97c50e447fb20c7cd75d8beea4ba72251bd5,0x81910675dbaf69dee0fd77570bfd07f8e436386a|0x8d484c91f791d281dbf767ecb87f4028f7911e7a|0x9e32b13ce7f2e80a01932b42553652e053d6ed8e,0x81910675dbaf69dee0fd77570bfd07f8e436386a,0x9e32b13ce7f2e80a01932b42553652e053d6ed8e,Metis,Metis,0xae86a936be2293574903b986cf4e97c50e447fb20c7cd75d8beea4ba72251bd5_Metis,1643911569,1643911569,1,3e+21,3000.0,8157.973614307856,16.279070,16.279070,0.800000,bridge_deposit_flow
ETH,Poly,eth_flow_0xae86a936be22__r7fam20__inst01__synth_noise_src_0,0xae86a936be2293574903b986cf4e97c50e447fb20c7cd75d8beea4ba72251bd5,0x81910675dbaf69dee0fd77570bfd07f8e436386a|0x8d484c91f791d281dbf767ecb87f4028f7911e7a|0x9e32b13ce7f2e80a01932b42553652e053d6ed8e,0x81910675dbaf69dee0fd77570bfd07f8e436386a,0x9e32b13ce7f2e80a01932b42553652e053d6ed8e,Metis,Metis,0xae86a936be2293574903b986cf4e97c50e447fb20c7cd75d8beea4ba72251bd5_Metis,1643911569,1643911569,1,3e+21,3000.0,8157.973614307856,16.279070,16.279070,0.800000,bridge_deposit_flow
ETH,Poly,eth_flow_0xae86a936be22__r7fam20__inst01__synth_noise_src_1,0xae86a936be2293574903b986cf4e97c50e447fb20c7cd75d8beea4ba72251bd5,0x81910675dbaf69dee0fd77570bfd07f8e436386a|0x8d484c91f791d281dbf767ecb87f4028f7911e7a|0x9e32b13ce7f2e80a01932b42553652e053d6ed8e,0x81910675dbaf69dee0fd77570bfd07f8e436386a,0x9e32b13ce7f2e80a01932b42553652e053d6ed8e,Metis,Metis,0xae86a936be2293574903b986cf4e97c50e447fb20c7cd75d8beea4ba72251bd5_Metis,1643911569,1643911569,1,3e+21,3000.0,8157.973614307856,16.279070,16.279070,0.800000,bridge_deposit_flow
ETH,Poly,eth_flow_0x5cdd1ad417e5__r7fam21__inst00__synth_split_src,0x5cdd1ad417e5dcb3e32bcd84b3fabb776e77907930a5207c2a500a3b15b83ff3,0x26ec4ff77df305d5a9a7660e046dd1c06ce517f6|0x81910675dbaf69dee0fd77570bfd07f8e436386a|0x9e32b13ce7f2e80a01932b42553652e053d6ed8e,0x81910675dbaf69dee0fd77570bfd07f8e436386a,0x9e32b13ce7f2e80a01932b42553652e053d6ed8e,Metis,Metis,0x5cdd1ad417e5dcb3e32bcd84b3fabb776e77907930a5207c2a500a3b15b83ff3_Metis,1651147557,1651147557,1,3.5e+20,350.0,951.7635883359166,16.279070,16.279070,0.800000,bridge_deposit_flow
ETH,Poly,eth_flow_0x5cdd1ad417e5__r7fam21__inst00__synth_merge_src1,0x5cdd1ad417e5dcb3e32bcd84b3fabb776e77907930a5207c2a500a3b15b83ff3,0x26ec4ff77df305d5a9a7660e046dd1c06ce517f6|0x81910675dbaf69dee0fd77570bfd07f8e436386a|0x9e32b13ce7f2e80a01932b42553652e053d6ed8e,0x81910675dbaf69dee0fd77570bfd07f8e436386a,0x9e32b13ce7f2e80a01932b42553652e053d6ed8e,Metis,Metis,0x5cdd1ad417e5dcb3e32bcd84b3fabb776e77907930a5207c2a500a3b15b83ff3_Metis,1651147557,1651147557,1,1.75e+20,175.0,475.8817941679583,16.279070,16.279070,0.800000,bridge_deposit_flow
ETH,Poly,eth_flow_0x5cdd1ad417e5__r7fam21__inst00__synth_merge_src2,0x5cdd1ad417e5dcb3e32bcd84b3fabb776e77907930a5207c2a500a3b15b83ff3,0x26ec4ff77df305d5a9a7660e046dd1c06ce517f6|0x81910675dbaf69dee0fd77570bfd07f8e436386a|0x9e32b13ce7f2e80a01932b42553652e053d6ed8e,0x81910675dbaf69dee0fd77570bfd07f8e436386a,0x9e32b13ce7f2e80a01932b42553652e053d6ed8e,Metis,Metis,0x5cdd1ad417e5dcb3e32bcd84b3fabb776e77907930a5207c2a500a3b15b83ff3_Metis,1651147557,1651147557,1,1.75e+20,175.0,475.8817941679583,16.279070,16.279070,0.800000,bridge_deposit_flow
ETH,Poly,eth_flow_0x5cdd1ad417e5__r7fam21__inst00__synth_unmatched_src,0x5cdd1ad417e5dcb3e32bcd84b3fabb776e77907930a5207c2a500a3b15b83ff3,0x26ec4ff77df305d5a9a7660e046dd1c06ce517f6|0x81910675dbaf69dee0fd77570bfd07f8e436386a|0x9e32b13ce7f2e80a01932b42553652e053d6ed8e,0x81910675dbaf69dee0fd77570bfd07f8e436386a,0x9e32b13ce7f2e80a01932b42553652e053d6ed8e,Metis,Metis,0x5cdd1ad417e5dcb3e32bcd84b3fabb776e77907930a5207c2a500a3b15b83ff3_Metis,1651147557,1651147557,1,3.5e+20,350.0,951.7635883359166,16.279070,16.279070,0.800000,bridge_deposit_flow
ETH,Poly,eth_flow_0x5cdd1ad417e5__r7fam21__inst00__synth_noise_src_0,0x5cdd1ad417e5dcb3e32bcd84b3fabb776e77907930a5207c2a500a3b15b83ff3,0x26ec4ff77df305d5a9a7660e046dd1c06ce517f6|0x81910675dbaf69dee0fd77570bfd07f8e436386a|0x9e32b13ce7f2e80a01932b42553652e053d6ed8e,0x81910675dbaf69dee0fd77570bfd07f8e436386a,0x9e32b13ce7f2e80a01932b42553652e053d6ed8e,Metis,Metis,0x5cdd1ad417e5dcb3e32bcd84b3fabb776e77907930a5207c2a500a3b15b83ff3_Metis,1651147557,1651147557,1,3.5e+20,350.0,951.7635883359166,16.279070,16.279070,0.800000,bridge_deposit_flow
ETH,Poly,eth_flow_0x5cdd1ad417e5__r7fam21__inst00__synth_noise_src_1,0x5cdd1ad417e5dcb3e32bcd84b3fabb776e77907930a5207c2a500a3b15b83ff3,0x26ec4ff77df305d5a9a7660e046dd1c06ce517f6|0x81910675dbaf69dee0fd77570bfd07f8e436386a|0x9e32b13ce7f2e80a01932b42553652e053d6ed8e,0x81910675dbaf69dee0fd77570bfd07f8e436386a,0x9e32b13ce7f2e80a01932b42553652e053d6ed8e,Metis,Metis,0x5cdd1ad417e5dcb3e32bcd84b3fabb776e77907930a5207c2a500a3b15b83ff3_Metis,1651147557,1651147557,1,3.5e+20,350.0,951.7635883359166,16.279070,16.279070,0.800000,bridge_deposit_flow
ETH,Poly,eth_flow_0x5ad54e32f48c__r7fam21__inst01__synth_split_src,0x5ad54e32f48cd929fe223ef5ab1ec4d50ced711e924b71b02d22e6541a8224b2,0x613a3870f58893d760e942d0f9ec2e3f1772d336|0x81910675dbaf69dee0fd77570bfd07f8e436386a|0x9e32b13ce7f2e80a01932b42553652e053d6ed8e,0x81910675dbaf69dee0fd77570bfd07f8e436386a,0x9e32b13ce7f2e80a01932b42553652e053d6ed8e,Metis,Metis,0x5ad54e32f48cd929fe223ef5ab1ec4d50ced711e924b71b02d22e6541a8224b2_Metis,1652570655,1652570655,1,2e+20,200.0,543.8649076205238,16.279070,16.279070,0.800000,bridge_deposit_flow
ETH,Poly,eth_flow_0x5ad54e32f48c__r7fam21__inst01__synth_merge_src1,0x5ad54e32f48cd929fe223ef5ab1ec4d50ced711e924b71b02d22e6541a8224b2,0x613a3870f58893d760e942d0f9ec2e3f1772d336|0x81910675dbaf69dee0fd77570bfd07f8e436386a|0x9e32b13ce7f2e80a01932b42553652e053d6ed8e,0x81910675dbaf69dee0fd77570bfd07f8e436386a,0x9e32b13ce7f2e80a01932b42553652e053d6ed8e,Metis,Metis,0x5ad54e32f48cd929fe223ef5ab1ec4d50ced711e924b71b02d22e6541a8224b2_Metis,1652570655,1652570655,1,1e+20,100.0,271.9324538102619,16.279070,16.279070,0.800000,bridge_deposit_flow
ETH,Poly,eth_flow_0x5ad54e32f48c__r7fam21__inst01__synth_merge_src2,0x5ad54e32f48cd929fe223ef5ab1ec4d50ced711e924b71b02d22e6541a8224b2,0x613a3870f58893d760e942d0f9ec2e3f1772d336|0x81910675dbaf69dee0fd77570bfd07f8e436386a|0x9e32b13ce7f2e80a01932b42553652e053d6ed8e,0x81910675dbaf69dee0fd77570bfd07f8e436386a,0x9e32b13ce7f2e80a01932b42553652e053d6ed8e,Metis,Metis,0x5ad54e32f48cd929fe223ef5ab1ec4d50ced711e924b71b02d22e6541a8224b2_Metis,1652570655,1652570655,1,1e+20,100.0,271.9324538102619,16.279070,16.279070,0.800000,bridge_deposit_flow
ETH,Poly,eth_flow_0x5ad54e32f48c__r7fam21__inst01__synth_unmatched_src,0x5ad54e32f48cd929fe223ef5ab1ec4d50ced711e924b71b02d22e6541a8224b2,0x613a3870f58893d760e942d0f9ec2e3f1772d336|0x81910675dbaf69dee0fd77570bfd07f8e436386a|0x9e32b13ce7f2e80a01932b42553652e053d6ed8e,0x81910675dbaf69dee0fd77570bfd07f8e436386a,0x9e32b13ce7f2e80a01932b42553652e053d6ed8e,Metis,Metis,0x5ad54e32f48cd929fe223ef5ab1ec4d50ced711e924b71b02d22e6541a8224b2_Metis,1652570655,1652570655,1,2e+20,200.0,543.8649076205238,16.279070,16.279070,0.800000,bridge_deposit_flow
ETH,Poly,eth_flow_0x5ad54e32f48c__r7fam21__inst01__synth_noise_src_0,0x5ad54e32f48cd929fe223ef5ab1ec4d50ced711e924b71b02d22e6541a8224b2,0x613a3870f58893d760e942d0f9ec2e3f1772d336|0x81910675dbaf69dee0fd77570bfd07f8e436386a|0x9e32b13ce7f2e80a01932b42553652e053d6ed8e,0x81910675dbaf69dee0fd77570bfd07f8e436386a,0x9e32b13ce7f2e80a01932b42553652e053d6ed8e,Metis,Metis,0x5ad54e32f48cd929fe223ef5ab1ec4d50ced711e924b71b02d22e6541a8224b2_Metis,1652570655,1652570655,1,2e+20,200.0,543.8649076205238,16.279070,16.279070,0.800000,bridge_deposit_flow
ETH,Poly,eth_flow_0x5ad54e32f48c__r7fam21__inst01__synth_noise_src_1,0x5ad54e32f48cd929fe223ef5ab1ec4d50ced711e924b71b02d22e6541a8224b2,0x613a3870f58893d760e942d0f9ec2e3f1772d336|0x81910675dbaf69dee0fd77570bfd07f8e436386a|0x9e32b13ce7f2e80a01932b42553652e053d6ed8e,0x81910675dbaf69dee0fd77570bfd07f8e436386a,0x9e32b13ce7f2e80a01932b42553652e053d6ed8e,Metis,Metis,0x5ad54e32f48cd929fe223ef5ab1ec4d50ced711e924b71b02d22e6541a8224b2_Metis,1652570655,1652570655,1,2e+20,200.0,543.8649076205238,16.279070,16.279070,0.800000,bridge_deposit_flow
ETH,Poly,eth_flow_0x43985c40892d__r7fam22__inst00__synth_split_src,0x43985c40892d0c29a1229268b81164882ee9c4dcc8d007fd8a52f1d519a25b0a,0x7a6a59588b8106045303e1923227a2cefbec2b66|0x81910675dbaf69dee0fd77570bfd07f8e436386a|0x9e32b13ce7f2e80a01932b42553652e053d6ed8e,0x81910675dbaf69dee0fd77570bfd07f8e436386a,0x9e32b13ce7f2e80a01932b42553652e053d6ed8e,Metis,Metis,0x43985c40892d0c29a1229268b81164882ee9c4dcc8d007fd8a52f1d519a25b0a_Metis,1669140479,1669140479,1,2.263e+20,226.3,615.3831429726226,16.279070,16.279070,0.775000,bridge_deposit_flow
ETH,Poly,eth_flow_0x43985c40892d__r7fam22__inst00__synth_merge_src1,0x43985c40892d0c29a1229268b81164882ee9c4dcc8d007fd8a52f1d519a25b0a,0x7a6a59588b8106045303e1923227a2cefbec2b66|0x81910675dbaf69dee0fd77570bfd07f8e436386a|0x9e32b13ce7f2e80a01932b42553652e053d6ed8e,0x81910675dbaf69dee0fd77570bfd07f8e436386a,0x9e32b13ce7f2e80a01932b42553652e053d6ed8e,Metis,Metis,0x43985c40892d0c29a1229268b81164882ee9c4dcc8d007fd8a52f1d519a25b0a_Metis,1669140479,1669140479,1,1.1315e+20,113.15,307.6915714863113,16.279070,16.279070,0.775000,bridge_deposit_flow
ETH,Poly,eth_flow_0x43985c40892d__r7fam22__inst00__synth_merge_src2,0x43985c40892d0c29a1229268b81164882ee9c4dcc8d007fd8a52f1d519a25b0a,0x7a6a59588b8106045303e1923227a2cefbec2b66|0x81910675dbaf69dee0fd77570bfd07f8e436386a|0x9e32b13ce7f2e80a01932b42553652e053d6ed8e,0x81910675dbaf69dee0fd77570bfd07f8e436386a,0x9e32b13ce7f2e80a01932b42553652e053d6ed8e,Metis,Metis,0x43985c40892d0c29a1229268b81164882ee9c4dcc8d007fd8a52f1d519a25b0a_Metis,1669140479,1669140479,1,1.1315e+20,113.15,307.6915714863113,16.279070,16.279070,0.775000,bridge_deposit_flow
ETH,Poly,eth_flow_0x43985c40892d__r7fam22__inst00__synth_unmatched_src,0x43985c40892d0c29a1229268b81164882ee9c4dcc8d007fd8a52f1d519a25b0a,0x7a6a59588b8106045303e1923227a2cefbec2b66|0x81910675dbaf69dee0fd77570bfd07f8e436386a|0x9e32b13ce7f2e80a01932b42553652e053d6ed8e,0x81910675dbaf69dee0fd77570bfd07f8e436386a,0x9e32b13ce7f2e80a01932b42553652e053d6ed8e,Metis,Metis,0x43985c40892d0c29a1229268b81164882ee9c4dcc8d007fd8a52f1d519a25b0a_Metis,1669140479,1669140479,1,2.263e+20,226.3,615.3831429726226,16.279070,16.279070,0.775000,bridge_deposit_flow
ETH,Poly,eth_flow_0x43985c40892d__r7fam22__inst00__synth_noise_src_0,0x43985c40892d0c29a1229268b81164882ee9c4dcc8d007fd8a52f1d519a25b0a,0x7a6a59588b8106045303e1923227a2cefbec2b66|0x81910675dbaf69dee0fd77570bfd07f8e436386a|0x9e32b13ce7f2e80a01932b42553652e053d6ed8e,0x81910675dbaf69dee0fd77570bfd07f8e436386a,0x9e32b13ce7f2e80a01932b42553652e053d6ed8e,Metis,Metis,0x43985c40892d0c29a1229268b81164882ee9c4dcc8d007fd8a52f1d519a25b0a_Metis,1669140479,1669140479,1,2.263e+20,226.3,615.3831429726226,16.279070,16.279070,0.775000,bridge_deposit_flow
ETH,Poly,eth_flow_0x43985c40892d__r7fam22__inst00__synth_noise_src_1,0x43985c40892d0c29a1229268b81164882ee9c4dcc8d007fd8a52f1d519a25b0a,0x7a6a59588b8106045303e1923227a2cefbec2b66|0x81910675dbaf69dee0fd77570bfd07f8e436386a|0x9e32b13ce7f2e80a01932b42553652e053d6ed8e,0x81910675dbaf69dee0fd77570bfd07f8e436386a,0x9e32b13ce7f2e80a01932b42553652e053d6ed8e,Metis,Metis,0x43985c40892d0c29a1229268b81164882ee9c4dcc8d007fd8a52f1d519a25b0a_Metis,1669140479,1669140479,1,2.263e+20,226.3,615.3831429726226,16.279070,16.279070,0.775000,bridge_deposit_flow
ETH,Poly,eth_flow_0x104e420c66a9__r7fam22__inst01__synth_split_src,0x104e420c66a9c305addf91baf535db6f6ce0216047bb5edec0532cd132ce6b8b,0x81910675dbaf69dee0fd77570bfd07f8e436386a|0x9e32b13ce7f2e80a01932b42553652e053d6ed8e|0xd54e4f8a55247487dd7c8c59f14ee5c0c2889477,0x81910675dbaf69dee0fd77570bfd07f8e436386a,0x9e32b13ce7f2e80a01932b42553652e053d6ed8e,Metis,Metis,0x104e420c66a9c305addf91baf535db6f6ce0216047bb5edec0532cd132ce6b8b_Metis,1668325739,1668325739,1,1.993972e+20,199.3972,542.2256987889555,16.279070,16.279070,0.775000,bridge_deposit_flow
ETH,Poly,eth_flow_0x104e420c66a9__r7fam22__inst01__synth_merge_src1,0x104e420c66a9c305addf91baf535db6f6ce0216047bb5edec0532cd132ce6b8b,0x81910675dbaf69dee0fd77570bfd07f8e436386a|0x9e32b13ce7f2e80a01932b42553652e053d6ed8e|0xd54e4f8a55247487dd7c8c59f14ee5c0c2889477,0x81910675dbaf69dee0fd77570bfd07f8e436386a,0x9e32b13ce7f2e80a01932b42553652e053d6ed8e,Metis,Metis,0x104e420c66a9c305addf91baf535db6f6ce0216047bb5edec0532cd132ce6b8b_Metis,1668325739,1668325739,1,9.96986e+19,99.6986,271.11284939447773,16.279070,16.279070,0.775000,bridge_deposit_flow
ETH,Poly,eth_flow_0x104e420c66a9__r7fam22__inst01__synth_merge_src2,0x104e420c66a9c305addf91baf535db6f6ce0216047bb5edec0532cd132ce6b8b,0x81910675dbaf69dee0fd77570bfd07f8e436386a|0x9e32b13ce7f2e80a01932b42553652e053d6ed8e|0xd54e4f8a55247487dd7c8c59f14ee5c0c2889477,0x81910675dbaf69dee0fd77570bfd07f8e436386a,0x9e32b13ce7f2e80a01932b42553652e053d6ed8e,Metis,Metis,0x104e420c66a9c305addf91baf535db6f6ce0216047bb5edec0532cd132ce6b8b_Metis,1668325739,1668325739,1,9.96986e+19,99.6986,271.11284939447773,16.279070,16.279070,0.775000,bridge_deposit_flow
ETH,Poly,eth_flow_0x104e420c66a9__r7fam22__inst01__synth_unmatched_src,0x104e420c66a9c305addf91baf535db6f6ce0216047bb5edec0532cd132ce6b8b,0x81910675dbaf69dee0fd77570bfd07f8e436386a|0x9e32b13ce7f2e80a01932b42553652e053d6ed8e|0xd54e4f8a55247487dd7c8c59f14ee5c0c2889477,0x81910675dbaf69dee0fd77570bfd07f8e436386a,0x9e32b13ce7f2e80a01932b42553652e053d6ed8e,Metis,Metis,0x104e420c66a9c305addf91baf535db6f6ce0216047bb5edec0532cd132ce6b8b_Metis,1668325739,1668325739,1,1.993972e+20,199.3972,542.2256987889555,16.279070,16.279070,0.775000,bridge_deposit_flow
ETH,Poly,eth_flow_0x104e420c66a9__r7fam22__inst01__synth_noise_src_0,0x104e420c66a9c305addf91baf535db6f6ce0216047bb5edec0532cd132ce6b8b,0x81910675dbaf69dee0fd77570bfd07f8e436386a|0x9e32b13ce7f2e80a01932b42553652e053d6ed8e|0xd54e4f8a55247487dd7c8c59f14ee5c0c2889477,0x81910675dbaf69dee0fd77570bfd07f8e436386a,0x9e32b13ce7f2e80a01932b42553652e053d6ed8e,Metis,Metis,0x104e420c66a9c305addf91baf535db6f6ce0216047bb5edec0532cd132ce6b8b_Metis,1668325739,1668325739,1,1.993972e+20,199.3972,542.2256987889555,16.279070,16.279070,0.775000,bridge_deposit_flow
ETH,Poly,eth_flow_0x104e420c66a9__r7fam22__inst01__synth_noise_src_1,0x104e420c66a9c305addf91baf535db6f6ce0216047bb5edec0532cd132ce6b8b,0x81910675dbaf69dee0fd77570bfd07f8e436386a|0x9e32b13ce7f2e80a01932b42553652e053d6ed8e|0xd54e4f8a55247487dd7c8c59f14ee5c0c2889477,0x81910675dbaf69dee0fd77570bfd07f8e436386a,0x9e32b13ce7f2e80a01932b42553652e053d6ed8e,Metis,Metis,0x104e420c66a9c305addf91baf535db6f6ce0216047bb5edec0532cd132ce6b8b_Metis,1668325739,1668325739,1,1.993972e+20,199.3972,542.2256987889555,16.279070,16.279070,0.775000,bridge_deposit_flow
ETH,Poly,eth_flow_0x635663d705f5__r7fam23__inst00__synth_split_src,0x635663d705f5a7f9729068959b9af74787d183ccd2cc052b2017d1e0402cc395,0x81910675dbaf69dee0fd77570bfd07f8e436386a|0x9e32b13ce7f2e80a01932b42553652e053d6ed8e|0xf2ce52e3d0eb5d237341c9a75ca24647d87d7e55,0x81910675dbaf69dee0fd77570bfd07f8e436386a,0x9e32b13ce7f2e80a01932b42553652e053d6ed8e,Metis,Metis,0x635663d705f5a7f9729068959b9af74787d183ccd2cc052b2017d1e0402cc395_Metis,1664310455,1664310455,1,1.6767557819379784e+20,167.67557819379783,455.9643142229388,16.279070,16.279070,0.775000,bridge_deposit_flow
ETH,Poly,eth_flow_0x635663d705f5__r7fam23__inst00__synth_merge_src1,0x635663d705f5a7f9729068959b9af74787d183ccd2cc052b2017d1e0402cc395,0x81910675dbaf69dee0fd77570bfd07f8e436386a|0x9e32b13ce7f2e80a01932b42553652e053d6ed8e|0xf2ce52e3d0eb5d237341c9a75ca24647d87d7e55,0x81910675dbaf69dee0fd77570bfd07f8e436386a,0x9e32b13ce7f2e80a01932b42553652e053d6ed8e,Metis,Metis,0x635663d705f5a7f9729068959b9af74787d183ccd2cc052b2017d1e0402cc395_Metis,1664310455,1664310455,1,8.383778909689892e+19,83.83778909689892,227.9821571114694,16.279070,16.279070,0.775000,bridge_deposit_flow
ETH,Poly,eth_flow_0x635663d705f5__r7fam23__inst00__synth_merge_src2,0x635663d705f5a7f9729068959b9af74787d183ccd2cc052b2017d1e0402cc395,0x81910675dbaf69dee0fd77570bfd07f8e436386a|0x9e32b13ce7f2e80a01932b42553652e053d6ed8e|0xf2ce52e3d0eb5d237341c9a75ca24647d87d7e55,0x81910675dbaf69dee0fd77570bfd07f8e436386a,0x9e32b13ce7f2e80a01932b42553652e053d6ed8e,Metis,Metis,0x635663d705f5a7f9729068959b9af74787d183ccd2cc052b2017d1e0402cc395_Metis,1664310455,1664310455,1,8.383778909689892e+19,83.83778909689892,227.9821571114694,16.279070,16.279070,0.775000,bridge_deposit_flow
ETH,Poly,eth_flow_0x635663d705f5__r7fam23__inst00__synth_unmatched_src,0x635663d705f5a7f9729068959b9af74787d183ccd2cc052b2017d1e0402cc395,0x81910675dbaf69dee0fd77570bfd07f8e436386a|0x9e32b13ce7f2e80a01932b42553652e053d6ed8e|0xf2ce52e3d0eb5d237341c9a75ca24647d87d7e55,0x81910675dbaf69dee0fd77570bfd07f8e436386a,0x9e32b13ce7f2e80a01932b42553652e053d6ed8e,Metis,Metis,0x635663d705f5a7f9729068959b9af74787d183ccd2cc052b2017d1e0402cc395_Metis,1664310455,1664310455,1,1.6767557819379784e+20,167.67557819379783,455.9643142229388,16.279070,16.279070,0.775000,bridge_deposit_flow
ETH,Poly,eth_flow_0x635663d705f5__r7fam23__inst00__synth_noise_src_0,0x635663d705f5a7f9729068959b9af74787d183ccd2cc052b2017d1e0402cc395,0x81910675dbaf69dee0fd77570bfd07f8e436386a|0x9e32b13ce7f2e80a01932b42553652e053d6ed8e|0xf2ce52e3d0eb5d237341c9a75ca24647d87d7e55,0x81910675dbaf69dee0fd77570bfd07f8e436386a,0x9e32b13ce7f2e80a01932b42553652e053d6ed8e,Metis,Metis,0x635663d705f5a7f9729068959b9af74787d183ccd2cc052b2017d1e0402cc395_Metis,1664310455,1664310455,1,1.6767557819379784e+20,167.67557819379783,455.9643142229388,16.279070,16.279070,0.775000,bridge_deposit_flow
ETH,Poly,eth_flow_0x635663d705f5__r7fam23__inst00__synth_noise_src_1,0x635663d705f5a7f9729068959b9af74787d183ccd2cc052b2017d1e0402cc395,0x81910675dbaf69dee0fd77570bfd07f8e436386a|0x9e32b13ce7f2e80a01932b42553652e053d6ed8e|0xf2ce52e3d0eb5d237341c9a75ca24647d87d7e55,0x81910675dbaf69dee0fd77570bfd07f8e436386a,0x9e32b13ce7f2e80a01932b42553652e053d6ed8e,Metis,Metis,0x635663d705f5a7f9729068959b9af74787d183ccd2cc052b2017d1e0402cc395_Metis,1664310455,1664310455,1,1.6767557819379784e+20,167.67557819379783,455.9643142229388,16.279070,16.279070,0.775000,bridge_deposit_flow
ETH,Poly,eth_flow_0x711ec5461712__r7fam23__inst01__synth_split_src,0x711ec5461712bc798a7a91dbc46624489cfcbfa1a6b0de3a435a850999e4f890,0x81910675dbaf69dee0fd77570bfd07f8e436386a|0x8d484c91f791d281dbf767ecb87f4028f7911e7a|0x9e32b13ce7f2e80a01932b42553652e053d6ed8e,0x81910675dbaf69dee0fd77570bfd07f8e436386a,0x9e32b13ce7f2e80a01932b42553652e053d6ed8e,Metis,Metis,0x711ec5461712bc798a7a91dbc46624489cfcbfa1a6b0de3a435a850999e4f890_Metis,1664196779,1664196779,1,1e+21,1000.0,2719.3245381026186,16.279070,16.279070,0.775000,bridge_deposit_flow
ETH,Poly,eth_flow_0x711ec5461712__r7fam23__inst01__synth_merge_src1,0x711ec5461712bc798a7a91dbc46624489cfcbfa1a6b0de3a435a850999e4f890,0x81910675dbaf69dee0fd77570bfd07f8e436386a|0x8d484c91f791d281dbf767ecb87f4028f7911e7a|0x9e32b13ce7f2e80a01932b42553652e053d6ed8e,0x81910675dbaf69dee0fd77570bfd07f8e436386a,0x9e32b13ce7f2e80a01932b42553652e053d6ed8e,Metis,Metis,0x711ec5461712bc798a7a91dbc46624489cfcbfa1a6b0de3a435a850999e4f890_Metis,1664196779,1664196779,1,5e+20,500.0,1359.6622690513093,16.279070,16.279070,0.775000,bridge_deposit_flow
ETH,Poly,eth_flow_0x711ec5461712__r7fam23__inst01__synth_merge_src2,0x711ec5461712bc798a7a91dbc46624489cfcbfa1a6b0de3a435a850999e4f890,0x81910675dbaf69dee0fd77570bfd07f8e436386a|0x8d484c91f791d281dbf767ecb87f4028f7911e7a|0x9e32b13ce7f2e80a01932b42553652e053d6ed8e,0x81910675dbaf69dee0fd77570bfd07f8e436386a,0x9e32b13ce7f2e80a01932b42553652e053d6ed8e,Metis,Metis,0x711ec5461712bc798a7a91dbc46624489cfcbfa1a6b0de3a435a850999e4f890_Metis,1664196779,1664196779,1,5e+20,500.0,1359.6622690513093,16.279070,16.279070,0.775000,bridge_deposit_flow
ETH,Poly,eth_flow_0x711ec5461712__r7fam23__inst01__synth_unmatched_src,0x711ec5461712bc798a7a91dbc46624489cfcbfa1a6b0de3a435a850999e4f890,0x81910675dbaf69dee0fd77570bfd07f8e436386a|0x8d484c91f791d281dbf767ecb87f4028f7911e7a|0x9e32b13ce7f2e80a01932b42553652e053d6ed8e,0x81910675dbaf69dee0fd77570bfd07f8e436386a,0x9e32b13ce7f2e80a01932b42553652e053d6ed8e,Metis,Metis,0x711ec5461712bc798a7a91dbc46624489cfcbfa1a6b0de3a435a850999e4f890_Metis,1664196779,1664196779,1,1e+21,1000.0,2719.3245381026186,16.279070,16.279070,0.775000,bridge_deposit_flow
ETH,Poly,eth_flow_0x711ec5461712__r7fam23__inst01__synth_noise_src_0,0x711ec5461712bc798a7a91dbc46624489cfcbfa1a6b0de3a435a850999e4f890,0x81910675dbaf69dee0fd77570bfd07f8e436386a|0x8d484c91f791d281dbf767ecb87f4028f7911e7a|0x9e32b13ce7f2e80a01932b42553652e053d6ed8e,0x81910675dbaf69dee0fd77570bfd07f8e436386a,0x9e32b13ce7f2e80a01932b42553652e053d6ed8e,Metis,Metis,0x711ec5461712bc798a7a91dbc46624489cfcbfa1a6b0de3a435a850999e4f890_Metis,1664196779,1664196779,1,1e+21,1000.0,2719.3245381026186,16.279070,16.279070,0.775000,bridge_deposit_flow
ETH,Poly,eth_flow_0x711ec5461712__r7fam23__inst01__synth_noise_src_1,0x711ec5461712bc798a7a91dbc46624489cfcbfa1a6b0de3a435a850999e4f890,0x81910675dbaf69dee0fd77570bfd07f8e436386a|0x8d484c91f791d281dbf767ecb87f4028f7911e7a|0x9e32b13ce7f2e80a01932b42553652e053d6ed8e,0x81910675dbaf69dee0fd77570bfd07f8e436386a,0x9e32b13ce7f2e80a01932b42553652e053d6ed8e,Metis,Metis,0x711ec5461712bc798a7a91dbc46624489cfcbfa1a6b0de3a435a850999e4f890_Metis,1664196779,1664196779,1,1e+21,1000.0,2719.3245381026186,16.279070,16.279070,0.775000,bridge_deposit_flow
