chain,bridge,flow_id,tx_hashes,address_set,primary_address,token_contracts,token_symbols,asset_group,route_id,start_time,end_time,tx_count,raw_amount_sum,human_amount_sum,usd_amount_sum,aml_score_mean,aml_score_max,evidence_quality_mean,flow_construction_rule,bridge_contract_hit
BNB,Poly,bnb_flow_0x310e99bf3885__synth_split_a,0x310e99bf388591a20f01d284c1a234446412a708a05594b9a7c12ba0c597e261,0x2f7ac9436ba4b548f9582af91ca1ef02cd2f1f03|0x398f7827dccbefe6990478876bbf3612d93baf05|0xcfc387b2d9bb52200d942752f44a41d658ee82de,0xcfc387b2d9bb52200d942752f44a41d658ee82de,0x398f7827dccbefe6990478876bbf3612d93baf05,MIX,MIX,0x310e99bf388591a20f01d284c1a234446412a708a05594b9a7c12ba0c597e261_MIX,1659864234,1659864234,1,1.022976880375e+23,102297.68803749999,0.16624854221889493,0,0,0.825000,bridge_dst_event_flow,True
BNB,Poly,bnb_flow_0x310e99bf3885__synth_split_b,0x310e99bf388591a20f01d284c1a234446412a708a05594b9a7c12ba0c597e261,0x2f7ac9436ba4b548f9582af91ca1ef02cd2f1f03|0x398f7827dccbefe6990478876bbf3612d93baf05|0xcfc387b2d9bb52200d942752f44a41d658ee82de,0xcfc387b2d9bb52200d942752f44a41d658ee82de,0x398f7827dccbefe6990478876bbf3612d93baf05,MIX,MIX,0x310e99bf388591a20f01d284c1a234446412a708a05594b9a7c12ba0c597e261_MIX,1659864234,1659864234,1,1.022976880375e+23,102297.68803749999,0.16624854221889493,0,0,0.825000,bridge_dst_event_flow,True
BNB,Poly,bnb_flow_0x310e99bf3885__synth_split_c,0x310e99bf388591a20f01d284c1a234446412a708a05594b9a7c12ba0c597e261,0x2f7ac9436ba4b548f9582af91ca1ef02cd2f1f03|0x398f7827dccbefe6990478876bbf3612d93baf05|0xcfc387b2d9bb52200d942752f44a41d658ee82de,0xcfc387b2d9bb52200d942752f44a41d658ee82de,0x398f7827dccbefe6990478876bbf3612d93baf05,MIX,MIX,0x310e99bf388591a20f01d284c1a234446412a708a05594b9a7c12ba0c597e261_MIX,1659864234,1659864234,1,1.022976880375e+23,102297.68803749999,0.16624854221889493,0,0,0.825000,bridge_dst_event_flow,True
BNB,Poly,bnb_flow_0x310e99bf3885__synth_split_d,0x310e99bf388591a20f01d284c1a234446412a708a05594b9a7c12ba0c597e261,0x2f7ac9436ba4b548f9582af91ca1ef02cd2f1f03|0x398f7827dccbefe6990478876bbf3612d93baf05|0xcfc387b2d9bb52200d942752f44a41d658ee82de,0xcfc387b2d9bb52200d942752f44a41d658ee82de,0x398f7827dccbefe6990478876bbf3612d93baf05,MIX,MIX,0x310e99bf388591a20f01d284c1a234446412a708a05594b9a7c12ba0c597e261_MIX,1659864234,1659864234,1,1.022976880375e+23,102297.68803749999,0.16624854221889493,0,0,0.825000,bridge_dst_event_flow,True
BNB,Poly,bnb_flow_0x310e99bf3885__synth_split_e,0x310e99bf388591a20f01d284c1a234446412a708a05594b9a7c12ba0c597e261,0x2f7ac9436ba4b548f9582af91ca1ef02cd2f1f03|0x398f7827dccbefe6990478876bbf3612d93baf05|0xcfc387b2d9bb52200d942752f44a41d658ee82de,0xcfc387b2d9bb52200d942752f44a41d658ee82de,0x398f7827dccbefe6990478876bbf3612d93baf05,MIX,MIX,0x310e99bf388591a20f01d284c1a234446412a708a05594b9a7c12ba0c597e261_MIX,1659864234,1659864234,1,1.022976880375e+23,102297.68803749999,0.16624854221889493,0,0,0.825000,bridge_dst_event_flow,True
BNB,Poly,bnb_flow_0x310e99bf3885__synth_split_f,0x310e99bf388591a20f01d284c1a234446412a708a05594b9a7c12ba0c597e261,0x2f7ac9436ba4b548f9582af91ca1ef02cd2f1f03|0x398f7827dccbefe6990478876bbf3612d93baf05|0xcfc387b2d9bb52200d942752f44a41d658ee82de,0xcfc387b2d9bb52200d942752f44a41d658ee82de,0x398f7827dccbefe6990478876bbf3612d93baf05,MIX,MIX,0x310e99bf388591a20f01d284c1a234446412a708a05594b9a7c12ba0c597e261_MIX,1659864234,1659864234,1,1.022976880375e+23,102297.68803749999,0.16624854221889493,0,0,0.825000,bridge_dst_event_flow,True
BNB,Poly,bnb_flow_0x310e99bf3885__synth_split_g,0x310e99bf388591a20f01d284c1a234446412a708a05594b9a7c12ba0c597e261,0x2f7ac9436ba4b548f9582af91ca1ef02cd2f1f03|0x398f7827dccbefe6990478876bbf3612d93baf05|0xcfc387b2d9bb52200d942752f44a41d658ee82de,0xcfc387b2d9bb52200d942752f44a41d658ee82de,0x398f7827dccbefe6990478876bbf3612d93baf05,MIX,MIX,0x310e99bf388591a20f01d284c1a234446412a708a05594b9a7c12ba0c597e261_MIX,1659864234,1659864234,1,1.022976880375e+23,102297.68803749999,0.16624854221889493,0,0,0.825000,bridge_dst_event_flow,True
BNB,Poly,bnb_flow_0x310e99bf3885__synth_split_h,0x310e99bf388591a20f01d284c1a234446412a708a05594b9a7c12ba0c597e261,0x2f7ac9436ba4b548f9582af91ca1ef02cd2f1f03|0x398f7827dccbefe6990478876bbf3612d93baf05|0xcfc387b2d9bb52200d942752f44a41d658ee82de,0xcfc387b2d9bb52200d942752f44a41d658ee82de,0x398f7827dccbefe6990478876bbf3612d93baf05,MIX,MIX,0x310e99bf388591a20f01d284c1a234446412a708a05594b9a7c12ba0c597e261_MIX,1659864234,1659864234,1,1.022976880375e+23,102297.68803749999,0.16624854221889493,0,0,0.825000,bridge_dst_event_flow,True
BNB,Poly,bnb_flow_0x310e99bf3885__synth_merge_dst,0x310e99bf388591a20f01d284c1a234446412a708a05594b9a7c12ba0c597e261,0x2f7ac9436ba4b548f9582af91ca1ef02cd2f1f03|0x398f7827dccbefe6990478876bbf3612d93baf05|0xcfc387b2d9bb52200d942752f44a41d658ee82de,0xcfc387b2d9bb52200d942752f44a41d658ee82de,0x398f7827dccbefe6990478876bbf3612d93baf05,MIX,MIX,0x310e99bf388591a20f01d284c1a234446412a708a05594b9a7c12ba0c597e261_MIX,1659864234,1659864234,1,8.183815043e+23,818381.5042999999,1.3299883377511594,0,0,0.825000,bridge_dst_event_flow,True
BNB,Poly,bnb_flow_0x310e99bf3885__synth_hidden_dst,0x310e99bf388591a20f01d284c1a234446412a708a05594b9a7c12ba0c597e261,0x2f7ac9436ba4b548f9582af91ca1ef02cd2f1f03|0x398f7827dccbefe6990478876bbf3612d93baf05|0xcfc387b2d9bb52200d942752f44a41d658ee82de,0xcfc387b2d9bb52200d942752f44a41d658ee82de,0x398f7827dccbefe6990478876bbf3612d93baf05,MIX,MIX,0x310e99bf388591a20f01d284c1a234446412a708a05594b9a7c12ba0c597e261_MIX,1659864234,1659864234,1,8.183815043e+23,818381.5042999999,1.3299883377511594,0,0,0.825000,bridge_dst_event_flow,True
BNB,Poly,bnb_flow_0x310e99bf3885__synth_noise_dst_0,0x310e99bf388591a20f01d284c1a234446412a708a05594b9a7c12ba0c597e261,0x2f7ac9436ba4b548f9582af91ca1ef02cd2f1f03|0x398f7827dccbefe6990478876bbf3612d93baf05|0xcfc387b2d9bb52200d942752f44a41d658ee82de,0xcfc387b2d9bb52200d942752f44a41d658ee82de,0x398f7827dccbefe6990478876bbf3612d93baf05,MIX,MIX,0x310e99bf388591a20f01d284c1a234446412a708a05594b9a7c12ba0c597e261_MIX,1659864294,1659864294,1,8.183815043e+23,818381.5042999999,1.3299883377511594,0,0,0.825000,bridge_dst_event_flow,True
BNB,Poly,bnb_flow_0x310e99bf3885__synth_noise_dst_1,0x310e99bf388591a20f01d284c1a234446412a708a05594b9a7c12ba0c597e261,0x2f7ac9436ba4b548f9582af91ca1ef02cd2f1f03|0x398f7827dccbefe6990478876bbf3612d93baf05|0xcfc387b2d9bb52200d942752f44a41d658ee82de,0xcfc387b2d9bb52200d942752f44a41d658ee82de,0x398f7827dccbefe6990478876bbf3612d93baf05,MIX,MIX,0x310e99bf388591a20f01d284c1a234446412a708a05594b9a7c12ba0c597e261_MIX,1659864354,1659864354,1,8.183815043e+23,818381.5042999999,1.3299883377511594,0,0,0.825000,bridge_dst_event_flow,True
BNB,Poly,bnb_flow_0x0a9c99fa875a__synth_split_a,0x0a9c99fa875a4535b84e13aac6c5a0c26aacdf1e3a0a3116da96990f8c67fd96,0x2f7ac9436ba4b548f9582af91ca1ef02cd2f1f03|0x8594d8e9483473626908648a5539d9d65ca2fe8d|0xc49dde62b4a0810074721faca54aab52369f486a,0x8594d8e9483473626908648a5539d9d65ca2fe8d,0xc49dde62b4a0810074721faca54aab52369f486a,PKR,PKR,0x0a9c99fa875a4535b84e13aac6c5a0c26aacdf1e3a0a3116da96990f8c67fd96_PKR,1654922289,1654922289,1,5.749108469802006e+22,57491.08469802006,1.264133514237905,0,0,0.825000,bridge_dst_event_flow,True
BNB,Poly,bnb_flow_0x0a9c99fa875a__synth_split_b,0x0a9c99fa875a4535b84e13aac6c5a0c26aacdf1e3a0a3116da96990f8c67fd96,0x2f7ac9436ba4b548f9582af91ca1ef02cd2f1f03|0x8594d8e9483473626908648a5539d9d65ca2fe8d|0xc49dde62b4a0810074721faca54aab52369f486a,0x8594d8e9483473626908648a5539d9d65ca2fe8d,0xc49dde62b4a0810074721faca54aab52369f486a,PKR,PKR,0x0a9c99fa875a4535b84e13aac6c5a0c26aacdf1e3a0a3116da96990f8c67fd96_PKR,1654922289,1654922289,1,5.749108469802006e+22,57491.08469802006,1.264133514237905,0,0,0.825000,bridge_dst_event_flow,True
BNB,Poly,bnb_flow_0x0a9c99fa875a__synth_merge_dst,0x0a9c99fa875a4535b84e13aac6c5a0c26aacdf1e3a0a3116da96990f8c67fd96,0x2f7ac9436ba4b548f9582af91ca1ef02cd2f1f03|0x8594d8e9483473626908648a5539d9d65ca2fe8d|0xc49dde62b4a0810074721faca54aab52369f486a,0x8594d8e9483473626908648a5539d9d65ca2fe8d,0xc49dde62b4a0810074721faca54aab52369f486a,PKR,PKR,0x0a9c99fa875a4535b84e13aac6c5a0c26aacdf1e3a0a3116da96990f8c67fd96_PKR,1654922289,1654922289,1,1.1498216939604013e+23,114982.16939604012,2.52826702847581,0,0,0.825000,bridge_dst_event_flow,True
BNB,Poly,bnb_flow_0x0a9c99fa875a__synth_hidden_dst,0x0a9c99fa875a4535b84e13aac6c5a0c26aacdf1e3a0a3116da96990f8c67fd96,0x2f7ac9436ba4b548f9582af91ca1ef02cd2f1f03|0x8594d8e9483473626908648a5539d9d65ca2fe8d|0xc49dde62b4a0810074721faca54aab52369f486a,0x8594d8e9483473626908648a5539d9d65ca2fe8d,0xc49dde62b4a0810074721faca54aab52369f486a,PKR,PKR,0x0a9c99fa875a4535b84e13aac6c5a0c26aacdf1e3a0a3116da96990f8c67fd96_PKR,1654922289,1654922289,1,1.1498216939604013e+23,114982.16939604012,2.52826702847581,0,0,0.825000,bridge_dst_event_flow,True
BNB,Poly,bnb_flow_0x0a9c99fa875a__synth_noise_dst_0,0x0a9c99fa875a4535b84e13aac6c5a0c26aacdf1e3a0a3116da96990f8c67fd96,0x2f7ac9436ba4b548f9582af91ca1ef02cd2f1f03|0x8594d8e9483473626908648a5539d9d65ca2fe8d|0xc49dde62b4a0810074721faca54aab52369f486a,0x8594d8e9483473626908648a5539d9d65ca2fe8d,0xc49dde62b4a0810074721faca54aab52369f486a,PKR,PKR,0x0a9c99fa875a4535b84e13aac6c5a0c26aacdf1e3a0a3116da96990f8c67fd96_PKR,1654922349,1654922349,1,1.1498216939604013e+23,114982.16939604012,2.52826702847581,0,0,0.825000,bridge_dst_event_flow,True
BNB,Poly,bnb_flow_0x0a9c99fa875a__synth_noise_dst_1,0x0a9c99fa875a4535b84e13aac6c5a0c26aacdf1e3a0a3116da96990f8c67fd96,0x2f7ac9436ba4b548f9582af91ca1ef02cd2f1f03|0x8594d8e9483473626908648a5539d9d65ca2fe8d|0xc49dde62b4a0810074721faca54aab52369f486a,0x8594d8e9483473626908648a5539d9d65ca2fe8d,0xc49dde62b4a0810074721faca54aab52369f486a,PKR,PKR,0x0a9c99fa875a4535b84e13aac6c5a0c26aacdf1e3a0a3116da96990f8c67fd96_PKR,1654922409,1654922409,1,1.1498216939604013e+23,114982.16939604012,2.52826702847581,0,0,0.825000,bridge_dst_event_flow,True
BNB,Poly,bnb_flow_0x9f6889127ecb__synth_split_a,0x9f6889127ecb15299b1a7f1d8227455ba4846a474546b06aeaacaebe8352363b,0x2f7ac9436ba4b548f9582af91ca1ef02cd2f1f03|0x398f7827dccbefe6990478876bbf3612d93baf05|0xcfc387b2d9bb52200d942752f44a41d658ee82de,0xcfc387b2d9bb52200d942752f44a41d658ee82de,0x398f7827dccbefe6990478876bbf3612d93baf05,MIX,MIX,0x9f6889127ecb15299b1a7f1d8227455ba4846a474546b06aeaacaebe8352363b_MIX,1657603696,1657603696,1,8.324999999999999e+22,83250.0,0.1352932935752126,0,0,0.825000,bridge_dst_event_flow,True
BNB,Poly,bnb_flow_0x9f6889127ecb__synth_split_b,0x9f6889127ecb15299b1a7f1d8227455ba4846a474546b06aeaacaebe8352363b,0x2f7ac9436ba4b548f9582af91ca1ef02cd2f1f03|0x398f7827dccbefe6990478876bbf3612d93baf05|0xcfc387b2d9bb52200d942752f44a41d658ee82de,0xcfc387b2d9bb52200d942752f44a41d658ee82de,0x398f7827dccbefe6990478876bbf3612d93baf05,MIX,MIX,0x9f6889127ecb15299b1a7f1d8227455ba4846a474546b06aeaacaebe8352363b_MIX,1657603696,1657603696,1,8.324999999999999e+22,83250.0,0.1352932935752126,0,0,0.825000,bridge_dst_event_flow,True
BNB,Poly,bnb_flow_0x9f6889127ecb__synth_split_c,0x9f6889127ecb15299b1a7f1d8227455ba4846a474546b06aeaacaebe8352363b,0x2f7ac9436ba4b548f9582af91ca1ef02cd2f1f03|0x398f7827dccbefe6990478876bbf3612d93baf05|0xcfc387b2d9bb52200d942752f44a41d658ee82de,0xcfc387b2d9bb52200d942752f44a41d658ee82de,0x398f7827dccbefe6990478876bbf3612d93baf05,MIX,MIX,0x9f6889127ecb15299b1a7f1d8227455ba4846a474546b06aeaacaebe8352363b_MIX,1657603696,1657603696,1,8.324999999999999e+22,83250.0,0.1352932935752126,0,0,0.825000,bridge_dst_event_flow,True
BNB,Poly,bnb_flow_0x9f6889127ecb__synth_split_d,0x9f6889127ecb15299b1a7f1d8227455ba4846a474546b06aeaacaebe8352363b,0x2f7ac9436ba4b548f9582af91ca1ef02cd2f1f03|0x398f7827dccbefe6990478876bbf3612d93baf05|0xcfc387b2d9bb52200d942752f44a41d658ee82de,0xcfc387b2d9bb52200d942752f44a41d658ee82de,0x398f7827dccbefe6990478876bbf3612d93baf05,MIX,MIX,0x9f6889127ecb15299b1a7f1d8227455ba4846a474546b06aeaacaebe8352363b_MIX,1657603696,1657603696,1,8.324999999999999e+22,83250.0,0.1352932935752126,0,0,0.825000,bridge_dst_event_flow,True
BNB,Poly,bnb_flow_0x9f6889127ecb__synth_split_e,0x9f6889127ecb15299b1a7f1d8227455ba4846a474546b06aeaacaebe8352363b,0x2f7ac9436ba4b548f9582af91ca1ef02cd2f1f03|0x398f7827dccbefe6990478876bbf3612d93baf05|0xcfc387b2d9bb52200d942752f44a41d658ee82de,0xcfc387b2d9bb52200d942752f44a41d658ee82de,0x398f7827dccbefe6990478876bbf3612d93baf05,MIX,MIX,0x9f6889127ecb15299b1a7f1d8227455ba4846a474546b06aeaacaebe8352363b_MIX,1657603696,1657603696,1,8.324999999999999e+22,83250.0,0.1352932935752126,0,0,0.825000,bridge_dst_event_flow,True
BNB,Poly,bnb_flow_0x9f6889127ecb__synth_split_f,0x9f6889127ecb15299b1a7f1d8227455ba4846a474546b06aeaacaebe8352363b,0x2f7ac9436ba4b548f9582af91ca1ef02cd2f1f03|0x398f7827dccbefe6990478876bbf3612d93baf05|0xcfc387b2d9bb52200d942752f44a41d658ee82de,0xcfc387b2d9bb52200d942752f44a41d658ee82de,0x398f7827dccbefe6990478876bbf3612d93baf05,MIX,MIX,0x9f6889127ecb15299b1a7f1d8227455ba4846a474546b06aeaacaebe8352363b_MIX,1657603696,1657603696,1,8.324999999999999e+22,83250.0,0.1352932935752126,0,0,0.825000,bridge_dst_event_flow,True
BNB,Poly,bnb_flow_0x9f6889127ecb__synth_merge_dst,0x9f6889127ecb15299b1a7f1d8227455ba4846a474546b06aeaacaebe8352363b,0x2f7ac9436ba4b548f9582af91ca1ef02cd2f1f03|0x398f7827dccbefe6990478876bbf3612d93baf05|0xcfc387b2d9bb52200d942752f44a41d658ee82de,0xcfc387b2d9bb52200d942752f44a41d658ee82de,0x398f7827dccbefe6990478876bbf3612d93baf05,MIX,MIX,0x9f6889127ecb15299b1a7f1d8227455ba4846a474546b06aeaacaebe8352363b_MIX,1657603696,1657603696,1,4.995e+23,499500.0,0.8117597614512757,0,0,0.825000,bridge_dst_event_flow,True
BNB,Poly,bnb_flow_0x9f6889127ecb__synth_hidden_dst,0x9f6889127ecb15299b1a7f1d8227455ba4846a474546b06aeaacaebe8352363b,0x2f7ac9436ba4b548f9582af91ca1ef02cd2f1f03|0x398f7827dccbefe6990478876bbf3612d93baf05|0xcfc387b2d9bb52200d942752f44a41d658ee82de,0xcfc387b2d9bb52200d942752f44a41d658ee82de,0x398f7827dccbefe6990478876bbf3612d93baf05,MIX,MIX,0x9f6889127ecb15299b1a7f1d8227455ba4846a474546b06aeaacaebe8352363b_MIX,1657603696,1657603696,1,4.995e+23,499500.0,0.8117597614512757,0,0,0.825000,bridge_dst_event_flow,True
BNB,Poly,bnb_flow_0x9f6889127ecb__synth_noise_dst_0,0x9f6889127ecb15299b1a7f1d8227455ba4846a474546b06aeaacaebe8352363b,0x2f7ac9436ba4b548f9582af91ca1ef02cd2f1f03|0x398f7827dccbefe6990478876bbf3612d93baf05|0xcfc387b2d9bb52200d942752f44a41d658ee82de,0xcfc387b2d9bb52200d942752f44a41d658ee82de,0x398f7827dccbefe6990478876bbf3612d93baf05,MIX,MIX,0x9f6889127ecb15299b1a7f1d8227455ba4846a474546b06aeaacaebe8352363b_MIX,1657603756,1657603756,1,4.995e+23,499500.0,0.8117597614512757,0,0,0.825000,bridge_dst_event_flow,True
BNB,Poly,bnb_flow_0x9f6889127ecb__synth_noise_dst_1,0x9f6889127ecb15299b1a7f1d8227455ba4846a474546b06aeaacaebe8352363b,0x2f7ac9436ba4b548f9582af91ca1ef02cd2f1f03|0x398f7827dccbefe6990478876bbf3612d93baf05|0xcfc387b2d9bb52200d942752f44a41d658ee82de,0xcfc387b2d9bb52200d942752f44a41d658ee82de,0x398f7827dccbefe6990478876bbf3612d93baf05,MIX,MIX,0x9f6889127ecb15299b1a7f1d8227455ba4846a474546b06aeaacaebe8352363b_MIX,1657603816,1657603816,1,4.995e+23,499500.0,0.8117597614512757,0,0,0.825000,bridge_dst_event_flow,True
BNB,Poly,bnb_flow_0xea510bd080dc__synth_split_a,0xea510bd080dc578c05f3ea192b91b2c0abdcff33f2b990824894b9c83c01f7ad,0x2f7ac9436ba4b548f9582af91ca1ef02cd2f1f03|0xa787f09349999a61434cfb75118c6a9d0cac9406|0xc49dde62b4a0810074721faca54aab52369f486a,0xa787f09349999a61434cfb75118c6a9d0cac9406,0xc49dde62b4a0810074721faca54aab52369f486a,PKR,PKR,0xea510bd080dc578c05f3ea192b91b2c0abdcff33f2b990824894b9c83c01f7ad_PKR,1646072043,1646072043,1,3.5924302753534547e+22,35924.302753534546,0.7899157812887128,0,0,0.825000,bridge_dst_event_flow,True
BNB,Poly,bnb_flow_0xea510bd080dc__synth_split_b,0xea510bd080dc578c05f3ea192b91b2c0abdcff33f2b990824894b9c83c01f7ad,0x2f7ac9436ba4b548f9582af91ca1ef02cd2f1f03|0xa787f09349999a61434cfb75118c6a9d0cac9406|0xc49dde62b4a0810074721faca54aab52369f486a,0xa787f09349999a61434cfb75118c6a9d0cac9406,0xc49dde62b4a0810074721faca54aab52369f486a,PKR,PKR,0xea510bd080dc578c05f3ea192b91b2c0abdcff33f2b990824894b9c83c01f7ad_PKR,1646072043,1646072043,1,3.5924302753534547e+22,35924.302753534546,0.7899157812887128,0,0,0.825000,bridge_dst_event_flow,True
BNB,Poly,bnb_flow_0xea510bd080dc__synth_split_c,0xea510bd080dc578c05f3ea192b91b2c0abdcff33f2b990824894b9c83c01f7ad,0x2f7ac9436ba4b548f9582af91ca1ef02cd2f1f03|0xa787f09349999a61434cfb75118c6a9d0cac9406|0xc49dde62b4a0810074721faca54aab52369f486a,0xa787f09349999a61434cfb75118c6a9d0cac9406,0xc49dde62b4a0810074721faca54aab52369f486a,PKR,PKR,0xea510bd080dc578c05f3ea192b91b2c0abdcff33f2b990824894b9c83c01f7ad_PKR,1646072043,1646072043,1,3.5924302753534547e+22,35924.302753534546,0.7899157812887128,0,0,0.825000,bridge_dst_event_flow,True
BNB,Poly,bnb_flow_0xea510bd080dc__synth_merge_dst,0xea510bd080dc578c05f3ea192b91b2c0abdcff33f2b990824894b9c83c01f7ad,0x2f7ac9436ba4b548f9582af91ca1ef02cd2f1f03|0xa787f09349999a61434cfb75118c6a9d0cac9406|0xc49dde62b4a0810074721faca54aab52369f486a,0xa787f09349999a61434cfb75118c6a9d0cac9406,0xc49dde62b4a0810074721faca54aab52369f486a,PKR,PKR,0xea510bd080dc578c05f3ea192b91b2c0abdcff33f2b990824894b9c83c01f7ad_PKR,1646072043,1646072043,1,1.0777290826060364e+23,107772.90826060364,2.3697473438661385,0,0,0.825000,bridge_dst_event_flow,True
BNB,Poly,bnb_flow_0xea510bd080dc__synth_hidden_dst,0xea510bd080dc578c05f3ea192b91b2c0abdcff33f2b990824894b9c83c01f7ad,0x2f7ac9436ba4b548f9582af91ca1ef02cd2f1f03|0xa787f09349999a61434cfb75118c6a9d0cac9406|0xc49dde62b4a0810074721faca54aab52369f486a,0xa787f09349999a61434cfb75118c6a9d0cac9406,0xc49dde62b4a0810074721faca54aab52369f486a,PKR,PKR,0xea510bd080dc578c05f3ea192b91b2c0abdcff33f2b990824894b9c83c01f7ad_PKR,1646072043,1646072043,1,1.0777290826060364e+23,107772.90826060364,2.3697473438661385,0,0,0.825000,bridge_dst_event_flow,True
BNB,Poly,bnb_flow_0xea510bd080dc__synth_noise_dst_0,0xea510bd080dc578c05f3ea192b91b2c0abdcff33f2b990824894b9c83c01f7ad,0x2f7ac9436ba4b548f9582af91ca1ef02cd2f1f03|0xa787f09349999a61434cfb75118c6a9d0cac9406|0xc49dde62b4a0810074721faca54aab52369f486a,0xa787f09349999a61434cfb75118c6a9d0cac9406,0xc49dde62b4a0810074721faca54aab52369f486a,PKR,PKR,0xea510bd080dc578c05f3ea192b91b2c0abdcff33f2b990824894b9c83c01f7ad_PKR,1646072103,1646072103,1,1.0777290826060364e+23,107772.90826060364,2.3697473438661385,0,0,0.825000,bridge_dst_event_flow,True
BNB,Poly,bnb_flow_0xea510bd080dc__synth_noise_dst_1,0xea510bd080dc578c05f3ea192b91b2c0abdcff33f2b990824894b9c83c01f7ad,0x2f7ac9436ba4b548f9582af91ca1ef02cd2f1f03|0xa787f09349999a61434cfb75118c6a9d0cac9406|0xc49dde62b4a0810074721faca54aab52369f486a,0xa787f09349999a61434cfb75118c6a9d0cac9406,0xc49dde62b4a0810074721faca54aab52369f486a,PKR,PKR,0xea510bd080dc578c05f3ea192b91b2c0abdcff33f2b990824894b9c83c01f7ad_PKR,1646072163,1646072163,1,1.0777290826060364e+23,107772.90826060364,2.3697473438661385,0,0,0.825000,bridge_dst_event_flow,True
BNB,Poly,bnb_flow_0x25607429c71d__synth_split_a,0x25607429c71dbd0fec0228b0f7a0fe3703cfc90bec68ff550222d0850044e931,0x2f7ac9436ba4b548f9582af91ca1ef02cd2f1f03|0x398f7827dccbefe6990478876bbf3612d93baf05|0xcfc387b2d9bb52200d942752f44a41d658ee82de,0xcfc387b2d9bb52200d942752f44a41d658ee82de,0x398f7827dccbefe6990478876bbf3612d93baf05,MIX,MIX,0x25607429c71dbd0fec0228b0f7a0fe3703cfc90bec68ff550222d0850044e931_MIX,1652096741,1652096741,1,4.4975e+23,449750.0,0.7309088142396623,0,0,0.825000,bridge_dst_event_flow,True
BNB,Poly,bnb_flow_0x25607429c71d__synth_split_b,0x25607429c71dbd0fec0228b0f7a0fe3703cfc90bec68ff550222d0850044e931,0x2f7ac9436ba4b548f9582af91ca1ef02cd2f1f03|0x398f7827dccbefe6990478876bbf3612d93baf05|0xcfc387b2d9bb52200d942752f44a41d658ee82de,0xcfc387b2d9bb52200d942752f44a41d658ee82de,0x398f7827dccbefe6990478876bbf3612d93baf05,MIX,MIX,0x25607429c71dbd0fec0228b0f7a0fe3703cfc90bec68ff550222d0850044e931_MIX,1652096741,1652096741,1,4.4975e+23,449750.0,0.7309088142396623,0,0,0.825000,bridge_dst_event_flow,True
BNB,Poly,bnb_flow_0x25607429c71d__synth_merge_dst,0x25607429c71dbd0fec0228b0f7a0fe3703cfc90bec68ff550222d0850044e931,0x2f7ac9436ba4b548f9582af91ca1ef02cd2f1f03|0x398f7827dccbefe6990478876bbf3612d93baf05|0xcfc387b2d9bb52200d942752f44a41d658ee82de,0xcfc387b2d9bb52200d942752f44a41d658ee82de,0x398f7827dccbefe6990478876bbf3612d93baf05,MIX,MIX,0x25607429c71dbd0fec0228b0f7a0fe3703cfc90bec68ff550222d0850044e931_MIX,1652096741,1652096741,1,8.995e+23,899500.0,1.4618176284793245,0,0,0.825000,bridge_dst_event_flow,True
BNB,Poly,bnb_flow_0x25607429c71d__synth_hidden_dst,0x25607429c71dbd0fec0228b0f7a0fe3703cfc90bec68ff550222d0850044e931,0x2f7ac9436ba4b548f9582af91ca1ef02cd2f1f03|0x398f7827dccbefe6990478876bbf3612d93baf05|0xcfc387b2d9bb52200d942752f44a41d658ee82de,0xcfc387b2d9bb52200d942752f44a41d658ee82de,0x398f7827dccbefe6990478876bbf3612d93baf05,MIX,MIX,0x25607429c71dbd0fec0228b0f7a0fe3703cfc90bec68ff550222d0850044e931_MIX,1652096741,1652096741,1,8.995e+23,899500.0,1.4618176284793245,0,0,0.825000,bridge_dst_event_flow,True
BNB,Poly,bnb_flow_0x25607429c71d__synth_noise_dst_0,0x25607429c71dbd0fec0228b0f7a0fe3703cfc90bec68ff550222d0850044e931,0x2f7ac9436ba4b548f9582af91ca1ef02cd2f1f03|0x398f7827dccbefe6990478876bbf3612d93baf05|0xcfc387b2d9bb52200d942752f44a41d658ee82de,0xcfc387b2d9bb52200d942752f44a41d658ee82de,0x398f7827dccbefe6990478876bbf3612d93baf05,MIX,MIX,0x25607429c71dbd0fec0228b0f7a0fe3703cfc90bec68ff550222d0850044e931_MIX,1652096801,1652096801,1,8.995e+23,899500.0,1.4618176284793245,0,0,0.825000,bridge_dst_event_flow,True
BNB,Poly,bnb_flow_0x25607429c71d__synth_noise_dst_1,0x25607429c71dbd0fec0228b0f7a0fe3703cfc90bec68ff550222d0850044e931,0x2f7ac9436ba4b548f9582af91ca1ef02cd2f1f03|0x398f7827dccbefe6990478876bbf3612d93baf05|0xcfc387b2d9bb52200d942752f44a41d658ee82de,0xcfc387b2d9bb52200d942752f44a41d658ee82de,0x398f7827dccbefe6990478876bbf3612d93baf05,MIX,MIX,0x25607429c71dbd0fec0228b0f7a0fe3703cfc90bec68ff550222d0850044e931_MIX,1652096861,1652096861,1,8.995e+23,899500.0,1.4618176284793245,0,0,0.825000,bridge_dst_event_flow,True
BNB,Poly,bnb_flow_0x128575a3d96c__synth_split_a,0x128575a3d96cb23321691d245281512e72889559d1a51eaf7d7575d6af09f94e,0x2f7ac9436ba4b548f9582af91ca1ef02cd2f1f03|0x67ebc532d648e6164a6fd726ff0b39e69180dafe|0xc49dde62b4a0810074721faca54aab52369f486a,0x67ebc532d648e6164a6fd726ff0b39e69180dafe,0xc49dde62b4a0810074721faca54aab52369f486a,PKR,PKR,0x128575a3d96cb23321691d245281512e72889559d1a51eaf7d7575d6af09f94e_PKR,1652196247,1652196247,1,6.285542409415216e+22,62855.42409415216,1.3820864324689095,0,0,0.825000,bridge_dst_event_flow,True
BNB,Poly,bnb_flow_0x128575a3d96c__synth_split_b,0x128575a3d96cb23321691d245281512e72889559d1a51eaf7d7575d6af09f94e,0x2f7ac9436ba4b548f9582af91ca1ef02cd2f1f03|0x67ebc532d648e6164a6fd726ff0b39e69180dafe|0xc49dde62b4a0810074721faca54aab52369f486a,0x67ebc532d648e6164a6fd726ff0b39e69180dafe,0xc49dde62b4a0810074721faca54aab52369f486a,PKR,PKR,0x128575a3d96cb23321691d245281512e72889559d1a51eaf7d7575d6af09f94e_PKR,1652196247,1652196247,1,6.285542409415216e+22,62855.42409415216,1.3820864324689095,0,0,0.825000,bridge_dst_event_flow,True
BNB,Poly,bnb_flow_0x128575a3d96c__synth_merge_dst,0x128575a3d96cb23321691d245281512e72889559d1a51eaf7d7575d6af09f94e,0x2f7ac9436ba4b548f9582af91ca1ef02cd2f1f03|0x67ebc532d648e6164a6fd726ff0b39e69180dafe|0xc49dde62b4a0810074721faca54aab52369f486a,0x67ebc532d648e6164a6fd726ff0b39e69180dafe,0xc49dde62b4a0810074721faca54aab52369f486a,PKR,PKR,0x128575a3d96cb23321691d245281512e72889559d1a51eaf7d7575d6af09f94e_PKR,1652196247,1652196247,1,1.2571084818830432e+23,125710.84818830431,2.764172864937819,0,0,0.825000,bridge_dst_event_flow,True
BNB,Poly,bnb_flow_0x128575a3d96c__synth_hidden_dst,0x128575a3d96cb23321691d245281512e72889559d1a51eaf7d7575d6af09f94e,0x2f7ac9436ba4b548f9582af91ca1ef02cd2f1f03|0x67ebc532d648e6164a6fd726ff0b39e69180dafe|0xc49dde62b4a0810074721faca54aab52369f486a,0x67ebc532d648e6164a6fd726ff0b39e69180dafe,0xc49dde62b4a0810074721faca54aab52369f486a,PKR,PKR,0x128575a3d96cb23321691d245281512e72889559d1a51eaf7d7575d6af09f94e_PKR,1652196247,1652196247,1,1.2571084818830432e+23,125710.84818830431,2.764172864937819,0,0,0.825000,bridge_dst_event_flow,True
BNB,Poly,bnb_flow_0x128575a3d96c__synth_noise_dst_0,0x128575a3d96cb23321691d245281512e72889559d1a51eaf7d7575d6af09f94e,0x2f7ac9436ba4b548f9582af91ca1ef02cd2f1f03|0x67ebc532d648e6164a6fd726ff0b39e69180dafe|0xc49dde62b4a0810074721faca54aab52369f486a,0x67ebc532d648e6164a6fd726ff0b39e69180dafe,0xc49dde62b4a0810074721faca54aab52369f486a,PKR,PKR,0x128575a3d96cb23321691d245281512e72889559d1a51eaf7d7575d6af09f94e_PKR,1652196307,1652196307,1,1.2571084818830432e+23,125710.84818830431,2.764172864937819,0,0,0.825000,bridge_dst_event_flow,True
BNB,Poly,bnb_flow_0x128575a3d96c__synth_noise_dst_1,0x128575a3d96cb23321691d245281512e72889559d1a51eaf7d7575d6af09f94e,0x2f7ac9436ba4b548f9582af91ca1ef02cd2f1f03|0x67ebc532d648e6164a6fd726ff0b39e69180dafe|0xc49dde62b4a0810074721faca54aab52369f486a,0x67ebc532d648e6164a6fd726ff0b39e69180dafe,0xc49dde62b4a0810074721faca54aab52369f486a,PKR,PKR,0x128575a3d96cb23321691d245281512e72889559d1a51eaf7d7575d6af09f94e_PKR,1652196367,1652196367,1,1.2571084818830432e+23,125710.84818830431,2.764172864937819,0,0,0.825000,bridge_dst_event_flow,True
BNB,Poly,bnb_flow_0xdaa7bdf46abf__synth_split_a,0xdaa7bdf46abf1e67a30707209e341e10145536ac4e7e876b3d4867bdd6cedf43,0x2f7ac9436ba4b548f9582af91ca1ef02cd2f1f03|0x398f7827dccbefe6990478876bbf3612d93baf05|0xcfc387b2d9bb52200d942752f44a41d658ee82de,0xcfc387b2d9bb52200d942752f44a41d658ee82de,0x398f7827dccbefe6990478876bbf3612d93baf05,MIX,MIX,0xdaa7bdf46abf1e67a30707209e341e10145536ac4e7e876b3d4867bdd6cedf43_MIX,1653459795,1653459795,1,2.49875e+23,249875.0,0.4060830238090841,0,0,0.825000,bridge_dst_event_flow,True
BNB,Poly,bnb_flow_0xdaa7bdf46abf__synth_split_b,0xdaa7bdf46abf1e67a30707209e341e10145536ac4e7e876b3d4867bdd6cedf43,0x2f7ac9436ba4b548f9582af91ca1ef02cd2f1f03|0x398f7827dccbefe6990478876bbf3612d93baf05|0xcfc387b2d9bb52200d942752f44a41d658ee82de,0xcfc387b2d9bb52200d942752f44a41d658ee82de,0x398f7827dccbefe6990478876bbf3612d93baf05,MIX,MIX,0xdaa7bdf46abf1e67a30707209e341e10145536ac4e7e876b3d4867bdd6cedf43_MIX,1653459795,1653459795,1,2.49875e+23,249875.0,0.4060830238090841,0,0,0.825000,bridge_dst_event_flow,True
BNB,Poly,bnb_flow_0xdaa7bdf46abf__synth_split_c,0xdaa7bdf46abf1e67a30707209e341e10145536ac4e7e876b3d4867bdd6cedf43,0x2f7ac9436ba4b548f9582af91ca1ef02cd2f1f03|0x398f7827dccbefe6990478876bbf3612d93baf05|0xcfc387b2d9bb52200d942752f44a41d658ee82de,0xcfc387b2d9bb52200d942752f44a41d658ee82de,0x398f7827dccbefe6990478876bbf3612d93baf05,MIX,MIX,0xdaa7bdf46abf1e67a30707209e341e10145536ac4e7e876b3d4867bdd6cedf43_MIX,1653459795,1653459795,1,2.49875e+23,249875.0,0.4060830238090841,0,0,0.825000,bridge_dst_event_flow,True
BNB,Poly,bnb_flow_0xdaa7bdf46abf__synth_split_d,0xdaa7bdf46abf1e67a30707209e341e10145536ac4e7e876b3d4867bdd6cedf43,0x2f7ac9436ba4b548f9582af91ca1ef02cd2f1f03|0x398f7827dccbefe6990478876bbf3612d93baf05|0xcfc387b2d9bb52200d942752f44a41d658ee82de,0xcfc387b2d9bb52200d942752f44a41d658ee82de,0x398f7827dccbefe6990478876bbf3612d93baf05,MIX,MIX,0xdaa7bdf46abf1e67a30707209e341e10145536ac4e7e876b3d4867bdd6cedf43_MIX,1653459795,1653459795,1,2.49875e+23,249875.0,0.4060830238090841,0,0,0.825000,bridge_dst_event_flow,True
BNB,Poly,bnb_flow_0xdaa7bdf46abf__synth_merge_dst,0xdaa7bdf46abf1e67a30707209e341e10145536ac4e7e876b3d4867bdd6cedf43,0x2f7ac9436ba4b548f9582af91ca1ef02cd2f1f03|0x398f7827dccbefe6990478876bbf3612d93baf05|0xcfc387b2d9bb52200d942752f44a41d658ee82de,0xcfc387b2d9bb52200d942752f44a41d658ee82de,0x398f7827dccbefe6990478876bbf3612d93baf05,MIX,MIX,0xdaa7bdf46abf1e67a30707209e341e10145536ac4e7e876b3d4867bdd6cedf43_MIX,1653459795,1653459795,1,9.995e+23,999500.0,1.6243320952363365,0,0,0.825000,bridge_dst_event_flow,True
BNB,Poly,bnb_flow_0xdaa7bdf46abf__synth_hidden_dst,0xdaa7bdf46abf1e67a30707209e341e10145536ac4e7e876b3d4867bdd6cedf43,0x2f7ac9436ba4b548f9582af91ca1ef02cd2f1f03|0x398f7827dccbefe6990478876bbf3612d93baf05|0xcfc387b2d9bb52200d942752f44a41d658ee82de,0xcfc387b2d9bb52200d942752f44a41d658ee82de,0x398f7827dccbefe6990478876bbf3612d93baf05,MIX,MIX,0xdaa7bdf46abf1e67a30707209e341e10145536ac4e7e876b3d4867bdd6cedf43_MIX,1653459795,1653459795,1,9.995e+23,999500.0,1.6243320952363365,0,0,0.825000,bridge_dst_event_flow,True
BNB,Poly,bnb_flow_0xdaa7bdf46abf__synth_noise_dst_0,0xdaa7bdf46abf1e67a30707209e341e10145536ac4e7e876b3d4867bdd6cedf43,0x2f7ac9436ba4b548f9582af91ca1ef02cd2f1f03|0x398f7827dccbefe6990478876bbf3612d93baf05|0xcfc387b2d9bb52200d942752f44a41d658ee82de,0xcfc387b2d9bb52200d942752f44a41d658ee82de,0x398f7827dccbefe6990478876bbf3612d93baf05,MIX,MIX,0xdaa7bdf46abf1e67a30707209e341e10145536ac4e7e876b3d4867bdd6cedf43_MIX,1653459855,1653459855,1,9.995e+23,999500.0,1.6243320952363365,0,0,0.825000,bridge_dst_event_flow,True
BNB,Poly,bnb_flow_0xdaa7bdf46abf__synth_noise_dst_1,0xdaa7bdf46abf1e67a30707209e341e10145536ac4e7e876b3d4867bdd6cedf43,0x2f7ac9436ba4b548f9582af91ca1ef02cd2f1f03|0x398f7827dccbefe6990478876bbf3612d93baf05|0xcfc387b2d9bb52200d942752f44a41d658ee82de,0xcfc387b2d9bb52200d942752f44a41d658ee82de,0x398f7827dccbefe6990478876bbf3612d93baf05,MIX,MIX,0xdaa7bdf46abf1e67a30707209e341e10145536ac4e7e876b3d4867bdd6cedf43_MIX,1653459915,1653459915,1,9.995e+23,999500.0,1.6243320952363365,0,0,0.825000,bridge_dst_event_flow,True
BNB,Poly,bnb_flow_0x62b5625bdac4__synth_split_a,0x62b5625bdac434285409452df89acf70231cdbd4b120cd3a40d083bf6d80fb34,0x2f7ac9436ba4b548f9582af91ca1ef02cd2f1f03|0x398f7827dccbefe6990478876bbf3612d93baf05|0xf29f568f971c043df7079a3121e9de616b8998a3,0xf29f568f971c043df7079a3121e9de616b8998a3,0x398f7827dccbefe6990478876bbf3612d93baf05,MIX,MIX,0x62b5625bdac434285409452df89acf70231cdbd4b120cd3a40d083bf6d80fb34_MIX,1653040971,1653040971,1,1.9975000004857e+23,199750.00004857,0.32462264742606506,0,0,0.825000,bridge_dst_event_flow,True
BNB,Poly,bnb_flow_0x62b5625bdac4__synth_split_b,0x62b5625bdac434285409452df89acf70231cdbd4b120cd3a40d083bf6d80fb34,0x2f7ac9436ba4b548f9582af91ca1ef02cd2f1f03|0x398f7827dccbefe6990478876bbf3612d93baf05|0xf29f568f971c043df7079a3121e9de616b8998a3,0xf29f568f971c043df7079a3121e9de616b8998a3,0x398f7827dccbefe6990478876bbf3612d93baf05,MIX,MIX,0x62b5625bdac434285409452df89acf70231cdbd4b120cd3a40d083bf6d80fb34_MIX,1653040971,1653040971,1,1.9975000004857e+23,199750.00004857,0.32462264742606506,0,0,0.825000,bridge_dst_event_flow,True
BNB,Poly,bnb_flow_0x62b5625bdac4__synth_merge_dst,0x62b5625bdac434285409452df89acf70231cdbd4b120cd3a40d083bf6d80fb34,0x2f7ac9436ba4b548f9582af91ca1ef02cd2f1f03|0x398f7827dccbefe6990478876bbf3612d93baf05|0xf29f568f971c043df7079a3121e9de616b8998a3,0xf29f568f971c043df7079a3121e9de616b8998a3,0x398f7827dccbefe6990478876bbf3612d93baf05,MIX,MIX,0x62b5625bdac434285409452df89acf70231cdbd4b120cd3a40d083bf6d80fb34_MIX,1653040971,1653040971,1,3.9950000009714e+23,399500.00009714,0.6492452948521301,0,0,0.825000,bridge_dst_event_flow,True
BNB,Poly,bnb_flow_0x62b5625bdac4__synth_hidden_dst,0x62b5625bdac434285409452df89acf70231cdbd4b120cd3a40d083bf6d80fb34,0x2f7ac9436ba4b548f9582af91ca1ef02cd2f1f03|0x398f7827dccbefe6990478876bbf3612d93baf05|0xf29f568f971c043df7079a3121e9de616b8998a3,0xf29f568f971c043df7079a3121e9de616b8998a3,0x398f7827dccbefe6990478876bbf3612d93baf05,MIX,MIX,0x62b5625bdac434285409452df89acf70231cdbd4b120cd3a40d083bf6d80fb34_MIX,1653040971,1653040971,1,3.9950000009714e+23,399500.00009714,0.6492452948521301,0,0,0.825000,bridge_dst_event_flow,True
BNB,Poly,bnb_flow_0x62b5625bdac4__synth_noise_dst_0,0x62b5625bdac434285409452df89acf70231cdbd4b120cd3a40d083bf6d80fb34,0x2f7ac9436ba4b548f9582af91ca1ef02cd2f1f03|0x398f7827dccbefe6990478876bbf3612d93baf05|0xf29f568f971c043df7079a3121e9de616b8998a3,0xf29f568f971c043df7079a3121e9de616b8998a3,0x398f7827dccbefe6990478876bbf3612d93baf05,MIX,MIX,0x62b5625bdac434285409452df89acf70231cdbd4b120cd3a40d083bf6d80fb34_MIX,1653041031,1653041031,1,3.9950000009714e+23,399500.00009714,0.6492452948521301,0,0,0.825000,bridge_dst_event_flow,True
BNB,Poly,bnb_flow_0x62b5625bdac4__synth_noise_dst_1,0x62b5625bdac434285409452df89acf70231cdbd4b120cd3a40d083bf6d80fb34,0x2f7ac9436ba4b548f9582af91ca1ef02cd2f1f03|0x398f7827dccbefe6990478876bbf3612d93baf05|0xf29f568f971c043df7079a3121e9de616b8998a3,0xf29f568f971c043df7079a3121e9de616b8998a3,0x398f7827dccbefe6990478876bbf3612d93baf05,MIX,MIX,0x62b5625bdac434285409452df89acf70231cdbd4b120cd3a40d083bf6d80fb34_MIX,1653041091,1653041091,1,3.9950000009714e+23,399500.00009714,0.6492452948521301,0,0,0.825000,bridge_dst_event_flow,True
BNB,Poly,bnb_flow_0x29db69bda6e7__synth_split_a,0x29db69bda6e7241e6614168d4367f68c1af49d7b4c6cd19d3b18649c16a9f823,0x2f7ac9436ba4b548f9582af91ca1ef02cd2f1f03|0x398f7827dccbefe6990478876bbf3612d93baf05|0xcfc387b2d9bb52200d942752f44a41d658ee82de,0xcfc387b2d9bb52200d942752f44a41d658ee82de,0x398f7827dccbefe6990478876bbf3612d93baf05,MIX,MIX,0x29db69bda6e7241e6614168d4367f68c1af49d7b4c6cd19d3b18649c16a9f823_MIX,1670834530,1670834530,1,4.99799e+23,499799.0,0.8122456797068792,0,0,0.800000,bridge_dst_event_flow,True
BNB,Poly,bnb_flow_0x29db69bda6e7__synth_split_b,0x29db69bda6e7241e6614168d4367f68c1af49d7b4c6cd19d3b18649c16a9f823,0x2f7ac9436ba4b548f9582af91ca1ef02cd2f1f03|0x398f7827dccbefe6990478876bbf3612d93baf05|0xcfc387b2d9bb52200d942752f44a41d658ee82de,0xcfc387b2d9bb52200d942752f44a41d658ee82de,0x398f7827dccbefe6990478876bbf3612d93baf05,MIX,MIX,0x29db69bda6e7241e6614168d4367f68c1af49d7b4c6cd19d3b18649c16a9f823_MIX,1670834530,1670834530,1,4.99799e+23,499799.0,0.8122456797068792,0,0,0.800000,bridge_dst_event_flow,True
BNB,Poly,bnb_flow_0x29db69bda6e7__synth_merge_dst,0x29db69bda6e7241e6614168d4367f68c1af49d7b4c6cd19d3b18649c16a9f823,0x2f7ac9436ba4b548f9582af91ca1ef02cd2f1f03|0x398f7827dccbefe6990478876bbf3612d93baf05|0xcfc387b2d9bb52200d942752f44a41d658ee82de,0xcfc387b2d9bb52200d942752f44a41d658ee82de,0x398f7827dccbefe6990478876bbf3612d93baf05,MIX,MIX,0x29db69bda6e7241e6614168d4367f68c1af49d7b4c6cd19d3b18649c16a9f823_MIX,1670834530,1670834530,1,9.99598e+23,999598.0,1.6244913594137584,0,0,0.800000,bridge_dst_event_flow,True
BNB,Poly,bnb_flow_0x29db69bda6e7__synth_hidden_dst,0x29db69bda6e7241e6614168d4367f68c1af49d7b4c6cd19d3b18649c16a9f823,0x2f7ac9436ba4b548f9582af91ca1ef02cd2f1f03|0x398f7827dccbefe6990478876bbf3612d93baf05|0xcfc387b2d9bb52200d942752f44a41d658ee82de,0xcfc387b2d9bb52200d942752f44a41d658ee82de,0x398f7827dccbefe6990478876bbf3612d93baf05,MIX,MIX,0x29db69bda6e7241e6614168d4367f68c1af49d7b4c6cd19d3b18649c16a9f823_MIX,1670834530,1670834530,1,9.99598e+23,999598.0,1.6244913594137584,0,0,0.800000,bridge_dst_event_flow,True
BNB,Poly,bnb_flow_0x29db69bda6e7__synth_noise_dst_0,0x29db69bda6e7241e6614168d4367f68c1af49d7b4c6cd19d3b18649c16a9f823,0x2f7ac9436ba4b548f9582af91ca1ef02cd2f1f03|0x398f7827dccbefe6990478876bbf3612d93baf05|0xcfc387b2d9bb52200d942752f44a41d658ee82de,0xcfc387b2d9bb52200d942752f44a41d658ee82de,0x398f7827dccbefe6990478876bbf3612d93baf05,MIX,MIX,0x29db69bda6e7241e6614168d4367f68c1af49d7b4c6cd19d3b18649c16a9f823_MIX,1670834590,1670834590,1,9.99598e+23,999598.0,1.6244913594137584,0,0,0.800000,bridge_dst_event_flow,True
BNB,Poly,bnb_flow_0x29db69bda6e7__synth_noise_dst_1,0x29db69bda6e7241e6614168d4367f68c1af49d7b4c6cd19d3b18649c16a9f823,0x2f7ac9436ba4b548f9582af91ca1ef02cd2f1f03|0x398f7827dccbefe6990478876bbf3612d93baf05|0xcfc387b2d9bb52200d942752f44a41d658ee82de,0xcfc387b2d9bb52200d942752f44a41d658ee82de,0x398f7827dccbefe6990478876bbf3612d93baf05,MIX,MIX,0x29db69bda6e7241e6614168d4367f68c1af49d7b4c6cd19d3b18649c16a9f823_MIX,1670834650,1670834650,1,9.99598e+23,999598.0,1.6244913594137584,0,0,0.800000,bridge_dst_event_flow,True
BNB,Poly,bnb_flow_0x05106682cc1d__synth_split_a,0x05106682cc1d435a5e5502b82ab02c6d0b7476f2ea2a003a8dbca0307c98b85c,0x2f7ac9436ba4b548f9582af91ca1ef02cd2f1f03|0x947c4efaf086821ed8f5d3980d466808f3fe4808|0xc49dde62b4a0810074721faca54aab52369f486a,0x947c4efaf086821ed8f5d3980d466808f3fe4808,0xc49dde62b4a0810074721faca54aab52369f486a,PKR,PKR,0x05106682cc1d435a5e5502b82ab02c6d0b7476f2ea2a003a8dbca0307c98b85c_PKR,1670736616,1670736616,1,3.6352156069727906e+22,36352.1560697279,0.7993235654524454,0,0,0.800000,bridge_dst_event_flow,True
BNB,Poly,bnb_flow_0x05106682cc1d__synth_split_b,0x05106682cc1d435a5e5502b82ab02c6d0b7476f2ea2a003a8dbca0307c98b85c,0x2f7ac9436ba4b548f9582af91ca1ef02cd2f1f03|0x947c4efaf086821ed8f5d3980d466808f3fe4808|0xc49dde62b4a0810074721faca54aab52369f486a,0x947c4efaf086821ed8f5d3980d466808f3fe4808,0xc49dde62b4a0810074721faca54aab52369f486a,PKR,PKR,0x05106682cc1d435a5e5502b82ab02c6d0b7476f2ea2a003a8dbca0307c98b85c_PKR,1670736616,1670736616,1,3.6352156069727906e+22,36352.1560697279,0.7993235654524454,0,0,0.800000,bridge_dst_event_flow,True
BNB,Poly,bnb_flow_0x05106682cc1d__synth_merge_dst,0x05106682cc1d435a5e5502b82ab02c6d0b7476f2ea2a003a8dbca0307c98b85c,0x2f7ac9436ba4b548f9582af91ca1ef02cd2f1f03|0x947c4efaf086821ed8f5d3980d466808f3fe4808|0xc49dde62b4a0810074721faca54aab52369f486a,0x947c4efaf086821ed8f5d3980d466808f3fe4808,0xc49dde62b4a0810074721faca54aab52369f486a,PKR,PKR,0x05106682cc1d435a5e5502b82ab02c6d0b7476f2ea2a003a8dbca0307c98b85c_PKR,1670736616,1670736616,1,7.270431213945581e+22,72704.3121394558,1.5986471309048909,0,0,0.800000,bridge_dst_event_flow,True
BNB,Poly,bnb_flow_0x05106682cc1d__synth_hidden_dst,0x05106682cc1d435a5e5502b82ab02c6d0b7476f2ea2a003a8dbca0307c98b85c,0x2f7ac9436ba4b548f9582af91ca1ef02cd2f1f03|0x947c4efaf086821ed8f5d3980d466808f3fe4808|0xc49dde62b4a0810074721faca54aab52369f486a,0x947c4efaf086821ed8f5d3980d466808f3fe4808,0xc49dde62b4a0810074721faca54aab52369f486a,PKR,PKR,0x05106682cc1d435a5e5502b82ab02c6d0b7476f2ea2a003a8dbca0307c98b85c_PKR,1670736616,1670736616,1,7.270431213945581e+22,72704.3121394558,1.5986471309048909,0,0,0.800000,bridge_dst_event_flow,True
BNB,Poly,bnb_flow_0x05106682cc1d__synth_noise_dst_0,0x05106682cc1d435a5e5502b82ab02c6d0b7476f2ea2a003a8dbca0307c98b85c,0x2f7ac9436ba4b548f9582af91ca1ef02cd2f1f03|0x947c4efaf086821ed8f5d3980d466808f3fe4808|0xc49dde62b4a0810074721faca54aab52369f486a,0x947c4efaf086821ed8f5d3980d466808f3fe4808,0xc49dde62b4a0810074721faca54aab52369f486a,PKR,PKR,0x05106682cc1d435a5e5502b82ab02c6d0b7476f2ea2a003a8dbca0307c98b85c_PKR,1670736676,1670736676,1,7.270431213945581e+22,72704.3121394558,1.5986471309048909,0,0,0.800000,bridge_dst_event_flow,True
BNB,Poly,bnb_flow_0x05106682cc1d__synth_noise_dst_1,0x05106682cc1d435a5e5502b82ab02c6d0b7476f2ea2a003a8dbca0307c98b85c,0x2f7ac9436ba4b548f9582af91ca1ef02cd2f1f03|0x947c4efaf086821ed8f5d3980d466808f3fe4808|0xc49dde62b4a0810074721faca54aab52369f486a,0x947c4efaf086821ed8f5d3980d466808f3fe4808,0xc49dde62b4a0810074721faca54aab52369f486a,PKR,PKR,0x05106682cc1d435a5e5502b82ab02c6d0b7476f2ea2a003a8dbca0307c98b85c_PKR,1670736736,1670736736,1,7.270431213945581e+22,72704.3121394558,1.5986471309048909,0,0,0.800000,bridge_dst_event_flow,True
BNB,Poly,bnb_flow_0x3b7d2b28d11a__synth_split_a,0x3b7d2b28d11a3e2d3e6ff0b4953fe87872e342fa9de3747f4afbd7f27783595e,0x2f7ac9436ba4b548f9582af91ca1ef02cd2f1f03|0x65a8f07bd9a8598e1b5b6c0a88f4779dbc077675|0xc49dde62b4a0810074721faca54aab52369f486a,0x65a8f07bd9a8598e1b5b6c0a88f4779dbc077675,0xc49dde62b4a0810074721faca54aab52369f486a,PKR,PKR,0x3b7d2b28d11a3e2d3e6ff0b4953fe87872e342fa9de3747f4afbd7f27783595e_PKR,1670903687,1670903687,1,4.043111331809108e+22,40431.113318091084,0.889013064057037,0,0,0.800000,bridge_dst_event_flow,True
BNB,Poly,bnb_flow_0x3b7d2b28d11a__synth_split_b,0x3b7d2b28d11a3e2d3e6ff0b4953fe87872e342fa9de3747f4afbd7f27783595e,0x2f7ac9436ba4b548f9582af91ca1ef02cd2f1f03|0x65a8f07bd9a8598e1b5b6c0a88f4779dbc077675|0xc49dde62b4a0810074721faca54aab52369f486a,0x65a8f07bd9a8598e1b5b6c0a88f4779dbc077675,0xc49dde62b4a0810074721faca54aab52369f486a,PKR,PKR,0x3b7d2b28d11a3e2d3e6ff0b4953fe87872e342fa9de3747f4afbd7f27783595e_PKR,1670903687,1670903687,1,4.043111331809108e+22,40431.113318091084,0.889013064057037,0,0,0.800000,bridge_dst_event_flow,True
BNB,Poly,bnb_flow_0x3b7d2b28d11a__synth_merge_dst,0x3b7d2b28d11a3e2d3e6ff0b4953fe87872e342fa9de3747f4afbd7f27783595e,0x2f7ac9436ba4b548f9582af91ca1ef02cd2f1f03|0x65a8f07bd9a8598e1b5b6c0a88f4779dbc077675|0xc49dde62b4a0810074721faca54aab52369f486a,0x65a8f07bd9a8598e1b5b6c0a88f4779dbc077675,0xc49dde62b4a0810074721faca54aab52369f486a,PKR,PKR,0x3b7d2b28d11a3e2d3e6ff0b4953fe87872e342fa9de3747f4afbd7f27783595e_PKR,1670903687,1670903687,1,8.086222663618217e+22,80862.22663618217,1.778026128114074,0,0,0.800000,bridge_dst_event_flow,True
BNB,Poly,bnb_flow_0x3b7d2b28d11a__synth_hidden_dst,0x3b7d2b28d11a3e2d3e6ff0b4953fe87872e342fa9de3747f4afbd7f27783595e,0x2f7ac9436ba4b548f9582af91ca1ef02cd2f1f03|0x65a8f07bd9a8598e1b5b6c0a88f4779dbc077675|0xc49dde62b4a0810074721faca54aab52369f486a,0x65a8f07bd9a8598e1b5b6c0a88f4779dbc077675,0xc49dde62b4a0810074721faca54aab52369f486a,PKR,PKR,0x3b7d2b28d11a3e2d3e6ff0b4953fe87872e342fa9de3747f4afbd7f27783595e_PKR,1670903687,1670903687,1,8.086222663618217e+22,80862.22663618217,1.778026128114074,0,0,0.800000,bridge_dst_event_flow,True
BNB,Poly,bnb_flow_0x3b7d2b28d11a__synth_noise_dst_0,0x3b7d2b28d11a3e2d3e6ff0b4953fe87872e342fa9de3747f4afbd7f27783595e,0x2f7ac9436ba4b548f9582af91ca1ef02cd2f1f03|0x65a8f07bd9a8598e1b5b6c0a88f4779dbc077675|0xc49dde62b4a0810074721faca54aab52369f486a,0x65a8f07bd9a8598e1b5b6c0a88f4779dbc077675,0xc49dde62b4a0810074721faca54aab52369f486a,PKR,PKR,0x3b7d2b28d11a3e2d3e6ff0b4953fe87872e342fa9de3747f4afbd7f27783595e_PKR,1670903747,1670903747,1,8.086222663618217e+22,80862.22663618217,1.778026128114074,0,0,0.800000,bridge_dst_event_flow,True
BNB,Poly,bnb_flow_0x3b7d2b28d11a__synth_noise_dst_1,0x3b7d2b28d11a3e2d3e6ff0b4953fe87872e342fa9de3747f4afbd7f27783595e,0x2f7ac9436ba4b548f9582af91ca1ef02cd2f1f03|0x65a8f07bd9a8598e1b5b6c0a88f4779dbc077675|0xc49dde62b4a0810074721faca54aab52369f486a,0x65a8f07bd9a8598e1b5b6c0a88f4779dbc077675,0xc49dde62b4a0810074721faca54aab52369f486a,PKR,PKR,0x3b7d2b28d11a3e2d3e6ff0b4953fe87872e342fa9de3747f4afbd7f27783595e_PKR,1670903807,1670903807,1,8.086222663618217e+22,80862.22663618217,1.778026128114074,0,0,0.800000,bridge_dst_event_flow,True
BNB,Poly,bnb_flow_0xf8544be758af__synth_split_a,0xf8544be758afa304e6648c86c4c2ca6ee681af17e956baffd66e48571c7df8fe,0x2f7ac9436ba4b548f9582af91ca1ef02cd2f1f03|0x65a8f07bd9a8598e1b5b6c0a88f4779dbc077675|0xc49dde62b4a0810074721faca54aab52369f486a,0x65a8f07bd9a8598e1b5b6c0a88f4779dbc077675,0xc49dde62b4a0810074721faca54aab52369f486a,PKR,PKR,0xf8544be758afa304e6648c86c4c2ca6ee681af17e956baffd66e48571c7df8fe_PKR,1666489576,1666489576,1,1.2046516627447602e+22,12046.516627447603,0.2648829027764917,0,0,0.800000,bridge_dst_event_flow,True
BNB,Poly,bnb_flow_0xf8544be758af__synth_split_b,0xf8544be758afa304e6648c86c4c2ca6ee681af17e956baffd66e48571c7df8fe,0x2f7ac9436ba4b548f9582af91ca1ef02cd2f1f03|0x65a8f07bd9a8598e1b5b6c0a88f4779dbc077675|0xc49dde62b4a0810074721faca54aab52369f486a,0x65a8f07bd9a8598e1b5b6c0a88f4779dbc077675,0xc49dde62b4a0810074721faca54aab52369f486a,PKR,PKR,0xf8544be758afa304e6648c86c4c2ca6ee681af17e956baffd66e48571c7df8fe_PKR,1666489576,1666489576,1,1.2046516627447602e+22,12046.516627447603,0.2648829027764917,0,0,0.800000,bridge_dst_event_flow,True
BNB,Poly,bnb_flow_0xf8544be758af__synth_split_c,0xf8544be758afa304e6648c86c4c2ca6ee681af17e956baffd66e48571c7df8fe,0x2f7ac9436ba4b548f9582af91ca1ef02cd2f1f03|0x65a8f07bd9a8598e1b5b6c0a88f4779dbc077675|0xc49dde62b4a0810074721faca54aab52369f486a,0x65a8f07bd9a8598e1b5b6c0a88f4779dbc077675,0xc49dde62b4a0810074721faca54aab52369f486a,PKR,PKR,0xf8544be758afa304e6648c86c4c2ca6ee681af17e956baffd66e48571c7df8fe_PKR,1666489576,1666489576,1,1.2046516627447602e+22,12046.516627447603,0.2648829027764917,0,0,0.800000,bridge_dst_event_flow,True
BNB,Poly,bnb_flow_0xf8544be758af__synth_split_d,0xf8544be758afa304e6648c86c4c2ca6ee681af17e956baffd66e48571c7df8fe,0x2f7ac9436ba4b548f9582af91ca1ef02cd2f1f03|0x65a8f07bd9a8598e1b5b6c0a88f4779dbc077675|0xc49dde62b4a0810074721faca54aab52369f486a,0x65a8f07bd9a8598e1b5b6c0a88f4779dbc077675,0xc49dde62b4a0810074721faca54aab52369f486a,PKR,PKR,0xf8544be758afa304e6648c86c4c2ca6ee681af17e956baffd66e48571c7df8fe_PKR,1666489576,1666489576,1,1.2046516627447602e+22,12046.516627447603,0.2648829027764917,0,0,0.800000,bridge_dst_event_flow,True
BNB,Poly,bnb_flow_0xf8544be758af__synth_split_e,0xf8544be758afa304e6648c86c4c2ca6ee681af17e956baffd66e48571c7df8fe,0x2f7ac9436ba4b548f9582af91ca1ef02cd2f1f03|0x65a8f07bd9a8598e1b5b6c0a88f4779dbc077675|0xc49dde62b4a0810074721faca54aab52369f486a,0x65a8f07bd9a8598e1b5b6c0a88f4779dbc077675,0xc49dde62b4a0810074721faca54aab52369f486a,PKR,PKR,0xf8544be758afa304e6648c86c4c2ca6ee681af17e956baffd66e48571c7df8fe_PKR,1666489576,1666489576,1,1.2046516627447602e+22,12046.516627447603,0.2648829027764917,0,0,0.800000,bridge_dst_event_flow,True
BNB,Poly,bnb_flow_0xf8544be758af__synth_split_f,0xf8544be758afa304e6648c86c4c2ca6ee681af17e956baffd66e48571c7df8fe,0x2f7ac9436ba4b548f9582af91ca1ef02cd2f1f03|0x65a8f07bd9a8598e1b5b6c0a88f4779dbc077675|0xc49dde62b4a0810074721faca54aab52369f486a,0x65a8f07bd9a8598e1b5b6c0a88f4779dbc077675,0xc49dde62b4a0810074721faca54aab52369f486a,PKR,PKR,0xf8544be758afa304e6648c86c4c2ca6ee681af17e956baffd66e48571c7df8fe_PKR,1666489576,1666489576,1,1.2046516627447602e+22,12046.516627447603,0.2648829027764917,0,0,0.800000,bridge_dst_event_flow,True
BNB,Poly,bnb_flow_0xf8544be758af__synth_merge_dst,0xf8544be758afa304e6648c86c4c2ca6ee681af17e956baffd66e48571c7df8fe,0x2f7ac9436ba4b548f9582af91ca1ef02cd2f1f03|0x65a8f07bd9a8598e1b5b6c0a88f4779dbc077675|0xc49dde62b4a0810074721faca54aab52369f486a,0x65a8f07bd9a8598e1b5b6c0a88f4779dbc077675,0xc49dde62b4a0810074721faca54aab52369f486a,PKR,PKR,0xf8544be758afa304e6648c86c4c2ca6ee681af17e956baffd66e48571c7df8fe_PKR,1666489576,1666489576,1,7.227909976468562e+22,72279.09976468563,1.5892974166589502,0,0,0.800000,bridge_dst_event_flow,True
BNB,Poly,bnb_flow_0xf8544be758af__synth_hidden_dst,0xf8544be758afa304e6648c86c4c2ca6ee681af17e956baffd66e48571c7df8fe,0x2f7ac9436ba4b548f9582af91ca1ef02cd2f1f03|0x65a8f07bd9a8598e1b5b6c0a88f4779dbc077675|0xc49dde62b4a0810074721faca54aab52369f486a,0x65a8f07bd9a8598e1b5b6c0a88f4779dbc077675,0xc49dde62b4a0810074721faca54aab52369f486a,PKR,PKR,0xf8544be758afa304e6648c86c4c2ca6ee681af17e956baffd66e48571c7df8fe_PKR,1666489576,1666489576,1,7.227909976468562e+22,72279.09976468563,1.5892974166589502,0,0,0.800000,bridge_dst_event_flow,True
BNB,Poly,bnb_flow_0xf8544be758af__synth_noise_dst_0,0xf8544be758afa304e6648c86c4c2ca6ee681af17e956baffd66e48571c7df8fe,0x2f7ac9436ba4b548f9582af91ca1ef02cd2f1f03|0x65a8f07bd9a8598e1b5b6c0a88f4779dbc077675|0xc49dde62b4a0810074721faca54aab52369f486a,0x65a8f07bd9a8598e1b5b6c0a88f4779dbc077675,0xc49dde62b4a0810074721faca54aab52369f486a,PKR,PKR,0xf8544be758afa304e6648c86c4c2ca6ee681af17e956baffd66e48571c7df8fe_PKR,1666489636,1666489636,1,7.227909976468562e+22,72279.09976468563,1.5892974166589502,0,0,0.800000,bridge_dst_event_flow,True
BNB,Poly,bnb_flow_0xf8544be758af__synth_noise_dst_1,0xf8544be758afa304e6648c86c4c2ca6ee681af17e956baffd66e48571c7df8fe,0x2f7ac9436ba4b548f9582af91ca1ef02cd2f1f03|0x65a8f07bd9a8598e1b5b6c0a88f4779dbc077675|0xc49dde62b4a0810074721faca54aab52369f486a,0x65a8f07bd9a8598e1b5b6c0a88f4779dbc077675,0xc49dde62b4a0810074721faca54aab52369f486a,PKR,PKR,0xf8544be758afa304e6648c86c4c2ca6ee681af17e956baffd66e48571c7df8fe_PKR,1666489696,1666489696,1,7.227909976468562e+22,72279.09976468563,1.5892974166589502,0,0,0.800000,bridge_dst_event_flow,True
BNB,Poly,bnb_flow_0x035687a3b53d__synth_split_a,0x035687a3b53d16be161cd719d9d442487369c11852968af5ff91c6d9671bec61,0x2f7ac9436ba4b548f9582af91ca1ef02cd2f1f03|0xb65df2e5274540b7d67a879d28e491bd863c9c7c|0xc49dde62b4a0810074721faca54aab52369f486a,0xb65df2e5274540b7d67a879d28e491bd863c9c7c,0xc49dde62b4a0810074721faca54aab52369f486a,PKR,PKR,0x035687a3b53d16be161cd719d9d442487369c11852968af5ff91c6d9671bec61_PKR,1647698926,1647698926,1,2.9340666781609196e+23,293406.66781609197,6.451525554534608,0,0,0.825000,bridge_dst_event_flow,True
BNB,Poly,bnb_flow_0x035687a3b53d__synth_split_b,0x035687a3b53d16be161cd719d9d442487369c11852968af5ff91c6d9671bec61,0x2f7ac9436ba4b548f9582af91ca1ef02cd2f1f03|0xb65df2e5274540b7d67a879d28e491bd863c9c7c|0xc49dde62b4a0810074721faca54aab52369f486a,0xb65df2e5274540b7d67a879d28e491bd863c9c7c,0xc49dde62b4a0810074721faca54aab52369f486a,PKR,PKR,0x035687a3b53d16be161cd719d9d442487369c11852968af5ff91c6d9671bec61_PKR,1647698926,1647698926,1,2.9340666781609196e+23,293406.66781609197,6.451525554534608,0,0,0.825000,bridge_dst_event_flow,True
BNB,Poly,bnb_flow_0x035687a3b53d__synth_merge_dst,0x035687a3b53d16be161cd719d9d442487369c11852968af5ff91c6d9671bec61,0x2f7ac9436ba4b548f9582af91ca1ef02cd2f1f03|0xb65df2e5274540b7d67a879d28e491bd863c9c7c|0xc49dde62b4a0810074721faca54aab52369f486a,0xb65df2e5274540b7d67a879d28e491bd863c9c7c,0xc49dde62b4a0810074721faca54aab52369f486a,PKR,PKR,0x035687a3b53d16be161cd719d9d442487369c11852968af5ff91c6d9671bec61_PKR,1647698926,1647698926,1,5.868133356321839e+23,586813.3356321839,12.903051109069215,0,0,0.825000,bridge_dst_event_flow,True
BNB,Poly,bnb_flow_0x035687a3b53d__synth_hidden_dst,0x035687a3b53d16be161cd719d9d442487369c11852968af5ff91c6d9671bec61,0x2f7ac9436ba4b548f9582af91ca1ef02cd2f1f03|0xb65df2e5274540b7d67a879d28e491bd863c9c7c|0xc49dde62b4a0810074721faca54aab52369f486a,0xb65df2e5274540b7d67a879d28e491bd863c9c7c,0xc49dde62b4a0810074721faca54aab52369f486a,PKR,PKR,0x035687a3b53d16be161cd719d9d442487369c11852968af5ff91c6d9671bec61_PKR,1647698926,1647698926,1,5.868133356321839e+23,586813.3356321839,12.903051109069215,0,0,0.825000,bridge_dst_event_flow,True
BNB,Poly,bnb_flow_0x035687a3b53d__synth_noise_dst_0,0x035687a3b53d16be161cd719d9d442487369c11852968af5ff91c6d9671bec61,0x2f7ac9436ba4b548f9582af91ca1ef02cd2f1f03|0xb65df2e5274540b7d67a879d28e491bd863c9c7c|0xc49dde62b4a0810074721faca54aab52369f486a,0xb65df2e5274540b7d67a879d28e491bd863c9c7c,0xc49dde62b4a0810074721faca54aab52369f486a,PKR,PKR,0x035687a3b53d16be161cd719d9d442487369c11852968af5ff91c6d9671bec61_PKR,1647698986,1647698986,1,5.868133356321839e+23,586813.3356321839,12.903051109069215,0,0,0.825000,bridge_dst_event_flow,True
BNB,Poly,bnb_flow_0x035687a3b53d__synth_noise_dst_1,0x035687a3b53d16be161cd719d9d442487369c11852968af5ff91c6d9671bec61,0x2f7ac9436ba4b548f9582af91ca1ef02cd2f1f03|0xb65df2e5274540b7d67a879d28e491bd863c9c7c|0xc49dde62b4a0810074721faca54aab52369f486a,0xb65df2e5274540b7d67a879d28e491bd863c9c7c,0xc49dde62b4a0810074721faca54aab52369f486a,PKR,PKR,0x035687a3b53d16be161cd719d9d442487369c11852968af5ff91c6d9671bec61_PKR,1647699046,1647699046,1,5.868133356321839e+23,586813.3356321839,12.903051109069215,0,0,0.825000,bridge_dst_event_flow,True
BNB,Poly,bnb_flow_0xe593e9d06381__synth_split_a,0xe593e9d063818da737fad24e6de8f489708a4d6ea45485c432ffa9aaea1b35bd,0x2f7ac9436ba4b548f9582af91ca1ef02cd2f1f03|0xeb5cc391e8cae0d95160bf4b35896efcd19182da|0xee9801669c6138e84bd50deb500827b776777d28,0xeb5cc391e8cae0d95160bf4b35896efcd19182da,0xee9801669c6138e84bd50deb500827b776777d28,O3,O3,0xe593e9d063818da737fad24e6de8f489708a4d6ea45485c432ffa9aaea1b35bd_O3,1652757092,1652757092,1,5.251711611186566e+21,5251.711611186566,5.112341366013708,0,0,0.825000,bridge_dst_event_flow,True
BNB,Poly,bnb_flow_0xe593e9d06381__synth_split_b,0xe593e9d063818da737fad24e6de8f489708a4d6ea45485c432ffa9aaea1b35bd,0x2f7ac9436ba4b548f9582af91ca1ef02cd2f1f03|0xeb5cc391e8cae0d95160bf4b35896efcd19182da|0xee9801669c6138e84bd50deb500827b776777d28,0xeb5cc391e8cae0d95160bf4b35896efcd19182da,0xee9801669c6138e84bd50deb500827b776777d28,O3,O3,0xe593e9d063818da737fad24e6de8f489708a4d6ea45485c432ffa9aaea1b35bd_O3,1652757092,1652757092,1,5.251711611186566e+21,5251.711611186566,5.112341366013708,0,0,0.825000,bridge_dst_event_flow,True
BNB,Poly,bnb_flow_0xe593e9d06381__synth_merge_dst,0xe593e9d063818da737fad24e6de8f489708a4d6ea45485c432ffa9aaea1b35bd,0x2f7ac9436ba4b548f9582af91ca1ef02cd2f1f03|0xeb5cc391e8cae0d95160bf4b35896efcd19182da|0xee9801669c6138e84bd50deb500827b776777d28,0xeb5cc391e8cae0d95160bf4b35896efcd19182da,0xee9801669c6138e84bd50deb500827b776777d28,O3,O3,0xe593e9d063818da737fad24e6de8f489708a4d6ea45485c432ffa9aaea1b35bd_O3,1652757092,1652757092,1,1.0503423222373132e+22,10503.423222373132,10.224682732027416,0,0,0.825000,bridge_dst_event_flow,True
BNB,Poly,bnb_flow_0xe593e9d06381__synth_hidden_dst,0xe593e9d063818da737fad24e6de8f489708a4d6ea45485c432ffa9aaea1b35bd,0x2f7ac9436ba4b548f9582af91ca1ef02cd2f1f03|0xeb5cc391e8cae0d95160bf4b35896efcd19182da|0xee9801669c6138e84bd50deb500827b776777d28,0xeb5cc391e8cae0d95160bf4b35896efcd19182da,0xee9801669c6138e84bd50deb500827b776777d28,O3,O3,0xe593e9d063818da737fad24e6de8f489708a4d6ea45485c432ffa9aaea1b35bd_O3,1652757092,1652757092,1,1.0503423222373132e+22,10503.423222373132,10.224682732027416,0,0,0.825000,bridge_dst_event_flow,True
BNB,Poly,bnb_flow_0xe593e9d06381__synth_noise_dst_0,0xe593e9d063818da737fad24e6de8f489708a4d6ea45485c432ffa9aaea1b35bd,0x2f7ac9436ba4b548f9582af91ca1ef02cd2f1f03|0xeb5cc391e8cae0d95160bf4b35896efcd19182da|0xee9801669c6138e84bd50deb500827b776777d28,0xeb5cc391e8cae0d95160bf4b35896efcd19182da,0xee9801669c6138e84bd50deb500827b776777d28,O3,O3,0xe593e9d063818da737fad24e6de8f489708a4d6ea45485c432ffa9aaea1b35bd_O3,1652757152,1652757152,1,1.0503423222373132e+22,10503.423222373132,10.224682732027416,0,0,0.825000,bridge_dst_event_flow,True
BNB,Poly,bnb_flow_0xe593e9d06381__synth_noise_dst_1,0xe593e9d063818da737fad24e6de8f489708a4d6ea45485c432ffa9aaea1b35bd,0x2f7ac9436ba4b548f9582af91ca1ef02cd2f1f03|0xeb5cc391e8cae0d95160bf4b35896efcd19182da|0xee9801669c6138e84bd50deb500827b776777d28,0xeb5cc391e8cae0d95160bf4b35896efcd19182da,0xee9801669c6138e84bd50deb500827b776777d28,O3,O3,0xe593e9d063818da737fad24e6de8f489708a4d6ea45485c432ffa9aaea1b35bd_O3,1652757212,1652757212,1,1.0503423222373132e+22,10503.423222373132,10.224682732027416,0,0,0.825000,bridge_dst_event_flow,True
BNB,Poly,bnb_flow_0xe71b1e9f195f__synth_split_a,0xe71b1e9f195fc4e4a7d65fd8dea5fd4e183842434bcc44513f646708ba24d50c,0x2f7ac9436ba4b548f9582af91ca1ef02cd2f1f03|0x69a1913d334b524ea1632461c78797c837ca9fa6|0x88f859db067c45b114897db6920f3e4a61a5ca66,0x88f859db067c45b114897db6920f3e4a61a5ca66,0x69a1913d334b524ea1632461c78797c837ca9fa6,RFuel,RFuel,0xe71b1e9f195fc4e4a7d65fd8dea5fd4e183842434bcc44513f646708ba24d50c_RFuel,1658357440,1658357440,1,3.1282240240209076e+22,31282.24024020908,21.9163373365432,0,0,0.825000,bridge_dst_event_flow,True
BNB,Poly,bnb_flow_0xe71b1e9f195f__synth_split_b,0xe71b1e9f195fc4e4a7d65fd8dea5fd4e183842434bcc44513f646708ba24d50c,0x2f7ac9436ba4b548f9582af91ca1ef02cd2f1f03|0x69a1913d334b524ea1632461c78797c837ca9fa6|0x88f859db067c45b114897db6920f3e4a61a5ca66,0x88f859db067c45b114897db6920f3e4a61a5ca66,0x69a1913d334b524ea1632461c78797c837ca9fa6,RFuel,RFuel,0xe71b1e9f195fc4e4a7d65fd8dea5fd4e183842434bcc44513f646708ba24d50c_RFuel,1658357440,1658357440,1,3.1282240240209076e+22,31282.24024020908,21.9163373365432,0,0,0.825000,bridge_dst_event_flow,True
BNB,Poly,bnb_flow_0xe71b1e9f195f__synth_split_c,0xe71b1e9f195fc4e4a7d65fd8dea5fd4e183842434bcc44513f646708ba24d50c,0x2f7ac9436ba4b548f9582af91ca1ef02cd2f1f03|0x69a1913d334b524ea1632461c78797c837ca9fa6|0x88f859db067c45b114897db6920f3e4a61a5ca66,0x88f859db067c45b114897db6920f3e4a61a5ca66,0x69a1913d334b524ea1632461c78797c837ca9fa6,RFuel,RFuel,0xe71b1e9f195fc4e4a7d65fd8dea5fd4e183842434bcc44513f646708ba24d50c_RFuel,1658357440,1658357440,1,3.1282240240209076e+22,31282.24024020908,21.9163373365432,0,0,0.825000,bridge_dst_event_flow,True
BNB,Poly,bnb_flow_0xe71b1e9f195f__synth_merge_dst,0xe71b1e9f195fc4e4a7d65fd8dea5fd4e183842434bcc44513f646708ba24d50c,0x2f7ac9436ba4b548f9582af91ca1ef02cd2f1f03|0x69a1913d334b524ea1632461c78797c837ca9fa6|0x88f859db067c45b114897db6920f3e4a61a5ca66,0x88f859db067c45b114897db6920f3e4a61a5ca66,0x69a1913d334b524ea1632461c78797c837ca9fa6,RFuel,RFuel,0xe71b1e9f195fc4e4a7d65fd8dea5fd4e183842434bcc44513f646708ba24d50c_RFuel,1658357440,1658357440,1,9.384672072062723e+22,93846.72072062724,65.74901200962961,0,0,0.825000,bridge_dst_event_flow,True
BNB,Poly,bnb_flow_0xe71b1e9f195f__synth_hidden_dst,0xe71b1e9f195fc4e4a7d65fd8dea5fd4e183842434bcc44513f646708ba24d50c,0x2f7ac9436ba4b548f9582af91ca1ef02cd2f1f03|0x69a1913d334b524ea1632461c78797c837ca9fa6|0x88f859db067c45b114897db6920f3e4a61a5ca66,0x88f859db067c45b114897db6920f3e4a61a5ca66,0x69a1913d334b524ea1632461c78797c837ca9fa6,RFuel,RFuel,0xe71b1e9f195fc4e4a7d65fd8dea5fd4e183842434bcc44513f646708ba24d50c_RFuel,1658357440,1658357440,1,9.384672072062723e+22,93846.72072062724,65.74901200962961,0,0,0.825000,bridge_dst_event_flow,True
BNB,Poly,bnb_flow_0xe71b1e9f195f__synth_noise_dst_0,0xe71b1e9f195fc4e4a7d65fd8dea5fd4e183842434bcc44513f646708ba24d50c,0x2f7ac9436ba4b548f9582af91ca1ef02cd2f1f03|0x69a1913d334b524ea1632461c78797c837ca9fa6|0x88f859db067c45b114897db6920f3e4a61a5ca66,0x88f859db067c45b114897db6920f3e4a61a5ca66,0x69a1913d334b524ea1632461c78797c837ca9fa6,RFuel,RFuel,0xe71b1e9f195fc4e4a7d65fd8dea5fd4e183842434bcc44513f646708ba24d50c_RFuel,1658357500,1658357500,1,9.384672072062723e+22,93846.72072062724,65.74901200962961,0,0,0.825000,bridge_dst_event_flow,True
BNB,Poly,bnb_flow_0xe71b1e9f195f__synth_noise_dst_1,0xe71b1e9f195fc4e4a7d65fd8dea5fd4e183842434bcc44513f646708ba24d50c,0x2f7ac9436ba4b548f9582af91ca1ef02cd2f1f03|0x69a1913d334b524ea1632461c78797c837ca9fa6|0x88f859db067c45b114897db6920f3e4a61a5ca66,0x88f859db067c45b114897db6920f3e4a61a5ca66,0x69a1913d334b524ea1632461c78797c837ca9fa6,RFuel,RFuel,0xe71b1e9f195fc4e4a7d65fd8dea5fd4e183842434bcc44513f646708ba24d50c_RFuel,1658357560,1658357560,1,9.384672072062723e+22,93846.72072062724,65.74901200962961,0,0,0.825000,bridge_dst_event_flow,True
BNB,Poly,bnb_flow_0x1d3f95001f30__synth_split_a,0x1d3f95001f3032a9a4a30acf67f472386a532db4482defefe9bbbf2bc8ccbf4a,0x2f7ac9436ba4b548f9582af91ca1ef02cd2f1f03|0x4a7d0a5792a3309d55cae501f2614db11581a7d2|0xe552fb52a4f19e44ef5a967632dbc320b0820639,0x4a7d0a5792a3309d55cae501f2614db11581a7d2,0xe552fb52a4f19e44ef5a967632dbc320b0820639,Metis,Metis,0x1d3f95001f3032a9a4a30acf67f472386a532db4482defefe9bbbf2bc8ccbf4a_Metis,1647763666,1647763666,1,5.464797895e+18,5.464797895,14.86055901164504,0,0,0.825000,bridge_dst_event_flow,True
BNB,Poly,bnb_flow_0x1d3f95001f30__synth_split_b,0x1d3f95001f3032a9a4a30acf67f472386a532db4482defefe9bbbf2bc8ccbf4a,0x2f7ac9436ba4b548f9582af91ca1ef02cd2f1f03|0x4a7d0a5792a3309d55cae501f2614db11581a7d2|0xe552fb52a4f19e44ef5a967632dbc320b0820639,0x4a7d0a5792a3309d55cae501f2614db11581a7d2,0xe552fb52a4f19e44ef5a967632dbc320b0820639,Metis,Metis,0x1d3f95001f3032a9a4a30acf67f472386a532db4482defefe9bbbf2bc8ccbf4a_Metis,1647763666,1647763666,1,5.464797895e+18,5.464797895,14.86055901164504,0,0,0.825000,bridge_dst_event_flow,True
BNB,Poly,bnb_flow_0x1d3f95001f30__synth_merge_dst,0x1d3f95001f3032a9a4a30acf67f472386a532db4482defefe9bbbf2bc8ccbf4a,0x2f7ac9436ba4b548f9582af91ca1ef02cd2f1f03|0x4a7d0a5792a3309d55cae501f2614db11581a7d2|0xe552fb52a4f19e44ef5a967632dbc320b0820639,0x4a7d0a5792a3309d55cae501f2614db11581a7d2,0xe552fb52a4f19e44ef5a967632dbc320b0820639,Metis,Metis,0x1d3f95001f3032a9a4a30acf67f472386a532db4482defefe9bbbf2bc8ccbf4a_Metis,1647763666,1647763666,1,1.092959579e+19,10.92959579,29.72111802329008,0,0,0.825000,bridge_dst_event_flow,True
BNB,Poly,bnb_flow_0x1d3f95001f30__synth_hidden_dst,0x1d3f95001f3032a9a4a30acf67f472386a532db4482defefe9bbbf2bc8ccbf4a,0x2f7ac9436ba4b548f9582af91ca1ef02cd2f1f03|0x4a7d0a5792a3309d55cae501f2614db11581a7d2|0xe552fb52a4f19e44ef5a967632dbc320b0820639,0x4a7d0a5792a3309d55cae501f2614db11581a7d2,0xe552fb52a4f19e44ef5a967632dbc320b0820639,Metis,Metis,0x1d3f95001f3032a9a4a30acf67f472386a532db4482defefe9bbbf2bc8ccbf4a_Metis,1647763666,1647763666,1,1.092959579e+19,10.92959579,29.72111802329008,0,0,0.825000,bridge_dst_event_flow,True
BNB,Poly,bnb_flow_0x1d3f95001f30__synth_noise_dst_0,0x1d3f95001f3032a9a4a30acf67f472386a532db4482defefe9bbbf2bc8ccbf4a,0x2f7ac9436ba4b548f9582af91ca1ef02cd2f1f03|0x4a7d0a5792a3309d55cae501f2614db11581a7d2|0xe552fb52a4f19e44ef5a967632dbc320b0820639,0x4a7d0a5792a3309d55cae501f2614db11581a7d2,0xe552fb52a4f19e44ef5a967632dbc320b0820639,Metis,Metis,0x1d3f95001f3032a9a4a30acf67f472386a532db4482defefe9bbbf2bc8ccbf4a_Metis,1647763726,1647763726,1,1.092959579e+19,10.92959579,29.72111802329008,0,0,0.825000,bridge_dst_event_flow,True
BNB,Poly,bnb_flow_0x1d3f95001f30__synth_noise_dst_1,0x1d3f95001f3032a9a4a30acf67f472386a532db4482defefe9bbbf2bc8ccbf4a,0x2f7ac9436ba4b548f9582af91ca1ef02cd2f1f03|0x4a7d0a5792a3309d55cae501f2614db11581a7d2|0xe552fb52a4f19e44ef5a967632dbc320b0820639,0x4a7d0a5792a3309d55cae501f2614db11581a7d2,0xe552fb52a4f19e44ef5a967632dbc320b0820639,Metis,Metis,0x1d3f95001f3032a9a4a30acf67f472386a532db4482defefe9bbbf2bc8ccbf4a_Metis,1647763786,1647763786,1,1.092959579e+19,10.92959579,29.72111802329008,0,0,0.825000,bridge_dst_event_flow,True
BNB,Poly,bnb_flow_0xec5209f5947f__synth_split_a,0xec5209f5947f0d5cb6ed7a7bad998f7be8f44a97bceaac282615ff3b1b2cf467,0x2f7ac9436ba4b548f9582af91ca1ef02cd2f1f03|0x69a1913d334b524ea1632461c78797c837ca9fa6|0xa787f09349999a61434cfb75118c6a9d0cac9406,0xa787f09349999a61434cfb75118c6a9d0cac9406,0x69a1913d334b524ea1632461c78797c837ca9fa6,RFuel,RFuel,0xec5209f5947f0d5cb6ed7a7bad998f7be8f44a97bceaac282615ff3b1b2cf467_RFuel,1659541144,1659541144,1,5.389233057740765e+22,53892.33057740765,37.7569664997584,0,0,0.825000,bridge_dst_event_flow,True
BNB,Poly,bnb_flow_0xec5209f5947f__synth_split_b,0xec5209f5947f0d5cb6ed7a7bad998f7be8f44a97bceaac282615ff3b1b2cf467,0x2f7ac9436ba4b548f9582af91ca1ef02cd2f1f03|0x69a1913d334b524ea1632461c78797c837ca9fa6|0xa787f09349999a61434cfb75118c6a9d0cac9406,0xa787f09349999a61434cfb75118c6a9d0cac9406,0x69a1913d334b524ea1632461c78797c837ca9fa6,RFuel,RFuel,0xec5209f5947f0d5cb6ed7a7bad998f7be8f44a97bceaac282615ff3b1b2cf467_RFuel,1659541144,1659541144,1,5.389233057740765e+22,53892.33057740765,37.7569664997584,0,0,0.825000,bridge_dst_event_flow,True
BNB,Poly,bnb_flow_0xec5209f5947f__synth_merge_dst,0xec5209f5947f0d5cb6ed7a7bad998f7be8f44a97bceaac282615ff3b1b2cf467,0x2f7ac9436ba4b548f9582af91ca1ef02cd2f1f03|0x69a1913d334b524ea1632461c78797c837ca9fa6|0xa787f09349999a61434cfb75118c6a9d0cac9406,0xa787f09349999a61434cfb75118c6a9d0cac9406,0x69a1913d334b524ea1632461c78797c837ca9fa6,RFuel,RFuel,0xec5209f5947f0d5cb6ed7a7bad998f7be8f44a97bceaac282615ff3b1b2cf467_RFuel,1659541144,1659541144,1,1.077846611548153e+23,107784.6611548153,75.5139329995168,0,0,0.825000,bridge_dst_event_flow,True
BNB,Poly,bnb_flow_0xec5209f5947f__synth_hidden_dst,0xec5209f5947f0d5cb6ed7a7bad998f7be8f44a97bceaac282615ff3b1b2cf467,0x2f7ac9436ba4b548f9582af91ca1ef02cd2f1f03|0x69a1913d334b524ea1632461c78797c837ca9fa6|0xa787f09349999a61434cfb75118c6a9d0cac9406,0xa787f09349999a61434cfb75118c6a9d0cac9406,0x69a1913d334b524ea1632461c78797c837ca9fa6,RFuel,RFuel,0xec5209f5947f0d5cb6ed7a7bad998f7be8f44a97bceaac282615ff3b1b2cf467_RFuel,1659541144,1659541144,1,1.077846611548153e+23,107784.6611548153,75.5139329995168,0,0,0.825000,bridge_dst_event_flow,True
BNB,Poly,bnb_flow_0xec5209f5947f__synth_noise_dst_0,0xec5209f5947f0d5cb6ed7a7bad998f7be8f44a97bceaac282615ff3b1b2cf467,0x2f7ac9436ba4b548f9582af91ca1ef02cd2f1f03|0x69a1913d334b524ea1632461c78797c837ca9fa6|0xa787f09349999a61434cfb75118c6a9d0cac9406,0xa787f09349999a61434cfb75118c6a9d0cac9406,0x69a1913d334b524ea1632461c78797c837ca9fa6,RFuel,RFuel,0xec5209f5947f0d5cb6ed7a7bad998f7be8f44a97bceaac282615ff3b1b2cf467_RFuel,1659541204,1659541204,1,1.077846611548153e+23,107784.6611548153,75.5139329995168,0,0,0.825000,bridge_dst_event_flow,True
BNB,Poly,bnb_flow_0xec5209f5947f__synth_noise_dst_1,0xec5209f5947f0d5cb6ed7a7bad998f7be8f44a97bceaac282615ff3b1b2cf467,0x2f7ac9436ba4b548f9582af91ca1ef02cd2f1f03|0x69a1913d334b524ea1632461c78797c837ca9fa6|0xa787f09349999a61434cfb75118c6a9d0cac9406,0xa787f09349999a61434cfb75118c6a9d0cac9406,0x69a1913d334b524ea1632461c78797c837ca9fa6,RFuel,RFuel,0xec5209f5947f0d5cb6ed7a7bad998f7be8f44a97bceaac282615ff3b1b2cf467_RFuel,1659541264,1659541264,1,1.077846611548153e+23,107784.6611548153,75.5139329995168,0,0,0.825000,bridge_dst_event_flow,True
BNB,Poly,bnb_flow_0xa1441b6d21c8__synth_split_a,0xa1441b6d21c84b8cc036f2cb5ad3a9003baa6f6afd2ee3f383af5153077096a7,0x2f7ac9436ba4b548f9582af91ca1ef02cd2f1f03|0xe552fb52a4f19e44ef5a967632dbc320b0820639|0xe987bd901dc86c166b6f5c64837f516486416df7,0xe987bd901dc86c166b6f5c64837f516486416df7,0xe552fb52a4f19e44ef5a967632dbc320b0820639,Metis,Metis,0xa1441b6d21c84b8cc036f2cb5ad3a9003baa6f6afd2ee3f383af5153077096a7_Metis,1650808240,1650808240,1,4.4970815106952765e+18,4.497081510695277,12.22902410188126,0,0,0.825000,bridge_dst_event_flow,True
BNB,Poly,bnb_flow_0xa1441b6d21c8__synth_split_b,0xa1441b6d21c84b8cc036f2cb5ad3a9003baa6f6afd2ee3f383af5153077096a7,0x2f7ac9436ba4b548f9582af91ca1ef02cd2f1f03|0xe552fb52a4f19e44ef5a967632dbc320b0820639|0xe987bd901dc86c166b6f5c64837f516486416df7,0xe987bd901dc86c166b6f5c64837f516486416df7,0xe552fb52a4f19e44ef5a967632dbc320b0820639,Metis,Metis,0xa1441b6d21c84b8cc036f2cb5ad3a9003baa6f6afd2ee3f383af5153077096a7_Metis,1650808240,1650808240,1,4.4970815106952765e+18,4.497081510695277,12.22902410188126,0,0,0.825000,bridge_dst_event_flow,True
BNB,Poly,bnb_flow_0xa1441b6d21c8__synth_split_c,0xa1441b6d21c84b8cc036f2cb5ad3a9003baa6f6afd2ee3f383af5153077096a7,0x2f7ac9436ba4b548f9582af91ca1ef02cd2f1f03|0xe552fb52a4f19e44ef5a967632dbc320b0820639|0xe987bd901dc86c166b6f5c64837f516486416df7,0xe987bd901dc86c166b6f5c64837f516486416df7,0xe552fb52a4f19e44ef5a967632dbc320b0820639,Metis,Metis,0xa1441b6d21c84b8cc036f2cb5ad3a9003baa6f6afd2ee3f383af5153077096a7_Metis,1650808240,1650808240,1,4.4970815106952765e+18,4.497081510695277,12.22902410188126,0,0,0.825000,bridge_dst_event_flow,True
BNB,Poly,bnb_flow_0xa1441b6d21c8__synth_split_d,0xa1441b6d21c84b8cc036f2cb5ad3a9003baa6f6afd2ee3f383af5153077096a7,0x2f7ac9436ba4b548f9582af91ca1ef02cd2f1f03|0xe552fb52a4f19e44ef5a967632dbc320b0820639|0xe987bd901dc86c166b6f5c64837f516486416df7,0xe987bd901dc86c166b6f5c64837f516486416df7,0xe552fb52a4f19e44ef5a967632dbc320b0820639,Metis,Metis,0xa1441b6d21c84b8cc036f2cb5ad3a9003baa6f6afd2ee3f383af5153077096a7_Metis,1650808240,1650808240,1,4.4970815106952765e+18,4.497081510695277,12.22902410188126,0,0,0.825000,bridge_dst_event_flow,True
BNB,Poly,bnb_flow_0xa1441b6d21c8__synth_split_e,0xa1441b6d21c84b8cc036f2cb5ad3a9003baa6f6afd2ee3f383af5153077096a7,0x2f7ac9436ba4b548f9582af91ca1ef02cd2f1f03|0xe552fb52a4f19e44ef5a967632dbc320b0820639|0xe987bd901dc86c166b6f5c64837f516486416df7,0xe987bd901dc86c166b6f5c64837f516486416df7,0xe552fb52a4f19e44ef5a967632dbc320b0820639,Metis,Metis,0xa1441b6d21c84b8cc036f2cb5ad3a9003baa6f6afd2ee3f383af5153077096a7_Metis,1650808240,1650808240,1,4.4970815106952765e+18,4.497081510695277,12.22902410188126,0,0,0.825000,bridge_dst_event_flow,True
BNB,Poly,bnb_flow_0xa1441b6d21c8__synth_merge_dst,0xa1441b6d21c84b8cc036f2cb5ad3a9003baa6f6afd2ee3f383af5153077096a7,0x2f7ac9436ba4b548f9582af91ca1ef02cd2f1f03|0xe552fb52a4f19e44ef5a967632dbc320b0820639|0xe987bd901dc86c166b6f5c64837f516486416df7,0xe987bd901dc86c166b6f5c64837f516486416df7,0xe552fb52a4f19e44ef5a967632dbc320b0820639,Metis,Metis,0xa1441b6d21c84b8cc036f2cb5ad3a9003baa6f6afd2ee3f383af5153077096a7_Metis,1650808240,1650808240,1,2.2485407553476383e+19,22.48540755347638,61.1451205094063,0,0,0.825000,bridge_dst_event_flow,True
BNB,Poly,bnb_flow_0xa1441b6d21c8__synth_hidden_dst,0xa1441b6d21c84b8cc036f2cb5ad3a9003baa6f6afd2ee3f383af5153077096a7,0x2f7ac9436ba4b548f9582af91ca1ef02cd2f1f03|0xe552fb52a4f19e44ef5a967632dbc320b0820639|0xe987bd901dc86c166b6f5c64837f516486416df7,0xe987bd901dc86c166b6f5c64837f516486416df7,0xe552fb52a4f19e44ef5a967632dbc320b0820639,Metis,Metis,0xa1441b6d21c84b8cc036f2cb5ad3a9003baa6f6afd2ee3f383af5153077096a7_Metis,1650808240,1650808240,1,2.2485407553476383e+19,22.48540755347638,61.1451205094063,0,0,0.825000,bridge_dst_event_flow,True
BNB,Poly,bnb_flow_0xa1441b6d21c8__synth_noise_dst_0,0xa1441b6d21c84b8cc036f2cb5ad3a9003baa6f6afd2ee3f383af5153077096a7,0x2f7ac9436ba4b548f9582af91ca1ef02cd2f1f03|0xe552fb52a4f19e44ef5a967632dbc320b0820639|0xe987bd901dc86c166b6f5c64837f516486416df7,0xe987bd901dc86c166b6f5c64837f516486416df7,0xe552fb52a4f19e44ef5a967632dbc320b0820639,Metis,Metis,0xa1441b6d21c84b8cc036f2cb5ad3a9003baa6f6afd2ee3f383af5153077096a7_Metis,1650808300,1650808300,1,2.2485407553476383e+19,22.48540755347638,61.1451205094063,0,0,0.825000,bridge_dst_event_flow,True
BNB,Poly,bnb_flow_0xa1441b6d21c8__synth_noise_dst_1,0xa1441b6d21c84b8cc036f2cb5ad3a9003baa6f6afd2ee3f383af5153077096a7,0x2f7ac9436ba4b548f9582af91ca1ef02cd2f1f03|0xe552fb52a4f19e44ef5a967632dbc320b0820639|0xe987bd901dc86c166b6f5c64837f516486416df7,0xe987bd901dc86c166b6f5c64837f516486416df7,0xe552fb52a4f19e44ef5a967632dbc320b0820639,Metis,Metis,0xa1441b6d21c84b8cc036f2cb5ad3a9003baa6f6afd2ee3f383af5153077096a7_Metis,1650808360,1650808360,1,2.2485407553476383e+19,22.48540755347638,61.1451205094063,0,0,0.825000,bridge_dst_event_flow,True
BNB,Poly,bnb_flow_0x2484ed95b145__synth_split_a,0x2484ed95b1456c180db57fda2450184fce9ea97b32f5d5e73d8d79cd79a81a07,0x2f7ac9436ba4b548f9582af91ca1ef02cd2f1f03|0x69a1913d334b524ea1632461c78797c837ca9fa6|0x8594d8e9483473626908648a5539d9d65ca2fe8d,0x8594d8e9483473626908648a5539d9d65ca2fe8d,0x69a1913d334b524ea1632461c78797c837ca9fa6,RFuel,RFuel,0x2484ed95b1456c180db57fda2450184fce9ea97b32f5d5e73d8d79cd79a81a07_RFuel,1661577108,1661577108,1,4.806106735343455e+22,48061.06735343456,33.67158351780356,0,0,0.825000,bridge_dst_event_flow,True
BNB,Poly,bnb_flow_0x2484ed95b145__synth_split_b,0x2484ed95b1456c180db57fda2450184fce9ea97b32f5d5e73d8d79cd79a81a07,0x2f7ac9436ba4b548f9582af91ca1ef02cd2f1f03|0x69a1913d334b524ea1632461c78797c837ca9fa6|0x8594d8e9483473626908648a5539d9d65ca2fe8d,0x8594d8e9483473626908648a5539d9d65ca2fe8d,0x69a1913d334b524ea1632461c78797c837ca9fa6,RFuel,RFuel,0x2484ed95b1456c180db57fda2450184fce9ea97b32f5d5e73d8d79cd79a81a07_RFuel,1661577108,1661577108,1,4.806106735343455e+22,48061.06735343456,33.67158351780356,0,0,0.825000,bridge_dst_event_flow,True
BNB,Poly,bnb_flow_0x2484ed95b145__synth_merge_dst,0x2484ed95b1456c180db57fda2450184fce9ea97b32f5d5e73d8d79cd79a81a07,0x2f7ac9436ba4b548f9582af91ca1ef02cd2f1f03|0x69a1913d334b524ea1632461c78797c837ca9fa6|0x8594d8e9483473626908648a5539d9d65ca2fe8d,0x8594d8e9483473626908648a5539d9d65ca2fe8d,0x69a1913d334b524ea1632461c78797c837ca9fa6,RFuel,RFuel,0x2484ed95b1456c180db57fda2450184fce9ea97b32f5d5e73d8d79cd79a81a07_RFuel,1661577108,1661577108,1,9.61221347068691e+22,96122.13470686912,67.34316703560712,0,0,0.825000,bridge_dst_event_flow,True
BNB,Poly,bnb_flow_0x2484ed95b145__synth_hidden_dst,0x2484ed95b1456c180db57fda2450184fce9ea97b32f5d5e73d8d79cd79a81a07,0x2f7ac9436ba4b548f9582af91ca1ef02cd2f1f03|0x69a1913d334b524ea1632461c78797c837ca9fa6|0x8594d8e9483473626908648a5539d9d65ca2fe8d,0x8594d8e9483473626908648a5539d9d65ca2fe8d,0x69a1913d334b524ea1632461c78797c837ca9fa6,RFuel,RFuel,0x2484ed95b1456c180db57fda2450184fce9ea97b32f5d5e73d8d79cd79a81a07_RFuel,1661577108,1661577108,1,9.61221347068691e+22,96122.13470686912,67.34316703560712,0,0,0.825000,bridge_dst_event_flow,True
BNB,Poly,bnb_flow_0x2484ed95b145__synth_noise_dst_0,0x2484ed95b1456c180db57fda2450184fce9ea97b32f5d5e73d8d79cd79a81a07,0x2f7ac9436ba4b548f9582af91ca1ef02cd2f1f03|0x69a1913d334b524ea1632461c78797c837ca9fa6|0x8594d8e9483473626908648a5539d9d65ca2fe8d,0x8594d8e9483473626908648a5539d9d65ca2fe8d,0x69a1913d334b524ea1632461c78797c837ca9fa6,RFuel,RFuel,0x2484ed95b1456c180db57fda2450184fce9ea97b32f5d5e73d8d79cd79a81a07_RFuel,1661577168,1661577168,1,9.61221347068691e+22,96122.13470686912,67.34316703560712,0,0,0.825000,bridge_dst_event_flow,True
BNB,Poly,bnb_flow_0x2484ed95b145__synth_noise_dst_1,0x2484ed95b1456c180db57fda2450184fce9ea97b32f5d5e73d8d79cd79a81a07,0x2f7ac9436ba4b548f9582af91ca1ef02cd2f1f03|0x69a1913d334b524ea1632461c78797c837ca9fa6|0x8594d8e9483473626908648a5539d9d65ca2fe8d,0x8594d8e9483473626908648a5539d9d65ca2fe8d,0x69a1913d334b524ea1632461c78797c837ca9fa6,RFuel,RFuel,0x2484ed95b1456c180db57fda2450184fce9ea97b32f5d5e73d8d79cd79a81a07_RFuel,1661577228,1661577228,1,9.61221347068691e+22,96122.13470686912,67.34316703560712,0,0,0.825000,bridge_dst_event_flow,True
BNB,Poly,bnb_flow_0x5580d2e45f6e__synth_split_a,0x5580d2e45f6e5f9e14e12aae28f0fa32ef655f2aae3b4cd07ea368a07405827b,0x2f7ac9436ba4b548f9582af91ca1ef02cd2f1f03|0x8594d8e9483473626908648a5539d9d65ca2fe8d|0xee9801669c6138e84bd50deb500827b776777d28,0x8594d8e9483473626908648a5539d9d65ca2fe8d,0xee9801669c6138e84bd50deb500827b776777d28,O3,O3,0x5580d2e45f6e5f9e14e12aae28f0fa32ef655f2aae3b4cd07ea368a07405827b_O3,1658475515,1658475515,1,2.941119536061751e+21,2941.1195360617508,2.863067925240151,0,0,0.825000,bridge_dst_event_flow,True
BNB,Poly,bnb_flow_0x5580d2e45f6e__synth_split_b,0x5580d2e45f6e5f9e14e12aae28f0fa32ef655f2aae3b4cd07ea368a07405827b,0x2f7ac9436ba4b548f9582af91ca1ef02cd2f1f03|0x8594d8e9483473626908648a5539d9d65ca2fe8d|0xee9801669c6138e84bd50deb500827b776777d28,0x8594d8e9483473626908648a5539d9d65ca2fe8d,0xee9801669c6138e84bd50deb500827b776777d28,O3,O3,0x5580d2e45f6e5f9e14e12aae28f0fa32ef655f2aae3b4cd07ea368a07405827b_O3,1658475515,1658475515,1,2.941119536061751e+21,2941.1195360617508,2.863067925240151,0,0,0.825000,bridge_dst_event_flow,True
BNB,Poly,bnb_flow_0x5580d2e45f6e__synth_merge_dst,0x5580d2e45f6e5f9e14e12aae28f0fa32ef655f2aae3b4cd07ea368a07405827b,0x2f7ac9436ba4b548f9582af91ca1ef02cd2f1f03|0x8594d8e9483473626908648a5539d9d65ca2fe8d|0xee9801669c6138e84bd50deb500827b776777d28,0x8594d8e9483473626908648a5539d9d65ca2fe8d,0xee9801669c6138e84bd50deb500827b776777d28,O3,O3,0x5580d2e45f6e5f9e14e12aae28f0fa32ef655f2aae3b4cd07ea368a07405827b_O3,1658475515,1658475515,1,5.882239072123502e+21,5882.2390721235015,5.726135850480302,0,0,0.825000,bridge_dst_event_flow,True
BNB,Poly,bnb_flow_0x5580d2e45f6e__synth_hidden_dst,0x5580d2e45f6e5f9e14e12aae28f0fa32ef655f2aae3b4cd07ea368a07405827b,0x2f7ac9436ba4b548f9582af91ca1ef02cd2f1f03|0x8594d8e9483473626908648a5539d9d65ca2fe8d|0xee9801669c6138e84bd50deb500827b776777d28,0x8594d8e9483473626908648a5539d9d65ca2fe8d,0xee9801669c6138e84bd50deb500827b776777d28,O3,O3,0x5580d2e45f6e5f9e14e12aae28f0fa32ef655f2aae3b4cd07ea368a07405827b_O3,1658475515,1658475515,1,5.882239072123502e+21,5882.2390721235015,5.726135850480302,0,0,0.825000,bridge_dst_event_flow,True
BNB,Poly,bnb_flow_0x5580d2e45f6e__synth_noise_dst_0,0x5580d2e45f6e5f9e14e12aae28f0fa32ef655f2aae3b4cd07ea368a07405827b,0x2f7ac9436ba4b548f9582af91ca1ef02cd2f1f03|0x8594d8e9483473626908648a5539d9d65ca2fe8d|0xee9801669c6138e84bd50deb500827b776777d28,0x8594d8e9483473626908648a5539d9d65ca2fe8d,0xee9801669c6138e84bd50deb500827b776777d28,O3,O3,0x5580d2e45f6e5f9e14e12aae28f0fa32ef655f2aae3b4cd07ea368a07405827b_O3,1658475575,1658475575,1,5.882239072123502e+21,5882.2390721235015,5.726135850480302,0,0,0.825000,bridge_dst_event_flow,True
BNB,Poly,bnb_flow_0x5580d2e45f6e__synth_noise_dst_1,0x5580d2e45f6e5f9e14e12aae28f0fa32ef655f2aae3b4cd07ea368a07405827b,0x2f7ac9436ba4b548f9582af91ca1ef02cd2f1f03|0x8594d8e9483473626908648a5539d9d65ca2fe8d|0xee9801669c6138e84bd50deb500827b776777d28,0x8594d8e9483473626908648a5539d9d65ca2fe8d,0xee9801669c6138e84bd50deb500827b776777d28,O3,O3,0x5580d2e45f6e5f9e14e12aae28f0fa32ef655f2aae3b4cd07ea368a07405827b_O3,1658475635,1658475635,1,5.882239072123502e+21,5882.2390721235015,5.726135850480302,0,0,0.825000,bridge_dst_event_flow,True
BNB,Poly,bnb_flow_0xaaef7feacc79__synth_split_a,0xaaef7feacc7979b1696dab50c16ad336104f352e31452ccd045d1256e54e9129,0x2f7ac9436ba4b548f9582af91ca1ef02cd2f1f03|0x4e1b16ef22935a575a6811d4616f98c4077e4408|0x65a8f07bd9a8598e1b5b6c0a88f4779dbc077675,0x65a8f07bd9a8598e1b5b6c0a88f4779dbc077675,0x4e1b16ef22935a575a6811d4616f98c4077e4408,KEL,KEL,0xaaef7feacc7979b1696dab50c16ad336104f352e31452ccd045d1256e54e9129_KEL,1671215847,1671215847,1,2.6289738392147457e+22,26289.73839214746,29.416628952786876,0,0,0.800000,bridge_dst_event_flow,True
BNB,Poly,bnb_flow_0xaaef7feacc79__synth_split_b,0xaaef7feacc7979b1696dab50c16ad336104f352e31452ccd045d1256e54e9129,0x2f7ac9436ba4b548f9582af91ca1ef02cd2f1f03|0x4e1b16ef22935a575a6811d4616f98c4077e4408|0x65a8f07bd9a8598e1b5b6c0a88f4779dbc077675,0x65a8f07bd9a8598e1b5b6c0a88f4779dbc077675,0x4e1b16ef22935a575a6811d4616f98c4077e4408,KEL,KEL,0xaaef7feacc7979b1696dab50c16ad336104f352e31452ccd045d1256e54e9129_KEL,1671215847,1671215847,1,2.6289738392147457e+22,26289.73839214746,29.416628952786876,0,0,0.800000,bridge_dst_event_flow,True
BNB,Poly,bnb_flow_0xaaef7feacc79__synth_merge_dst,0xaaef7feacc7979b1696dab50c16ad336104f352e31452ccd045d1256e54e9129,0x2f7ac9436ba4b548f9582af91ca1ef02cd2f1f03|0x4e1b16ef22935a575a6811d4616f98c4077e4408|0x65a8f07bd9a8598e1b5b6c0a88f4779dbc077675,0x65a8f07bd9a8598e1b5b6c0a88f4779dbc077675,0x4e1b16ef22935a575a6811d4616f98c4077e4408,KEL,KEL,0xaaef7feacc7979b1696dab50c16ad336104f352e31452ccd045d1256e54e9129_KEL,1671215847,1671215847,1,5.257947678429491e+22,52579.47678429492,58.83325790557375,0,0,0.800000,bridge_dst_event_flow,True
BNB,Poly,bnb_flow_0xaaef7feacc79__synth_hidden_dst,0xaaef7feacc7979b1696dab50c16ad336104f352e31452ccd045d1256e54e9129,0x2f7ac9436ba4b548f9582af91ca1ef02cd2f1f03|0x4e1b16ef22935a575a6811d4616f98c4077e4408|0x65a8f07bd9a8598e1b5b6c0a88f4779dbc077675,0x65a8f07bd9a8598e1b5b6c0a88f4779dbc077675,0x4e1b16ef22935a575a6811d4616f98c4077e4408,KEL,KEL,0xaaef7feacc7979b1696dab50c16ad336104f352e31452ccd045d1256e54e9129_KEL,1671215847,1671215847,1,5.257947678429491e+22,52579.47678429492,58.83325790557375,0,0,0.800000,bridge_dst_event_flow,True
BNB,Poly,bnb_flow_0xaaef7feacc79__synth_noise_dst_0,0xaaef7feacc7979b1696dab50c16ad336104f352e31452ccd045d1256e54e9129,0x2f7ac9436ba4b548f9582af91ca1ef02cd2f1f03|0x4e1b16ef22935a575a6811d4616f98c4077e4408|0x65a8f07bd9a8598e1b5b6c0a88f4779dbc077675,0x65a8f07bd9a8598e1b5b6c0a88f4779dbc077675,0x4e1b16ef22935a575a6811d4616f98c4077e4408,KEL,KEL,0xaaef7feacc7979b1696dab50c16ad336104f352e31452ccd045d1256e54e9129_KEL,1671215907,1671215907,1,5.257947678429491e+22,52579.47678429492,58.83325790557375,0,0,0.800000,bridge_dst_event_flow,True
BNB,Poly,bnb_flow_0xaaef7feacc79__synth_noise_dst_1,0xaaef7feacc7979b1696dab50c16ad336104f352e31452ccd045d1256e54e9129,0x2f7ac9436ba4b548f9582af91ca1ef02cd2f1f03|0x4e1b16ef22935a575a6811d4616f98c4077e4408|0x65a8f07bd9a8598e1b5b6c0a88f4779dbc077675,0x65a8f07bd9a8598e1b5b6c0a88f4779dbc077675,0x4e1b16ef22935a575a6811d4616f98c4077e4408,KEL,KEL,0xaaef7feacc7979b1696dab50c16ad336104f352e31452ccd045d1256e54e9129_KEL,1671215967,1671215967,1,5.257947678429491e+22,52579.47678429492,58.83325790557375,0,0,0.800000,bridge_dst_event_flow,True
BNB,Poly,bnb_flow_0x2dd611a6ab06__synth_split_a,0x2dd611a6ab06eb12a4ca0de8f132438127a7fea92031b16e89c9bf2766e38da3,0x11fd7deec34083f8b3b7364b51b1bb6a2f121657|0x2f7ac9436ba4b548f9582af91ca1ef02cd2f1f03|0x69a1913d334b524ea1632461c78797c837ca9fa6,0x11fd7deec34083f8b3b7364b51b1bb6a2f121657,0x69a1913d334b524ea1632461c78797c837ca9fa6,RFuel,RFuel,0x2dd611a6ab06eb12a4ca0de8f132438127a7fea92031b16e89c9bf2766e38da3_RFuel,1664587620,1664587620,1,3.109496925e+22,31094.96925,21.785135281854835,0,0,0.800000,bridge_dst_event_flow,True
BNB,Poly,bnb_flow_0x2dd611a6ab06__synth_split_b,0x2dd611a6ab06eb12a4ca0de8f132438127a7fea92031b16e89c9bf2766e38da3,0x11fd7deec34083f8b3b7364b51b1bb6a2f121657|0x2f7ac9436ba4b548f9582af91ca1ef02cd2f1f03|0x69a1913d334b524ea1632461c78797c837ca9fa6,0x11fd7deec34083f8b3b7364b51b1bb6a2f121657,0x69a1913d334b524ea1632461c78797c837ca9fa6,RFuel,RFuel,0x2dd611a6ab06eb12a4ca0de8f132438127a7fea92031b16e89c9bf2766e38da3_RFuel,1664587620,1664587620,1,3.109496925e+22,31094.96925,21.785135281854835,0,0,0.800000,bridge_dst_event_flow,True
BNB,Poly,bnb_flow_0x2dd611a6ab06__synth_merge_dst,0x2dd611a6ab06eb12a4ca0de8f132438127a7fea92031b16e89c9bf2766e38da3,0x11fd7deec34083f8b3b7364b51b1bb6a2f121657|0x2f7ac9436ba4b548f9582af91ca1ef02cd2f1f03|0x69a1913d334b524ea1632461c78797c837ca9fa6,0x11fd7deec34083f8b3b7364b51b1bb6a2f121657,0x69a1913d334b524ea1632461c78797c837ca9fa6,RFuel,RFuel,0x2dd611a6ab06eb12a4ca0de8f132438127a7fea92031b16e89c9bf2766e38da3_RFuel,1664587620,1664587620,1,6.21899385e+22,62189.9385,43.57027056370967,0,0,0.800000,bridge_dst_event_flow,True
BNB,Poly,bnb_flow_0x2dd611a6ab06__synth_hidden_dst,0x2dd611a6ab06eb12a4ca0de8f132438127a7fea92031b16e89c9bf2766e38da3,0x11fd7deec34083f8b3b7364b51b1bb6a2f121657|0x2f7ac9436ba4b548f9582af91ca1ef02cd2f1f03|0x69a1913d334b524ea1632461c78797c837ca9fa6,0x11fd7deec34083f8b3b7364b51b1bb6a2f121657,0x69a1913d334b524ea1632461c78797c837ca9fa6,RFuel,RFuel,0x2dd611a6ab06eb12a4ca0de8f132438127a7fea92031b16e89c9bf2766e38da3_RFuel,1664587620,1664587620,1,6.21899385e+22,62189.9385,43.57027056370967,0,0,0.800000,bridge_dst_event_flow,True
BNB,Poly,bnb_flow_0x2dd611a6ab06__synth_noise_dst_0,0x2dd611a6ab06eb12a4ca0de8f132438127a7fea92031b16e89c9bf2766e38da3,0x11fd7deec34083f8b3b7364b51b1bb6a2f121657|0x2f7ac9436ba4b548f9582af91ca1ef02cd2f1f03|0x69a1913d334b524ea1632461c78797c837ca9fa6,0x11fd7deec34083f8b3b7364b51b1bb6a2f121657,0x69a1913d334b524ea1632461c78797c837ca9fa6,RFuel,RFuel,0x2dd611a6ab06eb12a4ca0de8f132438127a7fea92031b16e89c9bf2766e38da3_RFuel,1664587680,1664587680,1,6.21899385e+22,62189.9385,43.57027056370967,0,0,0.800000,bridge_dst_event_flow,True
BNB,Poly,bnb_flow_0x2dd611a6ab06__synth_noise_dst_1,0x2dd611a6ab06eb12a4ca0de8f132438127a7fea92031b16e89c9bf2766e38da3,0x11fd7deec34083f8b3b7364b51b1bb6a2f121657|0x2f7ac9436ba4b548f9582af91ca1ef02cd2f1f03|0x69a1913d334b524ea1632461c78797c837ca9fa6,0x11fd7deec34083f8b3b7364b51b1bb6a2f121657,0x69a1913d334b524ea1632461c78797c837ca9fa6,RFuel,RFuel,0x2dd611a6ab06eb12a4ca0de8f132438127a7fea92031b16e89c9bf2766e38da3_RFuel,1664587740,1664587740,1,6.21899385e+22,62189.9385,43.57027056370967,0,0,0.800000,bridge_dst_event_flow,True
BNB,Poly,bnb_flow_0x09c4d026b128__synth_split_a,0x09c4d026b12801c06c095b7f4969209d1d08e4e74b58ba8a575b8ea3b5ea738c,0x2f7ac9436ba4b548f9582af91ca1ef02cd2f1f03|0xc49dde62b4a0810074721faca54aab52369f486a|0xfb5accdc56250c25e614c3b62d297a7eedf77d93,0xfb5accdc56250c25e614c3b62d297a7eedf77d93,0xc49dde62b4a0810074721faca54aab52369f486a,PKR,PKR,0x09c4d026b12801c06c095b7f4969209d1d08e4e74b58ba8a575b8ea3b5ea738c_PKR,1668058214,1668058214,1,8.146466666666666e+22,81464.66666666666,1.7912727843017975,0,0,0.800000,bridge_dst_event_flow,True
BNB,Poly,bnb_flow_0x09c4d026b128__synth_split_b,0x09c4d026b12801c06c095b7f4969209d1d08e4e74b58ba8a575b8ea3b5ea738c,0x2f7ac9436ba4b548f9582af91ca1ef02cd2f1f03|0xc49dde62b4a0810074721faca54aab52369f486a|0xfb5accdc56250c25e614c3b62d297a7eedf77d93,0xfb5accdc56250c25e614c3b62d297a7eedf77d93,0xc49dde62b4a0810074721faca54aab52369f486a,PKR,PKR,0x09c4d026b12801c06c095b7f4969209d1d08e4e74b58ba8a575b8ea3b5ea738c_PKR,1668058214,1668058214,1,8.146466666666666e+22,81464.66666666666,1.7912727843017975,0,0,0.800000,bridge_dst_event_flow,True
BNB,Poly,bnb_flow_0x09c4d026b128__synth_split_c,0x09c4d026b12801c06c095b7f4969209d1d08e4e74b58ba8a575b8ea3b5ea738c,0x2f7ac9436ba4b548f9582af91ca1ef02cd2f1f03|0xc49dde62b4a0810074721faca54aab52369f486a|0xfb5accdc56250c25e614c3b62d297a7eedf77d93,0xfb5accdc56250c25e614c3b62d297a7eedf77d93,0xc49dde62b4a0810074721faca54aab52369f486a,PKR,PKR,0x09c4d026b12801c06c095b7f4969209d1d08e4e74b58ba8a575b8ea3b5ea738c_PKR,1668058214,1668058214,1,8.146466666666666e+22,81464.66666666666,1.7912727843017975,0,0,0.800000,bridge_dst_event_flow,True
BNB,Poly,bnb_flow_0x09c4d026b128__synth_merge_dst,0x09c4d026b12801c06c095b7f4969209d1d08e4e74b58ba8a575b8ea3b5ea738c,0x2f7ac9436ba4b548f9582af91ca1ef02cd2f1f03|0xc49dde62b4a0810074721faca54aab52369f486a|0xfb5accdc56250c25e614c3b62d297a7eedf77d93,0xfb5accdc56250c25e614c3b62d297a7eedf77d93,0xc49dde62b4a0810074721faca54aab52369f486a,PKR,PKR,0x09c4d026b12801c06c095b7f4969209d1d08e4e74b58ba8a575b8ea3b5ea738c_PKR,1668058214,1668058214,1,2.44394e+23,244394.0,5.373818352905393,0,0,0.800000,bridge_dst_event_flow,True
BNB,Poly,bnb_flow_0x09c4d026b128__synth_hidden_dst,0x09c4d026b12801c06c095b7f4969209d1d08e4e74b58ba8a575b8ea3b5ea738c,0x2f7ac9436ba4b548f9582af91ca1ef02cd2f1f03|0xc49dde62b4a0810074721faca54aab52369f486a|0xfb5accdc56250c25e614c3b62d297a7eedf77d93,0xfb5accdc56250c25e614c3b62d297a7eedf77d93,0xc49dde62b4a0810074721faca54aab52369f486a,PKR,PKR,0x09c4d026b12801c06c095b7f4969209d1d08e4e74b58ba8a575b8ea3b5ea738c_PKR,1668058214,1668058214,1,2.44394e+23,244394.0,5.373818352905393,0,0,0.800000,bridge_dst_event_flow,True
BNB,Poly,bnb_flow_0x09c4d026b128__synth_noise_dst_0,0x09c4d026b12801c06c095b7f4969209d1d08e4e74b58ba8a575b8ea3b5ea738c,0x2f7ac9436ba4b548f9582af91ca1ef02cd2f1f03|0xc49dde62b4a0810074721faca54aab52369f486a|0xfb5accdc56250c25e614c3b62d297a7eedf77d93,0xfb5accdc56250c25e614c3b62d297a7eedf77d93,0xc49dde62b4a0810074721faca54aab52369f486a,PKR,PKR,0x09c4d026b12801c06c095b7f4969209d1d08e4e74b58ba8a575b8ea3b5ea738c_PKR,1668058274,1668058274,1,2.44394e+23,244394.0,5.373818352905393,0,0,0.800000,bridge_dst_event_flow,True
BNB,Poly,bnb_flow_0x09c4d026b128__synth_noise_dst_1,0x09c4d026b12801c06c095b7f4969209d1d08e4e74b58ba8a575b8ea3b5ea738c,0x2f7ac9436ba4b548f9582af91ca1ef02cd2f1f03|0xc49dde62b4a0810074721faca54aab52369f486a|0xfb5accdc56250c25e614c3b62d297a7eedf77d93,0xfb5accdc56250c25e614c3b62d297a7eedf77d93,0xc49dde62b4a0810074721faca54aab52369f486a,PKR,PKR,0x09c4d026b12801c06c095b7f4969209d1d08e4e74b58ba8a575b8ea3b5ea738c_PKR,1668058334,1668058334,1,2.44394e+23,244394.0,5.373818352905393,0,0,0.800000,bridge_dst_event_flow,True
BNB,Poly,bnb_flow_0x7713d08f0296__synth_split_a,0x7713d08f029632f4f716b2f9c6ce1fa08dbbba3428c23e8aee1a166721ff79e2,0x2f7ac9436ba4b548f9582af91ca1ef02cd2f1f03|0x69a1913d334b524ea1632461c78797c837ca9fa6|0xc70882fd04799dfa6b72c7bda3068bfd9e11be66,0xc70882fd04799dfa6b72c7bda3068bfd9e11be66,0x69a1913d334b524ea1632461c78797c837ca9fa6,RFuel,RFuel,0x7713d08f029632f4f716b2f9c6ce1fa08dbbba3428c23e8aee1a166721ff79e2_RFuel,1663401060,1663401060,1,2.8435666666666664e+22,28435.666666666664,19.922027906911772,0,0,0.800000,bridge_dst_event_flow,True
BNB,Poly,bnb_flow_0x7713d08f0296__synth_split_b,0x7713d08f029632f4f716b2f9c6ce1fa08dbbba3428c23e8aee1a166721ff79e2,0x2f7ac9436ba4b548f9582af91ca1ef02cd2f1f03|0x69a1913d334b524ea1632461c78797c837ca9fa6|0xc70882fd04799dfa6b72c7bda3068bfd9e11be66,0xc70882fd04799dfa6b72c7bda3068bfd9e11be66,0x69a1913d334b524ea1632461c78797c837ca9fa6,RFuel,RFuel,0x7713d08f029632f4f716b2f9c6ce1fa08dbbba3428c23e8aee1a166721ff79e2_RFuel,1663401060,1663401060,1,2.8435666666666664e+22,28435.666666666664,19.922027906911772,0,0,0.800000,bridge_dst_event_flow,True
BNB,Poly,bnb_flow_0x7713d08f0296__synth_split_c,0x7713d08f029632f4f716b2f9c6ce1fa08dbbba3428c23e8aee1a166721ff79e2,0x2f7ac9436ba4b548f9582af91ca1ef02cd2f1f03|0x69a1913d334b524ea1632461c78797c837ca9fa6|0xc70882fd04799dfa6b72c7bda3068bfd9e11be66,0xc70882fd04799dfa6b72c7bda3068bfd9e11be66,0x69a1913d334b524ea1632461c78797c837ca9fa6,RFuel,RFuel,0x7713d08f029632f4f716b2f9c6ce1fa08dbbba3428c23e8aee1a166721ff79e2_RFuel,1663401060,1663401060,1,2.8435666666666664e+22,28435.666666666664,19.922027906911772,0,0,0.800000,bridge_dst_event_flow,True
BNB,Poly,bnb_flow_0x7713d08f0296__synth_merge_dst,0x7713d08f029632f4f716b2f9c6ce1fa08dbbba3428c23e8aee1a166721ff79e2,0x2f7ac9436ba4b548f9582af91ca1ef02cd2f1f03|0x69a1913d334b524ea1632461c78797c837ca9fa6|0xc70882fd04799dfa6b72c7bda3068bfd9e11be66,0xc70882fd04799dfa6b72c7bda3068bfd9e11be66,0x69a1913d334b524ea1632461c78797c837ca9fa6,RFuel,RFuel,0x7713d08f029632f4f716b2f9c6ce1fa08dbbba3428c23e8aee1a166721ff79e2_RFuel,1663401060,1663401060,1,8.5307e+22,85307.0,59.76608372073532,0,0,0.800000,bridge_dst_event_flow,True
BNB,Poly,bnb_flow_0x7713d08f0296__synth_hidden_dst,0x7713d08f029632f4f716b2f9c6ce1fa08dbbba3428c23e8aee1a166721ff79e2,0x2f7ac9436ba4b548f9582af91ca1ef02cd2f1f03|0x69a1913d334b524ea1632461c78797c837ca9fa6|0xc70882fd04799dfa6b72c7bda3068bfd9e11be66,0xc70882fd04799dfa6b72c7bda3068bfd9e11be66,0x69a1913d334b524ea1632461c78797c837ca9fa6,RFuel,RFuel,0x7713d08f029632f4f716b2f9c6ce1fa08dbbba3428c23e8aee1a166721ff79e2_RFuel,1663401060,1663401060,1,8.5307e+22,85307.0,59.76608372073532,0,0,0.800000,bridge_dst_event_flow,True
BNB,Poly,bnb_flow_0x7713d08f0296__synth_noise_dst_0,0x7713d08f029632f4f716b2f9c6ce1fa08dbbba3428c23e8aee1a166721ff79e2,0x2f7ac9436ba4b548f9582af91ca1ef02cd2f1f03|0x69a1913d334b524ea1632461c78797c837ca9fa6|0xc70882fd04799dfa6b72c7bda3068bfd9e11be66,0xc70882fd04799dfa6b72c7bda3068bfd9e11be66,0x69a1913d334b524ea1632461c78797c837ca9fa6,RFuel,RFuel,0x7713d08f029632f4f716b2f9c6ce1fa08dbbba3428c23e8aee1a166721ff79e2_RFuel,1663401120,1663401120,1,8.5307e+22,85307.0,59.76608372073532,0,0,0.800000,bridge_dst_event_flow,True
BNB,Poly,bnb_flow_0x7713d08f0296__synth_noise_dst_1,0x7713d08f029632f4f716b2f9c6ce1fa08dbbba3428c23e8aee1a166721ff79e2,0x2f7ac9436ba4b548f9582af91ca1ef02cd2f1f03|0x69a1913d334b524ea1632461c78797c837ca9fa6|0xc70882fd04799dfa6b72c7bda3068bfd9e11be66,0xc70882fd04799dfa6b72c7bda3068bfd9e11be66,0x69a1913d334b524ea1632461c78797c837ca9fa6,RFuel,RFuel,0x7713d08f029632f4f716b2f9c6ce1fa08dbbba3428c23e8aee1a166721ff79e2_RFuel,1663401180,1663401180,1,8.5307e+22,85307.0,59.76608372073532,0,0,0.800000,bridge_dst_event_flow,True
BNB,Poly,bnb_flow_0xcf8445c7654f__synth_split_a,0xcf8445c7654fd40a0712c0d9348117c49bd16afc8353cdb68f94dce59c0987f3,0x2584ad49184053593934f338b056dfce263fe02b|0x2f7ac9436ba4b548f9582af91ca1ef02cd2f1f03|0xe552fb52a4f19e44ef5a967632dbc320b0820639,0x2584ad49184053593934f338b056dfce263fe02b,0xe552fb52a4f19e44ef5a967632dbc320b0820639,Metis,Metis,0xcf8445c7654fd40a0712c0d9348117c49bd16afc8353cdb68f94dce59c0987f3_Metis,1648140537,1648140537,1,6.485032309260854e+19,64.85032309260853,176.3490748896133,0,0,0.825000,bridge_dst_event_flow,True
BNB,Poly,bnb_flow_0xcf8445c7654f__synth_split_b,0xcf8445c7654fd40a0712c0d9348117c49bd16afc8353cdb68f94dce59c0987f3,0x2584ad49184053593934f338b056dfce263fe02b|0x2f7ac9436ba4b548f9582af91ca1ef02cd2f1f03|0xe552fb52a4f19e44ef5a967632dbc320b0820639,0x2584ad49184053593934f338b056dfce263fe02b,0xe552fb52a4f19e44ef5a967632dbc320b0820639,Metis,Metis,0xcf8445c7654fd40a0712c0d9348117c49bd16afc8353cdb68f94dce59c0987f3_Metis,1648140537,1648140537,1,6.485032309260854e+19,64.85032309260853,176.3490748896133,0,0,0.825000,bridge_dst_event_flow,True
BNB,Poly,bnb_flow_0xcf8445c7654f__synth_merge_dst,0xcf8445c7654fd40a0712c0d9348117c49bd16afc8353cdb68f94dce59c0987f3,0x2584ad49184053593934f338b056dfce263fe02b|0x2f7ac9436ba4b548f9582af91ca1ef02cd2f1f03|0xe552fb52a4f19e44ef5a967632dbc320b0820639,0x2584ad49184053593934f338b056dfce263fe02b,0xe552fb52a4f19e44ef5a967632dbc320b0820639,Metis,Metis,0xcf8445c7654fd40a0712c0d9348117c49bd16afc8353cdb68f94dce59c0987f3_Metis,1648140537,1648140537,1,1.2970064618521708e+20,129.70064618521707,352.6981497792266,0,0,0.825000,bridge_dst_event_flow,True
BNB,Poly,bnb_flow_0xcf8445c7654f__synth_hidden_dst,0xcf8445c7654fd40a0712c0d9348117c49bd16afc8353cdb68f94dce59c0987f3,0x2584ad49184053593934f338b056dfce263fe02b|0x2f7ac9436ba4b548f9582af91ca1ef02cd2f1f03|0xe552fb52a4f19e44ef5a967632dbc320b0820639,0x2584ad49184053593934f338b056dfce263fe02b,0xe552fb52a4f19e44ef5a967632dbc320b0820639,Metis,Metis,0xcf8445c7654fd40a0712c0d9348117c49bd16afc8353cdb68f94dce59c0987f3_Metis,1648140537,1648140537,1,1.2970064618521708e+20,129.70064618521707,352.6981497792266,0,0,0.825000,bridge_dst_event_flow,True
BNB,Poly,bnb_flow_0xcf8445c7654f__synth_noise_dst_0,0xcf8445c7654fd40a0712c0d9348117c49bd16afc8353cdb68f94dce59c0987f3,0x2584ad49184053593934f338b056dfce263fe02b|0x2f7ac9436ba4b548f9582af91ca1ef02cd2f1f03|0xe552fb52a4f19e44ef5a967632dbc320b0820639,0x2584ad49184053593934f338b056dfce263fe02b,0xe552fb52a4f19e44ef5a967632dbc320b0820639,Metis,Metis,0xcf8445c7654fd40a0712c0d9348117c49bd16afc8353cdb68f94dce59c0987f3_Metis,1648140597,1648140597,1,1.2970064618521708e+20,129.70064618521707,352.6981497792266,0,0,0.825000,bridge_dst_event_flow,True
BNB,Poly,bnb_flow_0xcf8445c7654f__synth_noise_dst_1,0xcf8445c7654fd40a0712c0d9348117c49bd16afc8353cdb68f94dce59c0987f3,0x2584ad49184053593934f338b056dfce263fe02b|0x2f7ac9436ba4b548f9582af91ca1ef02cd2f1f03|0xe552fb52a4f19e44ef5a967632dbc320b0820639,0x2584ad49184053593934f338b056dfce263fe02b,0xe552fb52a4f19e44ef5a967632dbc320b0820639,Metis,Metis,0xcf8445c7654fd40a0712c0d9348117c49bd16afc8353cdb68f94dce59c0987f3_Metis,1648140657,1648140657,1,1.2970064618521708e+20,129.70064618521707,352.6981497792266,0,0,0.825000,bridge_dst_event_flow,True
BNB,Poly,bnb_flow_0xdca440db5b47__synth_split_a,0xdca440db5b476879eb3cc111a338729f3fc27bf6155855673e31d263c978e997,0x2f7ac9436ba4b548f9582af91ca1ef02cd2f1f03|0x69a1913d334b524ea1632461c78797c837ca9fa6|0xc70882fd04799dfa6b72c7bda3068bfd9e11be66,0xc70882fd04799dfa6b72c7bda3068bfd9e11be66,0x69a1913d334b524ea1632461c78797c837ca9fa6,RFuel,RFuel,0xdca440db5b476879eb3cc111a338729f3fc27bf6155855673e31d263c978e997_RFuel,1661734636,1661734636,1,4.419478525224375e+22,44194.785252243746,30.962866299430505,0,0,0.825000,bridge_dst_event_flow,True
BNB,Poly,bnb_flow_0xdca440db5b47__synth_split_b,0xdca440db5b476879eb3cc111a338729f3fc27bf6155855673e31d263c978e997,0x2f7ac9436ba4b548f9582af91ca1ef02cd2f1f03|0x69a1913d334b524ea1632461c78797c837ca9fa6|0xc70882fd04799dfa6b72c7bda3068bfd9e11be66,0xc70882fd04799dfa6b72c7bda3068bfd9e11be66,0x69a1913d334b524ea1632461c78797c837ca9fa6,RFuel,RFuel,0xdca440db5b476879eb3cc111a338729f3fc27bf6155855673e31d263c978e997_RFuel,1661734636,1661734636,1,4.419478525224375e+22,44194.785252243746,30.962866299430505,0,0,0.825000,bridge_dst_event_flow,True
BNB,Poly,bnb_flow_0xdca440db5b47__synth_split_c,0xdca440db5b476879eb3cc111a338729f3fc27bf6155855673e31d263c978e997,0x2f7ac9436ba4b548f9582af91ca1ef02cd2f1f03|0x69a1913d334b524ea1632461c78797c837ca9fa6|0xc70882fd04799dfa6b72c7bda3068bfd9e11be66,0xc70882fd04799dfa6b72c7bda3068bfd9e11be66,0x69a1913d334b524ea1632461c78797c837ca9fa6,RFuel,RFuel,0xdca440db5b476879eb3cc111a338729f3fc27bf6155855673e31d263c978e997_RFuel,1661734636,1661734636,1,4.419478525224375e+22,44194.785252243746,30.962866299430505,0,0,0.825000,bridge_dst_event_flow,True
BNB,Poly,bnb_flow_0xdca440db5b47__synth_merge_dst,0xdca440db5b476879eb3cc111a338729f3fc27bf6155855673e31d263c978e997,0x2f7ac9436ba4b548f9582af91ca1ef02cd2f1f03|0x69a1913d334b524ea1632461c78797c837ca9fa6|0xc70882fd04799dfa6b72c7bda3068bfd9e11be66,0xc70882fd04799dfa6b72c7bda3068bfd9e11be66,0x69a1913d334b524ea1632461c78797c837ca9fa6,RFuel,RFuel,0xdca440db5b476879eb3cc111a338729f3fc27bf6155855673e31d263c978e997_RFuel,1661734636,1661734636,1,1.3258435575673125e+23,132584.35575673124,92.88859889829152,0,0,0.825000,bridge_dst_event_flow,True
BNB,Poly,bnb_flow_0xdca440db5b47__synth_hidden_dst,0xdca440db5b476879eb3cc111a338729f3fc27bf6155855673e31d263c978e997,0x2f7ac9436ba4b548f9582af91ca1ef02cd2f1f03|0x69a1913d334b524ea1632461c78797c837ca9fa6|0xc70882fd04799dfa6b72c7bda3068bfd9e11be66,0xc70882fd04799dfa6b72c7bda3068bfd9e11be66,0x69a1913d334b524ea1632461c78797c837ca9fa6,RFuel,RFuel,0xdca440db5b476879eb3cc111a338729f3fc27bf6155855673e31d263c978e997_RFuel,1661734636,1661734636,1,1.3258435575673125e+23,132584.35575673124,92.88859889829152,0,0,0.825000,bridge_dst_event_flow,True
BNB,Poly,bnb_flow_0xdca440db5b47__synth_noise_dst_0,0xdca440db5b476879eb3cc111a338729f3fc27bf6155855673e31d263c978e997,0x2f7ac9436ba4b548f9582af91ca1ef02cd2f1f03|0x69a1913d334b524ea1632461c78797c837ca9fa6|0xc70882fd04799dfa6b72c7bda3068bfd9e11be66,0xc70882fd04799dfa6b72c7bda3068bfd9e11be66,0x69a1913d334b524ea1632461c78797c837ca9fa6,RFuel,RFuel,0xdca440db5b476879eb3cc111a338729f3fc27bf6155855673e31d263c978e997_RFuel,1661734696,1661734696,1,1.3258435575673125e+23,132584.35575673124,92.88859889829152,0,0,0.825000,bridge_dst_event_flow,True
BNB,Poly,bnb_flow_0xdca440db5b47__synth_noise_dst_1,0xdca440db5b476879eb3cc111a338729f3fc27bf6155855673e31d263c978e997,0x2f7ac9436ba4b548f9582af91ca1ef02cd2f1f03|0x69a1913d334b524ea1632461c78797c837ca9fa6|0xc70882fd04799dfa6b72c7bda3068bfd9e11be66,0xc70882fd04799dfa6b72c7bda3068bfd9e11be66,0x69a1913d334b524ea1632461c78797c837ca9fa6,RFuel,RFuel,0xdca440db5b476879eb3cc111a338729f3fc27bf6155855673e31d263c978e997_RFuel,1661734756,1661734756,1,1.3258435575673125e+23,132584.35575673124,92.88859889829152,0,0,0.825000,bridge_dst_event_flow,True
BNB,Poly,bnb_flow_0x624b5d20fe9a__synth_split_a,0x624b5d20fe9added774f1d7b516339fcac08716974bf98cac1dcf00b43f3db84,0x2f7ac9436ba4b548f9582af91ca1ef02cd2f1f03|0xe552fb52a4f19e44ef5a967632dbc320b0820639|0xf2ce52e3d0eb5d237341c9a75ca24647d87d7e55,0xf2ce52e3d0eb5d237341c9a75ca24647d87d7e55,0xe552fb52a4f19e44ef5a967632dbc320b0820639,Metis,Metis,0x624b5d20fe9added774f1d7b516339fcac08716974bf98cac1dcf00b43f3db84_Metis,1660488548,1660488548,1,6.53564027155368e+19,65.3564027155368,177.72526962647586,0,0,0.825000,bridge_dst_event_flow,True
BNB,Poly,bnb_flow_0x624b5d20fe9a__synth_split_b,0x624b5d20fe9added774f1d7b516339fcac08716974bf98cac1dcf00b43f3db84,0x2f7ac9436ba4b548f9582af91ca1ef02cd2f1f03|0xe552fb52a4f19e44ef5a967632dbc320b0820639|0xf2ce52e3d0eb5d237341c9a75ca24647d87d7e55,0xf2ce52e3d0eb5d237341c9a75ca24647d87d7e55,0xe552fb52a4f19e44ef5a967632dbc320b0820639,Metis,Metis,0x624b5d20fe9added774f1d7b516339fcac08716974bf98cac1dcf00b43f3db84_Metis,1660488548,1660488548,1,6.53564027155368e+19,65.3564027155368,177.72526962647586,0,0,0.825000,bridge_dst_event_flow,True
BNB,Poly,bnb_flow_0x624b5d20fe9a__synth_merge_dst,0x624b5d20fe9added774f1d7b516339fcac08716974bf98cac1dcf00b43f3db84,0x2f7ac9436ba4b548f9582af91ca1ef02cd2f1f03|0xe552fb52a4f19e44ef5a967632dbc320b0820639|0xf2ce52e3d0eb5d237341c9a75ca24647d87d7e55,0xf2ce52e3d0eb5d237341c9a75ca24647d87d7e55,0xe552fb52a4f19e44ef5a967632dbc320b0820639,Metis,Metis,0x624b5d20fe9added774f1d7b516339fcac08716974bf98cac1dcf00b43f3db84_Metis,1660488548,1660488548,1,1.307128054310736e+20,130.7128054310736,355.4505392529517,0,0,0.825000,bridge_dst_event_flow,True
BNB,Poly,bnb_flow_0x624b5d20fe9a__synth_hidden_dst,0x624b5d20fe9added774f1d7b516339fcac08716974bf98cac1dcf00b43f3db84,0x2f7ac9436ba4b548f9582af91ca1ef02cd2f1f03|0xe552fb52a4f19e44ef5a967632dbc320b0820639|0xf2ce52e3d0eb5d237341c9a75ca24647d87d7e55,0xf2ce52e3d0eb5d237341c9a75ca24647d87d7e55,0xe552fb52a4f19e44ef5a967632dbc320b0820639,Metis,Metis,0x624b5d20fe9added774f1d7b516339fcac08716974bf98cac1dcf00b43f3db84_Metis,1660488548,1660488548,1,1.307128054310736e+20,130.7128054310736,355.4505392529517,0,0,0.825000,bridge_dst_event_flow,True
BNB,Poly,bnb_flow_0x624b5d20fe9a__synth_noise_dst_0,0x624b5d20fe9added774f1d7b516339fcac08716974bf98cac1dcf00b43f3db84,0x2f7ac9436ba4b548f9582af91ca1ef02cd2f1f03|0xe552fb52a4f19e44ef5a967632dbc320b0820639|0xf2ce52e3d0eb5d237341c9a75ca24647d87d7e55,0xf2ce52e3d0eb5d237341c9a75ca24647d87d7e55,0xe552fb52a4f19e44ef5a967632dbc320b0820639,Metis,Metis,0x624b5d20fe9added774f1d7b516339fcac08716974bf98cac1dcf00b43f3db84_Metis,1660488608,1660488608,1,1.307128054310736e+20,130.7128054310736,355.4505392529517,0,0,0.825000,bridge_dst_event_flow,True
BNB,Poly,bnb_flow_0x624b5d20fe9a__synth_noise_dst_1,0x624b5d20fe9added774f1d7b516339fcac08716974bf98cac1dcf00b43f3db84,0x2f7ac9436ba4b548f9582af91ca1ef02cd2f1f03|0xe552fb52a4f19e44ef5a967632dbc320b0820639|0xf2ce52e3d0eb5d237341c9a75ca24647d87d7e55,0xf2ce52e3d0eb5d237341c9a75ca24647d87d7e55,0xe552fb52a4f19e44ef5a967632dbc320b0820639,Metis,Metis,0x624b5d20fe9added774f1d7b516339fcac08716974bf98cac1dcf00b43f3db84_Metis,1660488668,1660488668,1,1.307128054310736e+20,130.7128054310736,355.4505392529517,0,0,0.825000,bridge_dst_event_flow,True
BNB,Poly,bnb_flow_0x49620475371f__synth_split_a,0x49620475371ffabede023a8ce1de492be36d1d2ef9373c5e06718d996418ef06,0x2f7ac9436ba4b548f9582af91ca1ef02cd2f1f03|0xe034db422431b665301665516e60193365367bc2|0xe552fb52a4f19e44ef5a967632dbc320b0820639,0xe034db422431b665301665516e60193365367bc2,0xe552fb52a4f19e44ef5a967632dbc320b0820639,Metis,Metis,0x49620475371ffabede023a8ce1de492be36d1d2ef9373c5e06718d996418ef06_Metis,1646205527,1646205527,1,4.767149377099016e+19,47.67149377099016,129.63426277945965,0,0,0.825000,bridge_dst_event_flow,True
BNB,Poly,bnb_flow_0x49620475371f__synth_split_b,0x49620475371ffabede023a8ce1de492be36d1d2ef9373c5e06718d996418ef06,0x2f7ac9436ba4b548f9582af91ca1ef02cd2f1f03|0xe034db422431b665301665516e60193365367bc2|0xe552fb52a4f19e44ef5a967632dbc320b0820639,0xe034db422431b665301665516e60193365367bc2,0xe552fb52a4f19e44ef5a967632dbc320b0820639,Metis,Metis,0x49620475371ffabede023a8ce1de492be36d1d2ef9373c5e06718d996418ef06_Metis,1646205527,1646205527,1,4.767149377099016e+19,47.67149377099016,129.63426277945965,0,0,0.825000,bridge_dst_event_flow,True
BNB,Poly,bnb_flow_0x49620475371f__synth_merge_dst,0x49620475371ffabede023a8ce1de492be36d1d2ef9373c5e06718d996418ef06,0x2f7ac9436ba4b548f9582af91ca1ef02cd2f1f03|0xe034db422431b665301665516e60193365367bc2|0xe552fb52a4f19e44ef5a967632dbc320b0820639,0xe034db422431b665301665516e60193365367bc2,0xe552fb52a4f19e44ef5a967632dbc320b0820639,Metis,Metis,0x49620475371ffabede023a8ce1de492be36d1d2ef9373c5e06718d996418ef06_Metis,1646205527,1646205527,1,9.534298754198032e+19,95.34298754198032,259.2685255589193,0,0,0.825000,bridge_dst_event_flow,True
BNB,Poly,bnb_flow_0x49620475371f__synth_hidden_dst,0x49620475371ffabede023a8ce1de492be36d1d2ef9373c5e06718d996418ef06,0x2f7ac9436ba4b548f9582af91ca1ef02cd2f1f03|0xe034db422431b665301665516e60193365367bc2|0xe552fb52a4f19e44ef5a967632dbc320b0820639,0xe034db422431b665301665516e60193365367bc2,0xe552fb52a4f19e44ef5a967632dbc320b0820639,Metis,Metis,0x49620475371ffabede023a8ce1de492be36d1d2ef9373c5e06718d996418ef06_Metis,1646205527,1646205527,1,9.534298754198032e+19,95.34298754198032,259.2685255589193,0,0,0.825000,bridge_dst_event_flow,True
BNB,Poly,bnb_flow_0x49620475371f__synth_noise_dst_0,0x49620475371ffabede023a8ce1de492be36d1d2ef9373c5e06718d996418ef06,0x2f7ac9436ba4b548f9582af91ca1ef02cd2f1f03|0xe034db422431b665301665516e60193365367bc2|0xe552fb52a4f19e44ef5a967632dbc320b0820639,0xe034db422431b665301665516e60193365367bc2,0xe552fb52a4f19e44ef5a967632dbc320b0820639,Metis,Metis,0x49620475371ffabede023a8ce1de492be36d1d2ef9373c5e06718d996418ef06_Metis,1646205587,1646205587,1,9.534298754198032e+19,95.34298754198032,259.2685255589193,0,0,0.825000,bridge_dst_event_flow,True
BNB,Poly,bnb_flow_0x49620475371f__synth_noise_dst_1,0x49620475371ffabede023a8ce1de492be36d1d2ef9373c5e06718d996418ef06,0x2f7ac9436ba4b548f9582af91ca1ef02cd2f1f03|0xe034db422431b665301665516e60193365367bc2|0xe552fb52a4f19e44ef5a967632dbc320b0820639,0xe034db422431b665301665516e60193365367bc2,0xe552fb52a4f19e44ef5a967632dbc320b0820639,Metis,Metis,0x49620475371ffabede023a8ce1de492be36d1d2ef9373c5e06718d996418ef06_Metis,1646205647,1646205647,1,9.534298754198032e+19,95.34298754198032,259.2685255589193,0,0,0.825000,bridge_dst_event_flow,True
BNB,Poly,bnb_flow_0x3adc3e1dedb5__synth_split_a,0x3adc3e1dedb5512bdd9580a7356826d7c20568aafa3b588d6ed4d41c9b5da9dc,0x2f7ac9436ba4b548f9582af91ca1ef02cd2f1f03|0xd54e4f8a55247487dd7c8c59f14ee5c0c2889477|0xe552fb52a4f19e44ef5a967632dbc320b0820639,0xd54e4f8a55247487dd7c8c59f14ee5c0c2889477,0xe552fb52a4f19e44ef5a967632dbc320b0820639,Metis,Metis,0x3adc3e1dedb5512bdd9580a7356826d7c20568aafa3b588d6ed4d41c9b5da9dc_Metis,1657587619,1657587619,1,5.35e+19,53.5,145.48386278849011,0,0,0.825000,bridge_dst_event_flow,True
BNB,Poly,bnb_flow_0x3adc3e1dedb5__synth_split_b,0x3adc3e1dedb5512bdd9580a7356826d7c20568aafa3b588d6ed4d41c9b5da9dc,0x2f7ac9436ba4b548f9582af91ca1ef02cd2f1f03|0xd54e4f8a55247487dd7c8c59f14ee5c0c2889477|0xe552fb52a4f19e44ef5a967632dbc320b0820639,0xd54e4f8a55247487dd7c8c59f14ee5c0c2889477,0xe552fb52a4f19e44ef5a967632dbc320b0820639,Metis,Metis,0x3adc3e1dedb5512bdd9580a7356826d7c20568aafa3b588d6ed4d41c9b5da9dc_Metis,1657587619,1657587619,1,5.35e+19,53.5,145.48386278849011,0,0,0.825000,bridge_dst_event_flow,True
BNB,Poly,bnb_flow_0x3adc3e1dedb5__synth_merge_dst,0x3adc3e1dedb5512bdd9580a7356826d7c20568aafa3b588d6ed4d41c9b5da9dc,0x2f7ac9436ba4b548f9582af91ca1ef02cd2f1f03|0xd54e4f8a55247487dd7c8c59f14ee5c0c2889477|0xe552fb52a4f19e44ef5a967632dbc320b0820639,0xd54e4f8a55247487dd7c8c59f14ee5c0c2889477,0xe552fb52a4f19e44ef5a967632dbc320b0820639,Metis,Metis,0x3adc3e1dedb5512bdd9580a7356826d7c20568aafa3b588d6ed4d41c9b5da9dc_Metis,1657587619,1657587619,1,1.07e+20,107.0,290.96772557698023,0,0,0.825000,bridge_dst_event_flow,True
BNB,Poly,bnb_flow_0x3adc3e1dedb5__synth_hidden_dst,0x3adc3e1dedb5512bdd9580a7356826d7c20568aafa3b588d6ed4d41c9b5da9dc,0x2f7ac9436ba4b548f9582af91ca1ef02cd2f1f03|0xd54e4f8a55247487dd7c8c59f14ee5c0c2889477|0xe552fb52a4f19e44ef5a967632dbc320b0820639,0xd54e4f8a55247487dd7c8c59f14ee5c0c2889477,0xe552fb52a4f19e44ef5a967632dbc320b0820639,Metis,Metis,0x3adc3e1dedb5512bdd9580a7356826d7c20568aafa3b588d6ed4d41c9b5da9dc_Metis,1657587619,1657587619,1,1.07e+20,107.0,290.96772557698023,0,0,0.825000,bridge_dst_event_flow,True
BNB,Poly,bnb_flow_0x3adc3e1dedb5__synth_noise_dst_0,0x3adc3e1dedb5512bdd9580a7356826d7c20568aafa3b588d6ed4d41c9b5da9dc,0x2f7ac9436ba4b548f9582af91ca1ef02cd2f1f03|0xd54e4f8a55247487dd7c8c59f14ee5c0c2889477|0xe552fb52a4f19e44ef5a967632dbc320b0820639,0xd54e4f8a55247487dd7c8c59f14ee5c0c2889477,0xe552fb52a4f19e44ef5a967632dbc320b0820639,Metis,Metis,0x3adc3e1dedb5512bdd9580a7356826d7c20568aafa3b588d6ed4d41c9b5da9dc_Metis,1657587679,1657587679,1,1.07e+20,107.0,290.96772557698023,0,0,0.825000,bridge_dst_event_flow,True
BNB,Poly,bnb_flow_0x3adc3e1dedb5__synth_noise_dst_1,0x3adc3e1dedb5512bdd9580a7356826d7c20568aafa3b588d6ed4d41c9b5da9dc,0x2f7ac9436ba4b548f9582af91ca1ef02cd2f1f03|0xd54e4f8a55247487dd7c8c59f14ee5c0c2889477|0xe552fb52a4f19e44ef5a967632dbc320b0820639,0xd54e4f8a55247487dd7c8c59f14ee5c0c2889477,0xe552fb52a4f19e44ef5a967632dbc320b0820639,Metis,Metis,0x3adc3e1dedb5512bdd9580a7356826d7c20568aafa3b588d6ed4d41c9b5da9dc_Metis,1657587739,1657587739,1,1.07e+20,107.0,290.96772557698023,0,0,0.825000,bridge_dst_event_flow,True
BNB,Poly,bnb_flow_0xcc0ff5d8bc11__synth_split_a,0xcc0ff5d8bc1174da08e1868660528efe4b5e61e0ab5ef4e8711a8bedfb7f58d3,0x0d5c74664e49fd06efc1229fad18f9c5d29f7554|0x2f7ac9436ba4b548f9582af91ca1ef02cd2f1f03|0xe552fb52a4f19e44ef5a967632dbc320b0820639,0x0d5c74664e49fd06efc1229fad18f9c5d29f7554,0xe552fb52a4f19e44ef5a967632dbc320b0820639,Metis,Metis,0xcc0ff5d8bc1174da08e1868660528efe4b5e61e0ab5ef4e8711a8bedfb7f58d3_Metis,1648500853,1648500853,1,2.246011997319993e+19,22.46011997319993,61.0763553718513,0,0,0.825000,bridge_dst_event_flow,True
BNB,Poly,bnb_flow_0xcc0ff5d8bc11__synth_split_b,0xcc0ff5d8bc1174da08e1868660528efe4b5e61e0ab5ef4e8711a8bedfb7f58d3,0x0d5c74664e49fd06efc1229fad18f9c5d29f7554|0x2f7ac9436ba4b548f9582af91ca1ef02cd2f1f03|0xe552fb52a4f19e44ef5a967632dbc320b0820639,0x0d5c74664e49fd06efc1229fad18f9c5d29f7554,0xe552fb52a4f19e44ef5a967632dbc320b0820639,Metis,Metis,0xcc0ff5d8bc1174da08e1868660528efe4b5e61e0ab5ef4e8711a8bedfb7f58d3_Metis,1648500853,1648500853,1,2.246011997319993e+19,22.46011997319993,61.0763553718513,0,0,0.825000,bridge_dst_event_flow,True
BNB,Poly,bnb_flow_0xcc0ff5d8bc11__synth_merge_dst,0xcc0ff5d8bc1174da08e1868660528efe4b5e61e0ab5ef4e8711a8bedfb7f58d3,0x0d5c74664e49fd06efc1229fad18f9c5d29f7554|0x2f7ac9436ba4b548f9582af91ca1ef02cd2f1f03|0xe552fb52a4f19e44ef5a967632dbc320b0820639,0x0d5c74664e49fd06efc1229fad18f9c5d29f7554,0xe552fb52a4f19e44ef5a967632dbc320b0820639,Metis,Metis,0xcc0ff5d8bc1174da08e1868660528efe4b5e61e0ab5ef4e8711a8bedfb7f58d3_Metis,1648500853,1648500853,1,4.492023994639986e+19,44.92023994639986,122.1527107437026,0,0,0.825000,bridge_dst_event_flow,True
BNB,Poly,bnb_flow_0xcc0ff5d8bc11__synth_hidden_dst,0xcc0ff5d8bc1174da08e1868660528efe4b5e61e0ab5ef4e8711a8bedfb7f58d3,0x0d5c74664e49fd06efc1229fad18f9c5d29f7554|0x2f7ac9436ba4b548f9582af91ca1ef02cd2f1f03|0xe552fb52a4f19e44ef5a967632dbc320b0820639,0x0d5c74664e49fd06efc1229fad18f9c5d29f7554,0xe552fb52a4f19e44ef5a967632dbc320b0820639,Metis,Metis,0xcc0ff5d8bc1174da08e1868660528efe4b5e61e0ab5ef4e8711a8bedfb7f58d3_Metis,1648500853,1648500853,1,4.492023994639986e+19,44.92023994639986,122.1527107437026,0,0,0.825000,bridge_dst_event_flow,True
BNB,Poly,bnb_flow_0xcc0ff5d8bc11__synth_noise_dst_0,0xcc0ff5d8bc1174da08e1868660528efe4b5e61e0ab5ef4e8711a8bedfb7f58d3,0x0d5c74664e49fd06efc1229fad18f9c5d29f7554|0x2f7ac9436ba4b548f9582af91ca1ef02cd2f1f03|0xe552fb52a4f19e44ef5a967632dbc320b0820639,0x0d5c74664e49fd06efc1229fad18f9c5d29f7554,0xe552fb52a4f19e44ef5a967632dbc320b0820639,Metis,Metis,0xcc0ff5d8bc1174da08e1868660528efe4b5e61e0ab5ef4e8711a8bedfb7f58d3_Metis,1648500913,1648500913,1,4.492023994639986e+19,44.92023994639986,122.1527107437026,0,0,0.825000,bridge_dst_event_flow,True
BNB,Poly,bnb_flow_0xcc0ff5d8bc11__synth_noise_dst_1,0xcc0ff5d8bc1174da08e1868660528efe4b5e61e0ab5ef4e8711a8bedfb7f58d3,0x0d5c74664e49fd06efc1229fad18f9c5d29f7554|0x2f7ac9436ba4b548f9582af91ca1ef02cd2f1f03|0xe552fb52a4f19e44ef5a967632dbc320b0820639,0x0d5c74664e49fd06efc1229fad18f9c5d29f7554,0xe552fb52a4f19e44ef5a967632dbc320b0820639,Metis,Metis,0xcc0ff5d8bc1174da08e1868660528efe4b5e61e0ab5ef4e8711a8bedfb7f58d3_Metis,1648500973,1648500973,1,4.492023994639986e+19,44.92023994639986,122.1527107437026,0,0,0.825000,bridge_dst_event_flow,True
BNB,Poly,bnb_flow_0xf4b85cb73047__synth_split_a,0xf4b85cb730479876c400c48ac3fe29e5637430f314e8857d057edd681e7f40c4,0x2f7ac9436ba4b548f9582af91ca1ef02cd2f1f03|0x7a6a59588b8106045303e1923227a2cefbec2b66|0xe552fb52a4f19e44ef5a967632dbc320b0820639,0x7a6a59588b8106045303e1923227a2cefbec2b66,0xe552fb52a4f19e44ef5a967632dbc320b0820639,Metis,Metis,0xf4b85cb730479876c400c48ac3fe29e5637430f314e8857d057edd681e7f40c4_Metis,1645561375,1645561375,1,8.293468496150346e+18,8.293468496150346,22.55263238756266,0,0,0.825000,bridge_dst_event_flow,True
BNB,Poly,bnb_flow_0xf4b85cb73047__synth_split_b,0xf4b85cb730479876c400c48ac3fe29e5637430f314e8857d057edd681e7f40c4,0x2f7ac9436ba4b548f9582af91ca1ef02cd2f1f03|0x7a6a59588b8106045303e1923227a2cefbec2b66|0xe552fb52a4f19e44ef5a967632dbc320b0820639,0x7a6a59588b8106045303e1923227a2cefbec2b66,0xe552fb52a4f19e44ef5a967632dbc320b0820639,Metis,Metis,0xf4b85cb730479876c400c48ac3fe29e5637430f314e8857d057edd681e7f40c4_Metis,1645561375,1645561375,1,8.293468496150346e+18,8.293468496150346,22.55263238756266,0,0,0.825000,bridge_dst_event_flow,True
BNB,Poly,bnb_flow_0xf4b85cb73047__synth_split_c,0xf4b85cb730479876c400c48ac3fe29e5637430f314e8857d057edd681e7f40c4,0x2f7ac9436ba4b548f9582af91ca1ef02cd2f1f03|0x7a6a59588b8106045303e1923227a2cefbec2b66|0xe552fb52a4f19e44ef5a967632dbc320b0820639,0x7a6a59588b8106045303e1923227a2cefbec2b66,0xe552fb52a4f19e44ef5a967632dbc320b0820639,Metis,Metis,0xf4b85cb730479876c400c48ac3fe29e5637430f314e8857d057edd681e7f40c4_Metis,1645561375,1645561375,1,8.293468496150346e+18,8.293468496150346,22.55263238756266,0,0,0.825000,bridge_dst_event_flow,True
BNB,Poly,bnb_flow_0xf4b85cb73047__synth_split_d,0xf4b85cb730479876c400c48ac3fe29e5637430f314e8857d057edd681e7f40c4,0x2f7ac9436ba4b548f9582af91ca1ef02cd2f1f03|0x7a6a59588b8106045303e1923227a2cefbec2b66|0xe552fb52a4f19e44ef5a967632dbc320b0820639,0x7a6a59588b8106045303e1923227a2cefbec2b66,0xe552fb52a4f19e44ef5a967632dbc320b0820639,Metis,Metis,0xf4b85cb730479876c400c48ac3fe29e5637430f314e8857d057edd681e7f40c4_Metis,1645561375,1645561375,1,8.293468496150346e+18,8.293468496150346,22.55263238756266,0,0,0.825000,bridge_dst_event_flow,True
BNB,Poly,bnb_flow_0xf4b85cb73047__synth_split_e,0xf4b85cb730479876c400c48ac3fe29e5637430f314e8857d057edd681e7f40c4,0x2f7ac9436ba4b548f9582af91ca1ef02cd2f1f03|0x7a6a59588b8106045303e1923227a2cefbec2b66|0xe552fb52a4f19e44ef5a967632dbc320b0820639,0x7a6a59588b8106045303e1923227a2cefbec2b66,0xe552fb52a4f19e44ef5a967632dbc320b0820639,Metis,Metis,0xf4b85cb730479876c400c48ac3fe29e5637430f314e8857d057edd681e7f40c4_Metis,1645561375,1645561375,1,8.293468496150346e+18,8.293468496150346,22.55263238756266,0,0,0.825000,bridge_dst_event_flow,True
BNB,Poly,bnb_flow_0xf4b85cb73047__synth_split_f,0xf4b85cb730479876c400c48ac3fe29e5637430f314e8857d057edd681e7f40c4,0x2f7ac9436ba4b548f9582af91ca1ef02cd2f1f03|0x7a6a59588b8106045303e1923227a2cefbec2b66|0xe552fb52a4f19e44ef5a967632dbc320b0820639,0x7a6a59588b8106045303e1923227a2cefbec2b66,0xe552fb52a4f19e44ef5a967632dbc320b0820639,Metis,Metis,0xf4b85cb730479876c400c48ac3fe29e5637430f314e8857d057edd681e7f40c4_Metis,1645561375,1645561375,1,8.293468496150346e+18,8.293468496150346,22.55263238756266,0,0,0.825000,bridge_dst_event_flow,True
BNB,Poly,bnb_flow_0xf4b85cb73047__synth_merge_dst,0xf4b85cb730479876c400c48ac3fe29e5637430f314e8857d057edd681e7f40c4,0x2f7ac9436ba4b548f9582af91ca1ef02cd2f1f03|0x7a6a59588b8106045303e1923227a2cefbec2b66|0xe552fb52a4f19e44ef5a967632dbc320b0820639,0x7a6a59588b8106045303e1923227a2cefbec2b66,0xe552fb52a4f19e44ef5a967632dbc320b0820639,Metis,Metis,0xf4b85cb730479876c400c48ac3fe29e5637430f314e8857d057edd681e7f40c4_Metis,1645561375,1645561375,1,4.976081097690208e+19,49.76081097690208,135.31579432537598,0,0,0.825000,bridge_dst_event_flow,True
BNB,Poly,bnb_flow_0xf4b85cb73047__synth_hidden_dst,0xf4b85cb730479876c400c48ac3fe29e5637430f314e8857d057edd681e7f40c4,0x2f7ac9436ba4b548f9582af91ca1ef02cd2f1f03|0x7a6a59588b8106045303e1923227a2cefbec2b66|0xe552fb52a4f19e44ef5a967632dbc320b0820639,0x7a6a59588b8106045303e1923227a2cefbec2b66,0xe552fb52a4f19e44ef5a967632dbc320b0820639,Metis,Metis,0xf4b85cb730479876c400c48ac3fe29e5637430f314e8857d057edd681e7f40c4_Metis,1645561375,1645561375,1,4.976081097690208e+19,49.76081097690208,135.31579432537598,0,0,0.825000,bridge_dst_event_flow,True
BNB,Poly,bnb_flow_0xf4b85cb73047__synth_noise_dst_0,0xf4b85cb730479876c400c48ac3fe29e5637430f314e8857d057edd681e7f40c4,0x2f7ac9436ba4b548f9582af91ca1ef02cd2f1f03|0x7a6a59588b8106045303e1923227a2cefbec2b66|0xe552fb52a4f19e44ef5a967632dbc320b0820639,0x7a6a59588b8106045303e1923227a2cefbec2b66,0xe552fb52a4f19e44ef5a967632dbc320b0820639,Metis,Metis,0xf4b85cb730479876c400c48ac3fe29e5637430f314e8857d057edd681e7f40c4_Metis,1645561435,1645561435,1,4.976081097690208e+19,49.76081097690208,135.31579432537598,0,0,0.825000,bridge_dst_event_flow,True
BNB,Poly,bnb_flow_0xf4b85cb73047__synth_noise_dst_1,0xf4b85cb730479876c400c48ac3fe29e5637430f314e8857d057edd681e7f40c4,0x2f7ac9436ba4b548f9582af91ca1ef02cd2f1f03|0x7a6a59588b8106045303e1923227a2cefbec2b66|0xe552fb52a4f19e44ef5a967632dbc320b0820639,0x7a6a59588b8106045303e1923227a2cefbec2b66,0xe552fb52a4f19e44ef5a967632dbc320b0820639,Metis,Metis,0xf4b85cb730479876c400c48ac3fe29e5637430f314e8857d057edd681e7f40c4_Metis,1645561495,1645561495,1,4.976081097690208e+19,49.76081097690208,135.31579432537598,0,0,0.825000,bridge_dst_event_flow,True
BNB,Poly,bnb_flow_0xe077db0061fe__synth_split_a,0xe077db0061fec1a888dc182b6ac79067d48cae1f43db9662e3733af5695fb63f,0x2f7ac9436ba4b548f9582af91ca1ef02cd2f1f03|0x7a6a59588b8106045303e1923227a2cefbec2b66|0xe552fb52a4f19e44ef5a967632dbc320b0820639,0x7a6a59588b8106045303e1923227a2cefbec2b66,0xe552fb52a4f19e44ef5a967632dbc320b0820639,Metis,Metis,0xe077db0061fec1a888dc182b6ac79067d48cae1f43db9662e3733af5695fb63f_Metis,1659672310,1659672310,1,5.25360857350978e+19,52.53608573509779,142.8626670753144,0,0,0.825000,bridge_dst_event_flow,True
BNB,Poly,bnb_flow_0xe077db0061fe__synth_split_b,0xe077db0061fec1a888dc182b6ac79067d48cae1f43db9662e3733af5695fb63f,0x2f7ac9436ba4b548f9582af91ca1ef02cd2f1f03|0x7a6a59588b8106045303e1923227a2cefbec2b66|0xe552fb52a4f19e44ef5a967632dbc320b0820639,0x7a6a59588b8106045303e1923227a2cefbec2b66,0xe552fb52a4f19e44ef5a967632dbc320b0820639,Metis,Metis,0xe077db0061fec1a888dc182b6ac79067d48cae1f43db9662e3733af5695fb63f_Metis,1659672310,1659672310,1,5.25360857350978e+19,52.53608573509779,142.8626670753144,0,0,0.825000,bridge_dst_event_flow,True
BNB,Poly,bnb_flow_0xe077db0061fe__synth_merge_dst,0xe077db0061fec1a888dc182b6ac79067d48cae1f43db9662e3733af5695fb63f,0x2f7ac9436ba4b548f9582af91ca1ef02cd2f1f03|0x7a6a59588b8106045303e1923227a2cefbec2b66|0xe552fb52a4f19e44ef5a967632dbc320b0820639,0x7a6a59588b8106045303e1923227a2cefbec2b66,0xe552fb52a4f19e44ef5a967632dbc320b0820639,Metis,Metis,0xe077db0061fec1a888dc182b6ac79067d48cae1f43db9662e3733af5695fb63f_Metis,1659672310,1659672310,1,1.050721714701956e+20,105.07217147019558,285.7253341506288,0,0,0.825000,bridge_dst_event_flow,True
BNB,Poly,bnb_flow_0xe077db0061fe__synth_hidden_dst,0xe077db0061fec1a888dc182b6ac79067d48cae1f43db9662e3733af5695fb63f,0x2f7ac9436ba4b548f9582af91ca1ef02cd2f1f03|0x7a6a59588b8106045303e1923227a2cefbec2b66|0xe552fb52a4f19e44ef5a967632dbc320b0820639,0x7a6a59588b8106045303e1923227a2cefbec2b66,0xe552fb52a4f19e44ef5a967632dbc320b0820639,Metis,Metis,0xe077db0061fec1a888dc182b6ac79067d48cae1f43db9662e3733af5695fb63f_Metis,1659672310,1659672310,1,1.050721714701956e+20,105.07217147019558,285.7253341506288,0,0,0.825000,bridge_dst_event_flow,True
BNB,Poly,bnb_flow_0xe077db0061fe__synth_noise_dst_0,0xe077db0061fec1a888dc182b6ac79067d48cae1f43db9662e3733af5695fb63f,0x2f7ac9436ba4b548f9582af91ca1ef02cd2f1f03|0x7a6a59588b8106045303e1923227a2cefbec2b66|0xe552fb52a4f19e44ef5a967632dbc320b0820639,0x7a6a59588b8106045303e1923227a2cefbec2b66,0xe552fb52a4f19e44ef5a967632dbc320b0820639,Metis,Metis,0xe077db0061fec1a888dc182b6ac79067d48cae1f43db9662e3733af5695fb63f_Metis,1659672370,1659672370,1,1.050721714701956e+20,105.07217147019558,285.7253341506288,0,0,0.825000,bridge_dst_event_flow,True
BNB,Poly,bnb_flow_0xe077db0061fe__synth_noise_dst_1,0xe077db0061fec1a888dc182b6ac79067d48cae1f43db9662e3733af5695fb63f,0x2f7ac9436ba4b548f9582af91ca1ef02cd2f1f03|0x7a6a59588b8106045303e1923227a2cefbec2b66|0xe552fb52a4f19e44ef5a967632dbc320b0820639,0x7a6a59588b8106045303e1923227a2cefbec2b66,0xe552fb52a4f19e44ef5a967632dbc320b0820639,Metis,Metis,0xe077db0061fec1a888dc182b6ac79067d48cae1f43db9662e3733af5695fb63f_Metis,1659672430,1659672430,1,1.050721714701956e+20,105.07217147019558,285.7253341506288,0,0,0.825000,bridge_dst_event_flow,True
BNB,Poly,bnb_flow_0xa00a5fd29196__synth_split_a,0xa00a5fd29196d419b0dbad037c2c5a4abe0e9bda9492b1264538be72b5286ab9,0x2f7ac9436ba4b548f9582af91ca1ef02cd2f1f03|0x69a1913d334b524ea1632461c78797c837ca9fa6|0xd54e4f8a55247487dd7c8c59f14ee5c0c2889477,0xd54e4f8a55247487dd7c8c59f14ee5c0c2889477,0x69a1913d334b524ea1632461c78797c837ca9fa6,RFuel,RFuel,0xa00a5fd29196d419b0dbad037c2c5a4abe0e9bda9492b1264538be72b5286ab9_RFuel,1666805606,1666805606,1,7.928496944278162e+22,79284.96944278163,55.54704914618059,0,0,0.800000,bridge_dst_event_flow,True
BNB,Poly,bnb_flow_0xa00a5fd29196__synth_split_b,0xa00a5fd29196d419b0dbad037c2c5a4abe0e9bda9492b1264538be72b5286ab9,0x2f7ac9436ba4b548f9582af91ca1ef02cd2f1f03|0x69a1913d334b524ea1632461c78797c837ca9fa6|0xd54e4f8a55247487dd7c8c59f14ee5c0c2889477,0xd54e4f8a55247487dd7c8c59f14ee5c0c2889477,0x69a1913d334b524ea1632461c78797c837ca9fa6,RFuel,RFuel,0xa00a5fd29196d419b0dbad037c2c5a4abe0e9bda9492b1264538be72b5286ab9_RFuel,1666805606,1666805606,1,7.928496944278162e+22,79284.96944278163,55.54704914618059,0,0,0.800000,bridge_dst_event_flow,True
BNB,Poly,bnb_flow_0xa00a5fd29196__synth_merge_dst,0xa00a5fd29196d419b0dbad037c2c5a4abe0e9bda9492b1264538be72b5286ab9,0x2f7ac9436ba4b548f9582af91ca1ef02cd2f1f03|0x69a1913d334b524ea1632461c78797c837ca9fa6|0xd54e4f8a55247487dd7c8c59f14ee5c0c2889477,0xd54e4f8a55247487dd7c8c59f14ee5c0c2889477,0x69a1913d334b524ea1632461c78797c837ca9fa6,RFuel,RFuel,0xa00a5fd29196d419b0dbad037c2c5a4abe0e9bda9492b1264538be72b5286ab9_RFuel,1666805606,1666805606,1,1.5856993888556325e+23,158569.93888556326,111.09409829236118,0,0,0.800000,bridge_dst_event_flow,True
BNB,Poly,bnb_flow_0xa00a5fd29196__synth_hidden_dst,0xa00a5fd29196d419b0dbad037c2c5a4abe0e9bda9492b1264538be72b5286ab9,0x2f7ac9436ba4b548f9582af91ca1ef02cd2f1f03|0x69a1913d334b524ea1632461c78797c837ca9fa6|0xd54e4f8a55247487dd7c8c59f14ee5c0c2889477,0xd54e4f8a55247487dd7c8c59f14ee5c0c2889477,0x69a1913d334b524ea1632461c78797c837ca9fa6,RFuel,RFuel,0xa00a5fd29196d419b0dbad037c2c5a4abe0e9bda9492b1264538be72b5286ab9_RFuel,1666805606,1666805606,1,1.5856993888556325e+23,158569.93888556326,111.09409829236118,0,0,0.800000,bridge_dst_event_flow,True
BNB,Poly,bnb_flow_0xa00a5fd29196__synth_noise_dst_0,0xa00a5fd29196d419b0dbad037c2c5a4abe0e9bda9492b1264538be72b5286ab9,0x2f7ac9436ba4b548f9582af91ca1ef02cd2f1f03|0x69a1913d334b524ea1632461c78797c837ca9fa6|0xd54e4f8a55247487dd7c8c59f14ee5c0c2889477,0xd54e4f8a55247487dd7c8c59f14ee5c0c2889477,0x69a1913d334b524ea1632461c78797c837ca9fa6,RFuel,RFuel,0xa00a5fd29196d419b0dbad037c2c5a4abe0e9bda9492b1264538be72b5286ab9_RFuel,1666805666,1666805666,1,1.5856993888556325e+23,158569.93888556326,111.09409829236118,0,0,0.800000,bridge_dst_event_flow,True
BNB,Poly,bnb_flow_0xa00a5fd29196__synth_noise_dst_1,0xa00a5fd29196d419b0dbad037c2c5a4abe0e9bda9492b1264538be72b5286ab9,0x2f7ac9436ba4b548f9582af91ca1ef02cd2f1f03|0x69a1913d334b524ea1632461c78797c837ca9fa6|0xd54e4f8a55247487dd7c8c59f14ee5c0c2889477,0xd54e4f8a55247487dd7c8c59f14ee5c0c2889477,0x69a1913d334b524ea1632461c78797c837ca9fa6,RFuel,RFuel,0xa00a5fd29196d419b0dbad037c2c5a4abe0e9bda9492b1264538be72b5286ab9_RFuel,1666805726,1666805726,1,1.5856993888556325e+23,158569.93888556326,111.09409829236118,0,0,0.800000,bridge_dst_event_flow,True
BNB,Poly,bnb_flow_0x0cc51586e5b9__synth_split_a,0x0cc51586e5b900aaa29fda8152e690a87177a1f94173f662b03302b3901c829f,0x2f7ac9436ba4b548f9582af91ca1ef02cd2f1f03|0x4e1b16ef22935a575a6811d4616f98c4077e4408|0x65a8f07bd9a8598e1b5b6c0a88f4779dbc077675,0x65a8f07bd9a8598e1b5b6c0a88f4779dbc077675,0x4e1b16ef22935a575a6811d4616f98c4077e4408,KEL,KEL,0x0cc51586e5b900aaa29fda8152e690a87177a1f94173f662b03302b3901c829f_KEL,1671189742,1671189742,1,1.2799659988296795e+22,12799.659988296795,14.32204622888236,0,0,0.800000,bridge_dst_event_flow,True
BNB,Poly,bnb_flow_0x0cc51586e5b9__synth_split_b,0x0cc51586e5b900aaa29fda8152e690a87177a1f94173f662b03302b3901c829f,0x2f7ac9436ba4b548f9582af91ca1ef02cd2f1f03|0x4e1b16ef22935a575a6811d4616f98c4077e4408|0x65a8f07bd9a8598e1b5b6c0a88f4779dbc077675,0x65a8f07bd9a8598e1b5b6c0a88f4779dbc077675,0x4e1b16ef22935a575a6811d4616f98c4077e4408,KEL,KEL,0x0cc51586e5b900aaa29fda8152e690a87177a1f94173f662b03302b3901c829f_KEL,1671189742,1671189742,1,1.2799659988296795e+22,12799.659988296795,14.32204622888236,0,0,0.800000,bridge_dst_event_flow,True
BNB,Poly,bnb_flow_0x0cc51586e5b9__synth_split_c,0x0cc51586e5b900aaa29fda8152e690a87177a1f94173f662b03302b3901c829f,0x2f7ac9436ba4b548f9582af91ca1ef02cd2f1f03|0x4e1b16ef22935a575a6811d4616f98c4077e4408|0x65a8f07bd9a8598e1b5b6c0a88f4779dbc077675,0x65a8f07bd9a8598e1b5b6c0a88f4779dbc077675,0x4e1b16ef22935a575a6811d4616f98c4077e4408,KEL,KEL,0x0cc51586e5b900aaa29fda8152e690a87177a1f94173f662b03302b3901c829f_KEL,1671189742,1671189742,1,1.2799659988296795e+22,12799.659988296795,14.32204622888236,0,0,0.800000,bridge_dst_event_flow,True
BNB,Poly,bnb_flow_0x0cc51586e5b9__synth_split_d,0x0cc51586e5b900aaa29fda8152e690a87177a1f94173f662b03302b3901c829f,0x2f7ac9436ba4b548f9582af91ca1ef02cd2f1f03|0x4e1b16ef22935a575a6811d4616f98c4077e4408|0x65a8f07bd9a8598e1b5b6c0a88f4779dbc077675,0x65a8f07bd9a8598e1b5b6c0a88f4779dbc077675,0x4e1b16ef22935a575a6811d4616f98c4077e4408,KEL,KEL,0x0cc51586e5b900aaa29fda8152e690a87177a1f94173f662b03302b3901c829f_KEL,1671189742,1671189742,1,1.2799659988296795e+22,12799.659988296795,14.32204622888236,0,0,0.800000,bridge_dst_event_flow,True
BNB,Poly,bnb_flow_0x0cc51586e5b9__synth_split_e,0x0cc51586e5b900aaa29fda8152e690a87177a1f94173f662b03302b3901c829f,0x2f7ac9436ba4b548f9582af91ca1ef02cd2f1f03|0x4e1b16ef22935a575a6811d4616f98c4077e4408|0x65a8f07bd9a8598e1b5b6c0a88f4779dbc077675,0x65a8f07bd9a8598e1b5b6c0a88f4779dbc077675,0x4e1b16ef22935a575a6811d4616f98c4077e4408,KEL,KEL,0x0cc51586e5b900aaa29fda8152e690a87177a1f94173f662b03302b3901c829f_KEL,1671189742,1671189742,1,1.2799659988296795e+22,12799.659988296795,14.32204622888236,0,0,0.800000,bridge_dst_event_flow,True
BNB,Poly,bnb_flow_0x0cc51586e5b9__synth_split_f,0x0cc51586e5b900aaa29fda8152e690a87177a1f94173f662b03302b3901c829f,0x2f7ac9436ba4b548f9582af91ca1ef02cd2f1f03|0x4e1b16ef22935a575a6811d4616f98c4077e4408|0x65a8f07bd9a8598e1b5b6c0a88f4779dbc077675,0x65a8f07bd9a8598e1b5b6c0a88f4779dbc077675,0x4e1b16ef22935a575a6811d4616f98c4077e4408,KEL,KEL,0x0cc51586e5b900aaa29fda8152e690a87177a1f94173f662b03302b3901c829f_KEL,1671189742,1671189742,1,1.2799659988296795e+22,12799.659988296795,14.32204622888236,0,0,0.800000,bridge_dst_event_flow,True
BNB,Poly,bnb_flow_0x0cc51586e5b9__synth_split_g,0x0cc51586e5b900aaa29fda8152e690a87177a1f94173f662b03302b3901c829f,0x2f7ac9436ba4b548f9582af91ca1ef02cd2f1f03|0x4e1b16ef22935a575a6811d4616f98c4077e4408|0x65a8f07bd9a8598e1b5b6c0a88f4779dbc077675,0x65a8f07bd9a8598e1b5b6c0a88f4779dbc077675,0x4e1b16ef22935a575a6811d4616f98c4077e4408,KEL,KEL,0x0cc51586e5b900aaa29fda8152e690a87177a1f94173f662b03302b3901c829f_KEL,1671189742,1671189742,1,1.2799659988296795e+22,12799.659988296795,14.32204622888236,0,0,0.800000,bridge_dst_event_flow,True
BNB,Poly,bnb_flow_0x0cc51586e5b9__synth_split_h,0x0cc51586e5b900aaa29fda8152e690a87177a1f94173f662b03302b3901c829f,0x2f7ac9436ba4b548f9582af91ca1ef02cd2f1f03|0x4e1b16ef22935a575a6811d4616f98c4077e4408|0x65a8f07bd9a8598e1b5b6c0a88f4779dbc077675,0x65a8f07bd9a8598e1b5b6c0a88f4779dbc077675,0x4e1b16ef22935a575a6811d4616f98c4077e4408,KEL,KEL,0x0cc51586e5b900aaa29fda8152e690a87177a1f94173f662b03302b3901c829f_KEL,1671189742,1671189742,1,1.2799659988296795e+22,12799.659988296795,14.32204622888236,0,0,0.800000,bridge_dst_event_flow,True
BNB,Poly,bnb_flow_0x0cc51586e5b9__synth_merge_dst,0x0cc51586e5b900aaa29fda8152e690a87177a1f94173f662b03302b3901c829f,0x2f7ac9436ba4b548f9582af91ca1ef02cd2f1f03|0x4e1b16ef22935a575a6811d4616f98c4077e4408|0x65a8f07bd9a8598e1b5b6c0a88f4779dbc077675,0x65a8f07bd9a8598e1b5b6c0a88f4779dbc077675,0x4e1b16ef22935a575a6811d4616f98c4077e4408,KEL,KEL,0x0cc51586e5b900aaa29fda8152e690a87177a1f94173f662b03302b3901c829f_KEL,1671189742,1671189742,1,1.0239727990637436e+23,102397.27990637436,114.57636983105888,0,0,0.800000,bridge_dst_event_flow,True
BNB,Poly,bnb_flow_0x0cc51586e5b9__synth_hidden_dst,0x0cc51586e5b900aaa29fda8152e690a87177a1f94173f662b03302b3901c829f,0x2f7ac9436ba4b548f9582af91ca1ef02cd2f1f03|0x4e1b16ef22935a575a6811d4616f98c4077e4408|0x65a8f07bd9a8598e1b5b6c0a88f4779dbc077675,0x65a8f07bd9a8598e1b5b6c0a88f4779dbc077675,0x4e1b16ef22935a575a6811d4616f98c4077e4408,KEL,KEL,0x0cc51586e5b900aaa29fda8152e690a87177a1f94173f662b03302b3901c829f_KEL,1671189742,1671189742,1,1.0239727990637436e+23,102397.27990637436,114.57636983105888,0,0,0.800000,bridge_dst_event_flow,True
BNB,Poly,bnb_flow_0x0cc51586e5b9__synth_noise_dst_0,0x0cc51586e5b900aaa29fda8152e690a87177a1f94173f662b03302b3901c829f,0x2f7ac9436ba4b548f9582af91ca1ef02cd2f1f03|0x4e1b16ef22935a575a6811d4616f98c4077e4408|0x65a8f07bd9a8598e1b5b6c0a88f4779dbc077675,0x65a8f07bd9a8598e1b5b6c0a88f4779dbc077675,0x4e1b16ef22935a575a6811d4616f98c4077e4408,KEL,KEL,0x0cc51586e5b900aaa29fda8152e690a87177a1f94173f662b03302b3901c829f_KEL,1671189802,1671189802,1,1.0239727990637436e+23,102397.27990637436,114.57636983105888,0,0,0.800000,bridge_dst_event_flow,True
BNB,Poly,bnb_flow_0x0cc51586e5b9__synth_noise_dst_1,0x0cc51586e5b900aaa29fda8152e690a87177a1f94173f662b03302b3901c829f,0x2f7ac9436ba4b548f9582af91ca1ef02cd2f1f03|0x4e1b16ef22935a575a6811d4616f98c4077e4408|0x65a8f07bd9a8598e1b5b6c0a88f4779dbc077675,0x65a8f07bd9a8598e1b5b6c0a88f4779dbc077675,0x4e1b16ef22935a575a6811d4616f98c4077e4408,KEL,KEL,0x0cc51586e5b900aaa29fda8152e690a87177a1f94173f662b03302b3901c829f_KEL,1671189862,1671189862,1,1.0239727990637436e+23,102397.27990637436,114.57636983105888,0,0,0.800000,bridge_dst_event_flow,True
BNB,Poly,bnb_flow_0x298601a2824d__synth_split_a,0x298601a2824d9d9fbfc2c90f58bb8612573f33d2654f8ae3733f269ca2e9e000,0x2f7ac9436ba4b548f9582af91ca1ef02cd2f1f03|0xe552fb52a4f19e44ef5a967632dbc320b0820639|0xf2ce52e3d0eb5d237341c9a75ca24647d87d7e55,0xf2ce52e3d0eb5d237341c9a75ca24647d87d7e55,0xe552fb52a4f19e44ef5a967632dbc320b0820639,Metis,Metis,0x298601a2824d9d9fbfc2c90f58bb8612573f33d2654f8ae3733f269ca2e9e000_Metis,1649078115,1649078115,1,2.3330294835813134e+19,23.330294835813135,63.442643228195465,0,0,0.825000,bridge_dst_event_flow,True
BNB,Poly,bnb_flow_0x298601a2824d__synth_split_b,0x298601a2824d9d9fbfc2c90f58bb8612573f33d2654f8ae3733f269ca2e9e000,0x2f7ac9436ba4b548f9582af91ca1ef02cd2f1f03|0xe552fb52a4f19e44ef5a967632dbc320b0820639|0xf2ce52e3d0eb5d237341c9a75ca24647d87d7e55,0xf2ce52e3d0eb5d237341c9a75ca24647d87d7e55,0xe552fb52a4f19e44ef5a967632dbc320b0820639,Metis,Metis,0x298601a2824d9d9fbfc2c90f58bb8612573f33d2654f8ae3733f269ca2e9e000_Metis,1649078115,1649078115,1,2.3330294835813134e+19,23.330294835813135,63.442643228195465,0,0,0.825000,bridge_dst_event_flow,True
BNB,Poly,bnb_flow_0x298601a2824d__synth_split_c,0x298601a2824d9d9fbfc2c90f58bb8612573f33d2654f8ae3733f269ca2e9e000,0x2f7ac9436ba4b548f9582af91ca1ef02cd2f1f03|0xe552fb52a4f19e44ef5a967632dbc320b0820639|0xf2ce52e3d0eb5d237341c9a75ca24647d87d7e55,0xf2ce52e3d0eb5d237341c9a75ca24647d87d7e55,0xe552fb52a4f19e44ef5a967632dbc320b0820639,Metis,Metis,0x298601a2824d9d9fbfc2c90f58bb8612573f33d2654f8ae3733f269ca2e9e000_Metis,1649078115,1649078115,1,2.3330294835813134e+19,23.330294835813135,63.442643228195465,0,0,0.825000,bridge_dst_event_flow,True
BNB,Poly,bnb_flow_0x298601a2824d__synth_merge_dst,0x298601a2824d9d9fbfc2c90f58bb8612573f33d2654f8ae3733f269ca2e9e000,0x2f7ac9436ba4b548f9582af91ca1ef02cd2f1f03|0xe552fb52a4f19e44ef5a967632dbc320b0820639|0xf2ce52e3d0eb5d237341c9a75ca24647d87d7e55,0xf2ce52e3d0eb5d237341c9a75ca24647d87d7e55,0xe552fb52a4f19e44ef5a967632dbc320b0820639,Metis,Metis,0x298601a2824d9d9fbfc2c90f58bb8612573f33d2654f8ae3733f269ca2e9e000_Metis,1649078115,1649078115,1,6.999088450743941e+19,69.9908845074394,190.3279296845864,0,0,0.825000,bridge_dst_event_flow,True
BNB,Poly,bnb_flow_0x298601a2824d__synth_hidden_dst,0x298601a2824d9d9fbfc2c90f58bb8612573f33d2654f8ae3733f269ca2e9e000,0x2f7ac9436ba4b548f9582af91ca1ef02cd2f1f03|0xe552fb52a4f19e44ef5a967632dbc320b0820639|0xf2ce52e3d0eb5d237341c9a75ca24647d87d7e55,0xf2ce52e3d0eb5d237341c9a75ca24647d87d7e55,0xe552fb52a4f19e44ef5a967632dbc320b0820639,Metis,Metis,0x298601a2824d9d9fbfc2c90f58bb8612573f33d2654f8ae3733f269ca2e9e000_Metis,1649078115,1649078115,1,6.999088450743941e+19,69.9908845074394,190.3279296845864,0,0,0.825000,bridge_dst_event_flow,True
BNB,Poly,bnb_flow_0x298601a2824d__synth_noise_dst_0,0x298601a2824d9d9fbfc2c90f58bb8612573f33d2654f8ae3733f269ca2e9e000,0x2f7ac9436ba4b548f9582af91ca1ef02cd2f1f03|0xe552fb52a4f19e44ef5a967632dbc320b0820639|0xf2ce52e3d0eb5d237341c9a75ca24647d87d7e55,0xf2ce52e3d0eb5d237341c9a75ca24647d87d7e55,0xe552fb52a4f19e44ef5a967632dbc320b0820639,Metis,Metis,0x298601a2824d9d9fbfc2c90f58bb8612573f33d2654f8ae3733f269ca2e9e000_Metis,1649078175,1649078175,1,6.999088450743941e+19,69.9908845074394,190.3279296845864,0,0,0.825000,bridge_dst_event_flow,True
BNB,Poly,bnb_flow_0x298601a2824d__synth_noise_dst_1,0x298601a2824d9d9fbfc2c90f58bb8612573f33d2654f8ae3733f269ca2e9e000,0x2f7ac9436ba4b548f9582af91ca1ef02cd2f1f03|0xe552fb52a4f19e44ef5a967632dbc320b0820639|0xf2ce52e3d0eb5d237341c9a75ca24647d87d7e55,0xf2ce52e3d0eb5d237341c9a75ca24647d87d7e55,0xe552fb52a4f19e44ef5a967632dbc320b0820639,Metis,Metis,0x298601a2824d9d9fbfc2c90f58bb8612573f33d2654f8ae3733f269ca2e9e000_Metis,1649078235,1649078235,1,6.999088450743941e+19,69.9908845074394,190.3279296845864,0,0,0.825000,bridge_dst_event_flow,True
BNB,Poly,bnb_flow_0x4526d5911386__synth_split_a,0x4526d5911386e53f0447a0384f3e12d6b27ac494144fdd2536227ffa043673da,0x2f7ac9436ba4b548f9582af91ca1ef02cd2f1f03|0xe552fb52a4f19e44ef5a967632dbc320b0820639|0xf2ce52e3d0eb5d237341c9a75ca24647d87d7e55,0xf2ce52e3d0eb5d237341c9a75ca24647d87d7e55,0xe552fb52a4f19e44ef5a967632dbc320b0820639,Metis,Metis,0x4526d5911386e53f0447a0384f3e12d6b27ac494144fdd2536227ffa043673da_Metis,1666076004,1666076004,1,4.145131432887459e+19,41.4513143288746,112.71957619111336,0,0,0.800000,bridge_dst_event_flow,True
BNB,Poly,bnb_flow_0x4526d5911386__synth_split_b,0x4526d5911386e53f0447a0384f3e12d6b27ac494144fdd2536227ffa043673da,0x2f7ac9436ba4b548f9582af91ca1ef02cd2f1f03|0xe552fb52a4f19e44ef5a967632dbc320b0820639|0xf2ce52e3d0eb5d237341c9a75ca24647d87d7e55,0xf2ce52e3d0eb5d237341c9a75ca24647d87d7e55,0xe552fb52a4f19e44ef5a967632dbc320b0820639,Metis,Metis,0x4526d5911386e53f0447a0384f3e12d6b27ac494144fdd2536227ffa043673da_Metis,1666076004,1666076004,1,4.145131432887459e+19,41.4513143288746,112.71957619111336,0,0,0.800000,bridge_dst_event_flow,True
BNB,Poly,bnb_flow_0x4526d5911386__synth_split_c,0x4526d5911386e53f0447a0384f3e12d6b27ac494144fdd2536227ffa043673da,0x2f7ac9436ba4b548f9582af91ca1ef02cd2f1f03|0xe552fb52a4f19e44ef5a967632dbc320b0820639|0xf2ce52e3d0eb5d237341c9a75ca24647d87d7e55,0xf2ce52e3d0eb5d237341c9a75ca24647d87d7e55,0xe552fb52a4f19e44ef5a967632dbc320b0820639,Metis,Metis,0x4526d5911386e53f0447a0384f3e12d6b27ac494144fdd2536227ffa043673da_Metis,1666076004,1666076004,1,4.145131432887459e+19,41.4513143288746,112.71957619111336,0,0,0.800000,bridge_dst_event_flow,True
BNB,Poly,bnb_flow_0x4526d5911386__synth_merge_dst,0x4526d5911386e53f0447a0384f3e12d6b27ac494144fdd2536227ffa043673da,0x2f7ac9436ba4b548f9582af91ca1ef02cd2f1f03|0xe552fb52a4f19e44ef5a967632dbc320b0820639|0xf2ce52e3d0eb5d237341c9a75ca24647d87d7e55,0xf2ce52e3d0eb5d237341c9a75ca24647d87d7e55,0xe552fb52a4f19e44ef5a967632dbc320b0820639,Metis,Metis,0x4526d5911386e53f0447a0384f3e12d6b27ac494144fdd2536227ffa043673da_Metis,1666076004,1666076004,1,1.2435394298662378e+20,124.3539429866238,338.1587285733401,0,0,0.800000,bridge_dst_event_flow,True
BNB,Poly,bnb_flow_0x4526d5911386__synth_hidden_dst,0x4526d5911386e53f0447a0384f3e12d6b27ac494144fdd2536227ffa043673da,0x2f7ac9436ba4b548f9582af91ca1ef02cd2f1f03|0xe552fb52a4f19e44ef5a967632dbc320b0820639|0xf2ce52e3d0eb5d237341c9a75ca24647d87d7e55,0xf2ce52e3d0eb5d237341c9a75ca24647d87d7e55,0xe552fb52a4f19e44ef5a967632dbc320b0820639,Metis,Metis,0x4526d5911386e53f0447a0384f3e12d6b27ac494144fdd2536227ffa043673da_Metis,1666076004,1666076004,1,1.2435394298662378e+20,124.3539429866238,338.1587285733401,0,0,0.800000,bridge_dst_event_flow,True
BNB,Poly,bnb_flow_0x4526d5911386__synth_noise_dst_0,0x4526d5911386e53f0447a0384f3e12d6b27ac494144fdd2536227ffa043673da,0x2f7ac9436ba4b548f9582af91ca1ef02cd2f1f03|0xe552fb52a4f19e44ef5a967632dbc320b0820639|0xf2ce52e3d0eb5d237341c9a75ca24647d87d7e55,0xf2ce52e3d0eb5d237341c9a75ca24647d87d7e55,0xe552fb52a4f19e44ef5a967632dbc320b0820639,Metis,Metis,0x4526d5911386e53f0447a0384f3e12d6b27ac494144fdd2536227ffa043673da_Metis,1666076064,1666076064,1,1.2435394298662378e+20,124.3539429866238,338.1587285733401,0,0,0.800000,bridge_dst_event_flow,True
BNB,Poly,bnb_flow_0x4526d5911386__synth_noise_dst_1,0x4526d5911386e53f0447a0384f3e12d6b27ac494144fdd2536227ffa043673da,0x2f7ac9436ba4b548f9582af91ca1ef02cd2f1f03|0xe552fb52a4f19e44ef5a967632dbc320b0820639|0xf2ce52e3d0eb5d237341c9a75ca24647d87d7e55,0xf2ce52e3d0eb5d237341c9a75ca24647d87d7e55,0xe552fb52a4f19e44ef5a967632dbc320b0820639,Metis,Metis,0x4526d5911386e53f0447a0384f3e12d6b27ac494144fdd2536227ffa043673da_Metis,1666076124,1666076124,1,1.2435394298662378e+20,124.3539429866238,338.1587285733401,0,0,0.800000,bridge_dst_event_flow,True
BNB,Poly,bnb_flow_0x96d392c9b57e__synth_split_a,0x96d392c9b57ef6b704fe4ffcf9944898292cde0aed0e539349d58d8eb5c0099e,0x2f7ac9436ba4b548f9582af91ca1ef02cd2f1f03|0xe552fb52a4f19e44ef5a967632dbc320b0820639|0xf2ce52e3d0eb5d237341c9a75ca24647d87d7e55,0xf2ce52e3d0eb5d237341c9a75ca24647d87d7e55,0xe552fb52a4f19e44ef5a967632dbc320b0820639,Metis,Metis,0x96d392c9b57ef6b704fe4ffcf9944898292cde0aed0e539349d58d8eb5c0099e_Metis,1652623711,1652623711,1,1.0424754854694948e+20,104.24754854694946,283.4829168007637,0,0,0.825000,bridge_dst_event_flow,True
BNB,Poly,bnb_flow_0x96d392c9b57e__synth_split_b,0x96d392c9b57ef6b704fe4ffcf9944898292cde0aed0e539349d58d8eb5c0099e,0x2f7ac9436ba4b548f9582af91ca1ef02cd2f1f03|0xe552fb52a4f19e44ef5a967632dbc320b0820639|0xf2ce52e3d0eb5d237341c9a75ca24647d87d7e55,0xf2ce52e3d0eb5d237341c9a75ca24647d87d7e55,0xe552fb52a4f19e44ef5a967632dbc320b0820639,Metis,Metis,0x96d392c9b57ef6b704fe4ffcf9944898292cde0aed0e539349d58d8eb5c0099e_Metis,1652623711,1652623711,1,1.0424754854694948e+20,104.24754854694946,283.4829168007637,0,0,0.825000,bridge_dst_event_flow,True
BNB,Poly,bnb_flow_0x96d392c9b57e__synth_merge_dst,0x96d392c9b57ef6b704fe4ffcf9944898292cde0aed0e539349d58d8eb5c0099e,0x2f7ac9436ba4b548f9582af91ca1ef02cd2f1f03|0xe552fb52a4f19e44ef5a967632dbc320b0820639|0xf2ce52e3d0eb5d237341c9a75ca24647d87d7e55,0xf2ce52e3d0eb5d237341c9a75ca24647d87d7e55,0xe552fb52a4f19e44ef5a967632dbc320b0820639,Metis,Metis,0x96d392c9b57ef6b704fe4ffcf9944898292cde0aed0e539349d58d8eb5c0099e_Metis,1652623711,1652623711,1,2.0849509709389896e+20,208.49509709389892,566.9658336015274,0,0,0.825000,bridge_dst_event_flow,True
BNB,Poly,bnb_flow_0x96d392c9b57e__synth_hidden_dst,0x96d392c9b57ef6b704fe4ffcf9944898292cde0aed0e539349d58d8eb5c0099e,0x2f7ac9436ba4b548f9582af91ca1ef02cd2f1f03|0xe552fb52a4f19e44ef5a967632dbc320b0820639|0xf2ce52e3d0eb5d237341c9a75ca24647d87d7e55,0xf2ce52e3d0eb5d237341c9a75ca24647d87d7e55,0xe552fb52a4f19e44ef5a967632dbc320b0820639,Metis,Metis,0x96d392c9b57ef6b704fe4ffcf9944898292cde0aed0e539349d58d8eb5c0099e_Metis,1652623711,1652623711,1,2.0849509709389896e+20,208.49509709389892,566.9658336015274,0,0,0.825000,bridge_dst_event_flow,True
BNB,Poly,bnb_flow_0x96d392c9b57e__synth_noise_dst_0,0x96d392c9b57ef6b704fe4ffcf9944898292cde0aed0e539349d58d8eb5c0099e,0x2f7ac9436ba4b548f9582af91ca1ef02cd2f1f03|0xe552fb52a4f19e44ef5a967632dbc320b0820639|0xf2ce52e3d0eb5d237341c9a75ca24647d87d7e55,0xf2ce52e3d0eb5d237341c9a75ca24647d87d7e55,0xe552fb52a4f19e44ef5a967632dbc320b0820639,Metis,Metis,0x96d392c9b57ef6b704fe4ffcf9944898292cde0aed0e539349d58d8eb5c0099e_Metis,1652623771,1652623771,1,2.0849509709389896e+20,208.49509709389892,566.9658336015274,0,0,0.825000,bridge_dst_event_flow,True
BNB,Poly,bnb_flow_0x96d392c9b57e__synth_noise_dst_1,0x96d392c9b57ef6b704fe4ffcf9944898292cde0aed0e539349d58d8eb5c0099e,0x2f7ac9436ba4b548f9582af91ca1ef02cd2f1f03|0xe552fb52a4f19e44ef5a967632dbc320b0820639|0xf2ce52e3d0eb5d237341c9a75ca24647d87d7e55,0xf2ce52e3d0eb5d237341c9a75ca24647d87d7e55,0xe552fb52a4f19e44ef5a967632dbc320b0820639,Metis,Metis,0x96d392c9b57ef6b704fe4ffcf9944898292cde0aed0e539349d58d8eb5c0099e_Metis,1652623831,1652623831,1,2.0849509709389896e+20,208.49509709389892,566.9658336015274,0,0,0.825000,bridge_dst_event_flow,True
BNB,Poly,bnb_flow_0x38b52c509312__synth_split_a,0x38b52c50931225fd28ab54f8e05e15da0677985e5c47a7e8a12c508d960ada6c,0x0002211ccfbf9eb59c8f188a3b99db9886ca8d62|0x2f7ac9436ba4b548f9582af91ca1ef02cd2f1f03|0xe552fb52a4f19e44ef5a967632dbc320b0820639,0x0002211ccfbf9eb59c8f188a3b99db9886ca8d62,0xe552fb52a4f19e44ef5a967632dbc320b0820639,Metis,Metis,0x38b52c50931225fd28ab54f8e05e15da0677985e5c47a7e8a12c508d960ada6c_Metis,1645173226,1645173226,1,1.6666666666666666e+20,166.66666666666666,453.22075635043643,0,0,0.825000,bridge_dst_event_flow,True
BNB,Poly,bnb_flow_0x38b52c509312__synth_split_b,0x38b52c50931225fd28ab54f8e05e15da0677985e5c47a7e8a12c508d960ada6c,0x0002211ccfbf9eb59c8f188a3b99db9886ca8d62|0x2f7ac9436ba4b548f9582af91ca1ef02cd2f1f03|0xe552fb52a4f19e44ef5a967632dbc320b0820639,0x0002211ccfbf9eb59c8f188a3b99db9886ca8d62,0xe552fb52a4f19e44ef5a967632dbc320b0820639,Metis,Metis,0x38b52c50931225fd28ab54f8e05e15da0677985e5c47a7e8a12c508d960ada6c_Metis,1645173226,1645173226,1,1.6666666666666666e+20,166.66666666666666,453.22075635043643,0,0,0.825000,bridge_dst_event_flow,True
BNB,Poly,bnb_flow_0x38b52c509312__synth_split_c,0x38b52c50931225fd28ab54f8e05e15da0677985e5c47a7e8a12c508d960ada6c,0x0002211ccfbf9eb59c8f188a3b99db9886ca8d62|0x2f7ac9436ba4b548f9582af91ca1ef02cd2f1f03|0xe552fb52a4f19e44ef5a967632dbc320b0820639,0x0002211ccfbf9eb59c8f188a3b99db9886ca8d62,0xe552fb52a4f19e44ef5a967632dbc320b0820639,Metis,Metis,0x38b52c50931225fd28ab54f8e05e15da0677985e5c47a7e8a12c508d960ada6c_Metis,1645173226,1645173226,1,1.6666666666666666e+20,166.66666666666666,453.22075635043643,0,0,0.825000,bridge_dst_event_flow,True
BNB,Poly,bnb_flow_0x38b52c509312__synth_merge_dst,0x38b52c50931225fd28ab54f8e05e15da0677985e5c47a7e8a12c508d960ada6c,0x0002211ccfbf9eb59c8f188a3b99db9886ca8d62|0x2f7ac9436ba4b548f9582af91ca1ef02cd2f1f03|0xe552fb52a4f19e44ef5a967632dbc320b0820639,0x0002211ccfbf9eb59c8f188a3b99db9886ca8d62,0xe552fb52a4f19e44ef5a967632dbc320b0820639,Metis,Metis,0x38b52c50931225fd28ab54f8e05e15da0677985e5c47a7e8a12c508d960ada6c_Metis,1645173226,1645173226,1,5e+20,500.0,1359.6622690513093,0,0,0.825000,bridge_dst_event_flow,True
BNB,Poly,bnb_flow_0x38b52c509312__synth_hidden_dst,0x38b52c50931225fd28ab54f8e05e15da0677985e5c47a7e8a12c508d960ada6c,0x0002211ccfbf9eb59c8f188a3b99db9886ca8d62|0x2f7ac9436ba4b548f9582af91ca1ef02cd2f1f03|0xe552fb52a4f19e44ef5a967632dbc320b0820639,0x0002211ccfbf9eb59c8f188a3b99db9886ca8d62,0xe552fb52a4f19e44ef5a967632dbc320b0820639,Metis,Metis,0x38b52c50931225fd28ab54f8e05e15da0677985e5c47a7e8a12c508d960ada6c_Metis,1645173226,1645173226,1,5e+20,500.0,1359.6622690513093,0,0,0.825000,bridge_dst_event_flow,True
BNB,Poly,bnb_flow_0x38b52c509312__synth_noise_dst_0,0x38b52c50931225fd28ab54f8e05e15da0677985e5c47a7e8a12c508d960ada6c,0x0002211ccfbf9eb59c8f188a3b99db9886ca8d62|0x2f7ac9436ba4b548f9582af91ca1ef02cd2f1f03|0xe552fb52a4f19e44ef5a967632dbc320b0820639,0x0002211ccfbf9eb59c8f188a3b99db9886ca8d62,0xe552fb52a4f19e44ef5a967632dbc320b0820639,Metis,Metis,0x38b52c50931225fd28ab54f8e05e15da0677985e5c47a7e8a12c508d960ada6c_Metis,1645173286,1645173286,1,5e+20,500.0,1359.6622690513093,0,0,0.825000,bridge_dst_event_flow,True
BNB,Poly,bnb_flow_0x38b52c509312__synth_noise_dst_1,0x38b52c50931225fd28ab54f8e05e15da0677985e5c47a7e8a12c508d960ada6c,0x0002211ccfbf9eb59c8f188a3b99db9886ca8d62|0x2f7ac9436ba4b548f9582af91ca1ef02cd2f1f03|0xe552fb52a4f19e44ef5a967632dbc320b0820639,0x0002211ccfbf9eb59c8f188a3b99db9886ca8d62,0xe552fb52a4f19e44ef5a967632dbc320b0820639,Metis,Metis,0x38b52c50931225fd28ab54f8e05e15da0677985e5c47a7e8a12c508d960ada6c_Metis,1645173346,1645173346,1,5e+20,500.0,1359.6622690513093,0,0,0.825000,bridge_dst_event_flow,True
BNB,Poly,bnb_flow_0x5ef3c939c4d6__synth_split_a,0x5ef3c939c4d6c53fd2bd6c5a5d55eb56277b436de11dd11853579daadcf31af4,0x2f7ac9436ba4b548f9582af91ca1ef02cd2f1f03|0x4e1b16ef22935a575a6811d4616f98c4077e4408|0x8594d8e9483473626908648a5539d9d65ca2fe8d,0x8594d8e9483473626908648a5539d9d65ca2fe8d,0x4e1b16ef22935a575a6811d4616f98c4077e4408,KEL,KEL,0x5ef3c939c4d6c53fd2bd6c5a5d55eb56277b436de11dd11853579daadcf31af4_KEL,1655134863,1655134863,1,2.4822887880347874e+23,248228.87880347876,277.75311850609,0,0,0.825000,bridge_dst_event_flow,True
BNB,Poly,bnb_flow_0x5ef3c939c4d6__synth_split_b,0x5ef3c939c4d6c53fd2bd6c5a5d55eb56277b436de11dd11853579daadcf31af4,0x2f7ac9436ba4b548f9582af91ca1ef02cd2f1f03|0x4e1b16ef22935a575a6811d4616f98c4077e4408|0x8594d8e9483473626908648a5539d9d65ca2fe8d,0x8594d8e9483473626908648a5539d9d65ca2fe8d,0x4e1b16ef22935a575a6811d4616f98c4077e4408,KEL,KEL,0x5ef3c939c4d6c53fd2bd6c5a5d55eb56277b436de11dd11853579daadcf31af4_KEL,1655134863,1655134863,1,2.4822887880347874e+23,248228.87880347876,277.75311850609,0,0,0.825000,bridge_dst_event_flow,True
BNB,Poly,bnb_flow_0x5ef3c939c4d6__synth_merge_dst,0x5ef3c939c4d6c53fd2bd6c5a5d55eb56277b436de11dd11853579daadcf31af4,0x2f7ac9436ba4b548f9582af91ca1ef02cd2f1f03|0x4e1b16ef22935a575a6811d4616f98c4077e4408|0x8594d8e9483473626908648a5539d9d65ca2fe8d,0x8594d8e9483473626908648a5539d9d65ca2fe8d,0x4e1b16ef22935a575a6811d4616f98c4077e4408,KEL,KEL,0x5ef3c939c4d6c53fd2bd6c5a5d55eb56277b436de11dd11853579daadcf31af4_KEL,1655134863,1655134863,1,4.964577576069575e+23,496457.7576069575,555.50623701218,0,0,0.825000,bridge_dst_event_flow,True
BNB,Poly,bnb_flow_0x5ef3c939c4d6__synth_hidden_dst,0x5ef3c939c4d6c53fd2bd6c5a5d55eb56277b436de11dd11853579daadcf31af4,0x2f7ac9436ba4b548f9582af91ca1ef02cd2f1f03|0x4e1b16ef22935a575a6811d4616f98c4077e4408|0x8594d8e9483473626908648a5539d9d65ca2fe8d,0x8594d8e9483473626908648a5539d9d65ca2fe8d,0x4e1b16ef22935a575a6811d4616f98c4077e4408,KEL,KEL,0x5ef3c939c4d6c53fd2bd6c5a5d55eb56277b436de11dd11853579daadcf31af4_KEL,1655134863,1655134863,1,4.964577576069575e+23,496457.7576069575,555.50623701218,0,0,0.825000,bridge_dst_event_flow,True
BNB,Poly,bnb_flow_0x5ef3c939c4d6__synth_noise_dst_0,0x5ef3c939c4d6c53fd2bd6c5a5d55eb56277b436de11dd11853579daadcf31af4,0x2f7ac9436ba4b548f9582af91ca1ef02cd2f1f03|0x4e1b16ef22935a575a6811d4616f98c4077e4408|0x8594d8e9483473626908648a5539d9d65ca2fe8d,0x8594d8e9483473626908648a5539d9d65ca2fe8d,0x4e1b16ef22935a575a6811d4616f98c4077e4408,KEL,KEL,0x5ef3c939c4d6c53fd2bd6c5a5d55eb56277b436de11dd11853579daadcf31af4_KEL,1655134923,1655134923,1,4.964577576069575e+23,496457.7576069575,555.50623701218,0,0,0.825000,bridge_dst_event_flow,True
BNB,Poly,bnb_flow_0x5ef3c939c4d6__synth_noise_dst_1,0x5ef3c939c4d6c53fd2bd6c5a5d55eb56277b436de11dd11853579daadcf31af4,0x2f7ac9436ba4b548f9582af91ca1ef02cd2f1f03|0x4e1b16ef22935a575a6811d4616f98c4077e4408|0x8594d8e9483473626908648a5539d9d65ca2fe8d,0x8594d8e9483473626908648a5539d9d65ca2fe8d,0x4e1b16ef22935a575a6811d4616f98c4077e4408,KEL,KEL,0x5ef3c939c4d6c53fd2bd6c5a5d55eb56277b436de11dd11853579daadcf31af4_KEL,1655134983,1655134983,1,4.964577576069575e+23,496457.7576069575,555.50623701218,0,0,0.825000,bridge_dst_event_flow,True
BNB,Poly,bnb_flow_0x1be9f679c354__synth_split_a,0x1be9f679c3547921423693462b816e37595ba5dc2d7b6e71d5be53ed8a4ce149,0x2f7ac9436ba4b548f9582af91ca1ef02cd2f1f03|0x8594d8e9483473626908648a5539d9d65ca2fe8d|0xe552fb52a4f19e44ef5a967632dbc320b0820639,0x8594d8e9483473626908648a5539d9d65ca2fe8d,0xe552fb52a4f19e44ef5a967632dbc320b0820639,Metis,Metis,0x1be9f679c3547921423693462b816e37595ba5dc2d7b6e71d5be53ed8a4ce149_Metis,1658092453,1658092453,1,4.156439057920696e+19,41.564390579206965,113.02706721331882,0,0,0.825000,bridge_dst_event_flow,True
BNB,Poly,bnb_flow_0x1be9f679c354__synth_split_b,0x1be9f679c3547921423693462b816e37595ba5dc2d7b6e71d5be53ed8a4ce149,0x2f7ac9436ba4b548f9582af91ca1ef02cd2f1f03|0x8594d8e9483473626908648a5539d9d65ca2fe8d|0xe552fb52a4f19e44ef5a967632dbc320b0820639,0x8594d8e9483473626908648a5539d9d65ca2fe8d,0xe552fb52a4f19e44ef5a967632dbc320b0820639,Metis,Metis,0x1be9f679c3547921423693462b816e37595ba5dc2d7b6e71d5be53ed8a4ce149_Metis,1658092453,1658092453,1,4.156439057920696e+19,41.564390579206965,113.02706721331882,0,0,0.825000,bridge_dst_event_flow,True
BNB,Poly,bnb_flow_0x1be9f679c354__synth_split_c,0x1be9f679c3547921423693462b816e37595ba5dc2d7b6e71d5be53ed8a4ce149,0x2f7ac9436ba4b548f9582af91ca1ef02cd2f1f03|0x8594d8e9483473626908648a5539d9d65ca2fe8d|0xe552fb52a4f19e44ef5a967632dbc320b0820639,0x8594d8e9483473626908648a5539d9d65ca2fe8d,0xe552fb52a4f19e44ef5a967632dbc320b0820639,Metis,Metis,0x1be9f679c3547921423693462b816e37595ba5dc2d7b6e71d5be53ed8a4ce149_Metis,1658092453,1658092453,1,4.156439057920696e+19,41.564390579206965,113.02706721331882,0,0,0.825000,bridge_dst_event_flow,True
BNB,Poly,bnb_flow_0x1be9f679c354__synth_split_d,0x1be9f679c3547921423693462b816e37595ba5dc2d7b6e71d5be53ed8a4ce149,0x2f7ac9436ba4b548f9582af91ca1ef02cd2f1f03|0x8594d8e9483473626908648a5539d9d65ca2fe8d|0xe552fb52a4f19e44ef5a967632dbc320b0820639,0x8594d8e9483473626908648a5539d9d65ca2fe8d,0xe552fb52a4f19e44ef5a967632dbc320b0820639,Metis,Metis,0x1be9f679c3547921423693462b816e37595ba5dc2d7b6e71d5be53ed8a4ce149_Metis,1658092453,1658092453,1,4.156439057920696e+19,41.564390579206965,113.02706721331882,0,0,0.825000,bridge_dst_event_flow,True
BNB,Poly,bnb_flow_0x1be9f679c354__synth_merge_dst,0x1be9f679c3547921423693462b816e37595ba5dc2d7b6e71d5be53ed8a4ce149,0x2f7ac9436ba4b548f9582af91ca1ef02cd2f1f03|0x8594d8e9483473626908648a5539d9d65ca2fe8d|0xe552fb52a4f19e44ef5a967632dbc320b0820639,0x8594d8e9483473626908648a5539d9d65ca2fe8d,0xe552fb52a4f19e44ef5a967632dbc320b0820639,Metis,Metis,0x1be9f679c3547921423693462b816e37595ba5dc2d7b6e71d5be53ed8a4ce149_Metis,1658092453,1658092453,1,1.6625756231682785e+20,166.25756231682786,452.10826885327526,0,0,0.825000,bridge_dst_event_flow,True
BNB,Poly,bnb_flow_0x1be9f679c354__synth_hidden_dst,0x1be9f679c3547921423693462b816e37595ba5dc2d7b6e71d5be53ed8a4ce149,0x2f7ac9436ba4b548f9582af91ca1ef02cd2f1f03|0x8594d8e9483473626908648a5539d9d65ca2fe8d|0xe552fb52a4f19e44ef5a967632dbc320b0820639,0x8594d8e9483473626908648a5539d9d65ca2fe8d,0xe552fb52a4f19e44ef5a967632dbc320b0820639,Metis,Metis,0x1be9f679c3547921423693462b816e37595ba5dc2d7b6e71d5be53ed8a4ce149_Metis,1658092453,1658092453,1,1.6625756231682785e+20,166.25756231682786,452.10826885327526,0,0,0.825000,bridge_dst_event_flow,True
BNB,Poly,bnb_flow_0x1be9f679c354__synth_noise_dst_0,0x1be9f679c3547921423693462b816e37595ba5dc2d7b6e71d5be53ed8a4ce149,0x2f7ac9436ba4b548f9582af91ca1ef02cd2f1f03|0x8594d8e9483473626908648a5539d9d65ca2fe8d|0xe552fb52a4f19e44ef5a967632dbc320b0820639,0x8594d8e9483473626908648a5539d9d65ca2fe8d,0xe552fb52a4f19e44ef5a967632dbc320b0820639,Metis,Metis,0x1be9f679c3547921423693462b816e37595ba5dc2d7b6e71d5be53ed8a4ce149_Metis,1658092513,1658092513,1,1.6625756231682785e+20,166.25756231682786,452.10826885327526,0,0,0.825000,bridge_dst_event_flow,True
BNB,Poly,bnb_flow_0x1be9f679c354__synth_noise_dst_1,0x1be9f679c3547921423693462b816e37595ba5dc2d7b6e71d5be53ed8a4ce149,0x2f7ac9436ba4b548f9582af91ca1ef02cd2f1f03|0x8594d8e9483473626908648a5539d9d65ca2fe8d|0xe552fb52a4f19e44ef5a967632dbc320b0820639,0x8594d8e9483473626908648a5539d9d65ca2fe8d,0xe552fb52a4f19e44ef5a967632dbc320b0820639,Metis,Metis,0x1be9f679c3547921423693462b816e37595ba5dc2d7b6e71d5be53ed8a4ce149_Metis,1658092573,1658092573,1,1.6625756231682785e+20,166.25756231682786,452.10826885327526,0,0,0.825000,bridge_dst_event_flow,True
BNB,Poly,bnb_flow_0x593dfaa9d7d4__synth_split_a,0x593dfaa9d7d42443e2b2b6744cb5efcfe1ba3901cc3264d9ec1cfcd3841f4d7d,0x2f7ac9436ba4b548f9582af91ca1ef02cd2f1f03|0xd54e4f8a55247487dd7c8c59f14ee5c0c2889477|0xe552fb52a4f19e44ef5a967632dbc320b0820639,0xd54e4f8a55247487dd7c8c59f14ee5c0c2889477,0xe552fb52a4f19e44ef5a967632dbc320b0820639,Metis,Metis,0x593dfaa9d7d42443e2b2b6744cb5efcfe1ba3901cc3264d9ec1cfcd3841f4d7d_Metis,1657592077,1657592077,1,5.4398e+19,54.397999999999996,147.92581622370625,0,0,0.825000,bridge_dst_event_flow,True
BNB,Poly,bnb_flow_0x593dfaa9d7d4__synth_split_b,0x593dfaa9d7d42443e2b2b6744cb5efcfe1ba3901cc3264d9ec1cfcd3841f4d7d,0x2f7ac9436ba4b548f9582af91ca1ef02cd2f1f03|0xd54e4f8a55247487dd7c8c59f14ee5c0c2889477|0xe552fb52a4f19e44ef5a967632dbc320b0820639,0xd54e4f8a55247487dd7c8c59f14ee5c0c2889477,0xe552fb52a4f19e44ef5a967632dbc320b0820639,Metis,Metis,0x593dfaa9d7d42443e2b2b6744cb5efcfe1ba3901cc3264d9ec1cfcd3841f4d7d_Metis,1657592077,1657592077,1,5.4398e+19,54.397999999999996,147.92581622370625,0,0,0.825000,bridge_dst_event_flow,True
BNB,Poly,bnb_flow_0x593dfaa9d7d4__synth_split_c,0x593dfaa9d7d42443e2b2b6744cb5efcfe1ba3901cc3264d9ec1cfcd3841f4d7d,0x2f7ac9436ba4b548f9582af91ca1ef02cd2f1f03|0xd54e4f8a55247487dd7c8c59f14ee5c0c2889477|0xe552fb52a4f19e44ef5a967632dbc320b0820639,0xd54e4f8a55247487dd7c8c59f14ee5c0c2889477,0xe552fb52a4f19e44ef5a967632dbc320b0820639,Metis,Metis,0x593dfaa9d7d42443e2b2b6744cb5efcfe1ba3901cc3264d9ec1cfcd3841f4d7d_Metis,1657592077,1657592077,1,5.4398e+19,54.397999999999996,147.92581622370625,0,0,0.825000,bridge_dst_event_flow,True
BNB,Poly,bnb_flow_0x593dfaa9d7d4__synth_merge_dst,0x593dfaa9d7d42443e2b2b6744cb5efcfe1ba3901cc3264d9ec1cfcd3841f4d7d,0x2f7ac9436ba4b548f9582af91ca1ef02cd2f1f03|0xd54e4f8a55247487dd7c8c59f14ee5c0c2889477|0xe552fb52a4f19e44ef5a967632dbc320b0820639,0xd54e4f8a55247487dd7c8c59f14ee5c0c2889477,0xe552fb52a4f19e44ef5a967632dbc320b0820639,Metis,Metis,0x593dfaa9d7d42443e2b2b6744cb5efcfe1ba3901cc3264d9ec1cfcd3841f4d7d_Metis,1657592077,1657592077,1,1.63194e+20,163.194,443.7774486711188,0,0,0.825000,bridge_dst_event_flow,True
BNB,Poly,bnb_flow_0x593dfaa9d7d4__synth_hidden_dst,0x593dfaa9d7d42443e2b2b6744cb5efcfe1ba3901cc3264d9ec1cfcd3841f4d7d,0x2f7ac9436ba4b548f9582af91ca1ef02cd2f1f03|0xd54e4f8a55247487dd7c8c59f14ee5c0c2889477|0xe552fb52a4f19e44ef5a967632dbc320b0820639,0xd54e4f8a55247487dd7c8c59f14ee5c0c2889477,0xe552fb52a4f19e44ef5a967632dbc320b0820639,Metis,Metis,0x593dfaa9d7d42443e2b2b6744cb5efcfe1ba3901cc3264d9ec1cfcd3841f4d7d_Metis,1657592077,1657592077,1,1.63194e+20,163.194,443.7774486711188,0,0,0.825000,bridge_dst_event_flow,True
BNB,Poly,bnb_flow_0x593dfaa9d7d4__synth_noise_dst_0,0x593dfaa9d7d42443e2b2b6744cb5efcfe1ba3901cc3264d9ec1cfcd3841f4d7d,0x2f7ac9436ba4b548f9582af91ca1ef02cd2f1f03|0xd54e4f8a55247487dd7c8c59f14ee5c0c2889477|0xe552fb52a4f19e44ef5a967632dbc320b0820639,0xd54e4f8a55247487dd7c8c59f14ee5c0c2889477,0xe552fb52a4f19e44ef5a967632dbc320b0820639,Metis,Metis,0x593dfaa9d7d42443e2b2b6744cb5efcfe1ba3901cc3264d9ec1cfcd3841f4d7d_Metis,1657592137,1657592137,1,1.63194e+20,163.194,443.7774486711188,0,0,0.825000,bridge_dst_event_flow,True
BNB,Poly,bnb_flow_0x593dfaa9d7d4__synth_noise_dst_1,0x593dfaa9d7d42443e2b2b6744cb5efcfe1ba3901cc3264d9ec1cfcd3841f4d7d,0x2f7ac9436ba4b548f9582af91ca1ef02cd2f1f03|0xd54e4f8a55247487dd7c8c59f14ee5c0c2889477|0xe552fb52a4f19e44ef5a967632dbc320b0820639,0xd54e4f8a55247487dd7c8c59f14ee5c0c2889477,0xe552fb52a4f19e44ef5a967632dbc320b0820639,Metis,Metis,0x593dfaa9d7d42443e2b2b6744cb5efcfe1ba3901cc3264d9ec1cfcd3841f4d7d_Metis,1657592197,1657592197,1,1.63194e+20,163.194,443.7774486711188,0,0,0.825000,bridge_dst_event_flow,True
BNB,Poly,bnb_flow_0xf8bf06c85a3d__synth_split_a,0xf8bf06c85a3d3d80efafcb15786951dfad3be606c68014759322a431068f7a2e,0x2f7ac9436ba4b548f9582af91ca1ef02cd2f1f03|0x8d484c91f791d281dbf767ecb87f4028f7911e7a|0xe552fb52a4f19e44ef5a967632dbc320b0820639,0x8d484c91f791d281dbf767ecb87f4028f7911e7a,0xe552fb52a4f19e44ef5a967632dbc320b0820639,Metis,Metis,0xf8bf06c85a3d3d80efafcb15786951dfad3be606c68014759322a431068f7a2e_Metis,1643911834,1643911834,1,1.5e+21,1500.0,4078.986807153928,0,0,0.825000,bridge_dst_event_flow,True
BNB,Poly,bnb_flow_0xf8bf06c85a3d__synth_split_b,0xf8bf06c85a3d3d80efafcb15786951dfad3be606c68014759322a431068f7a2e,0x2f7ac9436ba4b548f9582af91ca1ef02cd2f1f03|0x8d484c91f791d281dbf767ecb87f4028f7911e7a|0xe552fb52a4f19e44ef5a967632dbc320b0820639,0x8d484c91f791d281dbf767ecb87f4028f7911e7a,0xe552fb52a4f19e44ef5a967632dbc320b0820639,Metis,Metis,0xf8bf06c85a3d3d80efafcb15786951dfad3be606c68014759322a431068f7a2e_Metis,1643911834,1643911834,1,1.5e+21,1500.0,4078.986807153928,0,0,0.825000,bridge_dst_event_flow,True
BNB,Poly,bnb_flow_0xf8bf06c85a3d__synth_merge_dst,0xf8bf06c85a3d3d80efafcb15786951dfad3be606c68014759322a431068f7a2e,0x2f7ac9436ba4b548f9582af91ca1ef02cd2f1f03|0x8d484c91f791d281dbf767ecb87f4028f7911e7a|0xe552fb52a4f19e44ef5a967632dbc320b0820639,0x8d484c91f791d281dbf767ecb87f4028f7911e7a,0xe552fb52a4f19e44ef5a967632dbc320b0820639,Metis,Metis,0xf8bf06c85a3d3d80efafcb15786951dfad3be606c68014759322a431068f7a2e_Metis,1643911834,1643911834,1,3e+21,3000.0,8157.973614307856,0,0,0.825000,bridge_dst_event_flow,True
BNB,Poly,bnb_flow_0xf8bf06c85a3d__synth_hidden_dst,0xf8bf06c85a3d3d80efafcb15786951dfad3be606c68014759322a431068f7a2e,0x2f7ac9436ba4b548f9582af91ca1ef02cd2f1f03|0x8d484c91f791d281dbf767ecb87f4028f7911e7a|0xe552fb52a4f19e44ef5a967632dbc320b0820639,0x8d484c91f791d281dbf767ecb87f4028f7911e7a,0xe552fb52a4f19e44ef5a967632dbc320b0820639,Metis,Metis,0xf8bf06c85a3d3d80efafcb15786951dfad3be606c68014759322a431068f7a2e_Metis,1643911834,1643911834,1,3e+21,3000.0,8157.973614307856,0,0,0.825000,bridge_dst_event_flow,True
BNB,Poly,bnb_flow_0xf8bf06c85a3d__synth_noise_dst_0,0xf8bf06c85a3d3d80efafcb15786951dfad3be606c68014759322a431068f7a2e,0x2f7ac9436ba4b548f9582af91ca1ef02cd2f1f03|0x8d484c91f791d281dbf767ecb87f4028f7911e7a|0xe552fb52a4f19e44ef5a967632dbc320b0820639,0x8d484c91f791d281dbf767ecb87f4028f7911e7a,0xe552fb52a4f19e44ef5a967632dbc320b0820639,Metis,Metis,0xf8bf06c85a3d3d80efafcb15786951dfad3be606c68014759322a431068f7a2e_Metis,1643911894,1643911894,1,3e+21,3000.0,8157.973614307856,0,0,0.825000,bridge_dst_event_flow,True
BNB,Poly,bnb_flow_0xf8bf06c85a3d__synth_noise_dst_1,0xf8bf06c85a3d3d80efafcb15786951dfad3be606c68014759322a431068f7a2e,0x2f7ac9436ba4b548f9582af91ca1ef02cd2f1f03|0x8d484c91f791d281dbf767ecb87f4028f7911e7a|0xe552fb52a4f19e44ef5a967632dbc320b0820639,0x8d484c91f791d281dbf767ecb87f4028f7911e7a,0xe552fb52a4f19e44ef5a967632dbc320b0820639,Metis,Metis,0xf8bf06c85a3d3d80efafcb15786951dfad3be606c68014759322a431068f7a2e_Metis,1643911954,1643911954,1,3e+21,3000.0,8157.973614307856,0,0,0.825000,bridge_dst_event_flow,True
BNB,Poly,bnb_flow_0xe2a71382f53b__synth_split_a,0xe2a71382f53b482041af1cd0198a60e56d40c8c044188672538217bc14aef871,0x26ec4ff77df305d5a9a7660e046dd1c06ce517f6|0x2f7ac9436ba4b548f9582af91ca1ef02cd2f1f03|0xe552fb52a4f19e44ef5a967632dbc320b0820639,0x26ec4ff77df305d5a9a7660e046dd1c06ce517f6,0xe552fb52a4f19e44ef5a967632dbc320b0820639,Metis,Metis,0xe2a71382f53b482041af1cd0198a60e56d40c8c044188672538217bc14aef871_Metis,1651147903,1651147903,1,1.75e+20,175.0,475.8817941679583,0,0,0.825000,bridge_dst_event_flow,True
BNB,Poly,bnb_flow_0xe2a71382f53b__synth_split_b,0xe2a71382f53b482041af1cd0198a60e56d40c8c044188672538217bc14aef871,0x26ec4ff77df305d5a9a7660e046dd1c06ce517f6|0x2f7ac9436ba4b548f9582af91ca1ef02cd2f1f03|0xe552fb52a4f19e44ef5a967632dbc320b0820639,0x26ec4ff77df305d5a9a7660e046dd1c06ce517f6,0xe552fb52a4f19e44ef5a967632dbc320b0820639,Metis,Metis,0xe2a71382f53b482041af1cd0198a60e56d40c8c044188672538217bc14aef871_Metis,1651147903,1651147903,1,1.75e+20,175.0,475.8817941679583,0,0,0.825000,bridge_dst_event_flow,True
BNB,Poly,bnb_flow_0xe2a71382f53b__synth_merge_dst,0xe2a71382f53b482041af1cd0198a60e56d40c8c044188672538217bc14aef871,0x26ec4ff77df305d5a9a7660e046dd1c06ce517f6|0x2f7ac9436ba4b548f9582af91ca1ef02cd2f1f03|0xe552fb52a4f19e44ef5a967632dbc320b0820639,0x26ec4ff77df305d5a9a7660e046dd1c06ce517f6,0xe552fb52a4f19e44ef5a967632dbc320b0820639,Metis,Metis,0xe2a71382f53b482041af1cd0198a60e56d40c8c044188672538217bc14aef871_Metis,1651147903,1651147903,1,3.5e+20,350.0,951.7635883359166,0,0,0.825000,bridge_dst_event_flow,True
BNB,Poly,bnb_flow_0xe2a71382f53b__synth_hidden_dst,0xe2a71382f53b482041af1cd0198a60e56d40c8c044188672538217bc14aef871,0x26ec4ff77df305d5a9a7660e046dd1c06ce517f6|0x2f7ac9436ba4b548f9582af91ca1ef02cd2f1f03|0xe552fb52a4f19e44ef5a967632dbc320b0820639,0x26ec4ff77df305d5a9a7660e046dd1c06ce517f6,0xe552fb52a4f19e44ef5a967632dbc320b0820639,Metis,Metis,0xe2a71382f53b482041af1cd0198a60e56d40c8c044188672538217bc14aef871_Metis,1651147903,1651147903,1,3.5e+20,350.0,951.7635883359166,0,0,0.825000,bridge_dst_event_flow,True
BNB,Poly,bnb_flow_0xe2a71382f53b__synth_noise_dst_0,0xe2a71382f53b482041af1cd0198a60e56d40c8c044188672538217bc14aef871,0x26ec4ff77df305d5a9a7660e046dd1c06ce517f6|0x2f7ac9436ba4b548f9582af91ca1ef02cd2f1f03|0xe552fb52a4f19e44ef5a967632dbc320b0820639,0x26ec4ff77df305d5a9a7660e046dd1c06ce517f6,0xe552fb52a4f19e44ef5a967632dbc320b0820639,Metis,Metis,0xe2a71382f53b482041af1cd0198a60e56d40c8c044188672538217bc14aef871_Metis,1651147963,1651147963,1,3.5e+20,350.0,951.7635883359166,0,0,0.825000,bridge_dst_event_flow,True
BNB,Poly,bnb_flow_0xe2a71382f53b__synth_noise_dst_1,0xe2a71382f53b482041af1cd0198a60e56d40c8c044188672538217bc14aef871,0x26ec4ff77df305d5a9a7660e046dd1c06ce517f6|0x2f7ac9436ba4b548f9582af91ca1ef02cd2f1f03|0xe552fb52a4f19e44ef5a967632dbc320b0820639,0x26ec4ff77df305d5a9a7660e046dd1c06ce517f6,0xe552fb52a4f19e44ef5a967632dbc320b0820639,Metis,Metis,0xe2a71382f53b482041af1cd0198a60e56d40c8c044188672538217bc14aef871_Metis,1651148023,1651148023,1,3.5e+20,350.0,951.7635883359166,0,0,0.825000,bridge_dst_event_flow,True
BNB,Poly,bnb_flow_0xc4b4e946fcbc__synth_split_a,0xc4b4e946fcbc2e6dac58c6e2df4594c0aae1e2837c8bc9aa2dd3c0e9be0a0499,0x2f7ac9436ba4b548f9582af91ca1ef02cd2f1f03|0x613a3870f58893d760e942d0f9ec2e3f1772d336|0xe552fb52a4f19e44ef5a967632dbc320b0820639,0x613a3870f58893d760e942d0f9ec2e3f1772d336,0xe552fb52a4f19e44ef5a967632dbc320b0820639,Metis,Metis,0xc4b4e946fcbc2e6dac58c6e2df4594c0aae1e2837c8bc9aa2dd3c0e9be0a0499_Metis,1652570923,1652570923,1,2.857142857142857e+19,28.57142857142857,77.69498680293196,0,0,0.825000,bridge_dst_event_flow,True
BNB,Poly,bnb_flow_0xc4b4e946fcbc__synth_split_b,0xc4b4e946fcbc2e6dac58c6e2df4594c0aae1e2837c8bc9aa2dd3c0e9be0a0499,0x2f7ac9436ba4b548f9582af91ca1ef02cd2f1f03|0x613a3870f58893d760e942d0f9ec2e3f1772d336|0xe552fb52a4f19e44ef5a967632dbc320b0820639,0x613a3870f58893d760e942d0f9ec2e3f1772d336,0xe552fb52a4f19e44ef5a967632dbc320b0820639,Metis,Metis,0xc4b4e946fcbc2e6dac58c6e2df4594c0aae1e2837c8bc9aa2dd3c0e9be0a0499_Metis,1652570923,1652570923,1,2.857142857142857e+19,28.57142857142857,77.69498680293196,0,0,0.825000,bridge_dst_event_flow,True
BNB,Poly,bnb_flow_0xc4b4e946fcbc__synth_split_c,0xc4b4e946fcbc2e6dac58c6e2df4594c0aae1e2837c8bc9aa2dd3c0e9be0a0499,0x2f7ac9436ba4b548f9582af91ca1ef02cd2f1f03|0x613a3870f58893d760e942d0f9ec2e3f1772d336|0xe552fb52a4f19e44ef5a967632dbc320b0820639,0x613a3870f58893d760e942d0f9ec2e3f1772d336,0xe552fb52a4f19e44ef5a967632dbc320b0820639,Metis,Metis,0xc4b4e946fcbc2e6dac58c6e2df4594c0aae1e2837c8bc9aa2dd3c0e9be0a0499_Metis,1652570923,1652570923,1,2.857142857142857e+19,28.57142857142857,77.69498680293196,0,0,0.825000,bridge_dst_event_flow,True
BNB,Poly,bnb_flow_0xc4b4e946fcbc__synth_split_d,0xc4b4e946fcbc2e6dac58c6e2df4594c0aae1e2837c8bc9aa2dd3c0e9be0a0499,0x2f7ac9436ba4b548f9582af91ca1ef02cd2f1f03|0x613a3870f58893d760e942d0f9ec2e3f1772d336|0xe552fb52a4f19e44ef5a967632dbc320b0820639,0x613a3870f58893d760e942d0f9ec2e3f1772d336,0xe552fb52a4f19e44ef5a967632dbc320b0820639,Metis,Metis,0xc4b4e946fcbc2e6dac58c6e2df4594c0aae1e2837c8bc9aa2dd3c0e9be0a0499_Metis,1652570923,1652570923,1,2.857142857142857e+19,28.57142857142857,77.69498680293196,0,0,0.825000,bridge_dst_event_flow,True
BNB,Poly,bnb_flow_0xc4b4e946fcbc__synth_split_e,0xc4b4e946fcbc2e6dac58c6e2df4594c0aae1e2837c8bc9aa2dd3c0e9be0a0499,0x2f7ac9436ba4b548f9582af91ca1ef02cd2f1f03|0x613a3870f58893d760e942d0f9ec2e3f1772d336|0xe552fb52a4f19e44ef5a967632dbc320b0820639,0x613a3870f58893d760e942d0f9ec2e3f1772d336,0xe552fb52a4f19e44ef5a967632dbc320b0820639,Metis,Metis,0xc4b4e946fcbc2e6dac58c6e2df4594c0aae1e2837c8bc9aa2dd3c0e9be0a0499_Metis,1652570923,1652570923,1,2.857142857142857e+19,28.57142857142857,77.69498680293196,0,0,0.825000,bridge_dst_event_flow,True
BNB,Poly,bnb_flow_0xc4b4e946fcbc__synth_split_f,0xc4b4e946fcbc2e6dac58c6e2df4594c0aae1e2837c8bc9aa2dd3c0e9be0a0499,0x2f7ac9436ba4b548f9582af91ca1ef02cd2f1f03|0x613a3870f58893d760e942d0f9ec2e3f1772d336|0xe552fb52a4f19e44ef5a967632dbc320b0820639,0x613a3870f58893d760e942d0f9ec2e3f1772d336,0xe552fb52a4f19e44ef5a967632dbc320b0820639,Metis,Metis,0xc4b4e946fcbc2e6dac58c6e2df4594c0aae1e2837c8bc9aa2dd3c0e9be0a0499_Metis,1652570923,1652570923,1,2.857142857142857e+19,28.57142857142857,77.69498680293196,0,0,0.825000,bridge_dst_event_flow,True
BNB,Poly,bnb_flow_0xc4b4e946fcbc__synth_split_g,0xc4b4e946fcbc2e6dac58c6e2df4594c0aae1e2837c8bc9aa2dd3c0e9be0a0499,0x2f7ac9436ba4b548f9582af91ca1ef02cd2f1f03|0x613a3870f58893d760e942d0f9ec2e3f1772d336|0xe552fb52a4f19e44ef5a967632dbc320b0820639,0x613a3870f58893d760e942d0f9ec2e3f1772d336,0xe552fb52a4f19e44ef5a967632dbc320b0820639,Metis,Metis,0xc4b4e946fcbc2e6dac58c6e2df4594c0aae1e2837c8bc9aa2dd3c0e9be0a0499_Metis,1652570923,1652570923,1,2.857142857142857e+19,28.57142857142857,77.69498680293196,0,0,0.825000,bridge_dst_event_flow,True
BNB,Poly,bnb_flow_0xc4b4e946fcbc__synth_merge_dst,0xc4b4e946fcbc2e6dac58c6e2df4594c0aae1e2837c8bc9aa2dd3c0e9be0a0499,0x2f7ac9436ba4b548f9582af91ca1ef02cd2f1f03|0x613a3870f58893d760e942d0f9ec2e3f1772d336|0xe552fb52a4f19e44ef5a967632dbc320b0820639,0x613a3870f58893d760e942d0f9ec2e3f1772d336,0xe552fb52a4f19e44ef5a967632dbc320b0820639,Metis,Metis,0xc4b4e946fcbc2e6dac58c6e2df4594c0aae1e2837c8bc9aa2dd3c0e9be0a0499_Metis,1652570923,1652570923,1,2e+20,200.0,543.8649076205238,0,0,0.825000,bridge_dst_event_flow,True
BNB,Poly,bnb_flow_0xc4b4e946fcbc__synth_hidden_dst,0xc4b4e946fcbc2e6dac58c6e2df4594c0aae1e2837c8bc9aa2dd3c0e9be0a0499,0x2f7ac9436ba4b548f9582af91ca1ef02cd2f1f03|0x613a3870f58893d760e942d0f9ec2e3f1772d336|0xe552fb52a4f19e44ef5a967632dbc320b0820639,0x613a3870f58893d760e942d0f9ec2e3f1772d336,0xe552fb52a4f19e44ef5a967632dbc320b0820639,Metis,Metis,0xc4b4e946fcbc2e6dac58c6e2df4594c0aae1e2837c8bc9aa2dd3c0e9be0a0499_Metis,1652570923,1652570923,1,2e+20,200.0,543.8649076205238,0,0,0.825000,bridge_dst_event_flow,True
BNB,Poly,bnb_flow_0xc4b4e946fcbc__synth_noise_dst_0,0xc4b4e946fcbc2e6dac58c6e2df4594c0aae1e2837c8bc9aa2dd3c0e9be0a0499,0x2f7ac9436ba4b548f9582af91ca1ef02cd2f1f03|0x613a3870f58893d760e942d0f9ec2e3f1772d336|0xe552fb52a4f19e44ef5a967632dbc320b0820639,0x613a3870f58893d760e942d0f9ec2e3f1772d336,0xe552fb52a4f19e44ef5a967632dbc320b0820639,Metis,Metis,0xc4b4e946fcbc2e6dac58c6e2df4594c0aae1e2837c8bc9aa2dd3c0e9be0a0499_Metis,1652570983,1652570983,1,2e+20,200.0,543.8649076205238,0,0,0.825000,bridge_dst_event_flow,True
BNB,Poly,bnb_flow_0xc4b4e946fcbc__synth_noise_dst_1,0xc4b4e946fcbc2e6dac58c6e2df4594c0aae1e2837c8bc9aa2dd3c0e9be0a0499,0x2f7ac9436ba4b548f9582af91ca1ef02cd2f1f03|0x613a3870f58893d760e942d0f9ec2e3f1772d336|0xe552fb52a4f19e44ef5a967632dbc320b0820639,0x613a3870f58893d760e942d0f9ec2e3f1772d336,0xe552fb52a4f19e44ef5a967632dbc320b0820639,Metis,Metis,0xc4b4e946fcbc2e6dac58c6e2df4594c0aae1e2837c8bc9aa2dd3c0e9be0a0499_Metis,1652571043,1652571043,1,2e+20,200.0,543.8649076205238,0,0,0.825000,bridge_dst_event_flow,True
BNB,Poly,bnb_flow_0xd152445eded5__synth_split_a,0xd152445eded58d710f219a2c12584139e0c46bb30f7d806b540e95bf0daf3cac,0x2f7ac9436ba4b548f9582af91ca1ef02cd2f1f03|0x7a6a59588b8106045303e1923227a2cefbec2b66|0xe552fb52a4f19e44ef5a967632dbc320b0820639,0x7a6a59588b8106045303e1923227a2cefbec2b66,0xe552fb52a4f19e44ef5a967632dbc320b0820639,Metis,Metis,0xd152445eded58d710f219a2c12584139e0c46bb30f7d806b540e95bf0daf3cac_Metis,1669141477,1669141477,1,7.543333333333333e+19,75.43333333333334,205.12771432420755,0,0,0.800000,bridge_dst_event_flow,True
BNB,Poly,bnb_flow_0xd152445eded5__synth_split_b,0xd152445eded58d710f219a2c12584139e0c46bb30f7d806b540e95bf0daf3cac,0x2f7ac9436ba4b548f9582af91ca1ef02cd2f1f03|0x7a6a59588b8106045303e1923227a2cefbec2b66|0xe552fb52a4f19e44ef5a967632dbc320b0820639,0x7a6a59588b8106045303e1923227a2cefbec2b66,0xe552fb52a4f19e44ef5a967632dbc320b0820639,Metis,Metis,0xd152445eded58d710f219a2c12584139e0c46bb30f7d806b540e95bf0daf3cac_Metis,1669141477,1669141477,1,7.543333333333333e+19,75.43333333333334,205.12771432420755,0,0,0.800000,bridge_dst_event_flow,True
BNB,Poly,bnb_flow_0xd152445eded5__synth_split_c,0xd152445eded58d710f219a2c12584139e0c46bb30f7d806b540e95bf0daf3cac,0x2f7ac9436ba4b548f9582af91ca1ef02cd2f1f03|0x7a6a59588b8106045303e1923227a2cefbec2b66|0xe552fb52a4f19e44ef5a967632dbc320b0820639,0x7a6a59588b8106045303e1923227a2cefbec2b66,0xe552fb52a4f19e44ef5a967632dbc320b0820639,Metis,Metis,0xd152445eded58d710f219a2c12584139e0c46bb30f7d806b540e95bf0daf3cac_Metis,1669141477,1669141477,1,7.543333333333333e+19,75.43333333333334,205.12771432420755,0,0,0.800000,bridge_dst_event_flow,True
BNB,Poly,bnb_flow_0xd152445eded5__synth_merge_dst,0xd152445eded58d710f219a2c12584139e0c46bb30f7d806b540e95bf0daf3cac,0x2f7ac9436ba4b548f9582af91ca1ef02cd2f1f03|0x7a6a59588b8106045303e1923227a2cefbec2b66|0xe552fb52a4f19e44ef5a967632dbc320b0820639,0x7a6a59588b8106045303e1923227a2cefbec2b66,0xe552fb52a4f19e44ef5a967632dbc320b0820639,Metis,Metis,0xd152445eded58d710f219a2c12584139e0c46bb30f7d806b540e95bf0daf3cac_Metis,1669141477,1669141477,1,2.263e+20,226.3,615.3831429726226,0,0,0.800000,bridge_dst_event_flow,True
BNB,Poly,bnb_flow_0xd152445eded5__synth_hidden_dst,0xd152445eded58d710f219a2c12584139e0c46bb30f7d806b540e95bf0daf3cac,0x2f7ac9436ba4b548f9582af91ca1ef02cd2f1f03|0x7a6a59588b8106045303e1923227a2cefbec2b66|0xe552fb52a4f19e44ef5a967632dbc320b0820639,0x7a6a59588b8106045303e1923227a2cefbec2b66,0xe552fb52a4f19e44ef5a967632dbc320b0820639,Metis,Metis,0xd152445eded58d710f219a2c12584139e0c46bb30f7d806b540e95bf0daf3cac_Metis,1669141477,1669141477,1,2.263e+20,226.3,615.3831429726226,0,0,0.800000,bridge_dst_event_flow,True
BNB,Poly,bnb_flow_0xd152445eded5__synth_noise_dst_0,0xd152445eded58d710f219a2c12584139e0c46bb30f7d806b540e95bf0daf3cac,0x2f7ac9436ba4b548f9582af91ca1ef02cd2f1f03|0x7a6a59588b8106045303e1923227a2cefbec2b66|0xe552fb52a4f19e44ef5a967632dbc320b0820639,0x7a6a59588b8106045303e1923227a2cefbec2b66,0xe552fb52a4f19e44ef5a967632dbc320b0820639,Metis,Metis,0xd152445eded58d710f219a2c12584139e0c46bb30f7d806b540e95bf0daf3cac_Metis,1669141537,1669141537,1,2.263e+20,226.3,615.3831429726226,0,0,0.800000,bridge_dst_event_flow,True
BNB,Poly,bnb_flow_0xd152445eded5__synth_noise_dst_1,0xd152445eded58d710f219a2c12584139e0c46bb30f7d806b540e95bf0daf3cac,0x2f7ac9436ba4b548f9582af91ca1ef02cd2f1f03|0x7a6a59588b8106045303e1923227a2cefbec2b66|0xe552fb52a4f19e44ef5a967632dbc320b0820639,0x7a6a59588b8106045303e1923227a2cefbec2b66,0xe552fb52a4f19e44ef5a967632dbc320b0820639,Metis,Metis,0xd152445eded58d710f219a2c12584139e0c46bb30f7d806b540e95bf0daf3cac_Metis,1669141597,1669141597,1,2.263e+20,226.3,615.3831429726226,0,0,0.800000,bridge_dst_event_flow,True
BNB,Poly,bnb_flow_0xdf54d0732ccd__synth_split_a,0xdf54d0732ccd91d8a52c75fbb541b2c7b37490e5638e386a4c3580d10982ad99,0x2f7ac9436ba4b548f9582af91ca1ef02cd2f1f03|0xd54e4f8a55247487dd7c8c59f14ee5c0c2889477|0xe552fb52a4f19e44ef5a967632dbc320b0820639,0xd54e4f8a55247487dd7c8c59f14ee5c0c2889477,0xe552fb52a4f19e44ef5a967632dbc320b0820639,Metis,Metis,0xdf54d0732ccd91d8a52c75fbb541b2c7b37490e5638e386a4c3580d10982ad99_Metis,1668326630,1668326630,1,4.98493e+19,49.8493,135.55642469723887,0,0,0.800000,bridge_dst_event_flow,True
BNB,Poly,bnb_flow_0xdf54d0732ccd__synth_split_b,0xdf54d0732ccd91d8a52c75fbb541b2c7b37490e5638e386a4c3580d10982ad99,0x2f7ac9436ba4b548f9582af91ca1ef02cd2f1f03|0xd54e4f8a55247487dd7c8c59f14ee5c0c2889477|0xe552fb52a4f19e44ef5a967632dbc320b0820639,0xd54e4f8a55247487dd7c8c59f14ee5c0c2889477,0xe552fb52a4f19e44ef5a967632dbc320b0820639,Metis,Metis,0xdf54d0732ccd91d8a52c75fbb541b2c7b37490e5638e386a4c3580d10982ad99_Metis,1668326630,1668326630,1,4.98493e+19,49.8493,135.55642469723887,0,0,0.800000,bridge_dst_event_flow,True
BNB,Poly,bnb_flow_0xdf54d0732ccd__synth_split_c,0xdf54d0732ccd91d8a52c75fbb541b2c7b37490e5638e386a4c3580d10982ad99,0x2f7ac9436ba4b548f9582af91ca1ef02cd2f1f03|0xd54e4f8a55247487dd7c8c59f14ee5c0c2889477|0xe552fb52a4f19e44ef5a967632dbc320b0820639,0xd54e4f8a55247487dd7c8c59f14ee5c0c2889477,0xe552fb52a4f19e44ef5a967632dbc320b0820639,Metis,Metis,0xdf54d0732ccd91d8a52c75fbb541b2c7b37490e5638e386a4c3580d10982ad99_Metis,1668326630,1668326630,1,4.98493e+19,49.8493,135.55642469723887,0,0,0.800000,bridge_dst_event_flow,True
BNB,Poly,bnb_flow_0xdf54d0732ccd__synth_split_d,0xdf54d0732ccd91d8a52c75fbb541b2c7b37490e5638e386a4c3580d10982ad99,0x2f7ac9436ba4b548f9582af91ca1ef02cd2f1f03|0xd54e4f8a55247487dd7c8c59f14ee5c0c2889477|0xe552fb52a4f19e44ef5a967632dbc320b0820639,0xd54e4f8a55247487dd7c8c59f14ee5c0c2889477,0xe552fb52a4f19e44ef5a967632dbc320b0820639,Metis,Metis,0xdf54d0732ccd91d8a52c75fbb541b2c7b37490e5638e386a4c3580d10982ad99_Metis,1668326630,1668326630,1,4.98493e+19,49.8493,135.55642469723887,0,0,0.800000,bridge_dst_event_flow,True
BNB,Poly,bnb_flow_0xdf54d0732ccd__synth_merge_dst,0xdf54d0732ccd91d8a52c75fbb541b2c7b37490e5638e386a4c3580d10982ad99,0x2f7ac9436ba4b548f9582af91ca1ef02cd2f1f03|0xd54e4f8a55247487dd7c8c59f14ee5c0c2889477|0xe552fb52a4f19e44ef5a967632dbc320b0820639,0xd54e4f8a55247487dd7c8c59f14ee5c0c2889477,0xe552fb52a4f19e44ef5a967632dbc320b0820639,Metis,Metis,0xdf54d0732ccd91d8a52c75fbb541b2c7b37490e5638e386a4c3580d10982ad99_Metis,1668326630,1668326630,1,1.993972e+20,199.3972,542.2256987889555,0,0,0.800000,bridge_dst_event_flow,True
BNB,Poly,bnb_flow_0xdf54d0732ccd__synth_hidden_dst,0xdf54d0732ccd91d8a52c75fbb541b2c7b37490e5638e386a4c3580d10982ad99,0x2f7ac9436ba4b548f9582af91ca1ef02cd2f1f03|0xd54e4f8a55247487dd7c8c59f14ee5c0c2889477|0xe552fb52a4f19e44ef5a967632dbc320b0820639,0xd54e4f8a55247487dd7c8c59f14ee5c0c2889477,0xe552fb52a4f19e44ef5a967632dbc320b0820639,Metis,Metis,0xdf54d0732ccd91d8a52c75fbb541b2c7b37490e5638e386a4c3580d10982ad99_Metis,1668326630,1668326630,1,1.993972e+20,199.3972,542.2256987889555,0,0,0.800000,bridge_dst_event_flow,True
BNB,Poly,bnb_flow_0xdf54d0732ccd__synth_noise_dst_0,0xdf54d0732ccd91d8a52c75fbb541b2c7b37490e5638e386a4c3580d10982ad99,0x2f7ac9436ba4b548f9582af91ca1ef02cd2f1f03|0xd54e4f8a55247487dd7c8c59f14ee5c0c2889477|0xe552fb52a4f19e44ef5a967632dbc320b0820639,0xd54e4f8a55247487dd7c8c59f14ee5c0c2889477,0xe552fb52a4f19e44ef5a967632dbc320b0820639,Metis,Metis,0xdf54d0732ccd91d8a52c75fbb541b2c7b37490e5638e386a4c3580d10982ad99_Metis,1668326690,1668326690,1,1.993972e+20,199.3972,542.2256987889555,0,0,0.800000,bridge_dst_event_flow,True
BNB,Poly,bnb_flow_0xdf54d0732ccd__synth_noise_dst_1,0xdf54d0732ccd91d8a52c75fbb541b2c7b37490e5638e386a4c3580d10982ad99,0x2f7ac9436ba4b548f9582af91ca1ef02cd2f1f03|0xd54e4f8a55247487dd7c8c59f14ee5c0c2889477|0xe552fb52a4f19e44ef5a967632dbc320b0820639,0xd54e4f8a55247487dd7c8c59f14ee5c0c2889477,0xe552fb52a4f19e44ef5a967632dbc320b0820639,Metis,Metis,0xdf54d0732ccd91d8a52c75fbb541b2c7b37490e5638e386a4c3580d10982ad99_Metis,1668326750,1668326750,1,1.993972e+20,199.3972,542.2256987889555,0,0,0.800000,bridge_dst_event_flow,True
BNB,Poly,bnb_flow_0x3beae605c230__synth_split_a,0x3beae605c230def2968417385b551a6c2c6ec918235eb3e4d819100690032745,0x2f7ac9436ba4b548f9582af91ca1ef02cd2f1f03|0xe552fb52a4f19e44ef5a967632dbc320b0820639|0xf2ce52e3d0eb5d237341c9a75ca24647d87d7e55,0xf2ce52e3d0eb5d237341c9a75ca24647d87d7e55,0xe552fb52a4f19e44ef5a967632dbc320b0820639,Metis,Metis,0x3beae605c230def2968417385b551a6c2c6ec918235eb3e4d819100690032745_Metis,1664311533,1664311533,1,8.383778909689892e+19,83.83778909689892,227.9821571114694,0,0,0.800000,bridge_dst_event_flow,True
BNB,Poly,bnb_flow_0x3beae605c230__synth_split_b,0x3beae605c230def2968417385b551a6c2c6ec918235eb3e4d819100690032745,0x2f7ac9436ba4b548f9582af91ca1ef02cd2f1f03|0xe552fb52a4f19e44ef5a967632dbc320b0820639|0xf2ce52e3d0eb5d237341c9a75ca24647d87d7e55,0xf2ce52e3d0eb5d237341c9a75ca24647d87d7e55,0xe552fb52a4f19e44ef5a967632dbc320b0820639,Metis,Metis,0x3beae605c230def2968417385b551a6c2c6ec918235eb3e4d819100690032745_Metis,1664311533,1664311533,1,8.383778909689892e+19,83.83778909689892,227.9821571114694,0,0,0.800000,bridge_dst_event_flow,True
BNB,Poly,bnb_flow_0x3beae605c230__synth_merge_dst,0x3beae605c230def2968417385b551a6c2c6ec918235eb3e4d819100690032745,0x2f7ac9436ba4b548f9582af91ca1ef02cd2f1f03|0xe552fb52a4f19e44ef5a967632dbc320b0820639|0xf2ce52e3d0eb5d237341c9a75ca24647d87d7e55,0xf2ce52e3d0eb5d237341c9a75ca24647d87d7e55,0xe552fb52a4f19e44ef5a967632dbc320b0820639,Metis,Metis,0x3beae605c230def2968417385b551a6c2c6ec918235eb3e4d819100690032745_Metis,1664311533,1664311533,1,1.6767557819379784e+20,167.67557819379783,455.9643142229388,0,0,0.800000,bridge_dst_event_flow,True
BNB,Poly,bnb_flow_0x3beae605c230__synth_hidden_dst,0x3beae605c230def2968417385b551a6c2c6ec918235eb3e4d819100690032745,0x2f7ac9436ba4b548f9582af91ca1ef02cd2f1f03|0xe552fb52a4f19e44ef5a967632dbc320b0820639|0xf2ce52e3d0eb5d237341c9a75ca24647d87d7e55,0xf2ce52e3d0eb5d237341c9a75ca24647d87d7e55,0xe552fb52a4f19e44ef5a967632dbc320b0820639,Metis,Metis,0x3beae605c230def2968417385b551a6c2c6ec918235eb3e4d819100690032745_Metis,1664311533,1664311533,1,1.6767557819379784e+20,167.67557819379783,455.9643142229388,0,0,0.800000,bridge_dst_event_flow,True
BNB,Poly,bnb_flow_0x3beae605c230__synth_noise_dst_0,0x3beae605c230def2968417385b551a6c2c6ec918235eb3e4d819100690032745,0x2f7ac9436ba4b548f9582af91ca1ef02cd2f1f03|0xe552fb52a4f19e44ef5a967632dbc320b0820639|0xf2ce52e3d0eb5d237341c9a75ca24647d87d7e55,0xf2ce52e3d0eb5d237341c9a75ca24647d87d7e55,0xe552fb52a4f19e44ef5a967632dbc320b0820639,Metis,Metis,0x3beae605c230def2968417385b551a6c2c6ec918235eb3e4d819100690032745_Metis,1664311593,1664311593,1,1.6767557819379784e+20,167.67557819379783,455.9643142229388,0,0,0.800000,bridge_dst_event_flow,True
BNB,Poly,bnb_flow_0x3beae605c230__synth_noise_dst_1,0x3beae605c230def2968417385b551a6c2c6ec918235eb3e4d819100690032745,0x2f7ac9436ba4b548f9582af91ca1ef02cd2f1f03|0xe552fb52a4f19e44ef5a967632dbc320b0820639|0xf2ce52e3d0eb5d237341c9a75ca24647d87d7e55,0xf2ce52e3d0eb5d237341c9a75ca24647d87d7e55,0xe552fb52a4f19e44ef5a967632dbc320b0820639,Metis,Metis,0x3beae605c230def2968417385b551a6c2c6ec918235eb3e4d819100690032745_Metis,1664311653,1664311653,1,1.6767557819379784e+20,167.67557819379783,455.9643142229388,0,0,0.800000,bridge_dst_event_flow,True
BNB,Poly,bnb_flow_0xca9a707f8998__synth_split_a,0xca9a707f8998abc248eb343778b70e39c377a8e9daee5cf93cd28cc25a299c7f,0x2f7ac9436ba4b548f9582af91ca1ef02cd2f1f03|0x8d484c91f791d281dbf767ecb87f4028f7911e7a|0xe552fb52a4f19e44ef5a967632dbc320b0820639,0x8d484c91f791d281dbf767ecb87f4028f7911e7a,0xe552fb52a4f19e44ef5a967632dbc320b0820639,Metis,Metis,0xca9a707f8998abc248eb343778b70e39c377a8e9daee5cf93cd28cc25a299c7f_Metis,1664197877,1664197877,1,1.6666666666666666e+20,166.66666666666666,453.22075635043643,0,0,0.800000,bridge_dst_event_flow,True
BNB,Poly,bnb_flow_0xca9a707f8998__synth_split_b,0xca9a707f8998abc248eb343778b70e39c377a8e9daee5cf93cd28cc25a299c7f,0x2f7ac9436ba4b548f9582af91ca1ef02cd2f1f03|0x8d484c91f791d281dbf767ecb87f4028f7911e7a|0xe552fb52a4f19e44ef5a967632dbc320b0820639,0x8d484c91f791d281dbf767ecb87f4028f7911e7a,0xe552fb52a4f19e44ef5a967632dbc320b0820639,Metis,Metis,0xca9a707f8998abc248eb343778b70e39c377a8e9daee5cf93cd28cc25a299c7f_Metis,1664197877,1664197877,1,1.6666666666666666e+20,166.66666666666666,453.22075635043643,0,0,0.800000,bridge_dst_event_flow,True
BNB,Poly,bnb_flow_0xca9a707f8998__synth_split_c,0xca9a707f8998abc248eb343778b70e39c377a8e9daee5cf93cd28cc25a299c7f,0x2f7ac9436ba4b548f9582af91ca1ef02cd2f1f03|0x8d484c91f791d281dbf767ecb87f4028f7911e7a|0xe552fb52a4f19e44ef5a967632dbc320b0820639,0x8d484c91f791d281dbf767ecb87f4028f7911e7a,0xe552fb52a4f19e44ef5a967632dbc320b0820639,Metis,Metis,0xca9a707f8998abc248eb343778b70e39c377a8e9daee5cf93cd28cc25a299c7f_Metis,1664197877,1664197877,1,1.6666666666666666e+20,166.66666666666666,453.22075635043643,0,0,0.800000,bridge_dst_event_flow,True
BNB,Poly,bnb_flow_0xca9a707f8998__synth_split_d,0xca9a707f8998abc248eb343778b70e39c377a8e9daee5cf93cd28cc25a299c7f,0x2f7ac9436ba4b548f9582af91ca1ef02cd2f1f03|0x8d484c91f791d281dbf767ecb87f4028f7911e7a|0xe552fb52a4f19e44ef5a967632dbc320b0820639,0x8d484c91f791d281dbf767ecb87f4028f7911e7a,0xe552fb52a4f19e44ef5a967632dbc320b0820639,Metis,Metis,0xca9a707f8998abc248eb343778b70e39c377a8e9daee5cf93cd28cc25a299c7f_Metis,1664197877,1664197877,1,1.6666666666666666e+20,166.66666666666666,453.22075635043643,0,0,0.800000,bridge_dst_event_flow,True
BNB,Poly,bnb_flow_0xca9a707f8998__synth_split_e,0xca9a707f8998abc248eb343778b70e39c377a8e9daee5cf93cd28cc25a299c7f,0x2f7ac9436ba4b548f9582af91ca1ef02cd2f1f03|0x8d484c91f791d281dbf767ecb87f4028f7911e7a|0xe552fb52a4f19e44ef5a967632dbc320b0820639,0x8d484c91f791d281dbf767ecb87f4028f7911e7a,0xe552fb52a4f19e44ef5a967632dbc320b0820639,Metis,Metis,0xca9a707f8998abc248eb343778b70e39c377a8e9daee5cf93cd28cc25a299c7f_Metis,1664197877,1664197877,1,1.6666666666666666e+20,166.66666666666666,453.22075635043643,0,0,0.800000,bridge_dst_event_flow,True
BNB,Poly,bnb_flow_0xca9a707f8998__synth_split_f,0xca9a707f8998abc248eb343778b70e39c377a8e9daee5cf93cd28cc25a299c7f,0x2f7ac9436ba4b548f9582af91ca1ef02cd2f1f03|0x8d484c91f791d281dbf767ecb87f4028f7911e7a|0xe552fb52a4f19e44ef5a967632dbc320b0820639,0x8d484c91f791d281dbf767ecb87f4028f7911e7a,0xe552fb52a4f19e44ef5a967632dbc320b0820639,Metis,Metis,0xca9a707f8998abc248eb343778b70e39c377a8e9daee5cf93cd28cc25a299c7f_Metis,1664197877,1664197877,1,1.6666666666666666e+20,166.66666666666666,453.22075635043643,0,0,0.800000,bridge_dst_event_flow,True
BNB,Poly,bnb_flow_0xca9a707f8998__synth_merge_dst,0xca9a707f8998abc248eb343778b70e39c377a8e9daee5cf93cd28cc25a299c7f,0x2f7ac9436ba4b548f9582af91ca1ef02cd2f1f03|0x8d484c91f791d281dbf767ecb87f4028f7911e7a|0xe552fb52a4f19e44ef5a967632dbc320b0820639,0x8d484c91f791d281dbf767ecb87f4028f7911e7a,0xe552fb52a4f19e44ef5a967632dbc320b0820639,Metis,Metis,0xca9a707f8998abc248eb343778b70e39c377a8e9daee5cf93cd28cc25a299c7f_Metis,1664197877,1664197877,1,1e+21,1000.0,2719.3245381026186,0,0,0.800000,bridge_dst_event_flow,True
BNB,Poly,bnb_flow_0xca9a707f8998__synth_hidden_dst,0xca9a707f8998abc248eb343778b70e39c377a8e9daee5cf93cd28cc25a299c7f,0x2f7ac9436ba4b548f9582af91ca1ef02cd2f1f03|0x8d484c91f791d281dbf767ecb87f4028f7911e7a|0xe552fb52a4f19e44ef5a967632dbc320b0820639,0x8d484c91f791d281dbf767ecb87f4028f7911e7a,0xe552fb52a4f19e44ef5a967632dbc320b0820639,Metis,Metis,0xca9a707f8998abc248eb343778b70e39c377a8e9daee5cf93cd28cc25a299c7f_Metis,1664197877,1664197877,1,1e+21,1000.0,2719.3245381026186,0,0,0.800000,bridge_dst_event_flow,True
BNB,Poly,bnb_flow_0xca9a707f8998__synth_noise_dst_0,0xca9a707f8998abc248eb343778b70e39c377a8e9daee5cf93cd28cc25a299c7f,0x2f7ac9436ba4b548f9582af91ca1ef02cd2f1f03|0x8d484c91f791d281dbf767ecb87f4028f7911e7a|0xe552fb52a4f19e44ef5a967632dbc320b0820639,0x8d484c91f791d281dbf767ecb87f4028f7911e7a,0xe552fb52a4f19e44ef5a967632dbc320b0820639,Metis,Metis,0xca9a707f8998abc248eb343778b70e39c377a8e9daee5cf93cd28cc25a299c7f_Metis,1664197937,1664197937,1,1e+21,1000.0,2719.3245381026186,0,0,0.800000,bridge_dst_event_flow,True
BNB,Poly,bnb_flow_0xca9a707f8998__synth_noise_dst_1,0xca9a707f8998abc248eb343778b70e39c377a8e9daee5cf93cd28cc25a299c7f,0x2f7ac9436ba4b548f9582af91ca1ef02cd2f1f03|0x8d484c91f791d281dbf767ecb87f4028f7911e7a|0xe552fb52a4f19e44ef5a967632dbc320b0820639,0x8d484c91f791d281dbf767ecb87f4028f7911e7a,0xe552fb52a4f19e44ef5a967632dbc320b0820639,Metis,Metis,0xca9a707f8998abc248eb343778b70e39c377a8e9daee5cf93cd28cc25a299c7f_Metis,1664197997,1664197997,1,1e+21,1000.0,2719.3245381026186,0,0,0.800000,bridge_dst_event_flow,True
