src_flow_id,dst_flow_id,src_amount_usd,dst_amount_usd,median_delay_sec,pattern_type,label_confidence,label_type,src_chain,dst_chain,bridge,src_token,dst_token,asset_group,label_source,support_tx_pair_count,matched_src_amount_usd,matched_dst_amount_usd,flow_mass_ratio_dst
eth_flow_0xb02a1b978a91__r7fam00__inst00__synth_split_src,bnb_flow_0x5f813b191cd0__synth_split_a,2.882705660392179,1.4413528301960894,184,one_to_many,0.95,supervised_flow_pair,ETH,BNB,Poly,0x9e32b13ce7f2e80a01932b42553652e053d6ed8e,0xe552fb52a4f19e44ef5a967632dbc320b0820639,Metis,semi_synthetic_split,1,1.4413528301960894,1.4413528301960894,
eth_flow_0xb02a1b978a91__r7fam00__inst00__synth_split_src,bnb_flow_0x5f813b191cd0__synth_split_b,2.882705660392179,1.4413528301960894,184,one_to_many,0.95,supervised_flow_pair,ETH,BNB,Poly,0x9e32b13ce7f2e80a01932b42553652e053d6ed8e,0xe552fb52a4f19e44ef5a967632dbc320b0820639,Metis,semi_synthetic_split,1,1.4413528301960894,1.4413528301960894,
eth_flow_0xb02a1b978a91__r7fam00__inst00__synth_merge_src1,bnb_flow_0x5f813b191cd0__synth_merge_dst,1.4413528301960894,2.882705660392179,184,many_to_one,1.0,supervised_flow_pair,ETH,BNB,Poly,0x9e32b13ce7f2e80a01932b42553652e053d6ed8e,0xe552fb52a4f19e44ef5a967632dbc320b0820639,Metis,semi_synthetic_merge,,1.4413528301960894,1.4413528301960894,
eth_flow_0xb02a1b978a91__r7fam00__inst00__synth_merge_src2,bnb_flow_0x5f813b191cd0__synth_merge_dst,1.4413528301960894,2.882705660392179,184,many_to_one,1.0,supervised_flow_pair,ETH,BNB,Poly,0x9e32b13ce7f2e80a01932b42553652e053d6ed8e,0xe552fb52a4f19e44ef5a967632dbc320b0820639,Metis,semi_synthetic_merge,,1.4413528301960894,1.4413528301960894,
eth_flow_0xb02a1b978a91__r7fam00__inst00__synth_unmatched_src,bnb_flow_0x5f813b191cd0__synth_hidden_dst,2.882705660392179,0,184,one_to_one,0.2,supervised_flow_pair,ETH,BNB,Poly,0x9e32b13ce7f2e80a01932b42553652e053d6ed8e,0xe552fb52a4f19e44ef5a967632dbc320b0820639,Metis,semi_synthetic_unmatched,,,0,0
eth_flow_0xb02a1b978a91__r7fam00__inst00__synth_noise_src_0,bnb_flow_0x5f813b191cd0__synth_noise_dst_0,2.882705660392179,2.882705660392179,244,one_to_one,0.2258,supervised_flow_pair,ETH,BNB,Poly,0x9e32b13ce7f2e80a01932b42553652e053d6ed8e,0xe552fb52a4f19e44ef5a967632dbc320b0820639,Metis,semi_synthetic_delay_noise,,,,
eth_flow_0xb02a1b978a91__r7fam00__inst00__synth_noise_src_1,bnb_flow_0x5f813b191cd0__synth_noise_dst_1,2.882705660392179,2.882705660392179,304,one_to_one,0.2236,supervised_flow_pair,ETH,BNB,Poly,0x9e32b13ce7f2e80a01932b42553652e053d6ed8e,0xe552fb52a4f19e44ef5a967632dbc320b0820639,Metis,semi_synthetic_delay_noise,,,,
eth_flow_0xa0b1f3c1fb33__r7fam00__inst01__synth_split_src,bnb_flow_0x5afa61350fee__synth_split_a,0.8446125600206126,0.4223062800103063,175,one_to_many,0.95,supervised_flow_pair,ETH,BNB,Poly,0x5d285f735998f36631f678ff41fb56a10a4d0429,0x398f7827dccbefe6990478876bbf3612d93baf05,MIX,semi_synthetic_split,1,0.4223062800103063,0.4223062800103063,
eth_flow_0xa0b1f3c1fb33__r7fam00__inst01__synth_split_src,bnb_flow_0x5afa61350fee__synth_split_b,0.8446125600206126,0.4223062800103063,175,one_to_many,0.95,supervised_flow_pair,ETH,BNB,Poly,0x5d285f735998f36631f678ff41fb56a10a4d0429,0x398f7827dccbefe6990478876bbf3612d93baf05,MIX,semi_synthetic_split,1,0.4223062800103063,0.4223062800103063,
eth_flow_0xa0b1f3c1fb33__r7fam00__inst01__synth_merge_src1,bnb_flow_0x5afa61350fee__synth_merge_dst,0.4223062800103063,0.8446125600206126,175,many_to_one,1.0,supervised_flow_pair,ETH,BNB,Poly,0x5d285f735998f36631f678ff41fb56a10a4d0429,0x398f7827dccbefe6990478876bbf3612d93baf05,MIX,semi_synthetic_merge,,0.4223062800103063,0.4223062800103063,
eth_flow_0xa0b1f3c1fb33__r7fam00__inst01__synth_merge_src2,bnb_flow_0x5afa61350fee__synth_merge_dst,0.4223062800103063,0.8446125600206126,175,many_to_one,1.0,supervised_flow_pair,ETH,BNB,Poly,0x5d285f735998f36631f678ff41fb56a10a4d0429,0x398f7827dccbefe6990478876bbf3612d93baf05,MIX,semi_synthetic_merge,,0.4223062800103063,0.4223062800103063,
eth_flow_0xa0b1f3c1fb33__r7fam00__inst01__synth_unmatched_src,bnb_flow_0x5afa61350fee__synth_hidden_dst,0.8446125600206126,0,175,one_to_one,0.2,supervised_flow_pair,ETH,BNB,Poly,0x5d285f735998f36631f678ff41fb56a10a4d0429,0x398f7827dccbefe6990478876bbf3612d93baf05,MIX,semi_synthetic_unmatched,,,0,0
eth_flow_0xa0b1f3c1fb33__r7fam00__inst01__synth_noise_src_0,bnb_flow_0x5afa61350fee__synth_noise_dst_0,0.8446125600206126,0.8446125600206126,235,one_to_one,0.2342,supervised_flow_pair,ETH,BNB,Poly,0x5d285f735998f36631f678ff41fb56a10a4d0429,0x398f7827dccbefe6990478876bbf3612d93baf05,MIX,semi_synthetic_delay_noise,,,,
eth_flow_0xa0b1f3c1fb33__r7fam00__inst01__synth_noise_src_1,bnb_flow_0x5afa61350fee__synth_noise_dst_1,0.8446125600206126,0.8446125600206126,295,one_to_one,0.2214,supervised_flow_pair,ETH,BNB,Poly,0x5d285f735998f36631f678ff41fb56a10a4d0429,0x398f7827dccbefe6990478876bbf3612d93baf05,MIX,semi_synthetic_delay_noise,,,,
eth_flow_0x49b1a9f29016__r7fam01__inst00__synth_split_src,bnb_flow_0xc3e3c36bff0e__synth_split_a,2.94343630419971,0.7358590760499275,205,one_to_many,0.95,supervised_flow_pair,ETH,BNB,Poly,0xee9801669c6138e84bd50deb500827b776777d28,0xee9801669c6138e84bd50deb500827b776777d28,O3,semi_synthetic_split,1,0.7358590760499275,0.7358590760499275,
eth_flow_0x49b1a9f29016__r7fam01__inst00__synth_split_src,bnb_flow_0xc3e3c36bff0e__synth_split_b,2.94343630419971,0.7358590760499275,205,one_to_many,0.95,supervised_flow_pair,ETH,BNB,Poly,0xee9801669c6138e84bd50deb500827b776777d28,0xee9801669c6138e84bd50deb500827b776777d28,O3,semi_synthetic_split,1,0.7358590760499275,0.7358590760499275,
eth_flow_0x49b1a9f29016__r7fam01__inst00__synth_split_src,bnb_flow_0xc3e3c36bff0e__synth_split_c,2.94343630419971,0.7358590760499275,205,one_to_many,0.95,supervised_flow_pair,ETH,BNB,Poly,0xee9801669c6138e84bd50deb500827b776777d28,0xee9801669c6138e84bd50deb500827b776777d28,O3,semi_synthetic_split,1,0.7358590760499275,0.7358590760499275,
eth_flow_0x49b1a9f29016__r7fam01__inst00__synth_split_src,bnb_flow_0xc3e3c36bff0e__synth_split_d,2.94343630419971,0.7358590760499275,205,one_to_many,0.95,supervised_flow_pair,ETH,BNB,Poly,0xee9801669c6138e84bd50deb500827b776777d28,0xee9801669c6138e84bd50deb500827b776777d28,O3,semi_synthetic_split,1,0.7358590760499275,0.7358590760499275,
eth_flow_0x49b1a9f29016__r7fam01__inst00__synth_merge_src1,bnb_flow_0xc3e3c36bff0e__synth_merge_dst,1.471718152099855,2.94343630419971,205,many_to_one,1.0,supervised_flow_pair,ETH,BNB,Poly,0xee9801669c6138e84bd50deb500827b776777d28,0xee9801669c6138e84bd50deb500827b776777d28,O3,semi_synthetic_merge,,1.471718152099855,1.471718152099855,
eth_flow_0x49b1a9f29016__r7fam01__inst00__synth_merge_src2,bnb_flow_0xc3e3c36bff0e__synth_merge_dst,1.471718152099855,2.94343630419971,205,many_to_one,1.0,supervised_flow_pair,ETH,BNB,Poly,0xee9801669c6138e84bd50deb500827b776777d28,0xee9801669c6138e84bd50deb500827b776777d28,O3,semi_synthetic_merge,,1.471718152099855,1.471718152099855,
eth_flow_0x49b1a9f29016__r7fam01__inst00__synth_unmatched_src,bnb_flow_0xc3e3c36bff0e__synth_hidden_dst,2.94343630419971,0,205,one_to_one,0.2,supervised_flow_pair,ETH,BNB,Poly,0xee9801669c6138e84bd50deb500827b776777d28,0xee9801669c6138e84bd50deb500827b776777d28,O3,semi_synthetic_unmatched,,,0,0
eth_flow_0x49b1a9f29016__r7fam01__inst00__synth_noise_src_0,bnb_flow_0xc3e3c36bff0e__synth_noise_dst_0,2.94343630419971,2.94343630419971,265,one_to_one,0.2367,supervised_flow_pair,ETH,BNB,Poly,0xee9801669c6138e84bd50deb500827b776777d28,0xee9801669c6138e84bd50deb500827b776777d28,O3,semi_synthetic_delay_noise,,,,
eth_flow_0x49b1a9f29016__r7fam01__inst00__synth_noise_src_1,bnb_flow_0xc3e3c36bff0e__synth_noise_dst_1,2.94343630419971,2.94343630419971,325,one_to_one,0.2208,supervised_flow_pair,ETH,BNB,Poly,0xee9801669c6138e84bd50deb500827b776777d28,0xee9801669c6138e84bd50deb500827b776777d28,O3,semi_synthetic_delay_noise,,,,
eth_flow_0x81e4c4fa61e7__r7fam01__inst01__synth_split_src,bnb_flow_0x799e7ee8bc5f__synth_split_a,1.1100016531791272,0.2775004132947818,203,one_to_many,0.95,supervised_flow_pair,ETH,BNB,Poly,0x5d285f735998f36631f678ff41fb56a10a4d0429,0x398f7827dccbefe6990478876bbf3612d93baf05,MIX,semi_synthetic_split,1,0.2775004132947818,0.2775004132947818,
eth_flow_0x81e4c4fa61e7__r7fam01__inst01__synth_split_src,bnb_flow_0x799e7ee8bc5f__synth_split_b,1.1100016531791272,0.2775004132947818,203,one_to_many,0.95,supervised_flow_pair,ETH,BNB,Poly,0x5d285f735998f36631f678ff41fb56a10a4d0429,0x398f7827dccbefe6990478876bbf3612d93baf05,MIX,semi_synthetic_split,1,0.2775004132947818,0.2775004132947818,
eth_flow_0x81e4c4fa61e7__r7fam01__inst01__synth_split_src,bnb_flow_0x799e7ee8bc5f__synth_split_c,1.1100016531791272,0.2775004132947818,203,one_to_many,0.95,supervised_flow_pair,ETH,BNB,Poly,0x5d285f735998f36631f678ff41fb56a10a4d0429,0x398f7827dccbefe6990478876bbf3612d93baf05,MIX,semi_synthetic_split,1,0.2775004132947818,0.2775004132947818,
eth_flow_0x81e4c4fa61e7__r7fam01__inst01__synth_split_src,bnb_flow_0x799e7ee8bc5f__synth_split_d,1.1100016531791272,0.2775004132947818,203,one_to_many,0.95,supervised_flow_pair,ETH,BNB,Poly,0x5d285f735998f36631f678ff41fb56a10a4d0429,0x398f7827dccbefe6990478876bbf3612d93baf05,MIX,semi_synthetic_split,1,0.2775004132947818,0.2775004132947818,
eth_flow_0x81e4c4fa61e7__r7fam01__inst01__synth_merge_src1,bnb_flow_0x799e7ee8bc5f__synth_merge_dst,0.5550008265895636,1.1100016531791272,203,many_to_one,1.0,supervised_flow_pair,ETH,BNB,Poly,0x5d285f735998f36631f678ff41fb56a10a4d0429,0x398f7827dccbefe6990478876bbf3612d93baf05,MIX,semi_synthetic_merge,,0.5550008265895636,0.5550008265895636,
eth_flow_0x81e4c4fa61e7__r7fam01__inst01__synth_merge_src2,bnb_flow_0x799e7ee8bc5f__synth_merge_dst,0.5550008265895636,1.1100016531791272,203,many_to_one,1.0,supervised_flow_pair,ETH,BNB,Poly,0x5d285f735998f36631f678ff41fb56a10a4d0429,0x398f7827dccbefe6990478876bbf3612d93baf05,MIX,semi_synthetic_merge,,0.5550008265895636,0.5550008265895636,
eth_flow_0x81e4c4fa61e7__r7fam01__inst01__synth_unmatched_src,bnb_flow_0x799e7ee8bc5f__synth_hidden_dst,1.1100016531791272,0,203,one_to_one,0.2,supervised_flow_pair,ETH,BNB,Poly,0x5d285f735998f36631f678ff41fb56a10a4d0429,0x398f7827dccbefe6990478876bbf3612d93baf05,MIX,semi_synthetic_unmatched,,,0,0
eth_flow_0x81e4c4fa61e7__r7fam01__inst01__synth_noise_src_0,bnb_flow_0x799e7ee8bc5f__synth_noise_dst_0,1.1100016531791272,1.1100016531791272,263,one_to_one,0.2598,supervised_flow_pair,ETH,BNB,Poly,0x5d285f735998f36631f678ff41fb56a10a4d0429,0x398f7827dccbefe6990478876bbf3612d93baf05,MIX,semi_synthetic_delay_noise,,,,
eth_flow_0x81e4c4fa61e7__r7fam01__inst01__synth_noise_src_1,bnb_flow_0x799e7ee8bc5f__synth_noise_dst_1,1.1100016531791272,1.1100016531791272,323,one_to_one,0.2374,supervised_flow_pair,ETH,BNB,Poly,0x5d285f735998f36631f678ff41fb56a10a4d0429,0x398f7827dccbefe6990478876bbf3612d93baf05,MIX,semi_synthetic_delay_noise,,,,
eth_flow_0x2bf81d72f705__r7fam02__inst00__synth_split_src,bnb_flow_0x79ad458bbc10__synth_split_a,0.8391090302997322,0.4195545151498661,261,one_to_many,0.95,supervised_flow_pair,ETH,BNB,Poly,0x5d285f735998f36631f678ff41fb56a10a4d0429,0x398f7827dccbefe6990478876bbf3612d93baf05,MIX,semi_synthetic_split,1,0.4195545151498661,0.4195545151498661,
eth_flow_0x2bf81d72f705__r7fam02__inst00__synth_split_src,bnb_flow_0x79ad458bbc10__synth_split_b,0.8391090302997322,0.4195545151498661,261,one_to_many,0.95,supervised_flow_pair,ETH,BNB,Poly,0x5d285f735998f36631f678ff41fb56a10a4d0429,0x398f7827dccbefe6990478876bbf3612d93baf05,MIX,semi_synthetic_split,1,0.4195545151498661,0.4195545151498661,
eth_flow_0x2bf81d72f705__r7fam02__inst00__synth_merge_src1,bnb_flow_0x79ad458bbc10__synth_merge_dst,0.4195545151498661,0.8391090302997322,261,many_to_one,1.0,supervised_flow_pair,ETH,BNB,Poly,0x5d285f735998f36631f678ff41fb56a10a4d0429,0x398f7827dccbefe6990478876bbf3612d93baf05,MIX,semi_synthetic_merge,,0.4195545151498661,0.4195545151498661,
eth_flow_0x2bf81d72f705__r7fam02__inst00__synth_merge_src2,bnb_flow_0x79ad458bbc10__synth_merge_dst,0.4195545151498661,0.8391090302997322,261,many_to_one,1.0,supervised_flow_pair,ETH,BNB,Poly,0x5d285f735998f36631f678ff41fb56a10a4d0429,0x398f7827dccbefe6990478876bbf3612d93baf05,MIX,semi_synthetic_merge,,0.4195545151498661,0.4195545151498661,
eth_flow_0x2bf81d72f705__r7fam02__inst00__synth_unmatched_src,bnb_flow_0x79ad458bbc10__synth_hidden_dst,0.8391090302997322,0,261,one_to_one,0.2,supervised_flow_pair,ETH,BNB,Poly,0x5d285f735998f36631f678ff41fb56a10a4d0429,0x398f7827dccbefe6990478876bbf3612d93baf05,MIX,semi_synthetic_unmatched,,,0,0
eth_flow_0x2bf81d72f705__r7fam02__inst00__synth_noise_src_0,bnb_flow_0x79ad458bbc10__synth_noise_dst_0,0.8391090302997322,0.8391090302997322,321,one_to_one,0.2546,supervised_flow_pair,ETH,BNB,Poly,0x5d285f735998f36631f678ff41fb56a10a4d0429,0x398f7827dccbefe6990478876bbf3612d93baf05,MIX,semi_synthetic_delay_noise,,,,
eth_flow_0x2bf81d72f705__r7fam02__inst00__synth_noise_src_1,bnb_flow_0x79ad458bbc10__synth_noise_dst_1,0.8391090302997322,0.8391090302997322,381,one_to_one,0.2468,supervised_flow_pair,ETH,BNB,Poly,0x5d285f735998f36631f678ff41fb56a10a4d0429,0x398f7827dccbefe6990478876bbf3612d93baf05,MIX,semi_synthetic_delay_noise,,,,
eth_flow_0xe99845d4604d__r7fam02__inst01__synth_split_src,bnb_flow_0x68da6bf1c39b__synth_split_a,2.1650599045004237,1.0825299522502119,233,one_to_many,0.95,supervised_flow_pair,ETH,BNB,Poly,0x001a8ffcb0f03e99141652ebcdecdb0384e3bd6c,0xc49dde62b4a0810074721faca54aab52369f486a,PKR,semi_synthetic_split,1,1.0825299522502119,1.0825299522502119,
eth_flow_0xe99845d4604d__r7fam02__inst01__synth_split_src,bnb_flow_0x68da6bf1c39b__synth_split_b,2.1650599045004237,1.0825299522502119,233,one_to_many,0.95,supervised_flow_pair,ETH,BNB,Poly,0x001a8ffcb0f03e99141652ebcdecdb0384e3bd6c,0xc49dde62b4a0810074721faca54aab52369f486a,PKR,semi_synthetic_split,1,1.0825299522502119,1.0825299522502119,
eth_flow_0xe99845d4604d__r7fam02__inst01__synth_merge_src1,bnb_flow_0x68da6bf1c39b__synth_merge_dst,1.0825299522502119,2.1650599045004237,233,many_to_one,1.0,supervised_flow_pair,ETH,BNB,Poly,0x001a8ffcb0f03e99141652ebcdecdb0384e3bd6c,0xc49dde62b4a0810074721faca54aab52369f486a,PKR,semi_synthetic_merge,,1.0825299522502119,1.0825299522502119,
eth_flow_0xe99845d4604d__r7fam02__inst01__synth_merge_src2,bnb_flow_0x68da6bf1c39b__synth_merge_dst,1.0825299522502119,2.1650599045004237,233,many_to_one,1.0,supervised_flow_pair,ETH,BNB,Poly,0x001a8ffcb0f03e99141652ebcdecdb0384e3bd6c,0xc49dde62b4a0810074721faca54aab52369f486a,PKR,semi_synthetic_merge,,1.0825299522502119,1.0825299522502119,
eth_flow_0xe99845d4604d__r7fam02__inst01__synth_unmatched_src,bnb_flow_0x68da6bf1c39b__synth_hidden_dst,2.1650599045004233,0,233,one_to_one,0.2,supervised_flow_pair,ETH,BNB,Poly,0x001a8ffcb0f03e99141652ebcdecdb0384e3bd6c,0xc49dde62b4a0810074721faca54aab52369f486a,PKR,semi_synthetic_unmatched,,,0,0
eth_flow_0xe99845d4604d__r7fam02__inst01__synth_noise_src_0,bnb_flow_0x68da6bf1c39b__synth_noise_dst_0,2.1650599045004233,2.1650599045004233,293,one_to_one,0.2458,supervised_flow_pair,ETH,BNB,Poly,0x001a8ffcb0f03e99141652ebcdecdb0384e3bd6c,0xc49dde62b4a0810074721faca54aab52369f486a,PKR,semi_synthetic_delay_noise,,,,
eth_flow_0xe99845d4604d__r7fam02__inst01__synth_noise_src_1,bnb_flow_0x68da6bf1c39b__synth_noise_dst_1,2.1650599045004233,2.1650599045004233,353,one_to_one,0.2319,supervised_flow_pair,ETH,BNB,Poly,0x001a8ffcb0f03e99141652ebcdecdb0384e3bd6c,0xc49dde62b4a0810074721faca54aab52369f486a,PKR,semi_synthetic_delay_noise,,,,
eth_flow_0xf6aed3c5e32d__r7fam03__inst00__synth_split_src,bnb_flow_0xea47456d4360__synth_split_a,0.8973770975738642,0.22434427439346605,268,one_to_many,0.95,supervised_flow_pair,ETH,BNB,Poly,0x9e32b13ce7f2e80a01932b42553652e053d6ed8e,0xe552fb52a4f19e44ef5a967632dbc320b0820639,Metis,semi_synthetic_split,1,0.22434427439346605,0.22434427439346605,
eth_flow_0xf6aed3c5e32d__r7fam03__inst00__synth_split_src,bnb_flow_0xea47456d4360__synth_split_b,0.8973770975738642,0.22434427439346605,268,one_to_many,0.95,supervised_flow_pair,ETH,BNB,Poly,0x9e32b13ce7f2e80a01932b42553652e053d6ed8e,0xe552fb52a4f19e44ef5a967632dbc320b0820639,Metis,semi_synthetic_split,1,0.22434427439346605,0.22434427439346605,
eth_flow_0xf6aed3c5e32d__r7fam03__inst00__synth_split_src,bnb_flow_0xea47456d4360__synth_split_c,0.8973770975738642,0.22434427439346605,268,one_to_many,0.95,supervised_flow_pair,ETH,BNB,Poly,0x9e32b13ce7f2e80a01932b42553652e053d6ed8e,0xe552fb52a4f19e44ef5a967632dbc320b0820639,Metis,semi_synthetic_split,1,0.22434427439346605,0.22434427439346605,
eth_flow_0xf6aed3c5e32d__r7fam03__inst00__synth_split_src,bnb_flow_0xea47456d4360__synth_split_d,0.8973770975738642,0.22434427439346605,268,one_to_many,0.95,supervised_flow_pair,ETH,BNB,Poly,0x9e32b13ce7f2e80a01932b42553652e053d6ed8e,0xe552fb52a4f19e44ef5a967632dbc320b0820639,Metis,semi_synthetic_split,1,0.22434427439346605,0.22434427439346605,
eth_flow_0xf6aed3c5e32d__r7fam03__inst00__synth_merge_src1,bnb_flow_0xea47456d4360__synth_merge_dst,0.4486885487869321,0.8973770975738642,268,many_to_one,1.0,supervised_flow_pair,ETH,BNB,Poly,0x9e32b13ce7f2e80a01932b42553652e053d6ed8e,0xe552fb52a4f19e44ef5a967632dbc320b0820639,Metis,semi_synthetic_merge,,0.4486885487869321,0.4486885487869321,
eth_flow_0xf6aed3c5e32d__r7fam03__inst00__synth_merge_src2,bnb_flow_0xea47456d4360__synth_merge_dst,0.4486885487869321,0.8973770975738642,268,many_to_one,1.0,supervised_flow_pair,ETH,BNB,Poly,0x9e32b13ce7f2e80a01932b42553652e053d6ed8e,0xe552fb52a4f19e44ef5a967632dbc320b0820639,Metis,semi_synthetic_merge,,0.4486885487869321,0.4486885487869321,
eth_flow_0xf6aed3c5e32d__r7fam03__inst00__synth_unmatched_src,bnb_flow_0xea47456d4360__synth_hidden_dst,0.8973770975738642,0,268,one_to_one,0.2,supervised_flow_pair,ETH,BNB,Poly,0x9e32b13ce7f2e80a01932b42553652e053d6ed8e,0xe552fb52a4f19e44ef5a967632dbc320b0820639,Metis,semi_synthetic_unmatched,,,0,0
eth_flow_0xf6aed3c5e32d__r7fam03__inst00__synth_noise_src_0,bnb_flow_0xea47456d4360__synth_noise_dst_0,0.8973770975738642,0.8973770975738642,328,one_to_one,0.2366,supervised_flow_pair,ETH,BNB,Poly,0x9e32b13ce7f2e80a01932b42553652e053d6ed8e,0xe552fb52a4f19e44ef5a967632dbc320b0820639,Metis,semi_synthetic_delay_noise,,,,
eth_flow_0xf6aed3c5e32d__r7fam03__inst00__synth_noise_src_1,bnb_flow_0xea47456d4360__synth_noise_dst_1,0.8973770975738642,0.8973770975738642,388,one_to_one,0.2369,supervised_flow_pair,ETH,BNB,Poly,0x9e32b13ce7f2e80a01932b42553652e053d6ed8e,0xe552fb52a4f19e44ef5a967632dbc320b0820639,Metis,semi_synthetic_delay_noise,,,,
eth_flow_0xd09eb416c778__r7fam03__inst01__synth_split_src,bnb_flow_0x9890aeafd006__synth_split_a,1.0972575620457548,0.5486287810228774,287,one_to_many,0.95,supervised_flow_pair,ETH,BNB,Poly,0x5d285f735998f36631f678ff41fb56a10a4d0429,0x398f7827dccbefe6990478876bbf3612d93baf05,MIX,semi_synthetic_split,1,0.5486287810228774,0.5486287810228774,
eth_flow_0xd09eb416c778__r7fam03__inst01__synth_split_src,bnb_flow_0x9890aeafd006__synth_split_b,1.0972575620457548,0.5486287810228774,287,one_to_many,0.95,supervised_flow_pair,ETH,BNB,Poly,0x5d285f735998f36631f678ff41fb56a10a4d0429,0x398f7827dccbefe6990478876bbf3612d93baf05,MIX,semi_synthetic_split,1,0.5486287810228774,0.5486287810228774,
eth_flow_0xd09eb416c778__r7fam03__inst01__synth_merge_src1,bnb_flow_0x9890aeafd006__synth_merge_dst,0.5486287810228774,1.0972575620457548,287,many_to_one,1.0,supervised_flow_pair,ETH,BNB,Poly,0x5d285f735998f36631f678ff41fb56a10a4d0429,0x398f7827dccbefe6990478876bbf3612d93baf05,MIX,semi_synthetic_merge,,0.5486287810228774,0.5486287810228774,
eth_flow_0xd09eb416c778__r7fam03__inst01__synth_merge_src2,bnb_flow_0x9890aeafd006__synth_merge_dst,0.5486287810228774,1.0972575620457548,287,many_to_one,1.0,supervised_flow_pair,ETH,BNB,Poly,0x5d285f735998f36631f678ff41fb56a10a4d0429,0x398f7827dccbefe6990478876bbf3612d93baf05,MIX,semi_synthetic_merge,,0.5486287810228774,0.5486287810228774,
eth_flow_0xd09eb416c778__r7fam03__inst01__synth_unmatched_src,bnb_flow_0x9890aeafd006__synth_hidden_dst,1.0972575620457548,0,287,one_to_one,0.2,supervised_flow_pair,ETH,BNB,Poly,0x5d285f735998f36631f678ff41fb56a10a4d0429,0x398f7827dccbefe6990478876bbf3612d93baf05,MIX,semi_synthetic_unmatched,,,0,0
eth_flow_0xd09eb416c778__r7fam03__inst01__synth_noise_src_0,bnb_flow_0x9890aeafd006__synth_noise_dst_0,1.0972575620457548,1.0972575620457548,347,one_to_one,0.2369,supervised_flow_pair,ETH,BNB,Poly,0x5d285f735998f36631f678ff41fb56a10a4d0429,0x398f7827dccbefe6990478876bbf3612d93baf05,MIX,semi_synthetic_delay_noise,,,,
eth_flow_0xd09eb416c778__r7fam03__inst01__synth_noise_src_1,bnb_flow_0x9890aeafd006__synth_noise_dst_1,1.0972575620457548,1.0972575620457548,407,one_to_one,0.2267,supervised_flow_pair,ETH,BNB,Poly,0x5d285f735998f36631f678ff41fb56a10a4d0429,0x398f7827dccbefe6990478876bbf3612d93baf05,MIX,semi_synthetic_delay_noise,,,,
eth_flow_0xaef40204021a__r7fam04__inst00__synth_split_src,bnb_flow_0x73df66136eb6__synth_split_a,1.5862634933980706,0.7931317466990353,1018,one_to_many,0.95,supervised_flow_pair,ETH,BNB,Poly,0x001a8ffcb0f03e99141652ebcdecdb0384e3bd6c,0xc49dde62b4a0810074721faca54aab52369f486a,PKR,semi_synthetic_split,1,0.7931317466990353,0.7931317466990353,
eth_flow_0xaef40204021a__r7fam04__inst00__synth_split_src,bnb_flow_0x73df66136eb6__synth_split_b,1.5862634933980706,0.7931317466990353,1018,one_to_many,0.95,supervised_flow_pair,ETH,BNB,Poly,0x001a8ffcb0f03e99141652ebcdecdb0384e3bd6c,0xc49dde62b4a0810074721faca54aab52369f486a,PKR,semi_synthetic_split,1,0.7931317466990353,0.7931317466990353,
eth_flow_0xaef40204021a__r7fam04__inst00__synth_merge_src1,bnb_flow_0x73df66136eb6__synth_merge_dst,0.7931317466990353,1.5862634933980706,1018,many_to_one,1.0,supervised_flow_pair,ETH,BNB,Poly,0x001a8ffcb0f03e99141652ebcdecdb0384e3bd6c,0xc49dde62b4a0810074721faca54aab52369f486a,PKR,semi_synthetic_merge,,0.7931317466990353,0.7931317466990353,
eth_flow_0xaef40204021a__r7fam04__inst00__synth_merge_src2,bnb_flow_0x73df66136eb6__synth_merge_dst,0.7931317466990353,1.5862634933980706,1018,many_to_one,1.0,supervised_flow_pair,ETH,BNB,Poly,0x001a8ffcb0f03e99141652ebcdecdb0384e3bd6c,0xc49dde62b4a0810074721faca54aab52369f486a,PKR,semi_synthetic_merge,,0.7931317466990353,0.7931317466990353,
eth_flow_0xaef40204021a__r7fam04__inst00__synth_unmatched_src,bnb_flow_0x73df66136eb6__synth_hidden_dst,1.5862634933980706,0,1018,one_to_one,0.2,supervised_flow_pair,ETH,BNB,Poly,0x001a8ffcb0f03e99141652ebcdecdb0384e3bd6c,0xc49dde62b4a0810074721faca54aab52369f486a,PKR,semi_synthetic_unmatched,,,0,0
eth_flow_0xaef40204021a__r7fam04__inst00__synth_noise_src_0,bnb_flow_0x73df66136eb6__synth_noise_dst_0,1.5862634933980706,1.5862634933980706,1078,one_to_one,0.2273,supervised_flow_pair,ETH,BNB,Poly,0x001a8ffcb0f03e99141652ebcdecdb0384e3bd6c,0xc49dde62b4a0810074721faca54aab52369f486a,PKR,semi_synthetic_delay_noise,,,,
eth_flow_0xaef40204021a__r7fam04__inst00__synth_noise_src_1,bnb_flow_0x73df66136eb6__synth_noise_dst_1,1.5862634933980706,1.5862634933980706,1138,one_to_one,0.2262,supervised_flow_pair,ETH,BNB,Poly,0x001a8ffcb0f03e99141652ebcdecdb0384e3bd6c,0xc49dde62b4a0810074721faca54aab52369f486a,PKR,semi_synthetic_delay_noise,,,,
eth_flow_0xef5642b70d32__r7fam04__inst01__synth_split_src,bnb_flow_0xaffa82b41af1__synth_split_a,2.946545862010177,0.9821819540033924,920,one_to_many,0.95,supervised_flow_pair,ETH,BNB,Poly,0x9e32b13ce7f2e80a01932b42553652e053d6ed8e,0xe552fb52a4f19e44ef5a967632dbc320b0820639,Metis,semi_synthetic_split,1,0.9821819540033924,0.9821819540033924,
eth_flow_0xef5642b70d32__r7fam04__inst01__synth_split_src,bnb_flow_0xaffa82b41af1__synth_split_b,2.946545862010177,0.9821819540033924,920,one_to_many,0.95,supervised_flow_pair,ETH,BNB,Poly,0x9e32b13ce7f2e80a01932b42553652e053d6ed8e,0xe552fb52a4f19e44ef5a967632dbc320b0820639,Metis,semi_synthetic_split,1,0.9821819540033924,0.9821819540033924,
eth_flow_0xef5642b70d32__r7fam04__inst01__synth_split_src,bnb_flow_0xaffa82b41af1__synth_split_c,2.946545862010177,0.9821819540033924,920,one_to_many,0.95,supervised_flow_pair,ETH,BNB,Poly,0x9e32b13ce7f2e80a01932b42553652e053d6ed8e,0xe552fb52a4f19e44ef5a967632dbc320b0820639,Metis,semi_synthetic_split,1,0.9821819540033924,0.9821819540033924,
eth_flow_0xef5642b70d32__r7fam04__inst01__synth_merge_src1,bnb_flow_0xaffa82b41af1__synth_merge_dst,1.4732729310050885,2.946545862010177,920,many_to_one,1.0,supervised_flow_pair,ETH,BNB,Poly,0x9e32b13ce7f2e80a01932b42553652e053d6ed8e,0xe552fb52a4f19e44ef5a967632dbc320b0820639,Metis,semi_synthetic_merge,,1.4732729310050885,1.4732729310050885,
eth_flow_0xef5642b70d32__r7fam04__inst01__synth_merge_src2,bnb_flow_0xaffa82b41af1__synth_merge_dst,1.4732729310050885,2.946545862010177,920,many_to_one,1.0,supervised_flow_pair,ETH,BNB,Poly,0x9e32b13ce7f2e80a01932b42553652e053d6ed8e,0xe552fb52a4f19e44ef5a967632dbc320b0820639,Metis,semi_synthetic_merge,,1.4732729310050885,1.4732729310050885,
eth_flow_0xef5642b70d32__r7fam04__inst01__synth_unmatched_src,bnb_flow_0xaffa82b41af1__synth_hidden_dst,2.946545862010177,0,920,one_to_one,0.2,supervised_flow_pair,ETH,BNB,Poly,0x9e32b13ce7f2e80a01932b42553652e053d6ed8e,0xe552fb52a4f19e44ef5a967632dbc320b0820639,Metis,semi_synthetic_unmatched,,,0,0
eth_flow_0xef5642b70d32__r7fam04__inst01__synth_noise_src_0,bnb_flow_0xaffa82b41af1__synth_noise_dst_0,2.946545862010177,2.946545862010177,980,one_to_one,0.2496,supervised_flow_pair,ETH,BNB,Poly,0x9e32b13ce7f2e80a01932b42553652e053d6ed8e,0xe552fb52a4f19e44ef5a967632dbc320b0820639,Metis,semi_synthetic_delay_noise,,,,
eth_flow_0xef5642b70d32__r7fam04__inst01__synth_noise_src_1,bnb_flow_0xaffa82b41af1__synth_noise_dst_1,2.946545862010177,2.946545862010177,1040,one_to_one,0.2488,supervised_flow_pair,ETH,BNB,Poly,0x9e32b13ce7f2e80a01932b42553652e053d6ed8e,0xe552fb52a4f19e44ef5a967632dbc320b0820639,Metis,semi_synthetic_delay_noise,,,,
eth_flow_0x9fcd9f48fb98__r7fam05__inst00__synth_split_src,bnb_flow_0xf8544be758af__synth_split_a,1.5892974166589502,0.5297658055529834,1121,one_to_many,0.95,supervised_flow_pair,ETH,BNB,Poly,0x001a8ffcb0f03e99141652ebcdecdb0384e3bd6c,0xc49dde62b4a0810074721faca54aab52369f486a,PKR,semi_synthetic_split,1,0.5297658055529834,0.5297658055529834,
eth_flow_0x9fcd9f48fb98__r7fam05__inst00__synth_split_src,bnb_flow_0xf8544be758af__synth_split_b,1.5892974166589502,0.5297658055529834,1121,one_to_many,0.95,supervised_flow_pair,ETH,BNB,Poly,0x001a8ffcb0f03e99141652ebcdecdb0384e3bd6c,0xc49dde62b4a0810074721faca54aab52369f486a,PKR,semi_synthetic_split,1,0.5297658055529834,0.5297658055529834,
eth_flow_0x9fcd9f48fb98__r7fam05__inst00__synth_split_src,bnb_flow_0xf8544be758af__synth_split_c,1.5892974166589502,0.5297658055529834,1121,one_to_many,0.95,supervised_flow_pair,ETH,BNB,Poly,0x001a8ffcb0f03e99141652ebcdecdb0384e3bd6c,0xc49dde62b4a0810074721faca54aab52369f486a,PKR,semi_synthetic_split,1,0.5297658055529834,0.5297658055529834,
eth_flow_0x9fcd9f48fb98__r7fam05__inst00__synth_merge_src1,bnb_flow_0xf8544be758af__synth_merge_dst,0.7946487083294751,1.5892974166589502,1121,many_to_one,1.0,supervised_flow_pair,ETH,BNB,Poly,0x001a8ffcb0f03e99141652ebcdecdb0384e3bd6c,0xc49dde62b4a0810074721faca54aab52369f486a,PKR,semi_synthetic_merge,,0.7946487083294751,0.7946487083294751,
eth_flow_0x9fcd9f48fb98__r7fam05__inst00__synth_merge_src2,bnb_flow_0xf8544be758af__synth_merge_dst,0.7946487083294751,1.5892974166589502,1121,many_to_one,1.0,supervised_flow_pair,ETH,BNB,Poly,0x001a8ffcb0f03e99141652ebcdecdb0384e3bd6c,0xc49dde62b4a0810074721faca54aab52369f486a,PKR,semi_synthetic_merge,,0.7946487083294751,0.7946487083294751,
eth_flow_0x9fcd9f48fb98__r7fam05__inst00__synth_unmatched_src,bnb_flow_0xf8544be758af__synth_hidden_dst,1.5892974166589502,0,1121,one_to_one,0.2,supervised_flow_pair,ETH,BNB,Poly,0x001a8ffcb0f03e99141652ebcdecdb0384e3bd6c,0xc49dde62b4a0810074721faca54aab52369f486a,PKR,semi_synthetic_unmatched,,,0,0
eth_flow_0x9fcd9f48fb98__r7fam05__inst00__synth_noise_src_0,bnb_flow_0xf8544be758af__synth_noise_dst_0,1.5892974166589502,1.5892974166589502,1181,one_to_one,0.2513,supervised_flow_pair,ETH,BNB,Poly,0x001a8ffcb0f03e99141652ebcdecdb0384e3bd6c,0xc49dde62b4a0810074721faca54aab52369f486a,PKR,semi_synthetic_delay_noise,,,,
eth_flow_0x9fcd9f48fb98__r7fam05__inst00__synth_noise_src_1,bnb_flow_0xf8544be758af__synth_noise_dst_1,1.5892974166589502,1.5892974166589502,1241,one_to_one,0.24,supervised_flow_pair,ETH,BNB,Poly,0x001a8ffcb0f03e99141652ebcdecdb0384e3bd6c,0xc49dde62b4a0810074721faca54aab52369f486a,PKR,semi_synthetic_delay_noise,,,,
eth_flow_0x75e4a25fe8dd__r7fam05__inst01__synth_split_src,bnb_flow_0xa655a7a5c566__synth_split_a,2.89100696295782,1.44550348147891,1162,one_to_many,0.95,supervised_flow_pair,ETH,BNB,Poly,0x001a8ffcb0f03e99141652ebcdecdb0384e3bd6c,0xc49dde62b4a0810074721faca54aab52369f486a,PKR,semi_synthetic_split,1,1.44550348147891,1.44550348147891,
eth_flow_0x75e4a25fe8dd__r7fam05__inst01__synth_split_src,bnb_flow_0xa655a7a5c566__synth_split_b,2.89100696295782,1.44550348147891,1162,one_to_many,0.95,supervised_flow_pair,ETH,BNB,Poly,0x001a8ffcb0f03e99141652ebcdecdb0384e3bd6c,0xc49dde62b4a0810074721faca54aab52369f486a,PKR,semi_synthetic_split,1,1.44550348147891,1.44550348147891,
eth_flow_0x75e4a25fe8dd__r7fam05__inst01__synth_merge_src1,bnb_flow_0xa655a7a5c566__synth_merge_dst,1.44550348147891,2.89100696295782,1162,many_to_one,1.0,supervised_flow_pair,ETH,BNB,Poly,0x001a8ffcb0f03e99141652ebcdecdb0384e3bd6c,0xc49dde62b4a0810074721faca54aab52369f486a,PKR,semi_synthetic_merge,,1.44550348147891,1.44550348147891,
eth_flow_0x75e4a25fe8dd__r7fam05__inst01__synth_merge_src2,bnb_flow_0xa655a7a5c566__synth_merge_dst,1.44550348147891,2.89100696295782,1162,many_to_one,1.0,supervised_flow_pair,ETH,BNB,Poly,0x001a8ffcb0f03e99141652ebcdecdb0384e3bd6c,0xc49dde62b4a0810074721faca54aab52369f486a,PKR,semi_synthetic_merge,,1.44550348147891,1.44550348147891,
eth_flow_0x75e4a25fe8dd__r7fam05__inst01__synth_unmatched_src,bnb_flow_0xa655a7a5c566__synth_hidden_dst,2.89100696295782,0,1162,one_to_one,0.2,supervised_flow_pair,ETH,BNB,Poly,0x001a8ffcb0f03e99141652ebcdecdb0384e3bd6c,0xc49dde62b4a0810074721faca54aab52369f486a,PKR,semi_synthetic_unmatched,,,0,0
eth_flow_0x75e4a25fe8dd__r7fam05__inst01__synth_noise_src_0,bnb_flow_0xa655a7a5c566__synth_noise_dst_0,2.89100696295782,2.89100696295782,1222,one_to_one,0.2315,supervised_flow_pair,ETH,BNB,Poly,0x001a8ffcb0f03e99141652ebcdecdb0384e3bd6c,0xc49dde62b4a0810074721faca54aab52369f486a,PKR,semi_synthetic_delay_noise,,,,
eth_flow_0x75e4a25fe8dd__r7fam05__inst01__synth_noise_src_1,bnb_flow_0xa655a7a5c566__synth_noise_dst_1,2.89100696295782,2.89100696295782,1282,one_to_one,0.2382,supervised_flow_pair,ETH,BNB,Poly,0x001a8ffcb0f03e99141652ebcdecdb0384e3bd6c,0xc49dde62b4a0810074721faca54aab52369f486a,PKR,semi_synthetic_delay_noise,,,,
eth_flow_0x315f90620962__r7fam06__inst00__synth_split_src,bnb_flow_0xaa2d8ae0f644__synth_split_a,65.01883958350984,32.50941979175492,156,one_to_many,0.95,supervised_flow_pair,ETH,BNB,Poly,0x001a8ffcb0f03e99141652ebcdecdb0384e3bd6c,0xc49dde62b4a0810074721faca54aab52369f486a,PKR,semi_synthetic_split,1,32.50941979175492,32.50941979175492,
eth_flow_0x315f90620962__r7fam06__inst00__synth_split_src,bnb_flow_0xaa2d8ae0f644__synth_split_b,65.01883958350984,32.50941979175492,156,one_to_many,0.95,supervised_flow_pair,ETH,BNB,Poly,0x001a8ffcb0f03e99141652ebcdecdb0384e3bd6c,0xc49dde62b4a0810074721faca54aab52369f486a,PKR,semi_synthetic_split,1,32.50941979175492,32.50941979175492,
eth_flow_0x315f90620962__r7fam06__inst00__synth_merge_src1,bnb_flow_0xaa2d8ae0f644__synth_merge_dst,32.50941979175492,65.01883958350984,156,many_to_one,1.0,supervised_flow_pair,ETH,BNB,Poly,0x001a8ffcb0f03e99141652ebcdecdb0384e3bd6c,0xc49dde62b4a0810074721faca54aab52369f486a,PKR,semi_synthetic_merge,,32.50941979175492,32.50941979175492,
eth_flow_0x315f90620962__r7fam06__inst00__synth_merge_src2,bnb_flow_0xaa2d8ae0f644__synth_merge_dst,32.50941979175492,65.01883958350984,156,many_to_one,1.0,supervised_flow_pair,ETH,BNB,Poly,0x001a8ffcb0f03e99141652ebcdecdb0384e3bd6c,0xc49dde62b4a0810074721faca54aab52369f486a,PKR,semi_synthetic_merge,,32.50941979175492,32.50941979175492,
eth_flow_0x315f90620962__r7fam06__inst00__synth_unmatched_src,bnb_flow_0xaa2d8ae0f644__synth_hidden_dst,65.01883958350984,0,156,one_to_one,0.2,supervised_flow_pair,ETH,BNB,Poly,0x001a8ffcb0f03e99141652ebcdecdb0384e3bd6c,0xc49dde62b4a0810074721faca54aab52369f486a,PKR,semi_synthetic_unmatched,,,0,0
eth_flow_0x315f90620962__r7fam06__inst00__synth_noise_src_0,bnb_flow_0xaa2d8ae0f644__synth_noise_dst_0,65.01883958350984,65.01883958350984,216,one_to_one,0.2563,supervised_flow_pair,ETH,BNB,Poly,0x001a8ffcb0f03e99141652ebcdecdb0384e3bd6c,0xc49dde62b4a0810074721faca54aab52369f486a,PKR,semi_synthetic_delay_noise,,,,
eth_flow_0x315f90620962__r7fam06__inst00__synth_noise_src_1,bnb_flow_0xaa2d8ae0f644__synth_noise_dst_1,65.01883958350984,65.01883958350984,276,one_to_one,0.2249,supervised_flow_pair,ETH,BNB,Poly,0x001a8ffcb0f03e99141652ebcdecdb0384e3bd6c,0xc49dde62b4a0810074721faca54aab52369f486a,PKR,semi_synthetic_delay_noise,,,,
eth_flow_0x2581fbd146aa__r7fam06__inst01__synth_split_src,bnb_flow_0x57e5db19871c__synth_split_a,20.602060737320503,5.150515184330126,192,one_to_many,0.95,supervised_flow_pair,ETH,BNB,Poly,0xaf9f549774ecedbd0966c52f250acc548d3f36e5,0x69a1913d334b524ea1632461c78797c837ca9fa6,RFuel,semi_synthetic_split,1,5.150515184330126,5.150515184330126,
eth_flow_0x2581fbd146aa__r7fam06__inst01__synth_split_src,bnb_flow_0x57e5db19871c__synth_split_b,20.602060737320503,5.150515184330126,192,one_to_many,0.95,supervised_flow_pair,ETH,BNB,Poly,0xaf9f549774ecedbd0966c52f250acc548d3f36e5,0x69a1913d334b524ea1632461c78797c837ca9fa6,RFuel,semi_synthetic_split,1,5.150515184330126,5.150515184330126,
eth_flow_0x2581fbd146aa__r7fam06__inst01__synth_split_src,bnb_flow_0x57e5db19871c__synth_split_c,20.602060737320503,5.150515184330126,192,one_to_many,0.95,supervised_flow_pair,ETH,BNB,Poly,0xaf9f549774ecedbd0966c52f250acc548d3f36e5,0x69a1913d334b524ea1632461c78797c837ca9fa6,RFuel,semi_synthetic_split,1,5.150515184330126,5.150515184330126,
eth_flow_0x2581fbd146aa__r7fam06__inst01__synth_split_src,bnb_flow_0x57e5db19871c__synth_split_d,20.602060737320503,5.150515184330126,192,one_to_many,0.95,supervised_flow_pair,ETH,BNB,Poly,0xaf9f549774ecedbd0966c52f250acc548d3f36e5,0x69a1913d334b524ea1632461c78797c837ca9fa6,RFuel,semi_synthetic_split,1,5.150515184330126,5.150515184330126,
eth_flow_0x2581fbd146aa__r7fam06__inst01__synth_merge_src1,bnb_flow_0x57e5db19871c__synth_merge_dst,10.301030368660252,20.602060737320503,192,many_to_one,1.0,supervised_flow_pair,ETH,BNB,Poly,0xaf9f549774ecedbd0966c52f250acc548d3f36e5,0x69a1913d334b524ea1632461c78797c837ca9fa6,RFuel,semi_synthetic_merge,,10.301030368660252,10.301030368660252,
eth_flow_0x2581fbd146aa__r7fam06__inst01__synth_merge_src2,bnb_flow_0x57e5db19871c__synth_merge_dst,10.301030368660252,20.602060737320503,192,many_to_one,1.0,supervised_flow_pair,ETH,BNB,Poly,0xaf9f549774ecedbd0966c52f250acc548d3f36e5,0x69a1913d334b524ea1632461c78797c837ca9fa6,RFuel,semi_synthetic_merge,,10.301030368660252,10.301030368660252,
eth_flow_0x2581fbd146aa__r7fam06__inst01__synth_unmatched_src,bnb_flow_0x57e5db19871c__synth_hidden_dst,20.602060737320503,0,192,one_to_one,0.2,supervised_flow_pair,ETH,BNB,Poly,0xaf9f549774ecedbd0966c52f250acc548d3f36e5,0x69a1913d334b524ea1632461c78797c837ca9fa6,RFuel,semi_synthetic_unmatched,,,0,0
eth_flow_0x2581fbd146aa__r7fam06__inst01__synth_noise_src_0,bnb_flow_0x57e5db19871c__synth_noise_dst_0,20.602060737320503,20.602060737320503,252,one_to_one,0.221,supervised_flow_pair,ETH,BNB,Poly,0xaf9f549774ecedbd0966c52f250acc548d3f36e5,0x69a1913d334b524ea1632461c78797c837ca9fa6,RFuel,semi_synthetic_delay_noise,,,,
eth_flow_0x2581fbd146aa__r7fam06__inst01__synth_noise_src_1,bnb_flow_0x57e5db19871c__synth_noise_dst_1,20.602060737320503,20.602060737320503,312,one_to_one,0.2285,supervised_flow_pair,ETH,BNB,Poly,0xaf9f549774ecedbd0966c52f250acc548d3f36e5,0x69a1913d334b524ea1632461c78797c837ca9fa6,RFuel,semi_synthetic_delay_noise,,,,
eth_flow_0x8171fb800be6__r7fam07__inst00__synth_split_src,bnb_flow_0xe89961f93409__synth_split_a,39.488377919326005,19.744188959663003,210,one_to_many,0.95,supervised_flow_pair,ETH,BNB,Poly,0x9e32b13ce7f2e80a01932b42553652e053d6ed8e,0xe552fb52a4f19e44ef5a967632dbc320b0820639,Metis,semi_synthetic_split,1,19.744188959663003,19.744188959663003,
eth_flow_0x8171fb800be6__r7fam07__inst00__synth_split_src,bnb_flow_0xe89961f93409__synth_split_b,39.488377919326005,19.744188959663003,210,one_to_many,0.95,supervised_flow_pair,ETH,BNB,Poly,0x9e32b13ce7f2e80a01932b42553652e053d6ed8e,0xe552fb52a4f19e44ef5a967632dbc320b0820639,Metis,semi_synthetic_split,1,19.744188959663003,19.744188959663003,
eth_flow_0x8171fb800be6__r7fam07__inst00__synth_merge_src1,bnb_flow_0xe89961f93409__synth_merge_dst,19.744188959663003,39.488377919326005,210,many_to_one,1.0,supervised_flow_pair,ETH,BNB,Poly,0x9e32b13ce7f2e80a01932b42553652e053d6ed8e,0xe552fb52a4f19e44ef5a967632dbc320b0820639,Metis,semi_synthetic_merge,,19.744188959663003,19.744188959663003,
eth_flow_0x8171fb800be6__r7fam07__inst00__synth_merge_src2,bnb_flow_0xe89961f93409__synth_merge_dst,19.744188959663003,39.488377919326005,210,many_to_one,1.0,supervised_flow_pair,ETH,BNB,Poly,0x9e32b13ce7f2e80a01932b42553652e053d6ed8e,0xe552fb52a4f19e44ef5a967632dbc320b0820639,Metis,semi_synthetic_merge,,19.744188959663003,19.744188959663003,
eth_flow_0x8171fb800be6__r7fam07__inst00__synth_unmatched_src,bnb_flow_0xe89961f93409__synth_hidden_dst,39.488377919326005,0,210,one_to_one,0.2,supervised_flow_pair,ETH,BNB,Poly,0x9e32b13ce7f2e80a01932b42553652e053d6ed8e,0xe552fb52a4f19e44ef5a967632dbc320b0820639,Metis,semi_synthetic_unmatched,,,0,0
eth_flow_0x8171fb800be6__r7fam07__inst00__synth_noise_src_0,bnb_flow_0xe89961f93409__synth_noise_dst_0,39.488377919326005,39.488377919326005,270,one_to_one,0.2555,supervised_flow_pair,ETH,BNB,Poly,0x9e32b13ce7f2e80a01932b42553652e053d6ed8e,0xe552fb52a4f19e44ef5a967632dbc320b0820639,Metis,semi_synthetic_delay_noise,,,,
eth_flow_0x8171fb800be6__r7fam07__inst00__synth_noise_src_1,bnb_flow_0xe89961f93409__synth_noise_dst_1,39.488377919326005,39.488377919326005,330,one_to_one,0.2591,supervised_flow_pair,ETH,BNB,Poly,0x9e32b13ce7f2e80a01932b42553652e053d6ed8e,0xe552fb52a4f19e44ef5a967632dbc320b0820639,Metis,semi_synthetic_delay_noise,,,,
eth_flow_0x536da18f84fa__r7fam07__inst01__synth_split_src,bnb_flow_0xd5f62b4f75c3__synth_split_a,71.6850504918475,17.921262622961876,203,one_to_many,0.95,supervised_flow_pair,ETH,BNB,Poly,0x4abb9cc67bd3da9eb966d1159a71a0e68bd15432,0x4e1b16ef22935a575a6811d4616f98c4077e4408,KEL,semi_synthetic_split,1,17.921262622961876,17.921262622961876,
eth_flow_0x536da18f84fa__r7fam07__inst01__synth_split_src,bnb_flow_0xd5f62b4f75c3__synth_split_b,71.6850504918475,17.921262622961876,203,one_to_many,0.95,supervised_flow_pair,ETH,BNB,Poly,0x4abb9cc67bd3da9eb966d1159a71a0e68bd15432,0x4e1b16ef22935a575a6811d4616f98c4077e4408,KEL,semi_synthetic_split,1,17.921262622961876,17.921262622961876,
eth_flow_0x536da18f84fa__r7fam07__inst01__synth_split_src,bnb_flow_0xd5f62b4f75c3__synth_split_c,71.6850504918475,17.921262622961876,203,one_to_many,0.95,supervised_flow_pair,ETH,BNB,Poly,0x4abb9cc67bd3da9eb966d1159a71a0e68bd15432,0x4e1b16ef22935a575a6811d4616f98c4077e4408,KEL,semi_synthetic_split,1,17.921262622961876,17.921262622961876,
eth_flow_0x536da18f84fa__r7fam07__inst01__synth_split_src,bnb_flow_0xd5f62b4f75c3__synth_split_d,71.6850504918475,17.921262622961876,203,one_to_many,0.95,supervised_flow_pair,ETH,BNB,Poly,0x4abb9cc67bd3da9eb966d1159a71a0e68bd15432,0x4e1b16ef22935a575a6811d4616f98c4077e4408,KEL,semi_synthetic_split,1,17.921262622961876,17.921262622961876,
eth_flow_0x536da18f84fa__r7fam07__inst01__synth_merge_src1,bnb_flow_0xd5f62b4f75c3__synth_merge_dst,35.84252524592375,71.6850504918475,203,many_to_one,1.0,supervised_flow_pair,ETH,BNB,Poly,0x4abb9cc67bd3da9eb966d1159a71a0e68bd15432,0x4e1b16ef22935a575a6811d4616f98c4077e4408,KEL,semi_synthetic_merge,,35.84252524592375,35.84252524592375,
eth_flow_0x536da18f84fa__r7fam07__inst01__synth_merge_src2,bnb_flow_0xd5f62b4f75c3__synth_merge_dst,35.84252524592375,71.6850504918475,203,many_to_one,1.0,supervised_flow_pair,ETH,BNB,Poly,0x4abb9cc67bd3da9eb966d1159a71a0e68bd15432,0x4e1b16ef22935a575a6811d4616f98c4077e4408,KEL,semi_synthetic_merge,,35.84252524592375,35.84252524592375,
eth_flow_0x536da18f84fa__r7fam07__inst01__synth_unmatched_src,bnb_flow_0xd5f62b4f75c3__synth_hidden_dst,71.6850504918475,0,203,one_to_one,0.2,supervised_flow_pair,ETH,BNB,Poly,0x4abb9cc67bd3da9eb966d1159a71a0e68bd15432,0x4e1b16ef22935a575a6811d4616f98c4077e4408,KEL,semi_synthetic_unmatched,,,0,0
eth_flow_0x536da18f84fa__r7fam07__inst01__synth_noise_src_0,bnb_flow_0xd5f62b4f75c3__synth_noise_dst_0,71.6850504918475,71.6850504918475,263,one_to_one,0.2475,supervised_flow_pair,ETH,BNB,Poly,0x4abb9cc67bd3da9eb966d1159a71a0e68bd15432,0x4e1b16ef22935a575a6811d4616f98c4077e4408,KEL,semi_synthetic_delay_noise,,,,
eth_flow_0x536da18f84fa__r7fam07__inst01__synth_noise_src_1,bnb_flow_0xd5f62b4f75c3__synth_noise_dst_1,71.6850504918475,71.6850504918475,323,one_to_one,0.2313,supervised_flow_pair,ETH,BNB,Poly,0x4abb9cc67bd3da9eb966d1159a71a0e68bd15432,0x4e1b16ef22935a575a6811d4616f98c4077e4408,KEL,semi_synthetic_delay_noise,,,,
eth_flow_0xdb1bc7c01c5f__r7fam08__inst00__synth_split_src,bnb_flow_0xc3fe959c4dda__synth_split_a,15.89044807333964,7.94522403666982,228,one_to_many,0.95,supervised_flow_pair,ETH,BNB,Poly,0x9e32b13ce7f2e80a01932b42553652e053d6ed8e,0xe552fb52a4f19e44ef5a967632dbc320b0820639,Metis,semi_synthetic_split,1,7.94522403666982,7.94522403666982,
eth_flow_0xdb1bc7c01c5f__r7fam08__inst00__synth_split_src,bnb_flow_0xc3fe959c4dda__synth_split_b,15.89044807333964,7.94522403666982,228,one_to_many,0.95,supervised_flow_pair,ETH,BNB,Poly,0x9e32b13ce7f2e80a01932b42553652e053d6ed8e,0xe552fb52a4f19e44ef5a967632dbc320b0820639,Metis,semi_synthetic_split,1,7.94522403666982,7.94522403666982,
eth_flow_0xdb1bc7c01c5f__r7fam08__inst00__synth_merge_src1,bnb_flow_0xc3fe959c4dda__synth_merge_dst,7.94522403666982,15.89044807333964,228,many_to_one,1.0,supervised_flow_pair,ETH,BNB,Poly,0x9e32b13ce7f2e80a01932b42553652e053d6ed8e,0xe552fb52a4f19e44ef5a967632dbc320b0820639,Metis,semi_synthetic_merge,,7.94522403666982,7.94522403666982,
eth_flow_0xdb1bc7c01c5f__r7fam08__inst00__synth_merge_src2,bnb_flow_0xc3fe959c4dda__synth_merge_dst,7.94522403666982,15.89044807333964,228,many_to_one,1.0,supervised_flow_pair,ETH,BNB,Poly,0x9e32b13ce7f2e80a01932b42553652e053d6ed8e,0xe552fb52a4f19e44ef5a967632dbc320b0820639,Metis,semi_synthetic_merge,,7.94522403666982,7.94522403666982,
eth_flow_0xdb1bc7c01c5f__r7fam08__inst00__synth_unmatched_src,bnb_flow_0xc3fe959c4dda__synth_hidden_dst,15.89044807333964,0,228,one_to_one,0.2,supervised_flow_pair,ETH,BNB,Poly,0x9e32b13ce7f2e80a01932b42553652e053d6ed8e,0xe552fb52a4f19e44ef5a967632dbc320b0820639,Metis,semi_synthetic_unmatched,,,0,0
eth_flow_0xdb1bc7c01c5f__r7fam08__inst00__synth_noise_src_0,bnb_flow_0xc3fe959c4dda__synth_noise_dst_0,15.89044807333964,15.89044807333964,288,one_to_one,0.2258,supervised_flow_pair,ETH,BNB,Poly,0x9e32b13ce7f2e80a01932b42553652e053d6ed8e,0xe552fb52a4f19e44ef5a967632dbc320b0820639,Metis,semi_synthetic_delay_noise,,,,
eth_flow_0xdb1bc7c01c5f__r7fam08__inst00__synth_noise_src_1,bnb_flow_0xc3fe959c4dda__synth_noise_dst_1,15.89044807333964,15.89044807333964,348,one_to_one,0.249,supervised_flow_pair,ETH,BNB,Poly,0x9e32b13ce7f2e80a01932b42553652e053d6ed8e,0xe552fb52a4f19e44ef5a967632dbc320b0820639,Metis,semi_synthetic_delay_noise,,,,
eth_flow_0xb449f3420a96__r7fam08__inst01__synth_split_src,bnb_flow_0x3f7015466ace__synth_split_a,3.3311725591757084,1.6655862795878542,257,one_to_many,0.95,supervised_flow_pair,ETH,BNB,Poly,0x9e32b13ce7f2e80a01932b42553652e053d6ed8e,0xe552fb52a4f19e44ef5a967632dbc320b0820639,Metis,semi_synthetic_split,1,1.6655862795878542,1.6655862795878542,
eth_flow_0xb449f3420a96__r7fam08__inst01__synth_split_src,bnb_flow_0x3f7015466ace__synth_split_b,3.3311725591757084,1.6655862795878542,257,one_to_many,0.95,supervised_flow_pair,ETH,BNB,Poly,0x9e32b13ce7f2e80a01932b42553652e053d6ed8e,0xe552fb52a4f19e44ef5a967632dbc320b0820639,Metis,semi_synthetic_split,1,1.6655862795878542,1.6655862795878542,
eth_flow_0xb449f3420a96__r7fam08__inst01__synth_merge_src1,bnb_flow_0x3f7015466ace__synth_merge_dst,1.6655862795878542,3.3311725591757084,257,many_to_one,1.0,supervised_flow_pair,ETH,BNB,Poly,0x9e32b13ce7f2e80a01932b42553652e053d6ed8e,0xe552fb52a4f19e44ef5a967632dbc320b0820639,Metis,semi_synthetic_merge,,1.6655862795878542,1.6655862795878542,
eth_flow_0xb449f3420a96__r7fam08__inst01__synth_merge_src2,bnb_flow_0x3f7015466ace__synth_merge_dst,1.6655862795878542,3.3311725591757084,257,many_to_one,1.0,supervised_flow_pair,ETH,BNB,Poly,0x9e32b13ce7f2e80a01932b42553652e053d6ed8e,0xe552fb52a4f19e44ef5a967632dbc320b0820639,Metis,semi_synthetic_merge,,1.6655862795878542,1.6655862795878542,
eth_flow_0xb449f3420a96__r7fam08__inst01__synth_unmatched_src,bnb_flow_0x3f7015466ace__synth_hidden_dst,3.3311725591757084,0,257,one_to_one,0.2,supervised_flow_pair,ETH,BNB,Poly,0x9e32b13ce7f2e80a01932b42553652e053d6ed8e,0xe552fb52a4f19e44ef5a967632dbc320b0820639,Metis,semi_synthetic_unmatched,,,0,0
eth_flow_0xb449f3420a96__r7fam08__inst01__synth_noise_src_0,bnb_flow_0x3f7015466ace__synth_noise_dst_0,3.3311725591757084,3.3311725591757084,317,one_to_one,0.2405,supervised_flow_pair,ETH,BNB,Poly,0x9e32b13ce7f2e80a01932b42553652e053d6ed8e,0xe552fb52a4f19e44ef5a967632dbc320b0820639,Metis,semi_synthetic_delay_noise,,,,
eth_flow_0xb449f3420a96__r7fam08__inst01__synth_noise_src_1,bnb_flow_0x3f7015466ace__synth_noise_dst_1,3.3311725591757084,3.3311725591757084,377,one_to_one,0.2277,supervised_flow_pair,ETH,BNB,Poly,0x9e32b13ce7f2e80a01932b42553652e053d6ed8e,0xe552fb52a4f19e44ef5a967632dbc320b0820639,Metis,semi_synthetic_delay_noise,,,,
eth_flow_0x2480deb6e4d9__r7fam09__inst00__synth_split_src,bnb_flow_0x650399108ed1__synth_split_a,32.9422712577734,8.23556781444335,279,one_to_many,0.95,supervised_flow_pair,ETH,BNB,Poly,0x001a8ffcb0f03e99141652ebcdecdb0384e3bd6c,0xc49dde62b4a0810074721faca54aab52369f486a,PKR,semi_synthetic_split,1,8.23556781444335,8.23556781444335,
eth_flow_0x2480deb6e4d9__r7fam09__inst00__synth_split_src,bnb_flow_0x650399108ed1__synth_split_b,32.9422712577734,8.23556781444335,279,one_to_many,0.95,supervised_flow_pair,ETH,BNB,Poly,0x001a8ffcb0f03e99141652ebcdecdb0384e3bd6c,0xc49dde62b4a0810074721faca54aab52369f486a,PKR,semi_synthetic_split,1,8.23556781444335,8.23556781444335,
eth_flow_0x2480deb6e4d9__r7fam09__inst00__synth_split_src,bnb_flow_0x650399108ed1__synth_split_c,32.9422712577734,8.23556781444335,279,one_to_many,0.95,supervised_flow_pair,ETH,BNB,Poly,0x001a8ffcb0f03e99141652ebcdecdb0384e3bd6c,0xc49dde62b4a0810074721faca54aab52369f486a,PKR,semi_synthetic_split,1,8.23556781444335,8.23556781444335,
eth_flow_0x2480deb6e4d9__r7fam09__inst00__synth_split_src,bnb_flow_0x650399108ed1__synth_split_d,32.9422712577734,8.23556781444335,279,one_to_many,0.95,supervised_flow_pair,ETH,BNB,Poly,0x001a8ffcb0f03e99141652ebcdecdb0384e3bd6c,0xc49dde62b4a0810074721faca54aab52369f486a,PKR,semi_synthetic_split,1,8.23556781444335,8.23556781444335,
eth_flow_0x2480deb6e4d9__r7fam09__inst00__synth_merge_src1,bnb_flow_0x650399108ed1__synth_merge_dst,16.4711356288867,32.9422712577734,279,many_to_one,1.0,supervised_flow_pair,ETH,BNB,Poly,0x001a8ffcb0f03e99141652ebcdecdb0384e3bd6c,0xc49dde62b4a0810074721faca54aab52369f486a,PKR,semi_synthetic_merge,,16.4711356288867,16.4711356288867,
eth_flow_0x2480deb6e4d9__r7fam09__inst00__synth_merge_src2,bnb_flow_0x650399108ed1__synth_merge_dst,16.4711356288867,32.9422712577734,279,many_to_one,1.0,supervised_flow_pair,ETH,BNB,Poly,0x001a8ffcb0f03e99141652ebcdecdb0384e3bd6c,0xc49dde62b4a0810074721faca54aab52369f486a,PKR,semi_synthetic_merge,,16.4711356288867,16.4711356288867,
eth_flow_0x2480deb6e4d9__r7fam09__inst00__synth_unmatched_src,bnb_flow_0x650399108ed1__synth_hidden_dst,32.9422712577734,0,279,one_to_one,0.2,supervised_flow_pair,ETH,BNB,Poly,0x001a8ffcb0f03e99141652ebcdecdb0384e3bd6c,0xc49dde62b4a0810074721faca54aab52369f486a,PKR,semi_synthetic_unmatched,,,0,0
eth_flow_0x2480deb6e4d9__r7fam09__inst00__synth_noise_src_0,bnb_flow_0x650399108ed1__synth_noise_dst_0,32.9422712577734,32.9422712577734,339,one_to_one,0.2297,supervised_flow_pair,ETH,BNB,Poly,0x001a8ffcb0f03e99141652ebcdecdb0384e3bd6c,0xc49dde62b4a0810074721faca54aab52369f486a,PKR,semi_synthetic_delay_noise,,,,
eth_flow_0x2480deb6e4d9__r7fam09__inst00__synth_noise_src_1,bnb_flow_0x650399108ed1__synth_noise_dst_1,32.9422712577734,32.9422712577734,399,one_to_one,0.2333,supervised_flow_pair,ETH,BNB,Poly,0x001a8ffcb0f03e99141652ebcdecdb0384e3bd6c,0xc49dde62b4a0810074721faca54aab52369f486a,PKR,semi_synthetic_delay_noise,,,,
eth_flow_0xb717ffa3f488__r7fam09__inst01__synth_split_src,bnb_flow_0xb4cb82e2fd5f__synth_split_a,63.575184138549474,31.787592069274737,381,one_to_many,0.95,supervised_flow_pair,ETH,BNB,Poly,0xaf9f549774ecedbd0966c52f250acc548d3f36e5,0x69a1913d334b524ea1632461c78797c837ca9fa6,RFuel,semi_synthetic_split,1,31.787592069274737,31.787592069274737,
eth_flow_0xb717ffa3f488__r7fam09__inst01__synth_split_src,bnb_flow_0xb4cb82e2fd5f__synth_split_b,63.575184138549474,31.787592069274737,381,one_to_many,0.95,supervised_flow_pair,ETH,BNB,Poly,0xaf9f549774ecedbd0966c52f250acc548d3f36e5,0x69a1913d334b524ea1632461c78797c837ca9fa6,RFuel,semi_synthetic_split,1,31.787592069274737,31.787592069274737,
eth_flow_0xb717ffa3f488__r7fam09__inst01__synth_merge_src1,bnb_flow_0xb4cb82e2fd5f__synth_merge_dst,31.787592069274737,63.575184138549474,381,many_to_one,1.0,supervised_flow_pair,ETH,BNB,Poly,0xaf9f549774ecedbd0966c52f250acc548d3f36e5,0x69a1913d334b524ea1632461c78797c837ca9fa6,RFuel,semi_synthetic_merge,,31.787592069274737,31.787592069274737,
eth_flow_0xb717ffa3f488__r7fam09__inst01__synth_merge_src2,bnb_flow_0xb4cb82e2fd5f__synth_merge_dst,31.787592069274737,63.575184138549474,381,many_to_one,1.0,supervised_flow_pair,ETH,BNB,Poly,0xaf9f549774ecedbd0966c52f250acc548d3f36e5,0x69a1913d334b524ea1632461c78797c837ca9fa6,RFuel,semi_synthetic_merge,,31.787592069274737,31.787592069274737,
eth_flow_0xb717ffa3f488__r7fam09__inst01__synth_unmatched_src,bnb_flow_0xb4cb82e2fd5f__synth_hidden_dst,63.575184138549474,0,381,one_to_one,0.2,supervised_flow_pair,ETH,BNB,Poly,0xaf9f549774ecedbd0966c52f250acc548d3f36e5,0x69a1913d334b524ea1632461c78797c837ca9fa6,RFuel,semi_synthetic_unmatched,,,0,0
eth_flow_0xb717ffa3f488__r7fam09__inst01__synth_noise_src_0,bnb_flow_0xb4cb82e2fd5f__synth_noise_dst_0,63.575184138549474,63.575184138549474,441,one_to_one,0.2306,supervised_flow_pair,ETH,BNB,Poly,0xaf9f549774ecedbd0966c52f250acc548d3f36e5,0x69a1913d334b524ea1632461c78797c837ca9fa6,RFuel,semi_synthetic_delay_noise,,,,
eth_flow_0xb717ffa3f488__r7fam09__inst01__synth_noise_src_1,bnb_flow_0xb4cb82e2fd5f__synth_noise_dst_1,63.575184138549474,63.575184138549474,501,one_to_one,0.2234,supervised_flow_pair,ETH,BNB,Poly,0xaf9f549774ecedbd0966c52f250acc548d3f36e5,0x69a1913d334b524ea1632461c78797c837ca9fa6,RFuel,semi_synthetic_delay_noise,,,,
eth_flow_0x76dcb16e4f6d__r7fam10__inst00__synth_split_src,bnb_flow_0xadf1334620f6__synth_split_a,6.59650198397513,0.8245627479968912,886,one_to_many,0.95,supervised_flow_pair,ETH,BNB,Poly,0x001a8ffcb0f03e99141652ebcdecdb0384e3bd6c,0xc49dde62b4a0810074721faca54aab52369f486a,PKR,semi_synthetic_split,1,0.8245627479968912,0.8245627479968912,
eth_flow_0x76dcb16e4f6d__r7fam10__inst00__synth_split_src,bnb_flow_0xadf1334620f6__synth_split_b,6.59650198397513,0.8245627479968912,886,one_to_many,0.95,supervised_flow_pair,ETH,BNB,Poly,0x001a8ffcb0f03e99141652ebcdecdb0384e3bd6c,0xc49dde62b4a0810074721faca54aab52369f486a,PKR,semi_synthetic_split,1,0.8245627479968912,0.8245627479968912,
eth_flow_0x76dcb16e4f6d__r7fam10__inst00__synth_split_src,bnb_flow_0xadf1334620f6__synth_split_c,6.59650198397513,0.8245627479968912,886,one_to_many,0.95,supervised_flow_pair,ETH,BNB,Poly,0x001a8ffcb0f03e99141652ebcdecdb0384e3bd6c,0xc49dde62b4a0810074721faca54aab52369f486a,PKR,semi_synthetic_split,1,0.8245627479968912,0.8245627479968912,
eth_flow_0x76dcb16e4f6d__r7fam10__inst00__synth_split_src,bnb_flow_0xadf1334620f6__synth_split_d,6.59650198397513,0.8245627479968912,886,one_to_many,0.95,supervised_flow_pair,ETH,BNB,Poly,0x001a8ffcb0f03e99141652ebcdecdb0384e3bd6c,0xc49dde62b4a0810074721faca54aab52369f486a,PKR,semi_synthetic_split,1,0.8245627479968912,0.8245627479968912,
eth_flow_0x76dcb16e4f6d__r7fam10__inst00__synth_split_src,bnb_flow_0xadf1334620f6__synth_split_e,6.59650198397513,0.8245627479968912,886,one_to_many,0.95,supervised_flow_pair,ETH,BNB,Poly,0x001a8ffcb0f03e99141652ebcdecdb0384e3bd6c,0xc49dde62b4a0810074721faca54aab52369f486a,PKR,semi_synthetic_split,1,0.8245627479968912,0.8245627479968912,
eth_flow_0x76dcb16e4f6d__r7fam10__inst00__synth_split_src,bnb_flow_0xadf1334620f6__synth_split_f,6.59650198397513,0.8245627479968912,886,one_to_many,0.95,supervised_flow_pair,ETH,BNB,Poly,0x001a8ffcb0f03e99141652ebcdecdb0384e3bd6c,0xc49dde62b4a0810074721faca54aab52369f486a,PKR,semi_synthetic_split,1,0.8245627479968912,0.8245627479968912,
eth_flow_0x76dcb16e4f6d__r7fam10__inst00__synth_split_src,bnb_flow_0xadf1334620f6__synth_split_g,6.59650198397513,0.8245627479968912,886,one_to_many,0.95,supervised_flow_pair,ETH,BNB,Poly,0x001a8ffcb0f03e99141652ebcdecdb0384e3bd6c,0xc49dde62b4a0810074721faca54aab52369f486a,PKR,semi_synthetic_split,1,0.8245627479968912,0.8245627479968912,
eth_flow_0x76dcb16e4f6d__r7fam10__inst00__synth_split_src,bnb_flow_0xadf1334620f6__synth_split_h,6.59650198397513,0.8245627479968912,886,one_to_many,0.95,supervised_flow_pair,ETH,BNB,Poly,0x001a8ffcb0f03e99141652ebcdecdb0384e3bd6c,0xc49dde62b4a0810074721faca54aab52369f486a,PKR,semi_synthetic_split,1,0.8245627479968912,0.8245627479968912,
eth_flow_0x76dcb16e4f6d__r7fam10__inst00__synth_merge_src1,bnb_flow_0xadf1334620f6__synth_merge_dst,3.298250991987565,6.59650198397513,886,many_to_one,1.0,supervised_flow_pair,ETH,BNB,Poly,0x001a8ffcb0f03e99141652ebcdecdb0384e3bd6c,0xc49dde62b4a0810074721faca54aab52369f486a,PKR,semi_synthetic_merge,,3.298250991987565,3.298250991987565,
eth_flow_0x76dcb16e4f6d__r7fam10__inst00__synth_merge_src2,bnb_flow_0xadf1334620f6__synth_merge_dst,3.298250991987565,6.59650198397513,886,many_to_one,1.0,supervised_flow_pair,ETH,BNB,Poly,0x001a8ffcb0f03e99141652ebcdecdb0384e3bd6c,0xc49dde62b4a0810074721faca54aab52369f486a,PKR,semi_synthetic_merge,,3.298250991987565,3.298250991987565,
eth_flow_0x76dcb16e4f6d__r7fam10__inst00__synth_unmatched_src,bnb_flow_0xadf1334620f6__synth_hidden_dst,6.59650198397513,0,886,one_to_one,0.2,supervised_flow_pair,ETH,BNB,Poly,0x001a8ffcb0f03e99141652ebcdecdb0384e3bd6c,0xc49dde62b4a0810074721faca54aab52369f486a,PKR,semi_synthetic_unmatched,,,0,0
eth_flow_0x76dcb16e4f6d__r7fam10__inst00__synth_noise_src_0,bnb_flow_0xadf1334620f6__synth_noise_dst_0,6.59650198397513,6.59650198397513,946,one_to_one,0.2358,supervised_flow_pair,ETH,BNB,Poly,0x001a8ffcb0f03e99141652ebcdecdb0384e3bd6c,0xc49dde62b4a0810074721faca54aab52369f486a,PKR,semi_synthetic_delay_noise,,,,
eth_flow_0x76dcb16e4f6d__r7fam10__inst00__synth_noise_src_1,bnb_flow_0xadf1334620f6__synth_noise_dst_1,6.59650198397513,6.59650198397513,1006,one_to_one,0.2258,supervised_flow_pair,ETH,BNB,Poly,0x001a8ffcb0f03e99141652ebcdecdb0384e3bd6c,0xc49dde62b4a0810074721faca54aab52369f486a,PKR,semi_synthetic_delay_noise,,,,
eth_flow_0xa33964277bd7__r7fam10__inst01__synth_split_src,bnb_flow_0x44ca8fb7af2c__synth_split_a,9.060613866152268,2.265153466538067,827,one_to_many,0.95,supervised_flow_pair,ETH,BNB,Poly,0x001a8ffcb0f03e99141652ebcdecdb0384e3bd6c,0xc49dde62b4a0810074721faca54aab52369f486a,PKR,semi_synthetic_split,1,2.265153466538067,2.265153466538067,
eth_flow_0xa33964277bd7__r7fam10__inst01__synth_split_src,bnb_flow_0x44ca8fb7af2c__synth_split_b,9.060613866152268,2.265153466538067,827,one_to_many,0.95,supervised_flow_pair,ETH,BNB,Poly,0x001a8ffcb0f03e99141652ebcdecdb0384e3bd6c,0xc49dde62b4a0810074721faca54aab52369f486a,PKR,semi_synthetic_split,1,2.265153466538067,2.265153466538067,
eth_flow_0xa33964277bd7__r7fam10__inst01__synth_split_src,bnb_flow_0x44ca8fb7af2c__synth_split_c,9.060613866152268,2.265153466538067,827,one_to_many,0.95,supervised_flow_pair,ETH,BNB,Poly,0x001a8ffcb0f03e99141652ebcdecdb0384e3bd6c,0xc49dde62b4a0810074721faca54aab52369f486a,PKR,semi_synthetic_split,1,2.265153466538067,2.265153466538067,
eth_flow_0xa33964277bd7__r7fam10__inst01__synth_split_src,bnb_flow_0x44ca8fb7af2c__synth_split_d,9.060613866152268,2.265153466538067,827,one_to_many,0.95,supervised_flow_pair,ETH,BNB,Poly,0x001a8ffcb0f03e99141652ebcdecdb0384e3bd6c,0xc49dde62b4a0810074721faca54aab52369f486a,PKR,semi_synthetic_split,1,2.265153466538067,2.265153466538067,
eth_flow_0xa33964277bd7__r7fam10__inst01__synth_merge_src1,bnb_flow_0x44ca8fb7af2c__synth_merge_dst,4.530306933076134,9.060613866152268,827,many_to_one,1.0,supervised_flow_pair,ETH,BNB,Poly,0x001a8ffcb0f03e99141652ebcdecdb0384e3bd6c,0xc49dde62b4a0810074721faca54aab52369f486a,PKR,semi_synthetic_merge,,4.530306933076134,4.530306933076134,
eth_flow_0xa33964277bd7__r7fam10__inst01__synth_merge_src2,bnb_flow_0x44ca8fb7af2c__synth_merge_dst,4.530306933076134,9.060613866152268,827,many_to_one,1.0,supervised_flow_pair,ETH,BNB,Poly,0x001a8ffcb0f03e99141652ebcdecdb0384e3bd6c,0xc49dde62b4a0810074721faca54aab52369f486a,PKR,semi_synthetic_merge,,4.530306933076134,4.530306933076134,
eth_flow_0xa33964277bd7__r7fam10__inst01__synth_unmatched_src,bnb_flow_0x44ca8fb7af2c__synth_hidden_dst,9.060613866152268,0,827,one_to_one,0.2,supervised_flow_pair,ETH,BNB,Poly,0x001a8ffcb0f03e99141652ebcdecdb0384e3bd6c,0xc49dde62b4a0810074721faca54aab52369f486a,PKR,semi_synthetic_unmatched,,,0,0
eth_flow_0xa33964277bd7__r7fam10__inst01__synth_noise_src_0,bnb_flow_0x44ca8fb7af2c__synth_noise_dst_0,9.060613866152268,9.060613866152268,887,one_to_one,0.226,supervised_flow_pair,ETH,BNB,Poly,0x001a8ffcb0f03e99141652ebcdecdb0384e3bd6c,0xc49dde62b4a0810074721faca54aab52369f486a,PKR,semi_synthetic_delay_noise,,,,
eth_flow_0xa33964277bd7__r7fam10__inst01__synth_noise_src_1,bnb_flow_0x44ca8fb7af2c__synth_noise_dst_1,9.060613866152268,9.060613866152268,947,one_to_one,0.2524,supervised_flow_pair,ETH,BNB,Poly,0x001a8ffcb0f03e99141652ebcdecdb0384e3bd6c,0xc49dde62b4a0810074721faca54aab52369f486a,PKR,semi_synthetic_delay_noise,,,,
eth_flow_0x683ef4180e09__r7fam11__inst00__synth_split_src,bnb_flow_0x17f9675f49f5__synth_split_a,8.157973614307856,2.7193245381026188,1207,one_to_many,0.95,supervised_flow_pair,ETH,BNB,Poly,0x9e32b13ce7f2e80a01932b42553652e053d6ed8e,0xe552fb52a4f19e44ef5a967632dbc320b0820639,Metis,semi_synthetic_split,1,2.7193245381026188,2.7193245381026188,
eth_flow_0x683ef4180e09__r7fam11__inst00__synth_split_src,bnb_flow_0x17f9675f49f5__synth_split_b,8.157973614307856,2.7193245381026188,1207,one_to_many,0.95,supervised_flow_pair,ETH,BNB,Poly,0x9e32b13ce7f2e80a01932b42553652e053d6ed8e,0xe552fb52a4f19e44ef5a967632dbc320b0820639,Metis,semi_synthetic_split,1,2.7193245381026188,2.7193245381026188,
eth_flow_0x683ef4180e09__r7fam11__inst00__synth_split_src,bnb_flow_0x17f9675f49f5__synth_split_c,8.157973614307856,2.7193245381026188,1207,one_to_many,0.95,supervised_flow_pair,ETH,BNB,Poly,0x9e32b13ce7f2e80a01932b42553652e053d6ed8e,0xe552fb52a4f19e44ef5a967632dbc320b0820639,Metis,semi_synthetic_split,1,2.7193245381026188,2.7193245381026188,
eth_flow_0x683ef4180e09__r7fam11__inst00__synth_merge_src1,bnb_flow_0x17f9675f49f5__synth_merge_dst,4.078986807153928,8.157973614307856,1207,many_to_one,1.0,supervised_flow_pair,ETH,BNB,Poly,0x9e32b13ce7f2e80a01932b42553652e053d6ed8e,0xe552fb52a4f19e44ef5a967632dbc320b0820639,Metis,semi_synthetic_merge,,4.078986807153928,4.078986807153928,
eth_flow_0x683ef4180e09__r7fam11__inst00__synth_merge_src2,bnb_flow_0x17f9675f49f5__synth_merge_dst,4.078986807153928,8.157973614307856,1207,many_to_one,1.0,supervised_flow_pair,ETH,BNB,Poly,0x9e32b13ce7f2e80a01932b42553652e053d6ed8e,0xe552fb52a4f19e44ef5a967632dbc320b0820639,Metis,semi_synthetic_merge,,4.078986807153928,4.078986807153928,
eth_flow_0x683ef4180e09__r7fam11__inst00__synth_unmatched_src,bnb_flow_0x17f9675f49f5__synth_hidden_dst,8.157973614307856,0,1207,one_to_one,0.2,supervised_flow_pair,ETH,BNB,Poly,0x9e32b13ce7f2e80a01932b42553652e053d6ed8e,0xe552fb52a4f19e44ef5a967632dbc320b0820639,Metis,semi_synthetic_unmatched,,,0,0
eth_flow_0x683ef4180e09__r7fam11__inst00__synth_noise_src_0,bnb_flow_0x17f9675f49f5__synth_noise_dst_0,8.157973614307856,8.157973614307856,1267,one_to_one,0.2219,supervised_flow_pair,ETH,BNB,Poly,0x9e32b13ce7f2e80a01932b42553652e053d6ed8e,0xe552fb52a4f19e44ef5a967632dbc320b0820639,Metis,semi_synthetic_delay_noise,,,,
eth_flow_0x683ef4180e09__r7fam11__inst00__synth_noise_src_1,bnb_flow_0x17f9675f49f5__synth_noise_dst_1,8.157973614307856,8.157973614307856,1327,one_to_one,0.2209,supervised_flow_pair,ETH,BNB,Poly,0x9e32b13ce7f2e80a01932b42553652e053d6ed8e,0xe552fb52a4f19e44ef5a967632dbc320b0820639,Metis,semi_synthetic_delay_noise,,,,
eth_flow_0xd4f5a2a87e25__r7fam11__inst01__synth_split_src,bnb_flow_0x28ef38319769__synth_split_a,40.22921934287344,13.409739780957814,1026,one_to_many,0.95,supervised_flow_pair,ETH,BNB,Poly,0x4abb9cc67bd3da9eb966d1159a71a0e68bd15432,0x4e1b16ef22935a575a6811d4616f98c4077e4408,KEL,semi_synthetic_split,1,13.409739780957814,13.409739780957814,
eth_flow_0xd4f5a2a87e25__r7fam11__inst01__synth_split_src,bnb_flow_0x28ef38319769__synth_split_b,40.22921934287344,13.409739780957814,1026,one_to_many,0.95,supervised_flow_pair,ETH,BNB,Poly,0x4abb9cc67bd3da9eb966d1159a71a0e68bd15432,0x4e1b16ef22935a575a6811d4616f98c4077e4408,KEL,semi_synthetic_split,1,13.409739780957814,13.409739780957814,
eth_flow_0xd4f5a2a87e25__r7fam11__inst01__synth_split_src,bnb_flow_0x28ef38319769__synth_split_c,40.22921934287344,13.409739780957814,1026,one_to_many,0.95,supervised_flow_pair,ETH,BNB,Poly,0x4abb9cc67bd3da9eb966d1159a71a0e68bd15432,0x4e1b16ef22935a575a6811d4616f98c4077e4408,KEL,semi_synthetic_split,1,13.409739780957814,13.409739780957814,
eth_flow_0xd4f5a2a87e25__r7fam11__inst01__synth_merge_src1,bnb_flow_0x28ef38319769__synth_merge_dst,20.11460967143672,40.22921934287344,1026,many_to_one,1.0,supervised_flow_pair,ETH,BNB,Poly,0x4abb9cc67bd3da9eb966d1159a71a0e68bd15432,0x4e1b16ef22935a575a6811d4616f98c4077e4408,KEL,semi_synthetic_merge,,20.11460967143672,20.11460967143672,
eth_flow_0xd4f5a2a87e25__r7fam11__inst01__synth_merge_src2,bnb_flow_0x28ef38319769__synth_merge_dst,20.11460967143672,40.22921934287344,1026,many_to_one,1.0,supervised_flow_pair,ETH,BNB,Poly,0x4abb9cc67bd3da9eb966d1159a71a0e68bd15432,0x4e1b16ef22935a575a6811d4616f98c4077e4408,KEL,semi_synthetic_merge,,20.11460967143672,20.11460967143672,
eth_flow_0xd4f5a2a87e25__r7fam11__inst01__synth_unmatched_src,bnb_flow_0x28ef38319769__synth_hidden_dst,40.22921934287344,0,1026,one_to_one,0.2,supervised_flow_pair,ETH,BNB,Poly,0x4abb9cc67bd3da9eb966d1159a71a0e68bd15432,0x4e1b16ef22935a575a6811d4616f98c4077e4408,KEL,semi_synthetic_unmatched,,,0,0
eth_flow_0xd4f5a2a87e25__r7fam11__inst01__synth_noise_src_0,bnb_flow_0x28ef38319769__synth_noise_dst_0,40.22921934287344,40.22921934287344,1086,one_to_one,0.2426,supervised_flow_pair,ETH,BNB,Poly,0x4abb9cc67bd3da9eb966d1159a71a0e68bd15432,0x4e1b16ef22935a575a6811d4616f98c4077e4408,KEL,semi_synthetic_delay_noise,,,,
eth_flow_0xd4f5a2a87e25__r7fam11__inst01__synth_noise_src_1,bnb_flow_0x28ef38319769__synth_noise_dst_1,40.22921934287344,40.22921934287344,1146,one_to_one,0.2234,supervised_flow_pair,ETH,BNB,Poly,0x4abb9cc67bd3da9eb966d1159a71a0e68bd15432,0x4e1b16ef22935a575a6811d4616f98c4077e4408,KEL,semi_synthetic_delay_noise,,,,
eth_flow_0xd94345cc188d__r7fam12__inst00__synth_split_src,bnb_flow_0xc33acb7f9a3a__synth_split_a,97.43458420440422,48.71729210220211,173,one_to_many,0.95,supervised_flow_pair,ETH,BNB,Poly,0xee9801669c6138e84bd50deb500827b776777d28,0xee9801669c6138e84bd50deb500827b776777d28,O3,semi_synthetic_split,1,48.71729210220211,48.71729210220211,
eth_flow_0xd94345cc188d__r7fam12__inst00__synth_split_src,bnb_flow_0xc33acb7f9a3a__synth_split_b,97.43458420440422,48.71729210220211,173,one_to_many,0.95,supervised_flow_pair,ETH,BNB,Poly,0xee9801669c6138e84bd50deb500827b776777d28,0xee9801669c6138e84bd50deb500827b776777d28,O3,semi_synthetic_split,1,48.71729210220211,48.71729210220211,
eth_flow_0xd94345cc188d__r7fam12__inst00__synth_merge_src1,bnb_flow_0xc33acb7f9a3a__synth_merge_dst,48.71729210220211,97.43458420440422,173,many_to_one,1.0,supervised_flow_pair,ETH,BNB,Poly,0xee9801669c6138e84bd50deb500827b776777d28,0xee9801669c6138e84bd50deb500827b776777d28,O3,semi_synthetic_merge,,48.71729210220211,48.71729210220211,
eth_flow_0xd94345cc188d__r7fam12__inst00__synth_merge_src2,bnb_flow_0xc33acb7f9a3a__synth_merge_dst,48.71729210220211,97.43458420440422,173,many_to_one,1.0,supervised_flow_pair,ETH,BNB,Poly,0xee9801669c6138e84bd50deb500827b776777d28,0xee9801669c6138e84bd50deb500827b776777d28,O3,semi_synthetic_merge,,48.71729210220211,48.71729210220211,
eth_flow_0xd94345cc188d__r7fam12__inst00__synth_unmatched_src,bnb_flow_0xc33acb7f9a3a__synth_hidden_dst,97.43458420440422,0,173,one_to_one,0.2,supervised_flow_pair,ETH,BNB,Poly,0xee9801669c6138e84bd50deb500827b776777d28,0xee9801669c6138e84bd50deb500827b776777d28,O3,semi_synthetic_unmatched,,,0,0
eth_flow_0xd94345cc188d__r7fam12__inst00__synth_noise_src_0,bnb_flow_0xc33acb7f9a3a__synth_noise_dst_0,97.43458420440422,97.43458420440422,233,one_to_one,0.2345,supervised_flow_pair,ETH,BNB,Poly,0xee9801669c6138e84bd50deb500827b776777d28,0xee9801669c6138e84bd50deb500827b776777d28,O3,semi_synthetic_delay_noise,,,,
eth_flow_0xd94345cc188d__r7fam12__inst00__synth_noise_src_1,bnb_flow_0xc33acb7f9a3a__synth_noise_dst_1,97.43458420440422,97.43458420440422,293,one_to_one,0.2268,supervised_flow_pair,ETH,BNB,Poly,0xee9801669c6138e84bd50deb500827b776777d28,0xee9801669c6138e84bd50deb500827b776777d28,O3,semi_synthetic_delay_noise,,,,
eth_flow_0xef9029087113__r7fam12__inst01__synth_split_src,bnb_flow_0x9abbe85efb02__synth_split_a,254.22985302381787,127.11492651190893,171,one_to_many,0.95,supervised_flow_pair,ETH,BNB,Poly,0x9e32b13ce7f2e80a01932b42553652e053d6ed8e,0xe552fb52a4f19e44ef5a967632dbc320b0820639,Metis,semi_synthetic_split,1,127.11492651190893,127.11492651190893,
eth_flow_0xef9029087113__r7fam12__inst01__synth_split_src,bnb_flow_0x9abbe85efb02__synth_split_b,254.22985302381787,127.11492651190893,171,one_to_many,0.95,supervised_flow_pair,ETH,BNB,Poly,0x9e32b13ce7f2e80a01932b42553652e053d6ed8e,0xe552fb52a4f19e44ef5a967632dbc320b0820639,Metis,semi_synthetic_split,1,127.11492651190893,127.11492651190893,
eth_flow_0xef9029087113__r7fam12__inst01__synth_merge_src1,bnb_flow_0x9abbe85efb02__synth_merge_dst,127.11492651190893,254.22985302381787,171,many_to_one,1.0,supervised_flow_pair,ETH,BNB,Poly,0x9e32b13ce7f2e80a01932b42553652e053d6ed8e,0xe552fb52a4f19e44ef5a967632dbc320b0820639,Metis,semi_synthetic_merge,,127.11492651190893,127.11492651190893,
eth_flow_0xef9029087113__r7fam12__inst01__synth_merge_src2,bnb_flow_0x9abbe85efb02__synth_merge_dst,127.11492651190893,254.22985302381787,171,many_to_one,1.0,supervised_flow_pair,ETH,BNB,Poly,0x9e32b13ce7f2e80a01932b42553652e053d6ed8e,0xe552fb52a4f19e44ef5a967632dbc320b0820639,Metis,semi_synthetic_merge,,127.11492651190893,127.11492651190893,
eth_flow_0xef9029087113__r7fam12__inst01__synth_unmatched_src,bnb_flow_0x9abbe85efb02__synth_hidden_dst,254.22985302381787,0,171,one_to_one,0.2,supervised_flow_pair,ETH,BNB,Poly,0x9e32b13ce7f2e80a01932b42553652e053d6ed8e,0xe552fb52a4f19e44ef5a967632dbc320b0820639,Metis,semi_synthetic_unmatched,,,0,0
eth_flow_0xef9029087113__r7fam12__inst01__synth_noise_src_0,bnb_flow_0x9abbe85efb02__synth_noise_dst_0,254.22985302381787,254.22985302381787,231,one_to_one,0.2239,supervised_flow_pair,ETH,BNB,Poly,0x9e32b13ce7f2e80a01932b42553652e053d6ed8e,0xe552fb52a4f19e44ef5a967632dbc320b0820639,Metis,semi_synthetic_delay_noise,,,,
eth_flow_0xef9029087113__r7fam12__inst01__synth_noise_src_1,bnb_flow_0x9abbe85efb02__synth_noise_dst_1,254.22985302381787,254.22985302381787,291,one_to_one,0.2457,supervised_flow_pair,ETH,BNB,Poly,0x9e32b13ce7f2e80a01932b42553652e053d6ed8e,0xe552fb52a4f19e44ef5a967632dbc320b0820639,Metis,semi_synthetic_delay_noise,,,,
eth_flow_0x15763ee549de__r7fam13__inst00__synth_split_src,bnb_flow_0x14b66ce743d1__synth_split_a,352.3412595191749,176.17062975958746,204,one_to_many,0.95,supervised_flow_pair,ETH,BNB,Poly,0x9e32b13ce7f2e80a01932b42553652e053d6ed8e,0xe552fb52a4f19e44ef5a967632dbc320b0820639,Metis,semi_synthetic_split,1,176.17062975958746,176.17062975958746,
eth_flow_0x15763ee549de__r7fam13__inst00__synth_split_src,bnb_flow_0x14b66ce743d1__synth_split_b,352.3412595191749,176.17062975958746,204,one_to_many,0.95,supervised_flow_pair,ETH,BNB,Poly,0x9e32b13ce7f2e80a01932b42553652e053d6ed8e,0xe552fb52a4f19e44ef5a967632dbc320b0820639,Metis,semi_synthetic_split,1,176.17062975958746,176.17062975958746,
eth_flow_0x15763ee549de__r7fam13__inst00__synth_merge_src1,bnb_flow_0x14b66ce743d1__synth_merge_dst,176.17062975958746,352.3412595191749,204,many_to_one,1.0,supervised_flow_pair,ETH,BNB,Poly,0x9e32b13ce7f2e80a01932b42553652e053d6ed8e,0xe552fb52a4f19e44ef5a967632dbc320b0820639,Metis,semi_synthetic_merge,,176.17062975958746,176.17062975958746,
eth_flow_0x15763ee549de__r7fam13__inst00__synth_merge_src2,bnb_flow_0x14b66ce743d1__synth_merge_dst,176.17062975958746,352.3412595191749,204,many_to_one,1.0,supervised_flow_pair,ETH,BNB,Poly,0x9e32b13ce7f2e80a01932b42553652e053d6ed8e,0xe552fb52a4f19e44ef5a967632dbc320b0820639,Metis,semi_synthetic_merge,,176.17062975958746,176.17062975958746,
eth_flow_0x15763ee549de__r7fam13__inst00__synth_unmatched_src,bnb_flow_0x14b66ce743d1__synth_hidden_dst,352.3412595191749,0,204,one_to_one,0.2,supervised_flow_pair,ETH,BNB,Poly,0x9e32b13ce7f2e80a01932b42553652e053d6ed8e,0xe552fb52a4f19e44ef5a967632dbc320b0820639,Metis,semi_synthetic_unmatched,,,0,0
eth_flow_0x15763ee549de__r7fam13__inst00__synth_noise_src_0,bnb_flow_0x14b66ce743d1__synth_noise_dst_0,352.3412595191749,352.3412595191749,264,one_to_one,0.2558,supervised_flow_pair,ETH,BNB,Poly,0x9e32b13ce7f2e80a01932b42553652e053d6ed8e,0xe552fb52a4f19e44ef5a967632dbc320b0820639,Metis,semi_synthetic_delay_noise,,,,
eth_flow_0x15763ee549de__r7fam13__inst00__synth_noise_src_1,bnb_flow_0x14b66ce743d1__synth_noise_dst_1,352.3412595191749,352.3412595191749,324,one_to_one,0.2512,supervised_flow_pair,ETH,BNB,Poly,0x9e32b13ce7f2e80a01932b42553652e053d6ed8e,0xe552fb52a4f19e44ef5a967632dbc320b0820639,Metis,semi_synthetic_delay_noise,,,,
eth_flow_0x617ebea0a19c__r7fam13__inst01__synth_split_src,bnb_flow_0x876aa2893465__synth_split_a,149.56284959564402,74.78142479782201,209,one_to_many,0.95,supervised_flow_pair,ETH,BNB,Poly,0x9e32b13ce7f2e80a01932b42553652e053d6ed8e,0xe552fb52a4f19e44ef5a967632dbc320b0820639,Metis,semi_synthetic_split,1,74.78142479782201,74.78142479782201,
eth_flow_0x617ebea0a19c__r7fam13__inst01__synth_split_src,bnb_flow_0x876aa2893465__synth_split_b,149.56284959564402,74.78142479782201,209,one_to_many,0.95,supervised_flow_pair,ETH,BNB,Poly,0x9e32b13ce7f2e80a01932b42553652e053d6ed8e,0xe552fb52a4f19e44ef5a967632dbc320b0820639,Metis,semi_synthetic_split,1,74.78142479782201,74.78142479782201,
eth_flow_0x617ebea0a19c__r7fam13__inst01__synth_merge_src1,bnb_flow_0x876aa2893465__synth_merge_dst,74.78142479782201,149.56284959564402,209,many_to_one,1.0,supervised_flow_pair,ETH,BNB,Poly,0x9e32b13ce7f2e80a01932b42553652e053d6ed8e,0xe552fb52a4f19e44ef5a967632dbc320b0820639,Metis,semi_synthetic_merge,,74.78142479782201,74.78142479782201,
eth_flow_0x617ebea0a19c__r7fam13__inst01__synth_merge_src2,bnb_flow_0x876aa2893465__synth_merge_dst,74.78142479782201,149.56284959564402,209,many_to_one,1.0,supervised_flow_pair,ETH,BNB,Poly,0x9e32b13ce7f2e80a01932b42553652e053d6ed8e,0xe552fb52a4f19e44ef5a967632dbc320b0820639,Metis,semi_synthetic_merge,,74.78142479782201,74.78142479782201,
eth_flow_0x617ebea0a19c__r7fam13__inst01__synth_unmatched_src,bnb_flow_0x876aa2893465__synth_hidden_dst,149.56284959564402,0,209,one_to_one,0.2,supervised_flow_pair,ETH,BNB,Poly,0x9e32b13ce7f2e80a01932b42553652e053d6ed8e,0xe552fb52a4f19e44ef5a967632dbc320b0820639,Metis,semi_synthetic_unmatched,,,0,0
eth_flow_0x617ebea0a19c__r7fam13__inst01__synth_noise_src_0,bnb_flow_0x876aa2893465__synth_noise_dst_0,149.56284959564402,149.56284959564402,269,one_to_one,0.2456,supervised_flow_pair,ETH,BNB,Poly,0x9e32b13ce7f2e80a01932b42553652e053d6ed8e,0xe552fb52a4f19e44ef5a967632dbc320b0820639,Metis,semi_synthetic_delay_noise,,,,
eth_flow_0x617ebea0a19c__r7fam13__inst01__synth_noise_src_1,bnb_flow_0x876aa2893465__synth_noise_dst_1,149.56284959564402,149.56284959564402,329,one_to_one,0.2229,supervised_flow_pair,ETH,BNB,Poly,0x9e32b13ce7f2e80a01932b42553652e053d6ed8e,0xe552fb52a4f19e44ef5a967632dbc320b0820639,Metis,semi_synthetic_delay_noise,,,,
eth_flow_0x282ca438c8cb__r7fam14__inst00__synth_split_src,bnb_flow_0x25fe1bd82780__synth_split_a,105.76334670997608,13.22041833874701,232,one_to_many,0.95,supervised_flow_pair,ETH,BNB,Poly,0x9e32b13ce7f2e80a01932b42553652e053d6ed8e,0xe552fb52a4f19e44ef5a967632dbc320b0820639,Metis,semi_synthetic_split,1,13.22041833874701,13.22041833874701,
eth_flow_0x282ca438c8cb__r7fam14__inst00__synth_split_src,bnb_flow_0x25fe1bd82780__synth_split_b,105.76334670997608,13.22041833874701,232,one_to_many,0.95,supervised_flow_pair,ETH,BNB,Poly,0x9e32b13ce7f2e80a01932b42553652e053d6ed8e,0xe552fb52a4f19e44ef5a967632dbc320b0820639,Metis,semi_synthetic_split,1,13.22041833874701,13.22041833874701,
eth_flow_0x282ca438c8cb__r7fam14__inst00__synth_split_src,bnb_flow_0x25fe1bd82780__synth_split_c,105.76334670997608,13.22041833874701,232,one_to_many,0.95,supervised_flow_pair,ETH,BNB,Poly,0x9e32b13ce7f2e80a01932b42553652e053d6ed8e,0xe552fb52a4f19e44ef5a967632dbc320b0820639,Metis,semi_synthetic_split,1,13.22041833874701,13.22041833874701,
eth_flow_0x282ca438c8cb__r7fam14__inst00__synth_split_src,bnb_flow_0x25fe1bd82780__synth_split_d,105.76334670997608,13.22041833874701,232,one_to_many,0.95,supervised_flow_pair,ETH,BNB,Poly,0x9e32b13ce7f2e80a01932b42553652e053d6ed8e,0xe552fb52a4f19e44ef5a967632dbc320b0820639,Metis,semi_synthetic_split,1,13.22041833874701,13.22041833874701,
eth_flow_0x282ca438c8cb__r7fam14__inst00__synth_split_src,bnb_flow_0x25fe1bd82780__synth_split_e,105.76334670997608,13.22041833874701,232,one_to_many,0.95,supervised_flow_pair,ETH,BNB,Poly,0x9e32b13ce7f2e80a01932b42553652e053d6ed8e,0xe552fb52a4f19e44ef5a967632dbc320b0820639,Metis,semi_synthetic_split,1,13.22041833874701,13.22041833874701,
eth_flow_0x282ca438c8cb__r7fam14__inst00__synth_split_src,bnb_flow_0x25fe1bd82780__synth_split_f,105.76334670997608,13.22041833874701,232,one_to_many,0.95,supervised_flow_pair,ETH,BNB,Poly,0x9e32b13ce7f2e80a01932b42553652e053d6ed8e,0xe552fb52a4f19e44ef5a967632dbc320b0820639,Metis,semi_synthetic_split,1,13.22041833874701,13.22041833874701,
eth_flow_0x282ca438c8cb__r7fam14__inst00__synth_split_src,bnb_flow_0x25fe1bd82780__synth_split_g,105.76334670997608,13.22041833874701,232,one_to_many,0.95,supervised_flow_pair,ETH,BNB,Poly,0x9e32b13ce7f2e80a01932b42553652e053d6ed8e,0xe552fb52a4f19e44ef5a967632dbc320b0820639,Metis,semi_synthetic_split,1,13.22041833874701,13.22041833874701,
eth_flow_0x282ca438c8cb__r7fam14__inst00__synth_split_src,bnb_flow_0x25fe1bd82780__synth_split_h,105.76334670997608,13.22041833874701,232,one_to_many,0.95,supervised_flow_pair,ETH,BNB,Poly,0x9e32b13ce7f2e80a01932b42553652e053d6ed8e,0xe552fb52a4f19e44ef5a967632dbc320b0820639,Metis,semi_synthetic_split,1,13.22041833874701,13.22041833874701,
eth_flow_0x282ca438c8cb__r7fam14__inst00__synth_merge_src1,bnb_flow_0x25fe1bd82780__synth_merge_dst,52.88167335498804,105.76334670997608,232,many_to_one,1.0,supervised_flow_pair,ETH,BNB,Poly,0x9e32b13ce7f2e80a01932b42553652e053d6ed8e,0xe552fb52a4f19e44ef5a967632dbc320b0820639,Metis,semi_synthetic_merge,,52.88167335498804,52.88167335498804,
eth_flow_0x282ca438c8cb__r7fam14__inst00__synth_merge_src2,bnb_flow_0x25fe1bd82780__synth_merge_dst,52.88167335498804,105.76334670997608,232,many_to_one,1.0,supervised_flow_pair,ETH,BNB,Poly,0x9e32b13ce7f2e80a01932b42553652e053d6ed8e,0xe552fb52a4f19e44ef5a967632dbc320b0820639,Metis,semi_synthetic_merge,,52.88167335498804,52.88167335498804,
eth_flow_0x282ca438c8cb__r7fam14__inst00__synth_unmatched_src,bnb_flow_0x25fe1bd82780__synth_hidden_dst,105.76334670997608,0,232,one_to_one,0.2,supervised_flow_pair,ETH,BNB,Poly,0x9e32b13ce7f2e80a01932b42553652e053d6ed8e,0xe552fb52a4f19e44ef5a967632dbc320b0820639,Metis,semi_synthetic_unmatched,,,0,0
eth_flow_0x282ca438c8cb__r7fam14__inst00__synth_noise_src_0,bnb_flow_0x25fe1bd82780__synth_noise_dst_0,105.76334670997608,105.76334670997608,292,one_to_one,0.2257,supervised_flow_pair,ETH,BNB,Poly,0x9e32b13ce7f2e80a01932b42553652e053d6ed8e,0xe552fb52a4f19e44ef5a967632dbc320b0820639,Metis,semi_synthetic_delay_noise,,,,
eth_flow_0x282ca438c8cb__r7fam14__inst00__synth_noise_src_1,bnb_flow_0x25fe1bd82780__synth_noise_dst_1,105.76334670997608,105.76334670997608,352,one_to_one,0.2202,supervised_flow_pair,ETH,BNB,Poly,0x9e32b13ce7f2e80a01932b42553652e053d6ed8e,0xe552fb52a4f19e44ef5a967632dbc320b0820639,Metis,semi_synthetic_delay_noise,,,,
eth_flow_0x40d4a283a4ea__r7fam14__inst01__synth_split_src,bnb_flow_0xcf7b20d535d9__synth_split_a,135.74868094208273,67.87434047104136,246,one_to_many,0.95,supervised_flow_pair,ETH,BNB,Poly,0x9e32b13ce7f2e80a01932b42553652e053d6ed8e,0xe552fb52a4f19e44ef5a967632dbc320b0820639,Metis,semi_synthetic_split,1,67.87434047104136,67.87434047104136,
eth_flow_0x40d4a283a4ea__r7fam14__inst01__synth_split_src,bnb_flow_0xcf7b20d535d9__synth_split_b,135.74868094208273,67.87434047104136,246,one_to_many,0.95,supervised_flow_pair,ETH,BNB,Poly,0x9e32b13ce7f2e80a01932b42553652e053d6ed8e,0xe552fb52a4f19e44ef5a967632dbc320b0820639,Metis,semi_synthetic_split,1,67.87434047104136,67.87434047104136,
eth_flow_0x40d4a283a4ea__r7fam14__inst01__synth_merge_src1,bnb_flow_0xcf7b20d535d9__synth_merge_dst,67.87434047104136,135.74868094208273,246,many_to_one,1.0,supervised_flow_pair,ETH,BNB,Poly,0x9e32b13ce7f2e80a01932b42553652e053d6ed8e,0xe552fb52a4f19e44ef5a967632dbc320b0820639,Metis,semi_synthetic_merge,,67.87434047104136,67.87434047104136,
eth_flow_0x40d4a283a4ea__r7fam14__inst01__synth_merge_src2,bnb_flow_0xcf7b20d535d9__synth_merge_dst,67.87434047104136,135.74868094208273,246,many_to_one,1.0,supervised_flow_pair,ETH,BNB,Poly,0x9e32b13ce7f2e80a01932b42553652e053d6ed8e,0xe552fb52a4f19e44ef5a967632dbc320b0820639,Metis,semi_synthetic_merge,,67.87434047104136,67.87434047104136,
eth_flow_0x40d4a283a4ea__r7fam14__inst01__synth_unmatched_src,bnb_flow_0xcf7b20d535d9__synth_hidden_dst,135.74868094208273,0,246,one_to_one,0.2,supervised_flow_pair,ETH,BNB,Poly,0x9e32b13ce7f2e80a01932b42553652e053d6ed8e,0xe552fb52a4f19e44ef5a967632dbc320b0820639,Metis,semi_synthetic_unmatched,,,0,0
eth_flow_0x40d4a283a4ea__r7fam14__inst01__synth_noise_src_0,bnb_flow_0xcf7b20d535d9__synth_noise_dst_0,135.74868094208273,135.74868094208273,306,one_to_one,0.2385,supervised_flow_pair,ETH,BNB,Poly,0x9e32b13ce7f2e80a01932b42553652e053d6ed8e,0xe552fb52a4f19e44ef5a967632dbc320b0820639,Metis,semi_synthetic_delay_noise,,,,
eth_flow_0x40d4a283a4ea__r7fam14__inst01__synth_noise_src_1,bnb_flow_0xcf7b20d535d9__synth_noise_dst_1,135.74868094208273,135.74868094208273,366,one_to_one,0.2491,supervised_flow_pair,ETH,BNB,Poly,0x9e32b13ce7f2e80a01932b42553652e053d6ed8e,0xe552fb52a4f19e44ef5a967632dbc320b0820639,Metis,semi_synthetic_delay_noise,,,,
eth_flow_0xd8222155831c__r7fam15__inst00__synth_split_src,bnb_flow_0xfb9ff125e9ad__synth_split_a,289.5034799150004,36.18793498937505,269,one_to_many,0.95,supervised_flow_pair,ETH,BNB,Poly,0x9e32b13ce7f2e80a01932b42553652e053d6ed8e,0xe552fb52a4f19e44ef5a967632dbc320b0820639,Metis,semi_synthetic_split,1,36.18793498937505,36.18793498937505,
eth_flow_0xd8222155831c__r7fam15__inst00__synth_split_src,bnb_flow_0xfb9ff125e9ad__synth_split_b,289.5034799150004,36.18793498937505,269,one_to_many,0.95,supervised_flow_pair,ETH,BNB,Poly,0x9e32b13ce7f2e80a01932b42553652e053d6ed8e,0xe552fb52a4f19e44ef5a967632dbc320b0820639,Metis,semi_synthetic_split,1,36.18793498937505,36.18793498937505,
eth_flow_0xd8222155831c__r7fam15__inst00__synth_split_src,bnb_flow_0xfb9ff125e9ad__synth_split_c,289.5034799150004,36.18793498937505,269,one_to_many,0.95,supervised_flow_pair,ETH,BNB,Poly,0x9e32b13ce7f2e80a01932b42553652e053d6ed8e,0xe552fb52a4f19e44ef5a967632dbc320b0820639,Metis,semi_synthetic_split,1,36.18793498937505,36.18793498937505,
eth_flow_0xd8222155831c__r7fam15__inst00__synth_split_src,bnb_flow_0xfb9ff125e9ad__synth_split_d,289.5034799150004,36.18793498937505,269,one_to_many,0.95,supervised_flow_pair,ETH,BNB,Poly,0x9e32b13ce7f2e80a01932b42553652e053d6ed8e,0xe552fb52a4f19e44ef5a967632dbc320b0820639,Metis,semi_synthetic_split,1,36.18793498937505,36.18793498937505,
eth_flow_0xd8222155831c__r7fam15__inst00__synth_split_src,bnb_flow_0xfb9ff125e9ad__synth_split_e,289.5034799150004,36.18793498937505,269,one_to_many,0.95,supervised_flow_pair,ETH,BNB,Poly,0x9e32b13ce7f2e80a01932b42553652e053d6ed8e,0xe552fb52a4f19e44ef5a967632dbc320b0820639,Metis,semi_synthetic_split,1,36.18793498937505,36.18793498937505,
eth_flow_0xd8222155831c__r7fam15__inst00__synth_split_src,bnb_flow_0xfb9ff125e9ad__synth_split_f,289.5034799150004,36.18793498937505,269,one_to_many,0.95,supervised_flow_pair,ETH,BNB,Poly,0x9e32b13ce7f2e80a01932b42553652e053d6ed8e,0xe552fb52a4f19e44ef5a967632dbc320b0820639,Metis,semi_synthetic_split,1,36.18793498937505,36.18793498937505,
eth_flow_0xd8222155831c__r7fam15__inst00__synth_split_src,bnb_flow_0xfb9ff125e9ad__synth_split_g,289.5034799150004,36.18793498937505,269,one_to_many,0.95,supervised_flow_pair,ETH,BNB,Poly,0x9e32b13ce7f2e80a01932b42553652e053d6ed8e,0xe552fb52a4f19e44ef5a967632dbc320b0820639,Metis,semi_synthetic_split,1,36.18793498937505,36.18793498937505,
eth_flow_0xd8222155831c__r7fam15__inst00__synth_split_src,bnb_flow_0xfb9ff125e9ad__synth_split_h,289.5034799150004,36.18793498937505,269,one_to_many,0.95,supervised_flow_pair,ETH,BNB,Poly,0x9e32b13ce7f2e80a01932b42553652e053d6ed8e,0xe552fb52a4f19e44ef5a967632dbc320b0820639,Metis,semi_synthetic_split,1,36.18793498937505,36.18793498937505,
eth_flow_0xd8222155831c__r7fam15__inst00__synth_merge_src1,bnb_flow_0xfb9ff125e9ad__synth_merge_dst,144.7517399575002,289.5034799150004,269,many_to_one,1.0,supervised_flow_pair,ETH,BNB,Poly,0x9e32b13ce7f2e80a01932b42553652e053d6ed8e,0xe552fb52a4f19e44ef5a967632dbc320b0820639,Metis,semi_synthetic_merge,,144.7517399575002,144.7517399575002,
eth_flow_0xd8222155831c__r7fam15__inst00__synth_merge_src2,bnb_flow_0xfb9ff125e9ad__synth_merge_dst,144.7517399575002,289.5034799150004,269,many_to_one,1.0,supervised_flow_pair,ETH,BNB,Poly,0x9e32b13ce7f2e80a01932b42553652e053d6ed8e,0xe552fb52a4f19e44ef5a967632dbc320b0820639,Metis,semi_synthetic_merge,,144.7517399575002,144.7517399575002,
eth_flow_0xd8222155831c__r7fam15__inst00__synth_unmatched_src,bnb_flow_0xfb9ff125e9ad__synth_hidden_dst,289.50347991500036,0,269,one_to_one,0.2,supervised_flow_pair,ETH,BNB,Poly,0x9e32b13ce7f2e80a01932b42553652e053d6ed8e,0xe552fb52a4f19e44ef5a967632dbc320b0820639,Metis,semi_synthetic_unmatched,,,0,0
eth_flow_0xd8222155831c__r7fam15__inst00__synth_noise_src_0,bnb_flow_0xfb9ff125e9ad__synth_noise_dst_0,289.50347991500036,289.50347991500036,329,one_to_one,0.2476,supervised_flow_pair,ETH,BNB,Poly,0x9e32b13ce7f2e80a01932b42553652e053d6ed8e,0xe552fb52a4f19e44ef5a967632dbc320b0820639,Metis,semi_synthetic_delay_noise,,,,
eth_flow_0xd8222155831c__r7fam15__inst00__synth_noise_src_1,bnb_flow_0xfb9ff125e9ad__synth_noise_dst_1,289.50347991500036,289.50347991500036,389,one_to_one,0.2457,supervised_flow_pair,ETH,BNB,Poly,0x9e32b13ce7f2e80a01932b42553652e053d6ed8e,0xe552fb52a4f19e44ef5a967632dbc320b0820639,Metis,semi_synthetic_delay_noise,,,,
eth_flow_0x611764c22e7d__r7fam15__inst01__synth_split_src,bnb_flow_0xdef957fe2049__synth_split_a,208.20073234056605,69.40024411352202,313,one_to_many,0.95,supervised_flow_pair,ETH,BNB,Poly,0x9e32b13ce7f2e80a01932b42553652e053d6ed8e,0xe552fb52a4f19e44ef5a967632dbc320b0820639,Metis,semi_synthetic_split,1,69.40024411352202,69.40024411352202,
eth_flow_0x611764c22e7d__r7fam15__inst01__synth_split_src,bnb_flow_0xdef957fe2049__synth_split_b,208.20073234056605,69.40024411352202,313,one_to_many,0.95,supervised_flow_pair,ETH,BNB,Poly,0x9e32b13ce7f2e80a01932b42553652e053d6ed8e,0xe552fb52a4f19e44ef5a967632dbc320b0820639,Metis,semi_synthetic_split,1,69.40024411352202,69.40024411352202,
eth_flow_0x611764c22e7d__r7fam15__inst01__synth_split_src,bnb_flow_0xdef957fe2049__synth_split_c,208.20073234056605,69.40024411352202,313,one_to_many,0.95,supervised_flow_pair,ETH,BNB,Poly,0x9e32b13ce7f2e80a01932b42553652e053d6ed8e,0xe552fb52a4f19e44ef5a967632dbc320b0820639,Metis,semi_synthetic_split,1,69.40024411352202,69.40024411352202,
eth_flow_0x611764c22e7d__r7fam15__inst01__synth_merge_src1,bnb_flow_0xdef957fe2049__synth_merge_dst,104.10036617028302,208.20073234056605,313,many_to_one,1.0,supervised_flow_pair,ETH,BNB,Poly,0x9e32b13ce7f2e80a01932b42553652e053d6ed8e,0xe552fb52a4f19e44ef5a967632dbc320b0820639,Metis,semi_synthetic_merge,,104.10036617028302,104.10036617028302,
eth_flow_0x611764c22e7d__r7fam15__inst01__synth_merge_src2,bnb_flow_0xdef957fe2049__synth_merge_dst,104.10036617028302,208.20073234056605,313,many_to_one,1.0,supervised_flow_pair,ETH,BNB,Poly,0x9e32b13ce7f2e80a01932b42553652e053d6ed8e,0xe552fb52a4f19e44ef5a967632dbc320b0820639,Metis,semi_synthetic_merge,,104.10036617028302,104.10036617028302,
eth_flow_0x611764c22e7d__r7fam15__inst01__synth_unmatched_src,bnb_flow_0xdef957fe2049__synth_hidden_dst,208.20073234056605,0,313,one_to_one,0.2,supervised_flow_pair,ETH,BNB,Poly,0x9e32b13ce7f2e80a01932b42553652e053d6ed8e,0xe552fb52a4f19e44ef5a967632dbc320b0820639,Metis,semi_synthetic_unmatched,,,0,0
eth_flow_0x611764c22e7d__r7fam15__inst01__synth_noise_src_0,bnb_flow_0xdef957fe2049__synth_noise_dst_0,208.20073234056605,208.20073234056605,373,one_to_one,0.2376,supervised_flow_pair,ETH,BNB,Poly,0x9e32b13ce7f2e80a01932b42553652e053d6ed8e,0xe552fb52a4f19e44ef5a967632dbc320b0820639,Metis,semi_synthetic_delay_noise,,,,
eth_flow_0x611764c22e7d__r7fam15__inst01__synth_noise_src_1,bnb_flow_0xdef957fe2049__synth_noise_dst_1,208.20073234056605,208.20073234056605,433,one_to_one,0.2342,supervised_flow_pair,ETH,BNB,Poly,0x9e32b13ce7f2e80a01932b42553652e053d6ed8e,0xe552fb52a4f19e44ef5a967632dbc320b0820639,Metis,semi_synthetic_delay_noise,,,,
eth_flow_0xa2222c45a052__r7fam16__inst00__synth_split_src,bnb_flow_0x6bf705af0afb__synth_split_a,208.3890571472467,69.46301904908223,833,one_to_many,0.95,supervised_flow_pair,ETH,BNB,Poly,0x4abb9cc67bd3da9eb966d1159a71a0e68bd15432,0x4e1b16ef22935a575a6811d4616f98c4077e4408,KEL,semi_synthetic_split,1,69.46301904908223,69.46301904908223,
eth_flow_0xa2222c45a052__r7fam16__inst00__synth_split_src,bnb_flow_0x6bf705af0afb__synth_split_b,208.3890571472467,69.46301904908223,833,one_to_many,0.95,supervised_flow_pair,ETH,BNB,Poly,0x4abb9cc67bd3da9eb966d1159a71a0e68bd15432,0x4e1b16ef22935a575a6811d4616f98c4077e4408,KEL,semi_synthetic_split,1,69.46301904908223,69.46301904908223,
eth_flow_0xa2222c45a052__r7fam16__inst00__synth_split_src,bnb_flow_0x6bf705af0afb__synth_split_c,208.3890571472467,69.46301904908223,833,one_to_many,0.95,supervised_flow_pair,ETH,BNB,Poly,0x4abb9cc67bd3da9eb966d1159a71a0e68bd15432,0x4e1b16ef22935a575a6811d4616f98c4077e4408,KEL,semi_synthetic_split,1,69.46301904908223,69.46301904908223,
eth_flow_0xa2222c45a052__r7fam16__inst00__synth_merge_src1,bnb_flow_0x6bf705af0afb__synth_merge_dst,104.19452857362334,208.3890571472467,833,many_to_one,1.0,supervised_flow_pair,ETH,BNB,Poly,0x4abb9cc67bd3da9eb966d1159a71a0e68bd15432,0x4e1b16ef22935a575a6811d4616f98c4077e4408,KEL,semi_synthetic_merge,,104.19452857362334,104.19452857362334,
eth_flow_0xa2222c45a052__r7fam16__inst00__synth_merge_src2,bnb_flow_0x6bf705af0afb__synth_merge_dst,104.19452857362334,208.3890571472467,833,many_to_one,1.0,supervised_flow_pair,ETH,BNB,Poly,0x4abb9cc67bd3da9eb966d1159a71a0e68bd15432,0x4e1b16ef22935a575a6811d4616f98c4077e4408,KEL,semi_synthetic_merge,,104.19452857362334,104.19452857362334,
eth_flow_0xa2222c45a052__r7fam16__inst00__synth_unmatched_src,bnb_flow_0x6bf705af0afb__synth_hidden_dst,208.3890571472467,0,833,one_to_one,0.2,supervised_flow_pair,ETH,BNB,Poly,0x4abb9cc67bd3da9eb966d1159a71a0e68bd15432,0x4e1b16ef22935a575a6811d4616f98c4077e4408,KEL,semi_synthetic_unmatched,,,0,0
eth_flow_0xa2222c45a052__r7fam16__inst00__synth_noise_src_0,bnb_flow_0x6bf705af0afb__synth_noise_dst_0,208.3890571472467,208.3890571472467,893,one_to_one,0.2503,supervised_flow_pair,ETH,BNB,Poly,0x4abb9cc67bd3da9eb966d1159a71a0e68bd15432,0x4e1b16ef22935a575a6811d4616f98c4077e4408,KEL,semi_synthetic_delay_noise,,,,
eth_flow_0xa2222c45a052__r7fam16__inst00__synth_noise_src_1,bnb_flow_0x6bf705af0afb__synth_noise_dst_1,208.3890571472467,208.3890571472467,953,one_to_one,0.2363,supervised_flow_pair,ETH,BNB,Poly,0x4abb9cc67bd3da9eb966d1159a71a0e68bd15432,0x4e1b16ef22935a575a6811d4616f98c4077e4408,KEL,semi_synthetic_delay_noise,,,,
eth_flow_0x9097a845446e__r7fam16__inst01__synth_split_src,bnb_flow_0xd32ae5487b90__synth_split_a,189.4802480808053,94.74012404040265,893,one_to_many,0.95,supervised_flow_pair,ETH,BNB,Poly,0x9e32b13ce7f2e80a01932b42553652e053d6ed8e,0xe552fb52a4f19e44ef5a967632dbc320b0820639,Metis,semi_synthetic_split,1,94.74012404040265,94.74012404040265,
eth_flow_0x9097a845446e__r7fam16__inst01__synth_split_src,bnb_flow_0xd32ae5487b90__synth_split_b,189.4802480808053,94.74012404040265,893,one_to_many,0.95,supervised_flow_pair,ETH,BNB,Poly,0x9e32b13ce7f2e80a01932b42553652e053d6ed8e,0xe552fb52a4f19e44ef5a967632dbc320b0820639,Metis,semi_synthetic_split,1,94.74012404040265,94.74012404040265,
eth_flow_0x9097a845446e__r7fam16__inst01__synth_merge_src1,bnb_flow_0xd32ae5487b90__synth_merge_dst,94.74012404040265,189.4802480808053,893,many_to_one,1.0,supervised_flow_pair,ETH,BNB,Poly,0x9e32b13ce7f2e80a01932b42553652e053d6ed8e,0xe552fb52a4f19e44ef5a967632dbc320b0820639,Metis,semi_synthetic_merge,,94.74012404040265,94.74012404040265,
eth_flow_0x9097a845446e__r7fam16__inst01__synth_merge_src2,bnb_flow_0xd32ae5487b90__synth_merge_dst,94.74012404040265,189.4802480808053,893,many_to_one,1.0,supervised_flow_pair,ETH,BNB,Poly,0x9e32b13ce7f2e80a01932b42553652e053d6ed8e,0xe552fb52a4f19e44ef5a967632dbc320b0820639,Metis,semi_synthetic_merge,,94.74012404040265,94.74012404040265,
eth_flow_0x9097a845446e__r7fam16__inst01__synth_unmatched_src,bnb_flow_0xd32ae5487b90__synth_hidden_dst,189.4802480808053,0,893,one_to_one,0.2,supervised_flow_pair,ETH,BNB,Poly,0x9e32b13ce7f2e80a01932b42553652e053d6ed8e,0xe552fb52a4f19e44ef5a967632dbc320b0820639,Metis,semi_synthetic_unmatched,,,0,0
eth_flow_0x9097a845446e__r7fam16__inst01__synth_noise_src_0,bnb_flow_0xd32ae5487b90__synth_noise_dst_0,189.4802480808053,189.4802480808053,953,one_to_one,0.2396,supervised_flow_pair,ETH,BNB,Poly,0x9e32b13ce7f2e80a01932b42553652e053d6ed8e,0xe552fb52a4f19e44ef5a967632dbc320b0820639,Metis,semi_synthetic_delay_noise,,,,
eth_flow_0x9097a845446e__r7fam16__inst01__synth_noise_src_1,bnb_flow_0xd32ae5487b90__synth_noise_dst_1,189.4802480808053,189.4802480808053,1013,one_to_one,0.2434,supervised_flow_pair,ETH,BNB,Poly,0x9e32b13ce7f2e80a01932b42553652e053d6ed8e,0xe552fb52a4f19e44ef5a967632dbc320b0820639,Metis,semi_synthetic_delay_noise,,,,
eth_flow_0xc8eec51af5a4__r7fam17__inst00__synth_split_src,bnb_flow_0x091fc4d87420__synth_split_a,121.21289098100988,40.40429699366996,1057,one_to_many,0.95,supervised_flow_pair,ETH,BNB,Poly,0xaf9f549774ecedbd0966c52f250acc548d3f36e5,0x69a1913d334b524ea1632461c78797c837ca9fa6,RFuel,semi_synthetic_split,1,40.40429699366996,40.40429699366996,
eth_flow_0xc8eec51af5a4__r7fam17__inst00__synth_split_src,bnb_flow_0x091fc4d87420__synth_split_b,121.21289098100988,40.40429699366996,1057,one_to_many,0.95,supervised_flow_pair,ETH,BNB,Poly,0xaf9f549774ecedbd0966c52f250acc548d3f36e5,0x69a1913d334b524ea1632461c78797c837ca9fa6,RFuel,semi_synthetic_split,1,40.40429699366996,40.40429699366996,
eth_flow_0xc8eec51af5a4__r7fam17__inst00__synth_split_src,bnb_flow_0x091fc4d87420__synth_split_c,121.21289098100988,40.40429699366996,1057,one_to_many,0.95,supervised_flow_pair,ETH,BNB,Poly,0xaf9f549774ecedbd0966c52f250acc548d3f36e5,0x69a1913d334b524ea1632461c78797c837ca9fa6,RFuel,semi_synthetic_split,1,40.40429699366996,40.40429699366996,
eth_flow_0xc8eec51af5a4__r7fam17__inst00__synth_merge_src1,bnb_flow_0x091fc4d87420__synth_merge_dst,60.60644549050494,121.21289098100988,1057,many_to_one,1.0,supervised_flow_pair,ETH,BNB,Poly,0xaf9f549774ecedbd0966c52f250acc548d3f36e5,0x69a1913d334b524ea1632461c78797c837ca9fa6,RFuel,semi_synthetic_merge,,60.60644549050494,60.60644549050494,
eth_flow_0xc8eec51af5a4__r7fam17__inst00__synth_merge_src2,bnb_flow_0x091fc4d87420__synth_merge_dst,60.60644549050494,121.21289098100988,1057,many_to_one,1.0,supervised_flow_pair,ETH,BNB,Poly,0xaf9f549774ecedbd0966c52f250acc548d3f36e5,0x69a1913d334b524ea1632461c78797c837ca9fa6,RFuel,semi_synthetic_merge,,60.60644549050494,60.60644549050494,
eth_flow_0xc8eec51af5a4__r7fam17__inst00__synth_unmatched_src,bnb_flow_0x091fc4d87420__synth_hidden_dst,121.21289098100988,0,1057,one_to_one,0.2,supervised_flow_pair,ETH,BNB,Poly,0xaf9f549774ecedbd0966c52f250acc548d3f36e5,0x69a1913d334b524ea1632461c78797c837ca9fa6,RFuel,semi_synthetic_unmatched,,,0,0
eth_flow_0xc8eec51af5a4__r7fam17__inst00__synth_noise_src_0,bnb_flow_0x091fc4d87420__synth_noise_dst_0,121.21289098100988,121.21289098100988,1117,one_to_one,0.2417,supervised_flow_pair,ETH,BNB,Poly,0xaf9f549774ecedbd0966c52f250acc548d3f36e5,0x69a1913d334b524ea1632461c78797c837ca9fa6,RFuel,semi_synthetic_delay_noise,,,,
eth_flow_0xc8eec51af5a4__r7fam17__inst00__synth_noise_src_1,bnb_flow_0x091fc4d87420__synth_noise_dst_1,121.21289098100988,121.21289098100988,1177,one_to_one,0.2224,supervised_flow_pair,ETH,BNB,Poly,0xaf9f549774ecedbd0966c52f250acc548d3f36e5,0x69a1913d334b524ea1632461c78797c837ca9fa6,RFuel,semi_synthetic_delay_noise,,,,
eth_flow_0xc19aaa4319d7__r7fam17__inst01__synth_split_src,bnb_flow_0x1abcc38423cd__synth_split_a,96.01979781833246,48.00989890916623,1076,one_to_many,0.95,supervised_flow_pair,ETH,BNB,Poly,0x4abb9cc67bd3da9eb966d1159a71a0e68bd15432,0x4e1b16ef22935a575a6811d4616f98c4077e4408,KEL,semi_synthetic_split,1,48.00989890916623,48.00989890916623,
eth_flow_0xc19aaa4319d7__r7fam17__inst01__synth_split_src,bnb_flow_0x1abcc38423cd__synth_split_b,96.01979781833246,48.00989890916623,1076,one_to_many,0.95,supervised_flow_pair,ETH,BNB,Poly,0x4abb9cc67bd3da9eb966d1159a71a0e68bd15432,0x4e1b16ef22935a575a6811d4616f98c4077e4408,KEL,semi_synthetic_split,1,48.00989890916623,48.00989890916623,
eth_flow_0xc19aaa4319d7__r7fam17__inst01__synth_merge_src1,bnb_flow_0x1abcc38423cd__synth_merge_dst,48.00989890916623,96.01979781833246,1076,many_to_one,1.0,supervised_flow_pair,ETH,BNB,Poly,0x4abb9cc67bd3da9eb966d1159a71a0e68bd15432,0x4e1b16ef22935a575a6811d4616f98c4077e4408,KEL,semi_synthetic_merge,,48.00989890916623,48.00989890916623,
eth_flow_0xc19aaa4319d7__r7fam17__inst01__synth_merge_src2,bnb_flow_0x1abcc38423cd__synth_merge_dst,48.00989890916623,96.01979781833246,1076,many_to_one,1.0,supervised_flow_pair,ETH,BNB,Poly,0x4abb9cc67bd3da9eb966d1159a71a0e68bd15432,0x4e1b16ef22935a575a6811d4616f98c4077e4408,KEL,semi_synthetic_merge,,48.00989890916623,48.00989890916623,
eth_flow_0xc19aaa4319d7__r7fam17__inst01__synth_unmatched_src,bnb_flow_0x1abcc38423cd__synth_hidden_dst,96.01979781833246,0,1076,one_to_one,0.2,supervised_flow_pair,ETH,BNB,Poly,0x4abb9cc67bd3da9eb966d1159a71a0e68bd15432,0x4e1b16ef22935a575a6811d4616f98c4077e4408,KEL,semi_synthetic_unmatched,,,0,0
eth_flow_0xc19aaa4319d7__r7fam17__inst01__synth_noise_src_0,bnb_flow_0x1abcc38423cd__synth_noise_dst_0,96.01979781833246,96.01979781833246,1136,one_to_one,0.2334,supervised_flow_pair,ETH,BNB,Poly,0x4abb9cc67bd3da9eb966d1159a71a0e68bd15432,0x4e1b16ef22935a575a6811d4616f98c4077e4408,KEL,semi_synthetic_delay_noise,,,,
eth_flow_0xc19aaa4319d7__r7fam17__inst01__synth_noise_src_1,bnb_flow_0x1abcc38423cd__synth_noise_dst_1,96.01979781833246,96.01979781833246,1196,one_to_one,0.2506,supervised_flow_pair,ETH,BNB,Poly,0x4abb9cc67bd3da9eb966d1159a71a0e68bd15432,0x4e1b16ef22935a575a6811d4616f98c4077e4408,KEL,semi_synthetic_delay_noise,,,,
eth_flow_0x60214a0b3217__r7fam18__inst00__synth_split_src,bnb_flow_0xd567676899b7__synth_split_a,721.1159196631287,180.27897991578217,170,one_to_many,0.95,supervised_flow_pair,ETH,BNB,Poly,0x9e32b13ce7f2e80a01932b42553652e053d6ed8e,0xe552fb52a4f19e44ef5a967632dbc320b0820639,Metis,semi_synthetic_split,1,180.27897991578217,180.27897991578217,
eth_flow_0x60214a0b3217__r7fam18__inst00__synth_split_src,bnb_flow_0xd567676899b7__synth_split_b,721.1159196631287,180.27897991578217,170,one_to_many,0.95,supervised_flow_pair,ETH,BNB,Poly,0x9e32b13ce7f2e80a01932b42553652e053d6ed8e,0xe552fb52a4f19e44ef5a967632dbc320b0820639,Metis,semi_synthetic_split,1,180.27897991578217,180.27897991578217,
eth_flow_0x60214a0b3217__r7fam18__inst00__synth_split_src,bnb_flow_0xd567676899b7__synth_split_c,721.1159196631287,180.27897991578217,170,one_to_many,0.95,supervised_flow_pair,ETH,BNB,Poly,0x9e32b13ce7f2e80a01932b42553652e053d6ed8e,0xe552fb52a4f19e44ef5a967632dbc320b0820639,Metis,semi_synthetic_split,1,180.27897991578217,180.27897991578217,
eth_flow_0x60214a0b3217__r7fam18__inst00__synth_split_src,bnb_flow_0xd567676899b7__synth_split_d,721.1159196631287,180.27897991578217,170,one_to_many,0.95,supervised_flow_pair,ETH,BNB,Poly,0x9e32b13ce7f2e80a01932b42553652e053d6ed8e,0xe552fb52a4f19e44ef5a967632dbc320b0820639,Metis,semi_synthetic_split,1,180.27897991578217,180.27897991578217,
eth_flow_0x60214a0b3217__r7fam18__inst00__synth_merge_src1,bnb_flow_0xd567676899b7__synth_merge_dst,360.55795983156435,721.1159196631287,170,many_to_one,1.0,supervised_flow_pair,ETH,BNB,Poly,0x9e32b13ce7f2e80a01932b42553652e053d6ed8e,0xe552fb52a4f19e44ef5a967632dbc320b0820639,Metis,semi_synthetic_merge,,360.55795983156435,360.55795983156435,
eth_flow_0x60214a0b3217__r7fam18__inst00__synth_merge_src2,bnb_flow_0xd567676899b7__synth_merge_dst,360.55795983156435,721.1159196631287,170,many_to_one,1.0,supervised_flow_pair,ETH,BNB,Poly,0x9e32b13ce7f2e80a01932b42553652e053d6ed8e,0xe552fb52a4f19e44ef5a967632dbc320b0820639,Metis,semi_synthetic_merge,,360.55795983156435,360.55795983156435,
eth_flow_0x60214a0b3217__r7fam18__inst00__synth_unmatched_src,bnb_flow_0xd567676899b7__synth_hidden_dst,721.1159196631287,0,170,one_to_one,0.2,supervised_flow_pair,ETH,BNB,Poly,0x9e32b13ce7f2e80a01932b42553652e053d6ed8e,0xe552fb52a4f19e44ef5a967632dbc320b0820639,Metis,semi_synthetic_unmatched,,,0,0
eth_flow_0x60214a0b3217__r7fam18__inst00__synth_noise_src_0,bnb_flow_0xd567676899b7__synth_noise_dst_0,721.1159196631287,721.1159196631287,230,one_to_one,0.244,supervised_flow_pair,ETH,BNB,Poly,0x9e32b13ce7f2e80a01932b42553652e053d6ed8e,0xe552fb52a4f19e44ef5a967632dbc320b0820639,Metis,semi_synthetic_delay_noise,,,,
eth_flow_0x60214a0b3217__r7fam18__inst00__synth_noise_src_1,bnb_flow_0xd567676899b7__synth_noise_dst_1,721.1159196631287,721.1159196631287,290,one_to_one,0.2293,supervised_flow_pair,ETH,BNB,Poly,0x9e32b13ce7f2e80a01932b42553652e053d6ed8e,0xe552fb52a4f19e44ef5a967632dbc320b0820639,Metis,semi_synthetic_delay_noise,,,,
eth_flow_0xac29be42b701__r7fam18__inst01__synth_split_src,bnb_flow_0xb3c6202e0564__synth_split_a,1066.3635543773437,355.45451812578125,182,one_to_many,0.95,supervised_flow_pair,ETH,BNB,Poly,0x9e32b13ce7f2e80a01932b42553652e053d6ed8e,0xe552fb52a4f19e44ef5a967632dbc320b0820639,Metis,semi_synthetic_split,1,355.45451812578125,355.45451812578125,
eth_flow_0xac29be42b701__r7fam18__inst01__synth_split_src,bnb_flow_0xb3c6202e0564__synth_split_b,1066.3635543773437,355.45451812578125,182,one_to_many,0.95,supervised_flow_pair,ETH,BNB,Poly,0x9e32b13ce7f2e80a01932b42553652e053d6ed8e,0xe552fb52a4f19e44ef5a967632dbc320b0820639,Metis,semi_synthetic_split,1,355.45451812578125,355.45451812578125,
eth_flow_0xac29be42b701__r7fam18__inst01__synth_split_src,bnb_flow_0xb3c6202e0564__synth_split_c,1066.3635543773437,355.45451812578125,182,one_to_many,0.95,supervised_flow_pair,ETH,BNB,Poly,0x9e32b13ce7f2e80a01932b42553652e053d6ed8e,0xe552fb52a4f19e44ef5a967632dbc320b0820639,Metis,semi_synthetic_split,1,355.45451812578125,355.45451812578125,
eth_flow_0xac29be42b701__r7fam18__inst01__synth_merge_src1,bnb_flow_0xb3c6202e0564__synth_merge_dst,533.1817771886718,1066.3635543773437,182,many_to_one,1.0,supervised_flow_pair,ETH,BNB,Poly,0x9e32b13ce7f2e80a01932b42553652e053d6ed8e,0xe552fb52a4f19e44ef5a967632dbc320b0820639,Metis,semi_synthetic_merge,,533.1817771886718,533.1817771886718,
eth_flow_0xac29be42b701__r7fam18__inst01__synth_merge_src2,bnb_flow_0xb3c6202e0564__synth_merge_dst,533.1817771886718,1066.3635543773437,182,many_to_one,1.0,supervised_flow_pair,ETH,BNB,Poly,0x9e32b13ce7f2e80a01932b42553652e053d6ed8e,0xe552fb52a4f19e44ef5a967632dbc320b0820639,Metis,semi_synthetic_merge,,533.1817771886718,533.1817771886718,
eth_flow_0xac29be42b701__r7fam18__inst01__synth_unmatched_src,bnb_flow_0xb3c6202e0564__synth_hidden_dst,1066.3635543773437,0,182,one_to_one,0.2,supervised_flow_pair,ETH,BNB,Poly,0x9e32b13ce7f2e80a01932b42553652e053d6ed8e,0xe552fb52a4f19e44ef5a967632dbc320b0820639,Metis,semi_synthetic_unmatched,,,0,0
eth_flow_0xac29be42b701__r7fam18__inst01__synth_noise_src_0,bnb_flow_0xb3c6202e0564__synth_noise_dst_0,1066.3635543773437,1066.3635543773437,242,one_to_one,0.2253,supervised_flow_pair,ETH,BNB,Poly,0x9e32b13ce7f2e80a01932b42553652e053d6ed8e,0xe552fb52a4f19e44ef5a967632dbc320b0820639,Metis,semi_synthetic_delay_noise,,,,
eth_flow_0xac29be42b701__r7fam18__inst01__synth_noise_src_1,bnb_flow_0xb3c6202e0564__synth_noise_dst_1,1066.3635543773437,1066.3635543773437,302,one_to_one,0.2499,supervised_flow_pair,ETH,BNB,Poly,0x9e32b13ce7f2e80a01932b42553652e053d6ed8e,0xe552fb52a4f19e44ef5a967632dbc320b0820639,Metis,semi_synthetic_delay_noise,,,,
eth_flow_0x2e9716a247df__r7fam19__inst00__synth_split_src,bnb_flow_0xb5a6ed9df14c__synth_split_a,615.5429363854981,307.77146819274907,217,one_to_many,0.95,supervised_flow_pair,ETH,BNB,Poly,0x9e32b13ce7f2e80a01932b42553652e053d6ed8e,0xe552fb52a4f19e44ef5a967632dbc320b0820639,Metis,semi_synthetic_split,1,307.77146819274907,307.77146819274907,
eth_flow_0x2e9716a247df__r7fam19__inst00__synth_split_src,bnb_flow_0xb5a6ed9df14c__synth_split_b,615.5429363854981,307.77146819274907,217,one_to_many,0.95,supervised_flow_pair,ETH,BNB,Poly,0x9e32b13ce7f2e80a01932b42553652e053d6ed8e,0xe552fb52a4f19e44ef5a967632dbc320b0820639,Metis,semi_synthetic_split,1,307.77146819274907,307.77146819274907,
eth_flow_0x2e9716a247df__r7fam19__inst00__synth_merge_src1,bnb_flow_0xb5a6ed9df14c__synth_merge_dst,307.77146819274907,615.5429363854981,217,many_to_one,1.0,supervised_flow_pair,ETH,BNB,Poly,0x9e32b13ce7f2e80a01932b42553652e053d6ed8e,0xe552fb52a4f19e44ef5a967632dbc320b0820639,Metis,semi_synthetic_merge,,307.77146819274907,307.77146819274907,
eth_flow_0x2e9716a247df__r7fam19__inst00__synth_merge_src2,bnb_flow_0xb5a6ed9df14c__synth_merge_dst,307.77146819274907,615.5429363854981,217,many_to_one,1.0,supervised_flow_pair,ETH,BNB,Poly,0x9e32b13ce7f2e80a01932b42553652e053d6ed8e,0xe552fb52a4f19e44ef5a967632dbc320b0820639,Metis,semi_synthetic_merge,,307.77146819274907,307.77146819274907,
eth_flow_0x2e9716a247df__r7fam19__inst00__synth_unmatched_src,bnb_flow_0xb5a6ed9df14c__synth_hidden_dst,615.5429363854981,0,217,one_to_one,0.2,supervised_flow_pair,ETH,BNB,Poly,0x9e32b13ce7f2e80a01932b42553652e053d6ed8e,0xe552fb52a4f19e44ef5a967632dbc320b0820639,Metis,semi_synthetic_unmatched,,,0,0
eth_flow_0x2e9716a247df__r7fam19__inst00__synth_noise_src_0,bnb_flow_0xb5a6ed9df14c__synth_noise_dst_0,615.5429363854981,615.5429363854981,277,one_to_one,0.2259,supervised_flow_pair,ETH,BNB,Poly,0x9e32b13ce7f2e80a01932b42553652e053d6ed8e,0xe552fb52a4f19e44ef5a967632dbc320b0820639,Metis,semi_synthetic_delay_noise,,,,
eth_flow_0x2e9716a247df__r7fam19__inst00__synth_noise_src_1,bnb_flow_0xb5a6ed9df14c__synth_noise_dst_1,615.5429363854981,615.5429363854981,337,one_to_one,0.2224,supervised_flow_pair,ETH,BNB,Poly,0x9e32b13ce7f2e80a01932b42553652e053d6ed8e,0xe552fb52a4f19e44ef5a967632dbc320b0820639,Metis,semi_synthetic_delay_noise,,,,
eth_flow_0xd9015503e86c__r7fam19__inst01__synth_split_src,bnb_flow_0x93d28f30fbab__synth_split_a,466.483669946913,233.2418349734565,207,one_to_many,0.95,supervised_flow_pair,ETH,BNB,Poly,0x9e32b13ce7f2e80a01932b42553652e053d6ed8e,0xe552fb52a4f19e44ef5a967632dbc320b0820639,Metis,semi_synthetic_split,1,233.2418349734565,233.2418349734565,
eth_flow_0xd9015503e86c__r7fam19__inst01__synth_split_src,bnb_flow_0x93d28f30fbab__synth_split_b,466.483669946913,233.2418349734565,207,one_to_many,0.95,supervised_flow_pair,ETH,BNB,Poly,0x9e32b13ce7f2e80a01932b42553652e053d6ed8e,0xe552fb52a4f19e44ef5a967632dbc320b0820639,Metis,semi_synthetic_split,1,233.2418349734565,233.2418349734565,
eth_flow_0xd9015503e86c__r7fam19__inst01__synth_merge_src1,bnb_flow_0x93d28f30fbab__synth_merge_dst,233.2418349734565,466.483669946913,207,many_to_one,1.0,supervised_flow_pair,ETH,BNB,Poly,0x9e32b13ce7f2e80a01932b42553652e053d6ed8e,0xe552fb52a4f19e44ef5a967632dbc320b0820639,Metis,semi_synthetic_merge,,233.2418349734565,233.2418349734565,
eth_flow_0xd9015503e86c__r7fam19__inst01__synth_merge_src2,bnb_flow_0x93d28f30fbab__synth_merge_dst,233.2418349734565,466.483669946913,207,many_to_one,1.0,supervised_flow_pair,ETH,BNB,Poly,0x9e32b13ce7f2e80a01932b42553652e053d6ed8e,0xe552fb52a4f19e44ef5a967632dbc320b0820639,Metis,semi_synthetic_merge,,233.2418349734565,233.2418349734565,
eth_flow_0xd9015503e86c__r7fam19__inst01__synth_unmatched_src,bnb_flow_0x93d28f30fbab__synth_hidden_dst,466.48366994691304,0,207,one_to_one,0.2,supervised_flow_pair,ETH,BNB,Poly,0x9e32b13ce7f2e80a01932b42553652e053d6ed8e,0xe552fb52a4f19e44ef5a967632dbc320b0820639,Metis,semi_synthetic_unmatched,,,0,0
eth_flow_0xd9015503e86c__r7fam19__inst01__synth_noise_src_0,bnb_flow_0x93d28f30fbab__synth_noise_dst_0,466.48366994691304,466.48366994691304,267,one_to_one,0.2478,supervised_flow_pair,ETH,BNB,Poly,0x9e32b13ce7f2e80a01932b42553652e053d6ed8e,0xe552fb52a4f19e44ef5a967632dbc320b0820639,Metis,semi_synthetic_delay_noise,,,,
eth_flow_0xd9015503e86c__r7fam19__inst01__synth_noise_src_1,bnb_flow_0x93d28f30fbab__synth_noise_dst_1,466.48366994691304,466.48366994691304,327,one_to_one,0.2521,supervised_flow_pair,ETH,BNB,Poly,0x9e32b13ce7f2e80a01932b42553652e053d6ed8e,0xe552fb52a4f19e44ef5a967632dbc320b0820639,Metis,semi_synthetic_delay_noise,,,,
eth_flow_0xad19b1102a84__r7fam20__inst00__synth_split_src,bnb_flow_0x9689cb04eb7a__synth_split_a,427.2024680190871,106.80061700477178,259,one_to_many,0.95,supervised_flow_pair,ETH,BNB,Poly,0x9e32b13ce7f2e80a01932b42553652e053d6ed8e,0xe552fb52a4f19e44ef5a967632dbc320b0820639,Metis,semi_synthetic_split,1,106.80061700477178,106.80061700477178,
eth_flow_0xad19b1102a84__r7fam20__inst00__synth_split_src,bnb_flow_0x9689cb04eb7a__synth_split_b,427.2024680190871,106.80061700477178,259,one_to_many,0.95,supervised_flow_pair,ETH,BNB,Poly,0x9e32b13ce7f2e80a01932b42553652e053d6ed8e,0xe552fb52a4f19e44ef5a967632dbc320b0820639,Metis,semi_synthetic_split,1,106.80061700477178,106.80061700477178,
eth_flow_0xad19b1102a84__r7fam20__inst00__synth_split_src,bnb_flow_0x9689cb04eb7a__synth_split_c,427.2024680190871,106.80061700477178,259,one_to_many,0.95,supervised_flow_pair,ETH,BNB,Poly,0x9e32b13ce7f2e80a01932b42553652e053d6ed8e,0xe552fb52a4f19e44ef5a967632dbc320b0820639,Metis,semi_synthetic_split,1,106.80061700477178,106.80061700477178,
eth_flow_0xad19b1102a84__r7fam20__inst00__synth_split_src,bnb_flow_0x9689cb04eb7a__synth_split_d,427.2024680190871,106.80061700477178,259,one_to_many,0.95,supervised_flow_pair,ETH,BNB,Poly,0x9e32b13ce7f2e80a01932b42553652e053d6ed8e,0xe552fb52a4f19e44ef5a967632dbc320b0820639,Metis,semi_synthetic_split,1,106.80061700477178,106.80061700477178,
eth_flow_0xad19b1102a84__r7fam20__inst00__synth_merge_src1,bnb_flow_0x9689cb04eb7a__synth_merge_dst,213.60123400954356,427.2024680190871,259,many_to_one,1.0,supervised_flow_pair,ETH,BNB,Poly,0x9e32b13ce7f2e80a01932b42553652e053d6ed8e,0xe552fb52a4f19e44ef5a967632dbc320b0820639,Metis,semi_synthetic_merge,,213.60123400954356,213.60123400954356,
eth_flow_0xad19b1102a84__r7fam20__inst00__synth_merge_src2,bnb_flow_0x9689cb04eb7a__synth_merge_dst,213.60123400954356,427.2024680190871,259,many_to_one,1.0,supervised_flow_pair,ETH,BNB,Poly,0x9e32b13ce7f2e80a01932b42553652e053d6ed8e,0xe552fb52a4f19e44ef5a967632dbc320b0820639,Metis,semi_synthetic_merge,,213.60123400954356,213.60123400954356,
eth_flow_0xad19b1102a84__r7fam20__inst00__synth_unmatched_src,bnb_flow_0x9689cb04eb7a__synth_hidden_dst,427.20246801908706,0,259,one_to_one,0.2,supervised_flow_pair,ETH,BNB,Poly,0x9e32b13ce7f2e80a01932b42553652e053d6ed8e,0xe552fb52a4f19e44ef5a967632dbc320b0820639,Metis,semi_synthetic_unmatched,,,0,0
eth_flow_0xad19b1102a84__r7fam20__inst00__synth_noise_src_0,bnb_flow_0x9689cb04eb7a__synth_noise_dst_0,427.20246801908706,427.20246801908706,319,one_to_one,0.2589,supervised_flow_pair,ETH,BNB,Poly,0x9e32b13ce7f2e80a01932b42553652e053d6ed8e,0xe552fb52a4f19e44ef5a967632dbc320b0820639,Metis,semi_synthetic_delay_noise,,,,
eth_flow_0xad19b1102a84__r7fam20__inst00__synth_noise_src_1,bnb_flow_0x9689cb04eb7a__synth_noise_dst_1,427.20246801908706,427.20246801908706,379,one_to_one,0.2209,supervised_flow_pair,ETH,BNB,Poly,0x9e32b13ce7f2e80a01932b42553652e053d6ed8e,0xe552fb52a4f19e44ef5a967632dbc320b0820639,Metis,semi_synthetic_delay_noise,,,,
eth_flow_0x80fa5fc16c51__r7fam20__inst01__synth_split_src,bnb_flow_0xab2dd2151d4f__synth_split_a,1631.5947228615712,815.7973614307856,239,one_to_many,0.95,supervised_flow_pair,ETH,BNB,Poly,0x9e32b13ce7f2e80a01932b42553652e053d6ed8e,0xe552fb52a4f19e44ef5a967632dbc320b0820639,Metis,semi_synthetic_split,1,815.7973614307856,815.7973614307856,
eth_flow_0x80fa5fc16c51__r7fam20__inst01__synth_split_src,bnb_flow_0xab2dd2151d4f__synth_split_b,1631.5947228615712,815.7973614307856,239,one_to_many,0.95,supervised_flow_pair,ETH,BNB,Poly,0x9e32b13ce7f2e80a01932b42553652e053d6ed8e,0xe552fb52a4f19e44ef5a967632dbc320b0820639,Metis,semi_synthetic_split,1,815.7973614307856,815.7973614307856,
eth_flow_0x80fa5fc16c51__r7fam20__inst01__synth_merge_src1,bnb_flow_0xab2dd2151d4f__synth_merge_dst,815.7973614307856,1631.5947228615712,239,many_to_one,1.0,supervised_flow_pair,ETH,BNB,Poly,0x9e32b13ce7f2e80a01932b42553652e053d6ed8e,0xe552fb52a4f19e44ef5a967632dbc320b0820639,Metis,semi_synthetic_merge,,815.7973614307856,815.7973614307856,
eth_flow_0x80fa5fc16c51__r7fam20__inst01__synth_merge_src2,bnb_flow_0xab2dd2151d4f__synth_merge_dst,815.7973614307856,1631.5947228615712,239,many_to_one,1.0,supervised_flow_pair,ETH,BNB,Poly,0x9e32b13ce7f2e80a01932b42553652e053d6ed8e,0xe552fb52a4f19e44ef5a967632dbc320b0820639,Metis,semi_synthetic_merge,,815.7973614307856,815.7973614307856,
eth_flow_0x80fa5fc16c51__r7fam20__inst01__synth_unmatched_src,bnb_flow_0xab2dd2151d4f__synth_hidden_dst,1631.5947228615712,0,239,one_to_one,0.2,supervised_flow_pair,ETH,BNB,Poly,0x9e32b13ce7f2e80a01932b42553652e053d6ed8e,0xe552fb52a4f19e44ef5a967632dbc320b0820639,Metis,semi_synthetic_unmatched,,,0,0
eth_flow_0x80fa5fc16c51__r7fam20__inst01__synth_noise_src_0,bnb_flow_0xab2dd2151d4f__synth_noise_dst_0,1631.5947228615712,1631.5947228615712,299,one_to_one,0.2554,supervised_flow_pair,ETH,BNB,Poly,0x9e32b13ce7f2e80a01932b42553652e053d6ed8e,0xe552fb52a4f19e44ef5a967632dbc320b0820639,Metis,semi_synthetic_delay_noise,,,,
eth_flow_0x80fa5fc16c51__r7fam20__inst01__synth_noise_src_1,bnb_flow_0xab2dd2151d4f__synth_noise_dst_1,1631.5947228615712,1631.5947228615712,359,one_to_one,0.2412,supervised_flow_pair,ETH,BNB,Poly,0x9e32b13ce7f2e80a01932b42553652e053d6ed8e,0xe552fb52a4f19e44ef5a967632dbc320b0820639,Metis,semi_synthetic_delay_noise,,,,
eth_flow_0x1154eb9f0c4d__r7fam21__inst00__synth_split_src,bnb_flow_0x87d9067dcbff__synth_split_a,299907.1413582186,99969.04711940621,354,one_to_many,0.95,supervised_flow_pair,ETH,BNB,Poly,0xab93df617f51e1e415b5b4f8111f122d6b48e55c,0xab93df617f51e1e415b5b4f8111f122d6b48e55c,DETO,semi_synthetic_split,1,99969.04711940621,99969.04711940621,
eth_flow_0x1154eb9f0c4d__r7fam21__inst00__synth_split_src,bnb_flow_0x87d9067dcbff__synth_split_b,299907.1413582186,99969.04711940621,354,one_to_many,0.95,supervised_flow_pair,ETH,BNB,Poly,0xab93df617f51e1e415b5b4f8111f122d6b48e55c,0xab93df617f51e1e415b5b4f8111f122d6b48e55c,DETO,semi_synthetic_split,1,99969.04711940621,99969.04711940621,
eth_flow_0x1154eb9f0c4d__r7fam21__inst00__synth_split_src,bnb_flow_0x87d9067dcbff__synth_split_c,299907.1413582186,99969.04711940621,354,one_to_many,0.95,supervised_flow_pair,ETH,BNB,Poly,0xab93df617f51e1e415b5b4f8111f122d6b48e55c,0xab93df617f51e1e415b5b4f8111f122d6b48e55c,DETO,semi_synthetic_split,1,99969.04711940621,99969.04711940621,
eth_flow_0x1154eb9f0c4d__r7fam21__inst00__synth_merge_src1,bnb_flow_0x87d9067dcbff__synth_merge_dst,149953.5706791093,299907.1413582186,354,many_to_one,1.0,supervised_flow_pair,ETH,BNB,Poly,0xab93df617f51e1e415b5b4f8111f122d6b48e55c,0xab93df617f51e1e415b5b4f8111f122d6b48e55c,DETO,semi_synthetic_merge,,149953.5706791093,149953.5706791093,
eth_flow_0x1154eb9f0c4d__r7fam21__inst00__synth_merge_src2,bnb_flow_0x87d9067dcbff__synth_merge_dst,149953.5706791093,299907.1413582186,354,many_to_one,1.0,supervised_flow_pair,ETH,BNB,Poly,0xab93df617f51e1e415b5b4f8111f122d6b48e55c,0xab93df617f51e1e415b5b4f8111f122d6b48e55c,DETO,semi_synthetic_merge,,149953.5706791093,149953.5706791093,
eth_flow_0x1154eb9f0c4d__r7fam21__inst00__synth_unmatched_src,bnb_flow_0x87d9067dcbff__synth_hidden_dst,299907.1413582186,0,354,one_to_one,0.2,supervised_flow_pair,ETH,BNB,Poly,0xab93df617f51e1e415b5b4f8111f122d6b48e55c,0xab93df617f51e1e415b5b4f8111f122d6b48e55c,DETO,semi_synthetic_unmatched,,,0,0
eth_flow_0x1154eb9f0c4d__r7fam21__inst00__synth_noise_src_0,bnb_flow_0x87d9067dcbff__synth_noise_dst_0,299907.1413582186,299907.1413582186,414,one_to_one,0.2535,supervised_flow_pair,ETH,BNB,Poly,0xab93df617f51e1e415b5b4f8111f122d6b48e55c,0xab93df617f51e1e415b5b4f8111f122d6b48e55c,DETO,semi_synthetic_delay_noise,,,,
eth_flow_0x1154eb9f0c4d__r7fam21__inst00__synth_noise_src_1,bnb_flow_0x87d9067dcbff__synth_noise_dst_1,299907.1413582186,299907.1413582186,474,one_to_one,0.2382,supervised_flow_pair,ETH,BNB,Poly,0xab93df617f51e1e415b5b4f8111f122d6b48e55c,0xab93df617f51e1e415b5b4f8111f122d6b48e55c,DETO,semi_synthetic_delay_noise,,,,
eth_flow_0x4d323570e45d__r7fam21__inst01__synth_split_src,bnb_flow_0xa4c884f47e13__synth_split_a,454.6174264542997,227.30871322714984,821,one_to_many,0.95,supervised_flow_pair,ETH,BNB,Poly,0x9e32b13ce7f2e80a01932b42553652e053d6ed8e,0xe552fb52a4f19e44ef5a967632dbc320b0820639,Metis,semi_synthetic_split,1,227.30871322714984,227.30871322714984,
eth_flow_0x4d323570e45d__r7fam21__inst01__synth_split_src,bnb_flow_0xa4c884f47e13__synth_split_b,454.6174264542997,227.30871322714984,821,one_to_many,0.95,supervised_flow_pair,ETH,BNB,Poly,0x9e32b13ce7f2e80a01932b42553652e053d6ed8e,0xe552fb52a4f19e44ef5a967632dbc320b0820639,Metis,semi_synthetic_split,1,227.30871322714984,227.30871322714984,
eth_flow_0x4d323570e45d__r7fam21__inst01__synth_merge_src1,bnb_flow_0xa4c884f47e13__synth_merge_dst,227.30871322714984,454.6174264542997,821,many_to_one,1.0,supervised_flow_pair,ETH,BNB,Poly,0x9e32b13ce7f2e80a01932b42553652e053d6ed8e,0xe552fb52a4f19e44ef5a967632dbc320b0820639,Metis,semi_synthetic_merge,,227.30871322714984,227.30871322714984,
eth_flow_0x4d323570e45d__r7fam21__inst01__synth_merge_src2,bnb_flow_0xa4c884f47e13__synth_merge_dst,227.30871322714984,454.6174264542997,821,many_to_one,1.0,supervised_flow_pair,ETH,BNB,Poly,0x9e32b13ce7f2e80a01932b42553652e053d6ed8e,0xe552fb52a4f19e44ef5a967632dbc320b0820639,Metis,semi_synthetic_merge,,227.30871322714984,227.30871322714984,
eth_flow_0x4d323570e45d__r7fam21__inst01__synth_unmatched_src,bnb_flow_0xa4c884f47e13__synth_hidden_dst,454.61742645429973,0,821,one_to_one,0.2,supervised_flow_pair,ETH,BNB,Poly,0x9e32b13ce7f2e80a01932b42553652e053d6ed8e,0xe552fb52a4f19e44ef5a967632dbc320b0820639,Metis,semi_synthetic_unmatched,,,0,0
eth_flow_0x4d323570e45d__r7fam21__inst01__synth_noise_src_0,bnb_flow_0xa4c884f47e13__synth_noise_dst_0,454.61742645429973,454.61742645429973,881,one_to_one,0.2281,supervised_flow_pair,ETH,BNB,Poly,0x9e32b13ce7f2e80a01932b42553652e053d6ed8e,0xe552fb52a4f19e44ef5a967632dbc320b0820639,Metis,semi_synthetic_delay_noise,,,,
eth_flow_0x4d323570e45d__r7fam21__inst01__synth_noise_src_1,bnb_flow_0xa4c884f47e13__synth_noise_dst_1,454.61742645429973,454.61742645429973,941,one_to_one,0.2252,supervised_flow_pair,ETH,BNB,Poly,0x9e32b13ce7f2e80a01932b42553652e053d6ed8e,0xe552fb52a4f19e44ef5a967632dbc320b0820639,Metis,semi_synthetic_delay_noise,,,,
eth_flow_0xf561e794a626__r7fam22__inst00__synth_split_src,bnb_flow_0xeccf9706e141__synth_split_a,536.9525265807056,268.4762632903528,987,one_to_many,0.95,supervised_flow_pair,ETH,BNB,Poly,0x9e32b13ce7f2e80a01932b42553652e053d6ed8e,0xe552fb52a4f19e44ef5a967632dbc320b0820639,Metis,semi_synthetic_split,1,268.4762632903528,268.4762632903528,
eth_flow_0xf561e794a626__r7fam22__inst00__synth_split_src,bnb_flow_0xeccf9706e141__synth_split_b,536.9525265807056,268.4762632903528,987,one_to_many,0.95,supervised_flow_pair,ETH,BNB,Poly,0x9e32b13ce7f2e80a01932b42553652e053d6ed8e,0xe552fb52a4f19e44ef5a967632dbc320b0820639,Metis,semi_synthetic_split,1,268.4762632903528,268.4762632903528,
eth_flow_0xf561e794a626__r7fam22__inst00__synth_merge_src1,bnb_flow_0xeccf9706e141__synth_merge_dst,268.4762632903528,536.9525265807056,987,many_to_one,1.0,supervised_flow_pair,ETH,BNB,Poly,0x9e32b13ce7f2e80a01932b42553652e053d6ed8e,0xe552fb52a4f19e44ef5a967632dbc320b0820639,Metis,semi_synthetic_merge,,268.4762632903528,268.4762632903528,
eth_flow_0xf561e794a626__r7fam22__inst00__synth_merge_src2,bnb_flow_0xeccf9706e141__synth_merge_dst,268.4762632903528,536.9525265807056,987,many_to_one,1.0,supervised_flow_pair,ETH,BNB,Poly,0x9e32b13ce7f2e80a01932b42553652e053d6ed8e,0xe552fb52a4f19e44ef5a967632dbc320b0820639,Metis,semi_synthetic_merge,,268.4762632903528,268.4762632903528,
eth_flow_0xf561e794a626__r7fam22__inst00__synth_unmatched_src,bnb_flow_0xeccf9706e141__synth_hidden_dst,536.9525265807056,0,987,one_to_one,0.2,supervised_flow_pair,ETH,BNB,Poly,0x9e32b13ce7f2e80a01932b42553652e053d6ed8e,0xe552fb52a4f19e44ef5a967632dbc320b0820639,Metis,semi_synthetic_unmatched,,,0,0
eth_flow_0xf561e794a626__r7fam22__inst00__synth_noise_src_0,bnb_flow_0xeccf9706e141__synth_noise_dst_0,536.9525265807056,536.9525265807056,1047,one_to_one,0.2389,supervised_flow_pair,ETH,BNB,Poly,0x9e32b13ce7f2e80a01932b42553652e053d6ed8e,0xe552fb52a4f19e44ef5a967632dbc320b0820639,Metis,semi_synthetic_delay_noise,,,,
eth_flow_0xf561e794a626__r7fam22__inst00__synth_noise_src_1,bnb_flow_0xeccf9706e141__synth_noise_dst_1,536.9525265807056,536.9525265807056,1107,one_to_one,0.2229,supervised_flow_pair,ETH,BNB,Poly,0x9e32b13ce7f2e80a01932b42553652e053d6ed8e,0xe552fb52a4f19e44ef5a967632dbc320b0820639,Metis,semi_synthetic_delay_noise,,,,
eth_flow_0x14b873121287__r7fam22__inst01__synth_split_src,bnb_flow_0x94871b62c18e__synth_split_a,523.6674584042015,65.45843230052519,1014,one_to_many,0.95,supervised_flow_pair,ETH,BNB,Poly,0x9e32b13ce7f2e80a01932b42553652e053d6ed8e,0xe552fb52a4f19e44ef5a967632dbc320b0820639,Metis,semi_synthetic_split,1,65.45843230052519,65.45843230052519,
eth_flow_0x14b873121287__r7fam22__inst01__synth_split_src,bnb_flow_0x94871b62c18e__synth_split_b,523.6674584042015,65.45843230052519,1014,one_to_many,0.95,supervised_flow_pair,ETH,BNB,Poly,0x9e32b13ce7f2e80a01932b42553652e053d6ed8e,0xe552fb52a4f19e44ef5a967632dbc320b0820639,Metis,semi_synthetic_split,1,65.45843230052519,65.45843230052519,
eth_flow_0x14b873121287__r7fam22__inst01__synth_split_src,bnb_flow_0x94871b62c18e__synth_split_c,523.6674584042015,65.45843230052519,1014,one_to_many,0.95,supervised_flow_pair,ETH,BNB,Poly,0x9e32b13ce7f2e80a01932b42553652e053d6ed8e,0xe552fb52a4f19e44ef5a967632dbc320b0820639,Metis,semi_synthetic_split,1,65.45843230052519,65.45843230052519,
eth_flow_0x14b873121287__r7fam22__inst01__synth_split_src,bnb_flow_0x94871b62c18e__synth_split_d,523.6674584042015,65.45843230052519,1014,one_to_many,0.95,supervised_flow_pair,ETH,BNB,Poly,0x9e32b13ce7f2e80a01932b42553652e053d6ed8e,0xe552fb52a4f19e44ef5a967632dbc320b0820639,Metis,semi_synthetic_split,1,65.45843230052519,65.45843230052519,
eth_flow_0x14b873121287__r7fam22__inst01__synth_split_src,bnb_flow_0x94871b62c18e__synth_split_e,523.6674584042015,65.45843230052519,1014,one_to_many,0.95,supervised_flow_pair,ETH,BNB,Poly,0x9e32b13ce7f2e80a01932b42553652e053d6ed8e,0xe552fb52a4f19e44ef5a967632dbc320b0820639,Metis,semi_synthetic_split,1,65.45843230052519,65.45843230052519,
eth_flow_0x14b873121287__r7fam22__inst01__synth_split_src,bnb_flow_0x94871b62c18e__synth_split_f,523.6674584042015,65.45843230052519,1014,one_to_many,0.95,supervised_flow_pair,ETH,BNB,Poly,0x9e32b13ce7f2e80a01932b42553652e053d6ed8e,0xe552fb52a4f19e44ef5a967632dbc320b0820639,Metis,semi_synthetic_split,1,65.45843230052519,65.45843230052519,
eth_flow_0x14b873121287__r7fam22__inst01__synth_split_src,bnb_flow_0x94871b62c18e__synth_split_g,523.6674584042015,65.45843230052519,1014,one_to_many,0.95,supervised_flow_pair,ETH,BNB,Poly,0x9e32b13ce7f2e80a01932b42553652e053d6ed8e,0xe552fb52a4f19e44ef5a967632dbc320b0820639,Metis,semi_synthetic_split,1,65.45843230052519,65.45843230052519,
eth_flow_0x14b873121287__r7fam22__inst01__synth_split_src,bnb_flow_0x94871b62c18e__synth_split_h,523.6674584042015,65.45843230052519,1014,one_to_many,0.95,supervised_flow_pair,ETH,BNB,Poly,0x9e32b13ce7f2e80a01932b42553652e053d6ed8e,0xe552fb52a4f19e44ef5a967632dbc320b0820639,Metis,semi_synthetic_split,1,65.45843230052519,65.45843230052519,
eth_flow_0x14b873121287__r7fam22__inst01__synth_merge_src1,bnb_flow_0x94871b62c18e__synth_merge_dst,261.83372920210076,523.6674584042015,1014,many_to_one,1.0,supervised_flow_pair,ETH,BNB,Poly,0x9e32b13ce7f2e80a01932b42553652e053d6ed8e,0xe552fb52a4f19e44ef5a967632dbc320b0820639,Metis,semi_synthetic_merge,,261.83372920210076,261.83372920210076,
eth_flow_0x14b873121287__r7fam22__inst01__synth_merge_src2,bnb_flow_0x94871b62c18e__synth_merge_dst,261.83372920210076,523.6674584042015,1014,many_to_one,1.0,supervised_flow_pair,ETH,BNB,Poly,0x9e32b13ce7f2e80a01932b42553652e053d6ed8e,0xe552fb52a4f19e44ef5a967632dbc320b0820639,Metis,semi_synthetic_merge,,261.83372920210076,261.83372920210076,
eth_flow_0x14b873121287__r7fam22__inst01__synth_unmatched_src,bnb_flow_0x94871b62c18e__synth_hidden_dst,523.6674584042015,0,1014,one_to_one,0.2,supervised_flow_pair,ETH,BNB,Poly,0x9e32b13ce7f2e80a01932b42553652e053d6ed8e,0xe552fb52a4f19e44ef5a967632dbc320b0820639,Metis,semi_synthetic_unmatched,,,0,0
eth_flow_0x14b873121287__r7fam22__inst01__synth_noise_src_0,bnb_flow_0x94871b62c18e__synth_noise_dst_0,523.6674584042015,523.6674584042015,1074,one_to_one,0.2201,supervised_flow_pair,ETH,BNB,Poly,0x9e32b13ce7f2e80a01932b42553652e053d6ed8e,0xe552fb52a4f19e44ef5a967632dbc320b0820639,Metis,semi_synthetic_delay_noise,,,,
eth_flow_0x14b873121287__r7fam22__inst01__synth_noise_src_1,bnb_flow_0x94871b62c18e__synth_noise_dst_1,523.6674584042015,523.6674584042015,1134,one_to_one,0.2462,supervised_flow_pair,ETH,BNB,Poly,0x9e32b13ce7f2e80a01932b42553652e053d6ed8e,0xe552fb52a4f19e44ef5a967632dbc320b0820639,Metis,semi_synthetic_delay_noise,,,,
eth_flow_0xb5a64910366d__r7fam23__inst00__synth_split_src,bnb_flow_0xa3c8db25a517__synth_split_a,407.8986807153928,203.9493403576964,1088,one_to_many,0.95,supervised_flow_pair,ETH,BNB,Poly,0x9e32b13ce7f2e80a01932b42553652e053d6ed8e,0xe552fb52a4f19e44ef5a967632dbc320b0820639,Metis,semi_synthetic_split,1,203.9493403576964,203.9493403576964,
eth_flow_0xb5a64910366d__r7fam23__inst00__synth_split_src,bnb_flow_0xa3c8db25a517__synth_split_b,407.8986807153928,203.9493403576964,1088,one_to_many,0.95,supervised_flow_pair,ETH,BNB,Poly,0x9e32b13ce7f2e80a01932b42553652e053d6ed8e,0xe552fb52a4f19e44ef5a967632dbc320b0820639,Metis,semi_synthetic_split,1,203.9493403576964,203.9493403576964,
eth_flow_0xb5a64910366d__r7fam23__inst00__synth_merge_src1,bnb_flow_0xa3c8db25a517__synth_merge_dst,203.9493403576964,407.8986807153928,1088,many_to_one,1.0,supervised_flow_pair,ETH,BNB,Poly,0x9e32b13ce7f2e80a01932b42553652e053d6ed8e,0xe552fb52a4f19e44ef5a967632dbc320b0820639,Metis,semi_synthetic_merge,,203.9493403576964,203.9493403576964,
eth_flow_0xb5a64910366d__r7fam23__inst00__synth_merge_src2,bnb_flow_0xa3c8db25a517__synth_merge_dst,203.9493403576964,407.8986807153928,1088,many_to_one,1.0,supervised_flow_pair,ETH,BNB,Poly,0x9e32b13ce7f2e80a01932b42553652e053d6ed8e,0xe552fb52a4f19e44ef5a967632dbc320b0820639,Metis,semi_synthetic_merge,,203.9493403576964,203.9493403576964,
eth_flow_0xb5a64910366d__r7fam23__inst00__synth_unmatched_src,bnb_flow_0xa3c8db25a517__synth_hidden_dst,407.8986807153928,0,1088,one_to_one,0.2,supervised_flow_pair,ETH,BNB,Poly,0x9e32b13ce7f2e80a01932b42553652e053d6ed8e,0xe552fb52a4f19e44ef5a967632dbc320b0820639,Metis,semi_synthetic_unmatched,,,0,0
eth_flow_0xb5a64910366d__r7fam23__inst00__synth_noise_src_0,bnb_flow_0xa3c8db25a517__synth_noise_dst_0,407.8986807153928,407.8986807153928,1148,one_to_one,0.2456,supervised_flow_pair,ETH,BNB,Poly,0x9e32b13ce7f2e80a01932b42553652e053d6ed8e,0xe552fb52a4f19e44ef5a967632dbc320b0820639,Metis,semi_synthetic_delay_noise,,,,
eth_flow_0xb5a64910366d__r7fam23__inst00__synth_noise_src_1,bnb_flow_0xa3c8db25a517__synth_noise_dst_1,407.8986807153928,407.8986807153928,1208,one_to_one,0.2381,supervised_flow_pair,ETH,BNB,Poly,0x9e32b13ce7f2e80a01932b42553652e053d6ed8e,0xe552fb52a4f19e44ef5a967632dbc320b0820639,Metis,semi_synthetic_delay_noise,,,,
eth_flow_0x8f449991c995__r7fam23__inst01__synth_split_src,bnb_flow_0x74f07ab7869c__synth_split_a,627.7439097437848,313.8719548718924,1102,one_to_many,0.95,supervised_flow_pair,ETH,BNB,Poly,0x4abb9cc67bd3da9eb966d1159a71a0e68bd15432,0x4e1b16ef22935a575a6811d4616f98c4077e4408,KEL,semi_synthetic_split,1,313.8719548718924,313.8719548718924,
eth_flow_0x8f449991c995__r7fam23__inst01__synth_split_src,bnb_flow_0x74f07ab7869c__synth_split_b,627.7439097437848,313.8719548718924,1102,one_to_many,0.95,supervised_flow_pair,ETH,BNB,Poly,0x4abb9cc67bd3da9eb966d1159a71a0e68bd15432,0x4e1b16ef22935a575a6811d4616f98c4077e4408,KEL,semi_synthetic_split,1,313.8719548718924,313.8719548718924,
eth_flow_0x8f449991c995__r7fam23__inst01__synth_merge_src1,bnb_flow_0x74f07ab7869c__synth_merge_dst,313.8719548718924,627.7439097437848,1102,many_to_one,1.0,supervised_flow_pair,ETH,BNB,Poly,0x4abb9cc67bd3da9eb966d1159a71a0e68bd15432,0x4e1b16ef22935a575a6811d4616f98c4077e4408,KEL,semi_synthetic_merge,,313.8719548718924,313.8719548718924,
eth_flow_0x8f449991c995__r7fam23__inst01__synth_merge_src2,bnb_flow_0x74f07ab7869c__synth_merge_dst,313.8719548718924,627.7439097437848,1102,many_to_one,1.0,supervised_flow_pair,ETH,BNB,Poly,0x4abb9cc67bd3da9eb966d1159a71a0e68bd15432,0x4e1b16ef22935a575a6811d4616f98c4077e4408,KEL,semi_synthetic_merge,,313.8719548718924,313.8719548718924,
eth_flow_0x8f449991c995__r7fam23__inst01__synth_unmatched_src,bnb_flow_0x74f07ab7869c__synth_hidden_dst,627.7439097437848,0,1102,one_to_one,0.2,supervised_flow_pair,ETH,BNB,Poly,0x4abb9cc67bd3da9eb966d1159a71a0e68bd15432,0x4e1b16ef22935a575a6811d4616f98c4077e4408,KEL,semi_synthetic_unmatched,,,0,0
eth_flow_0x8f449991c995__r7fam23__inst01__synth_noise_src_0,bnb_flow_0x74f07ab7869c__synth_noise_dst_0,627.7439097437848,627.7439097437848,1162,one_to_one,0.221,supervised_flow_pair,ETH,BNB,Poly,0x4abb9cc67bd3da9eb966d1159a71a0e68bd15432,0x4e1b16ef22935a575a6811d4616f98c4077e4408,KEL,semi_synthetic_delay_noise,,,,
eth_flow_0x8f449991c995__r7fam23__inst01__synth_noise_src_1,bnb_flow_0x74f07ab7869c__synth_noise_dst_1,627.7439097437848,627.7439097437848,1222,one_to_one,0.2384,supervised_flow_pair,ETH,BNB,Poly,0x4abb9cc67bd3da9eb966d1159a71a0e68bd15432,0x4e1b16ef22935a575a6811d4616f98c4077e4408,KEL,semi_synthetic_delay_noise,,,,
