chain,bridge,flow_id,tx_hashes,address_set,primary_address,token_contracts,token_symbols,asset_group,route_id,start_time,end_time,tx_count,raw_amount_sum,human_amount_sum,usd_amount_sum,aml_score_mean,aml_score_max,evidence_quality_mean,flow_construction_rule,bridge_contract_hit
BNB,Poly,bnb_flow_0xdd441a54fd06__synth_split_a,0xdd441a54fd06512b3366a63678701ef9ac046420ab0bd0a031c57da044dbe416,0x2f7ac9436ba4b548f9582af91ca1ef02cd2f1f03|0x398f7827dccbefe6990478876bbf3612d93baf05|0xcfc387b2d9bb52200d942752f44a41d658ee82de,0xcfc387b2d9bb52200d942752f44a41d658ee82de,0x398f7827dccbefe6990478876bbf3612d93baf05,MIX,MIX,0xdd441a54fd06512b3366a63678701ef9ac046420ab0bd0a031c57da044dbe416_MIX,1653084874,1653084874,1,5.237103925e+23,523710.3925,0.8511051517224304,0,0,0.825000,bridge_dst_event_flow,True
BNB,Poly,bnb_flow_0xdd441a54fd06__synth_split_b,0xdd441a54fd06512b3366a63678701ef9ac046420ab0bd0a031c57da044dbe416,0x2f7ac9436ba4b548f9582af91ca1ef02cd2f1f03|0x398f7827dccbefe6990478876bbf3612d93baf05|0xcfc387b2d9bb52200d942752f44a41d658ee82de,0xcfc387b2d9bb52200d942752f44a41d658ee82de,0x398f7827dccbefe6990478876bbf3612d93baf05,MIX,MIX,0xdd441a54fd06512b3366a63678701ef9ac046420ab0bd0a031c57da044dbe416_MIX,1653084874,1653084874,1,5.237103925e+23,523710.3925,0.8511051517224304,0,0,0.825000,bridge_dst_event_flow,True
BNB,Poly,bnb_flow_0xdd441a54fd06__synth_merge_dst,0xdd441a54fd06512b3366a63678701ef9ac046420ab0bd0a031c57da044dbe416,0x2f7ac9436ba4b548f9582af91ca1ef02cd2f1f03|0x398f7827dccbefe6990478876bbf3612d93baf05|0xcfc387b2d9bb52200d942752f44a41d658ee82de,0xcfc387b2d9bb52200d942752f44a41d658ee82de,0x398f7827dccbefe6990478876bbf3612d93baf05,MIX,MIX,0xdd441a54fd06512b3366a63678701ef9ac046420ab0bd0a031c57da044dbe416_MIX,1653084874,1653084874,1,1.047420785e+24,1047420.785,1.7022103034448608,0,0,0.825000,bridge_dst_event_flow,True
BNB,Poly,bnb_flow_0xdd441a54fd06__synth_hidden_dst,0xdd441a54fd06512b3366a63678701ef9ac046420ab0bd0a031c57da044dbe416,0x2f7ac9436ba4b548f9582af91ca1ef02cd2f1f03|0x398f7827dccbefe6990478876bbf3612d93baf05|0xcfc387b2d9bb52200d942752f44a41d658ee82de,0xcfc387b2d9bb52200d942752f44a41d658ee82de,0x398f7827dccbefe6990478876bbf3612d93baf05,MIX,MIX,0xdd441a54fd06512b3366a63678701ef9ac046420ab0bd0a031c57da044dbe416_MIX,1653084874,1653084874,1,1.047420785e+24,1047420.785,1.7022103034448608,0,0,0.825000,bridge_dst_event_flow,True
BNB,Poly,bnb_flow_0xdd441a54fd06__synth_noise_dst_0,0xdd441a54fd06512b3366a63678701ef9ac046420ab0bd0a031c57da044dbe416,0x2f7ac9436ba4b548f9582af91ca1ef02cd2f1f03|0x398f7827dccbefe6990478876bbf3612d93baf05|0xcfc387b2d9bb52200d942752f44a41d658ee82de,0xcfc387b2d9bb52200d942752f44a41d658ee82de,0x398f7827dccbefe6990478876bbf3612d93baf05,MIX,MIX,0xdd441a54fd06512b3366a63678701ef9ac046420ab0bd0a031c57da044dbe416_MIX,1653084934,1653084934,1,1.047420785e+24,1047420.785,1.7022103034448608,0,0,0.825000,bridge_dst_event_flow,True
BNB,Poly,bnb_flow_0xdd441a54fd06__synth_noise_dst_1,0xdd441a54fd06512b3366a63678701ef9ac046420ab0bd0a031c57da044dbe416,0x2f7ac9436ba4b548f9582af91ca1ef02cd2f1f03|0x398f7827dccbefe6990478876bbf3612d93baf05|0xcfc387b2d9bb52200d942752f44a41d658ee82de,0xcfc387b2d9bb52200d942752f44a41d658ee82de,0x398f7827dccbefe6990478876bbf3612d93baf05,MIX,MIX,0xdd441a54fd06512b3366a63678701ef9ac046420ab0bd0a031c57da044dbe416_MIX,1653084994,1653084994,1,1.047420785e+24,1047420.785,1.7022103034448608,0,0,0.825000,bridge_dst_event_flow,True
BNB,Poly,bnb_flow_0x097e08492724__synth_split_a,0x097e08492724682470628cef0d60bc7e08a24ff5b81813c38f87ee1bd2e68c10,0x2f7ac9436ba4b548f9582af91ca1ef02cd2f1f03|0x88f859db067c45b114897db6920f3e4a61a5ca66|0xc49dde62b4a0810074721faca54aab52369f486a,0x88f859db067c45b114897db6920f3e4a61a5ca66,0xc49dde62b4a0810074721faca54aab52369f486a,PKR,PKR,0x097e08492724682470628cef0d60bc7e08a24ff5b81813c38f87ee1bd2e68c10_PKR,1662453109,1662453109,1,2.2472391295584426e+22,22472.391295584424,0.4941305792199603,0,0,0.800000,bridge_dst_event_flow,True
BNB,Poly,bnb_flow_0x097e08492724__synth_split_b,0x097e08492724682470628cef0d60bc7e08a24ff5b81813c38f87ee1bd2e68c10,0x2f7ac9436ba4b548f9582af91ca1ef02cd2f1f03|0x88f859db067c45b114897db6920f3e4a61a5ca66|0xc49dde62b4a0810074721faca54aab52369f486a,0x88f859db067c45b114897db6920f3e4a61a5ca66,0xc49dde62b4a0810074721faca54aab52369f486a,PKR,PKR,0x097e08492724682470628cef0d60bc7e08a24ff5b81813c38f87ee1bd2e68c10_PKR,1662453109,1662453109,1,2.2472391295584426e+22,22472.391295584424,0.4941305792199603,0,0,0.800000,bridge_dst_event_flow,True
BNB,Poly,bnb_flow_0x097e08492724__synth_merge_dst,0x097e08492724682470628cef0d60bc7e08a24ff5b81813c38f87ee1bd2e68c10,0x2f7ac9436ba4b548f9582af91ca1ef02cd2f1f03|0x88f859db067c45b114897db6920f3e4a61a5ca66|0xc49dde62b4a0810074721faca54aab52369f486a,0x88f859db067c45b114897db6920f3e4a61a5ca66,0xc49dde62b4a0810074721faca54aab52369f486a,PKR,PKR,0x097e08492724682470628cef0d60bc7e08a24ff5b81813c38f87ee1bd2e68c10_PKR,1662453109,1662453109,1,4.494478259116885e+22,44944.78259116885,0.9882611584399206,0,0,0.800000,bridge_dst_event_flow,True
BNB,Poly,bnb_flow_0x097e08492724__synth_hidden_dst,0x097e08492724682470628cef0d60bc7e08a24ff5b81813c38f87ee1bd2e68c10,0x2f7ac9436ba4b548f9582af91ca1ef02cd2f1f03|0x88f859db067c45b114897db6920f3e4a61a5ca66|0xc49dde62b4a0810074721faca54aab52369f486a,0x88f859db067c45b114897db6920f3e4a61a5ca66,0xc49dde62b4a0810074721faca54aab52369f486a,PKR,PKR,0x097e08492724682470628cef0d60bc7e08a24ff5b81813c38f87ee1bd2e68c10_PKR,1662453109,1662453109,1,4.494478259116885e+22,44944.78259116885,0.9882611584399206,0,0,0.800000,bridge_dst_event_flow,True
BNB,Poly,bnb_flow_0x097e08492724__synth_noise_dst_0,0x097e08492724682470628cef0d60bc7e08a24ff5b81813c38f87ee1bd2e68c10,0x2f7ac9436ba4b548f9582af91ca1ef02cd2f1f03|0x88f859db067c45b114897db6920f3e4a61a5ca66|0xc49dde62b4a0810074721faca54aab52369f486a,0x88f859db067c45b114897db6920f3e4a61a5ca66,0xc49dde62b4a0810074721faca54aab52369f486a,PKR,PKR,0x097e08492724682470628cef0d60bc7e08a24ff5b81813c38f87ee1bd2e68c10_PKR,1662453169,1662453169,1,4.494478259116885e+22,44944.78259116885,0.9882611584399206,0,0,0.800000,bridge_dst_event_flow,True
BNB,Poly,bnb_flow_0x097e08492724__synth_noise_dst_1,0x097e08492724682470628cef0d60bc7e08a24ff5b81813c38f87ee1bd2e68c10,0x2f7ac9436ba4b548f9582af91ca1ef02cd2f1f03|0x88f859db067c45b114897db6920f3e4a61a5ca66|0xc49dde62b4a0810074721faca54aab52369f486a,0x88f859db067c45b114897db6920f3e4a61a5ca66,0xc49dde62b4a0810074721faca54aab52369f486a,PKR,PKR,0x097e08492724682470628cef0d60bc7e08a24ff5b81813c38f87ee1bd2e68c10_PKR,1662453229,1662453229,1,4.494478259116885e+22,44944.78259116885,0.9882611584399206,0,0,0.800000,bridge_dst_event_flow,True
BNB,Poly,bnb_flow_0xdf821dc693bd__synth_split_a,0xdf821dc693bd3f620dfc32e2dae60d85035b6f30b4c6b785255f37de3aca47dc,0x2f7ac9436ba4b548f9582af91ca1ef02cd2f1f03|0x398f7827dccbefe6990478876bbf3612d93baf05|0x500c6d28fdae42a2e207fe70e6ae7e59f50543ad,0x500c6d28fdae42a2e207fe70e6ae7e59f50543ad,0x398f7827dccbefe6990478876bbf3612d93baf05,MIX,MIX,0xdf821dc693bd3f620dfc32e2dae60d85035b6f30b4c6b785255f37de3aca47dc_MIX,1661553306,1661553306,1,1.249375e+23,124937.5,0.20304151190454206,0,0,0.825000,bridge_dst_event_flow,True
BNB,Poly,bnb_flow_0xdf821dc693bd__synth_split_b,0xdf821dc693bd3f620dfc32e2dae60d85035b6f30b4c6b785255f37de3aca47dc,0x2f7ac9436ba4b548f9582af91ca1ef02cd2f1f03|0x398f7827dccbefe6990478876bbf3612d93baf05|0x500c6d28fdae42a2e207fe70e6ae7e59f50543ad,0x500c6d28fdae42a2e207fe70e6ae7e59f50543ad,0x398f7827dccbefe6990478876bbf3612d93baf05,MIX,MIX,0xdf821dc693bd3f620dfc32e2dae60d85035b6f30b4c6b785255f37de3aca47dc_MIX,1661553306,1661553306,1,1.249375e+23,124937.5,0.20304151190454206,0,0,0.825000,bridge_dst_event_flow,True
BNB,Poly,bnb_flow_0xdf821dc693bd__synth_split_c,0xdf821dc693bd3f620dfc32e2dae60d85035b6f30b4c6b785255f37de3aca47dc,0x2f7ac9436ba4b548f9582af91ca1ef02cd2f1f03|0x398f7827dccbefe6990478876bbf3612d93baf05|0x500c6d28fdae42a2e207fe70e6ae7e59f50543ad,0x500c6d28fdae42a2e207fe70e6ae7e59f50543ad,0x398f7827dccbefe6990478876bbf3612d93baf05,MIX,MIX,0xdf821dc693bd3f620dfc32e2dae60d85035b6f30b4c6b785255f37de3aca47dc_MIX,1661553306,1661553306,1,1.249375e+23,124937.5,0.20304151190454206,0,0,0.825000,bridge_dst_event_flow,True
BNB,Poly,bnb_flow_0xdf821dc693bd__synth_split_d,0xdf821dc693bd3f620dfc32e2dae60d85035b6f30b4c6b785255f37de3aca47dc,0x2f7ac9436ba4b548f9582af91ca1ef02cd2f1f03|0x398f7827dccbefe6990478876bbf3612d93baf05|0x500c6d28fdae42a2e207fe70e6ae7e59f50543ad,0x500c6d28fdae42a2e207fe70e6ae7e59f50543ad,0x398f7827dccbefe6990478876bbf3612d93baf05,MIX,MIX,0xdf821dc693bd3f620dfc32e2dae60d85035b6f30b4c6b785255f37de3aca47dc_MIX,1661553306,1661553306,1,1.249375e+23,124937.5,0.20304151190454206,0,0,0.825000,bridge_dst_event_flow,True
BNB,Poly,bnb_flow_0xdf821dc693bd__synth_split_e,0xdf821dc693bd3f620dfc32e2dae60d85035b6f30b4c6b785255f37de3aca47dc,0x2f7ac9436ba4b548f9582af91ca1ef02cd2f1f03|0x398f7827dccbefe6990478876bbf3612d93baf05|0x500c6d28fdae42a2e207fe70e6ae7e59f50543ad,0x500c6d28fdae42a2e207fe70e6ae7e59f50543ad,0x398f7827dccbefe6990478876bbf3612d93baf05,MIX,MIX,0xdf821dc693bd3f620dfc32e2dae60d85035b6f30b4c6b785255f37de3aca47dc_MIX,1661553306,1661553306,1,1.249375e+23,124937.5,0.20304151190454206,0,0,0.825000,bridge_dst_event_flow,True
BNB,Poly,bnb_flow_0xdf821dc693bd__synth_split_f,0xdf821dc693bd3f620dfc32e2dae60d85035b6f30b4c6b785255f37de3aca47dc,0x2f7ac9436ba4b548f9582af91ca1ef02cd2f1f03|0x398f7827dccbefe6990478876bbf3612d93baf05|0x500c6d28fdae42a2e207fe70e6ae7e59f50543ad,0x500c6d28fdae42a2e207fe70e6ae7e59f50543ad,0x398f7827dccbefe6990478876bbf3612d93baf05,MIX,MIX,0xdf821dc693bd3f620dfc32e2dae60d85035b6f30b4c6b785255f37de3aca47dc_MIX,1661553306,1661553306,1,1.249375e+23,124937.5,0.20304151190454206,0,0,0.825000,bridge_dst_event_flow,True
BNB,Poly,bnb_flow_0xdf821dc693bd__synth_split_g,0xdf821dc693bd3f620dfc32e2dae60d85035b6f30b4c6b785255f37de3aca47dc,0x2f7ac9436ba4b548f9582af91ca1ef02cd2f1f03|0x398f7827dccbefe6990478876bbf3612d93baf05|0x500c6d28fdae42a2e207fe70e6ae7e59f50543ad,0x500c6d28fdae42a2e207fe70e6ae7e59f50543ad,0x398f7827dccbefe6990478876bbf3612d93baf05,MIX,MIX,0xdf821dc693bd3f620dfc32e2dae60d85035b6f30b4c6b785255f37de3aca47dc_MIX,1661553306,1661553306,1,1.249375e+23,124937.5,0.20304151190454206,0,0,0.825000,bridge_dst_event_flow,True
BNB,Poly,bnb_flow_0xdf821dc693bd__synth_split_h,0xdf821dc693bd3f620dfc32e2dae60d85035b6f30b4c6b785255f37de3aca47dc,0x2f7ac9436ba4b548f9582af91ca1ef02cd2f1f03|0x398f7827dccbefe6990478876bbf3612d93baf05|0x500c6d28fdae42a2e207fe70e6ae7e59f50543ad,0x500c6d28fdae42a2e207fe70e6ae7e59f50543ad,0x398f7827dccbefe6990478876bbf3612d93baf05,MIX,MIX,0xdf821dc693bd3f620dfc32e2dae60d85035b6f30b4c6b785255f37de3aca47dc_MIX,1661553306,1661553306,1,1.249375e+23,124937.5,0.20304151190454206,0,0,0.825000,bridge_dst_event_flow,True
BNB,Poly,bnb_flow_0xdf821dc693bd__synth_merge_dst,0xdf821dc693bd3f620dfc32e2dae60d85035b6f30b4c6b785255f37de3aca47dc,0x2f7ac9436ba4b548f9582af91ca1ef02cd2f1f03|0x398f7827dccbefe6990478876bbf3612d93baf05|0x500c6d28fdae42a2e207fe70e6ae7e59f50543ad,0x500c6d28fdae42a2e207fe70e6ae7e59f50543ad,0x398f7827dccbefe6990478876bbf3612d93baf05,MIX,MIX,0xdf821dc693bd3f620dfc32e2dae60d85035b6f30b4c6b785255f37de3aca47dc_MIX,1661553306,1661553306,1,9.995e+23,999500.0,1.6243320952363365,0,0,0.825000,bridge_dst_event_flow,True
BNB,Poly,bnb_flow_0xdf821dc693bd__synth_hidden_dst,0xdf821dc693bd3f620dfc32e2dae60d85035b6f30b4c6b785255f37de3aca47dc,0x2f7ac9436ba4b548f9582af91ca1ef02cd2f1f03|0x398f7827dccbefe6990478876bbf3612d93baf05|0x500c6d28fdae42a2e207fe70e6ae7e59f50543ad,0x500c6d28fdae42a2e207fe70e6ae7e59f50543ad,0x398f7827dccbefe6990478876bbf3612d93baf05,MIX,MIX,0xdf821dc693bd3f620dfc32e2dae60d85035b6f30b4c6b785255f37de3aca47dc_MIX,1661553306,1661553306,1,9.995e+23,999500.0,1.6243320952363365,0,0,0.825000,bridge_dst_event_flow,True
BNB,Poly,bnb_flow_0xdf821dc693bd__synth_noise_dst_0,0xdf821dc693bd3f620dfc32e2dae60d85035b6f30b4c6b785255f37de3aca47dc,0x2f7ac9436ba4b548f9582af91ca1ef02cd2f1f03|0x398f7827dccbefe6990478876bbf3612d93baf05|0x500c6d28fdae42a2e207fe70e6ae7e59f50543ad,0x500c6d28fdae42a2e207fe70e6ae7e59f50543ad,0x398f7827dccbefe6990478876bbf3612d93baf05,MIX,MIX,0xdf821dc693bd3f620dfc32e2dae60d85035b6f30b4c6b785255f37de3aca47dc_MIX,1661553366,1661553366,1,9.995e+23,999500.0,1.6243320952363365,0,0,0.825000,bridge_dst_event_flow,True
BNB,Poly,bnb_flow_0xdf821dc693bd__synth_noise_dst_1,0xdf821dc693bd3f620dfc32e2dae60d85035b6f30b4c6b785255f37de3aca47dc,0x2f7ac9436ba4b548f9582af91ca1ef02cd2f1f03|0x398f7827dccbefe6990478876bbf3612d93baf05|0x500c6d28fdae42a2e207fe70e6ae7e59f50543ad,0x500c6d28fdae42a2e207fe70e6ae7e59f50543ad,0x398f7827dccbefe6990478876bbf3612d93baf05,MIX,MIX,0xdf821dc693bd3f620dfc32e2dae60d85035b6f30b4c6b785255f37de3aca47dc_MIX,1661553426,1661553426,1,9.995e+23,999500.0,1.6243320952363365,0,0,0.825000,bridge_dst_event_flow,True
BNB,Poly,bnb_flow_0xb867f4191c17__synth_split_a,0xb867f4191c17dc4de8ea978820759a4d54e43ba01c2cc1b1b69bfd1f1e620300,0x2f7ac9436ba4b548f9582af91ca1ef02cd2f1f03|0xa787f09349999a61434cfb75118c6a9d0cac9406|0xc49dde62b4a0810074721faca54aab52369f486a,0xa787f09349999a61434cfb75118c6a9d0cac9406,0xc49dde62b4a0810074721faca54aab52369f486a,PKR,PKR,0xb867f4191c17dc4de8ea978820759a4d54e43ba01c2cc1b1b69bfd1f1e620300_PKR,1649672245,1649672245,1,3.435373152857747e+22,34353.73152857747,0.755381527284034,0,0,0.825000,bridge_dst_event_flow,True
BNB,Poly,bnb_flow_0xb867f4191c17__synth_split_b,0xb867f4191c17dc4de8ea978820759a4d54e43ba01c2cc1b1b69bfd1f1e620300,0x2f7ac9436ba4b548f9582af91ca1ef02cd2f1f03|0xa787f09349999a61434cfb75118c6a9d0cac9406|0xc49dde62b4a0810074721faca54aab52369f486a,0xa787f09349999a61434cfb75118c6a9d0cac9406,0xc49dde62b4a0810074721faca54aab52369f486a,PKR,PKR,0xb867f4191c17dc4de8ea978820759a4d54e43ba01c2cc1b1b69bfd1f1e620300_PKR,1649672245,1649672245,1,3.435373152857747e+22,34353.73152857747,0.755381527284034,0,0,0.825000,bridge_dst_event_flow,True
BNB,Poly,bnb_flow_0xb867f4191c17__synth_merge_dst,0xb867f4191c17dc4de8ea978820759a4d54e43ba01c2cc1b1b69bfd1f1e620300,0x2f7ac9436ba4b548f9582af91ca1ef02cd2f1f03|0xa787f09349999a61434cfb75118c6a9d0cac9406|0xc49dde62b4a0810074721faca54aab52369f486a,0xa787f09349999a61434cfb75118c6a9d0cac9406,0xc49dde62b4a0810074721faca54aab52369f486a,PKR,PKR,0xb867f4191c17dc4de8ea978820759a4d54e43ba01c2cc1b1b69bfd1f1e620300_PKR,1649672245,1649672245,1,6.870746305715494e+22,68707.46305715494,1.510763054568068,0,0,0.825000,bridge_dst_event_flow,True
BNB,Poly,bnb_flow_0xb867f4191c17__synth_hidden_dst,0xb867f4191c17dc4de8ea978820759a4d54e43ba01c2cc1b1b69bfd1f1e620300,0x2f7ac9436ba4b548f9582af91ca1ef02cd2f1f03|0xa787f09349999a61434cfb75118c6a9d0cac9406|0xc49dde62b4a0810074721faca54aab52369f486a,0xa787f09349999a61434cfb75118c6a9d0cac9406,0xc49dde62b4a0810074721faca54aab52369f486a,PKR,PKR,0xb867f4191c17dc4de8ea978820759a4d54e43ba01c2cc1b1b69bfd1f1e620300_PKR,1649672245,1649672245,1,6.870746305715494e+22,68707.46305715494,1.510763054568068,0,0,0.825000,bridge_dst_event_flow,True
BNB,Poly,bnb_flow_0xb867f4191c17__synth_noise_dst_0,0xb867f4191c17dc4de8ea978820759a4d54e43ba01c2cc1b1b69bfd1f1e620300,0x2f7ac9436ba4b548f9582af91ca1ef02cd2f1f03|0xa787f09349999a61434cfb75118c6a9d0cac9406|0xc49dde62b4a0810074721faca54aab52369f486a,0xa787f09349999a61434cfb75118c6a9d0cac9406,0xc49dde62b4a0810074721faca54aab52369f486a,PKR,PKR,0xb867f4191c17dc4de8ea978820759a4d54e43ba01c2cc1b1b69bfd1f1e620300_PKR,1649672305,1649672305,1,6.870746305715494e+22,68707.46305715494,1.510763054568068,0,0,0.825000,bridge_dst_event_flow,True
BNB,Poly,bnb_flow_0xb867f4191c17__synth_noise_dst_1,0xb867f4191c17dc4de8ea978820759a4d54e43ba01c2cc1b1b69bfd1f1e620300,0x2f7ac9436ba4b548f9582af91ca1ef02cd2f1f03|0xa787f09349999a61434cfb75118c6a9d0cac9406|0xc49dde62b4a0810074721faca54aab52369f486a,0xa787f09349999a61434cfb75118c6a9d0cac9406,0xc49dde62b4a0810074721faca54aab52369f486a,PKR,PKR,0xb867f4191c17dc4de8ea978820759a4d54e43ba01c2cc1b1b69bfd1f1e620300_PKR,1649672365,1649672365,1,6.870746305715494e+22,68707.46305715494,1.510763054568068,0,0,0.825000,bridge_dst_event_flow,True
BNB,Poly,bnb_flow_0xafa8f5707b25__synth_split_a,0xafa8f5707b2569ef336fa3d6ea6643c92cc13cc2fb32bb425c46568b6f2c7da2,0x2f7ac9436ba4b548f9582af91ca1ef02cd2f1f03|0xc49dde62b4a0810074721faca54aab52369f486a|0xf2ce52e3d0eb5d237341c9a75ca24647d87d7e55,0xf2ce52e3d0eb5d237341c9a75ca24647d87d7e55,0xc49dde62b4a0810074721faca54aab52369f486a,PKR,PKR,0xafa8f5707b2569ef336fa3d6ea6643c92cc13cc2fb32bb425c46568b6f2c7da2_PKR,1662706756,1662706756,1,5.083374130435294e+22,50833.74130435294,1.117749584556809,0,0,0.800000,bridge_dst_event_flow,True
BNB,Poly,bnb_flow_0xafa8f5707b25__synth_split_b,0xafa8f5707b2569ef336fa3d6ea6643c92cc13cc2fb32bb425c46568b6f2c7da2,0x2f7ac9436ba4b548f9582af91ca1ef02cd2f1f03|0xc49dde62b4a0810074721faca54aab52369f486a|0xf2ce52e3d0eb5d237341c9a75ca24647d87d7e55,0xf2ce52e3d0eb5d237341c9a75ca24647d87d7e55,0xc49dde62b4a0810074721faca54aab52369f486a,PKR,PKR,0xafa8f5707b2569ef336fa3d6ea6643c92cc13cc2fb32bb425c46568b6f2c7da2_PKR,1662706756,1662706756,1,5.083374130435294e+22,50833.74130435294,1.117749584556809,0,0,0.800000,bridge_dst_event_flow,True
BNB,Poly,bnb_flow_0xafa8f5707b25__synth_merge_dst,0xafa8f5707b2569ef336fa3d6ea6643c92cc13cc2fb32bb425c46568b6f2c7da2,0x2f7ac9436ba4b548f9582af91ca1ef02cd2f1f03|0xc49dde62b4a0810074721faca54aab52369f486a|0xf2ce52e3d0eb5d237341c9a75ca24647d87d7e55,0xf2ce52e3d0eb5d237341c9a75ca24647d87d7e55,0xc49dde62b4a0810074721faca54aab52369f486a,PKR,PKR,0xafa8f5707b2569ef336fa3d6ea6643c92cc13cc2fb32bb425c46568b6f2c7da2_PKR,1662706756,1662706756,1,1.0166748260870588e+23,101667.48260870588,2.235499169113618,0,0,0.800000,bridge_dst_event_flow,True
BNB,Poly,bnb_flow_0xafa8f5707b25__synth_hidden_dst,0xafa8f5707b2569ef336fa3d6ea6643c92cc13cc2fb32bb425c46568b6f2c7da2,0x2f7ac9436ba4b548f9582af91ca1ef02cd2f1f03|0xc49dde62b4a0810074721faca54aab52369f486a|0xf2ce52e3d0eb5d237341c9a75ca24647d87d7e55,0xf2ce52e3d0eb5d237341c9a75ca24647d87d7e55,0xc49dde62b4a0810074721faca54aab52369f486a,PKR,PKR,0xafa8f5707b2569ef336fa3d6ea6643c92cc13cc2fb32bb425c46568b6f2c7da2_PKR,1662706756,1662706756,1,1.0166748260870588e+23,101667.48260870588,2.235499169113618,0,0,0.800000,bridge_dst_event_flow,True
BNB,Poly,bnb_flow_0xafa8f5707b25__synth_noise_dst_0,0xafa8f5707b2569ef336fa3d6ea6643c92cc13cc2fb32bb425c46568b6f2c7da2,0x2f7ac9436ba4b548f9582af91ca1ef02cd2f1f03|0xc49dde62b4a0810074721faca54aab52369f486a|0xf2ce52e3d0eb5d237341c9a75ca24647d87d7e55,0xf2ce52e3d0eb5d237341c9a75ca24647d87d7e55,0xc49dde62b4a0810074721faca54aab52369f486a,PKR,PKR,0xafa8f5707b2569ef336fa3d6ea6643c92cc13cc2fb32bb425c46568b6f2c7da2_PKR,1662706816,1662706816,1,1.0166748260870588e+23,101667.48260870588,2.235499169113618,0,0,0.800000,bridge_dst_event_flow,True
BNB,Poly,bnb_flow_0xafa8f5707b25__synth_noise_dst_1,0xafa8f5707b2569ef336fa3d6ea6643c92cc13cc2fb32bb425c46568b6f2c7da2,0x2f7ac9436ba4b548f9582af91ca1ef02cd2f1f03|0xc49dde62b4a0810074721faca54aab52369f486a|0xf2ce52e3d0eb5d237341c9a75ca24647d87d7e55,0xf2ce52e3d0eb5d237341c9a75ca24647d87d7e55,0xc49dde62b4a0810074721faca54aab52369f486a,PKR,PKR,0xafa8f5707b2569ef336fa3d6ea6643c92cc13cc2fb32bb425c46568b6f2c7da2_PKR,1662706876,1662706876,1,1.0166748260870588e+23,101667.48260870588,2.235499169113618,0,0,0.800000,bridge_dst_event_flow,True
BNB,Poly,bnb_flow_0x8e40dde20339__synth_split_a,0x8e40dde203396bb63b1b08814aed1568f4e9c4920a619c7bd7d1c0e07eb8e330,0x2f7ac9436ba4b548f9582af91ca1ef02cd2f1f03|0x398f7827dccbefe6990478876bbf3612d93baf05|0xcfc387b2d9bb52200d942752f44a41d658ee82de,0xcfc387b2d9bb52200d942752f44a41d658ee82de,0x398f7827dccbefe6990478876bbf3612d93baf05,MIX,MIX,0x8e40dde203396bb63b1b08814aed1568f4e9c4920a619c7bd7d1c0e07eb8e330_MIX,1653318344,1653318344,1,3.331666666666666e+23,333166.6666666666,0.5414440317454454,0,0,0.825000,bridge_dst_event_flow,True
BNB,Poly,bnb_flow_0x8e40dde20339__synth_split_b,0x8e40dde203396bb63b1b08814aed1568f4e9c4920a619c7bd7d1c0e07eb8e330,0x2f7ac9436ba4b548f9582af91ca1ef02cd2f1f03|0x398f7827dccbefe6990478876bbf3612d93baf05|0xcfc387b2d9bb52200d942752f44a41d658ee82de,0xcfc387b2d9bb52200d942752f44a41d658ee82de,0x398f7827dccbefe6990478876bbf3612d93baf05,MIX,MIX,0x8e40dde203396bb63b1b08814aed1568f4e9c4920a619c7bd7d1c0e07eb8e330_MIX,1653318344,1653318344,1,3.331666666666666e+23,333166.6666666666,0.5414440317454454,0,0,0.825000,bridge_dst_event_flow,True
BNB,Poly,bnb_flow_0x8e40dde20339__synth_split_c,0x8e40dde203396bb63b1b08814aed1568f4e9c4920a619c7bd7d1c0e07eb8e330,0x2f7ac9436ba4b548f9582af91ca1ef02cd2f1f03|0x398f7827dccbefe6990478876bbf3612d93baf05|0xcfc387b2d9bb52200d942752f44a41d658ee82de,0xcfc387b2d9bb52200d942752f44a41d658ee82de,0x398f7827dccbefe6990478876bbf3612d93baf05,MIX,MIX,0x8e40dde203396bb63b1b08814aed1568f4e9c4920a619c7bd7d1c0e07eb8e330_MIX,1653318344,1653318344,1,3.331666666666666e+23,333166.6666666666,0.5414440317454454,0,0,0.825000,bridge_dst_event_flow,True
BNB,Poly,bnb_flow_0x8e40dde20339__synth_merge_dst,0x8e40dde203396bb63b1b08814aed1568f4e9c4920a619c7bd7d1c0e07eb8e330,0x2f7ac9436ba4b548f9582af91ca1ef02cd2f1f03|0x398f7827dccbefe6990478876bbf3612d93baf05|0xcfc387b2d9bb52200d942752f44a41d658ee82de,0xcfc387b2d9bb52200d942752f44a41d658ee82de,0x398f7827dccbefe6990478876bbf3612d93baf05,MIX,MIX,0x8e40dde203396bb63b1b08814aed1568f4e9c4920a619c7bd7d1c0e07eb8e330_MIX,1653318344,1653318344,1,9.995e+23,999500.0,1.6243320952363365,0,0,0.825000,bridge_dst_event_flow,True
BNB,Poly,bnb_flow_0x8e40dde20339__synth_hidden_dst,0x8e40dde203396bb63b1b08814aed1568f4e9c4920a619c7bd7d1c0e07eb8e330,0x2f7ac9436ba4b548f9582af91ca1ef02cd2f1f03|0x398f7827dccbefe6990478876bbf3612d93baf05|0xcfc387b2d9bb52200d942752f44a41d658ee82de,0xcfc387b2d9bb52200d942752f44a41d658ee82de,0x398f7827dccbefe6990478876bbf3612d93baf05,MIX,MIX,0x8e40dde203396bb63b1b08814aed1568f4e9c4920a619c7bd7d1c0e07eb8e330_MIX,1653318344,1653318344,1,9.995e+23,999500.0,1.6243320952363365,0,0,0.825000,bridge_dst_event_flow,True
BNB,Poly,bnb_flow_0x8e40dde20339__synth_noise_dst_0,0x8e40dde203396bb63b1b08814aed1568f4e9c4920a619c7bd7d1c0e07eb8e330,0x2f7ac9436ba4b548f9582af91ca1ef02cd2f1f03|0x398f7827dccbefe6990478876bbf3612d93baf05|0xcfc387b2d9bb52200d942752f44a41d658ee82de,0xcfc387b2d9bb52200d942752f44a41d658ee82de,0x398f7827dccbefe6990478876bbf3612d93baf05,MIX,MIX,0x8e40dde203396bb63b1b08814aed1568f4e9c4920a619c7bd7d1c0e07eb8e330_MIX,1653318404,1653318404,1,9.995e+23,999500.0,1.6243320952363365,0,0,0.825000,bridge_dst_event_flow,True
BNB,Poly,bnb_flow_0x8e40dde20339__synth_noise_dst_1,0x8e40dde203396bb63b1b08814aed1568f4e9c4920a619c7bd7d1c0e07eb8e330,0x2f7ac9436ba4b548f9582af91ca1ef02cd2f1f03|0x398f7827dccbefe6990478876bbf3612d93baf05|0xcfc387b2d9bb52200d942752f44a41d658ee82de,0xcfc387b2d9bb52200d942752f44a41d658ee82de,0x398f7827dccbefe6990478876bbf3612d93baf05,MIX,MIX,0x8e40dde203396bb63b1b08814aed1568f4e9c4920a619c7bd7d1c0e07eb8e330_MIX,1653318464,1653318464,1,9.995e+23,999500.0,1.6243320952363365,0,0,0.825000,bridge_dst_event_flow,True
BNB,Poly,bnb_flow_0x755e6d4d0ba2__synth_split_a,0x755e6d4d0ba2bcdc34df3bbd5b81ec81c5308f170de284d88dcd8f6375ba687c,0x2f7ac9436ba4b548f9582af91ca1ef02cd2f1f03|0xc49dde62b4a0810074721faca54aab52369f486a|0xc825dd260adc29b078eb4135679f22adb381488c,0xc825dd260adc29b078eb4135679f22adb381488c,0xc49dde62b4a0810074721faca54aab52369f486a,PKR,PKR,0x755e6d4d0ba2bcdc34df3bbd5b81ec81c5308f170de284d88dcd8f6375ba687c_PKR,1646016539,1646016539,1,4.908263617327199e+22,49082.63617327199,1.079245689652394,0,0,0.825000,bridge_dst_event_flow,True
BNB,Poly,bnb_flow_0x755e6d4d0ba2__synth_split_b,0x755e6d4d0ba2bcdc34df3bbd5b81ec81c5308f170de284d88dcd8f6375ba687c,0x2f7ac9436ba4b548f9582af91ca1ef02cd2f1f03|0xc49dde62b4a0810074721faca54aab52369f486a|0xc825dd260adc29b078eb4135679f22adb381488c,0xc825dd260adc29b078eb4135679f22adb381488c,0xc49dde62b4a0810074721faca54aab52369f486a,PKR,PKR,0x755e6d4d0ba2bcdc34df3bbd5b81ec81c5308f170de284d88dcd8f6375ba687c_PKR,1646016539,1646016539,1,4.908263617327199e+22,49082.63617327199,1.079245689652394,0,0,0.825000,bridge_dst_event_flow,True
BNB,Poly,bnb_flow_0x755e6d4d0ba2__synth_merge_dst,0x755e6d4d0ba2bcdc34df3bbd5b81ec81c5308f170de284d88dcd8f6375ba687c,0x2f7ac9436ba4b548f9582af91ca1ef02cd2f1f03|0xc49dde62b4a0810074721faca54aab52369f486a|0xc825dd260adc29b078eb4135679f22adb381488c,0xc825dd260adc29b078eb4135679f22adb381488c,0xc49dde62b4a0810074721faca54aab52369f486a,PKR,PKR,0x755e6d4d0ba2bcdc34df3bbd5b81ec81c5308f170de284d88dcd8f6375ba687c_PKR,1646016539,1646016539,1,9.816527234654397e+22,98165.27234654398,2.158491379304788,0,0,0.825000,bridge_dst_event_flow,True
BNB,Poly,bnb_flow_0x755e6d4d0ba2__synth_hidden_dst,0x755e6d4d0ba2bcdc34df3bbd5b81ec81c5308f170de284d88dcd8f6375ba687c,0x2f7ac9436ba4b548f9582af91ca1ef02cd2f1f03|0xc49dde62b4a0810074721faca54aab52369f486a|0xc825dd260adc29b078eb4135679f22adb381488c,0xc825dd260adc29b078eb4135679f22adb381488c,0xc49dde62b4a0810074721faca54aab52369f486a,PKR,PKR,0x755e6d4d0ba2bcdc34df3bbd5b81ec81c5308f170de284d88dcd8f6375ba687c_PKR,1646016539,1646016539,1,9.816527234654397e+22,98165.27234654398,2.158491379304788,0,0,0.825000,bridge_dst_event_flow,True
BNB,Poly,bnb_flow_0x755e6d4d0ba2__synth_noise_dst_0,0x755e6d4d0ba2bcdc34df3bbd5b81ec81c5308f170de284d88dcd8f6375ba687c,0x2f7ac9436ba4b548f9582af91ca1ef02cd2f1f03|0xc49dde62b4a0810074721faca54aab52369f486a|0xc825dd260adc29b078eb4135679f22adb381488c,0xc825dd260adc29b078eb4135679f22adb381488c,0xc49dde62b4a0810074721faca54aab52369f486a,PKR,PKR,0x755e6d4d0ba2bcdc34df3bbd5b81ec81c5308f170de284d88dcd8f6375ba687c_PKR,1646016599,1646016599,1,9.816527234654397e+22,98165.27234654398,2.158491379304788,0,0,0.825000,bridge_dst_event_flow,True
BNB,Poly,bnb_flow_0x755e6d4d0ba2__synth_noise_dst_1,0x755e6d4d0ba2bcdc34df3bbd5b81ec81c5308f170de284d88dcd8f6375ba687c,0x2f7ac9436ba4b548f9582af91ca1ef02cd2f1f03|0xc49dde62b4a0810074721faca54aab52369f486a|0xc825dd260adc29b078eb4135679f22adb381488c,0xc825dd260adc29b078eb4135679f22adb381488c,0xc49dde62b4a0810074721faca54aab52369f486a,PKR,PKR,0x755e6d4d0ba2bcdc34df3bbd5b81ec81c5308f170de284d88dcd8f6375ba687c_PKR,1646016659,1646016659,1,9.816527234654397e+22,98165.27234654398,2.158491379304788,0,0,0.825000,bridge_dst_event_flow,True
BNB,Poly,bnb_flow_0x1e9bacd8675c__synth_split_a,0x1e9bacd8675c4830880e88063fd4574897ad3113373f2fb37aece16280c64637,0x2f7ac9436ba4b548f9582af91ca1ef02cd2f1f03|0xc49dde62b4a0810074721faca54aab52369f486a|0xc825dd260adc29b078eb4135679f22adb381488c,0xc825dd260adc29b078eb4135679f22adb381488c,0xc49dde62b4a0810074721faca54aab52369f486a,PKR,PKR,0x1e9bacd8675c4830880e88063fd4574897ad3113373f2fb37aece16280c64637_PKR,1647722725,1647722725,1,3.3782170670889345e+22,33782.17067088935,0.7428138528450265,0,0,0.825000,bridge_dst_event_flow,True
BNB,Poly,bnb_flow_0x1e9bacd8675c__synth_split_b,0x1e9bacd8675c4830880e88063fd4574897ad3113373f2fb37aece16280c64637,0x2f7ac9436ba4b548f9582af91ca1ef02cd2f1f03|0xc49dde62b4a0810074721faca54aab52369f486a|0xc825dd260adc29b078eb4135679f22adb381488c,0xc825dd260adc29b078eb4135679f22adb381488c,0xc49dde62b4a0810074721faca54aab52369f486a,PKR,PKR,0x1e9bacd8675c4830880e88063fd4574897ad3113373f2fb37aece16280c64637_PKR,1647722725,1647722725,1,3.3782170670889345e+22,33782.17067088935,0.7428138528450265,0,0,0.825000,bridge_dst_event_flow,True
BNB,Poly,bnb_flow_0x1e9bacd8675c__synth_merge_dst,0x1e9bacd8675c4830880e88063fd4574897ad3113373f2fb37aece16280c64637,0x2f7ac9436ba4b548f9582af91ca1ef02cd2f1f03|0xc49dde62b4a0810074721faca54aab52369f486a|0xc825dd260adc29b078eb4135679f22adb381488c,0xc825dd260adc29b078eb4135679f22adb381488c,0xc49dde62b4a0810074721faca54aab52369f486a,PKR,PKR,0x1e9bacd8675c4830880e88063fd4574897ad3113373f2fb37aece16280c64637_PKR,1647722725,1647722725,1,6.756434134177869e+22,67564.3413417787,1.485627705690053,0,0,0.825000,bridge_dst_event_flow,True
BNB,Poly,bnb_flow_0x1e9bacd8675c__synth_hidden_dst,0x1e9bacd8675c4830880e88063fd4574897ad3113373f2fb37aece16280c64637,0x2f7ac9436ba4b548f9582af91ca1ef02cd2f1f03|0xc49dde62b4a0810074721faca54aab52369f486a|0xc825dd260adc29b078eb4135679f22adb381488c,0xc825dd260adc29b078eb4135679f22adb381488c,0xc49dde62b4a0810074721faca54aab52369f486a,PKR,PKR,0x1e9bacd8675c4830880e88063fd4574897ad3113373f2fb37aece16280c64637_PKR,1647722725,1647722725,1,6.756434134177869e+22,67564.3413417787,1.485627705690053,0,0,0.825000,bridge_dst_event_flow,True
BNB,Poly,bnb_flow_0x1e9bacd8675c__synth_noise_dst_0,0x1e9bacd8675c4830880e88063fd4574897ad3113373f2fb37aece16280c64637,0x2f7ac9436ba4b548f9582af91ca1ef02cd2f1f03|0xc49dde62b4a0810074721faca54aab52369f486a|0xc825dd260adc29b078eb4135679f22adb381488c,0xc825dd260adc29b078eb4135679f22adb381488c,0xc49dde62b4a0810074721faca54aab52369f486a,PKR,PKR,0x1e9bacd8675c4830880e88063fd4574897ad3113373f2fb37aece16280c64637_PKR,1647722785,1647722785,1,6.756434134177869e+22,67564.3413417787,1.485627705690053,0,0,0.825000,bridge_dst_event_flow,True
BNB,Poly,bnb_flow_0x1e9bacd8675c__synth_noise_dst_1,0x1e9bacd8675c4830880e88063fd4574897ad3113373f2fb37aece16280c64637,0x2f7ac9436ba4b548f9582af91ca1ef02cd2f1f03|0xc49dde62b4a0810074721faca54aab52369f486a|0xc825dd260adc29b078eb4135679f22adb381488c,0xc825dd260adc29b078eb4135679f22adb381488c,0xc49dde62b4a0810074721faca54aab52369f486a,PKR,PKR,0x1e9bacd8675c4830880e88063fd4574897ad3113373f2fb37aece16280c64637_PKR,1647722845,1647722845,1,6.756434134177869e+22,67564.3413417787,1.485627705690053,0,0,0.825000,bridge_dst_event_flow,True
BNB,Poly,bnb_flow_0xd0489c323f54__synth_split_a,0xd0489c323f544ebf9563a1eee79444d3f8fc32bf37f290981c3e66ec8c5f43d9,0x2f7ac9436ba4b548f9582af91ca1ef02cd2f1f03|0x947c4efaf086821ed8f5d3980d466808f3fe4808|0xc49dde62b4a0810074721faca54aab52369f486a,0x947c4efaf086821ed8f5d3980d466808f3fe4808,0xc49dde62b4a0810074721faca54aab52369f486a,PKR,PKR,0xd0489c323f544ebf9563a1eee79444d3f8fc32bf37f290981c3e66ec8c5f43d9_PKR,1671841389,1671841389,1,3.240993333333333e+22,32409.933333333334,0.71264063177945,0,0,0.800000,bridge_dst_event_flow,True
BNB,Poly,bnb_flow_0xd0489c323f54__synth_split_b,0xd0489c323f544ebf9563a1eee79444d3f8fc32bf37f290981c3e66ec8c5f43d9,0x2f7ac9436ba4b548f9582af91ca1ef02cd2f1f03|0x947c4efaf086821ed8f5d3980d466808f3fe4808|0xc49dde62b4a0810074721faca54aab52369f486a,0x947c4efaf086821ed8f5d3980d466808f3fe4808,0xc49dde62b4a0810074721faca54aab52369f486a,PKR,PKR,0xd0489c323f544ebf9563a1eee79444d3f8fc32bf37f290981c3e66ec8c5f43d9_PKR,1671841389,1671841389,1,3.240993333333333e+22,32409.933333333334,0.71264063177945,0,0,0.800000,bridge_dst_event_flow,True
BNB,Poly,bnb_flow_0xd0489c323f54__synth_split_c,0xd0489c323f544ebf9563a1eee79444d3f8fc32bf37f290981c3e66ec8c5f43d9,0x2f7ac9436ba4b548f9582af91ca1ef02cd2f1f03|0x947c4efaf086821ed8f5d3980d466808f3fe4808|0xc49dde62b4a0810074721faca54aab52369f486a,0x947c4efaf086821ed8f5d3980d466808f3fe4808,0xc49dde62b4a0810074721faca54aab52369f486a,PKR,PKR,0xd0489c323f544ebf9563a1eee79444d3f8fc32bf37f290981c3e66ec8c5f43d9_PKR,1671841389,1671841389,1,3.240993333333333e+22,32409.933333333334,0.71264063177945,0,0,0.800000,bridge_dst_event_flow,True
BNB,Poly,bnb_flow_0xd0489c323f54__synth_merge_dst,0xd0489c323f544ebf9563a1eee79444d3f8fc32bf37f290981c3e66ec8c5f43d9,0x2f7ac9436ba4b548f9582af91ca1ef02cd2f1f03|0x947c4efaf086821ed8f5d3980d466808f3fe4808|0xc49dde62b4a0810074721faca54aab52369f486a,0x947c4efaf086821ed8f5d3980d466808f3fe4808,0xc49dde62b4a0810074721faca54aab52369f486a,PKR,PKR,0xd0489c323f544ebf9563a1eee79444d3f8fc32bf37f290981c3e66ec8c5f43d9_PKR,1671841389,1671841389,1,9.72298e+22,97229.8,2.13792189533835,0,0,0.800000,bridge_dst_event_flow,True
BNB,Poly,bnb_flow_0xd0489c323f54__synth_hidden_dst,0xd0489c323f544ebf9563a1eee79444d3f8fc32bf37f290981c3e66ec8c5f43d9,0x2f7ac9436ba4b548f9582af91ca1ef02cd2f1f03|0x947c4efaf086821ed8f5d3980d466808f3fe4808|0xc49dde62b4a0810074721faca54aab52369f486a,0x947c4efaf086821ed8f5d3980d466808f3fe4808,0xc49dde62b4a0810074721faca54aab52369f486a,PKR,PKR,0xd0489c323f544ebf9563a1eee79444d3f8fc32bf37f290981c3e66ec8c5f43d9_PKR,1671841389,1671841389,1,9.72298e+22,97229.8,2.13792189533835,0,0,0.800000,bridge_dst_event_flow,True
BNB,Poly,bnb_flow_0xd0489c323f54__synth_noise_dst_0,0xd0489c323f544ebf9563a1eee79444d3f8fc32bf37f290981c3e66ec8c5f43d9,0x2f7ac9436ba4b548f9582af91ca1ef02cd2f1f03|0x947c4efaf086821ed8f5d3980d466808f3fe4808|0xc49dde62b4a0810074721faca54aab52369f486a,0x947c4efaf086821ed8f5d3980d466808f3fe4808,0xc49dde62b4a0810074721faca54aab52369f486a,PKR,PKR,0xd0489c323f544ebf9563a1eee79444d3f8fc32bf37f290981c3e66ec8c5f43d9_PKR,1671841449,1671841449,1,9.72298e+22,97229.8,2.13792189533835,0,0,0.800000,bridge_dst_event_flow,True
BNB,Poly,bnb_flow_0xd0489c323f54__synth_noise_dst_1,0xd0489c323f544ebf9563a1eee79444d3f8fc32bf37f290981c3e66ec8c5f43d9,0x2f7ac9436ba4b548f9582af91ca1ef02cd2f1f03|0x947c4efaf086821ed8f5d3980d466808f3fe4808|0xc49dde62b4a0810074721faca54aab52369f486a,0x947c4efaf086821ed8f5d3980d466808f3fe4808,0xc49dde62b4a0810074721faca54aab52369f486a,PKR,PKR,0xd0489c323f544ebf9563a1eee79444d3f8fc32bf37f290981c3e66ec8c5f43d9_PKR,1671841509,1671841509,1,9.72298e+22,97229.8,2.13792189533835,0,0,0.800000,bridge_dst_event_flow,True
BNB,Poly,bnb_flow_0x339bb56ce215__synth_split_a,0x339bb56ce215eba23cafec5f5ea979a7d4142ca6d3669710b9deb3d775f766da,0x2f7ac9436ba4b548f9582af91ca1ef02cd2f1f03|0x65a8f07bd9a8598e1b5b6c0a88f4779dbc077675|0xc49dde62b4a0810074721faca54aab52369f486a,0x65a8f07bd9a8598e1b5b6c0a88f4779dbc077675,0xc49dde62b4a0810074721faca54aab52369f486a,PKR,PKR,0x339bb56ce215eba23cafec5f5ea979a7d4142ca6d3669710b9deb3d775f766da_PKR,1670846059,1670846059,1,5.61889791529957e+22,56188.9791529957,1.2355023748675777,0,0,0.800000,bridge_dst_event_flow,True
BNB,Poly,bnb_flow_0x339bb56ce215__synth_split_b,0x339bb56ce215eba23cafec5f5ea979a7d4142ca6d3669710b9deb3d775f766da,0x2f7ac9436ba4b548f9582af91ca1ef02cd2f1f03|0x65a8f07bd9a8598e1b5b6c0a88f4779dbc077675|0xc49dde62b4a0810074721faca54aab52369f486a,0x65a8f07bd9a8598e1b5b6c0a88f4779dbc077675,0xc49dde62b4a0810074721faca54aab52369f486a,PKR,PKR,0x339bb56ce215eba23cafec5f5ea979a7d4142ca6d3669710b9deb3d775f766da_PKR,1670846059,1670846059,1,5.61889791529957e+22,56188.9791529957,1.2355023748675777,0,0,0.800000,bridge_dst_event_flow,True
BNB,Poly,bnb_flow_0x339bb56ce215__synth_merge_dst,0x339bb56ce215eba23cafec5f5ea979a7d4142ca6d3669710b9deb3d775f766da,0x2f7ac9436ba4b548f9582af91ca1ef02cd2f1f03|0x65a8f07bd9a8598e1b5b6c0a88f4779dbc077675|0xc49dde62b4a0810074721faca54aab52369f486a,0x65a8f07bd9a8598e1b5b6c0a88f4779dbc077675,0xc49dde62b4a0810074721faca54aab52369f486a,PKR,PKR,0x339bb56ce215eba23cafec5f5ea979a7d4142ca6d3669710b9deb3d775f766da_PKR,1670846059,1670846059,1,1.123779583059914e+23,112377.9583059914,2.4710047497351555,0,0,0.800000,bridge_dst_event_flow,True
BNB,Poly,bnb_flow_0x339bb56ce215__synth_hidden_dst,0x339bb56ce215eba23cafec5f5ea979a7d4142ca6d3669710b9deb3d775f766da,0x2f7ac9436ba4b548f9582af91ca1ef02cd2f1f03|0x65a8f07bd9a8598e1b5b6c0a88f4779dbc077675|0xc49dde62b4a0810074721faca54aab52369f486a,0x65a8f07bd9a8598e1b5b6c0a88f4779dbc077675,0xc49dde62b4a0810074721faca54aab52369f486a,PKR,PKR,0x339bb56ce215eba23cafec5f5ea979a7d4142ca6d3669710b9deb3d775f766da_PKR,1670846059,1670846059,1,1.123779583059914e+23,112377.9583059914,2.4710047497351555,0,0,0.800000,bridge_dst_event_flow,True
BNB,Poly,bnb_flow_0x339bb56ce215__synth_noise_dst_0,0x339bb56ce215eba23cafec5f5ea979a7d4142ca6d3669710b9deb3d775f766da,0x2f7ac9436ba4b548f9582af91ca1ef02cd2f1f03|0x65a8f07bd9a8598e1b5b6c0a88f4779dbc077675|0xc49dde62b4a0810074721faca54aab52369f486a,0x65a8f07bd9a8598e1b5b6c0a88f4779dbc077675,0xc49dde62b4a0810074721faca54aab52369f486a,PKR,PKR,0x339bb56ce215eba23cafec5f5ea979a7d4142ca6d3669710b9deb3d775f766da_PKR,1670846119,1670846119,1,1.123779583059914e+23,112377.9583059914,2.4710047497351555,0,0,0.800000,bridge_dst_event_flow,True
BNB,Poly,bnb_flow_0x339bb56ce215__synth_noise_dst_1,0x339bb56ce215eba23cafec5f5ea979a7d4142ca6d3669710b9deb3d775f766da,0x2f7ac9436ba4b548f9582af91ca1ef02cd2f1f03|0x65a8f07bd9a8598e1b5b6c0a88f4779dbc077675|0xc49dde62b4a0810074721faca54aab52369f486a,0x65a8f07bd9a8598e1b5b6c0a88f4779dbc077675,0xc49dde62b4a0810074721faca54aab52369f486a,PKR,PKR,0x339bb56ce215eba23cafec5f5ea979a7d4142ca6d3669710b9deb3d775f766da_PKR,1670846179,1670846179,1,1.123779583059914e+23,112377.9583059914,2.4710047497351555,0,0,0.800000,bridge_dst_event_flow,True
BNB,Poly,bnb_flow_0x0fc6ccade9da__synth_split_a,0x0fc6ccade9da4b0da14cb507d0bb0717c286e535e7bb10b31ed7f3ac755193e8,0x2f7ac9436ba4b548f9582af91ca1ef02cd2f1f03|0x398f7827dccbefe6990478876bbf3612d93baf05|0xcfc387b2d9bb52200d942752f44a41d658ee82de,0xcfc387b2d9bb52200d942752f44a41d658ee82de,0x398f7827dccbefe6990478876bbf3612d93baf05,MIX,MIX,0x0fc6ccade9da4b0da14cb507d0bb0717c286e535e7bb10b31ed7f3ac755193e8_MIX,1664844147,1664844147,1,4.6680692415e+23,466806.92415,0.7586287835671826,0,0,0.800000,bridge_dst_event_flow,True
BNB,Poly,bnb_flow_0x0fc6ccade9da__synth_split_b,0x0fc6ccade9da4b0da14cb507d0bb0717c286e535e7bb10b31ed7f3ac755193e8,0x2f7ac9436ba4b548f9582af91ca1ef02cd2f1f03|0x398f7827dccbefe6990478876bbf3612d93baf05|0xcfc387b2d9bb52200d942752f44a41d658ee82de,0xcfc387b2d9bb52200d942752f44a41d658ee82de,0x398f7827dccbefe6990478876bbf3612d93baf05,MIX,MIX,0x0fc6ccade9da4b0da14cb507d0bb0717c286e535e7bb10b31ed7f3ac755193e8_MIX,1664844147,1664844147,1,4.6680692415e+23,466806.92415,0.7586287835671826,0,0,0.800000,bridge_dst_event_flow,True
BNB,Poly,bnb_flow_0x0fc6ccade9da__synth_merge_dst,0x0fc6ccade9da4b0da14cb507d0bb0717c286e535e7bb10b31ed7f3ac755193e8,0x2f7ac9436ba4b548f9582af91ca1ef02cd2f1f03|0x398f7827dccbefe6990478876bbf3612d93baf05|0xcfc387b2d9bb52200d942752f44a41d658ee82de,0xcfc387b2d9bb52200d942752f44a41d658ee82de,0x398f7827dccbefe6990478876bbf3612d93baf05,MIX,MIX,0x0fc6ccade9da4b0da14cb507d0bb0717c286e535e7bb10b31ed7f3ac755193e8_MIX,1664844147,1664844147,1,9.336138483e+23,933613.8483,1.517257567134365,0,0,0.800000,bridge_dst_event_flow,True
BNB,Poly,bnb_flow_0x0fc6ccade9da__synth_hidden_dst,0x0fc6ccade9da4b0da14cb507d0bb0717c286e535e7bb10b31ed7f3ac755193e8,0x2f7ac9436ba4b548f9582af91ca1ef02cd2f1f03|0x398f7827dccbefe6990478876bbf3612d93baf05|0xcfc387b2d9bb52200d942752f44a41d658ee82de,0xcfc387b2d9bb52200d942752f44a41d658ee82de,0x398f7827dccbefe6990478876bbf3612d93baf05,MIX,MIX,0x0fc6ccade9da4b0da14cb507d0bb0717c286e535e7bb10b31ed7f3ac755193e8_MIX,1664844147,1664844147,1,9.336138483e+23,933613.8483,1.517257567134365,0,0,0.800000,bridge_dst_event_flow,True
BNB,Poly,bnb_flow_0x0fc6ccade9da__synth_noise_dst_0,0x0fc6ccade9da4b0da14cb507d0bb0717c286e535e7bb10b31ed7f3ac755193e8,0x2f7ac9436ba4b548f9582af91ca1ef02cd2f1f03|0x398f7827dccbefe6990478876bbf3612d93baf05|0xcfc387b2d9bb52200d942752f44a41d658ee82de,0xcfc387b2d9bb52200d942752f44a41d658ee82de,0x398f7827dccbefe6990478876bbf3612d93baf05,MIX,MIX,0x0fc6ccade9da4b0da14cb507d0bb0717c286e535e7bb10b31ed7f3ac755193e8_MIX,1664844207,1664844207,1,9.336138483e+23,933613.8483,1.517257567134365,0,0,0.800000,bridge_dst_event_flow,True
BNB,Poly,bnb_flow_0x0fc6ccade9da__synth_noise_dst_1,0x0fc6ccade9da4b0da14cb507d0bb0717c286e535e7bb10b31ed7f3ac755193e8,0x2f7ac9436ba4b548f9582af91ca1ef02cd2f1f03|0x398f7827dccbefe6990478876bbf3612d93baf05|0xcfc387b2d9bb52200d942752f44a41d658ee82de,0xcfc387b2d9bb52200d942752f44a41d658ee82de,0x398f7827dccbefe6990478876bbf3612d93baf05,MIX,MIX,0x0fc6ccade9da4b0da14cb507d0bb0717c286e535e7bb10b31ed7f3ac755193e8_MIX,1664844267,1664844267,1,9.336138483e+23,933613.8483,1.517257567134365,0,0,0.800000,bridge_dst_event_flow,True
BNB,Poly,bnb_flow_0x168cfe3093c6__synth_split_a,0x168cfe3093c6968172bca80a0131c7608f21443e5413f9d797998ad26055bcf5,0x2f7ac9436ba4b548f9582af91ca1ef02cd2f1f03|0x398f7827dccbefe6990478876bbf3612d93baf05|0xf29f568f971c043df7079a3121e9de616b8998a3,0xf29f568f971c043df7079a3121e9de616b8998a3,0x398f7827dccbefe6990478876bbf3612d93baf05,MIX,MIX,0x168cfe3093c6968172bca80a0131c7608f21443e5413f9d797998ad26055bcf5_MIX,1671065718,1671065718,1,6.929891914902e+22,69298.91914902,0.11262076892340285,0,0,0.800000,bridge_dst_event_flow,True
BNB,Poly,bnb_flow_0x168cfe3093c6__synth_split_b,0x168cfe3093c6968172bca80a0131c7608f21443e5413f9d797998ad26055bcf5,0x2f7ac9436ba4b548f9582af91ca1ef02cd2f1f03|0x398f7827dccbefe6990478876bbf3612d93baf05|0xf29f568f971c043df7079a3121e9de616b8998a3,0xf29f568f971c043df7079a3121e9de616b8998a3,0x398f7827dccbefe6990478876bbf3612d93baf05,MIX,MIX,0x168cfe3093c6968172bca80a0131c7608f21443e5413f9d797998ad26055bcf5_MIX,1671065718,1671065718,1,6.929891914902e+22,69298.91914902,0.11262076892340285,0,0,0.800000,bridge_dst_event_flow,True
BNB,Poly,bnb_flow_0x168cfe3093c6__synth_split_c,0x168cfe3093c6968172bca80a0131c7608f21443e5413f9d797998ad26055bcf5,0x2f7ac9436ba4b548f9582af91ca1ef02cd2f1f03|0x398f7827dccbefe6990478876bbf3612d93baf05|0xf29f568f971c043df7079a3121e9de616b8998a3,0xf29f568f971c043df7079a3121e9de616b8998a3,0x398f7827dccbefe6990478876bbf3612d93baf05,MIX,MIX,0x168cfe3093c6968172bca80a0131c7608f21443e5413f9d797998ad26055bcf5_MIX,1671065718,1671065718,1,6.929891914902e+22,69298.91914902,0.11262076892340285,0,0,0.800000,bridge_dst_event_flow,True
BNB,Poly,bnb_flow_0x168cfe3093c6__synth_split_d,0x168cfe3093c6968172bca80a0131c7608f21443e5413f9d797998ad26055bcf5,0x2f7ac9436ba4b548f9582af91ca1ef02cd2f1f03|0x398f7827dccbefe6990478876bbf3612d93baf05|0xf29f568f971c043df7079a3121e9de616b8998a3,0xf29f568f971c043df7079a3121e9de616b8998a3,0x398f7827dccbefe6990478876bbf3612d93baf05,MIX,MIX,0x168cfe3093c6968172bca80a0131c7608f21443e5413f9d797998ad26055bcf5_MIX,1671065718,1671065718,1,6.929891914902e+22,69298.91914902,0.11262076892340285,0,0,0.800000,bridge_dst_event_flow,True
BNB,Poly,bnb_flow_0x168cfe3093c6__synth_merge_dst,0x168cfe3093c6968172bca80a0131c7608f21443e5413f9d797998ad26055bcf5,0x2f7ac9436ba4b548f9582af91ca1ef02cd2f1f03|0x398f7827dccbefe6990478876bbf3612d93baf05|0xf29f568f971c043df7079a3121e9de616b8998a3,0xf29f568f971c043df7079a3121e9de616b8998a3,0x398f7827dccbefe6990478876bbf3612d93baf05,MIX,MIX,0x168cfe3093c6968172bca80a0131c7608f21443e5413f9d797998ad26055bcf5_MIX,1671065718,1671065718,1,2.7719567659608e+23,277195.67659608,0.4504830756936114,0,0,0.800000,bridge_dst_event_flow,True
BNB,Poly,bnb_flow_0x168cfe3093c6__synth_hidden_dst,0x168cfe3093c6968172bca80a0131c7608f21443e5413f9d797998ad26055bcf5,0x2f7ac9436ba4b548f9582af91ca1ef02cd2f1f03|0x398f7827dccbefe6990478876bbf3612d93baf05|0xf29f568f971c043df7079a3121e9de616b8998a3,0xf29f568f971c043df7079a3121e9de616b8998a3,0x398f7827dccbefe6990478876bbf3612d93baf05,MIX,MIX,0x168cfe3093c6968172bca80a0131c7608f21443e5413f9d797998ad26055bcf5_MIX,1671065718,1671065718,1,2.7719567659608e+23,277195.67659608,0.4504830756936114,0,0,0.800000,bridge_dst_event_flow,True
BNB,Poly,bnb_flow_0x168cfe3093c6__synth_noise_dst_0,0x168cfe3093c6968172bca80a0131c7608f21443e5413f9d797998ad26055bcf5,0x2f7ac9436ba4b548f9582af91ca1ef02cd2f1f03|0x398f7827dccbefe6990478876bbf3612d93baf05|0xf29f568f971c043df7079a3121e9de616b8998a3,0xf29f568f971c043df7079a3121e9de616b8998a3,0x398f7827dccbefe6990478876bbf3612d93baf05,MIX,MIX,0x168cfe3093c6968172bca80a0131c7608f21443e5413f9d797998ad26055bcf5_MIX,1671065778,1671065778,1,2.7719567659608e+23,277195.67659608,0.4504830756936114,0,0,0.800000,bridge_dst_event_flow,True
BNB,Poly,bnb_flow_0x168cfe3093c6__synth_noise_dst_1,0x168cfe3093c6968172bca80a0131c7608f21443e5413f9d797998ad26055bcf5,0x2f7ac9436ba4b548f9582af91ca1ef02cd2f1f03|0x398f7827dccbefe6990478876bbf3612d93baf05|0xf29f568f971c043df7079a3121e9de616b8998a3,0xf29f568f971c043df7079a3121e9de616b8998a3,0x398f7827dccbefe6990478876bbf3612d93baf05,MIX,MIX,0x168cfe3093c6968172bca80a0131c7608f21443e5413f9d797998ad26055bcf5_MIX,1671065838,1671065838,1,2.7719567659608e+23,277195.67659608,0.4504830756936114,0,0,0.800000,bridge_dst_event_flow,True
BNB,Poly,bnb_flow_0xf872cdb1a36d__synth_split_a,0xf872cdb1a36d6ad30bf5d842154e96969e1663c46145ae2ed7679ae49c6724e5,0x2f7ac9436ba4b548f9582af91ca1ef02cd2f1f03|0x398f7827dccbefe6990478876bbf3612d93baf05|0xb2d1403bb003483331af09de2bd5d5d2803a1507,0xb2d1403bb003483331af09de2bd5d5d2803a1507,0x398f7827dccbefe6990478876bbf3612d93baf05,MIX,MIX,0xf872cdb1a36d6ad30bf5d842154e96969e1663c46145ae2ed7679ae49c6724e5_MIX,1646143237,1646143237,1,1.0272173755e+24,1027217.3755,1.6693768402292002,0,0,0.825000,bridge_dst_event_flow,True
BNB,Poly,bnb_flow_0xf872cdb1a36d__synth_split_b,0xf872cdb1a36d6ad30bf5d842154e96969e1663c46145ae2ed7679ae49c6724e5,0x2f7ac9436ba4b548f9582af91ca1ef02cd2f1f03|0x398f7827dccbefe6990478876bbf3612d93baf05|0xb2d1403bb003483331af09de2bd5d5d2803a1507,0xb2d1403bb003483331af09de2bd5d5d2803a1507,0x398f7827dccbefe6990478876bbf3612d93baf05,MIX,MIX,0xf872cdb1a36d6ad30bf5d842154e96969e1663c46145ae2ed7679ae49c6724e5_MIX,1646143237,1646143237,1,1.0272173755e+24,1027217.3755,1.6693768402292002,0,0,0.825000,bridge_dst_event_flow,True
BNB,Poly,bnb_flow_0xf872cdb1a36d__synth_merge_dst,0xf872cdb1a36d6ad30bf5d842154e96969e1663c46145ae2ed7679ae49c6724e5,0x2f7ac9436ba4b548f9582af91ca1ef02cd2f1f03|0x398f7827dccbefe6990478876bbf3612d93baf05|0xb2d1403bb003483331af09de2bd5d5d2803a1507,0xb2d1403bb003483331af09de2bd5d5d2803a1507,0x398f7827dccbefe6990478876bbf3612d93baf05,MIX,MIX,0xf872cdb1a36d6ad30bf5d842154e96969e1663c46145ae2ed7679ae49c6724e5_MIX,1646143237,1646143237,1,2.054434751e+24,2054434.751,3.3387536804584004,0,0,0.825000,bridge_dst_event_flow,True
BNB,Poly,bnb_flow_0xf872cdb1a36d__synth_hidden_dst,0xf872cdb1a36d6ad30bf5d842154e96969e1663c46145ae2ed7679ae49c6724e5,0x2f7ac9436ba4b548f9582af91ca1ef02cd2f1f03|0x398f7827dccbefe6990478876bbf3612d93baf05|0xb2d1403bb003483331af09de2bd5d5d2803a1507,0xb2d1403bb003483331af09de2bd5d5d2803a1507,0x398f7827dccbefe6990478876bbf3612d93baf05,MIX,MIX,0xf872cdb1a36d6ad30bf5d842154e96969e1663c46145ae2ed7679ae49c6724e5_MIX,1646143237,1646143237,1,2.054434751e+24,2054434.751,3.3387536804584004,0,0,0.825000,bridge_dst_event_flow,True
BNB,Poly,bnb_flow_0xf872cdb1a36d__synth_noise_dst_0,0xf872cdb1a36d6ad30bf5d842154e96969e1663c46145ae2ed7679ae49c6724e5,0x2f7ac9436ba4b548f9582af91ca1ef02cd2f1f03|0x398f7827dccbefe6990478876bbf3612d93baf05|0xb2d1403bb003483331af09de2bd5d5d2803a1507,0xb2d1403bb003483331af09de2bd5d5d2803a1507,0x398f7827dccbefe6990478876bbf3612d93baf05,MIX,MIX,0xf872cdb1a36d6ad30bf5d842154e96969e1663c46145ae2ed7679ae49c6724e5_MIX,1646143297,1646143297,1,2.054434751e+24,2054434.751,3.3387536804584004,0,0,0.825000,bridge_dst_event_flow,True
BNB,Poly,bnb_flow_0xf872cdb1a36d__synth_noise_dst_1,0xf872cdb1a36d6ad30bf5d842154e96969e1663c46145ae2ed7679ae49c6724e5,0x2f7ac9436ba4b548f9582af91ca1ef02cd2f1f03|0x398f7827dccbefe6990478876bbf3612d93baf05|0xb2d1403bb003483331af09de2bd5d5d2803a1507,0xb2d1403bb003483331af09de2bd5d5d2803a1507,0x398f7827dccbefe6990478876bbf3612d93baf05,MIX,MIX,0xf872cdb1a36d6ad30bf5d842154e96969e1663c46145ae2ed7679ae49c6724e5_MIX,1646143357,1646143357,1,2.054434751e+24,2054434.751,3.3387536804584004,0,0,0.825000,bridge_dst_event_flow,True
BNB,Poly,bnb_flow_0x5aef4efdda9c__synth_split_a,0x5aef4efdda9cc8575c957803b320017330bb3683219c1fa904c835a5fb750520,0x2f7ac9436ba4b548f9582af91ca1ef02cd2f1f03|0x69a1913d334b524ea1632461c78797c837ca9fa6|0x8594d8e9483473626908648a5539d9d65ca2fe8d,0x8594d8e9483473626908648a5539d9d65ca2fe8d,0x69a1913d334b524ea1632461c78797c837ca9fa6,RFuel,RFuel,0x5aef4efdda9cc8575c957803b320017330bb3683219c1fa904c835a5fb750520_RFuel,1657965568,1657965568,1,2.852073450130601e+22,28520.734501306015,19.98162643138218,0,0,0.825000,bridge_dst_event_flow,True
BNB,Poly,bnb_flow_0x5aef4efdda9c__synth_split_b,0x5aef4efdda9cc8575c957803b320017330bb3683219c1fa904c835a5fb750520,0x2f7ac9436ba4b548f9582af91ca1ef02cd2f1f03|0x69a1913d334b524ea1632461c78797c837ca9fa6|0x8594d8e9483473626908648a5539d9d65ca2fe8d,0x8594d8e9483473626908648a5539d9d65ca2fe8d,0x69a1913d334b524ea1632461c78797c837ca9fa6,RFuel,RFuel,0x5aef4efdda9cc8575c957803b320017330bb3683219c1fa904c835a5fb750520_RFuel,1657965568,1657965568,1,2.852073450130601e+22,28520.734501306015,19.98162643138218,0,0,0.825000,bridge_dst_event_flow,True
BNB,Poly,bnb_flow_0x5aef4efdda9c__synth_split_c,0x5aef4efdda9cc8575c957803b320017330bb3683219c1fa904c835a5fb750520,0x2f7ac9436ba4b548f9582af91ca1ef02cd2f1f03|0x69a1913d334b524ea1632461c78797c837ca9fa6|0x8594d8e9483473626908648a5539d9d65ca2fe8d,0x8594d8e9483473626908648a5539d9d65ca2fe8d,0x69a1913d334b524ea1632461c78797c837ca9fa6,RFuel,RFuel,0x5aef4efdda9cc8575c957803b320017330bb3683219c1fa904c835a5fb750520_RFuel,1657965568,1657965568,1,2.852073450130601e+22,28520.734501306015,19.98162643138218,0,0,0.825000,bridge_dst_event_flow,True
BNB,Poly,bnb_flow_0x5aef4efdda9c__synth_merge_dst,0x5aef4efdda9cc8575c957803b320017330bb3683219c1fa904c835a5fb750520,0x2f7ac9436ba4b548f9582af91ca1ef02cd2f1f03|0x69a1913d334b524ea1632461c78797c837ca9fa6|0x8594d8e9483473626908648a5539d9d65ca2fe8d,0x8594d8e9483473626908648a5539d9d65ca2fe8d,0x69a1913d334b524ea1632461c78797c837ca9fa6,RFuel,RFuel,0x5aef4efdda9cc8575c957803b320017330bb3683219c1fa904c835a5fb750520_RFuel,1657965568,1657965568,1,8.556220350391804e+22,85562.20350391805,59.94487929414654,0,0,0.825000,bridge_dst_event_flow,True
BNB,Poly,bnb_flow_0x5aef4efdda9c__synth_hidden_dst,0x5aef4efdda9cc8575c957803b320017330bb3683219c1fa904c835a5fb750520,0x2f7ac9436ba4b548f9582af91ca1ef02cd2f1f03|0x69a1913d334b524ea1632461c78797c837ca9fa6|0x8594d8e9483473626908648a5539d9d65ca2fe8d,0x8594d8e9483473626908648a5539d9d65ca2fe8d,0x69a1913d334b524ea1632461c78797c837ca9fa6,RFuel,RFuel,0x5aef4efdda9cc8575c957803b320017330bb3683219c1fa904c835a5fb750520_RFuel,1657965568,1657965568,1,8.556220350391804e+22,85562.20350391805,59.94487929414654,0,0,0.825000,bridge_dst_event_flow,True
BNB,Poly,bnb_flow_0x5aef4efdda9c__synth_noise_dst_0,0x5aef4efdda9cc8575c957803b320017330bb3683219c1fa904c835a5fb750520,0x2f7ac9436ba4b548f9582af91ca1ef02cd2f1f03|0x69a1913d334b524ea1632461c78797c837ca9fa6|0x8594d8e9483473626908648a5539d9d65ca2fe8d,0x8594d8e9483473626908648a5539d9d65ca2fe8d,0x69a1913d334b524ea1632461c78797c837ca9fa6,RFuel,RFuel,0x5aef4efdda9cc8575c957803b320017330bb3683219c1fa904c835a5fb750520_RFuel,1657965628,1657965628,1,8.556220350391804e+22,85562.20350391805,59.94487929414654,0,0,0.825000,bridge_dst_event_flow,True
BNB,Poly,bnb_flow_0x5aef4efdda9c__synth_noise_dst_1,0x5aef4efdda9cc8575c957803b320017330bb3683219c1fa904c835a5fb750520,0x2f7ac9436ba4b548f9582af91ca1ef02cd2f1f03|0x69a1913d334b524ea1632461c78797c837ca9fa6|0x8594d8e9483473626908648a5539d9d65ca2fe8d,0x8594d8e9483473626908648a5539d9d65ca2fe8d,0x69a1913d334b524ea1632461c78797c837ca9fa6,RFuel,RFuel,0x5aef4efdda9cc8575c957803b320017330bb3683219c1fa904c835a5fb750520_RFuel,1657965688,1657965688,1,8.556220350391804e+22,85562.20350391805,59.94487929414654,0,0,0.825000,bridge_dst_event_flow,True
BNB,Poly,bnb_flow_0xfec9e991202f__synth_split_a,0xfec9e991202f7720231a6af34a0e234b6c830166e0d26f1a0e9d2e87a9082faf,0x2f7ac9436ba4b548f9582af91ca1ef02cd2f1f03|0x69a1913d334b524ea1632461c78797c837ca9fa6|0xd3100caf55beaba3574b181edd130dc9fafa9baf,0xd3100caf55beaba3574b181edd130dc9fafa9baf,0x69a1913d334b524ea1632461c78797c837ca9fa6,RFuel,RFuel,0xfec9e991202f7720231a6af34a0e234b6c830166e0d26f1a0e9d2e87a9082faf_RFuel,1648718368,1648718368,1,4.975e+22,49750.0,34.85484972049869,0,0,0.825000,bridge_dst_event_flow,True
BNB,Poly,bnb_flow_0xfec9e991202f__synth_split_b,0xfec9e991202f7720231a6af34a0e234b6c830166e0d26f1a0e9d2e87a9082faf,0x2f7ac9436ba4b548f9582af91ca1ef02cd2f1f03|0x69a1913d334b524ea1632461c78797c837ca9fa6|0xd3100caf55beaba3574b181edd130dc9fafa9baf,0xd3100caf55beaba3574b181edd130dc9fafa9baf,0x69a1913d334b524ea1632461c78797c837ca9fa6,RFuel,RFuel,0xfec9e991202f7720231a6af34a0e234b6c830166e0d26f1a0e9d2e87a9082faf_RFuel,1648718368,1648718368,1,4.975e+22,49750.0,34.85484972049869,0,0,0.825000,bridge_dst_event_flow,True
BNB,Poly,bnb_flow_0xfec9e991202f__synth_merge_dst,0xfec9e991202f7720231a6af34a0e234b6c830166e0d26f1a0e9d2e87a9082faf,0x2f7ac9436ba4b548f9582af91ca1ef02cd2f1f03|0x69a1913d334b524ea1632461c78797c837ca9fa6|0xd3100caf55beaba3574b181edd130dc9fafa9baf,0xd3100caf55beaba3574b181edd130dc9fafa9baf,0x69a1913d334b524ea1632461c78797c837ca9fa6,RFuel,RFuel,0xfec9e991202f7720231a6af34a0e234b6c830166e0d26f1a0e9d2e87a9082faf_RFuel,1648718368,1648718368,1,9.95e+22,99500.0,69.70969944099738,0,0,0.825000,bridge_dst_event_flow,True
BNB,Poly,bnb_flow_0xfec9e991202f__synth_hidden_dst,0xfec9e991202f7720231a6af34a0e234b6c830166e0d26f1a0e9d2e87a9082faf,0x2f7ac9436ba4b548f9582af91ca1ef02cd2f1f03|0x69a1913d334b524ea1632461c78797c837ca9fa6|0xd3100caf55beaba3574b181edd130dc9fafa9baf,0xd3100caf55beaba3574b181edd130dc9fafa9baf,0x69a1913d334b524ea1632461c78797c837ca9fa6,RFuel,RFuel,0xfec9e991202f7720231a6af34a0e234b6c830166e0d26f1a0e9d2e87a9082faf_RFuel,1648718368,1648718368,1,9.95e+22,99500.0,69.70969944099738,0,0,0.825000,bridge_dst_event_flow,True
BNB,Poly,bnb_flow_0xfec9e991202f__synth_noise_dst_0,0xfec9e991202f7720231a6af34a0e234b6c830166e0d26f1a0e9d2e87a9082faf,0x2f7ac9436ba4b548f9582af91ca1ef02cd2f1f03|0x69a1913d334b524ea1632461c78797c837ca9fa6|0xd3100caf55beaba3574b181edd130dc9fafa9baf,0xd3100caf55beaba3574b181edd130dc9fafa9baf,0x69a1913d334b524ea1632461c78797c837ca9fa6,RFuel,RFuel,0xfec9e991202f7720231a6af34a0e234b6c830166e0d26f1a0e9d2e87a9082faf_RFuel,1648718428,1648718428,1,9.95e+22,99500.0,69.70969944099738,0,0,0.825000,bridge_dst_event_flow,True
BNB,Poly,bnb_flow_0xfec9e991202f__synth_noise_dst_1,0xfec9e991202f7720231a6af34a0e234b6c830166e0d26f1a0e9d2e87a9082faf,0x2f7ac9436ba4b548f9582af91ca1ef02cd2f1f03|0x69a1913d334b524ea1632461c78797c837ca9fa6|0xd3100caf55beaba3574b181edd130dc9fafa9baf,0xd3100caf55beaba3574b181edd130dc9fafa9baf,0x69a1913d334b524ea1632461c78797c837ca9fa6,RFuel,RFuel,0xfec9e991202f7720231a6af34a0e234b6c830166e0d26f1a0e9d2e87a9082faf_RFuel,1648718488,1648718488,1,9.95e+22,99500.0,69.70969944099738,0,0,0.825000,bridge_dst_event_flow,True
BNB,Poly,bnb_flow_0xcba06dac7193__synth_split_a,0xcba06dac7193aaaa855be9b8ccec7dbf22212be78a776fd18e382035eb2d07cc,0x2f7ac9436ba4b548f9582af91ca1ef02cd2f1f03|0x67ebc532d648e6164a6fd726ff0b39e69180dafe|0xee9801669c6138e84bd50deb500827b776777d28,0x67ebc532d648e6164a6fd726ff0b39e69180dafe,0xee9801669c6138e84bd50deb500827b776777d28,O3,O3,0xcba06dac7193aaaa855be9b8ccec7dbf22212be78a776fd18e382035eb2d07cc_O3,1652638574,1652638574,1,2.633920494382444e+21,2633.920494382444,2.564021350589787,0,0,0.825000,bridge_dst_event_flow,True
BNB,Poly,bnb_flow_0xcba06dac7193__synth_split_b,0xcba06dac7193aaaa855be9b8ccec7dbf22212be78a776fd18e382035eb2d07cc,0x2f7ac9436ba4b548f9582af91ca1ef02cd2f1f03|0x67ebc532d648e6164a6fd726ff0b39e69180dafe|0xee9801669c6138e84bd50deb500827b776777d28,0x67ebc532d648e6164a6fd726ff0b39e69180dafe,0xee9801669c6138e84bd50deb500827b776777d28,O3,O3,0xcba06dac7193aaaa855be9b8ccec7dbf22212be78a776fd18e382035eb2d07cc_O3,1652638574,1652638574,1,2.633920494382444e+21,2633.920494382444,2.564021350589787,0,0,0.825000,bridge_dst_event_flow,True
BNB,Poly,bnb_flow_0xcba06dac7193__synth_merge_dst,0xcba06dac7193aaaa855be9b8ccec7dbf22212be78a776fd18e382035eb2d07cc,0x2f7ac9436ba4b548f9582af91ca1ef02cd2f1f03|0x67ebc532d648e6164a6fd726ff0b39e69180dafe|0xee9801669c6138e84bd50deb500827b776777d28,0x67ebc532d648e6164a6fd726ff0b39e69180dafe,0xee9801669c6138e84bd50deb500827b776777d28,O3,O3,0xcba06dac7193aaaa855be9b8ccec7dbf22212be78a776fd18e382035eb2d07cc_O3,1652638574,1652638574,1,5.267840988764888e+21,5267.840988764888,5.128042701179574,0,0,0.825000,bridge_dst_event_flow,True
BNB,Poly,bnb_flow_0xcba06dac7193__synth_hidden_dst,0xcba06dac7193aaaa855be9b8ccec7dbf22212be78a776fd18e382035eb2d07cc,0x2f7ac9436ba4b548f9582af91ca1ef02cd2f1f03|0x67ebc532d648e6164a6fd726ff0b39e69180dafe|0xee9801669c6138e84bd50deb500827b776777d28,0x67ebc532d648e6164a6fd726ff0b39e69180dafe,0xee9801669c6138e84bd50deb500827b776777d28,O3,O3,0xcba06dac7193aaaa855be9b8ccec7dbf22212be78a776fd18e382035eb2d07cc_O3,1652638574,1652638574,1,5.267840988764888e+21,5267.840988764888,5.128042701179574,0,0,0.825000,bridge_dst_event_flow,True
BNB,Poly,bnb_flow_0xcba06dac7193__synth_noise_dst_0,0xcba06dac7193aaaa855be9b8ccec7dbf22212be78a776fd18e382035eb2d07cc,0x2f7ac9436ba4b548f9582af91ca1ef02cd2f1f03|0x67ebc532d648e6164a6fd726ff0b39e69180dafe|0xee9801669c6138e84bd50deb500827b776777d28,0x67ebc532d648e6164a6fd726ff0b39e69180dafe,0xee9801669c6138e84bd50deb500827b776777d28,O3,O3,0xcba06dac7193aaaa855be9b8ccec7dbf22212be78a776fd18e382035eb2d07cc_O3,1652638634,1652638634,1,5.267840988764888e+21,5267.840988764888,5.128042701179574,0,0,0.825000,bridge_dst_event_flow,True
BNB,Poly,bnb_flow_0xcba06dac7193__synth_noise_dst_1,0xcba06dac7193aaaa855be9b8ccec7dbf22212be78a776fd18e382035eb2d07cc,0x2f7ac9436ba4b548f9582af91ca1ef02cd2f1f03|0x67ebc532d648e6164a6fd726ff0b39e69180dafe|0xee9801669c6138e84bd50deb500827b776777d28,0x67ebc532d648e6164a6fd726ff0b39e69180dafe,0xee9801669c6138e84bd50deb500827b776777d28,O3,O3,0xcba06dac7193aaaa855be9b8ccec7dbf22212be78a776fd18e382035eb2d07cc_O3,1652638694,1652638694,1,5.267840988764888e+21,5267.840988764888,5.128042701179574,0,0,0.825000,bridge_dst_event_flow,True
BNB,Poly,bnb_flow_0x0359f01b4e94__synth_split_a,0x0359f01b4e940fa47952c4577564429aeb26ce20cc68c945672aa065001b090a,0x2f7ac9436ba4b548f9582af91ca1ef02cd2f1f03|0x67ebc532d648e6164a6fd726ff0b39e69180dafe|0xee9801669c6138e84bd50deb500827b776777d28,0x67ebc532d648e6164a6fd726ff0b39e69180dafe,0xee9801669c6138e84bd50deb500827b776777d28,O3,O3,0x0359f01b4e940fa47952c4577564429aeb26ce20cc68c945672aa065001b090a_O3,1653846448,1653846448,1,2.5457461898966335e+21,2545.7461898966335,2.478187021209989,0,0,0.825000,bridge_dst_event_flow,True
BNB,Poly,bnb_flow_0x0359f01b4e94__synth_split_b,0x0359f01b4e940fa47952c4577564429aeb26ce20cc68c945672aa065001b090a,0x2f7ac9436ba4b548f9582af91ca1ef02cd2f1f03|0x67ebc532d648e6164a6fd726ff0b39e69180dafe|0xee9801669c6138e84bd50deb500827b776777d28,0x67ebc532d648e6164a6fd726ff0b39e69180dafe,0xee9801669c6138e84bd50deb500827b776777d28,O3,O3,0x0359f01b4e940fa47952c4577564429aeb26ce20cc68c945672aa065001b090a_O3,1653846448,1653846448,1,2.5457461898966335e+21,2545.7461898966335,2.478187021209989,0,0,0.825000,bridge_dst_event_flow,True
BNB,Poly,bnb_flow_0x0359f01b4e94__synth_merge_dst,0x0359f01b4e940fa47952c4577564429aeb26ce20cc68c945672aa065001b090a,0x2f7ac9436ba4b548f9582af91ca1ef02cd2f1f03|0x67ebc532d648e6164a6fd726ff0b39e69180dafe|0xee9801669c6138e84bd50deb500827b776777d28,0x67ebc532d648e6164a6fd726ff0b39e69180dafe,0xee9801669c6138e84bd50deb500827b776777d28,O3,O3,0x0359f01b4e940fa47952c4577564429aeb26ce20cc68c945672aa065001b090a_O3,1653846448,1653846448,1,5.091492379793267e+21,5091.492379793267,4.956374042419978,0,0,0.825000,bridge_dst_event_flow,True
BNB,Poly,bnb_flow_0x0359f01b4e94__synth_hidden_dst,0x0359f01b4e940fa47952c4577564429aeb26ce20cc68c945672aa065001b090a,0x2f7ac9436ba4b548f9582af91ca1ef02cd2f1f03|0x67ebc532d648e6164a6fd726ff0b39e69180dafe|0xee9801669c6138e84bd50deb500827b776777d28,0x67ebc532d648e6164a6fd726ff0b39e69180dafe,0xee9801669c6138e84bd50deb500827b776777d28,O3,O3,0x0359f01b4e940fa47952c4577564429aeb26ce20cc68c945672aa065001b090a_O3,1653846448,1653846448,1,5.091492379793267e+21,5091.492379793267,4.956374042419978,0,0,0.825000,bridge_dst_event_flow,True
BNB,Poly,bnb_flow_0x0359f01b4e94__synth_noise_dst_0,0x0359f01b4e940fa47952c4577564429aeb26ce20cc68c945672aa065001b090a,0x2f7ac9436ba4b548f9582af91ca1ef02cd2f1f03|0x67ebc532d648e6164a6fd726ff0b39e69180dafe|0xee9801669c6138e84bd50deb500827b776777d28,0x67ebc532d648e6164a6fd726ff0b39e69180dafe,0xee9801669c6138e84bd50deb500827b776777d28,O3,O3,0x0359f01b4e940fa47952c4577564429aeb26ce20cc68c945672aa065001b090a_O3,1653846508,1653846508,1,5.091492379793267e+21,5091.492379793267,4.956374042419978,0,0,0.825000,bridge_dst_event_flow,True
BNB,Poly,bnb_flow_0x0359f01b4e94__synth_noise_dst_1,0x0359f01b4e940fa47952c4577564429aeb26ce20cc68c945672aa065001b090a,0x2f7ac9436ba4b548f9582af91ca1ef02cd2f1f03|0x67ebc532d648e6164a6fd726ff0b39e69180dafe|0xee9801669c6138e84bd50deb500827b776777d28,0x67ebc532d648e6164a6fd726ff0b39e69180dafe,0xee9801669c6138e84bd50deb500827b776777d28,O3,O3,0x0359f01b4e940fa47952c4577564429aeb26ce20cc68c945672aa065001b090a_O3,1653846568,1653846568,1,5.091492379793267e+21,5091.492379793267,4.956374042419978,0,0,0.825000,bridge_dst_event_flow,True
BNB,Poly,bnb_flow_0x7bc11c034ae3__synth_split_a,0x7bc11c034ae329f8c2a90584b7bf74a63e0389f993e5d1bc8d0248e2152a4702,0x2f7ac9436ba4b548f9582af91ca1ef02cd2f1f03|0xd52f8b5a1e828be2b54d7211ecf1f166aee98666|0xe552fb52a4f19e44ef5a967632dbc320b0820639,0xd52f8b5a1e828be2b54d7211ecf1f166aee98666,0xe552fb52a4f19e44ef5a967632dbc320b0820639,Metis,Metis,0x7bc11c034ae329f8c2a90584b7bf74a63e0389f993e5d1bc8d0248e2152a4702_Metis,1644706974,1644706974,1,2.2857022866273905e+18,2.2857022866273904,6.2155663148231275,0,0,0.825000,bridge_dst_event_flow,True
BNB,Poly,bnb_flow_0x7bc11c034ae3__synth_split_b,0x7bc11c034ae329f8c2a90584b7bf74a63e0389f993e5d1bc8d0248e2152a4702,0x2f7ac9436ba4b548f9582af91ca1ef02cd2f1f03|0xd52f8b5a1e828be2b54d7211ecf1f166aee98666|0xe552fb52a4f19e44ef5a967632dbc320b0820639,0xd52f8b5a1e828be2b54d7211ecf1f166aee98666,0xe552fb52a4f19e44ef5a967632dbc320b0820639,Metis,Metis,0x7bc11c034ae329f8c2a90584b7bf74a63e0389f993e5d1bc8d0248e2152a4702_Metis,1644706974,1644706974,1,2.2857022866273905e+18,2.2857022866273904,6.2155663148231275,0,0,0.825000,bridge_dst_event_flow,True
BNB,Poly,bnb_flow_0x7bc11c034ae3__synth_split_c,0x7bc11c034ae329f8c2a90584b7bf74a63e0389f993e5d1bc8d0248e2152a4702,0x2f7ac9436ba4b548f9582af91ca1ef02cd2f1f03|0xd52f8b5a1e828be2b54d7211ecf1f166aee98666|0xe552fb52a4f19e44ef5a967632dbc320b0820639,0xd52f8b5a1e828be2b54d7211ecf1f166aee98666,0xe552fb52a4f19e44ef5a967632dbc320b0820639,Metis,Metis,0x7bc11c034ae329f8c2a90584b7bf74a63e0389f993e5d1bc8d0248e2152a4702_Metis,1644706974,1644706974,1,2.2857022866273905e+18,2.2857022866273904,6.2155663148231275,0,0,0.825000,bridge_dst_event_flow,True
BNB,Poly,bnb_flow_0x7bc11c034ae3__synth_split_d,0x7bc11c034ae329f8c2a90584b7bf74a63e0389f993e5d1bc8d0248e2152a4702,0x2f7ac9436ba4b548f9582af91ca1ef02cd2f1f03|0xd52f8b5a1e828be2b54d7211ecf1f166aee98666|0xe552fb52a4f19e44ef5a967632dbc320b0820639,0xd52f8b5a1e828be2b54d7211ecf1f166aee98666,0xe552fb52a4f19e44ef5a967632dbc320b0820639,Metis,Metis,0x7bc11c034ae329f8c2a90584b7bf74a63e0389f993e5d1bc8d0248e2152a4702_Metis,1644706974,1644706974,1,2.2857022866273905e+18,2.2857022866273904,6.2155663148231275,0,0,0.825000,bridge_dst_event_flow,True
BNB,Poly,bnb_flow_0x7bc11c034ae3__synth_merge_dst,0x7bc11c034ae329f8c2a90584b7bf74a63e0389f993e5d1bc8d0248e2152a4702,0x2f7ac9436ba4b548f9582af91ca1ef02cd2f1f03|0xd52f8b5a1e828be2b54d7211ecf1f166aee98666|0xe552fb52a4f19e44ef5a967632dbc320b0820639,0xd52f8b5a1e828be2b54d7211ecf1f166aee98666,0xe552fb52a4f19e44ef5a967632dbc320b0820639,Metis,Metis,0x7bc11c034ae329f8c2a90584b7bf74a63e0389f993e5d1bc8d0248e2152a4702_Metis,1644706974,1644706974,1,9.142809146509562e+18,9.142809146509562,24.86226525929251,0,0,0.825000,bridge_dst_event_flow,True
BNB,Poly,bnb_flow_0x7bc11c034ae3__synth_hidden_dst,0x7bc11c034ae329f8c2a90584b7bf74a63e0389f993e5d1bc8d0248e2152a4702,0x2f7ac9436ba4b548f9582af91ca1ef02cd2f1f03|0xd52f8b5a1e828be2b54d7211ecf1f166aee98666|0xe552fb52a4f19e44ef5a967632dbc320b0820639,0xd52f8b5a1e828be2b54d7211ecf1f166aee98666,0xe552fb52a4f19e44ef5a967632dbc320b0820639,Metis,Metis,0x7bc11c034ae329f8c2a90584b7bf74a63e0389f993e5d1bc8d0248e2152a4702_Metis,1644706974,1644706974,1,9.142809146509562e+18,9.142809146509562,24.86226525929251,0,0,0.825000,bridge_dst_event_flow,True
BNB,Poly,bnb_flow_0x7bc11c034ae3__synth_noise_dst_0,0x7bc11c034ae329f8c2a90584b7bf74a63e0389f993e5d1bc8d0248e2152a4702,0x2f7ac9436ba4b548f9582af91ca1ef02cd2f1f03|0xd52f8b5a1e828be2b54d7211ecf1f166aee98666|0xe552fb52a4f19e44ef5a967632dbc320b0820639,0xd52f8b5a1e828be2b54d7211ecf1f166aee98666,0xe552fb52a4f19e44ef5a967632dbc320b0820639,Metis,Metis,0x7bc11c034ae329f8c2a90584b7bf74a63e0389f993e5d1bc8d0248e2152a4702_Metis,1644707034,1644707034,1,9.142809146509562e+18,9.142809146509562,24.86226525929251,0,0,0.825000,bridge_dst_event_flow,True
BNB,Poly,bnb_flow_0x7bc11c034ae3__synth_noise_dst_1,0x7bc11c034ae329f8c2a90584b7bf74a63e0389f993e5d1bc8d0248e2152a4702,0x2f7ac9436ba4b548f9582af91ca1ef02cd2f1f03|0xd52f8b5a1e828be2b54d7211ecf1f166aee98666|0xe552fb52a4f19e44ef5a967632dbc320b0820639,0xd52f8b5a1e828be2b54d7211ecf1f166aee98666,0xe552fb52a4f19e44ef5a967632dbc320b0820639,Metis,Metis,0x7bc11c034ae329f8c2a90584b7bf74a63e0389f993e5d1bc8d0248e2152a4702_Metis,1644707094,1644707094,1,9.142809146509562e+18,9.142809146509562,24.86226525929251,0,0,0.825000,bridge_dst_event_flow,True
BNB,Poly,bnb_flow_0x189125a7a496__synth_split_a,0x189125a7a496a50292cb96394b2103e71d60267c837911e1275dda446f90c1a9,0x2f7ac9436ba4b548f9582af91ca1ef02cd2f1f03|0x69a1913d334b524ea1632461c78797c837ca9fa6|0xa0ccc966a8c9a7fa519e18d84cff5b58119aa847,0xa0ccc966a8c9a7fa519e18d84cff5b58119aa847,0x69a1913d334b524ea1632461c78797c837ca9fa6,RFuel,RFuel,0x189125a7a496a50292cb96394b2103e71d60267c837911e1275dda446f90c1a9_RFuel,1648999991,1648999991,1,1.6317772876642215e+22,16317.772876642217,11.432231585700382,0,0,0.825000,bridge_dst_event_flow,True
BNB,Poly,bnb_flow_0x189125a7a496__synth_split_b,0x189125a7a496a50292cb96394b2103e71d60267c837911e1275dda446f90c1a9,0x2f7ac9436ba4b548f9582af91ca1ef02cd2f1f03|0x69a1913d334b524ea1632461c78797c837ca9fa6|0xa0ccc966a8c9a7fa519e18d84cff5b58119aa847,0xa0ccc966a8c9a7fa519e18d84cff5b58119aa847,0x69a1913d334b524ea1632461c78797c837ca9fa6,RFuel,RFuel,0x189125a7a496a50292cb96394b2103e71d60267c837911e1275dda446f90c1a9_RFuel,1648999991,1648999991,1,1.6317772876642215e+22,16317.772876642217,11.432231585700382,0,0,0.825000,bridge_dst_event_flow,True
BNB,Poly,bnb_flow_0x189125a7a496__synth_split_c,0x189125a7a496a50292cb96394b2103e71d60267c837911e1275dda446f90c1a9,0x2f7ac9436ba4b548f9582af91ca1ef02cd2f1f03|0x69a1913d334b524ea1632461c78797c837ca9fa6|0xa0ccc966a8c9a7fa519e18d84cff5b58119aa847,0xa0ccc966a8c9a7fa519e18d84cff5b58119aa847,0x69a1913d334b524ea1632461c78797c837ca9fa6,RFuel,RFuel,0x189125a7a496a50292cb96394b2103e71d60267c837911e1275dda446f90c1a9_RFuel,1648999991,1648999991,1,1.6317772876642215e+22,16317.772876642217,11.432231585700382,0,0,0.825000,bridge_dst_event_flow,True
BNB,Poly,bnb_flow_0x189125a7a496__synth_merge_dst,0x189125a7a496a50292cb96394b2103e71d60267c837911e1275dda446f90c1a9,0x2f7ac9436ba4b548f9582af91ca1ef02cd2f1f03|0x69a1913d334b524ea1632461c78797c837ca9fa6|0xa0ccc966a8c9a7fa519e18d84cff5b58119aa847,0xa0ccc966a8c9a7fa519e18d84cff5b58119aa847,0x69a1913d334b524ea1632461c78797c837ca9fa6,RFuel,RFuel,0x189125a7a496a50292cb96394b2103e71d60267c837911e1275dda446f90c1a9_RFuel,1648999991,1648999991,1,4.895331862992665e+22,48953.31862992665,34.29669475710115,0,0,0.825000,bridge_dst_event_flow,True
BNB,Poly,bnb_flow_0x189125a7a496__synth_hidden_dst,0x189125a7a496a50292cb96394b2103e71d60267c837911e1275dda446f90c1a9,0x2f7ac9436ba4b548f9582af91ca1ef02cd2f1f03|0x69a1913d334b524ea1632461c78797c837ca9fa6|0xa0ccc966a8c9a7fa519e18d84cff5b58119aa847,0xa0ccc966a8c9a7fa519e18d84cff5b58119aa847,0x69a1913d334b524ea1632461c78797c837ca9fa6,RFuel,RFuel,0x189125a7a496a50292cb96394b2103e71d60267c837911e1275dda446f90c1a9_RFuel,1648999991,1648999991,1,4.895331862992665e+22,48953.31862992665,34.29669475710115,0,0,0.825000,bridge_dst_event_flow,True
BNB,Poly,bnb_flow_0x189125a7a496__synth_noise_dst_0,0x189125a7a496a50292cb96394b2103e71d60267c837911e1275dda446f90c1a9,0x2f7ac9436ba4b548f9582af91ca1ef02cd2f1f03|0x69a1913d334b524ea1632461c78797c837ca9fa6|0xa0ccc966a8c9a7fa519e18d84cff5b58119aa847,0xa0ccc966a8c9a7fa519e18d84cff5b58119aa847,0x69a1913d334b524ea1632461c78797c837ca9fa6,RFuel,RFuel,0x189125a7a496a50292cb96394b2103e71d60267c837911e1275dda446f90c1a9_RFuel,1649000051,1649000051,1,4.895331862992665e+22,48953.31862992665,34.29669475710115,0,0,0.825000,bridge_dst_event_flow,True
BNB,Poly,bnb_flow_0x189125a7a496__synth_noise_dst_1,0x189125a7a496a50292cb96394b2103e71d60267c837911e1275dda446f90c1a9,0x2f7ac9436ba4b548f9582af91ca1ef02cd2f1f03|0x69a1913d334b524ea1632461c78797c837ca9fa6|0xa0ccc966a8c9a7fa519e18d84cff5b58119aa847,0xa0ccc966a8c9a7fa519e18d84cff5b58119aa847,0x69a1913d334b524ea1632461c78797c837ca9fa6,RFuel,RFuel,0x189125a7a496a50292cb96394b2103e71d60267c837911e1275dda446f90c1a9_RFuel,1649000111,1649000111,1,4.895331862992665e+22,48953.31862992665,34.29669475710115,0,0,0.825000,bridge_dst_event_flow,True
BNB,Poly,bnb_flow_0xe2b4397e7b80__synth_split_a,0xe2b4397e7b800c3ca1fa7be0b8f36e7afd2b5eb6f381cf0b84463e7d0dbaa438,0x2f7ac9436ba4b548f9582af91ca1ef02cd2f1f03|0xdb91f1900fce8cad3e46d6ac2be27acd2d374ca5|0xe552fb52a4f19e44ef5a967632dbc320b0820639,0xdb91f1900fce8cad3e46d6ac2be27acd2d374ca5,0xe552fb52a4f19e44ef5a967632dbc320b0820639,Metis,Metis,0xe2b4397e7b800c3ca1fa7be0b8f36e7afd2b5eb6f381cf0b84463e7d0dbaa438_Metis,1659734405,1659734405,1,3.33815e+18,3.33815,9.077513206867257,0,0,0.825000,bridge_dst_event_flow,True
BNB,Poly,bnb_flow_0xe2b4397e7b80__synth_split_b,0xe2b4397e7b800c3ca1fa7be0b8f36e7afd2b5eb6f381cf0b84463e7d0dbaa438,0x2f7ac9436ba4b548f9582af91ca1ef02cd2f1f03|0xdb91f1900fce8cad3e46d6ac2be27acd2d374ca5|0xe552fb52a4f19e44ef5a967632dbc320b0820639,0xdb91f1900fce8cad3e46d6ac2be27acd2d374ca5,0xe552fb52a4f19e44ef5a967632dbc320b0820639,Metis,Metis,0xe2b4397e7b800c3ca1fa7be0b8f36e7afd2b5eb6f381cf0b84463e7d0dbaa438_Metis,1659734405,1659734405,1,3.33815e+18,3.33815,9.077513206867257,0,0,0.825000,bridge_dst_event_flow,True
BNB,Poly,bnb_flow_0xe2b4397e7b80__synth_merge_dst,0xe2b4397e7b800c3ca1fa7be0b8f36e7afd2b5eb6f381cf0b84463e7d0dbaa438,0x2f7ac9436ba4b548f9582af91ca1ef02cd2f1f03|0xdb91f1900fce8cad3e46d6ac2be27acd2d374ca5|0xe552fb52a4f19e44ef5a967632dbc320b0820639,0xdb91f1900fce8cad3e46d6ac2be27acd2d374ca5,0xe552fb52a4f19e44ef5a967632dbc320b0820639,Metis,Metis,0xe2b4397e7b800c3ca1fa7be0b8f36e7afd2b5eb6f381cf0b84463e7d0dbaa438_Metis,1659734405,1659734405,1,6.6763e+18,6.6763,18.155026413734515,0,0,0.825000,bridge_dst_event_flow,True
BNB,Poly,bnb_flow_0xe2b4397e7b80__synth_hidden_dst,0xe2b4397e7b800c3ca1fa7be0b8f36e7afd2b5eb6f381cf0b84463e7d0dbaa438,0x2f7ac9436ba4b548f9582af91ca1ef02cd2f1f03|0xdb91f1900fce8cad3e46d6ac2be27acd2d374ca5|0xe552fb52a4f19e44ef5a967632dbc320b0820639,0xdb91f1900fce8cad3e46d6ac2be27acd2d374ca5,0xe552fb52a4f19e44ef5a967632dbc320b0820639,Metis,Metis,0xe2b4397e7b800c3ca1fa7be0b8f36e7afd2b5eb6f381cf0b84463e7d0dbaa438_Metis,1659734405,1659734405,1,6.6763e+18,6.6763,18.155026413734515,0,0,0.825000,bridge_dst_event_flow,True
BNB,Poly,bnb_flow_0xe2b4397e7b80__synth_noise_dst_0,0xe2b4397e7b800c3ca1fa7be0b8f36e7afd2b5eb6f381cf0b84463e7d0dbaa438,0x2f7ac9436ba4b548f9582af91ca1ef02cd2f1f03|0xdb91f1900fce8cad3e46d6ac2be27acd2d374ca5|0xe552fb52a4f19e44ef5a967632dbc320b0820639,0xdb91f1900fce8cad3e46d6ac2be27acd2d374ca5,0xe552fb52a4f19e44ef5a967632dbc320b0820639,Metis,Metis,0xe2b4397e7b800c3ca1fa7be0b8f36e7afd2b5eb6f381cf0b84463e7d0dbaa438_Metis,1659734465,1659734465,1,6.6763e+18,6.6763,18.155026413734515,0,0,0.825000,bridge_dst_event_flow,True
BNB,Poly,bnb_flow_0xe2b4397e7b80__synth_noise_dst_1,0xe2b4397e7b800c3ca1fa7be0b8f36e7afd2b5eb6f381cf0b84463e7d0dbaa438,0x2f7ac9436ba4b548f9582af91ca1ef02cd2f1f03|0xdb91f1900fce8cad3e46d6ac2be27acd2d374ca5|0xe552fb52a4f19e44ef5a967632dbc320b0820639,0xdb91f1900fce8cad3e46d6ac2be27acd2d374ca5,0xe552fb52a4f19e44ef5a967632dbc320b0820639,Metis,Metis,0xe2b4397e7b800c3ca1fa7be0b8f36e7afd2b5eb6f381cf0b84463e7d0dbaa438_Metis,1659734525,1659734525,1,6.6763e+18,6.6763,18.155026413734515,0,0,0.825000,bridge_dst_event_flow,True
BNB,Poly,bnb_flow_0xc91e61e628fa__synth_split_a,0xc91e61e628fa9002da98735072f6f27d3c23843e71ca064bfd694c49756c5db4,0x2f7ac9436ba4b548f9582af91ca1ef02cd2f1f03|0x69a1913d334b524ea1632461c78797c837ca9fa6|0x88f859db067c45b114897db6920f3e4a61a5ca66,0x88f859db067c45b114897db6920f3e4a61a5ca66,0x69a1913d334b524ea1632461c78797c837ca9fa6,RFuel,RFuel,0xc91e61e628fa9002da98735072f6f27d3c23843e71ca064bfd694c49756c5db4_RFuel,1664601453,1664601453,1,1.6381115141760498e+22,16381.115141760498,11.476609176286388,0,0,0.800000,bridge_dst_event_flow,True
BNB,Poly,bnb_flow_0xc91e61e628fa__synth_split_b,0xc91e61e628fa9002da98735072f6f27d3c23843e71ca064bfd694c49756c5db4,0x2f7ac9436ba4b548f9582af91ca1ef02cd2f1f03|0x69a1913d334b524ea1632461c78797c837ca9fa6|0x88f859db067c45b114897db6920f3e4a61a5ca66,0x88f859db067c45b114897db6920f3e4a61a5ca66,0x69a1913d334b524ea1632461c78797c837ca9fa6,RFuel,RFuel,0xc91e61e628fa9002da98735072f6f27d3c23843e71ca064bfd694c49756c5db4_RFuel,1664601453,1664601453,1,1.6381115141760498e+22,16381.115141760498,11.476609176286388,0,0,0.800000,bridge_dst_event_flow,True
BNB,Poly,bnb_flow_0xc91e61e628fa__synth_split_c,0xc91e61e628fa9002da98735072f6f27d3c23843e71ca064bfd694c49756c5db4,0x2f7ac9436ba4b548f9582af91ca1ef02cd2f1f03|0x69a1913d334b524ea1632461c78797c837ca9fa6|0x88f859db067c45b114897db6920f3e4a61a5ca66,0x88f859db067c45b114897db6920f3e4a61a5ca66,0x69a1913d334b524ea1632461c78797c837ca9fa6,RFuel,RFuel,0xc91e61e628fa9002da98735072f6f27d3c23843e71ca064bfd694c49756c5db4_RFuel,1664601453,1664601453,1,1.6381115141760498e+22,16381.115141760498,11.476609176286388,0,0,0.800000,bridge_dst_event_flow,True
BNB,Poly,bnb_flow_0xc91e61e628fa__synth_split_d,0xc91e61e628fa9002da98735072f6f27d3c23843e71ca064bfd694c49756c5db4,0x2f7ac9436ba4b548f9582af91ca1ef02cd2f1f03|0x69a1913d334b524ea1632461c78797c837ca9fa6|0x88f859db067c45b114897db6920f3e4a61a5ca66,0x88f859db067c45b114897db6920f3e4a61a5ca66,0x69a1913d334b524ea1632461c78797c837ca9fa6,RFuel,RFuel,0xc91e61e628fa9002da98735072f6f27d3c23843e71ca064bfd694c49756c5db4_RFuel,1664601453,1664601453,1,1.6381115141760498e+22,16381.115141760498,11.476609176286388,0,0,0.800000,bridge_dst_event_flow,True
BNB,Poly,bnb_flow_0xc91e61e628fa__synth_merge_dst,0xc91e61e628fa9002da98735072f6f27d3c23843e71ca064bfd694c49756c5db4,0x2f7ac9436ba4b548f9582af91ca1ef02cd2f1f03|0x69a1913d334b524ea1632461c78797c837ca9fa6|0x88f859db067c45b114897db6920f3e4a61a5ca66,0x88f859db067c45b114897db6920f3e4a61a5ca66,0x69a1913d334b524ea1632461c78797c837ca9fa6,RFuel,RFuel,0xc91e61e628fa9002da98735072f6f27d3c23843e71ca064bfd694c49756c5db4_RFuel,1664601453,1664601453,1,6.552446056704199e+22,65524.46056704199,45.90643670514555,0,0,0.800000,bridge_dst_event_flow,True
BNB,Poly,bnb_flow_0xc91e61e628fa__synth_hidden_dst,0xc91e61e628fa9002da98735072f6f27d3c23843e71ca064bfd694c49756c5db4,0x2f7ac9436ba4b548f9582af91ca1ef02cd2f1f03|0x69a1913d334b524ea1632461c78797c837ca9fa6|0x88f859db067c45b114897db6920f3e4a61a5ca66,0x88f859db067c45b114897db6920f3e4a61a5ca66,0x69a1913d334b524ea1632461c78797c837ca9fa6,RFuel,RFuel,0xc91e61e628fa9002da98735072f6f27d3c23843e71ca064bfd694c49756c5db4_RFuel,1664601453,1664601453,1,6.552446056704199e+22,65524.46056704199,45.90643670514555,0,0,0.800000,bridge_dst_event_flow,True
BNB,Poly,bnb_flow_0xc91e61e628fa__synth_noise_dst_0,0xc91e61e628fa9002da98735072f6f27d3c23843e71ca064bfd694c49756c5db4,0x2f7ac9436ba4b548f9582af91ca1ef02cd2f1f03|0x69a1913d334b524ea1632461c78797c837ca9fa6|0x88f859db067c45b114897db6920f3e4a61a5ca66,0x88f859db067c45b114897db6920f3e4a61a5ca66,0x69a1913d334b524ea1632461c78797c837ca9fa6,RFuel,RFuel,0xc91e61e628fa9002da98735072f6f27d3c23843e71ca064bfd694c49756c5db4_RFuel,1664601513,1664601513,1,6.552446056704199e+22,65524.46056704199,45.90643670514555,0,0,0.800000,bridge_dst_event_flow,True
BNB,Poly,bnb_flow_0xc91e61e628fa__synth_noise_dst_1,0xc91e61e628fa9002da98735072f6f27d3c23843e71ca064bfd694c49756c5db4,0x2f7ac9436ba4b548f9582af91ca1ef02cd2f1f03|0x69a1913d334b524ea1632461c78797c837ca9fa6|0x88f859db067c45b114897db6920f3e4a61a5ca66,0x88f859db067c45b114897db6920f3e4a61a5ca66,0x69a1913d334b524ea1632461c78797c837ca9fa6,RFuel,RFuel,0xc91e61e628fa9002da98735072f6f27d3c23843e71ca064bfd694c49756c5db4_RFuel,1664601573,1664601573,1,6.552446056704199e+22,65524.46056704199,45.90643670514555,0,0,0.800000,bridge_dst_event_flow,True
BNB,Poly,bnb_flow_0x14caf46bf4ae__synth_split_a,0x14caf46bf4ae919e67828186b6abb9a7c4870a29211e1eb2c8dfdd008c13fc2e,0x2f7ac9436ba4b548f9582af91ca1ef02cd2f1f03|0x4e1b16ef22935a575a6811d4616f98c4077e4408|0xf2ce52e3d0eb5d237341c9a75ca24647d87d7e55,0xf2ce52e3d0eb5d237341c9a75ca24647d87d7e55,0x4e1b16ef22935a575a6811d4616f98c4077e4408,KEL,KEL,0x14caf46bf4ae919e67828186b6abb9a7c4870a29211e1eb2c8dfdd008c13fc2e_KEL,1671633651,1671633651,1,2.7277425142404798e+22,27277.4251424048,30.521790754723344,0,0,0.800000,bridge_dst_event_flow,True
BNB,Poly,bnb_flow_0x14caf46bf4ae__synth_split_b,0x14caf46bf4ae919e67828186b6abb9a7c4870a29211e1eb2c8dfdd008c13fc2e,0x2f7ac9436ba4b548f9582af91ca1ef02cd2f1f03|0x4e1b16ef22935a575a6811d4616f98c4077e4408|0xf2ce52e3d0eb5d237341c9a75ca24647d87d7e55,0xf2ce52e3d0eb5d237341c9a75ca24647d87d7e55,0x4e1b16ef22935a575a6811d4616f98c4077e4408,KEL,KEL,0x14caf46bf4ae919e67828186b6abb9a7c4870a29211e1eb2c8dfdd008c13fc2e_KEL,1671633651,1671633651,1,2.7277425142404798e+22,27277.4251424048,30.521790754723344,0,0,0.800000,bridge_dst_event_flow,True
BNB,Poly,bnb_flow_0x14caf46bf4ae__synth_merge_dst,0x14caf46bf4ae919e67828186b6abb9a7c4870a29211e1eb2c8dfdd008c13fc2e,0x2f7ac9436ba4b548f9582af91ca1ef02cd2f1f03|0x4e1b16ef22935a575a6811d4616f98c4077e4408|0xf2ce52e3d0eb5d237341c9a75ca24647d87d7e55,0xf2ce52e3d0eb5d237341c9a75ca24647d87d7e55,0x4e1b16ef22935a575a6811d4616f98c4077e4408,KEL,KEL,0x14caf46bf4ae919e67828186b6abb9a7c4870a29211e1eb2c8dfdd008c13fc2e_KEL,1671633651,1671633651,1,5.4554850284809595e+22,54554.8502848096,61.04358150944669,0,0,0.800000,bridge_dst_event_flow,True
BNB,Poly,bnb_flow_0x14caf46bf4ae__synth_hidden_dst,0x14caf46bf4ae919e67828186b6abb9a7c4870a29211e1eb2c8dfdd008c13fc2e,0x2f7ac9436ba4b548f9582af91ca1ef02cd2f1f03|0x4e1b16ef22935a575a6811d4616f98c4077e4408|0xf2ce52e3d0eb5d237341c9a75ca24647d87d7e55,0xf2ce52e3d0eb5d237341c9a75ca24647d87d7e55,0x4e1b16ef22935a575a6811d4616f98c4077e4408,KEL,KEL,0x14caf46bf4ae919e67828186b6abb9a7c4870a29211e1eb2c8dfdd008c13fc2e_KEL,1671633651,1671633651,1,5.4554850284809595e+22,54554.8502848096,61.04358150944669,0,0,0.800000,bridge_dst_event_flow,True
BNB,Poly,bnb_flow_0x14caf46bf4ae__synth_noise_dst_0,0x14caf46bf4ae919e67828186b6abb9a7c4870a29211e1eb2c8dfdd008c13fc2e,0x2f7ac9436ba4b548f9582af91ca1ef02cd2f1f03|0x4e1b16ef22935a575a6811d4616f98c4077e4408|0xf2ce52e3d0eb5d237341c9a75ca24647d87d7e55,0xf2ce52e3d0eb5d237341c9a75ca24647d87d7e55,0x4e1b16ef22935a575a6811d4616f98c4077e4408,KEL,KEL,0x14caf46bf4ae919e67828186b6abb9a7c4870a29211e1eb2c8dfdd008c13fc2e_KEL,1671633711,1671633711,1,5.4554850284809595e+22,54554.8502848096,61.04358150944669,0,0,0.800000,bridge_dst_event_flow,True
BNB,Poly,bnb_flow_0x14caf46bf4ae__synth_noise_dst_1,0x14caf46bf4ae919e67828186b6abb9a7c4870a29211e1eb2c8dfdd008c13fc2e,0x2f7ac9436ba4b548f9582af91ca1ef02cd2f1f03|0x4e1b16ef22935a575a6811d4616f98c4077e4408|0xf2ce52e3d0eb5d237341c9a75ca24647d87d7e55,0xf2ce52e3d0eb5d237341c9a75ca24647d87d7e55,0x4e1b16ef22935a575a6811d4616f98c4077e4408,KEL,KEL,0x14caf46bf4ae919e67828186b6abb9a7c4870a29211e1eb2c8dfdd008c13fc2e_KEL,1671633771,1671633771,1,5.4554850284809595e+22,54554.8502848096,61.04358150944669,0,0,0.800000,bridge_dst_event_flow,True
BNB,Poly,bnb_flow_0xfd48f37ef742__synth_split_a,0xfd48f37ef742633a3877402dca6839bb629215bd7b3ae6ad156d7af62ac90823,0x2f7ac9436ba4b548f9582af91ca1ef02cd2f1f03|0xc49dde62b4a0810074721faca54aab52369f486a|0xfb5accdc56250c25e614c3b62d297a7eedf77d93,0xfb5accdc56250c25e614c3b62d297a7eedf77d93,0xc49dde62b4a0810074721faca54aab52369f486a,PKR,PKR,0xfd48f37ef742633a3877402dca6839bb629215bd7b3ae6ad156d7af62ac90823_PKR,1668112370,1668112370,1,1.34920675e+23,134920.67500000002,2.966681667722546,0,0,0.800000,bridge_dst_event_flow,True
BNB,Poly,bnb_flow_0xfd48f37ef742__synth_split_b,0xfd48f37ef742633a3877402dca6839bb629215bd7b3ae6ad156d7af62ac90823,0x2f7ac9436ba4b548f9582af91ca1ef02cd2f1f03|0xc49dde62b4a0810074721faca54aab52369f486a|0xfb5accdc56250c25e614c3b62d297a7eedf77d93,0xfb5accdc56250c25e614c3b62d297a7eedf77d93,0xc49dde62b4a0810074721faca54aab52369f486a,PKR,PKR,0xfd48f37ef742633a3877402dca6839bb629215bd7b3ae6ad156d7af62ac90823_PKR,1668112370,1668112370,1,1.34920675e+23,134920.67500000002,2.966681667722546,0,0,0.800000,bridge_dst_event_flow,True
BNB,Poly,bnb_flow_0xfd48f37ef742__synth_merge_dst,0xfd48f37ef742633a3877402dca6839bb629215bd7b3ae6ad156d7af62ac90823,0x2f7ac9436ba4b548f9582af91ca1ef02cd2f1f03|0xc49dde62b4a0810074721faca54aab52369f486a|0xfb5accdc56250c25e614c3b62d297a7eedf77d93,0xfb5accdc56250c25e614c3b62d297a7eedf77d93,0xc49dde62b4a0810074721faca54aab52369f486a,PKR,PKR,0xfd48f37ef742633a3877402dca6839bb629215bd7b3ae6ad156d7af62ac90823_PKR,1668112370,1668112370,1,2.6984135e+23,269841.35000000003,5.933363335445092,0,0,0.800000,bridge_dst_event_flow,True
BNB,Poly,bnb_flow_0xfd48f37ef742__synth_hidden_dst,0xfd48f37ef742633a3877402dca6839bb629215bd7b3ae6ad156d7af62ac90823,0x2f7ac9436ba4b548f9582af91ca1ef02cd2f1f03|0xc49dde62b4a0810074721faca54aab52369f486a|0xfb5accdc56250c25e614c3b62d297a7eedf77d93,0xfb5accdc56250c25e614c3b62d297a7eedf77d93,0xc49dde62b4a0810074721faca54aab52369f486a,PKR,PKR,0xfd48f37ef742633a3877402dca6839bb629215bd7b3ae6ad156d7af62ac90823_PKR,1668112370,1668112370,1,2.6984135e+23,269841.35000000003,5.933363335445092,0,0,0.800000,bridge_dst_event_flow,True
BNB,Poly,bnb_flow_0xfd48f37ef742__synth_noise_dst_0,0xfd48f37ef742633a3877402dca6839bb629215bd7b3ae6ad156d7af62ac90823,0x2f7ac9436ba4b548f9582af91ca1ef02cd2f1f03|0xc49dde62b4a0810074721faca54aab52369f486a|0xfb5accdc56250c25e614c3b62d297a7eedf77d93,0xfb5accdc56250c25e614c3b62d297a7eedf77d93,0xc49dde62b4a0810074721faca54aab52369f486a,PKR,PKR,0xfd48f37ef742633a3877402dca6839bb629215bd7b3ae6ad156d7af62ac90823_PKR,1668112430,1668112430,1,2.6984135e+23,269841.35000000003,5.933363335445092,0,0,0.800000,bridge_dst_event_flow,True
BNB,Poly,bnb_flow_0xfd48f37ef742__synth_noise_dst_1,0xfd48f37ef742633a3877402dca6839bb629215bd7b3ae6ad156d7af62ac90823,0x2f7ac9436ba4b548f9582af91ca1ef02cd2f1f03|0xc49dde62b4a0810074721faca54aab52369f486a|0xfb5accdc56250c25e614c3b62d297a7eedf77d93,0xfb5accdc56250c25e614c3b62d297a7eedf77d93,0xc49dde62b4a0810074721faca54aab52369f486a,PKR,PKR,0xfd48f37ef742633a3877402dca6839bb629215bd7b3ae6ad156d7af62ac90823_PKR,1668112490,1668112490,1,2.6984135e+23,269841.35000000003,5.933363335445092,0,0,0.800000,bridge_dst_event_flow,True
BNB,Poly,bnb_flow_0x2e0b2e02aaa3__synth_split_a,0x2e0b2e02aaa3a539bc7dcf50ce804c075aea8ea21cc4d6a47572322baf7725e6,0x2f7ac9436ba4b548f9582af91ca1ef02cd2f1f03|0x69a1913d334b524ea1632461c78797c837ca9fa6|0xd54e4f8a55247487dd7c8c59f14ee5c0c2889477,0xd54e4f8a55247487dd7c8c59f14ee5c0c2889477,0x69a1913d334b524ea1632461c78797c837ca9fa6,RFuel,RFuel,0x2e0b2e02aaa3a539bc7dcf50ce804c075aea8ea21cc4d6a47572322baf7725e6_RFuel,1664599145,1664599145,1,3.7875690594302905e+22,37875.690594302905,26.535708617578564,0,0,0.800000,bridge_dst_event_flow,True
BNB,Poly,bnb_flow_0x2e0b2e02aaa3__synth_split_b,0x2e0b2e02aaa3a539bc7dcf50ce804c075aea8ea21cc4d6a47572322baf7725e6,0x2f7ac9436ba4b548f9582af91ca1ef02cd2f1f03|0x69a1913d334b524ea1632461c78797c837ca9fa6|0xd54e4f8a55247487dd7c8c59f14ee5c0c2889477,0xd54e4f8a55247487dd7c8c59f14ee5c0c2889477,0x69a1913d334b524ea1632461c78797c837ca9fa6,RFuel,RFuel,0x2e0b2e02aaa3a539bc7dcf50ce804c075aea8ea21cc4d6a47572322baf7725e6_RFuel,1664599145,1664599145,1,3.7875690594302905e+22,37875.690594302905,26.535708617578564,0,0,0.800000,bridge_dst_event_flow,True
BNB,Poly,bnb_flow_0x2e0b2e02aaa3__synth_merge_dst,0x2e0b2e02aaa3a539bc7dcf50ce804c075aea8ea21cc4d6a47572322baf7725e6,0x2f7ac9436ba4b548f9582af91ca1ef02cd2f1f03|0x69a1913d334b524ea1632461c78797c837ca9fa6|0xd54e4f8a55247487dd7c8c59f14ee5c0c2889477,0xd54e4f8a55247487dd7c8c59f14ee5c0c2889477,0x69a1913d334b524ea1632461c78797c837ca9fa6,RFuel,RFuel,0x2e0b2e02aaa3a539bc7dcf50ce804c075aea8ea21cc4d6a47572322baf7725e6_RFuel,1664599145,1664599145,1,7.575138118860581e+22,75751.38118860581,53.07141723515713,0,0,0.800000,bridge_dst_event_flow,True
BNB,Poly,bnb_flow_0x2e0b2e02aaa3__synth_hidden_dst,0x2e0b2e02aaa3a539bc7dcf50ce804c075aea8ea21cc4d6a47572322baf7725e6,0x2f7ac9436ba4b548f9582af91ca1ef02cd2f1f03|0x69a1913d334b524ea1632461c78797c837ca9fa6|0xd54e4f8a55247487dd7c8c59f14ee5c0c2889477,0xd54e4f8a55247487dd7c8c59f14ee5c0c2889477,0x69a1913d334b524ea1632461c78797c837ca9fa6,RFuel,RFuel,0x2e0b2e02aaa3a539bc7dcf50ce804c075aea8ea21cc4d6a47572322baf7725e6_RFuel,1664599145,1664599145,1,7.575138118860581e+22,75751.38118860581,53.07141723515713,0,0,0.800000,bridge_dst_event_flow,True
BNB,Poly,bnb_flow_0x2e0b2e02aaa3__synth_noise_dst_0,0x2e0b2e02aaa3a539bc7dcf50ce804c075aea8ea21cc4d6a47572322baf7725e6,0x2f7ac9436ba4b548f9582af91ca1ef02cd2f1f03|0x69a1913d334b524ea1632461c78797c837ca9fa6|0xd54e4f8a55247487dd7c8c59f14ee5c0c2889477,0xd54e4f8a55247487dd7c8c59f14ee5c0c2889477,0x69a1913d334b524ea1632461c78797c837ca9fa6,RFuel,RFuel,0x2e0b2e02aaa3a539bc7dcf50ce804c075aea8ea21cc4d6a47572322baf7725e6_RFuel,1664599205,1664599205,1,7.575138118860581e+22,75751.38118860581,53.07141723515713,0,0,0.800000,bridge_dst_event_flow,True
BNB,Poly,bnb_flow_0x2e0b2e02aaa3__synth_noise_dst_1,0x2e0b2e02aaa3a539bc7dcf50ce804c075aea8ea21cc4d6a47572322baf7725e6,0x2f7ac9436ba4b548f9582af91ca1ef02cd2f1f03|0x69a1913d334b524ea1632461c78797c837ca9fa6|0xd54e4f8a55247487dd7c8c59f14ee5c0c2889477,0xd54e4f8a55247487dd7c8c59f14ee5c0c2889477,0x69a1913d334b524ea1632461c78797c837ca9fa6,RFuel,RFuel,0x2e0b2e02aaa3a539bc7dcf50ce804c075aea8ea21cc4d6a47572322baf7725e6_RFuel,1664599265,1664599265,1,7.575138118860581e+22,75751.38118860581,53.07141723515713,0,0,0.800000,bridge_dst_event_flow,True
BNB,Poly,bnb_flow_0xdb84ab2dd54d__synth_split_a,0xdb84ab2dd54d4d410432a0dfb1d0d0188c4ca49e2b2deec075963109c4e3a92b,0x2f7ac9436ba4b548f9582af91ca1ef02cd2f1f03|0x69a1913d334b524ea1632461c78797c837ca9fa6|0xa787f09349999a61434cfb75118c6a9d0cac9406,0xa787f09349999a61434cfb75118c6a9d0cac9406,0x69a1913d334b524ea1632461c78797c837ca9fa6,RFuel,RFuel,0xdb84ab2dd54d4d410432a0dfb1d0d0188c4ca49e2b2deec075963109c4e3a92b_RFuel,1651486443,1651486443,1,6.49667026497935e+22,64966.70264979351,45.51567151145481,0,0,0.825000,bridge_dst_event_flow,True
BNB,Poly,bnb_flow_0xdb84ab2dd54d__synth_split_b,0xdb84ab2dd54d4d410432a0dfb1d0d0188c4ca49e2b2deec075963109c4e3a92b,0x2f7ac9436ba4b548f9582af91ca1ef02cd2f1f03|0x69a1913d334b524ea1632461c78797c837ca9fa6|0xa787f09349999a61434cfb75118c6a9d0cac9406,0xa787f09349999a61434cfb75118c6a9d0cac9406,0x69a1913d334b524ea1632461c78797c837ca9fa6,RFuel,RFuel,0xdb84ab2dd54d4d410432a0dfb1d0d0188c4ca49e2b2deec075963109c4e3a92b_RFuel,1651486443,1651486443,1,6.49667026497935e+22,64966.70264979351,45.51567151145481,0,0,0.825000,bridge_dst_event_flow,True
BNB,Poly,bnb_flow_0xdb84ab2dd54d__synth_merge_dst,0xdb84ab2dd54d4d410432a0dfb1d0d0188c4ca49e2b2deec075963109c4e3a92b,0x2f7ac9436ba4b548f9582af91ca1ef02cd2f1f03|0x69a1913d334b524ea1632461c78797c837ca9fa6|0xa787f09349999a61434cfb75118c6a9d0cac9406,0xa787f09349999a61434cfb75118c6a9d0cac9406,0x69a1913d334b524ea1632461c78797c837ca9fa6,RFuel,RFuel,0xdb84ab2dd54d4d410432a0dfb1d0d0188c4ca49e2b2deec075963109c4e3a92b_RFuel,1651486443,1651486443,1,1.29933405299587e+23,129933.40529958702,91.03134302290962,0,0,0.825000,bridge_dst_event_flow,True
BNB,Poly,bnb_flow_0xdb84ab2dd54d__synth_hidden_dst,0xdb84ab2dd54d4d410432a0dfb1d0d0188c4ca49e2b2deec075963109c4e3a92b,0x2f7ac9436ba4b548f9582af91ca1ef02cd2f1f03|0x69a1913d334b524ea1632461c78797c837ca9fa6|0xa787f09349999a61434cfb75118c6a9d0cac9406,0xa787f09349999a61434cfb75118c6a9d0cac9406,0x69a1913d334b524ea1632461c78797c837ca9fa6,RFuel,RFuel,0xdb84ab2dd54d4d410432a0dfb1d0d0188c4ca49e2b2deec075963109c4e3a92b_RFuel,1651486443,1651486443,1,1.29933405299587e+23,129933.40529958702,91.03134302290962,0,0,0.825000,bridge_dst_event_flow,True
BNB,Poly,bnb_flow_0xdb84ab2dd54d__synth_noise_dst_0,0xdb84ab2dd54d4d410432a0dfb1d0d0188c4ca49e2b2deec075963109c4e3a92b,0x2f7ac9436ba4b548f9582af91ca1ef02cd2f1f03|0x69a1913d334b524ea1632461c78797c837ca9fa6|0xa787f09349999a61434cfb75118c6a9d0cac9406,0xa787f09349999a61434cfb75118c6a9d0cac9406,0x69a1913d334b524ea1632461c78797c837ca9fa6,RFuel,RFuel,0xdb84ab2dd54d4d410432a0dfb1d0d0188c4ca49e2b2deec075963109c4e3a92b_RFuel,1651486503,1651486503,1,1.29933405299587e+23,129933.40529958702,91.03134302290962,0,0,0.825000,bridge_dst_event_flow,True
BNB,Poly,bnb_flow_0xdb84ab2dd54d__synth_noise_dst_1,0xdb84ab2dd54d4d410432a0dfb1d0d0188c4ca49e2b2deec075963109c4e3a92b,0x2f7ac9436ba4b548f9582af91ca1ef02cd2f1f03|0x69a1913d334b524ea1632461c78797c837ca9fa6|0xa787f09349999a61434cfb75118c6a9d0cac9406,0xa787f09349999a61434cfb75118c6a9d0cac9406,0x69a1913d334b524ea1632461c78797c837ca9fa6,RFuel,RFuel,0xdb84ab2dd54d4d410432a0dfb1d0d0188c4ca49e2b2deec075963109c4e3a92b_RFuel,1651486563,1651486563,1,1.29933405299587e+23,129933.40529958702,91.03134302290962,0,0,0.825000,bridge_dst_event_flow,True
BNB,Poly,bnb_flow_0x4759f2782370__synth_split_a,0x4759f2782370e68e7b9770019bdaa775d95f01b020f9b8eea4767ef8e29b6542,0x2f7ac9436ba4b548f9582af91ca1ef02cd2f1f03|0x8594d8e9483473626908648a5539d9d65ca2fe8d|0xe552fb52a4f19e44ef5a967632dbc320b0820639,0x8594d8e9483473626908648a5539d9d65ca2fe8d,0xe552fb52a4f19e44ef5a967632dbc320b0820639,Metis,Metis,0x4759f2782370e68e7b9770019bdaa775d95f01b020f9b8eea4767ef8e29b6542_Metis,1659202828,1659202828,1,4.665955e+19,46.65955,126.88245925182605,0,0,0.825000,bridge_dst_event_flow,True
BNB,Poly,bnb_flow_0x4759f2782370__synth_split_b,0x4759f2782370e68e7b9770019bdaa775d95f01b020f9b8eea4767ef8e29b6542,0x2f7ac9436ba4b548f9582af91ca1ef02cd2f1f03|0x8594d8e9483473626908648a5539d9d65ca2fe8d|0xe552fb52a4f19e44ef5a967632dbc320b0820639,0x8594d8e9483473626908648a5539d9d65ca2fe8d,0xe552fb52a4f19e44ef5a967632dbc320b0820639,Metis,Metis,0x4759f2782370e68e7b9770019bdaa775d95f01b020f9b8eea4767ef8e29b6542_Metis,1659202828,1659202828,1,4.665955e+19,46.65955,126.88245925182605,0,0,0.825000,bridge_dst_event_flow,True
BNB,Poly,bnb_flow_0x4759f2782370__synth_merge_dst,0x4759f2782370e68e7b9770019bdaa775d95f01b020f9b8eea4767ef8e29b6542,0x2f7ac9436ba4b548f9582af91ca1ef02cd2f1f03|0x8594d8e9483473626908648a5539d9d65ca2fe8d|0xe552fb52a4f19e44ef5a967632dbc320b0820639,0x8594d8e9483473626908648a5539d9d65ca2fe8d,0xe552fb52a4f19e44ef5a967632dbc320b0820639,Metis,Metis,0x4759f2782370e68e7b9770019bdaa775d95f01b020f9b8eea4767ef8e29b6542_Metis,1659202828,1659202828,1,9.33191e+19,93.3191,253.7649185036521,0,0,0.825000,bridge_dst_event_flow,True
BNB,Poly,bnb_flow_0x4759f2782370__synth_hidden_dst,0x4759f2782370e68e7b9770019bdaa775d95f01b020f9b8eea4767ef8e29b6542,0x2f7ac9436ba4b548f9582af91ca1ef02cd2f1f03|0x8594d8e9483473626908648a5539d9d65ca2fe8d|0xe552fb52a4f19e44ef5a967632dbc320b0820639,0x8594d8e9483473626908648a5539d9d65ca2fe8d,0xe552fb52a4f19e44ef5a967632dbc320b0820639,Metis,Metis,0x4759f2782370e68e7b9770019bdaa775d95f01b020f9b8eea4767ef8e29b6542_Metis,1659202828,1659202828,1,9.33191e+19,93.3191,253.7649185036521,0,0,0.825000,bridge_dst_event_flow,True
BNB,Poly,bnb_flow_0x4759f2782370__synth_noise_dst_0,0x4759f2782370e68e7b9770019bdaa775d95f01b020f9b8eea4767ef8e29b6542,0x2f7ac9436ba4b548f9582af91ca1ef02cd2f1f03|0x8594d8e9483473626908648a5539d9d65ca2fe8d|0xe552fb52a4f19e44ef5a967632dbc320b0820639,0x8594d8e9483473626908648a5539d9d65ca2fe8d,0xe552fb52a4f19e44ef5a967632dbc320b0820639,Metis,Metis,0x4759f2782370e68e7b9770019bdaa775d95f01b020f9b8eea4767ef8e29b6542_Metis,1659202888,1659202888,1,9.33191e+19,93.3191,253.7649185036521,0,0,0.825000,bridge_dst_event_flow,True
BNB,Poly,bnb_flow_0x4759f2782370__synth_noise_dst_1,0x4759f2782370e68e7b9770019bdaa775d95f01b020f9b8eea4767ef8e29b6542,0x2f7ac9436ba4b548f9582af91ca1ef02cd2f1f03|0x8594d8e9483473626908648a5539d9d65ca2fe8d|0xe552fb52a4f19e44ef5a967632dbc320b0820639,0x8594d8e9483473626908648a5539d9d65ca2fe8d,0xe552fb52a4f19e44ef5a967632dbc320b0820639,Metis,Metis,0x4759f2782370e68e7b9770019bdaa775d95f01b020f9b8eea4767ef8e29b6542_Metis,1659202948,1659202948,1,9.33191e+19,93.3191,253.7649185036521,0,0,0.825000,bridge_dst_event_flow,True
BNB,Poly,bnb_flow_0x63b145fc9840__synth_split_a,0x63b145fc984019e14e105283ec9c6fb2e1b1a5002fb61a477b07d14390360ad8,0x2f7ac9436ba4b548f9582af91ca1ef02cd2f1f03|0x92bc4d57c9ca7f74b3f08e80515855f43a03fb19|0xe552fb52a4f19e44ef5a967632dbc320b0820639,0x92bc4d57c9ca7f74b3f08e80515855f43a03fb19,0xe552fb52a4f19e44ef5a967632dbc320b0820639,Metis,Metis,0x63b145fc984019e14e105283ec9c6fb2e1b1a5002fb61a477b07d14390360ad8_Metis,1652943319,1652943319,1,3.935776081418621e+19,39.35776081418621,107.02652474679024,0,0,0.825000,bridge_dst_event_flow,True
BNB,Poly,bnb_flow_0x63b145fc9840__synth_split_b,0x63b145fc984019e14e105283ec9c6fb2e1b1a5002fb61a477b07d14390360ad8,0x2f7ac9436ba4b548f9582af91ca1ef02cd2f1f03|0x92bc4d57c9ca7f74b3f08e80515855f43a03fb19|0xe552fb52a4f19e44ef5a967632dbc320b0820639,0x92bc4d57c9ca7f74b3f08e80515855f43a03fb19,0xe552fb52a4f19e44ef5a967632dbc320b0820639,Metis,Metis,0x63b145fc984019e14e105283ec9c6fb2e1b1a5002fb61a477b07d14390360ad8_Metis,1652943319,1652943319,1,3.935776081418621e+19,39.35776081418621,107.02652474679024,0,0,0.825000,bridge_dst_event_flow,True
BNB,Poly,bnb_flow_0x63b145fc9840__synth_merge_dst,0x63b145fc984019e14e105283ec9c6fb2e1b1a5002fb61a477b07d14390360ad8,0x2f7ac9436ba4b548f9582af91ca1ef02cd2f1f03|0x92bc4d57c9ca7f74b3f08e80515855f43a03fb19|0xe552fb52a4f19e44ef5a967632dbc320b0820639,0x92bc4d57c9ca7f74b3f08e80515855f43a03fb19,0xe552fb52a4f19e44ef5a967632dbc320b0820639,Metis,Metis,0x63b145fc984019e14e105283ec9c6fb2e1b1a5002fb61a477b07d14390360ad8_Metis,1652943319,1652943319,1,7.871552162837242e+19,78.71552162837241,214.0530494935805,0,0,0.825000,bridge_dst_event_flow,True
BNB,Poly,bnb_flow_0x63b145fc9840__synth_hidden_dst,0x63b145fc984019e14e105283ec9c6fb2e1b1a5002fb61a477b07d14390360ad8,0x2f7ac9436ba4b548f9582af91ca1ef02cd2f1f03|0x92bc4d57c9ca7f74b3f08e80515855f43a03fb19|0xe552fb52a4f19e44ef5a967632dbc320b0820639,0x92bc4d57c9ca7f74b3f08e80515855f43a03fb19,0xe552fb52a4f19e44ef5a967632dbc320b0820639,Metis,Metis,0x63b145fc984019e14e105283ec9c6fb2e1b1a5002fb61a477b07d14390360ad8_Metis,1652943319,1652943319,1,7.871552162837242e+19,78.71552162837241,214.0530494935805,0,0,0.825000,bridge_dst_event_flow,True
BNB,Poly,bnb_flow_0x63b145fc9840__synth_noise_dst_0,0x63b145fc984019e14e105283ec9c6fb2e1b1a5002fb61a477b07d14390360ad8,0x2f7ac9436ba4b548f9582af91ca1ef02cd2f1f03|0x92bc4d57c9ca7f74b3f08e80515855f43a03fb19|0xe552fb52a4f19e44ef5a967632dbc320b0820639,0x92bc4d57c9ca7f74b3f08e80515855f43a03fb19,0xe552fb52a4f19e44ef5a967632dbc320b0820639,Metis,Metis,0x63b145fc984019e14e105283ec9c6fb2e1b1a5002fb61a477b07d14390360ad8_Metis,1652943379,1652943379,1,7.871552162837242e+19,78.71552162837241,214.0530494935805,0,0,0.825000,bridge_dst_event_flow,True
BNB,Poly,bnb_flow_0x63b145fc9840__synth_noise_dst_1,0x63b145fc984019e14e105283ec9c6fb2e1b1a5002fb61a477b07d14390360ad8,0x2f7ac9436ba4b548f9582af91ca1ef02cd2f1f03|0x92bc4d57c9ca7f74b3f08e80515855f43a03fb19|0xe552fb52a4f19e44ef5a967632dbc320b0820639,0x92bc4d57c9ca7f74b3f08e80515855f43a03fb19,0xe552fb52a4f19e44ef5a967632dbc320b0820639,Metis,Metis,0x63b145fc984019e14e105283ec9c6fb2e1b1a5002fb61a477b07d14390360ad8_Metis,1652943439,1652943439,1,7.871552162837242e+19,78.71552162837241,214.0530494935805,0,0,0.825000,bridge_dst_event_flow,True
BNB,Poly,bnb_flow_0xab338b629e97__synth_split_a,0xab338b629e97b106a6fcc392f54b7c741763dbbdeaaa5e046311aa9568199c71,0x2f7ac9436ba4b548f9582af91ca1ef02cd2f1f03|0x8594d8e9483473626908648a5539d9d65ca2fe8d|0xe552fb52a4f19e44ef5a967632dbc320b0820639,0x8594d8e9483473626908648a5539d9d65ca2fe8d,0xe552fb52a4f19e44ef5a967632dbc320b0820639,Metis,Metis,0xab338b629e97b106a6fcc392f54b7c741763dbbdeaaa5e046311aa9568199c71_Metis,1653667739,1653667739,1,1.638863415510821e+19,16.38863415510821,44.56601500397244,0,0,0.825000,bridge_dst_event_flow,True
BNB,Poly,bnb_flow_0xab338b629e97__synth_split_b,0xab338b629e97b106a6fcc392f54b7c741763dbbdeaaa5e046311aa9568199c71,0x2f7ac9436ba4b548f9582af91ca1ef02cd2f1f03|0x8594d8e9483473626908648a5539d9d65ca2fe8d|0xe552fb52a4f19e44ef5a967632dbc320b0820639,0x8594d8e9483473626908648a5539d9d65ca2fe8d,0xe552fb52a4f19e44ef5a967632dbc320b0820639,Metis,Metis,0xab338b629e97b106a6fcc392f54b7c741763dbbdeaaa5e046311aa9568199c71_Metis,1653667739,1653667739,1,1.638863415510821e+19,16.38863415510821,44.56601500397244,0,0,0.825000,bridge_dst_event_flow,True
BNB,Poly,bnb_flow_0xab338b629e97__synth_split_c,0xab338b629e97b106a6fcc392f54b7c741763dbbdeaaa5e046311aa9568199c71,0x2f7ac9436ba4b548f9582af91ca1ef02cd2f1f03|0x8594d8e9483473626908648a5539d9d65ca2fe8d|0xe552fb52a4f19e44ef5a967632dbc320b0820639,0x8594d8e9483473626908648a5539d9d65ca2fe8d,0xe552fb52a4f19e44ef5a967632dbc320b0820639,Metis,Metis,0xab338b629e97b106a6fcc392f54b7c741763dbbdeaaa5e046311aa9568199c71_Metis,1653667739,1653667739,1,1.638863415510821e+19,16.38863415510821,44.56601500397244,0,0,0.825000,bridge_dst_event_flow,True
BNB,Poly,bnb_flow_0xab338b629e97__synth_split_d,0xab338b629e97b106a6fcc392f54b7c741763dbbdeaaa5e046311aa9568199c71,0x2f7ac9436ba4b548f9582af91ca1ef02cd2f1f03|0x8594d8e9483473626908648a5539d9d65ca2fe8d|0xe552fb52a4f19e44ef5a967632dbc320b0820639,0x8594d8e9483473626908648a5539d9d65ca2fe8d,0xe552fb52a4f19e44ef5a967632dbc320b0820639,Metis,Metis,0xab338b629e97b106a6fcc392f54b7c741763dbbdeaaa5e046311aa9568199c71_Metis,1653667739,1653667739,1,1.638863415510821e+19,16.38863415510821,44.56601500397244,0,0,0.825000,bridge_dst_event_flow,True
BNB,Poly,bnb_flow_0xab338b629e97__synth_split_e,0xab338b629e97b106a6fcc392f54b7c741763dbbdeaaa5e046311aa9568199c71,0x2f7ac9436ba4b548f9582af91ca1ef02cd2f1f03|0x8594d8e9483473626908648a5539d9d65ca2fe8d|0xe552fb52a4f19e44ef5a967632dbc320b0820639,0x8594d8e9483473626908648a5539d9d65ca2fe8d,0xe552fb52a4f19e44ef5a967632dbc320b0820639,Metis,Metis,0xab338b629e97b106a6fcc392f54b7c741763dbbdeaaa5e046311aa9568199c71_Metis,1653667739,1653667739,1,1.638863415510821e+19,16.38863415510821,44.56601500397244,0,0,0.825000,bridge_dst_event_flow,True
BNB,Poly,bnb_flow_0xab338b629e97__synth_split_f,0xab338b629e97b106a6fcc392f54b7c741763dbbdeaaa5e046311aa9568199c71,0x2f7ac9436ba4b548f9582af91ca1ef02cd2f1f03|0x8594d8e9483473626908648a5539d9d65ca2fe8d|0xe552fb52a4f19e44ef5a967632dbc320b0820639,0x8594d8e9483473626908648a5539d9d65ca2fe8d,0xe552fb52a4f19e44ef5a967632dbc320b0820639,Metis,Metis,0xab338b629e97b106a6fcc392f54b7c741763dbbdeaaa5e046311aa9568199c71_Metis,1653667739,1653667739,1,1.638863415510821e+19,16.38863415510821,44.56601500397244,0,0,0.825000,bridge_dst_event_flow,True
BNB,Poly,bnb_flow_0xab338b629e97__synth_split_g,0xab338b629e97b106a6fcc392f54b7c741763dbbdeaaa5e046311aa9568199c71,0x2f7ac9436ba4b548f9582af91ca1ef02cd2f1f03|0x8594d8e9483473626908648a5539d9d65ca2fe8d|0xe552fb52a4f19e44ef5a967632dbc320b0820639,0x8594d8e9483473626908648a5539d9d65ca2fe8d,0xe552fb52a4f19e44ef5a967632dbc320b0820639,Metis,Metis,0xab338b629e97b106a6fcc392f54b7c741763dbbdeaaa5e046311aa9568199c71_Metis,1653667739,1653667739,1,1.638863415510821e+19,16.38863415510821,44.56601500397244,0,0,0.825000,bridge_dst_event_flow,True
BNB,Poly,bnb_flow_0xab338b629e97__synth_split_h,0xab338b629e97b106a6fcc392f54b7c741763dbbdeaaa5e046311aa9568199c71,0x2f7ac9436ba4b548f9582af91ca1ef02cd2f1f03|0x8594d8e9483473626908648a5539d9d65ca2fe8d|0xe552fb52a4f19e44ef5a967632dbc320b0820639,0x8594d8e9483473626908648a5539d9d65ca2fe8d,0xe552fb52a4f19e44ef5a967632dbc320b0820639,Metis,Metis,0xab338b629e97b106a6fcc392f54b7c741763dbbdeaaa5e046311aa9568199c71_Metis,1653667739,1653667739,1,1.638863415510821e+19,16.38863415510821,44.56601500397244,0,0,0.825000,bridge_dst_event_flow,True
BNB,Poly,bnb_flow_0xab338b629e97__synth_merge_dst,0xab338b629e97b106a6fcc392f54b7c741763dbbdeaaa5e046311aa9568199c71,0x2f7ac9436ba4b548f9582af91ca1ef02cd2f1f03|0x8594d8e9483473626908648a5539d9d65ca2fe8d|0xe552fb52a4f19e44ef5a967632dbc320b0820639,0x8594d8e9483473626908648a5539d9d65ca2fe8d,0xe552fb52a4f19e44ef5a967632dbc320b0820639,Metis,Metis,0xab338b629e97b106a6fcc392f54b7c741763dbbdeaaa5e046311aa9568199c71_Metis,1653667739,1653667739,1,1.3110907324086569e+20,131.10907324086568,356.5281200317795,0,0,0.825000,bridge_dst_event_flow,True
BNB,Poly,bnb_flow_0xab338b629e97__synth_hidden_dst,0xab338b629e97b106a6fcc392f54b7c741763dbbdeaaa5e046311aa9568199c71,0x2f7ac9436ba4b548f9582af91ca1ef02cd2f1f03|0x8594d8e9483473626908648a5539d9d65ca2fe8d|0xe552fb52a4f19e44ef5a967632dbc320b0820639,0x8594d8e9483473626908648a5539d9d65ca2fe8d,0xe552fb52a4f19e44ef5a967632dbc320b0820639,Metis,Metis,0xab338b629e97b106a6fcc392f54b7c741763dbbdeaaa5e046311aa9568199c71_Metis,1653667739,1653667739,1,1.3110907324086569e+20,131.10907324086568,356.5281200317795,0,0,0.825000,bridge_dst_event_flow,True
BNB,Poly,bnb_flow_0xab338b629e97__synth_noise_dst_0,0xab338b629e97b106a6fcc392f54b7c741763dbbdeaaa5e046311aa9568199c71,0x2f7ac9436ba4b548f9582af91ca1ef02cd2f1f03|0x8594d8e9483473626908648a5539d9d65ca2fe8d|0xe552fb52a4f19e44ef5a967632dbc320b0820639,0x8594d8e9483473626908648a5539d9d65ca2fe8d,0xe552fb52a4f19e44ef5a967632dbc320b0820639,Metis,Metis,0xab338b629e97b106a6fcc392f54b7c741763dbbdeaaa5e046311aa9568199c71_Metis,1653667799,1653667799,1,1.3110907324086569e+20,131.10907324086568,356.5281200317795,0,0,0.825000,bridge_dst_event_flow,True
BNB,Poly,bnb_flow_0xab338b629e97__synth_noise_dst_1,0xab338b629e97b106a6fcc392f54b7c741763dbbdeaaa5e046311aa9568199c71,0x2f7ac9436ba4b548f9582af91ca1ef02cd2f1f03|0x8594d8e9483473626908648a5539d9d65ca2fe8d|0xe552fb52a4f19e44ef5a967632dbc320b0820639,0x8594d8e9483473626908648a5539d9d65ca2fe8d,0xe552fb52a4f19e44ef5a967632dbc320b0820639,Metis,Metis,0xab338b629e97b106a6fcc392f54b7c741763dbbdeaaa5e046311aa9568199c71_Metis,1653667859,1653667859,1,1.3110907324086569e+20,131.10907324086568,356.5281200317795,0,0,0.825000,bridge_dst_event_flow,True
BNB,Poly,bnb_flow_0xd069abcfc376__synth_split_a,0xd069abcfc376e39806ae82fe1ec61d4f9947cb2748b74709ff2d4dbf5c445089,0x2f7ac9436ba4b548f9582af91ca1ef02cd2f1f03|0x7a6a59588b8106045303e1923227a2cefbec2b66|0xe552fb52a4f19e44ef5a967632dbc320b0820639,0x7a6a59588b8106045303e1923227a2cefbec2b66,0xe552fb52a4f19e44ef5a967632dbc320b0820639,Metis,Metis,0xd069abcfc376e39806ae82fe1ec61d4f9947cb2748b74709ff2d4dbf5c445089_Metis,1660755968,1660755968,1,4.2280632e+19,42.280632,114.9747600840868,0,0,0.825000,bridge_dst_event_flow,True
BNB,Poly,bnb_flow_0xd069abcfc376__synth_split_b,0xd069abcfc376e39806ae82fe1ec61d4f9947cb2748b74709ff2d4dbf5c445089,0x2f7ac9436ba4b548f9582af91ca1ef02cd2f1f03|0x7a6a59588b8106045303e1923227a2cefbec2b66|0xe552fb52a4f19e44ef5a967632dbc320b0820639,0x7a6a59588b8106045303e1923227a2cefbec2b66,0xe552fb52a4f19e44ef5a967632dbc320b0820639,Metis,Metis,0xd069abcfc376e39806ae82fe1ec61d4f9947cb2748b74709ff2d4dbf5c445089_Metis,1660755968,1660755968,1,4.2280632e+19,42.280632,114.9747600840868,0,0,0.825000,bridge_dst_event_flow,True
BNB,Poly,bnb_flow_0xd069abcfc376__synth_merge_dst,0xd069abcfc376e39806ae82fe1ec61d4f9947cb2748b74709ff2d4dbf5c445089,0x2f7ac9436ba4b548f9582af91ca1ef02cd2f1f03|0x7a6a59588b8106045303e1923227a2cefbec2b66|0xe552fb52a4f19e44ef5a967632dbc320b0820639,0x7a6a59588b8106045303e1923227a2cefbec2b66,0xe552fb52a4f19e44ef5a967632dbc320b0820639,Metis,Metis,0xd069abcfc376e39806ae82fe1ec61d4f9947cb2748b74709ff2d4dbf5c445089_Metis,1660755968,1660755968,1,8.4561264e+19,84.561264,229.9495201681736,0,0,0.825000,bridge_dst_event_flow,True
BNB,Poly,bnb_flow_0xd069abcfc376__synth_hidden_dst,0xd069abcfc376e39806ae82fe1ec61d4f9947cb2748b74709ff2d4dbf5c445089,0x2f7ac9436ba4b548f9582af91ca1ef02cd2f1f03|0x7a6a59588b8106045303e1923227a2cefbec2b66|0xe552fb52a4f19e44ef5a967632dbc320b0820639,0x7a6a59588b8106045303e1923227a2cefbec2b66,0xe552fb52a4f19e44ef5a967632dbc320b0820639,Metis,Metis,0xd069abcfc376e39806ae82fe1ec61d4f9947cb2748b74709ff2d4dbf5c445089_Metis,1660755968,1660755968,1,8.4561264e+19,84.561264,229.9495201681736,0,0,0.825000,bridge_dst_event_flow,True
BNB,Poly,bnb_flow_0xd069abcfc376__synth_noise_dst_0,0xd069abcfc376e39806ae82fe1ec61d4f9947cb2748b74709ff2d4dbf5c445089,0x2f7ac9436ba4b548f9582af91ca1ef02cd2f1f03|0x7a6a59588b8106045303e1923227a2cefbec2b66|0xe552fb52a4f19e44ef5a967632dbc320b0820639,0x7a6a59588b8106045303e1923227a2cefbec2b66,0xe552fb52a4f19e44ef5a967632dbc320b0820639,Metis,Metis,0xd069abcfc376e39806ae82fe1ec61d4f9947cb2748b74709ff2d4dbf5c445089_Metis,1660756028,1660756028,1,8.4561264e+19,84.561264,229.9495201681736,0,0,0.825000,bridge_dst_event_flow,True
BNB,Poly,bnb_flow_0xd069abcfc376__synth_noise_dst_1,0xd069abcfc376e39806ae82fe1ec61d4f9947cb2748b74709ff2d4dbf5c445089,0x2f7ac9436ba4b548f9582af91ca1ef02cd2f1f03|0x7a6a59588b8106045303e1923227a2cefbec2b66|0xe552fb52a4f19e44ef5a967632dbc320b0820639,0x7a6a59588b8106045303e1923227a2cefbec2b66,0xe552fb52a4f19e44ef5a967632dbc320b0820639,Metis,Metis,0xd069abcfc376e39806ae82fe1ec61d4f9947cb2748b74709ff2d4dbf5c445089_Metis,1660756088,1660756088,1,8.4561264e+19,84.561264,229.9495201681736,0,0,0.825000,bridge_dst_event_flow,True
BNB,Poly,bnb_flow_0x674a555e2c68__synth_split_a,0x674a555e2c6883458b0bd5fd7fde2586e765bc47d732183c8e6191b3309820d8,0x2f7ac9436ba4b548f9582af91ca1ef02cd2f1f03|0x67ebc532d648e6164a6fd726ff0b39e69180dafe|0x69a1913d334b524ea1632461c78797c837ca9fa6,0x67ebc532d648e6164a6fd726ff0b39e69180dafe,0x69a1913d334b524ea1632461c78797c837ca9fa6,RFuel,RFuel,0x674a555e2c6883458b0bd5fd7fde2586e765bc47d732183c8e6191b3309820d8_RFuel,1649363094,1649363094,1,7.021805873026964e+22,70218.05873026964,49.19477155193366,0,0,0.825000,bridge_dst_event_flow,True
BNB,Poly,bnb_flow_0x674a555e2c68__synth_split_b,0x674a555e2c6883458b0bd5fd7fde2586e765bc47d732183c8e6191b3309820d8,0x2f7ac9436ba4b548f9582af91ca1ef02cd2f1f03|0x67ebc532d648e6164a6fd726ff0b39e69180dafe|0x69a1913d334b524ea1632461c78797c837ca9fa6,0x67ebc532d648e6164a6fd726ff0b39e69180dafe,0x69a1913d334b524ea1632461c78797c837ca9fa6,RFuel,RFuel,0x674a555e2c6883458b0bd5fd7fde2586e765bc47d732183c8e6191b3309820d8_RFuel,1649363094,1649363094,1,7.021805873026964e+22,70218.05873026964,49.19477155193366,0,0,0.825000,bridge_dst_event_flow,True
BNB,Poly,bnb_flow_0x674a555e2c68__synth_split_c,0x674a555e2c6883458b0bd5fd7fde2586e765bc47d732183c8e6191b3309820d8,0x2f7ac9436ba4b548f9582af91ca1ef02cd2f1f03|0x67ebc532d648e6164a6fd726ff0b39e69180dafe|0x69a1913d334b524ea1632461c78797c837ca9fa6,0x67ebc532d648e6164a6fd726ff0b39e69180dafe,0x69a1913d334b524ea1632461c78797c837ca9fa6,RFuel,RFuel,0x674a555e2c6883458b0bd5fd7fde2586e765bc47d732183c8e6191b3309820d8_RFuel,1649363094,1649363094,1,7.021805873026964e+22,70218.05873026964,49.19477155193366,0,0,0.825000,bridge_dst_event_flow,True
BNB,Poly,bnb_flow_0x674a555e2c68__synth_merge_dst,0x674a555e2c6883458b0bd5fd7fde2586e765bc47d732183c8e6191b3309820d8,0x2f7ac9436ba4b548f9582af91ca1ef02cd2f1f03|0x67ebc532d648e6164a6fd726ff0b39e69180dafe|0x69a1913d334b524ea1632461c78797c837ca9fa6,0x67ebc532d648e6164a6fd726ff0b39e69180dafe,0x69a1913d334b524ea1632461c78797c837ca9fa6,RFuel,RFuel,0x674a555e2c6883458b0bd5fd7fde2586e765bc47d732183c8e6191b3309820d8_RFuel,1649363094,1649363094,1,2.1065417619080894e+23,210654.1761908089,147.584314655801,0,0,0.825000,bridge_dst_event_flow,True
BNB,Poly,bnb_flow_0x674a555e2c68__synth_hidden_dst,0x674a555e2c6883458b0bd5fd7fde2586e765bc47d732183c8e6191b3309820d8,0x2f7ac9436ba4b548f9582af91ca1ef02cd2f1f03|0x67ebc532d648e6164a6fd726ff0b39e69180dafe|0x69a1913d334b524ea1632461c78797c837ca9fa6,0x67ebc532d648e6164a6fd726ff0b39e69180dafe,0x69a1913d334b524ea1632461c78797c837ca9fa6,RFuel,RFuel,0x674a555e2c6883458b0bd5fd7fde2586e765bc47d732183c8e6191b3309820d8_RFuel,1649363094,1649363094,1,2.1065417619080894e+23,210654.1761908089,147.584314655801,0,0,0.825000,bridge_dst_event_flow,True
BNB,Poly,bnb_flow_0x674a555e2c68__synth_noise_dst_0,0x674a555e2c6883458b0bd5fd7fde2586e765bc47d732183c8e6191b3309820d8,0x2f7ac9436ba4b548f9582af91ca1ef02cd2f1f03|0x67ebc532d648e6164a6fd726ff0b39e69180dafe|0x69a1913d334b524ea1632461c78797c837ca9fa6,0x67ebc532d648e6164a6fd726ff0b39e69180dafe,0x69a1913d334b524ea1632461c78797c837ca9fa6,RFuel,RFuel,0x674a555e2c6883458b0bd5fd7fde2586e765bc47d732183c8e6191b3309820d8_RFuel,1649363154,1649363154,1,2.1065417619080894e+23,210654.1761908089,147.584314655801,0,0,0.825000,bridge_dst_event_flow,True
BNB,Poly,bnb_flow_0x674a555e2c68__synth_noise_dst_1,0x674a555e2c6883458b0bd5fd7fde2586e765bc47d732183c8e6191b3309820d8,0x2f7ac9436ba4b548f9582af91ca1ef02cd2f1f03|0x67ebc532d648e6164a6fd726ff0b39e69180dafe|0x69a1913d334b524ea1632461c78797c837ca9fa6,0x67ebc532d648e6164a6fd726ff0b39e69180dafe,0x69a1913d334b524ea1632461c78797c837ca9fa6,RFuel,RFuel,0x674a555e2c6883458b0bd5fd7fde2586e765bc47d732183c8e6191b3309820d8_RFuel,1649363214,1649363214,1,2.1065417619080894e+23,210654.1761908089,147.584314655801,0,0,0.825000,bridge_dst_event_flow,True
BNB,Poly,bnb_flow_0xa82768ade578__synth_split_a,0xa82768ade57888aa8ad8b0b85663d8cd214946e201bb46f41c371aedf850d39f,0x2f7ac9436ba4b548f9582af91ca1ef02cd2f1f03|0x7a6a59588b8106045303e1923227a2cefbec2b66|0xe552fb52a4f19e44ef5a967632dbc320b0820639,0x7a6a59588b8106045303e1923227a2cefbec2b66,0xe552fb52a4f19e44ef5a967632dbc320b0820639,Metis,Metis,0xa82768ade57888aa8ad8b0b85663d8cd214946e201bb46f41c371aedf850d39f_Metis,1643802390,1643802390,1,2.31035249e+19,23.103524899999996,62.82598217723484,0,0,0.825000,bridge_dst_event_flow,True
BNB,Poly,bnb_flow_0xa82768ade578__synth_split_b,0xa82768ade57888aa8ad8b0b85663d8cd214946e201bb46f41c371aedf850d39f,0x2f7ac9436ba4b548f9582af91ca1ef02cd2f1f03|0x7a6a59588b8106045303e1923227a2cefbec2b66|0xe552fb52a4f19e44ef5a967632dbc320b0820639,0x7a6a59588b8106045303e1923227a2cefbec2b66,0xe552fb52a4f19e44ef5a967632dbc320b0820639,Metis,Metis,0xa82768ade57888aa8ad8b0b85663d8cd214946e201bb46f41c371aedf850d39f_Metis,1643802390,1643802390,1,2.31035249e+19,23.103524899999996,62.82598217723484,0,0,0.825000,bridge_dst_event_flow,True
BNB,Poly,bnb_flow_0xa82768ade578__synth_merge_dst,0xa82768ade57888aa8ad8b0b85663d8cd214946e201bb46f41c371aedf850d39f,0x2f7ac9436ba4b548f9582af91ca1ef02cd2f1f03|0x7a6a59588b8106045303e1923227a2cefbec2b66|0xe552fb52a4f19e44ef5a967632dbc320b0820639,0x7a6a59588b8106045303e1923227a2cefbec2b66,0xe552fb52a4f19e44ef5a967632dbc320b0820639,Metis,Metis,0xa82768ade57888aa8ad8b0b85663d8cd214946e201bb46f41c371aedf850d39f_Metis,1643802390,1643802390,1,4.62070498e+19,46.20704979999999,125.65196435446968,0,0,0.825000,bridge_dst_event_flow,True
BNB,Poly,bnb_flow_0xa82768ade578__synth_hidden_dst,0xa82768ade57888aa8ad8b0b85663d8cd214946e201bb46f41c371aedf850d39f,0x2f7ac9436ba4b548f9582af91ca1ef02cd2f1f03|0x7a6a59588b8106045303e1923227a2cefbec2b66|0xe552fb52a4f19e44ef5a967632dbc320b0820639,0x7a6a59588b8106045303e1923227a2cefbec2b66,0xe552fb52a4f19e44ef5a967632dbc320b0820639,Metis,Metis,0xa82768ade57888aa8ad8b0b85663d8cd214946e201bb46f41c371aedf850d39f_Metis,1643802390,1643802390,1,4.62070498e+19,46.20704979999999,125.65196435446968,0,0,0.825000,bridge_dst_event_flow,True
BNB,Poly,bnb_flow_0xa82768ade578__synth_noise_dst_0,0xa82768ade57888aa8ad8b0b85663d8cd214946e201bb46f41c371aedf850d39f,0x2f7ac9436ba4b548f9582af91ca1ef02cd2f1f03|0x7a6a59588b8106045303e1923227a2cefbec2b66|0xe552fb52a4f19e44ef5a967632dbc320b0820639,0x7a6a59588b8106045303e1923227a2cefbec2b66,0xe552fb52a4f19e44ef5a967632dbc320b0820639,Metis,Metis,0xa82768ade57888aa8ad8b0b85663d8cd214946e201bb46f41c371aedf850d39f_Metis,1643802450,1643802450,1,4.62070498e+19,46.20704979999999,125.65196435446968,0,0,0.825000,bridge_dst_event_flow,True
BNB,Poly,bnb_flow_0xa82768ade578__synth_noise_dst_1,0xa82768ade57888aa8ad8b0b85663d8cd214946e201bb46f41c371aedf850d39f,0x2f7ac9436ba4b548f9582af91ca1ef02cd2f1f03|0x7a6a59588b8106045303e1923227a2cefbec2b66|0xe552fb52a4f19e44ef5a967632dbc320b0820639,0x7a6a59588b8106045303e1923227a2cefbec2b66,0xe552fb52a4f19e44ef5a967632dbc320b0820639,Metis,Metis,0xa82768ade57888aa8ad8b0b85663d8cd214946e201bb46f41c371aedf850d39f_Metis,1643802510,1643802510,1,4.62070498e+19,46.20704979999999,125.65196435446968,0,0,0.825000,bridge_dst_event_flow,True
BNB,Poly,bnb_flow_0xfb9ff125e9ad__synth_split_a,0xfb9ff125e9adfcd98f806c4c21b0a24a66a2f19f5cc32be67857224726509f72,0x2f7ac9436ba4b548f9582af91ca1ef02cd2f1f03|0x7a6a59588b8106045303e1923227a2cefbec2b66|0xe552fb52a4f19e44ef5a967632dbc320b0820639,0x7a6a59588b8106045303e1923227a2cefbec2b66,0xe552fb52a4f19e44ef5a967632dbc320b0820639,Metis,Metis,0xfb9ff125e9adfcd98f806c4c21b0a24a66a2f19f5cc32be67857224726509f72_Metis,1657773775,1657773775,1,5.323077033626124e+19,53.23077033626124,144.7517399575002,0,0,0.825000,bridge_dst_event_flow,True
BNB,Poly,bnb_flow_0xfb9ff125e9ad__synth_split_b,0xfb9ff125e9adfcd98f806c4c21b0a24a66a2f19f5cc32be67857224726509f72,0x2f7ac9436ba4b548f9582af91ca1ef02cd2f1f03|0x7a6a59588b8106045303e1923227a2cefbec2b66|0xe552fb52a4f19e44ef5a967632dbc320b0820639,0x7a6a59588b8106045303e1923227a2cefbec2b66,0xe552fb52a4f19e44ef5a967632dbc320b0820639,Metis,Metis,0xfb9ff125e9adfcd98f806c4c21b0a24a66a2f19f5cc32be67857224726509f72_Metis,1657773775,1657773775,1,5.323077033626124e+19,53.23077033626124,144.7517399575002,0,0,0.825000,bridge_dst_event_flow,True
BNB,Poly,bnb_flow_0xfb9ff125e9ad__synth_merge_dst,0xfb9ff125e9adfcd98f806c4c21b0a24a66a2f19f5cc32be67857224726509f72,0x2f7ac9436ba4b548f9582af91ca1ef02cd2f1f03|0x7a6a59588b8106045303e1923227a2cefbec2b66|0xe552fb52a4f19e44ef5a967632dbc320b0820639,0x7a6a59588b8106045303e1923227a2cefbec2b66,0xe552fb52a4f19e44ef5a967632dbc320b0820639,Metis,Metis,0xfb9ff125e9adfcd98f806c4c21b0a24a66a2f19f5cc32be67857224726509f72_Metis,1657773775,1657773775,1,1.0646154067252249e+20,106.46154067252247,289.5034799150004,0,0,0.825000,bridge_dst_event_flow,True
BNB,Poly,bnb_flow_0xfb9ff125e9ad__synth_hidden_dst,0xfb9ff125e9adfcd98f806c4c21b0a24a66a2f19f5cc32be67857224726509f72,0x2f7ac9436ba4b548f9582af91ca1ef02cd2f1f03|0x7a6a59588b8106045303e1923227a2cefbec2b66|0xe552fb52a4f19e44ef5a967632dbc320b0820639,0x7a6a59588b8106045303e1923227a2cefbec2b66,0xe552fb52a4f19e44ef5a967632dbc320b0820639,Metis,Metis,0xfb9ff125e9adfcd98f806c4c21b0a24a66a2f19f5cc32be67857224726509f72_Metis,1657773775,1657773775,1,1.0646154067252249e+20,106.46154067252247,289.5034799150004,0,0,0.825000,bridge_dst_event_flow,True
BNB,Poly,bnb_flow_0xfb9ff125e9ad__synth_noise_dst_0,0xfb9ff125e9adfcd98f806c4c21b0a24a66a2f19f5cc32be67857224726509f72,0x2f7ac9436ba4b548f9582af91ca1ef02cd2f1f03|0x7a6a59588b8106045303e1923227a2cefbec2b66|0xe552fb52a4f19e44ef5a967632dbc320b0820639,0x7a6a59588b8106045303e1923227a2cefbec2b66,0xe552fb52a4f19e44ef5a967632dbc320b0820639,Metis,Metis,0xfb9ff125e9adfcd98f806c4c21b0a24a66a2f19f5cc32be67857224726509f72_Metis,1657773835,1657773835,1,1.0646154067252249e+20,106.46154067252247,289.5034799150004,0,0,0.825000,bridge_dst_event_flow,True
BNB,Poly,bnb_flow_0xfb9ff125e9ad__synth_noise_dst_1,0xfb9ff125e9adfcd98f806c4c21b0a24a66a2f19f5cc32be67857224726509f72,0x2f7ac9436ba4b548f9582af91ca1ef02cd2f1f03|0x7a6a59588b8106045303e1923227a2cefbec2b66|0xe552fb52a4f19e44ef5a967632dbc320b0820639,0x7a6a59588b8106045303e1923227a2cefbec2b66,0xe552fb52a4f19e44ef5a967632dbc320b0820639,Metis,Metis,0xfb9ff125e9adfcd98f806c4c21b0a24a66a2f19f5cc32be67857224726509f72_Metis,1657773895,1657773895,1,1.0646154067252249e+20,106.46154067252247,289.5034799150004,0,0,0.825000,bridge_dst_event_flow,True
BNB,Poly,bnb_flow_0x517ab5b5944f__synth_split_a,0x517ab5b5944faf396d2b13dbb09d7a5a6afb643352304fe11721eaa20074901f,0x2f7ac9436ba4b548f9582af91ca1ef02cd2f1f03|0x4e1b16ef22935a575a6811d4616f98c4077e4408|0xaca27c2745a287f62aec45230bd6db6a9b5cd3b6,0xaca27c2745a287f62aec45230bd6db6a9b5cd3b6,0x4e1b16ef22935a575a6811d4616f98c4077e4408,KEL,KEL,0x517ab5b5944faf396d2b13dbb09d7a5a6afb643352304fe11721eaa20074901f_KEL,1671223906,1671223906,1,4.870766005715428e+22,48707.66005715428,54.50092890569639,0,0,0.800000,bridge_dst_event_flow,True
BNB,Poly,bnb_flow_0x517ab5b5944f__synth_split_b,0x517ab5b5944faf396d2b13dbb09d7a5a6afb643352304fe11721eaa20074901f,0x2f7ac9436ba4b548f9582af91ca1ef02cd2f1f03|0x4e1b16ef22935a575a6811d4616f98c4077e4408|0xaca27c2745a287f62aec45230bd6db6a9b5cd3b6,0xaca27c2745a287f62aec45230bd6db6a9b5cd3b6,0x4e1b16ef22935a575a6811d4616f98c4077e4408,KEL,KEL,0x517ab5b5944faf396d2b13dbb09d7a5a6afb643352304fe11721eaa20074901f_KEL,1671223906,1671223906,1,4.870766005715428e+22,48707.66005715428,54.50092890569639,0,0,0.800000,bridge_dst_event_flow,True
BNB,Poly,bnb_flow_0x517ab5b5944f__synth_merge_dst,0x517ab5b5944faf396d2b13dbb09d7a5a6afb643352304fe11721eaa20074901f,0x2f7ac9436ba4b548f9582af91ca1ef02cd2f1f03|0x4e1b16ef22935a575a6811d4616f98c4077e4408|0xaca27c2745a287f62aec45230bd6db6a9b5cd3b6,0xaca27c2745a287f62aec45230bd6db6a9b5cd3b6,0x4e1b16ef22935a575a6811d4616f98c4077e4408,KEL,KEL,0x517ab5b5944faf396d2b13dbb09d7a5a6afb643352304fe11721eaa20074901f_KEL,1671223906,1671223906,1,9.741532011430856e+22,97415.32011430856,109.00185781139278,0,0,0.800000,bridge_dst_event_flow,True
BNB,Poly,bnb_flow_0x517ab5b5944f__synth_hidden_dst,0x517ab5b5944faf396d2b13dbb09d7a5a6afb643352304fe11721eaa20074901f,0x2f7ac9436ba4b548f9582af91ca1ef02cd2f1f03|0x4e1b16ef22935a575a6811d4616f98c4077e4408|0xaca27c2745a287f62aec45230bd6db6a9b5cd3b6,0xaca27c2745a287f62aec45230bd6db6a9b5cd3b6,0x4e1b16ef22935a575a6811d4616f98c4077e4408,KEL,KEL,0x517ab5b5944faf396d2b13dbb09d7a5a6afb643352304fe11721eaa20074901f_KEL,1671223906,1671223906,1,9.741532011430856e+22,97415.32011430856,109.00185781139278,0,0,0.800000,bridge_dst_event_flow,True
BNB,Poly,bnb_flow_0x517ab5b5944f__synth_noise_dst_0,0x517ab5b5944faf396d2b13dbb09d7a5a6afb643352304fe11721eaa20074901f,0x2f7ac9436ba4b548f9582af91ca1ef02cd2f1f03|0x4e1b16ef22935a575a6811d4616f98c4077e4408|0xaca27c2745a287f62aec45230bd6db6a9b5cd3b6,0xaca27c2745a287f62aec45230bd6db6a9b5cd3b6,0x4e1b16ef22935a575a6811d4616f98c4077e4408,KEL,KEL,0x517ab5b5944faf396d2b13dbb09d7a5a6afb643352304fe11721eaa20074901f_KEL,1671223966,1671223966,1,9.741532011430856e+22,97415.32011430856,109.00185781139278,0,0,0.800000,bridge_dst_event_flow,True
BNB,Poly,bnb_flow_0x517ab5b5944f__synth_noise_dst_1,0x517ab5b5944faf396d2b13dbb09d7a5a6afb643352304fe11721eaa20074901f,0x2f7ac9436ba4b548f9582af91ca1ef02cd2f1f03|0x4e1b16ef22935a575a6811d4616f98c4077e4408|0xaca27c2745a287f62aec45230bd6db6a9b5cd3b6,0xaca27c2745a287f62aec45230bd6db6a9b5cd3b6,0x4e1b16ef22935a575a6811d4616f98c4077e4408,KEL,KEL,0x517ab5b5944faf396d2b13dbb09d7a5a6afb643352304fe11721eaa20074901f_KEL,1671224026,1671224026,1,9.741532011430856e+22,97415.32011430856,109.00185781139278,0,0,0.800000,bridge_dst_event_flow,True
BNB,Poly,bnb_flow_0xa00a5fd29196__synth_split_a,0xa00a5fd29196d419b0dbad037c2c5a4abe0e9bda9492b1264538be72b5286ab9,0x2f7ac9436ba4b548f9582af91ca1ef02cd2f1f03|0x69a1913d334b524ea1632461c78797c837ca9fa6|0xd54e4f8a55247487dd7c8c59f14ee5c0c2889477,0xd54e4f8a55247487dd7c8c59f14ee5c0c2889477,0x69a1913d334b524ea1632461c78797c837ca9fa6,RFuel,RFuel,0xa00a5fd29196d419b0dbad037c2c5a4abe0e9bda9492b1264538be72b5286ab9_RFuel,1666805606,1666805606,1,7.928496944278162e+22,79284.96944278163,55.54704914618059,0,0,0.800000,bridge_dst_event_flow,True
BNB,Poly,bnb_flow_0xa00a5fd29196__synth_split_b,0xa00a5fd29196d419b0dbad037c2c5a4abe0e9bda9492b1264538be72b5286ab9,0x2f7ac9436ba4b548f9582af91ca1ef02cd2f1f03|0x69a1913d334b524ea1632461c78797c837ca9fa6|0xd54e4f8a55247487dd7c8c59f14ee5c0c2889477,0xd54e4f8a55247487dd7c8c59f14ee5c0c2889477,0x69a1913d334b524ea1632461c78797c837ca9fa6,RFuel,RFuel,0xa00a5fd29196d419b0dbad037c2c5a4abe0e9bda9492b1264538be72b5286ab9_RFuel,1666805606,1666805606,1,7.928496944278162e+22,79284.96944278163,55.54704914618059,0,0,0.800000,bridge_dst_event_flow,True
BNB,Poly,bnb_flow_0xa00a5fd29196__synth_merge_dst,0xa00a5fd29196d419b0dbad037c2c5a4abe0e9bda9492b1264538be72b5286ab9,0x2f7ac9436ba4b548f9582af91ca1ef02cd2f1f03|0x69a1913d334b524ea1632461c78797c837ca9fa6|0xd54e4f8a55247487dd7c8c59f14ee5c0c2889477,0xd54e4f8a55247487dd7c8c59f14ee5c0c2889477,0x69a1913d334b524ea1632461c78797c837ca9fa6,RFuel,RFuel,0xa00a5fd29196d419b0dbad037c2c5a4abe0e9bda9492b1264538be72b5286ab9_RFuel,1666805606,1666805606,1,1.5856993888556325e+23,158569.93888556326,111.09409829236118,0,0,0.800000,bridge_dst_event_flow,True
BNB,Poly,bnb_flow_0xa00a5fd29196__synth_hidden_dst,0xa00a5fd29196d419b0dbad037c2c5a4abe0e9bda9492b1264538be72b5286ab9,0x2f7ac9436ba4b548f9582af91ca1ef02cd2f1f03|0x69a1913d334b524ea1632461c78797c837ca9fa6|0xd54e4f8a55247487dd7c8c59f14ee5c0c2889477,0xd54e4f8a55247487dd7c8c59f14ee5c0c2889477,0x69a1913d334b524ea1632461c78797c837ca9fa6,RFuel,RFuel,0xa00a5fd29196d419b0dbad037c2c5a4abe0e9bda9492b1264538be72b5286ab9_RFuel,1666805606,1666805606,1,1.5856993888556325e+23,158569.93888556326,111.09409829236118,0,0,0.800000,bridge_dst_event_flow,True
BNB,Poly,bnb_flow_0xa00a5fd29196__synth_noise_dst_0,0xa00a5fd29196d419b0dbad037c2c5a4abe0e9bda9492b1264538be72b5286ab9,0x2f7ac9436ba4b548f9582af91ca1ef02cd2f1f03|0x69a1913d334b524ea1632461c78797c837ca9fa6|0xd54e4f8a55247487dd7c8c59f14ee5c0c2889477,0xd54e4f8a55247487dd7c8c59f14ee5c0c2889477,0x69a1913d334b524ea1632461c78797c837ca9fa6,RFuel,RFuel,0xa00a5fd29196d419b0dbad037c2c5a4abe0e9bda9492b1264538be72b5286ab9_RFuel,1666805666,1666805666,1,1.5856993888556325e+23,158569.93888556326,111.09409829236118,0,0,0.800000,bridge_dst_event_flow,True
BNB,Poly,bnb_flow_0xa00a5fd29196__synth_noise_dst_1,0xa00a5fd29196d419b0dbad037c2c5a4abe0e9bda9492b1264538be72b5286ab9,0x2f7ac9436ba4b548f9582af91ca1ef02cd2f1f03|0x69a1913d334b524ea1632461c78797c837ca9fa6|0xd54e4f8a55247487dd7c8c59f14ee5c0c2889477,0xd54e4f8a55247487dd7c8c59f14ee5c0c2889477,0x69a1913d334b524ea1632461c78797c837ca9fa6,RFuel,RFuel,0xa00a5fd29196d419b0dbad037c2c5a4abe0e9bda9492b1264538be72b5286ab9_RFuel,1666805726,1666805726,1,1.5856993888556325e+23,158569.93888556326,111.09409829236118,0,0,0.800000,bridge_dst_event_flow,True
BNB,Poly,bnb_flow_0x505cb40b7a4f__synth_split_a,0x505cb40b7a4f98d10a9d5f45f6d15e86db0da93d752697344b76279458ade971,0x2f7ac9436ba4b548f9582af91ca1ef02cd2f1f03|0x69a1913d334b524ea1632461c78797c837ca9fa6|0xd54e4f8a55247487dd7c8c59f14ee5c0c2889477,0xd54e4f8a55247487dd7c8c59f14ee5c0c2889477,0x69a1913d334b524ea1632461c78797c837ca9fa6,RFuel,RFuel,0x505cb40b7a4f98d10a9d5f45f6d15e86db0da93d752697344b76279458ade971_RFuel,1664651409,1664651409,1,1.008719448310246e+23,100871.9448310246,70.67088398190548,0,0,0.800000,bridge_dst_event_flow,True
BNB,Poly,bnb_flow_0x505cb40b7a4f__synth_split_b,0x505cb40b7a4f98d10a9d5f45f6d15e86db0da93d752697344b76279458ade971,0x2f7ac9436ba4b548f9582af91ca1ef02cd2f1f03|0x69a1913d334b524ea1632461c78797c837ca9fa6|0xd54e4f8a55247487dd7c8c59f14ee5c0c2889477,0xd54e4f8a55247487dd7c8c59f14ee5c0c2889477,0x69a1913d334b524ea1632461c78797c837ca9fa6,RFuel,RFuel,0x505cb40b7a4f98d10a9d5f45f6d15e86db0da93d752697344b76279458ade971_RFuel,1664651409,1664651409,1,1.008719448310246e+23,100871.9448310246,70.67088398190548,0,0,0.800000,bridge_dst_event_flow,True
BNB,Poly,bnb_flow_0x505cb40b7a4f__synth_merge_dst,0x505cb40b7a4f98d10a9d5f45f6d15e86db0da93d752697344b76279458ade971,0x2f7ac9436ba4b548f9582af91ca1ef02cd2f1f03|0x69a1913d334b524ea1632461c78797c837ca9fa6|0xd54e4f8a55247487dd7c8c59f14ee5c0c2889477,0xd54e4f8a55247487dd7c8c59f14ee5c0c2889477,0x69a1913d334b524ea1632461c78797c837ca9fa6,RFuel,RFuel,0x505cb40b7a4f98d10a9d5f45f6d15e86db0da93d752697344b76279458ade971_RFuel,1664651409,1664651409,1,2.017438896620492e+23,201743.8896620492,141.34176796381095,0,0,0.800000,bridge_dst_event_flow,True
BNB,Poly,bnb_flow_0x505cb40b7a4f__synth_hidden_dst,0x505cb40b7a4f98d10a9d5f45f6d15e86db0da93d752697344b76279458ade971,0x2f7ac9436ba4b548f9582af91ca1ef02cd2f1f03|0x69a1913d334b524ea1632461c78797c837ca9fa6|0xd54e4f8a55247487dd7c8c59f14ee5c0c2889477,0xd54e4f8a55247487dd7c8c59f14ee5c0c2889477,0x69a1913d334b524ea1632461c78797c837ca9fa6,RFuel,RFuel,0x505cb40b7a4f98d10a9d5f45f6d15e86db0da93d752697344b76279458ade971_RFuel,1664651409,1664651409,1,2.017438896620492e+23,201743.8896620492,141.34176796381095,0,0,0.800000,bridge_dst_event_flow,True
BNB,Poly,bnb_flow_0x505cb40b7a4f__synth_noise_dst_0,0x505cb40b7a4f98d10a9d5f45f6d15e86db0da93d752697344b76279458ade971,0x2f7ac9436ba4b548f9582af91ca1ef02cd2f1f03|0x69a1913d334b524ea1632461c78797c837ca9fa6|0xd54e4f8a55247487dd7c8c59f14ee5c0c2889477,0xd54e4f8a55247487dd7c8c59f14ee5c0c2889477,0x69a1913d334b524ea1632461c78797c837ca9fa6,RFuel,RFuel,0x505cb40b7a4f98d10a9d5f45f6d15e86db0da93d752697344b76279458ade971_RFuel,1664651469,1664651469,1,2.017438896620492e+23,201743.8896620492,141.34176796381095,0,0,0.800000,bridge_dst_event_flow,True
BNB,Poly,bnb_flow_0x505cb40b7a4f__synth_noise_dst_1,0x505cb40b7a4f98d10a9d5f45f6d15e86db0da93d752697344b76279458ade971,0x2f7ac9436ba4b548f9582af91ca1ef02cd2f1f03|0x69a1913d334b524ea1632461c78797c837ca9fa6|0xd54e4f8a55247487dd7c8c59f14ee5c0c2889477,0xd54e4f8a55247487dd7c8c59f14ee5c0c2889477,0x69a1913d334b524ea1632461c78797c837ca9fa6,RFuel,RFuel,0x505cb40b7a4f98d10a9d5f45f6d15e86db0da93d752697344b76279458ade971_RFuel,1664651529,1664651529,1,2.017438896620492e+23,201743.8896620492,141.34176796381095,0,0,0.800000,bridge_dst_event_flow,True
BNB,Poly,bnb_flow_0xaca0dacde682__synth_split_a,0xaca0dacde682d93ddf44422d760ff35fbd0f356048a407db173126385ed9e400,0x2f7ac9436ba4b548f9582af91ca1ef02cd2f1f03|0xe552fb52a4f19e44ef5a967632dbc320b0820639|0xff4140d55ea33b94f962c7d24adc0b673e3aff51,0xff4140d55ea33b94f962c7d24adc0b673e3aff51,0xe552fb52a4f19e44ef5a967632dbc320b0820639,Metis,Metis,0xaca0dacde682d93ddf44422d760ff35fbd0f356048a407db173126385ed9e400_Metis,1670665193,1670665193,1,1.271564704951274e+19,12.715647049512743,34.57797103959216,0,0,0.800000,bridge_dst_event_flow,True
BNB,Poly,bnb_flow_0xaca0dacde682__synth_split_b,0xaca0dacde682d93ddf44422d760ff35fbd0f356048a407db173126385ed9e400,0x2f7ac9436ba4b548f9582af91ca1ef02cd2f1f03|0xe552fb52a4f19e44ef5a967632dbc320b0820639|0xff4140d55ea33b94f962c7d24adc0b673e3aff51,0xff4140d55ea33b94f962c7d24adc0b673e3aff51,0xe552fb52a4f19e44ef5a967632dbc320b0820639,Metis,Metis,0xaca0dacde682d93ddf44422d760ff35fbd0f356048a407db173126385ed9e400_Metis,1670665193,1670665193,1,1.271564704951274e+19,12.715647049512743,34.57797103959216,0,0,0.800000,bridge_dst_event_flow,True
BNB,Poly,bnb_flow_0xaca0dacde682__synth_split_c,0xaca0dacde682d93ddf44422d760ff35fbd0f356048a407db173126385ed9e400,0x2f7ac9436ba4b548f9582af91ca1ef02cd2f1f03|0xe552fb52a4f19e44ef5a967632dbc320b0820639|0xff4140d55ea33b94f962c7d24adc0b673e3aff51,0xff4140d55ea33b94f962c7d24adc0b673e3aff51,0xe552fb52a4f19e44ef5a967632dbc320b0820639,Metis,Metis,0xaca0dacde682d93ddf44422d760ff35fbd0f356048a407db173126385ed9e400_Metis,1670665193,1670665193,1,1.271564704951274e+19,12.715647049512743,34.57797103959216,0,0,0.800000,bridge_dst_event_flow,True
BNB,Poly,bnb_flow_0xaca0dacde682__synth_merge_dst,0xaca0dacde682d93ddf44422d760ff35fbd0f356048a407db173126385ed9e400,0x2f7ac9436ba4b548f9582af91ca1ef02cd2f1f03|0xe552fb52a4f19e44ef5a967632dbc320b0820639|0xff4140d55ea33b94f962c7d24adc0b673e3aff51,0xff4140d55ea33b94f962c7d24adc0b673e3aff51,0xe552fb52a4f19e44ef5a967632dbc320b0820639,Metis,Metis,0xaca0dacde682d93ddf44422d760ff35fbd0f356048a407db173126385ed9e400_Metis,1670665193,1670665193,1,3.8146941148538225e+19,38.14694114853823,103.73391311877648,0,0,0.800000,bridge_dst_event_flow,True
BNB,Poly,bnb_flow_0xaca0dacde682__synth_hidden_dst,0xaca0dacde682d93ddf44422d760ff35fbd0f356048a407db173126385ed9e400,0x2f7ac9436ba4b548f9582af91ca1ef02cd2f1f03|0xe552fb52a4f19e44ef5a967632dbc320b0820639|0xff4140d55ea33b94f962c7d24adc0b673e3aff51,0xff4140d55ea33b94f962c7d24adc0b673e3aff51,0xe552fb52a4f19e44ef5a967632dbc320b0820639,Metis,Metis,0xaca0dacde682d93ddf44422d760ff35fbd0f356048a407db173126385ed9e400_Metis,1670665193,1670665193,1,3.8146941148538225e+19,38.14694114853823,103.73391311877648,0,0,0.800000,bridge_dst_event_flow,True
BNB,Poly,bnb_flow_0xaca0dacde682__synth_noise_dst_0,0xaca0dacde682d93ddf44422d760ff35fbd0f356048a407db173126385ed9e400,0x2f7ac9436ba4b548f9582af91ca1ef02cd2f1f03|0xe552fb52a4f19e44ef5a967632dbc320b0820639|0xff4140d55ea33b94f962c7d24adc0b673e3aff51,0xff4140d55ea33b94f962c7d24adc0b673e3aff51,0xe552fb52a4f19e44ef5a967632dbc320b0820639,Metis,Metis,0xaca0dacde682d93ddf44422d760ff35fbd0f356048a407db173126385ed9e400_Metis,1670665253,1670665253,1,3.8146941148538225e+19,38.14694114853823,103.73391311877648,0,0,0.800000,bridge_dst_event_flow,True
BNB,Poly,bnb_flow_0xaca0dacde682__synth_noise_dst_1,0xaca0dacde682d93ddf44422d760ff35fbd0f356048a407db173126385ed9e400,0x2f7ac9436ba4b548f9582af91ca1ef02cd2f1f03|0xe552fb52a4f19e44ef5a967632dbc320b0820639|0xff4140d55ea33b94f962c7d24adc0b673e3aff51,0xff4140d55ea33b94f962c7d24adc0b673e3aff51,0xe552fb52a4f19e44ef5a967632dbc320b0820639,Metis,Metis,0xaca0dacde682d93ddf44422d760ff35fbd0f356048a407db173126385ed9e400_Metis,1670665313,1670665313,1,3.8146941148538225e+19,38.14694114853823,103.73391311877648,0,0,0.800000,bridge_dst_event_flow,True
BNB,Poly,bnb_flow_0x8151a7025d77__synth_split_a,0x8151a7025d77808465b1c96cca41ccd6a8cfbe9ddb9ffb3d231402efb565d742,0x2f7ac9436ba4b548f9582af91ca1ef02cd2f1f03|0x92bc4d57c9ca7f74b3f08e80515855f43a03fb19|0xe552fb52a4f19e44ef5a967632dbc320b0820639,0x92bc4d57c9ca7f74b3f08e80515855f43a03fb19,0xe552fb52a4f19e44ef5a967632dbc320b0820639,Metis,Metis,0x8151a7025d77808465b1c96cca41ccd6a8cfbe9ddb9ffb3d231402efb565d742_Metis,1652459137,1652459137,1,4.284875e+19,42.84875,116.5196573020246,0,0,0.825000,bridge_dst_event_flow,True
BNB,Poly,bnb_flow_0x8151a7025d77__synth_split_b,0x8151a7025d77808465b1c96cca41ccd6a8cfbe9ddb9ffb3d231402efb565d742,0x2f7ac9436ba4b548f9582af91ca1ef02cd2f1f03|0x92bc4d57c9ca7f74b3f08e80515855f43a03fb19|0xe552fb52a4f19e44ef5a967632dbc320b0820639,0x92bc4d57c9ca7f74b3f08e80515855f43a03fb19,0xe552fb52a4f19e44ef5a967632dbc320b0820639,Metis,Metis,0x8151a7025d77808465b1c96cca41ccd6a8cfbe9ddb9ffb3d231402efb565d742_Metis,1652459137,1652459137,1,4.284875e+19,42.84875,116.5196573020246,0,0,0.825000,bridge_dst_event_flow,True
BNB,Poly,bnb_flow_0x8151a7025d77__synth_split_c,0x8151a7025d77808465b1c96cca41ccd6a8cfbe9ddb9ffb3d231402efb565d742,0x2f7ac9436ba4b548f9582af91ca1ef02cd2f1f03|0x92bc4d57c9ca7f74b3f08e80515855f43a03fb19|0xe552fb52a4f19e44ef5a967632dbc320b0820639,0x92bc4d57c9ca7f74b3f08e80515855f43a03fb19,0xe552fb52a4f19e44ef5a967632dbc320b0820639,Metis,Metis,0x8151a7025d77808465b1c96cca41ccd6a8cfbe9ddb9ffb3d231402efb565d742_Metis,1652459137,1652459137,1,4.284875e+19,42.84875,116.5196573020246,0,0,0.825000,bridge_dst_event_flow,True
BNB,Poly,bnb_flow_0x8151a7025d77__synth_split_d,0x8151a7025d77808465b1c96cca41ccd6a8cfbe9ddb9ffb3d231402efb565d742,0x2f7ac9436ba4b548f9582af91ca1ef02cd2f1f03|0x92bc4d57c9ca7f74b3f08e80515855f43a03fb19|0xe552fb52a4f19e44ef5a967632dbc320b0820639,0x92bc4d57c9ca7f74b3f08e80515855f43a03fb19,0xe552fb52a4f19e44ef5a967632dbc320b0820639,Metis,Metis,0x8151a7025d77808465b1c96cca41ccd6a8cfbe9ddb9ffb3d231402efb565d742_Metis,1652459137,1652459137,1,4.284875e+19,42.84875,116.5196573020246,0,0,0.825000,bridge_dst_event_flow,True
BNB,Poly,bnb_flow_0x8151a7025d77__synth_merge_dst,0x8151a7025d77808465b1c96cca41ccd6a8cfbe9ddb9ffb3d231402efb565d742,0x2f7ac9436ba4b548f9582af91ca1ef02cd2f1f03|0x92bc4d57c9ca7f74b3f08e80515855f43a03fb19|0xe552fb52a4f19e44ef5a967632dbc320b0820639,0x92bc4d57c9ca7f74b3f08e80515855f43a03fb19,0xe552fb52a4f19e44ef5a967632dbc320b0820639,Metis,Metis,0x8151a7025d77808465b1c96cca41ccd6a8cfbe9ddb9ffb3d231402efb565d742_Metis,1652459137,1652459137,1,1.71395e+20,171.395,466.0786292080984,0,0,0.825000,bridge_dst_event_flow,True
BNB,Poly,bnb_flow_0x8151a7025d77__synth_hidden_dst,0x8151a7025d77808465b1c96cca41ccd6a8cfbe9ddb9ffb3d231402efb565d742,0x2f7ac9436ba4b548f9582af91ca1ef02cd2f1f03|0x92bc4d57c9ca7f74b3f08e80515855f43a03fb19|0xe552fb52a4f19e44ef5a967632dbc320b0820639,0x92bc4d57c9ca7f74b3f08e80515855f43a03fb19,0xe552fb52a4f19e44ef5a967632dbc320b0820639,Metis,Metis,0x8151a7025d77808465b1c96cca41ccd6a8cfbe9ddb9ffb3d231402efb565d742_Metis,1652459137,1652459137,1,1.71395e+20,171.395,466.0786292080984,0,0,0.825000,bridge_dst_event_flow,True
BNB,Poly,bnb_flow_0x8151a7025d77__synth_noise_dst_0,0x8151a7025d77808465b1c96cca41ccd6a8cfbe9ddb9ffb3d231402efb565d742,0x2f7ac9436ba4b548f9582af91ca1ef02cd2f1f03|0x92bc4d57c9ca7f74b3f08e80515855f43a03fb19|0xe552fb52a4f19e44ef5a967632dbc320b0820639,0x92bc4d57c9ca7f74b3f08e80515855f43a03fb19,0xe552fb52a4f19e44ef5a967632dbc320b0820639,Metis,Metis,0x8151a7025d77808465b1c96cca41ccd6a8cfbe9ddb9ffb3d231402efb565d742_Metis,1652459197,1652459197,1,1.71395e+20,171.395,466.0786292080984,0,0,0.825000,bridge_dst_event_flow,True
BNB,Poly,bnb_flow_0x8151a7025d77__synth_noise_dst_1,0x8151a7025d77808465b1c96cca41ccd6a8cfbe9ddb9ffb3d231402efb565d742,0x2f7ac9436ba4b548f9582af91ca1ef02cd2f1f03|0x92bc4d57c9ca7f74b3f08e80515855f43a03fb19|0xe552fb52a4f19e44ef5a967632dbc320b0820639,0x92bc4d57c9ca7f74b3f08e80515855f43a03fb19,0xe552fb52a4f19e44ef5a967632dbc320b0820639,Metis,Metis,0x8151a7025d77808465b1c96cca41ccd6a8cfbe9ddb9ffb3d231402efb565d742_Metis,1652459257,1652459257,1,1.71395e+20,171.395,466.0786292080984,0,0,0.825000,bridge_dst_event_flow,True
BNB,Poly,bnb_flow_0x021a835161fc__synth_split_a,0x021a835161fc9584afa51173c8bf17abd2575bf0666c52796e02356f40c3ed0a,0x2f7ac9436ba4b548f9582af91ca1ef02cd2f1f03|0x4e1b16ef22935a575a6811d4616f98c4077e4408|0xf2ce52e3d0eb5d237341c9a75ca24647d87d7e55,0xf2ce52e3d0eb5d237341c9a75ca24647d87d7e55,0x4e1b16ef22935a575a6811d4616f98c4077e4408,KEL,KEL,0x021a835161fc9584afa51173c8bf17abd2575bf0666c52796e02356f40c3ed0a_KEL,1658481402,1658481402,1,5.166040039562132e+22,51660.40039562133,57.80486695311932,0,0,0.825000,bridge_dst_event_flow,True
BNB,Poly,bnb_flow_0x021a835161fc__synth_split_b,0x021a835161fc9584afa51173c8bf17abd2575bf0666c52796e02356f40c3ed0a,0x2f7ac9436ba4b548f9582af91ca1ef02cd2f1f03|0x4e1b16ef22935a575a6811d4616f98c4077e4408|0xf2ce52e3d0eb5d237341c9a75ca24647d87d7e55,0xf2ce52e3d0eb5d237341c9a75ca24647d87d7e55,0x4e1b16ef22935a575a6811d4616f98c4077e4408,KEL,KEL,0x021a835161fc9584afa51173c8bf17abd2575bf0666c52796e02356f40c3ed0a_KEL,1658481402,1658481402,1,5.166040039562132e+22,51660.40039562133,57.80486695311932,0,0,0.825000,bridge_dst_event_flow,True
BNB,Poly,bnb_flow_0x021a835161fc__synth_split_c,0x021a835161fc9584afa51173c8bf17abd2575bf0666c52796e02356f40c3ed0a,0x2f7ac9436ba4b548f9582af91ca1ef02cd2f1f03|0x4e1b16ef22935a575a6811d4616f98c4077e4408|0xf2ce52e3d0eb5d237341c9a75ca24647d87d7e55,0xf2ce52e3d0eb5d237341c9a75ca24647d87d7e55,0x4e1b16ef22935a575a6811d4616f98c4077e4408,KEL,KEL,0x021a835161fc9584afa51173c8bf17abd2575bf0666c52796e02356f40c3ed0a_KEL,1658481402,1658481402,1,5.166040039562132e+22,51660.40039562133,57.80486695311932,0,0,0.825000,bridge_dst_event_flow,True
BNB,Poly,bnb_flow_0x021a835161fc__synth_split_d,0x021a835161fc9584afa51173c8bf17abd2575bf0666c52796e02356f40c3ed0a,0x2f7ac9436ba4b548f9582af91ca1ef02cd2f1f03|0x4e1b16ef22935a575a6811d4616f98c4077e4408|0xf2ce52e3d0eb5d237341c9a75ca24647d87d7e55,0xf2ce52e3d0eb5d237341c9a75ca24647d87d7e55,0x4e1b16ef22935a575a6811d4616f98c4077e4408,KEL,KEL,0x021a835161fc9584afa51173c8bf17abd2575bf0666c52796e02356f40c3ed0a_KEL,1658481402,1658481402,1,5.166040039562132e+22,51660.40039562133,57.80486695311932,0,0,0.825000,bridge_dst_event_flow,True
BNB,Poly,bnb_flow_0x021a835161fc__synth_split_e,0x021a835161fc9584afa51173c8bf17abd2575bf0666c52796e02356f40c3ed0a,0x2f7ac9436ba4b548f9582af91ca1ef02cd2f1f03|0x4e1b16ef22935a575a6811d4616f98c4077e4408|0xf2ce52e3d0eb5d237341c9a75ca24647d87d7e55,0xf2ce52e3d0eb5d237341c9a75ca24647d87d7e55,0x4e1b16ef22935a575a6811d4616f98c4077e4408,KEL,KEL,0x021a835161fc9584afa51173c8bf17abd2575bf0666c52796e02356f40c3ed0a_KEL,1658481402,1658481402,1,5.166040039562132e+22,51660.40039562133,57.80486695311932,0,0,0.825000,bridge_dst_event_flow,True
BNB,Poly,bnb_flow_0x021a835161fc__synth_split_f,0x021a835161fc9584afa51173c8bf17abd2575bf0666c52796e02356f40c3ed0a,0x2f7ac9436ba4b548f9582af91ca1ef02cd2f1f03|0x4e1b16ef22935a575a6811d4616f98c4077e4408|0xf2ce52e3d0eb5d237341c9a75ca24647d87d7e55,0xf2ce52e3d0eb5d237341c9a75ca24647d87d7e55,0x4e1b16ef22935a575a6811d4616f98c4077e4408,KEL,KEL,0x021a835161fc9584afa51173c8bf17abd2575bf0666c52796e02356f40c3ed0a_KEL,1658481402,1658481402,1,5.166040039562132e+22,51660.40039562133,57.80486695311932,0,0,0.825000,bridge_dst_event_flow,True
BNB,Poly,bnb_flow_0x021a835161fc__synth_split_g,0x021a835161fc9584afa51173c8bf17abd2575bf0666c52796e02356f40c3ed0a,0x2f7ac9436ba4b548f9582af91ca1ef02cd2f1f03|0x4e1b16ef22935a575a6811d4616f98c4077e4408|0xf2ce52e3d0eb5d237341c9a75ca24647d87d7e55,0xf2ce52e3d0eb5d237341c9a75ca24647d87d7e55,0x4e1b16ef22935a575a6811d4616f98c4077e4408,KEL,KEL,0x021a835161fc9584afa51173c8bf17abd2575bf0666c52796e02356f40c3ed0a_KEL,1658481402,1658481402,1,5.166040039562132e+22,51660.40039562133,57.80486695311932,0,0,0.825000,bridge_dst_event_flow,True
BNB,Poly,bnb_flow_0x021a835161fc__synth_split_h,0x021a835161fc9584afa51173c8bf17abd2575bf0666c52796e02356f40c3ed0a,0x2f7ac9436ba4b548f9582af91ca1ef02cd2f1f03|0x4e1b16ef22935a575a6811d4616f98c4077e4408|0xf2ce52e3d0eb5d237341c9a75ca24647d87d7e55,0xf2ce52e3d0eb5d237341c9a75ca24647d87d7e55,0x4e1b16ef22935a575a6811d4616f98c4077e4408,KEL,KEL,0x021a835161fc9584afa51173c8bf17abd2575bf0666c52796e02356f40c3ed0a_KEL,1658481402,1658481402,1,5.166040039562132e+22,51660.40039562133,57.80486695311932,0,0,0.825000,bridge_dst_event_flow,True
BNB,Poly,bnb_flow_0x021a835161fc__synth_merge_dst,0x021a835161fc9584afa51173c8bf17abd2575bf0666c52796e02356f40c3ed0a,0x2f7ac9436ba4b548f9582af91ca1ef02cd2f1f03|0x4e1b16ef22935a575a6811d4616f98c4077e4408|0xf2ce52e3d0eb5d237341c9a75ca24647d87d7e55,0xf2ce52e3d0eb5d237341c9a75ca24647d87d7e55,0x4e1b16ef22935a575a6811d4616f98c4077e4408,KEL,KEL,0x021a835161fc9584afa51173c8bf17abd2575bf0666c52796e02356f40c3ed0a_KEL,1658481402,1658481402,1,4.1328320316497055e+23,413283.2031649706,462.4389356249546,0,0,0.825000,bridge_dst_event_flow,True
BNB,Poly,bnb_flow_0x021a835161fc__synth_hidden_dst,0x021a835161fc9584afa51173c8bf17abd2575bf0666c52796e02356f40c3ed0a,0x2f7ac9436ba4b548f9582af91ca1ef02cd2f1f03|0x4e1b16ef22935a575a6811d4616f98c4077e4408|0xf2ce52e3d0eb5d237341c9a75ca24647d87d7e55,0xf2ce52e3d0eb5d237341c9a75ca24647d87d7e55,0x4e1b16ef22935a575a6811d4616f98c4077e4408,KEL,KEL,0x021a835161fc9584afa51173c8bf17abd2575bf0666c52796e02356f40c3ed0a_KEL,1658481402,1658481402,1,4.1328320316497055e+23,413283.2031649706,462.4389356249546,0,0,0.825000,bridge_dst_event_flow,True
BNB,Poly,bnb_flow_0x021a835161fc__synth_noise_dst_0,0x021a835161fc9584afa51173c8bf17abd2575bf0666c52796e02356f40c3ed0a,0x2f7ac9436ba4b548f9582af91ca1ef02cd2f1f03|0x4e1b16ef22935a575a6811d4616f98c4077e4408|0xf2ce52e3d0eb5d237341c9a75ca24647d87d7e55,0xf2ce52e3d0eb5d237341c9a75ca24647d87d7e55,0x4e1b16ef22935a575a6811d4616f98c4077e4408,KEL,KEL,0x021a835161fc9584afa51173c8bf17abd2575bf0666c52796e02356f40c3ed0a_KEL,1658481462,1658481462,1,4.1328320316497055e+23,413283.2031649706,462.4389356249546,0,0,0.825000,bridge_dst_event_flow,True
BNB,Poly,bnb_flow_0x021a835161fc__synth_noise_dst_1,0x021a835161fc9584afa51173c8bf17abd2575bf0666c52796e02356f40c3ed0a,0x2f7ac9436ba4b548f9582af91ca1ef02cd2f1f03|0x4e1b16ef22935a575a6811d4616f98c4077e4408|0xf2ce52e3d0eb5d237341c9a75ca24647d87d7e55,0xf2ce52e3d0eb5d237341c9a75ca24647d87d7e55,0x4e1b16ef22935a575a6811d4616f98c4077e4408,KEL,KEL,0x021a835161fc9584afa51173c8bf17abd2575bf0666c52796e02356f40c3ed0a_KEL,1658481522,1658481522,1,4.1328320316497055e+23,413283.2031649706,462.4389356249546,0,0,0.825000,bridge_dst_event_flow,True
BNB,Poly,bnb_flow_0x1d1151a76974__synth_split_a,0x1d1151a769746a32a7a8265a9226bb441167ca73aa594955e2b5457135237bf2,0x23c9c250fc497906bdc790f417e53bfc50a43e5c|0x2f7ac9436ba4b548f9582af91ca1ef02cd2f1f03|0xe552fb52a4f19e44ef5a967632dbc320b0820639,0x23c9c250fc497906bdc790f417e53bfc50a43e5c,0xe552fb52a4f19e44ef5a967632dbc320b0820639,Metis,Metis,0x1d1151a769746a32a7a8265a9226bb441167ca73aa594955e2b5457135237bf2_Metis,1648286918,1648286918,1,5.625e+20,562.5,1529.620052682723,0,0,0.825000,bridge_dst_event_flow,True
BNB,Poly,bnb_flow_0x1d1151a76974__synth_split_b,0x1d1151a769746a32a7a8265a9226bb441167ca73aa594955e2b5457135237bf2,0x23c9c250fc497906bdc790f417e53bfc50a43e5c|0x2f7ac9436ba4b548f9582af91ca1ef02cd2f1f03|0xe552fb52a4f19e44ef5a967632dbc320b0820639,0x23c9c250fc497906bdc790f417e53bfc50a43e5c,0xe552fb52a4f19e44ef5a967632dbc320b0820639,Metis,Metis,0x1d1151a769746a32a7a8265a9226bb441167ca73aa594955e2b5457135237bf2_Metis,1648286918,1648286918,1,5.625e+20,562.5,1529.620052682723,0,0,0.825000,bridge_dst_event_flow,True
BNB,Poly,bnb_flow_0x1d1151a76974__synth_merge_dst,0x1d1151a769746a32a7a8265a9226bb441167ca73aa594955e2b5457135237bf2,0x23c9c250fc497906bdc790f417e53bfc50a43e5c|0x2f7ac9436ba4b548f9582af91ca1ef02cd2f1f03|0xe552fb52a4f19e44ef5a967632dbc320b0820639,0x23c9c250fc497906bdc790f417e53bfc50a43e5c,0xe552fb52a4f19e44ef5a967632dbc320b0820639,Metis,Metis,0x1d1151a769746a32a7a8265a9226bb441167ca73aa594955e2b5457135237bf2_Metis,1648286918,1648286918,1,1.125e+21,1125.0,3059.240105365446,0,0,0.825000,bridge_dst_event_flow,True
BNB,Poly,bnb_flow_0x1d1151a76974__synth_hidden_dst,0x1d1151a769746a32a7a8265a9226bb441167ca73aa594955e2b5457135237bf2,0x23c9c250fc497906bdc790f417e53bfc50a43e5c|0x2f7ac9436ba4b548f9582af91ca1ef02cd2f1f03|0xe552fb52a4f19e44ef5a967632dbc320b0820639,0x23c9c250fc497906bdc790f417e53bfc50a43e5c,0xe552fb52a4f19e44ef5a967632dbc320b0820639,Metis,Metis,0x1d1151a769746a32a7a8265a9226bb441167ca73aa594955e2b5457135237bf2_Metis,1648286918,1648286918,1,1.125e+21,1125.0,3059.240105365446,0,0,0.825000,bridge_dst_event_flow,True
BNB,Poly,bnb_flow_0x1d1151a76974__synth_noise_dst_0,0x1d1151a769746a32a7a8265a9226bb441167ca73aa594955e2b5457135237bf2,0x23c9c250fc497906bdc790f417e53bfc50a43e5c|0x2f7ac9436ba4b548f9582af91ca1ef02cd2f1f03|0xe552fb52a4f19e44ef5a967632dbc320b0820639,0x23c9c250fc497906bdc790f417e53bfc50a43e5c,0xe552fb52a4f19e44ef5a967632dbc320b0820639,Metis,Metis,0x1d1151a769746a32a7a8265a9226bb441167ca73aa594955e2b5457135237bf2_Metis,1648286978,1648286978,1,1.125e+21,1125.0,3059.240105365446,0,0,0.825000,bridge_dst_event_flow,True
BNB,Poly,bnb_flow_0x1d1151a76974__synth_noise_dst_1,0x1d1151a769746a32a7a8265a9226bb441167ca73aa594955e2b5457135237bf2,0x23c9c250fc497906bdc790f417e53bfc50a43e5c|0x2f7ac9436ba4b548f9582af91ca1ef02cd2f1f03|0xe552fb52a4f19e44ef5a967632dbc320b0820639,0x23c9c250fc497906bdc790f417e53bfc50a43e5c,0xe552fb52a4f19e44ef5a967632dbc320b0820639,Metis,Metis,0x1d1151a769746a32a7a8265a9226bb441167ca73aa594955e2b5457135237bf2_Metis,1648287038,1648287038,1,1.125e+21,1125.0,3059.240105365446,0,0,0.825000,bridge_dst_event_flow,True
BNB,Poly,bnb_flow_0x5ee040f725f9__synth_split_a,0x5ee040f725f9b4b0e7b96a6d265cf59c469b7d3f3b171a76706c1690c714ec41,0x2f7ac9436ba4b548f9582af91ca1ef02cd2f1f03|0xe552fb52a4f19e44ef5a967632dbc320b0820639|0xee6b88b799884c7a013a7a6bb6451a98cfe82bfc,0xee6b88b799884c7a013a7a6bb6451a98cfe82bfc,0xe552fb52a4f19e44ef5a967632dbc320b0820639,Metis,Metis,0x5ee040f725f9b4b0e7b96a6d265cf59c469b7d3f3b171a76706c1690c714ec41_Metis,1644810714,1644810714,1,5e+20,500.0,1359.6622690513093,0,0,0.825000,bridge_dst_event_flow,True
BNB,Poly,bnb_flow_0x5ee040f725f9__synth_split_b,0x5ee040f725f9b4b0e7b96a6d265cf59c469b7d3f3b171a76706c1690c714ec41,0x2f7ac9436ba4b548f9582af91ca1ef02cd2f1f03|0xe552fb52a4f19e44ef5a967632dbc320b0820639|0xee6b88b799884c7a013a7a6bb6451a98cfe82bfc,0xee6b88b799884c7a013a7a6bb6451a98cfe82bfc,0xe552fb52a4f19e44ef5a967632dbc320b0820639,Metis,Metis,0x5ee040f725f9b4b0e7b96a6d265cf59c469b7d3f3b171a76706c1690c714ec41_Metis,1644810714,1644810714,1,5e+20,500.0,1359.6622690513093,0,0,0.825000,bridge_dst_event_flow,True
BNB,Poly,bnb_flow_0x5ee040f725f9__synth_merge_dst,0x5ee040f725f9b4b0e7b96a6d265cf59c469b7d3f3b171a76706c1690c714ec41,0x2f7ac9436ba4b548f9582af91ca1ef02cd2f1f03|0xe552fb52a4f19e44ef5a967632dbc320b0820639|0xee6b88b799884c7a013a7a6bb6451a98cfe82bfc,0xee6b88b799884c7a013a7a6bb6451a98cfe82bfc,0xe552fb52a4f19e44ef5a967632dbc320b0820639,Metis,Metis,0x5ee040f725f9b4b0e7b96a6d265cf59c469b7d3f3b171a76706c1690c714ec41_Metis,1644810714,1644810714,1,1e+21,1000.0,2719.3245381026186,0,0,0.825000,bridge_dst_event_flow,True
BNB,Poly,bnb_flow_0x5ee040f725f9__synth_hidden_dst,0x5ee040f725f9b4b0e7b96a6d265cf59c469b7d3f3b171a76706c1690c714ec41,0x2f7ac9436ba4b548f9582af91ca1ef02cd2f1f03|0xe552fb52a4f19e44ef5a967632dbc320b0820639|0xee6b88b799884c7a013a7a6bb6451a98cfe82bfc,0xee6b88b799884c7a013a7a6bb6451a98cfe82bfc,0xe552fb52a4f19e44ef5a967632dbc320b0820639,Metis,Metis,0x5ee040f725f9b4b0e7b96a6d265cf59c469b7d3f3b171a76706c1690c714ec41_Metis,1644810714,1644810714,1,1e+21,1000.0,2719.3245381026186,0,0,0.825000,bridge_dst_event_flow,True
BNB,Poly,bnb_flow_0x5ee040f725f9__synth_noise_dst_0,0x5ee040f725f9b4b0e7b96a6d265cf59c469b7d3f3b171a76706c1690c714ec41,0x2f7ac9436ba4b548f9582af91ca1ef02cd2f1f03|0xe552fb52a4f19e44ef5a967632dbc320b0820639|0xee6b88b799884c7a013a7a6bb6451a98cfe82bfc,0xee6b88b799884c7a013a7a6bb6451a98cfe82bfc,0xe552fb52a4f19e44ef5a967632dbc320b0820639,Metis,Metis,0x5ee040f725f9b4b0e7b96a6d265cf59c469b7d3f3b171a76706c1690c714ec41_Metis,1644810774,1644810774,1,1e+21,1000.0,2719.3245381026186,0,0,0.825000,bridge_dst_event_flow,True
BNB,Poly,bnb_flow_0x5ee040f725f9__synth_noise_dst_1,0x5ee040f725f9b4b0e7b96a6d265cf59c469b7d3f3b171a76706c1690c714ec41,0x2f7ac9436ba4b548f9582af91ca1ef02cd2f1f03|0xe552fb52a4f19e44ef5a967632dbc320b0820639|0xee6b88b799884c7a013a7a6bb6451a98cfe82bfc,0xee6b88b799884c7a013a7a6bb6451a98cfe82bfc,0xe552fb52a4f19e44ef5a967632dbc320b0820639,Metis,Metis,0x5ee040f725f9b4b0e7b96a6d265cf59c469b7d3f3b171a76706c1690c714ec41_Metis,1644810834,1644810834,1,1e+21,1000.0,2719.3245381026186,0,0,0.825000,bridge_dst_event_flow,True
BNB,Poly,bnb_flow_0x230f6afb17f9__synth_split_a,0x230f6afb17f916d5621dca99661825c317fc1994d84eac5cd75dddcf4d139369,0x0596024675f53ff2eee6b5771cbcc41f477c2d1f|0x2f7ac9436ba4b548f9582af91ca1ef02cd2f1f03|0xe552fb52a4f19e44ef5a967632dbc320b0820639,0x0596024675f53ff2eee6b5771cbcc41f477c2d1f,0xe552fb52a4f19e44ef5a967632dbc320b0820639,Metis,Metis,0x230f6afb17f916d5621dca99661825c317fc1994d84eac5cd75dddcf4d139369_Metis,1652454920,1652454920,1,4.90025670954407e+19,49.0025670954407,133.25388313265188,0,0,0.825000,bridge_dst_event_flow,True
BNB,Poly,bnb_flow_0x230f6afb17f9__synth_split_b,0x230f6afb17f916d5621dca99661825c317fc1994d84eac5cd75dddcf4d139369,0x0596024675f53ff2eee6b5771cbcc41f477c2d1f|0x2f7ac9436ba4b548f9582af91ca1ef02cd2f1f03|0xe552fb52a4f19e44ef5a967632dbc320b0820639,0x0596024675f53ff2eee6b5771cbcc41f477c2d1f,0xe552fb52a4f19e44ef5a967632dbc320b0820639,Metis,Metis,0x230f6afb17f916d5621dca99661825c317fc1994d84eac5cd75dddcf4d139369_Metis,1652454920,1652454920,1,4.90025670954407e+19,49.0025670954407,133.25388313265188,0,0,0.825000,bridge_dst_event_flow,True
BNB,Poly,bnb_flow_0x230f6afb17f9__synth_split_c,0x230f6afb17f916d5621dca99661825c317fc1994d84eac5cd75dddcf4d139369,0x0596024675f53ff2eee6b5771cbcc41f477c2d1f|0x2f7ac9436ba4b548f9582af91ca1ef02cd2f1f03|0xe552fb52a4f19e44ef5a967632dbc320b0820639,0x0596024675f53ff2eee6b5771cbcc41f477c2d1f,0xe552fb52a4f19e44ef5a967632dbc320b0820639,Metis,Metis,0x230f6afb17f916d5621dca99661825c317fc1994d84eac5cd75dddcf4d139369_Metis,1652454920,1652454920,1,4.90025670954407e+19,49.0025670954407,133.25388313265188,0,0,0.825000,bridge_dst_event_flow,True
BNB,Poly,bnb_flow_0x230f6afb17f9__synth_merge_dst,0x230f6afb17f916d5621dca99661825c317fc1994d84eac5cd75dddcf4d139369,0x0596024675f53ff2eee6b5771cbcc41f477c2d1f|0x2f7ac9436ba4b548f9582af91ca1ef02cd2f1f03|0xe552fb52a4f19e44ef5a967632dbc320b0820639,0x0596024675f53ff2eee6b5771cbcc41f477c2d1f,0xe552fb52a4f19e44ef5a967632dbc320b0820639,Metis,Metis,0x230f6afb17f916d5621dca99661825c317fc1994d84eac5cd75dddcf4d139369_Metis,1652454920,1652454920,1,1.4700770128632213e+20,147.00770128632212,399.7616493979557,0,0,0.825000,bridge_dst_event_flow,True
BNB,Poly,bnb_flow_0x230f6afb17f9__synth_hidden_dst,0x230f6afb17f916d5621dca99661825c317fc1994d84eac5cd75dddcf4d139369,0x0596024675f53ff2eee6b5771cbcc41f477c2d1f|0x2f7ac9436ba4b548f9582af91ca1ef02cd2f1f03|0xe552fb52a4f19e44ef5a967632dbc320b0820639,0x0596024675f53ff2eee6b5771cbcc41f477c2d1f,0xe552fb52a4f19e44ef5a967632dbc320b0820639,Metis,Metis,0x230f6afb17f916d5621dca99661825c317fc1994d84eac5cd75dddcf4d139369_Metis,1652454920,1652454920,1,1.4700770128632213e+20,147.00770128632212,399.7616493979557,0,0,0.825000,bridge_dst_event_flow,True
BNB,Poly,bnb_flow_0x230f6afb17f9__synth_noise_dst_0,0x230f6afb17f916d5621dca99661825c317fc1994d84eac5cd75dddcf4d139369,0x0596024675f53ff2eee6b5771cbcc41f477c2d1f|0x2f7ac9436ba4b548f9582af91ca1ef02cd2f1f03|0xe552fb52a4f19e44ef5a967632dbc320b0820639,0x0596024675f53ff2eee6b5771cbcc41f477c2d1f,0xe552fb52a4f19e44ef5a967632dbc320b0820639,Metis,Metis,0x230f6afb17f916d5621dca99661825c317fc1994d84eac5cd75dddcf4d139369_Metis,1652454980,1652454980,1,1.4700770128632213e+20,147.00770128632212,399.7616493979557,0,0,0.825000,bridge_dst_event_flow,True
BNB,Poly,bnb_flow_0x230f6afb17f9__synth_noise_dst_1,0x230f6afb17f916d5621dca99661825c317fc1994d84eac5cd75dddcf4d139369,0x0596024675f53ff2eee6b5771cbcc41f477c2d1f|0x2f7ac9436ba4b548f9582af91ca1ef02cd2f1f03|0xe552fb52a4f19e44ef5a967632dbc320b0820639,0x0596024675f53ff2eee6b5771cbcc41f477c2d1f,0xe552fb52a4f19e44ef5a967632dbc320b0820639,Metis,Metis,0x230f6afb17f916d5621dca99661825c317fc1994d84eac5cd75dddcf4d139369_Metis,1652455040,1652455040,1,1.4700770128632213e+20,147.00770128632212,399.7616493979557,0,0,0.825000,bridge_dst_event_flow,True
BNB,Poly,bnb_flow_0x15e8f281ffc9__synth_split_a,0x15e8f281ffc907c5cde2aa999f53840bbbab9078069b3cdcf6f5361b3db83542,0x2f7ac9436ba4b548f9582af91ca1ef02cd2f1f03|0x767f37545fdbee923e9d6ff7ca1cc73d6d11fc27|0xe552fb52a4f19e44ef5a967632dbc320b0820639,0x767f37545fdbee923e9d6ff7ca1cc73d6d11fc27,0xe552fb52a4f19e44ef5a967632dbc320b0820639,Metis,Metis,0x15e8f281ffc907c5cde2aa999f53840bbbab9078069b3cdcf6f5361b3db83542_Metis,1658589135,1658589135,1,9e+19,90.0,244.73920842923567,0,0,0.825000,bridge_dst_event_flow,True
BNB,Poly,bnb_flow_0x15e8f281ffc9__synth_split_b,0x15e8f281ffc907c5cde2aa999f53840bbbab9078069b3cdcf6f5361b3db83542,0x2f7ac9436ba4b548f9582af91ca1ef02cd2f1f03|0x767f37545fdbee923e9d6ff7ca1cc73d6d11fc27|0xe552fb52a4f19e44ef5a967632dbc320b0820639,0x767f37545fdbee923e9d6ff7ca1cc73d6d11fc27,0xe552fb52a4f19e44ef5a967632dbc320b0820639,Metis,Metis,0x15e8f281ffc907c5cde2aa999f53840bbbab9078069b3cdcf6f5361b3db83542_Metis,1658589135,1658589135,1,9e+19,90.0,244.73920842923567,0,0,0.825000,bridge_dst_event_flow,True
BNB,Poly,bnb_flow_0x15e8f281ffc9__synth_split_c,0x15e8f281ffc907c5cde2aa999f53840bbbab9078069b3cdcf6f5361b3db83542,0x2f7ac9436ba4b548f9582af91ca1ef02cd2f1f03|0x767f37545fdbee923e9d6ff7ca1cc73d6d11fc27|0xe552fb52a4f19e44ef5a967632dbc320b0820639,0x767f37545fdbee923e9d6ff7ca1cc73d6d11fc27,0xe552fb52a4f19e44ef5a967632dbc320b0820639,Metis,Metis,0x15e8f281ffc907c5cde2aa999f53840bbbab9078069b3cdcf6f5361b3db83542_Metis,1658589135,1658589135,1,9e+19,90.0,244.73920842923567,0,0,0.825000,bridge_dst_event_flow,True
BNB,Poly,bnb_flow_0x15e8f281ffc9__synth_split_d,0x15e8f281ffc907c5cde2aa999f53840bbbab9078069b3cdcf6f5361b3db83542,0x2f7ac9436ba4b548f9582af91ca1ef02cd2f1f03|0x767f37545fdbee923e9d6ff7ca1cc73d6d11fc27|0xe552fb52a4f19e44ef5a967632dbc320b0820639,0x767f37545fdbee923e9d6ff7ca1cc73d6d11fc27,0xe552fb52a4f19e44ef5a967632dbc320b0820639,Metis,Metis,0x15e8f281ffc907c5cde2aa999f53840bbbab9078069b3cdcf6f5361b3db83542_Metis,1658589135,1658589135,1,9e+19,90.0,244.73920842923567,0,0,0.825000,bridge_dst_event_flow,True
BNB,Poly,bnb_flow_0x15e8f281ffc9__synth_split_e,0x15e8f281ffc907c5cde2aa999f53840bbbab9078069b3cdcf6f5361b3db83542,0x2f7ac9436ba4b548f9582af91ca1ef02cd2f1f03|0x767f37545fdbee923e9d6ff7ca1cc73d6d11fc27|0xe552fb52a4f19e44ef5a967632dbc320b0820639,0x767f37545fdbee923e9d6ff7ca1cc73d6d11fc27,0xe552fb52a4f19e44ef5a967632dbc320b0820639,Metis,Metis,0x15e8f281ffc907c5cde2aa999f53840bbbab9078069b3cdcf6f5361b3db83542_Metis,1658589135,1658589135,1,9e+19,90.0,244.73920842923567,0,0,0.825000,bridge_dst_event_flow,True
BNB,Poly,bnb_flow_0x15e8f281ffc9__synth_merge_dst,0x15e8f281ffc907c5cde2aa999f53840bbbab9078069b3cdcf6f5361b3db83542,0x2f7ac9436ba4b548f9582af91ca1ef02cd2f1f03|0x767f37545fdbee923e9d6ff7ca1cc73d6d11fc27|0xe552fb52a4f19e44ef5a967632dbc320b0820639,0x767f37545fdbee923e9d6ff7ca1cc73d6d11fc27,0xe552fb52a4f19e44ef5a967632dbc320b0820639,Metis,Metis,0x15e8f281ffc907c5cde2aa999f53840bbbab9078069b3cdcf6f5361b3db83542_Metis,1658589135,1658589135,1,4.5e+20,450.0,1223.6960421461783,0,0,0.825000,bridge_dst_event_flow,True
BNB,Poly,bnb_flow_0x15e8f281ffc9__synth_hidden_dst,0x15e8f281ffc907c5cde2aa999f53840bbbab9078069b3cdcf6f5361b3db83542,0x2f7ac9436ba4b548f9582af91ca1ef02cd2f1f03|0x767f37545fdbee923e9d6ff7ca1cc73d6d11fc27|0xe552fb52a4f19e44ef5a967632dbc320b0820639,0x767f37545fdbee923e9d6ff7ca1cc73d6d11fc27,0xe552fb52a4f19e44ef5a967632dbc320b0820639,Metis,Metis,0x15e8f281ffc907c5cde2aa999f53840bbbab9078069b3cdcf6f5361b3db83542_Metis,1658589135,1658589135,1,4.5e+20,450.0,1223.6960421461783,0,0,0.825000,bridge_dst_event_flow,True
BNB,Poly,bnb_flow_0x15e8f281ffc9__synth_noise_dst_0,0x15e8f281ffc907c5cde2aa999f53840bbbab9078069b3cdcf6f5361b3db83542,0x2f7ac9436ba4b548f9582af91ca1ef02cd2f1f03|0x767f37545fdbee923e9d6ff7ca1cc73d6d11fc27|0xe552fb52a4f19e44ef5a967632dbc320b0820639,0x767f37545fdbee923e9d6ff7ca1cc73d6d11fc27,0xe552fb52a4f19e44ef5a967632dbc320b0820639,Metis,Metis,0x15e8f281ffc907c5cde2aa999f53840bbbab9078069b3cdcf6f5361b3db83542_Metis,1658589195,1658589195,1,4.5e+20,450.0,1223.6960421461783,0,0,0.825000,bridge_dst_event_flow,True
BNB,Poly,bnb_flow_0x15e8f281ffc9__synth_noise_dst_1,0x15e8f281ffc907c5cde2aa999f53840bbbab9078069b3cdcf6f5361b3db83542,0x2f7ac9436ba4b548f9582af91ca1ef02cd2f1f03|0x767f37545fdbee923e9d6ff7ca1cc73d6d11fc27|0xe552fb52a4f19e44ef5a967632dbc320b0820639,0x767f37545fdbee923e9d6ff7ca1cc73d6d11fc27,0xe552fb52a4f19e44ef5a967632dbc320b0820639,Metis,Metis,0x15e8f281ffc907c5cde2aa999f53840bbbab9078069b3cdcf6f5361b3db83542_Metis,1658589255,1658589255,1,4.5e+20,450.0,1223.6960421461783,0,0,0.825000,bridge_dst_event_flow,True
BNB,Poly,bnb_flow_0xc4b4e946fcbc__synth_split_a,0xc4b4e946fcbc2e6dac58c6e2df4594c0aae1e2837c8bc9aa2dd3c0e9be0a0499,0x2f7ac9436ba4b548f9582af91ca1ef02cd2f1f03|0x613a3870f58893d760e942d0f9ec2e3f1772d336|0xe552fb52a4f19e44ef5a967632dbc320b0820639,0x613a3870f58893d760e942d0f9ec2e3f1772d336,0xe552fb52a4f19e44ef5a967632dbc320b0820639,Metis,Metis,0xc4b4e946fcbc2e6dac58c6e2df4594c0aae1e2837c8bc9aa2dd3c0e9be0a0499_Metis,1652570923,1652570923,1,1e+20,100.0,271.9324538102619,0,0,0.825000,bridge_dst_event_flow,True
BNB,Poly,bnb_flow_0xc4b4e946fcbc__synth_split_b,0xc4b4e946fcbc2e6dac58c6e2df4594c0aae1e2837c8bc9aa2dd3c0e9be0a0499,0x2f7ac9436ba4b548f9582af91ca1ef02cd2f1f03|0x613a3870f58893d760e942d0f9ec2e3f1772d336|0xe552fb52a4f19e44ef5a967632dbc320b0820639,0x613a3870f58893d760e942d0f9ec2e3f1772d336,0xe552fb52a4f19e44ef5a967632dbc320b0820639,Metis,Metis,0xc4b4e946fcbc2e6dac58c6e2df4594c0aae1e2837c8bc9aa2dd3c0e9be0a0499_Metis,1652570923,1652570923,1,1e+20,100.0,271.9324538102619,0,0,0.825000,bridge_dst_event_flow,True
BNB,Poly,bnb_flow_0xc4b4e946fcbc__synth_merge_dst,0xc4b4e946fcbc2e6dac58c6e2df4594c0aae1e2837c8bc9aa2dd3c0e9be0a0499,0x2f7ac9436ba4b548f9582af91ca1ef02cd2f1f03|0x613a3870f58893d760e942d0f9ec2e3f1772d336|0xe552fb52a4f19e44ef5a967632dbc320b0820639,0x613a3870f58893d760e942d0f9ec2e3f1772d336,0xe552fb52a4f19e44ef5a967632dbc320b0820639,Metis,Metis,0xc4b4e946fcbc2e6dac58c6e2df4594c0aae1e2837c8bc9aa2dd3c0e9be0a0499_Metis,1652570923,1652570923,1,2e+20,200.0,543.8649076205238,0,0,0.825000,bridge_dst_event_flow,True
BNB,Poly,bnb_flow_0xc4b4e946fcbc__synth_hidden_dst,0xc4b4e946fcbc2e6dac58c6e2df4594c0aae1e2837c8bc9aa2dd3c0e9be0a0499,0x2f7ac9436ba4b548f9582af91ca1ef02cd2f1f03|0x613a3870f58893d760e942d0f9ec2e3f1772d336|0xe552fb52a4f19e44ef5a967632dbc320b0820639,0x613a3870f58893d760e942d0f9ec2e3f1772d336,0xe552fb52a4f19e44ef5a967632dbc320b0820639,Metis,Metis,0xc4b4e946fcbc2e6dac58c6e2df4594c0aae1e2837c8bc9aa2dd3c0e9be0a0499_Metis,1652570923,1652570923,1,2e+20,200.0,543.8649076205238,0,0,0.825000,bridge_dst_event_flow,True
BNB,Poly,bnb_flow_0xc4b4e946fcbc__synth_noise_dst_0,0xc4b4e946fcbc2e6dac58c6e2df4594c0aae1e2837c8bc9aa2dd3c0e9be0a0499,0x2f7ac9436ba4b548f9582af91ca1ef02cd2f1f03|0x613a3870f58893d760e942d0f9ec2e3f1772d336|0xe552fb52a4f19e44ef5a967632dbc320b0820639,0x613a3870f58893d760e942d0f9ec2e3f1772d336,0xe552fb52a4f19e44ef5a967632dbc320b0820639,Metis,Metis,0xc4b4e946fcbc2e6dac58c6e2df4594c0aae1e2837c8bc9aa2dd3c0e9be0a0499_Metis,1652570983,1652570983,1,2e+20,200.0,543.8649076205238,0,0,0.825000,bridge_dst_event_flow,True
BNB,Poly,bnb_flow_0xc4b4e946fcbc__synth_noise_dst_1,0xc4b4e946fcbc2e6dac58c6e2df4594c0aae1e2837c8bc9aa2dd3c0e9be0a0499,0x2f7ac9436ba4b548f9582af91ca1ef02cd2f1f03|0x613a3870f58893d760e942d0f9ec2e3f1772d336|0xe552fb52a4f19e44ef5a967632dbc320b0820639,0x613a3870f58893d760e942d0f9ec2e3f1772d336,0xe552fb52a4f19e44ef5a967632dbc320b0820639,Metis,Metis,0xc4b4e946fcbc2e6dac58c6e2df4594c0aae1e2837c8bc9aa2dd3c0e9be0a0499_Metis,1652571043,1652571043,1,2e+20,200.0,543.8649076205238,0,0,0.825000,bridge_dst_event_flow,True
BNB,Poly,bnb_flow_0x09aa27ee354e__synth_split_a,0x09aa27ee354eead371b6025e4a24a5cff8e410ef474a5e97638da2ea534f7f33,0x2f7ac9436ba4b548f9582af91ca1ef02cd2f1f03|0xe552fb52a4f19e44ef5a967632dbc320b0820639|0xf2ce52e3d0eb5d237341c9a75ca24647d87d7e55,0xf2ce52e3d0eb5d237341c9a75ca24647d87d7e55,0xe552fb52a4f19e44ef5a967632dbc320b0820639,Metis,Metis,0x09aa27ee354eead371b6025e4a24a5cff8e410ef474a5e97638da2ea534f7f33_Metis,1654150209,1654150209,1,8.166631585969254e+19,81.66631585969255,222.077216653701,0,0,0.825000,bridge_dst_event_flow,True
BNB,Poly,bnb_flow_0x09aa27ee354e__synth_split_b,0x09aa27ee354eead371b6025e4a24a5cff8e410ef474a5e97638da2ea534f7f33,0x2f7ac9436ba4b548f9582af91ca1ef02cd2f1f03|0xe552fb52a4f19e44ef5a967632dbc320b0820639|0xf2ce52e3d0eb5d237341c9a75ca24647d87d7e55,0xf2ce52e3d0eb5d237341c9a75ca24647d87d7e55,0xe552fb52a4f19e44ef5a967632dbc320b0820639,Metis,Metis,0x09aa27ee354eead371b6025e4a24a5cff8e410ef474a5e97638da2ea534f7f33_Metis,1654150209,1654150209,1,8.166631585969254e+19,81.66631585969255,222.077216653701,0,0,0.825000,bridge_dst_event_flow,True
BNB,Poly,bnb_flow_0x09aa27ee354e__synth_merge_dst,0x09aa27ee354eead371b6025e4a24a5cff8e410ef474a5e97638da2ea534f7f33,0x2f7ac9436ba4b548f9582af91ca1ef02cd2f1f03|0xe552fb52a4f19e44ef5a967632dbc320b0820639|0xf2ce52e3d0eb5d237341c9a75ca24647d87d7e55,0xf2ce52e3d0eb5d237341c9a75ca24647d87d7e55,0xe552fb52a4f19e44ef5a967632dbc320b0820639,Metis,Metis,0x09aa27ee354eead371b6025e4a24a5cff8e410ef474a5e97638da2ea534f7f33_Metis,1654150209,1654150209,1,1.6333263171938507e+20,163.3326317193851,444.154433307402,0,0,0.825000,bridge_dst_event_flow,True
BNB,Poly,bnb_flow_0x09aa27ee354e__synth_hidden_dst,0x09aa27ee354eead371b6025e4a24a5cff8e410ef474a5e97638da2ea534f7f33,0x2f7ac9436ba4b548f9582af91ca1ef02cd2f1f03|0xe552fb52a4f19e44ef5a967632dbc320b0820639|0xf2ce52e3d0eb5d237341c9a75ca24647d87d7e55,0xf2ce52e3d0eb5d237341c9a75ca24647d87d7e55,0xe552fb52a4f19e44ef5a967632dbc320b0820639,Metis,Metis,0x09aa27ee354eead371b6025e4a24a5cff8e410ef474a5e97638da2ea534f7f33_Metis,1654150209,1654150209,1,1.6333263171938507e+20,163.3326317193851,444.154433307402,0,0,0.825000,bridge_dst_event_flow,True
BNB,Poly,bnb_flow_0x09aa27ee354e__synth_noise_dst_0,0x09aa27ee354eead371b6025e4a24a5cff8e410ef474a5e97638da2ea534f7f33,0x2f7ac9436ba4b548f9582af91ca1ef02cd2f1f03|0xe552fb52a4f19e44ef5a967632dbc320b0820639|0xf2ce52e3d0eb5d237341c9a75ca24647d87d7e55,0xf2ce52e3d0eb5d237341c9a75ca24647d87d7e55,0xe552fb52a4f19e44ef5a967632dbc320b0820639,Metis,Metis,0x09aa27ee354eead371b6025e4a24a5cff8e410ef474a5e97638da2ea534f7f33_Metis,1654150269,1654150269,1,1.6333263171938507e+20,163.3326317193851,444.154433307402,0,0,0.825000,bridge_dst_event_flow,True
BNB,Poly,bnb_flow_0x09aa27ee354e__synth_noise_dst_1,0x09aa27ee354eead371b6025e4a24a5cff8e410ef474a5e97638da2ea534f7f33,0x2f7ac9436ba4b548f9582af91ca1ef02cd2f1f03|0xe552fb52a4f19e44ef5a967632dbc320b0820639|0xf2ce52e3d0eb5d237341c9a75ca24647d87d7e55,0xf2ce52e3d0eb5d237341c9a75ca24647d87d7e55,0xe552fb52a4f19e44ef5a967632dbc320b0820639,Metis,Metis,0x09aa27ee354eead371b6025e4a24a5cff8e410ef474a5e97638da2ea534f7f33_Metis,1654150329,1654150329,1,1.6333263171938507e+20,163.3326317193851,444.154433307402,0,0,0.825000,bridge_dst_event_flow,True
BNB,Poly,bnb_flow_0x87b241a0de3d__synth_split_a,0x87b241a0de3d23edc8d21b26a6ac8433c599e1d5c82857cc68e1eeb352cd7763,0x2f7ac9436ba4b548f9582af91ca1ef02cd2f1f03|0xc08df10eaf32e6d2063c3d510db6abb6839d3cfe|0xe552fb52a4f19e44ef5a967632dbc320b0820639,0xc08df10eaf32e6d2063c3d510db6abb6839d3cfe,0xe552fb52a4f19e44ef5a967632dbc320b0820639,Metis,Metis,0x87b241a0de3d23edc8d21b26a6ac8433c599e1d5c82857cc68e1eeb352cd7763_Metis,1670250469,1670250469,1,7.414630114750312e+19,74.14630114750312,201.62785611995162,0,0,0.800000,bridge_dst_event_flow,True
BNB,Poly,bnb_flow_0x87b241a0de3d__synth_split_b,0x87b241a0de3d23edc8d21b26a6ac8433c599e1d5c82857cc68e1eeb352cd7763,0x2f7ac9436ba4b548f9582af91ca1ef02cd2f1f03|0xc08df10eaf32e6d2063c3d510db6abb6839d3cfe|0xe552fb52a4f19e44ef5a967632dbc320b0820639,0xc08df10eaf32e6d2063c3d510db6abb6839d3cfe,0xe552fb52a4f19e44ef5a967632dbc320b0820639,Metis,Metis,0x87b241a0de3d23edc8d21b26a6ac8433c599e1d5c82857cc68e1eeb352cd7763_Metis,1670250469,1670250469,1,7.414630114750312e+19,74.14630114750312,201.62785611995162,0,0,0.800000,bridge_dst_event_flow,True
BNB,Poly,bnb_flow_0x87b241a0de3d__synth_split_c,0x87b241a0de3d23edc8d21b26a6ac8433c599e1d5c82857cc68e1eeb352cd7763,0x2f7ac9436ba4b548f9582af91ca1ef02cd2f1f03|0xc08df10eaf32e6d2063c3d510db6abb6839d3cfe|0xe552fb52a4f19e44ef5a967632dbc320b0820639,0xc08df10eaf32e6d2063c3d510db6abb6839d3cfe,0xe552fb52a4f19e44ef5a967632dbc320b0820639,Metis,Metis,0x87b241a0de3d23edc8d21b26a6ac8433c599e1d5c82857cc68e1eeb352cd7763_Metis,1670250469,1670250469,1,7.414630114750312e+19,74.14630114750312,201.62785611995162,0,0,0.800000,bridge_dst_event_flow,True
BNB,Poly,bnb_flow_0x87b241a0de3d__synth_merge_dst,0x87b241a0de3d23edc8d21b26a6ac8433c599e1d5c82857cc68e1eeb352cd7763,0x2f7ac9436ba4b548f9582af91ca1ef02cd2f1f03|0xc08df10eaf32e6d2063c3d510db6abb6839d3cfe|0xe552fb52a4f19e44ef5a967632dbc320b0820639,0xc08df10eaf32e6d2063c3d510db6abb6839d3cfe,0xe552fb52a4f19e44ef5a967632dbc320b0820639,Metis,Metis,0x87b241a0de3d23edc8d21b26a6ac8433c599e1d5c82857cc68e1eeb352cd7763_Metis,1670250469,1670250469,1,2.2243890344250937e+20,222.43890344250937,604.8835683598548,0,0,0.800000,bridge_dst_event_flow,True
BNB,Poly,bnb_flow_0x87b241a0de3d__synth_hidden_dst,0x87b241a0de3d23edc8d21b26a6ac8433c599e1d5c82857cc68e1eeb352cd7763,0x2f7ac9436ba4b548f9582af91ca1ef02cd2f1f03|0xc08df10eaf32e6d2063c3d510db6abb6839d3cfe|0xe552fb52a4f19e44ef5a967632dbc320b0820639,0xc08df10eaf32e6d2063c3d510db6abb6839d3cfe,0xe552fb52a4f19e44ef5a967632dbc320b0820639,Metis,Metis,0x87b241a0de3d23edc8d21b26a6ac8433c599e1d5c82857cc68e1eeb352cd7763_Metis,1670250469,1670250469,1,2.2243890344250937e+20,222.43890344250937,604.8835683598548,0,0,0.800000,bridge_dst_event_flow,True
BNB,Poly,bnb_flow_0x87b241a0de3d__synth_noise_dst_0,0x87b241a0de3d23edc8d21b26a6ac8433c599e1d5c82857cc68e1eeb352cd7763,0x2f7ac9436ba4b548f9582af91ca1ef02cd2f1f03|0xc08df10eaf32e6d2063c3d510db6abb6839d3cfe|0xe552fb52a4f19e44ef5a967632dbc320b0820639,0xc08df10eaf32e6d2063c3d510db6abb6839d3cfe,0xe552fb52a4f19e44ef5a967632dbc320b0820639,Metis,Metis,0x87b241a0de3d23edc8d21b26a6ac8433c599e1d5c82857cc68e1eeb352cd7763_Metis,1670250529,1670250529,1,2.2243890344250937e+20,222.43890344250937,604.8835683598548,0,0,0.800000,bridge_dst_event_flow,True
BNB,Poly,bnb_flow_0x87b241a0de3d__synth_noise_dst_1,0x87b241a0de3d23edc8d21b26a6ac8433c599e1d5c82857cc68e1eeb352cd7763,0x2f7ac9436ba4b548f9582af91ca1ef02cd2f1f03|0xc08df10eaf32e6d2063c3d510db6abb6839d3cfe|0xe552fb52a4f19e44ef5a967632dbc320b0820639,0xc08df10eaf32e6d2063c3d510db6abb6839d3cfe,0xe552fb52a4f19e44ef5a967632dbc320b0820639,Metis,Metis,0x87b241a0de3d23edc8d21b26a6ac8433c599e1d5c82857cc68e1eeb352cd7763_Metis,1670250589,1670250589,1,2.2243890344250937e+20,222.43890344250937,604.8835683598548,0,0,0.800000,bridge_dst_event_flow,True
BNB,Poly,bnb_flow_0xe6cda52a5f26__synth_split_a,0xe6cda52a5f266fff97b6393bc0ac859116075d5fb960d639f37b47fb51ecf864,0x2f7ac9436ba4b548f9582af91ca1ef02cd2f1f03|0x8594d8e9483473626908648a5539d9d65ca2fe8d|0xe552fb52a4f19e44ef5a967632dbc320b0820639,0x8594d8e9483473626908648a5539d9d65ca2fe8d,0xe552fb52a4f19e44ef5a967632dbc320b0820639,Metis,Metis,0xe6cda52a5f266fff97b6393bc0ac859116075d5fb960d639f37b47fb51ecf864_Metis,1663318512,1663318512,1,4.0529753510742655e+19,40.52975351074266,110.21355324501327,0,0,0.800000,bridge_dst_event_flow,True
BNB,Poly,bnb_flow_0xe6cda52a5f26__synth_split_b,0xe6cda52a5f266fff97b6393bc0ac859116075d5fb960d639f37b47fb51ecf864,0x2f7ac9436ba4b548f9582af91ca1ef02cd2f1f03|0x8594d8e9483473626908648a5539d9d65ca2fe8d|0xe552fb52a4f19e44ef5a967632dbc320b0820639,0x8594d8e9483473626908648a5539d9d65ca2fe8d,0xe552fb52a4f19e44ef5a967632dbc320b0820639,Metis,Metis,0xe6cda52a5f266fff97b6393bc0ac859116075d5fb960d639f37b47fb51ecf864_Metis,1663318512,1663318512,1,4.0529753510742655e+19,40.52975351074266,110.21355324501327,0,0,0.800000,bridge_dst_event_flow,True
BNB,Poly,bnb_flow_0xe6cda52a5f26__synth_split_c,0xe6cda52a5f266fff97b6393bc0ac859116075d5fb960d639f37b47fb51ecf864,0x2f7ac9436ba4b548f9582af91ca1ef02cd2f1f03|0x8594d8e9483473626908648a5539d9d65ca2fe8d|0xe552fb52a4f19e44ef5a967632dbc320b0820639,0x8594d8e9483473626908648a5539d9d65ca2fe8d,0xe552fb52a4f19e44ef5a967632dbc320b0820639,Metis,Metis,0xe6cda52a5f266fff97b6393bc0ac859116075d5fb960d639f37b47fb51ecf864_Metis,1663318512,1663318512,1,4.0529753510742655e+19,40.52975351074266,110.21355324501327,0,0,0.800000,bridge_dst_event_flow,True
BNB,Poly,bnb_flow_0xe6cda52a5f26__synth_split_d,0xe6cda52a5f266fff97b6393bc0ac859116075d5fb960d639f37b47fb51ecf864,0x2f7ac9436ba4b548f9582af91ca1ef02cd2f1f03|0x8594d8e9483473626908648a5539d9d65ca2fe8d|0xe552fb52a4f19e44ef5a967632dbc320b0820639,0x8594d8e9483473626908648a5539d9d65ca2fe8d,0xe552fb52a4f19e44ef5a967632dbc320b0820639,Metis,Metis,0xe6cda52a5f266fff97b6393bc0ac859116075d5fb960d639f37b47fb51ecf864_Metis,1663318512,1663318512,1,4.0529753510742655e+19,40.52975351074266,110.21355324501327,0,0,0.800000,bridge_dst_event_flow,True
BNB,Poly,bnb_flow_0xe6cda52a5f26__synth_merge_dst,0xe6cda52a5f266fff97b6393bc0ac859116075d5fb960d639f37b47fb51ecf864,0x2f7ac9436ba4b548f9582af91ca1ef02cd2f1f03|0x8594d8e9483473626908648a5539d9d65ca2fe8d|0xe552fb52a4f19e44ef5a967632dbc320b0820639,0x8594d8e9483473626908648a5539d9d65ca2fe8d,0xe552fb52a4f19e44ef5a967632dbc320b0820639,Metis,Metis,0xe6cda52a5f266fff97b6393bc0ac859116075d5fb960d639f37b47fb51ecf864_Metis,1663318512,1663318512,1,1.6211901404297062e+20,162.11901404297063,440.8542129800531,0,0,0.800000,bridge_dst_event_flow,True
BNB,Poly,bnb_flow_0xe6cda52a5f26__synth_hidden_dst,0xe6cda52a5f266fff97b6393bc0ac859116075d5fb960d639f37b47fb51ecf864,0x2f7ac9436ba4b548f9582af91ca1ef02cd2f1f03|0x8594d8e9483473626908648a5539d9d65ca2fe8d|0xe552fb52a4f19e44ef5a967632dbc320b0820639,0x8594d8e9483473626908648a5539d9d65ca2fe8d,0xe552fb52a4f19e44ef5a967632dbc320b0820639,Metis,Metis,0xe6cda52a5f266fff97b6393bc0ac859116075d5fb960d639f37b47fb51ecf864_Metis,1663318512,1663318512,1,1.6211901404297062e+20,162.11901404297063,440.8542129800531,0,0,0.800000,bridge_dst_event_flow,True
BNB,Poly,bnb_flow_0xe6cda52a5f26__synth_noise_dst_0,0xe6cda52a5f266fff97b6393bc0ac859116075d5fb960d639f37b47fb51ecf864,0x2f7ac9436ba4b548f9582af91ca1ef02cd2f1f03|0x8594d8e9483473626908648a5539d9d65ca2fe8d|0xe552fb52a4f19e44ef5a967632dbc320b0820639,0x8594d8e9483473626908648a5539d9d65ca2fe8d,0xe552fb52a4f19e44ef5a967632dbc320b0820639,Metis,Metis,0xe6cda52a5f266fff97b6393bc0ac859116075d5fb960d639f37b47fb51ecf864_Metis,1663318572,1663318572,1,1.6211901404297062e+20,162.11901404297063,440.8542129800531,0,0,0.800000,bridge_dst_event_flow,True
BNB,Poly,bnb_flow_0xe6cda52a5f26__synth_noise_dst_1,0xe6cda52a5f266fff97b6393bc0ac859116075d5fb960d639f37b47fb51ecf864,0x2f7ac9436ba4b548f9582af91ca1ef02cd2f1f03|0x8594d8e9483473626908648a5539d9d65ca2fe8d|0xe552fb52a4f19e44ef5a967632dbc320b0820639,0x8594d8e9483473626908648a5539d9d65ca2fe8d,0xe552fb52a4f19e44ef5a967632dbc320b0820639,Metis,Metis,0xe6cda52a5f266fff97b6393bc0ac859116075d5fb960d639f37b47fb51ecf864_Metis,1663318632,1663318632,1,1.6211901404297062e+20,162.11901404297063,440.8542129800531,0,0,0.800000,bridge_dst_event_flow,True
BNB,Poly,bnb_flow_0x6c76c7e1386f__synth_split_a,0x6c76c7e1386f27e892cfd55138942cbe25b41c7a7768646bcfa204dacfdb4730,0x2f7ac9436ba4b548f9582af91ca1ef02cd2f1f03|0xd54e4f8a55247487dd7c8c59f14ee5c0c2889477|0xe552fb52a4f19e44ef5a967632dbc320b0820639,0xd54e4f8a55247487dd7c8c59f14ee5c0c2889477,0xe552fb52a4f19e44ef5a967632dbc320b0820639,Metis,Metis,0x6c76c7e1386f27e892cfd55138942cbe25b41c7a7768646bcfa204dacfdb4730_Metis,1669223663,1669223663,1,1.6427286782171274e+20,164.27286782171274,446.7112404120715,0,0,0.800000,bridge_dst_event_flow,True
BNB,Poly,bnb_flow_0x6c76c7e1386f__synth_split_b,0x6c76c7e1386f27e892cfd55138942cbe25b41c7a7768646bcfa204dacfdb4730,0x2f7ac9436ba4b548f9582af91ca1ef02cd2f1f03|0xd54e4f8a55247487dd7c8c59f14ee5c0c2889477|0xe552fb52a4f19e44ef5a967632dbc320b0820639,0xd54e4f8a55247487dd7c8c59f14ee5c0c2889477,0xe552fb52a4f19e44ef5a967632dbc320b0820639,Metis,Metis,0x6c76c7e1386f27e892cfd55138942cbe25b41c7a7768646bcfa204dacfdb4730_Metis,1669223663,1669223663,1,1.6427286782171274e+20,164.27286782171274,446.7112404120715,0,0,0.800000,bridge_dst_event_flow,True
BNB,Poly,bnb_flow_0x6c76c7e1386f__synth_merge_dst,0x6c76c7e1386f27e892cfd55138942cbe25b41c7a7768646bcfa204dacfdb4730,0x2f7ac9436ba4b548f9582af91ca1ef02cd2f1f03|0xd54e4f8a55247487dd7c8c59f14ee5c0c2889477|0xe552fb52a4f19e44ef5a967632dbc320b0820639,0xd54e4f8a55247487dd7c8c59f14ee5c0c2889477,0xe552fb52a4f19e44ef5a967632dbc320b0820639,Metis,Metis,0x6c76c7e1386f27e892cfd55138942cbe25b41c7a7768646bcfa204dacfdb4730_Metis,1669223663,1669223663,1,3.285457356434255e+20,328.5457356434255,893.422480824143,0,0,0.800000,bridge_dst_event_flow,True
BNB,Poly,bnb_flow_0x6c76c7e1386f__synth_hidden_dst,0x6c76c7e1386f27e892cfd55138942cbe25b41c7a7768646bcfa204dacfdb4730,0x2f7ac9436ba4b548f9582af91ca1ef02cd2f1f03|0xd54e4f8a55247487dd7c8c59f14ee5c0c2889477|0xe552fb52a4f19e44ef5a967632dbc320b0820639,0xd54e4f8a55247487dd7c8c59f14ee5c0c2889477,0xe552fb52a4f19e44ef5a967632dbc320b0820639,Metis,Metis,0x6c76c7e1386f27e892cfd55138942cbe25b41c7a7768646bcfa204dacfdb4730_Metis,1669223663,1669223663,1,3.285457356434255e+20,328.5457356434255,893.422480824143,0,0,0.800000,bridge_dst_event_flow,True
BNB,Poly,bnb_flow_0x6c76c7e1386f__synth_noise_dst_0,0x6c76c7e1386f27e892cfd55138942cbe25b41c7a7768646bcfa204dacfdb4730,0x2f7ac9436ba4b548f9582af91ca1ef02cd2f1f03|0xd54e4f8a55247487dd7c8c59f14ee5c0c2889477|0xe552fb52a4f19e44ef5a967632dbc320b0820639,0xd54e4f8a55247487dd7c8c59f14ee5c0c2889477,0xe552fb52a4f19e44ef5a967632dbc320b0820639,Metis,Metis,0x6c76c7e1386f27e892cfd55138942cbe25b41c7a7768646bcfa204dacfdb4730_Metis,1669223723,1669223723,1,3.285457356434255e+20,328.5457356434255,893.422480824143,0,0,0.800000,bridge_dst_event_flow,True
BNB,Poly,bnb_flow_0x6c76c7e1386f__synth_noise_dst_1,0x6c76c7e1386f27e892cfd55138942cbe25b41c7a7768646bcfa204dacfdb4730,0x2f7ac9436ba4b548f9582af91ca1ef02cd2f1f03|0xd54e4f8a55247487dd7c8c59f14ee5c0c2889477|0xe552fb52a4f19e44ef5a967632dbc320b0820639,0xd54e4f8a55247487dd7c8c59f14ee5c0c2889477,0xe552fb52a4f19e44ef5a967632dbc320b0820639,Metis,Metis,0x6c76c7e1386f27e892cfd55138942cbe25b41c7a7768646bcfa204dacfdb4730_Metis,1669223783,1669223783,1,3.285457356434255e+20,328.5457356434255,893.422480824143,0,0,0.800000,bridge_dst_event_flow,True
BNB,Poly,bnb_flow_0x322e7f41c46b__synth_split_a,0x322e7f41c46bbb8c7f3e59ed7c1e7289421f88db65b6c813014e2a8cd2f064f9,0x2f7ac9436ba4b548f9582af91ca1ef02cd2f1f03|0xe552fb52a4f19e44ef5a967632dbc320b0820639|0xf2ce52e3d0eb5d237341c9a75ca24647d87d7e55,0xf2ce52e3d0eb5d237341c9a75ca24647d87d7e55,0xe552fb52a4f19e44ef5a967632dbc320b0820639,Metis,Metis,0x322e7f41c46bbb8c7f3e59ed7c1e7289421f88db65b6c813014e2a8cd2f064f9_Metis,1671631725,1671631725,1,1.7699626036884822e+20,176.99626036884823,481.310273973409,0,0,0.800000,bridge_dst_event_flow,True
BNB,Poly,bnb_flow_0x322e7f41c46b__synth_split_b,0x322e7f41c46bbb8c7f3e59ed7c1e7289421f88db65b6c813014e2a8cd2f064f9,0x2f7ac9436ba4b548f9582af91ca1ef02cd2f1f03|0xe552fb52a4f19e44ef5a967632dbc320b0820639|0xf2ce52e3d0eb5d237341c9a75ca24647d87d7e55,0xf2ce52e3d0eb5d237341c9a75ca24647d87d7e55,0xe552fb52a4f19e44ef5a967632dbc320b0820639,Metis,Metis,0x322e7f41c46bbb8c7f3e59ed7c1e7289421f88db65b6c813014e2a8cd2f064f9_Metis,1671631725,1671631725,1,1.7699626036884822e+20,176.99626036884823,481.310273973409,0,0,0.800000,bridge_dst_event_flow,True
BNB,Poly,bnb_flow_0x322e7f41c46b__synth_merge_dst,0x322e7f41c46bbb8c7f3e59ed7c1e7289421f88db65b6c813014e2a8cd2f064f9,0x2f7ac9436ba4b548f9582af91ca1ef02cd2f1f03|0xe552fb52a4f19e44ef5a967632dbc320b0820639|0xf2ce52e3d0eb5d237341c9a75ca24647d87d7e55,0xf2ce52e3d0eb5d237341c9a75ca24647d87d7e55,0xe552fb52a4f19e44ef5a967632dbc320b0820639,Metis,Metis,0x322e7f41c46bbb8c7f3e59ed7c1e7289421f88db65b6c813014e2a8cd2f064f9_Metis,1671631725,1671631725,1,3.5399252073769645e+20,353.99252073769645,962.620547946818,0,0,0.800000,bridge_dst_event_flow,True
BNB,Poly,bnb_flow_0x322e7f41c46b__synth_hidden_dst,0x322e7f41c46bbb8c7f3e59ed7c1e7289421f88db65b6c813014e2a8cd2f064f9,0x2f7ac9436ba4b548f9582af91ca1ef02cd2f1f03|0xe552fb52a4f19e44ef5a967632dbc320b0820639|0xf2ce52e3d0eb5d237341c9a75ca24647d87d7e55,0xf2ce52e3d0eb5d237341c9a75ca24647d87d7e55,0xe552fb52a4f19e44ef5a967632dbc320b0820639,Metis,Metis,0x322e7f41c46bbb8c7f3e59ed7c1e7289421f88db65b6c813014e2a8cd2f064f9_Metis,1671631725,1671631725,1,3.5399252073769645e+20,353.99252073769645,962.620547946818,0,0,0.800000,bridge_dst_event_flow,True
BNB,Poly,bnb_flow_0x322e7f41c46b__synth_noise_dst_0,0x322e7f41c46bbb8c7f3e59ed7c1e7289421f88db65b6c813014e2a8cd2f064f9,0x2f7ac9436ba4b548f9582af91ca1ef02cd2f1f03|0xe552fb52a4f19e44ef5a967632dbc320b0820639|0xf2ce52e3d0eb5d237341c9a75ca24647d87d7e55,0xf2ce52e3d0eb5d237341c9a75ca24647d87d7e55,0xe552fb52a4f19e44ef5a967632dbc320b0820639,Metis,Metis,0x322e7f41c46bbb8c7f3e59ed7c1e7289421f88db65b6c813014e2a8cd2f064f9_Metis,1671631785,1671631785,1,3.5399252073769645e+20,353.99252073769645,962.620547946818,0,0,0.800000,bridge_dst_event_flow,True
BNB,Poly,bnb_flow_0x322e7f41c46b__synth_noise_dst_1,0x322e7f41c46bbb8c7f3e59ed7c1e7289421f88db65b6c813014e2a8cd2f064f9,0x2f7ac9436ba4b548f9582af91ca1ef02cd2f1f03|0xe552fb52a4f19e44ef5a967632dbc320b0820639|0xf2ce52e3d0eb5d237341c9a75ca24647d87d7e55,0xf2ce52e3d0eb5d237341c9a75ca24647d87d7e55,0xe552fb52a4f19e44ef5a967632dbc320b0820639,Metis,Metis,0x322e7f41c46bbb8c7f3e59ed7c1e7289421f88db65b6c813014e2a8cd2f064f9_Metis,1671631845,1671631845,1,3.5399252073769645e+20,353.99252073769645,962.620547946818,0,0,0.800000,bridge_dst_event_flow,True
