chain,bridge,flow_id,tx_hashes,address_set,primary_address,token_contracts,token_symbols,asset_group,route_id,start_time,end_time,tx_count,raw_amount_sum,human_amount_sum,usd_amount_sum,aml_score_mean,aml_score_max,evidence_quality_mean,flow_construction_rule
ETH,Poly,eth_flow_0x4c2d42d50a1b__r7fam00__inst00__synth_split_src,0x4c2d42d50a1bd8dc4ba114660eb724c7d0b512887f2b18500468ee77a51c1708,0x5d285f735998f36631f678ff41fb56a10a4d0429|0x81910675dbaf69dee0fd77570bfd07f8e436386a|0xf3ea3a5fe815dbcdcba99cdd07216d1de64b9ea3,0x81910675dbaf69dee0fd77570bfd07f8e436386a,0x5d285f735998f36631f678ff41fb56a10a4d0429,MIX,MIX,0x4c2d42d50a1bd8dc4ba114660eb724c7d0b512887f2b18500468ee77a51c1708_MIX,1653047504,1653047504,1,1e+24,1000000.0,1.6251446675701215,16.279070,16.279070,0.800000,bridge_deposit_flow
ETH,Poly,eth_flow_0x4c2d42d50a1b__r7fam00__inst00__synth_merge_src1,0x4c2d42d50a1bd8dc4ba114660eb724c7d0b512887f2b18500468ee77a51c1708,0x5d285f735998f36631f678ff41fb56a10a4d0429|0x81910675dbaf69dee0fd77570bfd07f8e436386a|0xf3ea3a5fe815dbcdcba99cdd07216d1de64b9ea3,0x81910675dbaf69dee0fd77570bfd07f8e436386a,0x5d285f735998f36631f678ff41fb56a10a4d0429,MIX,MIX,0x4c2d42d50a1bd8dc4ba114660eb724c7d0b512887f2b18500468ee77a51c1708_MIX,1653047504,1653047504,1,5e+23,500000.0,0.8125723337850608,16.279070,16.279070,0.800000,bridge_deposit_flow
ETH,Poly,eth_flow_0x4c2d42d50a1b__r7fam00__inst00__synth_merge_src2,0x4c2d42d50a1bd8dc4ba114660eb724c7d0b512887f2b18500468ee77a51c1708,0x5d285f735998f36631f678ff41fb56a10a4d0429|0x81910675dbaf69dee0fd77570bfd07f8e436386a|0xf3ea3a5fe815dbcdcba99cdd07216d1de64b9ea3,0x81910675dbaf69dee0fd77570bfd07f8e436386a,0x5d285f735998f36631f678ff41fb56a10a4d0429,MIX,MIX,0x4c2d42d50a1bd8dc4ba114660eb724c7d0b512887f2b18500468ee77a51c1708_MIX,1653047504,1653047504,1,5e+23,500000.0,0.8125723337850608,16.279070,16.279070,0.800000,bridge_deposit_flow
ETH,Poly,eth_flow_0x4c2d42d50a1b__r7fam00__inst00__synth_unmatched_src,0x4c2d42d50a1bd8dc4ba114660eb724c7d0b512887f2b18500468ee77a51c1708,0x5d285f735998f36631f678ff41fb56a10a4d0429|0x81910675dbaf69dee0fd77570bfd07f8e436386a|0xf3ea3a5fe815dbcdcba99cdd07216d1de64b9ea3,0x81910675dbaf69dee0fd77570bfd07f8e436386a,0x5d285f735998f36631f678ff41fb56a10a4d0429,MIX,MIX,0x4c2d42d50a1bd8dc4ba114660eb724c7d0b512887f2b18500468ee77a51c1708_MIX,1653047504,1653047504,1,1e+24,1000000.0,1.6251446675701215,16.279070,16.279070,0.800000,bridge_deposit_flow
ETH,Poly,eth_flow_0x4c2d42d50a1b__r7fam00__inst00__synth_noise_src_0,0x4c2d42d50a1bd8dc4ba114660eb724c7d0b512887f2b18500468ee77a51c1708,0x5d285f735998f36631f678ff41fb56a10a4d0429|0x81910675dbaf69dee0fd77570bfd07f8e436386a|0xf3ea3a5fe815dbcdcba99cdd07216d1de64b9ea3,0x81910675dbaf69dee0fd77570bfd07f8e436386a,0x5d285f735998f36631f678ff41fb56a10a4d0429,MIX,MIX,0x4c2d42d50a1bd8dc4ba114660eb724c7d0b512887f2b18500468ee77a51c1708_MIX,1653047504,1653047504,1,1e+24,1000000.0,1.6251446675701215,16.279070,16.279070,0.800000,bridge_deposit_flow
ETH,Poly,eth_flow_0x4c2d42d50a1b__r7fam00__inst00__synth_noise_src_1,0x4c2d42d50a1bd8dc4ba114660eb724c7d0b512887f2b18500468ee77a51c1708,0x5d285f735998f36631f678ff41fb56a10a4d0429|0x81910675dbaf69dee0fd77570bfd07f8e436386a|0xf3ea3a5fe815dbcdcba99cdd07216d1de64b9ea3,0x81910675dbaf69dee0fd77570bfd07f8e436386a,0x5d285f735998f36631f678ff41fb56a10a4d0429,MIX,MIX,0x4c2d42d50a1bd8dc4ba114660eb724c7d0b512887f2b18500468ee77a51c1708_MIX,1653047504,1653047504,1,1e+24,1000000.0,1.6251446675701215,16.279070,16.279070,0.800000,bridge_deposit_flow
ETH,Poly,eth_flow_0x95da7d7f361f__r7fam00__inst01__synth_split_src,0x95da7d7f361f9e429774afbbc5b5931008e40788eddd229de24317328240e2ff,0x001a8ffcb0f03e99141652ebcdecdb0384e3bd6c|0x81910675dbaf69dee0fd77570bfd07f8e436386a|0xd3660ee5743108ddbbc6eb9dd07a0c325f6921fe,0x81910675dbaf69dee0fd77570bfd07f8e436386a,0x001a8ffcb0f03e99141652ebcdecdb0384e3bd6c,PKR,PKR,0x95da7d7f361f9e429774afbbc5b5931008e40788eddd229de24317328240e2ff_PKR,1660436846,1660436846,1,1.3568884940640188e+23,135688.8494064019,2.983572547708776,16.279070,16.279070,0.800000,bridge_deposit_flow
ETH,Poly,eth_flow_0x95da7d7f361f__r7fam00__inst01__synth_merge_src1,0x95da7d7f361f9e429774afbbc5b5931008e40788eddd229de24317328240e2ff,0x001a8ffcb0f03e99141652ebcdecdb0384e3bd6c|0x81910675dbaf69dee0fd77570bfd07f8e436386a|0xd3660ee5743108ddbbc6eb9dd07a0c325f6921fe,0x81910675dbaf69dee0fd77570bfd07f8e436386a,0x001a8ffcb0f03e99141652ebcdecdb0384e3bd6c,PKR,PKR,0x95da7d7f361f9e429774afbbc5b5931008e40788eddd229de24317328240e2ff_PKR,1660436846,1660436846,1,6.784442470320094e+22,67844.42470320094,1.491786273854388,16.279070,16.279070,0.800000,bridge_deposit_flow
ETH,Poly,eth_flow_0x95da7d7f361f__r7fam00__inst01__synth_merge_src2,0x95da7d7f361f9e429774afbbc5b5931008e40788eddd229de24317328240e2ff,0x001a8ffcb0f03e99141652ebcdecdb0384e3bd6c|0x81910675dbaf69dee0fd77570bfd07f8e436386a|0xd3660ee5743108ddbbc6eb9dd07a0c325f6921fe,0x81910675dbaf69dee0fd77570bfd07f8e436386a,0x001a8ffcb0f03e99141652ebcdecdb0384e3bd6c,PKR,PKR,0x95da7d7f361f9e429774afbbc5b5931008e40788eddd229de24317328240e2ff_PKR,1660436846,1660436846,1,6.784442470320094e+22,67844.42470320094,1.491786273854388,16.279070,16.279070,0.800000,bridge_deposit_flow
ETH,Poly,eth_flow_0x95da7d7f361f__r7fam00__inst01__synth_unmatched_src,0x95da7d7f361f9e429774afbbc5b5931008e40788eddd229de24317328240e2ff,0x001a8ffcb0f03e99141652ebcdecdb0384e3bd6c|0x81910675dbaf69dee0fd77570bfd07f8e436386a|0xd3660ee5743108ddbbc6eb9dd07a0c325f6921fe,0x81910675dbaf69dee0fd77570bfd07f8e436386a,0x001a8ffcb0f03e99141652ebcdecdb0384e3bd6c,PKR,PKR,0x95da7d7f361f9e429774afbbc5b5931008e40788eddd229de24317328240e2ff_PKR,1660436846,1660436846,1,1.3568884940640188e+23,135688.8494064019,2.983572547708776,16.279070,16.279070,0.800000,bridge_deposit_flow
ETH,Poly,eth_flow_0x95da7d7f361f__r7fam00__inst01__synth_noise_src_0,0x95da7d7f361f9e429774afbbc5b5931008e40788eddd229de24317328240e2ff,0x001a8ffcb0f03e99141652ebcdecdb0384e3bd6c|0x81910675dbaf69dee0fd77570bfd07f8e436386a|0xd3660ee5743108ddbbc6eb9dd07a0c325f6921fe,0x81910675dbaf69dee0fd77570bfd07f8e436386a,0x001a8ffcb0f03e99141652ebcdecdb0384e3bd6c,PKR,PKR,0x95da7d7f361f9e429774afbbc5b5931008e40788eddd229de24317328240e2ff_PKR,1660436846,1660436846,1,1.3568884940640188e+23,135688.8494064019,2.983572547708776,16.279070,16.279070,0.800000,bridge_deposit_flow
ETH,Poly,eth_flow_0x95da7d7f361f__r7fam00__inst01__synth_noise_src_1,0x95da7d7f361f9e429774afbbc5b5931008e40788eddd229de24317328240e2ff,0x001a8ffcb0f03e99141652ebcdecdb0384e3bd6c|0x81910675dbaf69dee0fd77570bfd07f8e436386a|0xd3660ee5743108ddbbc6eb9dd07a0c325f6921fe,0x81910675dbaf69dee0fd77570bfd07f8e436386a,0x001a8ffcb0f03e99141652ebcdecdb0384e3bd6c,PKR,PKR,0x95da7d7f361f9e429774afbbc5b5931008e40788eddd229de24317328240e2ff_PKR,1660436846,1660436846,1,1.3568884940640188e+23,135688.8494064019,2.983572547708776,16.279070,16.279070,0.800000,bridge_deposit_flow
ETH,Poly,eth_flow_0x81e4c4fa61e7__r7fam01__inst00__synth_split_src,0x81e4c4fa61e7425fa78f9a3b5dbc93a5993a1a355d0bd4eb9ca5af9c5182fd26,0x5d285f735998f36631f678ff41fb56a10a4d0429|0x81910675dbaf69dee0fd77570bfd07f8e436386a|0xf29f568f971c043df7079a3121e9de616b8998a3,0x81910675dbaf69dee0fd77570bfd07f8e436386a,0x5d285f735998f36631f678ff41fb56a10a4d0429,MIX,MIX,0x81e4c4fa61e7425fa78f9a3b5dbc93a5993a1a355d0bd4eb9ca5af9c5182fd26_MIX,1653356503,1653356503,1,6.83017134e+23,683017.134,1.1100016531791272,16.279070,16.279070,0.800000,bridge_deposit_flow
ETH,Poly,eth_flow_0x81e4c4fa61e7__r7fam01__inst00__synth_merge_src1,0x81e4c4fa61e7425fa78f9a3b5dbc93a5993a1a355d0bd4eb9ca5af9c5182fd26,0x5d285f735998f36631f678ff41fb56a10a4d0429|0x81910675dbaf69dee0fd77570bfd07f8e436386a|0xf29f568f971c043df7079a3121e9de616b8998a3,0x81910675dbaf69dee0fd77570bfd07f8e436386a,0x5d285f735998f36631f678ff41fb56a10a4d0429,MIX,MIX,0x81e4c4fa61e7425fa78f9a3b5dbc93a5993a1a355d0bd4eb9ca5af9c5182fd26_MIX,1653356503,1653356503,1,3.41508567e+23,341508.567,0.5550008265895636,16.279070,16.279070,0.800000,bridge_deposit_flow
ETH,Poly,eth_flow_0x81e4c4fa61e7__r7fam01__inst00__synth_merge_src2,0x81e4c4fa61e7425fa78f9a3b5dbc93a5993a1a355d0bd4eb9ca5af9c5182fd26,0x5d285f735998f36631f678ff41fb56a10a4d0429|0x81910675dbaf69dee0fd77570bfd07f8e436386a|0xf29f568f971c043df7079a3121e9de616b8998a3,0x81910675dbaf69dee0fd77570bfd07f8e436386a,0x5d285f735998f36631f678ff41fb56a10a4d0429,MIX,MIX,0x81e4c4fa61e7425fa78f9a3b5dbc93a5993a1a355d0bd4eb9ca5af9c5182fd26_MIX,1653356503,1653356503,1,3.41508567e+23,341508.567,0.5550008265895636,16.279070,16.279070,0.800000,bridge_deposit_flow
ETH,Poly,eth_flow_0x81e4c4fa61e7__r7fam01__inst00__synth_unmatched_src,0x81e4c4fa61e7425fa78f9a3b5dbc93a5993a1a355d0bd4eb9ca5af9c5182fd26,0x5d285f735998f36631f678ff41fb56a10a4d0429|0x81910675dbaf69dee0fd77570bfd07f8e436386a|0xf29f568f971c043df7079a3121e9de616b8998a3,0x81910675dbaf69dee0fd77570bfd07f8e436386a,0x5d285f735998f36631f678ff41fb56a10a4d0429,MIX,MIX,0x81e4c4fa61e7425fa78f9a3b5dbc93a5993a1a355d0bd4eb9ca5af9c5182fd26_MIX,1653356503,1653356503,1,6.83017134e+23,683017.134,1.1100016531791272,16.279070,16.279070,0.800000,bridge_deposit_flow
ETH,Poly,eth_flow_0x81e4c4fa61e7__r7fam01__inst00__synth_noise_src_0,0x81e4c4fa61e7425fa78f9a3b5dbc93a5993a1a355d0bd4eb9ca5af9c5182fd26,0x5d285f735998f36631f678ff41fb56a10a4d0429|0x81910675dbaf69dee0fd77570bfd07f8e436386a|0xf29f568f971c043df7079a3121e9de616b8998a3,0x81910675dbaf69dee0fd77570bfd07f8e436386a,0x5d285f735998f36631f678ff41fb56a10a4d0429,MIX,MIX,0x81e4c4fa61e7425fa78f9a3b5dbc93a5993a1a355d0bd4eb9ca5af9c5182fd26_MIX,1653356503,1653356503,1,6.83017134e+23,683017.134,1.1100016531791272,16.279070,16.279070,0.800000,bridge_deposit_flow
ETH,Poly,eth_flow_0x81e4c4fa61e7__r7fam01__inst00__synth_noise_src_1,0x81e4c4fa61e7425fa78f9a3b5dbc93a5993a1a355d0bd4eb9ca5af9c5182fd26,0x5d285f735998f36631f678ff41fb56a10a4d0429|0x81910675dbaf69dee0fd77570bfd07f8e436386a|0xf29f568f971c043df7079a3121e9de616b8998a3,0x81910675dbaf69dee0fd77570bfd07f8e436386a,0x5d285f735998f36631f678ff41fb56a10a4d0429,MIX,MIX,0x81e4c4fa61e7425fa78f9a3b5dbc93a5993a1a355d0bd4eb9ca5af9c5182fd26_MIX,1653356503,1653356503,1,6.83017134e+23,683017.134,1.1100016531791272,16.279070,16.279070,0.800000,bridge_deposit_flow
ETH,Poly,eth_flow_0x840a1ac7ec4a__r7fam01__inst01__synth_split_src,0x840a1ac7ec4a36225e14f36b54d7ffb346c7972308ec9294a65f93227ea924d6,0x500c6d28fdae42a2e207fe70e6ae7e59f50543ad|0x5d285f735998f36631f678ff41fb56a10a4d0429|0x81910675dbaf69dee0fd77570bfd07f8e436386a,0x81910675dbaf69dee0fd77570bfd07f8e436386a,0x5d285f735998f36631f678ff41fb56a10a4d0429,MIX,MIX,0x840a1ac7ec4a36225e14f36b54d7ffb346c7972308ec9294a65f93227ea924d6_MIX,1660873527,1660873527,1,9.995e+23,999500.0,1.6243320952363365,16.279070,16.279070,0.800000,bridge_deposit_flow
ETH,Poly,eth_flow_0x840a1ac7ec4a__r7fam01__inst01__synth_merge_src1,0x840a1ac7ec4a36225e14f36b54d7ffb346c7972308ec9294a65f93227ea924d6,0x500c6d28fdae42a2e207fe70e6ae7e59f50543ad|0x5d285f735998f36631f678ff41fb56a10a4d0429|0x81910675dbaf69dee0fd77570bfd07f8e436386a,0x81910675dbaf69dee0fd77570bfd07f8e436386a,0x5d285f735998f36631f678ff41fb56a10a4d0429,MIX,MIX,0x840a1ac7ec4a36225e14f36b54d7ffb346c7972308ec9294a65f93227ea924d6_MIX,1660873527,1660873527,1,4.9975e+23,499750.0,0.8121660476181682,16.279070,16.279070,0.800000,bridge_deposit_flow
ETH,Poly,eth_flow_0x840a1ac7ec4a__r7fam01__inst01__synth_merge_src2,0x840a1ac7ec4a36225e14f36b54d7ffb346c7972308ec9294a65f93227ea924d6,0x500c6d28fdae42a2e207fe70e6ae7e59f50543ad|0x5d285f735998f36631f678ff41fb56a10a4d0429|0x81910675dbaf69dee0fd77570bfd07f8e436386a,0x81910675dbaf69dee0fd77570bfd07f8e436386a,0x5d285f735998f36631f678ff41fb56a10a4d0429,MIX,MIX,0x840a1ac7ec4a36225e14f36b54d7ffb346c7972308ec9294a65f93227ea924d6_MIX,1660873527,1660873527,1,4.9975e+23,499750.0,0.8121660476181682,16.279070,16.279070,0.800000,bridge_deposit_flow
ETH,Poly,eth_flow_0x840a1ac7ec4a__r7fam01__inst01__synth_unmatched_src,0x840a1ac7ec4a36225e14f36b54d7ffb346c7972308ec9294a65f93227ea924d6,0x500c6d28fdae42a2e207fe70e6ae7e59f50543ad|0x5d285f735998f36631f678ff41fb56a10a4d0429|0x81910675dbaf69dee0fd77570bfd07f8e436386a,0x81910675dbaf69dee0fd77570bfd07f8e436386a,0x5d285f735998f36631f678ff41fb56a10a4d0429,MIX,MIX,0x840a1ac7ec4a36225e14f36b54d7ffb346c7972308ec9294a65f93227ea924d6_MIX,1660873527,1660873527,1,9.995e+23,999500.0,1.6243320952363365,16.279070,16.279070,0.800000,bridge_deposit_flow
ETH,Poly,eth_flow_0x840a1ac7ec4a__r7fam01__inst01__synth_noise_src_0,0x840a1ac7ec4a36225e14f36b54d7ffb346c7972308ec9294a65f93227ea924d6,0x500c6d28fdae42a2e207fe70e6ae7e59f50543ad|0x5d285f735998f36631f678ff41fb56a10a4d0429|0x81910675dbaf69dee0fd77570bfd07f8e436386a,0x81910675dbaf69dee0fd77570bfd07f8e436386a,0x5d285f735998f36631f678ff41fb56a10a4d0429,MIX,MIX,0x840a1ac7ec4a36225e14f36b54d7ffb346c7972308ec9294a65f93227ea924d6_MIX,1660873527,1660873527,1,9.995e+23,999500.0,1.6243320952363365,16.279070,16.279070,0.800000,bridge_deposit_flow
ETH,Poly,eth_flow_0x840a1ac7ec4a__r7fam01__inst01__synth_noise_src_1,0x840a1ac7ec4a36225e14f36b54d7ffb346c7972308ec9294a65f93227ea924d6,0x500c6d28fdae42a2e207fe70e6ae7e59f50543ad|0x5d285f735998f36631f678ff41fb56a10a4d0429|0x81910675dbaf69dee0fd77570bfd07f8e436386a,0x81910675dbaf69dee0fd77570bfd07f8e436386a,0x5d285f735998f36631f678ff41fb56a10a4d0429,MIX,MIX,0x840a1ac7ec4a36225e14f36b54d7ffb346c7972308ec9294a65f93227ea924d6_MIX,1660873527,1660873527,1,9.995e+23,999500.0,1.6243320952363365,16.279070,16.279070,0.800000,bridge_deposit_flow
ETH,Poly,eth_flow_0x230a3f0234a2__r7fam02__inst00__synth_split_src,0x230a3f0234a2256a7e48b9cf4a19c7e33da06f8dfe2ccae9a406df77f954a7d3,0x500c6d28fdae42a2e207fe70e6ae7e59f50543ad|0x5d285f735998f36631f678ff41fb56a10a4d0429|0x81910675dbaf69dee0fd77570bfd07f8e436386a,0x81910675dbaf69dee0fd77570bfd07f8e436386a,0x5d285f735998f36631f678ff41fb56a10a4d0429,MIX,MIX,0x230a3f0234a2256a7e48b9cf4a19c7e33da06f8dfe2ccae9a406df77f954a7d3_MIX,1660605153,1660605153,1,6.493154027665e+23,649315.4027664999,1.055231464377123,16.279070,16.279070,0.800000,bridge_deposit_flow
ETH,Poly,eth_flow_0x230a3f0234a2__r7fam02__inst00__synth_merge_src1,0x230a3f0234a2256a7e48b9cf4a19c7e33da06f8dfe2ccae9a406df77f954a7d3,0x500c6d28fdae42a2e207fe70e6ae7e59f50543ad|0x5d285f735998f36631f678ff41fb56a10a4d0429|0x81910675dbaf69dee0fd77570bfd07f8e436386a,0x81910675dbaf69dee0fd77570bfd07f8e436386a,0x5d285f735998f36631f678ff41fb56a10a4d0429,MIX,MIX,0x230a3f0234a2256a7e48b9cf4a19c7e33da06f8dfe2ccae9a406df77f954a7d3_MIX,1660605153,1660605153,1,3.2465770138325e+23,324657.70138324995,0.5276157321885615,16.279070,16.279070,0.800000,bridge_deposit_flow
ETH,Poly,eth_flow_0x230a3f0234a2__r7fam02__inst00__synth_merge_src2,0x230a3f0234a2256a7e48b9cf4a19c7e33da06f8dfe2ccae9a406df77f954a7d3,0x500c6d28fdae42a2e207fe70e6ae7e59f50543ad|0x5d285f735998f36631f678ff41fb56a10a4d0429|0x81910675dbaf69dee0fd77570bfd07f8e436386a,0x81910675dbaf69dee0fd77570bfd07f8e436386a,0x5d285f735998f36631f678ff41fb56a10a4d0429,MIX,MIX,0x230a3f0234a2256a7e48b9cf4a19c7e33da06f8dfe2ccae9a406df77f954a7d3_MIX,1660605153,1660605153,1,3.2465770138325e+23,324657.70138324995,0.5276157321885615,16.279070,16.279070,0.800000,bridge_deposit_flow
ETH,Poly,eth_flow_0x230a3f0234a2__r7fam02__inst00__synth_unmatched_src,0x230a3f0234a2256a7e48b9cf4a19c7e33da06f8dfe2ccae9a406df77f954a7d3,0x500c6d28fdae42a2e207fe70e6ae7e59f50543ad|0x5d285f735998f36631f678ff41fb56a10a4d0429|0x81910675dbaf69dee0fd77570bfd07f8e436386a,0x81910675dbaf69dee0fd77570bfd07f8e436386a,0x5d285f735998f36631f678ff41fb56a10a4d0429,MIX,MIX,0x230a3f0234a2256a7e48b9cf4a19c7e33da06f8dfe2ccae9a406df77f954a7d3_MIX,1660605153,1660605153,1,6.493154027665e+23,649315.4027664999,1.055231464377123,16.279070,16.279070,0.800000,bridge_deposit_flow
ETH,Poly,eth_flow_0x230a3f0234a2__r7fam02__inst00__synth_noise_src_0,0x230a3f0234a2256a7e48b9cf4a19c7e33da06f8dfe2ccae9a406df77f954a7d3,0x500c6d28fdae42a2e207fe70e6ae7e59f50543ad|0x5d285f735998f36631f678ff41fb56a10a4d0429|0x81910675dbaf69dee0fd77570bfd07f8e436386a,0x81910675dbaf69dee0fd77570bfd07f8e436386a,0x5d285f735998f36631f678ff41fb56a10a4d0429,MIX,MIX,0x230a3f0234a2256a7e48b9cf4a19c7e33da06f8dfe2ccae9a406df77f954a7d3_MIX,1660605153,1660605153,1,6.493154027665e+23,649315.4027664999,1.055231464377123,16.279070,16.279070,0.800000,bridge_deposit_flow
ETH,Poly,eth_flow_0x230a3f0234a2__r7fam02__inst00__synth_noise_src_1,0x230a3f0234a2256a7e48b9cf4a19c7e33da06f8dfe2ccae9a406df77f954a7d3,0x500c6d28fdae42a2e207fe70e6ae7e59f50543ad|0x5d285f735998f36631f678ff41fb56a10a4d0429|0x81910675dbaf69dee0fd77570bfd07f8e436386a,0x81910675dbaf69dee0fd77570bfd07f8e436386a,0x5d285f735998f36631f678ff41fb56a10a4d0429,MIX,MIX,0x230a3f0234a2256a7e48b9cf4a19c7e33da06f8dfe2ccae9a406df77f954a7d3_MIX,1660605153,1660605153,1,6.493154027665e+23,649315.4027664999,1.055231464377123,16.279070,16.279070,0.800000,bridge_deposit_flow
ETH,Poly,eth_flow_0x9cdcf58921e9__r7fam02__inst01__synth_split_src,0x9cdcf58921e96bd4118585c0c2da2b49c9e6b497b46a30e658a023a5ed4a52d6,0x5d285f735998f36631f678ff41fb56a10a4d0429|0x81910675dbaf69dee0fd77570bfd07f8e436386a|0xf2ce52e3d0eb5d237341c9a75ca24647d87d7e55,0x81910675dbaf69dee0fd77570bfd07f8e436386a,0x5d285f735998f36631f678ff41fb56a10a4d0429,MIX,MIX,0x9cdcf58921e96bd4118585c0c2da2b49c9e6b497b46a30e658a023a5ed4a52d6_MIX,1653040476,1653040476,1,5.90536358815636e+23,590536.358815636,0.9597070145355068,16.279070,16.279070,0.800000,bridge_deposit_flow
ETH,Poly,eth_flow_0x9cdcf58921e9__r7fam02__inst01__synth_merge_src1,0x9cdcf58921e96bd4118585c0c2da2b49c9e6b497b46a30e658a023a5ed4a52d6,0x5d285f735998f36631f678ff41fb56a10a4d0429|0x81910675dbaf69dee0fd77570bfd07f8e436386a|0xf2ce52e3d0eb5d237341c9a75ca24647d87d7e55,0x81910675dbaf69dee0fd77570bfd07f8e436386a,0x5d285f735998f36631f678ff41fb56a10a4d0429,MIX,MIX,0x9cdcf58921e96bd4118585c0c2da2b49c9e6b497b46a30e658a023a5ed4a52d6_MIX,1653040476,1653040476,1,2.95268179407818e+23,295268.179407818,0.4798535072677534,16.279070,16.279070,0.800000,bridge_deposit_flow
ETH,Poly,eth_flow_0x9cdcf58921e9__r7fam02__inst01__synth_merge_src2,0x9cdcf58921e96bd4118585c0c2da2b49c9e6b497b46a30e658a023a5ed4a52d6,0x5d285f735998f36631f678ff41fb56a10a4d0429|0x81910675dbaf69dee0fd77570bfd07f8e436386a|0xf2ce52e3d0eb5d237341c9a75ca24647d87d7e55,0x81910675dbaf69dee0fd77570bfd07f8e436386a,0x5d285f735998f36631f678ff41fb56a10a4d0429,MIX,MIX,0x9cdcf58921e96bd4118585c0c2da2b49c9e6b497b46a30e658a023a5ed4a52d6_MIX,1653040476,1653040476,1,2.95268179407818e+23,295268.179407818,0.4798535072677534,16.279070,16.279070,0.800000,bridge_deposit_flow
ETH,Poly,eth_flow_0x9cdcf58921e9__r7fam02__inst01__synth_unmatched_src,0x9cdcf58921e96bd4118585c0c2da2b49c9e6b497b46a30e658a023a5ed4a52d6,0x5d285f735998f36631f678ff41fb56a10a4d0429|0x81910675dbaf69dee0fd77570bfd07f8e436386a|0xf2ce52e3d0eb5d237341c9a75ca24647d87d7e55,0x81910675dbaf69dee0fd77570bfd07f8e436386a,0x5d285f735998f36631f678ff41fb56a10a4d0429,MIX,MIX,0x9cdcf58921e96bd4118585c0c2da2b49c9e6b497b46a30e658a023a5ed4a52d6_MIX,1653040476,1653040476,1,5.90536358815636e+23,590536.358815636,0.9597070145355068,16.279070,16.279070,0.800000,bridge_deposit_flow
ETH,Poly,eth_flow_0x9cdcf58921e9__r7fam02__inst01__synth_noise_src_0,0x9cdcf58921e96bd4118585c0c2da2b49c9e6b497b46a30e658a023a5ed4a52d6,0x5d285f735998f36631f678ff41fb56a10a4d0429|0x81910675dbaf69dee0fd77570bfd07f8e436386a|0xf2ce52e3d0eb5d237341c9a75ca24647d87d7e55,0x81910675dbaf69dee0fd77570bfd07f8e436386a,0x5d285f735998f36631f678ff41fb56a10a4d0429,MIX,MIX,0x9cdcf58921e96bd4118585c0c2da2b49c9e6b497b46a30e658a023a5ed4a52d6_MIX,1653040476,1653040476,1,5.90536358815636e+23,590536.358815636,0.9597070145355068,16.279070,16.279070,0.800000,bridge_deposit_flow
ETH,Poly,eth_flow_0x9cdcf58921e9__r7fam02__inst01__synth_noise_src_1,0x9cdcf58921e96bd4118585c0c2da2b49c9e6b497b46a30e658a023a5ed4a52d6,0x5d285f735998f36631f678ff41fb56a10a4d0429|0x81910675dbaf69dee0fd77570bfd07f8e436386a|0xf2ce52e3d0eb5d237341c9a75ca24647d87d7e55,0x81910675dbaf69dee0fd77570bfd07f8e436386a,0x5d285f735998f36631f678ff41fb56a10a4d0429,MIX,MIX,0x9cdcf58921e96bd4118585c0c2da2b49c9e6b497b46a30e658a023a5ed4a52d6_MIX,1653040476,1653040476,1,5.90536358815636e+23,590536.358815636,0.9597070145355068,16.279070,16.279070,0.800000,bridge_deposit_flow
ETH,Poly,eth_flow_0xaef22b6f59d5__r7fam03__inst00__synth_split_src,0xaef22b6f59d5daa14dd1777f8499fef07b20815c31f5618f8e7c00d1fb5ba47a,0x001a8ffcb0f03e99141652ebcdecdb0384e3bd6c|0x81910675dbaf69dee0fd77570bfd07f8e436386a|0xc825dd260adc29b078eb4135679f22adb381488c,0x81910675dbaf69dee0fd77570bfd07f8e436386a,0x001a8ffcb0f03e99141652ebcdecdb0384e3bd6c,PKR,PKR,0xaef22b6f59d5daa14dd1777f8499fef07b20815c31f5618f8e7c00d1fb5ba47a_PKR,1647911222,1647911222,1,6.027256948355178e+22,60272.56948355178,1.3252937472584272,16.279070,16.279070,0.800000,bridge_deposit_flow
ETH,Poly,eth_flow_0xaef22b6f59d5__r7fam03__inst00__synth_merge_src1,0xaef22b6f59d5daa14dd1777f8499fef07b20815c31f5618f8e7c00d1fb5ba47a,0x001a8ffcb0f03e99141652ebcdecdb0384e3bd6c|0x81910675dbaf69dee0fd77570bfd07f8e436386a|0xc825dd260adc29b078eb4135679f22adb381488c,0x81910675dbaf69dee0fd77570bfd07f8e436386a,0x001a8ffcb0f03e99141652ebcdecdb0384e3bd6c,PKR,PKR,0xaef22b6f59d5daa14dd1777f8499fef07b20815c31f5618f8e7c00d1fb5ba47a_PKR,1647911222,1647911222,1,3.013628474177589e+22,30136.28474177589,0.6626468736292136,16.279070,16.279070,0.800000,bridge_deposit_flow
ETH,Poly,eth_flow_0xaef22b6f59d5__r7fam03__inst00__synth_merge_src2,0xaef22b6f59d5daa14dd1777f8499fef07b20815c31f5618f8e7c00d1fb5ba47a,0x001a8ffcb0f03e99141652ebcdecdb0384e3bd6c|0x81910675dbaf69dee0fd77570bfd07f8e436386a|0xc825dd260adc29b078eb4135679f22adb381488c,0x81910675dbaf69dee0fd77570bfd07f8e436386a,0x001a8ffcb0f03e99141652ebcdecdb0384e3bd6c,PKR,PKR,0xaef22b6f59d5daa14dd1777f8499fef07b20815c31f5618f8e7c00d1fb5ba47a_PKR,1647911222,1647911222,1,3.013628474177589e+22,30136.28474177589,0.6626468736292136,16.279070,16.279070,0.800000,bridge_deposit_flow
ETH,Poly,eth_flow_0xaef22b6f59d5__r7fam03__inst00__synth_unmatched_src,0xaef22b6f59d5daa14dd1777f8499fef07b20815c31f5618f8e7c00d1fb5ba47a,0x001a8ffcb0f03e99141652ebcdecdb0384e3bd6c|0x81910675dbaf69dee0fd77570bfd07f8e436386a|0xc825dd260adc29b078eb4135679f22adb381488c,0x81910675dbaf69dee0fd77570bfd07f8e436386a,0x001a8ffcb0f03e99141652ebcdecdb0384e3bd6c,PKR,PKR,0xaef22b6f59d5daa14dd1777f8499fef07b20815c31f5618f8e7c00d1fb5ba47a_PKR,1647911222,1647911222,1,6.027256948355178e+22,60272.56948355178,1.3252937472584272,16.279070,16.279070,0.800000,bridge_deposit_flow
ETH,Poly,eth_flow_0xaef22b6f59d5__r7fam03__inst00__synth_noise_src_0,0xaef22b6f59d5daa14dd1777f8499fef07b20815c31f5618f8e7c00d1fb5ba47a,0x001a8ffcb0f03e99141652ebcdecdb0384e3bd6c|0x81910675dbaf69dee0fd77570bfd07f8e436386a|0xc825dd260adc29b078eb4135679f22adb381488c,0x81910675dbaf69dee0fd77570bfd07f8e436386a,0x001a8ffcb0f03e99141652ebcdecdb0384e3bd6c,PKR,PKR,0xaef22b6f59d5daa14dd1777f8499fef07b20815c31f5618f8e7c00d1fb5ba47a_PKR,1647911222,1647911222,1,6.027256948355178e+22,60272.56948355178,1.3252937472584272,16.279070,16.279070,0.800000,bridge_deposit_flow
ETH,Poly,eth_flow_0xaef22b6f59d5__r7fam03__inst00__synth_noise_src_1,0xaef22b6f59d5daa14dd1777f8499fef07b20815c31f5618f8e7c00d1fb5ba47a,0x001a8ffcb0f03e99141652ebcdecdb0384e3bd6c|0x81910675dbaf69dee0fd77570bfd07f8e436386a|0xc825dd260adc29b078eb4135679f22adb381488c,0x81910675dbaf69dee0fd77570bfd07f8e436386a,0x001a8ffcb0f03e99141652ebcdecdb0384e3bd6c,PKR,PKR,0xaef22b6f59d5daa14dd1777f8499fef07b20815c31f5618f8e7c00d1fb5ba47a_PKR,1647911222,1647911222,1,6.027256948355178e+22,60272.56948355178,1.3252937472584272,16.279070,16.279070,0.800000,bridge_deposit_flow
ETH,Poly,eth_flow_0x60f3c23fe514__r7fam03__inst01__synth_split_src,0x60f3c23fe514bb769caba9bccab8e6e4e20685e402680618d8a114633c2d9b3d,0x001a8ffcb0f03e99141652ebcdecdb0384e3bd6c|0x81910675dbaf69dee0fd77570bfd07f8e436386a|0xe034db422431b665301665516e60193365367bc2,0x81910675dbaf69dee0fd77570bfd07f8e436386a,0x001a8ffcb0f03e99141652ebcdecdb0384e3bd6c,PKR,PKR,0x60f3c23fe514bb769caba9bccab8e6e4e20685e402680618d8a114633c2d9b3d_PKR,1646223698,1646223698,1,7.921983627370555e+22,79219.83627370554,1.741912690498945,16.279070,16.279070,0.800000,bridge_deposit_flow
ETH,Poly,eth_flow_0x60f3c23fe514__r7fam03__inst01__synth_merge_src1,0x60f3c23fe514bb769caba9bccab8e6e4e20685e402680618d8a114633c2d9b3d,0x001a8ffcb0f03e99141652ebcdecdb0384e3bd6c|0x81910675dbaf69dee0fd77570bfd07f8e436386a|0xe034db422431b665301665516e60193365367bc2,0x81910675dbaf69dee0fd77570bfd07f8e436386a,0x001a8ffcb0f03e99141652ebcdecdb0384e3bd6c,PKR,PKR,0x60f3c23fe514bb769caba9bccab8e6e4e20685e402680618d8a114633c2d9b3d_PKR,1646223698,1646223698,1,3.960991813685277e+22,39609.91813685277,0.8709563452494725,16.279070,16.279070,0.800000,bridge_deposit_flow
ETH,Poly,eth_flow_0x60f3c23fe514__r7fam03__inst01__synth_merge_src2,0x60f3c23fe514bb769caba9bccab8e6e4e20685e402680618d8a114633c2d9b3d,0x001a8ffcb0f03e99141652ebcdecdb0384e3bd6c|0x81910675dbaf69dee0fd77570bfd07f8e436386a|0xe034db422431b665301665516e60193365367bc2,0x81910675dbaf69dee0fd77570bfd07f8e436386a,0x001a8ffcb0f03e99141652ebcdecdb0384e3bd6c,PKR,PKR,0x60f3c23fe514bb769caba9bccab8e6e4e20685e402680618d8a114633c2d9b3d_PKR,1646223698,1646223698,1,3.960991813685277e+22,39609.91813685277,0.8709563452494725,16.279070,16.279070,0.800000,bridge_deposit_flow
ETH,Poly,eth_flow_0x60f3c23fe514__r7fam03__inst01__synth_unmatched_src,0x60f3c23fe514bb769caba9bccab8e6e4e20685e402680618d8a114633c2d9b3d,0x001a8ffcb0f03e99141652ebcdecdb0384e3bd6c|0x81910675dbaf69dee0fd77570bfd07f8e436386a|0xe034db422431b665301665516e60193365367bc2,0x81910675dbaf69dee0fd77570bfd07f8e436386a,0x001a8ffcb0f03e99141652ebcdecdb0384e3bd6c,PKR,PKR,0x60f3c23fe514bb769caba9bccab8e6e4e20685e402680618d8a114633c2d9b3d_PKR,1646223698,1646223698,1,7.921983627370555e+22,79219.83627370554,1.741912690498945,16.279070,16.279070,0.800000,bridge_deposit_flow
ETH,Poly,eth_flow_0x60f3c23fe514__r7fam03__inst01__synth_noise_src_0,0x60f3c23fe514bb769caba9bccab8e6e4e20685e402680618d8a114633c2d9b3d,0x001a8ffcb0f03e99141652ebcdecdb0384e3bd6c|0x81910675dbaf69dee0fd77570bfd07f8e436386a|0xe034db422431b665301665516e60193365367bc2,0x81910675dbaf69dee0fd77570bfd07f8e436386a,0x001a8ffcb0f03e99141652ebcdecdb0384e3bd6c,PKR,PKR,0x60f3c23fe514bb769caba9bccab8e6e4e20685e402680618d8a114633c2d9b3d_PKR,1646223698,1646223698,1,7.921983627370555e+22,79219.83627370554,1.741912690498945,16.279070,16.279070,0.800000,bridge_deposit_flow
ETH,Poly,eth_flow_0x60f3c23fe514__r7fam03__inst01__synth_noise_src_1,0x60f3c23fe514bb769caba9bccab8e6e4e20685e402680618d8a114633c2d9b3d,0x001a8ffcb0f03e99141652ebcdecdb0384e3bd6c|0x81910675dbaf69dee0fd77570bfd07f8e436386a|0xe034db422431b665301665516e60193365367bc2,0x81910675dbaf69dee0fd77570bfd07f8e436386a,0x001a8ffcb0f03e99141652ebcdecdb0384e3bd6c,PKR,PKR,0x60f3c23fe514bb769caba9bccab8e6e4e20685e402680618d8a114633c2d9b3d_PKR,1646223698,1646223698,1,7.921983627370555e+22,79219.83627370554,1.741912690498945,16.279070,16.279070,0.800000,bridge_deposit_flow
ETH,Poly,eth_flow_0xd5923ad073a3__r7fam04__inst00__synth_split_src,0xd5923ad073a37817e88a605ec823e0618746c4e848102b71bdf9cb1e577277a7,0x001a8ffcb0f03e99141652ebcdecdb0384e3bd6c|0x65a8f07bd9a8598e1b5b6c0a88f4779dbc077675|0x81910675dbaf69dee0fd77570bfd07f8e436386a,0x81910675dbaf69dee0fd77570bfd07f8e436386a,0x001a8ffcb0f03e99141652ebcdecdb0384e3bd6c,PKR,PKR,0xd5923ad073a37817e88a605ec823e0618746c4e848102b71bdf9cb1e577277a7_PKR,1667593007,1667593007,1,4.606631862160675e+22,46066.31862160675,1.0129218739395311,16.279070,16.279070,0.775000,bridge_deposit_flow
ETH,Poly,eth_flow_0xd5923ad073a3__r7fam04__inst00__synth_merge_src1,0xd5923ad073a37817e88a605ec823e0618746c4e848102b71bdf9cb1e577277a7,0x001a8ffcb0f03e99141652ebcdecdb0384e3bd6c|0x65a8f07bd9a8598e1b5b6c0a88f4779dbc077675|0x81910675dbaf69dee0fd77570bfd07f8e436386a,0x81910675dbaf69dee0fd77570bfd07f8e436386a,0x001a8ffcb0f03e99141652ebcdecdb0384e3bd6c,PKR,PKR,0xd5923ad073a37817e88a605ec823e0618746c4e848102b71bdf9cb1e577277a7_PKR,1667593007,1667593007,1,2.3033159310803374e+22,23033.159310803374,0.5064609369697656,16.279070,16.279070,0.775000,bridge_deposit_flow
ETH,Poly,eth_flow_0xd5923ad073a3__r7fam04__inst00__synth_merge_src2,0xd5923ad073a37817e88a605ec823e0618746c4e848102b71bdf9cb1e577277a7,0x001a8ffcb0f03e99141652ebcdecdb0384e3bd6c|0x65a8f07bd9a8598e1b5b6c0a88f4779dbc077675|0x81910675dbaf69dee0fd77570bfd07f8e436386a,0x81910675dbaf69dee0fd77570bfd07f8e436386a,0x001a8ffcb0f03e99141652ebcdecdb0384e3bd6c,PKR,PKR,0xd5923ad073a37817e88a605ec823e0618746c4e848102b71bdf9cb1e577277a7_PKR,1667593007,1667593007,1,2.3033159310803374e+22,23033.159310803374,0.5064609369697656,16.279070,16.279070,0.775000,bridge_deposit_flow
ETH,Poly,eth_flow_0xd5923ad073a3__r7fam04__inst00__synth_unmatched_src,0xd5923ad073a37817e88a605ec823e0618746c4e848102b71bdf9cb1e577277a7,0x001a8ffcb0f03e99141652ebcdecdb0384e3bd6c|0x65a8f07bd9a8598e1b5b6c0a88f4779dbc077675|0x81910675dbaf69dee0fd77570bfd07f8e436386a,0x81910675dbaf69dee0fd77570bfd07f8e436386a,0x001a8ffcb0f03e99141652ebcdecdb0384e3bd6c,PKR,PKR,0xd5923ad073a37817e88a605ec823e0618746c4e848102b71bdf9cb1e577277a7_PKR,1667593007,1667593007,1,4.606631862160675e+22,46066.31862160675,1.0129218739395311,16.279070,16.279070,0.775000,bridge_deposit_flow
ETH,Poly,eth_flow_0xd5923ad073a3__r7fam04__inst00__synth_noise_src_0,0xd5923ad073a37817e88a605ec823e0618746c4e848102b71bdf9cb1e577277a7,0x001a8ffcb0f03e99141652ebcdecdb0384e3bd6c|0x65a8f07bd9a8598e1b5b6c0a88f4779dbc077675|0x81910675dbaf69dee0fd77570bfd07f8e436386a,0x81910675dbaf69dee0fd77570bfd07f8e436386a,0x001a8ffcb0f03e99141652ebcdecdb0384e3bd6c,PKR,PKR,0xd5923ad073a37817e88a605ec823e0618746c4e848102b71bdf9cb1e577277a7_PKR,1667593007,1667593007,1,4.606631862160675e+22,46066.31862160675,1.0129218739395311,16.279070,16.279070,0.775000,bridge_deposit_flow
ETH,Poly,eth_flow_0xd5923ad073a3__r7fam04__inst00__synth_noise_src_1,0xd5923ad073a37817e88a605ec823e0618746c4e848102b71bdf9cb1e577277a7,0x001a8ffcb0f03e99141652ebcdecdb0384e3bd6c|0x65a8f07bd9a8598e1b5b6c0a88f4779dbc077675|0x81910675dbaf69dee0fd77570bfd07f8e436386a,0x81910675dbaf69dee0fd77570bfd07f8e436386a,0x001a8ffcb0f03e99141652ebcdecdb0384e3bd6c,PKR,PKR,0xd5923ad073a37817e88a605ec823e0618746c4e848102b71bdf9cb1e577277a7_PKR,1667593007,1667593007,1,4.606631862160675e+22,46066.31862160675,1.0129218739395311,16.279070,16.279070,0.775000,bridge_deposit_flow
ETH,Poly,eth_flow_0xa904756b710e__r7fam04__inst01__synth_split_src,0xa904756b710e1142bdf23feea12c050ce9b328f0026559382cb17aab8bf634e0,0x001a8ffcb0f03e99141652ebcdecdb0384e3bd6c|0x81910675dbaf69dee0fd77570bfd07f8e436386a|0xf2ce52e3d0eb5d237341c9a75ca24647d87d7e55,0x81910675dbaf69dee0fd77570bfd07f8e436386a,0x001a8ffcb0f03e99141652ebcdecdb0384e3bd6c,PKR,PKR,0xa904756b710e1142bdf23feea12c050ce9b328f0026559382cb17aab8bf634e0_PKR,1668514619,1668514619,1,8.119218361905034e+22,81192.18361905034,1.7852813344211285,16.279070,16.279070,0.775000,bridge_deposit_flow
ETH,Poly,eth_flow_0xa904756b710e__r7fam04__inst01__synth_merge_src1,0xa904756b710e1142bdf23feea12c050ce9b328f0026559382cb17aab8bf634e0,0x001a8ffcb0f03e99141652ebcdecdb0384e3bd6c|0x81910675dbaf69dee0fd77570bfd07f8e436386a|0xf2ce52e3d0eb5d237341c9a75ca24647d87d7e55,0x81910675dbaf69dee0fd77570bfd07f8e436386a,0x001a8ffcb0f03e99141652ebcdecdb0384e3bd6c,PKR,PKR,0xa904756b710e1142bdf23feea12c050ce9b328f0026559382cb17aab8bf634e0_PKR,1668514619,1668514619,1,4.059609180952517e+22,40596.09180952517,0.8926406672105642,16.279070,16.279070,0.775000,bridge_deposit_flow
ETH,Poly,eth_flow_0xa904756b710e__r7fam04__inst01__synth_merge_src2,0xa904756b710e1142bdf23feea12c050ce9b328f0026559382cb17aab8bf634e0,0x001a8ffcb0f03e99141652ebcdecdb0384e3bd6c|0x81910675dbaf69dee0fd77570bfd07f8e436386a|0xf2ce52e3d0eb5d237341c9a75ca24647d87d7e55,0x81910675dbaf69dee0fd77570bfd07f8e436386a,0x001a8ffcb0f03e99141652ebcdecdb0384e3bd6c,PKR,PKR,0xa904756b710e1142bdf23feea12c050ce9b328f0026559382cb17aab8bf634e0_PKR,1668514619,1668514619,1,4.059609180952517e+22,40596.09180952517,0.8926406672105642,16.279070,16.279070,0.775000,bridge_deposit_flow
ETH,Poly,eth_flow_0xa904756b710e__r7fam04__inst01__synth_unmatched_src,0xa904756b710e1142bdf23feea12c050ce9b328f0026559382cb17aab8bf634e0,0x001a8ffcb0f03e99141652ebcdecdb0384e3bd6c|0x81910675dbaf69dee0fd77570bfd07f8e436386a|0xf2ce52e3d0eb5d237341c9a75ca24647d87d7e55,0x81910675dbaf69dee0fd77570bfd07f8e436386a,0x001a8ffcb0f03e99141652ebcdecdb0384e3bd6c,PKR,PKR,0xa904756b710e1142bdf23feea12c050ce9b328f0026559382cb17aab8bf634e0_PKR,1668514619,1668514619,1,8.119218361905034e+22,81192.18361905034,1.7852813344211285,16.279070,16.279070,0.775000,bridge_deposit_flow
ETH,Poly,eth_flow_0xa904756b710e__r7fam04__inst01__synth_noise_src_0,0xa904756b710e1142bdf23feea12c050ce9b328f0026559382cb17aab8bf634e0,0x001a8ffcb0f03e99141652ebcdecdb0384e3bd6c|0x81910675dbaf69dee0fd77570bfd07f8e436386a|0xf2ce52e3d0eb5d237341c9a75ca24647d87d7e55,0x81910675dbaf69dee0fd77570bfd07f8e436386a,0x001a8ffcb0f03e99141652ebcdecdb0384e3bd6c,PKR,PKR,0xa904756b710e1142bdf23feea12c050ce9b328f0026559382cb17aab8bf634e0_PKR,1668514619,1668514619,1,8.119218361905034e+22,81192.18361905034,1.7852813344211285,16.279070,16.279070,0.775000,bridge_deposit_flow
ETH,Poly,eth_flow_0xa904756b710e__r7fam04__inst01__synth_noise_src_1,0xa904756b710e1142bdf23feea12c050ce9b328f0026559382cb17aab8bf634e0,0x001a8ffcb0f03e99141652ebcdecdb0384e3bd6c|0x81910675dbaf69dee0fd77570bfd07f8e436386a|0xf2ce52e3d0eb5d237341c9a75ca24647d87d7e55,0x81910675dbaf69dee0fd77570bfd07f8e436386a,0x001a8ffcb0f03e99141652ebcdecdb0384e3bd6c,PKR,PKR,0xa904756b710e1142bdf23feea12c050ce9b328f0026559382cb17aab8bf634e0_PKR,1668514619,1668514619,1,8.119218361905034e+22,81192.18361905034,1.7852813344211285,16.279070,16.279070,0.775000,bridge_deposit_flow
ETH,Poly,eth_flow_0x58816ffa9aea__r7fam05__inst00__synth_split_src,0x58816ffa9aeacec2dfe0130f54b07329ba37509ff933d4fd9db64ba7bcbf015b,0x001a8ffcb0f03e99141652ebcdecdb0384e3bd6c|0x81910675dbaf69dee0fd77570bfd07f8e436386a|0x88f859db067c45b114897db6920f3e4a61a5ca66,0x81910675dbaf69dee0fd77570bfd07f8e436386a,0x001a8ffcb0f03e99141652ebcdecdb0384e3bd6c,PKR,PKR,0x58816ffa9aeacec2dfe0130f54b07329ba37509ff933d4fd9db64ba7bcbf015b_PKR,1672033487,1672033487,1,8.222830201520783e+22,82228.30201520785,1.808063857940749,16.279070,16.279070,0.775000,bridge_deposit_flow
ETH,Poly,eth_flow_0x58816ffa9aea__r7fam05__inst00__synth_merge_src1,0x58816ffa9aeacec2dfe0130f54b07329ba37509ff933d4fd9db64ba7bcbf015b,0x001a8ffcb0f03e99141652ebcdecdb0384e3bd6c|0x81910675dbaf69dee0fd77570bfd07f8e436386a|0x88f859db067c45b114897db6920f3e4a61a5ca66,0x81910675dbaf69dee0fd77570bfd07f8e436386a,0x001a8ffcb0f03e99141652ebcdecdb0384e3bd6c,PKR,PKR,0x58816ffa9aeacec2dfe0130f54b07329ba37509ff933d4fd9db64ba7bcbf015b_PKR,1672033487,1672033487,1,4.111415100760392e+22,41114.15100760393,0.9040319289703745,16.279070,16.279070,0.775000,bridge_deposit_flow
ETH,Poly,eth_flow_0x58816ffa9aea__r7fam05__inst00__synth_merge_src2,0x58816ffa9aeacec2dfe0130f54b07329ba37509ff933d4fd9db64ba7bcbf015b,0x001a8ffcb0f03e99141652ebcdecdb0384e3bd6c|0x81910675dbaf69dee0fd77570bfd07f8e436386a|0x88f859db067c45b114897db6920f3e4a61a5ca66,0x81910675dbaf69dee0fd77570bfd07f8e436386a,0x001a8ffcb0f03e99141652ebcdecdb0384e3bd6c,PKR,PKR,0x58816ffa9aeacec2dfe0130f54b07329ba37509ff933d4fd9db64ba7bcbf015b_PKR,1672033487,1672033487,1,4.111415100760392e+22,41114.15100760393,0.9040319289703745,16.279070,16.279070,0.775000,bridge_deposit_flow
ETH,Poly,eth_flow_0x58816ffa9aea__r7fam05__inst00__synth_unmatched_src,0x58816ffa9aeacec2dfe0130f54b07329ba37509ff933d4fd9db64ba7bcbf015b,0x001a8ffcb0f03e99141652ebcdecdb0384e3bd6c|0x81910675dbaf69dee0fd77570bfd07f8e436386a|0x88f859db067c45b114897db6920f3e4a61a5ca66,0x81910675dbaf69dee0fd77570bfd07f8e436386a,0x001a8ffcb0f03e99141652ebcdecdb0384e3bd6c,PKR,PKR,0x58816ffa9aeacec2dfe0130f54b07329ba37509ff933d4fd9db64ba7bcbf015b_PKR,1672033487,1672033487,1,8.222830201520783e+22,82228.30201520785,1.808063857940749,16.279070,16.279070,0.775000,bridge_deposit_flow
ETH,Poly,eth_flow_0x58816ffa9aea__r7fam05__inst00__synth_noise_src_0,0x58816ffa9aeacec2dfe0130f54b07329ba37509ff933d4fd9db64ba7bcbf015b,0x001a8ffcb0f03e99141652ebcdecdb0384e3bd6c|0x81910675dbaf69dee0fd77570bfd07f8e436386a|0x88f859db067c45b114897db6920f3e4a61a5ca66,0x81910675dbaf69dee0fd77570bfd07f8e436386a,0x001a8ffcb0f03e99141652ebcdecdb0384e3bd6c,PKR,PKR,0x58816ffa9aeacec2dfe0130f54b07329ba37509ff933d4fd9db64ba7bcbf015b_PKR,1672033487,1672033487,1,8.222830201520783e+22,82228.30201520785,1.808063857940749,16.279070,16.279070,0.775000,bridge_deposit_flow
ETH,Poly,eth_flow_0x58816ffa9aea__r7fam05__inst00__synth_noise_src_1,0x58816ffa9aeacec2dfe0130f54b07329ba37509ff933d4fd9db64ba7bcbf015b,0x001a8ffcb0f03e99141652ebcdecdb0384e3bd6c|0x81910675dbaf69dee0fd77570bfd07f8e436386a|0x88f859db067c45b114897db6920f3e4a61a5ca66,0x81910675dbaf69dee0fd77570bfd07f8e436386a,0x001a8ffcb0f03e99141652ebcdecdb0384e3bd6c,PKR,PKR,0x58816ffa9aeacec2dfe0130f54b07329ba37509ff933d4fd9db64ba7bcbf015b_PKR,1672033487,1672033487,1,8.222830201520783e+22,82228.30201520785,1.808063857940749,16.279070,16.279070,0.775000,bridge_deposit_flow
ETH,Poly,eth_flow_0xb1d90eb28400__r7fam05__inst01__synth_split_src,0xb1d90eb28400e619d44ce7f4a9d6bbbd414d0671e79d2f9d9242fe59eb7d04df,0x5d285f735998f36631f678ff41fb56a10a4d0429|0x81910675dbaf69dee0fd77570bfd07f8e436386a|0xd54e4f8a55247487dd7c8c59f14ee5c0c2889477,0x81910675dbaf69dee0fd77570bfd07f8e436386a,0x5d285f735998f36631f678ff41fb56a10a4d0429,MIX,MIX,0xb1d90eb28400e619d44ce7f4a9d6bbbd414d0671e79d2f9d9242fe59eb7d04df_MIX,1668393083,1668393083,1,3.722157127079512e+23,372215.7127079511,0.604904380693139,16.279070,16.279070,0.775000,bridge_deposit_flow
ETH,Poly,eth_flow_0xb1d90eb28400__r7fam05__inst01__synth_merge_src1,0xb1d90eb28400e619d44ce7f4a9d6bbbd414d0671e79d2f9d9242fe59eb7d04df,0x5d285f735998f36631f678ff41fb56a10a4d0429|0x81910675dbaf69dee0fd77570bfd07f8e436386a|0xd54e4f8a55247487dd7c8c59f14ee5c0c2889477,0x81910675dbaf69dee0fd77570bfd07f8e436386a,0x5d285f735998f36631f678ff41fb56a10a4d0429,MIX,MIX,0xb1d90eb28400e619d44ce7f4a9d6bbbd414d0671e79d2f9d9242fe59eb7d04df_MIX,1668393083,1668393083,1,1.861078563539756e+23,186107.85635397554,0.3024521903465695,16.279070,16.279070,0.775000,bridge_deposit_flow
ETH,Poly,eth_flow_0xb1d90eb28400__r7fam05__inst01__synth_merge_src2,0xb1d90eb28400e619d44ce7f4a9d6bbbd414d0671e79d2f9d9242fe59eb7d04df,0x5d285f735998f36631f678ff41fb56a10a4d0429|0x81910675dbaf69dee0fd77570bfd07f8e436386a|0xd54e4f8a55247487dd7c8c59f14ee5c0c2889477,0x81910675dbaf69dee0fd77570bfd07f8e436386a,0x5d285f735998f36631f678ff41fb56a10a4d0429,MIX,MIX,0xb1d90eb28400e619d44ce7f4a9d6bbbd414d0671e79d2f9d9242fe59eb7d04df_MIX,1668393083,1668393083,1,1.861078563539756e+23,186107.85635397554,0.3024521903465695,16.279070,16.279070,0.775000,bridge_deposit_flow
ETH,Poly,eth_flow_0xb1d90eb28400__r7fam05__inst01__synth_unmatched_src,0xb1d90eb28400e619d44ce7f4a9d6bbbd414d0671e79d2f9d9242fe59eb7d04df,0x5d285f735998f36631f678ff41fb56a10a4d0429|0x81910675dbaf69dee0fd77570bfd07f8e436386a|0xd54e4f8a55247487dd7c8c59f14ee5c0c2889477,0x81910675dbaf69dee0fd77570bfd07f8e436386a,0x5d285f735998f36631f678ff41fb56a10a4d0429,MIX,MIX,0xb1d90eb28400e619d44ce7f4a9d6bbbd414d0671e79d2f9d9242fe59eb7d04df_MIX,1668393083,1668393083,1,3.722157127079512e+23,372215.7127079511,0.604904380693139,16.279070,16.279070,0.775000,bridge_deposit_flow
ETH,Poly,eth_flow_0xb1d90eb28400__r7fam05__inst01__synth_noise_src_0,0xb1d90eb28400e619d44ce7f4a9d6bbbd414d0671e79d2f9d9242fe59eb7d04df,0x5d285f735998f36631f678ff41fb56a10a4d0429|0x81910675dbaf69dee0fd77570bfd07f8e436386a|0xd54e4f8a55247487dd7c8c59f14ee5c0c2889477,0x81910675dbaf69dee0fd77570bfd07f8e436386a,0x5d285f735998f36631f678ff41fb56a10a4d0429,MIX,MIX,0xb1d90eb28400e619d44ce7f4a9d6bbbd414d0671e79d2f9d9242fe59eb7d04df_MIX,1668393083,1668393083,1,3.722157127079512e+23,372215.7127079511,0.604904380693139,16.279070,16.279070,0.775000,bridge_deposit_flow
ETH,Poly,eth_flow_0xb1d90eb28400__r7fam05__inst01__synth_noise_src_1,0xb1d90eb28400e619d44ce7f4a9d6bbbd414d0671e79d2f9d9242fe59eb7d04df,0x5d285f735998f36631f678ff41fb56a10a4d0429|0x81910675dbaf69dee0fd77570bfd07f8e436386a|0xd54e4f8a55247487dd7c8c59f14ee5c0c2889477,0x81910675dbaf69dee0fd77570bfd07f8e436386a,0x5d285f735998f36631f678ff41fb56a10a4d0429,MIX,MIX,0xb1d90eb28400e619d44ce7f4a9d6bbbd414d0671e79d2f9d9242fe59eb7d04df_MIX,1668393083,1668393083,1,3.722157127079512e+23,372215.7127079511,0.604904380693139,16.279070,16.279070,0.775000,bridge_deposit_flow
ETH,Poly,eth_flow_0x521b0d424256__r7fam06__inst00__synth_split_src,0x521b0d42425649d3020a838fc0e69a60e4ade78de36f07beba157cb2a5537059,0x81910675dbaf69dee0fd77570bfd07f8e436386a|0xa787f09349999a61434cfb75118c6a9d0cac9406|0xaf9f549774ecedbd0966c52f250acc548d3f36e5,0x81910675dbaf69dee0fd77570bfd07f8e436386a,0xaf9f549774ecedbd0966c52f250acc548d3f36e5,RFuel,RFuel,0x521b0d42425649d3020a838fc0e69a60e4ade78de36f07beba157cb2a5537059_RFuel,1657008016,1657008016,1,9.149350392119188e+22,91493.50392119188,64.10034833316584,16.279070,16.279070,0.800000,bridge_deposit_flow
ETH,Poly,eth_flow_0x521b0d424256__r7fam06__inst00__synth_merge_src1,0x521b0d42425649d3020a838fc0e69a60e4ade78de36f07beba157cb2a5537059,0x81910675dbaf69dee0fd77570bfd07f8e436386a|0xa787f09349999a61434cfb75118c6a9d0cac9406|0xaf9f549774ecedbd0966c52f250acc548d3f36e5,0x81910675dbaf69dee0fd77570bfd07f8e436386a,0xaf9f549774ecedbd0966c52f250acc548d3f36e5,RFuel,RFuel,0x521b0d42425649d3020a838fc0e69a60e4ade78de36f07beba157cb2a5537059_RFuel,1657008016,1657008016,1,4.574675196059594e+22,45746.75196059594,32.05017416658292,16.279070,16.279070,0.800000,bridge_deposit_flow
ETH,Poly,eth_flow_0x521b0d424256__r7fam06__inst00__synth_merge_src2,0x521b0d42425649d3020a838fc0e69a60e4ade78de36f07beba157cb2a5537059,0x81910675dbaf69dee0fd77570bfd07f8e436386a|0xa787f09349999a61434cfb75118c6a9d0cac9406|0xaf9f549774ecedbd0966c52f250acc548d3f36e5,0x81910675dbaf69dee0fd77570bfd07f8e436386a,0xaf9f549774ecedbd0966c52f250acc548d3f36e5,RFuel,RFuel,0x521b0d42425649d3020a838fc0e69a60e4ade78de36f07beba157cb2a5537059_RFuel,1657008016,1657008016,1,4.574675196059594e+22,45746.75196059594,32.05017416658292,16.279070,16.279070,0.800000,bridge_deposit_flow
ETH,Poly,eth_flow_0x521b0d424256__r7fam06__inst00__synth_unmatched_src,0x521b0d42425649d3020a838fc0e69a60e4ade78de36f07beba157cb2a5537059,0x81910675dbaf69dee0fd77570bfd07f8e436386a|0xa787f09349999a61434cfb75118c6a9d0cac9406|0xaf9f549774ecedbd0966c52f250acc548d3f36e5,0x81910675dbaf69dee0fd77570bfd07f8e436386a,0xaf9f549774ecedbd0966c52f250acc548d3f36e5,RFuel,RFuel,0x521b0d42425649d3020a838fc0e69a60e4ade78de36f07beba157cb2a5537059_RFuel,1657008016,1657008016,1,9.149350392119188e+22,91493.50392119188,64.10034833316584,16.279070,16.279070,0.800000,bridge_deposit_flow
ETH,Poly,eth_flow_0x521b0d424256__r7fam06__inst00__synth_noise_src_0,0x521b0d42425649d3020a838fc0e69a60e4ade78de36f07beba157cb2a5537059,0x81910675dbaf69dee0fd77570bfd07f8e436386a|0xa787f09349999a61434cfb75118c6a9d0cac9406|0xaf9f549774ecedbd0966c52f250acc548d3f36e5,0x81910675dbaf69dee0fd77570bfd07f8e436386a,0xaf9f549774ecedbd0966c52f250acc548d3f36e5,RFuel,RFuel,0x521b0d42425649d3020a838fc0e69a60e4ade78de36f07beba157cb2a5537059_RFuel,1657008016,1657008016,1,9.149350392119188e+22,91493.50392119188,64.10034833316584,16.279070,16.279070,0.800000,bridge_deposit_flow
ETH,Poly,eth_flow_0x521b0d424256__r7fam06__inst00__synth_noise_src_1,0x521b0d42425649d3020a838fc0e69a60e4ade78de36f07beba157cb2a5537059,0x81910675dbaf69dee0fd77570bfd07f8e436386a|0xa787f09349999a61434cfb75118c6a9d0cac9406|0xaf9f549774ecedbd0966c52f250acc548d3f36e5,0x81910675dbaf69dee0fd77570bfd07f8e436386a,0xaf9f549774ecedbd0966c52f250acc548d3f36e5,RFuel,RFuel,0x521b0d42425649d3020a838fc0e69a60e4ade78de36f07beba157cb2a5537059_RFuel,1657008016,1657008016,1,9.149350392119188e+22,91493.50392119188,64.10034833316584,16.279070,16.279070,0.800000,bridge_deposit_flow
ETH,Poly,eth_flow_0x2e0c03497e6b__r7fam06__inst01__synth_split_src,0x2e0c03497e6b73dac58f2e55e73a5aad6d5462643dbb1888d70fb4aa8879dd67,0x67ebc532d648e6164a6fd726ff0b39e69180dafe|0x81910675dbaf69dee0fd77570bfd07f8e436386a|0xee9801669c6138e84bd50deb500827b776777d28,0x81910675dbaf69dee0fd77570bfd07f8e436386a,0xee9801669c6138e84bd50deb500827b776777d28,O3,O3,0x2e0c03497e6b73dac58f2e55e73a5aad6d5462643dbb1888d70fb4aa8879dd67_O3,1654603795,1654603795,1,3.958210602475652e+21,3958.210602475652,3.853167366488024,20.930233,20.930233,0.800000,bridge_deposit_flow
ETH,Poly,eth_flow_0x2e0c03497e6b__r7fam06__inst01__synth_merge_src1,0x2e0c03497e6b73dac58f2e55e73a5aad6d5462643dbb1888d70fb4aa8879dd67,0x67ebc532d648e6164a6fd726ff0b39e69180dafe|0x81910675dbaf69dee0fd77570bfd07f8e436386a|0xee9801669c6138e84bd50deb500827b776777d28,0x81910675dbaf69dee0fd77570bfd07f8e436386a,0xee9801669c6138e84bd50deb500827b776777d28,O3,O3,0x2e0c03497e6b73dac58f2e55e73a5aad6d5462643dbb1888d70fb4aa8879dd67_O3,1654603795,1654603795,1,1.979105301237826e+21,1979.105301237826,1.926583683244012,20.930233,20.930233,0.800000,bridge_deposit_flow
ETH,Poly,eth_flow_0x2e0c03497e6b__r7fam06__inst01__synth_merge_src2,0x2e0c03497e6b73dac58f2e55e73a5aad6d5462643dbb1888d70fb4aa8879dd67,0x67ebc532d648e6164a6fd726ff0b39e69180dafe|0x81910675dbaf69dee0fd77570bfd07f8e436386a|0xee9801669c6138e84bd50deb500827b776777d28,0x81910675dbaf69dee0fd77570bfd07f8e436386a,0xee9801669c6138e84bd50deb500827b776777d28,O3,O3,0x2e0c03497e6b73dac58f2e55e73a5aad6d5462643dbb1888d70fb4aa8879dd67_O3,1654603795,1654603795,1,1.979105301237826e+21,1979.105301237826,1.926583683244012,20.930233,20.930233,0.800000,bridge_deposit_flow
ETH,Poly,eth_flow_0x2e0c03497e6b__r7fam06__inst01__synth_unmatched_src,0x2e0c03497e6b73dac58f2e55e73a5aad6d5462643dbb1888d70fb4aa8879dd67,0x67ebc532d648e6164a6fd726ff0b39e69180dafe|0x81910675dbaf69dee0fd77570bfd07f8e436386a|0xee9801669c6138e84bd50deb500827b776777d28,0x81910675dbaf69dee0fd77570bfd07f8e436386a,0xee9801669c6138e84bd50deb500827b776777d28,O3,O3,0x2e0c03497e6b73dac58f2e55e73a5aad6d5462643dbb1888d70fb4aa8879dd67_O3,1654603795,1654603795,1,3.958210602475652e+21,3958.210602475652,3.853167366488024,20.930233,20.930233,0.800000,bridge_deposit_flow
ETH,Poly,eth_flow_0x2e0c03497e6b__r7fam06__inst01__synth_noise_src_0,0x2e0c03497e6b73dac58f2e55e73a5aad6d5462643dbb1888d70fb4aa8879dd67,0x67ebc532d648e6164a6fd726ff0b39e69180dafe|0x81910675dbaf69dee0fd77570bfd07f8e436386a|0xee9801669c6138e84bd50deb500827b776777d28,0x81910675dbaf69dee0fd77570bfd07f8e436386a,0xee9801669c6138e84bd50deb500827b776777d28,O3,O3,0x2e0c03497e6b73dac58f2e55e73a5aad6d5462643dbb1888d70fb4aa8879dd67_O3,1654603795,1654603795,1,3.958210602475652e+21,3958.210602475652,3.853167366488024,20.930233,20.930233,0.800000,bridge_deposit_flow
ETH,Poly,eth_flow_0x2e0c03497e6b__r7fam06__inst01__synth_noise_src_1,0x2e0c03497e6b73dac58f2e55e73a5aad6d5462643dbb1888d70fb4aa8879dd67,0x67ebc532d648e6164a6fd726ff0b39e69180dafe|0x81910675dbaf69dee0fd77570bfd07f8e436386a|0xee9801669c6138e84bd50deb500827b776777d28,0x81910675dbaf69dee0fd77570bfd07f8e436386a,0xee9801669c6138e84bd50deb500827b776777d28,O3,O3,0x2e0c03497e6b73dac58f2e55e73a5aad6d5462643dbb1888d70fb4aa8879dd67_O3,1654603795,1654603795,1,3.958210602475652e+21,3958.210602475652,3.853167366488024,20.930233,20.930233,0.800000,bridge_deposit_flow
ETH,Poly,eth_flow_0xe53b9239d8dc__r7fam07__inst00__synth_split_src,0xe53b9239d8dc69a8f2c90cf5dc7c5519ab0c7abf8c5d4095edf0c65d726f9e24,0x81910675dbaf69dee0fd77570bfd07f8e436386a|0xaf9f549774ecedbd0966c52f250acc548d3f36e5|0xeb5cc391e8cae0d95160bf4b35896efcd19182da,0x81910675dbaf69dee0fd77570bfd07f8e436386a,0xaf9f549774ecedbd0966c52f250acc548d3f36e5,RFuel,RFuel,0xe53b9239d8dc69a8f2c90cf5dc7c5519ab0c7abf8c5d4095edf0c65d726f9e24_RFuel,1646699439,1646699439,1,3.856640011582344e+22,38566.40011582344,27.019619704475364,16.279070,16.279070,0.800000,bridge_deposit_flow
ETH,Poly,eth_flow_0xe53b9239d8dc__r7fam07__inst00__synth_merge_src1,0xe53b9239d8dc69a8f2c90cf5dc7c5519ab0c7abf8c5d4095edf0c65d726f9e24,0x81910675dbaf69dee0fd77570bfd07f8e436386a|0xaf9f549774ecedbd0966c52f250acc548d3f36e5|0xeb5cc391e8cae0d95160bf4b35896efcd19182da,0x81910675dbaf69dee0fd77570bfd07f8e436386a,0xaf9f549774ecedbd0966c52f250acc548d3f36e5,RFuel,RFuel,0xe53b9239d8dc69a8f2c90cf5dc7c5519ab0c7abf8c5d4095edf0c65d726f9e24_RFuel,1646699439,1646699439,1,1.928320005791172e+22,19283.20005791172,13.509809852237682,16.279070,16.279070,0.800000,bridge_deposit_flow
ETH,Poly,eth_flow_0xe53b9239d8dc__r7fam07__inst00__synth_merge_src2,0xe53b9239d8dc69a8f2c90cf5dc7c5519ab0c7abf8c5d4095edf0c65d726f9e24,0x81910675dbaf69dee0fd77570bfd07f8e436386a|0xaf9f549774ecedbd0966c52f250acc548d3f36e5|0xeb5cc391e8cae0d95160bf4b35896efcd19182da,0x81910675dbaf69dee0fd77570bfd07f8e436386a,0xaf9f549774ecedbd0966c52f250acc548d3f36e5,RFuel,RFuel,0xe53b9239d8dc69a8f2c90cf5dc7c5519ab0c7abf8c5d4095edf0c65d726f9e24_RFuel,1646699439,1646699439,1,1.928320005791172e+22,19283.20005791172,13.509809852237682,16.279070,16.279070,0.800000,bridge_deposit_flow
ETH,Poly,eth_flow_0xe53b9239d8dc__r7fam07__inst00__synth_unmatched_src,0xe53b9239d8dc69a8f2c90cf5dc7c5519ab0c7abf8c5d4095edf0c65d726f9e24,0x81910675dbaf69dee0fd77570bfd07f8e436386a|0xaf9f549774ecedbd0966c52f250acc548d3f36e5|0xeb5cc391e8cae0d95160bf4b35896efcd19182da,0x81910675dbaf69dee0fd77570bfd07f8e436386a,0xaf9f549774ecedbd0966c52f250acc548d3f36e5,RFuel,RFuel,0xe53b9239d8dc69a8f2c90cf5dc7c5519ab0c7abf8c5d4095edf0c65d726f9e24_RFuel,1646699439,1646699439,1,3.856640011582344e+22,38566.40011582344,27.019619704475364,16.279070,16.279070,0.800000,bridge_deposit_flow
ETH,Poly,eth_flow_0xe53b9239d8dc__r7fam07__inst00__synth_noise_src_0,0xe53b9239d8dc69a8f2c90cf5dc7c5519ab0c7abf8c5d4095edf0c65d726f9e24,0x81910675dbaf69dee0fd77570bfd07f8e436386a|0xaf9f549774ecedbd0966c52f250acc548d3f36e5|0xeb5cc391e8cae0d95160bf4b35896efcd19182da,0x81910675dbaf69dee0fd77570bfd07f8e436386a,0xaf9f549774ecedbd0966c52f250acc548d3f36e5,RFuel,RFuel,0xe53b9239d8dc69a8f2c90cf5dc7c5519ab0c7abf8c5d4095edf0c65d726f9e24_RFuel,1646699439,1646699439,1,3.856640011582344e+22,38566.40011582344,27.019619704475364,16.279070,16.279070,0.800000,bridge_deposit_flow
ETH,Poly,eth_flow_0xe53b9239d8dc__r7fam07__inst00__synth_noise_src_1,0xe53b9239d8dc69a8f2c90cf5dc7c5519ab0c7abf8c5d4095edf0c65d726f9e24,0x81910675dbaf69dee0fd77570bfd07f8e436386a|0xaf9f549774ecedbd0966c52f250acc548d3f36e5|0xeb5cc391e8cae0d95160bf4b35896efcd19182da,0x81910675dbaf69dee0fd77570bfd07f8e436386a,0xaf9f549774ecedbd0966c52f250acc548d3f36e5,RFuel,RFuel,0xe53b9239d8dc69a8f2c90cf5dc7c5519ab0c7abf8c5d4095edf0c65d726f9e24_RFuel,1646699439,1646699439,1,3.856640011582344e+22,38566.40011582344,27.019619704475364,16.279070,16.279070,0.800000,bridge_deposit_flow
ETH,Poly,eth_flow_0x4886c7894fed__r7fam07__inst01__synth_split_src,0x4886c7894fedc6156eb114adbbe02b28df6b483d8d51ac03f7ade3cbbddcc3a1,0x67ebc532d648e6164a6fd726ff0b39e69180dafe|0x81910675dbaf69dee0fd77570bfd07f8e436386a|0xee9801669c6138e84bd50deb500827b776777d28,0x81910675dbaf69dee0fd77570bfd07f8e436386a,0xee9801669c6138e84bd50deb500827b776777d28,O3,O3,0x4886c7894fedc6156eb114adbbe02b28df6b483d8d51ac03f7ade3cbbddcc3a1_O3,1652638357,1652638357,1,5.267840988764888e+21,5267.840988764888,5.128042701179574,20.930233,20.930233,0.800000,bridge_deposit_flow
ETH,Poly,eth_flow_0x4886c7894fed__r7fam07__inst01__synth_merge_src1,0x4886c7894fedc6156eb114adbbe02b28df6b483d8d51ac03f7ade3cbbddcc3a1,0x67ebc532d648e6164a6fd726ff0b39e69180dafe|0x81910675dbaf69dee0fd77570bfd07f8e436386a|0xee9801669c6138e84bd50deb500827b776777d28,0x81910675dbaf69dee0fd77570bfd07f8e436386a,0xee9801669c6138e84bd50deb500827b776777d28,O3,O3,0x4886c7894fedc6156eb114adbbe02b28df6b483d8d51ac03f7ade3cbbddcc3a1_O3,1652638357,1652638357,1,2.633920494382444e+21,2633.920494382444,2.564021350589787,20.930233,20.930233,0.800000,bridge_deposit_flow
ETH,Poly,eth_flow_0x4886c7894fed__r7fam07__inst01__synth_merge_src2,0x4886c7894fedc6156eb114adbbe02b28df6b483d8d51ac03f7ade3cbbddcc3a1,0x67ebc532d648e6164a6fd726ff0b39e69180dafe|0x81910675dbaf69dee0fd77570bfd07f8e436386a|0xee9801669c6138e84bd50deb500827b776777d28,0x81910675dbaf69dee0fd77570bfd07f8e436386a,0xee9801669c6138e84bd50deb500827b776777d28,O3,O3,0x4886c7894fedc6156eb114adbbe02b28df6b483d8d51ac03f7ade3cbbddcc3a1_O3,1652638357,1652638357,1,2.633920494382444e+21,2633.920494382444,2.564021350589787,20.930233,20.930233,0.800000,bridge_deposit_flow
ETH,Poly,eth_flow_0x4886c7894fed__r7fam07__inst01__synth_unmatched_src,0x4886c7894fedc6156eb114adbbe02b28df6b483d8d51ac03f7ade3cbbddcc3a1,0x67ebc532d648e6164a6fd726ff0b39e69180dafe|0x81910675dbaf69dee0fd77570bfd07f8e436386a|0xee9801669c6138e84bd50deb500827b776777d28,0x81910675dbaf69dee0fd77570bfd07f8e436386a,0xee9801669c6138e84bd50deb500827b776777d28,O3,O3,0x4886c7894fedc6156eb114adbbe02b28df6b483d8d51ac03f7ade3cbbddcc3a1_O3,1652638357,1652638357,1,5.267840988764888e+21,5267.840988764888,5.128042701179574,20.930233,20.930233,0.800000,bridge_deposit_flow
ETH,Poly,eth_flow_0x4886c7894fed__r7fam07__inst01__synth_noise_src_0,0x4886c7894fedc6156eb114adbbe02b28df6b483d8d51ac03f7ade3cbbddcc3a1,0x67ebc532d648e6164a6fd726ff0b39e69180dafe|0x81910675dbaf69dee0fd77570bfd07f8e436386a|0xee9801669c6138e84bd50deb500827b776777d28,0x81910675dbaf69dee0fd77570bfd07f8e436386a,0xee9801669c6138e84bd50deb500827b776777d28,O3,O3,0x4886c7894fedc6156eb114adbbe02b28df6b483d8d51ac03f7ade3cbbddcc3a1_O3,1652638357,1652638357,1,5.267840988764888e+21,5267.840988764888,5.128042701179574,20.930233,20.930233,0.800000,bridge_deposit_flow
ETH,Poly,eth_flow_0x4886c7894fed__r7fam07__inst01__synth_noise_src_1,0x4886c7894fedc6156eb114adbbe02b28df6b483d8d51ac03f7ade3cbbddcc3a1,0x67ebc532d648e6164a6fd726ff0b39e69180dafe|0x81910675dbaf69dee0fd77570bfd07f8e436386a|0xee9801669c6138e84bd50deb500827b776777d28,0x81910675dbaf69dee0fd77570bfd07f8e436386a,0xee9801669c6138e84bd50deb500827b776777d28,O3,O3,0x4886c7894fedc6156eb114adbbe02b28df6b483d8d51ac03f7ade3cbbddcc3a1_O3,1652638357,1652638357,1,5.267840988764888e+21,5267.840988764888,5.128042701179574,20.930233,20.930233,0.800000,bridge_deposit_flow
ETH,Poly,eth_flow_0x9812cd222242__r7fam08__inst00__synth_split_src,0x9812cd222242c2eceaaa060ce54872746c25ed5a191612f7f27d8a721f6937c5,0x368a923dcb3550513710563fc80bb45a6cdbff2e|0x81910675dbaf69dee0fd77570bfd07f8e436386a|0x9e32b13ce7f2e80a01932b42553652e053d6ed8e,0x81910675dbaf69dee0fd77570bfd07f8e436386a,0x9e32b13ce7f2e80a01932b42553652e053d6ed8e,Metis,Metis,0x9812cd222242c2eceaaa060ce54872746c25ed5a191612f7f27d8a721f6937c5_Metis,1646796006,1646796006,1,1.2431708718322942e+19,12.43170871832294,33.80585056827983,11.627907,11.627907,0.800000,bridge_deposit_flow
ETH,Poly,eth_flow_0x9812cd222242__r7fam08__inst00__synth_merge_src1,0x9812cd222242c2eceaaa060ce54872746c25ed5a191612f7f27d8a721f6937c5,0x368a923dcb3550513710563fc80bb45a6cdbff2e|0x81910675dbaf69dee0fd77570bfd07f8e436386a|0x9e32b13ce7f2e80a01932b42553652e053d6ed8e,0x81910675dbaf69dee0fd77570bfd07f8e436386a,0x9e32b13ce7f2e80a01932b42553652e053d6ed8e,Metis,Metis,0x9812cd222242c2eceaaa060ce54872746c25ed5a191612f7f27d8a721f6937c5_Metis,1646796006,1646796006,1,6.215854359161471e+18,6.21585435916147,16.902925284139915,11.627907,11.627907,0.800000,bridge_deposit_flow
ETH,Poly,eth_flow_0x9812cd222242__r7fam08__inst00__synth_merge_src2,0x9812cd222242c2eceaaa060ce54872746c25ed5a191612f7f27d8a721f6937c5,0x368a923dcb3550513710563fc80bb45a6cdbff2e|0x81910675dbaf69dee0fd77570bfd07f8e436386a|0x9e32b13ce7f2e80a01932b42553652e053d6ed8e,0x81910675dbaf69dee0fd77570bfd07f8e436386a,0x9e32b13ce7f2e80a01932b42553652e053d6ed8e,Metis,Metis,0x9812cd222242c2eceaaa060ce54872746c25ed5a191612f7f27d8a721f6937c5_Metis,1646796006,1646796006,1,6.215854359161471e+18,6.21585435916147,16.902925284139915,11.627907,11.627907,0.800000,bridge_deposit_flow
ETH,Poly,eth_flow_0x9812cd222242__r7fam08__inst00__synth_unmatched_src,0x9812cd222242c2eceaaa060ce54872746c25ed5a191612f7f27d8a721f6937c5,0x368a923dcb3550513710563fc80bb45a6cdbff2e|0x81910675dbaf69dee0fd77570bfd07f8e436386a|0x9e32b13ce7f2e80a01932b42553652e053d6ed8e,0x81910675dbaf69dee0fd77570bfd07f8e436386a,0x9e32b13ce7f2e80a01932b42553652e053d6ed8e,Metis,Metis,0x9812cd222242c2eceaaa060ce54872746c25ed5a191612f7f27d8a721f6937c5_Metis,1646796006,1646796006,1,1.2431708718322942e+19,12.43170871832294,33.80585056827983,11.627907,11.627907,0.800000,bridge_deposit_flow
ETH,Poly,eth_flow_0x9812cd222242__r7fam08__inst00__synth_noise_src_0,0x9812cd222242c2eceaaa060ce54872746c25ed5a191612f7f27d8a721f6937c5,0x368a923dcb3550513710563fc80bb45a6cdbff2e|0x81910675dbaf69dee0fd77570bfd07f8e436386a|0x9e32b13ce7f2e80a01932b42553652e053d6ed8e,0x81910675dbaf69dee0fd77570bfd07f8e436386a,0x9e32b13ce7f2e80a01932b42553652e053d6ed8e,Metis,Metis,0x9812cd222242c2eceaaa060ce54872746c25ed5a191612f7f27d8a721f6937c5_Metis,1646796006,1646796006,1,1.2431708718322942e+19,12.43170871832294,33.80585056827983,11.627907,11.627907,0.800000,bridge_deposit_flow
ETH,Poly,eth_flow_0x9812cd222242__r7fam08__inst00__synth_noise_src_1,0x9812cd222242c2eceaaa060ce54872746c25ed5a191612f7f27d8a721f6937c5,0x368a923dcb3550513710563fc80bb45a6cdbff2e|0x81910675dbaf69dee0fd77570bfd07f8e436386a|0x9e32b13ce7f2e80a01932b42553652e053d6ed8e,0x81910675dbaf69dee0fd77570bfd07f8e436386a,0x9e32b13ce7f2e80a01932b42553652e053d6ed8e,Metis,Metis,0x9812cd222242c2eceaaa060ce54872746c25ed5a191612f7f27d8a721f6937c5_Metis,1646796006,1646796006,1,1.2431708718322942e+19,12.43170871832294,33.80585056827983,11.627907,11.627907,0.800000,bridge_deposit_flow
ETH,Poly,eth_flow_0x074c9ce2f055__r7fam08__inst01__synth_split_src,0x074c9ce2f0553d7f74127e5d45afb21c7359dcf13dd6c47f3e2aff64d6d2b231,0x81910675dbaf69dee0fd77570bfd07f8e436386a|0xa787f09349999a61434cfb75118c6a9d0cac9406|0xaf9f549774ecedbd0966c52f250acc548d3f36e5,0x81910675dbaf69dee0fd77570bfd07f8e436386a,0xaf9f549774ecedbd0966c52f250acc548d3f36e5,RFuel,RFuel,0x074c9ce2f0553d7f74127e5d45afb21c7359dcf13dd6c47f3e2aff64d6d2b231_RFuel,1659540887,1659540887,1,1.077846611548153e+23,107784.6611548153,75.5139329995168,16.279070,16.279070,0.800000,bridge_deposit_flow
ETH,Poly,eth_flow_0x074c9ce2f055__r7fam08__inst01__synth_merge_src1,0x074c9ce2f0553d7f74127e5d45afb21c7359dcf13dd6c47f3e2aff64d6d2b231,0x81910675dbaf69dee0fd77570bfd07f8e436386a|0xa787f09349999a61434cfb75118c6a9d0cac9406|0xaf9f549774ecedbd0966c52f250acc548d3f36e5,0x81910675dbaf69dee0fd77570bfd07f8e436386a,0xaf9f549774ecedbd0966c52f250acc548d3f36e5,RFuel,RFuel,0x074c9ce2f0553d7f74127e5d45afb21c7359dcf13dd6c47f3e2aff64d6d2b231_RFuel,1659540887,1659540887,1,5.389233057740765e+22,53892.33057740765,37.7569664997584,16.279070,16.279070,0.800000,bridge_deposit_flow
ETH,Poly,eth_flow_0x074c9ce2f055__r7fam08__inst01__synth_merge_src2,0x074c9ce2f0553d7f74127e5d45afb21c7359dcf13dd6c47f3e2aff64d6d2b231,0x81910675dbaf69dee0fd77570bfd07f8e436386a|0xa787f09349999a61434cfb75118c6a9d0cac9406|0xaf9f549774ecedbd0966c52f250acc548d3f36e5,0x81910675dbaf69dee0fd77570bfd07f8e436386a,0xaf9f549774ecedbd0966c52f250acc548d3f36e5,RFuel,RFuel,0x074c9ce2f0553d7f74127e5d45afb21c7359dcf13dd6c47f3e2aff64d6d2b231_RFuel,1659540887,1659540887,1,5.389233057740765e+22,53892.33057740765,37.7569664997584,16.279070,16.279070,0.800000,bridge_deposit_flow
ETH,Poly,eth_flow_0x074c9ce2f055__r7fam08__inst01__synth_unmatched_src,0x074c9ce2f0553d7f74127e5d45afb21c7359dcf13dd6c47f3e2aff64d6d2b231,0x81910675dbaf69dee0fd77570bfd07f8e436386a|0xa787f09349999a61434cfb75118c6a9d0cac9406|0xaf9f549774ecedbd0966c52f250acc548d3f36e5,0x81910675dbaf69dee0fd77570bfd07f8e436386a,0xaf9f549774ecedbd0966c52f250acc548d3f36e5,RFuel,RFuel,0x074c9ce2f0553d7f74127e5d45afb21c7359dcf13dd6c47f3e2aff64d6d2b231_RFuel,1659540887,1659540887,1,1.077846611548153e+23,107784.6611548153,75.5139329995168,16.279070,16.279070,0.800000,bridge_deposit_flow
ETH,Poly,eth_flow_0x074c9ce2f055__r7fam08__inst01__synth_noise_src_0,0x074c9ce2f0553d7f74127e5d45afb21c7359dcf13dd6c47f3e2aff64d6d2b231,0x81910675dbaf69dee0fd77570bfd07f8e436386a|0xa787f09349999a61434cfb75118c6a9d0cac9406|0xaf9f549774ecedbd0966c52f250acc548d3f36e5,0x81910675dbaf69dee0fd77570bfd07f8e436386a,0xaf9f549774ecedbd0966c52f250acc548d3f36e5,RFuel,RFuel,0x074c9ce2f0553d7f74127e5d45afb21c7359dcf13dd6c47f3e2aff64d6d2b231_RFuel,1659540887,1659540887,1,1.077846611548153e+23,107784.6611548153,75.5139329995168,16.279070,16.279070,0.800000,bridge_deposit_flow
ETH,Poly,eth_flow_0x074c9ce2f055__r7fam08__inst01__synth_noise_src_1,0x074c9ce2f0553d7f74127e5d45afb21c7359dcf13dd6c47f3e2aff64d6d2b231,0x81910675dbaf69dee0fd77570bfd07f8e436386a|0xa787f09349999a61434cfb75118c6a9d0cac9406|0xaf9f549774ecedbd0966c52f250acc548d3f36e5,0x81910675dbaf69dee0fd77570bfd07f8e436386a,0xaf9f549774ecedbd0966c52f250acc548d3f36e5,RFuel,RFuel,0x074c9ce2f0553d7f74127e5d45afb21c7359dcf13dd6c47f3e2aff64d6d2b231_RFuel,1659540887,1659540887,1,1.077846611548153e+23,107784.6611548153,75.5139329995168,16.279070,16.279070,0.800000,bridge_deposit_flow
ETH,Poly,eth_flow_0x9224be9e0e76__r7fam09__inst00__synth_split_src,0x9224be9e0e76dd84cbde5ecaa77c6f0f94124a598a30fc96c3c52401909fee8b,0x5473f64aad2a40ebec5b6a09398913206016d786|0x81910675dbaf69dee0fd77570bfd07f8e436386a|0x9e32b13ce7f2e80a01932b42553652e053d6ed8e,0x81910675dbaf69dee0fd77570bfd07f8e436386a,0x9e32b13ce7f2e80a01932b42553652e053d6ed8e,Metis,Metis,0x9224be9e0e76dd84cbde5ecaa77c6f0f94124a598a30fc96c3c52401909fee8b_Metis,1646829446,1646829446,1,1.245e+18,1.245,3.385559049937761,0.000000,0.000000,0.800000,bridge_deposit_flow
ETH,Poly,eth_flow_0x9224be9e0e76__r7fam09__inst00__synth_merge_src1,0x9224be9e0e76dd84cbde5ecaa77c6f0f94124a598a30fc96c3c52401909fee8b,0x5473f64aad2a40ebec5b6a09398913206016d786|0x81910675dbaf69dee0fd77570bfd07f8e436386a|0x9e32b13ce7f2e80a01932b42553652e053d6ed8e,0x81910675dbaf69dee0fd77570bfd07f8e436386a,0x9e32b13ce7f2e80a01932b42553652e053d6ed8e,Metis,Metis,0x9224be9e0e76dd84cbde5ecaa77c6f0f94124a598a30fc96c3c52401909fee8b_Metis,1646829446,1646829446,1,6.225e+17,0.6225,1.6927795249688804,0.000000,0.000000,0.800000,bridge_deposit_flow
ETH,Poly,eth_flow_0x9224be9e0e76__r7fam09__inst00__synth_merge_src2,0x9224be9e0e76dd84cbde5ecaa77c6f0f94124a598a30fc96c3c52401909fee8b,0x5473f64aad2a40ebec5b6a09398913206016d786|0x81910675dbaf69dee0fd77570bfd07f8e436386a|0x9e32b13ce7f2e80a01932b42553652e053d6ed8e,0x81910675dbaf69dee0fd77570bfd07f8e436386a,0x9e32b13ce7f2e80a01932b42553652e053d6ed8e,Metis,Metis,0x9224be9e0e76dd84cbde5ecaa77c6f0f94124a598a30fc96c3c52401909fee8b_Metis,1646829446,1646829446,1,6.225e+17,0.6225,1.6927795249688804,0.000000,0.000000,0.800000,bridge_deposit_flow
ETH,Poly,eth_flow_0x9224be9e0e76__r7fam09__inst00__synth_unmatched_src,0x9224be9e0e76dd84cbde5ecaa77c6f0f94124a598a30fc96c3c52401909fee8b,0x5473f64aad2a40ebec5b6a09398913206016d786|0x81910675dbaf69dee0fd77570bfd07f8e436386a|0x9e32b13ce7f2e80a01932b42553652e053d6ed8e,0x81910675dbaf69dee0fd77570bfd07f8e436386a,0x9e32b13ce7f2e80a01932b42553652e053d6ed8e,Metis,Metis,0x9224be9e0e76dd84cbde5ecaa77c6f0f94124a598a30fc96c3c52401909fee8b_Metis,1646829446,1646829446,1,1.245e+18,1.245,3.385559049937761,0.000000,0.000000,0.800000,bridge_deposit_flow
ETH,Poly,eth_flow_0x9224be9e0e76__r7fam09__inst00__synth_noise_src_0,0x9224be9e0e76dd84cbde5ecaa77c6f0f94124a598a30fc96c3c52401909fee8b,0x5473f64aad2a40ebec5b6a09398913206016d786|0x81910675dbaf69dee0fd77570bfd07f8e436386a|0x9e32b13ce7f2e80a01932b42553652e053d6ed8e,0x81910675dbaf69dee0fd77570bfd07f8e436386a,0x9e32b13ce7f2e80a01932b42553652e053d6ed8e,Metis,Metis,0x9224be9e0e76dd84cbde5ecaa77c6f0f94124a598a30fc96c3c52401909fee8b_Metis,1646829446,1646829446,1,1.245e+18,1.245,3.385559049937761,0.000000,0.000000,0.800000,bridge_deposit_flow
ETH,Poly,eth_flow_0x9224be9e0e76__r7fam09__inst00__synth_noise_src_1,0x9224be9e0e76dd84cbde5ecaa77c6f0f94124a598a30fc96c3c52401909fee8b,0x5473f64aad2a40ebec5b6a09398913206016d786|0x81910675dbaf69dee0fd77570bfd07f8e436386a|0x9e32b13ce7f2e80a01932b42553652e053d6ed8e,0x81910675dbaf69dee0fd77570bfd07f8e436386a,0x9e32b13ce7f2e80a01932b42553652e053d6ed8e,Metis,Metis,0x9224be9e0e76dd84cbde5ecaa77c6f0f94124a598a30fc96c3c52401909fee8b_Metis,1646829446,1646829446,1,1.245e+18,1.245,3.385559049937761,0.000000,0.000000,0.800000,bridge_deposit_flow
ETH,Poly,eth_flow_0xe0f984c3d25c__r7fam09__inst01__synth_split_src,0xe0f984c3d25c1d2d3ef2ea72e036bad3f646fc06c7b3d766da80247f3646d104,0x81910675dbaf69dee0fd77570bfd07f8e436386a|0x9e32b13ce7f2e80a01932b42553652e053d6ed8e|0xe114b93ee74ed90ee0d65df52c9fa6f059d844a1,0x81910675dbaf69dee0fd77570bfd07f8e436386a,0x9e32b13ce7f2e80a01932b42553652e053d6ed8e,Metis,Metis,0xe0f984c3d25c1d2d3ef2ea72e036bad3f646fc06c7b3d766da80247f3646d104_Metis,1662840305,1662840305,1,1e+19,10.0,27.193245381026188,0.000000,0.000000,0.775000,bridge_deposit_flow
ETH,Poly,eth_flow_0xe0f984c3d25c__r7fam09__inst01__synth_merge_src1,0xe0f984c3d25c1d2d3ef2ea72e036bad3f646fc06c7b3d766da80247f3646d104,0x81910675dbaf69dee0fd77570bfd07f8e436386a|0x9e32b13ce7f2e80a01932b42553652e053d6ed8e|0xe114b93ee74ed90ee0d65df52c9fa6f059d844a1,0x81910675dbaf69dee0fd77570bfd07f8e436386a,0x9e32b13ce7f2e80a01932b42553652e053d6ed8e,Metis,Metis,0xe0f984c3d25c1d2d3ef2ea72e036bad3f646fc06c7b3d766da80247f3646d104_Metis,1662840305,1662840305,1,5e+18,5.0,13.596622690513094,0.000000,0.000000,0.775000,bridge_deposit_flow
ETH,Poly,eth_flow_0xe0f984c3d25c__r7fam09__inst01__synth_merge_src2,0xe0f984c3d25c1d2d3ef2ea72e036bad3f646fc06c7b3d766da80247f3646d104,0x81910675dbaf69dee0fd77570bfd07f8e436386a|0x9e32b13ce7f2e80a01932b42553652e053d6ed8e|0xe114b93ee74ed90ee0d65df52c9fa6f059d844a1,0x81910675dbaf69dee0fd77570bfd07f8e436386a,0x9e32b13ce7f2e80a01932b42553652e053d6ed8e,Metis,Metis,0xe0f984c3d25c1d2d3ef2ea72e036bad3f646fc06c7b3d766da80247f3646d104_Metis,1662840305,1662840305,1,5e+18,5.0,13.596622690513094,0.000000,0.000000,0.775000,bridge_deposit_flow
ETH,Poly,eth_flow_0xe0f984c3d25c__r7fam09__inst01__synth_unmatched_src,0xe0f984c3d25c1d2d3ef2ea72e036bad3f646fc06c7b3d766da80247f3646d104,0x81910675dbaf69dee0fd77570bfd07f8e436386a|0x9e32b13ce7f2e80a01932b42553652e053d6ed8e|0xe114b93ee74ed90ee0d65df52c9fa6f059d844a1,0x81910675dbaf69dee0fd77570bfd07f8e436386a,0x9e32b13ce7f2e80a01932b42553652e053d6ed8e,Metis,Metis,0xe0f984c3d25c1d2d3ef2ea72e036bad3f646fc06c7b3d766da80247f3646d104_Metis,1662840305,1662840305,1,1e+19,10.0,27.193245381026188,0.000000,0.000000,0.775000,bridge_deposit_flow
ETH,Poly,eth_flow_0xe0f984c3d25c__r7fam09__inst01__synth_noise_src_0,0xe0f984c3d25c1d2d3ef2ea72e036bad3f646fc06c7b3d766da80247f3646d104,0x81910675dbaf69dee0fd77570bfd07f8e436386a|0x9e32b13ce7f2e80a01932b42553652e053d6ed8e|0xe114b93ee74ed90ee0d65df52c9fa6f059d844a1,0x81910675dbaf69dee0fd77570bfd07f8e436386a,0x9e32b13ce7f2e80a01932b42553652e053d6ed8e,Metis,Metis,0xe0f984c3d25c1d2d3ef2ea72e036bad3f646fc06c7b3d766da80247f3646d104_Metis,1662840305,1662840305,1,1e+19,10.0,27.193245381026188,0.000000,0.000000,0.775000,bridge_deposit_flow
ETH,Poly,eth_flow_0xe0f984c3d25c__r7fam09__inst01__synth_noise_src_1,0xe0f984c3d25c1d2d3ef2ea72e036bad3f646fc06c7b3d766da80247f3646d104,0x81910675dbaf69dee0fd77570bfd07f8e436386a|0x9e32b13ce7f2e80a01932b42553652e053d6ed8e|0xe114b93ee74ed90ee0d65df52c9fa6f059d844a1,0x81910675dbaf69dee0fd77570bfd07f8e436386a,0x9e32b13ce7f2e80a01932b42553652e053d6ed8e,Metis,Metis,0xe0f984c3d25c1d2d3ef2ea72e036bad3f646fc06c7b3d766da80247f3646d104_Metis,1662840305,1662840305,1,1e+19,10.0,27.193245381026188,0.000000,0.000000,0.775000,bridge_deposit_flow
ETH,Poly,eth_flow_0x195baa576300__r7fam10__inst00__synth_split_src,0x195baa576300ac97ed9bab0fb7ee1ebe25a2ccdbaa2893bbff950fe391546c17,0x81910675dbaf69dee0fd77570bfd07f8e436386a|0xd54e4f8a55247487dd7c8c59f14ee5c0c2889477|0xee9801669c6138e84bd50deb500827b776777d28,0x81910675dbaf69dee0fd77570bfd07f8e436386a,0xee9801669c6138e84bd50deb500827b776777d28,O3,O3,0x195baa576300ac97ed9bab0fb7ee1ebe25a2ccdbaa2893bbff950fe391546c17_O3,1668345719,1668345719,1,1.3984358825761096e+22,13984.358825761095,13.613241052656416,16.279070,16.279070,0.775000,bridge_deposit_flow
ETH,Poly,eth_flow_0x195baa576300__r7fam10__inst00__synth_merge_src1,0x195baa576300ac97ed9bab0fb7ee1ebe25a2ccdbaa2893bbff950fe391546c17,0x81910675dbaf69dee0fd77570bfd07f8e436386a|0xd54e4f8a55247487dd7c8c59f14ee5c0c2889477|0xee9801669c6138e84bd50deb500827b776777d28,0x81910675dbaf69dee0fd77570bfd07f8e436386a,0xee9801669c6138e84bd50deb500827b776777d28,O3,O3,0x195baa576300ac97ed9bab0fb7ee1ebe25a2ccdbaa2893bbff950fe391546c17_O3,1668345719,1668345719,1,6.992179412880548e+21,6992.179412880548,6.806620526328208,16.279070,16.279070,0.775000,bridge_deposit_flow
ETH,Poly,eth_flow_0x195baa576300__r7fam10__inst00__synth_merge_src2,0x195baa576300ac97ed9bab0fb7ee1ebe25a2ccdbaa2893bbff950fe391546c17,0x81910675dbaf69dee0fd77570bfd07f8e436386a|0xd54e4f8a55247487dd7c8c59f14ee5c0c2889477|0xee9801669c6138e84bd50deb500827b776777d28,0x81910675dbaf69dee0fd77570bfd07f8e436386a,0xee9801669c6138e84bd50deb500827b776777d28,O3,O3,0x195baa576300ac97ed9bab0fb7ee1ebe25a2ccdbaa2893bbff950fe391546c17_O3,1668345719,1668345719,1,6.992179412880548e+21,6992.179412880548,6.806620526328208,16.279070,16.279070,0.775000,bridge_deposit_flow
ETH,Poly,eth_flow_0x195baa576300__r7fam10__inst00__synth_unmatched_src,0x195baa576300ac97ed9bab0fb7ee1ebe25a2ccdbaa2893bbff950fe391546c17,0x81910675dbaf69dee0fd77570bfd07f8e436386a|0xd54e4f8a55247487dd7c8c59f14ee5c0c2889477|0xee9801669c6138e84bd50deb500827b776777d28,0x81910675dbaf69dee0fd77570bfd07f8e436386a,0xee9801669c6138e84bd50deb500827b776777d28,O3,O3,0x195baa576300ac97ed9bab0fb7ee1ebe25a2ccdbaa2893bbff950fe391546c17_O3,1668345719,1668345719,1,1.3984358825761096e+22,13984.358825761095,13.613241052656416,16.279070,16.279070,0.775000,bridge_deposit_flow
ETH,Poly,eth_flow_0x195baa576300__r7fam10__inst00__synth_noise_src_0,0x195baa576300ac97ed9bab0fb7ee1ebe25a2ccdbaa2893bbff950fe391546c17,0x81910675dbaf69dee0fd77570bfd07f8e436386a|0xd54e4f8a55247487dd7c8c59f14ee5c0c2889477|0xee9801669c6138e84bd50deb500827b776777d28,0x81910675dbaf69dee0fd77570bfd07f8e436386a,0xee9801669c6138e84bd50deb500827b776777d28,O3,O3,0x195baa576300ac97ed9bab0fb7ee1ebe25a2ccdbaa2893bbff950fe391546c17_O3,1668345719,1668345719,1,1.3984358825761096e+22,13984.358825761095,13.613241052656416,16.279070,16.279070,0.775000,bridge_deposit_flow
ETH,Poly,eth_flow_0x195baa576300__r7fam10__inst00__synth_noise_src_1,0x195baa576300ac97ed9bab0fb7ee1ebe25a2ccdbaa2893bbff950fe391546c17,0x81910675dbaf69dee0fd77570bfd07f8e436386a|0xd54e4f8a55247487dd7c8c59f14ee5c0c2889477|0xee9801669c6138e84bd50deb500827b776777d28,0x81910675dbaf69dee0fd77570bfd07f8e436386a,0xee9801669c6138e84bd50deb500827b776777d28,O3,O3,0x195baa576300ac97ed9bab0fb7ee1ebe25a2ccdbaa2893bbff950fe391546c17_O3,1668345719,1668345719,1,1.3984358825761096e+22,13984.358825761095,13.613241052656416,16.279070,16.279070,0.775000,bridge_deposit_flow
ETH,Poly,eth_flow_0xdc70370fe3e5__r7fam10__inst01__synth_split_src,0xdc70370fe3e54bf5c85e075709620255e53c358f97471776ed95f85b4e599ab1,0x001a8ffcb0f03e99141652ebcdecdb0384e3bd6c|0x81910675dbaf69dee0fd77570bfd07f8e436386a|0xfb5accdc56250c25e614c3b62d297a7eedf77d93,0x81910675dbaf69dee0fd77570bfd07f8e436386a,0x001a8ffcb0f03e99141652ebcdecdb0384e3bd6c,PKR,PKR,0xdc70370fe3e54bf5c85e075709620255e53c358f97471776ed95f85b4e599ab1_PKR,1671588479,1671588479,1,3.3668472e+23,336684.72000000003,7.403138078180371,11.627907,11.627907,0.775000,bridge_deposit_flow
ETH,Poly,eth_flow_0xdc70370fe3e5__r7fam10__inst01__synth_merge_src1,0xdc70370fe3e54bf5c85e075709620255e53c358f97471776ed95f85b4e599ab1,0x001a8ffcb0f03e99141652ebcdecdb0384e3bd6c|0x81910675dbaf69dee0fd77570bfd07f8e436386a|0xfb5accdc56250c25e614c3b62d297a7eedf77d93,0x81910675dbaf69dee0fd77570bfd07f8e436386a,0x001a8ffcb0f03e99141652ebcdecdb0384e3bd6c,PKR,PKR,0xdc70370fe3e54bf5c85e075709620255e53c358f97471776ed95f85b4e599ab1_PKR,1671588479,1671588479,1,1.6834236e+23,168342.36000000002,3.7015690390901854,11.627907,11.627907,0.775000,bridge_deposit_flow
ETH,Poly,eth_flow_0xdc70370fe3e5__r7fam10__inst01__synth_merge_src2,0xdc70370fe3e54bf5c85e075709620255e53c358f97471776ed95f85b4e599ab1,0x001a8ffcb0f03e99141652ebcdecdb0384e3bd6c|0x81910675dbaf69dee0fd77570bfd07f8e436386a|0xfb5accdc56250c25e614c3b62d297a7eedf77d93,0x81910675dbaf69dee0fd77570bfd07f8e436386a,0x001a8ffcb0f03e99141652ebcdecdb0384e3bd6c,PKR,PKR,0xdc70370fe3e54bf5c85e075709620255e53c358f97471776ed95f85b4e599ab1_PKR,1671588479,1671588479,1,1.6834236e+23,168342.36000000002,3.7015690390901854,11.627907,11.627907,0.775000,bridge_deposit_flow
ETH,Poly,eth_flow_0xdc70370fe3e5__r7fam10__inst01__synth_unmatched_src,0xdc70370fe3e54bf5c85e075709620255e53c358f97471776ed95f85b4e599ab1,0x001a8ffcb0f03e99141652ebcdecdb0384e3bd6c|0x81910675dbaf69dee0fd77570bfd07f8e436386a|0xfb5accdc56250c25e614c3b62d297a7eedf77d93,0x81910675dbaf69dee0fd77570bfd07f8e436386a,0x001a8ffcb0f03e99141652ebcdecdb0384e3bd6c,PKR,PKR,0xdc70370fe3e54bf5c85e075709620255e53c358f97471776ed95f85b4e599ab1_PKR,1671588479,1671588479,1,3.3668472e+23,336684.72000000003,7.403138078180371,11.627907,11.627907,0.775000,bridge_deposit_flow
ETH,Poly,eth_flow_0xdc70370fe3e5__r7fam10__inst01__synth_noise_src_0,0xdc70370fe3e54bf5c85e075709620255e53c358f97471776ed95f85b4e599ab1,0x001a8ffcb0f03e99141652ebcdecdb0384e3bd6c|0x81910675dbaf69dee0fd77570bfd07f8e436386a|0xfb5accdc56250c25e614c3b62d297a7eedf77d93,0x81910675dbaf69dee0fd77570bfd07f8e436386a,0x001a8ffcb0f03e99141652ebcdecdb0384e3bd6c,PKR,PKR,0xdc70370fe3e54bf5c85e075709620255e53c358f97471776ed95f85b4e599ab1_PKR,1671588479,1671588479,1,3.3668472e+23,336684.72000000003,7.403138078180371,11.627907,11.627907,0.775000,bridge_deposit_flow
ETH,Poly,eth_flow_0xdc70370fe3e5__r7fam10__inst01__synth_noise_src_1,0xdc70370fe3e54bf5c85e075709620255e53c358f97471776ed95f85b4e599ab1,0x001a8ffcb0f03e99141652ebcdecdb0384e3bd6c|0x81910675dbaf69dee0fd77570bfd07f8e436386a|0xfb5accdc56250c25e614c3b62d297a7eedf77d93,0x81910675dbaf69dee0fd77570bfd07f8e436386a,0x001a8ffcb0f03e99141652ebcdecdb0384e3bd6c,PKR,PKR,0xdc70370fe3e54bf5c85e075709620255e53c358f97471776ed95f85b4e599ab1_PKR,1671588479,1671588479,1,3.3668472e+23,336684.72000000003,7.403138078180371,11.627907,11.627907,0.775000,bridge_deposit_flow
ETH,Poly,eth_flow_0xd511211a0515__r7fam11__inst00__synth_split_src,0xd511211a0515583ee00d858e176093170ae5cf78b453360dff38e296d5256063,0x81910675dbaf69dee0fd77570bfd07f8e436386a|0xaf9f549774ecedbd0966c52f250acc548d3f36e5|0xd54e4f8a55247487dd7c8c59f14ee5c0c2889477,0x81910675dbaf69dee0fd77570bfd07f8e436386a,0xaf9f549774ecedbd0966c52f250acc548d3f36e5,RFuel,RFuel,0xd511211a0515583ee00d858e176093170ae5cf78b453360dff38e296d5256063_RFuel,1665632999,1665632999,1,1.215288448770348e+23,121528.8448770348,85.14310803808733,16.279070,16.279070,0.775000,bridge_deposit_flow
ETH,Poly,eth_flow_0xd511211a0515__r7fam11__inst00__synth_merge_src1,0xd511211a0515583ee00d858e176093170ae5cf78b453360dff38e296d5256063,0x81910675dbaf69dee0fd77570bfd07f8e436386a|0xaf9f549774ecedbd0966c52f250acc548d3f36e5|0xd54e4f8a55247487dd7c8c59f14ee5c0c2889477,0x81910675dbaf69dee0fd77570bfd07f8e436386a,0xaf9f549774ecedbd0966c52f250acc548d3f36e5,RFuel,RFuel,0xd511211a0515583ee00d858e176093170ae5cf78b453360dff38e296d5256063_RFuel,1665632999,1665632999,1,6.07644224385174e+22,60764.4224385174,42.57155401904367,16.279070,16.279070,0.775000,bridge_deposit_flow
ETH,Poly,eth_flow_0xd511211a0515__r7fam11__inst00__synth_merge_src2,0xd511211a0515583ee00d858e176093170ae5cf78b453360dff38e296d5256063,0x81910675dbaf69dee0fd77570bfd07f8e436386a|0xaf9f549774ecedbd0966c52f250acc548d3f36e5|0xd54e4f8a55247487dd7c8c59f14ee5c0c2889477,0x81910675dbaf69dee0fd77570bfd07f8e436386a,0xaf9f549774ecedbd0966c52f250acc548d3f36e5,RFuel,RFuel,0xd511211a0515583ee00d858e176093170ae5cf78b453360dff38e296d5256063_RFuel,1665632999,1665632999,1,6.07644224385174e+22,60764.4224385174,42.57155401904367,16.279070,16.279070,0.775000,bridge_deposit_flow
ETH,Poly,eth_flow_0xd511211a0515__r7fam11__inst00__synth_unmatched_src,0xd511211a0515583ee00d858e176093170ae5cf78b453360dff38e296d5256063,0x81910675dbaf69dee0fd77570bfd07f8e436386a|0xaf9f549774ecedbd0966c52f250acc548d3f36e5|0xd54e4f8a55247487dd7c8c59f14ee5c0c2889477,0x81910675dbaf69dee0fd77570bfd07f8e436386a,0xaf9f549774ecedbd0966c52f250acc548d3f36e5,RFuel,RFuel,0xd511211a0515583ee00d858e176093170ae5cf78b453360dff38e296d5256063_RFuel,1665632999,1665632999,1,1.215288448770348e+23,121528.8448770348,85.14310803808733,16.279070,16.279070,0.775000,bridge_deposit_flow
ETH,Poly,eth_flow_0xd511211a0515__r7fam11__inst00__synth_noise_src_0,0xd511211a0515583ee00d858e176093170ae5cf78b453360dff38e296d5256063,0x81910675dbaf69dee0fd77570bfd07f8e436386a|0xaf9f549774ecedbd0966c52f250acc548d3f36e5|0xd54e4f8a55247487dd7c8c59f14ee5c0c2889477,0x81910675dbaf69dee0fd77570bfd07f8e436386a,0xaf9f549774ecedbd0966c52f250acc548d3f36e5,RFuel,RFuel,0xd511211a0515583ee00d858e176093170ae5cf78b453360dff38e296d5256063_RFuel,1665632999,1665632999,1,1.215288448770348e+23,121528.8448770348,85.14310803808733,16.279070,16.279070,0.775000,bridge_deposit_flow
ETH,Poly,eth_flow_0xd511211a0515__r7fam11__inst00__synth_noise_src_1,0xd511211a0515583ee00d858e176093170ae5cf78b453360dff38e296d5256063,0x81910675dbaf69dee0fd77570bfd07f8e436386a|0xaf9f549774ecedbd0966c52f250acc548d3f36e5|0xd54e4f8a55247487dd7c8c59f14ee5c0c2889477,0x81910675dbaf69dee0fd77570bfd07f8e436386a,0xaf9f549774ecedbd0966c52f250acc548d3f36e5,RFuel,RFuel,0xd511211a0515583ee00d858e176093170ae5cf78b453360dff38e296d5256063_RFuel,1665632999,1665632999,1,1.215288448770348e+23,121528.8448770348,85.14310803808733,16.279070,16.279070,0.775000,bridge_deposit_flow
ETH,Poly,eth_flow_0x6c250be9c2fa__r7fam11__inst01__synth_split_src,0x6c250be9c2fa25164d52af79cfe73c5cce6b9f6741b048859e69418ee01f68bb,0x4abb9cc67bd3da9eb966d1159a71a0e68bd15432|0x81910675dbaf69dee0fd77570bfd07f8e436386a|0xd54e4f8a55247487dd7c8c59f14ee5c0c2889477,0x81910675dbaf69dee0fd77570bfd07f8e436386a,0x4abb9cc67bd3da9eb966d1159a71a0e68bd15432,KEL,KEL,0x6c250be9c2fa25164d52af79cfe73c5cce6b9f6741b048859e69418ee01f68bb_KEL,1669715627,1669715627,1,3.9856740056926175e+22,39856.74005692617,44.59728415831163,16.279070,16.279070,0.775000,bridge_deposit_flow
ETH,Poly,eth_flow_0x6c250be9c2fa__r7fam11__inst01__synth_merge_src1,0x6c250be9c2fa25164d52af79cfe73c5cce6b9f6741b048859e69418ee01f68bb,0x4abb9cc67bd3da9eb966d1159a71a0e68bd15432|0x81910675dbaf69dee0fd77570bfd07f8e436386a|0xd54e4f8a55247487dd7c8c59f14ee5c0c2889477,0x81910675dbaf69dee0fd77570bfd07f8e436386a,0x4abb9cc67bd3da9eb966d1159a71a0e68bd15432,KEL,KEL,0x6c250be9c2fa25164d52af79cfe73c5cce6b9f6741b048859e69418ee01f68bb_KEL,1669715627,1669715627,1,1.9928370028463088e+22,19928.370028463087,22.298642079155815,16.279070,16.279070,0.775000,bridge_deposit_flow
ETH,Poly,eth_flow_0x6c250be9c2fa__r7fam11__inst01__synth_merge_src2,0x6c250be9c2fa25164d52af79cfe73c5cce6b9f6741b048859e69418ee01f68bb,0x4abb9cc67bd3da9eb966d1159a71a0e68bd15432|0x81910675dbaf69dee0fd77570bfd07f8e436386a|0xd54e4f8a55247487dd7c8c59f14ee5c0c2889477,0x81910675dbaf69dee0fd77570bfd07f8e436386a,0x4abb9cc67bd3da9eb966d1159a71a0e68bd15432,KEL,KEL,0x6c250be9c2fa25164d52af79cfe73c5cce6b9f6741b048859e69418ee01f68bb_KEL,1669715627,1669715627,1,1.9928370028463088e+22,19928.370028463087,22.298642079155815,16.279070,16.279070,0.775000,bridge_deposit_flow
ETH,Poly,eth_flow_0x6c250be9c2fa__r7fam11__inst01__synth_unmatched_src,0x6c250be9c2fa25164d52af79cfe73c5cce6b9f6741b048859e69418ee01f68bb,0x4abb9cc67bd3da9eb966d1159a71a0e68bd15432|0x81910675dbaf69dee0fd77570bfd07f8e436386a|0xd54e4f8a55247487dd7c8c59f14ee5c0c2889477,0x81910675dbaf69dee0fd77570bfd07f8e436386a,0x4abb9cc67bd3da9eb966d1159a71a0e68bd15432,KEL,KEL,0x6c250be9c2fa25164d52af79cfe73c5cce6b9f6741b048859e69418ee01f68bb_KEL,1669715627,1669715627,1,3.9856740056926175e+22,39856.74005692617,44.59728415831163,16.279070,16.279070,0.775000,bridge_deposit_flow
ETH,Poly,eth_flow_0x6c250be9c2fa__r7fam11__inst01__synth_noise_src_0,0x6c250be9c2fa25164d52af79cfe73c5cce6b9f6741b048859e69418ee01f68bb,0x4abb9cc67bd3da9eb966d1159a71a0e68bd15432|0x81910675dbaf69dee0fd77570bfd07f8e436386a|0xd54e4f8a55247487dd7c8c59f14ee5c0c2889477,0x81910675dbaf69dee0fd77570bfd07f8e436386a,0x4abb9cc67bd3da9eb966d1159a71a0e68bd15432,KEL,KEL,0x6c250be9c2fa25164d52af79cfe73c5cce6b9f6741b048859e69418ee01f68bb_KEL,1669715627,1669715627,1,3.9856740056926175e+22,39856.74005692617,44.59728415831163,16.279070,16.279070,0.775000,bridge_deposit_flow
ETH,Poly,eth_flow_0x6c250be9c2fa__r7fam11__inst01__synth_noise_src_1,0x6c250be9c2fa25164d52af79cfe73c5cce6b9f6741b048859e69418ee01f68bb,0x4abb9cc67bd3da9eb966d1159a71a0e68bd15432|0x81910675dbaf69dee0fd77570bfd07f8e436386a|0xd54e4f8a55247487dd7c8c59f14ee5c0c2889477,0x81910675dbaf69dee0fd77570bfd07f8e436386a,0x4abb9cc67bd3da9eb966d1159a71a0e68bd15432,KEL,KEL,0x6c250be9c2fa25164d52af79cfe73c5cce6b9f6741b048859e69418ee01f68bb_KEL,1669715627,1669715627,1,3.9856740056926175e+22,39856.74005692617,44.59728415831163,16.279070,16.279070,0.775000,bridge_deposit_flow
ETH,Poly,eth_flow_0x52c80cf7a64a__r7fam12__inst00__synth_split_src,0x52c80cf7a64ae48fe7cad3989f62b53e60f8911b10564708febe8a8a190600eb,0x81910675dbaf69dee0fd77570bfd07f8e436386a|0xaf9f549774ecedbd0966c52f250acc548d3f36e5|0xb1665d27e35c8f35954ee25a0b3e2e951e1470d7,0x81910675dbaf69dee0fd77570bfd07f8e436386a,0xaf9f549774ecedbd0966c52f250acc548d3f36e5,RFuel,RFuel,0x52c80cf7a64ae48fe7cad3989f62b53e60f8911b10564708febe8a8a190600eb_RFuel,1655594343,1655594343,1,2.7252098167583827e+23,272520.9816758383,190.9281982310376,16.279070,16.279070,0.800000,bridge_deposit_flow
ETH,Poly,eth_flow_0x52c80cf7a64a__r7fam12__inst00__synth_merge_src1,0x52c80cf7a64ae48fe7cad3989f62b53e60f8911b10564708febe8a8a190600eb,0x81910675dbaf69dee0fd77570bfd07f8e436386a|0xaf9f549774ecedbd0966c52f250acc548d3f36e5|0xb1665d27e35c8f35954ee25a0b3e2e951e1470d7,0x81910675dbaf69dee0fd77570bfd07f8e436386a,0xaf9f549774ecedbd0966c52f250acc548d3f36e5,RFuel,RFuel,0x52c80cf7a64ae48fe7cad3989f62b53e60f8911b10564708febe8a8a190600eb_RFuel,1655594343,1655594343,1,1.3626049083791914e+23,136260.49083791915,95.4640991155188,16.279070,16.279070,0.800000,bridge_deposit_flow
ETH,Poly,eth_flow_0x52c80cf7a64a__r7fam12__inst00__synth_merge_src2,0x52c80cf7a64ae48fe7cad3989f62b53e60f8911b10564708febe8a8a190600eb,0x81910675dbaf69dee0fd77570bfd07f8e436386a|0xaf9f549774ecedbd0966c52f250acc548d3f36e5|0xb1665d27e35c8f35954ee25a0b3e2e951e1470d7,0x81910675dbaf69dee0fd77570bfd07f8e436386a,0xaf9f549774ecedbd0966c52f250acc548d3f36e5,RFuel,RFuel,0x52c80cf7a64ae48fe7cad3989f62b53e60f8911b10564708febe8a8a190600eb_RFuel,1655594343,1655594343,1,1.3626049083791914e+23,136260.49083791915,95.4640991155188,16.279070,16.279070,0.800000,bridge_deposit_flow
ETH,Poly,eth_flow_0x52c80cf7a64a__r7fam12__inst00__synth_unmatched_src,0x52c80cf7a64ae48fe7cad3989f62b53e60f8911b10564708febe8a8a190600eb,0x81910675dbaf69dee0fd77570bfd07f8e436386a|0xaf9f549774ecedbd0966c52f250acc548d3f36e5|0xb1665d27e35c8f35954ee25a0b3e2e951e1470d7,0x81910675dbaf69dee0fd77570bfd07f8e436386a,0xaf9f549774ecedbd0966c52f250acc548d3f36e5,RFuel,RFuel,0x52c80cf7a64ae48fe7cad3989f62b53e60f8911b10564708febe8a8a190600eb_RFuel,1655594343,1655594343,1,2.7252098167583827e+23,272520.9816758383,190.9281982310376,16.279070,16.279070,0.800000,bridge_deposit_flow
ETH,Poly,eth_flow_0x52c80cf7a64a__r7fam12__inst00__synth_noise_src_0,0x52c80cf7a64ae48fe7cad3989f62b53e60f8911b10564708febe8a8a190600eb,0x81910675dbaf69dee0fd77570bfd07f8e436386a|0xaf9f549774ecedbd0966c52f250acc548d3f36e5|0xb1665d27e35c8f35954ee25a0b3e2e951e1470d7,0x81910675dbaf69dee0fd77570bfd07f8e436386a,0xaf9f549774ecedbd0966c52f250acc548d3f36e5,RFuel,RFuel,0x52c80cf7a64ae48fe7cad3989f62b53e60f8911b10564708febe8a8a190600eb_RFuel,1655594343,1655594343,1,2.7252098167583827e+23,272520.9816758383,190.9281982310376,16.279070,16.279070,0.800000,bridge_deposit_flow
ETH,Poly,eth_flow_0x52c80cf7a64a__r7fam12__inst00__synth_noise_src_1,0x52c80cf7a64ae48fe7cad3989f62b53e60f8911b10564708febe8a8a190600eb,0x81910675dbaf69dee0fd77570bfd07f8e436386a|0xaf9f549774ecedbd0966c52f250acc548d3f36e5|0xb1665d27e35c8f35954ee25a0b3e2e951e1470d7,0x81910675dbaf69dee0fd77570bfd07f8e436386a,0xaf9f549774ecedbd0966c52f250acc548d3f36e5,RFuel,RFuel,0x52c80cf7a64ae48fe7cad3989f62b53e60f8911b10564708febe8a8a190600eb_RFuel,1655594343,1655594343,1,2.7252098167583827e+23,272520.9816758383,190.9281982310376,16.279070,16.279070,0.800000,bridge_deposit_flow
ETH,Poly,eth_flow_0x484a0ad8be97__r7fam12__inst01__synth_split_src,0x484a0ad8be977f97e240fc8a194c662a6c2fde6ab65c2ea3fc6580a706457272,0x81910675dbaf69dee0fd77570bfd07f8e436386a|0x8594d8e9483473626908648a5539d9d65ca2fe8d|0x9e32b13ce7f2e80a01932b42553652e053d6ed8e,0x81910675dbaf69dee0fd77570bfd07f8e436386a,0x9e32b13ce7f2e80a01932b42553652e053d6ed8e,Metis,Metis,0x484a0ad8be977f97e240fc8a194c662a6c2fde6ab65c2ea3fc6580a706457272_Metis,1660400021,1660400021,1,1.292446e+20,129.2446,351.4580121972577,16.279070,16.279070,0.800000,bridge_deposit_flow
ETH,Poly,eth_flow_0x484a0ad8be97__r7fam12__inst01__synth_merge_src1,0x484a0ad8be977f97e240fc8a194c662a6c2fde6ab65c2ea3fc6580a706457272,0x81910675dbaf69dee0fd77570bfd07f8e436386a|0x8594d8e9483473626908648a5539d9d65ca2fe8d|0x9e32b13ce7f2e80a01932b42553652e053d6ed8e,0x81910675dbaf69dee0fd77570bfd07f8e436386a,0x9e32b13ce7f2e80a01932b42553652e053d6ed8e,Metis,Metis,0x484a0ad8be977f97e240fc8a194c662a6c2fde6ab65c2ea3fc6580a706457272_Metis,1660400021,1660400021,1,6.46223e+19,64.6223,175.72900609862884,16.279070,16.279070,0.800000,bridge_deposit_flow
ETH,Poly,eth_flow_0x484a0ad8be97__r7fam12__inst01__synth_merge_src2,0x484a0ad8be977f97e240fc8a194c662a6c2fde6ab65c2ea3fc6580a706457272,0x81910675dbaf69dee0fd77570bfd07f8e436386a|0x8594d8e9483473626908648a5539d9d65ca2fe8d|0x9e32b13ce7f2e80a01932b42553652e053d6ed8e,0x81910675dbaf69dee0fd77570bfd07f8e436386a,0x9e32b13ce7f2e80a01932b42553652e053d6ed8e,Metis,Metis,0x484a0ad8be977f97e240fc8a194c662a6c2fde6ab65c2ea3fc6580a706457272_Metis,1660400021,1660400021,1,6.46223e+19,64.6223,175.72900609862884,16.279070,16.279070,0.800000,bridge_deposit_flow
ETH,Poly,eth_flow_0x484a0ad8be97__r7fam12__inst01__synth_unmatched_src,0x484a0ad8be977f97e240fc8a194c662a6c2fde6ab65c2ea3fc6580a706457272,0x81910675dbaf69dee0fd77570bfd07f8e436386a|0x8594d8e9483473626908648a5539d9d65ca2fe8d|0x9e32b13ce7f2e80a01932b42553652e053d6ed8e,0x81910675dbaf69dee0fd77570bfd07f8e436386a,0x9e32b13ce7f2e80a01932b42553652e053d6ed8e,Metis,Metis,0x484a0ad8be977f97e240fc8a194c662a6c2fde6ab65c2ea3fc6580a706457272_Metis,1660400021,1660400021,1,1.292446e+20,129.2446,351.4580121972577,16.279070,16.279070,0.800000,bridge_deposit_flow
ETH,Poly,eth_flow_0x484a0ad8be97__r7fam12__inst01__synth_noise_src_0,0x484a0ad8be977f97e240fc8a194c662a6c2fde6ab65c2ea3fc6580a706457272,0x81910675dbaf69dee0fd77570bfd07f8e436386a|0x8594d8e9483473626908648a5539d9d65ca2fe8d|0x9e32b13ce7f2e80a01932b42553652e053d6ed8e,0x81910675dbaf69dee0fd77570bfd07f8e436386a,0x9e32b13ce7f2e80a01932b42553652e053d6ed8e,Metis,Metis,0x484a0ad8be977f97e240fc8a194c662a6c2fde6ab65c2ea3fc6580a706457272_Metis,1660400021,1660400021,1,1.292446e+20,129.2446,351.4580121972577,16.279070,16.279070,0.800000,bridge_deposit_flow
ETH,Poly,eth_flow_0x484a0ad8be97__r7fam12__inst01__synth_noise_src_1,0x484a0ad8be977f97e240fc8a194c662a6c2fde6ab65c2ea3fc6580a706457272,0x81910675dbaf69dee0fd77570bfd07f8e436386a|0x8594d8e9483473626908648a5539d9d65ca2fe8d|0x9e32b13ce7f2e80a01932b42553652e053d6ed8e,0x81910675dbaf69dee0fd77570bfd07f8e436386a,0x9e32b13ce7f2e80a01932b42553652e053d6ed8e,Metis,Metis,0x484a0ad8be977f97e240fc8a194c662a6c2fde6ab65c2ea3fc6580a706457272_Metis,1660400021,1660400021,1,1.292446e+20,129.2446,351.4580121972577,16.279070,16.279070,0.800000,bridge_deposit_flow
ETH,Poly,eth_flow_0x79f5348465c7__r7fam13__inst00__synth_split_src,0x79f5348465c713ae05da2f71e69c367b6a587c30a85323fdb37c18522dceddbe,0x7a6a59588b8106045303e1923227a2cefbec2b66|0x81910675dbaf69dee0fd77570bfd07f8e436386a|0x9e32b13ce7f2e80a01932b42553652e053d6ed8e,0x81910675dbaf69dee0fd77570bfd07f8e436386a,0x9e32b13ce7f2e80a01932b42553652e053d6ed8e,Metis,Metis,0x79f5348465c713ae05da2f71e69c367b6a587c30a85323fdb37c18522dceddbe_Metis,1662308243,1662308243,1,8.000000000011035e+19,80.00000000011035,217.5459630485096,16.279070,16.279070,0.775000,bridge_deposit_flow
ETH,Poly,eth_flow_0x79f5348465c7__r7fam13__inst00__synth_merge_src1,0x79f5348465c713ae05da2f71e69c367b6a587c30a85323fdb37c18522dceddbe,0x7a6a59588b8106045303e1923227a2cefbec2b66|0x81910675dbaf69dee0fd77570bfd07f8e436386a|0x9e32b13ce7f2e80a01932b42553652e053d6ed8e,0x81910675dbaf69dee0fd77570bfd07f8e436386a,0x9e32b13ce7f2e80a01932b42553652e053d6ed8e,Metis,Metis,0x79f5348465c713ae05da2f71e69c367b6a587c30a85323fdb37c18522dceddbe_Metis,1662308243,1662308243,1,4.000000000005517e+19,40.000000000055174,108.7729815242548,16.279070,16.279070,0.775000,bridge_deposit_flow
ETH,Poly,eth_flow_0x79f5348465c7__r7fam13__inst00__synth_merge_src2,0x79f5348465c713ae05da2f71e69c367b6a587c30a85323fdb37c18522dceddbe,0x7a6a59588b8106045303e1923227a2cefbec2b66|0x81910675dbaf69dee0fd77570bfd07f8e436386a|0x9e32b13ce7f2e80a01932b42553652e053d6ed8e,0x81910675dbaf69dee0fd77570bfd07f8e436386a,0x9e32b13ce7f2e80a01932b42553652e053d6ed8e,Metis,Metis,0x79f5348465c713ae05da2f71e69c367b6a587c30a85323fdb37c18522dceddbe_Metis,1662308243,1662308243,1,4.000000000005517e+19,40.000000000055174,108.7729815242548,16.279070,16.279070,0.775000,bridge_deposit_flow
ETH,Poly,eth_flow_0x79f5348465c7__r7fam13__inst00__synth_unmatched_src,0x79f5348465c713ae05da2f71e69c367b6a587c30a85323fdb37c18522dceddbe,0x7a6a59588b8106045303e1923227a2cefbec2b66|0x81910675dbaf69dee0fd77570bfd07f8e436386a|0x9e32b13ce7f2e80a01932b42553652e053d6ed8e,0x81910675dbaf69dee0fd77570bfd07f8e436386a,0x9e32b13ce7f2e80a01932b42553652e053d6ed8e,Metis,Metis,0x79f5348465c713ae05da2f71e69c367b6a587c30a85323fdb37c18522dceddbe_Metis,1662308243,1662308243,1,8.000000000011035e+19,80.00000000011035,217.5459630485096,16.279070,16.279070,0.775000,bridge_deposit_flow
ETH,Poly,eth_flow_0x79f5348465c7__r7fam13__inst00__synth_noise_src_0,0x79f5348465c713ae05da2f71e69c367b6a587c30a85323fdb37c18522dceddbe,0x7a6a59588b8106045303e1923227a2cefbec2b66|0x81910675dbaf69dee0fd77570bfd07f8e436386a|0x9e32b13ce7f2e80a01932b42553652e053d6ed8e,0x81910675dbaf69dee0fd77570bfd07f8e436386a,0x9e32b13ce7f2e80a01932b42553652e053d6ed8e,Metis,Metis,0x79f5348465c713ae05da2f71e69c367b6a587c30a85323fdb37c18522dceddbe_Metis,1662308243,1662308243,1,8.000000000011035e+19,80.00000000011035,217.5459630485096,16.279070,16.279070,0.775000,bridge_deposit_flow
ETH,Poly,eth_flow_0x79f5348465c7__r7fam13__inst00__synth_noise_src_1,0x79f5348465c713ae05da2f71e69c367b6a587c30a85323fdb37c18522dceddbe,0x7a6a59588b8106045303e1923227a2cefbec2b66|0x81910675dbaf69dee0fd77570bfd07f8e436386a|0x9e32b13ce7f2e80a01932b42553652e053d6ed8e,0x81910675dbaf69dee0fd77570bfd07f8e436386a,0x9e32b13ce7f2e80a01932b42553652e053d6ed8e,Metis,Metis,0x79f5348465c713ae05da2f71e69c367b6a587c30a85323fdb37c18522dceddbe_Metis,1662308243,1662308243,1,8.000000000011035e+19,80.00000000011035,217.5459630485096,16.279070,16.279070,0.775000,bridge_deposit_flow
ETH,Poly,eth_flow_0x51fffec69051__r7fam13__inst01__synth_split_src,0x51fffec69051ce95d289615d5e760f59a7b1d0de0d605d162766bcc97bcf933a,0x81910675dbaf69dee0fd77570bfd07f8e436386a|0x9e32b13ce7f2e80a01932b42553652e053d6ed8e|0xf2ce52e3d0eb5d237341c9a75ca24647d87d7e55,0x81910675dbaf69dee0fd77570bfd07f8e436386a,0x9e32b13ce7f2e80a01932b42553652e053d6ed8e,Metis,Metis,0x51fffec69051ce95d289615d5e760f59a7b1d0de0d605d162766bcc97bcf933a_Metis,1660396264,1660396264,1,1.2830140195864737e+20,128.30140195864738,348.8931506191172,16.279070,16.279070,0.800000,bridge_deposit_flow
ETH,Poly,eth_flow_0x51fffec69051__r7fam13__inst01__synth_merge_src1,0x51fffec69051ce95d289615d5e760f59a7b1d0de0d605d162766bcc97bcf933a,0x81910675dbaf69dee0fd77570bfd07f8e436386a|0x9e32b13ce7f2e80a01932b42553652e053d6ed8e|0xf2ce52e3d0eb5d237341c9a75ca24647d87d7e55,0x81910675dbaf69dee0fd77570bfd07f8e436386a,0x9e32b13ce7f2e80a01932b42553652e053d6ed8e,Metis,Metis,0x51fffec69051ce95d289615d5e760f59a7b1d0de0d605d162766bcc97bcf933a_Metis,1660396264,1660396264,1,6.415070097932368e+19,64.15070097932369,174.4465753095586,16.279070,16.279070,0.800000,bridge_deposit_flow
ETH,Poly,eth_flow_0x51fffec69051__r7fam13__inst01__synth_merge_src2,0x51fffec69051ce95d289615d5e760f59a7b1d0de0d605d162766bcc97bcf933a,0x81910675dbaf69dee0fd77570bfd07f8e436386a|0x9e32b13ce7f2e80a01932b42553652e053d6ed8e|0xf2ce52e3d0eb5d237341c9a75ca24647d87d7e55,0x81910675dbaf69dee0fd77570bfd07f8e436386a,0x9e32b13ce7f2e80a01932b42553652e053d6ed8e,Metis,Metis,0x51fffec69051ce95d289615d5e760f59a7b1d0de0d605d162766bcc97bcf933a_Metis,1660396264,1660396264,1,6.415070097932368e+19,64.15070097932369,174.4465753095586,16.279070,16.279070,0.800000,bridge_deposit_flow
ETH,Poly,eth_flow_0x51fffec69051__r7fam13__inst01__synth_unmatched_src,0x51fffec69051ce95d289615d5e760f59a7b1d0de0d605d162766bcc97bcf933a,0x81910675dbaf69dee0fd77570bfd07f8e436386a|0x9e32b13ce7f2e80a01932b42553652e053d6ed8e|0xf2ce52e3d0eb5d237341c9a75ca24647d87d7e55,0x81910675dbaf69dee0fd77570bfd07f8e436386a,0x9e32b13ce7f2e80a01932b42553652e053d6ed8e,Metis,Metis,0x51fffec69051ce95d289615d5e760f59a7b1d0de0d605d162766bcc97bcf933a_Metis,1660396264,1660396264,1,1.2830140195864737e+20,128.30140195864738,348.8931506191172,16.279070,16.279070,0.800000,bridge_deposit_flow
ETH,Poly,eth_flow_0x51fffec69051__r7fam13__inst01__synth_noise_src_0,0x51fffec69051ce95d289615d5e760f59a7b1d0de0d605d162766bcc97bcf933a,0x81910675dbaf69dee0fd77570bfd07f8e436386a|0x9e32b13ce7f2e80a01932b42553652e053d6ed8e|0xf2ce52e3d0eb5d237341c9a75ca24647d87d7e55,0x81910675dbaf69dee0fd77570bfd07f8e436386a,0x9e32b13ce7f2e80a01932b42553652e053d6ed8e,Metis,Metis,0x51fffec69051ce95d289615d5e760f59a7b1d0de0d605d162766bcc97bcf933a_Metis,1660396264,1660396264,1,1.2830140195864737e+20,128.30140195864738,348.8931506191172,16.279070,16.279070,0.800000,bridge_deposit_flow
ETH,Poly,eth_flow_0x51fffec69051__r7fam13__inst01__synth_noise_src_1,0x51fffec69051ce95d289615d5e760f59a7b1d0de0d605d162766bcc97bcf933a,0x81910675dbaf69dee0fd77570bfd07f8e436386a|0x9e32b13ce7f2e80a01932b42553652e053d6ed8e|0xf2ce52e3d0eb5d237341c9a75ca24647d87d7e55,0x81910675dbaf69dee0fd77570bfd07f8e436386a,0x9e32b13ce7f2e80a01932b42553652e053d6ed8e,Metis,Metis,0x51fffec69051ce95d289615d5e760f59a7b1d0de0d605d162766bcc97bcf933a_Metis,1660396264,1660396264,1,1.2830140195864737e+20,128.30140195864738,348.8931506191172,16.279070,16.279070,0.800000,bridge_deposit_flow
ETH,Poly,eth_flow_0xf74ddd95e3e6__r7fam14__inst00__synth_split_src,0xf74ddd95e3e6a316f9f88ff0bb68a8b8b9757882e8819cb0584d0599fb330be3,0x81910675dbaf69dee0fd77570bfd07f8e436386a|0x8594d8e9483473626908648a5539d9d65ca2fe8d|0x9e32b13ce7f2e80a01932b42553652e053d6ed8e,0x81910675dbaf69dee0fd77570bfd07f8e436386a,0x9e32b13ce7f2e80a01932b42553652e053d6ed8e,Metis,Metis,0xf74ddd95e3e6a316f9f88ff0bb68a8b8b9757882e8819cb0584d0599fb330be3_Metis,1660881210,1660881210,1,1.18096e+20,118.096,321.14135065176686,16.279070,16.279070,0.800000,bridge_deposit_flow
ETH,Poly,eth_flow_0xf74ddd95e3e6__r7fam14__inst00__synth_merge_src1,0xf74ddd95e3e6a316f9f88ff0bb68a8b8b9757882e8819cb0584d0599fb330be3,0x81910675dbaf69dee0fd77570bfd07f8e436386a|0x8594d8e9483473626908648a5539d9d65ca2fe8d|0x9e32b13ce7f2e80a01932b42553652e053d6ed8e,0x81910675dbaf69dee0fd77570bfd07f8e436386a,0x9e32b13ce7f2e80a01932b42553652e053d6ed8e,Metis,Metis,0xf74ddd95e3e6a316f9f88ff0bb68a8b8b9757882e8819cb0584d0599fb330be3_Metis,1660881210,1660881210,1,5.9048e+19,59.048,160.57067532588343,16.279070,16.279070,0.800000,bridge_deposit_flow
ETH,Poly,eth_flow_0xf74ddd95e3e6__r7fam14__inst00__synth_merge_src2,0xf74ddd95e3e6a316f9f88ff0bb68a8b8b9757882e8819cb0584d0599fb330be3,0x81910675dbaf69dee0fd77570bfd07f8e436386a|0x8594d8e9483473626908648a5539d9d65ca2fe8d|0x9e32b13ce7f2e80a01932b42553652e053d6ed8e,0x81910675dbaf69dee0fd77570bfd07f8e436386a,0x9e32b13ce7f2e80a01932b42553652e053d6ed8e,Metis,Metis,0xf74ddd95e3e6a316f9f88ff0bb68a8b8b9757882e8819cb0584d0599fb330be3_Metis,1660881210,1660881210,1,5.9048e+19,59.048,160.57067532588343,16.279070,16.279070,0.800000,bridge_deposit_flow
ETH,Poly,eth_flow_0xf74ddd95e3e6__r7fam14__inst00__synth_unmatched_src,0xf74ddd95e3e6a316f9f88ff0bb68a8b8b9757882e8819cb0584d0599fb330be3,0x81910675dbaf69dee0fd77570bfd07f8e436386a|0x8594d8e9483473626908648a5539d9d65ca2fe8d|0x9e32b13ce7f2e80a01932b42553652e053d6ed8e,0x81910675dbaf69dee0fd77570bfd07f8e436386a,0x9e32b13ce7f2e80a01932b42553652e053d6ed8e,Metis,Metis,0xf74ddd95e3e6a316f9f88ff0bb68a8b8b9757882e8819cb0584d0599fb330be3_Metis,1660881210,1660881210,1,1.18096e+20,118.096,321.14135065176686,16.279070,16.279070,0.800000,bridge_deposit_flow
ETH,Poly,eth_flow_0xf74ddd95e3e6__r7fam14__inst00__synth_noise_src_0,0xf74ddd95e3e6a316f9f88ff0bb68a8b8b9757882e8819cb0584d0599fb330be3,0x81910675dbaf69dee0fd77570bfd07f8e436386a|0x8594d8e9483473626908648a5539d9d65ca2fe8d|0x9e32b13ce7f2e80a01932b42553652e053d6ed8e,0x81910675dbaf69dee0fd77570bfd07f8e436386a,0x9e32b13ce7f2e80a01932b42553652e053d6ed8e,Metis,Metis,0xf74ddd95e3e6a316f9f88ff0bb68a8b8b9757882e8819cb0584d0599fb330be3_Metis,1660881210,1660881210,1,1.18096e+20,118.096,321.14135065176686,16.279070,16.279070,0.800000,bridge_deposit_flow
ETH,Poly,eth_flow_0xf74ddd95e3e6__r7fam14__inst00__synth_noise_src_1,0xf74ddd95e3e6a316f9f88ff0bb68a8b8b9757882e8819cb0584d0599fb330be3,0x81910675dbaf69dee0fd77570bfd07f8e436386a|0x8594d8e9483473626908648a5539d9d65ca2fe8d|0x9e32b13ce7f2e80a01932b42553652e053d6ed8e,0x81910675dbaf69dee0fd77570bfd07f8e436386a,0x9e32b13ce7f2e80a01932b42553652e053d6ed8e,Metis,Metis,0xf74ddd95e3e6a316f9f88ff0bb68a8b8b9757882e8819cb0584d0599fb330be3_Metis,1660881210,1660881210,1,1.18096e+20,118.096,321.14135065176686,16.279070,16.279070,0.800000,bridge_deposit_flow
ETH,Poly,eth_flow_0x170d157d02d1__r7fam14__inst01__synth_split_src,0x170d157d02d1ed20188aaba33560db2b4d546fb9cdf8abed29716cc0622ca19c,0x81910675dbaf69dee0fd77570bfd07f8e436386a|0x8594d8e9483473626908648a5539d9d65ca2fe8d|0x9e32b13ce7f2e80a01932b42553652e053d6ed8e,0x81910675dbaf69dee0fd77570bfd07f8e436386a,0x9e32b13ce7f2e80a01932b42553652e053d6ed8e,Metis,Metis,0x170d157d02d1ed20188aaba33560db2b4d546fb9cdf8abed29716cc0622ca19c_Metis,1659580569,1659580569,1,9.92381e+19,99.2381,269.8606004446815,16.279070,16.279070,0.800000,bridge_deposit_flow
ETH,Poly,eth_flow_0x170d157d02d1__r7fam14__inst01__synth_merge_src1,0x170d157d02d1ed20188aaba33560db2b4d546fb9cdf8abed29716cc0622ca19c,0x81910675dbaf69dee0fd77570bfd07f8e436386a|0x8594d8e9483473626908648a5539d9d65ca2fe8d|0x9e32b13ce7f2e80a01932b42553652e053d6ed8e,0x81910675dbaf69dee0fd77570bfd07f8e436386a,0x9e32b13ce7f2e80a01932b42553652e053d6ed8e,Metis,Metis,0x170d157d02d1ed20188aaba33560db2b4d546fb9cdf8abed29716cc0622ca19c_Metis,1659580569,1659580569,1,4.961905e+19,49.61905,134.93030022234075,16.279070,16.279070,0.800000,bridge_deposit_flow
ETH,Poly,eth_flow_0x170d157d02d1__r7fam14__inst01__synth_merge_src2,0x170d157d02d1ed20188aaba33560db2b4d546fb9cdf8abed29716cc0622ca19c,0x81910675dbaf69dee0fd77570bfd07f8e436386a|0x8594d8e9483473626908648a5539d9d65ca2fe8d|0x9e32b13ce7f2e80a01932b42553652e053d6ed8e,0x81910675dbaf69dee0fd77570bfd07f8e436386a,0x9e32b13ce7f2e80a01932b42553652e053d6ed8e,Metis,Metis,0x170d157d02d1ed20188aaba33560db2b4d546fb9cdf8abed29716cc0622ca19c_Metis,1659580569,1659580569,1,4.961905e+19,49.61905,134.93030022234075,16.279070,16.279070,0.800000,bridge_deposit_flow
ETH,Poly,eth_flow_0x170d157d02d1__r7fam14__inst01__synth_unmatched_src,0x170d157d02d1ed20188aaba33560db2b4d546fb9cdf8abed29716cc0622ca19c,0x81910675dbaf69dee0fd77570bfd07f8e436386a|0x8594d8e9483473626908648a5539d9d65ca2fe8d|0x9e32b13ce7f2e80a01932b42553652e053d6ed8e,0x81910675dbaf69dee0fd77570bfd07f8e436386a,0x9e32b13ce7f2e80a01932b42553652e053d6ed8e,Metis,Metis,0x170d157d02d1ed20188aaba33560db2b4d546fb9cdf8abed29716cc0622ca19c_Metis,1659580569,1659580569,1,9.92381e+19,99.2381,269.8606004446815,16.279070,16.279070,0.800000,bridge_deposit_flow
ETH,Poly,eth_flow_0x170d157d02d1__r7fam14__inst01__synth_noise_src_0,0x170d157d02d1ed20188aaba33560db2b4d546fb9cdf8abed29716cc0622ca19c,0x81910675dbaf69dee0fd77570bfd07f8e436386a|0x8594d8e9483473626908648a5539d9d65ca2fe8d|0x9e32b13ce7f2e80a01932b42553652e053d6ed8e,0x81910675dbaf69dee0fd77570bfd07f8e436386a,0x9e32b13ce7f2e80a01932b42553652e053d6ed8e,Metis,Metis,0x170d157d02d1ed20188aaba33560db2b4d546fb9cdf8abed29716cc0622ca19c_Metis,1659580569,1659580569,1,9.92381e+19,99.2381,269.8606004446815,16.279070,16.279070,0.800000,bridge_deposit_flow
ETH,Poly,eth_flow_0x170d157d02d1__r7fam14__inst01__synth_noise_src_1,0x170d157d02d1ed20188aaba33560db2b4d546fb9cdf8abed29716cc0622ca19c,0x81910675dbaf69dee0fd77570bfd07f8e436386a|0x8594d8e9483473626908648a5539d9d65ca2fe8d|0x9e32b13ce7f2e80a01932b42553652e053d6ed8e,0x81910675dbaf69dee0fd77570bfd07f8e436386a,0x9e32b13ce7f2e80a01932b42553652e053d6ed8e,Metis,Metis,0x170d157d02d1ed20188aaba33560db2b4d546fb9cdf8abed29716cc0622ca19c_Metis,1659580569,1659580569,1,9.92381e+19,99.2381,269.8606004446815,16.279070,16.279070,0.800000,bridge_deposit_flow
ETH,Poly,eth_flow_0xfffc8fc3cd0b__r7fam15__inst00__synth_split_src,0xfffc8fc3cd0b5a3ae59a3a85a21b0851f780f0b291b5a49cec7d91680aca8ebe,0x67ebc532d648e6164a6fd726ff0b39e69180dafe|0x81910675dbaf69dee0fd77570bfd07f8e436386a|0xaf9f549774ecedbd0966c52f250acc548d3f36e5,0x81910675dbaf69dee0fd77570bfd07f8e436386a,0xaf9f549774ecedbd0966c52f250acc548d3f36e5,RFuel,RFuel,0xfffc8fc3cd0b5a3ae59a3a85a21b0851f780f0b291b5a49cec7d91680aca8ebe_RFuel,1652313184,1652313184,1,1.4355073310705948e+23,143550.7331070595,100.5716428083211,20.930233,20.930233,0.800000,bridge_deposit_flow
ETH,Poly,eth_flow_0xfffc8fc3cd0b__r7fam15__inst00__synth_merge_src1,0xfffc8fc3cd0b5a3ae59a3a85a21b0851f780f0b291b5a49cec7d91680aca8ebe,0x67ebc532d648e6164a6fd726ff0b39e69180dafe|0x81910675dbaf69dee0fd77570bfd07f8e436386a|0xaf9f549774ecedbd0966c52f250acc548d3f36e5,0x81910675dbaf69dee0fd77570bfd07f8e436386a,0xaf9f549774ecedbd0966c52f250acc548d3f36e5,RFuel,RFuel,0xfffc8fc3cd0b5a3ae59a3a85a21b0851f780f0b291b5a49cec7d91680aca8ebe_RFuel,1652313184,1652313184,1,7.177536655352974e+22,71775.36655352975,50.28582140416055,20.930233,20.930233,0.800000,bridge_deposit_flow
ETH,Poly,eth_flow_0xfffc8fc3cd0b__r7fam15__inst00__synth_merge_src2,0xfffc8fc3cd0b5a3ae59a3a85a21b0851f780f0b291b5a49cec7d91680aca8ebe,0x67ebc532d648e6164a6fd726ff0b39e69180dafe|0x81910675dbaf69dee0fd77570bfd07f8e436386a|0xaf9f549774ecedbd0966c52f250acc548d3f36e5,0x81910675dbaf69dee0fd77570bfd07f8e436386a,0xaf9f549774ecedbd0966c52f250acc548d3f36e5,RFuel,RFuel,0xfffc8fc3cd0b5a3ae59a3a85a21b0851f780f0b291b5a49cec7d91680aca8ebe_RFuel,1652313184,1652313184,1,7.177536655352974e+22,71775.36655352975,50.28582140416055,20.930233,20.930233,0.800000,bridge_deposit_flow
ETH,Poly,eth_flow_0xfffc8fc3cd0b__r7fam15__inst00__synth_unmatched_src,0xfffc8fc3cd0b5a3ae59a3a85a21b0851f780f0b291b5a49cec7d91680aca8ebe,0x67ebc532d648e6164a6fd726ff0b39e69180dafe|0x81910675dbaf69dee0fd77570bfd07f8e436386a|0xaf9f549774ecedbd0966c52f250acc548d3f36e5,0x81910675dbaf69dee0fd77570bfd07f8e436386a,0xaf9f549774ecedbd0966c52f250acc548d3f36e5,RFuel,RFuel,0xfffc8fc3cd0b5a3ae59a3a85a21b0851f780f0b291b5a49cec7d91680aca8ebe_RFuel,1652313184,1652313184,1,1.4355073310705948e+23,143550.7331070595,100.5716428083211,20.930233,20.930233,0.800000,bridge_deposit_flow
ETH,Poly,eth_flow_0xfffc8fc3cd0b__r7fam15__inst00__synth_noise_src_0,0xfffc8fc3cd0b5a3ae59a3a85a21b0851f780f0b291b5a49cec7d91680aca8ebe,0x67ebc532d648e6164a6fd726ff0b39e69180dafe|0x81910675dbaf69dee0fd77570bfd07f8e436386a|0xaf9f549774ecedbd0966c52f250acc548d3f36e5,0x81910675dbaf69dee0fd77570bfd07f8e436386a,0xaf9f549774ecedbd0966c52f250acc548d3f36e5,RFuel,RFuel,0xfffc8fc3cd0b5a3ae59a3a85a21b0851f780f0b291b5a49cec7d91680aca8ebe_RFuel,1652313184,1652313184,1,1.4355073310705948e+23,143550.7331070595,100.5716428083211,20.930233,20.930233,0.800000,bridge_deposit_flow
ETH,Poly,eth_flow_0xfffc8fc3cd0b__r7fam15__inst00__synth_noise_src_1,0xfffc8fc3cd0b5a3ae59a3a85a21b0851f780f0b291b5a49cec7d91680aca8ebe,0x67ebc532d648e6164a6fd726ff0b39e69180dafe|0x81910675dbaf69dee0fd77570bfd07f8e436386a|0xaf9f549774ecedbd0966c52f250acc548d3f36e5,0x81910675dbaf69dee0fd77570bfd07f8e436386a,0xaf9f549774ecedbd0966c52f250acc548d3f36e5,RFuel,RFuel,0xfffc8fc3cd0b5a3ae59a3a85a21b0851f780f0b291b5a49cec7d91680aca8ebe_RFuel,1652313184,1652313184,1,1.4355073310705948e+23,143550.7331070595,100.5716428083211,20.930233,20.930233,0.800000,bridge_deposit_flow
ETH,Poly,eth_flow_0xc41e79dd7ef4__r7fam15__inst01__synth_split_src,0xc41e79dd7ef4291362a8ee2f530f5535661abcf03275a83fae3f7c23d19f0c99,0x81910675dbaf69dee0fd77570bfd07f8e436386a|0x8594d8e9483473626908648a5539d9d65ca2fe8d|0xaf9f549774ecedbd0966c52f250acc548d3f36e5,0x81910675dbaf69dee0fd77570bfd07f8e436386a,0xaf9f549774ecedbd0966c52f250acc548d3f36e5,RFuel,RFuel,0xc41e79dd7ef4291362a8ee2f530f5535661abcf03275a83fae3f7c23d19f0c99_RFuel,1660668191,1660668191,1,1.4138864494679365e+23,141388.64494679368,99.05688385538572,16.279070,16.279070,0.800000,bridge_deposit_flow
ETH,Poly,eth_flow_0xc41e79dd7ef4__r7fam15__inst01__synth_merge_src1,0xc41e79dd7ef4291362a8ee2f530f5535661abcf03275a83fae3f7c23d19f0c99,0x81910675dbaf69dee0fd77570bfd07f8e436386a|0x8594d8e9483473626908648a5539d9d65ca2fe8d|0xaf9f549774ecedbd0966c52f250acc548d3f36e5,0x81910675dbaf69dee0fd77570bfd07f8e436386a,0xaf9f549774ecedbd0966c52f250acc548d3f36e5,RFuel,RFuel,0xc41e79dd7ef4291362a8ee2f530f5535661abcf03275a83fae3f7c23d19f0c99_RFuel,1660668191,1660668191,1,7.069432247339682e+22,70694.32247339684,49.52844192769286,16.279070,16.279070,0.800000,bridge_deposit_flow
ETH,Poly,eth_flow_0xc41e79dd7ef4__r7fam15__inst01__synth_merge_src2,0xc41e79dd7ef4291362a8ee2f530f5535661abcf03275a83fae3f7c23d19f0c99,0x81910675dbaf69dee0fd77570bfd07f8e436386a|0x8594d8e9483473626908648a5539d9d65ca2fe8d|0xaf9f549774ecedbd0966c52f250acc548d3f36e5,0x81910675dbaf69dee0fd77570bfd07f8e436386a,0xaf9f549774ecedbd0966c52f250acc548d3f36e5,RFuel,RFuel,0xc41e79dd7ef4291362a8ee2f530f5535661abcf03275a83fae3f7c23d19f0c99_RFuel,1660668191,1660668191,1,7.069432247339682e+22,70694.32247339684,49.52844192769286,16.279070,16.279070,0.800000,bridge_deposit_flow
ETH,Poly,eth_flow_0xc41e79dd7ef4__r7fam15__inst01__synth_unmatched_src,0xc41e79dd7ef4291362a8ee2f530f5535661abcf03275a83fae3f7c23d19f0c99,0x81910675dbaf69dee0fd77570bfd07f8e436386a|0x8594d8e9483473626908648a5539d9d65ca2fe8d|0xaf9f549774ecedbd0966c52f250acc548d3f36e5,0x81910675dbaf69dee0fd77570bfd07f8e436386a,0xaf9f549774ecedbd0966c52f250acc548d3f36e5,RFuel,RFuel,0xc41e79dd7ef4291362a8ee2f530f5535661abcf03275a83fae3f7c23d19f0c99_RFuel,1660668191,1660668191,1,1.4138864494679365e+23,141388.64494679368,99.05688385538572,16.279070,16.279070,0.800000,bridge_deposit_flow
ETH,Poly,eth_flow_0xc41e79dd7ef4__r7fam15__inst01__synth_noise_src_0,0xc41e79dd7ef4291362a8ee2f530f5535661abcf03275a83fae3f7c23d19f0c99,0x81910675dbaf69dee0fd77570bfd07f8e436386a|0x8594d8e9483473626908648a5539d9d65ca2fe8d|0xaf9f549774ecedbd0966c52f250acc548d3f36e5,0x81910675dbaf69dee0fd77570bfd07f8e436386a,0xaf9f549774ecedbd0966c52f250acc548d3f36e5,RFuel,RFuel,0xc41e79dd7ef4291362a8ee2f530f5535661abcf03275a83fae3f7c23d19f0c99_RFuel,1660668191,1660668191,1,1.4138864494679365e+23,141388.64494679368,99.05688385538572,16.279070,16.279070,0.800000,bridge_deposit_flow
ETH,Poly,eth_flow_0xc41e79dd7ef4__r7fam15__inst01__synth_noise_src_1,0xc41e79dd7ef4291362a8ee2f530f5535661abcf03275a83fae3f7c23d19f0c99,0x81910675dbaf69dee0fd77570bfd07f8e436386a|0x8594d8e9483473626908648a5539d9d65ca2fe8d|0xaf9f549774ecedbd0966c52f250acc548d3f36e5,0x81910675dbaf69dee0fd77570bfd07f8e436386a,0xaf9f549774ecedbd0966c52f250acc548d3f36e5,RFuel,RFuel,0xc41e79dd7ef4291362a8ee2f530f5535661abcf03275a83fae3f7c23d19f0c99_RFuel,1660668191,1660668191,1,1.4138864494679365e+23,141388.64494679368,99.05688385538572,16.279070,16.279070,0.800000,bridge_deposit_flow
ETH,Poly,eth_flow_0x0501b12fbd70__r7fam16__inst00__synth_split_src,0x0501b12fbd70054c9a34cb1484c035b8daee05e87abb7ddafd942f66644222d6,0x65a8f07bd9a8598e1b5b6c0a88f4779dbc077675|0x81910675dbaf69dee0fd77570bfd07f8e436386a|0xaf9f549774ecedbd0966c52f250acc548d3f36e5,0x81910675dbaf69dee0fd77570bfd07f8e436386a,0xaf9f549774ecedbd0966c52f250acc548d3f36e5,RFuel,RFuel,0x0501b12fbd70054c9a34cb1484c035b8daee05e87abb7ddafd942f66644222d6_RFuel,1667991155,1667991155,1,1.3470190456610544e+23,134701.90456610546,94.37215358224246,16.279070,16.279070,0.775000,bridge_deposit_flow
ETH,Poly,eth_flow_0x0501b12fbd70__r7fam16__inst00__synth_merge_src1,0x0501b12fbd70054c9a34cb1484c035b8daee05e87abb7ddafd942f66644222d6,0x65a8f07bd9a8598e1b5b6c0a88f4779dbc077675|0x81910675dbaf69dee0fd77570bfd07f8e436386a|0xaf9f549774ecedbd0966c52f250acc548d3f36e5,0x81910675dbaf69dee0fd77570bfd07f8e436386a,0xaf9f549774ecedbd0966c52f250acc548d3f36e5,RFuel,RFuel,0x0501b12fbd70054c9a34cb1484c035b8daee05e87abb7ddafd942f66644222d6_RFuel,1667991155,1667991155,1,6.735095228305272e+22,67350.95228305273,47.18607679112123,16.279070,16.279070,0.775000,bridge_deposit_flow
ETH,Poly,eth_flow_0x0501b12fbd70__r7fam16__inst00__synth_merge_src2,0x0501b12fbd70054c9a34cb1484c035b8daee05e87abb7ddafd942f66644222d6,0x65a8f07bd9a8598e1b5b6c0a88f4779dbc077675|0x81910675dbaf69dee0fd77570bfd07f8e436386a|0xaf9f549774ecedbd0966c52f250acc548d3f36e5,0x81910675dbaf69dee0fd77570bfd07f8e436386a,0xaf9f549774ecedbd0966c52f250acc548d3f36e5,RFuel,RFuel,0x0501b12fbd70054c9a34cb1484c035b8daee05e87abb7ddafd942f66644222d6_RFuel,1667991155,1667991155,1,6.735095228305272e+22,67350.95228305273,47.18607679112123,16.279070,16.279070,0.775000,bridge_deposit_flow
ETH,Poly,eth_flow_0x0501b12fbd70__r7fam16__inst00__synth_unmatched_src,0x0501b12fbd70054c9a34cb1484c035b8daee05e87abb7ddafd942f66644222d6,0x65a8f07bd9a8598e1b5b6c0a88f4779dbc077675|0x81910675dbaf69dee0fd77570bfd07f8e436386a|0xaf9f549774ecedbd0966c52f250acc548d3f36e5,0x81910675dbaf69dee0fd77570bfd07f8e436386a,0xaf9f549774ecedbd0966c52f250acc548d3f36e5,RFuel,RFuel,0x0501b12fbd70054c9a34cb1484c035b8daee05e87abb7ddafd942f66644222d6_RFuel,1667991155,1667991155,1,1.3470190456610544e+23,134701.90456610546,94.37215358224246,16.279070,16.279070,0.775000,bridge_deposit_flow
ETH,Poly,eth_flow_0x0501b12fbd70__r7fam16__inst00__synth_noise_src_0,0x0501b12fbd70054c9a34cb1484c035b8daee05e87abb7ddafd942f66644222d6,0x65a8f07bd9a8598e1b5b6c0a88f4779dbc077675|0x81910675dbaf69dee0fd77570bfd07f8e436386a|0xaf9f549774ecedbd0966c52f250acc548d3f36e5,0x81910675dbaf69dee0fd77570bfd07f8e436386a,0xaf9f549774ecedbd0966c52f250acc548d3f36e5,RFuel,RFuel,0x0501b12fbd70054c9a34cb1484c035b8daee05e87abb7ddafd942f66644222d6_RFuel,1667991155,1667991155,1,1.3470190456610544e+23,134701.90456610546,94.37215358224246,16.279070,16.279070,0.775000,bridge_deposit_flow
ETH,Poly,eth_flow_0x0501b12fbd70__r7fam16__inst00__synth_noise_src_1,0x0501b12fbd70054c9a34cb1484c035b8daee05e87abb7ddafd942f66644222d6,0x65a8f07bd9a8598e1b5b6c0a88f4779dbc077675|0x81910675dbaf69dee0fd77570bfd07f8e436386a|0xaf9f549774ecedbd0966c52f250acc548d3f36e5,0x81910675dbaf69dee0fd77570bfd07f8e436386a,0xaf9f549774ecedbd0966c52f250acc548d3f36e5,RFuel,RFuel,0x0501b12fbd70054c9a34cb1484c035b8daee05e87abb7ddafd942f66644222d6_RFuel,1667991155,1667991155,1,1.3470190456610544e+23,134701.90456610546,94.37215358224246,16.279070,16.279070,0.775000,bridge_deposit_flow
ETH,Poly,eth_flow_0xc7ae1158fb48__r7fam16__inst01__synth_split_src,0xc7ae1158fb48361ffa64f1d2938736353ab47a84017111bc220a5046c10405fb,0x001a8ffcb0f03e99141652ebcdecdb0384e3bd6c|0x81910675dbaf69dee0fd77570bfd07f8e436386a|0xebfd0ddd4dbce71447294335779757dc0c964a6f,0x81910675dbaf69dee0fd77570bfd07f8e436386a,0x001a8ffcb0f03e99141652ebcdecdb0384e3bd6c,PKR,PKR,0xc7ae1158fb48361ffa64f1d2938736353ab47a84017111bc220a5046c10405fb_PKR,1668962459,1668962459,1,8.333333e+24,8333333.0,183.23615889208472,16.279070,16.279070,0.775000,bridge_deposit_flow
ETH,Poly,eth_flow_0xc7ae1158fb48__r7fam16__inst01__synth_merge_src1,0xc7ae1158fb48361ffa64f1d2938736353ab47a84017111bc220a5046c10405fb,0x001a8ffcb0f03e99141652ebcdecdb0384e3bd6c|0x81910675dbaf69dee0fd77570bfd07f8e436386a|0xebfd0ddd4dbce71447294335779757dc0c964a6f,0x81910675dbaf69dee0fd77570bfd07f8e436386a,0x001a8ffcb0f03e99141652ebcdecdb0384e3bd6c,PKR,PKR,0xc7ae1158fb48361ffa64f1d2938736353ab47a84017111bc220a5046c10405fb_PKR,1668962459,1668962459,1,4.1666665e+24,4166666.5,91.61807944604236,16.279070,16.279070,0.775000,bridge_deposit_flow
ETH,Poly,eth_flow_0xc7ae1158fb48__r7fam16__inst01__synth_merge_src2,0xc7ae1158fb48361ffa64f1d2938736353ab47a84017111bc220a5046c10405fb,0x001a8ffcb0f03e99141652ebcdecdb0384e3bd6c|0x81910675dbaf69dee0fd77570bfd07f8e436386a|0xebfd0ddd4dbce71447294335779757dc0c964a6f,0x81910675dbaf69dee0fd77570bfd07f8e436386a,0x001a8ffcb0f03e99141652ebcdecdb0384e3bd6c,PKR,PKR,0xc7ae1158fb48361ffa64f1d2938736353ab47a84017111bc220a5046c10405fb_PKR,1668962459,1668962459,1,4.1666665e+24,4166666.5,91.61807944604236,16.279070,16.279070,0.775000,bridge_deposit_flow
ETH,Poly,eth_flow_0xc7ae1158fb48__r7fam16__inst01__synth_unmatched_src,0xc7ae1158fb48361ffa64f1d2938736353ab47a84017111bc220a5046c10405fb,0x001a8ffcb0f03e99141652ebcdecdb0384e3bd6c|0x81910675dbaf69dee0fd77570bfd07f8e436386a|0xebfd0ddd4dbce71447294335779757dc0c964a6f,0x81910675dbaf69dee0fd77570bfd07f8e436386a,0x001a8ffcb0f03e99141652ebcdecdb0384e3bd6c,PKR,PKR,0xc7ae1158fb48361ffa64f1d2938736353ab47a84017111bc220a5046c10405fb_PKR,1668962459,1668962459,1,8.333333e+24,8333333.0,183.23615889208472,16.279070,16.279070,0.775000,bridge_deposit_flow
ETH,Poly,eth_flow_0xc7ae1158fb48__r7fam16__inst01__synth_noise_src_0,0xc7ae1158fb48361ffa64f1d2938736353ab47a84017111bc220a5046c10405fb,0x001a8ffcb0f03e99141652ebcdecdb0384e3bd6c|0x81910675dbaf69dee0fd77570bfd07f8e436386a|0xebfd0ddd4dbce71447294335779757dc0c964a6f,0x81910675dbaf69dee0fd77570bfd07f8e436386a,0x001a8ffcb0f03e99141652ebcdecdb0384e3bd6c,PKR,PKR,0xc7ae1158fb48361ffa64f1d2938736353ab47a84017111bc220a5046c10405fb_PKR,1668962459,1668962459,1,8.333333e+24,8333333.0,183.23615889208472,16.279070,16.279070,0.775000,bridge_deposit_flow
ETH,Poly,eth_flow_0xc7ae1158fb48__r7fam16__inst01__synth_noise_src_1,0xc7ae1158fb48361ffa64f1d2938736353ab47a84017111bc220a5046c10405fb,0x001a8ffcb0f03e99141652ebcdecdb0384e3bd6c|0x81910675dbaf69dee0fd77570bfd07f8e436386a|0xebfd0ddd4dbce71447294335779757dc0c964a6f,0x81910675dbaf69dee0fd77570bfd07f8e436386a,0x001a8ffcb0f03e99141652ebcdecdb0384e3bd6c,PKR,PKR,0xc7ae1158fb48361ffa64f1d2938736353ab47a84017111bc220a5046c10405fb_PKR,1668962459,1668962459,1,8.333333e+24,8333333.0,183.23615889208472,16.279070,16.279070,0.775000,bridge_deposit_flow
ETH,Poly,eth_flow_0xebc0fda576da__r7fam17__inst00__synth_split_src,0xebc0fda576da032a6b445f0df22a82d2a2f28dd7b8b6796020f20e7be12676c8,0x7cb5648450bee34bd2d5977c0f3dbac0def2ebf9|0x81910675dbaf69dee0fd77570bfd07f8e436386a|0xaf9f549774ecedbd0966c52f250acc548d3f36e5,0x81910675dbaf69dee0fd77570bfd07f8e436386a,0xaf9f549774ecedbd0966c52f250acc548d3f36e5,RFuel,RFuel,0xebc0fda576da032a6b445f0df22a82d2a2f28dd7b8b6796020f20e7be12676c8_RFuel,1667212247,1667212247,1,1.217140602e+23,121714.0602,85.2728698923162,16.279070,16.279070,0.775000,bridge_deposit_flow
ETH,Poly,eth_flow_0xebc0fda576da__r7fam17__inst00__synth_merge_src1,0xebc0fda576da032a6b445f0df22a82d2a2f28dd7b8b6796020f20e7be12676c8,0x7cb5648450bee34bd2d5977c0f3dbac0def2ebf9|0x81910675dbaf69dee0fd77570bfd07f8e436386a|0xaf9f549774ecedbd0966c52f250acc548d3f36e5,0x81910675dbaf69dee0fd77570bfd07f8e436386a,0xaf9f549774ecedbd0966c52f250acc548d3f36e5,RFuel,RFuel,0xebc0fda576da032a6b445f0df22a82d2a2f28dd7b8b6796020f20e7be12676c8_RFuel,1667212247,1667212247,1,6.08570301e+22,60857.0301,42.6364349461581,16.279070,16.279070,0.775000,bridge_deposit_flow
ETH,Poly,eth_flow_0xebc0fda576da__r7fam17__inst00__synth_merge_src2,0xebc0fda576da032a6b445f0df22a82d2a2f28dd7b8b6796020f20e7be12676c8,0x7cb5648450bee34bd2d5977c0f3dbac0def2ebf9|0x81910675dbaf69dee0fd77570bfd07f8e436386a|0xaf9f549774ecedbd0966c52f250acc548d3f36e5,0x81910675dbaf69dee0fd77570bfd07f8e436386a,0xaf9f549774ecedbd0966c52f250acc548d3f36e5,RFuel,RFuel,0xebc0fda576da032a6b445f0df22a82d2a2f28dd7b8b6796020f20e7be12676c8_RFuel,1667212247,1667212247,1,6.08570301e+22,60857.0301,42.6364349461581,16.279070,16.279070,0.775000,bridge_deposit_flow
ETH,Poly,eth_flow_0xebc0fda576da__r7fam17__inst00__synth_unmatched_src,0xebc0fda576da032a6b445f0df22a82d2a2f28dd7b8b6796020f20e7be12676c8,0x7cb5648450bee34bd2d5977c0f3dbac0def2ebf9|0x81910675dbaf69dee0fd77570bfd07f8e436386a|0xaf9f549774ecedbd0966c52f250acc548d3f36e5,0x81910675dbaf69dee0fd77570bfd07f8e436386a,0xaf9f549774ecedbd0966c52f250acc548d3f36e5,RFuel,RFuel,0xebc0fda576da032a6b445f0df22a82d2a2f28dd7b8b6796020f20e7be12676c8_RFuel,1667212247,1667212247,1,1.217140602e+23,121714.0602,85.2728698923162,16.279070,16.279070,0.775000,bridge_deposit_flow
ETH,Poly,eth_flow_0xebc0fda576da__r7fam17__inst00__synth_noise_src_0,0xebc0fda576da032a6b445f0df22a82d2a2f28dd7b8b6796020f20e7be12676c8,0x7cb5648450bee34bd2d5977c0f3dbac0def2ebf9|0x81910675dbaf69dee0fd77570bfd07f8e436386a|0xaf9f549774ecedbd0966c52f250acc548d3f36e5,0x81910675dbaf69dee0fd77570bfd07f8e436386a,0xaf9f549774ecedbd0966c52f250acc548d3f36e5,RFuel,RFuel,0xebc0fda576da032a6b445f0df22a82d2a2f28dd7b8b6796020f20e7be12676c8_RFuel,1667212247,1667212247,1,1.217140602e+23,121714.0602,85.2728698923162,16.279070,16.279070,0.775000,bridge_deposit_flow
ETH,Poly,eth_flow_0xebc0fda576da__r7fam17__inst00__synth_noise_src_1,0xebc0fda576da032a6b445f0df22a82d2a2f28dd7b8b6796020f20e7be12676c8,0x7cb5648450bee34bd2d5977c0f3dbac0def2ebf9|0x81910675dbaf69dee0fd77570bfd07f8e436386a|0xaf9f549774ecedbd0966c52f250acc548d3f36e5,0x81910675dbaf69dee0fd77570bfd07f8e436386a,0xaf9f549774ecedbd0966c52f250acc548d3f36e5,RFuel,RFuel,0xebc0fda576da032a6b445f0df22a82d2a2f28dd7b8b6796020f20e7be12676c8_RFuel,1667212247,1667212247,1,1.217140602e+23,121714.0602,85.2728698923162,16.279070,16.279070,0.775000,bridge_deposit_flow
ETH,Poly,eth_flow_0x8d65e6acc669__r7fam17__inst01__synth_split_src,0x8d65e6acc669e5138d693142f5f7bed15ed2e684485b35238adc4266fcbf4410,0x12bb890508c125661e03b09ec06e404bc9289040|0x81910675dbaf69dee0fd77570bfd07f8e436386a|0xd54e4f8a55247487dd7c8c59f14ee5c0c2889477,0x81910675dbaf69dee0fd77570bfd07f8e436386a,0x12bb890508c125661e03b09ec06e404bc9289040,RACA,RACA,0x8d65e6acc669e5138d693142f5f7bed15ed2e684485b35238adc4266fcbf4410_RACA,1672531151,1672531151,1,1.8297947345014676e+25,18297947.34501468,256.7107696910383,16.279070,16.279070,0.775000,bridge_deposit_flow
ETH,Poly,eth_flow_0x8d65e6acc669__r7fam17__inst01__synth_merge_src1,0x8d65e6acc669e5138d693142f5f7bed15ed2e684485b35238adc4266fcbf4410,0x12bb890508c125661e03b09ec06e404bc9289040|0x81910675dbaf69dee0fd77570bfd07f8e436386a|0xd54e4f8a55247487dd7c8c59f14ee5c0c2889477,0x81910675dbaf69dee0fd77570bfd07f8e436386a,0x12bb890508c125661e03b09ec06e404bc9289040,RACA,RACA,0x8d65e6acc669e5138d693142f5f7bed15ed2e684485b35238adc4266fcbf4410_RACA,1672531151,1672531151,1,9.148973672507338e+24,9148973.67250734,128.35538484551915,16.279070,16.279070,0.775000,bridge_deposit_flow
ETH,Poly,eth_flow_0x8d65e6acc669__r7fam17__inst01__synth_merge_src2,0x8d65e6acc669e5138d693142f5f7bed15ed2e684485b35238adc4266fcbf4410,0x12bb890508c125661e03b09ec06e404bc9289040|0x81910675dbaf69dee0fd77570bfd07f8e436386a|0xd54e4f8a55247487dd7c8c59f14ee5c0c2889477,0x81910675dbaf69dee0fd77570bfd07f8e436386a,0x12bb890508c125661e03b09ec06e404bc9289040,RACA,RACA,0x8d65e6acc669e5138d693142f5f7bed15ed2e684485b35238adc4266fcbf4410_RACA,1672531151,1672531151,1,9.148973672507338e+24,9148973.67250734,128.35538484551915,16.279070,16.279070,0.775000,bridge_deposit_flow
ETH,Poly,eth_flow_0x8d65e6acc669__r7fam17__inst01__synth_unmatched_src,0x8d65e6acc669e5138d693142f5f7bed15ed2e684485b35238adc4266fcbf4410,0x12bb890508c125661e03b09ec06e404bc9289040|0x81910675dbaf69dee0fd77570bfd07f8e436386a|0xd54e4f8a55247487dd7c8c59f14ee5c0c2889477,0x81910675dbaf69dee0fd77570bfd07f8e436386a,0x12bb890508c125661e03b09ec06e404bc9289040,RACA,RACA,0x8d65e6acc669e5138d693142f5f7bed15ed2e684485b35238adc4266fcbf4410_RACA,1672531151,1672531151,1,1.8297947345014676e+25,18297947.34501468,256.7107696910383,16.279070,16.279070,0.775000,bridge_deposit_flow
ETH,Poly,eth_flow_0x8d65e6acc669__r7fam17__inst01__synth_noise_src_0,0x8d65e6acc669e5138d693142f5f7bed15ed2e684485b35238adc4266fcbf4410,0x12bb890508c125661e03b09ec06e404bc9289040|0x81910675dbaf69dee0fd77570bfd07f8e436386a|0xd54e4f8a55247487dd7c8c59f14ee5c0c2889477,0x81910675dbaf69dee0fd77570bfd07f8e436386a,0x12bb890508c125661e03b09ec06e404bc9289040,RACA,RACA,0x8d65e6acc669e5138d693142f5f7bed15ed2e684485b35238adc4266fcbf4410_RACA,1672531151,1672531151,1,1.8297947345014676e+25,18297947.34501468,256.7107696910383,16.279070,16.279070,0.775000,bridge_deposit_flow
ETH,Poly,eth_flow_0x8d65e6acc669__r7fam17__inst01__synth_noise_src_1,0x8d65e6acc669e5138d693142f5f7bed15ed2e684485b35238adc4266fcbf4410,0x12bb890508c125661e03b09ec06e404bc9289040|0x81910675dbaf69dee0fd77570bfd07f8e436386a|0xd54e4f8a55247487dd7c8c59f14ee5c0c2889477,0x81910675dbaf69dee0fd77570bfd07f8e436386a,0x12bb890508c125661e03b09ec06e404bc9289040,RACA,RACA,0x8d65e6acc669e5138d693142f5f7bed15ed2e684485b35238adc4266fcbf4410_RACA,1672531151,1672531151,1,1.8297947345014676e+25,18297947.34501468,256.7107696910383,16.279070,16.279070,0.775000,bridge_deposit_flow
ETH,Poly,eth_flow_0x07d74fb67509__r7fam18__inst00__synth_split_src,0x07d74fb67509d291308259e1d85ea6aa0757a30171000879eb5c26732a28b4a3,0x65a8f07bd9a8598e1b5b6c0a88f4779dbc077675|0x81910675dbaf69dee0fd77570bfd07f8e436386a|0x9e32b13ce7f2e80a01932b42553652e053d6ed8e,0x81910675dbaf69dee0fd77570bfd07f8e436386a,0x9e32b13ce7f2e80a01932b42553652e053d6ed8e,Metis,Metis,0x07d74fb67509d291308259e1d85ea6aa0757a30171000879eb5c26732a28b4a3_Metis,1643374621,1643374621,1,1.400485100129576e+20,140.0485100129576,380.8373498029459,16.279070,16.279070,0.800000,bridge_deposit_flow
ETH,Poly,eth_flow_0x07d74fb67509__r7fam18__inst00__synth_merge_src1,0x07d74fb67509d291308259e1d85ea6aa0757a30171000879eb5c26732a28b4a3,0x65a8f07bd9a8598e1b5b6c0a88f4779dbc077675|0x81910675dbaf69dee0fd77570bfd07f8e436386a|0x9e32b13ce7f2e80a01932b42553652e053d6ed8e,0x81910675dbaf69dee0fd77570bfd07f8e436386a,0x9e32b13ce7f2e80a01932b42553652e053d6ed8e,Metis,Metis,0x07d74fb67509d291308259e1d85ea6aa0757a30171000879eb5c26732a28b4a3_Metis,1643374621,1643374621,1,7.00242550064788e+19,70.0242550064788,190.41867490147294,16.279070,16.279070,0.800000,bridge_deposit_flow
ETH,Poly,eth_flow_0x07d74fb67509__r7fam18__inst00__synth_merge_src2,0x07d74fb67509d291308259e1d85ea6aa0757a30171000879eb5c26732a28b4a3,0x65a8f07bd9a8598e1b5b6c0a88f4779dbc077675|0x81910675dbaf69dee0fd77570bfd07f8e436386a|0x9e32b13ce7f2e80a01932b42553652e053d6ed8e,0x81910675dbaf69dee0fd77570bfd07f8e436386a,0x9e32b13ce7f2e80a01932b42553652e053d6ed8e,Metis,Metis,0x07d74fb67509d291308259e1d85ea6aa0757a30171000879eb5c26732a28b4a3_Metis,1643374621,1643374621,1,7.00242550064788e+19,70.0242550064788,190.41867490147294,16.279070,16.279070,0.800000,bridge_deposit_flow
ETH,Poly,eth_flow_0x07d74fb67509__r7fam18__inst00__synth_unmatched_src,0x07d74fb67509d291308259e1d85ea6aa0757a30171000879eb5c26732a28b4a3,0x65a8f07bd9a8598e1b5b6c0a88f4779dbc077675|0x81910675dbaf69dee0fd77570bfd07f8e436386a|0x9e32b13ce7f2e80a01932b42553652e053d6ed8e,0x81910675dbaf69dee0fd77570bfd07f8e436386a,0x9e32b13ce7f2e80a01932b42553652e053d6ed8e,Metis,Metis,0x07d74fb67509d291308259e1d85ea6aa0757a30171000879eb5c26732a28b4a3_Metis,1643374621,1643374621,1,1.400485100129576e+20,140.0485100129576,380.8373498029459,16.279070,16.279070,0.800000,bridge_deposit_flow
ETH,Poly,eth_flow_0x07d74fb67509__r7fam18__inst00__synth_noise_src_0,0x07d74fb67509d291308259e1d85ea6aa0757a30171000879eb5c26732a28b4a3,0x65a8f07bd9a8598e1b5b6c0a88f4779dbc077675|0x81910675dbaf69dee0fd77570bfd07f8e436386a|0x9e32b13ce7f2e80a01932b42553652e053d6ed8e,0x81910675dbaf69dee0fd77570bfd07f8e436386a,0x9e32b13ce7f2e80a01932b42553652e053d6ed8e,Metis,Metis,0x07d74fb67509d291308259e1d85ea6aa0757a30171000879eb5c26732a28b4a3_Metis,1643374621,1643374621,1,1.400485100129576e+20,140.0485100129576,380.8373498029459,16.279070,16.279070,0.800000,bridge_deposit_flow
ETH,Poly,eth_flow_0x07d74fb67509__r7fam18__inst00__synth_noise_src_1,0x07d74fb67509d291308259e1d85ea6aa0757a30171000879eb5c26732a28b4a3,0x65a8f07bd9a8598e1b5b6c0a88f4779dbc077675|0x81910675dbaf69dee0fd77570bfd07f8e436386a|0x9e32b13ce7f2e80a01932b42553652e053d6ed8e,0x81910675dbaf69dee0fd77570bfd07f8e436386a,0x9e32b13ce7f2e80a01932b42553652e053d6ed8e,Metis,Metis,0x07d74fb67509d291308259e1d85ea6aa0757a30171000879eb5c26732a28b4a3_Metis,1643374621,1643374621,1,1.400485100129576e+20,140.0485100129576,380.8373498029459,16.279070,16.279070,0.800000,bridge_deposit_flow
ETH,Poly,eth_flow_0xb8f6a9db096e__r7fam18__inst01__synth_split_src,0xb8f6a9db096e0ce96470fe55bae1de45ebe1e493aaa624dc8936d6303b9abb27,0x767f37545fdbee923e9d6ff7ca1cc73d6d11fc27|0x81910675dbaf69dee0fd77570bfd07f8e436386a|0x9e32b13ce7f2e80a01932b42553652e053d6ed8e,0x81910675dbaf69dee0fd77570bfd07f8e436386a,0x9e32b13ce7f2e80a01932b42553652e053d6ed8e,Metis,Metis,0xb8f6a9db096e0ce96470fe55bae1de45ebe1e493aaa624dc8936d6303b9abb27_Metis,1659130538,1659130538,1,3e+20,300.0,815.7973614307856,16.279070,16.279070,0.800000,bridge_deposit_flow
ETH,Poly,eth_flow_0xb8f6a9db096e__r7fam18__inst01__synth_merge_src1,0xb8f6a9db096e0ce96470fe55bae1de45ebe1e493aaa624dc8936d6303b9abb27,0x767f37545fdbee923e9d6ff7ca1cc73d6d11fc27|0x81910675dbaf69dee0fd77570bfd07f8e436386a|0x9e32b13ce7f2e80a01932b42553652e053d6ed8e,0x81910675dbaf69dee0fd77570bfd07f8e436386a,0x9e32b13ce7f2e80a01932b42553652e053d6ed8e,Metis,Metis,0xb8f6a9db096e0ce96470fe55bae1de45ebe1e493aaa624dc8936d6303b9abb27_Metis,1659130538,1659130538,1,1.5e+20,150.0,407.8986807153928,16.279070,16.279070,0.800000,bridge_deposit_flow
ETH,Poly,eth_flow_0xb8f6a9db096e__r7fam18__inst01__synth_merge_src2,0xb8f6a9db096e0ce96470fe55bae1de45ebe1e493aaa624dc8936d6303b9abb27,0x767f37545fdbee923e9d6ff7ca1cc73d6d11fc27|0x81910675dbaf69dee0fd77570bfd07f8e436386a|0x9e32b13ce7f2e80a01932b42553652e053d6ed8e,0x81910675dbaf69dee0fd77570bfd07f8e436386a,0x9e32b13ce7f2e80a01932b42553652e053d6ed8e,Metis,Metis,0xb8f6a9db096e0ce96470fe55bae1de45ebe1e493aaa624dc8936d6303b9abb27_Metis,1659130538,1659130538,1,1.5e+20,150.0,407.8986807153928,16.279070,16.279070,0.800000,bridge_deposit_flow
ETH,Poly,eth_flow_0xb8f6a9db096e__r7fam18__inst01__synth_unmatched_src,0xb8f6a9db096e0ce96470fe55bae1de45ebe1e493aaa624dc8936d6303b9abb27,0x767f37545fdbee923e9d6ff7ca1cc73d6d11fc27|0x81910675dbaf69dee0fd77570bfd07f8e436386a|0x9e32b13ce7f2e80a01932b42553652e053d6ed8e,0x81910675dbaf69dee0fd77570bfd07f8e436386a,0x9e32b13ce7f2e80a01932b42553652e053d6ed8e,Metis,Metis,0xb8f6a9db096e0ce96470fe55bae1de45ebe1e493aaa624dc8936d6303b9abb27_Metis,1659130538,1659130538,1,3e+20,300.0,815.7973614307856,16.279070,16.279070,0.800000,bridge_deposit_flow
ETH,Poly,eth_flow_0xb8f6a9db096e__r7fam18__inst01__synth_noise_src_0,0xb8f6a9db096e0ce96470fe55bae1de45ebe1e493aaa624dc8936d6303b9abb27,0x767f37545fdbee923e9d6ff7ca1cc73d6d11fc27|0x81910675dbaf69dee0fd77570bfd07f8e436386a|0x9e32b13ce7f2e80a01932b42553652e053d6ed8e,0x81910675dbaf69dee0fd77570bfd07f8e436386a,0x9e32b13ce7f2e80a01932b42553652e053d6ed8e,Metis,Metis,0xb8f6a9db096e0ce96470fe55bae1de45ebe1e493aaa624dc8936d6303b9abb27_Metis,1659130538,1659130538,1,3e+20,300.0,815.7973614307856,16.279070,16.279070,0.800000,bridge_deposit_flow
ETH,Poly,eth_flow_0xb8f6a9db096e__r7fam18__inst01__synth_noise_src_1,0xb8f6a9db096e0ce96470fe55bae1de45ebe1e493aaa624dc8936d6303b9abb27,0x767f37545fdbee923e9d6ff7ca1cc73d6d11fc27|0x81910675dbaf69dee0fd77570bfd07f8e436386a|0x9e32b13ce7f2e80a01932b42553652e053d6ed8e,0x81910675dbaf69dee0fd77570bfd07f8e436386a,0x9e32b13ce7f2e80a01932b42553652e053d6ed8e,Metis,Metis,0xb8f6a9db096e0ce96470fe55bae1de45ebe1e493aaa624dc8936d6303b9abb27_Metis,1659130538,1659130538,1,3e+20,300.0,815.7973614307856,16.279070,16.279070,0.800000,bridge_deposit_flow
ETH,Poly,eth_flow_0xc332fb2a7dc0__r7fam19__inst00__synth_split_src,0xc332fb2a7dc030fbadf91ed2991fc982afa4b639e5d6210f1b1efd611e631bbe,0x81910675dbaf69dee0fd77570bfd07f8e436386a|0x9e32b13ce7f2e80a01932b42553652e053d6ed8e|0xf2ce52e3d0eb5d237341c9a75ca24647d87d7e55,0x81910675dbaf69dee0fd77570bfd07f8e436386a,0x9e32b13ce7f2e80a01932b42553652e053d6ed8e,Metis,Metis,0xc332fb2a7dc030fbadf91ed2991fc982afa4b639e5d6210f1b1efd611e631bbe_Metis,1662457561,1662457561,1,1.4456158075286847e+20,144.56158075286848,393.1098538081785,16.279070,16.279070,0.775000,bridge_deposit_flow
ETH,Poly,eth_flow_0xc332fb2a7dc0__r7fam19__inst00__synth_merge_src1,0xc332fb2a7dc030fbadf91ed2991fc982afa4b639e5d6210f1b1efd611e631bbe,0x81910675dbaf69dee0fd77570bfd07f8e436386a|0x9e32b13ce7f2e80a01932b42553652e053d6ed8e|0xf2ce52e3d0eb5d237341c9a75ca24647d87d7e55,0x81910675dbaf69dee0fd77570bfd07f8e436386a,0x9e32b13ce7f2e80a01932b42553652e053d6ed8e,Metis,Metis,0xc332fb2a7dc030fbadf91ed2991fc982afa4b639e5d6210f1b1efd611e631bbe_Metis,1662457561,1662457561,1,7.228079037643424e+19,72.28079037643424,196.55492690408926,16.279070,16.279070,0.775000,bridge_deposit_flow
ETH,Poly,eth_flow_0xc332fb2a7dc0__r7fam19__inst00__synth_merge_src2,0xc332fb2a7dc030fbadf91ed2991fc982afa4b639e5d6210f1b1efd611e631bbe,0x81910675dbaf69dee0fd77570bfd07f8e436386a|0x9e32b13ce7f2e80a01932b42553652e053d6ed8e|0xf2ce52e3d0eb5d237341c9a75ca24647d87d7e55,0x81910675dbaf69dee0fd77570bfd07f8e436386a,0x9e32b13ce7f2e80a01932b42553652e053d6ed8e,Metis,Metis,0xc332fb2a7dc030fbadf91ed2991fc982afa4b639e5d6210f1b1efd611e631bbe_Metis,1662457561,1662457561,1,7.228079037643424e+19,72.28079037643424,196.55492690408926,16.279070,16.279070,0.775000,bridge_deposit_flow
ETH,Poly,eth_flow_0xc332fb2a7dc0__r7fam19__inst00__synth_unmatched_src,0xc332fb2a7dc030fbadf91ed2991fc982afa4b639e5d6210f1b1efd611e631bbe,0x81910675dbaf69dee0fd77570bfd07f8e436386a|0x9e32b13ce7f2e80a01932b42553652e053d6ed8e|0xf2ce52e3d0eb5d237341c9a75ca24647d87d7e55,0x81910675dbaf69dee0fd77570bfd07f8e436386a,0x9e32b13ce7f2e80a01932b42553652e053d6ed8e,Metis,Metis,0xc332fb2a7dc030fbadf91ed2991fc982afa4b639e5d6210f1b1efd611e631bbe_Metis,1662457561,1662457561,1,1.4456158075286847e+20,144.56158075286848,393.1098538081785,16.279070,16.279070,0.775000,bridge_deposit_flow
ETH,Poly,eth_flow_0xc332fb2a7dc0__r7fam19__inst00__synth_noise_src_0,0xc332fb2a7dc030fbadf91ed2991fc982afa4b639e5d6210f1b1efd611e631bbe,0x81910675dbaf69dee0fd77570bfd07f8e436386a|0x9e32b13ce7f2e80a01932b42553652e053d6ed8e|0xf2ce52e3d0eb5d237341c9a75ca24647d87d7e55,0x81910675dbaf69dee0fd77570bfd07f8e436386a,0x9e32b13ce7f2e80a01932b42553652e053d6ed8e,Metis,Metis,0xc332fb2a7dc030fbadf91ed2991fc982afa4b639e5d6210f1b1efd611e631bbe_Metis,1662457561,1662457561,1,1.4456158075286847e+20,144.56158075286848,393.1098538081785,16.279070,16.279070,0.775000,bridge_deposit_flow
ETH,Poly,eth_flow_0xc332fb2a7dc0__r7fam19__inst00__synth_noise_src_1,0xc332fb2a7dc030fbadf91ed2991fc982afa4b639e5d6210f1b1efd611e631bbe,0x81910675dbaf69dee0fd77570bfd07f8e436386a|0x9e32b13ce7f2e80a01932b42553652e053d6ed8e|0xf2ce52e3d0eb5d237341c9a75ca24647d87d7e55,0x81910675dbaf69dee0fd77570bfd07f8e436386a,0x9e32b13ce7f2e80a01932b42553652e053d6ed8e,Metis,Metis,0xc332fb2a7dc030fbadf91ed2991fc982afa4b639e5d6210f1b1efd611e631bbe_Metis,1662457561,1662457561,1,1.4456158075286847e+20,144.56158075286848,393.1098538081785,16.279070,16.279070,0.775000,bridge_deposit_flow
ETH,Poly,eth_flow_0x7c5c6e1da41e__r7fam19__inst01__synth_split_src,0x7c5c6e1da41e094baa259f203844086558777f761b32fa0349562e352e7e364f,0x7a6a59588b8106045303e1923227a2cefbec2b66|0x81910675dbaf69dee0fd77570bfd07f8e436386a|0x9e32b13ce7f2e80a01932b42553652e053d6ed8e,0x81910675dbaf69dee0fd77570bfd07f8e436386a,0x9e32b13ce7f2e80a01932b42553652e053d6ed8e,Metis,Metis,0x7c5c6e1da41e094baa259f203844086558777f761b32fa0349562e352e7e364f_Metis,1652765390,1652765390,1,1.4064191345661264e+20,140.64191345661263,382.4510063482716,16.279070,16.279070,0.800000,bridge_deposit_flow
ETH,Poly,eth_flow_0x7c5c6e1da41e__r7fam19__inst01__synth_merge_src1,0x7c5c6e1da41e094baa259f203844086558777f761b32fa0349562e352e7e364f,0x7a6a59588b8106045303e1923227a2cefbec2b66|0x81910675dbaf69dee0fd77570bfd07f8e436386a|0x9e32b13ce7f2e80a01932b42553652e053d6ed8e,0x81910675dbaf69dee0fd77570bfd07f8e436386a,0x9e32b13ce7f2e80a01932b42553652e053d6ed8e,Metis,Metis,0x7c5c6e1da41e094baa259f203844086558777f761b32fa0349562e352e7e364f_Metis,1652765390,1652765390,1,7.032095672830632e+19,70.32095672830631,191.2255031741358,16.279070,16.279070,0.800000,bridge_deposit_flow
ETH,Poly,eth_flow_0x7c5c6e1da41e__r7fam19__inst01__synth_merge_src2,0x7c5c6e1da41e094baa259f203844086558777f761b32fa0349562e352e7e364f,0x7a6a59588b8106045303e1923227a2cefbec2b66|0x81910675dbaf69dee0fd77570bfd07f8e436386a|0x9e32b13ce7f2e80a01932b42553652e053d6ed8e,0x81910675dbaf69dee0fd77570bfd07f8e436386a,0x9e32b13ce7f2e80a01932b42553652e053d6ed8e,Metis,Metis,0x7c5c6e1da41e094baa259f203844086558777f761b32fa0349562e352e7e364f_Metis,1652765390,1652765390,1,7.032095672830632e+19,70.32095672830631,191.2255031741358,16.279070,16.279070,0.800000,bridge_deposit_flow
ETH,Poly,eth_flow_0x7c5c6e1da41e__r7fam19__inst01__synth_unmatched_src,0x7c5c6e1da41e094baa259f203844086558777f761b32fa0349562e352e7e364f,0x7a6a59588b8106045303e1923227a2cefbec2b66|0x81910675dbaf69dee0fd77570bfd07f8e436386a|0x9e32b13ce7f2e80a01932b42553652e053d6ed8e,0x81910675dbaf69dee0fd77570bfd07f8e436386a,0x9e32b13ce7f2e80a01932b42553652e053d6ed8e,Metis,Metis,0x7c5c6e1da41e094baa259f203844086558777f761b32fa0349562e352e7e364f_Metis,1652765390,1652765390,1,1.4064191345661264e+20,140.64191345661263,382.4510063482716,16.279070,16.279070,0.800000,bridge_deposit_flow
ETH,Poly,eth_flow_0x7c5c6e1da41e__r7fam19__inst01__synth_noise_src_0,0x7c5c6e1da41e094baa259f203844086558777f761b32fa0349562e352e7e364f,0x7a6a59588b8106045303e1923227a2cefbec2b66|0x81910675dbaf69dee0fd77570bfd07f8e436386a|0x9e32b13ce7f2e80a01932b42553652e053d6ed8e,0x81910675dbaf69dee0fd77570bfd07f8e436386a,0x9e32b13ce7f2e80a01932b42553652e053d6ed8e,Metis,Metis,0x7c5c6e1da41e094baa259f203844086558777f761b32fa0349562e352e7e364f_Metis,1652765390,1652765390,1,1.4064191345661264e+20,140.64191345661263,382.4510063482716,16.279070,16.279070,0.800000,bridge_deposit_flow
ETH,Poly,eth_flow_0x7c5c6e1da41e__r7fam19__inst01__synth_noise_src_1,0x7c5c6e1da41e094baa259f203844086558777f761b32fa0349562e352e7e364f,0x7a6a59588b8106045303e1923227a2cefbec2b66|0x81910675dbaf69dee0fd77570bfd07f8e436386a|0x9e32b13ce7f2e80a01932b42553652e053d6ed8e,0x81910675dbaf69dee0fd77570bfd07f8e436386a,0x9e32b13ce7f2e80a01932b42553652e053d6ed8e,Metis,Metis,0x7c5c6e1da41e094baa259f203844086558777f761b32fa0349562e352e7e364f_Metis,1652765390,1652765390,1,1.4064191345661264e+20,140.64191345661263,382.4510063482716,16.279070,16.279070,0.800000,bridge_deposit_flow
ETH,Poly,eth_flow_0x4fbd08d698fc__r7fam20__inst00__synth_split_src,0x4fbd08d698fc683412572f1a8853db2ac032b8ec697b1c0f4dbd7e8343fb6b3e,0x81910675dbaf69dee0fd77570bfd07f8e436386a|0x9e32b13ce7f2e80a01932b42553652e053d6ed8e|0xee6b88b799884c7a013a7a6bb6451a98cfe82bfc,0x81910675dbaf69dee0fd77570bfd07f8e436386a,0x9e32b13ce7f2e80a01932b42553652e053d6ed8e,Metis,Metis,0x4fbd08d698fc683412572f1a8853db2ac032b8ec697b1c0f4dbd7e8343fb6b3e_Metis,1644244376,1644244376,1,4e+20,400.0,1087.7298152410476,16.279070,16.279070,0.800000,bridge_deposit_flow
ETH,Poly,eth_flow_0x4fbd08d698fc__r7fam20__inst00__synth_merge_src1,0x4fbd08d698fc683412572f1a8853db2ac032b8ec697b1c0f4dbd7e8343fb6b3e,0x81910675dbaf69dee0fd77570bfd07f8e436386a|0x9e32b13ce7f2e80a01932b42553652e053d6ed8e|0xee6b88b799884c7a013a7a6bb6451a98cfe82bfc,0x81910675dbaf69dee0fd77570bfd07f8e436386a,0x9e32b13ce7f2e80a01932b42553652e053d6ed8e,Metis,Metis,0x4fbd08d698fc683412572f1a8853db2ac032b8ec697b1c0f4dbd7e8343fb6b3e_Metis,1644244376,1644244376,1,2e+20,200.0,543.8649076205238,16.279070,16.279070,0.800000,bridge_deposit_flow
ETH,Poly,eth_flow_0x4fbd08d698fc__r7fam20__inst00__synth_merge_src2,0x4fbd08d698fc683412572f1a8853db2ac032b8ec697b1c0f4dbd7e8343fb6b3e,0x81910675dbaf69dee0fd77570bfd07f8e436386a|0x9e32b13ce7f2e80a01932b42553652e053d6ed8e|0xee6b88b799884c7a013a7a6bb6451a98cfe82bfc,0x81910675dbaf69dee0fd77570bfd07f8e436386a,0x9e32b13ce7f2e80a01932b42553652e053d6ed8e,Metis,Metis,0x4fbd08d698fc683412572f1a8853db2ac032b8ec697b1c0f4dbd7e8343fb6b3e_Metis,1644244376,1644244376,1,2e+20,200.0,543.8649076205238,16.279070,16.279070,0.800000,bridge_deposit_flow
ETH,Poly,eth_flow_0x4fbd08d698fc__r7fam20__inst00__synth_unmatched_src,0x4fbd08d698fc683412572f1a8853db2ac032b8ec697b1c0f4dbd7e8343fb6b3e,0x81910675dbaf69dee0fd77570bfd07f8e436386a|0x9e32b13ce7f2e80a01932b42553652e053d6ed8e|0xee6b88b799884c7a013a7a6bb6451a98cfe82bfc,0x81910675dbaf69dee0fd77570bfd07f8e436386a,0x9e32b13ce7f2e80a01932b42553652e053d6ed8e,Metis,Metis,0x4fbd08d698fc683412572f1a8853db2ac032b8ec697b1c0f4dbd7e8343fb6b3e_Metis,1644244376,1644244376,1,4e+20,400.0,1087.7298152410476,16.279070,16.279070,0.800000,bridge_deposit_flow
ETH,Poly,eth_flow_0x4fbd08d698fc__r7fam20__inst00__synth_noise_src_0,0x4fbd08d698fc683412572f1a8853db2ac032b8ec697b1c0f4dbd7e8343fb6b3e,0x81910675dbaf69dee0fd77570bfd07f8e436386a|0x9e32b13ce7f2e80a01932b42553652e053d6ed8e|0xee6b88b799884c7a013a7a6bb6451a98cfe82bfc,0x81910675dbaf69dee0fd77570bfd07f8e436386a,0x9e32b13ce7f2e80a01932b42553652e053d6ed8e,Metis,Metis,0x4fbd08d698fc683412572f1a8853db2ac032b8ec697b1c0f4dbd7e8343fb6b3e_Metis,1644244376,1644244376,1,4e+20,400.0,1087.7298152410476,16.279070,16.279070,0.800000,bridge_deposit_flow
ETH,Poly,eth_flow_0x4fbd08d698fc__r7fam20__inst00__synth_noise_src_1,0x4fbd08d698fc683412572f1a8853db2ac032b8ec697b1c0f4dbd7e8343fb6b3e,0x81910675dbaf69dee0fd77570bfd07f8e436386a|0x9e32b13ce7f2e80a01932b42553652e053d6ed8e|0xee6b88b799884c7a013a7a6bb6451a98cfe82bfc,0x81910675dbaf69dee0fd77570bfd07f8e436386a,0x9e32b13ce7f2e80a01932b42553652e053d6ed8e,Metis,Metis,0x4fbd08d698fc683412572f1a8853db2ac032b8ec697b1c0f4dbd7e8343fb6b3e_Metis,1644244376,1644244376,1,4e+20,400.0,1087.7298152410476,16.279070,16.279070,0.800000,bridge_deposit_flow
ETH,Poly,eth_flow_0x12e3e4bd5391__r7fam20__inst01__synth_split_src,0x12e3e4bd53916c2bbc3279b096038da29e8fa71e0359e606347282e379106ac0,0x81910675dbaf69dee0fd77570bfd07f8e436386a|0x9e32b13ce7f2e80a01932b42553652e053d6ed8e|0xcb018790c03bdfd33a82354dee4e320f1398d66f,0x81910675dbaf69dee0fd77570bfd07f8e436386a,0x9e32b13ce7f2e80a01932b42553652e053d6ed8e,Metis,Metis,0x12e3e4bd53916c2bbc3279b096038da29e8fa71e0359e606347282e379106ac0_Metis,1652950934,1652950934,1,2.428023917865255e+20,242.8023917865255,660.2585018951046,16.279070,16.279070,0.800000,bridge_deposit_flow
ETH,Poly,eth_flow_0x12e3e4bd5391__r7fam20__inst01__synth_merge_src1,0x12e3e4bd53916c2bbc3279b096038da29e8fa71e0359e606347282e379106ac0,0x81910675dbaf69dee0fd77570bfd07f8e436386a|0x9e32b13ce7f2e80a01932b42553652e053d6ed8e|0xcb018790c03bdfd33a82354dee4e320f1398d66f,0x81910675dbaf69dee0fd77570bfd07f8e436386a,0x9e32b13ce7f2e80a01932b42553652e053d6ed8e,Metis,Metis,0x12e3e4bd53916c2bbc3279b096038da29e8fa71e0359e606347282e379106ac0_Metis,1652950934,1652950934,1,1.2140119589326275e+20,121.40119589326275,330.1292509475523,16.279070,16.279070,0.800000,bridge_deposit_flow
ETH,Poly,eth_flow_0x12e3e4bd5391__r7fam20__inst01__synth_merge_src2,0x12e3e4bd53916c2bbc3279b096038da29e8fa71e0359e606347282e379106ac0,0x81910675dbaf69dee0fd77570bfd07f8e436386a|0x9e32b13ce7f2e80a01932b42553652e053d6ed8e|0xcb018790c03bdfd33a82354dee4e320f1398d66f,0x81910675dbaf69dee0fd77570bfd07f8e436386a,0x9e32b13ce7f2e80a01932b42553652e053d6ed8e,Metis,Metis,0x12e3e4bd53916c2bbc3279b096038da29e8fa71e0359e606347282e379106ac0_Metis,1652950934,1652950934,1,1.2140119589326275e+20,121.40119589326275,330.1292509475523,16.279070,16.279070,0.800000,bridge_deposit_flow
ETH,Poly,eth_flow_0x12e3e4bd5391__r7fam20__inst01__synth_unmatched_src,0x12e3e4bd53916c2bbc3279b096038da29e8fa71e0359e606347282e379106ac0,0x81910675dbaf69dee0fd77570bfd07f8e436386a|0x9e32b13ce7f2e80a01932b42553652e053d6ed8e|0xcb018790c03bdfd33a82354dee4e320f1398d66f,0x81910675dbaf69dee0fd77570bfd07f8e436386a,0x9e32b13ce7f2e80a01932b42553652e053d6ed8e,Metis,Metis,0x12e3e4bd53916c2bbc3279b096038da29e8fa71e0359e606347282e379106ac0_Metis,1652950934,1652950934,1,2.428023917865255e+20,242.8023917865255,660.2585018951046,16.279070,16.279070,0.800000,bridge_deposit_flow
ETH,Poly,eth_flow_0x12e3e4bd5391__r7fam20__inst01__synth_noise_src_0,0x12e3e4bd53916c2bbc3279b096038da29e8fa71e0359e606347282e379106ac0,0x81910675dbaf69dee0fd77570bfd07f8e436386a|0x9e32b13ce7f2e80a01932b42553652e053d6ed8e|0xcb018790c03bdfd33a82354dee4e320f1398d66f,0x81910675dbaf69dee0fd77570bfd07f8e436386a,0x9e32b13ce7f2e80a01932b42553652e053d6ed8e,Metis,Metis,0x12e3e4bd53916c2bbc3279b096038da29e8fa71e0359e606347282e379106ac0_Metis,1652950934,1652950934,1,2.428023917865255e+20,242.8023917865255,660.2585018951046,16.279070,16.279070,0.800000,bridge_deposit_flow
ETH,Poly,eth_flow_0x12e3e4bd5391__r7fam20__inst01__synth_noise_src_1,0x12e3e4bd53916c2bbc3279b096038da29e8fa71e0359e606347282e379106ac0,0x81910675dbaf69dee0fd77570bfd07f8e436386a|0x9e32b13ce7f2e80a01932b42553652e053d6ed8e|0xcb018790c03bdfd33a82354dee4e320f1398d66f,0x81910675dbaf69dee0fd77570bfd07f8e436386a,0x9e32b13ce7f2e80a01932b42553652e053d6ed8e,Metis,Metis,0x12e3e4bd53916c2bbc3279b096038da29e8fa71e0359e606347282e379106ac0_Metis,1652950934,1652950934,1,2.428023917865255e+20,242.8023917865255,660.2585018951046,16.279070,16.279070,0.800000,bridge_deposit_flow
ETH,Poly,eth_flow_0xa04e89b5fe86__r7fam21__inst00__synth_split_src,0xa04e89b5fe86044fef6d42a8014ef31ca3ccdd28c3f1b1f4774283f815398ff1,0x81910675dbaf69dee0fd77570bfd07f8e436386a|0x9e32b13ce7f2e80a01932b42553652e053d6ed8e|0xf2ce52e3d0eb5d237341c9a75ca24647d87d7e55,0x81910675dbaf69dee0fd77570bfd07f8e436386a,0x9e32b13ce7f2e80a01932b42553652e053d6ed8e,Metis,Metis,0xa04e89b5fe86044fef6d42a8014ef31ca3ccdd28c3f1b1f4774283f815398ff1_Metis,1660872264,1660872264,1,1.5351418937154024e+20,153.51418937154023,417.45490210496166,16.279070,16.279070,0.800000,bridge_deposit_flow
ETH,Poly,eth_flow_0xa04e89b5fe86__r7fam21__inst00__synth_merge_src1,0xa04e89b5fe86044fef6d42a8014ef31ca3ccdd28c3f1b1f4774283f815398ff1,0x81910675dbaf69dee0fd77570bfd07f8e436386a|0x9e32b13ce7f2e80a01932b42553652e053d6ed8e|0xf2ce52e3d0eb5d237341c9a75ca24647d87d7e55,0x81910675dbaf69dee0fd77570bfd07f8e436386a,0x9e32b13ce7f2e80a01932b42553652e053d6ed8e,Metis,Metis,0xa04e89b5fe86044fef6d42a8014ef31ca3ccdd28c3f1b1f4774283f815398ff1_Metis,1660872264,1660872264,1,7.675709468577012e+19,76.75709468577011,208.72745105248083,16.279070,16.279070,0.800000,bridge_deposit_flow
ETH,Poly,eth_flow_0xa04e89b5fe86__r7fam21__inst00__synth_merge_src2,0xa04e89b5fe86044fef6d42a8014ef31ca3ccdd28c3f1b1f4774283f815398ff1,0x81910675dbaf69dee0fd77570bfd07f8e436386a|0x9e32b13ce7f2e80a01932b42553652e053d6ed8e|0xf2ce52e3d0eb5d237341c9a75ca24647d87d7e55,0x81910675dbaf69dee0fd77570bfd07f8e436386a,0x9e32b13ce7f2e80a01932b42553652e053d6ed8e,Metis,Metis,0xa04e89b5fe86044fef6d42a8014ef31ca3ccdd28c3f1b1f4774283f815398ff1_Metis,1660872264,1660872264,1,7.675709468577012e+19,76.75709468577011,208.72745105248083,16.279070,16.279070,0.800000,bridge_deposit_flow
ETH,Poly,eth_flow_0xa04e89b5fe86__r7fam21__inst00__synth_unmatched_src,0xa04e89b5fe86044fef6d42a8014ef31ca3ccdd28c3f1b1f4774283f815398ff1,0x81910675dbaf69dee0fd77570bfd07f8e436386a|0x9e32b13ce7f2e80a01932b42553652e053d6ed8e|0xf2ce52e3d0eb5d237341c9a75ca24647d87d7e55,0x81910675dbaf69dee0fd77570bfd07f8e436386a,0x9e32b13ce7f2e80a01932b42553652e053d6ed8e,Metis,Metis,0xa04e89b5fe86044fef6d42a8014ef31ca3ccdd28c3f1b1f4774283f815398ff1_Metis,1660872264,1660872264,1,1.5351418937154024e+20,153.51418937154023,417.45490210496166,16.279070,16.279070,0.800000,bridge_deposit_flow
ETH,Poly,eth_flow_0xa04e89b5fe86__r7fam21__inst00__synth_noise_src_0,0xa04e89b5fe86044fef6d42a8014ef31ca3ccdd28c3f1b1f4774283f815398ff1,0x81910675dbaf69dee0fd77570bfd07f8e436386a|0x9e32b13ce7f2e80a01932b42553652e053d6ed8e|0xf2ce52e3d0eb5d237341c9a75ca24647d87d7e55,0x81910675dbaf69dee0fd77570bfd07f8e436386a,0x9e32b13ce7f2e80a01932b42553652e053d6ed8e,Metis,Metis,0xa04e89b5fe86044fef6d42a8014ef31ca3ccdd28c3f1b1f4774283f815398ff1_Metis,1660872264,1660872264,1,1.5351418937154024e+20,153.51418937154023,417.45490210496166,16.279070,16.279070,0.800000,bridge_deposit_flow
ETH,Poly,eth_flow_0xa04e89b5fe86__r7fam21__inst00__synth_noise_src_1,0xa04e89b5fe86044fef6d42a8014ef31ca3ccdd28c3f1b1f4774283f815398ff1,0x81910675dbaf69dee0fd77570bfd07f8e436386a|0x9e32b13ce7f2e80a01932b42553652e053d6ed8e|0xf2ce52e3d0eb5d237341c9a75ca24647d87d7e55,0x81910675dbaf69dee0fd77570bfd07f8e436386a,0x9e32b13ce7f2e80a01932b42553652e053d6ed8e,Metis,Metis,0xa04e89b5fe86044fef6d42a8014ef31ca3ccdd28c3f1b1f4774283f815398ff1_Metis,1660872264,1660872264,1,1.5351418937154024e+20,153.51418937154023,417.45490210496166,16.279070,16.279070,0.800000,bridge_deposit_flow
ETH,Poly,eth_flow_0x4fe8e63679e5__r7fam21__inst01__synth_split_src,0x4fe8e63679e5b5dd3ee38f4750a1cf1792cc655f24fbaa7bcd6b072b4ed62762,0x81910675dbaf69dee0fd77570bfd07f8e436386a|0x9e32b13ce7f2e80a01932b42553652e053d6ed8e|0xb299f1dde62da74817e998bbfe91aea588def4c7,0x81910675dbaf69dee0fd77570bfd07f8e436386a,0x9e32b13ce7f2e80a01932b42553652e053d6ed8e,Metis,Metis,0x4fe8e63679e5b5dd3ee38f4750a1cf1792cc655f24fbaa7bcd6b072b4ed62762_Metis,1647743798,1647743798,1,3.54812407361267e+20,354.812407361267,964.8500857607556,16.279070,16.279070,0.800000,bridge_deposit_flow
ETH,Poly,eth_flow_0x4fe8e63679e5__r7fam21__inst01__synth_merge_src1,0x4fe8e63679e5b5dd3ee38f4750a1cf1792cc655f24fbaa7bcd6b072b4ed62762,0x81910675dbaf69dee0fd77570bfd07f8e436386a|0x9e32b13ce7f2e80a01932b42553652e053d6ed8e|0xb299f1dde62da74817e998bbfe91aea588def4c7,0x81910675dbaf69dee0fd77570bfd07f8e436386a,0x9e32b13ce7f2e80a01932b42553652e053d6ed8e,Metis,Metis,0x4fe8e63679e5b5dd3ee38f4750a1cf1792cc655f24fbaa7bcd6b072b4ed62762_Metis,1647743798,1647743798,1,1.774062036806335e+20,177.4062036806335,482.4250428803778,16.279070,16.279070,0.800000,bridge_deposit_flow
ETH,Poly,eth_flow_0x4fe8e63679e5__r7fam21__inst01__synth_merge_src2,0x4fe8e63679e5b5dd3ee38f4750a1cf1792cc655f24fbaa7bcd6b072b4ed62762,0x81910675dbaf69dee0fd77570bfd07f8e436386a|0x9e32b13ce7f2e80a01932b42553652e053d6ed8e|0xb299f1dde62da74817e998bbfe91aea588def4c7,0x81910675dbaf69dee0fd77570bfd07f8e436386a,0x9e32b13ce7f2e80a01932b42553652e053d6ed8e,Metis,Metis,0x4fe8e63679e5b5dd3ee38f4750a1cf1792cc655f24fbaa7bcd6b072b4ed62762_Metis,1647743798,1647743798,1,1.774062036806335e+20,177.4062036806335,482.4250428803778,16.279070,16.279070,0.800000,bridge_deposit_flow
ETH,Poly,eth_flow_0x4fe8e63679e5__r7fam21__inst01__synth_unmatched_src,0x4fe8e63679e5b5dd3ee38f4750a1cf1792cc655f24fbaa7bcd6b072b4ed62762,0x81910675dbaf69dee0fd77570bfd07f8e436386a|0x9e32b13ce7f2e80a01932b42553652e053d6ed8e|0xb299f1dde62da74817e998bbfe91aea588def4c7,0x81910675dbaf69dee0fd77570bfd07f8e436386a,0x9e32b13ce7f2e80a01932b42553652e053d6ed8e,Metis,Metis,0x4fe8e63679e5b5dd3ee38f4750a1cf1792cc655f24fbaa7bcd6b072b4ed62762_Metis,1647743798,1647743798,1,3.54812407361267e+20,354.812407361267,964.8500857607556,16.279070,16.279070,0.800000,bridge_deposit_flow
ETH,Poly,eth_flow_0x4fe8e63679e5__r7fam21__inst01__synth_noise_src_0,0x4fe8e63679e5b5dd3ee38f4750a1cf1792cc655f24fbaa7bcd6b072b4ed62762,0x81910675dbaf69dee0fd77570bfd07f8e436386a|0x9e32b13ce7f2e80a01932b42553652e053d6ed8e|0xb299f1dde62da74817e998bbfe91aea588def4c7,0x81910675dbaf69dee0fd77570bfd07f8e436386a,0x9e32b13ce7f2e80a01932b42553652e053d6ed8e,Metis,Metis,0x4fe8e63679e5b5dd3ee38f4750a1cf1792cc655f24fbaa7bcd6b072b4ed62762_Metis,1647743798,1647743798,1,3.54812407361267e+20,354.812407361267,964.8500857607556,16.279070,16.279070,0.800000,bridge_deposit_flow
ETH,Poly,eth_flow_0x4fe8e63679e5__r7fam21__inst01__synth_noise_src_1,0x4fe8e63679e5b5dd3ee38f4750a1cf1792cc655f24fbaa7bcd6b072b4ed62762,0x81910675dbaf69dee0fd77570bfd07f8e436386a|0x9e32b13ce7f2e80a01932b42553652e053d6ed8e|0xb299f1dde62da74817e998bbfe91aea588def4c7,0x81910675dbaf69dee0fd77570bfd07f8e436386a,0x9e32b13ce7f2e80a01932b42553652e053d6ed8e,Metis,Metis,0x4fe8e63679e5b5dd3ee38f4750a1cf1792cc655f24fbaa7bcd6b072b4ed62762_Metis,1647743798,1647743798,1,3.54812407361267e+20,354.812407361267,964.8500857607556,16.279070,16.279070,0.800000,bridge_deposit_flow
ETH,Poly,eth_flow_0xc0d9e234d323__r7fam22__inst00__synth_split_src,0xc0d9e234d323dc29cdf802dd11f3371173830351084d179a949f18ae8d483542,0x81910675dbaf69dee0fd77570bfd07f8e436386a|0x9e32b13ce7f2e80a01932b42553652e053d6ed8e|0xc08df10eaf32e6d2063c3d510db6abb6839d3cfe,0x81910675dbaf69dee0fd77570bfd07f8e436386a,0x9e32b13ce7f2e80a01932b42553652e053d6ed8e,Metis,Metis,0xc0d9e234d323dc29cdf802dd11f3371173830351084d179a949f18ae8d483542_Metis,1670249639,1670249639,1,2.2243890344250937e+20,222.43890344250937,604.8835683598548,0.000000,0.000000,0.775000,bridge_deposit_flow
ETH,Poly,eth_flow_0xc0d9e234d323__r7fam22__inst00__synth_merge_src1,0xc0d9e234d323dc29cdf802dd11f3371173830351084d179a949f18ae8d483542,0x81910675dbaf69dee0fd77570bfd07f8e436386a|0x9e32b13ce7f2e80a01932b42553652e053d6ed8e|0xc08df10eaf32e6d2063c3d510db6abb6839d3cfe,0x81910675dbaf69dee0fd77570bfd07f8e436386a,0x9e32b13ce7f2e80a01932b42553652e053d6ed8e,Metis,Metis,0xc0d9e234d323dc29cdf802dd11f3371173830351084d179a949f18ae8d483542_Metis,1670249639,1670249639,1,1.1121945172125468e+20,111.21945172125469,302.4417841799274,0.000000,0.000000,0.775000,bridge_deposit_flow
ETH,Poly,eth_flow_0xc0d9e234d323__r7fam22__inst00__synth_merge_src2,0xc0d9e234d323dc29cdf802dd11f3371173830351084d179a949f18ae8d483542,0x81910675dbaf69dee0fd77570bfd07f8e436386a|0x9e32b13ce7f2e80a01932b42553652e053d6ed8e|0xc08df10eaf32e6d2063c3d510db6abb6839d3cfe,0x81910675dbaf69dee0fd77570bfd07f8e436386a,0x9e32b13ce7f2e80a01932b42553652e053d6ed8e,Metis,Metis,0xc0d9e234d323dc29cdf802dd11f3371173830351084d179a949f18ae8d483542_Metis,1670249639,1670249639,1,1.1121945172125468e+20,111.21945172125469,302.4417841799274,0.000000,0.000000,0.775000,bridge_deposit_flow
ETH,Poly,eth_flow_0xc0d9e234d323__r7fam22__inst00__synth_unmatched_src,0xc0d9e234d323dc29cdf802dd11f3371173830351084d179a949f18ae8d483542,0x81910675dbaf69dee0fd77570bfd07f8e436386a|0x9e32b13ce7f2e80a01932b42553652e053d6ed8e|0xc08df10eaf32e6d2063c3d510db6abb6839d3cfe,0x81910675dbaf69dee0fd77570bfd07f8e436386a,0x9e32b13ce7f2e80a01932b42553652e053d6ed8e,Metis,Metis,0xc0d9e234d323dc29cdf802dd11f3371173830351084d179a949f18ae8d483542_Metis,1670249639,1670249639,1,2.2243890344250937e+20,222.43890344250937,604.8835683598548,0.000000,0.000000,0.775000,bridge_deposit_flow
ETH,Poly,eth_flow_0xc0d9e234d323__r7fam22__inst00__synth_noise_src_0,0xc0d9e234d323dc29cdf802dd11f3371173830351084d179a949f18ae8d483542,0x81910675dbaf69dee0fd77570bfd07f8e436386a|0x9e32b13ce7f2e80a01932b42553652e053d6ed8e|0xc08df10eaf32e6d2063c3d510db6abb6839d3cfe,0x81910675dbaf69dee0fd77570bfd07f8e436386a,0x9e32b13ce7f2e80a01932b42553652e053d6ed8e,Metis,Metis,0xc0d9e234d323dc29cdf802dd11f3371173830351084d179a949f18ae8d483542_Metis,1670249639,1670249639,1,2.2243890344250937e+20,222.43890344250937,604.8835683598548,0.000000,0.000000,0.775000,bridge_deposit_flow
ETH,Poly,eth_flow_0xc0d9e234d323__r7fam22__inst00__synth_noise_src_1,0xc0d9e234d323dc29cdf802dd11f3371173830351084d179a949f18ae8d483542,0x81910675dbaf69dee0fd77570bfd07f8e436386a|0x9e32b13ce7f2e80a01932b42553652e053d6ed8e|0xc08df10eaf32e6d2063c3d510db6abb6839d3cfe,0x81910675dbaf69dee0fd77570bfd07f8e436386a,0x9e32b13ce7f2e80a01932b42553652e053d6ed8e,Metis,Metis,0xc0d9e234d323dc29cdf802dd11f3371173830351084d179a949f18ae8d483542_Metis,1670249639,1670249639,1,2.2243890344250937e+20,222.43890344250937,604.8835683598548,0.000000,0.000000,0.775000,bridge_deposit_flow
ETH,Poly,eth_flow_0x0d6a4b699f54__r7fam22__inst01__synth_split_src,0x0d6a4b699f54852ae9a90121921a154148642e142b4fd084131b0011ccb78f95,0x81910675dbaf69dee0fd77570bfd07f8e436386a|0x9e32b13ce7f2e80a01932b42553652e053d6ed8e|0xd54e4f8a55247487dd7c8c59f14ee5c0c2889477,0x81910675dbaf69dee0fd77570bfd07f8e436386a,0x9e32b13ce7f2e80a01932b42553652e053d6ed8e,Metis,Metis,0x0d6a4b699f54852ae9a90121921a154148642e142b4fd084131b0011ccb78f95_Metis,1664350967,1664350967,1,1.7446018441804657e+20,174.46018441804657,474.41386040990216,16.279070,16.279070,0.775000,bridge_deposit_flow
ETH,Poly,eth_flow_0x0d6a4b699f54__r7fam22__inst01__synth_merge_src1,0x0d6a4b699f54852ae9a90121921a154148642e142b4fd084131b0011ccb78f95,0x81910675dbaf69dee0fd77570bfd07f8e436386a|0x9e32b13ce7f2e80a01932b42553652e053d6ed8e|0xd54e4f8a55247487dd7c8c59f14ee5c0c2889477,0x81910675dbaf69dee0fd77570bfd07f8e436386a,0x9e32b13ce7f2e80a01932b42553652e053d6ed8e,Metis,Metis,0x0d6a4b699f54852ae9a90121921a154148642e142b4fd084131b0011ccb78f95_Metis,1664350967,1664350967,1,8.723009220902329e+19,87.23009220902328,237.20693020495108,16.279070,16.279070,0.775000,bridge_deposit_flow
ETH,Poly,eth_flow_0x0d6a4b699f54__r7fam22__inst01__synth_merge_src2,0x0d6a4b699f54852ae9a90121921a154148642e142b4fd084131b0011ccb78f95,0x81910675dbaf69dee0fd77570bfd07f8e436386a|0x9e32b13ce7f2e80a01932b42553652e053d6ed8e|0xd54e4f8a55247487dd7c8c59f14ee5c0c2889477,0x81910675dbaf69dee0fd77570bfd07f8e436386a,0x9e32b13ce7f2e80a01932b42553652e053d6ed8e,Metis,Metis,0x0d6a4b699f54852ae9a90121921a154148642e142b4fd084131b0011ccb78f95_Metis,1664350967,1664350967,1,8.723009220902329e+19,87.23009220902328,237.20693020495108,16.279070,16.279070,0.775000,bridge_deposit_flow
ETH,Poly,eth_flow_0x0d6a4b699f54__r7fam22__inst01__synth_unmatched_src,0x0d6a4b699f54852ae9a90121921a154148642e142b4fd084131b0011ccb78f95,0x81910675dbaf69dee0fd77570bfd07f8e436386a|0x9e32b13ce7f2e80a01932b42553652e053d6ed8e|0xd54e4f8a55247487dd7c8c59f14ee5c0c2889477,0x81910675dbaf69dee0fd77570bfd07f8e436386a,0x9e32b13ce7f2e80a01932b42553652e053d6ed8e,Metis,Metis,0x0d6a4b699f54852ae9a90121921a154148642e142b4fd084131b0011ccb78f95_Metis,1664350967,1664350967,1,1.7446018441804657e+20,174.46018441804657,474.41386040990216,16.279070,16.279070,0.775000,bridge_deposit_flow
ETH,Poly,eth_flow_0x0d6a4b699f54__r7fam22__inst01__synth_noise_src_0,0x0d6a4b699f54852ae9a90121921a154148642e142b4fd084131b0011ccb78f95,0x81910675dbaf69dee0fd77570bfd07f8e436386a|0x9e32b13ce7f2e80a01932b42553652e053d6ed8e|0xd54e4f8a55247487dd7c8c59f14ee5c0c2889477,0x81910675dbaf69dee0fd77570bfd07f8e436386a,0x9e32b13ce7f2e80a01932b42553652e053d6ed8e,Metis,Metis,0x0d6a4b699f54852ae9a90121921a154148642e142b4fd084131b0011ccb78f95_Metis,1664350967,1664350967,1,1.7446018441804657e+20,174.46018441804657,474.41386040990216,16.279070,16.279070,0.775000,bridge_deposit_flow
ETH,Poly,eth_flow_0x0d6a4b699f54__r7fam22__inst01__synth_noise_src_1,0x0d6a4b699f54852ae9a90121921a154148642e142b4fd084131b0011ccb78f95,0x81910675dbaf69dee0fd77570bfd07f8e436386a|0x9e32b13ce7f2e80a01932b42553652e053d6ed8e|0xd54e4f8a55247487dd7c8c59f14ee5c0c2889477,0x81910675dbaf69dee0fd77570bfd07f8e436386a,0x9e32b13ce7f2e80a01932b42553652e053d6ed8e,Metis,Metis,0x0d6a4b699f54852ae9a90121921a154148642e142b4fd084131b0011ccb78f95_Metis,1664350967,1664350967,1,1.7446018441804657e+20,174.46018441804657,474.41386040990216,16.279070,16.279070,0.775000,bridge_deposit_flow
ETH,Poly,eth_flow_0x4a17c06e91fd__r7fam23__inst00__synth_split_src,0x4a17c06e91fd5fb5173b75f6f7320f3c8b2633cce9fe48a0f02932ab84f06620,0x81910675dbaf69dee0fd77570bfd07f8e436386a|0x9e32b13ce7f2e80a01932b42553652e053d6ed8e|0xf2ce52e3d0eb5d237341c9a75ca24647d87d7e55,0x81910675dbaf69dee0fd77570bfd07f8e436386a,0x9e32b13ce7f2e80a01932b42553652e053d6ed8e,Metis,Metis,0x4a17c06e91fd5fb5173b75f6f7320f3c8b2633cce9fe48a0f02932ab84f06620_Metis,1665323819,1665323819,1,1.5727487171178152e+20,157.27487171178154,427.681417872789,16.279070,16.279070,0.775000,bridge_deposit_flow
ETH,Poly,eth_flow_0x4a17c06e91fd__r7fam23__inst00__synth_merge_src1,0x4a17c06e91fd5fb5173b75f6f7320f3c8b2633cce9fe48a0f02932ab84f06620,0x81910675dbaf69dee0fd77570bfd07f8e436386a|0x9e32b13ce7f2e80a01932b42553652e053d6ed8e|0xf2ce52e3d0eb5d237341c9a75ca24647d87d7e55,0x81910675dbaf69dee0fd77570bfd07f8e436386a,0x9e32b13ce7f2e80a01932b42553652e053d6ed8e,Metis,Metis,0x4a17c06e91fd5fb5173b75f6f7320f3c8b2633cce9fe48a0f02932ab84f06620_Metis,1665323819,1665323819,1,7.863743585589076e+19,78.63743585589077,213.8407089363945,16.279070,16.279070,0.775000,bridge_deposit_flow
ETH,Poly,eth_flow_0x4a17c06e91fd__r7fam23__inst00__synth_merge_src2,0x4a17c06e91fd5fb5173b75f6f7320f3c8b2633cce9fe48a0f02932ab84f06620,0x81910675dbaf69dee0fd77570bfd07f8e436386a|0x9e32b13ce7f2e80a01932b42553652e053d6ed8e|0xf2ce52e3d0eb5d237341c9a75ca24647d87d7e55,0x81910675dbaf69dee0fd77570bfd07f8e436386a,0x9e32b13ce7f2e80a01932b42553652e053d6ed8e,Metis,Metis,0x4a17c06e91fd5fb5173b75f6f7320f3c8b2633cce9fe48a0f02932ab84f06620_Metis,1665323819,1665323819,1,7.863743585589076e+19,78.63743585589077,213.8407089363945,16.279070,16.279070,0.775000,bridge_deposit_flow
ETH,Poly,eth_flow_0x4a17c06e91fd__r7fam23__inst00__synth_unmatched_src,0x4a17c06e91fd5fb5173b75f6f7320f3c8b2633cce9fe48a0f02932ab84f06620,0x81910675dbaf69dee0fd77570bfd07f8e436386a|0x9e32b13ce7f2e80a01932b42553652e053d6ed8e|0xf2ce52e3d0eb5d237341c9a75ca24647d87d7e55,0x81910675dbaf69dee0fd77570bfd07f8e436386a,0x9e32b13ce7f2e80a01932b42553652e053d6ed8e,Metis,Metis,0x4a17c06e91fd5fb5173b75f6f7320f3c8b2633cce9fe48a0f02932ab84f06620_Metis,1665323819,1665323819,1,1.5727487171178152e+20,157.27487171178154,427.681417872789,16.279070,16.279070,0.775000,bridge_deposit_flow
ETH,Poly,eth_flow_0x4a17c06e91fd__r7fam23__inst00__synth_noise_src_0,0x4a17c06e91fd5fb5173b75f6f7320f3c8b2633cce9fe48a0f02932ab84f06620,0x81910675dbaf69dee0fd77570bfd07f8e436386a|0x9e32b13ce7f2e80a01932b42553652e053d6ed8e|0xf2ce52e3d0eb5d237341c9a75ca24647d87d7e55,0x81910675dbaf69dee0fd77570bfd07f8e436386a,0x9e32b13ce7f2e80a01932b42553652e053d6ed8e,Metis,Metis,0x4a17c06e91fd5fb5173b75f6f7320f3c8b2633cce9fe48a0f02932ab84f06620_Metis,1665323819,1665323819,1,1.5727487171178152e+20,157.27487171178154,427.681417872789,16.279070,16.279070,0.775000,bridge_deposit_flow
ETH,Poly,eth_flow_0x4a17c06e91fd__r7fam23__inst00__synth_noise_src_1,0x4a17c06e91fd5fb5173b75f6f7320f3c8b2633cce9fe48a0f02932ab84f06620,0x81910675dbaf69dee0fd77570bfd07f8e436386a|0x9e32b13ce7f2e80a01932b42553652e053d6ed8e|0xf2ce52e3d0eb5d237341c9a75ca24647d87d7e55,0x81910675dbaf69dee0fd77570bfd07f8e436386a,0x9e32b13ce7f2e80a01932b42553652e053d6ed8e,Metis,Metis,0x4a17c06e91fd5fb5173b75f6f7320f3c8b2633cce9fe48a0f02932ab84f06620_Metis,1665323819,1665323819,1,1.5727487171178152e+20,157.27487171178154,427.681417872789,16.279070,16.279070,0.775000,bridge_deposit_flow
ETH,Poly,eth_flow_0x4dfea298d546__r7fam23__inst01__synth_split_src,0x4dfea298d546a809849cc1c409b586370468a5efca8882d62dad914b0e42ccae,0x81910675dbaf69dee0fd77570bfd07f8e436386a|0x9e32b13ce7f2e80a01932b42553652e053d6ed8e|0xd54e4f8a55247487dd7c8c59f14ee5c0c2889477,0x81910675dbaf69dee0fd77570bfd07f8e436386a,0x9e32b13ce7f2e80a01932b42553652e053d6ed8e,Metis,Metis,0x4dfea298d546a809849cc1c409b586370468a5efca8882d62dad914b0e42ccae_Metis,1669222619,1669222619,1,3.285457356434255e+20,328.5457356434255,893.422480824143,16.279070,16.279070,0.775000,bridge_deposit_flow
ETH,Poly,eth_flow_0x4dfea298d546__r7fam23__inst01__synth_merge_src1,0x4dfea298d546a809849cc1c409b586370468a5efca8882d62dad914b0e42ccae,0x81910675dbaf69dee0fd77570bfd07f8e436386a|0x9e32b13ce7f2e80a01932b42553652e053d6ed8e|0xd54e4f8a55247487dd7c8c59f14ee5c0c2889477,0x81910675dbaf69dee0fd77570bfd07f8e436386a,0x9e32b13ce7f2e80a01932b42553652e053d6ed8e,Metis,Metis,0x4dfea298d546a809849cc1c409b586370468a5efca8882d62dad914b0e42ccae_Metis,1669222619,1669222619,1,1.6427286782171274e+20,164.27286782171274,446.7112404120715,16.279070,16.279070,0.775000,bridge_deposit_flow
ETH,Poly,eth_flow_0x4dfea298d546__r7fam23__inst01__synth_merge_src2,0x4dfea298d546a809849cc1c409b586370468a5efca8882d62dad914b0e42ccae,0x81910675dbaf69dee0fd77570bfd07f8e436386a|0x9e32b13ce7f2e80a01932b42553652e053d6ed8e|0xd54e4f8a55247487dd7c8c59f14ee5c0c2889477,0x81910675dbaf69dee0fd77570bfd07f8e436386a,0x9e32b13ce7f2e80a01932b42553652e053d6ed8e,Metis,Metis,0x4dfea298d546a809849cc1c409b586370468a5efca8882d62dad914b0e42ccae_Metis,1669222619,1669222619,1,1.6427286782171274e+20,164.27286782171274,446.7112404120715,16.279070,16.279070,0.775000,bridge_deposit_flow
ETH,Poly,eth_flow_0x4dfea298d546__r7fam23__inst01__synth_unmatched_src,0x4dfea298d546a809849cc1c409b586370468a5efca8882d62dad914b0e42ccae,0x81910675dbaf69dee0fd77570bfd07f8e436386a|0x9e32b13ce7f2e80a01932b42553652e053d6ed8e|0xd54e4f8a55247487dd7c8c59f14ee5c0c2889477,0x81910675dbaf69dee0fd77570bfd07f8e436386a,0x9e32b13ce7f2e80a01932b42553652e053d6ed8e,Metis,Metis,0x4dfea298d546a809849cc1c409b586370468a5efca8882d62dad914b0e42ccae_Metis,1669222619,1669222619,1,3.285457356434255e+20,328.5457356434255,893.422480824143,16.279070,16.279070,0.775000,bridge_deposit_flow
ETH,Poly,eth_flow_0x4dfea298d546__r7fam23__inst01__synth_noise_src_0,0x4dfea298d546a809849cc1c409b586370468a5efca8882d62dad914b0e42ccae,0x81910675dbaf69dee0fd77570bfd07f8e436386a|0x9e32b13ce7f2e80a01932b42553652e053d6ed8e|0xd54e4f8a55247487dd7c8c59f14ee5c0c2889477,0x81910675dbaf69dee0fd77570bfd07f8e436386a,0x9e32b13ce7f2e80a01932b42553652e053d6ed8e,Metis,Metis,0x4dfea298d546a809849cc1c409b586370468a5efca8882d62dad914b0e42ccae_Metis,1669222619,1669222619,1,3.285457356434255e+20,328.5457356434255,893.422480824143,16.279070,16.279070,0.775000,bridge_deposit_flow
ETH,Poly,eth_flow_0x4dfea298d546__r7fam23__inst01__synth_noise_src_1,0x4dfea298d546a809849cc1c409b586370468a5efca8882d62dad914b0e42ccae,0x81910675dbaf69dee0fd77570bfd07f8e436386a|0x9e32b13ce7f2e80a01932b42553652e053d6ed8e|0xd54e4f8a55247487dd7c8c59f14ee5c0c2889477,0x81910675dbaf69dee0fd77570bfd07f8e436386a,0x9e32b13ce7f2e80a01932b42553652e053d6ed8e,Metis,Metis,0x4dfea298d546a809849cc1c409b586370468a5efca8882d62dad914b0e42ccae_Metis,1669222619,1669222619,1,3.285457356434255e+20,328.5457356434255,893.422480824143,16.279070,16.279070,0.775000,bridge_deposit_flow
