chain,flow_id,tx_hashes,address_set,primary_address,token_contracts,token_symbols,asset_group,route_id,start_time,end_time,tx_count,raw_amount_sum,human_amount_sum,usd_amount_sum,aml_score_mean,aml_score_max,evidence_quality_mean,flow_construction_rule,bridge
ETH,eth_flow_2d548288144f46__r7fam00__inst00__synth_split_src,0x0658aeeab178a4a64c6d60a03e423339401cb37272e5cf621144c7bf4b43a3e1,0x5427fefa711eff984124bfbb1ab6fbf5e3da1820|0xa27242324bf28edf341bed2b9542666ca331dabc,0xa27242324bf28edf341bed2b9542666ca331dabc,0xa0b86991c6218b36c1d19d4a2e9eb0ce3606eb48,USDC,stable:USDC,0x0658aeeab178a4a64c6d60a03e423339401cb37272e5cf621144c7bf4b43a3e1_None_USDC_0xa0b86991c6218b36c1d19d4a2e9eb0ce3606eb48,1640948849,1640948849,1,164138614.0,164.138614,164.138614,0.000000,0.000000,0.750000,tx_agg_rolling_1800s_same_asset_group_or_route,Celer
ETH,eth_flow_2d548288144f46__r7fam00__inst00__synth_merge_src1,0x0658aeeab178a4a64c6d60a03e423339401cb37272e5cf621144c7bf4b43a3e1,0x5427fefa711eff984124bfbb1ab6fbf5e3da1820|0xa27242324bf28edf341bed2b9542666ca331dabc,0xa27242324bf28edf341bed2b9542666ca331dabc,0xa0b86991c6218b36c1d19d4a2e9eb0ce3606eb48,USDC,stable:USDC,0x0658aeeab178a4a64c6d60a03e423339401cb37272e5cf621144c7bf4b43a3e1_None_USDC_0xa0b86991c6218b36c1d19d4a2e9eb0ce3606eb48,1640948849,1640948849,1,82069307.0,82.069307,82.069307,0.000000,0.000000,0.750000,tx_agg_rolling_1800s_same_asset_group_or_route,Celer
ETH,eth_flow_2d548288144f46__r7fam00__inst00__synth_merge_src2,0x0658aeeab178a4a64c6d60a03e423339401cb37272e5cf621144c7bf4b43a3e1,0x5427fefa711eff984124bfbb1ab6fbf5e3da1820|0xa27242324bf28edf341bed2b9542666ca331dabc,0xa27242324bf28edf341bed2b9542666ca331dabc,0xa0b86991c6218b36c1d19d4a2e9eb0ce3606eb48,USDC,stable:USDC,0x0658aeeab178a4a64c6d60a03e423339401cb37272e5cf621144c7bf4b43a3e1_None_USDC_0xa0b86991c6218b36c1d19d4a2e9eb0ce3606eb48,1640948849,1640948849,1,82069307.0,82.069307,82.069307,0.000000,0.000000,0.750000,tx_agg_rolling_1800s_same_asset_group_or_route,Celer
ETH,eth_flow_2d548288144f46__r7fam00__inst00__synth_unmatched_src,0x0658aeeab178a4a64c6d60a03e423339401cb37272e5cf621144c7bf4b43a3e1,0x5427fefa711eff984124bfbb1ab6fbf5e3da1820|0xa27242324bf28edf341bed2b9542666ca331dabc,0xa27242324bf28edf341bed2b9542666ca331dabc,0xa0b86991c6218b36c1d19d4a2e9eb0ce3606eb48,USDC,stable:USDC,0x0658aeeab178a4a64c6d60a03e423339401cb37272e5cf621144c7bf4b43a3e1_None_USDC_0xa0b86991c6218b36c1d19d4a2e9eb0ce3606eb48,1640948849,1640948849,1,164138614.0,164.138614,164.138614,0.000000,0.000000,0.750000,tx_agg_rolling_1800s_same_asset_group_or_route,Celer
ETH,eth_flow_2d548288144f46__r7fam00__inst00__synth_noise_src_0,0x0658aeeab178a4a64c6d60a03e423339401cb37272e5cf621144c7bf4b43a3e1,0x5427fefa711eff984124bfbb1ab6fbf5e3da1820|0xa27242324bf28edf341bed2b9542666ca331dabc,0xa27242324bf28edf341bed2b9542666ca331dabc,0xa0b86991c6218b36c1d19d4a2e9eb0ce3606eb48,USDC,stable:USDC,0x0658aeeab178a4a64c6d60a03e423339401cb37272e5cf621144c7bf4b43a3e1_None_USDC_0xa0b86991c6218b36c1d19d4a2e9eb0ce3606eb48,1640948849,1640948849,1,164138614.0,164.138614,164.138614,0.000000,0.000000,0.750000,tx_agg_rolling_1800s_same_asset_group_or_route,Celer
ETH,eth_flow_2d548288144f46__r7fam00__inst00__synth_noise_src_1,0x0658aeeab178a4a64c6d60a03e423339401cb37272e5cf621144c7bf4b43a3e1,0x5427fefa711eff984124bfbb1ab6fbf5e3da1820|0xa27242324bf28edf341bed2b9542666ca331dabc,0xa27242324bf28edf341bed2b9542666ca331dabc,0xa0b86991c6218b36c1d19d4a2e9eb0ce3606eb48,USDC,stable:USDC,0x0658aeeab178a4a64c6d60a03e423339401cb37272e5cf621144c7bf4b43a3e1_None_USDC_0xa0b86991c6218b36c1d19d4a2e9eb0ce3606eb48,1640948849,1640948849,1,164138614.0,164.138614,164.138614,0.000000,0.000000,0.750000,tx_agg_rolling_1800s_same_asset_group_or_route,Celer
ETH,eth_flow_de9689226f3841__r7fam00__inst01__synth_split_src,0x6ba40b3026e8d94edf37327c994f73a7e4457e76b28dc19f2a41eaa4e98472e2|0xbe7f7b47ca0e4d8ed92dcadcb2e4ab29238a74014af22d7918df12d26ebd8961,0x5427fefa711eff984124bfbb1ab6fbf5e3da1820|0xc02aaa39b223fe8d0a0e5c4f27ead9083c756cc2,0x5427fefa711eff984124bfbb1ab6fbf5e3da1820,,NATIVE,token:NATIVE,0x6ba40b3026e8d94edf37327c994f73a7e4457e76b28dc19f2a41eaa4e98472e2_0_native_,1639590519,1639591222,2,6e+16,0.06,0.06,0.000000,0.000000,0.800000,tx_agg_rolling_1800s_same_asset_group_or_route,Celer
ETH,eth_flow_de9689226f3841__r7fam00__inst01__synth_merge_src1,0x6ba40b3026e8d94edf37327c994f73a7e4457e76b28dc19f2a41eaa4e98472e2|0xbe7f7b47ca0e4d8ed92dcadcb2e4ab29238a74014af22d7918df12d26ebd8961,0x5427fefa711eff984124bfbb1ab6fbf5e3da1820|0xc02aaa39b223fe8d0a0e5c4f27ead9083c756cc2,0x5427fefa711eff984124bfbb1ab6fbf5e3da1820,,NATIVE,token:NATIVE,0x6ba40b3026e8d94edf37327c994f73a7e4457e76b28dc19f2a41eaa4e98472e2_0_native_,1639590519,1639591222,2,3e+16,0.03,0.03,0.000000,0.000000,0.800000,tx_agg_rolling_1800s_same_asset_group_or_route,Celer
ETH,eth_flow_de9689226f3841__r7fam00__inst01__synth_merge_src2,0x6ba40b3026e8d94edf37327c994f73a7e4457e76b28dc19f2a41eaa4e98472e2|0xbe7f7b47ca0e4d8ed92dcadcb2e4ab29238a74014af22d7918df12d26ebd8961,0x5427fefa711eff984124bfbb1ab6fbf5e3da1820|0xc02aaa39b223fe8d0a0e5c4f27ead9083c756cc2,0x5427fefa711eff984124bfbb1ab6fbf5e3da1820,,NATIVE,token:NATIVE,0x6ba40b3026e8d94edf37327c994f73a7e4457e76b28dc19f2a41eaa4e98472e2_0_native_,1639590519,1639591222,2,3e+16,0.03,0.03,0.000000,0.000000,0.800000,tx_agg_rolling_1800s_same_asset_group_or_route,Celer
ETH,eth_flow_de9689226f3841__r7fam00__inst01__synth_unmatched_src,0x6ba40b3026e8d94edf37327c994f73a7e4457e76b28dc19f2a41eaa4e98472e2|0xbe7f7b47ca0e4d8ed92dcadcb2e4ab29238a74014af22d7918df12d26ebd8961,0x5427fefa711eff984124bfbb1ab6fbf5e3da1820|0xc02aaa39b223fe8d0a0e5c4f27ead9083c756cc2,0x5427fefa711eff984124bfbb1ab6fbf5e3da1820,,NATIVE,token:NATIVE,0x6ba40b3026e8d94edf37327c994f73a7e4457e76b28dc19f2a41eaa4e98472e2_0_native_,1639590519,1639591222,2,6e+16,0.06,0.06,0.000000,0.000000,0.800000,tx_agg_rolling_1800s_same_asset_group_or_route,Celer
ETH,eth_flow_de9689226f3841__r7fam00__inst01__synth_noise_src_0,0x6ba40b3026e8d94edf37327c994f73a7e4457e76b28dc19f2a41eaa4e98472e2|0xbe7f7b47ca0e4d8ed92dcadcb2e4ab29238a74014af22d7918df12d26ebd8961,0x5427fefa711eff984124bfbb1ab6fbf5e3da1820|0xc02aaa39b223fe8d0a0e5c4f27ead9083c756cc2,0x5427fefa711eff984124bfbb1ab6fbf5e3da1820,,NATIVE,token:NATIVE,0x6ba40b3026e8d94edf37327c994f73a7e4457e76b28dc19f2a41eaa4e98472e2_0_native_,1639590519,1639591222,2,6e+16,0.06,0.06,0.000000,0.000000,0.800000,tx_agg_rolling_1800s_same_asset_group_or_route,Celer
ETH,eth_flow_de9689226f3841__r7fam00__inst01__synth_noise_src_1,0x6ba40b3026e8d94edf37327c994f73a7e4457e76b28dc19f2a41eaa4e98472e2|0xbe7f7b47ca0e4d8ed92dcadcb2e4ab29238a74014af22d7918df12d26ebd8961,0x5427fefa711eff984124bfbb1ab6fbf5e3da1820|0xc02aaa39b223fe8d0a0e5c4f27ead9083c756cc2,0x5427fefa711eff984124bfbb1ab6fbf5e3da1820,,NATIVE,token:NATIVE,0x6ba40b3026e8d94edf37327c994f73a7e4457e76b28dc19f2a41eaa4e98472e2_0_native_,1639590519,1639591222,2,6e+16,0.06,0.06,0.000000,0.000000,0.800000,tx_agg_rolling_1800s_same_asset_group_or_route,Celer
ETH,eth_flow_41432321361342__r7fam01__inst00__synth_split_src,0x23af9f9ff3a1bb1c66296402174feae8086ced681465eb094838e8f6c21e080c,0x5427fefa711eff984124bfbb1ab6fbf5e3da1820|0xc02aaa39b223fe8d0a0e5c4f27ead9083c756cc2,0x5427fefa711eff984124bfbb1ab6fbf5e3da1820,,NATIVE,token:NATIVE,0x23af9f9ff3a1bb1c66296402174feae8086ced681465eb094838e8f6c21e080c_0_native_,1639415969,1639415969,1,2.4e+17,0.24,0.24,0.000000,0.000000,0.775000,tx_agg_rolling_1800s_same_asset_group_or_route,Celer
ETH,eth_flow_41432321361342__r7fam01__inst00__synth_merge_src1,0x23af9f9ff3a1bb1c66296402174feae8086ced681465eb094838e8f6c21e080c,0x5427fefa711eff984124bfbb1ab6fbf5e3da1820|0xc02aaa39b223fe8d0a0e5c4f27ead9083c756cc2,0x5427fefa711eff984124bfbb1ab6fbf5e3da1820,,NATIVE,token:NATIVE,0x23af9f9ff3a1bb1c66296402174feae8086ced681465eb094838e8f6c21e080c_0_native_,1639415969,1639415969,1,1.2e+17,0.12,0.12,0.000000,0.000000,0.775000,tx_agg_rolling_1800s_same_asset_group_or_route,Celer
ETH,eth_flow_41432321361342__r7fam01__inst00__synth_merge_src2,0x23af9f9ff3a1bb1c66296402174feae8086ced681465eb094838e8f6c21e080c,0x5427fefa711eff984124bfbb1ab6fbf5e3da1820|0xc02aaa39b223fe8d0a0e5c4f27ead9083c756cc2,0x5427fefa711eff984124bfbb1ab6fbf5e3da1820,,NATIVE,token:NATIVE,0x23af9f9ff3a1bb1c66296402174feae8086ced681465eb094838e8f6c21e080c_0_native_,1639415969,1639415969,1,1.2e+17,0.12,0.12,0.000000,0.000000,0.775000,tx_agg_rolling_1800s_same_asset_group_or_route,Celer
ETH,eth_flow_41432321361342__r7fam01__inst00__synth_unmatched_src,0x23af9f9ff3a1bb1c66296402174feae8086ced681465eb094838e8f6c21e080c,0x5427fefa711eff984124bfbb1ab6fbf5e3da1820|0xc02aaa39b223fe8d0a0e5c4f27ead9083c756cc2,0x5427fefa711eff984124bfbb1ab6fbf5e3da1820,,NATIVE,token:NATIVE,0x23af9f9ff3a1bb1c66296402174feae8086ced681465eb094838e8f6c21e080c_0_native_,1639415969,1639415969,1,2.4e+17,0.24,0.24,0.000000,0.000000,0.775000,tx_agg_rolling_1800s_same_asset_group_or_route,Celer
ETH,eth_flow_41432321361342__r7fam01__inst00__synth_noise_src_0,0x23af9f9ff3a1bb1c66296402174feae8086ced681465eb094838e8f6c21e080c,0x5427fefa711eff984124bfbb1ab6fbf5e3da1820|0xc02aaa39b223fe8d0a0e5c4f27ead9083c756cc2,0x5427fefa711eff984124bfbb1ab6fbf5e3da1820,,NATIVE,token:NATIVE,0x23af9f9ff3a1bb1c66296402174feae8086ced681465eb094838e8f6c21e080c_0_native_,1639415969,1639415969,1,2.4e+17,0.24,0.24,0.000000,0.000000,0.775000,tx_agg_rolling_1800s_same_asset_group_or_route,Celer
ETH,eth_flow_41432321361342__r7fam01__inst00__synth_noise_src_1,0x23af9f9ff3a1bb1c66296402174feae8086ced681465eb094838e8f6c21e080c,0x5427fefa711eff984124bfbb1ab6fbf5e3da1820|0xc02aaa39b223fe8d0a0e5c4f27ead9083c756cc2,0x5427fefa711eff984124bfbb1ab6fbf5e3da1820,,NATIVE,token:NATIVE,0x23af9f9ff3a1bb1c66296402174feae8086ced681465eb094838e8f6c21e080c_0_native_,1639415969,1639415969,1,2.4e+17,0.24,0.24,0.000000,0.000000,0.775000,tx_agg_rolling_1800s_same_asset_group_or_route,Celer
ETH,eth_flow_5b32cabe8cc743__r7fam01__inst01__synth_split_src,0x609a5108ef7dea9ffcad701f8e172d94b13d23afc16f48e685e474a5504caccd,0x5427fefa711eff984124bfbb1ab6fbf5e3da1820|0xc02aaa39b223fe8d0a0e5c4f27ead9083c756cc2,0x5427fefa711eff984124bfbb1ab6fbf5e3da1820,,NATIVE,token:NATIVE,0x609a5108ef7dea9ffcad701f8e172d94b13d23afc16f48e685e474a5504caccd_0_native_,1638875296,1638875296,1,6e+16,0.06,0.06,0.000000,0.000000,0.775000,tx_agg_rolling_1800s_same_asset_group_or_route,Celer
ETH,eth_flow_5b32cabe8cc743__r7fam01__inst01__synth_merge_src1,0x609a5108ef7dea9ffcad701f8e172d94b13d23afc16f48e685e474a5504caccd,0x5427fefa711eff984124bfbb1ab6fbf5e3da1820|0xc02aaa39b223fe8d0a0e5c4f27ead9083c756cc2,0x5427fefa711eff984124bfbb1ab6fbf5e3da1820,,NATIVE,token:NATIVE,0x609a5108ef7dea9ffcad701f8e172d94b13d23afc16f48e685e474a5504caccd_0_native_,1638875296,1638875296,1,3e+16,0.03,0.03,0.000000,0.000000,0.775000,tx_agg_rolling_1800s_same_asset_group_or_route,Celer
ETH,eth_flow_5b32cabe8cc743__r7fam01__inst01__synth_merge_src2,0x609a5108ef7dea9ffcad701f8e172d94b13d23afc16f48e685e474a5504caccd,0x5427fefa711eff984124bfbb1ab6fbf5e3da1820|0xc02aaa39b223fe8d0a0e5c4f27ead9083c756cc2,0x5427fefa711eff984124bfbb1ab6fbf5e3da1820,,NATIVE,token:NATIVE,0x609a5108ef7dea9ffcad701f8e172d94b13d23afc16f48e685e474a5504caccd_0_native_,1638875296,1638875296,1,3e+16,0.03,0.03,0.000000,0.000000,0.775000,tx_agg_rolling_1800s_same_asset_group_or_route,Celer
ETH,eth_flow_5b32cabe8cc743__r7fam01__inst01__synth_unmatched_src,0x609a5108ef7dea9ffcad701f8e172d94b13d23afc16f48e685e474a5504caccd,0x5427fefa711eff984124bfbb1ab6fbf5e3da1820|0xc02aaa39b223fe8d0a0e5c4f27ead9083c756cc2,0x5427fefa711eff984124bfbb1ab6fbf5e3da1820,,NATIVE,token:NATIVE,0x609a5108ef7dea9ffcad701f8e172d94b13d23afc16f48e685e474a5504caccd_0_native_,1638875296,1638875296,1,6e+16,0.06,0.06,0.000000,0.000000,0.775000,tx_agg_rolling_1800s_same_asset_group_or_route,Celer
ETH,eth_flow_5b32cabe8cc743__r7fam01__inst01__synth_noise_src_0,0x609a5108ef7dea9ffcad701f8e172d94b13d23afc16f48e685e474a5504caccd,0x5427fefa711eff984124bfbb1ab6fbf5e3da1820|0xc02aaa39b223fe8d0a0e5c4f27ead9083c756cc2,0x5427fefa711eff984124bfbb1ab6fbf5e3da1820,,NATIVE,token:NATIVE,0x609a5108ef7dea9ffcad701f8e172d94b13d23afc16f48e685e474a5504caccd_0_native_,1638875296,1638875296,1,6e+16,0.06,0.06,0.000000,0.000000,0.775000,tx_agg_rolling_1800s_same_asset_group_or_route,Celer
ETH,eth_flow_5b32cabe8cc743__r7fam01__inst01__synth_noise_src_1,0x609a5108ef7dea9ffcad701f8e172d94b13d23afc16f48e685e474a5504caccd,0x5427fefa711eff984124bfbb1ab6fbf5e3da1820|0xc02aaa39b223fe8d0a0e5c4f27ead9083c756cc2,0x5427fefa711eff984124bfbb1ab6fbf5e3da1820,,NATIVE,token:NATIVE,0x609a5108ef7dea9ffcad701f8e172d94b13d23afc16f48e685e474a5504caccd_0_native_,1638875296,1638875296,1,6e+16,0.06,0.06,0.000000,0.000000,0.775000,tx_agg_rolling_1800s_same_asset_group_or_route,Celer
ETH,eth_flow_1e116a36fb1b40__r7fam02__inst00__synth_split_src,0xff1b868eafa6fe4670be67f6dc12ef423139bc83041216ceee86be39051e8743,0x063f8290e0fec6e9f2c7c6596fc1c0322affe4c3|0x5427fefa711eff984124bfbb1ab6fbf5e3da1820,0x063f8290e0fec6e9f2c7c6596fc1c0322affe4c3,0xdac17f958d2ee523a2206206994597c13d831ec7,USDT,stable:USDT,0xff1b868eafa6fe4670be67f6dc12ef423139bc83041216ceee86be39051e8743_None_USDT_0xdac17f958d2ee523a2206206994597c13d831ec7,1640615727,1640615727,1,179030000.0,179.03,179.03,0.000000,0.000000,0.750000,tx_agg_rolling_1800s_same_asset_group_or_route,Celer
ETH,eth_flow_1e116a36fb1b40__r7fam02__inst00__synth_merge_src1,0xff1b868eafa6fe4670be67f6dc12ef423139bc83041216ceee86be39051e8743,0x063f8290e0fec6e9f2c7c6596fc1c0322affe4c3|0x5427fefa711eff984124bfbb1ab6fbf5e3da1820,0x063f8290e0fec6e9f2c7c6596fc1c0322affe4c3,0xdac17f958d2ee523a2206206994597c13d831ec7,USDT,stable:USDT,0xff1b868eafa6fe4670be67f6dc12ef423139bc83041216ceee86be39051e8743_None_USDT_0xdac17f958d2ee523a2206206994597c13d831ec7,1640615727,1640615727,1,89515000.0,89.515,89.515,0.000000,0.000000,0.750000,tx_agg_rolling_1800s_same_asset_group_or_route,Celer
ETH,eth_flow_1e116a36fb1b40__r7fam02__inst00__synth_merge_src2,0xff1b868eafa6fe4670be67f6dc12ef423139bc83041216ceee86be39051e8743,0x063f8290e0fec6e9f2c7c6596fc1c0322affe4c3|0x5427fefa711eff984124bfbb1ab6fbf5e3da1820,0x063f8290e0fec6e9f2c7c6596fc1c0322affe4c3,0xdac17f958d2ee523a2206206994597c13d831ec7,USDT,stable:USDT,0xff1b868eafa6fe4670be67f6dc12ef423139bc83041216ceee86be39051e8743_None_USDT_0xdac17f958d2ee523a2206206994597c13d831ec7,1640615727,1640615727,1,89515000.0,89.515,89.515,0.000000,0.000000,0.750000,tx_agg_rolling_1800s_same_asset_group_or_route,Celer
ETH,eth_flow_1e116a36fb1b40__r7fam02__inst00__synth_unmatched_src,0xff1b868eafa6fe4670be67f6dc12ef423139bc83041216ceee86be39051e8743,0x063f8290e0fec6e9f2c7c6596fc1c0322affe4c3|0x5427fefa711eff984124bfbb1ab6fbf5e3da1820,0x063f8290e0fec6e9f2c7c6596fc1c0322affe4c3,0xdac17f958d2ee523a2206206994597c13d831ec7,USDT,stable:USDT,0xff1b868eafa6fe4670be67f6dc12ef423139bc83041216ceee86be39051e8743_None_USDT_0xdac17f958d2ee523a2206206994597c13d831ec7,1640615727,1640615727,1,179030000.0,179.03,179.03,0.000000,0.000000,0.750000,tx_agg_rolling_1800s_same_asset_group_or_route,Celer
ETH,eth_flow_1e116a36fb1b40__r7fam02__inst00__synth_noise_src_0,0xff1b868eafa6fe4670be67f6dc12ef423139bc83041216ceee86be39051e8743,0x063f8290e0fec6e9f2c7c6596fc1c0322affe4c3|0x5427fefa711eff984124bfbb1ab6fbf5e3da1820,0x063f8290e0fec6e9f2c7c6596fc1c0322affe4c3,0xdac17f958d2ee523a2206206994597c13d831ec7,USDT,stable:USDT,0xff1b868eafa6fe4670be67f6dc12ef423139bc83041216ceee86be39051e8743_None_USDT_0xdac17f958d2ee523a2206206994597c13d831ec7,1640615727,1640615727,1,179030000.0,179.03,179.03,0.000000,0.000000,0.750000,tx_agg_rolling_1800s_same_asset_group_or_route,Celer
ETH,eth_flow_1e116a36fb1b40__r7fam02__inst00__synth_noise_src_1,0xff1b868eafa6fe4670be67f6dc12ef423139bc83041216ceee86be39051e8743,0x063f8290e0fec6e9f2c7c6596fc1c0322affe4c3|0x5427fefa711eff984124bfbb1ab6fbf5e3da1820,0x063f8290e0fec6e9f2c7c6596fc1c0322affe4c3,0xdac17f958d2ee523a2206206994597c13d831ec7,USDT,stable:USDT,0xff1b868eafa6fe4670be67f6dc12ef423139bc83041216ceee86be39051e8743_None_USDT_0xdac17f958d2ee523a2206206994597c13d831ec7,1640615727,1640615727,1,179030000.0,179.03,179.03,0.000000,0.000000,0.750000,tx_agg_rolling_1800s_same_asset_group_or_route,Celer
ETH,eth_flow_431646cc58cc44__r7fam02__inst01__synth_split_src,0x05b30e8095c42f41691a94c21f0380c562e4200aca2a80b0f2d5525941ca6c77,0x5427fefa711eff984124bfbb1ab6fbf5e3da1820|0xc02aaa39b223fe8d0a0e5c4f27ead9083c756cc2,0x5427fefa711eff984124bfbb1ab6fbf5e3da1820,,NATIVE,token:NATIVE,0x05b30e8095c42f41691a94c21f0380c562e4200aca2a80b0f2d5525941ca6c77_0_native_,1639071247,1639071247,1,2.4954e+18,2.4954,2.4954,4.651163,4.651163,0.775000,tx_agg_rolling_1800s_same_asset_group_or_route,Celer
ETH,eth_flow_431646cc58cc44__r7fam02__inst01__synth_merge_src1,0x05b30e8095c42f41691a94c21f0380c562e4200aca2a80b0f2d5525941ca6c77,0x5427fefa711eff984124bfbb1ab6fbf5e3da1820|0xc02aaa39b223fe8d0a0e5c4f27ead9083c756cc2,0x5427fefa711eff984124bfbb1ab6fbf5e3da1820,,NATIVE,token:NATIVE,0x05b30e8095c42f41691a94c21f0380c562e4200aca2a80b0f2d5525941ca6c77_0_native_,1639071247,1639071247,1,1.2477e+18,1.2477,1.2477,4.651163,4.651163,0.775000,tx_agg_rolling_1800s_same_asset_group_or_route,Celer
ETH,eth_flow_431646cc58cc44__r7fam02__inst01__synth_merge_src2,0x05b30e8095c42f41691a94c21f0380c562e4200aca2a80b0f2d5525941ca6c77,0x5427fefa711eff984124bfbb1ab6fbf5e3da1820|0xc02aaa39b223fe8d0a0e5c4f27ead9083c756cc2,0x5427fefa711eff984124bfbb1ab6fbf5e3da1820,,NATIVE,token:NATIVE,0x05b30e8095c42f41691a94c21f0380c562e4200aca2a80b0f2d5525941ca6c77_0_native_,1639071247,1639071247,1,1.2477e+18,1.2477,1.2477,4.651163,4.651163,0.775000,tx_agg_rolling_1800s_same_asset_group_or_route,Celer
ETH,eth_flow_431646cc58cc44__r7fam02__inst01__synth_unmatched_src,0x05b30e8095c42f41691a94c21f0380c562e4200aca2a80b0f2d5525941ca6c77,0x5427fefa711eff984124bfbb1ab6fbf5e3da1820|0xc02aaa39b223fe8d0a0e5c4f27ead9083c756cc2,0x5427fefa711eff984124bfbb1ab6fbf5e3da1820,,NATIVE,token:NATIVE,0x05b30e8095c42f41691a94c21f0380c562e4200aca2a80b0f2d5525941ca6c77_0_native_,1639071247,1639071247,1,2.4954e+18,2.4954,2.4954,4.651163,4.651163,0.775000,tx_agg_rolling_1800s_same_asset_group_or_route,Celer
ETH,eth_flow_431646cc58cc44__r7fam02__inst01__synth_noise_src_0,0x05b30e8095c42f41691a94c21f0380c562e4200aca2a80b0f2d5525941ca6c77,0x5427fefa711eff984124bfbb1ab6fbf5e3da1820|0xc02aaa39b223fe8d0a0e5c4f27ead9083c756cc2,0x5427fefa711eff984124bfbb1ab6fbf5e3da1820,,NATIVE,token:NATIVE,0x05b30e8095c42f41691a94c21f0380c562e4200aca2a80b0f2d5525941ca6c77_0_native_,1639071247,1639071247,1,2.4954e+18,2.4954,2.4954,4.651163,4.651163,0.775000,tx_agg_rolling_1800s_same_asset_group_or_route,Celer
ETH,eth_flow_431646cc58cc44__r7fam02__inst01__synth_noise_src_1,0x05b30e8095c42f41691a94c21f0380c562e4200aca2a80b0f2d5525941ca6c77,0x5427fefa711eff984124bfbb1ab6fbf5e3da1820|0xc02aaa39b223fe8d0a0e5c4f27ead9083c756cc2,0x5427fefa711eff984124bfbb1ab6fbf5e3da1820,,NATIVE,token:NATIVE,0x05b30e8095c42f41691a94c21f0380c562e4200aca2a80b0f2d5525941ca6c77_0_native_,1639071247,1639071247,1,2.4954e+18,2.4954,2.4954,4.651163,4.651163,0.775000,tx_agg_rolling_1800s_same_asset_group_or_route,Celer
ETH,eth_flow_7fa0c3bf29fb49__r7fam03__inst00__synth_split_src,0x07833c97d4fe449cd4b6111b8d7cd68ad9f63ad4a60263765df9bc482a8055f8,0x5427fefa711eff984124bfbb1ab6fbf5e3da1820|0xc02aaa39b223fe8d0a0e5c4f27ead9083c756cc2,0x5427fefa711eff984124bfbb1ab6fbf5e3da1820,,NATIVE,token:NATIVE,0x07833c97d4fe449cd4b6111b8d7cd68ad9f63ad4a60263765df9bc482a8055f8_0_native_,1638948055,1638948055,1,2.54e+17,0.254,0.254,0.000000,0.000000,0.775000,tx_agg_rolling_1800s_same_asset_group_or_route,Celer
ETH,eth_flow_7fa0c3bf29fb49__r7fam03__inst00__synth_merge_src1,0x07833c97d4fe449cd4b6111b8d7cd68ad9f63ad4a60263765df9bc482a8055f8,0x5427fefa711eff984124bfbb1ab6fbf5e3da1820|0xc02aaa39b223fe8d0a0e5c4f27ead9083c756cc2,0x5427fefa711eff984124bfbb1ab6fbf5e3da1820,,NATIVE,token:NATIVE,0x07833c97d4fe449cd4b6111b8d7cd68ad9f63ad4a60263765df9bc482a8055f8_0_native_,1638948055,1638948055,1,1.27e+17,0.127,0.127,0.000000,0.000000,0.775000,tx_agg_rolling_1800s_same_asset_group_or_route,Celer
ETH,eth_flow_7fa0c3bf29fb49__r7fam03__inst00__synth_merge_src2,0x07833c97d4fe449cd4b6111b8d7cd68ad9f63ad4a60263765df9bc482a8055f8,0x5427fefa711eff984124bfbb1ab6fbf5e3da1820|0xc02aaa39b223fe8d0a0e5c4f27ead9083c756cc2,0x5427fefa711eff984124bfbb1ab6fbf5e3da1820,,NATIVE,token:NATIVE,0x07833c97d4fe449cd4b6111b8d7cd68ad9f63ad4a60263765df9bc482a8055f8_0_native_,1638948055,1638948055,1,1.27e+17,0.127,0.127,0.000000,0.000000,0.775000,tx_agg_rolling_1800s_same_asset_group_or_route,Celer
ETH,eth_flow_7fa0c3bf29fb49__r7fam03__inst00__synth_unmatched_src,0x07833c97d4fe449cd4b6111b8d7cd68ad9f63ad4a60263765df9bc482a8055f8,0x5427fefa711eff984124bfbb1ab6fbf5e3da1820|0xc02aaa39b223fe8d0a0e5c4f27ead9083c756cc2,0x5427fefa711eff984124bfbb1ab6fbf5e3da1820,,NATIVE,token:NATIVE,0x07833c97d4fe449cd4b6111b8d7cd68ad9f63ad4a60263765df9bc482a8055f8_0_native_,1638948055,1638948055,1,2.54e+17,0.254,0.254,0.000000,0.000000,0.775000,tx_agg_rolling_1800s_same_asset_group_or_route,Celer
ETH,eth_flow_7fa0c3bf29fb49__r7fam03__inst00__synth_noise_src_0,0x07833c97d4fe449cd4b6111b8d7cd68ad9f63ad4a60263765df9bc482a8055f8,0x5427fefa711eff984124bfbb1ab6fbf5e3da1820|0xc02aaa39b223fe8d0a0e5c4f27ead9083c756cc2,0x5427fefa711eff984124bfbb1ab6fbf5e3da1820,,NATIVE,token:NATIVE,0x07833c97d4fe449cd4b6111b8d7cd68ad9f63ad4a60263765df9bc482a8055f8_0_native_,1638948055,1638948055,1,2.54e+17,0.254,0.254,0.000000,0.000000,0.775000,tx_agg_rolling_1800s_same_asset_group_or_route,Celer
ETH,eth_flow_7fa0c3bf29fb49__r7fam03__inst00__synth_noise_src_1,0x07833c97d4fe449cd4b6111b8d7cd68ad9f63ad4a60263765df9bc482a8055f8,0x5427fefa711eff984124bfbb1ab6fbf5e3da1820|0xc02aaa39b223fe8d0a0e5c4f27ead9083c756cc2,0x5427fefa711eff984124bfbb1ab6fbf5e3da1820,,NATIVE,token:NATIVE,0x07833c97d4fe449cd4b6111b8d7cd68ad9f63ad4a60263765df9bc482a8055f8_0_native_,1638948055,1638948055,1,2.54e+17,0.254,0.254,0.000000,0.000000,0.775000,tx_agg_rolling_1800s_same_asset_group_or_route,Celer
ETH,eth_flow_0376413a558843__r7fam03__inst01__synth_split_src,0x68bc6aff3e3db6ad3a90b49265db6099f4661934b1ca7149fcc431086649cac2,0x5427fefa711eff984124bfbb1ab6fbf5e3da1820|0xc02aaa39b223fe8d0a0e5c4f27ead9083c756cc2,0x5427fefa711eff984124bfbb1ab6fbf5e3da1820,,NATIVE,token:NATIVE,0x68bc6aff3e3db6ad3a90b49265db6099f4661934b1ca7149fcc431086649cac2_0_native_,1639228043,1639228043,1,9e+17,0.9,0.9,0.000000,0.000000,0.775000,tx_agg_rolling_1800s_same_asset_group_or_route,Celer
ETH,eth_flow_0376413a558843__r7fam03__inst01__synth_merge_src1,0x68bc6aff3e3db6ad3a90b49265db6099f4661934b1ca7149fcc431086649cac2,0x5427fefa711eff984124bfbb1ab6fbf5e3da1820|0xc02aaa39b223fe8d0a0e5c4f27ead9083c756cc2,0x5427fefa711eff984124bfbb1ab6fbf5e3da1820,,NATIVE,token:NATIVE,0x68bc6aff3e3db6ad3a90b49265db6099f4661934b1ca7149fcc431086649cac2_0_native_,1639228043,1639228043,1,4.5e+17,0.45,0.45,0.000000,0.000000,0.775000,tx_agg_rolling_1800s_same_asset_group_or_route,Celer
ETH,eth_flow_0376413a558843__r7fam03__inst01__synth_merge_src2,0x68bc6aff3e3db6ad3a90b49265db6099f4661934b1ca7149fcc431086649cac2,0x5427fefa711eff984124bfbb1ab6fbf5e3da1820|0xc02aaa39b223fe8d0a0e5c4f27ead9083c756cc2,0x5427fefa711eff984124bfbb1ab6fbf5e3da1820,,NATIVE,token:NATIVE,0x68bc6aff3e3db6ad3a90b49265db6099f4661934b1ca7149fcc431086649cac2_0_native_,1639228043,1639228043,1,4.5e+17,0.45,0.45,0.000000,0.000000,0.775000,tx_agg_rolling_1800s_same_asset_group_or_route,Celer
ETH,eth_flow_0376413a558843__r7fam03__inst01__synth_unmatched_src,0x68bc6aff3e3db6ad3a90b49265db6099f4661934b1ca7149fcc431086649cac2,0x5427fefa711eff984124bfbb1ab6fbf5e3da1820|0xc02aaa39b223fe8d0a0e5c4f27ead9083c756cc2,0x5427fefa711eff984124bfbb1ab6fbf5e3da1820,,NATIVE,token:NATIVE,0x68bc6aff3e3db6ad3a90b49265db6099f4661934b1ca7149fcc431086649cac2_0_native_,1639228043,1639228043,1,9e+17,0.9,0.9,0.000000,0.000000,0.775000,tx_agg_rolling_1800s_same_asset_group_or_route,Celer
ETH,eth_flow_0376413a558843__r7fam03__inst01__synth_noise_src_0,0x68bc6aff3e3db6ad3a90b49265db6099f4661934b1ca7149fcc431086649cac2,0x5427fefa711eff984124bfbb1ab6fbf5e3da1820|0xc02aaa39b223fe8d0a0e5c4f27ead9083c756cc2,0x5427fefa711eff984124bfbb1ab6fbf5e3da1820,,NATIVE,token:NATIVE,0x68bc6aff3e3db6ad3a90b49265db6099f4661934b1ca7149fcc431086649cac2_0_native_,1639228043,1639228043,1,9e+17,0.9,0.9,0.000000,0.000000,0.775000,tx_agg_rolling_1800s_same_asset_group_or_route,Celer
ETH,eth_flow_0376413a558843__r7fam03__inst01__synth_noise_src_1,0x68bc6aff3e3db6ad3a90b49265db6099f4661934b1ca7149fcc431086649cac2,0x5427fefa711eff984124bfbb1ab6fbf5e3da1820|0xc02aaa39b223fe8d0a0e5c4f27ead9083c756cc2,0x5427fefa711eff984124bfbb1ab6fbf5e3da1820,,NATIVE,token:NATIVE,0x68bc6aff3e3db6ad3a90b49265db6099f4661934b1ca7149fcc431086649cac2_0_native_,1639228043,1639228043,1,9e+17,0.9,0.9,0.000000,0.000000,0.775000,tx_agg_rolling_1800s_same_asset_group_or_route,Celer
ETH,eth_flow_1f9dedfc829d4f__r7fam04__inst00__synth_split_src,0xd8d42ee8b8d78199c8398abe72ffcabc9d7d23470e201d32d76e3a82f6a28eda,0x5427fefa711eff984124bfbb1ab6fbf5e3da1820|0xca2f14e730622e31ae4b027d3914156423f3e1fc,0xca2f14e730622e31ae4b027d3914156423f3e1fc,0x4fabb145d64652a948d72533023f6e7a623c7c53,BUSD,stable:BUSD,0xd8d42ee8b8d78199c8398abe72ffcabc9d7d23470e201d32d76e3a82f6a28eda_None_BUSD_0x4fabb145d64652a948d72533023f6e7a623c7c53,1640277871,1640277871,1,2e+20,200.0,200.0,11.627907,11.627907,0.750000,tx_agg_rolling_1800s_same_asset_group_or_route,Celer
ETH,eth_flow_1f9dedfc829d4f__r7fam04__inst00__synth_merge_src1,0xd8d42ee8b8d78199c8398abe72ffcabc9d7d23470e201d32d76e3a82f6a28eda,0x5427fefa711eff984124bfbb1ab6fbf5e3da1820|0xca2f14e730622e31ae4b027d3914156423f3e1fc,0xca2f14e730622e31ae4b027d3914156423f3e1fc,0x4fabb145d64652a948d72533023f6e7a623c7c53,BUSD,stable:BUSD,0xd8d42ee8b8d78199c8398abe72ffcabc9d7d23470e201d32d76e3a82f6a28eda_None_BUSD_0x4fabb145d64652a948d72533023f6e7a623c7c53,1640277871,1640277871,1,1e+20,100.0,100.0,11.627907,11.627907,0.750000,tx_agg_rolling_1800s_same_asset_group_or_route,Celer
ETH,eth_flow_1f9dedfc829d4f__r7fam04__inst00__synth_merge_src2,0xd8d42ee8b8d78199c8398abe72ffcabc9d7d23470e201d32d76e3a82f6a28eda,0x5427fefa711eff984124bfbb1ab6fbf5e3da1820|0xca2f14e730622e31ae4b027d3914156423f3e1fc,0xca2f14e730622e31ae4b027d3914156423f3e1fc,0x4fabb145d64652a948d72533023f6e7a623c7c53,BUSD,stable:BUSD,0xd8d42ee8b8d78199c8398abe72ffcabc9d7d23470e201d32d76e3a82f6a28eda_None_BUSD_0x4fabb145d64652a948d72533023f6e7a623c7c53,1640277871,1640277871,1,1e+20,100.0,100.0,11.627907,11.627907,0.750000,tx_agg_rolling_1800s_same_asset_group_or_route,Celer
ETH,eth_flow_1f9dedfc829d4f__r7fam04__inst00__synth_unmatched_src,0xd8d42ee8b8d78199c8398abe72ffcabc9d7d23470e201d32d76e3a82f6a28eda,0x5427fefa711eff984124bfbb1ab6fbf5e3da1820|0xca2f14e730622e31ae4b027d3914156423f3e1fc,0xca2f14e730622e31ae4b027d3914156423f3e1fc,0x4fabb145d64652a948d72533023f6e7a623c7c53,BUSD,stable:BUSD,0xd8d42ee8b8d78199c8398abe72ffcabc9d7d23470e201d32d76e3a82f6a28eda_None_BUSD_0x4fabb145d64652a948d72533023f6e7a623c7c53,1640277871,1640277871,1,2e+20,200.0,200.0,11.627907,11.627907,0.750000,tx_agg_rolling_1800s_same_asset_group_or_route,Celer
ETH,eth_flow_1f9dedfc829d4f__r7fam04__inst00__synth_noise_src_0,0xd8d42ee8b8d78199c8398abe72ffcabc9d7d23470e201d32d76e3a82f6a28eda,0x5427fefa711eff984124bfbb1ab6fbf5e3da1820|0xca2f14e730622e31ae4b027d3914156423f3e1fc,0xca2f14e730622e31ae4b027d3914156423f3e1fc,0x4fabb145d64652a948d72533023f6e7a623c7c53,BUSD,stable:BUSD,0xd8d42ee8b8d78199c8398abe72ffcabc9d7d23470e201d32d76e3a82f6a28eda_None_BUSD_0x4fabb145d64652a948d72533023f6e7a623c7c53,1640277871,1640277871,1,2e+20,200.0,200.0,11.627907,11.627907,0.750000,tx_agg_rolling_1800s_same_asset_group_or_route,Celer
ETH,eth_flow_1f9dedfc829d4f__r7fam04__inst00__synth_noise_src_1,0xd8d42ee8b8d78199c8398abe72ffcabc9d7d23470e201d32d76e3a82f6a28eda,0x5427fefa711eff984124bfbb1ab6fbf5e3da1820|0xca2f14e730622e31ae4b027d3914156423f3e1fc,0xca2f14e730622e31ae4b027d3914156423f3e1fc,0x4fabb145d64652a948d72533023f6e7a623c7c53,BUSD,stable:BUSD,0xd8d42ee8b8d78199c8398abe72ffcabc9d7d23470e201d32d76e3a82f6a28eda_None_BUSD_0x4fabb145d64652a948d72533023f6e7a623c7c53,1640277871,1640277871,1,2e+20,200.0,200.0,11.627907,11.627907,0.750000,tx_agg_rolling_1800s_same_asset_group_or_route,Celer
ETH,eth_flow_46cfba9168d54e__r7fam04__inst01__synth_split_src,0x6c1fdf1460fb553eebf48d63fbf641946aa4953a0ea04674a32373d7d4b1ad2b,0x5427fefa711eff984124bfbb1ab6fbf5e3da1820|0x6314a1ec6b8cd0d5b97755d28647efb4908e21c5,0x6314a1ec6b8cd0d5b97755d28647efb4908e21c5,0xdac17f958d2ee523a2206206994597c13d831ec7,USDT,stable:USDT,0x6c1fdf1460fb553eebf48d63fbf641946aa4953a0ea04674a32373d7d4b1ad2b_None_USDT_0xdac17f958d2ee523a2206206994597c13d831ec7,1640560294,1640560294,1,257634769.0,257.634769,257.634769,0.000000,0.000000,0.750000,tx_agg_rolling_1800s_same_asset_group_or_route,Celer
ETH,eth_flow_46cfba9168d54e__r7fam04__inst01__synth_merge_src1,0x6c1fdf1460fb553eebf48d63fbf641946aa4953a0ea04674a32373d7d4b1ad2b,0x5427fefa711eff984124bfbb1ab6fbf5e3da1820|0x6314a1ec6b8cd0d5b97755d28647efb4908e21c5,0x6314a1ec6b8cd0d5b97755d28647efb4908e21c5,0xdac17f958d2ee523a2206206994597c13d831ec7,USDT,stable:USDT,0x6c1fdf1460fb553eebf48d63fbf641946aa4953a0ea04674a32373d7d4b1ad2b_None_USDT_0xdac17f958d2ee523a2206206994597c13d831ec7,1640560294,1640560294,1,128817384.5,128.8173845,128.8173845,0.000000,0.000000,0.750000,tx_agg_rolling_1800s_same_asset_group_or_route,Celer
ETH,eth_flow_46cfba9168d54e__r7fam04__inst01__synth_merge_src2,0x6c1fdf1460fb553eebf48d63fbf641946aa4953a0ea04674a32373d7d4b1ad2b,0x5427fefa711eff984124bfbb1ab6fbf5e3da1820|0x6314a1ec6b8cd0d5b97755d28647efb4908e21c5,0x6314a1ec6b8cd0d5b97755d28647efb4908e21c5,0xdac17f958d2ee523a2206206994597c13d831ec7,USDT,stable:USDT,0x6c1fdf1460fb553eebf48d63fbf641946aa4953a0ea04674a32373d7d4b1ad2b_None_USDT_0xdac17f958d2ee523a2206206994597c13d831ec7,1640560294,1640560294,1,128817384.5,128.8173845,128.8173845,0.000000,0.000000,0.750000,tx_agg_rolling_1800s_same_asset_group_or_route,Celer
ETH,eth_flow_46cfba9168d54e__r7fam04__inst01__synth_unmatched_src,0x6c1fdf1460fb553eebf48d63fbf641946aa4953a0ea04674a32373d7d4b1ad2b,0x5427fefa711eff984124bfbb1ab6fbf5e3da1820|0x6314a1ec6b8cd0d5b97755d28647efb4908e21c5,0x6314a1ec6b8cd0d5b97755d28647efb4908e21c5,0xdac17f958d2ee523a2206206994597c13d831ec7,USDT,stable:USDT,0x6c1fdf1460fb553eebf48d63fbf641946aa4953a0ea04674a32373d7d4b1ad2b_None_USDT_0xdac17f958d2ee523a2206206994597c13d831ec7,1640560294,1640560294,1,257634769.0,257.634769,257.634769,0.000000,0.000000,0.750000,tx_agg_rolling_1800s_same_asset_group_or_route,Celer
ETH,eth_flow_46cfba9168d54e__r7fam04__inst01__synth_noise_src_0,0x6c1fdf1460fb553eebf48d63fbf641946aa4953a0ea04674a32373d7d4b1ad2b,0x5427fefa711eff984124bfbb1ab6fbf5e3da1820|0x6314a1ec6b8cd0d5b97755d28647efb4908e21c5,0x6314a1ec6b8cd0d5b97755d28647efb4908e21c5,0xdac17f958d2ee523a2206206994597c13d831ec7,USDT,stable:USDT,0x6c1fdf1460fb553eebf48d63fbf641946aa4953a0ea04674a32373d7d4b1ad2b_None_USDT_0xdac17f958d2ee523a2206206994597c13d831ec7,1640560294,1640560294,1,257634769.0,257.634769,257.634769,0.000000,0.000000,0.750000,tx_agg_rolling_1800s_same_asset_group_or_route,Celer
ETH,eth_flow_46cfba9168d54e__r7fam04__inst01__synth_noise_src_1,0x6c1fdf1460fb553eebf48d63fbf641946aa4953a0ea04674a32373d7d4b1ad2b,0x5427fefa711eff984124bfbb1ab6fbf5e3da1820|0x6314a1ec6b8cd0d5b97755d28647efb4908e21c5,0x6314a1ec6b8cd0d5b97755d28647efb4908e21c5,0xdac17f958d2ee523a2206206994597c13d831ec7,USDT,stable:USDT,0x6c1fdf1460fb553eebf48d63fbf641946aa4953a0ea04674a32373d7d4b1ad2b_None_USDT_0xdac17f958d2ee523a2206206994597c13d831ec7,1640560294,1640560294,1,257634769.0,257.634769,257.634769,0.000000,0.000000,0.750000,tx_agg_rolling_1800s_same_asset_group_or_route,Celer
ETH,eth_flow_b0a4d1a76c1f45__r7fam05__inst00__synth_split_src,0x7fd9c4b08d51e2cd59e55495af9c171a6b7976baa09a1e3e26bb4273c40df377,0x5427fefa711eff984124bfbb1ab6fbf5e3da1820|0xe890a0846a801935fde46bcf78346f34023e1e3c,0xe890a0846a801935fde46bcf78346f34023e1e3c,0xdac17f958d2ee523a2206206994597c13d831ec7,USDT,stable:USDT,0x7fd9c4b08d51e2cd59e55495af9c171a6b7976baa09a1e3e26bb4273c40df377_None_USDT_0xdac17f958d2ee523a2206206994597c13d831ec7,1639862020,1639862020,1,89459196.0,89.459196,89.459196,0.000000,0.000000,0.750000,tx_agg_rolling_1800s_same_asset_group_or_route,Celer
ETH,eth_flow_b0a4d1a76c1f45__r7fam05__inst00__synth_merge_src1,0x7fd9c4b08d51e2cd59e55495af9c171a6b7976baa09a1e3e26bb4273c40df377,0x5427fefa711eff984124bfbb1ab6fbf5e3da1820|0xe890a0846a801935fde46bcf78346f34023e1e3c,0xe890a0846a801935fde46bcf78346f34023e1e3c,0xdac17f958d2ee523a2206206994597c13d831ec7,USDT,stable:USDT,0x7fd9c4b08d51e2cd59e55495af9c171a6b7976baa09a1e3e26bb4273c40df377_None_USDT_0xdac17f958d2ee523a2206206994597c13d831ec7,1639862020,1639862020,1,44729598.0,44.729598,44.729598,0.000000,0.000000,0.750000,tx_agg_rolling_1800s_same_asset_group_or_route,Celer
ETH,eth_flow_b0a4d1a76c1f45__r7fam05__inst00__synth_merge_src2,0x7fd9c4b08d51e2cd59e55495af9c171a6b7976baa09a1e3e26bb4273c40df377,0x5427fefa711eff984124bfbb1ab6fbf5e3da1820|0xe890a0846a801935fde46bcf78346f34023e1e3c,0xe890a0846a801935fde46bcf78346f34023e1e3c,0xdac17f958d2ee523a2206206994597c13d831ec7,USDT,stable:USDT,0x7fd9c4b08d51e2cd59e55495af9c171a6b7976baa09a1e3e26bb4273c40df377_None_USDT_0xdac17f958d2ee523a2206206994597c13d831ec7,1639862020,1639862020,1,44729598.0,44.729598,44.729598,0.000000,0.000000,0.750000,tx_agg_rolling_1800s_same_asset_group_or_route,Celer
ETH,eth_flow_b0a4d1a76c1f45__r7fam05__inst00__synth_unmatched_src,0x7fd9c4b08d51e2cd59e55495af9c171a6b7976baa09a1e3e26bb4273c40df377,0x5427fefa711eff984124bfbb1ab6fbf5e3da1820|0xe890a0846a801935fde46bcf78346f34023e1e3c,0xe890a0846a801935fde46bcf78346f34023e1e3c,0xdac17f958d2ee523a2206206994597c13d831ec7,USDT,stable:USDT,0x7fd9c4b08d51e2cd59e55495af9c171a6b7976baa09a1e3e26bb4273c40df377_None_USDT_0xdac17f958d2ee523a2206206994597c13d831ec7,1639862020,1639862020,1,89459196.0,89.459196,89.459196,0.000000,0.000000,0.750000,tx_agg_rolling_1800s_same_asset_group_or_route,Celer
ETH,eth_flow_b0a4d1a76c1f45__r7fam05__inst00__synth_noise_src_0,0x7fd9c4b08d51e2cd59e55495af9c171a6b7976baa09a1e3e26bb4273c40df377,0x5427fefa711eff984124bfbb1ab6fbf5e3da1820|0xe890a0846a801935fde46bcf78346f34023e1e3c,0xe890a0846a801935fde46bcf78346f34023e1e3c,0xdac17f958d2ee523a2206206994597c13d831ec7,USDT,stable:USDT,0x7fd9c4b08d51e2cd59e55495af9c171a6b7976baa09a1e3e26bb4273c40df377_None_USDT_0xdac17f958d2ee523a2206206994597c13d831ec7,1639862020,1639862020,1,89459196.0,89.459196,89.459196,0.000000,0.000000,0.750000,tx_agg_rolling_1800s_same_asset_group_or_route,Celer
ETH,eth_flow_b0a4d1a76c1f45__r7fam05__inst00__synth_noise_src_1,0x7fd9c4b08d51e2cd59e55495af9c171a6b7976baa09a1e3e26bb4273c40df377,0x5427fefa711eff984124bfbb1ab6fbf5e3da1820|0xe890a0846a801935fde46bcf78346f34023e1e3c,0xe890a0846a801935fde46bcf78346f34023e1e3c,0xdac17f958d2ee523a2206206994597c13d831ec7,USDT,stable:USDT,0x7fd9c4b08d51e2cd59e55495af9c171a6b7976baa09a1e3e26bb4273c40df377_None_USDT_0xdac17f958d2ee523a2206206994597c13d831ec7,1639862020,1639862020,1,89459196.0,89.459196,89.459196,0.000000,0.000000,0.750000,tx_agg_rolling_1800s_same_asset_group_or_route,Celer
ETH,eth_flow_c32fbdddc0c74f__r7fam05__inst01__synth_split_src,0xa71d7fba4717c230013231e303466d65c85c9fca54a0f8f943749a7411c70185,0x5427fefa711eff984124bfbb1ab6fbf5e3da1820|0xc02aaa39b223fe8d0a0e5c4f27ead9083c756cc2,0x5427fefa711eff984124bfbb1ab6fbf5e3da1820,,NATIVE,token:NATIVE,0xa71d7fba4717c230013231e303466d65c85c9fca54a0f8f943749a7411c70185_0_native_,1638838415,1638838415,1,1.2e+16,0.012,0.012,4.651163,4.651163,0.775000,tx_agg_rolling_1800s_same_asset_group_or_route,Celer
ETH,eth_flow_c32fbdddc0c74f__r7fam05__inst01__synth_merge_src1,0xa71d7fba4717c230013231e303466d65c85c9fca54a0f8f943749a7411c70185,0x5427fefa711eff984124bfbb1ab6fbf5e3da1820|0xc02aaa39b223fe8d0a0e5c4f27ead9083c756cc2,0x5427fefa711eff984124bfbb1ab6fbf5e3da1820,,NATIVE,token:NATIVE,0xa71d7fba4717c230013231e303466d65c85c9fca54a0f8f943749a7411c70185_0_native_,1638838415,1638838415,1,6000000000000000.0,0.006,0.006,4.651163,4.651163,0.775000,tx_agg_rolling_1800s_same_asset_group_or_route,Celer
ETH,eth_flow_c32fbdddc0c74f__r7fam05__inst01__synth_merge_src2,0xa71d7fba4717c230013231e303466d65c85c9fca54a0f8f943749a7411c70185,0x5427fefa711eff984124bfbb1ab6fbf5e3da1820|0xc02aaa39b223fe8d0a0e5c4f27ead9083c756cc2,0x5427fefa711eff984124bfbb1ab6fbf5e3da1820,,NATIVE,token:NATIVE,0xa71d7fba4717c230013231e303466d65c85c9fca54a0f8f943749a7411c70185_0_native_,1638838415,1638838415,1,6000000000000000.0,0.006,0.006,4.651163,4.651163,0.775000,tx_agg_rolling_1800s_same_asset_group_or_route,Celer
ETH,eth_flow_c32fbdddc0c74f__r7fam05__inst01__synth_unmatched_src,0xa71d7fba4717c230013231e303466d65c85c9fca54a0f8f943749a7411c70185,0x5427fefa711eff984124bfbb1ab6fbf5e3da1820|0xc02aaa39b223fe8d0a0e5c4f27ead9083c756cc2,0x5427fefa711eff984124bfbb1ab6fbf5e3da1820,,NATIVE,token:NATIVE,0xa71d7fba4717c230013231e303466d65c85c9fca54a0f8f943749a7411c70185_0_native_,1638838415,1638838415,1,1.2e+16,0.012,0.012,4.651163,4.651163,0.775000,tx_agg_rolling_1800s_same_asset_group_or_route,Celer
ETH,eth_flow_c32fbdddc0c74f__r7fam05__inst01__synth_noise_src_0,0xa71d7fba4717c230013231e303466d65c85c9fca54a0f8f943749a7411c70185,0x5427fefa711eff984124bfbb1ab6fbf5e3da1820|0xc02aaa39b223fe8d0a0e5c4f27ead9083c756cc2,0x5427fefa711eff984124bfbb1ab6fbf5e3da1820,,NATIVE,token:NATIVE,0xa71d7fba4717c230013231e303466d65c85c9fca54a0f8f943749a7411c70185_0_native_,1638838415,1638838415,1,1.2e+16,0.012,0.012,4.651163,4.651163,0.775000,tx_agg_rolling_1800s_same_asset_group_or_route,Celer
ETH,eth_flow_c32fbdddc0c74f__r7fam05__inst01__synth_noise_src_1,0xa71d7fba4717c230013231e303466d65c85c9fca54a0f8f943749a7411c70185,0x5427fefa711eff984124bfbb1ab6fbf5e3da1820|0xc02aaa39b223fe8d0a0e5c4f27ead9083c756cc2,0x5427fefa711eff984124bfbb1ab6fbf5e3da1820,,NATIVE,token:NATIVE,0xa71d7fba4717c230013231e303466d65c85c9fca54a0f8f943749a7411c70185_0_native_,1638838415,1638838415,1,1.2e+16,0.012,0.012,4.651163,4.651163,0.775000,tx_agg_rolling_1800s_same_asset_group_or_route,Celer
ETH,eth_flow_9f2f40971fb94b__r7fam06__inst00__synth_split_src,0xba0af3e6d53d3665cff78d61f9c76005c7658295a86a9d5dfb6ffa2587be9911,0x5427fefa711eff984124bfbb1ab6fbf5e3da1820|0xa144ace941dd733ebad6d17e3436c03af0d63cba,0xa144ace941dd733ebad6d17e3436c03af0d63cba,0xa0b86991c6218b36c1d19d4a2e9eb0ce3606eb48,USDC,stable:USDC,0xba0af3e6d53d3665cff78d61f9c76005c7658295a86a9d5dfb6ffa2587be9911_None_USDC_0xa0b86991c6218b36c1d19d4a2e9eb0ce3606eb48,1640661287,1640661287,1,1098572192.0,1098.572192,1098.572192,0.000000,0.000000,0.775000,tx_agg_rolling_1800s_same_asset_group_or_route,Celer
ETH,eth_flow_9f2f40971fb94b__r7fam06__inst00__synth_merge_src1,0xba0af3e6d53d3665cff78d61f9c76005c7658295a86a9d5dfb6ffa2587be9911,0x5427fefa711eff984124bfbb1ab6fbf5e3da1820|0xa144ace941dd733ebad6d17e3436c03af0d63cba,0xa144ace941dd733ebad6d17e3436c03af0d63cba,0xa0b86991c6218b36c1d19d4a2e9eb0ce3606eb48,USDC,stable:USDC,0xba0af3e6d53d3665cff78d61f9c76005c7658295a86a9d5dfb6ffa2587be9911_None_USDC_0xa0b86991c6218b36c1d19d4a2e9eb0ce3606eb48,1640661287,1640661287,1,549286096.0,549.286096,549.286096,0.000000,0.000000,0.775000,tx_agg_rolling_1800s_same_asset_group_or_route,Celer
ETH,eth_flow_9f2f40971fb94b__r7fam06__inst00__synth_merge_src2,0xba0af3e6d53d3665cff78d61f9c76005c7658295a86a9d5dfb6ffa2587be9911,0x5427fefa711eff984124bfbb1ab6fbf5e3da1820|0xa144ace941dd733ebad6d17e3436c03af0d63cba,0xa144ace941dd733ebad6d17e3436c03af0d63cba,0xa0b86991c6218b36c1d19d4a2e9eb0ce3606eb48,USDC,stable:USDC,0xba0af3e6d53d3665cff78d61f9c76005c7658295a86a9d5dfb6ffa2587be9911_None_USDC_0xa0b86991c6218b36c1d19d4a2e9eb0ce3606eb48,1640661287,1640661287,1,549286096.0,549.286096,549.286096,0.000000,0.000000,0.775000,tx_agg_rolling_1800s_same_asset_group_or_route,Celer
ETH,eth_flow_9f2f40971fb94b__r7fam06__inst00__synth_unmatched_src,0xba0af3e6d53d3665cff78d61f9c76005c7658295a86a9d5dfb6ffa2587be9911,0x5427fefa711eff984124bfbb1ab6fbf5e3da1820|0xa144ace941dd733ebad6d17e3436c03af0d63cba,0xa144ace941dd733ebad6d17e3436c03af0d63cba,0xa0b86991c6218b36c1d19d4a2e9eb0ce3606eb48,USDC,stable:USDC,0xba0af3e6d53d3665cff78d61f9c76005c7658295a86a9d5dfb6ffa2587be9911_None_USDC_0xa0b86991c6218b36c1d19d4a2e9eb0ce3606eb48,1640661287,1640661287,1,1098572192.0,1098.572192,1098.572192,0.000000,0.000000,0.775000,tx_agg_rolling_1800s_same_asset_group_or_route,Celer
ETH,eth_flow_9f2f40971fb94b__r7fam06__inst00__synth_noise_src_0,0xba0af3e6d53d3665cff78d61f9c76005c7658295a86a9d5dfb6ffa2587be9911,0x5427fefa711eff984124bfbb1ab6fbf5e3da1820|0xa144ace941dd733ebad6d17e3436c03af0d63cba,0xa144ace941dd733ebad6d17e3436c03af0d63cba,0xa0b86991c6218b36c1d19d4a2e9eb0ce3606eb48,USDC,stable:USDC,0xba0af3e6d53d3665cff78d61f9c76005c7658295a86a9d5dfb6ffa2587be9911_None_USDC_0xa0b86991c6218b36c1d19d4a2e9eb0ce3606eb48,1640661287,1640661287,1,1098572192.0,1098.572192,1098.572192,0.000000,0.000000,0.775000,tx_agg_rolling_1800s_same_asset_group_or_route,Celer
ETH,eth_flow_9f2f40971fb94b__r7fam06__inst00__synth_noise_src_1,0xba0af3e6d53d3665cff78d61f9c76005c7658295a86a9d5dfb6ffa2587be9911,0x5427fefa711eff984124bfbb1ab6fbf5e3da1820|0xa144ace941dd733ebad6d17e3436c03af0d63cba,0xa144ace941dd733ebad6d17e3436c03af0d63cba,0xa0b86991c6218b36c1d19d4a2e9eb0ce3606eb48,USDC,stable:USDC,0xba0af3e6d53d3665cff78d61f9c76005c7658295a86a9d5dfb6ffa2587be9911_None_USDC_0xa0b86991c6218b36c1d19d4a2e9eb0ce3606eb48,1640661287,1640661287,1,1098572192.0,1098.572192,1098.572192,0.000000,0.000000,0.775000,tx_agg_rolling_1800s_same_asset_group_or_route,Celer
ETH,eth_flow_b4e0bf5fa5024b__r7fam06__inst01__synth_split_src,0xcf179fa9856cb3e0b0fbc0bd0f8938f23d18e5829f3a092a77f687fc0bc33354,0x5427fefa711eff984124bfbb1ab6fbf5e3da1820|0xce306190d879f8fdaec68abf0f8eb65151756c99,0xce306190d879f8fdaec68abf0f8eb65151756c99,0xdac17f958d2ee523a2206206994597c13d831ec7,USDT,stable:USDT,0xcf179fa9856cb3e0b0fbc0bd0f8938f23d18e5829f3a092a77f687fc0bc33354_None_USDT_0xdac17f958d2ee523a2206206994597c13d831ec7,1640788144,1640788144,1,1151000000.0,1151.0,1151.0,0.000000,0.000000,0.775000,tx_agg_rolling_1800s_same_asset_group_or_route,Celer
ETH,eth_flow_b4e0bf5fa5024b__r7fam06__inst01__synth_merge_src1,0xcf179fa9856cb3e0b0fbc0bd0f8938f23d18e5829f3a092a77f687fc0bc33354,0x5427fefa711eff984124bfbb1ab6fbf5e3da1820|0xce306190d879f8fdaec68abf0f8eb65151756c99,0xce306190d879f8fdaec68abf0f8eb65151756c99,0xdac17f958d2ee523a2206206994597c13d831ec7,USDT,stable:USDT,0xcf179fa9856cb3e0b0fbc0bd0f8938f23d18e5829f3a092a77f687fc0bc33354_None_USDT_0xdac17f958d2ee523a2206206994597c13d831ec7,1640788144,1640788144,1,575500000.0,575.5,575.5,0.000000,0.000000,0.775000,tx_agg_rolling_1800s_same_asset_group_or_route,Celer
ETH,eth_flow_b4e0bf5fa5024b__r7fam06__inst01__synth_merge_src2,0xcf179fa9856cb3e0b0fbc0bd0f8938f23d18e5829f3a092a77f687fc0bc33354,0x5427fefa711eff984124bfbb1ab6fbf5e3da1820|0xce306190d879f8fdaec68abf0f8eb65151756c99,0xce306190d879f8fdaec68abf0f8eb65151756c99,0xdac17f958d2ee523a2206206994597c13d831ec7,USDT,stable:USDT,0xcf179fa9856cb3e0b0fbc0bd0f8938f23d18e5829f3a092a77f687fc0bc33354_None_USDT_0xdac17f958d2ee523a2206206994597c13d831ec7,1640788144,1640788144,1,575500000.0,575.5,575.5,0.000000,0.000000,0.775000,tx_agg_rolling_1800s_same_asset_group_or_route,Celer
ETH,eth_flow_b4e0bf5fa5024b__r7fam06__inst01__synth_unmatched_src,0xcf179fa9856cb3e0b0fbc0bd0f8938f23d18e5829f3a092a77f687fc0bc33354,0x5427fefa711eff984124bfbb1ab6fbf5e3da1820|0xce306190d879f8fdaec68abf0f8eb65151756c99,0xce306190d879f8fdaec68abf0f8eb65151756c99,0xdac17f958d2ee523a2206206994597c13d831ec7,USDT,stable:USDT,0xcf179fa9856cb3e0b0fbc0bd0f8938f23d18e5829f3a092a77f687fc0bc33354_None_USDT_0xdac17f958d2ee523a2206206994597c13d831ec7,1640788144,1640788144,1,1151000000.0,1151.0,1151.0,0.000000,0.000000,0.775000,tx_agg_rolling_1800s_same_asset_group_or_route,Celer
ETH,eth_flow_b4e0bf5fa5024b__r7fam06__inst01__synth_noise_src_0,0xcf179fa9856cb3e0b0fbc0bd0f8938f23d18e5829f3a092a77f687fc0bc33354,0x5427fefa711eff984124bfbb1ab6fbf5e3da1820|0xce306190d879f8fdaec68abf0f8eb65151756c99,0xce306190d879f8fdaec68abf0f8eb65151756c99,0xdac17f958d2ee523a2206206994597c13d831ec7,USDT,stable:USDT,0xcf179fa9856cb3e0b0fbc0bd0f8938f23d18e5829f3a092a77f687fc0bc33354_None_USDT_0xdac17f958d2ee523a2206206994597c13d831ec7,1640788144,1640788144,1,1151000000.0,1151.0,1151.0,0.000000,0.000000,0.775000,tx_agg_rolling_1800s_same_asset_group_or_route,Celer
ETH,eth_flow_b4e0bf5fa5024b__r7fam06__inst01__synth_noise_src_1,0xcf179fa9856cb3e0b0fbc0bd0f8938f23d18e5829f3a092a77f687fc0bc33354,0x5427fefa711eff984124bfbb1ab6fbf5e3da1820|0xce306190d879f8fdaec68abf0f8eb65151756c99,0xce306190d879f8fdaec68abf0f8eb65151756c99,0xdac17f958d2ee523a2206206994597c13d831ec7,USDT,stable:USDT,0xcf179fa9856cb3e0b0fbc0bd0f8938f23d18e5829f3a092a77f687fc0bc33354_None_USDT_0xdac17f958d2ee523a2206206994597c13d831ec7,1640788144,1640788144,1,1151000000.0,1151.0,1151.0,0.000000,0.000000,0.775000,tx_agg_rolling_1800s_same_asset_group_or_route,Celer
ETH,eth_flow_1706ad15a8884f__r7fam07__inst00__synth_split_src,0xc94d1f0fc1c2d5c49c054fb80e53e5472b4bcc8518f89d59ff5892e1196f7994,0x489f5b64eb988f7ed4709aaf71c11b1fa2805359|0x5427fefa711eff984124bfbb1ab6fbf5e3da1820,0x489f5b64eb988f7ed4709aaf71c11b1fa2805359,0xa0b86991c6218b36c1d19d4a2e9eb0ce3606eb48,USDC,stable:USDC,0xc94d1f0fc1c2d5c49c054fb80e53e5472b4bcc8518f89d59ff5892e1196f7994_None_USDC_0xa0b86991c6218b36c1d19d4a2e9eb0ce3606eb48,1640597268,1640597268,1,505311065.0,505.311065,505.311065,0.000000,0.000000,0.775000,tx_agg_rolling_1800s_same_asset_group_or_route,Celer
ETH,eth_flow_1706ad15a8884f__r7fam07__inst00__synth_merge_src1,0xc94d1f0fc1c2d5c49c054fb80e53e5472b4bcc8518f89d59ff5892e1196f7994,0x489f5b64eb988f7ed4709aaf71c11b1fa2805359|0x5427fefa711eff984124bfbb1ab6fbf5e3da1820,0x489f5b64eb988f7ed4709aaf71c11b1fa2805359,0xa0b86991c6218b36c1d19d4a2e9eb0ce3606eb48,USDC,stable:USDC,0xc94d1f0fc1c2d5c49c054fb80e53e5472b4bcc8518f89d59ff5892e1196f7994_None_USDC_0xa0b86991c6218b36c1d19d4a2e9eb0ce3606eb48,1640597268,1640597268,1,252655532.5,252.6555325,252.6555325,0.000000,0.000000,0.775000,tx_agg_rolling_1800s_same_asset_group_or_route,Celer
ETH,eth_flow_1706ad15a8884f__r7fam07__inst00__synth_merge_src2,0xc94d1f0fc1c2d5c49c054fb80e53e5472b4bcc8518f89d59ff5892e1196f7994,0x489f5b64eb988f7ed4709aaf71c11b1fa2805359|0x5427fefa711eff984124bfbb1ab6fbf5e3da1820,0x489f5b64eb988f7ed4709aaf71c11b1fa2805359,0xa0b86991c6218b36c1d19d4a2e9eb0ce3606eb48,USDC,stable:USDC,0xc94d1f0fc1c2d5c49c054fb80e53e5472b4bcc8518f89d59ff5892e1196f7994_None_USDC_0xa0b86991c6218b36c1d19d4a2e9eb0ce3606eb48,1640597268,1640597268,1,252655532.5,252.6555325,252.6555325,0.000000,0.000000,0.775000,tx_agg_rolling_1800s_same_asset_group_or_route,Celer
ETH,eth_flow_1706ad15a8884f__r7fam07__inst00__synth_unmatched_src,0xc94d1f0fc1c2d5c49c054fb80e53e5472b4bcc8518f89d59ff5892e1196f7994,0x489f5b64eb988f7ed4709aaf71c11b1fa2805359|0x5427fefa711eff984124bfbb1ab6fbf5e3da1820,0x489f5b64eb988f7ed4709aaf71c11b1fa2805359,0xa0b86991c6218b36c1d19d4a2e9eb0ce3606eb48,USDC,stable:USDC,0xc94d1f0fc1c2d5c49c054fb80e53e5472b4bcc8518f89d59ff5892e1196f7994_None_USDC_0xa0b86991c6218b36c1d19d4a2e9eb0ce3606eb48,1640597268,1640597268,1,505311065.0,505.311065,505.311065,0.000000,0.000000,0.775000,tx_agg_rolling_1800s_same_asset_group_or_route,Celer
ETH,eth_flow_1706ad15a8884f__r7fam07__inst00__synth_noise_src_0,0xc94d1f0fc1c2d5c49c054fb80e53e5472b4bcc8518f89d59ff5892e1196f7994,0x489f5b64eb988f7ed4709aaf71c11b1fa2805359|0x5427fefa711eff984124bfbb1ab6fbf5e3da1820,0x489f5b64eb988f7ed4709aaf71c11b1fa2805359,0xa0b86991c6218b36c1d19d4a2e9eb0ce3606eb48,USDC,stable:USDC,0xc94d1f0fc1c2d5c49c054fb80e53e5472b4bcc8518f89d59ff5892e1196f7994_None_USDC_0xa0b86991c6218b36c1d19d4a2e9eb0ce3606eb48,1640597268,1640597268,1,505311065.0,505.311065,505.311065,0.000000,0.000000,0.775000,tx_agg_rolling_1800s_same_asset_group_or_route,Celer
ETH,eth_flow_1706ad15a8884f__r7fam07__inst00__synth_noise_src_1,0xc94d1f0fc1c2d5c49c054fb80e53e5472b4bcc8518f89d59ff5892e1196f7994,0x489f5b64eb988f7ed4709aaf71c11b1fa2805359|0x5427fefa711eff984124bfbb1ab6fbf5e3da1820,0x489f5b64eb988f7ed4709aaf71c11b1fa2805359,0xa0b86991c6218b36c1d19d4a2e9eb0ce3606eb48,USDC,stable:USDC,0xc94d1f0fc1c2d5c49c054fb80e53e5472b4bcc8518f89d59ff5892e1196f7994_None_USDC_0xa0b86991c6218b36c1d19d4a2e9eb0ce3606eb48,1640597268,1640597268,1,505311065.0,505.311065,505.311065,0.000000,0.000000,0.775000,tx_agg_rolling_1800s_same_asset_group_or_route,Celer
ETH,eth_flow_44e29fb341c44e__r7fam07__inst01__synth_split_src,0x2a2751cefe981eb640fb174768651f5065fb0a2003795c1993791afaf531f3a8,0x5427fefa711eff984124bfbb1ab6fbf5e3da1820|0x8666d7153538449e8de4a7777b3466188591833b,0x8666d7153538449e8de4a7777b3466188591833b,0xdac17f958d2ee523a2206206994597c13d831ec7,USDT,stable:USDT,0x2a2751cefe981eb640fb174768651f5065fb0a2003795c1993791afaf531f3a8_None_USDT_0xdac17f958d2ee523a2206206994597c13d831ec7,1640213380,1640213380,1,1250000000.0,1250.0,1250.0,0.000000,0.000000,0.775000,tx_agg_rolling_1800s_same_asset_group_or_route,Celer
ETH,eth_flow_44e29fb341c44e__r7fam07__inst01__synth_merge_src1,0x2a2751cefe981eb640fb174768651f5065fb0a2003795c1993791afaf531f3a8,0x5427fefa711eff984124bfbb1ab6fbf5e3da1820|0x8666d7153538449e8de4a7777b3466188591833b,0x8666d7153538449e8de4a7777b3466188591833b,0xdac17f958d2ee523a2206206994597c13d831ec7,USDT,stable:USDT,0x2a2751cefe981eb640fb174768651f5065fb0a2003795c1993791afaf531f3a8_None_USDT_0xdac17f958d2ee523a2206206994597c13d831ec7,1640213380,1640213380,1,625000000.0,625.0,625.0,0.000000,0.000000,0.775000,tx_agg_rolling_1800s_same_asset_group_or_route,Celer
ETH,eth_flow_44e29fb341c44e__r7fam07__inst01__synth_merge_src2,0x2a2751cefe981eb640fb174768651f5065fb0a2003795c1993791afaf531f3a8,0x5427fefa711eff984124bfbb1ab6fbf5e3da1820|0x8666d7153538449e8de4a7777b3466188591833b,0x8666d7153538449e8de4a7777b3466188591833b,0xdac17f958d2ee523a2206206994597c13d831ec7,USDT,stable:USDT,0x2a2751cefe981eb640fb174768651f5065fb0a2003795c1993791afaf531f3a8_None_USDT_0xdac17f958d2ee523a2206206994597c13d831ec7,1640213380,1640213380,1,625000000.0,625.0,625.0,0.000000,0.000000,0.775000,tx_agg_rolling_1800s_same_asset_group_or_route,Celer
ETH,eth_flow_44e29fb341c44e__r7fam07__inst01__synth_unmatched_src,0x2a2751cefe981eb640fb174768651f5065fb0a2003795c1993791afaf531f3a8,0x5427fefa711eff984124bfbb1ab6fbf5e3da1820|0x8666d7153538449e8de4a7777b3466188591833b,0x8666d7153538449e8de4a7777b3466188591833b,0xdac17f958d2ee523a2206206994597c13d831ec7,USDT,stable:USDT,0x2a2751cefe981eb640fb174768651f5065fb0a2003795c1993791afaf531f3a8_None_USDT_0xdac17f958d2ee523a2206206994597c13d831ec7,1640213380,1640213380,1,1250000000.0,1250.0,1250.0,0.000000,0.000000,0.775000,tx_agg_rolling_1800s_same_asset_group_or_route,Celer
ETH,eth_flow_44e29fb341c44e__r7fam07__inst01__synth_noise_src_0,0x2a2751cefe981eb640fb174768651f5065fb0a2003795c1993791afaf531f3a8,0x5427fefa711eff984124bfbb1ab6fbf5e3da1820|0x8666d7153538449e8de4a7777b3466188591833b,0x8666d7153538449e8de4a7777b3466188591833b,0xdac17f958d2ee523a2206206994597c13d831ec7,USDT,stable:USDT,0x2a2751cefe981eb640fb174768651f5065fb0a2003795c1993791afaf531f3a8_None_USDT_0xdac17f958d2ee523a2206206994597c13d831ec7,1640213380,1640213380,1,1250000000.0,1250.0,1250.0,0.000000,0.000000,0.775000,tx_agg_rolling_1800s_same_asset_group_or_route,Celer
ETH,eth_flow_44e29fb341c44e__r7fam07__inst01__synth_noise_src_1,0x2a2751cefe981eb640fb174768651f5065fb0a2003795c1993791afaf531f3a8,0x5427fefa711eff984124bfbb1ab6fbf5e3da1820|0x8666d7153538449e8de4a7777b3466188591833b,0x8666d7153538449e8de4a7777b3466188591833b,0xdac17f958d2ee523a2206206994597c13d831ec7,USDT,stable:USDT,0x2a2751cefe981eb640fb174768651f5065fb0a2003795c1993791afaf531f3a8_None_USDT_0xdac17f958d2ee523a2206206994597c13d831ec7,1640213380,1640213380,1,1250000000.0,1250.0,1250.0,0.000000,0.000000,0.775000,tx_agg_rolling_1800s_same_asset_group_or_route,Celer
ETH,eth_flow_395d236937a54a__r7fam08__inst00__synth_split_src,0x27af1138ff76eb881330abf0ec905932d0fce14dac5bf9a4f9972922418aa30b,0x6f94770a9e078ad9ce43a8f695967776e3279ea3|0x7510792a3b1969f9307f3845ce88e39578f2bae1,0x6f94770a9e078ad9ce43a8f695967776e3279ea3,0xfb5c6815ca3ac72ce9f5006869ae67f18bf77006,PSTAKE,token:PSTAKE,0x27af1138ff76eb881330abf0ec905932d0fce14dac5bf9a4f9972922418aa30b_None_PSTAKE_0xfb5c6815ca3ac72ce9f5006869ae67f18bf77006,1660006284,1660006284,1,1.36083e+21,1360.8300000000002,1360.8300000000002,20.930233,20.930233,0.775000,tx_agg_rolling_1800s_same_asset_group_or_route,Celer
ETH,eth_flow_395d236937a54a__r7fam08__inst00__synth_merge_src1,0x27af1138ff76eb881330abf0ec905932d0fce14dac5bf9a4f9972922418aa30b,0x6f94770a9e078ad9ce43a8f695967776e3279ea3|0x7510792a3b1969f9307f3845ce88e39578f2bae1,0x6f94770a9e078ad9ce43a8f695967776e3279ea3,0xfb5c6815ca3ac72ce9f5006869ae67f18bf77006,PSTAKE,token:PSTAKE,0x27af1138ff76eb881330abf0ec905932d0fce14dac5bf9a4f9972922418aa30b_None_PSTAKE_0xfb5c6815ca3ac72ce9f5006869ae67f18bf77006,1660006284,1660006284,1,6.80415e+20,680.4150000000001,680.4150000000001,20.930233,20.930233,0.775000,tx_agg_rolling_1800s_same_asset_group_or_route,Celer
ETH,eth_flow_395d236937a54a__r7fam08__inst00__synth_merge_src2,0x27af1138ff76eb881330abf0ec905932d0fce14dac5bf9a4f9972922418aa30b,0x6f94770a9e078ad9ce43a8f695967776e3279ea3|0x7510792a3b1969f9307f3845ce88e39578f2bae1,0x6f94770a9e078ad9ce43a8f695967776e3279ea3,0xfb5c6815ca3ac72ce9f5006869ae67f18bf77006,PSTAKE,token:PSTAKE,0x27af1138ff76eb881330abf0ec905932d0fce14dac5bf9a4f9972922418aa30b_None_PSTAKE_0xfb5c6815ca3ac72ce9f5006869ae67f18bf77006,1660006284,1660006284,1,6.80415e+20,680.4150000000001,680.4150000000001,20.930233,20.930233,0.775000,tx_agg_rolling_1800s_same_asset_group_or_route,Celer
ETH,eth_flow_395d236937a54a__r7fam08__inst00__synth_unmatched_src,0x27af1138ff76eb881330abf0ec905932d0fce14dac5bf9a4f9972922418aa30b,0x6f94770a9e078ad9ce43a8f695967776e3279ea3|0x7510792a3b1969f9307f3845ce88e39578f2bae1,0x6f94770a9e078ad9ce43a8f695967776e3279ea3,0xfb5c6815ca3ac72ce9f5006869ae67f18bf77006,PSTAKE,token:PSTAKE,0x27af1138ff76eb881330abf0ec905932d0fce14dac5bf9a4f9972922418aa30b_None_PSTAKE_0xfb5c6815ca3ac72ce9f5006869ae67f18bf77006,1660006284,1660006284,1,1.36083e+21,1360.8300000000002,1360.8300000000002,20.930233,20.930233,0.775000,tx_agg_rolling_1800s_same_asset_group_or_route,Celer
ETH,eth_flow_395d236937a54a__r7fam08__inst00__synth_noise_src_0,0x27af1138ff76eb881330abf0ec905932d0fce14dac5bf9a4f9972922418aa30b,0x6f94770a9e078ad9ce43a8f695967776e3279ea3|0x7510792a3b1969f9307f3845ce88e39578f2bae1,0x6f94770a9e078ad9ce43a8f695967776e3279ea3,0xfb5c6815ca3ac72ce9f5006869ae67f18bf77006,PSTAKE,token:PSTAKE,0x27af1138ff76eb881330abf0ec905932d0fce14dac5bf9a4f9972922418aa30b_None_PSTAKE_0xfb5c6815ca3ac72ce9f5006869ae67f18bf77006,1660006284,1660006284,1,1.36083e+21,1360.8300000000002,1360.8300000000002,20.930233,20.930233,0.775000,tx_agg_rolling_1800s_same_asset_group_or_route,Celer
ETH,eth_flow_395d236937a54a__r7fam08__inst00__synth_noise_src_1,0x27af1138ff76eb881330abf0ec905932d0fce14dac5bf9a4f9972922418aa30b,0x6f94770a9e078ad9ce43a8f695967776e3279ea3|0x7510792a3b1969f9307f3845ce88e39578f2bae1,0x6f94770a9e078ad9ce43a8f695967776e3279ea3,0xfb5c6815ca3ac72ce9f5006869ae67f18bf77006,PSTAKE,token:PSTAKE,0x27af1138ff76eb881330abf0ec905932d0fce14dac5bf9a4f9972922418aa30b_None_PSTAKE_0xfb5c6815ca3ac72ce9f5006869ae67f18bf77006,1660006284,1660006284,1,1.36083e+21,1360.8300000000002,1360.8300000000002,20.930233,20.930233,0.775000,tx_agg_rolling_1800s_same_asset_group_or_route,Celer
ETH,eth_flow_3a874eda391e42__r7fam08__inst01__synth_split_src,0xbd039a221268cd869fa264d1d79c74e29f8d2e7bdf7ef7c63a86783b1d3d301c,0x5427fefa711eff984124bfbb1ab6fbf5e3da1820|0x60f5998ea2afb6f64f997eeb87216442af229cdb,0x60f5998ea2afb6f64f997eeb87216442af229cdb,0x4fabb145d64652a948d72533023f6e7a623c7c53,BUSD,stable:BUSD,0xbd039a221268cd869fa264d1d79c74e29f8d2e7bdf7ef7c63a86783b1d3d301c_None_BUSD_0x4fabb145d64652a948d72533023f6e7a623c7c53,1640842019,1640842019,1,1.35501370744e+21,1355.01370744,1355.01370744,16.279070,16.279070,0.775000,tx_agg_rolling_1800s_same_asset_group_or_route,Celer
ETH,eth_flow_3a874eda391e42__r7fam08__inst01__synth_merge_src1,0xbd039a221268cd869fa264d1d79c74e29f8d2e7bdf7ef7c63a86783b1d3d301c,0x5427fefa711eff984124bfbb1ab6fbf5e3da1820|0x60f5998ea2afb6f64f997eeb87216442af229cdb,0x60f5998ea2afb6f64f997eeb87216442af229cdb,0x4fabb145d64652a948d72533023f6e7a623c7c53,BUSD,stable:BUSD,0xbd039a221268cd869fa264d1d79c74e29f8d2e7bdf7ef7c63a86783b1d3d301c_None_BUSD_0x4fabb145d64652a948d72533023f6e7a623c7c53,1640842019,1640842019,1,6.7750685372e+20,677.50685372,677.50685372,16.279070,16.279070,0.775000,tx_agg_rolling_1800s_same_asset_group_or_route,Celer
ETH,eth_flow_3a874eda391e42__r7fam08__inst01__synth_merge_src2,0xbd039a221268cd869fa264d1d79c74e29f8d2e7bdf7ef7c63a86783b1d3d301c,0x5427fefa711eff984124bfbb1ab6fbf5e3da1820|0x60f5998ea2afb6f64f997eeb87216442af229cdb,0x60f5998ea2afb6f64f997eeb87216442af229cdb,0x4fabb145d64652a948d72533023f6e7a623c7c53,BUSD,stable:BUSD,0xbd039a221268cd869fa264d1d79c74e29f8d2e7bdf7ef7c63a86783b1d3d301c_None_BUSD_0x4fabb145d64652a948d72533023f6e7a623c7c53,1640842019,1640842019,1,6.7750685372e+20,677.50685372,677.50685372,16.279070,16.279070,0.775000,tx_agg_rolling_1800s_same_asset_group_or_route,Celer
ETH,eth_flow_3a874eda391e42__r7fam08__inst01__synth_unmatched_src,0xbd039a221268cd869fa264d1d79c74e29f8d2e7bdf7ef7c63a86783b1d3d301c,0x5427fefa711eff984124bfbb1ab6fbf5e3da1820|0x60f5998ea2afb6f64f997eeb87216442af229cdb,0x60f5998ea2afb6f64f997eeb87216442af229cdb,0x4fabb145d64652a948d72533023f6e7a623c7c53,BUSD,stable:BUSD,0xbd039a221268cd869fa264d1d79c74e29f8d2e7bdf7ef7c63a86783b1d3d301c_None_BUSD_0x4fabb145d64652a948d72533023f6e7a623c7c53,1640842019,1640842019,1,1.35501370744e+21,1355.01370744,1355.01370744,16.279070,16.279070,0.775000,tx_agg_rolling_1800s_same_asset_group_or_route,Celer
ETH,eth_flow_3a874eda391e42__r7fam08__inst01__synth_noise_src_0,0xbd039a221268cd869fa264d1d79c74e29f8d2e7bdf7ef7c63a86783b1d3d301c,0x5427fefa711eff984124bfbb1ab6fbf5e3da1820|0x60f5998ea2afb6f64f997eeb87216442af229cdb,0x60f5998ea2afb6f64f997eeb87216442af229cdb,0x4fabb145d64652a948d72533023f6e7a623c7c53,BUSD,stable:BUSD,0xbd039a221268cd869fa264d1d79c74e29f8d2e7bdf7ef7c63a86783b1d3d301c_None_BUSD_0x4fabb145d64652a948d72533023f6e7a623c7c53,1640842019,1640842019,1,1.35501370744e+21,1355.01370744,1355.01370744,16.279070,16.279070,0.775000,tx_agg_rolling_1800s_same_asset_group_or_route,Celer
ETH,eth_flow_3a874eda391e42__r7fam08__inst01__synth_noise_src_1,0xbd039a221268cd869fa264d1d79c74e29f8d2e7bdf7ef7c63a86783b1d3d301c,0x5427fefa711eff984124bfbb1ab6fbf5e3da1820|0x60f5998ea2afb6f64f997eeb87216442af229cdb,0x60f5998ea2afb6f64f997eeb87216442af229cdb,0x4fabb145d64652a948d72533023f6e7a623c7c53,BUSD,stable:BUSD,0xbd039a221268cd869fa264d1d79c74e29f8d2e7bdf7ef7c63a86783b1d3d301c_None_BUSD_0x4fabb145d64652a948d72533023f6e7a623c7c53,1640842019,1640842019,1,1.35501370744e+21,1355.01370744,1355.01370744,16.279070,16.279070,0.775000,tx_agg_rolling_1800s_same_asset_group_or_route,Celer
ETH,eth_flow_d9d4edd8ec8046__r7fam09__inst00__synth_split_src,0x22f1658bb2673daf3b327f2c4aaf6c0aef7074e2224024764170d70bc74bd6ca,0x5427fefa711eff984124bfbb1ab6fbf5e3da1820|0xa4893a5a041915d14bac94696734c7de19884065,0xa4893a5a041915d14bac94696734c7de19884065,0x4fabb145d64652a948d72533023f6e7a623c7c53,BUSD,stable:BUSD,0x22f1658bb2673daf3b327f2c4aaf6c0aef7074e2224024764170d70bc74bd6ca_None_BUSD_0x4fabb145d64652a948d72533023f6e7a623c7c53,1639534771,1639534771,1,3.5e+20,350.0,350.0,16.279070,16.279070,0.800000,tx_agg_rolling_1800s_same_asset_group_or_route,Celer
ETH,eth_flow_d9d4edd8ec8046__r7fam09__inst00__synth_merge_src1,0x22f1658bb2673daf3b327f2c4aaf6c0aef7074e2224024764170d70bc74bd6ca,0x5427fefa711eff984124bfbb1ab6fbf5e3da1820|0xa4893a5a041915d14bac94696734c7de19884065,0xa4893a5a041915d14bac94696734c7de19884065,0x4fabb145d64652a948d72533023f6e7a623c7c53,BUSD,stable:BUSD,0x22f1658bb2673daf3b327f2c4aaf6c0aef7074e2224024764170d70bc74bd6ca_None_BUSD_0x4fabb145d64652a948d72533023f6e7a623c7c53,1639534771,1639534771,1,1.75e+20,175.0,175.0,16.279070,16.279070,0.800000,tx_agg_rolling_1800s_same_asset_group_or_route,Celer
ETH,eth_flow_d9d4edd8ec8046__r7fam09__inst00__synth_merge_src2,0x22f1658bb2673daf3b327f2c4aaf6c0aef7074e2224024764170d70bc74bd6ca,0x5427fefa711eff984124bfbb1ab6fbf5e3da1820|0xa4893a5a041915d14bac94696734c7de19884065,0xa4893a5a041915d14bac94696734c7de19884065,0x4fabb145d64652a948d72533023f6e7a623c7c53,BUSD,stable:BUSD,0x22f1658bb2673daf3b327f2c4aaf6c0aef7074e2224024764170d70bc74bd6ca_None_BUSD_0x4fabb145d64652a948d72533023f6e7a623c7c53,1639534771,1639534771,1,1.75e+20,175.0,175.0,16.279070,16.279070,0.800000,tx_agg_rolling_1800s_same_asset_group_or_route,Celer
ETH,eth_flow_d9d4edd8ec8046__r7fam09__inst00__synth_unmatched_src,0x22f1658bb2673daf3b327f2c4aaf6c0aef7074e2224024764170d70bc74bd6ca,0x5427fefa711eff984124bfbb1ab6fbf5e3da1820|0xa4893a5a041915d14bac94696734c7de19884065,0xa4893a5a041915d14bac94696734c7de19884065,0x4fabb145d64652a948d72533023f6e7a623c7c53,BUSD,stable:BUSD,0x22f1658bb2673daf3b327f2c4aaf6c0aef7074e2224024764170d70bc74bd6ca_None_BUSD_0x4fabb145d64652a948d72533023f6e7a623c7c53,1639534771,1639534771,1,3.5e+20,350.0,350.0,16.279070,16.279070,0.800000,tx_agg_rolling_1800s_same_asset_group_or_route,Celer
ETH,eth_flow_d9d4edd8ec8046__r7fam09__inst00__synth_noise_src_0,0x22f1658bb2673daf3b327f2c4aaf6c0aef7074e2224024764170d70bc74bd6ca,0x5427fefa711eff984124bfbb1ab6fbf5e3da1820|0xa4893a5a041915d14bac94696734c7de19884065,0xa4893a5a041915d14bac94696734c7de19884065,0x4fabb145d64652a948d72533023f6e7a623c7c53,BUSD,stable:BUSD,0x22f1658bb2673daf3b327f2c4aaf6c0aef7074e2224024764170d70bc74bd6ca_None_BUSD_0x4fabb145d64652a948d72533023f6e7a623c7c53,1639534771,1639534771,1,3.5e+20,350.0,350.0,16.279070,16.279070,0.800000,tx_agg_rolling_1800s_same_asset_group_or_route,Celer
ETH,eth_flow_d9d4edd8ec8046__r7fam09__inst00__synth_noise_src_1,0x22f1658bb2673daf3b327f2c4aaf6c0aef7074e2224024764170d70bc74bd6ca,0x5427fefa711eff984124bfbb1ab6fbf5e3da1820|0xa4893a5a041915d14bac94696734c7de19884065,0xa4893a5a041915d14bac94696734c7de19884065,0x4fabb145d64652a948d72533023f6e7a623c7c53,BUSD,stable:BUSD,0x22f1658bb2673daf3b327f2c4aaf6c0aef7074e2224024764170d70bc74bd6ca_None_BUSD_0x4fabb145d64652a948d72533023f6e7a623c7c53,1639534771,1639534771,1,3.5e+20,350.0,350.0,16.279070,16.279070,0.800000,tx_agg_rolling_1800s_same_asset_group_or_route,Celer
ETH,eth_flow_1839ab78796b4a__r7fam09__inst01__synth_split_src,0x6d9a489fb1a637aa9c4430623c4b9a73e32a5f68b351f53f898ff5e0b68de9a6,0x54003b76b2d4c2043be899ae4836b6cfaf41f379|0x5427fefa711eff984124bfbb1ab6fbf5e3da1820,0x54003b76b2d4c2043be899ae4836b6cfaf41f379,0xdac17f958d2ee523a2206206994597c13d831ec7,USDT,stable:USDT,0x6d9a489fb1a637aa9c4430623c4b9a73e32a5f68b351f53f898ff5e0b68de9a6_None_USDT_0xdac17f958d2ee523a2206206994597c13d831ec7,1639693214,1639693214,1,364517080.0,364.51708,364.51708,0.000000,0.000000,0.775000,tx_agg_rolling_1800s_same_asset_group_or_route,Celer
ETH,eth_flow_1839ab78796b4a__r7fam09__inst01__synth_merge_src1,0x6d9a489fb1a637aa9c4430623c4b9a73e32a5f68b351f53f898ff5e0b68de9a6,0x54003b76b2d4c2043be899ae4836b6cfaf41f379|0x5427fefa711eff984124bfbb1ab6fbf5e3da1820,0x54003b76b2d4c2043be899ae4836b6cfaf41f379,0xdac17f958d2ee523a2206206994597c13d831ec7,USDT,stable:USDT,0x6d9a489fb1a637aa9c4430623c4b9a73e32a5f68b351f53f898ff5e0b68de9a6_None_USDT_0xdac17f958d2ee523a2206206994597c13d831ec7,1639693214,1639693214,1,182258540.0,182.25854,182.25854,0.000000,0.000000,0.775000,tx_agg_rolling_1800s_same_asset_group_or_route,Celer
ETH,eth_flow_1839ab78796b4a__r7fam09__inst01__synth_merge_src2,0x6d9a489fb1a637aa9c4430623c4b9a73e32a5f68b351f53f898ff5e0b68de9a6,0x54003b76b2d4c2043be899ae4836b6cfaf41f379|0x5427fefa711eff984124bfbb1ab6fbf5e3da1820,0x54003b76b2d4c2043be899ae4836b6cfaf41f379,0xdac17f958d2ee523a2206206994597c13d831ec7,USDT,stable:USDT,0x6d9a489fb1a637aa9c4430623c4b9a73e32a5f68b351f53f898ff5e0b68de9a6_None_USDT_0xdac17f958d2ee523a2206206994597c13d831ec7,1639693214,1639693214,1,182258540.0,182.25854,182.25854,0.000000,0.000000,0.775000,tx_agg_rolling_1800s_same_asset_group_or_route,Celer
ETH,eth_flow_1839ab78796b4a__r7fam09__inst01__synth_unmatched_src,0x6d9a489fb1a637aa9c4430623c4b9a73e32a5f68b351f53f898ff5e0b68de9a6,0x54003b76b2d4c2043be899ae4836b6cfaf41f379|0x5427fefa711eff984124bfbb1ab6fbf5e3da1820,0x54003b76b2d4c2043be899ae4836b6cfaf41f379,0xdac17f958d2ee523a2206206994597c13d831ec7,USDT,stable:USDT,0x6d9a489fb1a637aa9c4430623c4b9a73e32a5f68b351f53f898ff5e0b68de9a6_None_USDT_0xdac17f958d2ee523a2206206994597c13d831ec7,1639693214,1639693214,1,364517080.0,364.51708,364.51708,0.000000,0.000000,0.775000,tx_agg_rolling_1800s_same_asset_group_or_route,Celer
ETH,eth_flow_1839ab78796b4a__r7fam09__inst01__synth_noise_src_0,0x6d9a489fb1a637aa9c4430623c4b9a73e32a5f68b351f53f898ff5e0b68de9a6,0x54003b76b2d4c2043be899ae4836b6cfaf41f379|0x5427fefa711eff984124bfbb1ab6fbf5e3da1820,0x54003b76b2d4c2043be899ae4836b6cfaf41f379,0xdac17f958d2ee523a2206206994597c13d831ec7,USDT,stable:USDT,0x6d9a489fb1a637aa9c4430623c4b9a73e32a5f68b351f53f898ff5e0b68de9a6_None_USDT_0xdac17f958d2ee523a2206206994597c13d831ec7,1639693214,1639693214,1,364517080.0,364.51708,364.51708,0.000000,0.000000,0.775000,tx_agg_rolling_1800s_same_asset_group_or_route,Celer
ETH,eth_flow_1839ab78796b4a__r7fam09__inst01__synth_noise_src_1,0x6d9a489fb1a637aa9c4430623c4b9a73e32a5f68b351f53f898ff5e0b68de9a6,0x54003b76b2d4c2043be899ae4836b6cfaf41f379|0x5427fefa711eff984124bfbb1ab6fbf5e3da1820,0x54003b76b2d4c2043be899ae4836b6cfaf41f379,0xdac17f958d2ee523a2206206994597c13d831ec7,USDT,stable:USDT,0x6d9a489fb1a637aa9c4430623c4b9a73e32a5f68b351f53f898ff5e0b68de9a6_None_USDT_0xdac17f958d2ee523a2206206994597c13d831ec7,1639693214,1639693214,1,364517080.0,364.51708,364.51708,0.000000,0.000000,0.775000,tx_agg_rolling_1800s_same_asset_group_or_route,Celer
ETH,eth_flow_875335bcec1647__r7fam10__inst00__synth_split_src,0x38cbf15b4d5cae95253e2aafd3ab736c0c3269fced9010cc09d63b5d6d885659,0x30a6ac643275e73ce20a6d24c6aff38cd2e9bce0|0x5427fefa711eff984124bfbb1ab6fbf5e3da1820,0x30a6ac643275e73ce20a6d24c6aff38cd2e9bce0,0xdac17f958d2ee523a2206206994597c13d831ec7,USDT,stable:USDT,0x38cbf15b4d5cae95253e2aafd3ab736c0c3269fced9010cc09d63b5d6d885659_None_USDT_0xdac17f958d2ee523a2206206994597c13d831ec7,1638691996,1638691996,1,523073573.0,523.073573,523.073573,0.000000,0.000000,0.800000,tx_agg_rolling_1800s_same_asset_group_or_route,Celer
ETH,eth_flow_875335bcec1647__r7fam10__inst00__synth_merge_src1,0x38cbf15b4d5cae95253e2aafd3ab736c0c3269fced9010cc09d63b5d6d885659,0x30a6ac643275e73ce20a6d24c6aff38cd2e9bce0|0x5427fefa711eff984124bfbb1ab6fbf5e3da1820,0x30a6ac643275e73ce20a6d24c6aff38cd2e9bce0,0xdac17f958d2ee523a2206206994597c13d831ec7,USDT,stable:USDT,0x38cbf15b4d5cae95253e2aafd3ab736c0c3269fced9010cc09d63b5d6d885659_None_USDT_0xdac17f958d2ee523a2206206994597c13d831ec7,1638691996,1638691996,1,261536786.5,261.5367865,261.5367865,0.000000,0.000000,0.800000,tx_agg_rolling_1800s_same_asset_group_or_route,Celer
ETH,eth_flow_875335bcec1647__r7fam10__inst00__synth_merge_src2,0x38cbf15b4d5cae95253e2aafd3ab736c0c3269fced9010cc09d63b5d6d885659,0x30a6ac643275e73ce20a6d24c6aff38cd2e9bce0|0x5427fefa711eff984124bfbb1ab6fbf5e3da1820,0x30a6ac643275e73ce20a6d24c6aff38cd2e9bce0,0xdac17f958d2ee523a2206206994597c13d831ec7,USDT,stable:USDT,0x38cbf15b4d5cae95253e2aafd3ab736c0c3269fced9010cc09d63b5d6d885659_None_USDT_0xdac17f958d2ee523a2206206994597c13d831ec7,1638691996,1638691996,1,261536786.5,261.5367865,261.5367865,0.000000,0.000000,0.800000,tx_agg_rolling_1800s_same_asset_group_or_route,Celer
ETH,eth_flow_875335bcec1647__r7fam10__inst00__synth_unmatched_src,0x38cbf15b4d5cae95253e2aafd3ab736c0c3269fced9010cc09d63b5d6d885659,0x30a6ac643275e73ce20a6d24c6aff38cd2e9bce0|0x5427fefa711eff984124bfbb1ab6fbf5e3da1820,0x30a6ac643275e73ce20a6d24c6aff38cd2e9bce0,0xdac17f958d2ee523a2206206994597c13d831ec7,USDT,stable:USDT,0x38cbf15b4d5cae95253e2aafd3ab736c0c3269fced9010cc09d63b5d6d885659_None_USDT_0xdac17f958d2ee523a2206206994597c13d831ec7,1638691996,1638691996,1,523073573.0,523.073573,523.073573,0.000000,0.000000,0.800000,tx_agg_rolling_1800s_same_asset_group_or_route,Celer
ETH,eth_flow_875335bcec1647__r7fam10__inst00__synth_noise_src_0,0x38cbf15b4d5cae95253e2aafd3ab736c0c3269fced9010cc09d63b5d6d885659,0x30a6ac643275e73ce20a6d24c6aff38cd2e9bce0|0x5427fefa711eff984124bfbb1ab6fbf5e3da1820,0x30a6ac643275e73ce20a6d24c6aff38cd2e9bce0,0xdac17f958d2ee523a2206206994597c13d831ec7,USDT,stable:USDT,0x38cbf15b4d5cae95253e2aafd3ab736c0c3269fced9010cc09d63b5d6d885659_None_USDT_0xdac17f958d2ee523a2206206994597c13d831ec7,1638691996,1638691996,1,523073573.0,523.073573,523.073573,0.000000,0.000000,0.800000,tx_agg_rolling_1800s_same_asset_group_or_route,Celer
ETH,eth_flow_875335bcec1647__r7fam10__inst00__synth_noise_src_1,0x38cbf15b4d5cae95253e2aafd3ab736c0c3269fced9010cc09d63b5d6d885659,0x30a6ac643275e73ce20a6d24c6aff38cd2e9bce0|0x5427fefa711eff984124bfbb1ab6fbf5e3da1820,0x30a6ac643275e73ce20a6d24c6aff38cd2e9bce0,0xdac17f958d2ee523a2206206994597c13d831ec7,USDT,stable:USDT,0x38cbf15b4d5cae95253e2aafd3ab736c0c3269fced9010cc09d63b5d6d885659_None_USDT_0xdac17f958d2ee523a2206206994597c13d831ec7,1638691996,1638691996,1,523073573.0,523.073573,523.073573,0.000000,0.000000,0.800000,tx_agg_rolling_1800s_same_asset_group_or_route,Celer
ETH,eth_flow_b2fe5e76cd724a__r7fam10__inst01__synth_split_src,0x5feaec8a48f2b37856caa592acf55509ff2fdf56ceb5d2b47c44c2c220407cc9,0x5427fefa711eff984124bfbb1ab6fbf5e3da1820|0x75eaa3db32e3e88ba80dc3eadc2a08522f157cc2,0x75eaa3db32e3e88ba80dc3eadc2a08522f157cc2,0xdac17f958d2ee523a2206206994597c13d831ec7,USDT,stable:USDT,0x5feaec8a48f2b37856caa592acf55509ff2fdf56ceb5d2b47c44c2c220407cc9_None_USDT_0xdac17f958d2ee523a2206206994597c13d831ec7,1638566917,1638566917,1,448568654.0,448.568654,448.568654,0.000000,0.000000,0.800000,tx_agg_rolling_1800s_same_asset_group_or_route,Celer
ETH,eth_flow_b2fe5e76cd724a__r7fam10__inst01__synth_merge_src1,0x5feaec8a48f2b37856caa592acf55509ff2fdf56ceb5d2b47c44c2c220407cc9,0x5427fefa711eff984124bfbb1ab6fbf5e3da1820|0x75eaa3db32e3e88ba80dc3eadc2a08522f157cc2,0x75eaa3db32e3e88ba80dc3eadc2a08522f157cc2,0xdac17f958d2ee523a2206206994597c13d831ec7,USDT,stable:USDT,0x5feaec8a48f2b37856caa592acf55509ff2fdf56ceb5d2b47c44c2c220407cc9_None_USDT_0xdac17f958d2ee523a2206206994597c13d831ec7,1638566917,1638566917,1,224284327.0,224.284327,224.284327,0.000000,0.000000,0.800000,tx_agg_rolling_1800s_same_asset_group_or_route,Celer
ETH,eth_flow_b2fe5e76cd724a__r7fam10__inst01__synth_merge_src2,0x5feaec8a48f2b37856caa592acf55509ff2fdf56ceb5d2b47c44c2c220407cc9,0x5427fefa711eff984124bfbb1ab6fbf5e3da1820|0x75eaa3db32e3e88ba80dc3eadc2a08522f157cc2,0x75eaa3db32e3e88ba80dc3eadc2a08522f157cc2,0xdac17f958d2ee523a2206206994597c13d831ec7,USDT,stable:USDT,0x5feaec8a48f2b37856caa592acf55509ff2fdf56ceb5d2b47c44c2c220407cc9_None_USDT_0xdac17f958d2ee523a2206206994597c13d831ec7,1638566917,1638566917,1,224284327.0,224.284327,224.284327,0.000000,0.000000,0.800000,tx_agg_rolling_1800s_same_asset_group_or_route,Celer
ETH,eth_flow_b2fe5e76cd724a__r7fam10__inst01__synth_unmatched_src,0x5feaec8a48f2b37856caa592acf55509ff2fdf56ceb5d2b47c44c2c220407cc9,0x5427fefa711eff984124bfbb1ab6fbf5e3da1820|0x75eaa3db32e3e88ba80dc3eadc2a08522f157cc2,0x75eaa3db32e3e88ba80dc3eadc2a08522f157cc2,0xdac17f958d2ee523a2206206994597c13d831ec7,USDT,stable:USDT,0x5feaec8a48f2b37856caa592acf55509ff2fdf56ceb5d2b47c44c2c220407cc9_None_USDT_0xdac17f958d2ee523a2206206994597c13d831ec7,1638566917,1638566917,1,448568654.0,448.568654,448.568654,0.000000,0.000000,0.800000,tx_agg_rolling_1800s_same_asset_group_or_route,Celer
ETH,eth_flow_b2fe5e76cd724a__r7fam10__inst01__synth_noise_src_0,0x5feaec8a48f2b37856caa592acf55509ff2fdf56ceb5d2b47c44c2c220407cc9,0x5427fefa711eff984124bfbb1ab6fbf5e3da1820|0x75eaa3db32e3e88ba80dc3eadc2a08522f157cc2,0x75eaa3db32e3e88ba80dc3eadc2a08522f157cc2,0xdac17f958d2ee523a2206206994597c13d831ec7,USDT,stable:USDT,0x5feaec8a48f2b37856caa592acf55509ff2fdf56ceb5d2b47c44c2c220407cc9_None_USDT_0xdac17f958d2ee523a2206206994597c13d831ec7,1638566917,1638566917,1,448568654.0,448.568654,448.568654,0.000000,0.000000,0.800000,tx_agg_rolling_1800s_same_asset_group_or_route,Celer
ETH,eth_flow_b2fe5e76cd724a__r7fam10__inst01__synth_noise_src_1,0x5feaec8a48f2b37856caa592acf55509ff2fdf56ceb5d2b47c44c2c220407cc9,0x5427fefa711eff984124bfbb1ab6fbf5e3da1820|0x75eaa3db32e3e88ba80dc3eadc2a08522f157cc2,0x75eaa3db32e3e88ba80dc3eadc2a08522f157cc2,0xdac17f958d2ee523a2206206994597c13d831ec7,USDT,stable:USDT,0x5feaec8a48f2b37856caa592acf55509ff2fdf56ceb5d2b47c44c2c220407cc9_None_USDT_0xdac17f958d2ee523a2206206994597c13d831ec7,1638566917,1638566917,1,448568654.0,448.568654,448.568654,0.000000,0.000000,0.800000,tx_agg_rolling_1800s_same_asset_group_or_route,Celer
ETH,eth_flow_209b7fe31cda47__r7fam11__inst00__synth_split_src,0xb6d10c02f6966aebe9ec0a94cb483be7726abba5c36c6dd7bd49bc8c20e7bdbb,0x5427fefa711eff984124bfbb1ab6fbf5e3da1820|0xcc3c6df6ac81f6758a638e3058e3781a21fffab2,0xcc3c6df6ac81f6758a638e3058e3781a21fffab2,0xdac17f958d2ee523a2206206994597c13d831ec7,USDT,stable:USDT,0xb6d10c02f6966aebe9ec0a94cb483be7726abba5c36c6dd7bd49bc8c20e7bdbb_None_USDT_0xdac17f958d2ee523a2206206994597c13d831ec7,1638806639,1638806639,1,1326658842.0,1326.658842,1326.658842,0.000000,0.000000,0.800000,tx_agg_rolling_1800s_same_asset_group_or_route,Celer
ETH,eth_flow_209b7fe31cda47__r7fam11__inst00__synth_merge_src1,0xb6d10c02f6966aebe9ec0a94cb483be7726abba5c36c6dd7bd49bc8c20e7bdbb,0x5427fefa711eff984124bfbb1ab6fbf5e3da1820|0xcc3c6df6ac81f6758a638e3058e3781a21fffab2,0xcc3c6df6ac81f6758a638e3058e3781a21fffab2,0xdac17f958d2ee523a2206206994597c13d831ec7,USDT,stable:USDT,0xb6d10c02f6966aebe9ec0a94cb483be7726abba5c36c6dd7bd49bc8c20e7bdbb_None_USDT_0xdac17f958d2ee523a2206206994597c13d831ec7,1638806639,1638806639,1,663329421.0,663.329421,663.329421,0.000000,0.000000,0.800000,tx_agg_rolling_1800s_same_asset_group_or_route,Celer
ETH,eth_flow_209b7fe31cda47__r7fam11__inst00__synth_merge_src2,0xb6d10c02f6966aebe9ec0a94cb483be7726abba5c36c6dd7bd49bc8c20e7bdbb,0x5427fefa711eff984124bfbb1ab6fbf5e3da1820|0xcc3c6df6ac81f6758a638e3058e3781a21fffab2,0xcc3c6df6ac81f6758a638e3058e3781a21fffab2,0xdac17f958d2ee523a2206206994597c13d831ec7,USDT,stable:USDT,0xb6d10c02f6966aebe9ec0a94cb483be7726abba5c36c6dd7bd49bc8c20e7bdbb_None_USDT_0xdac17f958d2ee523a2206206994597c13d831ec7,1638806639,1638806639,1,663329421.0,663.329421,663.329421,0.000000,0.000000,0.800000,tx_agg_rolling_1800s_same_asset_group_or_route,Celer
ETH,eth_flow_209b7fe31cda47__r7fam11__inst00__synth_unmatched_src,0xb6d10c02f6966aebe9ec0a94cb483be7726abba5c36c6dd7bd49bc8c20e7bdbb,0x5427fefa711eff984124bfbb1ab6fbf5e3da1820|0xcc3c6df6ac81f6758a638e3058e3781a21fffab2,0xcc3c6df6ac81f6758a638e3058e3781a21fffab2,0xdac17f958d2ee523a2206206994597c13d831ec7,USDT,stable:USDT,0xb6d10c02f6966aebe9ec0a94cb483be7726abba5c36c6dd7bd49bc8c20e7bdbb_None_USDT_0xdac17f958d2ee523a2206206994597c13d831ec7,1638806639,1638806639,1,1326658842.0,1326.658842,1326.658842,0.000000,0.000000,0.800000,tx_agg_rolling_1800s_same_asset_group_or_route,Celer
ETH,eth_flow_209b7fe31cda47__r7fam11__inst00__synth_noise_src_0,0xb6d10c02f6966aebe9ec0a94cb483be7726abba5c36c6dd7bd49bc8c20e7bdbb,0x5427fefa711eff984124bfbb1ab6fbf5e3da1820|0xcc3c6df6ac81f6758a638e3058e3781a21fffab2,0xcc3c6df6ac81f6758a638e3058e3781a21fffab2,0xdac17f958d2ee523a2206206994597c13d831ec7,USDT,stable:USDT,0xb6d10c02f6966aebe9ec0a94cb483be7726abba5c36c6dd7bd49bc8c20e7bdbb_None_USDT_0xdac17f958d2ee523a2206206994597c13d831ec7,1638806639,1638806639,1,1326658842.0,1326.658842,1326.658842,0.000000,0.000000,0.800000,tx_agg_rolling_1800s_same_asset_group_or_route,Celer
ETH,eth_flow_209b7fe31cda47__r7fam11__inst00__synth_noise_src_1,0xb6d10c02f6966aebe9ec0a94cb483be7726abba5c36c6dd7bd49bc8c20e7bdbb,0x5427fefa711eff984124bfbb1ab6fbf5e3da1820|0xcc3c6df6ac81f6758a638e3058e3781a21fffab2,0xcc3c6df6ac81f6758a638e3058e3781a21fffab2,0xdac17f958d2ee523a2206206994597c13d831ec7,USDT,stable:USDT,0xb6d10c02f6966aebe9ec0a94cb483be7726abba5c36c6dd7bd49bc8c20e7bdbb_None_USDT_0xdac17f958d2ee523a2206206994597c13d831ec7,1638806639,1638806639,1,1326658842.0,1326.658842,1326.658842,0.000000,0.000000,0.800000,tx_agg_rolling_1800s_same_asset_group_or_route,Celer
ETH,eth_flow_f54db09fb08c45__r7fam11__inst01__synth_split_src,0x15cb904098c48b0ce00477051aa32d776fcc31b2b3e62ad28920175fd9cf6e29,0x26dcd88d585277ec6cd3e20abb87046aeced9411|0x5427fefa711eff984124bfbb1ab6fbf5e3da1820,0x26dcd88d585277ec6cd3e20abb87046aeced9411,0xdac17f958d2ee523a2206206994597c13d831ec7,USDT,stable:USDT,0x15cb904098c48b0ce00477051aa32d776fcc31b2b3e62ad28920175fd9cf6e29_None_USDT_0xdac17f958d2ee523a2206206994597c13d831ec7,1639511528,1639511528,1,712824209.0,712.824209,712.824209,0.000000,0.000000,0.800000,tx_agg_rolling_1800s_same_asset_group_or_route,Celer
ETH,eth_flow_f54db09fb08c45__r7fam11__inst01__synth_merge_src1,0x15cb904098c48b0ce00477051aa32d776fcc31b2b3e62ad28920175fd9cf6e29,0x26dcd88d585277ec6cd3e20abb87046aeced9411|0x5427fefa711eff984124bfbb1ab6fbf5e3da1820,0x26dcd88d585277ec6cd3e20abb87046aeced9411,0xdac17f958d2ee523a2206206994597c13d831ec7,USDT,stable:USDT,0x15cb904098c48b0ce00477051aa32d776fcc31b2b3e62ad28920175fd9cf6e29_None_USDT_0xdac17f958d2ee523a2206206994597c13d831ec7,1639511528,1639511528,1,356412104.5,356.4121045,356.4121045,0.000000,0.000000,0.800000,tx_agg_rolling_1800s_same_asset_group_or_route,Celer
ETH,eth_flow_f54db09fb08c45__r7fam11__inst01__synth_merge_src2,0x15cb904098c48b0ce00477051aa32d776fcc31b2b3e62ad28920175fd9cf6e29,0x26dcd88d585277ec6cd3e20abb87046aeced9411|0x5427fefa711eff984124bfbb1ab6fbf5e3da1820,0x26dcd88d585277ec6cd3e20abb87046aeced9411,0xdac17f958d2ee523a2206206994597c13d831ec7,USDT,stable:USDT,0x15cb904098c48b0ce00477051aa32d776fcc31b2b3e62ad28920175fd9cf6e29_None_USDT_0xdac17f958d2ee523a2206206994597c13d831ec7,1639511528,1639511528,1,356412104.5,356.4121045,356.4121045,0.000000,0.000000,0.800000,tx_agg_rolling_1800s_same_asset_group_or_route,Celer
ETH,eth_flow_f54db09fb08c45__r7fam11__inst01__synth_unmatched_src,0x15cb904098c48b0ce00477051aa32d776fcc31b2b3e62ad28920175fd9cf6e29,0x26dcd88d585277ec6cd3e20abb87046aeced9411|0x5427fefa711eff984124bfbb1ab6fbf5e3da1820,0x26dcd88d585277ec6cd3e20abb87046aeced9411,0xdac17f958d2ee523a2206206994597c13d831ec7,USDT,stable:USDT,0x15cb904098c48b0ce00477051aa32d776fcc31b2b3e62ad28920175fd9cf6e29_None_USDT_0xdac17f958d2ee523a2206206994597c13d831ec7,1639511528,1639511528,1,712824209.0,712.824209,712.824209,0.000000,0.000000,0.800000,tx_agg_rolling_1800s_same_asset_group_or_route,Celer
ETH,eth_flow_f54db09fb08c45__r7fam11__inst01__synth_noise_src_0,0x15cb904098c48b0ce00477051aa32d776fcc31b2b3e62ad28920175fd9cf6e29,0x26dcd88d585277ec6cd3e20abb87046aeced9411|0x5427fefa711eff984124bfbb1ab6fbf5e3da1820,0x26dcd88d585277ec6cd3e20abb87046aeced9411,0xdac17f958d2ee523a2206206994597c13d831ec7,USDT,stable:USDT,0x15cb904098c48b0ce00477051aa32d776fcc31b2b3e62ad28920175fd9cf6e29_None_USDT_0xdac17f958d2ee523a2206206994597c13d831ec7,1639511528,1639511528,1,712824209.0,712.824209,712.824209,0.000000,0.000000,0.800000,tx_agg_rolling_1800s_same_asset_group_or_route,Celer
ETH,eth_flow_f54db09fb08c45__r7fam11__inst01__synth_noise_src_1,0x15cb904098c48b0ce00477051aa32d776fcc31b2b3e62ad28920175fd9cf6e29,0x26dcd88d585277ec6cd3e20abb87046aeced9411|0x5427fefa711eff984124bfbb1ab6fbf5e3da1820,0x26dcd88d585277ec6cd3e20abb87046aeced9411,0xdac17f958d2ee523a2206206994597c13d831ec7,USDT,stable:USDT,0x15cb904098c48b0ce00477051aa32d776fcc31b2b3e62ad28920175fd9cf6e29_None_USDT_0xdac17f958d2ee523a2206206994597c13d831ec7,1639511528,1639511528,1,712824209.0,712.824209,712.824209,0.000000,0.000000,0.800000,tx_agg_rolling_1800s_same_asset_group_or_route,Celer
ETH,eth_flow_13e15c66910543__r7fam12__inst00__synth_split_src,0x0e552f4b03fc4b9fba653a1521cfeb1fcc9ddc42609093db15740e53eba893f1,0x4b6b03ed1ce58fdde44fea14e489a565c80085cc|0x5427fefa711eff984124bfbb1ab6fbf5e3da1820,0x4b6b03ed1ce58fdde44fea14e489a565c80085cc,0xdac17f958d2ee523a2206206994597c13d831ec7,USDT,stable:USDT,0x0e552f4b03fc4b9fba653a1521cfeb1fcc9ddc42609093db15740e53eba893f1_None_USDT_0xdac17f958d2ee523a2206206994597c13d831ec7,1638902682,1638902682,1,2000000000.0,2000.0,2000.0,0.000000,0.000000,0.800000,tx_agg_rolling_1800s_same_asset_group_or_route,Celer
ETH,eth_flow_13e15c66910543__r7fam12__inst00__synth_merge_src1,0x0e552f4b03fc4b9fba653a1521cfeb1fcc9ddc42609093db15740e53eba893f1,0x4b6b03ed1ce58fdde44fea14e489a565c80085cc|0x5427fefa711eff984124bfbb1ab6fbf5e3da1820,0x4b6b03ed1ce58fdde44fea14e489a565c80085cc,0xdac17f958d2ee523a2206206994597c13d831ec7,USDT,stable:USDT,0x0e552f4b03fc4b9fba653a1521cfeb1fcc9ddc42609093db15740e53eba893f1_None_USDT_0xdac17f958d2ee523a2206206994597c13d831ec7,1638902682,1638902682,1,1000000000.0,1000.0,1000.0,0.000000,0.000000,0.800000,tx_agg_rolling_1800s_same_asset_group_or_route,Celer
ETH,eth_flow_13e15c66910543__r7fam12__inst00__synth_merge_src2,0x0e552f4b03fc4b9fba653a1521cfeb1fcc9ddc42609093db15740e53eba893f1,0x4b6b03ed1ce58fdde44fea14e489a565c80085cc|0x5427fefa711eff984124bfbb1ab6fbf5e3da1820,0x4b6b03ed1ce58fdde44fea14e489a565c80085cc,0xdac17f958d2ee523a2206206994597c13d831ec7,USDT,stable:USDT,0x0e552f4b03fc4b9fba653a1521cfeb1fcc9ddc42609093db15740e53eba893f1_None_USDT_0xdac17f958d2ee523a2206206994597c13d831ec7,1638902682,1638902682,1,1000000000.0,1000.0,1000.0,0.000000,0.000000,0.800000,tx_agg_rolling_1800s_same_asset_group_or_route,Celer
ETH,eth_flow_13e15c66910543__r7fam12__inst00__synth_unmatched_src,0x0e552f4b03fc4b9fba653a1521cfeb1fcc9ddc42609093db15740e53eba893f1,0x4b6b03ed1ce58fdde44fea14e489a565c80085cc|0x5427fefa711eff984124bfbb1ab6fbf5e3da1820,0x4b6b03ed1ce58fdde44fea14e489a565c80085cc,0xdac17f958d2ee523a2206206994597c13d831ec7,USDT,stable:USDT,0x0e552f4b03fc4b9fba653a1521cfeb1fcc9ddc42609093db15740e53eba893f1_None_USDT_0xdac17f958d2ee523a2206206994597c13d831ec7,1638902682,1638902682,1,2000000000.0,2000.0,2000.0,0.000000,0.000000,0.800000,tx_agg_rolling_1800s_same_asset_group_or_route,Celer
ETH,eth_flow_13e15c66910543__r7fam12__inst00__synth_noise_src_0,0x0e552f4b03fc4b9fba653a1521cfeb1fcc9ddc42609093db15740e53eba893f1,0x4b6b03ed1ce58fdde44fea14e489a565c80085cc|0x5427fefa711eff984124bfbb1ab6fbf5e3da1820,0x4b6b03ed1ce58fdde44fea14e489a565c80085cc,0xdac17f958d2ee523a2206206994597c13d831ec7,USDT,stable:USDT,0x0e552f4b03fc4b9fba653a1521cfeb1fcc9ddc42609093db15740e53eba893f1_None_USDT_0xdac17f958d2ee523a2206206994597c13d831ec7,1638902682,1638902682,1,2000000000.0,2000.0,2000.0,0.000000,0.000000,0.800000,tx_agg_rolling_1800s_same_asset_group_or_route,Celer
ETH,eth_flow_13e15c66910543__r7fam12__inst00__synth_noise_src_1,0x0e552f4b03fc4b9fba653a1521cfeb1fcc9ddc42609093db15740e53eba893f1,0x4b6b03ed1ce58fdde44fea14e489a565c80085cc|0x5427fefa711eff984124bfbb1ab6fbf5e3da1820,0x4b6b03ed1ce58fdde44fea14e489a565c80085cc,0xdac17f958d2ee523a2206206994597c13d831ec7,USDT,stable:USDT,0x0e552f4b03fc4b9fba653a1521cfeb1fcc9ddc42609093db15740e53eba893f1_None_USDT_0xdac17f958d2ee523a2206206994597c13d831ec7,1638902682,1638902682,1,2000000000.0,2000.0,2000.0,0.000000,0.000000,0.800000,tx_agg_rolling_1800s_same_asset_group_or_route,Celer
ETH,eth_flow_a8a9d62d9d464a__r7fam12__inst01__synth_split_src,0x30e4e36e4131f4920a833bcad763894ce2af253c3418c4aa526c67d83b60eeb0,0x5427fefa711eff984124bfbb1ab6fbf5e3da1820|0xc26f827f1b8cf661a7bca954bb21eb6138a27101,0xc26f827f1b8cf661a7bca954bb21eb6138a27101,0xdac17f958d2ee523a2206206994597c13d831ec7,USDT,stable:USDT,0x30e4e36e4131f4920a833bcad763894ce2af253c3418c4aa526c67d83b60eeb0_None_USDT_0xdac17f958d2ee523a2206206994597c13d831ec7,1640306505,1640306505,1,6449144232.0,6449.144232,6449.144232,0.000000,0.000000,0.775000,tx_agg_rolling_1800s_same_asset_group_or_route,Celer
ETH,eth_flow_a8a9d62d9d464a__r7fam12__inst01__synth_merge_src1,0x30e4e36e4131f4920a833bcad763894ce2af253c3418c4aa526c67d83b60eeb0,0x5427fefa711eff984124bfbb1ab6fbf5e3da1820|0xc26f827f1b8cf661a7bca954bb21eb6138a27101,0xc26f827f1b8cf661a7bca954bb21eb6138a27101,0xdac17f958d2ee523a2206206994597c13d831ec7,USDT,stable:USDT,0x30e4e36e4131f4920a833bcad763894ce2af253c3418c4aa526c67d83b60eeb0_None_USDT_0xdac17f958d2ee523a2206206994597c13d831ec7,1640306505,1640306505,1,3224572116.0,3224.572116,3224.572116,0.000000,0.000000,0.775000,tx_agg_rolling_1800s_same_asset_group_or_route,Celer
ETH,eth_flow_a8a9d62d9d464a__r7fam12__inst01__synth_merge_src2,0x30e4e36e4131f4920a833bcad763894ce2af253c3418c4aa526c67d83b60eeb0,0x5427fefa711eff984124bfbb1ab6fbf5e3da1820|0xc26f827f1b8cf661a7bca954bb21eb6138a27101,0xc26f827f1b8cf661a7bca954bb21eb6138a27101,0xdac17f958d2ee523a2206206994597c13d831ec7,USDT,stable:USDT,0x30e4e36e4131f4920a833bcad763894ce2af253c3418c4aa526c67d83b60eeb0_None_USDT_0xdac17f958d2ee523a2206206994597c13d831ec7,1640306505,1640306505,1,3224572116.0,3224.572116,3224.572116,0.000000,0.000000,0.775000,tx_agg_rolling_1800s_same_asset_group_or_route,Celer
ETH,eth_flow_a8a9d62d9d464a__r7fam12__inst01__synth_unmatched_src,0x30e4e36e4131f4920a833bcad763894ce2af253c3418c4aa526c67d83b60eeb0,0x5427fefa711eff984124bfbb1ab6fbf5e3da1820|0xc26f827f1b8cf661a7bca954bb21eb6138a27101,0xc26f827f1b8cf661a7bca954bb21eb6138a27101,0xdac17f958d2ee523a2206206994597c13d831ec7,USDT,stable:USDT,0x30e4e36e4131f4920a833bcad763894ce2af253c3418c4aa526c67d83b60eeb0_None_USDT_0xdac17f958d2ee523a2206206994597c13d831ec7,1640306505,1640306505,1,6449144232.0,6449.144232,6449.144232,0.000000,0.000000,0.775000,tx_agg_rolling_1800s_same_asset_group_or_route,Celer
ETH,eth_flow_a8a9d62d9d464a__r7fam12__inst01__synth_noise_src_0,0x30e4e36e4131f4920a833bcad763894ce2af253c3418c4aa526c67d83b60eeb0,0x5427fefa711eff984124bfbb1ab6fbf5e3da1820|0xc26f827f1b8cf661a7bca954bb21eb6138a27101,0xc26f827f1b8cf661a7bca954bb21eb6138a27101,0xdac17f958d2ee523a2206206994597c13d831ec7,USDT,stable:USDT,0x30e4e36e4131f4920a833bcad763894ce2af253c3418c4aa526c67d83b60eeb0_None_USDT_0xdac17f958d2ee523a2206206994597c13d831ec7,1640306505,1640306505,1,6449144232.0,6449.144232,6449.144232,0.000000,0.000000,0.775000,tx_agg_rolling_1800s_same_asset_group_or_route,Celer
ETH,eth_flow_a8a9d62d9d464a__r7fam12__inst01__synth_noise_src_1,0x30e4e36e4131f4920a833bcad763894ce2af253c3418c4aa526c67d83b60eeb0,0x5427fefa711eff984124bfbb1ab6fbf5e3da1820|0xc26f827f1b8cf661a7bca954bb21eb6138a27101,0xc26f827f1b8cf661a7bca954bb21eb6138a27101,0xdac17f958d2ee523a2206206994597c13d831ec7,USDT,stable:USDT,0x30e4e36e4131f4920a833bcad763894ce2af253c3418c4aa526c67d83b60eeb0_None_USDT_0xdac17f958d2ee523a2206206994597c13d831ec7,1640306505,1640306505,1,6449144232.0,6449.144232,6449.144232,0.000000,0.000000,0.775000,tx_agg_rolling_1800s_same_asset_group_or_route,Celer
ETH,eth_flow_7c8585836b8548__r7fam13__inst00__synth_split_src,0xa188cb8bf334c2eb0b00822aa161c78342f841c423e9c7ee5b709996f0a5d55f,0x5427fefa711eff984124bfbb1ab6fbf5e3da1820|0x5c818f2134150d7d487447b6e2dab7508d411268,0x5c818f2134150d7d487447b6e2dab7508d411268,0xdac17f958d2ee523a2206206994597c13d831ec7,USDT,stable:USDT,0xa188cb8bf334c2eb0b00822aa161c78342f841c423e9c7ee5b709996f0a5d55f_None_USDT_0xdac17f958d2ee523a2206206994597c13d831ec7,1640796740,1640796740,1,8075000000.0,8075.0,8075.0,16.279070,16.279070,0.775000,tx_agg_rolling_1800s_same_asset_group_or_route,Celer
ETH,eth_flow_7c8585836b8548__r7fam13__inst00__synth_merge_src1,0xa188cb8bf334c2eb0b00822aa161c78342f841c423e9c7ee5b709996f0a5d55f,0x5427fefa711eff984124bfbb1ab6fbf5e3da1820|0x5c818f2134150d7d487447b6e2dab7508d411268,0x5c818f2134150d7d487447b6e2dab7508d411268,0xdac17f958d2ee523a2206206994597c13d831ec7,USDT,stable:USDT,0xa188cb8bf334c2eb0b00822aa161c78342f841c423e9c7ee5b709996f0a5d55f_None_USDT_0xdac17f958d2ee523a2206206994597c13d831ec7,1640796740,1640796740,1,4037500000.0,4037.5,4037.5,16.279070,16.279070,0.775000,tx_agg_rolling_1800s_same_asset_group_or_route,Celer
ETH,eth_flow_7c8585836b8548__r7fam13__inst00__synth_merge_src2,0xa188cb8bf334c2eb0b00822aa161c78342f841c423e9c7ee5b709996f0a5d55f,0x5427fefa711eff984124bfbb1ab6fbf5e3da1820|0x5c818f2134150d7d487447b6e2dab7508d411268,0x5c818f2134150d7d487447b6e2dab7508d411268,0xdac17f958d2ee523a2206206994597c13d831ec7,USDT,stable:USDT,0xa188cb8bf334c2eb0b00822aa161c78342f841c423e9c7ee5b709996f0a5d55f_None_USDT_0xdac17f958d2ee523a2206206994597c13d831ec7,1640796740,1640796740,1,4037500000.0,4037.5,4037.5,16.279070,16.279070,0.775000,tx_agg_rolling_1800s_same_asset_group_or_route,Celer
ETH,eth_flow_7c8585836b8548__r7fam13__inst00__synth_unmatched_src,0xa188cb8bf334c2eb0b00822aa161c78342f841c423e9c7ee5b709996f0a5d55f,0x5427fefa711eff984124bfbb1ab6fbf5e3da1820|0x5c818f2134150d7d487447b6e2dab7508d411268,0x5c818f2134150d7d487447b6e2dab7508d411268,0xdac17f958d2ee523a2206206994597c13d831ec7,USDT,stable:USDT,0xa188cb8bf334c2eb0b00822aa161c78342f841c423e9c7ee5b709996f0a5d55f_None_USDT_0xdac17f958d2ee523a2206206994597c13d831ec7,1640796740,1640796740,1,8075000000.0,8075.0,8075.0,16.279070,16.279070,0.775000,tx_agg_rolling_1800s_same_asset_group_or_route,Celer
ETH,eth_flow_7c8585836b8548__r7fam13__inst00__synth_noise_src_0,0xa188cb8bf334c2eb0b00822aa161c78342f841c423e9c7ee5b709996f0a5d55f,0x5427fefa711eff984124bfbb1ab6fbf5e3da1820|0x5c818f2134150d7d487447b6e2dab7508d411268,0x5c818f2134150d7d487447b6e2dab7508d411268,0xdac17f958d2ee523a2206206994597c13d831ec7,USDT,stable:USDT,0xa188cb8bf334c2eb0b00822aa161c78342f841c423e9c7ee5b709996f0a5d55f_None_USDT_0xdac17f958d2ee523a2206206994597c13d831ec7,1640796740,1640796740,1,8075000000.0,8075.0,8075.0,16.279070,16.279070,0.775000,tx_agg_rolling_1800s_same_asset_group_or_route,Celer
ETH,eth_flow_7c8585836b8548__r7fam13__inst00__synth_noise_src_1,0xa188cb8bf334c2eb0b00822aa161c78342f841c423e9c7ee5b709996f0a5d55f,0x5427fefa711eff984124bfbb1ab6fbf5e3da1820|0x5c818f2134150d7d487447b6e2dab7508d411268,0x5c818f2134150d7d487447b6e2dab7508d411268,0xdac17f958d2ee523a2206206994597c13d831ec7,USDT,stable:USDT,0xa188cb8bf334c2eb0b00822aa161c78342f841c423e9c7ee5b709996f0a5d55f_None_USDT_0xdac17f958d2ee523a2206206994597c13d831ec7,1640796740,1640796740,1,8075000000.0,8075.0,8075.0,16.279070,16.279070,0.775000,tx_agg_rolling_1800s_same_asset_group_or_route,Celer
ETH,eth_flow_5f6624cedb8c47__r7fam13__inst01__synth_split_src,0x1c1c9a3c6690159d5463e7cfe5cab934a133b10b5ce6eaf7a6169d3602fd7c39,0x5427fefa711eff984124bfbb1ab6fbf5e3da1820|0xed752de8ff035d2735449a92f6e9596fb18e00aa,0xed752de8ff035d2735449a92f6e9596fb18e00aa,0xdac17f958d2ee523a2206206994597c13d831ec7,USDT,stable:USDT,0x1c1c9a3c6690159d5463e7cfe5cab934a133b10b5ce6eaf7a6169d3602fd7c39_None_USDT_0xdac17f958d2ee523a2206206994597c13d831ec7,1639056012,1639056012,1,2132788349.0,2132.788349,2132.788349,0.000000,0.000000,0.800000,tx_agg_rolling_1800s_same_asset_group_or_route,Celer
ETH,eth_flow_5f6624cedb8c47__r7fam13__inst01__synth_merge_src1,0x1c1c9a3c6690159d5463e7cfe5cab934a133b10b5ce6eaf7a6169d3602fd7c39,0x5427fefa711eff984124bfbb1ab6fbf5e3da1820|0xed752de8ff035d2735449a92f6e9596fb18e00aa,0xed752de8ff035d2735449a92f6e9596fb18e00aa,0xdac17f958d2ee523a2206206994597c13d831ec7,USDT,stable:USDT,0x1c1c9a3c6690159d5463e7cfe5cab934a133b10b5ce6eaf7a6169d3602fd7c39_None_USDT_0xdac17f958d2ee523a2206206994597c13d831ec7,1639056012,1639056012,1,1066394174.5,1066.3941745,1066.3941745,0.000000,0.000000,0.800000,tx_agg_rolling_1800s_same_asset_group_or_route,Celer
ETH,eth_flow_5f6624cedb8c47__r7fam13__inst01__synth_merge_src2,0x1c1c9a3c6690159d5463e7cfe5cab934a133b10b5ce6eaf7a6169d3602fd7c39,0x5427fefa711eff984124bfbb1ab6fbf5e3da1820|0xed752de8ff035d2735449a92f6e9596fb18e00aa,0xed752de8ff035d2735449a92f6e9596fb18e00aa,0xdac17f958d2ee523a2206206994597c13d831ec7,USDT,stable:USDT,0x1c1c9a3c6690159d5463e7cfe5cab934a133b10b5ce6eaf7a6169d3602fd7c39_None_USDT_0xdac17f958d2ee523a2206206994597c13d831ec7,1639056012,1639056012,1,1066394174.5,1066.3941745,1066.3941745,0.000000,0.000000,0.800000,tx_agg_rolling_1800s_same_asset_group_or_route,Celer
ETH,eth_flow_5f6624cedb8c47__r7fam13__inst01__synth_unmatched_src,0x1c1c9a3c6690159d5463e7cfe5cab934a133b10b5ce6eaf7a6169d3602fd7c39,0x5427fefa711eff984124bfbb1ab6fbf5e3da1820|0xed752de8ff035d2735449a92f6e9596fb18e00aa,0xed752de8ff035d2735449a92f6e9596fb18e00aa,0xdac17f958d2ee523a2206206994597c13d831ec7,USDT,stable:USDT,0x1c1c9a3c6690159d5463e7cfe5cab934a133b10b5ce6eaf7a6169d3602fd7c39_None_USDT_0xdac17f958d2ee523a2206206994597c13d831ec7,1639056012,1639056012,1,2132788349.0,2132.788349,2132.788349,0.000000,0.000000,0.800000,tx_agg_rolling_1800s_same_asset_group_or_route,Celer
ETH,eth_flow_5f6624cedb8c47__r7fam13__inst01__synth_noise_src_0,0x1c1c9a3c6690159d5463e7cfe5cab934a133b10b5ce6eaf7a6169d3602fd7c39,0x5427fefa711eff984124bfbb1ab6fbf5e3da1820|0xed752de8ff035d2735449a92f6e9596fb18e00aa,0xed752de8ff035d2735449a92f6e9596fb18e00aa,0xdac17f958d2ee523a2206206994597c13d831ec7,USDT,stable:USDT,0x1c1c9a3c6690159d5463e7cfe5cab934a133b10b5ce6eaf7a6169d3602fd7c39_None_USDT_0xdac17f958d2ee523a2206206994597c13d831ec7,1639056012,1639056012,1,2132788349.0,2132.788349,2132.788349,0.000000,0.000000,0.800000,tx_agg_rolling_1800s_same_asset_group_or_route,Celer
ETH,eth_flow_5f6624cedb8c47__r7fam13__inst01__synth_noise_src_1,0x1c1c9a3c6690159d5463e7cfe5cab934a133b10b5ce6eaf7a6169d3602fd7c39,0x5427fefa711eff984124bfbb1ab6fbf5e3da1820|0xed752de8ff035d2735449a92f6e9596fb18e00aa,0xed752de8ff035d2735449a92f6e9596fb18e00aa,0xdac17f958d2ee523a2206206994597c13d831ec7,USDT,stable:USDT,0x1c1c9a3c6690159d5463e7cfe5cab934a133b10b5ce6eaf7a6169d3602fd7c39_None_USDT_0xdac17f958d2ee523a2206206994597c13d831ec7,1639056012,1639056012,1,2132788349.0,2132.788349,2132.788349,0.000000,0.000000,0.800000,tx_agg_rolling_1800s_same_asset_group_or_route,Celer
ETH,eth_flow_717790da9e5f46__r7fam14__inst00__synth_split_src,0xad3f6cf2c0b25d24a185fd81eb5974b1b6fcc2e6bdf7982d4f60607fde45e9ae,0x5427fefa711eff984124bfbb1ab6fbf5e3da1820|0x88d448e2246f8ef53e175e6f7a8e1c6cf62f060a,0x88d448e2246f8ef53e175e6f7a8e1c6cf62f060a,0xdac17f958d2ee523a2206206994597c13d831ec7,USDT,stable:USDT,0xad3f6cf2c0b25d24a185fd81eb5974b1b6fcc2e6bdf7982d4f60607fde45e9ae_None_USDT_0xdac17f958d2ee523a2206206994597c13d831ec7,1640672533,1640672533,1,4337832138.0,4337.832138,4337.832138,4.651163,4.651163,0.775000,tx_agg_rolling_1800s_same_asset_group_or_route,Celer
ETH,eth_flow_717790da9e5f46__r7fam14__inst00__synth_merge_src1,0xad3f6cf2c0b25d24a185fd81eb5974b1b6fcc2e6bdf7982d4f60607fde45e9ae,0x5427fefa711eff984124bfbb1ab6fbf5e3da1820|0x88d448e2246f8ef53e175e6f7a8e1c6cf62f060a,0x88d448e2246f8ef53e175e6f7a8e1c6cf62f060a,0xdac17f958d2ee523a2206206994597c13d831ec7,USDT,stable:USDT,0xad3f6cf2c0b25d24a185fd81eb5974b1b6fcc2e6bdf7982d4f60607fde45e9ae_None_USDT_0xdac17f958d2ee523a2206206994597c13d831ec7,1640672533,1640672533,1,2168916069.0,2168.916069,2168.916069,4.651163,4.651163,0.775000,tx_agg_rolling_1800s_same_asset_group_or_route,Celer
ETH,eth_flow_717790da9e5f46__r7fam14__inst00__synth_merge_src2,0xad3f6cf2c0b25d24a185fd81eb5974b1b6fcc2e6bdf7982d4f60607fde45e9ae,0x5427fefa711eff984124bfbb1ab6fbf5e3da1820|0x88d448e2246f8ef53e175e6f7a8e1c6cf62f060a,0x88d448e2246f8ef53e175e6f7a8e1c6cf62f060a,0xdac17f958d2ee523a2206206994597c13d831ec7,USDT,stable:USDT,0xad3f6cf2c0b25d24a185fd81eb5974b1b6fcc2e6bdf7982d4f60607fde45e9ae_None_USDT_0xdac17f958d2ee523a2206206994597c13d831ec7,1640672533,1640672533,1,2168916069.0,2168.916069,2168.916069,4.651163,4.651163,0.775000,tx_agg_rolling_1800s_same_asset_group_or_route,Celer
ETH,eth_flow_717790da9e5f46__r7fam14__inst00__synth_unmatched_src,0xad3f6cf2c0b25d24a185fd81eb5974b1b6fcc2e6bdf7982d4f60607fde45e9ae,0x5427fefa711eff984124bfbb1ab6fbf5e3da1820|0x88d448e2246f8ef53e175e6f7a8e1c6cf62f060a,0x88d448e2246f8ef53e175e6f7a8e1c6cf62f060a,0xdac17f958d2ee523a2206206994597c13d831ec7,USDT,stable:USDT,0xad3f6cf2c0b25d24a185fd81eb5974b1b6fcc2e6bdf7982d4f60607fde45e9ae_None_USDT_0xdac17f958d2ee523a2206206994597c13d831ec7,1640672533,1640672533,1,4337832138.0,4337.832138,4337.832138,4.651163,4.651163,0.775000,tx_agg_rolling_1800s_same_asset_group_or_route,Celer
ETH,eth_flow_717790da9e5f46__r7fam14__inst00__synth_noise_src_0,0xad3f6cf2c0b25d24a185fd81eb5974b1b6fcc2e6bdf7982d4f60607fde45e9ae,0x5427fefa711eff984124bfbb1ab6fbf5e3da1820|0x88d448e2246f8ef53e175e6f7a8e1c6cf62f060a,0x88d448e2246f8ef53e175e6f7a8e1c6cf62f060a,0xdac17f958d2ee523a2206206994597c13d831ec7,USDT,stable:USDT,0xad3f6cf2c0b25d24a185fd81eb5974b1b6fcc2e6bdf7982d4f60607fde45e9ae_None_USDT_0xdac17f958d2ee523a2206206994597c13d831ec7,1640672533,1640672533,1,4337832138.0,4337.832138,4337.832138,4.651163,4.651163,0.775000,tx_agg_rolling_1800s_same_asset_group_or_route,Celer
ETH,eth_flow_717790da9e5f46__r7fam14__inst00__synth_noise_src_1,0xad3f6cf2c0b25d24a185fd81eb5974b1b6fcc2e6bdf7982d4f60607fde45e9ae,0x5427fefa711eff984124bfbb1ab6fbf5e3da1820|0x88d448e2246f8ef53e175e6f7a8e1c6cf62f060a,0x88d448e2246f8ef53e175e6f7a8e1c6cf62f060a,0xdac17f958d2ee523a2206206994597c13d831ec7,USDT,stable:USDT,0xad3f6cf2c0b25d24a185fd81eb5974b1b6fcc2e6bdf7982d4f60607fde45e9ae_None_USDT_0xdac17f958d2ee523a2206206994597c13d831ec7,1640672533,1640672533,1,4337832138.0,4337.832138,4337.832138,4.651163,4.651163,0.775000,tx_agg_rolling_1800s_same_asset_group_or_route,Celer
ETH,eth_flow_3d083683848145__r7fam14__inst01__synth_split_src,0x3a320db67f9ce950f7361f43fabc78e964f65c36a2288e2002753ad39805ba0d,0x5427fefa711eff984124bfbb1ab6fbf5e3da1820|0xa0b514655cff17b7c20fd9963e0c72359ce39e60,0xa0b514655cff17b7c20fd9963e0c72359ce39e60,0xdac17f958d2ee523a2206206994597c13d831ec7,USDT,stable:USDT,0x3a320db67f9ce950f7361f43fabc78e964f65c36a2288e2002753ad39805ba0d_None_USDT_0xdac17f958d2ee523a2206206994597c13d831ec7,1638745274,1638745274,1,3000000000.0,3000.0,3000.0,0.000000,0.000000,0.800000,tx_agg_rolling_1800s_same_asset_group_or_route,Celer
ETH,eth_flow_3d083683848145__r7fam14__inst01__synth_merge_src1,0x3a320db67f9ce950f7361f43fabc78e964f65c36a2288e2002753ad39805ba0d,0x5427fefa711eff984124bfbb1ab6fbf5e3da1820|0xa0b514655cff17b7c20fd9963e0c72359ce39e60,0xa0b514655cff17b7c20fd9963e0c72359ce39e60,0xdac17f958d2ee523a2206206994597c13d831ec7,USDT,stable:USDT,0x3a320db67f9ce950f7361f43fabc78e964f65c36a2288e2002753ad39805ba0d_None_USDT_0xdac17f958d2ee523a2206206994597c13d831ec7,1638745274,1638745274,1,1500000000.0,1500.0,1500.0,0.000000,0.000000,0.800000,tx_agg_rolling_1800s_same_asset_group_or_route,Celer
ETH,eth_flow_3d083683848145__r7fam14__inst01__synth_merge_src2,0x3a320db67f9ce950f7361f43fabc78e964f65c36a2288e2002753ad39805ba0d,0x5427fefa711eff984124bfbb1ab6fbf5e3da1820|0xa0b514655cff17b7c20fd9963e0c72359ce39e60,0xa0b514655cff17b7c20fd9963e0c72359ce39e60,0xdac17f958d2ee523a2206206994597c13d831ec7,USDT,stable:USDT,0x3a320db67f9ce950f7361f43fabc78e964f65c36a2288e2002753ad39805ba0d_None_USDT_0xdac17f958d2ee523a2206206994597c13d831ec7,1638745274,1638745274,1,1500000000.0,1500.0,1500.0,0.000000,0.000000,0.800000,tx_agg_rolling_1800s_same_asset_group_or_route,Celer
ETH,eth_flow_3d083683848145__r7fam14__inst01__synth_unmatched_src,0x3a320db67f9ce950f7361f43fabc78e964f65c36a2288e2002753ad39805ba0d,0x5427fefa711eff984124bfbb1ab6fbf5e3da1820|0xa0b514655cff17b7c20fd9963e0c72359ce39e60,0xa0b514655cff17b7c20fd9963e0c72359ce39e60,0xdac17f958d2ee523a2206206994597c13d831ec7,USDT,stable:USDT,0x3a320db67f9ce950f7361f43fabc78e964f65c36a2288e2002753ad39805ba0d_None_USDT_0xdac17f958d2ee523a2206206994597c13d831ec7,1638745274,1638745274,1,3000000000.0,3000.0,3000.0,0.000000,0.000000,0.800000,tx_agg_rolling_1800s_same_asset_group_or_route,Celer
ETH,eth_flow_3d083683848145__r7fam14__inst01__synth_noise_src_0,0x3a320db67f9ce950f7361f43fabc78e964f65c36a2288e2002753ad39805ba0d,0x5427fefa711eff984124bfbb1ab6fbf5e3da1820|0xa0b514655cff17b7c20fd9963e0c72359ce39e60,0xa0b514655cff17b7c20fd9963e0c72359ce39e60,0xdac17f958d2ee523a2206206994597c13d831ec7,USDT,stable:USDT,0x3a320db67f9ce950f7361f43fabc78e964f65c36a2288e2002753ad39805ba0d_None_USDT_0xdac17f958d2ee523a2206206994597c13d831ec7,1638745274,1638745274,1,3000000000.0,3000.0,3000.0,0.000000,0.000000,0.800000,tx_agg_rolling_1800s_same_asset_group_or_route,Celer
ETH,eth_flow_3d083683848145__r7fam14__inst01__synth_noise_src_1,0x3a320db67f9ce950f7361f43fabc78e964f65c36a2288e2002753ad39805ba0d,0x5427fefa711eff984124bfbb1ab6fbf5e3da1820|0xa0b514655cff17b7c20fd9963e0c72359ce39e60,0xa0b514655cff17b7c20fd9963e0c72359ce39e60,0xdac17f958d2ee523a2206206994597c13d831ec7,USDT,stable:USDT,0x3a320db67f9ce950f7361f43fabc78e964f65c36a2288e2002753ad39805ba0d_None_USDT_0xdac17f958d2ee523a2206206994597c13d831ec7,1638745274,1638745274,1,3000000000.0,3000.0,3000.0,0.000000,0.000000,0.800000,tx_agg_rolling_1800s_same_asset_group_or_route,Celer
ETH,eth_flow_9a75635d17ad45__r7fam15__inst00__synth_split_src,0xf41508d4597421b63a5c83114c2bb5273e4beb3fc4c1aade2ae2d205baafdfa6,0x04981d37530ad1343a008ac7323484f099628055|0x5427fefa711eff984124bfbb1ab6fbf5e3da1820,0x04981d37530ad1343a008ac7323484f099628055,0xa0b86991c6218b36c1d19d4a2e9eb0ce3606eb48,USDC,stable:USDC,0xf41508d4597421b63a5c83114c2bb5273e4beb3fc4c1aade2ae2d205baafdfa6_None_USDC_0xa0b86991c6218b36c1d19d4a2e9eb0ce3606eb48,1640459679,1640459679,1,4600000000.0,4600.0,4600.0,0.000000,0.000000,0.775000,tx_agg_rolling_1800s_same_asset_group_or_route,Celer
ETH,eth_flow_9a75635d17ad45__r7fam15__inst00__synth_merge_src1,0xf41508d4597421b63a5c83114c2bb5273e4beb3fc4c1aade2ae2d205baafdfa6,0x04981d37530ad1343a008ac7323484f099628055|0x5427fefa711eff984124bfbb1ab6fbf5e3da1820,0x04981d37530ad1343a008ac7323484f099628055,0xa0b86991c6218b36c1d19d4a2e9eb0ce3606eb48,USDC,stable:USDC,0xf41508d4597421b63a5c83114c2bb5273e4beb3fc4c1aade2ae2d205baafdfa6_None_USDC_0xa0b86991c6218b36c1d19d4a2e9eb0ce3606eb48,1640459679,1640459679,1,2300000000.0,2300.0,2300.0,0.000000,0.000000,0.775000,tx_agg_rolling_1800s_same_asset_group_or_route,Celer
ETH,eth_flow_9a75635d17ad45__r7fam15__inst00__synth_merge_src2,0xf41508d4597421b63a5c83114c2bb5273e4beb3fc4c1aade2ae2d205baafdfa6,0x04981d37530ad1343a008ac7323484f099628055|0x5427fefa711eff984124bfbb1ab6fbf5e3da1820,0x04981d37530ad1343a008ac7323484f099628055,0xa0b86991c6218b36c1d19d4a2e9eb0ce3606eb48,USDC,stable:USDC,0xf41508d4597421b63a5c83114c2bb5273e4beb3fc4c1aade2ae2d205baafdfa6_None_USDC_0xa0b86991c6218b36c1d19d4a2e9eb0ce3606eb48,1640459679,1640459679,1,2300000000.0,2300.0,2300.0,0.000000,0.000000,0.775000,tx_agg_rolling_1800s_same_asset_group_or_route,Celer
ETH,eth_flow_9a75635d17ad45__r7fam15__inst00__synth_unmatched_src,0xf41508d4597421b63a5c83114c2bb5273e4beb3fc4c1aade2ae2d205baafdfa6,0x04981d37530ad1343a008ac7323484f099628055|0x5427fefa711eff984124bfbb1ab6fbf5e3da1820,0x04981d37530ad1343a008ac7323484f099628055,0xa0b86991c6218b36c1d19d4a2e9eb0ce3606eb48,USDC,stable:USDC,0xf41508d4597421b63a5c83114c2bb5273e4beb3fc4c1aade2ae2d205baafdfa6_None_USDC_0xa0b86991c6218b36c1d19d4a2e9eb0ce3606eb48,1640459679,1640459679,1,4600000000.0,4600.0,4600.0,0.000000,0.000000,0.775000,tx_agg_rolling_1800s_same_asset_group_or_route,Celer
ETH,eth_flow_9a75635d17ad45__r7fam15__inst00__synth_noise_src_0,0xf41508d4597421b63a5c83114c2bb5273e4beb3fc4c1aade2ae2d205baafdfa6,0x04981d37530ad1343a008ac7323484f099628055|0x5427fefa711eff984124bfbb1ab6fbf5e3da1820,0x04981d37530ad1343a008ac7323484f099628055,0xa0b86991c6218b36c1d19d4a2e9eb0ce3606eb48,USDC,stable:USDC,0xf41508d4597421b63a5c83114c2bb5273e4beb3fc4c1aade2ae2d205baafdfa6_None_USDC_0xa0b86991c6218b36c1d19d4a2e9eb0ce3606eb48,1640459679,1640459679,1,4600000000.0,4600.0,4600.0,0.000000,0.000000,0.775000,tx_agg_rolling_1800s_same_asset_group_or_route,Celer
ETH,eth_flow_9a75635d17ad45__r7fam15__inst00__synth_noise_src_1,0xf41508d4597421b63a5c83114c2bb5273e4beb3fc4c1aade2ae2d205baafdfa6,0x04981d37530ad1343a008ac7323484f099628055|0x5427fefa711eff984124bfbb1ab6fbf5e3da1820,0x04981d37530ad1343a008ac7323484f099628055,0xa0b86991c6218b36c1d19d4a2e9eb0ce3606eb48,USDC,stable:USDC,0xf41508d4597421b63a5c83114c2bb5273e4beb3fc4c1aade2ae2d205baafdfa6_None_USDC_0xa0b86991c6218b36c1d19d4a2e9eb0ce3606eb48,1640459679,1640459679,1,4600000000.0,4600.0,4600.0,0.000000,0.000000,0.775000,tx_agg_rolling_1800s_same_asset_group_or_route,Celer
ETH,eth_flow_506b58caa8d74d__r7fam15__inst01__synth_split_src,0xfa372b8e91ca05add0adab9e50b9983bc8af6d76a42e170cb1f8e0ab5f7fb63a,0x5427fefa711eff984124bfbb1ab6fbf5e3da1820|0x5cff699da9b79b7ea415a888fb2b620cd36a279c,0x5cff699da9b79b7ea415a888fb2b620cd36a279c,0xdac17f958d2ee523a2206206994597c13d831ec7,USDT,stable:USDT,0xfa372b8e91ca05add0adab9e50b9983bc8af6d76a42e170cb1f8e0ab5f7fb63a_None_USDT_0xdac17f958d2ee523a2206206994597c13d831ec7,1639077386,1639077386,1,1499891687.0,1499.891687,1499.891687,0.000000,0.000000,0.800000,tx_agg_rolling_1800s_same_asset_group_or_route,Celer
ETH,eth_flow_506b58caa8d74d__r7fam15__inst01__synth_merge_src1,0xfa372b8e91ca05add0adab9e50b9983bc8af6d76a42e170cb1f8e0ab5f7fb63a,0x5427fefa711eff984124bfbb1ab6fbf5e3da1820|0x5cff699da9b79b7ea415a888fb2b620cd36a279c,0x5cff699da9b79b7ea415a888fb2b620cd36a279c,0xdac17f958d2ee523a2206206994597c13d831ec7,USDT,stable:USDT,0xfa372b8e91ca05add0adab9e50b9983bc8af6d76a42e170cb1f8e0ab5f7fb63a_None_USDT_0xdac17f958d2ee523a2206206994597c13d831ec7,1639077386,1639077386,1,749945843.5,749.9458435,749.9458435,0.000000,0.000000,0.800000,tx_agg_rolling_1800s_same_asset_group_or_route,Celer
ETH,eth_flow_506b58caa8d74d__r7fam15__inst01__synth_merge_src2,0xfa372b8e91ca05add0adab9e50b9983bc8af6d76a42e170cb1f8e0ab5f7fb63a,0x5427fefa711eff984124bfbb1ab6fbf5e3da1820|0x5cff699da9b79b7ea415a888fb2b620cd36a279c,0x5cff699da9b79b7ea415a888fb2b620cd36a279c,0xdac17f958d2ee523a2206206994597c13d831ec7,USDT,stable:USDT,0xfa372b8e91ca05add0adab9e50b9983bc8af6d76a42e170cb1f8e0ab5f7fb63a_None_USDT_0xdac17f958d2ee523a2206206994597c13d831ec7,1639077386,1639077386,1,749945843.5,749.9458435,749.9458435,0.000000,0.000000,0.800000,tx_agg_rolling_1800s_same_asset_group_or_route,Celer
ETH,eth_flow_506b58caa8d74d__r7fam15__inst01__synth_unmatched_src,0xfa372b8e91ca05add0adab9e50b9983bc8af6d76a42e170cb1f8e0ab5f7fb63a,0x5427fefa711eff984124bfbb1ab6fbf5e3da1820|0x5cff699da9b79b7ea415a888fb2b620cd36a279c,0x5cff699da9b79b7ea415a888fb2b620cd36a279c,0xdac17f958d2ee523a2206206994597c13d831ec7,USDT,stable:USDT,0xfa372b8e91ca05add0adab9e50b9983bc8af6d76a42e170cb1f8e0ab5f7fb63a_None_USDT_0xdac17f958d2ee523a2206206994597c13d831ec7,1639077386,1639077386,1,1499891687.0,1499.891687,1499.891687,0.000000,0.000000,0.800000,tx_agg_rolling_1800s_same_asset_group_or_route,Celer
ETH,eth_flow_506b58caa8d74d__r7fam15__inst01__synth_noise_src_0,0xfa372b8e91ca05add0adab9e50b9983bc8af6d76a42e170cb1f8e0ab5f7fb63a,0x5427fefa711eff984124bfbb1ab6fbf5e3da1820|0x5cff699da9b79b7ea415a888fb2b620cd36a279c,0x5cff699da9b79b7ea415a888fb2b620cd36a279c,0xdac17f958d2ee523a2206206994597c13d831ec7,USDT,stable:USDT,0xfa372b8e91ca05add0adab9e50b9983bc8af6d76a42e170cb1f8e0ab5f7fb63a_None_USDT_0xdac17f958d2ee523a2206206994597c13d831ec7,1639077386,1639077386,1,1499891687.0,1499.891687,1499.891687,0.000000,0.000000,0.800000,tx_agg_rolling_1800s_same_asset_group_or_route,Celer
ETH,eth_flow_506b58caa8d74d__r7fam15__inst01__synth_noise_src_1,0xfa372b8e91ca05add0adab9e50b9983bc8af6d76a42e170cb1f8e0ab5f7fb63a,0x5427fefa711eff984124bfbb1ab6fbf5e3da1820|0x5cff699da9b79b7ea415a888fb2b620cd36a279c,0x5cff699da9b79b7ea415a888fb2b620cd36a279c,0xdac17f958d2ee523a2206206994597c13d831ec7,USDT,stable:USDT,0xfa372b8e91ca05add0adab9e50b9983bc8af6d76a42e170cb1f8e0ab5f7fb63a_None_USDT_0xdac17f958d2ee523a2206206994597c13d831ec7,1639077386,1639077386,1,1499891687.0,1499.891687,1499.891687,0.000000,0.000000,0.800000,tx_agg_rolling_1800s_same_asset_group_or_route,Celer
ETH,eth_flow_054c745cdc2d44__r7fam16__inst00__synth_split_src,0xb824b88752b2b82576420f9df707901e8923720872249c7b2f934ef927535a6c,0x4e16dbce720362eb45ae5b35789876d72c005de0|0x5427fefa711eff984124bfbb1ab6fbf5e3da1820,0x4e16dbce720362eb45ae5b35789876d72c005de0,0xdac17f958d2ee523a2206206994597c13d831ec7,USDT,stable:USDT,0xb824b88752b2b82576420f9df707901e8923720872249c7b2f934ef927535a6c_None_USDT_0xdac17f958d2ee523a2206206994597c13d831ec7,1640560820,1640560820,1,5750000000.0,5750.0,5750.0,0.000000,0.000000,0.775000,tx_agg_rolling_1800s_same_asset_group_or_route,Celer
ETH,eth_flow_054c745cdc2d44__r7fam16__inst00__synth_merge_src1,0xb824b88752b2b82576420f9df707901e8923720872249c7b2f934ef927535a6c,0x4e16dbce720362eb45ae5b35789876d72c005de0|0x5427fefa711eff984124bfbb1ab6fbf5e3da1820,0x4e16dbce720362eb45ae5b35789876d72c005de0,0xdac17f958d2ee523a2206206994597c13d831ec7,USDT,stable:USDT,0xb824b88752b2b82576420f9df707901e8923720872249c7b2f934ef927535a6c_None_USDT_0xdac17f958d2ee523a2206206994597c13d831ec7,1640560820,1640560820,1,2875000000.0,2875.0,2875.0,0.000000,0.000000,0.775000,tx_agg_rolling_1800s_same_asset_group_or_route,Celer
ETH,eth_flow_054c745cdc2d44__r7fam16__inst00__synth_merge_src2,0xb824b88752b2b82576420f9df707901e8923720872249c7b2f934ef927535a6c,0x4e16dbce720362eb45ae5b35789876d72c005de0|0x5427fefa711eff984124bfbb1ab6fbf5e3da1820,0x4e16dbce720362eb45ae5b35789876d72c005de0,0xdac17f958d2ee523a2206206994597c13d831ec7,USDT,stable:USDT,0xb824b88752b2b82576420f9df707901e8923720872249c7b2f934ef927535a6c_None_USDT_0xdac17f958d2ee523a2206206994597c13d831ec7,1640560820,1640560820,1,2875000000.0,2875.0,2875.0,0.000000,0.000000,0.775000,tx_agg_rolling_1800s_same_asset_group_or_route,Celer
ETH,eth_flow_054c745cdc2d44__r7fam16__inst00__synth_unmatched_src,0xb824b88752b2b82576420f9df707901e8923720872249c7b2f934ef927535a6c,0x4e16dbce720362eb45ae5b35789876d72c005de0|0x5427fefa711eff984124bfbb1ab6fbf5e3da1820,0x4e16dbce720362eb45ae5b35789876d72c005de0,0xdac17f958d2ee523a2206206994597c13d831ec7,USDT,stable:USDT,0xb824b88752b2b82576420f9df707901e8923720872249c7b2f934ef927535a6c_None_USDT_0xdac17f958d2ee523a2206206994597c13d831ec7,1640560820,1640560820,1,5750000000.0,5750.0,5750.0,0.000000,0.000000,0.775000,tx_agg_rolling_1800s_same_asset_group_or_route,Celer
ETH,eth_flow_054c745cdc2d44__r7fam16__inst00__synth_noise_src_0,0xb824b88752b2b82576420f9df707901e8923720872249c7b2f934ef927535a6c,0x4e16dbce720362eb45ae5b35789876d72c005de0|0x5427fefa711eff984124bfbb1ab6fbf5e3da1820,0x4e16dbce720362eb45ae5b35789876d72c005de0,0xdac17f958d2ee523a2206206994597c13d831ec7,USDT,stable:USDT,0xb824b88752b2b82576420f9df707901e8923720872249c7b2f934ef927535a6c_None_USDT_0xdac17f958d2ee523a2206206994597c13d831ec7,1640560820,1640560820,1,5750000000.0,5750.0,5750.0,0.000000,0.000000,0.775000,tx_agg_rolling_1800s_same_asset_group_or_route,Celer
ETH,eth_flow_054c745cdc2d44__r7fam16__inst00__synth_noise_src_1,0xb824b88752b2b82576420f9df707901e8923720872249c7b2f934ef927535a6c,0x4e16dbce720362eb45ae5b35789876d72c005de0|0x5427fefa711eff984124bfbb1ab6fbf5e3da1820,0x4e16dbce720362eb45ae5b35789876d72c005de0,0xdac17f958d2ee523a2206206994597c13d831ec7,USDT,stable:USDT,0xb824b88752b2b82576420f9df707901e8923720872249c7b2f934ef927535a6c_None_USDT_0xdac17f958d2ee523a2206206994597c13d831ec7,1640560820,1640560820,1,5750000000.0,5750.0,5750.0,0.000000,0.000000,0.775000,tx_agg_rolling_1800s_same_asset_group_or_route,Celer
ETH,eth_flow_e7635cb7d2e64d__r7fam16__inst01__synth_split_src,0x86d4e3f3cd103b33b782b59326875d8129362bf450e68bc71927565fe99f2f0c,0x0036d68ccab1677179cd7a5c8c8568dc7907eac8|0x5427fefa711eff984124bfbb1ab6fbf5e3da1820,0x0036d68ccab1677179cd7a5c8c8568dc7907eac8,0xdac17f958d2ee523a2206206994597c13d831ec7,USDT,stable:USDT,0x86d4e3f3cd103b33b782b59326875d8129362bf450e68bc71927565fe99f2f0c_None_USDT_0xdac17f958d2ee523a2206206994597c13d831ec7,1638816111,1638816111,1,3177000000.0,3177.0,3177.0,0.000000,0.000000,0.800000,tx_agg_rolling_1800s_same_asset_group_or_route,Celer
ETH,eth_flow_e7635cb7d2e64d__r7fam16__inst01__synth_merge_src1,0x86d4e3f3cd103b33b782b59326875d8129362bf450e68bc71927565fe99f2f0c,0x0036d68ccab1677179cd7a5c8c8568dc7907eac8|0x5427fefa711eff984124bfbb1ab6fbf5e3da1820,0x0036d68ccab1677179cd7a5c8c8568dc7907eac8,0xdac17f958d2ee523a2206206994597c13d831ec7,USDT,stable:USDT,0x86d4e3f3cd103b33b782b59326875d8129362bf450e68bc71927565fe99f2f0c_None_USDT_0xdac17f958d2ee523a2206206994597c13d831ec7,1638816111,1638816111,1,1588500000.0,1588.5,1588.5,0.000000,0.000000,0.800000,tx_agg_rolling_1800s_same_asset_group_or_route,Celer
ETH,eth_flow_e7635cb7d2e64d__r7fam16__inst01__synth_merge_src2,0x86d4e3f3cd103b33b782b59326875d8129362bf450e68bc71927565fe99f2f0c,0x0036d68ccab1677179cd7a5c8c8568dc7907eac8|0x5427fefa711eff984124bfbb1ab6fbf5e3da1820,0x0036d68ccab1677179cd7a5c8c8568dc7907eac8,0xdac17f958d2ee523a2206206994597c13d831ec7,USDT,stable:USDT,0x86d4e3f3cd103b33b782b59326875d8129362bf450e68bc71927565fe99f2f0c_None_USDT_0xdac17f958d2ee523a2206206994597c13d831ec7,1638816111,1638816111,1,1588500000.0,1588.5,1588.5,0.000000,0.000000,0.800000,tx_agg_rolling_1800s_same_asset_group_or_route,Celer
ETH,eth_flow_e7635cb7d2e64d__r7fam16__inst01__synth_unmatched_src,0x86d4e3f3cd103b33b782b59326875d8129362bf450e68bc71927565fe99f2f0c,0x0036d68ccab1677179cd7a5c8c8568dc7907eac8|0x5427fefa711eff984124bfbb1ab6fbf5e3da1820,0x0036d68ccab1677179cd7a5c8c8568dc7907eac8,0xdac17f958d2ee523a2206206994597c13d831ec7,USDT,stable:USDT,0x86d4e3f3cd103b33b782b59326875d8129362bf450e68bc71927565fe99f2f0c_None_USDT_0xdac17f958d2ee523a2206206994597c13d831ec7,1638816111,1638816111,1,3177000000.0,3177.0,3177.0,0.000000,0.000000,0.800000,tx_agg_rolling_1800s_same_asset_group_or_route,Celer
ETH,eth_flow_e7635cb7d2e64d__r7fam16__inst01__synth_noise_src_0,0x86d4e3f3cd103b33b782b59326875d8129362bf450e68bc71927565fe99f2f0c,0x0036d68ccab1677179cd7a5c8c8568dc7907eac8|0x5427fefa711eff984124bfbb1ab6fbf5e3da1820,0x0036d68ccab1677179cd7a5c8c8568dc7907eac8,0xdac17f958d2ee523a2206206994597c13d831ec7,USDT,stable:USDT,0x86d4e3f3cd103b33b782b59326875d8129362bf450e68bc71927565fe99f2f0c_None_USDT_0xdac17f958d2ee523a2206206994597c13d831ec7,1638816111,1638816111,1,3177000000.0,3177.0,3177.0,0.000000,0.000000,0.800000,tx_agg_rolling_1800s_same_asset_group_or_route,Celer
ETH,eth_flow_e7635cb7d2e64d__r7fam16__inst01__synth_noise_src_1,0x86d4e3f3cd103b33b782b59326875d8129362bf450e68bc71927565fe99f2f0c,0x0036d68ccab1677179cd7a5c8c8568dc7907eac8|0x5427fefa711eff984124bfbb1ab6fbf5e3da1820,0x0036d68ccab1677179cd7a5c8c8568dc7907eac8,0xdac17f958d2ee523a2206206994597c13d831ec7,USDT,stable:USDT,0x86d4e3f3cd103b33b782b59326875d8129362bf450e68bc71927565fe99f2f0c_None_USDT_0xdac17f958d2ee523a2206206994597c13d831ec7,1638816111,1638816111,1,3177000000.0,3177.0,3177.0,0.000000,0.000000,0.800000,tx_agg_rolling_1800s_same_asset_group_or_route,Celer
ETH,eth_flow_b5bb49db2f324c__r7fam17__inst00__synth_split_src,0x30d06849d080d27951e10637a9a3ccac9da2b23175524a5f7129ebcbd8ba3902,0x5427fefa711eff984124bfbb1ab6fbf5e3da1820|0x79122f8d5ffc8c98703dfe124bd3bb69b8218497,0x79122f8d5ffc8c98703dfe124bd3bb69b8218497,0xa0b86991c6218b36c1d19d4a2e9eb0ce3606eb48,USDC,stable:USDC,0x30d06849d080d27951e10637a9a3ccac9da2b23175524a5f7129ebcbd8ba3902_None_USDC_0xa0b86991c6218b36c1d19d4a2e9eb0ce3606eb48,1640831938,1640831938,1,2357486431.0,2357.486431,2357.486431,0.000000,0.000000,0.775000,tx_agg_rolling_1800s_same_asset_group_or_route,Celer
ETH,eth_flow_b5bb49db2f324c__r7fam17__inst00__synth_merge_src1,0x30d06849d080d27951e10637a9a3ccac9da2b23175524a5f7129ebcbd8ba3902,0x5427fefa711eff984124bfbb1ab6fbf5e3da1820|0x79122f8d5ffc8c98703dfe124bd3bb69b8218497,0x79122f8d5ffc8c98703dfe124bd3bb69b8218497,0xa0b86991c6218b36c1d19d4a2e9eb0ce3606eb48,USDC,stable:USDC,0x30d06849d080d27951e10637a9a3ccac9da2b23175524a5f7129ebcbd8ba3902_None_USDC_0xa0b86991c6218b36c1d19d4a2e9eb0ce3606eb48,1640831938,1640831938,1,1178743215.5,1178.7432155,1178.7432155,0.000000,0.000000,0.775000,tx_agg_rolling_1800s_same_asset_group_or_route,Celer
ETH,eth_flow_b5bb49db2f324c__r7fam17__inst00__synth_merge_src2,0x30d06849d080d27951e10637a9a3ccac9da2b23175524a5f7129ebcbd8ba3902,0x5427fefa711eff984124bfbb1ab6fbf5e3da1820|0x79122f8d5ffc8c98703dfe124bd3bb69b8218497,0x79122f8d5ffc8c98703dfe124bd3bb69b8218497,0xa0b86991c6218b36c1d19d4a2e9eb0ce3606eb48,USDC,stable:USDC,0x30d06849d080d27951e10637a9a3ccac9da2b23175524a5f7129ebcbd8ba3902_None_USDC_0xa0b86991c6218b36c1d19d4a2e9eb0ce3606eb48,1640831938,1640831938,1,1178743215.5,1178.7432155,1178.7432155,0.000000,0.000000,0.775000,tx_agg_rolling_1800s_same_asset_group_or_route,Celer
ETH,eth_flow_b5bb49db2f324c__r7fam17__inst00__synth_unmatched_src,0x30d06849d080d27951e10637a9a3ccac9da2b23175524a5f7129ebcbd8ba3902,0x5427fefa711eff984124bfbb1ab6fbf5e3da1820|0x79122f8d5ffc8c98703dfe124bd3bb69b8218497,0x79122f8d5ffc8c98703dfe124bd3bb69b8218497,0xa0b86991c6218b36c1d19d4a2e9eb0ce3606eb48,USDC,stable:USDC,0x30d06849d080d27951e10637a9a3ccac9da2b23175524a5f7129ebcbd8ba3902_None_USDC_0xa0b86991c6218b36c1d19d4a2e9eb0ce3606eb48,1640831938,1640831938,1,2357486431.0,2357.486431,2357.486431,0.000000,0.000000,0.775000,tx_agg_rolling_1800s_same_asset_group_or_route,Celer
ETH,eth_flow_b5bb49db2f324c__r7fam17__inst00__synth_noise_src_0,0x30d06849d080d27951e10637a9a3ccac9da2b23175524a5f7129ebcbd8ba3902,0x5427fefa711eff984124bfbb1ab6fbf5e3da1820|0x79122f8d5ffc8c98703dfe124bd3bb69b8218497,0x79122f8d5ffc8c98703dfe124bd3bb69b8218497,0xa0b86991c6218b36c1d19d4a2e9eb0ce3606eb48,USDC,stable:USDC,0x30d06849d080d27951e10637a9a3ccac9da2b23175524a5f7129ebcbd8ba3902_None_USDC_0xa0b86991c6218b36c1d19d4a2e9eb0ce3606eb48,1640831938,1640831938,1,2357486431.0,2357.486431,2357.486431,0.000000,0.000000,0.775000,tx_agg_rolling_1800s_same_asset_group_or_route,Celer
ETH,eth_flow_b5bb49db2f324c__r7fam17__inst00__synth_noise_src_1,0x30d06849d080d27951e10637a9a3ccac9da2b23175524a5f7129ebcbd8ba3902,0x5427fefa711eff984124bfbb1ab6fbf5e3da1820|0x79122f8d5ffc8c98703dfe124bd3bb69b8218497,0x79122f8d5ffc8c98703dfe124bd3bb69b8218497,0xa0b86991c6218b36c1d19d4a2e9eb0ce3606eb48,USDC,stable:USDC,0x30d06849d080d27951e10637a9a3ccac9da2b23175524a5f7129ebcbd8ba3902_None_USDC_0xa0b86991c6218b36c1d19d4a2e9eb0ce3606eb48,1640831938,1640831938,1,2357486431.0,2357.486431,2357.486431,0.000000,0.000000,0.775000,tx_agg_rolling_1800s_same_asset_group_or_route,Celer
ETH,eth_flow_989363af0d734b__r7fam17__inst01__synth_split_src,0x9e3e852bc535178b5e8be9b4745410829f666f563ed431c29cccb74053c8c81a,0x063366f0f022871891e83ddf2f5a8931703b46a1|0x7510792a3b1969f9307f3845ce88e39578f2bae1,0x063366f0f022871891e83ddf2f5a8931703b46a1,0x298d492e8c1d909d3f63bc4a36c66c64acb3d695,PBR,token:PBR,0x9e3e852bc535178b5e8be9b4745410829f666f563ed431c29cccb74053c8c81a_None_PBR_0x298d492e8c1d909d3f63bc4a36c66c64acb3d695,1665933299,1665933299,1,2.6382818816847124e+21,2638.2818816847125,2638.2818816847125,0.000000,0.000000,0.800000,tx_agg_rolling_1800s_same_asset_group_or_route,Celer
ETH,eth_flow_989363af0d734b__r7fam17__inst01__synth_merge_src1,0x9e3e852bc535178b5e8be9b4745410829f666f563ed431c29cccb74053c8c81a,0x063366f0f022871891e83ddf2f5a8931703b46a1|0x7510792a3b1969f9307f3845ce88e39578f2bae1,0x063366f0f022871891e83ddf2f5a8931703b46a1,0x298d492e8c1d909d3f63bc4a36c66c64acb3d695,PBR,token:PBR,0x9e3e852bc535178b5e8be9b4745410829f666f563ed431c29cccb74053c8c81a_None_PBR_0x298d492e8c1d909d3f63bc4a36c66c64acb3d695,1665933299,1665933299,1,1.3191409408423562e+21,1319.1409408423563,1319.1409408423563,0.000000,0.000000,0.800000,tx_agg_rolling_1800s_same_asset_group_or_route,Celer
ETH,eth_flow_989363af0d734b__r7fam17__inst01__synth_merge_src2,0x9e3e852bc535178b5e8be9b4745410829f666f563ed431c29cccb74053c8c81a,0x063366f0f022871891e83ddf2f5a8931703b46a1|0x7510792a3b1969f9307f3845ce88e39578f2bae1,0x063366f0f022871891e83ddf2f5a8931703b46a1,0x298d492e8c1d909d3f63bc4a36c66c64acb3d695,PBR,token:PBR,0x9e3e852bc535178b5e8be9b4745410829f666f563ed431c29cccb74053c8c81a_None_PBR_0x298d492e8c1d909d3f63bc4a36c66c64acb3d695,1665933299,1665933299,1,1.3191409408423562e+21,1319.1409408423563,1319.1409408423563,0.000000,0.000000,0.800000,tx_agg_rolling_1800s_same_asset_group_or_route,Celer
ETH,eth_flow_989363af0d734b__r7fam17__inst01__synth_unmatched_src,0x9e3e852bc535178b5e8be9b4745410829f666f563ed431c29cccb74053c8c81a,0x063366f0f022871891e83ddf2f5a8931703b46a1|0x7510792a3b1969f9307f3845ce88e39578f2bae1,0x063366f0f022871891e83ddf2f5a8931703b46a1,0x298d492e8c1d909d3f63bc4a36c66c64acb3d695,PBR,token:PBR,0x9e3e852bc535178b5e8be9b4745410829f666f563ed431c29cccb74053c8c81a_None_PBR_0x298d492e8c1d909d3f63bc4a36c66c64acb3d695,1665933299,1665933299,1,2.6382818816847124e+21,2638.2818816847125,2638.2818816847125,0.000000,0.000000,0.800000,tx_agg_rolling_1800s_same_asset_group_or_route,Celer
ETH,eth_flow_989363af0d734b__r7fam17__inst01__synth_noise_src_0,0x9e3e852bc535178b5e8be9b4745410829f666f563ed431c29cccb74053c8c81a,0x063366f0f022871891e83ddf2f5a8931703b46a1|0x7510792a3b1969f9307f3845ce88e39578f2bae1,0x063366f0f022871891e83ddf2f5a8931703b46a1,0x298d492e8c1d909d3f63bc4a36c66c64acb3d695,PBR,token:PBR,0x9e3e852bc535178b5e8be9b4745410829f666f563ed431c29cccb74053c8c81a_None_PBR_0x298d492e8c1d909d3f63bc4a36c66c64acb3d695,1665933299,1665933299,1,2.6382818816847124e+21,2638.2818816847125,2638.2818816847125,0.000000,0.000000,0.800000,tx_agg_rolling_1800s_same_asset_group_or_route,Celer
ETH,eth_flow_989363af0d734b__r7fam17__inst01__synth_noise_src_1,0x9e3e852bc535178b5e8be9b4745410829f666f563ed431c29cccb74053c8c81a,0x063366f0f022871891e83ddf2f5a8931703b46a1|0x7510792a3b1969f9307f3845ce88e39578f2bae1,0x063366f0f022871891e83ddf2f5a8931703b46a1,0x298d492e8c1d909d3f63bc4a36c66c64acb3d695,PBR,token:PBR,0x9e3e852bc535178b5e8be9b4745410829f666f563ed431c29cccb74053c8c81a_None_PBR_0x298d492e8c1d909d3f63bc4a36c66c64acb3d695,1665933299,1665933299,1,2.6382818816847124e+21,2638.2818816847125,2638.2818816847125,0.000000,0.000000,0.800000,tx_agg_rolling_1800s_same_asset_group_or_route,Celer
ETH,eth_flow_8992040c7c2345__r7fam18__inst00__synth_split_src,0xa21c1172b3148fa99e9438f70574d579c3203a3824df2b4de36f62446a66c54d,0x217e4af3bad04cc4d0463df3cfdff9ce7a028925|0xb37d31b2a74029b5951a2778f959282e2d518595,0x217e4af3bad04cc4d0463df3cfdff9ce7a028925,0x45c2f8c9b4c0bdc76200448cc26c48ab6ffef83f,DOMI,token:DOMI,0xa21c1172b3148fa99e9438f70574d579c3203a3824df2b4de36f62446a66c54d_None_DOMI_0x45c2f8c9b4c0bdc76200448cc26c48ab6ffef83f,1640709282,1640709282,1,3.1764973405030607e+22,31764.97340503061,31764.97340503061,0.000000,0.000000,0.800000,tx_agg_rolling_1800s_same_asset_group_or_route,Celer
ETH,eth_flow_8992040c7c2345__r7fam18__inst00__synth_merge_src1,0xa21c1172b3148fa99e9438f70574d579c3203a3824df2b4de36f62446a66c54d,0x217e4af3bad04cc4d0463df3cfdff9ce7a028925|0xb37d31b2a74029b5951a2778f959282e2d518595,0x217e4af3bad04cc4d0463df3cfdff9ce7a028925,0x45c2f8c9b4c0bdc76200448cc26c48ab6ffef83f,DOMI,token:DOMI,0xa21c1172b3148fa99e9438f70574d579c3203a3824df2b4de36f62446a66c54d_None_DOMI_0x45c2f8c9b4c0bdc76200448cc26c48ab6ffef83f,1640709282,1640709282,1,1.5882486702515304e+22,15882.486702515305,15882.486702515305,0.000000,0.000000,0.800000,tx_agg_rolling_1800s_same_asset_group_or_route,Celer
ETH,eth_flow_8992040c7c2345__r7fam18__inst00__synth_merge_src2,0xa21c1172b3148fa99e9438f70574d579c3203a3824df2b4de36f62446a66c54d,0x217e4af3bad04cc4d0463df3cfdff9ce7a028925|0xb37d31b2a74029b5951a2778f959282e2d518595,0x217e4af3bad04cc4d0463df3cfdff9ce7a028925,0x45c2f8c9b4c0bdc76200448cc26c48ab6ffef83f,DOMI,token:DOMI,0xa21c1172b3148fa99e9438f70574d579c3203a3824df2b4de36f62446a66c54d_None_DOMI_0x45c2f8c9b4c0bdc76200448cc26c48ab6ffef83f,1640709282,1640709282,1,1.5882486702515304e+22,15882.486702515305,15882.486702515305,0.000000,0.000000,0.800000,tx_agg_rolling_1800s_same_asset_group_or_route,Celer
ETH,eth_flow_8992040c7c2345__r7fam18__inst00__synth_unmatched_src,0xa21c1172b3148fa99e9438f70574d579c3203a3824df2b4de36f62446a66c54d,0x217e4af3bad04cc4d0463df3cfdff9ce7a028925|0xb37d31b2a74029b5951a2778f959282e2d518595,0x217e4af3bad04cc4d0463df3cfdff9ce7a028925,0x45c2f8c9b4c0bdc76200448cc26c48ab6ffef83f,DOMI,token:DOMI,0xa21c1172b3148fa99e9438f70574d579c3203a3824df2b4de36f62446a66c54d_None_DOMI_0x45c2f8c9b4c0bdc76200448cc26c48ab6ffef83f,1640709282,1640709282,1,3.1764973405030607e+22,31764.97340503061,31764.97340503061,0.000000,0.000000,0.800000,tx_agg_rolling_1800s_same_asset_group_or_route,Celer
ETH,eth_flow_8992040c7c2345__r7fam18__inst00__synth_noise_src_0,0xa21c1172b3148fa99e9438f70574d579c3203a3824df2b4de36f62446a66c54d,0x217e4af3bad04cc4d0463df3cfdff9ce7a028925|0xb37d31b2a74029b5951a2778f959282e2d518595,0x217e4af3bad04cc4d0463df3cfdff9ce7a028925,0x45c2f8c9b4c0bdc76200448cc26c48ab6ffef83f,DOMI,token:DOMI,0xa21c1172b3148fa99e9438f70574d579c3203a3824df2b4de36f62446a66c54d_None_DOMI_0x45c2f8c9b4c0bdc76200448cc26c48ab6ffef83f,1640709282,1640709282,1,3.1764973405030607e+22,31764.97340503061,31764.97340503061,0.000000,0.000000,0.800000,tx_agg_rolling_1800s_same_asset_group_or_route,Celer
ETH,eth_flow_8992040c7c2345__r7fam18__inst00__synth_noise_src_1,0xa21c1172b3148fa99e9438f70574d579c3203a3824df2b4de36f62446a66c54d,0x217e4af3bad04cc4d0463df3cfdff9ce7a028925|0xb37d31b2a74029b5951a2778f959282e2d518595,0x217e4af3bad04cc4d0463df3cfdff9ce7a028925,0x45c2f8c9b4c0bdc76200448cc26c48ab6ffef83f,DOMI,token:DOMI,0xa21c1172b3148fa99e9438f70574d579c3203a3824df2b4de36f62446a66c54d_None_DOMI_0x45c2f8c9b4c0bdc76200448cc26c48ab6ffef83f,1640709282,1640709282,1,3.1764973405030607e+22,31764.97340503061,31764.97340503061,0.000000,0.000000,0.800000,tx_agg_rolling_1800s_same_asset_group_or_route,Celer
ETH,eth_flow_5df29215b8b94c__r7fam18__inst01__synth_split_src,0xc78c3b5a274a50364d78966748048560811450cfc4284ea9407e485c81477e89,0x5427fefa711eff984124bfbb1ab6fbf5e3da1820|0xa2e97c3b1a1b7a385a60fcc9491a5d16ae09674a,0xa2e97c3b1a1b7a385a60fcc9491a5d16ae09674a,0xdac17f958d2ee523a2206206994597c13d831ec7,USDT,stable:USDT,0xc78c3b5a274a50364d78966748048560811450cfc4284ea9407e485c81477e89_None_USDT_0xdac17f958d2ee523a2206206994597c13d831ec7,1639138459,1639138459,1,43200000000.0,43200.0,43200.0,0.000000,0.000000,0.800000,tx_agg_rolling_1800s_same_asset_group_or_route,Celer
ETH,eth_flow_5df29215b8b94c__r7fam18__inst01__synth_merge_src1,0xc78c3b5a274a50364d78966748048560811450cfc4284ea9407e485c81477e89,0x5427fefa711eff984124bfbb1ab6fbf5e3da1820|0xa2e97c3b1a1b7a385a60fcc9491a5d16ae09674a,0xa2e97c3b1a1b7a385a60fcc9491a5d16ae09674a,0xdac17f958d2ee523a2206206994597c13d831ec7,USDT,stable:USDT,0xc78c3b5a274a50364d78966748048560811450cfc4284ea9407e485c81477e89_None_USDT_0xdac17f958d2ee523a2206206994597c13d831ec7,1639138459,1639138459,1,21600000000.0,21600.0,21600.0,0.000000,0.000000,0.800000,tx_agg_rolling_1800s_same_asset_group_or_route,Celer
ETH,eth_flow_5df29215b8b94c__r7fam18__inst01__synth_merge_src2,0xc78c3b5a274a50364d78966748048560811450cfc4284ea9407e485c81477e89,0x5427fefa711eff984124bfbb1ab6fbf5e3da1820|0xa2e97c3b1a1b7a385a60fcc9491a5d16ae09674a,0xa2e97c3b1a1b7a385a60fcc9491a5d16ae09674a,0xdac17f958d2ee523a2206206994597c13d831ec7,USDT,stable:USDT,0xc78c3b5a274a50364d78966748048560811450cfc4284ea9407e485c81477e89_None_USDT_0xdac17f958d2ee523a2206206994597c13d831ec7,1639138459,1639138459,1,21600000000.0,21600.0,21600.0,0.000000,0.000000,0.800000,tx_agg_rolling_1800s_same_asset_group_or_route,Celer
ETH,eth_flow_5df29215b8b94c__r7fam18__inst01__synth_unmatched_src,0xc78c3b5a274a50364d78966748048560811450cfc4284ea9407e485c81477e89,0x5427fefa711eff984124bfbb1ab6fbf5e3da1820|0xa2e97c3b1a1b7a385a60fcc9491a5d16ae09674a,0xa2e97c3b1a1b7a385a60fcc9491a5d16ae09674a,0xdac17f958d2ee523a2206206994597c13d831ec7,USDT,stable:USDT,0xc78c3b5a274a50364d78966748048560811450cfc4284ea9407e485c81477e89_None_USDT_0xdac17f958d2ee523a2206206994597c13d831ec7,1639138459,1639138459,1,43200000000.0,43200.0,43200.0,0.000000,0.000000,0.800000,tx_agg_rolling_1800s_same_asset_group_or_route,Celer
ETH,eth_flow_5df29215b8b94c__r7fam18__inst01__synth_noise_src_0,0xc78c3b5a274a50364d78966748048560811450cfc4284ea9407e485c81477e89,0x5427fefa711eff984124bfbb1ab6fbf5e3da1820|0xa2e97c3b1a1b7a385a60fcc9491a5d16ae09674a,0xa2e97c3b1a1b7a385a60fcc9491a5d16ae09674a,0xdac17f958d2ee523a2206206994597c13d831ec7,USDT,stable:USDT,0xc78c3b5a274a50364d78966748048560811450cfc4284ea9407e485c81477e89_None_USDT_0xdac17f958d2ee523a2206206994597c13d831ec7,1639138459,1639138459,1,43200000000.0,43200.0,43200.0,0.000000,0.000000,0.800000,tx_agg_rolling_1800s_same_asset_group_or_route,Celer
ETH,eth_flow_5df29215b8b94c__r7fam18__inst01__synth_noise_src_1,0xc78c3b5a274a50364d78966748048560811450cfc4284ea9407e485c81477e89,0x5427fefa711eff984124bfbb1ab6fbf5e3da1820|0xa2e97c3b1a1b7a385a60fcc9491a5d16ae09674a,0xa2e97c3b1a1b7a385a60fcc9491a5d16ae09674a,0xdac17f958d2ee523a2206206994597c13d831ec7,USDT,stable:USDT,0xc78c3b5a274a50364d78966748048560811450cfc4284ea9407e485c81477e89_None_USDT_0xdac17f958d2ee523a2206206994597c13d831ec7,1639138459,1639138459,1,43200000000.0,43200.0,43200.0,0.000000,0.000000,0.800000,tx_agg_rolling_1800s_same_asset_group_or_route,Celer
ETH,eth_flow_c96916a069e941__r7fam19__inst00__synth_split_src,0x01cef973ffa2a8ae558e10f7b59f2842fe52d53d403943450cbc6bcf8d873295,0x5427fefa711eff984124bfbb1ab6fbf5e3da1820|0x5c44983e5ce09e118e6a55086f49bf8514c9f406,0x5c44983e5ce09e118e6a55086f49bf8514c9f406,0xa0b86991c6218b36c1d19d4a2e9eb0ce3606eb48,USDC,stable:USDC,0x01cef973ffa2a8ae558e10f7b59f2842fe52d53d403943450cbc6bcf8d873295_None_USDC_0xa0b86991c6218b36c1d19d4a2e9eb0ce3606eb48,1640934526,1640934526,1,13671043571.0,13671.043571,13671.043571,0.000000,0.000000,0.775000,tx_agg_rolling_1800s_same_asset_group_or_route,Celer
ETH,eth_flow_c96916a069e941__r7fam19__inst00__synth_merge_src1,0x01cef973ffa2a8ae558e10f7b59f2842fe52d53d403943450cbc6bcf8d873295,0x5427fefa711eff984124bfbb1ab6fbf5e3da1820|0x5c44983e5ce09e118e6a55086f49bf8514c9f406,0x5c44983e5ce09e118e6a55086f49bf8514c9f406,0xa0b86991c6218b36c1d19d4a2e9eb0ce3606eb48,USDC,stable:USDC,0x01cef973ffa2a8ae558e10f7b59f2842fe52d53d403943450cbc6bcf8d873295_None_USDC_0xa0b86991c6218b36c1d19d4a2e9eb0ce3606eb48,1640934526,1640934526,1,4557014523.666666,4557.014523666667,4557.014523666667,0.000000,0.000000,0.775000,tx_agg_rolling_1800s_same_asset_group_or_route,Celer
ETH,eth_flow_c96916a069e941__r7fam19__inst00__synth_merge_src2,0x01cef973ffa2a8ae558e10f7b59f2842fe52d53d403943450cbc6bcf8d873295,0x5427fefa711eff984124bfbb1ab6fbf5e3da1820|0x5c44983e5ce09e118e6a55086f49bf8514c9f406,0x5c44983e5ce09e118e6a55086f49bf8514c9f406,0xa0b86991c6218b36c1d19d4a2e9eb0ce3606eb48,USDC,stable:USDC,0x01cef973ffa2a8ae558e10f7b59f2842fe52d53d403943450cbc6bcf8d873295_None_USDC_0xa0b86991c6218b36c1d19d4a2e9eb0ce3606eb48,1640934526,1640934526,1,4557014523.666666,4557.014523666667,4557.014523666667,0.000000,0.000000,0.775000,tx_agg_rolling_1800s_same_asset_group_or_route,Celer
ETH,eth_flow_c96916a069e941__r7fam19__inst00__synth_merge_src3,0x01cef973ffa2a8ae558e10f7b59f2842fe52d53d403943450cbc6bcf8d873295,0x5427fefa711eff984124bfbb1ab6fbf5e3da1820|0x5c44983e5ce09e118e6a55086f49bf8514c9f406,0x5c44983e5ce09e118e6a55086f49bf8514c9f406,0xa0b86991c6218b36c1d19d4a2e9eb0ce3606eb48,USDC,stable:USDC,0x01cef973ffa2a8ae558e10f7b59f2842fe52d53d403943450cbc6bcf8d873295_None_USDC_0xa0b86991c6218b36c1d19d4a2e9eb0ce3606eb48,1640934526,1640934526,1,4557014523.666666,4557.014523666667,4557.014523666667,0.000000,0.000000,0.775000,tx_agg_rolling_1800s_same_asset_group_or_route,Celer
ETH,eth_flow_c96916a069e941__r7fam19__inst00__synth_unmatched_src,0x01cef973ffa2a8ae558e10f7b59f2842fe52d53d403943450cbc6bcf8d873295,0x5427fefa711eff984124bfbb1ab6fbf5e3da1820|0x5c44983e5ce09e118e6a55086f49bf8514c9f406,0x5c44983e5ce09e118e6a55086f49bf8514c9f406,0xa0b86991c6218b36c1d19d4a2e9eb0ce3606eb48,USDC,stable:USDC,0x01cef973ffa2a8ae558e10f7b59f2842fe52d53d403943450cbc6bcf8d873295_None_USDC_0xa0b86991c6218b36c1d19d4a2e9eb0ce3606eb48,1640934526,1640934526,1,13671043571.0,13671.043571,13671.043571,0.000000,0.000000,0.775000,tx_agg_rolling_1800s_same_asset_group_or_route,Celer
ETH,eth_flow_c96916a069e941__r7fam19__inst00__synth_noise_src_0,0x01cef973ffa2a8ae558e10f7b59f2842fe52d53d403943450cbc6bcf8d873295,0x5427fefa711eff984124bfbb1ab6fbf5e3da1820|0x5c44983e5ce09e118e6a55086f49bf8514c9f406,0x5c44983e5ce09e118e6a55086f49bf8514c9f406,0xa0b86991c6218b36c1d19d4a2e9eb0ce3606eb48,USDC,stable:USDC,0x01cef973ffa2a8ae558e10f7b59f2842fe52d53d403943450cbc6bcf8d873295_None_USDC_0xa0b86991c6218b36c1d19d4a2e9eb0ce3606eb48,1640934526,1640934526,1,13671043571.0,13671.043571,13671.043571,0.000000,0.000000,0.775000,tx_agg_rolling_1800s_same_asset_group_or_route,Celer
ETH,eth_flow_c96916a069e941__r7fam19__inst00__synth_noise_src_1,0x01cef973ffa2a8ae558e10f7b59f2842fe52d53d403943450cbc6bcf8d873295,0x5427fefa711eff984124bfbb1ab6fbf5e3da1820|0x5c44983e5ce09e118e6a55086f49bf8514c9f406,0x5c44983e5ce09e118e6a55086f49bf8514c9f406,0xa0b86991c6218b36c1d19d4a2e9eb0ce3606eb48,USDC,stable:USDC,0x01cef973ffa2a8ae558e10f7b59f2842fe52d53d403943450cbc6bcf8d873295_None_USDC_0xa0b86991c6218b36c1d19d4a2e9eb0ce3606eb48,1640934526,1640934526,1,13671043571.0,13671.043571,13671.043571,0.000000,0.000000,0.775000,tx_agg_rolling_1800s_same_asset_group_or_route,Celer
ETH,eth_flow_86a1b58e59fe41__r7fam19__inst01__synth_split_src,0x12fff7f7f2638e3a4b4d1fa6cad74bc3bd77151a2963436e00117387844d1ef7,0x5427fefa711eff984124bfbb1ab6fbf5e3da1820|0x74bc516d929c5a90f2749c0bbe1ef3ba5678691f,0x74bc516d929c5a90f2749c0bbe1ef3ba5678691f,0xdac17f958d2ee523a2206206994597c13d831ec7,USDT,stable:USDT,0x12fff7f7f2638e3a4b4d1fa6cad74bc3bd77151a2963436e00117387844d1ef7_None_USDT_0xdac17f958d2ee523a2206206994597c13d831ec7,1640610162,1640610162,1,34164364019.0,34164.364019,34164.364019,0.000000,0.000000,0.775000,tx_agg_rolling_1800s_same_asset_group_or_route,Celer
ETH,eth_flow_86a1b58e59fe41__r7fam19__inst01__synth_merge_src1,0x12fff7f7f2638e3a4b4d1fa6cad74bc3bd77151a2963436e00117387844d1ef7,0x5427fefa711eff984124bfbb1ab6fbf5e3da1820|0x74bc516d929c5a90f2749c0bbe1ef3ba5678691f,0x74bc516d929c5a90f2749c0bbe1ef3ba5678691f,0xdac17f958d2ee523a2206206994597c13d831ec7,USDT,stable:USDT,0x12fff7f7f2638e3a4b4d1fa6cad74bc3bd77151a2963436e00117387844d1ef7_None_USDT_0xdac17f958d2ee523a2206206994597c13d831ec7,1640610162,1640610162,1,17082182009.5,17082.1820095,17082.1820095,0.000000,0.000000,0.775000,tx_agg_rolling_1800s_same_asset_group_or_route,Celer
ETH,eth_flow_86a1b58e59fe41__r7fam19__inst01__synth_merge_src2,0x12fff7f7f2638e3a4b4d1fa6cad74bc3bd77151a2963436e00117387844d1ef7,0x5427fefa711eff984124bfbb1ab6fbf5e3da1820|0x74bc516d929c5a90f2749c0bbe1ef3ba5678691f,0x74bc516d929c5a90f2749c0bbe1ef3ba5678691f,0xdac17f958d2ee523a2206206994597c13d831ec7,USDT,stable:USDT,0x12fff7f7f2638e3a4b4d1fa6cad74bc3bd77151a2963436e00117387844d1ef7_None_USDT_0xdac17f958d2ee523a2206206994597c13d831ec7,1640610162,1640610162,1,17082182009.5,17082.1820095,17082.1820095,0.000000,0.000000,0.775000,tx_agg_rolling_1800s_same_asset_group_or_route,Celer
ETH,eth_flow_86a1b58e59fe41__r7fam19__inst01__synth_unmatched_src,0x12fff7f7f2638e3a4b4d1fa6cad74bc3bd77151a2963436e00117387844d1ef7,0x5427fefa711eff984124bfbb1ab6fbf5e3da1820|0x74bc516d929c5a90f2749c0bbe1ef3ba5678691f,0x74bc516d929c5a90f2749c0bbe1ef3ba5678691f,0xdac17f958d2ee523a2206206994597c13d831ec7,USDT,stable:USDT,0x12fff7f7f2638e3a4b4d1fa6cad74bc3bd77151a2963436e00117387844d1ef7_None_USDT_0xdac17f958d2ee523a2206206994597c13d831ec7,1640610162,1640610162,1,34164364019.0,34164.364019,34164.364019,0.000000,0.000000,0.775000,tx_agg_rolling_1800s_same_asset_group_or_route,Celer
ETH,eth_flow_86a1b58e59fe41__r7fam19__inst01__synth_noise_src_0,0x12fff7f7f2638e3a4b4d1fa6cad74bc3bd77151a2963436e00117387844d1ef7,0x5427fefa711eff984124bfbb1ab6fbf5e3da1820|0x74bc516d929c5a90f2749c0bbe1ef3ba5678691f,0x74bc516d929c5a90f2749c0bbe1ef3ba5678691f,0xdac17f958d2ee523a2206206994597c13d831ec7,USDT,stable:USDT,0x12fff7f7f2638e3a4b4d1fa6cad74bc3bd77151a2963436e00117387844d1ef7_None_USDT_0xdac17f958d2ee523a2206206994597c13d831ec7,1640610162,1640610162,1,34164364019.0,34164.364019,34164.364019,0.000000,0.000000,0.775000,tx_agg_rolling_1800s_same_asset_group_or_route,Celer
ETH,eth_flow_86a1b58e59fe41__r7fam19__inst01__synth_noise_src_1,0x12fff7f7f2638e3a4b4d1fa6cad74bc3bd77151a2963436e00117387844d1ef7,0x5427fefa711eff984124bfbb1ab6fbf5e3da1820|0x74bc516d929c5a90f2749c0bbe1ef3ba5678691f,0x74bc516d929c5a90f2749c0bbe1ef3ba5678691f,0xdac17f958d2ee523a2206206994597c13d831ec7,USDT,stable:USDT,0x12fff7f7f2638e3a4b4d1fa6cad74bc3bd77151a2963436e00117387844d1ef7_None_USDT_0xdac17f958d2ee523a2206206994597c13d831ec7,1640610162,1640610162,1,34164364019.0,34164.364019,34164.364019,0.000000,0.000000,0.775000,tx_agg_rolling_1800s_same_asset_group_or_route,Celer
ETH,eth_flow_b2dbc5acde0442__r7fam20__inst00__synth_split_src,0x627730de85c11c41739de6789dfe4f1a176749468992a7c2632e09ccd0fa91d8,0x5427fefa711eff984124bfbb1ab6fbf5e3da1820|0x98601705ea99a58414f1dc71e111207481609061,0x98601705ea99a58414f1dc71e111207481609061,0xdac17f958d2ee523a2206206994597c13d831ec7,USDT,stable:USDT,0x627730de85c11c41739de6789dfe4f1a176749468992a7c2632e09ccd0fa91d8_None_USDT_0xdac17f958d2ee523a2206206994597c13d831ec7,1639509887,1639509887,1,24719724737.0,24719.724737,24719.724737,0.000000,0.000000,0.800000,tx_agg_rolling_1800s_same_asset_group_or_route,Celer
ETH,eth_flow_b2dbc5acde0442__r7fam20__inst00__synth_merge_src1,0x627730de85c11c41739de6789dfe4f1a176749468992a7c2632e09ccd0fa91d8,0x5427fefa711eff984124bfbb1ab6fbf5e3da1820|0x98601705ea99a58414f1dc71e111207481609061,0x98601705ea99a58414f1dc71e111207481609061,0xdac17f958d2ee523a2206206994597c13d831ec7,USDT,stable:USDT,0x627730de85c11c41739de6789dfe4f1a176749468992a7c2632e09ccd0fa91d8_None_USDT_0xdac17f958d2ee523a2206206994597c13d831ec7,1639509887,1639509887,1,12359862368.5,12359.8623685,12359.8623685,0.000000,0.000000,0.800000,tx_agg_rolling_1800s_same_asset_group_or_route,Celer
ETH,eth_flow_b2dbc5acde0442__r7fam20__inst00__synth_merge_src2,0x627730de85c11c41739de6789dfe4f1a176749468992a7c2632e09ccd0fa91d8,0x5427fefa711eff984124bfbb1ab6fbf5e3da1820|0x98601705ea99a58414f1dc71e111207481609061,0x98601705ea99a58414f1dc71e111207481609061,0xdac17f958d2ee523a2206206994597c13d831ec7,USDT,stable:USDT,0x627730de85c11c41739de6789dfe4f1a176749468992a7c2632e09ccd0fa91d8_None_USDT_0xdac17f958d2ee523a2206206994597c13d831ec7,1639509887,1639509887,1,12359862368.5,12359.8623685,12359.8623685,0.000000,0.000000,0.800000,tx_agg_rolling_1800s_same_asset_group_or_route,Celer
ETH,eth_flow_b2dbc5acde0442__r7fam20__inst00__synth_unmatched_src,0x627730de85c11c41739de6789dfe4f1a176749468992a7c2632e09ccd0fa91d8,0x5427fefa711eff984124bfbb1ab6fbf5e3da1820|0x98601705ea99a58414f1dc71e111207481609061,0x98601705ea99a58414f1dc71e111207481609061,0xdac17f958d2ee523a2206206994597c13d831ec7,USDT,stable:USDT,0x627730de85c11c41739de6789dfe4f1a176749468992a7c2632e09ccd0fa91d8_None_USDT_0xdac17f958d2ee523a2206206994597c13d831ec7,1639509887,1639509887,1,24719724737.0,24719.724737,24719.724737,0.000000,0.000000,0.800000,tx_agg_rolling_1800s_same_asset_group_or_route,Celer
ETH,eth_flow_b2dbc5acde0442__r7fam20__inst00__synth_noise_src_0,0x627730de85c11c41739de6789dfe4f1a176749468992a7c2632e09ccd0fa91d8,0x5427fefa711eff984124bfbb1ab6fbf5e3da1820|0x98601705ea99a58414f1dc71e111207481609061,0x98601705ea99a58414f1dc71e111207481609061,0xdac17f958d2ee523a2206206994597c13d831ec7,USDT,stable:USDT,0x627730de85c11c41739de6789dfe4f1a176749468992a7c2632e09ccd0fa91d8_None_USDT_0xdac17f958d2ee523a2206206994597c13d831ec7,1639509887,1639509887,1,24719724737.0,24719.724737,24719.724737,0.000000,0.000000,0.800000,tx_agg_rolling_1800s_same_asset_group_or_route,Celer
ETH,eth_flow_b2dbc5acde0442__r7fam20__inst00__synth_noise_src_1,0x627730de85c11c41739de6789dfe4f1a176749468992a7c2632e09ccd0fa91d8,0x5427fefa711eff984124bfbb1ab6fbf5e3da1820|0x98601705ea99a58414f1dc71e111207481609061,0x98601705ea99a58414f1dc71e111207481609061,0xdac17f958d2ee523a2206206994597c13d831ec7,USDT,stable:USDT,0x627730de85c11c41739de6789dfe4f1a176749468992a7c2632e09ccd0fa91d8_None_USDT_0xdac17f958d2ee523a2206206994597c13d831ec7,1639509887,1639509887,1,24719724737.0,24719.724737,24719.724737,0.000000,0.000000,0.800000,tx_agg_rolling_1800s_same_asset_group_or_route,Celer
ETH,eth_flow_149326182a314d__r7fam20__inst01__synth_split_src,0x886bb98bcf9441baf3fbeb09f53c387f064f6fe58b8bff5d455c6d2e0b67e2a9,0x3fa82a3acf66fba91b14de6d44aca8fa924f91ac|0x5427fefa711eff984124bfbb1ab6fbf5e3da1820,0x3fa82a3acf66fba91b14de6d44aca8fa924f91ac,0x4fabb145d64652a948d72533023f6e7a623c7c53,BUSD,stable:BUSD,0x886bb98bcf9441baf3fbeb09f53c387f064f6fe58b8bff5d455c6d2e0b67e2a9_None_BUSD_0x4fabb145d64652a948d72533023f6e7a623c7c53,1639843436,1639843436,1,9.725e+22,97250.0,97250.0,20.930233,20.930233,0.775000,tx_agg_rolling_1800s_same_asset_group_or_route,Celer
ETH,eth_flow_149326182a314d__r7fam20__inst01__synth_merge_src1,0x886bb98bcf9441baf3fbeb09f53c387f064f6fe58b8bff5d455c6d2e0b67e2a9,0x3fa82a3acf66fba91b14de6d44aca8fa924f91ac|0x5427fefa711eff984124bfbb1ab6fbf5e3da1820,0x3fa82a3acf66fba91b14de6d44aca8fa924f91ac,0x4fabb145d64652a948d72533023f6e7a623c7c53,BUSD,stable:BUSD,0x886bb98bcf9441baf3fbeb09f53c387f064f6fe58b8bff5d455c6d2e0b67e2a9_None_BUSD_0x4fabb145d64652a948d72533023f6e7a623c7c53,1639843436,1639843436,1,4.8625e+22,48625.0,48625.0,20.930233,20.930233,0.775000,tx_agg_rolling_1800s_same_asset_group_or_route,Celer
ETH,eth_flow_149326182a314d__r7fam20__inst01__synth_merge_src2,0x886bb98bcf9441baf3fbeb09f53c387f064f6fe58b8bff5d455c6d2e0b67e2a9,0x3fa82a3acf66fba91b14de6d44aca8fa924f91ac|0x5427fefa711eff984124bfbb1ab6fbf5e3da1820,0x3fa82a3acf66fba91b14de6d44aca8fa924f91ac,0x4fabb145d64652a948d72533023f6e7a623c7c53,BUSD,stable:BUSD,0x886bb98bcf9441baf3fbeb09f53c387f064f6fe58b8bff5d455c6d2e0b67e2a9_None_BUSD_0x4fabb145d64652a948d72533023f6e7a623c7c53,1639843436,1639843436,1,4.8625e+22,48625.0,48625.0,20.930233,20.930233,0.775000,tx_agg_rolling_1800s_same_asset_group_or_route,Celer
ETH,eth_flow_149326182a314d__r7fam20__inst01__synth_unmatched_src,0x886bb98bcf9441baf3fbeb09f53c387f064f6fe58b8bff5d455c6d2e0b67e2a9,0x3fa82a3acf66fba91b14de6d44aca8fa924f91ac|0x5427fefa711eff984124bfbb1ab6fbf5e3da1820,0x3fa82a3acf66fba91b14de6d44aca8fa924f91ac,0x4fabb145d64652a948d72533023f6e7a623c7c53,BUSD,stable:BUSD,0x886bb98bcf9441baf3fbeb09f53c387f064f6fe58b8bff5d455c6d2e0b67e2a9_None_BUSD_0x4fabb145d64652a948d72533023f6e7a623c7c53,1639843436,1639843436,1,9.725e+22,97250.0,97250.0,20.930233,20.930233,0.775000,tx_agg_rolling_1800s_same_asset_group_or_route,Celer
ETH,eth_flow_149326182a314d__r7fam20__inst01__synth_noise_src_0,0x886bb98bcf9441baf3fbeb09f53c387f064f6fe58b8bff5d455c6d2e0b67e2a9,0x3fa82a3acf66fba91b14de6d44aca8fa924f91ac|0x5427fefa711eff984124bfbb1ab6fbf5e3da1820,0x3fa82a3acf66fba91b14de6d44aca8fa924f91ac,0x4fabb145d64652a948d72533023f6e7a623c7c53,BUSD,stable:BUSD,0x886bb98bcf9441baf3fbeb09f53c387f064f6fe58b8bff5d455c6d2e0b67e2a9_None_BUSD_0x4fabb145d64652a948d72533023f6e7a623c7c53,1639843436,1639843436,1,9.725e+22,97250.0,97250.0,20.930233,20.930233,0.775000,tx_agg_rolling_1800s_same_asset_group_or_route,Celer
ETH,eth_flow_149326182a314d__r7fam20__inst01__synth_noise_src_1,0x886bb98bcf9441baf3fbeb09f53c387f064f6fe58b8bff5d455c6d2e0b67e2a9,0x3fa82a3acf66fba91b14de6d44aca8fa924f91ac|0x5427fefa711eff984124bfbb1ab6fbf5e3da1820,0x3fa82a3acf66fba91b14de6d44aca8fa924f91ac,0x4fabb145d64652a948d72533023f6e7a623c7c53,BUSD,stable:BUSD,0x886bb98bcf9441baf3fbeb09f53c387f064f6fe58b8bff5d455c6d2e0b67e2a9_None_BUSD_0x4fabb145d64652a948d72533023f6e7a623c7c53,1639843436,1639843436,1,9.725e+22,97250.0,97250.0,20.930233,20.930233,0.775000,tx_agg_rolling_1800s_same_asset_group_or_route,Celer
ETH,eth_flow_3c2c3b9887b443__r7fam21__inst00__synth_split_src,0x9680b5df5e487061513f6d96cc1a3b9f87e2aef43ee27290e9b00596d929b642,0x5427fefa711eff984124bfbb1ab6fbf5e3da1820|0x61be98ece58dfc3150554a14b8366826169497eb,0x61be98ece58dfc3150554a14b8366826169497eb,0xdac17f958d2ee523a2206206994597c13d831ec7,USDT,stable:USDT,0x9680b5df5e487061513f6d96cc1a3b9f87e2aef43ee27290e9b00596d929b642_None_USDT_0xdac17f958d2ee523a2206206994597c13d831ec7,1639684965,1639684965,1,390000000000.0,390000.0,390000.0,4.651163,4.651163,0.775000,tx_agg_rolling_1800s_same_asset_group_or_route,Celer
ETH,eth_flow_3c2c3b9887b443__r7fam21__inst00__synth_merge_src1,0x9680b5df5e487061513f6d96cc1a3b9f87e2aef43ee27290e9b00596d929b642,0x5427fefa711eff984124bfbb1ab6fbf5e3da1820|0x61be98ece58dfc3150554a14b8366826169497eb,0x61be98ece58dfc3150554a14b8366826169497eb,0xdac17f958d2ee523a2206206994597c13d831ec7,USDT,stable:USDT,0x9680b5df5e487061513f6d96cc1a3b9f87e2aef43ee27290e9b00596d929b642_None_USDT_0xdac17f958d2ee523a2206206994597c13d831ec7,1639684965,1639684965,1,195000000000.0,195000.0,195000.0,4.651163,4.651163,0.775000,tx_agg_rolling_1800s_same_asset_group_or_route,Celer
ETH,eth_flow_3c2c3b9887b443__r7fam21__inst00__synth_merge_src2,0x9680b5df5e487061513f6d96cc1a3b9f87e2aef43ee27290e9b00596d929b642,0x5427fefa711eff984124bfbb1ab6fbf5e3da1820|0x61be98ece58dfc3150554a14b8366826169497eb,0x61be98ece58dfc3150554a14b8366826169497eb,0xdac17f958d2ee523a2206206994597c13d831ec7,USDT,stable:USDT,0x9680b5df5e487061513f6d96cc1a3b9f87e2aef43ee27290e9b00596d929b642_None_USDT_0xdac17f958d2ee523a2206206994597c13d831ec7,1639684965,1639684965,1,195000000000.0,195000.0,195000.0,4.651163,4.651163,0.775000,tx_agg_rolling_1800s_same_asset_group_or_route,Celer
ETH,eth_flow_3c2c3b9887b443__r7fam21__inst00__synth_unmatched_src,0x9680b5df5e487061513f6d96cc1a3b9f87e2aef43ee27290e9b00596d929b642,0x5427fefa711eff984124bfbb1ab6fbf5e3da1820|0x61be98ece58dfc3150554a14b8366826169497eb,0x61be98ece58dfc3150554a14b8366826169497eb,0xdac17f958d2ee523a2206206994597c13d831ec7,USDT,stable:USDT,0x9680b5df5e487061513f6d96cc1a3b9f87e2aef43ee27290e9b00596d929b642_None_USDT_0xdac17f958d2ee523a2206206994597c13d831ec7,1639684965,1639684965,1,390000000000.0,390000.0,390000.0,4.651163,4.651163,0.775000,tx_agg_rolling_1800s_same_asset_group_or_route,Celer
ETH,eth_flow_3c2c3b9887b443__r7fam21__inst00__synth_noise_src_0,0x9680b5df5e487061513f6d96cc1a3b9f87e2aef43ee27290e9b00596d929b642,0x5427fefa711eff984124bfbb1ab6fbf5e3da1820|0x61be98ece58dfc3150554a14b8366826169497eb,0x61be98ece58dfc3150554a14b8366826169497eb,0xdac17f958d2ee523a2206206994597c13d831ec7,USDT,stable:USDT,0x9680b5df5e487061513f6d96cc1a3b9f87e2aef43ee27290e9b00596d929b642_None_USDT_0xdac17f958d2ee523a2206206994597c13d831ec7,1639684965,1639684965,1,390000000000.0,390000.0,390000.0,4.651163,4.651163,0.775000,tx_agg_rolling_1800s_same_asset_group_or_route,Celer
ETH,eth_flow_3c2c3b9887b443__r7fam21__inst00__synth_noise_src_1,0x9680b5df5e487061513f6d96cc1a3b9f87e2aef43ee27290e9b00596d929b642,0x5427fefa711eff984124bfbb1ab6fbf5e3da1820|0x61be98ece58dfc3150554a14b8366826169497eb,0x61be98ece58dfc3150554a14b8366826169497eb,0xdac17f958d2ee523a2206206994597c13d831ec7,USDT,stable:USDT,0x9680b5df5e487061513f6d96cc1a3b9f87e2aef43ee27290e9b00596d929b642_None_USDT_0xdac17f958d2ee523a2206206994597c13d831ec7,1639684965,1639684965,1,390000000000.0,390000.0,390000.0,4.651163,4.651163,0.775000,tx_agg_rolling_1800s_same_asset_group_or_route,Celer
ETH,eth_flow_6a4c40a779ef45__r7fam21__inst01__synth_split_src,0x5738b1db8a6937bac0f76ecd584d95ef1100ec0b7c823abbe93121d86e96b170,0xb37d31b2a74029b5951a2778f959282e2d518595|0xd3660ee5743108ddbbc6eb9dd07a0c325f6921fe,0xd3660ee5743108ddbbc6eb9dd07a0c325f6921fe,0x38b0e3a59183814957d83df2a97492aed1f003e2,ANML,token:ANML,0x5738b1db8a6937bac0f76ecd584d95ef1100ec0b7c823abbe93121d86e96b170_None_ANML_0x38b0e3a59183814957d83df2a97492aed1f003e2,1648882902,1648882902,1,1.4985228423041444e+23,149852.28423041443,149852.28423041443,11.627907,11.627907,0.800000,tx_agg_rolling_1800s_same_asset_group_or_route,Celer
ETH,eth_flow_6a4c40a779ef45__r7fam21__inst01__synth_merge_src1,0x5738b1db8a6937bac0f76ecd584d95ef1100ec0b7c823abbe93121d86e96b170,0xb37d31b2a74029b5951a2778f959282e2d518595|0xd3660ee5743108ddbbc6eb9dd07a0c325f6921fe,0xd3660ee5743108ddbbc6eb9dd07a0c325f6921fe,0x38b0e3a59183814957d83df2a97492aed1f003e2,ANML,token:ANML,0x5738b1db8a6937bac0f76ecd584d95ef1100ec0b7c823abbe93121d86e96b170_None_ANML_0x38b0e3a59183814957d83df2a97492aed1f003e2,1648882902,1648882902,1,7.492614211520722e+22,74926.14211520721,74926.14211520721,11.627907,11.627907,0.800000,tx_agg_rolling_1800s_same_asset_group_or_route,Celer
ETH,eth_flow_6a4c40a779ef45__r7fam21__inst01__synth_merge_src2,0x5738b1db8a6937bac0f76ecd584d95ef1100ec0b7c823abbe93121d86e96b170,0xb37d31b2a74029b5951a2778f959282e2d518595|0xd3660ee5743108ddbbc6eb9dd07a0c325f6921fe,0xd3660ee5743108ddbbc6eb9dd07a0c325f6921fe,0x38b0e3a59183814957d83df2a97492aed1f003e2,ANML,token:ANML,0x5738b1db8a6937bac0f76ecd584d95ef1100ec0b7c823abbe93121d86e96b170_None_ANML_0x38b0e3a59183814957d83df2a97492aed1f003e2,1648882902,1648882902,1,7.492614211520722e+22,74926.14211520721,74926.14211520721,11.627907,11.627907,0.800000,tx_agg_rolling_1800s_same_asset_group_or_route,Celer
ETH,eth_flow_6a4c40a779ef45__r7fam21__inst01__synth_unmatched_src,0x5738b1db8a6937bac0f76ecd584d95ef1100ec0b7c823abbe93121d86e96b170,0xb37d31b2a74029b5951a2778f959282e2d518595|0xd3660ee5743108ddbbc6eb9dd07a0c325f6921fe,0xd3660ee5743108ddbbc6eb9dd07a0c325f6921fe,0x38b0e3a59183814957d83df2a97492aed1f003e2,ANML,token:ANML,0x5738b1db8a6937bac0f76ecd584d95ef1100ec0b7c823abbe93121d86e96b170_None_ANML_0x38b0e3a59183814957d83df2a97492aed1f003e2,1648882902,1648882902,1,1.4985228423041444e+23,149852.28423041443,149852.28423041443,11.627907,11.627907,0.800000,tx_agg_rolling_1800s_same_asset_group_or_route,Celer
ETH,eth_flow_6a4c40a779ef45__r7fam21__inst01__synth_noise_src_0,0x5738b1db8a6937bac0f76ecd584d95ef1100ec0b7c823abbe93121d86e96b170,0xb37d31b2a74029b5951a2778f959282e2d518595|0xd3660ee5743108ddbbc6eb9dd07a0c325f6921fe,0xd3660ee5743108ddbbc6eb9dd07a0c325f6921fe,0x38b0e3a59183814957d83df2a97492aed1f003e2,ANML,token:ANML,0x5738b1db8a6937bac0f76ecd584d95ef1100ec0b7c823abbe93121d86e96b170_None_ANML_0x38b0e3a59183814957d83df2a97492aed1f003e2,1648882902,1648882902,1,1.4985228423041444e+23,149852.28423041443,149852.28423041443,11.627907,11.627907,0.800000,tx_agg_rolling_1800s_same_asset_group_or_route,Celer
ETH,eth_flow_6a4c40a779ef45__r7fam21__inst01__synth_noise_src_1,0x5738b1db8a6937bac0f76ecd584d95ef1100ec0b7c823abbe93121d86e96b170,0xb37d31b2a74029b5951a2778f959282e2d518595|0xd3660ee5743108ddbbc6eb9dd07a0c325f6921fe,0xd3660ee5743108ddbbc6eb9dd07a0c325f6921fe,0x38b0e3a59183814957d83df2a97492aed1f003e2,ANML,token:ANML,0x5738b1db8a6937bac0f76ecd584d95ef1100ec0b7c823abbe93121d86e96b170_None_ANML_0x38b0e3a59183814957d83df2a97492aed1f003e2,1648882902,1648882902,1,1.4985228423041444e+23,149852.28423041443,149852.28423041443,11.627907,11.627907,0.800000,tx_agg_rolling_1800s_same_asset_group_or_route,Celer
ETH,eth_flow_c13065e767594c__r7fam22__inst00__synth_split_src,0xb42ebfd750910dd324729e8d59ac3a597a24d7ac67ab22f7c9a11bd8cac5dddc,0x7a6a59588b8106045303e1923227a2cefbec2b66|0xb37d31b2a74029b5951a2778f959282e2d518595,0x7a6a59588b8106045303e1923227a2cefbec2b66,0x45c2f8c9b4c0bdc76200448cc26c48ab6ffef83f,DOMI,token:DOMI,0xb42ebfd750910dd324729e8d59ac3a597a24d7ac67ab22f7c9a11bd8cac5dddc_None_DOMI_0x45c2f8c9b4c0bdc76200448cc26c48ab6ffef83f,1643718129,1643718129,1,1.664814723980484e+22,16648.147239804843,16648.147239804843,0.000000,0.000000,0.800000,tx_agg_rolling_1800s_same_asset_group_or_route,Celer
ETH,eth_flow_c13065e767594c__r7fam22__inst00__synth_merge_src1,0xb42ebfd750910dd324729e8d59ac3a597a24d7ac67ab22f7c9a11bd8cac5dddc,0x7a6a59588b8106045303e1923227a2cefbec2b66|0xb37d31b2a74029b5951a2778f959282e2d518595,0x7a6a59588b8106045303e1923227a2cefbec2b66,0x45c2f8c9b4c0bdc76200448cc26c48ab6ffef83f,DOMI,token:DOMI,0xb42ebfd750910dd324729e8d59ac3a597a24d7ac67ab22f7c9a11bd8cac5dddc_None_DOMI_0x45c2f8c9b4c0bdc76200448cc26c48ab6ffef83f,1643718129,1643718129,1,8.32407361990242e+21,8324.073619902421,8324.073619902421,0.000000,0.000000,0.800000,tx_agg_rolling_1800s_same_asset_group_or_route,Celer
ETH,eth_flow_c13065e767594c__r7fam22__inst00__synth_merge_src2,0xb42ebfd750910dd324729e8d59ac3a597a24d7ac67ab22f7c9a11bd8cac5dddc,0x7a6a59588b8106045303e1923227a2cefbec2b66|0xb37d31b2a74029b5951a2778f959282e2d518595,0x7a6a59588b8106045303e1923227a2cefbec2b66,0x45c2f8c9b4c0bdc76200448cc26c48ab6ffef83f,DOMI,token:DOMI,0xb42ebfd750910dd324729e8d59ac3a597a24d7ac67ab22f7c9a11bd8cac5dddc_None_DOMI_0x45c2f8c9b4c0bdc76200448cc26c48ab6ffef83f,1643718129,1643718129,1,8.32407361990242e+21,8324.073619902421,8324.073619902421,0.000000,0.000000,0.800000,tx_agg_rolling_1800s_same_asset_group_or_route,Celer
ETH,eth_flow_c13065e767594c__r7fam22__inst00__synth_unmatched_src,0xb42ebfd750910dd324729e8d59ac3a597a24d7ac67ab22f7c9a11bd8cac5dddc,0x7a6a59588b8106045303e1923227a2cefbec2b66|0xb37d31b2a74029b5951a2778f959282e2d518595,0x7a6a59588b8106045303e1923227a2cefbec2b66,0x45c2f8c9b4c0bdc76200448cc26c48ab6ffef83f,DOMI,token:DOMI,0xb42ebfd750910dd324729e8d59ac3a597a24d7ac67ab22f7c9a11bd8cac5dddc_None_DOMI_0x45c2f8c9b4c0bdc76200448cc26c48ab6ffef83f,1643718129,1643718129,1,1.664814723980484e+22,16648.147239804843,16648.147239804843,0.000000,0.000000,0.800000,tx_agg_rolling_1800s_same_asset_group_or_route,Celer
ETH,eth_flow_c13065e767594c__r7fam22__inst00__synth_noise_src_0,0xb42ebfd750910dd324729e8d59ac3a597a24d7ac67ab22f7c9a11bd8cac5dddc,0x7a6a59588b8106045303e1923227a2cefbec2b66|0xb37d31b2a74029b5951a2778f959282e2d518595,0x7a6a59588b8106045303e1923227a2cefbec2b66,0x45c2f8c9b4c0bdc76200448cc26c48ab6ffef83f,DOMI,token:DOMI,0xb42ebfd750910dd324729e8d59ac3a597a24d7ac67ab22f7c9a11bd8cac5dddc_None_DOMI_0x45c2f8c9b4c0bdc76200448cc26c48ab6ffef83f,1643718129,1643718129,1,1.664814723980484e+22,16648.147239804843,16648.147239804843,0.000000,0.000000,0.800000,tx_agg_rolling_1800s_same_asset_group_or_route,Celer
ETH,eth_flow_c13065e767594c__r7fam22__inst00__synth_noise_src_1,0xb42ebfd750910dd324729e8d59ac3a597a24d7ac67ab22f7c9a11bd8cac5dddc,0x7a6a59588b8106045303e1923227a2cefbec2b66|0xb37d31b2a74029b5951a2778f959282e2d518595,0x7a6a59588b8106045303e1923227a2cefbec2b66,0x45c2f8c9b4c0bdc76200448cc26c48ab6ffef83f,DOMI,token:DOMI,0xb42ebfd750910dd324729e8d59ac3a597a24d7ac67ab22f7c9a11bd8cac5dddc_None_DOMI_0x45c2f8c9b4c0bdc76200448cc26c48ab6ffef83f,1643718129,1643718129,1,1.664814723980484e+22,16648.147239804843,16648.147239804843,0.000000,0.000000,0.800000,tx_agg_rolling_1800s_same_asset_group_or_route,Celer
ETH,eth_flow_e3f363d8c8b344__r7fam22__inst01__synth_split_src,0xe2214c0e97b55fbcb94e403d7a798e37126ea14c42e4552099eef2ea96888c56,0x3375fcdaf1108407d3d34680821a0278010c11f1|0x5427fefa711eff984124bfbb1ab6fbf5e3da1820,0x3375fcdaf1108407d3d34680821a0278010c11f1,0xdac17f958d2ee523a2206206994597c13d831ec7,USDT,stable:USDT,0xe2214c0e97b55fbcb94e403d7a798e37126ea14c42e4552099eef2ea96888c56_None_USDT_0xdac17f958d2ee523a2206206994597c13d831ec7,1639470310,1639470310,1,19560000000.0,19560.0,19560.0,0.000000,0.000000,0.800000,tx_agg_rolling_1800s_same_asset_group_or_route,Celer
ETH,eth_flow_e3f363d8c8b344__r7fam22__inst01__synth_merge_src1,0xe2214c0e97b55fbcb94e403d7a798e37126ea14c42e4552099eef2ea96888c56,0x3375fcdaf1108407d3d34680821a0278010c11f1|0x5427fefa711eff984124bfbb1ab6fbf5e3da1820,0x3375fcdaf1108407d3d34680821a0278010c11f1,0xdac17f958d2ee523a2206206994597c13d831ec7,USDT,stable:USDT,0xe2214c0e97b55fbcb94e403d7a798e37126ea14c42e4552099eef2ea96888c56_None_USDT_0xdac17f958d2ee523a2206206994597c13d831ec7,1639470310,1639470310,1,9780000000.0,9780.0,9780.0,0.000000,0.000000,0.800000,tx_agg_rolling_1800s_same_asset_group_or_route,Celer
ETH,eth_flow_e3f363d8c8b344__r7fam22__inst01__synth_merge_src2,0xe2214c0e97b55fbcb94e403d7a798e37126ea14c42e4552099eef2ea96888c56,0x3375fcdaf1108407d3d34680821a0278010c11f1|0x5427fefa711eff984124bfbb1ab6fbf5e3da1820,0x3375fcdaf1108407d3d34680821a0278010c11f1,0xdac17f958d2ee523a2206206994597c13d831ec7,USDT,stable:USDT,0xe2214c0e97b55fbcb94e403d7a798e37126ea14c42e4552099eef2ea96888c56_None_USDT_0xdac17f958d2ee523a2206206994597c13d831ec7,1639470310,1639470310,1,9780000000.0,9780.0,9780.0,0.000000,0.000000,0.800000,tx_agg_rolling_1800s_same_asset_group_or_route,Celer
ETH,eth_flow_e3f363d8c8b344__r7fam22__inst01__synth_unmatched_src,0xe2214c0e97b55fbcb94e403d7a798e37126ea14c42e4552099eef2ea96888c56,0x3375fcdaf1108407d3d34680821a0278010c11f1|0x5427fefa711eff984124bfbb1ab6fbf5e3da1820,0x3375fcdaf1108407d3d34680821a0278010c11f1,0xdac17f958d2ee523a2206206994597c13d831ec7,USDT,stable:USDT,0xe2214c0e97b55fbcb94e403d7a798e37126ea14c42e4552099eef2ea96888c56_None_USDT_0xdac17f958d2ee523a2206206994597c13d831ec7,1639470310,1639470310,1,19560000000.0,19560.0,19560.0,0.000000,0.000000,0.800000,tx_agg_rolling_1800s_same_asset_group_or_route,Celer
ETH,eth_flow_e3f363d8c8b344__r7fam22__inst01__synth_noise_src_0,0xe2214c0e97b55fbcb94e403d7a798e37126ea14c42e4552099eef2ea96888c56,0x3375fcdaf1108407d3d34680821a0278010c11f1|0x5427fefa711eff984124bfbb1ab6fbf5e3da1820,0x3375fcdaf1108407d3d34680821a0278010c11f1,0xdac17f958d2ee523a2206206994597c13d831ec7,USDT,stable:USDT,0xe2214c0e97b55fbcb94e403d7a798e37126ea14c42e4552099eef2ea96888c56_None_USDT_0xdac17f958d2ee523a2206206994597c13d831ec7,1639470310,1639470310,1,19560000000.0,19560.0,19560.0,0.000000,0.000000,0.800000,tx_agg_rolling_1800s_same_asset_group_or_route,Celer
ETH,eth_flow_e3f363d8c8b344__r7fam22__inst01__synth_noise_src_1,0xe2214c0e97b55fbcb94e403d7a798e37126ea14c42e4552099eef2ea96888c56,0x3375fcdaf1108407d3d34680821a0278010c11f1|0x5427fefa711eff984124bfbb1ab6fbf5e3da1820,0x3375fcdaf1108407d3d34680821a0278010c11f1,0xdac17f958d2ee523a2206206994597c13d831ec7,USDT,stable:USDT,0xe2214c0e97b55fbcb94e403d7a798e37126ea14c42e4552099eef2ea96888c56_None_USDT_0xdac17f958d2ee523a2206206994597c13d831ec7,1639470310,1639470310,1,19560000000.0,19560.0,19560.0,0.000000,0.000000,0.800000,tx_agg_rolling_1800s_same_asset_group_or_route,Celer
ETH,eth_flow_dba2566145d44b__r7fam23__inst00__synth_split_src,0x5cf15e3f52b9149a5933f43ef3432bc2da66ebc238225db37adb963a8dfa826b,0x5d7cb5b5bd9079cce9a56fead02e7b3db00c57fe|0xb37d31b2a74029b5951a2778f959282e2d518595,0x5d7cb5b5bd9079cce9a56fead02e7b3db00c57fe,0x728f30fa2f100742c7949d1961804fa8e0b1387d,GHX,token:GHX,0x5cf15e3f52b9149a5933f43ef3432bc2da66ebc238225db37adb963a8dfa826b_None_GHX_0x728f30fa2f100742c7949d1961804fa8e0b1387d,1645099648,1645099648,1,1.70155e+23,170155.0,170155.0,20.930233,20.930233,0.800000,tx_agg_rolling_1800s_same_asset_group_or_route,Celer
ETH,eth_flow_dba2566145d44b__r7fam23__inst00__synth_merge_src1,0x5cf15e3f52b9149a5933f43ef3432bc2da66ebc238225db37adb963a8dfa826b,0x5d7cb5b5bd9079cce9a56fead02e7b3db00c57fe|0xb37d31b2a74029b5951a2778f959282e2d518595,0x5d7cb5b5bd9079cce9a56fead02e7b3db00c57fe,0x728f30fa2f100742c7949d1961804fa8e0b1387d,GHX,token:GHX,0x5cf15e3f52b9149a5933f43ef3432bc2da66ebc238225db37adb963a8dfa826b_None_GHX_0x728f30fa2f100742c7949d1961804fa8e0b1387d,1645099648,1645099648,1,8.50775e+22,85077.5,85077.5,20.930233,20.930233,0.800000,tx_agg_rolling_1800s_same_asset_group_or_route,Celer
ETH,eth_flow_dba2566145d44b__r7fam23__inst00__synth_merge_src2,0x5cf15e3f52b9149a5933f43ef3432bc2da66ebc238225db37adb963a8dfa826b,0x5d7cb5b5bd9079cce9a56fead02e7b3db00c57fe|0xb37d31b2a74029b5951a2778f959282e2d518595,0x5d7cb5b5bd9079cce9a56fead02e7b3db00c57fe,0x728f30fa2f100742c7949d1961804fa8e0b1387d,GHX,token:GHX,0x5cf15e3f52b9149a5933f43ef3432bc2da66ebc238225db37adb963a8dfa826b_None_GHX_0x728f30fa2f100742c7949d1961804fa8e0b1387d,1645099648,1645099648,1,8.50775e+22,85077.5,85077.5,20.930233,20.930233,0.800000,tx_agg_rolling_1800s_same_asset_group_or_route,Celer
ETH,eth_flow_dba2566145d44b__r7fam23__inst00__synth_unmatched_src,0x5cf15e3f52b9149a5933f43ef3432bc2da66ebc238225db37adb963a8dfa826b,0x5d7cb5b5bd9079cce9a56fead02e7b3db00c57fe|0xb37d31b2a74029b5951a2778f959282e2d518595,0x5d7cb5b5bd9079cce9a56fead02e7b3db00c57fe,0x728f30fa2f100742c7949d1961804fa8e0b1387d,GHX,token:GHX,0x5cf15e3f52b9149a5933f43ef3432bc2da66ebc238225db37adb963a8dfa826b_None_GHX_0x728f30fa2f100742c7949d1961804fa8e0b1387d,1645099648,1645099648,1,1.70155e+23,170155.0,170155.0,20.930233,20.930233,0.800000,tx_agg_rolling_1800s_same_asset_group_or_route,Celer
ETH,eth_flow_dba2566145d44b__r7fam23__inst00__synth_noise_src_0,0x5cf15e3f52b9149a5933f43ef3432bc2da66ebc238225db37adb963a8dfa826b,0x5d7cb5b5bd9079cce9a56fead02e7b3db00c57fe|0xb37d31b2a74029b5951a2778f959282e2d518595,0x5d7cb5b5bd9079cce9a56fead02e7b3db00c57fe,0x728f30fa2f100742c7949d1961804fa8e0b1387d,GHX,token:GHX,0x5cf15e3f52b9149a5933f43ef3432bc2da66ebc238225db37adb963a8dfa826b_None_GHX_0x728f30fa2f100742c7949d1961804fa8e0b1387d,1645099648,1645099648,1,1.70155e+23,170155.0,170155.0,20.930233,20.930233,0.800000,tx_agg_rolling_1800s_same_asset_group_or_route,Celer
ETH,eth_flow_dba2566145d44b__r7fam23__inst00__synth_noise_src_1,0x5cf15e3f52b9149a5933f43ef3432bc2da66ebc238225db37adb963a8dfa826b,0x5d7cb5b5bd9079cce9a56fead02e7b3db00c57fe|0xb37d31b2a74029b5951a2778f959282e2d518595,0x5d7cb5b5bd9079cce9a56fead02e7b3db00c57fe,0x728f30fa2f100742c7949d1961804fa8e0b1387d,GHX,token:GHX,0x5cf15e3f52b9149a5933f43ef3432bc2da66ebc238225db37adb963a8dfa826b_None_GHX_0x728f30fa2f100742c7949d1961804fa8e0b1387d,1645099648,1645099648,1,1.70155e+23,170155.0,170155.0,20.930233,20.930233,0.800000,tx_agg_rolling_1800s_same_asset_group_or_route,Celer
ETH,eth_flow_ef57bf0dad344e__r7fam23__inst01__synth_split_src,0xd92fad125a560b66dacd0686ca9b8e0f2a300f8c147029e6c4be121258d874a9,0x5427fefa711eff984124bfbb1ab6fbf5e3da1820|0xa7351adb4ed394ff1a5da6eda787526338877499,0xa7351adb4ed394ff1a5da6eda787526338877499,0xa0b86991c6218b36c1d19d4a2e9eb0ce3606eb48,USDC,stable:USDC,0xd92fad125a560b66dacd0686ca9b8e0f2a300f8c147029e6c4be121258d874a9_None_USDC_0xa0b86991c6218b36c1d19d4a2e9eb0ce3606eb48,1641125096,1641125096,1,70995838919.0,70995.838919,70995.838919,0.000000,0.000000,0.775000,tx_agg_rolling_1800s_same_asset_group_or_route,Celer
ETH,eth_flow_ef57bf0dad344e__r7fam23__inst01__synth_merge_src1,0xd92fad125a560b66dacd0686ca9b8e0f2a300f8c147029e6c4be121258d874a9,0x5427fefa711eff984124bfbb1ab6fbf5e3da1820|0xa7351adb4ed394ff1a5da6eda787526338877499,0xa7351adb4ed394ff1a5da6eda787526338877499,0xa0b86991c6218b36c1d19d4a2e9eb0ce3606eb48,USDC,stable:USDC,0xd92fad125a560b66dacd0686ca9b8e0f2a300f8c147029e6c4be121258d874a9_None_USDC_0xa0b86991c6218b36c1d19d4a2e9eb0ce3606eb48,1641125096,1641125096,1,23665279639.666664,23665.279639666667,23665.279639666667,0.000000,0.000000,0.775000,tx_agg_rolling_1800s_same_asset_group_or_route,Celer
ETH,eth_flow_ef57bf0dad344e__r7fam23__inst01__synth_merge_src2,0xd92fad125a560b66dacd0686ca9b8e0f2a300f8c147029e6c4be121258d874a9,0x5427fefa711eff984124bfbb1ab6fbf5e3da1820|0xa7351adb4ed394ff1a5da6eda787526338877499,0xa7351adb4ed394ff1a5da6eda787526338877499,0xa0b86991c6218b36c1d19d4a2e9eb0ce3606eb48,USDC,stable:USDC,0xd92fad125a560b66dacd0686ca9b8e0f2a300f8c147029e6c4be121258d874a9_None_USDC_0xa0b86991c6218b36c1d19d4a2e9eb0ce3606eb48,1641125096,1641125096,1,23665279639.666664,23665.279639666667,23665.279639666667,0.000000,0.000000,0.775000,tx_agg_rolling_1800s_same_asset_group_or_route,Celer
ETH,eth_flow_ef57bf0dad344e__r7fam23__inst01__synth_merge_src3,0xd92fad125a560b66dacd0686ca9b8e0f2a300f8c147029e6c4be121258d874a9,0x5427fefa711eff984124bfbb1ab6fbf5e3da1820|0xa7351adb4ed394ff1a5da6eda787526338877499,0xa7351adb4ed394ff1a5da6eda787526338877499,0xa0b86991c6218b36c1d19d4a2e9eb0ce3606eb48,USDC,stable:USDC,0xd92fad125a560b66dacd0686ca9b8e0f2a300f8c147029e6c4be121258d874a9_None_USDC_0xa0b86991c6218b36c1d19d4a2e9eb0ce3606eb48,1641125096,1641125096,1,23665279639.666664,23665.279639666667,23665.279639666667,0.000000,0.000000,0.775000,tx_agg_rolling_1800s_same_asset_group_or_route,Celer
ETH,eth_flow_ef57bf0dad344e__r7fam23__inst01__synth_unmatched_src,0xd92fad125a560b66dacd0686ca9b8e0f2a300f8c147029e6c4be121258d874a9,0x5427fefa711eff984124bfbb1ab6fbf5e3da1820|0xa7351adb4ed394ff1a5da6eda787526338877499,0xa7351adb4ed394ff1a5da6eda787526338877499,0xa0b86991c6218b36c1d19d4a2e9eb0ce3606eb48,USDC,stable:USDC,0xd92fad125a560b66dacd0686ca9b8e0f2a300f8c147029e6c4be121258d874a9_None_USDC_0xa0b86991c6218b36c1d19d4a2e9eb0ce3606eb48,1641125096,1641125096,1,70995838919.0,70995.838919,70995.838919,0.000000,0.000000,0.775000,tx_agg_rolling_1800s_same_asset_group_or_route,Celer
ETH,eth_flow_ef57bf0dad344e__r7fam23__inst01__synth_noise_src_0,0xd92fad125a560b66dacd0686ca9b8e0f2a300f8c147029e6c4be121258d874a9,0x5427fefa711eff984124bfbb1ab6fbf5e3da1820|0xa7351adb4ed394ff1a5da6eda787526338877499,0xa7351adb4ed394ff1a5da6eda787526338877499,0xa0b86991c6218b36c1d19d4a2e9eb0ce3606eb48,USDC,stable:USDC,0xd92fad125a560b66dacd0686ca9b8e0f2a300f8c147029e6c4be121258d874a9_None_USDC_0xa0b86991c6218b36c1d19d4a2e9eb0ce3606eb48,1641125096,1641125096,1,70995838919.0,70995.838919,70995.838919,0.000000,0.000000,0.775000,tx_agg_rolling_1800s_same_asset_group_or_route,Celer
ETH,eth_flow_ef57bf0dad344e__r7fam23__inst01__synth_noise_src_1,0xd92fad125a560b66dacd0686ca9b8e0f2a300f8c147029e6c4be121258d874a9,0x5427fefa711eff984124bfbb1ab6fbf5e3da1820|0xa7351adb4ed394ff1a5da6eda787526338877499,0xa7351adb4ed394ff1a5da6eda787526338877499,0xa0b86991c6218b36c1d19d4a2e9eb0ce3606eb48,USDC,stable:USDC,0xd92fad125a560b66dacd0686ca9b8e0f2a300f8c147029e6c4be121258d874a9_None_USDC_0xa0b86991c6218b36c1d19d4a2e9eb0ce3606eb48,1641125096,1641125096,1,70995838919.0,70995.838919,70995.838919,0.000000,0.000000,0.775000,tx_agg_rolling_1800s_same_asset_group_or_route,Celer
