chain,flow_id,tx_hashes,address_set,primary_address,token_contracts,token_symbols,asset_group,route_id,start_time,end_time,tx_count,raw_amount_sum,human_amount_sum,usd_amount_sum,aml_score_mean,aml_score_max,evidence_quality_mean,flow_construction_rule,bridge
BNB,bnb_flow_3da20e41eeb64b__synth_split_a,0xa727dd70a537113a485447a99b21004f45a018fb4bd13060b3c9feac555b0750,0xa27242324bf28edf341bed2b9542666ca331dabc|0xdd90e5e87a2081dcf0391920868ebc2ffb81a1af,0xa27242324bf28edf341bed2b9542666ca331dabc,0x8ac76a51cc950d9822d68b83fe1ad97b32cd580d,USDC,stable:USDC,0xa727dd70a537113a485447a99b21004f45a018fb4bd13060b3c9feac555b0750_None_USDC_0x8ac76a51cc950d9822d68b83fe1ad97b32cd580d,1640948994,1640948994,1,5.421374029299218e+19,54.213740292992185,54.213740292992185,0.000000,0.000000,0.775000,tx_agg_rolling_1800s_same_asset_group_or_route,Celer
BNB,bnb_flow_3da20e41eeb64b__synth_split_b,0xa727dd70a537113a485447a99b21004f45a018fb4bd13060b3c9feac555b0750,0xa27242324bf28edf341bed2b9542666ca331dabc|0xdd90e5e87a2081dcf0391920868ebc2ffb81a1af,0xa27242324bf28edf341bed2b9542666ca331dabc,0x8ac76a51cc950d9822d68b83fe1ad97b32cd580d,USDC,stable:USDC,0xa727dd70a537113a485447a99b21004f45a018fb4bd13060b3c9feac555b0750_None_USDC_0x8ac76a51cc950d9822d68b83fe1ad97b32cd580d,1640948994,1640948994,1,5.421374029299218e+19,54.213740292992185,54.213740292992185,0.000000,0.000000,0.775000,tx_agg_rolling_1800s_same_asset_group_or_route,Celer
BNB,bnb_flow_3da20e41eeb64b__synth_split_c,0xa727dd70a537113a485447a99b21004f45a018fb4bd13060b3c9feac555b0750,0xa27242324bf28edf341bed2b9542666ca331dabc|0xdd90e5e87a2081dcf0391920868ebc2ffb81a1af,0xa27242324bf28edf341bed2b9542666ca331dabc,0x8ac76a51cc950d9822d68b83fe1ad97b32cd580d,USDC,stable:USDC,0xa727dd70a537113a485447a99b21004f45a018fb4bd13060b3c9feac555b0750_None_USDC_0x8ac76a51cc950d9822d68b83fe1ad97b32cd580d,1640948994,1640948994,1,5.421374029299218e+19,54.213740292992185,54.213740292992185,0.000000,0.000000,0.775000,tx_agg_rolling_1800s_same_asset_group_or_route,Celer
BNB,bnb_flow_3da20e41eeb64b__synth_merge_dst,0xa727dd70a537113a485447a99b21004f45a018fb4bd13060b3c9feac555b0750,0xa27242324bf28edf341bed2b9542666ca331dabc|0xdd90e5e87a2081dcf0391920868ebc2ffb81a1af,0xa27242324bf28edf341bed2b9542666ca331dabc,0x8ac76a51cc950d9822d68b83fe1ad97b32cd580d,USDC,stable:USDC,0xa727dd70a537113a485447a99b21004f45a018fb4bd13060b3c9feac555b0750_None_USDC_0x8ac76a51cc950d9822d68b83fe1ad97b32cd580d,1640948994,1640948994,1,1.6264122087897655e+20,162.64122087897655,162.64122087897655,0.000000,0.000000,0.775000,tx_agg_rolling_1800s_same_asset_group_or_route,Celer
BNB,bnb_flow_3da20e41eeb64b__synth_hidden_dst,0xa727dd70a537113a485447a99b21004f45a018fb4bd13060b3c9feac555b0750,0xa27242324bf28edf341bed2b9542666ca331dabc|0xdd90e5e87a2081dcf0391920868ebc2ffb81a1af,0xa27242324bf28edf341bed2b9542666ca331dabc,0x8ac76a51cc950d9822d68b83fe1ad97b32cd580d,USDC,stable:USDC,0xa727dd70a537113a485447a99b21004f45a018fb4bd13060b3c9feac555b0750_None_USDC_0x8ac76a51cc950d9822d68b83fe1ad97b32cd580d,1640948994,1640948994,1,1.6264122087897655e+20,162.64122087897655,162.64122087897655,0.000000,0.000000,0.775000,tx_agg_rolling_1800s_same_asset_group_or_route,Celer
BNB,bnb_flow_3da20e41eeb64b__synth_noise_dst_0,0xa727dd70a537113a485447a99b21004f45a018fb4bd13060b3c9feac555b0750,0xa27242324bf28edf341bed2b9542666ca331dabc|0xdd90e5e87a2081dcf0391920868ebc2ffb81a1af,0xa27242324bf28edf341bed2b9542666ca331dabc,0x8ac76a51cc950d9822d68b83fe1ad97b32cd580d,USDC,stable:USDC,0xa727dd70a537113a485447a99b21004f45a018fb4bd13060b3c9feac555b0750_None_USDC_0x8ac76a51cc950d9822d68b83fe1ad97b32cd580d,1640949054,1640949054,1,1.6264122087897655e+20,162.64122087897655,162.64122087897655,0.000000,0.000000,0.775000,tx_agg_rolling_1800s_same_asset_group_or_route,Celer
BNB,bnb_flow_3da20e41eeb64b__synth_noise_dst_1,0xa727dd70a537113a485447a99b21004f45a018fb4bd13060b3c9feac555b0750,0xa27242324bf28edf341bed2b9542666ca331dabc|0xdd90e5e87a2081dcf0391920868ebc2ffb81a1af,0xa27242324bf28edf341bed2b9542666ca331dabc,0x8ac76a51cc950d9822d68b83fe1ad97b32cd580d,USDC,stable:USDC,0xa727dd70a537113a485447a99b21004f45a018fb4bd13060b3c9feac555b0750_None_USDC_0x8ac76a51cc950d9822d68b83fe1ad97b32cd580d,1640949114,1640949114,1,1.6264122087897655e+20,162.64122087897655,162.64122087897655,0.000000,0.000000,0.775000,tx_agg_rolling_1800s_same_asset_group_or_route,Celer
BNB,bnb_flow_d5e65f2a5b254d__synth_split_a,0x6c949f2ccb4bc46bd84bc3a4cbd331b2fe5bda65229c8c9d26c069dd9b3b634c|0xd73fa0fcc753c5d007fb7048f87c94ae42fa5aea403b5eb967d49c063b829940,0x327fb2056e6a496c43c7256c33d8862dd813e611|0xdd90e5e87a2081dcf0391920868ebc2ffb81a1af,0x327fb2056e6a496c43c7256c33d8862dd813e611,0x2170ed0880ac9a755fd29b2688956bd959f933f8,ETH,native:ETH,0xd73fa0fcc753c5d007fb7048f87c94ae42fa5aea403b5eb967d49c063b829940_None_ETH_0x2170ed0880ac9a755fd29b2688956bd959f933f8,1639590644,1639591373,2,1.1961679606011408e+16,0.0119616796060114,0.0119616796060114,0.000000,0.000000,0.800000,tx_agg_rolling_1800s_same_asset_group_or_route,Celer
BNB,bnb_flow_d5e65f2a5b254d__synth_split_b,0x6c949f2ccb4bc46bd84bc3a4cbd331b2fe5bda65229c8c9d26c069dd9b3b634c|0xd73fa0fcc753c5d007fb7048f87c94ae42fa5aea403b5eb967d49c063b829940,0x327fb2056e6a496c43c7256c33d8862dd813e611|0xdd90e5e87a2081dcf0391920868ebc2ffb81a1af,0x327fb2056e6a496c43c7256c33d8862dd813e611,0x2170ed0880ac9a755fd29b2688956bd959f933f8,ETH,native:ETH,0xd73fa0fcc753c5d007fb7048f87c94ae42fa5aea403b5eb967d49c063b829940_None_ETH_0x2170ed0880ac9a755fd29b2688956bd959f933f8,1639590644,1639591373,2,1.1961679606011408e+16,0.0119616796060114,0.0119616796060114,0.000000,0.000000,0.800000,tx_agg_rolling_1800s_same_asset_group_or_route,Celer
BNB,bnb_flow_d5e65f2a5b254d__synth_split_c,0x6c949f2ccb4bc46bd84bc3a4cbd331b2fe5bda65229c8c9d26c069dd9b3b634c|0xd73fa0fcc753c5d007fb7048f87c94ae42fa5aea403b5eb967d49c063b829940,0x327fb2056e6a496c43c7256c33d8862dd813e611|0xdd90e5e87a2081dcf0391920868ebc2ffb81a1af,0x327fb2056e6a496c43c7256c33d8862dd813e611,0x2170ed0880ac9a755fd29b2688956bd959f933f8,ETH,native:ETH,0xd73fa0fcc753c5d007fb7048f87c94ae42fa5aea403b5eb967d49c063b829940_None_ETH_0x2170ed0880ac9a755fd29b2688956bd959f933f8,1639590644,1639591373,2,1.1961679606011408e+16,0.0119616796060114,0.0119616796060114,0.000000,0.000000,0.800000,tx_agg_rolling_1800s_same_asset_group_or_route,Celer
BNB,bnb_flow_d5e65f2a5b254d__synth_split_d,0x6c949f2ccb4bc46bd84bc3a4cbd331b2fe5bda65229c8c9d26c069dd9b3b634c|0xd73fa0fcc753c5d007fb7048f87c94ae42fa5aea403b5eb967d49c063b829940,0x327fb2056e6a496c43c7256c33d8862dd813e611|0xdd90e5e87a2081dcf0391920868ebc2ffb81a1af,0x327fb2056e6a496c43c7256c33d8862dd813e611,0x2170ed0880ac9a755fd29b2688956bd959f933f8,ETH,native:ETH,0xd73fa0fcc753c5d007fb7048f87c94ae42fa5aea403b5eb967d49c063b829940_None_ETH_0x2170ed0880ac9a755fd29b2688956bd959f933f8,1639590644,1639591373,2,1.1961679606011408e+16,0.0119616796060114,0.0119616796060114,0.000000,0.000000,0.800000,tx_agg_rolling_1800s_same_asset_group_or_route,Celer
BNB,bnb_flow_d5e65f2a5b254d__synth_split_e,0x6c949f2ccb4bc46bd84bc3a4cbd331b2fe5bda65229c8c9d26c069dd9b3b634c|0xd73fa0fcc753c5d007fb7048f87c94ae42fa5aea403b5eb967d49c063b829940,0x327fb2056e6a496c43c7256c33d8862dd813e611|0xdd90e5e87a2081dcf0391920868ebc2ffb81a1af,0x327fb2056e6a496c43c7256c33d8862dd813e611,0x2170ed0880ac9a755fd29b2688956bd959f933f8,ETH,native:ETH,0xd73fa0fcc753c5d007fb7048f87c94ae42fa5aea403b5eb967d49c063b829940_None_ETH_0x2170ed0880ac9a755fd29b2688956bd959f933f8,1639590644,1639591373,2,1.1961679606011408e+16,0.0119616796060114,0.0119616796060114,0.000000,0.000000,0.800000,tx_agg_rolling_1800s_same_asset_group_or_route,Celer
BNB,bnb_flow_d5e65f2a5b254d__synth_merge_dst,0x6c949f2ccb4bc46bd84bc3a4cbd331b2fe5bda65229c8c9d26c069dd9b3b634c|0xd73fa0fcc753c5d007fb7048f87c94ae42fa5aea403b5eb967d49c063b829940,0x327fb2056e6a496c43c7256c33d8862dd813e611|0xdd90e5e87a2081dcf0391920868ebc2ffb81a1af,0x327fb2056e6a496c43c7256c33d8862dd813e611,0x2170ed0880ac9a755fd29b2688956bd959f933f8,ETH,native:ETH,0xd73fa0fcc753c5d007fb7048f87c94ae42fa5aea403b5eb967d49c063b829940_None_ETH_0x2170ed0880ac9a755fd29b2688956bd959f933f8,1639590644,1639591373,2,5.980839803005704e+16,0.059808398030057,0.059808398030057,0.000000,0.000000,0.800000,tx_agg_rolling_1800s_same_asset_group_or_route,Celer
BNB,bnb_flow_d5e65f2a5b254d__synth_hidden_dst,0x6c949f2ccb4bc46bd84bc3a4cbd331b2fe5bda65229c8c9d26c069dd9b3b634c|0xd73fa0fcc753c5d007fb7048f87c94ae42fa5aea403b5eb967d49c063b829940,0x327fb2056e6a496c43c7256c33d8862dd813e611|0xdd90e5e87a2081dcf0391920868ebc2ffb81a1af,0x327fb2056e6a496c43c7256c33d8862dd813e611,0x2170ed0880ac9a755fd29b2688956bd959f933f8,ETH,native:ETH,0xd73fa0fcc753c5d007fb7048f87c94ae42fa5aea403b5eb967d49c063b829940_None_ETH_0x2170ed0880ac9a755fd29b2688956bd959f933f8,1639590644,1639591373,2,5.980839803005704e+16,0.059808398030057,0.059808398030057,0.000000,0.000000,0.800000,tx_agg_rolling_1800s_same_asset_group_or_route,Celer
BNB,bnb_flow_d5e65f2a5b254d__synth_noise_dst_0,0x6c949f2ccb4bc46bd84bc3a4cbd331b2fe5bda65229c8c9d26c069dd9b3b634c|0xd73fa0fcc753c5d007fb7048f87c94ae42fa5aea403b5eb967d49c063b829940,0x327fb2056e6a496c43c7256c33d8862dd813e611|0xdd90e5e87a2081dcf0391920868ebc2ffb81a1af,0x327fb2056e6a496c43c7256c33d8862dd813e611,0x2170ed0880ac9a755fd29b2688956bd959f933f8,ETH,native:ETH,0xd73fa0fcc753c5d007fb7048f87c94ae42fa5aea403b5eb967d49c063b829940_None_ETH_0x2170ed0880ac9a755fd29b2688956bd959f933f8,1639590704,1639591433,2,5.980839803005704e+16,0.059808398030057,0.059808398030057,0.000000,0.000000,0.800000,tx_agg_rolling_1800s_same_asset_group_or_route,Celer
BNB,bnb_flow_d5e65f2a5b254d__synth_noise_dst_1,0x6c949f2ccb4bc46bd84bc3a4cbd331b2fe5bda65229c8c9d26c069dd9b3b634c|0xd73fa0fcc753c5d007fb7048f87c94ae42fa5aea403b5eb967d49c063b829940,0x327fb2056e6a496c43c7256c33d8862dd813e611|0xdd90e5e87a2081dcf0391920868ebc2ffb81a1af,0x327fb2056e6a496c43c7256c33d8862dd813e611,0x2170ed0880ac9a755fd29b2688956bd959f933f8,ETH,native:ETH,0xd73fa0fcc753c5d007fb7048f87c94ae42fa5aea403b5eb967d49c063b829940_None_ETH_0x2170ed0880ac9a755fd29b2688956bd959f933f8,1639590764,1639591493,2,5.980839803005704e+16,0.059808398030057,0.059808398030057,0.000000,0.000000,0.800000,tx_agg_rolling_1800s_same_asset_group_or_route,Celer
BNB,bnb_flow_c296a07f721b46__synth_split_a,0x736a5cc1517d335ed6d23b263821ca0df596c914b31cd83201f84b0156f6e45b,0x74fc2db2c55e6ec92e01be803c10e866be7e967c|0xdd90e5e87a2081dcf0391920868ebc2ffb81a1af,0x74fc2db2c55e6ec92e01be803c10e866be7e967c,0x2170ed0880ac9a755fd29b2688956bd959f933f8,ETH,native:ETH,0x736a5cc1517d335ed6d23b263821ca0df596c914b31cd83201f84b0156f6e45b_None_ETH_0x2170ed0880ac9a755fd29b2688956bd959f933f8,1639416142,1639416142,1,5.998084474650554e+16,0.0599808447465055,0.0599808447465055,0.000000,0.000000,0.775000,tx_agg_rolling_1800s_same_asset_group_or_route,Celer
BNB,bnb_flow_c296a07f721b46__synth_split_b,0x736a5cc1517d335ed6d23b263821ca0df596c914b31cd83201f84b0156f6e45b,0x74fc2db2c55e6ec92e01be803c10e866be7e967c|0xdd90e5e87a2081dcf0391920868ebc2ffb81a1af,0x74fc2db2c55e6ec92e01be803c10e866be7e967c,0x2170ed0880ac9a755fd29b2688956bd959f933f8,ETH,native:ETH,0x736a5cc1517d335ed6d23b263821ca0df596c914b31cd83201f84b0156f6e45b_None_ETH_0x2170ed0880ac9a755fd29b2688956bd959f933f8,1639416142,1639416142,1,5.998084474650554e+16,0.0599808447465055,0.0599808447465055,0.000000,0.000000,0.775000,tx_agg_rolling_1800s_same_asset_group_or_route,Celer
BNB,bnb_flow_c296a07f721b46__synth_merge_dst,0x736a5cc1517d335ed6d23b263821ca0df596c914b31cd83201f84b0156f6e45b,0x74fc2db2c55e6ec92e01be803c10e866be7e967c|0xdd90e5e87a2081dcf0391920868ebc2ffb81a1af,0x74fc2db2c55e6ec92e01be803c10e866be7e967c,0x2170ed0880ac9a755fd29b2688956bd959f933f8,ETH,native:ETH,0x736a5cc1517d335ed6d23b263821ca0df596c914b31cd83201f84b0156f6e45b_None_ETH_0x2170ed0880ac9a755fd29b2688956bd959f933f8,1639416142,1639416142,1,1.1996168949301107e+17,0.119961689493011,0.119961689493011,0.000000,0.000000,0.775000,tx_agg_rolling_1800s_same_asset_group_or_route,Celer
BNB,bnb_flow_c296a07f721b46__synth_hidden_dst,0x736a5cc1517d335ed6d23b263821ca0df596c914b31cd83201f84b0156f6e45b,0x74fc2db2c55e6ec92e01be803c10e866be7e967c|0xdd90e5e87a2081dcf0391920868ebc2ffb81a1af,0x74fc2db2c55e6ec92e01be803c10e866be7e967c,0x2170ed0880ac9a755fd29b2688956bd959f933f8,ETH,native:ETH,0x736a5cc1517d335ed6d23b263821ca0df596c914b31cd83201f84b0156f6e45b_None_ETH_0x2170ed0880ac9a755fd29b2688956bd959f933f8,1639416142,1639416142,1,1.1996168949301107e+17,0.119961689493011,0.119961689493011,0.000000,0.000000,0.775000,tx_agg_rolling_1800s_same_asset_group_or_route,Celer
BNB,bnb_flow_c296a07f721b46__synth_noise_dst_0,0x736a5cc1517d335ed6d23b263821ca0df596c914b31cd83201f84b0156f6e45b,0x74fc2db2c55e6ec92e01be803c10e866be7e967c|0xdd90e5e87a2081dcf0391920868ebc2ffb81a1af,0x74fc2db2c55e6ec92e01be803c10e866be7e967c,0x2170ed0880ac9a755fd29b2688956bd959f933f8,ETH,native:ETH,0x736a5cc1517d335ed6d23b263821ca0df596c914b31cd83201f84b0156f6e45b_None_ETH_0x2170ed0880ac9a755fd29b2688956bd959f933f8,1639416202,1639416202,1,1.1996168949301107e+17,0.119961689493011,0.119961689493011,0.000000,0.000000,0.775000,tx_agg_rolling_1800s_same_asset_group_or_route,Celer
BNB,bnb_flow_c296a07f721b46__synth_noise_dst_1,0x736a5cc1517d335ed6d23b263821ca0df596c914b31cd83201f84b0156f6e45b,0x74fc2db2c55e6ec92e01be803c10e866be7e967c|0xdd90e5e87a2081dcf0391920868ebc2ffb81a1af,0x74fc2db2c55e6ec92e01be803c10e866be7e967c,0x2170ed0880ac9a755fd29b2688956bd959f933f8,ETH,native:ETH,0x736a5cc1517d335ed6d23b263821ca0df596c914b31cd83201f84b0156f6e45b_None_ETH_0x2170ed0880ac9a755fd29b2688956bd959f933f8,1639416262,1639416262,1,1.1996168949301107e+17,0.119961689493011,0.119961689493011,0.000000,0.000000,0.775000,tx_agg_rolling_1800s_same_asset_group_or_route,Celer
BNB,bnb_flow_1b527d80410846__synth_split_a,0x33897684999343ea3a58d3420f66f081c479b14c14e74abda6db8d41741a815a,0xceaba23c6336d7c59f2cec471c9c51a865059233|0xdd90e5e87a2081dcf0391920868ebc2ffb81a1af,0xceaba23c6336d7c59f2cec471c9c51a865059233,0x2170ed0880ac9a755fd29b2688956bd959f933f8,ETH,native:ETH,0x33897684999343ea3a58d3420f66f081c479b14c14e74abda6db8d41741a815a_None_ETH_0x2170ed0880ac9a755fd29b2688956bd959f933f8,1638875465,1638875465,1,1.4953037179152338e+16,0.0149530371791523,0.0149530371791523,0.000000,0.000000,0.775000,tx_agg_rolling_1800s_same_asset_group_or_route,Celer
BNB,bnb_flow_1b527d80410846__synth_split_b,0x33897684999343ea3a58d3420f66f081c479b14c14e74abda6db8d41741a815a,0xceaba23c6336d7c59f2cec471c9c51a865059233|0xdd90e5e87a2081dcf0391920868ebc2ffb81a1af,0xceaba23c6336d7c59f2cec471c9c51a865059233,0x2170ed0880ac9a755fd29b2688956bd959f933f8,ETH,native:ETH,0x33897684999343ea3a58d3420f66f081c479b14c14e74abda6db8d41741a815a_None_ETH_0x2170ed0880ac9a755fd29b2688956bd959f933f8,1638875465,1638875465,1,1.4953037179152338e+16,0.0149530371791523,0.0149530371791523,0.000000,0.000000,0.775000,tx_agg_rolling_1800s_same_asset_group_or_route,Celer
BNB,bnb_flow_1b527d80410846__synth_merge_dst,0x33897684999343ea3a58d3420f66f081c479b14c14e74abda6db8d41741a815a,0xceaba23c6336d7c59f2cec471c9c51a865059233|0xdd90e5e87a2081dcf0391920868ebc2ffb81a1af,0xceaba23c6336d7c59f2cec471c9c51a865059233,0x2170ed0880ac9a755fd29b2688956bd959f933f8,ETH,native:ETH,0x33897684999343ea3a58d3420f66f081c479b14c14e74abda6db8d41741a815a_None_ETH_0x2170ed0880ac9a755fd29b2688956bd959f933f8,1638875465,1638875465,1,2.9906074358304676e+16,0.0299060743583046,0.0299060743583046,0.000000,0.000000,0.775000,tx_agg_rolling_1800s_same_asset_group_or_route,Celer
BNB,bnb_flow_1b527d80410846__synth_hidden_dst,0x33897684999343ea3a58d3420f66f081c479b14c14e74abda6db8d41741a815a,0xceaba23c6336d7c59f2cec471c9c51a865059233|0xdd90e5e87a2081dcf0391920868ebc2ffb81a1af,0xceaba23c6336d7c59f2cec471c9c51a865059233,0x2170ed0880ac9a755fd29b2688956bd959f933f8,ETH,native:ETH,0x33897684999343ea3a58d3420f66f081c479b14c14e74abda6db8d41741a815a_None_ETH_0x2170ed0880ac9a755fd29b2688956bd959f933f8,1638875465,1638875465,1,2.9906074358304676e+16,0.0299060743583046,0.0299060743583046,0.000000,0.000000,0.775000,tx_agg_rolling_1800s_same_asset_group_or_route,Celer
BNB,bnb_flow_1b527d80410846__synth_noise_dst_0,0x33897684999343ea3a58d3420f66f081c479b14c14e74abda6db8d41741a815a,0xceaba23c6336d7c59f2cec471c9c51a865059233|0xdd90e5e87a2081dcf0391920868ebc2ffb81a1af,0xceaba23c6336d7c59f2cec471c9c51a865059233,0x2170ed0880ac9a755fd29b2688956bd959f933f8,ETH,native:ETH,0x33897684999343ea3a58d3420f66f081c479b14c14e74abda6db8d41741a815a_None_ETH_0x2170ed0880ac9a755fd29b2688956bd959f933f8,1638875525,1638875525,1,2.9906074358304676e+16,0.0299060743583046,0.0299060743583046,0.000000,0.000000,0.775000,tx_agg_rolling_1800s_same_asset_group_or_route,Celer
BNB,bnb_flow_1b527d80410846__synth_noise_dst_1,0x33897684999343ea3a58d3420f66f081c479b14c14e74abda6db8d41741a815a,0xceaba23c6336d7c59f2cec471c9c51a865059233|0xdd90e5e87a2081dcf0391920868ebc2ffb81a1af,0xceaba23c6336d7c59f2cec471c9c51a865059233,0x2170ed0880ac9a755fd29b2688956bd959f933f8,ETH,native:ETH,0x33897684999343ea3a58d3420f66f081c479b14c14e74abda6db8d41741a815a_None_ETH_0x2170ed0880ac9a755fd29b2688956bd959f933f8,1638875585,1638875585,1,2.9906074358304676e+16,0.0299060743583046,0.0299060743583046,0.000000,0.000000,0.775000,tx_agg_rolling_1800s_same_asset_group_or_route,Celer
BNB,bnb_flow_d101dc85f8ba4d__synth_split_a,0x4fc12c4fe714fdc29c2d4db097f6f1fa2f97d3a2c12e09963d963405a504ca8e,0x063f8290e0fec6e9f2c7c6596fc1c0322affe4c3|0xdd90e5e87a2081dcf0391920868ebc2ffb81a1af,0x063f8290e0fec6e9f2c7c6596fc1c0322affe4c3,0x55d398326f99059ff775485246999027b3197955,USDT,stable:USDT,0x4fc12c4fe714fdc29c2d4db097f6f1fa2f97d3a2c12e09963d963405a504ca8e_None_USDT_0x55d398326f99059ff775485246999027b3197955,1640615918,1640615918,1,8.872810781607736e+19,88.72810781607735,88.72810781607735,0.000000,0.000000,0.775000,tx_agg_rolling_1800s_same_asset_group_or_route,Celer
BNB,bnb_flow_d101dc85f8ba4d__synth_split_b,0x4fc12c4fe714fdc29c2d4db097f6f1fa2f97d3a2c12e09963d963405a504ca8e,0x063f8290e0fec6e9f2c7c6596fc1c0322affe4c3|0xdd90e5e87a2081dcf0391920868ebc2ffb81a1af,0x063f8290e0fec6e9f2c7c6596fc1c0322affe4c3,0x55d398326f99059ff775485246999027b3197955,USDT,stable:USDT,0x4fc12c4fe714fdc29c2d4db097f6f1fa2f97d3a2c12e09963d963405a504ca8e_None_USDT_0x55d398326f99059ff775485246999027b3197955,1640615918,1640615918,1,8.872810781607736e+19,88.72810781607735,88.72810781607735,0.000000,0.000000,0.775000,tx_agg_rolling_1800s_same_asset_group_or_route,Celer
BNB,bnb_flow_d101dc85f8ba4d__synth_merge_dst,0x4fc12c4fe714fdc29c2d4db097f6f1fa2f97d3a2c12e09963d963405a504ca8e,0x063f8290e0fec6e9f2c7c6596fc1c0322affe4c3|0xdd90e5e87a2081dcf0391920868ebc2ffb81a1af,0x063f8290e0fec6e9f2c7c6596fc1c0322affe4c3,0x55d398326f99059ff775485246999027b3197955,USDT,stable:USDT,0x4fc12c4fe714fdc29c2d4db097f6f1fa2f97d3a2c12e09963d963405a504ca8e_None_USDT_0x55d398326f99059ff775485246999027b3197955,1640615918,1640615918,1,1.7745621563215472e+20,177.4562156321547,177.4562156321547,0.000000,0.000000,0.775000,tx_agg_rolling_1800s_same_asset_group_or_route,Celer
BNB,bnb_flow_d101dc85f8ba4d__synth_hidden_dst,0x4fc12c4fe714fdc29c2d4db097f6f1fa2f97d3a2c12e09963d963405a504ca8e,0x063f8290e0fec6e9f2c7c6596fc1c0322affe4c3|0xdd90e5e87a2081dcf0391920868ebc2ffb81a1af,0x063f8290e0fec6e9f2c7c6596fc1c0322affe4c3,0x55d398326f99059ff775485246999027b3197955,USDT,stable:USDT,0x4fc12c4fe714fdc29c2d4db097f6f1fa2f97d3a2c12e09963d963405a504ca8e_None_USDT_0x55d398326f99059ff775485246999027b3197955,1640615918,1640615918,1,1.7745621563215472e+20,177.4562156321547,177.4562156321547,0.000000,0.000000,0.775000,tx_agg_rolling_1800s_same_asset_group_or_route,Celer
BNB,bnb_flow_d101dc85f8ba4d__synth_noise_dst_0,0x4fc12c4fe714fdc29c2d4db097f6f1fa2f97d3a2c12e09963d963405a504ca8e,0x063f8290e0fec6e9f2c7c6596fc1c0322affe4c3|0xdd90e5e87a2081dcf0391920868ebc2ffb81a1af,0x063f8290e0fec6e9f2c7c6596fc1c0322affe4c3,0x55d398326f99059ff775485246999027b3197955,USDT,stable:USDT,0x4fc12c4fe714fdc29c2d4db097f6f1fa2f97d3a2c12e09963d963405a504ca8e_None_USDT_0x55d398326f99059ff775485246999027b3197955,1640615978,1640615978,1,1.7745621563215472e+20,177.4562156321547,177.4562156321547,0.000000,0.000000,0.775000,tx_agg_rolling_1800s_same_asset_group_or_route,Celer
BNB,bnb_flow_d101dc85f8ba4d__synth_noise_dst_1,0x4fc12c4fe714fdc29c2d4db097f6f1fa2f97d3a2c12e09963d963405a504ca8e,0x063f8290e0fec6e9f2c7c6596fc1c0322affe4c3|0xdd90e5e87a2081dcf0391920868ebc2ffb81a1af,0x063f8290e0fec6e9f2c7c6596fc1c0322affe4c3,0x55d398326f99059ff775485246999027b3197955,USDT,stable:USDT,0x4fc12c4fe714fdc29c2d4db097f6f1fa2f97d3a2c12e09963d963405a504ca8e_None_USDT_0x55d398326f99059ff775485246999027b3197955,1640616038,1640616038,1,1.7745621563215472e+20,177.4562156321547,177.4562156321547,0.000000,0.000000,0.775000,tx_agg_rolling_1800s_same_asset_group_or_route,Celer
BNB,bnb_flow_7ac7380d8f3d45__synth_split_a,0x04ffdf074fa9a03cc32c8991a94edb9bed92dcc3cfed06435d360af76a79a17d,0xd4c95c348f26f66507bccafc7c73ae2bd165d613|0xdd90e5e87a2081dcf0391920868ebc2ffb81a1af,0xd4c95c348f26f66507bccafc7c73ae2bd165d613,0x2170ed0880ac9a755fd29b2688956bd959f933f8,ETH,native:ETH,0x04ffdf074fa9a03cc32c8991a94edb9bed92dcc3cfed06435d360af76a79a17d_None_ETH_0x2170ed0880ac9a755fd29b2688956bd959f933f8,1639071439,1639071439,1,4.157782386265859e+17,0.415778238626586,0.415778238626586,0.000000,0.000000,0.775000,tx_agg_rolling_1800s_same_asset_group_or_route,Celer
BNB,bnb_flow_7ac7380d8f3d45__synth_split_b,0x04ffdf074fa9a03cc32c8991a94edb9bed92dcc3cfed06435d360af76a79a17d,0xd4c95c348f26f66507bccafc7c73ae2bd165d613|0xdd90e5e87a2081dcf0391920868ebc2ffb81a1af,0xd4c95c348f26f66507bccafc7c73ae2bd165d613,0x2170ed0880ac9a755fd29b2688956bd959f933f8,ETH,native:ETH,0x04ffdf074fa9a03cc32c8991a94edb9bed92dcc3cfed06435d360af76a79a17d_None_ETH_0x2170ed0880ac9a755fd29b2688956bd959f933f8,1639071439,1639071439,1,4.157782386265859e+17,0.415778238626586,0.415778238626586,0.000000,0.000000,0.775000,tx_agg_rolling_1800s_same_asset_group_or_route,Celer
BNB,bnb_flow_7ac7380d8f3d45__synth_split_c,0x04ffdf074fa9a03cc32c8991a94edb9bed92dcc3cfed06435d360af76a79a17d,0xd4c95c348f26f66507bccafc7c73ae2bd165d613|0xdd90e5e87a2081dcf0391920868ebc2ffb81a1af,0xd4c95c348f26f66507bccafc7c73ae2bd165d613,0x2170ed0880ac9a755fd29b2688956bd959f933f8,ETH,native:ETH,0x04ffdf074fa9a03cc32c8991a94edb9bed92dcc3cfed06435d360af76a79a17d_None_ETH_0x2170ed0880ac9a755fd29b2688956bd959f933f8,1639071439,1639071439,1,4.157782386265859e+17,0.415778238626586,0.415778238626586,0.000000,0.000000,0.775000,tx_agg_rolling_1800s_same_asset_group_or_route,Celer
BNB,bnb_flow_7ac7380d8f3d45__synth_merge_dst,0x04ffdf074fa9a03cc32c8991a94edb9bed92dcc3cfed06435d360af76a79a17d,0xd4c95c348f26f66507bccafc7c73ae2bd165d613|0xdd90e5e87a2081dcf0391920868ebc2ffb81a1af,0xd4c95c348f26f66507bccafc7c73ae2bd165d613,0x2170ed0880ac9a755fd29b2688956bd959f933f8,ETH,native:ETH,0x04ffdf074fa9a03cc32c8991a94edb9bed92dcc3cfed06435d360af76a79a17d_None_ETH_0x2170ed0880ac9a755fd29b2688956bd959f933f8,1639071439,1639071439,1,1.2473347158797578e+18,1.247334715879758,1.247334715879758,0.000000,0.000000,0.775000,tx_agg_rolling_1800s_same_asset_group_or_route,Celer
BNB,bnb_flow_7ac7380d8f3d45__synth_hidden_dst,0x04ffdf074fa9a03cc32c8991a94edb9bed92dcc3cfed06435d360af76a79a17d,0xd4c95c348f26f66507bccafc7c73ae2bd165d613|0xdd90e5e87a2081dcf0391920868ebc2ffb81a1af,0xd4c95c348f26f66507bccafc7c73ae2bd165d613,0x2170ed0880ac9a755fd29b2688956bd959f933f8,ETH,native:ETH,0x04ffdf074fa9a03cc32c8991a94edb9bed92dcc3cfed06435d360af76a79a17d_None_ETH_0x2170ed0880ac9a755fd29b2688956bd959f933f8,1639071439,1639071439,1,1.2473347158797578e+18,1.247334715879758,1.247334715879758,0.000000,0.000000,0.775000,tx_agg_rolling_1800s_same_asset_group_or_route,Celer
BNB,bnb_flow_7ac7380d8f3d45__synth_noise_dst_0,0x04ffdf074fa9a03cc32c8991a94edb9bed92dcc3cfed06435d360af76a79a17d,0xd4c95c348f26f66507bccafc7c73ae2bd165d613|0xdd90e5e87a2081dcf0391920868ebc2ffb81a1af,0xd4c95c348f26f66507bccafc7c73ae2bd165d613,0x2170ed0880ac9a755fd29b2688956bd959f933f8,ETH,native:ETH,0x04ffdf074fa9a03cc32c8991a94edb9bed92dcc3cfed06435d360af76a79a17d_None_ETH_0x2170ed0880ac9a755fd29b2688956bd959f933f8,1639071499,1639071499,1,1.2473347158797578e+18,1.247334715879758,1.247334715879758,0.000000,0.000000,0.775000,tx_agg_rolling_1800s_same_asset_group_or_route,Celer
BNB,bnb_flow_7ac7380d8f3d45__synth_noise_dst_1,0x04ffdf074fa9a03cc32c8991a94edb9bed92dcc3cfed06435d360af76a79a17d,0xd4c95c348f26f66507bccafc7c73ae2bd165d613|0xdd90e5e87a2081dcf0391920868ebc2ffb81a1af,0xd4c95c348f26f66507bccafc7c73ae2bd165d613,0x2170ed0880ac9a755fd29b2688956bd959f933f8,ETH,native:ETH,0x04ffdf074fa9a03cc32c8991a94edb9bed92dcc3cfed06435d360af76a79a17d_None_ETH_0x2170ed0880ac9a755fd29b2688956bd959f933f8,1639071559,1639071559,1,1.2473347158797578e+18,1.247334715879758,1.247334715879758,0.000000,0.000000,0.775000,tx_agg_rolling_1800s_same_asset_group_or_route,Celer
BNB,bnb_flow_9f535e85e32241__synth_split_a,0x003db4443530c4db7aea777f684d6fbfde2c5ca752e0c98f4cd04f854701642e,0x839dc138e244496b3c93a71ed876a72570fc1a46|0xdd90e5e87a2081dcf0391920868ebc2ffb81a1af,0x839dc138e244496b3c93a71ed876a72570fc1a46,0x2170ed0880ac9a755fd29b2688956bd959f933f8,ETH,native:ETH,0x003db4443530c4db7aea777f684d6fbfde2c5ca752e0c98f4cd04f854701642e_None_ETH_0x2170ed0880ac9a755fd29b2688956bd959f933f8,1638948263,1638948263,1,4.2307919791654376e+16,0.042307919791654366,0.042307919791654366,0.000000,0.000000,0.775000,tx_agg_rolling_1800s_same_asset_group_or_route,Celer
BNB,bnb_flow_9f535e85e32241__synth_split_b,0x003db4443530c4db7aea777f684d6fbfde2c5ca752e0c98f4cd04f854701642e,0x839dc138e244496b3c93a71ed876a72570fc1a46|0xdd90e5e87a2081dcf0391920868ebc2ffb81a1af,0x839dc138e244496b3c93a71ed876a72570fc1a46,0x2170ed0880ac9a755fd29b2688956bd959f933f8,ETH,native:ETH,0x003db4443530c4db7aea777f684d6fbfde2c5ca752e0c98f4cd04f854701642e_None_ETH_0x2170ed0880ac9a755fd29b2688956bd959f933f8,1638948263,1638948263,1,4.2307919791654376e+16,0.042307919791654366,0.042307919791654366,0.000000,0.000000,0.775000,tx_agg_rolling_1800s_same_asset_group_or_route,Celer
BNB,bnb_flow_9f535e85e32241__synth_split_c,0x003db4443530c4db7aea777f684d6fbfde2c5ca752e0c98f4cd04f854701642e,0x839dc138e244496b3c93a71ed876a72570fc1a46|0xdd90e5e87a2081dcf0391920868ebc2ffb81a1af,0x839dc138e244496b3c93a71ed876a72570fc1a46,0x2170ed0880ac9a755fd29b2688956bd959f933f8,ETH,native:ETH,0x003db4443530c4db7aea777f684d6fbfde2c5ca752e0c98f4cd04f854701642e_None_ETH_0x2170ed0880ac9a755fd29b2688956bd959f933f8,1638948263,1638948263,1,4.2307919791654376e+16,0.042307919791654366,0.042307919791654366,0.000000,0.000000,0.775000,tx_agg_rolling_1800s_same_asset_group_or_route,Celer
BNB,bnb_flow_9f535e85e32241__synth_merge_dst,0x003db4443530c4db7aea777f684d6fbfde2c5ca752e0c98f4cd04f854701642e,0x839dc138e244496b3c93a71ed876a72570fc1a46|0xdd90e5e87a2081dcf0391920868ebc2ffb81a1af,0x839dc138e244496b3c93a71ed876a72570fc1a46,0x2170ed0880ac9a755fd29b2688956bd959f933f8,ETH,native:ETH,0x003db4443530c4db7aea777f684d6fbfde2c5ca752e0c98f4cd04f854701642e_None_ETH_0x2170ed0880ac9a755fd29b2688956bd959f933f8,1638948263,1638948263,1,1.2692375937496314e+17,0.1269237593749631,0.1269237593749631,0.000000,0.000000,0.775000,tx_agg_rolling_1800s_same_asset_group_or_route,Celer
BNB,bnb_flow_9f535e85e32241__synth_hidden_dst,0x003db4443530c4db7aea777f684d6fbfde2c5ca752e0c98f4cd04f854701642e,0x839dc138e244496b3c93a71ed876a72570fc1a46|0xdd90e5e87a2081dcf0391920868ebc2ffb81a1af,0x839dc138e244496b3c93a71ed876a72570fc1a46,0x2170ed0880ac9a755fd29b2688956bd959f933f8,ETH,native:ETH,0x003db4443530c4db7aea777f684d6fbfde2c5ca752e0c98f4cd04f854701642e_None_ETH_0x2170ed0880ac9a755fd29b2688956bd959f933f8,1638948263,1638948263,1,1.2692375937496314e+17,0.1269237593749631,0.1269237593749631,0.000000,0.000000,0.775000,tx_agg_rolling_1800s_same_asset_group_or_route,Celer
BNB,bnb_flow_9f535e85e32241__synth_noise_dst_0,0x003db4443530c4db7aea777f684d6fbfde2c5ca752e0c98f4cd04f854701642e,0x839dc138e244496b3c93a71ed876a72570fc1a46|0xdd90e5e87a2081dcf0391920868ebc2ffb81a1af,0x839dc138e244496b3c93a71ed876a72570fc1a46,0x2170ed0880ac9a755fd29b2688956bd959f933f8,ETH,native:ETH,0x003db4443530c4db7aea777f684d6fbfde2c5ca752e0c98f4cd04f854701642e_None_ETH_0x2170ed0880ac9a755fd29b2688956bd959f933f8,1638948323,1638948323,1,1.2692375937496314e+17,0.1269237593749631,0.1269237593749631,0.000000,0.000000,0.775000,tx_agg_rolling_1800s_same_asset_group_or_route,Celer
BNB,bnb_flow_9f535e85e32241__synth_noise_dst_1,0x003db4443530c4db7aea777f684d6fbfde2c5ca752e0c98f4cd04f854701642e,0x839dc138e244496b3c93a71ed876a72570fc1a46|0xdd90e5e87a2081dcf0391920868ebc2ffb81a1af,0x839dc138e244496b3c93a71ed876a72570fc1a46,0x2170ed0880ac9a755fd29b2688956bd959f933f8,ETH,native:ETH,0x003db4443530c4db7aea777f684d6fbfde2c5ca752e0c98f4cd04f854701642e_None_ETH_0x2170ed0880ac9a755fd29b2688956bd959f933f8,1638948383,1638948383,1,1.2692375937496314e+17,0.1269237593749631,0.1269237593749631,0.000000,0.000000,0.775000,tx_agg_rolling_1800s_same_asset_group_or_route,Celer
BNB,bnb_flow_7d0ab3766b534e__synth_split_a,0x6fa61e5b6847e6c3f2d25b64916eb1b7ba392330415e90a7f484309bfa4c5a50,0x6657cddf937c4ff4ebea43fce9e3488fdaa8c12c|0xdd90e5e87a2081dcf0391920868ebc2ffb81a1af,0x6657cddf937c4ff4ebea43fce9e3488fdaa8c12c,0x2170ed0880ac9a755fd29b2688956bd959f933f8,ETH,native:ETH,0x6fa61e5b6847e6c3f2d25b64916eb1b7ba392330415e90a7f484309bfa4c5a50_None_ETH_0x2170ed0880ac9a755fd29b2688956bd959f933f8,1639228250,1639228250,1,2.2488474495904874e+17,0.2248847449590487,0.2248847449590487,0.000000,0.000000,0.775000,tx_agg_rolling_1800s_same_asset_group_or_route,Celer
BNB,bnb_flow_7d0ab3766b534e__synth_split_b,0x6fa61e5b6847e6c3f2d25b64916eb1b7ba392330415e90a7f484309bfa4c5a50,0x6657cddf937c4ff4ebea43fce9e3488fdaa8c12c|0xdd90e5e87a2081dcf0391920868ebc2ffb81a1af,0x6657cddf937c4ff4ebea43fce9e3488fdaa8c12c,0x2170ed0880ac9a755fd29b2688956bd959f933f8,ETH,native:ETH,0x6fa61e5b6847e6c3f2d25b64916eb1b7ba392330415e90a7f484309bfa4c5a50_None_ETH_0x2170ed0880ac9a755fd29b2688956bd959f933f8,1639228250,1639228250,1,2.2488474495904874e+17,0.2248847449590487,0.2248847449590487,0.000000,0.000000,0.775000,tx_agg_rolling_1800s_same_asset_group_or_route,Celer
BNB,bnb_flow_7d0ab3766b534e__synth_merge_dst,0x6fa61e5b6847e6c3f2d25b64916eb1b7ba392330415e90a7f484309bfa4c5a50,0x6657cddf937c4ff4ebea43fce9e3488fdaa8c12c|0xdd90e5e87a2081dcf0391920868ebc2ffb81a1af,0x6657cddf937c4ff4ebea43fce9e3488fdaa8c12c,0x2170ed0880ac9a755fd29b2688956bd959f933f8,ETH,native:ETH,0x6fa61e5b6847e6c3f2d25b64916eb1b7ba392330415e90a7f484309bfa4c5a50_None_ETH_0x2170ed0880ac9a755fd29b2688956bd959f933f8,1639228250,1639228250,1,4.497694899180975e+17,0.4497694899180974,0.4497694899180974,0.000000,0.000000,0.775000,tx_agg_rolling_1800s_same_asset_group_or_route,Celer
BNB,bnb_flow_7d0ab3766b534e__synth_hidden_dst,0x6fa61e5b6847e6c3f2d25b64916eb1b7ba392330415e90a7f484309bfa4c5a50,0x6657cddf937c4ff4ebea43fce9e3488fdaa8c12c|0xdd90e5e87a2081dcf0391920868ebc2ffb81a1af,0x6657cddf937c4ff4ebea43fce9e3488fdaa8c12c,0x2170ed0880ac9a755fd29b2688956bd959f933f8,ETH,native:ETH,0x6fa61e5b6847e6c3f2d25b64916eb1b7ba392330415e90a7f484309bfa4c5a50_None_ETH_0x2170ed0880ac9a755fd29b2688956bd959f933f8,1639228250,1639228250,1,4.497694899180975e+17,0.4497694899180974,0.4497694899180974,0.000000,0.000000,0.775000,tx_agg_rolling_1800s_same_asset_group_or_route,Celer
BNB,bnb_flow_7d0ab3766b534e__synth_noise_dst_0,0x6fa61e5b6847e6c3f2d25b64916eb1b7ba392330415e90a7f484309bfa4c5a50,0x6657cddf937c4ff4ebea43fce9e3488fdaa8c12c|0xdd90e5e87a2081dcf0391920868ebc2ffb81a1af,0x6657cddf937c4ff4ebea43fce9e3488fdaa8c12c,0x2170ed0880ac9a755fd29b2688956bd959f933f8,ETH,native:ETH,0x6fa61e5b6847e6c3f2d25b64916eb1b7ba392330415e90a7f484309bfa4c5a50_None_ETH_0x2170ed0880ac9a755fd29b2688956bd959f933f8,1639228310,1639228310,1,4.497694899180975e+17,0.4497694899180974,0.4497694899180974,0.000000,0.000000,0.775000,tx_agg_rolling_1800s_same_asset_group_or_route,Celer
BNB,bnb_flow_7d0ab3766b534e__synth_noise_dst_1,0x6fa61e5b6847e6c3f2d25b64916eb1b7ba392330415e90a7f484309bfa4c5a50,0x6657cddf937c4ff4ebea43fce9e3488fdaa8c12c|0xdd90e5e87a2081dcf0391920868ebc2ffb81a1af,0x6657cddf937c4ff4ebea43fce9e3488fdaa8c12c,0x2170ed0880ac9a755fd29b2688956bd959f933f8,ETH,native:ETH,0x6fa61e5b6847e6c3f2d25b64916eb1b7ba392330415e90a7f484309bfa4c5a50_None_ETH_0x2170ed0880ac9a755fd29b2688956bd959f933f8,1639228370,1639228370,1,4.497694899180975e+17,0.4497694899180974,0.4497694899180974,0.000000,0.000000,0.775000,tx_agg_rolling_1800s_same_asset_group_or_route,Celer
BNB,bnb_flow_621f6abda2db49__synth_split_a,0x246bddc5902c22feb17960ba98c86c9d8e64760a83b1c0cf2778fa2a03ce1c69,0xca2f14e730622e31ae4b027d3914156423f3e1fc|0xdd90e5e87a2081dcf0391920868ebc2ffb81a1af,0xca2f14e730622e31ae4b027d3914156423f3e1fc,0xe9e7cea3dedca5984780bafc599bd69add087d56,BUSD,stable:BUSD,0x246bddc5902c22feb17960ba98c86c9d8e64760a83b1c0cf2778fa2a03ce1c69_None_BUSD_0xe9e7cea3dedca5984780bafc599bd69add087d56,1640278098,1640278098,1,3.969351034095253e+19,39.69351034095253,39.69351034095253,0.000000,0.000000,0.775000,tx_agg_rolling_1800s_same_asset_group_or_route,Celer
BNB,bnb_flow_621f6abda2db49__synth_split_b,0x246bddc5902c22feb17960ba98c86c9d8e64760a83b1c0cf2778fa2a03ce1c69,0xca2f14e730622e31ae4b027d3914156423f3e1fc|0xdd90e5e87a2081dcf0391920868ebc2ffb81a1af,0xca2f14e730622e31ae4b027d3914156423f3e1fc,0xe9e7cea3dedca5984780bafc599bd69add087d56,BUSD,stable:BUSD,0x246bddc5902c22feb17960ba98c86c9d8e64760a83b1c0cf2778fa2a03ce1c69_None_BUSD_0xe9e7cea3dedca5984780bafc599bd69add087d56,1640278098,1640278098,1,3.969351034095253e+19,39.69351034095253,39.69351034095253,0.000000,0.000000,0.775000,tx_agg_rolling_1800s_same_asset_group_or_route,Celer
BNB,bnb_flow_621f6abda2db49__synth_split_c,0x246bddc5902c22feb17960ba98c86c9d8e64760a83b1c0cf2778fa2a03ce1c69,0xca2f14e730622e31ae4b027d3914156423f3e1fc|0xdd90e5e87a2081dcf0391920868ebc2ffb81a1af,0xca2f14e730622e31ae4b027d3914156423f3e1fc,0xe9e7cea3dedca5984780bafc599bd69add087d56,BUSD,stable:BUSD,0x246bddc5902c22feb17960ba98c86c9d8e64760a83b1c0cf2778fa2a03ce1c69_None_BUSD_0xe9e7cea3dedca5984780bafc599bd69add087d56,1640278098,1640278098,1,3.969351034095253e+19,39.69351034095253,39.69351034095253,0.000000,0.000000,0.775000,tx_agg_rolling_1800s_same_asset_group_or_route,Celer
BNB,bnb_flow_621f6abda2db49__synth_split_d,0x246bddc5902c22feb17960ba98c86c9d8e64760a83b1c0cf2778fa2a03ce1c69,0xca2f14e730622e31ae4b027d3914156423f3e1fc|0xdd90e5e87a2081dcf0391920868ebc2ffb81a1af,0xca2f14e730622e31ae4b027d3914156423f3e1fc,0xe9e7cea3dedca5984780bafc599bd69add087d56,BUSD,stable:BUSD,0x246bddc5902c22feb17960ba98c86c9d8e64760a83b1c0cf2778fa2a03ce1c69_None_BUSD_0xe9e7cea3dedca5984780bafc599bd69add087d56,1640278098,1640278098,1,3.969351034095253e+19,39.69351034095253,39.69351034095253,0.000000,0.000000,0.775000,tx_agg_rolling_1800s_same_asset_group_or_route,Celer
BNB,bnb_flow_621f6abda2db49__synth_split_e,0x246bddc5902c22feb17960ba98c86c9d8e64760a83b1c0cf2778fa2a03ce1c69,0xca2f14e730622e31ae4b027d3914156423f3e1fc|0xdd90e5e87a2081dcf0391920868ebc2ffb81a1af,0xca2f14e730622e31ae4b027d3914156423f3e1fc,0xe9e7cea3dedca5984780bafc599bd69add087d56,BUSD,stable:BUSD,0x246bddc5902c22feb17960ba98c86c9d8e64760a83b1c0cf2778fa2a03ce1c69_None_BUSD_0xe9e7cea3dedca5984780bafc599bd69add087d56,1640278098,1640278098,1,3.969351034095253e+19,39.69351034095253,39.69351034095253,0.000000,0.000000,0.775000,tx_agg_rolling_1800s_same_asset_group_or_route,Celer
BNB,bnb_flow_621f6abda2db49__synth_merge_dst,0x246bddc5902c22feb17960ba98c86c9d8e64760a83b1c0cf2778fa2a03ce1c69,0xca2f14e730622e31ae4b027d3914156423f3e1fc|0xdd90e5e87a2081dcf0391920868ebc2ffb81a1af,0xca2f14e730622e31ae4b027d3914156423f3e1fc,0xe9e7cea3dedca5984780bafc599bd69add087d56,BUSD,stable:BUSD,0x246bddc5902c22feb17960ba98c86c9d8e64760a83b1c0cf2778fa2a03ce1c69_None_BUSD_0xe9e7cea3dedca5984780bafc599bd69add087d56,1640278098,1640278098,1,1.9846755170476265e+20,198.46755170476263,198.46755170476263,0.000000,0.000000,0.775000,tx_agg_rolling_1800s_same_asset_group_or_route,Celer
BNB,bnb_flow_621f6abda2db49__synth_hidden_dst,0x246bddc5902c22feb17960ba98c86c9d8e64760a83b1c0cf2778fa2a03ce1c69,0xca2f14e730622e31ae4b027d3914156423f3e1fc|0xdd90e5e87a2081dcf0391920868ebc2ffb81a1af,0xca2f14e730622e31ae4b027d3914156423f3e1fc,0xe9e7cea3dedca5984780bafc599bd69add087d56,BUSD,stable:BUSD,0x246bddc5902c22feb17960ba98c86c9d8e64760a83b1c0cf2778fa2a03ce1c69_None_BUSD_0xe9e7cea3dedca5984780bafc599bd69add087d56,1640278098,1640278098,1,1.9846755170476265e+20,198.46755170476263,198.46755170476263,0.000000,0.000000,0.775000,tx_agg_rolling_1800s_same_asset_group_or_route,Celer
BNB,bnb_flow_621f6abda2db49__synth_noise_dst_0,0x246bddc5902c22feb17960ba98c86c9d8e64760a83b1c0cf2778fa2a03ce1c69,0xca2f14e730622e31ae4b027d3914156423f3e1fc|0xdd90e5e87a2081dcf0391920868ebc2ffb81a1af,0xca2f14e730622e31ae4b027d3914156423f3e1fc,0xe9e7cea3dedca5984780bafc599bd69add087d56,BUSD,stable:BUSD,0x246bddc5902c22feb17960ba98c86c9d8e64760a83b1c0cf2778fa2a03ce1c69_None_BUSD_0xe9e7cea3dedca5984780bafc599bd69add087d56,1640278158,1640278158,1,1.9846755170476265e+20,198.46755170476263,198.46755170476263,0.000000,0.000000,0.775000,tx_agg_rolling_1800s_same_asset_group_or_route,Celer
BNB,bnb_flow_621f6abda2db49__synth_noise_dst_1,0x246bddc5902c22feb17960ba98c86c9d8e64760a83b1c0cf2778fa2a03ce1c69,0xca2f14e730622e31ae4b027d3914156423f3e1fc|0xdd90e5e87a2081dcf0391920868ebc2ffb81a1af,0xca2f14e730622e31ae4b027d3914156423f3e1fc,0xe9e7cea3dedca5984780bafc599bd69add087d56,BUSD,stable:BUSD,0x246bddc5902c22feb17960ba98c86c9d8e64760a83b1c0cf2778fa2a03ce1c69_None_BUSD_0xe9e7cea3dedca5984780bafc599bd69add087d56,1640278218,1640278218,1,1.9846755170476265e+20,198.46755170476263,198.46755170476263,0.000000,0.000000,0.775000,tx_agg_rolling_1800s_same_asset_group_or_route,Celer
BNB,bnb_flow_d57a707c90a14b__synth_split_a,0xae6e264ab991b32e96512caaacd1bb29abd76ce79f8d22aadcd3fb89dc3358b5,0x6314a1ec6b8cd0d5b97755d28647efb4908e21c5|0xdd90e5e87a2081dcf0391920868ebc2ffb81a1af,0x6314a1ec6b8cd0d5b97755d28647efb4908e21c5,0x55d398326f99059ff775485246999027b3197955,USDT,stable:USDT,0xae6e264ab991b32e96512caaacd1bb29abd76ce79f8d22aadcd3fb89dc3358b5_None_USDT_0x55d398326f99059ff775485246999027b3197955,1640560512,1640560512,1,4.2672031718758695e+19,42.672031718758696,42.672031718758696,0.000000,0.000000,0.775000,tx_agg_rolling_1800s_same_asset_group_or_route,Celer
BNB,bnb_flow_d57a707c90a14b__synth_split_b,0xae6e264ab991b32e96512caaacd1bb29abd76ce79f8d22aadcd3fb89dc3358b5,0x6314a1ec6b8cd0d5b97755d28647efb4908e21c5|0xdd90e5e87a2081dcf0391920868ebc2ffb81a1af,0x6314a1ec6b8cd0d5b97755d28647efb4908e21c5,0x55d398326f99059ff775485246999027b3197955,USDT,stable:USDT,0xae6e264ab991b32e96512caaacd1bb29abd76ce79f8d22aadcd3fb89dc3358b5_None_USDT_0x55d398326f99059ff775485246999027b3197955,1640560512,1640560512,1,4.2672031718758695e+19,42.672031718758696,42.672031718758696,0.000000,0.000000,0.775000,tx_agg_rolling_1800s_same_asset_group_or_route,Celer
BNB,bnb_flow_d57a707c90a14b__synth_split_c,0xae6e264ab991b32e96512caaacd1bb29abd76ce79f8d22aadcd3fb89dc3358b5,0x6314a1ec6b8cd0d5b97755d28647efb4908e21c5|0xdd90e5e87a2081dcf0391920868ebc2ffb81a1af,0x6314a1ec6b8cd0d5b97755d28647efb4908e21c5,0x55d398326f99059ff775485246999027b3197955,USDT,stable:USDT,0xae6e264ab991b32e96512caaacd1bb29abd76ce79f8d22aadcd3fb89dc3358b5_None_USDT_0x55d398326f99059ff775485246999027b3197955,1640560512,1640560512,1,4.2672031718758695e+19,42.672031718758696,42.672031718758696,0.000000,0.000000,0.775000,tx_agg_rolling_1800s_same_asset_group_or_route,Celer
BNB,bnb_flow_d57a707c90a14b__synth_split_d,0xae6e264ab991b32e96512caaacd1bb29abd76ce79f8d22aadcd3fb89dc3358b5,0x6314a1ec6b8cd0d5b97755d28647efb4908e21c5|0xdd90e5e87a2081dcf0391920868ebc2ffb81a1af,0x6314a1ec6b8cd0d5b97755d28647efb4908e21c5,0x55d398326f99059ff775485246999027b3197955,USDT,stable:USDT,0xae6e264ab991b32e96512caaacd1bb29abd76ce79f8d22aadcd3fb89dc3358b5_None_USDT_0x55d398326f99059ff775485246999027b3197955,1640560512,1640560512,1,4.2672031718758695e+19,42.672031718758696,42.672031718758696,0.000000,0.000000,0.775000,tx_agg_rolling_1800s_same_asset_group_or_route,Celer
BNB,bnb_flow_d57a707c90a14b__synth_split_e,0xae6e264ab991b32e96512caaacd1bb29abd76ce79f8d22aadcd3fb89dc3358b5,0x6314a1ec6b8cd0d5b97755d28647efb4908e21c5|0xdd90e5e87a2081dcf0391920868ebc2ffb81a1af,0x6314a1ec6b8cd0d5b97755d28647efb4908e21c5,0x55d398326f99059ff775485246999027b3197955,USDT,stable:USDT,0xae6e264ab991b32e96512caaacd1bb29abd76ce79f8d22aadcd3fb89dc3358b5_None_USDT_0x55d398326f99059ff775485246999027b3197955,1640560512,1640560512,1,4.2672031718758695e+19,42.672031718758696,42.672031718758696,0.000000,0.000000,0.775000,tx_agg_rolling_1800s_same_asset_group_or_route,Celer
BNB,bnb_flow_d57a707c90a14b__synth_split_f,0xae6e264ab991b32e96512caaacd1bb29abd76ce79f8d22aadcd3fb89dc3358b5,0x6314a1ec6b8cd0d5b97755d28647efb4908e21c5|0xdd90e5e87a2081dcf0391920868ebc2ffb81a1af,0x6314a1ec6b8cd0d5b97755d28647efb4908e21c5,0x55d398326f99059ff775485246999027b3197955,USDT,stable:USDT,0xae6e264ab991b32e96512caaacd1bb29abd76ce79f8d22aadcd3fb89dc3358b5_None_USDT_0x55d398326f99059ff775485246999027b3197955,1640560512,1640560512,1,4.2672031718758695e+19,42.672031718758696,42.672031718758696,0.000000,0.000000,0.775000,tx_agg_rolling_1800s_same_asset_group_or_route,Celer
BNB,bnb_flow_d57a707c90a14b__synth_merge_dst,0xae6e264ab991b32e96512caaacd1bb29abd76ce79f8d22aadcd3fb89dc3358b5,0x6314a1ec6b8cd0d5b97755d28647efb4908e21c5|0xdd90e5e87a2081dcf0391920868ebc2ffb81a1af,0x6314a1ec6b8cd0d5b97755d28647efb4908e21c5,0x55d398326f99059ff775485246999027b3197955,USDT,stable:USDT,0xae6e264ab991b32e96512caaacd1bb29abd76ce79f8d22aadcd3fb89dc3358b5_None_USDT_0x55d398326f99059ff775485246999027b3197955,1640560512,1640560512,1,2.5603219031255217e+20,256.0321903125522,256.0321903125522,0.000000,0.000000,0.775000,tx_agg_rolling_1800s_same_asset_group_or_route,Celer
BNB,bnb_flow_d57a707c90a14b__synth_hidden_dst,0xae6e264ab991b32e96512caaacd1bb29abd76ce79f8d22aadcd3fb89dc3358b5,0x6314a1ec6b8cd0d5b97755d28647efb4908e21c5|0xdd90e5e87a2081dcf0391920868ebc2ffb81a1af,0x6314a1ec6b8cd0d5b97755d28647efb4908e21c5,0x55d398326f99059ff775485246999027b3197955,USDT,stable:USDT,0xae6e264ab991b32e96512caaacd1bb29abd76ce79f8d22aadcd3fb89dc3358b5_None_USDT_0x55d398326f99059ff775485246999027b3197955,1640560512,1640560512,1,2.5603219031255217e+20,256.0321903125522,256.0321903125522,0.000000,0.000000,0.775000,tx_agg_rolling_1800s_same_asset_group_or_route,Celer
BNB,bnb_flow_d57a707c90a14b__synth_noise_dst_0,0xae6e264ab991b32e96512caaacd1bb29abd76ce79f8d22aadcd3fb89dc3358b5,0x6314a1ec6b8cd0d5b97755d28647efb4908e21c5|0xdd90e5e87a2081dcf0391920868ebc2ffb81a1af,0x6314a1ec6b8cd0d5b97755d28647efb4908e21c5,0x55d398326f99059ff775485246999027b3197955,USDT,stable:USDT,0xae6e264ab991b32e96512caaacd1bb29abd76ce79f8d22aadcd3fb89dc3358b5_None_USDT_0x55d398326f99059ff775485246999027b3197955,1640560572,1640560572,1,2.5603219031255217e+20,256.0321903125522,256.0321903125522,0.000000,0.000000,0.775000,tx_agg_rolling_1800s_same_asset_group_or_route,Celer
BNB,bnb_flow_d57a707c90a14b__synth_noise_dst_1,0xae6e264ab991b32e96512caaacd1bb29abd76ce79f8d22aadcd3fb89dc3358b5,0x6314a1ec6b8cd0d5b97755d28647efb4908e21c5|0xdd90e5e87a2081dcf0391920868ebc2ffb81a1af,0x6314a1ec6b8cd0d5b97755d28647efb4908e21c5,0x55d398326f99059ff775485246999027b3197955,USDT,stable:USDT,0xae6e264ab991b32e96512caaacd1bb29abd76ce79f8d22aadcd3fb89dc3358b5_None_USDT_0x55d398326f99059ff775485246999027b3197955,1640560632,1640560632,1,2.5603219031255217e+20,256.0321903125522,256.0321903125522,0.000000,0.000000,0.775000,tx_agg_rolling_1800s_same_asset_group_or_route,Celer
BNB,bnb_flow_7f02f1b3201b48__synth_split_a,0x6d2a23bacd37cdd7581ba81fa942df011adbbdc5bf0d4b3dfd2cef6d9bf81a56,0xdd90e5e87a2081dcf0391920868ebc2ffb81a1af|0xe890a0846a801935fde46bcf78346f34023e1e3c,0xe890a0846a801935fde46bcf78346f34023e1e3c,0x55d398326f99059ff775485246999027b3197955,USDT,stable:USDT,0x6d2a23bacd37cdd7581ba81fa942df011adbbdc5bf0d4b3dfd2cef6d9bf81a56_None_USDT_0x55d398326f99059ff775485246999027b3197955,1639862271,1639862271,1,2.9321627797577753e+19,29.32162779757775,29.32162779757775,0.000000,0.000000,0.775000,tx_agg_rolling_1800s_same_asset_group_or_route,Celer
BNB,bnb_flow_7f02f1b3201b48__synth_split_b,0x6d2a23bacd37cdd7581ba81fa942df011adbbdc5bf0d4b3dfd2cef6d9bf81a56,0xdd90e5e87a2081dcf0391920868ebc2ffb81a1af|0xe890a0846a801935fde46bcf78346f34023e1e3c,0xe890a0846a801935fde46bcf78346f34023e1e3c,0x55d398326f99059ff775485246999027b3197955,USDT,stable:USDT,0x6d2a23bacd37cdd7581ba81fa942df011adbbdc5bf0d4b3dfd2cef6d9bf81a56_None_USDT_0x55d398326f99059ff775485246999027b3197955,1639862271,1639862271,1,2.9321627797577753e+19,29.32162779757775,29.32162779757775,0.000000,0.000000,0.775000,tx_agg_rolling_1800s_same_asset_group_or_route,Celer
BNB,bnb_flow_7f02f1b3201b48__synth_split_c,0x6d2a23bacd37cdd7581ba81fa942df011adbbdc5bf0d4b3dfd2cef6d9bf81a56,0xdd90e5e87a2081dcf0391920868ebc2ffb81a1af|0xe890a0846a801935fde46bcf78346f34023e1e3c,0xe890a0846a801935fde46bcf78346f34023e1e3c,0x55d398326f99059ff775485246999027b3197955,USDT,stable:USDT,0x6d2a23bacd37cdd7581ba81fa942df011adbbdc5bf0d4b3dfd2cef6d9bf81a56_None_USDT_0x55d398326f99059ff775485246999027b3197955,1639862271,1639862271,1,2.9321627797577753e+19,29.32162779757775,29.32162779757775,0.000000,0.000000,0.775000,tx_agg_rolling_1800s_same_asset_group_or_route,Celer
BNB,bnb_flow_7f02f1b3201b48__synth_merge_dst,0x6d2a23bacd37cdd7581ba81fa942df011adbbdc5bf0d4b3dfd2cef6d9bf81a56,0xdd90e5e87a2081dcf0391920868ebc2ffb81a1af|0xe890a0846a801935fde46bcf78346f34023e1e3c,0xe890a0846a801935fde46bcf78346f34023e1e3c,0x55d398326f99059ff775485246999027b3197955,USDT,stable:USDT,0x6d2a23bacd37cdd7581ba81fa942df011adbbdc5bf0d4b3dfd2cef6d9bf81a56_None_USDT_0x55d398326f99059ff775485246999027b3197955,1639862271,1639862271,1,8.796488339273327e+19,87.96488339273326,87.96488339273326,0.000000,0.000000,0.775000,tx_agg_rolling_1800s_same_asset_group_or_route,Celer
BNB,bnb_flow_7f02f1b3201b48__synth_hidden_dst,0x6d2a23bacd37cdd7581ba81fa942df011adbbdc5bf0d4b3dfd2cef6d9bf81a56,0xdd90e5e87a2081dcf0391920868ebc2ffb81a1af|0xe890a0846a801935fde46bcf78346f34023e1e3c,0xe890a0846a801935fde46bcf78346f34023e1e3c,0x55d398326f99059ff775485246999027b3197955,USDT,stable:USDT,0x6d2a23bacd37cdd7581ba81fa942df011adbbdc5bf0d4b3dfd2cef6d9bf81a56_None_USDT_0x55d398326f99059ff775485246999027b3197955,1639862271,1639862271,1,8.796488339273327e+19,87.96488339273326,87.96488339273326,0.000000,0.000000,0.775000,tx_agg_rolling_1800s_same_asset_group_or_route,Celer
BNB,bnb_flow_7f02f1b3201b48__synth_noise_dst_0,0x6d2a23bacd37cdd7581ba81fa942df011adbbdc5bf0d4b3dfd2cef6d9bf81a56,0xdd90e5e87a2081dcf0391920868ebc2ffb81a1af|0xe890a0846a801935fde46bcf78346f34023e1e3c,0xe890a0846a801935fde46bcf78346f34023e1e3c,0x55d398326f99059ff775485246999027b3197955,USDT,stable:USDT,0x6d2a23bacd37cdd7581ba81fa942df011adbbdc5bf0d4b3dfd2cef6d9bf81a56_None_USDT_0x55d398326f99059ff775485246999027b3197955,1639862331,1639862331,1,8.796488339273327e+19,87.96488339273326,87.96488339273326,0.000000,0.000000,0.775000,tx_agg_rolling_1800s_same_asset_group_or_route,Celer
BNB,bnb_flow_7f02f1b3201b48__synth_noise_dst_1,0x6d2a23bacd37cdd7581ba81fa942df011adbbdc5bf0d4b3dfd2cef6d9bf81a56,0xdd90e5e87a2081dcf0391920868ebc2ffb81a1af|0xe890a0846a801935fde46bcf78346f34023e1e3c,0xe890a0846a801935fde46bcf78346f34023e1e3c,0x55d398326f99059ff775485246999027b3197955,USDT,stable:USDT,0x6d2a23bacd37cdd7581ba81fa942df011adbbdc5bf0d4b3dfd2cef6d9bf81a56_None_USDT_0x55d398326f99059ff775485246999027b3197955,1639862391,1639862391,1,8.796488339273327e+19,87.96488339273326,87.96488339273326,0.000000,0.000000,0.775000,tx_agg_rolling_1800s_same_asset_group_or_route,Celer
BNB,bnb_flow_66e1b581e19345__synth_split_a,0xe078ff47cf11ed097105d6ef9a5d10c624848dc995bd1696da2d42536a8af760,0xa3fbf855de82dc43540feb30857f14396e904b76|0xdd90e5e87a2081dcf0391920868ebc2ffb81a1af,0xa3fbf855de82dc43540feb30857f14396e904b76,0x2170ed0880ac9a755fd29b2688956bd959f933f8,ETH,native:ETH,0xe078ff47cf11ed097105d6ef9a5d10c624848dc995bd1696da2d42536a8af760_None_ETH_0x2170ed0880ac9a755fd29b2688956bd959f933f8,1638838680,1638838680,1,2957609022992078.0,0.00295760902299205,0.00295760902299205,0.000000,0.000000,0.775000,tx_agg_rolling_1800s_same_asset_group_or_route,Celer
BNB,bnb_flow_66e1b581e19345__synth_split_b,0xe078ff47cf11ed097105d6ef9a5d10c624848dc995bd1696da2d42536a8af760,0xa3fbf855de82dc43540feb30857f14396e904b76|0xdd90e5e87a2081dcf0391920868ebc2ffb81a1af,0xa3fbf855de82dc43540feb30857f14396e904b76,0x2170ed0880ac9a755fd29b2688956bd959f933f8,ETH,native:ETH,0xe078ff47cf11ed097105d6ef9a5d10c624848dc995bd1696da2d42536a8af760_None_ETH_0x2170ed0880ac9a755fd29b2688956bd959f933f8,1638838680,1638838680,1,2957609022992078.0,0.00295760902299205,0.00295760902299205,0.000000,0.000000,0.775000,tx_agg_rolling_1800s_same_asset_group_or_route,Celer
BNB,bnb_flow_66e1b581e19345__synth_merge_dst,0xe078ff47cf11ed097105d6ef9a5d10c624848dc995bd1696da2d42536a8af760,0xa3fbf855de82dc43540feb30857f14396e904b76|0xdd90e5e87a2081dcf0391920868ebc2ffb81a1af,0xa3fbf855de82dc43540feb30857f14396e904b76,0x2170ed0880ac9a755fd29b2688956bd959f933f8,ETH,native:ETH,0xe078ff47cf11ed097105d6ef9a5d10c624848dc995bd1696da2d42536a8af760_None_ETH_0x2170ed0880ac9a755fd29b2688956bd959f933f8,1638838680,1638838680,1,5915218045984156.0,0.0059152180459841,0.0059152180459841,0.000000,0.000000,0.775000,tx_agg_rolling_1800s_same_asset_group_or_route,Celer
BNB,bnb_flow_66e1b581e19345__synth_hidden_dst,0xe078ff47cf11ed097105d6ef9a5d10c624848dc995bd1696da2d42536a8af760,0xa3fbf855de82dc43540feb30857f14396e904b76|0xdd90e5e87a2081dcf0391920868ebc2ffb81a1af,0xa3fbf855de82dc43540feb30857f14396e904b76,0x2170ed0880ac9a755fd29b2688956bd959f933f8,ETH,native:ETH,0xe078ff47cf11ed097105d6ef9a5d10c624848dc995bd1696da2d42536a8af760_None_ETH_0x2170ed0880ac9a755fd29b2688956bd959f933f8,1638838680,1638838680,1,5915218045984156.0,0.0059152180459841,0.0059152180459841,0.000000,0.000000,0.775000,tx_agg_rolling_1800s_same_asset_group_or_route,Celer
BNB,bnb_flow_66e1b581e19345__synth_noise_dst_0,0xe078ff47cf11ed097105d6ef9a5d10c624848dc995bd1696da2d42536a8af760,0xa3fbf855de82dc43540feb30857f14396e904b76|0xdd90e5e87a2081dcf0391920868ebc2ffb81a1af,0xa3fbf855de82dc43540feb30857f14396e904b76,0x2170ed0880ac9a755fd29b2688956bd959f933f8,ETH,native:ETH,0xe078ff47cf11ed097105d6ef9a5d10c624848dc995bd1696da2d42536a8af760_None_ETH_0x2170ed0880ac9a755fd29b2688956bd959f933f8,1638838740,1638838740,1,5915218045984156.0,0.0059152180459841,0.0059152180459841,0.000000,0.000000,0.775000,tx_agg_rolling_1800s_same_asset_group_or_route,Celer
BNB,bnb_flow_66e1b581e19345__synth_noise_dst_1,0xe078ff47cf11ed097105d6ef9a5d10c624848dc995bd1696da2d42536a8af760,0xa3fbf855de82dc43540feb30857f14396e904b76|0xdd90e5e87a2081dcf0391920868ebc2ffb81a1af,0xa3fbf855de82dc43540feb30857f14396e904b76,0x2170ed0880ac9a755fd29b2688956bd959f933f8,ETH,native:ETH,0xe078ff47cf11ed097105d6ef9a5d10c624848dc995bd1696da2d42536a8af760_None_ETH_0x2170ed0880ac9a755fd29b2688956bd959f933f8,1638838800,1638838800,1,5915218045984156.0,0.0059152180459841,0.0059152180459841,0.000000,0.000000,0.775000,tx_agg_rolling_1800s_same_asset_group_or_route,Celer
BNB,bnb_flow_942bcd51e26b4b__synth_split_a,0xdb913472fb1fec3e4122b93b76466de52aa46a891c13f0015f4ce85ebd52dd2e,0xa144ace941dd733ebad6d17e3436c03af0d63cba|0xdd90e5e87a2081dcf0391920868ebc2ffb81a1af,0xa144ace941dd733ebad6d17e3436c03af0d63cba,0x8ac76a51cc950d9822d68b83fe1ad97b32cd580d,USDC,stable:USDC,0xdb913472fb1fec3e4122b93b76466de52aa46a891c13f0015f4ce85ebd52dd2e_None_USDC_0x8ac76a51cc950d9822d68b83fe1ad97b32cd580d,1640661439,1640661439,1,1.827798409850148e+20,182.77984098501477,182.77984098501477,0.000000,0.000000,0.800000,tx_agg_rolling_1800s_same_asset_group_or_route,Celer
BNB,bnb_flow_942bcd51e26b4b__synth_split_b,0xdb913472fb1fec3e4122b93b76466de52aa46a891c13f0015f4ce85ebd52dd2e,0xa144ace941dd733ebad6d17e3436c03af0d63cba|0xdd90e5e87a2081dcf0391920868ebc2ffb81a1af,0xa144ace941dd733ebad6d17e3436c03af0d63cba,0x8ac76a51cc950d9822d68b83fe1ad97b32cd580d,USDC,stable:USDC,0xdb913472fb1fec3e4122b93b76466de52aa46a891c13f0015f4ce85ebd52dd2e_None_USDC_0x8ac76a51cc950d9822d68b83fe1ad97b32cd580d,1640661439,1640661439,1,1.827798409850148e+20,182.77984098501477,182.77984098501477,0.000000,0.000000,0.800000,tx_agg_rolling_1800s_same_asset_group_or_route,Celer
BNB,bnb_flow_942bcd51e26b4b__synth_split_c,0xdb913472fb1fec3e4122b93b76466de52aa46a891c13f0015f4ce85ebd52dd2e,0xa144ace941dd733ebad6d17e3436c03af0d63cba|0xdd90e5e87a2081dcf0391920868ebc2ffb81a1af,0xa144ace941dd733ebad6d17e3436c03af0d63cba,0x8ac76a51cc950d9822d68b83fe1ad97b32cd580d,USDC,stable:USDC,0xdb913472fb1fec3e4122b93b76466de52aa46a891c13f0015f4ce85ebd52dd2e_None_USDC_0x8ac76a51cc950d9822d68b83fe1ad97b32cd580d,1640661439,1640661439,1,1.827798409850148e+20,182.77984098501477,182.77984098501477,0.000000,0.000000,0.800000,tx_agg_rolling_1800s_same_asset_group_or_route,Celer
BNB,bnb_flow_942bcd51e26b4b__synth_split_d,0xdb913472fb1fec3e4122b93b76466de52aa46a891c13f0015f4ce85ebd52dd2e,0xa144ace941dd733ebad6d17e3436c03af0d63cba|0xdd90e5e87a2081dcf0391920868ebc2ffb81a1af,0xa144ace941dd733ebad6d17e3436c03af0d63cba,0x8ac76a51cc950d9822d68b83fe1ad97b32cd580d,USDC,stable:USDC,0xdb913472fb1fec3e4122b93b76466de52aa46a891c13f0015f4ce85ebd52dd2e_None_USDC_0x8ac76a51cc950d9822d68b83fe1ad97b32cd580d,1640661439,1640661439,1,1.827798409850148e+20,182.77984098501477,182.77984098501477,0.000000,0.000000,0.800000,tx_agg_rolling_1800s_same_asset_group_or_route,Celer
BNB,bnb_flow_942bcd51e26b4b__synth_split_e,0xdb913472fb1fec3e4122b93b76466de52aa46a891c13f0015f4ce85ebd52dd2e,0xa144ace941dd733ebad6d17e3436c03af0d63cba|0xdd90e5e87a2081dcf0391920868ebc2ffb81a1af,0xa144ace941dd733ebad6d17e3436c03af0d63cba,0x8ac76a51cc950d9822d68b83fe1ad97b32cd580d,USDC,stable:USDC,0xdb913472fb1fec3e4122b93b76466de52aa46a891c13f0015f4ce85ebd52dd2e_None_USDC_0x8ac76a51cc950d9822d68b83fe1ad97b32cd580d,1640661439,1640661439,1,1.827798409850148e+20,182.77984098501477,182.77984098501477,0.000000,0.000000,0.800000,tx_agg_rolling_1800s_same_asset_group_or_route,Celer
BNB,bnb_flow_942bcd51e26b4b__synth_split_f,0xdb913472fb1fec3e4122b93b76466de52aa46a891c13f0015f4ce85ebd52dd2e,0xa144ace941dd733ebad6d17e3436c03af0d63cba|0xdd90e5e87a2081dcf0391920868ebc2ffb81a1af,0xa144ace941dd733ebad6d17e3436c03af0d63cba,0x8ac76a51cc950d9822d68b83fe1ad97b32cd580d,USDC,stable:USDC,0xdb913472fb1fec3e4122b93b76466de52aa46a891c13f0015f4ce85ebd52dd2e_None_USDC_0x8ac76a51cc950d9822d68b83fe1ad97b32cd580d,1640661439,1640661439,1,1.827798409850148e+20,182.77984098501477,182.77984098501477,0.000000,0.000000,0.800000,tx_agg_rolling_1800s_same_asset_group_or_route,Celer
BNB,bnb_flow_942bcd51e26b4b__synth_merge_dst,0xdb913472fb1fec3e4122b93b76466de52aa46a891c13f0015f4ce85ebd52dd2e,0xa144ace941dd733ebad6d17e3436c03af0d63cba|0xdd90e5e87a2081dcf0391920868ebc2ffb81a1af,0xa144ace941dd733ebad6d17e3436c03af0d63cba,0x8ac76a51cc950d9822d68b83fe1ad97b32cd580d,USDC,stable:USDC,0xdb913472fb1fec3e4122b93b76466de52aa46a891c13f0015f4ce85ebd52dd2e_None_USDC_0x8ac76a51cc950d9822d68b83fe1ad97b32cd580d,1640661439,1640661439,1,1.0966790459100888e+21,1096.6790459100887,1096.6790459100887,0.000000,0.000000,0.800000,tx_agg_rolling_1800s_same_asset_group_or_route,Celer
BNB,bnb_flow_942bcd51e26b4b__synth_hidden_dst,0xdb913472fb1fec3e4122b93b76466de52aa46a891c13f0015f4ce85ebd52dd2e,0xa144ace941dd733ebad6d17e3436c03af0d63cba|0xdd90e5e87a2081dcf0391920868ebc2ffb81a1af,0xa144ace941dd733ebad6d17e3436c03af0d63cba,0x8ac76a51cc950d9822d68b83fe1ad97b32cd580d,USDC,stable:USDC,0xdb913472fb1fec3e4122b93b76466de52aa46a891c13f0015f4ce85ebd52dd2e_None_USDC_0x8ac76a51cc950d9822d68b83fe1ad97b32cd580d,1640661439,1640661439,1,1.0966790459100888e+21,1096.6790459100887,1096.6790459100887,0.000000,0.000000,0.800000,tx_agg_rolling_1800s_same_asset_group_or_route,Celer
BNB,bnb_flow_942bcd51e26b4b__synth_noise_dst_0,0xdb913472fb1fec3e4122b93b76466de52aa46a891c13f0015f4ce85ebd52dd2e,0xa144ace941dd733ebad6d17e3436c03af0d63cba|0xdd90e5e87a2081dcf0391920868ebc2ffb81a1af,0xa144ace941dd733ebad6d17e3436c03af0d63cba,0x8ac76a51cc950d9822d68b83fe1ad97b32cd580d,USDC,stable:USDC,0xdb913472fb1fec3e4122b93b76466de52aa46a891c13f0015f4ce85ebd52dd2e_None_USDC_0x8ac76a51cc950d9822d68b83fe1ad97b32cd580d,1640661499,1640661499,1,1.0966790459100888e+21,1096.6790459100887,1096.6790459100887,0.000000,0.000000,0.800000,tx_agg_rolling_1800s_same_asset_group_or_route,Celer
BNB,bnb_flow_942bcd51e26b4b__synth_noise_dst_1,0xdb913472fb1fec3e4122b93b76466de52aa46a891c13f0015f4ce85ebd52dd2e,0xa144ace941dd733ebad6d17e3436c03af0d63cba|0xdd90e5e87a2081dcf0391920868ebc2ffb81a1af,0xa144ace941dd733ebad6d17e3436c03af0d63cba,0x8ac76a51cc950d9822d68b83fe1ad97b32cd580d,USDC,stable:USDC,0xdb913472fb1fec3e4122b93b76466de52aa46a891c13f0015f4ce85ebd52dd2e_None_USDC_0x8ac76a51cc950d9822d68b83fe1ad97b32cd580d,1640661559,1640661559,1,1.0966790459100888e+21,1096.6790459100887,1096.6790459100887,0.000000,0.000000,0.800000,tx_agg_rolling_1800s_same_asset_group_or_route,Celer
BNB,bnb_flow_a0e59c1dbc5447__synth_split_a,0x0cd4d37d68c9fb5f1f98a6ac049da6d4adefe6e79327837534f8139fbe6f6c33,0xce306190d879f8fdaec68abf0f8eb65151756c99|0xdd90e5e87a2081dcf0391920868ebc2ffb81a1af,0xce306190d879f8fdaec68abf0f8eb65151756c99,0x55d398326f99059ff775485246999027b3197955,USDT,stable:USDT,0x0cd4d37d68c9fb5f1f98a6ac049da6d4adefe6e79327837534f8139fbe6f6c33_None_USDT_0x55d398326f99059ff775485246999027b3197955,1640788301,1640788301,1,3.8303752450263574e+20,383.0375245026358,383.0375245026358,0.000000,0.000000,0.800000,tx_agg_rolling_1800s_same_asset_group_or_route,Celer
BNB,bnb_flow_a0e59c1dbc5447__synth_split_b,0x0cd4d37d68c9fb5f1f98a6ac049da6d4adefe6e79327837534f8139fbe6f6c33,0xce306190d879f8fdaec68abf0f8eb65151756c99|0xdd90e5e87a2081dcf0391920868ebc2ffb81a1af,0xce306190d879f8fdaec68abf0f8eb65151756c99,0x55d398326f99059ff775485246999027b3197955,USDT,stable:USDT,0x0cd4d37d68c9fb5f1f98a6ac049da6d4adefe6e79327837534f8139fbe6f6c33_None_USDT_0x55d398326f99059ff775485246999027b3197955,1640788301,1640788301,1,3.8303752450263574e+20,383.0375245026358,383.0375245026358,0.000000,0.000000,0.800000,tx_agg_rolling_1800s_same_asset_group_or_route,Celer
BNB,bnb_flow_a0e59c1dbc5447__synth_split_c,0x0cd4d37d68c9fb5f1f98a6ac049da6d4adefe6e79327837534f8139fbe6f6c33,0xce306190d879f8fdaec68abf0f8eb65151756c99|0xdd90e5e87a2081dcf0391920868ebc2ffb81a1af,0xce306190d879f8fdaec68abf0f8eb65151756c99,0x55d398326f99059ff775485246999027b3197955,USDT,stable:USDT,0x0cd4d37d68c9fb5f1f98a6ac049da6d4adefe6e79327837534f8139fbe6f6c33_None_USDT_0x55d398326f99059ff775485246999027b3197955,1640788301,1640788301,1,3.8303752450263574e+20,383.0375245026358,383.0375245026358,0.000000,0.000000,0.800000,tx_agg_rolling_1800s_same_asset_group_or_route,Celer
BNB,bnb_flow_a0e59c1dbc5447__synth_merge_dst,0x0cd4d37d68c9fb5f1f98a6ac049da6d4adefe6e79327837534f8139fbe6f6c33,0xce306190d879f8fdaec68abf0f8eb65151756c99|0xdd90e5e87a2081dcf0391920868ebc2ffb81a1af,0xce306190d879f8fdaec68abf0f8eb65151756c99,0x55d398326f99059ff775485246999027b3197955,USDT,stable:USDT,0x0cd4d37d68c9fb5f1f98a6ac049da6d4adefe6e79327837534f8139fbe6f6c33_None_USDT_0x55d398326f99059ff775485246999027b3197955,1640788301,1640788301,1,1.1491125735079072e+21,1149.1125735079074,1149.1125735079074,0.000000,0.000000,0.800000,tx_agg_rolling_1800s_same_asset_group_or_route,Celer
BNB,bnb_flow_a0e59c1dbc5447__synth_hidden_dst,0x0cd4d37d68c9fb5f1f98a6ac049da6d4adefe6e79327837534f8139fbe6f6c33,0xce306190d879f8fdaec68abf0f8eb65151756c99|0xdd90e5e87a2081dcf0391920868ebc2ffb81a1af,0xce306190d879f8fdaec68abf0f8eb65151756c99,0x55d398326f99059ff775485246999027b3197955,USDT,stable:USDT,0x0cd4d37d68c9fb5f1f98a6ac049da6d4adefe6e79327837534f8139fbe6f6c33_None_USDT_0x55d398326f99059ff775485246999027b3197955,1640788301,1640788301,1,1.1491125735079072e+21,1149.1125735079074,1149.1125735079074,0.000000,0.000000,0.800000,tx_agg_rolling_1800s_same_asset_group_or_route,Celer
BNB,bnb_flow_a0e59c1dbc5447__synth_noise_dst_0,0x0cd4d37d68c9fb5f1f98a6ac049da6d4adefe6e79327837534f8139fbe6f6c33,0xce306190d879f8fdaec68abf0f8eb65151756c99|0xdd90e5e87a2081dcf0391920868ebc2ffb81a1af,0xce306190d879f8fdaec68abf0f8eb65151756c99,0x55d398326f99059ff775485246999027b3197955,USDT,stable:USDT,0x0cd4d37d68c9fb5f1f98a6ac049da6d4adefe6e79327837534f8139fbe6f6c33_None_USDT_0x55d398326f99059ff775485246999027b3197955,1640788361,1640788361,1,1.1491125735079072e+21,1149.1125735079074,1149.1125735079074,0.000000,0.000000,0.800000,tx_agg_rolling_1800s_same_asset_group_or_route,Celer
BNB,bnb_flow_a0e59c1dbc5447__synth_noise_dst_1,0x0cd4d37d68c9fb5f1f98a6ac049da6d4adefe6e79327837534f8139fbe6f6c33,0xce306190d879f8fdaec68abf0f8eb65151756c99|0xdd90e5e87a2081dcf0391920868ebc2ffb81a1af,0xce306190d879f8fdaec68abf0f8eb65151756c99,0x55d398326f99059ff775485246999027b3197955,USDT,stable:USDT,0x0cd4d37d68c9fb5f1f98a6ac049da6d4adefe6e79327837534f8139fbe6f6c33_None_USDT_0x55d398326f99059ff775485246999027b3197955,1640788421,1640788421,1,1.1491125735079072e+21,1149.1125735079074,1149.1125735079074,0.000000,0.000000,0.800000,tx_agg_rolling_1800s_same_asset_group_or_route,Celer
BNB,bnb_flow_f077c4c9475043__synth_split_a,0xc7072947d5c91471cfe52593d9d15bcc6aff833527d0a2681134d2fa3db10289,0x489f5b64eb988f7ed4709aaf71c11b1fa2805359|0xdd90e5e87a2081dcf0391920868ebc2ffb81a1af,0x489f5b64eb988f7ed4709aaf71c11b1fa2805359,0x8ac76a51cc950d9822d68b83fe1ad97b32cd580d,USDC,stable:USDC,0xc7072947d5c91471cfe52593d9d15bcc6aff833527d0a2681134d2fa3db10289_None_USDC_0x8ac76a51cc950d9822d68b83fe1ad97b32cd580d,1640597439,1640597439,1,1.6787931233632544e+20,167.87931233632546,167.87931233632546,0.000000,0.000000,0.800000,tx_agg_rolling_1800s_same_asset_group_or_route,Celer
BNB,bnb_flow_f077c4c9475043__synth_split_b,0xc7072947d5c91471cfe52593d9d15bcc6aff833527d0a2681134d2fa3db10289,0x489f5b64eb988f7ed4709aaf71c11b1fa2805359|0xdd90e5e87a2081dcf0391920868ebc2ffb81a1af,0x489f5b64eb988f7ed4709aaf71c11b1fa2805359,0x8ac76a51cc950d9822d68b83fe1ad97b32cd580d,USDC,stable:USDC,0xc7072947d5c91471cfe52593d9d15bcc6aff833527d0a2681134d2fa3db10289_None_USDC_0x8ac76a51cc950d9822d68b83fe1ad97b32cd580d,1640597439,1640597439,1,1.6787931233632544e+20,167.87931233632546,167.87931233632546,0.000000,0.000000,0.800000,tx_agg_rolling_1800s_same_asset_group_or_route,Celer
BNB,bnb_flow_f077c4c9475043__synth_split_c,0xc7072947d5c91471cfe52593d9d15bcc6aff833527d0a2681134d2fa3db10289,0x489f5b64eb988f7ed4709aaf71c11b1fa2805359|0xdd90e5e87a2081dcf0391920868ebc2ffb81a1af,0x489f5b64eb988f7ed4709aaf71c11b1fa2805359,0x8ac76a51cc950d9822d68b83fe1ad97b32cd580d,USDC,stable:USDC,0xc7072947d5c91471cfe52593d9d15bcc6aff833527d0a2681134d2fa3db10289_None_USDC_0x8ac76a51cc950d9822d68b83fe1ad97b32cd580d,1640597439,1640597439,1,1.6787931233632544e+20,167.87931233632546,167.87931233632546,0.000000,0.000000,0.800000,tx_agg_rolling_1800s_same_asset_group_or_route,Celer
BNB,bnb_flow_f077c4c9475043__synth_merge_dst,0xc7072947d5c91471cfe52593d9d15bcc6aff833527d0a2681134d2fa3db10289,0x489f5b64eb988f7ed4709aaf71c11b1fa2805359|0xdd90e5e87a2081dcf0391920868ebc2ffb81a1af,0x489f5b64eb988f7ed4709aaf71c11b1fa2805359,0x8ac76a51cc950d9822d68b83fe1ad97b32cd580d,USDC,stable:USDC,0xc7072947d5c91471cfe52593d9d15bcc6aff833527d0a2681134d2fa3db10289_None_USDC_0x8ac76a51cc950d9822d68b83fe1ad97b32cd580d,1640597439,1640597439,1,5.036379370089764e+20,503.6379370089764,503.6379370089764,0.000000,0.000000,0.800000,tx_agg_rolling_1800s_same_asset_group_or_route,Celer
BNB,bnb_flow_f077c4c9475043__synth_hidden_dst,0xc7072947d5c91471cfe52593d9d15bcc6aff833527d0a2681134d2fa3db10289,0x489f5b64eb988f7ed4709aaf71c11b1fa2805359|0xdd90e5e87a2081dcf0391920868ebc2ffb81a1af,0x489f5b64eb988f7ed4709aaf71c11b1fa2805359,0x8ac76a51cc950d9822d68b83fe1ad97b32cd580d,USDC,stable:USDC,0xc7072947d5c91471cfe52593d9d15bcc6aff833527d0a2681134d2fa3db10289_None_USDC_0x8ac76a51cc950d9822d68b83fe1ad97b32cd580d,1640597439,1640597439,1,5.036379370089764e+20,503.6379370089764,503.6379370089764,0.000000,0.000000,0.800000,tx_agg_rolling_1800s_same_asset_group_or_route,Celer
BNB,bnb_flow_f077c4c9475043__synth_noise_dst_0,0xc7072947d5c91471cfe52593d9d15bcc6aff833527d0a2681134d2fa3db10289,0x489f5b64eb988f7ed4709aaf71c11b1fa2805359|0xdd90e5e87a2081dcf0391920868ebc2ffb81a1af,0x489f5b64eb988f7ed4709aaf71c11b1fa2805359,0x8ac76a51cc950d9822d68b83fe1ad97b32cd580d,USDC,stable:USDC,0xc7072947d5c91471cfe52593d9d15bcc6aff833527d0a2681134d2fa3db10289_None_USDC_0x8ac76a51cc950d9822d68b83fe1ad97b32cd580d,1640597499,1640597499,1,5.036379370089764e+20,503.6379370089764,503.6379370089764,0.000000,0.000000,0.800000,tx_agg_rolling_1800s_same_asset_group_or_route,Celer
BNB,bnb_flow_f077c4c9475043__synth_noise_dst_1,0xc7072947d5c91471cfe52593d9d15bcc6aff833527d0a2681134d2fa3db10289,0x489f5b64eb988f7ed4709aaf71c11b1fa2805359|0xdd90e5e87a2081dcf0391920868ebc2ffb81a1af,0x489f5b64eb988f7ed4709aaf71c11b1fa2805359,0x8ac76a51cc950d9822d68b83fe1ad97b32cd580d,USDC,stable:USDC,0xc7072947d5c91471cfe52593d9d15bcc6aff833527d0a2681134d2fa3db10289_None_USDC_0x8ac76a51cc950d9822d68b83fe1ad97b32cd580d,1640597559,1640597559,1,5.036379370089764e+20,503.6379370089764,503.6379370089764,0.000000,0.000000,0.800000,tx_agg_rolling_1800s_same_asset_group_or_route,Celer
BNB,bnb_flow_310543a4e49842__synth_split_a,0xeb0937629aadf945ac1e2b3c793d9499bb46444224ae9dd00e20d1103425b01d,0x8666d7153538449e8de4a7777b3466188591833b|0xdd90e5e87a2081dcf0391920868ebc2ffb81a1af,0x8666d7153538449e8de4a7777b3466188591833b,0x55d398326f99059ff775485246999027b3197955,USDT,stable:USDT,0xeb0937629aadf945ac1e2b3c793d9499bb46444224ae9dd00e20d1103425b01d_None_USDT_0x55d398326f99059ff775485246999027b3197955,1640213546,1640213546,1,2.0801452075956732e+20,208.01452075956732,208.01452075956732,0.000000,0.000000,0.800000,tx_agg_rolling_1800s_same_asset_group_or_route,Celer
BNB,bnb_flow_310543a4e49842__synth_split_b,0xeb0937629aadf945ac1e2b3c793d9499bb46444224ae9dd00e20d1103425b01d,0x8666d7153538449e8de4a7777b3466188591833b|0xdd90e5e87a2081dcf0391920868ebc2ffb81a1af,0x8666d7153538449e8de4a7777b3466188591833b,0x55d398326f99059ff775485246999027b3197955,USDT,stable:USDT,0xeb0937629aadf945ac1e2b3c793d9499bb46444224ae9dd00e20d1103425b01d_None_USDT_0x55d398326f99059ff775485246999027b3197955,1640213546,1640213546,1,2.0801452075956732e+20,208.01452075956732,208.01452075956732,0.000000,0.000000,0.800000,tx_agg_rolling_1800s_same_asset_group_or_route,Celer
BNB,bnb_flow_310543a4e49842__synth_split_c,0xeb0937629aadf945ac1e2b3c793d9499bb46444224ae9dd00e20d1103425b01d,0x8666d7153538449e8de4a7777b3466188591833b|0xdd90e5e87a2081dcf0391920868ebc2ffb81a1af,0x8666d7153538449e8de4a7777b3466188591833b,0x55d398326f99059ff775485246999027b3197955,USDT,stable:USDT,0xeb0937629aadf945ac1e2b3c793d9499bb46444224ae9dd00e20d1103425b01d_None_USDT_0x55d398326f99059ff775485246999027b3197955,1640213546,1640213546,1,2.0801452075956732e+20,208.01452075956732,208.01452075956732,0.000000,0.000000,0.800000,tx_agg_rolling_1800s_same_asset_group_or_route,Celer
BNB,bnb_flow_310543a4e49842__synth_split_d,0xeb0937629aadf945ac1e2b3c793d9499bb46444224ae9dd00e20d1103425b01d,0x8666d7153538449e8de4a7777b3466188591833b|0xdd90e5e87a2081dcf0391920868ebc2ffb81a1af,0x8666d7153538449e8de4a7777b3466188591833b,0x55d398326f99059ff775485246999027b3197955,USDT,stable:USDT,0xeb0937629aadf945ac1e2b3c793d9499bb46444224ae9dd00e20d1103425b01d_None_USDT_0x55d398326f99059ff775485246999027b3197955,1640213546,1640213546,1,2.0801452075956732e+20,208.01452075956732,208.01452075956732,0.000000,0.000000,0.800000,tx_agg_rolling_1800s_same_asset_group_or_route,Celer
BNB,bnb_flow_310543a4e49842__synth_split_e,0xeb0937629aadf945ac1e2b3c793d9499bb46444224ae9dd00e20d1103425b01d,0x8666d7153538449e8de4a7777b3466188591833b|0xdd90e5e87a2081dcf0391920868ebc2ffb81a1af,0x8666d7153538449e8de4a7777b3466188591833b,0x55d398326f99059ff775485246999027b3197955,USDT,stable:USDT,0xeb0937629aadf945ac1e2b3c793d9499bb46444224ae9dd00e20d1103425b01d_None_USDT_0x55d398326f99059ff775485246999027b3197955,1640213546,1640213546,1,2.0801452075956732e+20,208.01452075956732,208.01452075956732,0.000000,0.000000,0.800000,tx_agg_rolling_1800s_same_asset_group_or_route,Celer
BNB,bnb_flow_310543a4e49842__synth_split_f,0xeb0937629aadf945ac1e2b3c793d9499bb46444224ae9dd00e20d1103425b01d,0x8666d7153538449e8de4a7777b3466188591833b|0xdd90e5e87a2081dcf0391920868ebc2ffb81a1af,0x8666d7153538449e8de4a7777b3466188591833b,0x55d398326f99059ff775485246999027b3197955,USDT,stable:USDT,0xeb0937629aadf945ac1e2b3c793d9499bb46444224ae9dd00e20d1103425b01d_None_USDT_0x55d398326f99059ff775485246999027b3197955,1640213546,1640213546,1,2.0801452075956732e+20,208.01452075956732,208.01452075956732,0.000000,0.000000,0.800000,tx_agg_rolling_1800s_same_asset_group_or_route,Celer
BNB,bnb_flow_310543a4e49842__synth_merge_dst,0xeb0937629aadf945ac1e2b3c793d9499bb46444224ae9dd00e20d1103425b01d,0x8666d7153538449e8de4a7777b3466188591833b|0xdd90e5e87a2081dcf0391920868ebc2ffb81a1af,0x8666d7153538449e8de4a7777b3466188591833b,0x55d398326f99059ff775485246999027b3197955,USDT,stable:USDT,0xeb0937629aadf945ac1e2b3c793d9499bb46444224ae9dd00e20d1103425b01d_None_USDT_0x55d398326f99059ff775485246999027b3197955,1640213546,1640213546,1,1.248087124557404e+21,1248.087124557404,1248.087124557404,0.000000,0.000000,0.800000,tx_agg_rolling_1800s_same_asset_group_or_route,Celer
BNB,bnb_flow_310543a4e49842__synth_hidden_dst,0xeb0937629aadf945ac1e2b3c793d9499bb46444224ae9dd00e20d1103425b01d,0x8666d7153538449e8de4a7777b3466188591833b|0xdd90e5e87a2081dcf0391920868ebc2ffb81a1af,0x8666d7153538449e8de4a7777b3466188591833b,0x55d398326f99059ff775485246999027b3197955,USDT,stable:USDT,0xeb0937629aadf945ac1e2b3c793d9499bb46444224ae9dd00e20d1103425b01d_None_USDT_0x55d398326f99059ff775485246999027b3197955,1640213546,1640213546,1,1.248087124557404e+21,1248.087124557404,1248.087124557404,0.000000,0.000000,0.800000,tx_agg_rolling_1800s_same_asset_group_or_route,Celer
BNB,bnb_flow_310543a4e49842__synth_noise_dst_0,0xeb0937629aadf945ac1e2b3c793d9499bb46444224ae9dd00e20d1103425b01d,0x8666d7153538449e8de4a7777b3466188591833b|0xdd90e5e87a2081dcf0391920868ebc2ffb81a1af,0x8666d7153538449e8de4a7777b3466188591833b,0x55d398326f99059ff775485246999027b3197955,USDT,stable:USDT,0xeb0937629aadf945ac1e2b3c793d9499bb46444224ae9dd00e20d1103425b01d_None_USDT_0x55d398326f99059ff775485246999027b3197955,1640213606,1640213606,1,1.248087124557404e+21,1248.087124557404,1248.087124557404,0.000000,0.000000,0.800000,tx_agg_rolling_1800s_same_asset_group_or_route,Celer
BNB,bnb_flow_310543a4e49842__synth_noise_dst_1,0xeb0937629aadf945ac1e2b3c793d9499bb46444224ae9dd00e20d1103425b01d,0x8666d7153538449e8de4a7777b3466188591833b|0xdd90e5e87a2081dcf0391920868ebc2ffb81a1af,0x8666d7153538449e8de4a7777b3466188591833b,0x55d398326f99059ff775485246999027b3197955,USDT,stable:USDT,0xeb0937629aadf945ac1e2b3c793d9499bb46444224ae9dd00e20d1103425b01d_None_USDT_0x55d398326f99059ff775485246999027b3197955,1640213666,1640213666,1,1.248087124557404e+21,1248.087124557404,1248.087124557404,0.000000,0.000000,0.800000,tx_agg_rolling_1800s_same_asset_group_or_route,Celer
BNB,bnb_flow_3f0c8ad2999a4f__synth_split_a,0x9da1ee78e539bd4e509b66d919d4959dc78f03dc50b6f2737c5573a14c17aa99,0x0000000000000000000000000000000000000000|0x6f94770a9e078ad9ce43a8f695967776e3279ea3,0x6f94770a9e078ad9ce43a8f695967776e3279ea3,0x4c882ec256823ee773b25b414d36f92ef58a7c0c,PSTAKE,token:PSTAKE,0x9da1ee78e539bd4e509b66d919d4959dc78f03dc50b6f2737c5573a14c17aa99_None_PSTAKE_0x4c882ec256823ee773b25b414d36f92ef58a7c0c,1660006473,1660006473,1,6.766826727667787e+20,676.6826727667788,676.6826727667788,0.000000,0.000000,0.775000,tx_agg_rolling_1800s_same_asset_group_or_route,Celer
BNB,bnb_flow_3f0c8ad2999a4f__synth_split_b,0x9da1ee78e539bd4e509b66d919d4959dc78f03dc50b6f2737c5573a14c17aa99,0x0000000000000000000000000000000000000000|0x6f94770a9e078ad9ce43a8f695967776e3279ea3,0x6f94770a9e078ad9ce43a8f695967776e3279ea3,0x4c882ec256823ee773b25b414d36f92ef58a7c0c,PSTAKE,token:PSTAKE,0x9da1ee78e539bd4e509b66d919d4959dc78f03dc50b6f2737c5573a14c17aa99_None_PSTAKE_0x4c882ec256823ee773b25b414d36f92ef58a7c0c,1660006473,1660006473,1,6.766826727667787e+20,676.6826727667788,676.6826727667788,0.000000,0.000000,0.775000,tx_agg_rolling_1800s_same_asset_group_or_route,Celer
BNB,bnb_flow_3f0c8ad2999a4f__synth_merge_dst,0x9da1ee78e539bd4e509b66d919d4959dc78f03dc50b6f2737c5573a14c17aa99,0x0000000000000000000000000000000000000000|0x6f94770a9e078ad9ce43a8f695967776e3279ea3,0x6f94770a9e078ad9ce43a8f695967776e3279ea3,0x4c882ec256823ee773b25b414d36f92ef58a7c0c,PSTAKE,token:PSTAKE,0x9da1ee78e539bd4e509b66d919d4959dc78f03dc50b6f2737c5573a14c17aa99_None_PSTAKE_0x4c882ec256823ee773b25b414d36f92ef58a7c0c,1660006473,1660006473,1,1.3533653455335575e+21,1353.3653455335575,1353.3653455335575,0.000000,0.000000,0.775000,tx_agg_rolling_1800s_same_asset_group_or_route,Celer
BNB,bnb_flow_3f0c8ad2999a4f__synth_hidden_dst,0x9da1ee78e539bd4e509b66d919d4959dc78f03dc50b6f2737c5573a14c17aa99,0x0000000000000000000000000000000000000000|0x6f94770a9e078ad9ce43a8f695967776e3279ea3,0x6f94770a9e078ad9ce43a8f695967776e3279ea3,0x4c882ec256823ee773b25b414d36f92ef58a7c0c,PSTAKE,token:PSTAKE,0x9da1ee78e539bd4e509b66d919d4959dc78f03dc50b6f2737c5573a14c17aa99_None_PSTAKE_0x4c882ec256823ee773b25b414d36f92ef58a7c0c,1660006473,1660006473,1,1.3533653455335575e+21,1353.3653455335575,1353.3653455335575,0.000000,0.000000,0.775000,tx_agg_rolling_1800s_same_asset_group_or_route,Celer
BNB,bnb_flow_3f0c8ad2999a4f__synth_noise_dst_0,0x9da1ee78e539bd4e509b66d919d4959dc78f03dc50b6f2737c5573a14c17aa99,0x0000000000000000000000000000000000000000|0x6f94770a9e078ad9ce43a8f695967776e3279ea3,0x6f94770a9e078ad9ce43a8f695967776e3279ea3,0x4c882ec256823ee773b25b414d36f92ef58a7c0c,PSTAKE,token:PSTAKE,0x9da1ee78e539bd4e509b66d919d4959dc78f03dc50b6f2737c5573a14c17aa99_None_PSTAKE_0x4c882ec256823ee773b25b414d36f92ef58a7c0c,1660006533,1660006533,1,1.3533653455335575e+21,1353.3653455335575,1353.3653455335575,0.000000,0.000000,0.775000,tx_agg_rolling_1800s_same_asset_group_or_route,Celer
BNB,bnb_flow_3f0c8ad2999a4f__synth_noise_dst_1,0x9da1ee78e539bd4e509b66d919d4959dc78f03dc50b6f2737c5573a14c17aa99,0x0000000000000000000000000000000000000000|0x6f94770a9e078ad9ce43a8f695967776e3279ea3,0x6f94770a9e078ad9ce43a8f695967776e3279ea3,0x4c882ec256823ee773b25b414d36f92ef58a7c0c,PSTAKE,token:PSTAKE,0x9da1ee78e539bd4e509b66d919d4959dc78f03dc50b6f2737c5573a14c17aa99_None_PSTAKE_0x4c882ec256823ee773b25b414d36f92ef58a7c0c,1660006593,1660006593,1,1.3533653455335575e+21,1353.3653455335575,1353.3653455335575,0.000000,0.000000,0.775000,tx_agg_rolling_1800s_same_asset_group_or_route,Celer
BNB,bnb_flow_88e1343892d44b__synth_split_a,0x40be1e3a5c202479cc1e5a87943c866c81421157bb907aaf33a7e2121cc8bac6,0x60f5998ea2afb6f64f997eeb87216442af229cdb|0xdd90e5e87a2081dcf0391920868ebc2ffb81a1af,0x60f5998ea2afb6f64f997eeb87216442af229cdb,0xe9e7cea3dedca5984780bafc599bd69add087d56,BUSD,stable:BUSD,0x40be1e3a5c202479cc1e5a87943c866c81421157bb907aaf33a7e2121cc8bac6_None_BUSD_0xe9e7cea3dedca5984780bafc599bd69add087d56,1640842209,1640842209,1,6.763514092635638e+20,676.3514092635638,676.3514092635638,0.000000,0.000000,0.800000,tx_agg_rolling_1800s_same_asset_group_or_route,Celer
BNB,bnb_flow_88e1343892d44b__synth_split_b,0x40be1e3a5c202479cc1e5a87943c866c81421157bb907aaf33a7e2121cc8bac6,0x60f5998ea2afb6f64f997eeb87216442af229cdb|0xdd90e5e87a2081dcf0391920868ebc2ffb81a1af,0x60f5998ea2afb6f64f997eeb87216442af229cdb,0xe9e7cea3dedca5984780bafc599bd69add087d56,BUSD,stable:BUSD,0x40be1e3a5c202479cc1e5a87943c866c81421157bb907aaf33a7e2121cc8bac6_None_BUSD_0xe9e7cea3dedca5984780bafc599bd69add087d56,1640842209,1640842209,1,6.763514092635638e+20,676.3514092635638,676.3514092635638,0.000000,0.000000,0.800000,tx_agg_rolling_1800s_same_asset_group_or_route,Celer
BNB,bnb_flow_88e1343892d44b__synth_merge_dst,0x40be1e3a5c202479cc1e5a87943c866c81421157bb907aaf33a7e2121cc8bac6,0x60f5998ea2afb6f64f997eeb87216442af229cdb|0xdd90e5e87a2081dcf0391920868ebc2ffb81a1af,0x60f5998ea2afb6f64f997eeb87216442af229cdb,0xe9e7cea3dedca5984780bafc599bd69add087d56,BUSD,stable:BUSD,0x40be1e3a5c202479cc1e5a87943c866c81421157bb907aaf33a7e2121cc8bac6_None_BUSD_0xe9e7cea3dedca5984780bafc599bd69add087d56,1640842209,1640842209,1,1.3527028185271275e+21,1352.7028185271276,1352.7028185271276,0.000000,0.000000,0.800000,tx_agg_rolling_1800s_same_asset_group_or_route,Celer
BNB,bnb_flow_88e1343892d44b__synth_hidden_dst,0x40be1e3a5c202479cc1e5a87943c866c81421157bb907aaf33a7e2121cc8bac6,0x60f5998ea2afb6f64f997eeb87216442af229cdb|0xdd90e5e87a2081dcf0391920868ebc2ffb81a1af,0x60f5998ea2afb6f64f997eeb87216442af229cdb,0xe9e7cea3dedca5984780bafc599bd69add087d56,BUSD,stable:BUSD,0x40be1e3a5c202479cc1e5a87943c866c81421157bb907aaf33a7e2121cc8bac6_None_BUSD_0xe9e7cea3dedca5984780bafc599bd69add087d56,1640842209,1640842209,1,1.3527028185271275e+21,1352.7028185271276,1352.7028185271276,0.000000,0.000000,0.800000,tx_agg_rolling_1800s_same_asset_group_or_route,Celer
BNB,bnb_flow_88e1343892d44b__synth_noise_dst_0,0x40be1e3a5c202479cc1e5a87943c866c81421157bb907aaf33a7e2121cc8bac6,0x60f5998ea2afb6f64f997eeb87216442af229cdb|0xdd90e5e87a2081dcf0391920868ebc2ffb81a1af,0x60f5998ea2afb6f64f997eeb87216442af229cdb,0xe9e7cea3dedca5984780bafc599bd69add087d56,BUSD,stable:BUSD,0x40be1e3a5c202479cc1e5a87943c866c81421157bb907aaf33a7e2121cc8bac6_None_BUSD_0xe9e7cea3dedca5984780bafc599bd69add087d56,1640842269,1640842269,1,1.3527028185271275e+21,1352.7028185271276,1352.7028185271276,0.000000,0.000000,0.800000,tx_agg_rolling_1800s_same_asset_group_or_route,Celer
BNB,bnb_flow_88e1343892d44b__synth_noise_dst_1,0x40be1e3a5c202479cc1e5a87943c866c81421157bb907aaf33a7e2121cc8bac6,0x60f5998ea2afb6f64f997eeb87216442af229cdb|0xdd90e5e87a2081dcf0391920868ebc2ffb81a1af,0x60f5998ea2afb6f64f997eeb87216442af229cdb,0xe9e7cea3dedca5984780bafc599bd69add087d56,BUSD,stable:BUSD,0x40be1e3a5c202479cc1e5a87943c866c81421157bb907aaf33a7e2121cc8bac6_None_BUSD_0xe9e7cea3dedca5984780bafc599bd69add087d56,1640842329,1640842329,1,1.3527028185271275e+21,1352.7028185271276,1352.7028185271276,0.000000,0.000000,0.800000,tx_agg_rolling_1800s_same_asset_group_or_route,Celer
BNB,bnb_flow_cfafcfdbfd9b4c__synth_split_a,0x6e2c6307514a726b3b25f40f44902b467847e0a23ade70fbe125802b933b3f08,0xa4893a5a041915d14bac94696734c7de19884065|0xdd90e5e87a2081dcf0391920868ebc2ffb81a1af,0xa4893a5a041915d14bac94696734c7de19884065,0xe9e7cea3dedca5984780bafc599bd69add087d56,BUSD,stable:BUSD,0x6e2c6307514a726b3b25f40f44902b467847e0a23ade70fbe125802b933b3f08_None_BUSD_0xe9e7cea3dedca5984780bafc599bd69add087d56,1639534987,1639534987,1,1.747705472748405e+20,174.7705472748405,174.7705472748405,0.000000,0.000000,0.800000,tx_agg_rolling_1800s_same_asset_group_or_route,Celer
BNB,bnb_flow_cfafcfdbfd9b4c__synth_split_b,0x6e2c6307514a726b3b25f40f44902b467847e0a23ade70fbe125802b933b3f08,0xa4893a5a041915d14bac94696734c7de19884065|0xdd90e5e87a2081dcf0391920868ebc2ffb81a1af,0xa4893a5a041915d14bac94696734c7de19884065,0xe9e7cea3dedca5984780bafc599bd69add087d56,BUSD,stable:BUSD,0x6e2c6307514a726b3b25f40f44902b467847e0a23ade70fbe125802b933b3f08_None_BUSD_0xe9e7cea3dedca5984780bafc599bd69add087d56,1639534987,1639534987,1,1.747705472748405e+20,174.7705472748405,174.7705472748405,0.000000,0.000000,0.800000,tx_agg_rolling_1800s_same_asset_group_or_route,Celer
BNB,bnb_flow_cfafcfdbfd9b4c__synth_merge_dst,0x6e2c6307514a726b3b25f40f44902b467847e0a23ade70fbe125802b933b3f08,0xa4893a5a041915d14bac94696734c7de19884065|0xdd90e5e87a2081dcf0391920868ebc2ffb81a1af,0xa4893a5a041915d14bac94696734c7de19884065,0xe9e7cea3dedca5984780bafc599bd69add087d56,BUSD,stable:BUSD,0x6e2c6307514a726b3b25f40f44902b467847e0a23ade70fbe125802b933b3f08_None_BUSD_0xe9e7cea3dedca5984780bafc599bd69add087d56,1639534987,1639534987,1,3.49541094549681e+20,349.541094549681,349.541094549681,0.000000,0.000000,0.800000,tx_agg_rolling_1800s_same_asset_group_or_route,Celer
BNB,bnb_flow_cfafcfdbfd9b4c__synth_hidden_dst,0x6e2c6307514a726b3b25f40f44902b467847e0a23ade70fbe125802b933b3f08,0xa4893a5a041915d14bac94696734c7de19884065|0xdd90e5e87a2081dcf0391920868ebc2ffb81a1af,0xa4893a5a041915d14bac94696734c7de19884065,0xe9e7cea3dedca5984780bafc599bd69add087d56,BUSD,stable:BUSD,0x6e2c6307514a726b3b25f40f44902b467847e0a23ade70fbe125802b933b3f08_None_BUSD_0xe9e7cea3dedca5984780bafc599bd69add087d56,1639534987,1639534987,1,3.49541094549681e+20,349.541094549681,349.541094549681,0.000000,0.000000,0.800000,tx_agg_rolling_1800s_same_asset_group_or_route,Celer
BNB,bnb_flow_cfafcfdbfd9b4c__synth_noise_dst_0,0x6e2c6307514a726b3b25f40f44902b467847e0a23ade70fbe125802b933b3f08,0xa4893a5a041915d14bac94696734c7de19884065|0xdd90e5e87a2081dcf0391920868ebc2ffb81a1af,0xa4893a5a041915d14bac94696734c7de19884065,0xe9e7cea3dedca5984780bafc599bd69add087d56,BUSD,stable:BUSD,0x6e2c6307514a726b3b25f40f44902b467847e0a23ade70fbe125802b933b3f08_None_BUSD_0xe9e7cea3dedca5984780bafc599bd69add087d56,1639535047,1639535047,1,3.49541094549681e+20,349.541094549681,349.541094549681,0.000000,0.000000,0.800000,tx_agg_rolling_1800s_same_asset_group_or_route,Celer
BNB,bnb_flow_cfafcfdbfd9b4c__synth_noise_dst_1,0x6e2c6307514a726b3b25f40f44902b467847e0a23ade70fbe125802b933b3f08,0xa4893a5a041915d14bac94696734c7de19884065|0xdd90e5e87a2081dcf0391920868ebc2ffb81a1af,0xa4893a5a041915d14bac94696734c7de19884065,0xe9e7cea3dedca5984780bafc599bd69add087d56,BUSD,stable:BUSD,0x6e2c6307514a726b3b25f40f44902b467847e0a23ade70fbe125802b933b3f08_None_BUSD_0xe9e7cea3dedca5984780bafc599bd69add087d56,1639535107,1639535107,1,3.49541094549681e+20,349.541094549681,349.541094549681,0.000000,0.000000,0.800000,tx_agg_rolling_1800s_same_asset_group_or_route,Celer
BNB,bnb_flow_8324b539c3474b__synth_split_a,0x2eb43321aa33f61e7c96861e6db9330c81b3d12eb7f8caa3fe22c7081669ae35,0x54003b76b2d4c2043be899ae4836b6cfaf41f379|0xdd90e5e87a2081dcf0391920868ebc2ffb81a1af,0x54003b76b2d4c2043be899ae4836b6cfaf41f379,0x55d398326f99059ff775485246999027b3197955,USDT,stable:USDT,0x2eb43321aa33f61e7c96861e6db9330c81b3d12eb7f8caa3fe22c7081669ae35_None_USDT_0x55d398326f99059ff775485246999027b3197955,1639693428,1639693428,1,1.2103601572551311e+20,121.03601572551312,121.03601572551312,0.000000,0.000000,0.800000,tx_agg_rolling_1800s_same_asset_group_or_route,Celer
BNB,bnb_flow_8324b539c3474b__synth_split_b,0x2eb43321aa33f61e7c96861e6db9330c81b3d12eb7f8caa3fe22c7081669ae35,0x54003b76b2d4c2043be899ae4836b6cfaf41f379|0xdd90e5e87a2081dcf0391920868ebc2ffb81a1af,0x54003b76b2d4c2043be899ae4836b6cfaf41f379,0x55d398326f99059ff775485246999027b3197955,USDT,stable:USDT,0x2eb43321aa33f61e7c96861e6db9330c81b3d12eb7f8caa3fe22c7081669ae35_None_USDT_0x55d398326f99059ff775485246999027b3197955,1639693428,1639693428,1,1.2103601572551311e+20,121.03601572551312,121.03601572551312,0.000000,0.000000,0.800000,tx_agg_rolling_1800s_same_asset_group_or_route,Celer
BNB,bnb_flow_8324b539c3474b__synth_split_c,0x2eb43321aa33f61e7c96861e6db9330c81b3d12eb7f8caa3fe22c7081669ae35,0x54003b76b2d4c2043be899ae4836b6cfaf41f379|0xdd90e5e87a2081dcf0391920868ebc2ffb81a1af,0x54003b76b2d4c2043be899ae4836b6cfaf41f379,0x55d398326f99059ff775485246999027b3197955,USDT,stable:USDT,0x2eb43321aa33f61e7c96861e6db9330c81b3d12eb7f8caa3fe22c7081669ae35_None_USDT_0x55d398326f99059ff775485246999027b3197955,1639693428,1639693428,1,1.2103601572551311e+20,121.03601572551312,121.03601572551312,0.000000,0.000000,0.800000,tx_agg_rolling_1800s_same_asset_group_or_route,Celer
BNB,bnb_flow_8324b539c3474b__synth_merge_dst,0x2eb43321aa33f61e7c96861e6db9330c81b3d12eb7f8caa3fe22c7081669ae35,0x54003b76b2d4c2043be899ae4836b6cfaf41f379|0xdd90e5e87a2081dcf0391920868ebc2ffb81a1af,0x54003b76b2d4c2043be899ae4836b6cfaf41f379,0x55d398326f99059ff775485246999027b3197955,USDT,stable:USDT,0x2eb43321aa33f61e7c96861e6db9330c81b3d12eb7f8caa3fe22c7081669ae35_None_USDT_0x55d398326f99059ff775485246999027b3197955,1639693428,1639693428,1,3.631080471765394e+20,363.1080471765394,363.1080471765394,0.000000,0.000000,0.800000,tx_agg_rolling_1800s_same_asset_group_or_route,Celer
BNB,bnb_flow_8324b539c3474b__synth_hidden_dst,0x2eb43321aa33f61e7c96861e6db9330c81b3d12eb7f8caa3fe22c7081669ae35,0x54003b76b2d4c2043be899ae4836b6cfaf41f379|0xdd90e5e87a2081dcf0391920868ebc2ffb81a1af,0x54003b76b2d4c2043be899ae4836b6cfaf41f379,0x55d398326f99059ff775485246999027b3197955,USDT,stable:USDT,0x2eb43321aa33f61e7c96861e6db9330c81b3d12eb7f8caa3fe22c7081669ae35_None_USDT_0x55d398326f99059ff775485246999027b3197955,1639693428,1639693428,1,3.631080471765394e+20,363.1080471765394,363.1080471765394,0.000000,0.000000,0.800000,tx_agg_rolling_1800s_same_asset_group_or_route,Celer
BNB,bnb_flow_8324b539c3474b__synth_noise_dst_0,0x2eb43321aa33f61e7c96861e6db9330c81b3d12eb7f8caa3fe22c7081669ae35,0x54003b76b2d4c2043be899ae4836b6cfaf41f379|0xdd90e5e87a2081dcf0391920868ebc2ffb81a1af,0x54003b76b2d4c2043be899ae4836b6cfaf41f379,0x55d398326f99059ff775485246999027b3197955,USDT,stable:USDT,0x2eb43321aa33f61e7c96861e6db9330c81b3d12eb7f8caa3fe22c7081669ae35_None_USDT_0x55d398326f99059ff775485246999027b3197955,1639693488,1639693488,1,3.631080471765394e+20,363.1080471765394,363.1080471765394,0.000000,0.000000,0.800000,tx_agg_rolling_1800s_same_asset_group_or_route,Celer
BNB,bnb_flow_8324b539c3474b__synth_noise_dst_1,0x2eb43321aa33f61e7c96861e6db9330c81b3d12eb7f8caa3fe22c7081669ae35,0x54003b76b2d4c2043be899ae4836b6cfaf41f379|0xdd90e5e87a2081dcf0391920868ebc2ffb81a1af,0x54003b76b2d4c2043be899ae4836b6cfaf41f379,0x55d398326f99059ff775485246999027b3197955,USDT,stable:USDT,0x2eb43321aa33f61e7c96861e6db9330c81b3d12eb7f8caa3fe22c7081669ae35_None_USDT_0x55d398326f99059ff775485246999027b3197955,1639693548,1639693548,1,3.631080471765394e+20,363.1080471765394,363.1080471765394,0.000000,0.000000,0.800000,tx_agg_rolling_1800s_same_asset_group_or_route,Celer
BNB,bnb_flow_f0c02664194941__synth_split_a,0x09ea22f9b96453cb52076791b6c71f198fafe6a12902cd93998d754b39a7f6db,0x30a6ac643275e73ce20a6d24c6aff38cd2e9bce0|0xdd90e5e87a2081dcf0391920868ebc2ffb81a1af,0x30a6ac643275e73ce20a6d24c6aff38cd2e9bce0,0x55d398326f99059ff775485246999027b3197955,USDT,stable:USDT,0x09ea22f9b96453cb52076791b6c71f198fafe6a12902cd93998d754b39a7f6db_None_USDT_0x55d398326f99059ff775485246999027b3197955,1638692240,1638692240,1,2.610938435044572e+20,261.0938435044572,261.0938435044572,0.000000,0.000000,0.800000,tx_agg_rolling_1800s_same_asset_group_or_route,Celer
BNB,bnb_flow_f0c02664194941__synth_split_b,0x09ea22f9b96453cb52076791b6c71f198fafe6a12902cd93998d754b39a7f6db,0x30a6ac643275e73ce20a6d24c6aff38cd2e9bce0|0xdd90e5e87a2081dcf0391920868ebc2ffb81a1af,0x30a6ac643275e73ce20a6d24c6aff38cd2e9bce0,0x55d398326f99059ff775485246999027b3197955,USDT,stable:USDT,0x09ea22f9b96453cb52076791b6c71f198fafe6a12902cd93998d754b39a7f6db_None_USDT_0x55d398326f99059ff775485246999027b3197955,1638692240,1638692240,1,2.610938435044572e+20,261.0938435044572,261.0938435044572,0.000000,0.000000,0.800000,tx_agg_rolling_1800s_same_asset_group_or_route,Celer
BNB,bnb_flow_f0c02664194941__synth_merge_dst,0x09ea22f9b96453cb52076791b6c71f198fafe6a12902cd93998d754b39a7f6db,0x30a6ac643275e73ce20a6d24c6aff38cd2e9bce0|0xdd90e5e87a2081dcf0391920868ebc2ffb81a1af,0x30a6ac643275e73ce20a6d24c6aff38cd2e9bce0,0x55d398326f99059ff775485246999027b3197955,USDT,stable:USDT,0x09ea22f9b96453cb52076791b6c71f198fafe6a12902cd93998d754b39a7f6db_None_USDT_0x55d398326f99059ff775485246999027b3197955,1638692240,1638692240,1,5.221876870089144e+20,522.1876870089144,522.1876870089144,0.000000,0.000000,0.800000,tx_agg_rolling_1800s_same_asset_group_or_route,Celer
BNB,bnb_flow_f0c02664194941__synth_hidden_dst,0x09ea22f9b96453cb52076791b6c71f198fafe6a12902cd93998d754b39a7f6db,0x30a6ac643275e73ce20a6d24c6aff38cd2e9bce0|0xdd90e5e87a2081dcf0391920868ebc2ffb81a1af,0x30a6ac643275e73ce20a6d24c6aff38cd2e9bce0,0x55d398326f99059ff775485246999027b3197955,USDT,stable:USDT,0x09ea22f9b96453cb52076791b6c71f198fafe6a12902cd93998d754b39a7f6db_None_USDT_0x55d398326f99059ff775485246999027b3197955,1638692240,1638692240,1,5.221876870089144e+20,522.1876870089144,522.1876870089144,0.000000,0.000000,0.800000,tx_agg_rolling_1800s_same_asset_group_or_route,Celer
BNB,bnb_flow_f0c02664194941__synth_noise_dst_0,0x09ea22f9b96453cb52076791b6c71f198fafe6a12902cd93998d754b39a7f6db,0x30a6ac643275e73ce20a6d24c6aff38cd2e9bce0|0xdd90e5e87a2081dcf0391920868ebc2ffb81a1af,0x30a6ac643275e73ce20a6d24c6aff38cd2e9bce0,0x55d398326f99059ff775485246999027b3197955,USDT,stable:USDT,0x09ea22f9b96453cb52076791b6c71f198fafe6a12902cd93998d754b39a7f6db_None_USDT_0x55d398326f99059ff775485246999027b3197955,1638692300,1638692300,1,5.221876870089144e+20,522.1876870089144,522.1876870089144,0.000000,0.000000,0.800000,tx_agg_rolling_1800s_same_asset_group_or_route,Celer
BNB,bnb_flow_f0c02664194941__synth_noise_dst_1,0x09ea22f9b96453cb52076791b6c71f198fafe6a12902cd93998d754b39a7f6db,0x30a6ac643275e73ce20a6d24c6aff38cd2e9bce0|0xdd90e5e87a2081dcf0391920868ebc2ffb81a1af,0x30a6ac643275e73ce20a6d24c6aff38cd2e9bce0,0x55d398326f99059ff775485246999027b3197955,USDT,stable:USDT,0x09ea22f9b96453cb52076791b6c71f198fafe6a12902cd93998d754b39a7f6db_None_USDT_0x55d398326f99059ff775485246999027b3197955,1638692360,1638692360,1,5.221876870089144e+20,522.1876870089144,522.1876870089144,0.000000,0.000000,0.800000,tx_agg_rolling_1800s_same_asset_group_or_route,Celer
BNB,bnb_flow_0f71f708c6054f__synth_split_a,0x3b44df2bb2283972ab2e0d3996916cf2982c593e2f9b03418a91578df3ee1ef2,0x75eaa3db32e3e88ba80dc3eadc2a08522f157cc2|0xdd90e5e87a2081dcf0391920868ebc2ffb81a1af,0x75eaa3db32e3e88ba80dc3eadc2a08522f157cc2,0x55d398326f99059ff775485246999027b3197955,USDT,stable:USDT,0x3b44df2bb2283972ab2e0d3996916cf2982c593e2f9b03418a91578df3ee1ef2_None_USDT_0x55d398326f99059ff775485246999027b3197955,1638567151,1638567151,1,2.2399091332933973e+20,223.9909133293397,223.9909133293397,0.000000,0.000000,0.800000,tx_agg_rolling_1800s_same_asset_group_or_route,Celer
BNB,bnb_flow_0f71f708c6054f__synth_split_b,0x3b44df2bb2283972ab2e0d3996916cf2982c593e2f9b03418a91578df3ee1ef2,0x75eaa3db32e3e88ba80dc3eadc2a08522f157cc2|0xdd90e5e87a2081dcf0391920868ebc2ffb81a1af,0x75eaa3db32e3e88ba80dc3eadc2a08522f157cc2,0x55d398326f99059ff775485246999027b3197955,USDT,stable:USDT,0x3b44df2bb2283972ab2e0d3996916cf2982c593e2f9b03418a91578df3ee1ef2_None_USDT_0x55d398326f99059ff775485246999027b3197955,1638567151,1638567151,1,2.2399091332933973e+20,223.9909133293397,223.9909133293397,0.000000,0.000000,0.800000,tx_agg_rolling_1800s_same_asset_group_or_route,Celer
BNB,bnb_flow_0f71f708c6054f__synth_merge_dst,0x3b44df2bb2283972ab2e0d3996916cf2982c593e2f9b03418a91578df3ee1ef2,0x75eaa3db32e3e88ba80dc3eadc2a08522f157cc2|0xdd90e5e87a2081dcf0391920868ebc2ffb81a1af,0x75eaa3db32e3e88ba80dc3eadc2a08522f157cc2,0x55d398326f99059ff775485246999027b3197955,USDT,stable:USDT,0x3b44df2bb2283972ab2e0d3996916cf2982c593e2f9b03418a91578df3ee1ef2_None_USDT_0x55d398326f99059ff775485246999027b3197955,1638567151,1638567151,1,4.4798182665867946e+20,447.9818266586794,447.9818266586794,0.000000,0.000000,0.800000,tx_agg_rolling_1800s_same_asset_group_or_route,Celer
BNB,bnb_flow_0f71f708c6054f__synth_hidden_dst,0x3b44df2bb2283972ab2e0d3996916cf2982c593e2f9b03418a91578df3ee1ef2,0x75eaa3db32e3e88ba80dc3eadc2a08522f157cc2|0xdd90e5e87a2081dcf0391920868ebc2ffb81a1af,0x75eaa3db32e3e88ba80dc3eadc2a08522f157cc2,0x55d398326f99059ff775485246999027b3197955,USDT,stable:USDT,0x3b44df2bb2283972ab2e0d3996916cf2982c593e2f9b03418a91578df3ee1ef2_None_USDT_0x55d398326f99059ff775485246999027b3197955,1638567151,1638567151,1,4.4798182665867946e+20,447.9818266586794,447.9818266586794,0.000000,0.000000,0.800000,tx_agg_rolling_1800s_same_asset_group_or_route,Celer
BNB,bnb_flow_0f71f708c6054f__synth_noise_dst_0,0x3b44df2bb2283972ab2e0d3996916cf2982c593e2f9b03418a91578df3ee1ef2,0x75eaa3db32e3e88ba80dc3eadc2a08522f157cc2|0xdd90e5e87a2081dcf0391920868ebc2ffb81a1af,0x75eaa3db32e3e88ba80dc3eadc2a08522f157cc2,0x55d398326f99059ff775485246999027b3197955,USDT,stable:USDT,0x3b44df2bb2283972ab2e0d3996916cf2982c593e2f9b03418a91578df3ee1ef2_None_USDT_0x55d398326f99059ff775485246999027b3197955,1638567211,1638567211,1,4.4798182665867946e+20,447.9818266586794,447.9818266586794,0.000000,0.000000,0.800000,tx_agg_rolling_1800s_same_asset_group_or_route,Celer
BNB,bnb_flow_0f71f708c6054f__synth_noise_dst_1,0x3b44df2bb2283972ab2e0d3996916cf2982c593e2f9b03418a91578df3ee1ef2,0x75eaa3db32e3e88ba80dc3eadc2a08522f157cc2|0xdd90e5e87a2081dcf0391920868ebc2ffb81a1af,0x75eaa3db32e3e88ba80dc3eadc2a08522f157cc2,0x55d398326f99059ff775485246999027b3197955,USDT,stable:USDT,0x3b44df2bb2283972ab2e0d3996916cf2982c593e2f9b03418a91578df3ee1ef2_None_USDT_0x55d398326f99059ff775485246999027b3197955,1638567271,1638567271,1,4.4798182665867946e+20,447.9818266586794,447.9818266586794,0.000000,0.000000,0.800000,tx_agg_rolling_1800s_same_asset_group_or_route,Celer
BNB,bnb_flow_dc31876de7f24a__synth_split_a,0x7ea36a6c4bc8aecea6e3b5b7a9e029566090f7c713f055630cf3b7c35d4b3410,0xcc3c6df6ac81f6758a638e3058e3781a21fffab2|0xdd90e5e87a2081dcf0391920868ebc2ffb81a1af,0xcc3c6df6ac81f6758a638e3058e3781a21fffab2,0x55d398326f99059ff775485246999027b3197955,USDT,stable:USDT,0x7ea36a6c4bc8aecea6e3b5b7a9e029566090f7c713f055630cf3b7c35d4b3410_None_USDT_0x55d398326f99059ff775485246999027b3197955,1638806910,1638806910,1,4.4192890974563926e+20,441.9289097456393,441.9289097456393,0.000000,0.000000,0.800000,tx_agg_rolling_1800s_same_asset_group_or_route,Celer
BNB,bnb_flow_dc31876de7f24a__synth_split_b,0x7ea36a6c4bc8aecea6e3b5b7a9e029566090f7c713f055630cf3b7c35d4b3410,0xcc3c6df6ac81f6758a638e3058e3781a21fffab2|0xdd90e5e87a2081dcf0391920868ebc2ffb81a1af,0xcc3c6df6ac81f6758a638e3058e3781a21fffab2,0x55d398326f99059ff775485246999027b3197955,USDT,stable:USDT,0x7ea36a6c4bc8aecea6e3b5b7a9e029566090f7c713f055630cf3b7c35d4b3410_None_USDT_0x55d398326f99059ff775485246999027b3197955,1638806910,1638806910,1,4.4192890974563926e+20,441.9289097456393,441.9289097456393,0.000000,0.000000,0.800000,tx_agg_rolling_1800s_same_asset_group_or_route,Celer
BNB,bnb_flow_dc31876de7f24a__synth_split_c,0x7ea36a6c4bc8aecea6e3b5b7a9e029566090f7c713f055630cf3b7c35d4b3410,0xcc3c6df6ac81f6758a638e3058e3781a21fffab2|0xdd90e5e87a2081dcf0391920868ebc2ffb81a1af,0xcc3c6df6ac81f6758a638e3058e3781a21fffab2,0x55d398326f99059ff775485246999027b3197955,USDT,stable:USDT,0x7ea36a6c4bc8aecea6e3b5b7a9e029566090f7c713f055630cf3b7c35d4b3410_None_USDT_0x55d398326f99059ff775485246999027b3197955,1638806910,1638806910,1,4.4192890974563926e+20,441.9289097456393,441.9289097456393,0.000000,0.000000,0.800000,tx_agg_rolling_1800s_same_asset_group_or_route,Celer
BNB,bnb_flow_dc31876de7f24a__synth_merge_dst,0x7ea36a6c4bc8aecea6e3b5b7a9e029566090f7c713f055630cf3b7c35d4b3410,0xcc3c6df6ac81f6758a638e3058e3781a21fffab2|0xdd90e5e87a2081dcf0391920868ebc2ffb81a1af,0xcc3c6df6ac81f6758a638e3058e3781a21fffab2,0x55d398326f99059ff775485246999027b3197955,USDT,stable:USDT,0x7ea36a6c4bc8aecea6e3b5b7a9e029566090f7c713f055630cf3b7c35d4b3410_None_USDT_0x55d398326f99059ff775485246999027b3197955,1638806910,1638806910,1,1.325786729236918e+21,1325.786729236918,1325.786729236918,0.000000,0.000000,0.800000,tx_agg_rolling_1800s_same_asset_group_or_route,Celer
BNB,bnb_flow_dc31876de7f24a__synth_hidden_dst,0x7ea36a6c4bc8aecea6e3b5b7a9e029566090f7c713f055630cf3b7c35d4b3410,0xcc3c6df6ac81f6758a638e3058e3781a21fffab2|0xdd90e5e87a2081dcf0391920868ebc2ffb81a1af,0xcc3c6df6ac81f6758a638e3058e3781a21fffab2,0x55d398326f99059ff775485246999027b3197955,USDT,stable:USDT,0x7ea36a6c4bc8aecea6e3b5b7a9e029566090f7c713f055630cf3b7c35d4b3410_None_USDT_0x55d398326f99059ff775485246999027b3197955,1638806910,1638806910,1,1.325786729236918e+21,1325.786729236918,1325.786729236918,0.000000,0.000000,0.800000,tx_agg_rolling_1800s_same_asset_group_or_route,Celer
BNB,bnb_flow_dc31876de7f24a__synth_noise_dst_0,0x7ea36a6c4bc8aecea6e3b5b7a9e029566090f7c713f055630cf3b7c35d4b3410,0xcc3c6df6ac81f6758a638e3058e3781a21fffab2|0xdd90e5e87a2081dcf0391920868ebc2ffb81a1af,0xcc3c6df6ac81f6758a638e3058e3781a21fffab2,0x55d398326f99059ff775485246999027b3197955,USDT,stable:USDT,0x7ea36a6c4bc8aecea6e3b5b7a9e029566090f7c713f055630cf3b7c35d4b3410_None_USDT_0x55d398326f99059ff775485246999027b3197955,1638806970,1638806970,1,1.325786729236918e+21,1325.786729236918,1325.786729236918,0.000000,0.000000,0.800000,tx_agg_rolling_1800s_same_asset_group_or_route,Celer
BNB,bnb_flow_dc31876de7f24a__synth_noise_dst_1,0x7ea36a6c4bc8aecea6e3b5b7a9e029566090f7c713f055630cf3b7c35d4b3410,0xcc3c6df6ac81f6758a638e3058e3781a21fffab2|0xdd90e5e87a2081dcf0391920868ebc2ffb81a1af,0xcc3c6df6ac81f6758a638e3058e3781a21fffab2,0x55d398326f99059ff775485246999027b3197955,USDT,stable:USDT,0x7ea36a6c4bc8aecea6e3b5b7a9e029566090f7c713f055630cf3b7c35d4b3410_None_USDT_0x55d398326f99059ff775485246999027b3197955,1638807030,1638807030,1,1.325786729236918e+21,1325.786729236918,1325.786729236918,0.000000,0.000000,0.800000,tx_agg_rolling_1800s_same_asset_group_or_route,Celer
BNB,bnb_flow_712cd81ae11a45__synth_split_a,0xcf5ed8c2f2c3afdef4f08bdd65ad20eaf4eab3a94cec6b34dab597a437519f3a,0x26dcd88d585277ec6cd3e20abb87046aeced9411|0xdd90e5e87a2081dcf0391920868ebc2ffb81a1af,0x26dcd88d585277ec6cd3e20abb87046aeced9411,0x55d398326f99059ff775485246999027b3197955,USDT,stable:USDT,0xcf5ed8c2f2c3afdef4f08bdd65ad20eaf4eab3a94cec6b34dab597a437519f3a_None_USDT_0x55d398326f99059ff775485246999027b3197955,1639511808,1639511808,1,1.778870741957774e+20,177.8870741957774,177.8870741957774,0.000000,0.000000,0.800000,tx_agg_rolling_1800s_same_asset_group_or_route,Celer
BNB,bnb_flow_712cd81ae11a45__synth_split_b,0xcf5ed8c2f2c3afdef4f08bdd65ad20eaf4eab3a94cec6b34dab597a437519f3a,0x26dcd88d585277ec6cd3e20abb87046aeced9411|0xdd90e5e87a2081dcf0391920868ebc2ffb81a1af,0x26dcd88d585277ec6cd3e20abb87046aeced9411,0x55d398326f99059ff775485246999027b3197955,USDT,stable:USDT,0xcf5ed8c2f2c3afdef4f08bdd65ad20eaf4eab3a94cec6b34dab597a437519f3a_None_USDT_0x55d398326f99059ff775485246999027b3197955,1639511808,1639511808,1,1.778870741957774e+20,177.8870741957774,177.8870741957774,0.000000,0.000000,0.800000,tx_agg_rolling_1800s_same_asset_group_or_route,Celer
BNB,bnb_flow_712cd81ae11a45__synth_split_c,0xcf5ed8c2f2c3afdef4f08bdd65ad20eaf4eab3a94cec6b34dab597a437519f3a,0x26dcd88d585277ec6cd3e20abb87046aeced9411|0xdd90e5e87a2081dcf0391920868ebc2ffb81a1af,0x26dcd88d585277ec6cd3e20abb87046aeced9411,0x55d398326f99059ff775485246999027b3197955,USDT,stable:USDT,0xcf5ed8c2f2c3afdef4f08bdd65ad20eaf4eab3a94cec6b34dab597a437519f3a_None_USDT_0x55d398326f99059ff775485246999027b3197955,1639511808,1639511808,1,1.778870741957774e+20,177.8870741957774,177.8870741957774,0.000000,0.000000,0.800000,tx_agg_rolling_1800s_same_asset_group_or_route,Celer
BNB,bnb_flow_712cd81ae11a45__synth_split_d,0xcf5ed8c2f2c3afdef4f08bdd65ad20eaf4eab3a94cec6b34dab597a437519f3a,0x26dcd88d585277ec6cd3e20abb87046aeced9411|0xdd90e5e87a2081dcf0391920868ebc2ffb81a1af,0x26dcd88d585277ec6cd3e20abb87046aeced9411,0x55d398326f99059ff775485246999027b3197955,USDT,stable:USDT,0xcf5ed8c2f2c3afdef4f08bdd65ad20eaf4eab3a94cec6b34dab597a437519f3a_None_USDT_0x55d398326f99059ff775485246999027b3197955,1639511808,1639511808,1,1.778870741957774e+20,177.8870741957774,177.8870741957774,0.000000,0.000000,0.800000,tx_agg_rolling_1800s_same_asset_group_or_route,Celer
BNB,bnb_flow_712cd81ae11a45__synth_merge_dst,0xcf5ed8c2f2c3afdef4f08bdd65ad20eaf4eab3a94cec6b34dab597a437519f3a,0x26dcd88d585277ec6cd3e20abb87046aeced9411|0xdd90e5e87a2081dcf0391920868ebc2ffb81a1af,0x26dcd88d585277ec6cd3e20abb87046aeced9411,0x55d398326f99059ff775485246999027b3197955,USDT,stable:USDT,0xcf5ed8c2f2c3afdef4f08bdd65ad20eaf4eab3a94cec6b34dab597a437519f3a_None_USDT_0x55d398326f99059ff775485246999027b3197955,1639511808,1639511808,1,7.115482967831096e+20,711.5482967831095,711.5482967831095,0.000000,0.000000,0.800000,tx_agg_rolling_1800s_same_asset_group_or_route,Celer
BNB,bnb_flow_712cd81ae11a45__synth_hidden_dst,0xcf5ed8c2f2c3afdef4f08bdd65ad20eaf4eab3a94cec6b34dab597a437519f3a,0x26dcd88d585277ec6cd3e20abb87046aeced9411|0xdd90e5e87a2081dcf0391920868ebc2ffb81a1af,0x26dcd88d585277ec6cd3e20abb87046aeced9411,0x55d398326f99059ff775485246999027b3197955,USDT,stable:USDT,0xcf5ed8c2f2c3afdef4f08bdd65ad20eaf4eab3a94cec6b34dab597a437519f3a_None_USDT_0x55d398326f99059ff775485246999027b3197955,1639511808,1639511808,1,7.115482967831096e+20,711.5482967831095,711.5482967831095,0.000000,0.000000,0.800000,tx_agg_rolling_1800s_same_asset_group_or_route,Celer
BNB,bnb_flow_712cd81ae11a45__synth_noise_dst_0,0xcf5ed8c2f2c3afdef4f08bdd65ad20eaf4eab3a94cec6b34dab597a437519f3a,0x26dcd88d585277ec6cd3e20abb87046aeced9411|0xdd90e5e87a2081dcf0391920868ebc2ffb81a1af,0x26dcd88d585277ec6cd3e20abb87046aeced9411,0x55d398326f99059ff775485246999027b3197955,USDT,stable:USDT,0xcf5ed8c2f2c3afdef4f08bdd65ad20eaf4eab3a94cec6b34dab597a437519f3a_None_USDT_0x55d398326f99059ff775485246999027b3197955,1639511868,1639511868,1,7.115482967831096e+20,711.5482967831095,711.5482967831095,0.000000,0.000000,0.800000,tx_agg_rolling_1800s_same_asset_group_or_route,Celer
BNB,bnb_flow_712cd81ae11a45__synth_noise_dst_1,0xcf5ed8c2f2c3afdef4f08bdd65ad20eaf4eab3a94cec6b34dab597a437519f3a,0x26dcd88d585277ec6cd3e20abb87046aeced9411|0xdd90e5e87a2081dcf0391920868ebc2ffb81a1af,0x26dcd88d585277ec6cd3e20abb87046aeced9411,0x55d398326f99059ff775485246999027b3197955,USDT,stable:USDT,0xcf5ed8c2f2c3afdef4f08bdd65ad20eaf4eab3a94cec6b34dab597a437519f3a_None_USDT_0x55d398326f99059ff775485246999027b3197955,1639511928,1639511928,1,7.115482967831096e+20,711.5482967831095,711.5482967831095,0.000000,0.000000,0.800000,tx_agg_rolling_1800s_same_asset_group_or_route,Celer
BNB,bnb_flow_074f3ef5ad5c4a__synth_split_a,0x138a11ea7a7a7e8456d952fa0a8c9a570467b0e022d28ca8028ea59ae7c86d56,0x4b6b03ed1ce58fdde44fea14e489a565c80085cc|0xdd90e5e87a2081dcf0391920868ebc2ffb81a1af,0x4b6b03ed1ce58fdde44fea14e489a565c80085cc,0x55d398326f99059ff775485246999027b3197955,USDT,stable:USDT,0x138a11ea7a7a7e8456d952fa0a8c9a570467b0e022d28ca8028ea59ae7c86d56_None_USDT_0x55d398326f99059ff775485246999027b3197955,1638902841,1638902841,1,9.993844308190324e+20,999.3844308190324,999.3844308190324,0.000000,0.000000,0.800000,tx_agg_rolling_1800s_same_asset_group_or_route,Celer
BNB,bnb_flow_074f3ef5ad5c4a__synth_split_b,0x138a11ea7a7a7e8456d952fa0a8c9a570467b0e022d28ca8028ea59ae7c86d56,0x4b6b03ed1ce58fdde44fea14e489a565c80085cc|0xdd90e5e87a2081dcf0391920868ebc2ffb81a1af,0x4b6b03ed1ce58fdde44fea14e489a565c80085cc,0x55d398326f99059ff775485246999027b3197955,USDT,stable:USDT,0x138a11ea7a7a7e8456d952fa0a8c9a570467b0e022d28ca8028ea59ae7c86d56_None_USDT_0x55d398326f99059ff775485246999027b3197955,1638902841,1638902841,1,9.993844308190324e+20,999.3844308190324,999.3844308190324,0.000000,0.000000,0.800000,tx_agg_rolling_1800s_same_asset_group_or_route,Celer
BNB,bnb_flow_074f3ef5ad5c4a__synth_merge_dst,0x138a11ea7a7a7e8456d952fa0a8c9a570467b0e022d28ca8028ea59ae7c86d56,0x4b6b03ed1ce58fdde44fea14e489a565c80085cc|0xdd90e5e87a2081dcf0391920868ebc2ffb81a1af,0x4b6b03ed1ce58fdde44fea14e489a565c80085cc,0x55d398326f99059ff775485246999027b3197955,USDT,stable:USDT,0x138a11ea7a7a7e8456d952fa0a8c9a570467b0e022d28ca8028ea59ae7c86d56_None_USDT_0x55d398326f99059ff775485246999027b3197955,1638902841,1638902841,1,1.9987688616380649e+21,1998.768861638065,1998.768861638065,0.000000,0.000000,0.800000,tx_agg_rolling_1800s_same_asset_group_or_route,Celer
BNB,bnb_flow_074f3ef5ad5c4a__synth_hidden_dst,0x138a11ea7a7a7e8456d952fa0a8c9a570467b0e022d28ca8028ea59ae7c86d56,0x4b6b03ed1ce58fdde44fea14e489a565c80085cc|0xdd90e5e87a2081dcf0391920868ebc2ffb81a1af,0x4b6b03ed1ce58fdde44fea14e489a565c80085cc,0x55d398326f99059ff775485246999027b3197955,USDT,stable:USDT,0x138a11ea7a7a7e8456d952fa0a8c9a570467b0e022d28ca8028ea59ae7c86d56_None_USDT_0x55d398326f99059ff775485246999027b3197955,1638902841,1638902841,1,1.9987688616380649e+21,1998.768861638065,1998.768861638065,0.000000,0.000000,0.800000,tx_agg_rolling_1800s_same_asset_group_or_route,Celer
BNB,bnb_flow_074f3ef5ad5c4a__synth_noise_dst_0,0x138a11ea7a7a7e8456d952fa0a8c9a570467b0e022d28ca8028ea59ae7c86d56,0x4b6b03ed1ce58fdde44fea14e489a565c80085cc|0xdd90e5e87a2081dcf0391920868ebc2ffb81a1af,0x4b6b03ed1ce58fdde44fea14e489a565c80085cc,0x55d398326f99059ff775485246999027b3197955,USDT,stable:USDT,0x138a11ea7a7a7e8456d952fa0a8c9a570467b0e022d28ca8028ea59ae7c86d56_None_USDT_0x55d398326f99059ff775485246999027b3197955,1638902901,1638902901,1,1.9987688616380649e+21,1998.768861638065,1998.768861638065,0.000000,0.000000,0.800000,tx_agg_rolling_1800s_same_asset_group_or_route,Celer
BNB,bnb_flow_074f3ef5ad5c4a__synth_noise_dst_1,0x138a11ea7a7a7e8456d952fa0a8c9a570467b0e022d28ca8028ea59ae7c86d56,0x4b6b03ed1ce58fdde44fea14e489a565c80085cc|0xdd90e5e87a2081dcf0391920868ebc2ffb81a1af,0x4b6b03ed1ce58fdde44fea14e489a565c80085cc,0x55d398326f99059ff775485246999027b3197955,USDT,stable:USDT,0x138a11ea7a7a7e8456d952fa0a8c9a570467b0e022d28ca8028ea59ae7c86d56_None_USDT_0x55d398326f99059ff775485246999027b3197955,1638902961,1638902961,1,1.9987688616380649e+21,1998.768861638065,1998.768861638065,0.000000,0.000000,0.800000,tx_agg_rolling_1800s_same_asset_group_or_route,Celer
BNB,bnb_flow_6798686fb3384d__synth_split_a,0x9a27db987518ea8e1684c5daf6bdcfadc0b6f201b997c4ff6e707b934100b294,0xc26f827f1b8cf661a7bca954bb21eb6138a27101|0xdd90e5e87a2081dcf0391920868ebc2ffb81a1af,0xc26f827f1b8cf661a7bca954bb21eb6138a27101,0x55d398326f99059ff775485246999027b3197955,USDT,stable:USDT,0x9a27db987518ea8e1684c5daf6bdcfadc0b6f201b997c4ff6e707b934100b294_None_USDT_0x55d398326f99059ff775485246999027b3197955,1640306632,1640306632,1,2.148424757204e+21,2148.424757204,2148.424757204,0.000000,0.000000,0.800000,tx_agg_rolling_1800s_same_asset_group_or_route,Celer
BNB,bnb_flow_6798686fb3384d__synth_split_b,0x9a27db987518ea8e1684c5daf6bdcfadc0b6f201b997c4ff6e707b934100b294,0xc26f827f1b8cf661a7bca954bb21eb6138a27101|0xdd90e5e87a2081dcf0391920868ebc2ffb81a1af,0xc26f827f1b8cf661a7bca954bb21eb6138a27101,0x55d398326f99059ff775485246999027b3197955,USDT,stable:USDT,0x9a27db987518ea8e1684c5daf6bdcfadc0b6f201b997c4ff6e707b934100b294_None_USDT_0x55d398326f99059ff775485246999027b3197955,1640306632,1640306632,1,2.148424757204e+21,2148.424757204,2148.424757204,0.000000,0.000000,0.800000,tx_agg_rolling_1800s_same_asset_group_or_route,Celer
BNB,bnb_flow_6798686fb3384d__synth_split_c,0x9a27db987518ea8e1684c5daf6bdcfadc0b6f201b997c4ff6e707b934100b294,0xc26f827f1b8cf661a7bca954bb21eb6138a27101|0xdd90e5e87a2081dcf0391920868ebc2ffb81a1af,0xc26f827f1b8cf661a7bca954bb21eb6138a27101,0x55d398326f99059ff775485246999027b3197955,USDT,stable:USDT,0x9a27db987518ea8e1684c5daf6bdcfadc0b6f201b997c4ff6e707b934100b294_None_USDT_0x55d398326f99059ff775485246999027b3197955,1640306632,1640306632,1,2.148424757204e+21,2148.424757204,2148.424757204,0.000000,0.000000,0.800000,tx_agg_rolling_1800s_same_asset_group_or_route,Celer
BNB,bnb_flow_6798686fb3384d__synth_merge_dst,0x9a27db987518ea8e1684c5daf6bdcfadc0b6f201b997c4ff6e707b934100b294,0xc26f827f1b8cf661a7bca954bb21eb6138a27101|0xdd90e5e87a2081dcf0391920868ebc2ffb81a1af,0xc26f827f1b8cf661a7bca954bb21eb6138a27101,0x55d398326f99059ff775485246999027b3197955,USDT,stable:USDT,0x9a27db987518ea8e1684c5daf6bdcfadc0b6f201b997c4ff6e707b934100b294_None_USDT_0x55d398326f99059ff775485246999027b3197955,1640306632,1640306632,1,6.445274271612e+21,6445.274271612,6445.274271612,0.000000,0.000000,0.800000,tx_agg_rolling_1800s_same_asset_group_or_route,Celer
BNB,bnb_flow_6798686fb3384d__synth_hidden_dst,0x9a27db987518ea8e1684c5daf6bdcfadc0b6f201b997c4ff6e707b934100b294,0xc26f827f1b8cf661a7bca954bb21eb6138a27101|0xdd90e5e87a2081dcf0391920868ebc2ffb81a1af,0xc26f827f1b8cf661a7bca954bb21eb6138a27101,0x55d398326f99059ff775485246999027b3197955,USDT,stable:USDT,0x9a27db987518ea8e1684c5daf6bdcfadc0b6f201b997c4ff6e707b934100b294_None_USDT_0x55d398326f99059ff775485246999027b3197955,1640306632,1640306632,1,6.445274271612e+21,6445.274271612,6445.274271612,0.000000,0.000000,0.800000,tx_agg_rolling_1800s_same_asset_group_or_route,Celer
BNB,bnb_flow_6798686fb3384d__synth_noise_dst_0,0x9a27db987518ea8e1684c5daf6bdcfadc0b6f201b997c4ff6e707b934100b294,0xc26f827f1b8cf661a7bca954bb21eb6138a27101|0xdd90e5e87a2081dcf0391920868ebc2ffb81a1af,0xc26f827f1b8cf661a7bca954bb21eb6138a27101,0x55d398326f99059ff775485246999027b3197955,USDT,stable:USDT,0x9a27db987518ea8e1684c5daf6bdcfadc0b6f201b997c4ff6e707b934100b294_None_USDT_0x55d398326f99059ff775485246999027b3197955,1640306692,1640306692,1,6.445274271612e+21,6445.274271612,6445.274271612,0.000000,0.000000,0.800000,tx_agg_rolling_1800s_same_asset_group_or_route,Celer
BNB,bnb_flow_6798686fb3384d__synth_noise_dst_1,0x9a27db987518ea8e1684c5daf6bdcfadc0b6f201b997c4ff6e707b934100b294,0xc26f827f1b8cf661a7bca954bb21eb6138a27101|0xdd90e5e87a2081dcf0391920868ebc2ffb81a1af,0xc26f827f1b8cf661a7bca954bb21eb6138a27101,0x55d398326f99059ff775485246999027b3197955,USDT,stable:USDT,0x9a27db987518ea8e1684c5daf6bdcfadc0b6f201b997c4ff6e707b934100b294_None_USDT_0x55d398326f99059ff775485246999027b3197955,1640306752,1640306752,1,6.445274271612e+21,6445.274271612,6445.274271612,0.000000,0.000000,0.800000,tx_agg_rolling_1800s_same_asset_group_or_route,Celer
BNB,bnb_flow_db62e6c10ce44f__synth_split_a,0x229b11fee29534c6d61d0ab7e0da14e34bb99111a7ab5066d206dfc680937b27,0x5c818f2134150d7d487447b6e2dab7508d411268|0xdd90e5e87a2081dcf0391920868ebc2ffb81a1af,0x5c818f2134150d7d487447b6e2dab7508d411268,0x55d398326f99059ff775485246999027b3197955,USDT,stable:USDT,0x229b11fee29534c6d61d0ab7e0da14e34bb99111a7ab5066d206dfc680937b27_None_USDT_0x55d398326f99059ff775485246999027b3197955,1640796912,1640796912,1,2.0176055364983605e+21,2017.6055364983606,2017.6055364983606,0.000000,0.000000,0.800000,tx_agg_rolling_1800s_same_asset_group_or_route,Celer
BNB,bnb_flow_db62e6c10ce44f__synth_split_b,0x229b11fee29534c6d61d0ab7e0da14e34bb99111a7ab5066d206dfc680937b27,0x5c818f2134150d7d487447b6e2dab7508d411268|0xdd90e5e87a2081dcf0391920868ebc2ffb81a1af,0x5c818f2134150d7d487447b6e2dab7508d411268,0x55d398326f99059ff775485246999027b3197955,USDT,stable:USDT,0x229b11fee29534c6d61d0ab7e0da14e34bb99111a7ab5066d206dfc680937b27_None_USDT_0x55d398326f99059ff775485246999027b3197955,1640796912,1640796912,1,2.0176055364983605e+21,2017.6055364983606,2017.6055364983606,0.000000,0.000000,0.800000,tx_agg_rolling_1800s_same_asset_group_or_route,Celer
BNB,bnb_flow_db62e6c10ce44f__synth_split_c,0x229b11fee29534c6d61d0ab7e0da14e34bb99111a7ab5066d206dfc680937b27,0x5c818f2134150d7d487447b6e2dab7508d411268|0xdd90e5e87a2081dcf0391920868ebc2ffb81a1af,0x5c818f2134150d7d487447b6e2dab7508d411268,0x55d398326f99059ff775485246999027b3197955,USDT,stable:USDT,0x229b11fee29534c6d61d0ab7e0da14e34bb99111a7ab5066d206dfc680937b27_None_USDT_0x55d398326f99059ff775485246999027b3197955,1640796912,1640796912,1,2.0176055364983605e+21,2017.6055364983606,2017.6055364983606,0.000000,0.000000,0.800000,tx_agg_rolling_1800s_same_asset_group_or_route,Celer
BNB,bnb_flow_db62e6c10ce44f__synth_split_d,0x229b11fee29534c6d61d0ab7e0da14e34bb99111a7ab5066d206dfc680937b27,0x5c818f2134150d7d487447b6e2dab7508d411268|0xdd90e5e87a2081dcf0391920868ebc2ffb81a1af,0x5c818f2134150d7d487447b6e2dab7508d411268,0x55d398326f99059ff775485246999027b3197955,USDT,stable:USDT,0x229b11fee29534c6d61d0ab7e0da14e34bb99111a7ab5066d206dfc680937b27_None_USDT_0x55d398326f99059ff775485246999027b3197955,1640796912,1640796912,1,2.0176055364983605e+21,2017.6055364983606,2017.6055364983606,0.000000,0.000000,0.800000,tx_agg_rolling_1800s_same_asset_group_or_route,Celer
BNB,bnb_flow_db62e6c10ce44f__synth_merge_dst,0x229b11fee29534c6d61d0ab7e0da14e34bb99111a7ab5066d206dfc680937b27,0x5c818f2134150d7d487447b6e2dab7508d411268|0xdd90e5e87a2081dcf0391920868ebc2ffb81a1af,0x5c818f2134150d7d487447b6e2dab7508d411268,0x55d398326f99059ff775485246999027b3197955,USDT,stable:USDT,0x229b11fee29534c6d61d0ab7e0da14e34bb99111a7ab5066d206dfc680937b27_None_USDT_0x55d398326f99059ff775485246999027b3197955,1640796912,1640796912,1,8.070422145993442e+21,8070.422145993442,8070.422145993442,0.000000,0.000000,0.800000,tx_agg_rolling_1800s_same_asset_group_or_route,Celer
BNB,bnb_flow_db62e6c10ce44f__synth_hidden_dst,0x229b11fee29534c6d61d0ab7e0da14e34bb99111a7ab5066d206dfc680937b27,0x5c818f2134150d7d487447b6e2dab7508d411268|0xdd90e5e87a2081dcf0391920868ebc2ffb81a1af,0x5c818f2134150d7d487447b6e2dab7508d411268,0x55d398326f99059ff775485246999027b3197955,USDT,stable:USDT,0x229b11fee29534c6d61d0ab7e0da14e34bb99111a7ab5066d206dfc680937b27_None_USDT_0x55d398326f99059ff775485246999027b3197955,1640796912,1640796912,1,8.070422145993442e+21,8070.422145993442,8070.422145993442,0.000000,0.000000,0.800000,tx_agg_rolling_1800s_same_asset_group_or_route,Celer
BNB,bnb_flow_db62e6c10ce44f__synth_noise_dst_0,0x229b11fee29534c6d61d0ab7e0da14e34bb99111a7ab5066d206dfc680937b27,0x5c818f2134150d7d487447b6e2dab7508d411268|0xdd90e5e87a2081dcf0391920868ebc2ffb81a1af,0x5c818f2134150d7d487447b6e2dab7508d411268,0x55d398326f99059ff775485246999027b3197955,USDT,stable:USDT,0x229b11fee29534c6d61d0ab7e0da14e34bb99111a7ab5066d206dfc680937b27_None_USDT_0x55d398326f99059ff775485246999027b3197955,1640796972,1640796972,1,8.070422145993442e+21,8070.422145993442,8070.422145993442,0.000000,0.000000,0.800000,tx_agg_rolling_1800s_same_asset_group_or_route,Celer
BNB,bnb_flow_db62e6c10ce44f__synth_noise_dst_1,0x229b11fee29534c6d61d0ab7e0da14e34bb99111a7ab5066d206dfc680937b27,0x5c818f2134150d7d487447b6e2dab7508d411268|0xdd90e5e87a2081dcf0391920868ebc2ffb81a1af,0x5c818f2134150d7d487447b6e2dab7508d411268,0x55d398326f99059ff775485246999027b3197955,USDT,stable:USDT,0x229b11fee29534c6d61d0ab7e0da14e34bb99111a7ab5066d206dfc680937b27_None_USDT_0x55d398326f99059ff775485246999027b3197955,1640797032,1640797032,1,8.070422145993442e+21,8070.422145993442,8070.422145993442,0.000000,0.000000,0.800000,tx_agg_rolling_1800s_same_asset_group_or_route,Celer
BNB,bnb_flow_df7088dbc6a94d__synth_split_a,0x98f9532814feb37e015ba4bdabb29238e9e9668674386b707523c83f0de99246,0xdd90e5e87a2081dcf0391920868ebc2ffb81a1af|0xed752de8ff035d2735449a92f6e9596fb18e00aa,0xed752de8ff035d2735449a92f6e9596fb18e00aa,0x55d398326f99059ff775485246999027b3197955,USDT,stable:USDT,0x98f9532814feb37e015ba4bdabb29238e9e9668674386b707523c83f0de99246_None_USDT_0x55d398326f99059ff775485246999027b3197955,1639056189,1639056189,1,7.104927533283696e+20,710.4927533283695,710.4927533283695,0.000000,0.000000,0.800000,tx_agg_rolling_1800s_same_asset_group_or_route,Celer
BNB,bnb_flow_df7088dbc6a94d__synth_split_b,0x98f9532814feb37e015ba4bdabb29238e9e9668674386b707523c83f0de99246,0xdd90e5e87a2081dcf0391920868ebc2ffb81a1af|0xed752de8ff035d2735449a92f6e9596fb18e00aa,0xed752de8ff035d2735449a92f6e9596fb18e00aa,0x55d398326f99059ff775485246999027b3197955,USDT,stable:USDT,0x98f9532814feb37e015ba4bdabb29238e9e9668674386b707523c83f0de99246_None_USDT_0x55d398326f99059ff775485246999027b3197955,1639056189,1639056189,1,7.104927533283696e+20,710.4927533283695,710.4927533283695,0.000000,0.000000,0.800000,tx_agg_rolling_1800s_same_asset_group_or_route,Celer
BNB,bnb_flow_df7088dbc6a94d__synth_split_c,0x98f9532814feb37e015ba4bdabb29238e9e9668674386b707523c83f0de99246,0xdd90e5e87a2081dcf0391920868ebc2ffb81a1af|0xed752de8ff035d2735449a92f6e9596fb18e00aa,0xed752de8ff035d2735449a92f6e9596fb18e00aa,0x55d398326f99059ff775485246999027b3197955,USDT,stable:USDT,0x98f9532814feb37e015ba4bdabb29238e9e9668674386b707523c83f0de99246_None_USDT_0x55d398326f99059ff775485246999027b3197955,1639056189,1639056189,1,7.104927533283696e+20,710.4927533283695,710.4927533283695,0.000000,0.000000,0.800000,tx_agg_rolling_1800s_same_asset_group_or_route,Celer
BNB,bnb_flow_df7088dbc6a94d__synth_merge_dst,0x98f9532814feb37e015ba4bdabb29238e9e9668674386b707523c83f0de99246,0xdd90e5e87a2081dcf0391920868ebc2ffb81a1af|0xed752de8ff035d2735449a92f6e9596fb18e00aa,0xed752de8ff035d2735449a92f6e9596fb18e00aa,0x55d398326f99059ff775485246999027b3197955,USDT,stable:USDT,0x98f9532814feb37e015ba4bdabb29238e9e9668674386b707523c83f0de99246_None_USDT_0x55d398326f99059ff775485246999027b3197955,1639056189,1639056189,1,2.1314782599851087e+21,2131.4782599851087,2131.4782599851087,0.000000,0.000000,0.800000,tx_agg_rolling_1800s_same_asset_group_or_route,Celer
BNB,bnb_flow_df7088dbc6a94d__synth_hidden_dst,0x98f9532814feb37e015ba4bdabb29238e9e9668674386b707523c83f0de99246,0xdd90e5e87a2081dcf0391920868ebc2ffb81a1af|0xed752de8ff035d2735449a92f6e9596fb18e00aa,0xed752de8ff035d2735449a92f6e9596fb18e00aa,0x55d398326f99059ff775485246999027b3197955,USDT,stable:USDT,0x98f9532814feb37e015ba4bdabb29238e9e9668674386b707523c83f0de99246_None_USDT_0x55d398326f99059ff775485246999027b3197955,1639056189,1639056189,1,2.1314782599851087e+21,2131.4782599851087,2131.4782599851087,0.000000,0.000000,0.800000,tx_agg_rolling_1800s_same_asset_group_or_route,Celer
BNB,bnb_flow_df7088dbc6a94d__synth_noise_dst_0,0x98f9532814feb37e015ba4bdabb29238e9e9668674386b707523c83f0de99246,0xdd90e5e87a2081dcf0391920868ebc2ffb81a1af|0xed752de8ff035d2735449a92f6e9596fb18e00aa,0xed752de8ff035d2735449a92f6e9596fb18e00aa,0x55d398326f99059ff775485246999027b3197955,USDT,stable:USDT,0x98f9532814feb37e015ba4bdabb29238e9e9668674386b707523c83f0de99246_None_USDT_0x55d398326f99059ff775485246999027b3197955,1639056249,1639056249,1,2.1314782599851087e+21,2131.4782599851087,2131.4782599851087,0.000000,0.000000,0.800000,tx_agg_rolling_1800s_same_asset_group_or_route,Celer
BNB,bnb_flow_df7088dbc6a94d__synth_noise_dst_1,0x98f9532814feb37e015ba4bdabb29238e9e9668674386b707523c83f0de99246,0xdd90e5e87a2081dcf0391920868ebc2ffb81a1af|0xed752de8ff035d2735449a92f6e9596fb18e00aa,0xed752de8ff035d2735449a92f6e9596fb18e00aa,0x55d398326f99059ff775485246999027b3197955,USDT,stable:USDT,0x98f9532814feb37e015ba4bdabb29238e9e9668674386b707523c83f0de99246_None_USDT_0x55d398326f99059ff775485246999027b3197955,1639056309,1639056309,1,2.1314782599851087e+21,2131.4782599851087,2131.4782599851087,0.000000,0.000000,0.800000,tx_agg_rolling_1800s_same_asset_group_or_route,Celer
BNB,bnb_flow_379fb8914c3944__synth_split_a,0x35e36d50c2e2880dcb75bddaff055c44e4d7de13c4e1a6292f70bdd9c53be421,0x88d448e2246f8ef53e175e6f7a8e1c6cf62f060a|0xdd90e5e87a2081dcf0391920868ebc2ffb81a1af,0x88d448e2246f8ef53e175e6f7a8e1c6cf62f060a,0x55d398326f99059ff775485246999027b3197955,USDT,stable:USDT,0x35e36d50c2e2880dcb75bddaff055c44e4d7de13c4e1a6292f70bdd9c53be421_None_USDT_0x55d398326f99059ff775485246999027b3197955,1640672731,1640672731,1,5.418272670032479e+20,541.8272670032479,541.8272670032479,0.000000,0.000000,0.800000,tx_agg_rolling_1800s_same_asset_group_or_route,Celer
BNB,bnb_flow_379fb8914c3944__synth_split_b,0x35e36d50c2e2880dcb75bddaff055c44e4d7de13c4e1a6292f70bdd9c53be421,0x88d448e2246f8ef53e175e6f7a8e1c6cf62f060a|0xdd90e5e87a2081dcf0391920868ebc2ffb81a1af,0x88d448e2246f8ef53e175e6f7a8e1c6cf62f060a,0x55d398326f99059ff775485246999027b3197955,USDT,stable:USDT,0x35e36d50c2e2880dcb75bddaff055c44e4d7de13c4e1a6292f70bdd9c53be421_None_USDT_0x55d398326f99059ff775485246999027b3197955,1640672731,1640672731,1,5.418272670032479e+20,541.8272670032479,541.8272670032479,0.000000,0.000000,0.800000,tx_agg_rolling_1800s_same_asset_group_or_route,Celer
BNB,bnb_flow_379fb8914c3944__synth_split_c,0x35e36d50c2e2880dcb75bddaff055c44e4d7de13c4e1a6292f70bdd9c53be421,0x88d448e2246f8ef53e175e6f7a8e1c6cf62f060a|0xdd90e5e87a2081dcf0391920868ebc2ffb81a1af,0x88d448e2246f8ef53e175e6f7a8e1c6cf62f060a,0x55d398326f99059ff775485246999027b3197955,USDT,stable:USDT,0x35e36d50c2e2880dcb75bddaff055c44e4d7de13c4e1a6292f70bdd9c53be421_None_USDT_0x55d398326f99059ff775485246999027b3197955,1640672731,1640672731,1,5.418272670032479e+20,541.8272670032479,541.8272670032479,0.000000,0.000000,0.800000,tx_agg_rolling_1800s_same_asset_group_or_route,Celer
BNB,bnb_flow_379fb8914c3944__synth_split_d,0x35e36d50c2e2880dcb75bddaff055c44e4d7de13c4e1a6292f70bdd9c53be421,0x88d448e2246f8ef53e175e6f7a8e1c6cf62f060a|0xdd90e5e87a2081dcf0391920868ebc2ffb81a1af,0x88d448e2246f8ef53e175e6f7a8e1c6cf62f060a,0x55d398326f99059ff775485246999027b3197955,USDT,stable:USDT,0x35e36d50c2e2880dcb75bddaff055c44e4d7de13c4e1a6292f70bdd9c53be421_None_USDT_0x55d398326f99059ff775485246999027b3197955,1640672731,1640672731,1,5.418272670032479e+20,541.8272670032479,541.8272670032479,0.000000,0.000000,0.800000,tx_agg_rolling_1800s_same_asset_group_or_route,Celer
BNB,bnb_flow_379fb8914c3944__synth_split_e,0x35e36d50c2e2880dcb75bddaff055c44e4d7de13c4e1a6292f70bdd9c53be421,0x88d448e2246f8ef53e175e6f7a8e1c6cf62f060a|0xdd90e5e87a2081dcf0391920868ebc2ffb81a1af,0x88d448e2246f8ef53e175e6f7a8e1c6cf62f060a,0x55d398326f99059ff775485246999027b3197955,USDT,stable:USDT,0x35e36d50c2e2880dcb75bddaff055c44e4d7de13c4e1a6292f70bdd9c53be421_None_USDT_0x55d398326f99059ff775485246999027b3197955,1640672731,1640672731,1,5.418272670032479e+20,541.8272670032479,541.8272670032479,0.000000,0.000000,0.800000,tx_agg_rolling_1800s_same_asset_group_or_route,Celer
BNB,bnb_flow_379fb8914c3944__synth_split_f,0x35e36d50c2e2880dcb75bddaff055c44e4d7de13c4e1a6292f70bdd9c53be421,0x88d448e2246f8ef53e175e6f7a8e1c6cf62f060a|0xdd90e5e87a2081dcf0391920868ebc2ffb81a1af,0x88d448e2246f8ef53e175e6f7a8e1c6cf62f060a,0x55d398326f99059ff775485246999027b3197955,USDT,stable:USDT,0x35e36d50c2e2880dcb75bddaff055c44e4d7de13c4e1a6292f70bdd9c53be421_None_USDT_0x55d398326f99059ff775485246999027b3197955,1640672731,1640672731,1,5.418272670032479e+20,541.8272670032479,541.8272670032479,0.000000,0.000000,0.800000,tx_agg_rolling_1800s_same_asset_group_or_route,Celer
BNB,bnb_flow_379fb8914c3944__synth_split_g,0x35e36d50c2e2880dcb75bddaff055c44e4d7de13c4e1a6292f70bdd9c53be421,0x88d448e2246f8ef53e175e6f7a8e1c6cf62f060a|0xdd90e5e87a2081dcf0391920868ebc2ffb81a1af,0x88d448e2246f8ef53e175e6f7a8e1c6cf62f060a,0x55d398326f99059ff775485246999027b3197955,USDT,stable:USDT,0x35e36d50c2e2880dcb75bddaff055c44e4d7de13c4e1a6292f70bdd9c53be421_None_USDT_0x55d398326f99059ff775485246999027b3197955,1640672731,1640672731,1,5.418272670032479e+20,541.8272670032479,541.8272670032479,0.000000,0.000000,0.800000,tx_agg_rolling_1800s_same_asset_group_or_route,Celer
BNB,bnb_flow_379fb8914c3944__synth_split_h,0x35e36d50c2e2880dcb75bddaff055c44e4d7de13c4e1a6292f70bdd9c53be421,0x88d448e2246f8ef53e175e6f7a8e1c6cf62f060a|0xdd90e5e87a2081dcf0391920868ebc2ffb81a1af,0x88d448e2246f8ef53e175e6f7a8e1c6cf62f060a,0x55d398326f99059ff775485246999027b3197955,USDT,stable:USDT,0x35e36d50c2e2880dcb75bddaff055c44e4d7de13c4e1a6292f70bdd9c53be421_None_USDT_0x55d398326f99059ff775485246999027b3197955,1640672731,1640672731,1,5.418272670032479e+20,541.8272670032479,541.8272670032479,0.000000,0.000000,0.800000,tx_agg_rolling_1800s_same_asset_group_or_route,Celer
BNB,bnb_flow_379fb8914c3944__synth_merge_dst,0x35e36d50c2e2880dcb75bddaff055c44e4d7de13c4e1a6292f70bdd9c53be421,0x88d448e2246f8ef53e175e6f7a8e1c6cf62f060a|0xdd90e5e87a2081dcf0391920868ebc2ffb81a1af,0x88d448e2246f8ef53e175e6f7a8e1c6cf62f060a,0x55d398326f99059ff775485246999027b3197955,USDT,stable:USDT,0x35e36d50c2e2880dcb75bddaff055c44e4d7de13c4e1a6292f70bdd9c53be421_None_USDT_0x55d398326f99059ff775485246999027b3197955,1640672731,1640672731,1,4.334618136025983e+21,4334.618136025983,4334.618136025983,0.000000,0.000000,0.800000,tx_agg_rolling_1800s_same_asset_group_or_route,Celer
BNB,bnb_flow_379fb8914c3944__synth_hidden_dst,0x35e36d50c2e2880dcb75bddaff055c44e4d7de13c4e1a6292f70bdd9c53be421,0x88d448e2246f8ef53e175e6f7a8e1c6cf62f060a|0xdd90e5e87a2081dcf0391920868ebc2ffb81a1af,0x88d448e2246f8ef53e175e6f7a8e1c6cf62f060a,0x55d398326f99059ff775485246999027b3197955,USDT,stable:USDT,0x35e36d50c2e2880dcb75bddaff055c44e4d7de13c4e1a6292f70bdd9c53be421_None_USDT_0x55d398326f99059ff775485246999027b3197955,1640672731,1640672731,1,4.334618136025983e+21,4334.618136025983,4334.618136025983,0.000000,0.000000,0.800000,tx_agg_rolling_1800s_same_asset_group_or_route,Celer
BNB,bnb_flow_379fb8914c3944__synth_noise_dst_0,0x35e36d50c2e2880dcb75bddaff055c44e4d7de13c4e1a6292f70bdd9c53be421,0x88d448e2246f8ef53e175e6f7a8e1c6cf62f060a|0xdd90e5e87a2081dcf0391920868ebc2ffb81a1af,0x88d448e2246f8ef53e175e6f7a8e1c6cf62f060a,0x55d398326f99059ff775485246999027b3197955,USDT,stable:USDT,0x35e36d50c2e2880dcb75bddaff055c44e4d7de13c4e1a6292f70bdd9c53be421_None_USDT_0x55d398326f99059ff775485246999027b3197955,1640672791,1640672791,1,4.334618136025983e+21,4334.618136025983,4334.618136025983,0.000000,0.000000,0.800000,tx_agg_rolling_1800s_same_asset_group_or_route,Celer
BNB,bnb_flow_379fb8914c3944__synth_noise_dst_1,0x35e36d50c2e2880dcb75bddaff055c44e4d7de13c4e1a6292f70bdd9c53be421,0x88d448e2246f8ef53e175e6f7a8e1c6cf62f060a|0xdd90e5e87a2081dcf0391920868ebc2ffb81a1af,0x88d448e2246f8ef53e175e6f7a8e1c6cf62f060a,0x55d398326f99059ff775485246999027b3197955,USDT,stable:USDT,0x35e36d50c2e2880dcb75bddaff055c44e4d7de13c4e1a6292f70bdd9c53be421_None_USDT_0x55d398326f99059ff775485246999027b3197955,1640672851,1640672851,1,4.334618136025983e+21,4334.618136025983,4334.618136025983,0.000000,0.000000,0.800000,tx_agg_rolling_1800s_same_asset_group_or_route,Celer
BNB,bnb_flow_83bcf94690ad4a__synth_split_a,0x33b632b87f77abd0b63affa3a5889b93ffba6412c41f9bf60f3be0e0206c2bd9,0xa0b514655cff17b7c20fd9963e0c72359ce39e60|0xdd90e5e87a2081dcf0391920868ebc2ffb81a1af,0xa0b514655cff17b7c20fd9963e0c72359ce39e60,0x55d398326f99059ff775485246999027b3197955,USDT,stable:USDT,0x33b632b87f77abd0b63affa3a5889b93ffba6412c41f9bf60f3be0e0206c2bd9_None_USDT_0x55d398326f99059ff775485246999027b3197955,1638745472,1638745472,1,1.4988236721106995e+21,1498.8236721106996,1498.8236721106996,0.000000,0.000000,0.800000,tx_agg_rolling_1800s_same_asset_group_or_route,Celer
BNB,bnb_flow_83bcf94690ad4a__synth_split_b,0x33b632b87f77abd0b63affa3a5889b93ffba6412c41f9bf60f3be0e0206c2bd9,0xa0b514655cff17b7c20fd9963e0c72359ce39e60|0xdd90e5e87a2081dcf0391920868ebc2ffb81a1af,0xa0b514655cff17b7c20fd9963e0c72359ce39e60,0x55d398326f99059ff775485246999027b3197955,USDT,stable:USDT,0x33b632b87f77abd0b63affa3a5889b93ffba6412c41f9bf60f3be0e0206c2bd9_None_USDT_0x55d398326f99059ff775485246999027b3197955,1638745472,1638745472,1,1.4988236721106995e+21,1498.8236721106996,1498.8236721106996,0.000000,0.000000,0.800000,tx_agg_rolling_1800s_same_asset_group_or_route,Celer
BNB,bnb_flow_83bcf94690ad4a__synth_merge_dst,0x33b632b87f77abd0b63affa3a5889b93ffba6412c41f9bf60f3be0e0206c2bd9,0xa0b514655cff17b7c20fd9963e0c72359ce39e60|0xdd90e5e87a2081dcf0391920868ebc2ffb81a1af,0xa0b514655cff17b7c20fd9963e0c72359ce39e60,0x55d398326f99059ff775485246999027b3197955,USDT,stable:USDT,0x33b632b87f77abd0b63affa3a5889b93ffba6412c41f9bf60f3be0e0206c2bd9_None_USDT_0x55d398326f99059ff775485246999027b3197955,1638745472,1638745472,1,2.997647344221399e+21,2997.647344221399,2997.647344221399,0.000000,0.000000,0.800000,tx_agg_rolling_1800s_same_asset_group_or_route,Celer
BNB,bnb_flow_83bcf94690ad4a__synth_hidden_dst,0x33b632b87f77abd0b63affa3a5889b93ffba6412c41f9bf60f3be0e0206c2bd9,0xa0b514655cff17b7c20fd9963e0c72359ce39e60|0xdd90e5e87a2081dcf0391920868ebc2ffb81a1af,0xa0b514655cff17b7c20fd9963e0c72359ce39e60,0x55d398326f99059ff775485246999027b3197955,USDT,stable:USDT,0x33b632b87f77abd0b63affa3a5889b93ffba6412c41f9bf60f3be0e0206c2bd9_None_USDT_0x55d398326f99059ff775485246999027b3197955,1638745472,1638745472,1,2.997647344221399e+21,2997.647344221399,2997.647344221399,0.000000,0.000000,0.800000,tx_agg_rolling_1800s_same_asset_group_or_route,Celer
BNB,bnb_flow_83bcf94690ad4a__synth_noise_dst_0,0x33b632b87f77abd0b63affa3a5889b93ffba6412c41f9bf60f3be0e0206c2bd9,0xa0b514655cff17b7c20fd9963e0c72359ce39e60|0xdd90e5e87a2081dcf0391920868ebc2ffb81a1af,0xa0b514655cff17b7c20fd9963e0c72359ce39e60,0x55d398326f99059ff775485246999027b3197955,USDT,stable:USDT,0x33b632b87f77abd0b63affa3a5889b93ffba6412c41f9bf60f3be0e0206c2bd9_None_USDT_0x55d398326f99059ff775485246999027b3197955,1638745532,1638745532,1,2.997647344221399e+21,2997.647344221399,2997.647344221399,0.000000,0.000000,0.800000,tx_agg_rolling_1800s_same_asset_group_or_route,Celer
BNB,bnb_flow_83bcf94690ad4a__synth_noise_dst_1,0x33b632b87f77abd0b63affa3a5889b93ffba6412c41f9bf60f3be0e0206c2bd9,0xa0b514655cff17b7c20fd9963e0c72359ce39e60|0xdd90e5e87a2081dcf0391920868ebc2ffb81a1af,0xa0b514655cff17b7c20fd9963e0c72359ce39e60,0x55d398326f99059ff775485246999027b3197955,USDT,stable:USDT,0x33b632b87f77abd0b63affa3a5889b93ffba6412c41f9bf60f3be0e0206c2bd9_None_USDT_0x55d398326f99059ff775485246999027b3197955,1638745592,1638745592,1,2.997647344221399e+21,2997.647344221399,2997.647344221399,0.000000,0.000000,0.800000,tx_agg_rolling_1800s_same_asset_group_or_route,Celer
BNB,bnb_flow_ec0f430b765243__synth_split_a,0xf3dcd5c579b088e6a2e61d0a91cd2d125886097db921fdb642941276bfac0b65,0x04981d37530ad1343a008ac7323484f099628055|0xdd90e5e87a2081dcf0391920868ebc2ffb81a1af,0x04981d37530ad1343a008ac7323484f099628055,0x8ac76a51cc950d9822d68b83fe1ad97b32cd580d,USDC,stable:USDC,0xf3dcd5c579b088e6a2e61d0a91cd2d125886097db921fdb642941276bfac0b65_None_USDC_0x8ac76a51cc950d9822d68b83fe1ad97b32cd580d,1640459894,1640459894,1,1.5322573877387256e+21,1532.257387738726,1532.257387738726,0.000000,0.000000,0.800000,tx_agg_rolling_1800s_same_asset_group_or_route,Celer
BNB,bnb_flow_ec0f430b765243__synth_split_b,0xf3dcd5c579b088e6a2e61d0a91cd2d125886097db921fdb642941276bfac0b65,0x04981d37530ad1343a008ac7323484f099628055|0xdd90e5e87a2081dcf0391920868ebc2ffb81a1af,0x04981d37530ad1343a008ac7323484f099628055,0x8ac76a51cc950d9822d68b83fe1ad97b32cd580d,USDC,stable:USDC,0xf3dcd5c579b088e6a2e61d0a91cd2d125886097db921fdb642941276bfac0b65_None_USDC_0x8ac76a51cc950d9822d68b83fe1ad97b32cd580d,1640459894,1640459894,1,1.5322573877387256e+21,1532.257387738726,1532.257387738726,0.000000,0.000000,0.800000,tx_agg_rolling_1800s_same_asset_group_or_route,Celer
BNB,bnb_flow_ec0f430b765243__synth_split_c,0xf3dcd5c579b088e6a2e61d0a91cd2d125886097db921fdb642941276bfac0b65,0x04981d37530ad1343a008ac7323484f099628055|0xdd90e5e87a2081dcf0391920868ebc2ffb81a1af,0x04981d37530ad1343a008ac7323484f099628055,0x8ac76a51cc950d9822d68b83fe1ad97b32cd580d,USDC,stable:USDC,0xf3dcd5c579b088e6a2e61d0a91cd2d125886097db921fdb642941276bfac0b65_None_USDC_0x8ac76a51cc950d9822d68b83fe1ad97b32cd580d,1640459894,1640459894,1,1.5322573877387256e+21,1532.257387738726,1532.257387738726,0.000000,0.000000,0.800000,tx_agg_rolling_1800s_same_asset_group_or_route,Celer
BNB,bnb_flow_ec0f430b765243__synth_merge_dst,0xf3dcd5c579b088e6a2e61d0a91cd2d125886097db921fdb642941276bfac0b65,0x04981d37530ad1343a008ac7323484f099628055|0xdd90e5e87a2081dcf0391920868ebc2ffb81a1af,0x04981d37530ad1343a008ac7323484f099628055,0x8ac76a51cc950d9822d68b83fe1ad97b32cd580d,USDC,stable:USDC,0xf3dcd5c579b088e6a2e61d0a91cd2d125886097db921fdb642941276bfac0b65_None_USDC_0x8ac76a51cc950d9822d68b83fe1ad97b32cd580d,1640459894,1640459894,1,4.5967721632161774e+21,4596.772163216178,4596.772163216178,0.000000,0.000000,0.800000,tx_agg_rolling_1800s_same_asset_group_or_route,Celer
BNB,bnb_flow_ec0f430b765243__synth_hidden_dst,0xf3dcd5c579b088e6a2e61d0a91cd2d125886097db921fdb642941276bfac0b65,0x04981d37530ad1343a008ac7323484f099628055|0xdd90e5e87a2081dcf0391920868ebc2ffb81a1af,0x04981d37530ad1343a008ac7323484f099628055,0x8ac76a51cc950d9822d68b83fe1ad97b32cd580d,USDC,stable:USDC,0xf3dcd5c579b088e6a2e61d0a91cd2d125886097db921fdb642941276bfac0b65_None_USDC_0x8ac76a51cc950d9822d68b83fe1ad97b32cd580d,1640459894,1640459894,1,4.5967721632161774e+21,4596.772163216178,4596.772163216178,0.000000,0.000000,0.800000,tx_agg_rolling_1800s_same_asset_group_or_route,Celer
BNB,bnb_flow_ec0f430b765243__synth_noise_dst_0,0xf3dcd5c579b088e6a2e61d0a91cd2d125886097db921fdb642941276bfac0b65,0x04981d37530ad1343a008ac7323484f099628055|0xdd90e5e87a2081dcf0391920868ebc2ffb81a1af,0x04981d37530ad1343a008ac7323484f099628055,0x8ac76a51cc950d9822d68b83fe1ad97b32cd580d,USDC,stable:USDC,0xf3dcd5c579b088e6a2e61d0a91cd2d125886097db921fdb642941276bfac0b65_None_USDC_0x8ac76a51cc950d9822d68b83fe1ad97b32cd580d,1640459954,1640459954,1,4.5967721632161774e+21,4596.772163216178,4596.772163216178,0.000000,0.000000,0.800000,tx_agg_rolling_1800s_same_asset_group_or_route,Celer
BNB,bnb_flow_ec0f430b765243__synth_noise_dst_1,0xf3dcd5c579b088e6a2e61d0a91cd2d125886097db921fdb642941276bfac0b65,0x04981d37530ad1343a008ac7323484f099628055|0xdd90e5e87a2081dcf0391920868ebc2ffb81a1af,0x04981d37530ad1343a008ac7323484f099628055,0x8ac76a51cc950d9822d68b83fe1ad97b32cd580d,USDC,stable:USDC,0xf3dcd5c579b088e6a2e61d0a91cd2d125886097db921fdb642941276bfac0b65_None_USDC_0x8ac76a51cc950d9822d68b83fe1ad97b32cd580d,1640460014,1640460014,1,4.5967721632161774e+21,4596.772163216178,4596.772163216178,0.000000,0.000000,0.800000,tx_agg_rolling_1800s_same_asset_group_or_route,Celer
BNB,bnb_flow_2bf091f987624c__synth_split_a,0xf7dd0efc63da1ae9e55cfd2db971662f71bc309eeeeb7e8c24ab7b5fb7df063f,0x5cff699da9b79b7ea415a888fb2b620cd36a279c|0xdd90e5e87a2081dcf0391920868ebc2ffb81a1af,0x5cff699da9b79b7ea415a888fb2b620cd36a279c,0x55d398326f99059ff775485246999027b3197955,USDT,stable:USDT,0xf7dd0efc63da1ae9e55cfd2db971662f71bc309eeeeb7e8c24ab7b5fb7df063f_None_USDT_0x55d398326f99059ff775485246999027b3197955,1639077587,1639077587,1,7.494717054527164e+20,749.4717054527164,749.4717054527164,0.000000,0.000000,0.800000,tx_agg_rolling_1800s_same_asset_group_or_route,Celer
BNB,bnb_flow_2bf091f987624c__synth_split_b,0xf7dd0efc63da1ae9e55cfd2db971662f71bc309eeeeb7e8c24ab7b5fb7df063f,0x5cff699da9b79b7ea415a888fb2b620cd36a279c|0xdd90e5e87a2081dcf0391920868ebc2ffb81a1af,0x5cff699da9b79b7ea415a888fb2b620cd36a279c,0x55d398326f99059ff775485246999027b3197955,USDT,stable:USDT,0xf7dd0efc63da1ae9e55cfd2db971662f71bc309eeeeb7e8c24ab7b5fb7df063f_None_USDT_0x55d398326f99059ff775485246999027b3197955,1639077587,1639077587,1,7.494717054527164e+20,749.4717054527164,749.4717054527164,0.000000,0.000000,0.800000,tx_agg_rolling_1800s_same_asset_group_or_route,Celer
BNB,bnb_flow_2bf091f987624c__synth_merge_dst,0xf7dd0efc63da1ae9e55cfd2db971662f71bc309eeeeb7e8c24ab7b5fb7df063f,0x5cff699da9b79b7ea415a888fb2b620cd36a279c|0xdd90e5e87a2081dcf0391920868ebc2ffb81a1af,0x5cff699da9b79b7ea415a888fb2b620cd36a279c,0x55d398326f99059ff775485246999027b3197955,USDT,stable:USDT,0xf7dd0efc63da1ae9e55cfd2db971662f71bc309eeeeb7e8c24ab7b5fb7df063f_None_USDT_0x55d398326f99059ff775485246999027b3197955,1639077587,1639077587,1,1.4989434109054327e+21,1498.9434109054328,1498.9434109054328,0.000000,0.000000,0.800000,tx_agg_rolling_1800s_same_asset_group_or_route,Celer
BNB,bnb_flow_2bf091f987624c__synth_hidden_dst,0xf7dd0efc63da1ae9e55cfd2db971662f71bc309eeeeb7e8c24ab7b5fb7df063f,0x5cff699da9b79b7ea415a888fb2b620cd36a279c|0xdd90e5e87a2081dcf0391920868ebc2ffb81a1af,0x5cff699da9b79b7ea415a888fb2b620cd36a279c,0x55d398326f99059ff775485246999027b3197955,USDT,stable:USDT,0xf7dd0efc63da1ae9e55cfd2db971662f71bc309eeeeb7e8c24ab7b5fb7df063f_None_USDT_0x55d398326f99059ff775485246999027b3197955,1639077587,1639077587,1,1.4989434109054327e+21,1498.9434109054328,1498.9434109054328,0.000000,0.000000,0.800000,tx_agg_rolling_1800s_same_asset_group_or_route,Celer
BNB,bnb_flow_2bf091f987624c__synth_noise_dst_0,0xf7dd0efc63da1ae9e55cfd2db971662f71bc309eeeeb7e8c24ab7b5fb7df063f,0x5cff699da9b79b7ea415a888fb2b620cd36a279c|0xdd90e5e87a2081dcf0391920868ebc2ffb81a1af,0x5cff699da9b79b7ea415a888fb2b620cd36a279c,0x55d398326f99059ff775485246999027b3197955,USDT,stable:USDT,0xf7dd0efc63da1ae9e55cfd2db971662f71bc309eeeeb7e8c24ab7b5fb7df063f_None_USDT_0x55d398326f99059ff775485246999027b3197955,1639077647,1639077647,1,1.4989434109054327e+21,1498.9434109054328,1498.9434109054328,0.000000,0.000000,0.800000,tx_agg_rolling_1800s_same_asset_group_or_route,Celer
BNB,bnb_flow_2bf091f987624c__synth_noise_dst_1,0xf7dd0efc63da1ae9e55cfd2db971662f71bc309eeeeb7e8c24ab7b5fb7df063f,0x5cff699da9b79b7ea415a888fb2b620cd36a279c|0xdd90e5e87a2081dcf0391920868ebc2ffb81a1af,0x5cff699da9b79b7ea415a888fb2b620cd36a279c,0x55d398326f99059ff775485246999027b3197955,USDT,stable:USDT,0xf7dd0efc63da1ae9e55cfd2db971662f71bc309eeeeb7e8c24ab7b5fb7df063f_None_USDT_0x55d398326f99059ff775485246999027b3197955,1639077707,1639077707,1,1.4989434109054327e+21,1498.9434109054328,1498.9434109054328,0.000000,0.000000,0.800000,tx_agg_rolling_1800s_same_asset_group_or_route,Celer
BNB,bnb_flow_1d464e570f234f__synth_split_a,0x441da06e281d8d749604fb343a987acf95eed4133da385868d2f573bebcc1b54,0x4e16dbce720362eb45ae5b35789876d72c005de0|0xdd90e5e87a2081dcf0391920868ebc2ffb81a1af,0x4e16dbce720362eb45ae5b35789876d72c005de0,0x55d398326f99059ff775485246999027b3197955,USDT,stable:USDT,0x441da06e281d8d749604fb343a987acf95eed4133da385868d2f573bebcc1b54_None_USDT_0x55d398326f99059ff775485246999027b3197955,1640561058,1640561058,1,2.87312747329523e+21,2873.12747329523,2873.12747329523,0.000000,0.000000,0.800000,tx_agg_rolling_1800s_same_asset_group_or_route,Celer
BNB,bnb_flow_1d464e570f234f__synth_split_b,0x441da06e281d8d749604fb343a987acf95eed4133da385868d2f573bebcc1b54,0x4e16dbce720362eb45ae5b35789876d72c005de0|0xdd90e5e87a2081dcf0391920868ebc2ffb81a1af,0x4e16dbce720362eb45ae5b35789876d72c005de0,0x55d398326f99059ff775485246999027b3197955,USDT,stable:USDT,0x441da06e281d8d749604fb343a987acf95eed4133da385868d2f573bebcc1b54_None_USDT_0x55d398326f99059ff775485246999027b3197955,1640561058,1640561058,1,2.87312747329523e+21,2873.12747329523,2873.12747329523,0.000000,0.000000,0.800000,tx_agg_rolling_1800s_same_asset_group_or_route,Celer
BNB,bnb_flow_1d464e570f234f__synth_merge_dst,0x441da06e281d8d749604fb343a987acf95eed4133da385868d2f573bebcc1b54,0x4e16dbce720362eb45ae5b35789876d72c005de0|0xdd90e5e87a2081dcf0391920868ebc2ffb81a1af,0x4e16dbce720362eb45ae5b35789876d72c005de0,0x55d398326f99059ff775485246999027b3197955,USDT,stable:USDT,0x441da06e281d8d749604fb343a987acf95eed4133da385868d2f573bebcc1b54_None_USDT_0x55d398326f99059ff775485246999027b3197955,1640561058,1640561058,1,5.74625494659046e+21,5746.25494659046,5746.25494659046,0.000000,0.000000,0.800000,tx_agg_rolling_1800s_same_asset_group_or_route,Celer
BNB,bnb_flow_1d464e570f234f__synth_hidden_dst,0x441da06e281d8d749604fb343a987acf95eed4133da385868d2f573bebcc1b54,0x4e16dbce720362eb45ae5b35789876d72c005de0|0xdd90e5e87a2081dcf0391920868ebc2ffb81a1af,0x4e16dbce720362eb45ae5b35789876d72c005de0,0x55d398326f99059ff775485246999027b3197955,USDT,stable:USDT,0x441da06e281d8d749604fb343a987acf95eed4133da385868d2f573bebcc1b54_None_USDT_0x55d398326f99059ff775485246999027b3197955,1640561058,1640561058,1,5.74625494659046e+21,5746.25494659046,5746.25494659046,0.000000,0.000000,0.800000,tx_agg_rolling_1800s_same_asset_group_or_route,Celer
BNB,bnb_flow_1d464e570f234f__synth_noise_dst_0,0x441da06e281d8d749604fb343a987acf95eed4133da385868d2f573bebcc1b54,0x4e16dbce720362eb45ae5b35789876d72c005de0|0xdd90e5e87a2081dcf0391920868ebc2ffb81a1af,0x4e16dbce720362eb45ae5b35789876d72c005de0,0x55d398326f99059ff775485246999027b3197955,USDT,stable:USDT,0x441da06e281d8d749604fb343a987acf95eed4133da385868d2f573bebcc1b54_None_USDT_0x55d398326f99059ff775485246999027b3197955,1640561118,1640561118,1,5.74625494659046e+21,5746.25494659046,5746.25494659046,0.000000,0.000000,0.800000,tx_agg_rolling_1800s_same_asset_group_or_route,Celer
BNB,bnb_flow_1d464e570f234f__synth_noise_dst_1,0x441da06e281d8d749604fb343a987acf95eed4133da385868d2f573bebcc1b54,0x4e16dbce720362eb45ae5b35789876d72c005de0|0xdd90e5e87a2081dcf0391920868ebc2ffb81a1af,0x4e16dbce720362eb45ae5b35789876d72c005de0,0x55d398326f99059ff775485246999027b3197955,USDT,stable:USDT,0x441da06e281d8d749604fb343a987acf95eed4133da385868d2f573bebcc1b54_None_USDT_0x55d398326f99059ff775485246999027b3197955,1640561178,1640561178,1,5.74625494659046e+21,5746.25494659046,5746.25494659046,0.000000,0.000000,0.800000,tx_agg_rolling_1800s_same_asset_group_or_route,Celer
BNB,bnb_flow_8bc6e19c7cef44__synth_split_a,0xbd9cd0f8777af1ca8ae8d1b41d9e26c1ec8178f223340452c050827af456d88c,0x0036d68ccab1677179cd7a5c8c8568dc7907eac8|0xdd90e5e87a2081dcf0391920868ebc2ffb81a1af,0x0036d68ccab1677179cd7a5c8c8568dc7907eac8,0x55d398326f99059ff775485246999027b3197955,USDT,stable:USDT,0xbd9cd0f8777af1ca8ae8d1b41d9e26c1ec8178f223340452c050827af456d88c_None_USDT_0x55d398326f99059ff775485246999027b3197955,1638816338,1638816338,1,6.350863975574102e+20,635.0863975574102,635.0863975574102,0.000000,0.000000,0.800000,tx_agg_rolling_1800s_same_asset_group_or_route,Celer
BNB,bnb_flow_8bc6e19c7cef44__synth_split_b,0xbd9cd0f8777af1ca8ae8d1b41d9e26c1ec8178f223340452c050827af456d88c,0x0036d68ccab1677179cd7a5c8c8568dc7907eac8|0xdd90e5e87a2081dcf0391920868ebc2ffb81a1af,0x0036d68ccab1677179cd7a5c8c8568dc7907eac8,0x55d398326f99059ff775485246999027b3197955,USDT,stable:USDT,0xbd9cd0f8777af1ca8ae8d1b41d9e26c1ec8178f223340452c050827af456d88c_None_USDT_0x55d398326f99059ff775485246999027b3197955,1638816338,1638816338,1,6.350863975574102e+20,635.0863975574102,635.0863975574102,0.000000,0.000000,0.800000,tx_agg_rolling_1800s_same_asset_group_or_route,Celer
BNB,bnb_flow_8bc6e19c7cef44__synth_split_c,0xbd9cd0f8777af1ca8ae8d1b41d9e26c1ec8178f223340452c050827af456d88c,0x0036d68ccab1677179cd7a5c8c8568dc7907eac8|0xdd90e5e87a2081dcf0391920868ebc2ffb81a1af,0x0036d68ccab1677179cd7a5c8c8568dc7907eac8,0x55d398326f99059ff775485246999027b3197955,USDT,stable:USDT,0xbd9cd0f8777af1ca8ae8d1b41d9e26c1ec8178f223340452c050827af456d88c_None_USDT_0x55d398326f99059ff775485246999027b3197955,1638816338,1638816338,1,6.350863975574102e+20,635.0863975574102,635.0863975574102,0.000000,0.000000,0.800000,tx_agg_rolling_1800s_same_asset_group_or_route,Celer
BNB,bnb_flow_8bc6e19c7cef44__synth_split_d,0xbd9cd0f8777af1ca8ae8d1b41d9e26c1ec8178f223340452c050827af456d88c,0x0036d68ccab1677179cd7a5c8c8568dc7907eac8|0xdd90e5e87a2081dcf0391920868ebc2ffb81a1af,0x0036d68ccab1677179cd7a5c8c8568dc7907eac8,0x55d398326f99059ff775485246999027b3197955,USDT,stable:USDT,0xbd9cd0f8777af1ca8ae8d1b41d9e26c1ec8178f223340452c050827af456d88c_None_USDT_0x55d398326f99059ff775485246999027b3197955,1638816338,1638816338,1,6.350863975574102e+20,635.0863975574102,635.0863975574102,0.000000,0.000000,0.800000,tx_agg_rolling_1800s_same_asset_group_or_route,Celer
BNB,bnb_flow_8bc6e19c7cef44__synth_split_e,0xbd9cd0f8777af1ca8ae8d1b41d9e26c1ec8178f223340452c050827af456d88c,0x0036d68ccab1677179cd7a5c8c8568dc7907eac8|0xdd90e5e87a2081dcf0391920868ebc2ffb81a1af,0x0036d68ccab1677179cd7a5c8c8568dc7907eac8,0x55d398326f99059ff775485246999027b3197955,USDT,stable:USDT,0xbd9cd0f8777af1ca8ae8d1b41d9e26c1ec8178f223340452c050827af456d88c_None_USDT_0x55d398326f99059ff775485246999027b3197955,1638816338,1638816338,1,6.350863975574102e+20,635.0863975574102,635.0863975574102,0.000000,0.000000,0.800000,tx_agg_rolling_1800s_same_asset_group_or_route,Celer
BNB,bnb_flow_8bc6e19c7cef44__synth_merge_dst,0xbd9cd0f8777af1ca8ae8d1b41d9e26c1ec8178f223340452c050827af456d88c,0x0036d68ccab1677179cd7a5c8c8568dc7907eac8|0xdd90e5e87a2081dcf0391920868ebc2ffb81a1af,0x0036d68ccab1677179cd7a5c8c8568dc7907eac8,0x55d398326f99059ff775485246999027b3197955,USDT,stable:USDT,0xbd9cd0f8777af1ca8ae8d1b41d9e26c1ec8178f223340452c050827af456d88c_None_USDT_0x55d398326f99059ff775485246999027b3197955,1638816338,1638816338,1,3.175431987787051e+21,3175.431987787051,3175.431987787051,0.000000,0.000000,0.800000,tx_agg_rolling_1800s_same_asset_group_or_route,Celer
BNB,bnb_flow_8bc6e19c7cef44__synth_hidden_dst,0xbd9cd0f8777af1ca8ae8d1b41d9e26c1ec8178f223340452c050827af456d88c,0x0036d68ccab1677179cd7a5c8c8568dc7907eac8|0xdd90e5e87a2081dcf0391920868ebc2ffb81a1af,0x0036d68ccab1677179cd7a5c8c8568dc7907eac8,0x55d398326f99059ff775485246999027b3197955,USDT,stable:USDT,0xbd9cd0f8777af1ca8ae8d1b41d9e26c1ec8178f223340452c050827af456d88c_None_USDT_0x55d398326f99059ff775485246999027b3197955,1638816338,1638816338,1,3.175431987787051e+21,3175.431987787051,3175.431987787051,0.000000,0.000000,0.800000,tx_agg_rolling_1800s_same_asset_group_or_route,Celer
BNB,bnb_flow_8bc6e19c7cef44__synth_noise_dst_0,0xbd9cd0f8777af1ca8ae8d1b41d9e26c1ec8178f223340452c050827af456d88c,0x0036d68ccab1677179cd7a5c8c8568dc7907eac8|0xdd90e5e87a2081dcf0391920868ebc2ffb81a1af,0x0036d68ccab1677179cd7a5c8c8568dc7907eac8,0x55d398326f99059ff775485246999027b3197955,USDT,stable:USDT,0xbd9cd0f8777af1ca8ae8d1b41d9e26c1ec8178f223340452c050827af456d88c_None_USDT_0x55d398326f99059ff775485246999027b3197955,1638816398,1638816398,1,3.175431987787051e+21,3175.431987787051,3175.431987787051,0.000000,0.000000,0.800000,tx_agg_rolling_1800s_same_asset_group_or_route,Celer
BNB,bnb_flow_8bc6e19c7cef44__synth_noise_dst_1,0xbd9cd0f8777af1ca8ae8d1b41d9e26c1ec8178f223340452c050827af456d88c,0x0036d68ccab1677179cd7a5c8c8568dc7907eac8|0xdd90e5e87a2081dcf0391920868ebc2ffb81a1af,0x0036d68ccab1677179cd7a5c8c8568dc7907eac8,0x55d398326f99059ff775485246999027b3197955,USDT,stable:USDT,0xbd9cd0f8777af1ca8ae8d1b41d9e26c1ec8178f223340452c050827af456d88c_None_USDT_0x55d398326f99059ff775485246999027b3197955,1638816458,1638816458,1,3.175431987787051e+21,3175.431987787051,3175.431987787051,0.000000,0.000000,0.800000,tx_agg_rolling_1800s_same_asset_group_or_route,Celer
BNB,bnb_flow_f6891486fcf94d__synth_split_a,0x0230b4835bc3115c779b07ae4b2f783306d5c5416e5d006ee895745014f6c962,0x79122f8d5ffc8c98703dfe124bd3bb69b8218497|0xdd90e5e87a2081dcf0391920868ebc2ffb81a1af,0x79122f8d5ffc8c98703dfe124bd3bb69b8218497,0x8ac76a51cc950d9822d68b83fe1ad97b32cd580d,USDC,stable:USDC,0x0230b4835bc3115c779b07ae4b2f783306d5c5416e5d006ee895745014f6c962_None_USDC_0x8ac76a51cc950d9822d68b83fe1ad97b32cd580d,1640832241,1640832241,1,4.710473342624879e+20,471.04733426248805,471.04733426248805,0.000000,0.000000,0.800000,tx_agg_rolling_1800s_same_asset_group_or_route,Celer
BNB,bnb_flow_f6891486fcf94d__synth_split_b,0x0230b4835bc3115c779b07ae4b2f783306d5c5416e5d006ee895745014f6c962,0x79122f8d5ffc8c98703dfe124bd3bb69b8218497|0xdd90e5e87a2081dcf0391920868ebc2ffb81a1af,0x79122f8d5ffc8c98703dfe124bd3bb69b8218497,0x8ac76a51cc950d9822d68b83fe1ad97b32cd580d,USDC,stable:USDC,0x0230b4835bc3115c779b07ae4b2f783306d5c5416e5d006ee895745014f6c962_None_USDC_0x8ac76a51cc950d9822d68b83fe1ad97b32cd580d,1640832241,1640832241,1,4.710473342624879e+20,471.04733426248805,471.04733426248805,0.000000,0.000000,0.800000,tx_agg_rolling_1800s_same_asset_group_or_route,Celer
BNB,bnb_flow_f6891486fcf94d__synth_split_c,0x0230b4835bc3115c779b07ae4b2f783306d5c5416e5d006ee895745014f6c962,0x79122f8d5ffc8c98703dfe124bd3bb69b8218497|0xdd90e5e87a2081dcf0391920868ebc2ffb81a1af,0x79122f8d5ffc8c98703dfe124bd3bb69b8218497,0x8ac76a51cc950d9822d68b83fe1ad97b32cd580d,USDC,stable:USDC,0x0230b4835bc3115c779b07ae4b2f783306d5c5416e5d006ee895745014f6c962_None_USDC_0x8ac76a51cc950d9822d68b83fe1ad97b32cd580d,1640832241,1640832241,1,4.710473342624879e+20,471.04733426248805,471.04733426248805,0.000000,0.000000,0.800000,tx_agg_rolling_1800s_same_asset_group_or_route,Celer
BNB,bnb_flow_f6891486fcf94d__synth_split_d,0x0230b4835bc3115c779b07ae4b2f783306d5c5416e5d006ee895745014f6c962,0x79122f8d5ffc8c98703dfe124bd3bb69b8218497|0xdd90e5e87a2081dcf0391920868ebc2ffb81a1af,0x79122f8d5ffc8c98703dfe124bd3bb69b8218497,0x8ac76a51cc950d9822d68b83fe1ad97b32cd580d,USDC,stable:USDC,0x0230b4835bc3115c779b07ae4b2f783306d5c5416e5d006ee895745014f6c962_None_USDC_0x8ac76a51cc950d9822d68b83fe1ad97b32cd580d,1640832241,1640832241,1,4.710473342624879e+20,471.04733426248805,471.04733426248805,0.000000,0.000000,0.800000,tx_agg_rolling_1800s_same_asset_group_or_route,Celer
BNB,bnb_flow_f6891486fcf94d__synth_split_e,0x0230b4835bc3115c779b07ae4b2f783306d5c5416e5d006ee895745014f6c962,0x79122f8d5ffc8c98703dfe124bd3bb69b8218497|0xdd90e5e87a2081dcf0391920868ebc2ffb81a1af,0x79122f8d5ffc8c98703dfe124bd3bb69b8218497,0x8ac76a51cc950d9822d68b83fe1ad97b32cd580d,USDC,stable:USDC,0x0230b4835bc3115c779b07ae4b2f783306d5c5416e5d006ee895745014f6c962_None_USDC_0x8ac76a51cc950d9822d68b83fe1ad97b32cd580d,1640832241,1640832241,1,4.710473342624879e+20,471.04733426248805,471.04733426248805,0.000000,0.000000,0.800000,tx_agg_rolling_1800s_same_asset_group_or_route,Celer
BNB,bnb_flow_f6891486fcf94d__synth_merge_dst,0x0230b4835bc3115c779b07ae4b2f783306d5c5416e5d006ee895745014f6c962,0x79122f8d5ffc8c98703dfe124bd3bb69b8218497|0xdd90e5e87a2081dcf0391920868ebc2ffb81a1af,0x79122f8d5ffc8c98703dfe124bd3bb69b8218497,0x8ac76a51cc950d9822d68b83fe1ad97b32cd580d,USDC,stable:USDC,0x0230b4835bc3115c779b07ae4b2f783306d5c5416e5d006ee895745014f6c962_None_USDC_0x8ac76a51cc950d9822d68b83fe1ad97b32cd580d,1640832241,1640832241,1,2.3552366713124395e+21,2355.23667131244,2355.23667131244,0.000000,0.000000,0.800000,tx_agg_rolling_1800s_same_asset_group_or_route,Celer
BNB,bnb_flow_f6891486fcf94d__synth_hidden_dst,0x0230b4835bc3115c779b07ae4b2f783306d5c5416e5d006ee895745014f6c962,0x79122f8d5ffc8c98703dfe124bd3bb69b8218497|0xdd90e5e87a2081dcf0391920868ebc2ffb81a1af,0x79122f8d5ffc8c98703dfe124bd3bb69b8218497,0x8ac76a51cc950d9822d68b83fe1ad97b32cd580d,USDC,stable:USDC,0x0230b4835bc3115c779b07ae4b2f783306d5c5416e5d006ee895745014f6c962_None_USDC_0x8ac76a51cc950d9822d68b83fe1ad97b32cd580d,1640832241,1640832241,1,2.3552366713124395e+21,2355.23667131244,2355.23667131244,0.000000,0.000000,0.800000,tx_agg_rolling_1800s_same_asset_group_or_route,Celer
BNB,bnb_flow_f6891486fcf94d__synth_noise_dst_0,0x0230b4835bc3115c779b07ae4b2f783306d5c5416e5d006ee895745014f6c962,0x79122f8d5ffc8c98703dfe124bd3bb69b8218497|0xdd90e5e87a2081dcf0391920868ebc2ffb81a1af,0x79122f8d5ffc8c98703dfe124bd3bb69b8218497,0x8ac76a51cc950d9822d68b83fe1ad97b32cd580d,USDC,stable:USDC,0x0230b4835bc3115c779b07ae4b2f783306d5c5416e5d006ee895745014f6c962_None_USDC_0x8ac76a51cc950d9822d68b83fe1ad97b32cd580d,1640832301,1640832301,1,2.3552366713124395e+21,2355.23667131244,2355.23667131244,0.000000,0.000000,0.800000,tx_agg_rolling_1800s_same_asset_group_or_route,Celer
BNB,bnb_flow_f6891486fcf94d__synth_noise_dst_1,0x0230b4835bc3115c779b07ae4b2f783306d5c5416e5d006ee895745014f6c962,0x79122f8d5ffc8c98703dfe124bd3bb69b8218497|0xdd90e5e87a2081dcf0391920868ebc2ffb81a1af,0x79122f8d5ffc8c98703dfe124bd3bb69b8218497,0x8ac76a51cc950d9822d68b83fe1ad97b32cd580d,USDC,stable:USDC,0x0230b4835bc3115c779b07ae4b2f783306d5c5416e5d006ee895745014f6c962_None_USDC_0x8ac76a51cc950d9822d68b83fe1ad97b32cd580d,1640832361,1640832361,1,2.3552366713124395e+21,2355.23667131244,2355.23667131244,0.000000,0.000000,0.800000,tx_agg_rolling_1800s_same_asset_group_or_route,Celer
BNB,bnb_flow_b846d9181f6e43__synth_split_a,0x28f97f96d2075c9622cab0314f49f9a83455e6b96070c007436618f9a1a21acb,0x0000000000000000000000000000000000000000|0x063366f0f022871891e83ddf2f5a8931703b46a1,0x063366f0f022871891e83ddf2f5a8931703b46a1,0x1d1cb8997570e73949930c01fe5796c88d7336c6,PBR,token:PBR,0x28f97f96d2075c9622cab0314f49f9a83455e6b96070c007436618f9a1a21acb_None_PBR_0x1d1cb8997570e73949930c01fe5796c88d7336c6,1665934145,1665934145,1,1.3165170923822504e+21,1316.5170923822504,1316.5170923822504,0.000000,0.000000,0.800000,tx_agg_rolling_1800s_same_asset_group_or_route,Celer
BNB,bnb_flow_b846d9181f6e43__synth_split_b,0x28f97f96d2075c9622cab0314f49f9a83455e6b96070c007436618f9a1a21acb,0x0000000000000000000000000000000000000000|0x063366f0f022871891e83ddf2f5a8931703b46a1,0x063366f0f022871891e83ddf2f5a8931703b46a1,0x1d1cb8997570e73949930c01fe5796c88d7336c6,PBR,token:PBR,0x28f97f96d2075c9622cab0314f49f9a83455e6b96070c007436618f9a1a21acb_None_PBR_0x1d1cb8997570e73949930c01fe5796c88d7336c6,1665934145,1665934145,1,1.3165170923822504e+21,1316.5170923822504,1316.5170923822504,0.000000,0.000000,0.800000,tx_agg_rolling_1800s_same_asset_group_or_route,Celer
BNB,bnb_flow_b846d9181f6e43__synth_merge_dst,0x28f97f96d2075c9622cab0314f49f9a83455e6b96070c007436618f9a1a21acb,0x0000000000000000000000000000000000000000|0x063366f0f022871891e83ddf2f5a8931703b46a1,0x063366f0f022871891e83ddf2f5a8931703b46a1,0x1d1cb8997570e73949930c01fe5796c88d7336c6,PBR,token:PBR,0x28f97f96d2075c9622cab0314f49f9a83455e6b96070c007436618f9a1a21acb_None_PBR_0x1d1cb8997570e73949930c01fe5796c88d7336c6,1665934145,1665934145,1,2.633034184764501e+21,2633.034184764501,2633.034184764501,0.000000,0.000000,0.800000,tx_agg_rolling_1800s_same_asset_group_or_route,Celer
BNB,bnb_flow_b846d9181f6e43__synth_hidden_dst,0x28f97f96d2075c9622cab0314f49f9a83455e6b96070c007436618f9a1a21acb,0x0000000000000000000000000000000000000000|0x063366f0f022871891e83ddf2f5a8931703b46a1,0x063366f0f022871891e83ddf2f5a8931703b46a1,0x1d1cb8997570e73949930c01fe5796c88d7336c6,PBR,token:PBR,0x28f97f96d2075c9622cab0314f49f9a83455e6b96070c007436618f9a1a21acb_None_PBR_0x1d1cb8997570e73949930c01fe5796c88d7336c6,1665934145,1665934145,1,2.633034184764501e+21,2633.034184764501,2633.034184764501,0.000000,0.000000,0.800000,tx_agg_rolling_1800s_same_asset_group_or_route,Celer
BNB,bnb_flow_b846d9181f6e43__synth_noise_dst_0,0x28f97f96d2075c9622cab0314f49f9a83455e6b96070c007436618f9a1a21acb,0x0000000000000000000000000000000000000000|0x063366f0f022871891e83ddf2f5a8931703b46a1,0x063366f0f022871891e83ddf2f5a8931703b46a1,0x1d1cb8997570e73949930c01fe5796c88d7336c6,PBR,token:PBR,0x28f97f96d2075c9622cab0314f49f9a83455e6b96070c007436618f9a1a21acb_None_PBR_0x1d1cb8997570e73949930c01fe5796c88d7336c6,1665934205,1665934205,1,2.633034184764501e+21,2633.034184764501,2633.034184764501,0.000000,0.000000,0.800000,tx_agg_rolling_1800s_same_asset_group_or_route,Celer
BNB,bnb_flow_b846d9181f6e43__synth_noise_dst_1,0x28f97f96d2075c9622cab0314f49f9a83455e6b96070c007436618f9a1a21acb,0x0000000000000000000000000000000000000000|0x063366f0f022871891e83ddf2f5a8931703b46a1,0x063366f0f022871891e83ddf2f5a8931703b46a1,0x1d1cb8997570e73949930c01fe5796c88d7336c6,PBR,token:PBR,0x28f97f96d2075c9622cab0314f49f9a83455e6b96070c007436618f9a1a21acb_None_PBR_0x1d1cb8997570e73949930c01fe5796c88d7336c6,1665934265,1665934265,1,2.633034184764501e+21,2633.034184764501,2633.034184764501,0.000000,0.000000,0.800000,tx_agg_rolling_1800s_same_asset_group_or_route,Celer
BNB,bnb_flow_97a7efa3e70a46__synth_split_a,0x59f14286228c65f0fe37fa2d7b21fc1553f6eeacf5633df9078494b01d00b222,0x0000000000000000000000000000000000000000|0x217e4af3bad04cc4d0463df3cfdff9ce7a028925,0x217e4af3bad04cc4d0463df3cfdff9ce7a028925,0xbbca42c60b5290f2c48871a596492f93ff0ddc82,DOMI,token:DOMI,0x59f14286228c65f0fe37fa2d7b21fc1553f6eeacf5633df9078494b01d00b222_None_DOMI_0xbbca42c60b5290f2c48871a596492f93ff0ddc82,1640709427,1640709427,1,1.0584240397680336e+22,10584.240397680336,10584.240397680336,0.000000,0.000000,0.800000,tx_agg_rolling_1800s_same_asset_group_or_route,Celer
BNB,bnb_flow_97a7efa3e70a46__synth_split_b,0x59f14286228c65f0fe37fa2d7b21fc1553f6eeacf5633df9078494b01d00b222,0x0000000000000000000000000000000000000000|0x217e4af3bad04cc4d0463df3cfdff9ce7a028925,0x217e4af3bad04cc4d0463df3cfdff9ce7a028925,0xbbca42c60b5290f2c48871a596492f93ff0ddc82,DOMI,token:DOMI,0x59f14286228c65f0fe37fa2d7b21fc1553f6eeacf5633df9078494b01d00b222_None_DOMI_0xbbca42c60b5290f2c48871a596492f93ff0ddc82,1640709427,1640709427,1,1.0584240397680336e+22,10584.240397680336,10584.240397680336,0.000000,0.000000,0.800000,tx_agg_rolling_1800s_same_asset_group_or_route,Celer
BNB,bnb_flow_97a7efa3e70a46__synth_split_c,0x59f14286228c65f0fe37fa2d7b21fc1553f6eeacf5633df9078494b01d00b222,0x0000000000000000000000000000000000000000|0x217e4af3bad04cc4d0463df3cfdff9ce7a028925,0x217e4af3bad04cc4d0463df3cfdff9ce7a028925,0xbbca42c60b5290f2c48871a596492f93ff0ddc82,DOMI,token:DOMI,0x59f14286228c65f0fe37fa2d7b21fc1553f6eeacf5633df9078494b01d00b222_None_DOMI_0xbbca42c60b5290f2c48871a596492f93ff0ddc82,1640709427,1640709427,1,1.0584240397680336e+22,10584.240397680336,10584.240397680336,0.000000,0.000000,0.800000,tx_agg_rolling_1800s_same_asset_group_or_route,Celer
BNB,bnb_flow_97a7efa3e70a46__synth_merge_dst,0x59f14286228c65f0fe37fa2d7b21fc1553f6eeacf5633df9078494b01d00b222,0x0000000000000000000000000000000000000000|0x217e4af3bad04cc4d0463df3cfdff9ce7a028925,0x217e4af3bad04cc4d0463df3cfdff9ce7a028925,0xbbca42c60b5290f2c48871a596492f93ff0ddc82,DOMI,token:DOMI,0x59f14286228c65f0fe37fa2d7b21fc1553f6eeacf5633df9078494b01d00b222_None_DOMI_0xbbca42c60b5290f2c48871a596492f93ff0ddc82,1640709427,1640709427,1,3.175272119304101e+22,31752.72119304101,31752.72119304101,0.000000,0.000000,0.800000,tx_agg_rolling_1800s_same_asset_group_or_route,Celer
BNB,bnb_flow_97a7efa3e70a46__synth_hidden_dst,0x59f14286228c65f0fe37fa2d7b21fc1553f6eeacf5633df9078494b01d00b222,0x0000000000000000000000000000000000000000|0x217e4af3bad04cc4d0463df3cfdff9ce7a028925,0x217e4af3bad04cc4d0463df3cfdff9ce7a028925,0xbbca42c60b5290f2c48871a596492f93ff0ddc82,DOMI,token:DOMI,0x59f14286228c65f0fe37fa2d7b21fc1553f6eeacf5633df9078494b01d00b222_None_DOMI_0xbbca42c60b5290f2c48871a596492f93ff0ddc82,1640709427,1640709427,1,3.175272119304101e+22,31752.72119304101,31752.72119304101,0.000000,0.000000,0.800000,tx_agg_rolling_1800s_same_asset_group_or_route,Celer
BNB,bnb_flow_97a7efa3e70a46__synth_noise_dst_0,0x59f14286228c65f0fe37fa2d7b21fc1553f6eeacf5633df9078494b01d00b222,0x0000000000000000000000000000000000000000|0x217e4af3bad04cc4d0463df3cfdff9ce7a028925,0x217e4af3bad04cc4d0463df3cfdff9ce7a028925,0xbbca42c60b5290f2c48871a596492f93ff0ddc82,DOMI,token:DOMI,0x59f14286228c65f0fe37fa2d7b21fc1553f6eeacf5633df9078494b01d00b222_None_DOMI_0xbbca42c60b5290f2c48871a596492f93ff0ddc82,1640709487,1640709487,1,3.175272119304101e+22,31752.72119304101,31752.72119304101,0.000000,0.000000,0.800000,tx_agg_rolling_1800s_same_asset_group_or_route,Celer
BNB,bnb_flow_97a7efa3e70a46__synth_noise_dst_1,0x59f14286228c65f0fe37fa2d7b21fc1553f6eeacf5633df9078494b01d00b222,0x0000000000000000000000000000000000000000|0x217e4af3bad04cc4d0463df3cfdff9ce7a028925,0x217e4af3bad04cc4d0463df3cfdff9ce7a028925,0xbbca42c60b5290f2c48871a596492f93ff0ddc82,DOMI,token:DOMI,0x59f14286228c65f0fe37fa2d7b21fc1553f6eeacf5633df9078494b01d00b222_None_DOMI_0xbbca42c60b5290f2c48871a596492f93ff0ddc82,1640709547,1640709547,1,3.175272119304101e+22,31752.72119304101,31752.72119304101,0.000000,0.000000,0.800000,tx_agg_rolling_1800s_same_asset_group_or_route,Celer
BNB,bnb_flow_0bc314a24dc94c__synth_split_a,0xd2883233e8e7cb1b22cc0e5563940306166c8ddf9f1a0b3bd4d165c6a817a5df,0xa2e97c3b1a1b7a385a60fcc9491a5d16ae09674a|0xdd90e5e87a2081dcf0391920868ebc2ffb81a1af,0xa2e97c3b1a1b7a385a60fcc9491a5d16ae09674a,0x55d398326f99059ff775485246999027b3197955,USDT,stable:USDT,0xd2883233e8e7cb1b22cc0e5563940306166c8ddf9f1a0b3bd4d165c6a817a5df_None_USDT_0x55d398326f99059ff775485246999027b3197955,1639138620,1639138620,1,2.1590547588150146e+22,21590.547588150144,21590.547588150144,0.000000,0.000000,0.800000,tx_agg_rolling_1800s_same_asset_group_or_route,Celer
BNB,bnb_flow_0bc314a24dc94c__synth_split_b,0xd2883233e8e7cb1b22cc0e5563940306166c8ddf9f1a0b3bd4d165c6a817a5df,0xa2e97c3b1a1b7a385a60fcc9491a5d16ae09674a|0xdd90e5e87a2081dcf0391920868ebc2ffb81a1af,0xa2e97c3b1a1b7a385a60fcc9491a5d16ae09674a,0x55d398326f99059ff775485246999027b3197955,USDT,stable:USDT,0xd2883233e8e7cb1b22cc0e5563940306166c8ddf9f1a0b3bd4d165c6a817a5df_None_USDT_0x55d398326f99059ff775485246999027b3197955,1639138620,1639138620,1,2.1590547588150146e+22,21590.547588150144,21590.547588150144,0.000000,0.000000,0.800000,tx_agg_rolling_1800s_same_asset_group_or_route,Celer
BNB,bnb_flow_0bc314a24dc94c__synth_merge_dst,0xd2883233e8e7cb1b22cc0e5563940306166c8ddf9f1a0b3bd4d165c6a817a5df,0xa2e97c3b1a1b7a385a60fcc9491a5d16ae09674a|0xdd90e5e87a2081dcf0391920868ebc2ffb81a1af,0xa2e97c3b1a1b7a385a60fcc9491a5d16ae09674a,0x55d398326f99059ff775485246999027b3197955,USDT,stable:USDT,0xd2883233e8e7cb1b22cc0e5563940306166c8ddf9f1a0b3bd4d165c6a817a5df_None_USDT_0x55d398326f99059ff775485246999027b3197955,1639138620,1639138620,1,4.318109517630029e+22,43181.09517630029,43181.09517630029,0.000000,0.000000,0.800000,tx_agg_rolling_1800s_same_asset_group_or_route,Celer
BNB,bnb_flow_0bc314a24dc94c__synth_hidden_dst,0xd2883233e8e7cb1b22cc0e5563940306166c8ddf9f1a0b3bd4d165c6a817a5df,0xa2e97c3b1a1b7a385a60fcc9491a5d16ae09674a|0xdd90e5e87a2081dcf0391920868ebc2ffb81a1af,0xa2e97c3b1a1b7a385a60fcc9491a5d16ae09674a,0x55d398326f99059ff775485246999027b3197955,USDT,stable:USDT,0xd2883233e8e7cb1b22cc0e5563940306166c8ddf9f1a0b3bd4d165c6a817a5df_None_USDT_0x55d398326f99059ff775485246999027b3197955,1639138620,1639138620,1,4.318109517630029e+22,43181.09517630029,43181.09517630029,0.000000,0.000000,0.800000,tx_agg_rolling_1800s_same_asset_group_or_route,Celer
BNB,bnb_flow_0bc314a24dc94c__synth_noise_dst_0,0xd2883233e8e7cb1b22cc0e5563940306166c8ddf9f1a0b3bd4d165c6a817a5df,0xa2e97c3b1a1b7a385a60fcc9491a5d16ae09674a|0xdd90e5e87a2081dcf0391920868ebc2ffb81a1af,0xa2e97c3b1a1b7a385a60fcc9491a5d16ae09674a,0x55d398326f99059ff775485246999027b3197955,USDT,stable:USDT,0xd2883233e8e7cb1b22cc0e5563940306166c8ddf9f1a0b3bd4d165c6a817a5df_None_USDT_0x55d398326f99059ff775485246999027b3197955,1639138680,1639138680,1,4.318109517630029e+22,43181.09517630029,43181.09517630029,0.000000,0.000000,0.800000,tx_agg_rolling_1800s_same_asset_group_or_route,Celer
BNB,bnb_flow_0bc314a24dc94c__synth_noise_dst_1,0xd2883233e8e7cb1b22cc0e5563940306166c8ddf9f1a0b3bd4d165c6a817a5df,0xa2e97c3b1a1b7a385a60fcc9491a5d16ae09674a|0xdd90e5e87a2081dcf0391920868ebc2ffb81a1af,0xa2e97c3b1a1b7a385a60fcc9491a5d16ae09674a,0x55d398326f99059ff775485246999027b3197955,USDT,stable:USDT,0xd2883233e8e7cb1b22cc0e5563940306166c8ddf9f1a0b3bd4d165c6a817a5df_None_USDT_0x55d398326f99059ff775485246999027b3197955,1639138740,1639138740,1,4.318109517630029e+22,43181.09517630029,43181.09517630029,0.000000,0.000000,0.800000,tx_agg_rolling_1800s_same_asset_group_or_route,Celer
BNB,bnb_flow_5061540dca9c44__synth_split_a,0x0b680d286ce43c5cdcfdb6a6ccbd9d1bb7cd17f8be3ad7bd8924b1ebb3fc1f71,0x5c44983e5ce09e118e6a55086f49bf8514c9f406|0xdd90e5e87a2081dcf0391920868ebc2ffb81a1af,0x5c44983e5ce09e118e6a55086f49bf8514c9f406,0x8ac76a51cc950d9822d68b83fe1ad97b32cd580d,USDC,stable:USDC,0x0b680d286ce43c5cdcfdb6a6ccbd9d1bb7cd17f8be3ad7bd8924b1ebb3fc1f71_None_USDC_0x8ac76a51cc950d9822d68b83fe1ad97b32cd580d,1640934705,1640934705,1,6.832300270287334e+21,6832.300270287334,6832.300270287334,0.000000,0.000000,0.800000,tx_agg_rolling_1800s_same_asset_group_or_route,Celer
BNB,bnb_flow_5061540dca9c44__synth_split_b,0x0b680d286ce43c5cdcfdb6a6ccbd9d1bb7cd17f8be3ad7bd8924b1ebb3fc1f71,0x5c44983e5ce09e118e6a55086f49bf8514c9f406|0xdd90e5e87a2081dcf0391920868ebc2ffb81a1af,0x5c44983e5ce09e118e6a55086f49bf8514c9f406,0x8ac76a51cc950d9822d68b83fe1ad97b32cd580d,USDC,stable:USDC,0x0b680d286ce43c5cdcfdb6a6ccbd9d1bb7cd17f8be3ad7bd8924b1ebb3fc1f71_None_USDC_0x8ac76a51cc950d9822d68b83fe1ad97b32cd580d,1640934705,1640934705,1,6.832300270287334e+21,6832.300270287334,6832.300270287334,0.000000,0.000000,0.800000,tx_agg_rolling_1800s_same_asset_group_or_route,Celer
BNB,bnb_flow_5061540dca9c44__synth_merge_dst,0x0b680d286ce43c5cdcfdb6a6ccbd9d1bb7cd17f8be3ad7bd8924b1ebb3fc1f71,0x5c44983e5ce09e118e6a55086f49bf8514c9f406|0xdd90e5e87a2081dcf0391920868ebc2ffb81a1af,0x5c44983e5ce09e118e6a55086f49bf8514c9f406,0x8ac76a51cc950d9822d68b83fe1ad97b32cd580d,USDC,stable:USDC,0x0b680d286ce43c5cdcfdb6a6ccbd9d1bb7cd17f8be3ad7bd8924b1ebb3fc1f71_None_USDC_0x8ac76a51cc950d9822d68b83fe1ad97b32cd580d,1640934705,1640934705,1,1.3664600540574667e+22,13664.600540574667,13664.600540574667,0.000000,0.000000,0.800000,tx_agg_rolling_1800s_same_asset_group_or_route,Celer
BNB,bnb_flow_5061540dca9c44__synth_hidden_dst,0x0b680d286ce43c5cdcfdb6a6ccbd9d1bb7cd17f8be3ad7bd8924b1ebb3fc1f71,0x5c44983e5ce09e118e6a55086f49bf8514c9f406|0xdd90e5e87a2081dcf0391920868ebc2ffb81a1af,0x5c44983e5ce09e118e6a55086f49bf8514c9f406,0x8ac76a51cc950d9822d68b83fe1ad97b32cd580d,USDC,stable:USDC,0x0b680d286ce43c5cdcfdb6a6ccbd9d1bb7cd17f8be3ad7bd8924b1ebb3fc1f71_None_USDC_0x8ac76a51cc950d9822d68b83fe1ad97b32cd580d,1640934705,1640934705,1,1.3664600540574667e+22,13664.600540574667,13664.600540574667,0.000000,0.000000,0.800000,tx_agg_rolling_1800s_same_asset_group_or_route,Celer
BNB,bnb_flow_5061540dca9c44__synth_noise_dst_0,0x0b680d286ce43c5cdcfdb6a6ccbd9d1bb7cd17f8be3ad7bd8924b1ebb3fc1f71,0x5c44983e5ce09e118e6a55086f49bf8514c9f406|0xdd90e5e87a2081dcf0391920868ebc2ffb81a1af,0x5c44983e5ce09e118e6a55086f49bf8514c9f406,0x8ac76a51cc950d9822d68b83fe1ad97b32cd580d,USDC,stable:USDC,0x0b680d286ce43c5cdcfdb6a6ccbd9d1bb7cd17f8be3ad7bd8924b1ebb3fc1f71_None_USDC_0x8ac76a51cc950d9822d68b83fe1ad97b32cd580d,1640934765,1640934765,1,1.3664600540574667e+22,13664.600540574667,13664.600540574667,0.000000,0.000000,0.800000,tx_agg_rolling_1800s_same_asset_group_or_route,Celer
BNB,bnb_flow_5061540dca9c44__synth_noise_dst_1,0x0b680d286ce43c5cdcfdb6a6ccbd9d1bb7cd17f8be3ad7bd8924b1ebb3fc1f71,0x5c44983e5ce09e118e6a55086f49bf8514c9f406|0xdd90e5e87a2081dcf0391920868ebc2ffb81a1af,0x5c44983e5ce09e118e6a55086f49bf8514c9f406,0x8ac76a51cc950d9822d68b83fe1ad97b32cd580d,USDC,stable:USDC,0x0b680d286ce43c5cdcfdb6a6ccbd9d1bb7cd17f8be3ad7bd8924b1ebb3fc1f71_None_USDC_0x8ac76a51cc950d9822d68b83fe1ad97b32cd580d,1640934825,1640934825,1,1.3664600540574667e+22,13664.600540574667,13664.600540574667,0.000000,0.000000,0.800000,tx_agg_rolling_1800s_same_asset_group_or_route,Celer
BNB,bnb_flow_1e78b055246149__synth_split_a,0x5aed06d43b7f7a1861e951028b1330f8c823f2079550a646c463ff4ef639568e,0x74bc516d929c5a90f2749c0bbe1ef3ba5678691f|0xdd90e5e87a2081dcf0391920868ebc2ffb81a1af,0x74bc516d929c5a90f2749c0bbe1ef3ba5678691f,0x55d398326f99059ff775485246999027b3197955,USDT,stable:USDT,0x5aed06d43b7f7a1861e951028b1330f8c823f2079550a646c463ff4ef639568e_None_USDT_0x55d398326f99059ff775485246999027b3197955,1640610341,1640610341,1,1.1383449043705388e+22,11383.44904370539,11383.44904370539,0.000000,0.000000,0.800000,tx_agg_rolling_1800s_same_asset_group_or_route,Celer
BNB,bnb_flow_1e78b055246149__synth_split_b,0x5aed06d43b7f7a1861e951028b1330f8c823f2079550a646c463ff4ef639568e,0x74bc516d929c5a90f2749c0bbe1ef3ba5678691f|0xdd90e5e87a2081dcf0391920868ebc2ffb81a1af,0x74bc516d929c5a90f2749c0bbe1ef3ba5678691f,0x55d398326f99059ff775485246999027b3197955,USDT,stable:USDT,0x5aed06d43b7f7a1861e951028b1330f8c823f2079550a646c463ff4ef639568e_None_USDT_0x55d398326f99059ff775485246999027b3197955,1640610341,1640610341,1,1.1383449043705388e+22,11383.44904370539,11383.44904370539,0.000000,0.000000,0.800000,tx_agg_rolling_1800s_same_asset_group_or_route,Celer
BNB,bnb_flow_1e78b055246149__synth_split_c,0x5aed06d43b7f7a1861e951028b1330f8c823f2079550a646c463ff4ef639568e,0x74bc516d929c5a90f2749c0bbe1ef3ba5678691f|0xdd90e5e87a2081dcf0391920868ebc2ffb81a1af,0x74bc516d929c5a90f2749c0bbe1ef3ba5678691f,0x55d398326f99059ff775485246999027b3197955,USDT,stable:USDT,0x5aed06d43b7f7a1861e951028b1330f8c823f2079550a646c463ff4ef639568e_None_USDT_0x55d398326f99059ff775485246999027b3197955,1640610341,1640610341,1,1.1383449043705388e+22,11383.44904370539,11383.44904370539,0.000000,0.000000,0.800000,tx_agg_rolling_1800s_same_asset_group_or_route,Celer
BNB,bnb_flow_1e78b055246149__synth_merge_dst,0x5aed06d43b7f7a1861e951028b1330f8c823f2079550a646c463ff4ef639568e,0x74bc516d929c5a90f2749c0bbe1ef3ba5678691f|0xdd90e5e87a2081dcf0391920868ebc2ffb81a1af,0x74bc516d929c5a90f2749c0bbe1ef3ba5678691f,0x55d398326f99059ff775485246999027b3197955,USDT,stable:USDT,0x5aed06d43b7f7a1861e951028b1330f8c823f2079550a646c463ff4ef639568e_None_USDT_0x55d398326f99059ff775485246999027b3197955,1640610341,1640610341,1,3.4150347131116168e+22,34150.34713111617,34150.34713111617,0.000000,0.000000,0.800000,tx_agg_rolling_1800s_same_asset_group_or_route,Celer
BNB,bnb_flow_1e78b055246149__synth_hidden_dst,0x5aed06d43b7f7a1861e951028b1330f8c823f2079550a646c463ff4ef639568e,0x74bc516d929c5a90f2749c0bbe1ef3ba5678691f|0xdd90e5e87a2081dcf0391920868ebc2ffb81a1af,0x74bc516d929c5a90f2749c0bbe1ef3ba5678691f,0x55d398326f99059ff775485246999027b3197955,USDT,stable:USDT,0x5aed06d43b7f7a1861e951028b1330f8c823f2079550a646c463ff4ef639568e_None_USDT_0x55d398326f99059ff775485246999027b3197955,1640610341,1640610341,1,3.4150347131116168e+22,34150.34713111617,34150.34713111617,0.000000,0.000000,0.800000,tx_agg_rolling_1800s_same_asset_group_or_route,Celer
BNB,bnb_flow_1e78b055246149__synth_noise_dst_0,0x5aed06d43b7f7a1861e951028b1330f8c823f2079550a646c463ff4ef639568e,0x74bc516d929c5a90f2749c0bbe1ef3ba5678691f|0xdd90e5e87a2081dcf0391920868ebc2ffb81a1af,0x74bc516d929c5a90f2749c0bbe1ef3ba5678691f,0x55d398326f99059ff775485246999027b3197955,USDT,stable:USDT,0x5aed06d43b7f7a1861e951028b1330f8c823f2079550a646c463ff4ef639568e_None_USDT_0x55d398326f99059ff775485246999027b3197955,1640610401,1640610401,1,3.4150347131116168e+22,34150.34713111617,34150.34713111617,0.000000,0.000000,0.800000,tx_agg_rolling_1800s_same_asset_group_or_route,Celer
BNB,bnb_flow_1e78b055246149__synth_noise_dst_1,0x5aed06d43b7f7a1861e951028b1330f8c823f2079550a646c463ff4ef639568e,0x74bc516d929c5a90f2749c0bbe1ef3ba5678691f|0xdd90e5e87a2081dcf0391920868ebc2ffb81a1af,0x74bc516d929c5a90f2749c0bbe1ef3ba5678691f,0x55d398326f99059ff775485246999027b3197955,USDT,stable:USDT,0x5aed06d43b7f7a1861e951028b1330f8c823f2079550a646c463ff4ef639568e_None_USDT_0x55d398326f99059ff775485246999027b3197955,1640610461,1640610461,1,3.4150347131116168e+22,34150.34713111617,34150.34713111617,0.000000,0.000000,0.800000,tx_agg_rolling_1800s_same_asset_group_or_route,Celer
BNB,bnb_flow_7d4935c5d0ee4b__synth_split_a,0xf6842771250fcec71474edaf3a3375ba7bad166b75fe830f6c07947e8abbe76a,0x98601705ea99a58414f1dc71e111207481609061|0xdd90e5e87a2081dcf0391920868ebc2ffb81a1af,0x98601705ea99a58414f1dc71e111207481609061,0x55d398326f99059ff775485246999027b3197955,USDT,stable:USDT,0xf6842771250fcec71474edaf3a3375ba7bad166b75fe830f6c07947e8abbe76a_None_USDT_0x55d398326f99059ff775485246999027b3197955,1639510085,1639510085,1,8.233820713699724e+21,8233.820713699726,8233.820713699726,0.000000,0.000000,0.800000,tx_agg_rolling_1800s_same_asset_group_or_route,Celer
BNB,bnb_flow_7d4935c5d0ee4b__synth_split_b,0xf6842771250fcec71474edaf3a3375ba7bad166b75fe830f6c07947e8abbe76a,0x98601705ea99a58414f1dc71e111207481609061|0xdd90e5e87a2081dcf0391920868ebc2ffb81a1af,0x98601705ea99a58414f1dc71e111207481609061,0x55d398326f99059ff775485246999027b3197955,USDT,stable:USDT,0xf6842771250fcec71474edaf3a3375ba7bad166b75fe830f6c07947e8abbe76a_None_USDT_0x55d398326f99059ff775485246999027b3197955,1639510085,1639510085,1,8.233820713699724e+21,8233.820713699726,8233.820713699726,0.000000,0.000000,0.800000,tx_agg_rolling_1800s_same_asset_group_or_route,Celer
BNB,bnb_flow_7d4935c5d0ee4b__synth_split_c,0xf6842771250fcec71474edaf3a3375ba7bad166b75fe830f6c07947e8abbe76a,0x98601705ea99a58414f1dc71e111207481609061|0xdd90e5e87a2081dcf0391920868ebc2ffb81a1af,0x98601705ea99a58414f1dc71e111207481609061,0x55d398326f99059ff775485246999027b3197955,USDT,stable:USDT,0xf6842771250fcec71474edaf3a3375ba7bad166b75fe830f6c07947e8abbe76a_None_USDT_0x55d398326f99059ff775485246999027b3197955,1639510085,1639510085,1,8.233820713699724e+21,8233.820713699726,8233.820713699726,0.000000,0.000000,0.800000,tx_agg_rolling_1800s_same_asset_group_or_route,Celer
BNB,bnb_flow_7d4935c5d0ee4b__synth_merge_dst,0xf6842771250fcec71474edaf3a3375ba7bad166b75fe830f6c07947e8abbe76a,0x98601705ea99a58414f1dc71e111207481609061|0xdd90e5e87a2081dcf0391920868ebc2ffb81a1af,0x98601705ea99a58414f1dc71e111207481609061,0x55d398326f99059ff775485246999027b3197955,USDT,stable:USDT,0xf6842771250fcec71474edaf3a3375ba7bad166b75fe830f6c07947e8abbe76a_None_USDT_0x55d398326f99059ff775485246999027b3197955,1639510085,1639510085,1,2.4701462141099175e+22,24701.46214109918,24701.46214109918,0.000000,0.000000,0.800000,tx_agg_rolling_1800s_same_asset_group_or_route,Celer
BNB,bnb_flow_7d4935c5d0ee4b__synth_hidden_dst,0xf6842771250fcec71474edaf3a3375ba7bad166b75fe830f6c07947e8abbe76a,0x98601705ea99a58414f1dc71e111207481609061|0xdd90e5e87a2081dcf0391920868ebc2ffb81a1af,0x98601705ea99a58414f1dc71e111207481609061,0x55d398326f99059ff775485246999027b3197955,USDT,stable:USDT,0xf6842771250fcec71474edaf3a3375ba7bad166b75fe830f6c07947e8abbe76a_None_USDT_0x55d398326f99059ff775485246999027b3197955,1639510085,1639510085,1,2.4701462141099175e+22,24701.46214109918,24701.46214109918,0.000000,0.000000,0.800000,tx_agg_rolling_1800s_same_asset_group_or_route,Celer
BNB,bnb_flow_7d4935c5d0ee4b__synth_noise_dst_0,0xf6842771250fcec71474edaf3a3375ba7bad166b75fe830f6c07947e8abbe76a,0x98601705ea99a58414f1dc71e111207481609061|0xdd90e5e87a2081dcf0391920868ebc2ffb81a1af,0x98601705ea99a58414f1dc71e111207481609061,0x55d398326f99059ff775485246999027b3197955,USDT,stable:USDT,0xf6842771250fcec71474edaf3a3375ba7bad166b75fe830f6c07947e8abbe76a_None_USDT_0x55d398326f99059ff775485246999027b3197955,1639510145,1639510145,1,2.4701462141099175e+22,24701.46214109918,24701.46214109918,0.000000,0.000000,0.800000,tx_agg_rolling_1800s_same_asset_group_or_route,Celer
BNB,bnb_flow_7d4935c5d0ee4b__synth_noise_dst_1,0xf6842771250fcec71474edaf3a3375ba7bad166b75fe830f6c07947e8abbe76a,0x98601705ea99a58414f1dc71e111207481609061|0xdd90e5e87a2081dcf0391920868ebc2ffb81a1af,0x98601705ea99a58414f1dc71e111207481609061,0x55d398326f99059ff775485246999027b3197955,USDT,stable:USDT,0xf6842771250fcec71474edaf3a3375ba7bad166b75fe830f6c07947e8abbe76a_None_USDT_0x55d398326f99059ff775485246999027b3197955,1639510205,1639510205,1,2.4701462141099175e+22,24701.46214109918,24701.46214109918,0.000000,0.000000,0.800000,tx_agg_rolling_1800s_same_asset_group_or_route,Celer
BNB,bnb_flow_6773e3db22b24c__synth_split_a,0x72273e932be9f1b08b369b444ae30980c3deb12a4ef1ec4bd1067c2e6472c79c,0x3fa82a3acf66fba91b14de6d44aca8fa924f91ac|0xdd90e5e87a2081dcf0391920868ebc2ffb81a1af,0x3fa82a3acf66fba91b14de6d44aca8fa924f91ac,0xe9e7cea3dedca5984780bafc599bd69add087d56,BUSD,stable:BUSD,0x72273e932be9f1b08b369b444ae30980c3deb12a4ef1ec4bd1067c2e6472c79c_None_BUSD_0xe9e7cea3dedca5984780bafc599bd69add087d56,1639843631,1639843631,1,1.215028330303819e+22,12150.283303038188,12150.283303038188,0.000000,0.000000,0.800000,tx_agg_rolling_1800s_same_asset_group_or_route,Celer
BNB,bnb_flow_6773e3db22b24c__synth_split_b,0x72273e932be9f1b08b369b444ae30980c3deb12a4ef1ec4bd1067c2e6472c79c,0x3fa82a3acf66fba91b14de6d44aca8fa924f91ac|0xdd90e5e87a2081dcf0391920868ebc2ffb81a1af,0x3fa82a3acf66fba91b14de6d44aca8fa924f91ac,0xe9e7cea3dedca5984780bafc599bd69add087d56,BUSD,stable:BUSD,0x72273e932be9f1b08b369b444ae30980c3deb12a4ef1ec4bd1067c2e6472c79c_None_BUSD_0xe9e7cea3dedca5984780bafc599bd69add087d56,1639843631,1639843631,1,1.215028330303819e+22,12150.283303038188,12150.283303038188,0.000000,0.000000,0.800000,tx_agg_rolling_1800s_same_asset_group_or_route,Celer
BNB,bnb_flow_6773e3db22b24c__synth_split_c,0x72273e932be9f1b08b369b444ae30980c3deb12a4ef1ec4bd1067c2e6472c79c,0x3fa82a3acf66fba91b14de6d44aca8fa924f91ac|0xdd90e5e87a2081dcf0391920868ebc2ffb81a1af,0x3fa82a3acf66fba91b14de6d44aca8fa924f91ac,0xe9e7cea3dedca5984780bafc599bd69add087d56,BUSD,stable:BUSD,0x72273e932be9f1b08b369b444ae30980c3deb12a4ef1ec4bd1067c2e6472c79c_None_BUSD_0xe9e7cea3dedca5984780bafc599bd69add087d56,1639843631,1639843631,1,1.215028330303819e+22,12150.283303038188,12150.283303038188,0.000000,0.000000,0.800000,tx_agg_rolling_1800s_same_asset_group_or_route,Celer
BNB,bnb_flow_6773e3db22b24c__synth_split_d,0x72273e932be9f1b08b369b444ae30980c3deb12a4ef1ec4bd1067c2e6472c79c,0x3fa82a3acf66fba91b14de6d44aca8fa924f91ac|0xdd90e5e87a2081dcf0391920868ebc2ffb81a1af,0x3fa82a3acf66fba91b14de6d44aca8fa924f91ac,0xe9e7cea3dedca5984780bafc599bd69add087d56,BUSD,stable:BUSD,0x72273e932be9f1b08b369b444ae30980c3deb12a4ef1ec4bd1067c2e6472c79c_None_BUSD_0xe9e7cea3dedca5984780bafc599bd69add087d56,1639843631,1639843631,1,1.215028330303819e+22,12150.283303038188,12150.283303038188,0.000000,0.000000,0.800000,tx_agg_rolling_1800s_same_asset_group_or_route,Celer
BNB,bnb_flow_6773e3db22b24c__synth_split_e,0x72273e932be9f1b08b369b444ae30980c3deb12a4ef1ec4bd1067c2e6472c79c,0x3fa82a3acf66fba91b14de6d44aca8fa924f91ac|0xdd90e5e87a2081dcf0391920868ebc2ffb81a1af,0x3fa82a3acf66fba91b14de6d44aca8fa924f91ac,0xe9e7cea3dedca5984780bafc599bd69add087d56,BUSD,stable:BUSD,0x72273e932be9f1b08b369b444ae30980c3deb12a4ef1ec4bd1067c2e6472c79c_None_BUSD_0xe9e7cea3dedca5984780bafc599bd69add087d56,1639843631,1639843631,1,1.215028330303819e+22,12150.283303038188,12150.283303038188,0.000000,0.000000,0.800000,tx_agg_rolling_1800s_same_asset_group_or_route,Celer
BNB,bnb_flow_6773e3db22b24c__synth_split_f,0x72273e932be9f1b08b369b444ae30980c3deb12a4ef1ec4bd1067c2e6472c79c,0x3fa82a3acf66fba91b14de6d44aca8fa924f91ac|0xdd90e5e87a2081dcf0391920868ebc2ffb81a1af,0x3fa82a3acf66fba91b14de6d44aca8fa924f91ac,0xe9e7cea3dedca5984780bafc599bd69add087d56,BUSD,stable:BUSD,0x72273e932be9f1b08b369b444ae30980c3deb12a4ef1ec4bd1067c2e6472c79c_None_BUSD_0xe9e7cea3dedca5984780bafc599bd69add087d56,1639843631,1639843631,1,1.215028330303819e+22,12150.283303038188,12150.283303038188,0.000000,0.000000,0.800000,tx_agg_rolling_1800s_same_asset_group_or_route,Celer
BNB,bnb_flow_6773e3db22b24c__synth_split_g,0x72273e932be9f1b08b369b444ae30980c3deb12a4ef1ec4bd1067c2e6472c79c,0x3fa82a3acf66fba91b14de6d44aca8fa924f91ac|0xdd90e5e87a2081dcf0391920868ebc2ffb81a1af,0x3fa82a3acf66fba91b14de6d44aca8fa924f91ac,0xe9e7cea3dedca5984780bafc599bd69add087d56,BUSD,stable:BUSD,0x72273e932be9f1b08b369b444ae30980c3deb12a4ef1ec4bd1067c2e6472c79c_None_BUSD_0xe9e7cea3dedca5984780bafc599bd69add087d56,1639843631,1639843631,1,1.215028330303819e+22,12150.283303038188,12150.283303038188,0.000000,0.000000,0.800000,tx_agg_rolling_1800s_same_asset_group_or_route,Celer
BNB,bnb_flow_6773e3db22b24c__synth_split_h,0x72273e932be9f1b08b369b444ae30980c3deb12a4ef1ec4bd1067c2e6472c79c,0x3fa82a3acf66fba91b14de6d44aca8fa924f91ac|0xdd90e5e87a2081dcf0391920868ebc2ffb81a1af,0x3fa82a3acf66fba91b14de6d44aca8fa924f91ac,0xe9e7cea3dedca5984780bafc599bd69add087d56,BUSD,stable:BUSD,0x72273e932be9f1b08b369b444ae30980c3deb12a4ef1ec4bd1067c2e6472c79c_None_BUSD_0xe9e7cea3dedca5984780bafc599bd69add087d56,1639843631,1639843631,1,1.215028330303819e+22,12150.283303038188,12150.283303038188,0.000000,0.000000,0.800000,tx_agg_rolling_1800s_same_asset_group_or_route,Celer
BNB,bnb_flow_6773e3db22b24c__synth_merge_dst,0x72273e932be9f1b08b369b444ae30980c3deb12a4ef1ec4bd1067c2e6472c79c,0x3fa82a3acf66fba91b14de6d44aca8fa924f91ac|0xdd90e5e87a2081dcf0391920868ebc2ffb81a1af,0x3fa82a3acf66fba91b14de6d44aca8fa924f91ac,0xe9e7cea3dedca5984780bafc599bd69add087d56,BUSD,stable:BUSD,0x72273e932be9f1b08b369b444ae30980c3deb12a4ef1ec4bd1067c2e6472c79c_None_BUSD_0xe9e7cea3dedca5984780bafc599bd69add087d56,1639843631,1639843631,1,9.720226642430553e+22,97202.2664243055,97202.2664243055,0.000000,0.000000,0.800000,tx_agg_rolling_1800s_same_asset_group_or_route,Celer
BNB,bnb_flow_6773e3db22b24c__synth_hidden_dst,0x72273e932be9f1b08b369b444ae30980c3deb12a4ef1ec4bd1067c2e6472c79c,0x3fa82a3acf66fba91b14de6d44aca8fa924f91ac|0xdd90e5e87a2081dcf0391920868ebc2ffb81a1af,0x3fa82a3acf66fba91b14de6d44aca8fa924f91ac,0xe9e7cea3dedca5984780bafc599bd69add087d56,BUSD,stable:BUSD,0x72273e932be9f1b08b369b444ae30980c3deb12a4ef1ec4bd1067c2e6472c79c_None_BUSD_0xe9e7cea3dedca5984780bafc599bd69add087d56,1639843631,1639843631,1,9.720226642430553e+22,97202.2664243055,97202.2664243055,0.000000,0.000000,0.800000,tx_agg_rolling_1800s_same_asset_group_or_route,Celer
BNB,bnb_flow_6773e3db22b24c__synth_noise_dst_0,0x72273e932be9f1b08b369b444ae30980c3deb12a4ef1ec4bd1067c2e6472c79c,0x3fa82a3acf66fba91b14de6d44aca8fa924f91ac|0xdd90e5e87a2081dcf0391920868ebc2ffb81a1af,0x3fa82a3acf66fba91b14de6d44aca8fa924f91ac,0xe9e7cea3dedca5984780bafc599bd69add087d56,BUSD,stable:BUSD,0x72273e932be9f1b08b369b444ae30980c3deb12a4ef1ec4bd1067c2e6472c79c_None_BUSD_0xe9e7cea3dedca5984780bafc599bd69add087d56,1639843691,1639843691,1,9.720226642430553e+22,97202.2664243055,97202.2664243055,0.000000,0.000000,0.800000,tx_agg_rolling_1800s_same_asset_group_or_route,Celer
BNB,bnb_flow_6773e3db22b24c__synth_noise_dst_1,0x72273e932be9f1b08b369b444ae30980c3deb12a4ef1ec4bd1067c2e6472c79c,0x3fa82a3acf66fba91b14de6d44aca8fa924f91ac|0xdd90e5e87a2081dcf0391920868ebc2ffb81a1af,0x3fa82a3acf66fba91b14de6d44aca8fa924f91ac,0xe9e7cea3dedca5984780bafc599bd69add087d56,BUSD,stable:BUSD,0x72273e932be9f1b08b369b444ae30980c3deb12a4ef1ec4bd1067c2e6472c79c_None_BUSD_0xe9e7cea3dedca5984780bafc599bd69add087d56,1639843751,1639843751,1,9.720226642430553e+22,97202.2664243055,97202.2664243055,0.000000,0.000000,0.800000,tx_agg_rolling_1800s_same_asset_group_or_route,Celer
BNB,bnb_flow_d8ee9f704e094b__synth_split_a,0x67ed4b5ed1ecc78cc59f1fc3af6c97a70d361d5bdb100e3f951d61bc0223e0a2,0x61be98ece58dfc3150554a14b8366826169497eb|0xdd90e5e87a2081dcf0391920868ebc2ffb81a1af,0x61be98ece58dfc3150554a14b8366826169497eb,0x55d398326f99059ff775485246999027b3197955,USDT,stable:USDT,0x67ed4b5ed1ecc78cc59f1fc3af6c97a70d361d5bdb100e3f951d61bc0223e0a2_None_USDT_0x55d398326f99059ff775485246999027b3197955,1639685181,1639685181,1,1.9492854285957e+23,194928.54285957004,194928.54285957004,0.000000,0.000000,0.800000,tx_agg_rolling_1800s_same_asset_group_or_route,Celer
BNB,bnb_flow_d8ee9f704e094b__synth_split_b,0x67ed4b5ed1ecc78cc59f1fc3af6c97a70d361d5bdb100e3f951d61bc0223e0a2,0x61be98ece58dfc3150554a14b8366826169497eb|0xdd90e5e87a2081dcf0391920868ebc2ffb81a1af,0x61be98ece58dfc3150554a14b8366826169497eb,0x55d398326f99059ff775485246999027b3197955,USDT,stable:USDT,0x67ed4b5ed1ecc78cc59f1fc3af6c97a70d361d5bdb100e3f951d61bc0223e0a2_None_USDT_0x55d398326f99059ff775485246999027b3197955,1639685181,1639685181,1,1.9492854285957e+23,194928.54285957004,194928.54285957004,0.000000,0.000000,0.800000,tx_agg_rolling_1800s_same_asset_group_or_route,Celer
BNB,bnb_flow_d8ee9f704e094b__synth_merge_dst,0x67ed4b5ed1ecc78cc59f1fc3af6c97a70d361d5bdb100e3f951d61bc0223e0a2,0x61be98ece58dfc3150554a14b8366826169497eb|0xdd90e5e87a2081dcf0391920868ebc2ffb81a1af,0x61be98ece58dfc3150554a14b8366826169497eb,0x55d398326f99059ff775485246999027b3197955,USDT,stable:USDT,0x67ed4b5ed1ecc78cc59f1fc3af6c97a70d361d5bdb100e3f951d61bc0223e0a2_None_USDT_0x55d398326f99059ff775485246999027b3197955,1639685181,1639685181,1,3.8985708571914e+23,389857.0857191401,389857.0857191401,0.000000,0.000000,0.800000,tx_agg_rolling_1800s_same_asset_group_or_route,Celer
BNB,bnb_flow_d8ee9f704e094b__synth_hidden_dst,0x67ed4b5ed1ecc78cc59f1fc3af6c97a70d361d5bdb100e3f951d61bc0223e0a2,0x61be98ece58dfc3150554a14b8366826169497eb|0xdd90e5e87a2081dcf0391920868ebc2ffb81a1af,0x61be98ece58dfc3150554a14b8366826169497eb,0x55d398326f99059ff775485246999027b3197955,USDT,stable:USDT,0x67ed4b5ed1ecc78cc59f1fc3af6c97a70d361d5bdb100e3f951d61bc0223e0a2_None_USDT_0x55d398326f99059ff775485246999027b3197955,1639685181,1639685181,1,3.8985708571914e+23,389857.0857191401,389857.0857191401,0.000000,0.000000,0.800000,tx_agg_rolling_1800s_same_asset_group_or_route,Celer
BNB,bnb_flow_d8ee9f704e094b__synth_noise_dst_0,0x67ed4b5ed1ecc78cc59f1fc3af6c97a70d361d5bdb100e3f951d61bc0223e0a2,0x61be98ece58dfc3150554a14b8366826169497eb|0xdd90e5e87a2081dcf0391920868ebc2ffb81a1af,0x61be98ece58dfc3150554a14b8366826169497eb,0x55d398326f99059ff775485246999027b3197955,USDT,stable:USDT,0x67ed4b5ed1ecc78cc59f1fc3af6c97a70d361d5bdb100e3f951d61bc0223e0a2_None_USDT_0x55d398326f99059ff775485246999027b3197955,1639685241,1639685241,1,3.8985708571914e+23,389857.0857191401,389857.0857191401,0.000000,0.000000,0.800000,tx_agg_rolling_1800s_same_asset_group_or_route,Celer
BNB,bnb_flow_d8ee9f704e094b__synth_noise_dst_1,0x67ed4b5ed1ecc78cc59f1fc3af6c97a70d361d5bdb100e3f951d61bc0223e0a2,0x61be98ece58dfc3150554a14b8366826169497eb|0xdd90e5e87a2081dcf0391920868ebc2ffb81a1af,0x61be98ece58dfc3150554a14b8366826169497eb,0x55d398326f99059ff775485246999027b3197955,USDT,stable:USDT,0x67ed4b5ed1ecc78cc59f1fc3af6c97a70d361d5bdb100e3f951d61bc0223e0a2_None_USDT_0x55d398326f99059ff775485246999027b3197955,1639685301,1639685301,1,3.8985708571914e+23,389857.0857191401,389857.0857191401,0.000000,0.000000,0.800000,tx_agg_rolling_1800s_same_asset_group_or_route,Celer
BNB,bnb_flow_fea53661402640__synth_split_a,0x50a3cd27afe28f7b7f6f45096ce819cbc09f1e5b8b32b0fbe8c09099a1932c25,0x0000000000000000000000000000000000000000|0xd3660ee5743108ddbbc6eb9dd07a0c325f6921fe,0xd3660ee5743108ddbbc6eb9dd07a0c325f6921fe,0x06fda0758c17416726f77cb11305eac94c074ec0,ANML,token:ANML,0x50a3cd27afe28f7b7f6f45096ce819cbc09f1e5b8b32b0fbe8c09099a1932c25_None_ANML_0x06fda0758c17416726f77cb11305eac94c074ec0,1648883107,1648883107,1,7.476087094871038e+22,74760.87094871038,74760.87094871038,0.000000,0.000000,0.800000,tx_agg_rolling_1800s_same_asset_group_or_route,Celer
BNB,bnb_flow_fea53661402640__synth_split_b,0x50a3cd27afe28f7b7f6f45096ce819cbc09f1e5b8b32b0fbe8c09099a1932c25,0x0000000000000000000000000000000000000000|0xd3660ee5743108ddbbc6eb9dd07a0c325f6921fe,0xd3660ee5743108ddbbc6eb9dd07a0c325f6921fe,0x06fda0758c17416726f77cb11305eac94c074ec0,ANML,token:ANML,0x50a3cd27afe28f7b7f6f45096ce819cbc09f1e5b8b32b0fbe8c09099a1932c25_None_ANML_0x06fda0758c17416726f77cb11305eac94c074ec0,1648883107,1648883107,1,7.476087094871038e+22,74760.87094871038,74760.87094871038,0.000000,0.000000,0.800000,tx_agg_rolling_1800s_same_asset_group_or_route,Celer
BNB,bnb_flow_fea53661402640__synth_merge_dst,0x50a3cd27afe28f7b7f6f45096ce819cbc09f1e5b8b32b0fbe8c09099a1932c25,0x0000000000000000000000000000000000000000|0xd3660ee5743108ddbbc6eb9dd07a0c325f6921fe,0xd3660ee5743108ddbbc6eb9dd07a0c325f6921fe,0x06fda0758c17416726f77cb11305eac94c074ec0,ANML,token:ANML,0x50a3cd27afe28f7b7f6f45096ce819cbc09f1e5b8b32b0fbe8c09099a1932c25_None_ANML_0x06fda0758c17416726f77cb11305eac94c074ec0,1648883107,1648883107,1,1.4952174189742076e+23,149521.74189742075,149521.74189742075,0.000000,0.000000,0.800000,tx_agg_rolling_1800s_same_asset_group_or_route,Celer
BNB,bnb_flow_fea53661402640__synth_hidden_dst,0x50a3cd27afe28f7b7f6f45096ce819cbc09f1e5b8b32b0fbe8c09099a1932c25,0x0000000000000000000000000000000000000000|0xd3660ee5743108ddbbc6eb9dd07a0c325f6921fe,0xd3660ee5743108ddbbc6eb9dd07a0c325f6921fe,0x06fda0758c17416726f77cb11305eac94c074ec0,ANML,token:ANML,0x50a3cd27afe28f7b7f6f45096ce819cbc09f1e5b8b32b0fbe8c09099a1932c25_None_ANML_0x06fda0758c17416726f77cb11305eac94c074ec0,1648883107,1648883107,1,1.4952174189742076e+23,149521.74189742075,149521.74189742075,0.000000,0.000000,0.800000,tx_agg_rolling_1800s_same_asset_group_or_route,Celer
BNB,bnb_flow_fea53661402640__synth_noise_dst_0,0x50a3cd27afe28f7b7f6f45096ce819cbc09f1e5b8b32b0fbe8c09099a1932c25,0x0000000000000000000000000000000000000000|0xd3660ee5743108ddbbc6eb9dd07a0c325f6921fe,0xd3660ee5743108ddbbc6eb9dd07a0c325f6921fe,0x06fda0758c17416726f77cb11305eac94c074ec0,ANML,token:ANML,0x50a3cd27afe28f7b7f6f45096ce819cbc09f1e5b8b32b0fbe8c09099a1932c25_None_ANML_0x06fda0758c17416726f77cb11305eac94c074ec0,1648883167,1648883167,1,1.4952174189742076e+23,149521.74189742075,149521.74189742075,0.000000,0.000000,0.800000,tx_agg_rolling_1800s_same_asset_group_or_route,Celer
BNB,bnb_flow_fea53661402640__synth_noise_dst_1,0x50a3cd27afe28f7b7f6f45096ce819cbc09f1e5b8b32b0fbe8c09099a1932c25,0x0000000000000000000000000000000000000000|0xd3660ee5743108ddbbc6eb9dd07a0c325f6921fe,0xd3660ee5743108ddbbc6eb9dd07a0c325f6921fe,0x06fda0758c17416726f77cb11305eac94c074ec0,ANML,token:ANML,0x50a3cd27afe28f7b7f6f45096ce819cbc09f1e5b8b32b0fbe8c09099a1932c25_None_ANML_0x06fda0758c17416726f77cb11305eac94c074ec0,1648883227,1648883227,1,1.4952174189742076e+23,149521.74189742075,149521.74189742075,0.000000,0.000000,0.800000,tx_agg_rolling_1800s_same_asset_group_or_route,Celer
BNB,bnb_flow_2835af0b7ce04b__synth_split_a,0xcba58d91cd49d575a712e3310f7e0d2ff581ef2b36214e2c3ecc9b1068b08ad5,0x0000000000000000000000000000000000000000|0x7a6a59588b8106045303e1923227a2cefbec2b66,0x7a6a59588b8106045303e1923227a2cefbec2b66,0xbbca42c60b5290f2c48871a596492f93ff0ddc82,DOMI,token:DOMI,0xcba58d91cd49d575a712e3310f7e0d2ff581ef2b36214e2c3ecc9b1068b08ad5_None_DOMI_0xbbca42c60b5290f2c48871a596492f93ff0ddc82,1643718372,1643718372,1,5.548248127171419e+21,5548.248127171419,5548.248127171419,0.000000,0.000000,0.800000,tx_agg_rolling_1800s_same_asset_group_or_route,Celer
BNB,bnb_flow_2835af0b7ce04b__synth_split_b,0xcba58d91cd49d575a712e3310f7e0d2ff581ef2b36214e2c3ecc9b1068b08ad5,0x0000000000000000000000000000000000000000|0x7a6a59588b8106045303e1923227a2cefbec2b66,0x7a6a59588b8106045303e1923227a2cefbec2b66,0xbbca42c60b5290f2c48871a596492f93ff0ddc82,DOMI,token:DOMI,0xcba58d91cd49d575a712e3310f7e0d2ff581ef2b36214e2c3ecc9b1068b08ad5_None_DOMI_0xbbca42c60b5290f2c48871a596492f93ff0ddc82,1643718372,1643718372,1,5.548248127171419e+21,5548.248127171419,5548.248127171419,0.000000,0.000000,0.800000,tx_agg_rolling_1800s_same_asset_group_or_route,Celer
BNB,bnb_flow_2835af0b7ce04b__synth_split_c,0xcba58d91cd49d575a712e3310f7e0d2ff581ef2b36214e2c3ecc9b1068b08ad5,0x0000000000000000000000000000000000000000|0x7a6a59588b8106045303e1923227a2cefbec2b66,0x7a6a59588b8106045303e1923227a2cefbec2b66,0xbbca42c60b5290f2c48871a596492f93ff0ddc82,DOMI,token:DOMI,0xcba58d91cd49d575a712e3310f7e0d2ff581ef2b36214e2c3ecc9b1068b08ad5_None_DOMI_0xbbca42c60b5290f2c48871a596492f93ff0ddc82,1643718372,1643718372,1,5.548248127171419e+21,5548.248127171419,5548.248127171419,0.000000,0.000000,0.800000,tx_agg_rolling_1800s_same_asset_group_or_route,Celer
BNB,bnb_flow_2835af0b7ce04b__synth_merge_dst,0xcba58d91cd49d575a712e3310f7e0d2ff581ef2b36214e2c3ecc9b1068b08ad5,0x0000000000000000000000000000000000000000|0x7a6a59588b8106045303e1923227a2cefbec2b66,0x7a6a59588b8106045303e1923227a2cefbec2b66,0xbbca42c60b5290f2c48871a596492f93ff0ddc82,DOMI,token:DOMI,0xcba58d91cd49d575a712e3310f7e0d2ff581ef2b36214e2c3ecc9b1068b08ad5_None_DOMI_0xbbca42c60b5290f2c48871a596492f93ff0ddc82,1643718372,1643718372,1,1.664474438151426e+22,16644.744381514258,16644.744381514258,0.000000,0.000000,0.800000,tx_agg_rolling_1800s_same_asset_group_or_route,Celer
BNB,bnb_flow_2835af0b7ce04b__synth_hidden_dst,0xcba58d91cd49d575a712e3310f7e0d2ff581ef2b36214e2c3ecc9b1068b08ad5,0x0000000000000000000000000000000000000000|0x7a6a59588b8106045303e1923227a2cefbec2b66,0x7a6a59588b8106045303e1923227a2cefbec2b66,0xbbca42c60b5290f2c48871a596492f93ff0ddc82,DOMI,token:DOMI,0xcba58d91cd49d575a712e3310f7e0d2ff581ef2b36214e2c3ecc9b1068b08ad5_None_DOMI_0xbbca42c60b5290f2c48871a596492f93ff0ddc82,1643718372,1643718372,1,1.664474438151426e+22,16644.744381514258,16644.744381514258,0.000000,0.000000,0.800000,tx_agg_rolling_1800s_same_asset_group_or_route,Celer
BNB,bnb_flow_2835af0b7ce04b__synth_noise_dst_0,0xcba58d91cd49d575a712e3310f7e0d2ff581ef2b36214e2c3ecc9b1068b08ad5,0x0000000000000000000000000000000000000000|0x7a6a59588b8106045303e1923227a2cefbec2b66,0x7a6a59588b8106045303e1923227a2cefbec2b66,0xbbca42c60b5290f2c48871a596492f93ff0ddc82,DOMI,token:DOMI,0xcba58d91cd49d575a712e3310f7e0d2ff581ef2b36214e2c3ecc9b1068b08ad5_None_DOMI_0xbbca42c60b5290f2c48871a596492f93ff0ddc82,1643718432,1643718432,1,1.664474438151426e+22,16644.744381514258,16644.744381514258,0.000000,0.000000,0.800000,tx_agg_rolling_1800s_same_asset_group_or_route,Celer
BNB,bnb_flow_2835af0b7ce04b__synth_noise_dst_1,0xcba58d91cd49d575a712e3310f7e0d2ff581ef2b36214e2c3ecc9b1068b08ad5,0x0000000000000000000000000000000000000000|0x7a6a59588b8106045303e1923227a2cefbec2b66,0x7a6a59588b8106045303e1923227a2cefbec2b66,0xbbca42c60b5290f2c48871a596492f93ff0ddc82,DOMI,token:DOMI,0xcba58d91cd49d575a712e3310f7e0d2ff581ef2b36214e2c3ecc9b1068b08ad5_None_DOMI_0xbbca42c60b5290f2c48871a596492f93ff0ddc82,1643718492,1643718492,1,1.664474438151426e+22,16644.744381514258,16644.744381514258,0.000000,0.000000,0.800000,tx_agg_rolling_1800s_same_asset_group_or_route,Celer
BNB,bnb_flow_aa62bc9ca6b346__synth_split_a,0x0618e1cfc84eeb308ed08f959d15e6b955eafe41e3671b64ba069cccd4bc1f35,0x3375fcdaf1108407d3d34680821a0278010c11f1|0xdd90e5e87a2081dcf0391920868ebc2ffb81a1af,0x3375fcdaf1108407d3d34680821a0278010c11f1,0x55d398326f99059ff775485246999027b3197955,USDT,stable:USDT,0x0618e1cfc84eeb308ed08f959d15e6b955eafe41e3671b64ba069cccd4bc1f35_None_USDT_0x55d398326f99059ff775485246999027b3197955,1639470557,1639470557,1,9.774071560996213e+21,9774.071560996214,9774.071560996214,0.000000,0.000000,0.800000,tx_agg_rolling_1800s_same_asset_group_or_route,Celer
BNB,bnb_flow_aa62bc9ca6b346__synth_split_b,0x0618e1cfc84eeb308ed08f959d15e6b955eafe41e3671b64ba069cccd4bc1f35,0x3375fcdaf1108407d3d34680821a0278010c11f1|0xdd90e5e87a2081dcf0391920868ebc2ffb81a1af,0x3375fcdaf1108407d3d34680821a0278010c11f1,0x55d398326f99059ff775485246999027b3197955,USDT,stable:USDT,0x0618e1cfc84eeb308ed08f959d15e6b955eafe41e3671b64ba069cccd4bc1f35_None_USDT_0x55d398326f99059ff775485246999027b3197955,1639470557,1639470557,1,9.774071560996213e+21,9774.071560996214,9774.071560996214,0.000000,0.000000,0.800000,tx_agg_rolling_1800s_same_asset_group_or_route,Celer
BNB,bnb_flow_aa62bc9ca6b346__synth_merge_dst,0x0618e1cfc84eeb308ed08f959d15e6b955eafe41e3671b64ba069cccd4bc1f35,0x3375fcdaf1108407d3d34680821a0278010c11f1|0xdd90e5e87a2081dcf0391920868ebc2ffb81a1af,0x3375fcdaf1108407d3d34680821a0278010c11f1,0x55d398326f99059ff775485246999027b3197955,USDT,stable:USDT,0x0618e1cfc84eeb308ed08f959d15e6b955eafe41e3671b64ba069cccd4bc1f35_None_USDT_0x55d398326f99059ff775485246999027b3197955,1639470557,1639470557,1,1.9548143121992425e+22,19548.143121992427,19548.143121992427,0.000000,0.000000,0.800000,tx_agg_rolling_1800s_same_asset_group_or_route,Celer
BNB,bnb_flow_aa62bc9ca6b346__synth_hidden_dst,0x0618e1cfc84eeb308ed08f959d15e6b955eafe41e3671b64ba069cccd4bc1f35,0x3375fcdaf1108407d3d34680821a0278010c11f1|0xdd90e5e87a2081dcf0391920868ebc2ffb81a1af,0x3375fcdaf1108407d3d34680821a0278010c11f1,0x55d398326f99059ff775485246999027b3197955,USDT,stable:USDT,0x0618e1cfc84eeb308ed08f959d15e6b955eafe41e3671b64ba069cccd4bc1f35_None_USDT_0x55d398326f99059ff775485246999027b3197955,1639470557,1639470557,1,1.9548143121992425e+22,19548.143121992427,19548.143121992427,0.000000,0.000000,0.800000,tx_agg_rolling_1800s_same_asset_group_or_route,Celer
BNB,bnb_flow_aa62bc9ca6b346__synth_noise_dst_0,0x0618e1cfc84eeb308ed08f959d15e6b955eafe41e3671b64ba069cccd4bc1f35,0x3375fcdaf1108407d3d34680821a0278010c11f1|0xdd90e5e87a2081dcf0391920868ebc2ffb81a1af,0x3375fcdaf1108407d3d34680821a0278010c11f1,0x55d398326f99059ff775485246999027b3197955,USDT,stable:USDT,0x0618e1cfc84eeb308ed08f959d15e6b955eafe41e3671b64ba069cccd4bc1f35_None_USDT_0x55d398326f99059ff775485246999027b3197955,1639470617,1639470617,1,1.9548143121992425e+22,19548.143121992427,19548.143121992427,0.000000,0.000000,0.800000,tx_agg_rolling_1800s_same_asset_group_or_route,Celer
BNB,bnb_flow_aa62bc9ca6b346__synth_noise_dst_1,0x0618e1cfc84eeb308ed08f959d15e6b955eafe41e3671b64ba069cccd4bc1f35,0x3375fcdaf1108407d3d34680821a0278010c11f1|0xdd90e5e87a2081dcf0391920868ebc2ffb81a1af,0x3375fcdaf1108407d3d34680821a0278010c11f1,0x55d398326f99059ff775485246999027b3197955,USDT,stable:USDT,0x0618e1cfc84eeb308ed08f959d15e6b955eafe41e3671b64ba069cccd4bc1f35_None_USDT_0x55d398326f99059ff775485246999027b3197955,1639470677,1639470677,1,1.9548143121992425e+22,19548.143121992427,19548.143121992427,0.000000,0.000000,0.800000,tx_agg_rolling_1800s_same_asset_group_or_route,Celer
BNB,bnb_flow_99932455fd6640__synth_split_a,0x03027b4e086120e6576cf79d22e712c12f3724237a68c65837f4f0fad3656f60,0x0000000000000000000000000000000000000000|0x5d7cb5b5bd9079cce9a56fead02e7b3db00c57fe,0x5d7cb5b5bd9079cce9a56fead02e7b3db00c57fe,0xbd7b8e4de08d9b01938f7ff2058f110ee1e0e8d4,GHX,token:GHX,0x03027b4e086120e6576cf79d22e712c12f3724237a68c65837f4f0fad3656f60_None_GHX_0xbd7b8e4de08d9b01938f7ff2058f110ee1e0e8d4,1645099925,1645099925,1,8.506458441793332e+22,85064.58441793332,85064.58441793332,0.000000,0.000000,0.800000,tx_agg_rolling_1800s_same_asset_group_or_route,Celer
BNB,bnb_flow_99932455fd6640__synth_split_b,0x03027b4e086120e6576cf79d22e712c12f3724237a68c65837f4f0fad3656f60,0x0000000000000000000000000000000000000000|0x5d7cb5b5bd9079cce9a56fead02e7b3db00c57fe,0x5d7cb5b5bd9079cce9a56fead02e7b3db00c57fe,0xbd7b8e4de08d9b01938f7ff2058f110ee1e0e8d4,GHX,token:GHX,0x03027b4e086120e6576cf79d22e712c12f3724237a68c65837f4f0fad3656f60_None_GHX_0xbd7b8e4de08d9b01938f7ff2058f110ee1e0e8d4,1645099925,1645099925,1,8.506458441793332e+22,85064.58441793332,85064.58441793332,0.000000,0.000000,0.800000,tx_agg_rolling_1800s_same_asset_group_or_route,Celer
BNB,bnb_flow_99932455fd6640__synth_merge_dst,0x03027b4e086120e6576cf79d22e712c12f3724237a68c65837f4f0fad3656f60,0x0000000000000000000000000000000000000000|0x5d7cb5b5bd9079cce9a56fead02e7b3db00c57fe,0x5d7cb5b5bd9079cce9a56fead02e7b3db00c57fe,0xbd7b8e4de08d9b01938f7ff2058f110ee1e0e8d4,GHX,token:GHX,0x03027b4e086120e6576cf79d22e712c12f3724237a68c65837f4f0fad3656f60_None_GHX_0xbd7b8e4de08d9b01938f7ff2058f110ee1e0e8d4,1645099925,1645099925,1,1.7012916883586664e+23,170129.16883586664,170129.16883586664,0.000000,0.000000,0.800000,tx_agg_rolling_1800s_same_asset_group_or_route,Celer
BNB,bnb_flow_99932455fd6640__synth_hidden_dst,0x03027b4e086120e6576cf79d22e712c12f3724237a68c65837f4f0fad3656f60,0x0000000000000000000000000000000000000000|0x5d7cb5b5bd9079cce9a56fead02e7b3db00c57fe,0x5d7cb5b5bd9079cce9a56fead02e7b3db00c57fe,0xbd7b8e4de08d9b01938f7ff2058f110ee1e0e8d4,GHX,token:GHX,0x03027b4e086120e6576cf79d22e712c12f3724237a68c65837f4f0fad3656f60_None_GHX_0xbd7b8e4de08d9b01938f7ff2058f110ee1e0e8d4,1645099925,1645099925,1,1.7012916883586664e+23,170129.16883586664,170129.16883586664,0.000000,0.000000,0.800000,tx_agg_rolling_1800s_same_asset_group_or_route,Celer
BNB,bnb_flow_99932455fd6640__synth_noise_dst_0,0x03027b4e086120e6576cf79d22e712c12f3724237a68c65837f4f0fad3656f60,0x0000000000000000000000000000000000000000|0x5d7cb5b5bd9079cce9a56fead02e7b3db00c57fe,0x5d7cb5b5bd9079cce9a56fead02e7b3db00c57fe,0xbd7b8e4de08d9b01938f7ff2058f110ee1e0e8d4,GHX,token:GHX,0x03027b4e086120e6576cf79d22e712c12f3724237a68c65837f4f0fad3656f60_None_GHX_0xbd7b8e4de08d9b01938f7ff2058f110ee1e0e8d4,1645099985,1645099985,1,1.7012916883586664e+23,170129.16883586664,170129.16883586664,0.000000,0.000000,0.800000,tx_agg_rolling_1800s_same_asset_group_or_route,Celer
BNB,bnb_flow_99932455fd6640__synth_noise_dst_1,0x03027b4e086120e6576cf79d22e712c12f3724237a68c65837f4f0fad3656f60,0x0000000000000000000000000000000000000000|0x5d7cb5b5bd9079cce9a56fead02e7b3db00c57fe,0x5d7cb5b5bd9079cce9a56fead02e7b3db00c57fe,0xbd7b8e4de08d9b01938f7ff2058f110ee1e0e8d4,GHX,token:GHX,0x03027b4e086120e6576cf79d22e712c12f3724237a68c65837f4f0fad3656f60_None_GHX_0xbd7b8e4de08d9b01938f7ff2058f110ee1e0e8d4,1645100045,1645100045,1,1.7012916883586664e+23,170129.16883586664,170129.16883586664,0.000000,0.000000,0.800000,tx_agg_rolling_1800s_same_asset_group_or_route,Celer
BNB,bnb_flow_ed438e2b12bf4e__synth_split_a,0x9585f77017a254ec961558fc76e7d4768366ceba681ff2840cd50f14b1dff184,0xa7351adb4ed394ff1a5da6eda787526338877499|0xdd90e5e87a2081dcf0391920868ebc2ffb81a1af,0xa7351adb4ed394ff1a5da6eda787526338877499,0x8ac76a51cc950d9822d68b83fe1ad97b32cd580d,USDC,stable:USDC,0x9585f77017a254ec961558fc76e7d4768366ceba681ff2840cd50f14b1dff184_None_USDC_0x8ac76a51cc950d9822d68b83fe1ad97b32cd580d,1641125353,1641125353,1,8.871017464331031e+21,8871.017464331031,8871.017464331031,0.000000,0.000000,0.800000,tx_agg_rolling_1800s_same_asset_group_or_route,Celer
BNB,bnb_flow_ed438e2b12bf4e__synth_split_b,0x9585f77017a254ec961558fc76e7d4768366ceba681ff2840cd50f14b1dff184,0xa7351adb4ed394ff1a5da6eda787526338877499|0xdd90e5e87a2081dcf0391920868ebc2ffb81a1af,0xa7351adb4ed394ff1a5da6eda787526338877499,0x8ac76a51cc950d9822d68b83fe1ad97b32cd580d,USDC,stable:USDC,0x9585f77017a254ec961558fc76e7d4768366ceba681ff2840cd50f14b1dff184_None_USDC_0x8ac76a51cc950d9822d68b83fe1ad97b32cd580d,1641125353,1641125353,1,8.871017464331031e+21,8871.017464331031,8871.017464331031,0.000000,0.000000,0.800000,tx_agg_rolling_1800s_same_asset_group_or_route,Celer
BNB,bnb_flow_ed438e2b12bf4e__synth_split_c,0x9585f77017a254ec961558fc76e7d4768366ceba681ff2840cd50f14b1dff184,0xa7351adb4ed394ff1a5da6eda787526338877499|0xdd90e5e87a2081dcf0391920868ebc2ffb81a1af,0xa7351adb4ed394ff1a5da6eda787526338877499,0x8ac76a51cc950d9822d68b83fe1ad97b32cd580d,USDC,stable:USDC,0x9585f77017a254ec961558fc76e7d4768366ceba681ff2840cd50f14b1dff184_None_USDC_0x8ac76a51cc950d9822d68b83fe1ad97b32cd580d,1641125353,1641125353,1,8.871017464331031e+21,8871.017464331031,8871.017464331031,0.000000,0.000000,0.800000,tx_agg_rolling_1800s_same_asset_group_or_route,Celer
BNB,bnb_flow_ed438e2b12bf4e__synth_split_d,0x9585f77017a254ec961558fc76e7d4768366ceba681ff2840cd50f14b1dff184,0xa7351adb4ed394ff1a5da6eda787526338877499|0xdd90e5e87a2081dcf0391920868ebc2ffb81a1af,0xa7351adb4ed394ff1a5da6eda787526338877499,0x8ac76a51cc950d9822d68b83fe1ad97b32cd580d,USDC,stable:USDC,0x9585f77017a254ec961558fc76e7d4768366ceba681ff2840cd50f14b1dff184_None_USDC_0x8ac76a51cc950d9822d68b83fe1ad97b32cd580d,1641125353,1641125353,1,8.871017464331031e+21,8871.017464331031,8871.017464331031,0.000000,0.000000,0.800000,tx_agg_rolling_1800s_same_asset_group_or_route,Celer
BNB,bnb_flow_ed438e2b12bf4e__synth_split_e,0x9585f77017a254ec961558fc76e7d4768366ceba681ff2840cd50f14b1dff184,0xa7351adb4ed394ff1a5da6eda787526338877499|0xdd90e5e87a2081dcf0391920868ebc2ffb81a1af,0xa7351adb4ed394ff1a5da6eda787526338877499,0x8ac76a51cc950d9822d68b83fe1ad97b32cd580d,USDC,stable:USDC,0x9585f77017a254ec961558fc76e7d4768366ceba681ff2840cd50f14b1dff184_None_USDC_0x8ac76a51cc950d9822d68b83fe1ad97b32cd580d,1641125353,1641125353,1,8.871017464331031e+21,8871.017464331031,8871.017464331031,0.000000,0.000000,0.800000,tx_agg_rolling_1800s_same_asset_group_or_route,Celer
BNB,bnb_flow_ed438e2b12bf4e__synth_split_f,0x9585f77017a254ec961558fc76e7d4768366ceba681ff2840cd50f14b1dff184,0xa7351adb4ed394ff1a5da6eda787526338877499|0xdd90e5e87a2081dcf0391920868ebc2ffb81a1af,0xa7351adb4ed394ff1a5da6eda787526338877499,0x8ac76a51cc950d9822d68b83fe1ad97b32cd580d,USDC,stable:USDC,0x9585f77017a254ec961558fc76e7d4768366ceba681ff2840cd50f14b1dff184_None_USDC_0x8ac76a51cc950d9822d68b83fe1ad97b32cd580d,1641125353,1641125353,1,8.871017464331031e+21,8871.017464331031,8871.017464331031,0.000000,0.000000,0.800000,tx_agg_rolling_1800s_same_asset_group_or_route,Celer
BNB,bnb_flow_ed438e2b12bf4e__synth_split_g,0x9585f77017a254ec961558fc76e7d4768366ceba681ff2840cd50f14b1dff184,0xa7351adb4ed394ff1a5da6eda787526338877499|0xdd90e5e87a2081dcf0391920868ebc2ffb81a1af,0xa7351adb4ed394ff1a5da6eda787526338877499,0x8ac76a51cc950d9822d68b83fe1ad97b32cd580d,USDC,stable:USDC,0x9585f77017a254ec961558fc76e7d4768366ceba681ff2840cd50f14b1dff184_None_USDC_0x8ac76a51cc950d9822d68b83fe1ad97b32cd580d,1641125353,1641125353,1,8.871017464331031e+21,8871.017464331031,8871.017464331031,0.000000,0.000000,0.800000,tx_agg_rolling_1800s_same_asset_group_or_route,Celer
BNB,bnb_flow_ed438e2b12bf4e__synth_split_h,0x9585f77017a254ec961558fc76e7d4768366ceba681ff2840cd50f14b1dff184,0xa7351adb4ed394ff1a5da6eda787526338877499|0xdd90e5e87a2081dcf0391920868ebc2ffb81a1af,0xa7351adb4ed394ff1a5da6eda787526338877499,0x8ac76a51cc950d9822d68b83fe1ad97b32cd580d,USDC,stable:USDC,0x9585f77017a254ec961558fc76e7d4768366ceba681ff2840cd50f14b1dff184_None_USDC_0x8ac76a51cc950d9822d68b83fe1ad97b32cd580d,1641125353,1641125353,1,8.871017464331031e+21,8871.017464331031,8871.017464331031,0.000000,0.000000,0.800000,tx_agg_rolling_1800s_same_asset_group_or_route,Celer
BNB,bnb_flow_ed438e2b12bf4e__synth_merge_dst,0x9585f77017a254ec961558fc76e7d4768366ceba681ff2840cd50f14b1dff184,0xa7351adb4ed394ff1a5da6eda787526338877499|0xdd90e5e87a2081dcf0391920868ebc2ffb81a1af,0xa7351adb4ed394ff1a5da6eda787526338877499,0x8ac76a51cc950d9822d68b83fe1ad97b32cd580d,USDC,stable:USDC,0x9585f77017a254ec961558fc76e7d4768366ceba681ff2840cd50f14b1dff184_None_USDC_0x8ac76a51cc950d9822d68b83fe1ad97b32cd580d,1641125353,1641125353,1,7.096813971464825e+22,70968.13971464825,70968.13971464825,0.000000,0.000000,0.800000,tx_agg_rolling_1800s_same_asset_group_or_route,Celer
BNB,bnb_flow_ed438e2b12bf4e__synth_hidden_dst,0x9585f77017a254ec961558fc76e7d4768366ceba681ff2840cd50f14b1dff184,0xa7351adb4ed394ff1a5da6eda787526338877499|0xdd90e5e87a2081dcf0391920868ebc2ffb81a1af,0xa7351adb4ed394ff1a5da6eda787526338877499,0x8ac76a51cc950d9822d68b83fe1ad97b32cd580d,USDC,stable:USDC,0x9585f77017a254ec961558fc76e7d4768366ceba681ff2840cd50f14b1dff184_None_USDC_0x8ac76a51cc950d9822d68b83fe1ad97b32cd580d,1641125353,1641125353,1,7.096813971464825e+22,70968.13971464825,70968.13971464825,0.000000,0.000000,0.800000,tx_agg_rolling_1800s_same_asset_group_or_route,Celer
BNB,bnb_flow_ed438e2b12bf4e__synth_noise_dst_0,0x9585f77017a254ec961558fc76e7d4768366ceba681ff2840cd50f14b1dff184,0xa7351adb4ed394ff1a5da6eda787526338877499|0xdd90e5e87a2081dcf0391920868ebc2ffb81a1af,0xa7351adb4ed394ff1a5da6eda787526338877499,0x8ac76a51cc950d9822d68b83fe1ad97b32cd580d,USDC,stable:USDC,0x9585f77017a254ec961558fc76e7d4768366ceba681ff2840cd50f14b1dff184_None_USDC_0x8ac76a51cc950d9822d68b83fe1ad97b32cd580d,1641125413,1641125413,1,7.096813971464825e+22,70968.13971464825,70968.13971464825,0.000000,0.000000,0.800000,tx_agg_rolling_1800s_same_asset_group_or_route,Celer
BNB,bnb_flow_ed438e2b12bf4e__synth_noise_dst_1,0x9585f77017a254ec961558fc76e7d4768366ceba681ff2840cd50f14b1dff184,0xa7351adb4ed394ff1a5da6eda787526338877499|0xdd90e5e87a2081dcf0391920868ebc2ffb81a1af,0xa7351adb4ed394ff1a5da6eda787526338877499,0x8ac76a51cc950d9822d68b83fe1ad97b32cd580d,USDC,stable:USDC,0x9585f77017a254ec961558fc76e7d4768366ceba681ff2840cd50f14b1dff184_None_USDC_0x8ac76a51cc950d9822d68b83fe1ad97b32cd580d,1641125473,1641125473,1,7.096813971464825e+22,70968.13971464825,70968.13971464825,0.000000,0.000000,0.800000,tx_agg_rolling_1800s_same_asset_group_or_route,Celer
