chain,bridge,flow_id,tx_hashes,address_set,primary_address,token_contracts,token_symbols,asset_group,route_id,start_time,end_time,tx_count,raw_amount_sum,human_amount_sum,usd_amount_sum,aml_score_mean,aml_score_max,evidence_quality_mean,flow_construction_rule,bridge_contract_hit
BNB,Poly,bnb_flow_0x1b1204ce6275__synth_split_a,0x1b1204ce62754eae47e6bf979e5fc0df6e00d01dbbfe3c5e5270ef6712ca8b20,0x12bb890508c125661e03b09ec06e404bc9289040|0x2f7ac9436ba4b548f9582af91ca1ef02cd2f1f03|0x81c2e2a049bf1b350b13feb3017af3614dbdf719,0x81c2e2a049bf1b350b13feb3017af3614dbdf719,0x12bb890508c125661e03b09ec06e404bc9289040,RACA,RACA,0x1b1204ce62754eae47e6bf979e5fc0df6e00d01dbbfe3c5e5270ef6712ca8b20_RACA,1648342879,1648342879,1,5.88641744140904e+22,58864.174414090405,0.8258340258687935,0,0,0.825000,bridge_dst_event_flow,True
BNB,Poly,bnb_flow_0x1b1204ce6275__synth_split_b,0x1b1204ce62754eae47e6bf979e5fc0df6e00d01dbbfe3c5e5270ef6712ca8b20,0x12bb890508c125661e03b09ec06e404bc9289040|0x2f7ac9436ba4b548f9582af91ca1ef02cd2f1f03|0x81c2e2a049bf1b350b13feb3017af3614dbdf719,0x81c2e2a049bf1b350b13feb3017af3614dbdf719,0x12bb890508c125661e03b09ec06e404bc9289040,RACA,RACA,0x1b1204ce62754eae47e6bf979e5fc0df6e00d01dbbfe3c5e5270ef6712ca8b20_RACA,1648342879,1648342879,1,5.88641744140904e+22,58864.174414090405,0.8258340258687935,0,0,0.825000,bridge_dst_event_flow,True
BNB,Poly,bnb_flow_0x1b1204ce6275__synth_split_c,0x1b1204ce62754eae47e6bf979e5fc0df6e00d01dbbfe3c5e5270ef6712ca8b20,0x12bb890508c125661e03b09ec06e404bc9289040|0x2f7ac9436ba4b548f9582af91ca1ef02cd2f1f03|0x81c2e2a049bf1b350b13feb3017af3614dbdf719,0x81c2e2a049bf1b350b13feb3017af3614dbdf719,0x12bb890508c125661e03b09ec06e404bc9289040,RACA,RACA,0x1b1204ce62754eae47e6bf979e5fc0df6e00d01dbbfe3c5e5270ef6712ca8b20_RACA,1648342879,1648342879,1,5.88641744140904e+22,58864.174414090405,0.8258340258687935,0,0,0.825000,bridge_dst_event_flow,True
BNB,Poly,bnb_flow_0x1b1204ce6275__synth_merge_dst,0x1b1204ce62754eae47e6bf979e5fc0df6e00d01dbbfe3c5e5270ef6712ca8b20,0x12bb890508c125661e03b09ec06e404bc9289040|0x2f7ac9436ba4b548f9582af91ca1ef02cd2f1f03|0x81c2e2a049bf1b350b13feb3017af3614dbdf719,0x81c2e2a049bf1b350b13feb3017af3614dbdf719,0x12bb890508c125661e03b09ec06e404bc9289040,RACA,RACA,0x1b1204ce62754eae47e6bf979e5fc0df6e00d01dbbfe3c5e5270ef6712ca8b20_RACA,1648342879,1648342879,1,1.765925232422712e+23,176592.5232422712,2.4775020776063807,0,0,0.825000,bridge_dst_event_flow,True
BNB,Poly,bnb_flow_0x1b1204ce6275__synth_hidden_dst,0x1b1204ce62754eae47e6bf979e5fc0df6e00d01dbbfe3c5e5270ef6712ca8b20,0x12bb890508c125661e03b09ec06e404bc9289040|0x2f7ac9436ba4b548f9582af91ca1ef02cd2f1f03|0x81c2e2a049bf1b350b13feb3017af3614dbdf719,0x81c2e2a049bf1b350b13feb3017af3614dbdf719,0x12bb890508c125661e03b09ec06e404bc9289040,RACA,RACA,0x1b1204ce62754eae47e6bf979e5fc0df6e00d01dbbfe3c5e5270ef6712ca8b20_RACA,1648342879,1648342879,1,1.765925232422712e+23,176592.5232422712,2.4775020776063807,0,0,0.825000,bridge_dst_event_flow,True
BNB,Poly,bnb_flow_0x1b1204ce6275__synth_noise_dst_0,0x1b1204ce62754eae47e6bf979e5fc0df6e00d01dbbfe3c5e5270ef6712ca8b20,0x12bb890508c125661e03b09ec06e404bc9289040|0x2f7ac9436ba4b548f9582af91ca1ef02cd2f1f03|0x81c2e2a049bf1b350b13feb3017af3614dbdf719,0x81c2e2a049bf1b350b13feb3017af3614dbdf719,0x12bb890508c125661e03b09ec06e404bc9289040,RACA,RACA,0x1b1204ce62754eae47e6bf979e5fc0df6e00d01dbbfe3c5e5270ef6712ca8b20_RACA,1648342939,1648342939,1,1.765925232422712e+23,176592.5232422712,2.4775020776063807,0,0,0.825000,bridge_dst_event_flow,True
BNB,Poly,bnb_flow_0x1b1204ce6275__synth_noise_dst_1,0x1b1204ce62754eae47e6bf979e5fc0df6e00d01dbbfe3c5e5270ef6712ca8b20,0x12bb890508c125661e03b09ec06e404bc9289040|0x2f7ac9436ba4b548f9582af91ca1ef02cd2f1f03|0x81c2e2a049bf1b350b13feb3017af3614dbdf719,0x81c2e2a049bf1b350b13feb3017af3614dbdf719,0x12bb890508c125661e03b09ec06e404bc9289040,RACA,RACA,0x1b1204ce62754eae47e6bf979e5fc0df6e00d01dbbfe3c5e5270ef6712ca8b20_RACA,1648342999,1648342999,1,1.765925232422712e+23,176592.5232422712,2.4775020776063807,0,0,0.825000,bridge_dst_event_flow,True
BNB,Poly,bnb_flow_0x4496d3ab2d65__synth_split_a,0x4496d3ab2d65667d418ce436c859f2dd7e6fa39963b6abe94be561f155529f27,0x2f7ac9436ba4b548f9582af91ca1ef02cd2f1f03|0x398f7827dccbefe6990478876bbf3612d93baf05|0xcfc387b2d9bb52200d942752f44a41d658ee82de,0xcfc387b2d9bb52200d942752f44a41d658ee82de,0x398f7827dccbefe6990478876bbf3612d93baf05,MIX,MIX,0x4496d3ab2d65667d418ce436c859f2dd7e6fa39963b6abe94be561f155529f27_MIX,1651989341,1651989341,1,4.511568294e+23,451156.8294,0.733195115537253,0,0,0.825000,bridge_dst_event_flow,True
BNB,Poly,bnb_flow_0x4496d3ab2d65__synth_split_b,0x4496d3ab2d65667d418ce436c859f2dd7e6fa39963b6abe94be561f155529f27,0x2f7ac9436ba4b548f9582af91ca1ef02cd2f1f03|0x398f7827dccbefe6990478876bbf3612d93baf05|0xcfc387b2d9bb52200d942752f44a41d658ee82de,0xcfc387b2d9bb52200d942752f44a41d658ee82de,0x398f7827dccbefe6990478876bbf3612d93baf05,MIX,MIX,0x4496d3ab2d65667d418ce436c859f2dd7e6fa39963b6abe94be561f155529f27_MIX,1651989341,1651989341,1,4.511568294e+23,451156.8294,0.733195115537253,0,0,0.825000,bridge_dst_event_flow,True
BNB,Poly,bnb_flow_0x4496d3ab2d65__synth_merge_dst,0x4496d3ab2d65667d418ce436c859f2dd7e6fa39963b6abe94be561f155529f27,0x2f7ac9436ba4b548f9582af91ca1ef02cd2f1f03|0x398f7827dccbefe6990478876bbf3612d93baf05|0xcfc387b2d9bb52200d942752f44a41d658ee82de,0xcfc387b2d9bb52200d942752f44a41d658ee82de,0x398f7827dccbefe6990478876bbf3612d93baf05,MIX,MIX,0x4496d3ab2d65667d418ce436c859f2dd7e6fa39963b6abe94be561f155529f27_MIX,1651989341,1651989341,1,9.023136588e+23,902313.6588,1.466390231074506,0,0,0.825000,bridge_dst_event_flow,True
BNB,Poly,bnb_flow_0x4496d3ab2d65__synth_hidden_dst,0x4496d3ab2d65667d418ce436c859f2dd7e6fa39963b6abe94be561f155529f27,0x2f7ac9436ba4b548f9582af91ca1ef02cd2f1f03|0x398f7827dccbefe6990478876bbf3612d93baf05|0xcfc387b2d9bb52200d942752f44a41d658ee82de,0xcfc387b2d9bb52200d942752f44a41d658ee82de,0x398f7827dccbefe6990478876bbf3612d93baf05,MIX,MIX,0x4496d3ab2d65667d418ce436c859f2dd7e6fa39963b6abe94be561f155529f27_MIX,1651989341,1651989341,1,9.023136588e+23,902313.6588,1.466390231074506,0,0,0.825000,bridge_dst_event_flow,True
BNB,Poly,bnb_flow_0x4496d3ab2d65__synth_noise_dst_0,0x4496d3ab2d65667d418ce436c859f2dd7e6fa39963b6abe94be561f155529f27,0x2f7ac9436ba4b548f9582af91ca1ef02cd2f1f03|0x398f7827dccbefe6990478876bbf3612d93baf05|0xcfc387b2d9bb52200d942752f44a41d658ee82de,0xcfc387b2d9bb52200d942752f44a41d658ee82de,0x398f7827dccbefe6990478876bbf3612d93baf05,MIX,MIX,0x4496d3ab2d65667d418ce436c859f2dd7e6fa39963b6abe94be561f155529f27_MIX,1651989401,1651989401,1,9.023136588e+23,902313.6588,1.466390231074506,0,0,0.825000,bridge_dst_event_flow,True
BNB,Poly,bnb_flow_0x4496d3ab2d65__synth_noise_dst_1,0x4496d3ab2d65667d418ce436c859f2dd7e6fa39963b6abe94be561f155529f27,0x2f7ac9436ba4b548f9582af91ca1ef02cd2f1f03|0x398f7827dccbefe6990478876bbf3612d93baf05|0xcfc387b2d9bb52200d942752f44a41d658ee82de,0xcfc387b2d9bb52200d942752f44a41d658ee82de,0x398f7827dccbefe6990478876bbf3612d93baf05,MIX,MIX,0x4496d3ab2d65667d418ce436c859f2dd7e6fa39963b6abe94be561f155529f27_MIX,1651989461,1651989461,1,9.023136588e+23,902313.6588,1.466390231074506,0,0,0.825000,bridge_dst_event_flow,True
BNB,Poly,bnb_flow_0x295c6044989a__synth_split_a,0x295c6044989a162bb292ecd0f4a5d87d573e673dfbf5e0b7a4218be2c8673d7c,0x12bb890508c125661e03b09ec06e404bc9289040|0x2f7ac9436ba4b548f9582af91ca1ef02cd2f1f03|0x785595c97f86f7b6e2e9a7ad9d15db25fca09000,0x785595c97f86f7b6e2e9a7ad9d15db25fca09000,0x12bb890508c125661e03b09ec06e404bc9289040,RACA,RACA,0x295c6044989a162bb292ecd0f4a5d87d573e673dfbf5e0b7a4218be2c8673d7c_RACA,1645187017,1645187017,1,6.852818501670451e+22,68528.1850167045,0.9614151133712305,0,0,0.825000,bridge_dst_event_flow,True
BNB,Poly,bnb_flow_0x295c6044989a__synth_split_b,0x295c6044989a162bb292ecd0f4a5d87d573e673dfbf5e0b7a4218be2c8673d7c,0x12bb890508c125661e03b09ec06e404bc9289040|0x2f7ac9436ba4b548f9582af91ca1ef02cd2f1f03|0x785595c97f86f7b6e2e9a7ad9d15db25fca09000,0x785595c97f86f7b6e2e9a7ad9d15db25fca09000,0x12bb890508c125661e03b09ec06e404bc9289040,RACA,RACA,0x295c6044989a162bb292ecd0f4a5d87d573e673dfbf5e0b7a4218be2c8673d7c_RACA,1645187017,1645187017,1,6.852818501670451e+22,68528.1850167045,0.9614151133712305,0,0,0.825000,bridge_dst_event_flow,True
BNB,Poly,bnb_flow_0x295c6044989a__synth_merge_dst,0x295c6044989a162bb292ecd0f4a5d87d573e673dfbf5e0b7a4218be2c8673d7c,0x12bb890508c125661e03b09ec06e404bc9289040|0x2f7ac9436ba4b548f9582af91ca1ef02cd2f1f03|0x785595c97f86f7b6e2e9a7ad9d15db25fca09000,0x785595c97f86f7b6e2e9a7ad9d15db25fca09000,0x12bb890508c125661e03b09ec06e404bc9289040,RACA,RACA,0x295c6044989a162bb292ecd0f4a5d87d573e673dfbf5e0b7a4218be2c8673d7c_RACA,1645187017,1645187017,1,1.3705637003340902e+23,137056.370033409,1.922830226742461,0,0,0.825000,bridge_dst_event_flow,True
BNB,Poly,bnb_flow_0x295c6044989a__synth_hidden_dst,0x295c6044989a162bb292ecd0f4a5d87d573e673dfbf5e0b7a4218be2c8673d7c,0x12bb890508c125661e03b09ec06e404bc9289040|0x2f7ac9436ba4b548f9582af91ca1ef02cd2f1f03|0x785595c97f86f7b6e2e9a7ad9d15db25fca09000,0x785595c97f86f7b6e2e9a7ad9d15db25fca09000,0x12bb890508c125661e03b09ec06e404bc9289040,RACA,RACA,0x295c6044989a162bb292ecd0f4a5d87d573e673dfbf5e0b7a4218be2c8673d7c_RACA,1645187017,1645187017,1,1.3705637003340902e+23,137056.370033409,1.922830226742461,0,0,0.825000,bridge_dst_event_flow,True
BNB,Poly,bnb_flow_0x295c6044989a__synth_noise_dst_0,0x295c6044989a162bb292ecd0f4a5d87d573e673dfbf5e0b7a4218be2c8673d7c,0x12bb890508c125661e03b09ec06e404bc9289040|0x2f7ac9436ba4b548f9582af91ca1ef02cd2f1f03|0x785595c97f86f7b6e2e9a7ad9d15db25fca09000,0x785595c97f86f7b6e2e9a7ad9d15db25fca09000,0x12bb890508c125661e03b09ec06e404bc9289040,RACA,RACA,0x295c6044989a162bb292ecd0f4a5d87d573e673dfbf5e0b7a4218be2c8673d7c_RACA,1645187077,1645187077,1,1.3705637003340902e+23,137056.370033409,1.922830226742461,0,0,0.825000,bridge_dst_event_flow,True
BNB,Poly,bnb_flow_0x295c6044989a__synth_noise_dst_1,0x295c6044989a162bb292ecd0f4a5d87d573e673dfbf5e0b7a4218be2c8673d7c,0x12bb890508c125661e03b09ec06e404bc9289040|0x2f7ac9436ba4b548f9582af91ca1ef02cd2f1f03|0x785595c97f86f7b6e2e9a7ad9d15db25fca09000,0x785595c97f86f7b6e2e9a7ad9d15db25fca09000,0x12bb890508c125661e03b09ec06e404bc9289040,RACA,RACA,0x295c6044989a162bb292ecd0f4a5d87d573e673dfbf5e0b7a4218be2c8673d7c_RACA,1645187137,1645187137,1,1.3705637003340902e+23,137056.370033409,1.922830226742461,0,0,0.825000,bridge_dst_event_flow,True
BNB,Poly,bnb_flow_0xd1cdaf547f35__synth_split_a,0xd1cdaf547f35752c93556002b8c78fec3970add5c41717353f5f77ac7023b6e4,0x2f7ac9436ba4b548f9582af91ca1ef02cd2f1f03|0xe552fb52a4f19e44ef5a967632dbc320b0820639|0xf0a599b2c1e75d2ecadcdd44b5276b0b006b593a,0xf0a599b2c1e75d2ecadcdd44b5276b0b006b593a,0xe552fb52a4f19e44ef5a967632dbc320b0820639,Metis,Metis,0xd1cdaf547f35752c93556002b8c78fec3970add5c41717353f5f77ac7023b6e4_Metis,1649729841,1649729841,1,1.8716789e+17,0.18716789,0.5089702360218918,0,0,0.825000,bridge_dst_event_flow,True
BNB,Poly,bnb_flow_0xd1cdaf547f35__synth_split_b,0xd1cdaf547f35752c93556002b8c78fec3970add5c41717353f5f77ac7023b6e4,0x2f7ac9436ba4b548f9582af91ca1ef02cd2f1f03|0xe552fb52a4f19e44ef5a967632dbc320b0820639|0xf0a599b2c1e75d2ecadcdd44b5276b0b006b593a,0xf0a599b2c1e75d2ecadcdd44b5276b0b006b593a,0xe552fb52a4f19e44ef5a967632dbc320b0820639,Metis,Metis,0xd1cdaf547f35752c93556002b8c78fec3970add5c41717353f5f77ac7023b6e4_Metis,1649729841,1649729841,1,1.8716789e+17,0.18716789,0.5089702360218918,0,0,0.825000,bridge_dst_event_flow,True
BNB,Poly,bnb_flow_0xd1cdaf547f35__synth_merge_dst,0xd1cdaf547f35752c93556002b8c78fec3970add5c41717353f5f77ac7023b6e4,0x2f7ac9436ba4b548f9582af91ca1ef02cd2f1f03|0xe552fb52a4f19e44ef5a967632dbc320b0820639|0xf0a599b2c1e75d2ecadcdd44b5276b0b006b593a,0xf0a599b2c1e75d2ecadcdd44b5276b0b006b593a,0xe552fb52a4f19e44ef5a967632dbc320b0820639,Metis,Metis,0xd1cdaf547f35752c93556002b8c78fec3970add5c41717353f5f77ac7023b6e4_Metis,1649729841,1649729841,1,3.7433578e+17,0.37433578,1.0179404720437837,0,0,0.825000,bridge_dst_event_flow,True
BNB,Poly,bnb_flow_0xd1cdaf547f35__synth_hidden_dst,0xd1cdaf547f35752c93556002b8c78fec3970add5c41717353f5f77ac7023b6e4,0x2f7ac9436ba4b548f9582af91ca1ef02cd2f1f03|0xe552fb52a4f19e44ef5a967632dbc320b0820639|0xf0a599b2c1e75d2ecadcdd44b5276b0b006b593a,0xf0a599b2c1e75d2ecadcdd44b5276b0b006b593a,0xe552fb52a4f19e44ef5a967632dbc320b0820639,Metis,Metis,0xd1cdaf547f35752c93556002b8c78fec3970add5c41717353f5f77ac7023b6e4_Metis,1649729841,1649729841,1,3.7433578e+17,0.37433578,1.0179404720437837,0,0,0.825000,bridge_dst_event_flow,True
BNB,Poly,bnb_flow_0xd1cdaf547f35__synth_noise_dst_0,0xd1cdaf547f35752c93556002b8c78fec3970add5c41717353f5f77ac7023b6e4,0x2f7ac9436ba4b548f9582af91ca1ef02cd2f1f03|0xe552fb52a4f19e44ef5a967632dbc320b0820639|0xf0a599b2c1e75d2ecadcdd44b5276b0b006b593a,0xf0a599b2c1e75d2ecadcdd44b5276b0b006b593a,0xe552fb52a4f19e44ef5a967632dbc320b0820639,Metis,Metis,0xd1cdaf547f35752c93556002b8c78fec3970add5c41717353f5f77ac7023b6e4_Metis,1649729901,1649729901,1,3.7433578e+17,0.37433578,1.0179404720437837,0,0,0.825000,bridge_dst_event_flow,True
BNB,Poly,bnb_flow_0xd1cdaf547f35__synth_noise_dst_1,0xd1cdaf547f35752c93556002b8c78fec3970add5c41717353f5f77ac7023b6e4,0x2f7ac9436ba4b548f9582af91ca1ef02cd2f1f03|0xe552fb52a4f19e44ef5a967632dbc320b0820639|0xf0a599b2c1e75d2ecadcdd44b5276b0b006b593a,0xf0a599b2c1e75d2ecadcdd44b5276b0b006b593a,0xe552fb52a4f19e44ef5a967632dbc320b0820639,Metis,Metis,0xd1cdaf547f35752c93556002b8c78fec3970add5c41717353f5f77ac7023b6e4_Metis,1649729961,1649729961,1,3.7433578e+17,0.37433578,1.0179404720437837,0,0,0.825000,bridge_dst_event_flow,True
BNB,Poly,bnb_flow_0x51ce34791475__synth_split_a,0x51ce347914758191d1caa1811d02f906319bbe4b323d316f187059ba8375ce2d,0x2f7ac9436ba4b548f9582af91ca1ef02cd2f1f03|0x398f7827dccbefe6990478876bbf3612d93baf05|0x500c6d28fdae42a2e207fe70e6ae7e59f50543ad,0x500c6d28fdae42a2e207fe70e6ae7e59f50543ad,0x398f7827dccbefe6990478876bbf3612d93baf05,MIX,MIX,0x51ce347914758191d1caa1811d02f906319bbe4b323d316f187059ba8375ce2d_MIX,1660045378,1660045378,1,1.6179795565e+23,161797.95565,0.2629450848483445,0,0,0.825000,bridge_dst_event_flow,True
BNB,Poly,bnb_flow_0x51ce34791475__synth_split_b,0x51ce347914758191d1caa1811d02f906319bbe4b323d316f187059ba8375ce2d,0x2f7ac9436ba4b548f9582af91ca1ef02cd2f1f03|0x398f7827dccbefe6990478876bbf3612d93baf05|0x500c6d28fdae42a2e207fe70e6ae7e59f50543ad,0x500c6d28fdae42a2e207fe70e6ae7e59f50543ad,0x398f7827dccbefe6990478876bbf3612d93baf05,MIX,MIX,0x51ce347914758191d1caa1811d02f906319bbe4b323d316f187059ba8375ce2d_MIX,1660045378,1660045378,1,1.6179795565e+23,161797.95565,0.2629450848483445,0,0,0.825000,bridge_dst_event_flow,True
BNB,Poly,bnb_flow_0x51ce34791475__synth_split_c,0x51ce347914758191d1caa1811d02f906319bbe4b323d316f187059ba8375ce2d,0x2f7ac9436ba4b548f9582af91ca1ef02cd2f1f03|0x398f7827dccbefe6990478876bbf3612d93baf05|0x500c6d28fdae42a2e207fe70e6ae7e59f50543ad,0x500c6d28fdae42a2e207fe70e6ae7e59f50543ad,0x398f7827dccbefe6990478876bbf3612d93baf05,MIX,MIX,0x51ce347914758191d1caa1811d02f906319bbe4b323d316f187059ba8375ce2d_MIX,1660045378,1660045378,1,1.6179795565e+23,161797.95565,0.2629450848483445,0,0,0.825000,bridge_dst_event_flow,True
BNB,Poly,bnb_flow_0x51ce34791475__synth_split_d,0x51ce347914758191d1caa1811d02f906319bbe4b323d316f187059ba8375ce2d,0x2f7ac9436ba4b548f9582af91ca1ef02cd2f1f03|0x398f7827dccbefe6990478876bbf3612d93baf05|0x500c6d28fdae42a2e207fe70e6ae7e59f50543ad,0x500c6d28fdae42a2e207fe70e6ae7e59f50543ad,0x398f7827dccbefe6990478876bbf3612d93baf05,MIX,MIX,0x51ce347914758191d1caa1811d02f906319bbe4b323d316f187059ba8375ce2d_MIX,1660045378,1660045378,1,1.6179795565e+23,161797.95565,0.2629450848483445,0,0,0.825000,bridge_dst_event_flow,True
BNB,Poly,bnb_flow_0x51ce34791475__synth_split_e,0x51ce347914758191d1caa1811d02f906319bbe4b323d316f187059ba8375ce2d,0x2f7ac9436ba4b548f9582af91ca1ef02cd2f1f03|0x398f7827dccbefe6990478876bbf3612d93baf05|0x500c6d28fdae42a2e207fe70e6ae7e59f50543ad,0x500c6d28fdae42a2e207fe70e6ae7e59f50543ad,0x398f7827dccbefe6990478876bbf3612d93baf05,MIX,MIX,0x51ce347914758191d1caa1811d02f906319bbe4b323d316f187059ba8375ce2d_MIX,1660045378,1660045378,1,1.6179795565e+23,161797.95565,0.2629450848483445,0,0,0.825000,bridge_dst_event_flow,True
BNB,Poly,bnb_flow_0x51ce34791475__synth_split_f,0x51ce347914758191d1caa1811d02f906319bbe4b323d316f187059ba8375ce2d,0x2f7ac9436ba4b548f9582af91ca1ef02cd2f1f03|0x398f7827dccbefe6990478876bbf3612d93baf05|0x500c6d28fdae42a2e207fe70e6ae7e59f50543ad,0x500c6d28fdae42a2e207fe70e6ae7e59f50543ad,0x398f7827dccbefe6990478876bbf3612d93baf05,MIX,MIX,0x51ce347914758191d1caa1811d02f906319bbe4b323d316f187059ba8375ce2d_MIX,1660045378,1660045378,1,1.6179795565e+23,161797.95565,0.2629450848483445,0,0,0.825000,bridge_dst_event_flow,True
BNB,Poly,bnb_flow_0x51ce34791475__synth_merge_dst,0x51ce347914758191d1caa1811d02f906319bbe4b323d316f187059ba8375ce2d,0x2f7ac9436ba4b548f9582af91ca1ef02cd2f1f03|0x398f7827dccbefe6990478876bbf3612d93baf05|0x500c6d28fdae42a2e207fe70e6ae7e59f50543ad,0x500c6d28fdae42a2e207fe70e6ae7e59f50543ad,0x398f7827dccbefe6990478876bbf3612d93baf05,MIX,MIX,0x51ce347914758191d1caa1811d02f906319bbe4b323d316f187059ba8375ce2d_MIX,1660045378,1660045378,1,9.707877339e+23,970787.7339,1.5776705090900671,0,0,0.825000,bridge_dst_event_flow,True
BNB,Poly,bnb_flow_0x51ce34791475__synth_hidden_dst,0x51ce347914758191d1caa1811d02f906319bbe4b323d316f187059ba8375ce2d,0x2f7ac9436ba4b548f9582af91ca1ef02cd2f1f03|0x398f7827dccbefe6990478876bbf3612d93baf05|0x500c6d28fdae42a2e207fe70e6ae7e59f50543ad,0x500c6d28fdae42a2e207fe70e6ae7e59f50543ad,0x398f7827dccbefe6990478876bbf3612d93baf05,MIX,MIX,0x51ce347914758191d1caa1811d02f906319bbe4b323d316f187059ba8375ce2d_MIX,1660045378,1660045378,1,9.707877339e+23,970787.7339,1.5776705090900671,0,0,0.825000,bridge_dst_event_flow,True
BNB,Poly,bnb_flow_0x51ce34791475__synth_noise_dst_0,0x51ce347914758191d1caa1811d02f906319bbe4b323d316f187059ba8375ce2d,0x2f7ac9436ba4b548f9582af91ca1ef02cd2f1f03|0x398f7827dccbefe6990478876bbf3612d93baf05|0x500c6d28fdae42a2e207fe70e6ae7e59f50543ad,0x500c6d28fdae42a2e207fe70e6ae7e59f50543ad,0x398f7827dccbefe6990478876bbf3612d93baf05,MIX,MIX,0x51ce347914758191d1caa1811d02f906319bbe4b323d316f187059ba8375ce2d_MIX,1660045438,1660045438,1,9.707877339e+23,970787.7339,1.5776705090900671,0,0,0.825000,bridge_dst_event_flow,True
BNB,Poly,bnb_flow_0x51ce34791475__synth_noise_dst_1,0x51ce347914758191d1caa1811d02f906319bbe4b323d316f187059ba8375ce2d,0x2f7ac9436ba4b548f9582af91ca1ef02cd2f1f03|0x398f7827dccbefe6990478876bbf3612d93baf05|0x500c6d28fdae42a2e207fe70e6ae7e59f50543ad,0x500c6d28fdae42a2e207fe70e6ae7e59f50543ad,0x398f7827dccbefe6990478876bbf3612d93baf05,MIX,MIX,0x51ce347914758191d1caa1811d02f906319bbe4b323d316f187059ba8375ce2d_MIX,1660045498,1660045498,1,9.707877339e+23,970787.7339,1.5776705090900671,0,0,0.825000,bridge_dst_event_flow,True
BNB,Poly,bnb_flow_0x09d02d3aa4c1__synth_split_a,0x09d02d3aa4c1cbef7235db56eb99fae189b690de9f88f6bded0ebd47570f90c3,0x2f7ac9436ba4b548f9582af91ca1ef02cd2f1f03|0x398f7827dccbefe6990478876bbf3612d93baf05|0xcfc387b2d9bb52200d942752f44a41d658ee82de,0xcfc387b2d9bb52200d942752f44a41d658ee82de,0x398f7827dccbefe6990478876bbf3612d93baf05,MIX,MIX,0x09d02d3aa4c1cbef7235db56eb99fae189b690de9f88f6bded0ebd47570f90c3_MIX,1652135850,1652135850,1,1.4978483333333333e+23,149784.8333333333,0.24342202317454603,0,0,0.825000,bridge_dst_event_flow,True
BNB,Poly,bnb_flow_0x09d02d3aa4c1__synth_split_b,0x09d02d3aa4c1cbef7235db56eb99fae189b690de9f88f6bded0ebd47570f90c3,0x2f7ac9436ba4b548f9582af91ca1ef02cd2f1f03|0x398f7827dccbefe6990478876bbf3612d93baf05|0xcfc387b2d9bb52200d942752f44a41d658ee82de,0xcfc387b2d9bb52200d942752f44a41d658ee82de,0x398f7827dccbefe6990478876bbf3612d93baf05,MIX,MIX,0x09d02d3aa4c1cbef7235db56eb99fae189b690de9f88f6bded0ebd47570f90c3_MIX,1652135850,1652135850,1,1.4978483333333333e+23,149784.8333333333,0.24342202317454603,0,0,0.825000,bridge_dst_event_flow,True
BNB,Poly,bnb_flow_0x09d02d3aa4c1__synth_split_c,0x09d02d3aa4c1cbef7235db56eb99fae189b690de9f88f6bded0ebd47570f90c3,0x2f7ac9436ba4b548f9582af91ca1ef02cd2f1f03|0x398f7827dccbefe6990478876bbf3612d93baf05|0xcfc387b2d9bb52200d942752f44a41d658ee82de,0xcfc387b2d9bb52200d942752f44a41d658ee82de,0x398f7827dccbefe6990478876bbf3612d93baf05,MIX,MIX,0x09d02d3aa4c1cbef7235db56eb99fae189b690de9f88f6bded0ebd47570f90c3_MIX,1652135850,1652135850,1,1.4978483333333333e+23,149784.8333333333,0.24342202317454603,0,0,0.825000,bridge_dst_event_flow,True
BNB,Poly,bnb_flow_0x09d02d3aa4c1__synth_split_d,0x09d02d3aa4c1cbef7235db56eb99fae189b690de9f88f6bded0ebd47570f90c3,0x2f7ac9436ba4b548f9582af91ca1ef02cd2f1f03|0x398f7827dccbefe6990478876bbf3612d93baf05|0xcfc387b2d9bb52200d942752f44a41d658ee82de,0xcfc387b2d9bb52200d942752f44a41d658ee82de,0x398f7827dccbefe6990478876bbf3612d93baf05,MIX,MIX,0x09d02d3aa4c1cbef7235db56eb99fae189b690de9f88f6bded0ebd47570f90c3_MIX,1652135850,1652135850,1,1.4978483333333333e+23,149784.8333333333,0.24342202317454603,0,0,0.825000,bridge_dst_event_flow,True
BNB,Poly,bnb_flow_0x09d02d3aa4c1__synth_split_e,0x09d02d3aa4c1cbef7235db56eb99fae189b690de9f88f6bded0ebd47570f90c3,0x2f7ac9436ba4b548f9582af91ca1ef02cd2f1f03|0x398f7827dccbefe6990478876bbf3612d93baf05|0xcfc387b2d9bb52200d942752f44a41d658ee82de,0xcfc387b2d9bb52200d942752f44a41d658ee82de,0x398f7827dccbefe6990478876bbf3612d93baf05,MIX,MIX,0x09d02d3aa4c1cbef7235db56eb99fae189b690de9f88f6bded0ebd47570f90c3_MIX,1652135850,1652135850,1,1.4978483333333333e+23,149784.8333333333,0.24342202317454603,0,0,0.825000,bridge_dst_event_flow,True
BNB,Poly,bnb_flow_0x09d02d3aa4c1__synth_split_f,0x09d02d3aa4c1cbef7235db56eb99fae189b690de9f88f6bded0ebd47570f90c3,0x2f7ac9436ba4b548f9582af91ca1ef02cd2f1f03|0x398f7827dccbefe6990478876bbf3612d93baf05|0xcfc387b2d9bb52200d942752f44a41d658ee82de,0xcfc387b2d9bb52200d942752f44a41d658ee82de,0x398f7827dccbefe6990478876bbf3612d93baf05,MIX,MIX,0x09d02d3aa4c1cbef7235db56eb99fae189b690de9f88f6bded0ebd47570f90c3_MIX,1652135850,1652135850,1,1.4978483333333333e+23,149784.8333333333,0.24342202317454603,0,0,0.825000,bridge_dst_event_flow,True
BNB,Poly,bnb_flow_0x09d02d3aa4c1__synth_merge_dst,0x09d02d3aa4c1cbef7235db56eb99fae189b690de9f88f6bded0ebd47570f90c3,0x2f7ac9436ba4b548f9582af91ca1ef02cd2f1f03|0x398f7827dccbefe6990478876bbf3612d93baf05|0xcfc387b2d9bb52200d942752f44a41d658ee82de,0xcfc387b2d9bb52200d942752f44a41d658ee82de,0x398f7827dccbefe6990478876bbf3612d93baf05,MIX,MIX,0x09d02d3aa4c1cbef7235db56eb99fae189b690de9f88f6bded0ebd47570f90c3_MIX,1652135850,1652135850,1,8.98709e+23,898709.0,1.4605321390472763,0,0,0.825000,bridge_dst_event_flow,True
BNB,Poly,bnb_flow_0x09d02d3aa4c1__synth_hidden_dst,0x09d02d3aa4c1cbef7235db56eb99fae189b690de9f88f6bded0ebd47570f90c3,0x2f7ac9436ba4b548f9582af91ca1ef02cd2f1f03|0x398f7827dccbefe6990478876bbf3612d93baf05|0xcfc387b2d9bb52200d942752f44a41d658ee82de,0xcfc387b2d9bb52200d942752f44a41d658ee82de,0x398f7827dccbefe6990478876bbf3612d93baf05,MIX,MIX,0x09d02d3aa4c1cbef7235db56eb99fae189b690de9f88f6bded0ebd47570f90c3_MIX,1652135850,1652135850,1,8.98709e+23,898709.0,1.4605321390472763,0,0,0.825000,bridge_dst_event_flow,True
BNB,Poly,bnb_flow_0x09d02d3aa4c1__synth_noise_dst_0,0x09d02d3aa4c1cbef7235db56eb99fae189b690de9f88f6bded0ebd47570f90c3,0x2f7ac9436ba4b548f9582af91ca1ef02cd2f1f03|0x398f7827dccbefe6990478876bbf3612d93baf05|0xcfc387b2d9bb52200d942752f44a41d658ee82de,0xcfc387b2d9bb52200d942752f44a41d658ee82de,0x398f7827dccbefe6990478876bbf3612d93baf05,MIX,MIX,0x09d02d3aa4c1cbef7235db56eb99fae189b690de9f88f6bded0ebd47570f90c3_MIX,1652135910,1652135910,1,8.98709e+23,898709.0,1.4605321390472763,0,0,0.825000,bridge_dst_event_flow,True
BNB,Poly,bnb_flow_0x09d02d3aa4c1__synth_noise_dst_1,0x09d02d3aa4c1cbef7235db56eb99fae189b690de9f88f6bded0ebd47570f90c3,0x2f7ac9436ba4b548f9582af91ca1ef02cd2f1f03|0x398f7827dccbefe6990478876bbf3612d93baf05|0xcfc387b2d9bb52200d942752f44a41d658ee82de,0xcfc387b2d9bb52200d942752f44a41d658ee82de,0x398f7827dccbefe6990478876bbf3612d93baf05,MIX,MIX,0x09d02d3aa4c1cbef7235db56eb99fae189b690de9f88f6bded0ebd47570f90c3_MIX,1652135970,1652135970,1,8.98709e+23,898709.0,1.4605321390472763,0,0,0.825000,bridge_dst_event_flow,True
BNB,Poly,bnb_flow_0x990c056f0694__synth_split_a,0x990c056f06941d820d6a920159f577d391ae9c8cfbac5f7c1f641a8380fe740c,0x2f7ac9436ba4b548f9582af91ca1ef02cd2f1f03|0x65a8f07bd9a8598e1b5b6c0a88f4779dbc077675|0xc49dde62b4a0810074721faca54aab52369f486a,0x65a8f07bd9a8598e1b5b6c0a88f4779dbc077675,0xc49dde62b4a0810074721faca54aab52369f486a,PKR,PKR,0x990c056f06941d820d6a920159f577d391ae9c8cfbac5f7c1f641a8380fe740c_PKR,1655288584,1655288584,1,3.7447442817981505e+22,37447.44281798151,0.8234071028120341,0,0,0.825000,bridge_dst_event_flow,True
BNB,Poly,bnb_flow_0x990c056f0694__synth_split_b,0x990c056f06941d820d6a920159f577d391ae9c8cfbac5f7c1f641a8380fe740c,0x2f7ac9436ba4b548f9582af91ca1ef02cd2f1f03|0x65a8f07bd9a8598e1b5b6c0a88f4779dbc077675|0xc49dde62b4a0810074721faca54aab52369f486a,0x65a8f07bd9a8598e1b5b6c0a88f4779dbc077675,0xc49dde62b4a0810074721faca54aab52369f486a,PKR,PKR,0x990c056f06941d820d6a920159f577d391ae9c8cfbac5f7c1f641a8380fe740c_PKR,1655288584,1655288584,1,3.7447442817981505e+22,37447.44281798151,0.8234071028120341,0,0,0.825000,bridge_dst_event_flow,True
BNB,Poly,bnb_flow_0x990c056f0694__synth_merge_dst,0x990c056f06941d820d6a920159f577d391ae9c8cfbac5f7c1f641a8380fe740c,0x2f7ac9436ba4b548f9582af91ca1ef02cd2f1f03|0x65a8f07bd9a8598e1b5b6c0a88f4779dbc077675|0xc49dde62b4a0810074721faca54aab52369f486a,0x65a8f07bd9a8598e1b5b6c0a88f4779dbc077675,0xc49dde62b4a0810074721faca54aab52369f486a,PKR,PKR,0x990c056f06941d820d6a920159f577d391ae9c8cfbac5f7c1f641a8380fe740c_PKR,1655288584,1655288584,1,7.489488563596301e+22,74894.88563596302,1.6468142056240682,0,0,0.825000,bridge_dst_event_flow,True
BNB,Poly,bnb_flow_0x990c056f0694__synth_hidden_dst,0x990c056f06941d820d6a920159f577d391ae9c8cfbac5f7c1f641a8380fe740c,0x2f7ac9436ba4b548f9582af91ca1ef02cd2f1f03|0x65a8f07bd9a8598e1b5b6c0a88f4779dbc077675|0xc49dde62b4a0810074721faca54aab52369f486a,0x65a8f07bd9a8598e1b5b6c0a88f4779dbc077675,0xc49dde62b4a0810074721faca54aab52369f486a,PKR,PKR,0x990c056f06941d820d6a920159f577d391ae9c8cfbac5f7c1f641a8380fe740c_PKR,1655288584,1655288584,1,7.489488563596301e+22,74894.88563596302,1.6468142056240682,0,0,0.825000,bridge_dst_event_flow,True
BNB,Poly,bnb_flow_0x990c056f0694__synth_noise_dst_0,0x990c056f06941d820d6a920159f577d391ae9c8cfbac5f7c1f641a8380fe740c,0x2f7ac9436ba4b548f9582af91ca1ef02cd2f1f03|0x65a8f07bd9a8598e1b5b6c0a88f4779dbc077675|0xc49dde62b4a0810074721faca54aab52369f486a,0x65a8f07bd9a8598e1b5b6c0a88f4779dbc077675,0xc49dde62b4a0810074721faca54aab52369f486a,PKR,PKR,0x990c056f06941d820d6a920159f577d391ae9c8cfbac5f7c1f641a8380fe740c_PKR,1655288644,1655288644,1,7.489488563596301e+22,74894.88563596302,1.6468142056240682,0,0,0.825000,bridge_dst_event_flow,True
BNB,Poly,bnb_flow_0x990c056f0694__synth_noise_dst_1,0x990c056f06941d820d6a920159f577d391ae9c8cfbac5f7c1f641a8380fe740c,0x2f7ac9436ba4b548f9582af91ca1ef02cd2f1f03|0x65a8f07bd9a8598e1b5b6c0a88f4779dbc077675|0xc49dde62b4a0810074721faca54aab52369f486a,0x65a8f07bd9a8598e1b5b6c0a88f4779dbc077675,0xc49dde62b4a0810074721faca54aab52369f486a,PKR,PKR,0x990c056f06941d820d6a920159f577d391ae9c8cfbac5f7c1f641a8380fe740c_PKR,1655288704,1655288704,1,7.489488563596301e+22,74894.88563596302,1.6468142056240682,0,0,0.825000,bridge_dst_event_flow,True
BNB,Poly,bnb_flow_0xe52b5db01e79__synth_split_a,0xe52b5db01e79486d3cb7a48e9ec5c2dd6a70393c4816fc973132d477769f93f9,0x2f7ac9436ba4b548f9582af91ca1ef02cd2f1f03|0x398f7827dccbefe6990478876bbf3612d93baf05|0xcfc387b2d9bb52200d942752f44a41d658ee82de,0xcfc387b2d9bb52200d942752f44a41d658ee82de,0x398f7827dccbefe6990478876bbf3612d93baf05,MIX,MIX,0xe52b5db01e79486d3cb7a48e9ec5c2dd6a70393c4816fc973132d477769f93f9_MIX,1655591179,1655591179,1,4.390009021333334e+23,439000.9021333333,0.7134399751604594,0,0,0.825000,bridge_dst_event_flow,True
BNB,Poly,bnb_flow_0xe52b5db01e79__synth_split_b,0xe52b5db01e79486d3cb7a48e9ec5c2dd6a70393c4816fc973132d477769f93f9,0x2f7ac9436ba4b548f9582af91ca1ef02cd2f1f03|0x398f7827dccbefe6990478876bbf3612d93baf05|0xcfc387b2d9bb52200d942752f44a41d658ee82de,0xcfc387b2d9bb52200d942752f44a41d658ee82de,0x398f7827dccbefe6990478876bbf3612d93baf05,MIX,MIX,0xe52b5db01e79486d3cb7a48e9ec5c2dd6a70393c4816fc973132d477769f93f9_MIX,1655591179,1655591179,1,4.390009021333334e+23,439000.9021333333,0.7134399751604594,0,0,0.825000,bridge_dst_event_flow,True
BNB,Poly,bnb_flow_0xe52b5db01e79__synth_split_c,0xe52b5db01e79486d3cb7a48e9ec5c2dd6a70393c4816fc973132d477769f93f9,0x2f7ac9436ba4b548f9582af91ca1ef02cd2f1f03|0x398f7827dccbefe6990478876bbf3612d93baf05|0xcfc387b2d9bb52200d942752f44a41d658ee82de,0xcfc387b2d9bb52200d942752f44a41d658ee82de,0x398f7827dccbefe6990478876bbf3612d93baf05,MIX,MIX,0xe52b5db01e79486d3cb7a48e9ec5c2dd6a70393c4816fc973132d477769f93f9_MIX,1655591179,1655591179,1,4.390009021333334e+23,439000.9021333333,0.7134399751604594,0,0,0.825000,bridge_dst_event_flow,True
BNB,Poly,bnb_flow_0xe52b5db01e79__synth_merge_dst,0xe52b5db01e79486d3cb7a48e9ec5c2dd6a70393c4816fc973132d477769f93f9,0x2f7ac9436ba4b548f9582af91ca1ef02cd2f1f03|0x398f7827dccbefe6990478876bbf3612d93baf05|0xcfc387b2d9bb52200d942752f44a41d658ee82de,0xcfc387b2d9bb52200d942752f44a41d658ee82de,0x398f7827dccbefe6990478876bbf3612d93baf05,MIX,MIX,0xe52b5db01e79486d3cb7a48e9ec5c2dd6a70393c4816fc973132d477769f93f9_MIX,1655591179,1655591179,1,1.3170027064e+24,1317002.7064,2.1403199254813785,0,0,0.825000,bridge_dst_event_flow,True
BNB,Poly,bnb_flow_0xe52b5db01e79__synth_hidden_dst,0xe52b5db01e79486d3cb7a48e9ec5c2dd6a70393c4816fc973132d477769f93f9,0x2f7ac9436ba4b548f9582af91ca1ef02cd2f1f03|0x398f7827dccbefe6990478876bbf3612d93baf05|0xcfc387b2d9bb52200d942752f44a41d658ee82de,0xcfc387b2d9bb52200d942752f44a41d658ee82de,0x398f7827dccbefe6990478876bbf3612d93baf05,MIX,MIX,0xe52b5db01e79486d3cb7a48e9ec5c2dd6a70393c4816fc973132d477769f93f9_MIX,1655591179,1655591179,1,1.3170027064e+24,1317002.7064,2.1403199254813785,0,0,0.825000,bridge_dst_event_flow,True
BNB,Poly,bnb_flow_0xe52b5db01e79__synth_noise_dst_0,0xe52b5db01e79486d3cb7a48e9ec5c2dd6a70393c4816fc973132d477769f93f9,0x2f7ac9436ba4b548f9582af91ca1ef02cd2f1f03|0x398f7827dccbefe6990478876bbf3612d93baf05|0xcfc387b2d9bb52200d942752f44a41d658ee82de,0xcfc387b2d9bb52200d942752f44a41d658ee82de,0x398f7827dccbefe6990478876bbf3612d93baf05,MIX,MIX,0xe52b5db01e79486d3cb7a48e9ec5c2dd6a70393c4816fc973132d477769f93f9_MIX,1655591239,1655591239,1,1.3170027064e+24,1317002.7064,2.1403199254813785,0,0,0.825000,bridge_dst_event_flow,True
BNB,Poly,bnb_flow_0xe52b5db01e79__synth_noise_dst_1,0xe52b5db01e79486d3cb7a48e9ec5c2dd6a70393c4816fc973132d477769f93f9,0x2f7ac9436ba4b548f9582af91ca1ef02cd2f1f03|0x398f7827dccbefe6990478876bbf3612d93baf05|0xcfc387b2d9bb52200d942752f44a41d658ee82de,0xcfc387b2d9bb52200d942752f44a41d658ee82de,0x398f7827dccbefe6990478876bbf3612d93baf05,MIX,MIX,0xe52b5db01e79486d3cb7a48e9ec5c2dd6a70393c4816fc973132d477769f93f9_MIX,1655591299,1655591299,1,1.3170027064e+24,1317002.7064,2.1403199254813785,0,0,0.825000,bridge_dst_event_flow,True
BNB,Poly,bnb_flow_0x05106682cc1d__synth_split_a,0x05106682cc1d435a5e5502b82ab02c6d0b7476f2ea2a003a8dbca0307c98b85c,0x2f7ac9436ba4b548f9582af91ca1ef02cd2f1f03|0x947c4efaf086821ed8f5d3980d466808f3fe4808|0xc49dde62b4a0810074721faca54aab52369f486a,0x947c4efaf086821ed8f5d3980d466808f3fe4808,0xc49dde62b4a0810074721faca54aab52369f486a,PKR,PKR,0x05106682cc1d435a5e5502b82ab02c6d0b7476f2ea2a003a8dbca0307c98b85c_PKR,1670736616,1670736616,1,2.4234770713151936e+22,24234.77071315193,0.5328823769682969,0,0,0.800000,bridge_dst_event_flow,True
BNB,Poly,bnb_flow_0x05106682cc1d__synth_split_b,0x05106682cc1d435a5e5502b82ab02c6d0b7476f2ea2a003a8dbca0307c98b85c,0x2f7ac9436ba4b548f9582af91ca1ef02cd2f1f03|0x947c4efaf086821ed8f5d3980d466808f3fe4808|0xc49dde62b4a0810074721faca54aab52369f486a,0x947c4efaf086821ed8f5d3980d466808f3fe4808,0xc49dde62b4a0810074721faca54aab52369f486a,PKR,PKR,0x05106682cc1d435a5e5502b82ab02c6d0b7476f2ea2a003a8dbca0307c98b85c_PKR,1670736616,1670736616,1,2.4234770713151936e+22,24234.77071315193,0.5328823769682969,0,0,0.800000,bridge_dst_event_flow,True
BNB,Poly,bnb_flow_0x05106682cc1d__synth_split_c,0x05106682cc1d435a5e5502b82ab02c6d0b7476f2ea2a003a8dbca0307c98b85c,0x2f7ac9436ba4b548f9582af91ca1ef02cd2f1f03|0x947c4efaf086821ed8f5d3980d466808f3fe4808|0xc49dde62b4a0810074721faca54aab52369f486a,0x947c4efaf086821ed8f5d3980d466808f3fe4808,0xc49dde62b4a0810074721faca54aab52369f486a,PKR,PKR,0x05106682cc1d435a5e5502b82ab02c6d0b7476f2ea2a003a8dbca0307c98b85c_PKR,1670736616,1670736616,1,2.4234770713151936e+22,24234.77071315193,0.5328823769682969,0,0,0.800000,bridge_dst_event_flow,True
BNB,Poly,bnb_flow_0x05106682cc1d__synth_merge_dst,0x05106682cc1d435a5e5502b82ab02c6d0b7476f2ea2a003a8dbca0307c98b85c,0x2f7ac9436ba4b548f9582af91ca1ef02cd2f1f03|0x947c4efaf086821ed8f5d3980d466808f3fe4808|0xc49dde62b4a0810074721faca54aab52369f486a,0x947c4efaf086821ed8f5d3980d466808f3fe4808,0xc49dde62b4a0810074721faca54aab52369f486a,PKR,PKR,0x05106682cc1d435a5e5502b82ab02c6d0b7476f2ea2a003a8dbca0307c98b85c_PKR,1670736616,1670736616,1,7.270431213945581e+22,72704.3121394558,1.5986471309048909,0,0,0.800000,bridge_dst_event_flow,True
BNB,Poly,bnb_flow_0x05106682cc1d__synth_hidden_dst,0x05106682cc1d435a5e5502b82ab02c6d0b7476f2ea2a003a8dbca0307c98b85c,0x2f7ac9436ba4b548f9582af91ca1ef02cd2f1f03|0x947c4efaf086821ed8f5d3980d466808f3fe4808|0xc49dde62b4a0810074721faca54aab52369f486a,0x947c4efaf086821ed8f5d3980d466808f3fe4808,0xc49dde62b4a0810074721faca54aab52369f486a,PKR,PKR,0x05106682cc1d435a5e5502b82ab02c6d0b7476f2ea2a003a8dbca0307c98b85c_PKR,1670736616,1670736616,1,7.270431213945581e+22,72704.3121394558,1.5986471309048909,0,0,0.800000,bridge_dst_event_flow,True
BNB,Poly,bnb_flow_0x05106682cc1d__synth_noise_dst_0,0x05106682cc1d435a5e5502b82ab02c6d0b7476f2ea2a003a8dbca0307c98b85c,0x2f7ac9436ba4b548f9582af91ca1ef02cd2f1f03|0x947c4efaf086821ed8f5d3980d466808f3fe4808|0xc49dde62b4a0810074721faca54aab52369f486a,0x947c4efaf086821ed8f5d3980d466808f3fe4808,0xc49dde62b4a0810074721faca54aab52369f486a,PKR,PKR,0x05106682cc1d435a5e5502b82ab02c6d0b7476f2ea2a003a8dbca0307c98b85c_PKR,1670736676,1670736676,1,7.270431213945581e+22,72704.3121394558,1.5986471309048909,0,0,0.800000,bridge_dst_event_flow,True
BNB,Poly,bnb_flow_0x05106682cc1d__synth_noise_dst_1,0x05106682cc1d435a5e5502b82ab02c6d0b7476f2ea2a003a8dbca0307c98b85c,0x2f7ac9436ba4b548f9582af91ca1ef02cd2f1f03|0x947c4efaf086821ed8f5d3980d466808f3fe4808|0xc49dde62b4a0810074721faca54aab52369f486a,0x947c4efaf086821ed8f5d3980d466808f3fe4808,0xc49dde62b4a0810074721faca54aab52369f486a,PKR,PKR,0x05106682cc1d435a5e5502b82ab02c6d0b7476f2ea2a003a8dbca0307c98b85c_PKR,1670736736,1670736736,1,7.270431213945581e+22,72704.3121394558,1.5986471309048909,0,0,0.800000,bridge_dst_event_flow,True
BNB,Poly,bnb_flow_0xfd0e41f88bc8__synth_split_a,0xfd0e41f88bc87cbf3738b343a76f97bdad40fec8472838a72b55e0673e4b3a64,0x2f7ac9436ba4b548f9582af91ca1ef02cd2f1f03|0x398f7827dccbefe6990478876bbf3612d93baf05|0xf29f568f971c043df7079a3121e9de616b8998a3,0xf29f568f971c043df7079a3121e9de616b8998a3,0x398f7827dccbefe6990478876bbf3612d93baf05,MIX,MIX,0xfd0e41f88bc87cbf3738b343a76f97bdad40fec8472838a72b55e0673e4b3a64_MIX,1671142114,1671142114,1,3.331666666666666e+23,333166.6666666666,0.5414440317454454,0,0,0.800000,bridge_dst_event_flow,True
BNB,Poly,bnb_flow_0xfd0e41f88bc8__synth_split_b,0xfd0e41f88bc87cbf3738b343a76f97bdad40fec8472838a72b55e0673e4b3a64,0x2f7ac9436ba4b548f9582af91ca1ef02cd2f1f03|0x398f7827dccbefe6990478876bbf3612d93baf05|0xf29f568f971c043df7079a3121e9de616b8998a3,0xf29f568f971c043df7079a3121e9de616b8998a3,0x398f7827dccbefe6990478876bbf3612d93baf05,MIX,MIX,0xfd0e41f88bc87cbf3738b343a76f97bdad40fec8472838a72b55e0673e4b3a64_MIX,1671142114,1671142114,1,3.331666666666666e+23,333166.6666666666,0.5414440317454454,0,0,0.800000,bridge_dst_event_flow,True
BNB,Poly,bnb_flow_0xfd0e41f88bc8__synth_split_c,0xfd0e41f88bc87cbf3738b343a76f97bdad40fec8472838a72b55e0673e4b3a64,0x2f7ac9436ba4b548f9582af91ca1ef02cd2f1f03|0x398f7827dccbefe6990478876bbf3612d93baf05|0xf29f568f971c043df7079a3121e9de616b8998a3,0xf29f568f971c043df7079a3121e9de616b8998a3,0x398f7827dccbefe6990478876bbf3612d93baf05,MIX,MIX,0xfd0e41f88bc87cbf3738b343a76f97bdad40fec8472838a72b55e0673e4b3a64_MIX,1671142114,1671142114,1,3.331666666666666e+23,333166.6666666666,0.5414440317454454,0,0,0.800000,bridge_dst_event_flow,True
BNB,Poly,bnb_flow_0xfd0e41f88bc8__synth_merge_dst,0xfd0e41f88bc87cbf3738b343a76f97bdad40fec8472838a72b55e0673e4b3a64,0x2f7ac9436ba4b548f9582af91ca1ef02cd2f1f03|0x398f7827dccbefe6990478876bbf3612d93baf05|0xf29f568f971c043df7079a3121e9de616b8998a3,0xf29f568f971c043df7079a3121e9de616b8998a3,0x398f7827dccbefe6990478876bbf3612d93baf05,MIX,MIX,0xfd0e41f88bc87cbf3738b343a76f97bdad40fec8472838a72b55e0673e4b3a64_MIX,1671142114,1671142114,1,9.995e+23,999500.0,1.6243320952363365,0,0,0.800000,bridge_dst_event_flow,True
BNB,Poly,bnb_flow_0xfd0e41f88bc8__synth_hidden_dst,0xfd0e41f88bc87cbf3738b343a76f97bdad40fec8472838a72b55e0673e4b3a64,0x2f7ac9436ba4b548f9582af91ca1ef02cd2f1f03|0x398f7827dccbefe6990478876bbf3612d93baf05|0xf29f568f971c043df7079a3121e9de616b8998a3,0xf29f568f971c043df7079a3121e9de616b8998a3,0x398f7827dccbefe6990478876bbf3612d93baf05,MIX,MIX,0xfd0e41f88bc87cbf3738b343a76f97bdad40fec8472838a72b55e0673e4b3a64_MIX,1671142114,1671142114,1,9.995e+23,999500.0,1.6243320952363365,0,0,0.800000,bridge_dst_event_flow,True
BNB,Poly,bnb_flow_0xfd0e41f88bc8__synth_noise_dst_0,0xfd0e41f88bc87cbf3738b343a76f97bdad40fec8472838a72b55e0673e4b3a64,0x2f7ac9436ba4b548f9582af91ca1ef02cd2f1f03|0x398f7827dccbefe6990478876bbf3612d93baf05|0xf29f568f971c043df7079a3121e9de616b8998a3,0xf29f568f971c043df7079a3121e9de616b8998a3,0x398f7827dccbefe6990478876bbf3612d93baf05,MIX,MIX,0xfd0e41f88bc87cbf3738b343a76f97bdad40fec8472838a72b55e0673e4b3a64_MIX,1671142174,1671142174,1,9.995e+23,999500.0,1.6243320952363365,0,0,0.800000,bridge_dst_event_flow,True
BNB,Poly,bnb_flow_0xfd0e41f88bc8__synth_noise_dst_1,0xfd0e41f88bc87cbf3738b343a76f97bdad40fec8472838a72b55e0673e4b3a64,0x2f7ac9436ba4b548f9582af91ca1ef02cd2f1f03|0x398f7827dccbefe6990478876bbf3612d93baf05|0xf29f568f971c043df7079a3121e9de616b8998a3,0xf29f568f971c043df7079a3121e9de616b8998a3,0x398f7827dccbefe6990478876bbf3612d93baf05,MIX,MIX,0xfd0e41f88bc87cbf3738b343a76f97bdad40fec8472838a72b55e0673e4b3a64_MIX,1671142234,1671142234,1,9.995e+23,999500.0,1.6243320952363365,0,0,0.800000,bridge_dst_event_flow,True
BNB,Poly,bnb_flow_0xabcb6558e487__synth_split_a,0xabcb6558e487d7ede5e0eb4f8b4b93593c969eee9be7d291d59cdba2bbced916,0x2f7ac9436ba4b548f9582af91ca1ef02cd2f1f03|0x88f859db067c45b114897db6920f3e4a61a5ca66|0xc49dde62b4a0810074721faca54aab52369f486a,0x88f859db067c45b114897db6920f3e4a61a5ca66,0xc49dde62b4a0810074721faca54aab52369f486a,PKR,PKR,0xabcb6558e487d7ede5e0eb4f8b4b93593c969eee9be7d291d59cdba2bbced916_PKR,1672000740,1672000740,1,4.755879241359211e+22,47558.79241359212,1.0457388950390725,0,0,0.800000,bridge_dst_event_flow,True
BNB,Poly,bnb_flow_0xabcb6558e487__synth_split_b,0xabcb6558e487d7ede5e0eb4f8b4b93593c969eee9be7d291d59cdba2bbced916,0x2f7ac9436ba4b548f9582af91ca1ef02cd2f1f03|0x88f859db067c45b114897db6920f3e4a61a5ca66|0xc49dde62b4a0810074721faca54aab52369f486a,0x88f859db067c45b114897db6920f3e4a61a5ca66,0xc49dde62b4a0810074721faca54aab52369f486a,PKR,PKR,0xabcb6558e487d7ede5e0eb4f8b4b93593c969eee9be7d291d59cdba2bbced916_PKR,1672000740,1672000740,1,4.755879241359211e+22,47558.79241359212,1.0457388950390725,0,0,0.800000,bridge_dst_event_flow,True
BNB,Poly,bnb_flow_0xabcb6558e487__synth_merge_dst,0xabcb6558e487d7ede5e0eb4f8b4b93593c969eee9be7d291d59cdba2bbced916,0x2f7ac9436ba4b548f9582af91ca1ef02cd2f1f03|0x88f859db067c45b114897db6920f3e4a61a5ca66|0xc49dde62b4a0810074721faca54aab52369f486a,0x88f859db067c45b114897db6920f3e4a61a5ca66,0xc49dde62b4a0810074721faca54aab52369f486a,PKR,PKR,0xabcb6558e487d7ede5e0eb4f8b4b93593c969eee9be7d291d59cdba2bbced916_PKR,1672000740,1672000740,1,9.511758482718423e+22,95117.58482718424,2.091477790078145,0,0,0.800000,bridge_dst_event_flow,True
BNB,Poly,bnb_flow_0xabcb6558e487__synth_hidden_dst,0xabcb6558e487d7ede5e0eb4f8b4b93593c969eee9be7d291d59cdba2bbced916,0x2f7ac9436ba4b548f9582af91ca1ef02cd2f1f03|0x88f859db067c45b114897db6920f3e4a61a5ca66|0xc49dde62b4a0810074721faca54aab52369f486a,0x88f859db067c45b114897db6920f3e4a61a5ca66,0xc49dde62b4a0810074721faca54aab52369f486a,PKR,PKR,0xabcb6558e487d7ede5e0eb4f8b4b93593c969eee9be7d291d59cdba2bbced916_PKR,1672000740,1672000740,1,9.511758482718423e+22,95117.58482718424,2.091477790078145,0,0,0.800000,bridge_dst_event_flow,True
BNB,Poly,bnb_flow_0xabcb6558e487__synth_noise_dst_0,0xabcb6558e487d7ede5e0eb4f8b4b93593c969eee9be7d291d59cdba2bbced916,0x2f7ac9436ba4b548f9582af91ca1ef02cd2f1f03|0x88f859db067c45b114897db6920f3e4a61a5ca66|0xc49dde62b4a0810074721faca54aab52369f486a,0x88f859db067c45b114897db6920f3e4a61a5ca66,0xc49dde62b4a0810074721faca54aab52369f486a,PKR,PKR,0xabcb6558e487d7ede5e0eb4f8b4b93593c969eee9be7d291d59cdba2bbced916_PKR,1672000800,1672000800,1,9.511758482718423e+22,95117.58482718424,2.091477790078145,0,0,0.800000,bridge_dst_event_flow,True
BNB,Poly,bnb_flow_0xabcb6558e487__synth_noise_dst_1,0xabcb6558e487d7ede5e0eb4f8b4b93593c969eee9be7d291d59cdba2bbced916,0x2f7ac9436ba4b548f9582af91ca1ef02cd2f1f03|0x88f859db067c45b114897db6920f3e4a61a5ca66|0xc49dde62b4a0810074721faca54aab52369f486a,0x88f859db067c45b114897db6920f3e4a61a5ca66,0xc49dde62b4a0810074721faca54aab52369f486a,PKR,PKR,0xabcb6558e487d7ede5e0eb4f8b4b93593c969eee9be7d291d59cdba2bbced916_PKR,1672000860,1672000860,1,9.511758482718423e+22,95117.58482718424,2.091477790078145,0,0,0.800000,bridge_dst_event_flow,True
BNB,Poly,bnb_flow_0xf32dfc9371b7__synth_split_a,0xf32dfc9371b7f7f8e26a03137edb194344ef62615f82ad9c849cfd6747412a0d,0x2f7ac9436ba4b548f9582af91ca1ef02cd2f1f03|0x398f7827dccbefe6990478876bbf3612d93baf05|0x88f859db067c45b114897db6920f3e4a61a5ca66,0x88f859db067c45b114897db6920f3e4a61a5ca66,0x398f7827dccbefe6990478876bbf3612d93baf05,MIX,MIX,0xf32dfc9371b7f7f8e26a03137edb194344ef62615f82ad9c849cfd6747412a0d_MIX,1669957492,1669957492,1,1.2958450331249256e+23,129584.50331249257,0.21059356455802006,0,0,0.800000,bridge_dst_event_flow,True
BNB,Poly,bnb_flow_0xf32dfc9371b7__synth_split_b,0xf32dfc9371b7f7f8e26a03137edb194344ef62615f82ad9c849cfd6747412a0d,0x2f7ac9436ba4b548f9582af91ca1ef02cd2f1f03|0x398f7827dccbefe6990478876bbf3612d93baf05|0x88f859db067c45b114897db6920f3e4a61a5ca66,0x88f859db067c45b114897db6920f3e4a61a5ca66,0x398f7827dccbefe6990478876bbf3612d93baf05,MIX,MIX,0xf32dfc9371b7f7f8e26a03137edb194344ef62615f82ad9c849cfd6747412a0d_MIX,1669957492,1669957492,1,1.2958450331249256e+23,129584.50331249257,0.21059356455802006,0,0,0.800000,bridge_dst_event_flow,True
BNB,Poly,bnb_flow_0xf32dfc9371b7__synth_split_c,0xf32dfc9371b7f7f8e26a03137edb194344ef62615f82ad9c849cfd6747412a0d,0x2f7ac9436ba4b548f9582af91ca1ef02cd2f1f03|0x398f7827dccbefe6990478876bbf3612d93baf05|0x88f859db067c45b114897db6920f3e4a61a5ca66,0x88f859db067c45b114897db6920f3e4a61a5ca66,0x398f7827dccbefe6990478876bbf3612d93baf05,MIX,MIX,0xf32dfc9371b7f7f8e26a03137edb194344ef62615f82ad9c849cfd6747412a0d_MIX,1669957492,1669957492,1,1.2958450331249256e+23,129584.50331249257,0.21059356455802006,0,0,0.800000,bridge_dst_event_flow,True
BNB,Poly,bnb_flow_0xf32dfc9371b7__synth_merge_dst,0xf32dfc9371b7f7f8e26a03137edb194344ef62615f82ad9c849cfd6747412a0d,0x2f7ac9436ba4b548f9582af91ca1ef02cd2f1f03|0x398f7827dccbefe6990478876bbf3612d93baf05|0x88f859db067c45b114897db6920f3e4a61a5ca66,0x88f859db067c45b114897db6920f3e4a61a5ca66,0x398f7827dccbefe6990478876bbf3612d93baf05,MIX,MIX,0xf32dfc9371b7f7f8e26a03137edb194344ef62615f82ad9c849cfd6747412a0d_MIX,1669957492,1669957492,1,3.887535099374777e+23,388753.5099374777,0.6317806936740602,0,0,0.800000,bridge_dst_event_flow,True
BNB,Poly,bnb_flow_0xf32dfc9371b7__synth_hidden_dst,0xf32dfc9371b7f7f8e26a03137edb194344ef62615f82ad9c849cfd6747412a0d,0x2f7ac9436ba4b548f9582af91ca1ef02cd2f1f03|0x398f7827dccbefe6990478876bbf3612d93baf05|0x88f859db067c45b114897db6920f3e4a61a5ca66,0x88f859db067c45b114897db6920f3e4a61a5ca66,0x398f7827dccbefe6990478876bbf3612d93baf05,MIX,MIX,0xf32dfc9371b7f7f8e26a03137edb194344ef62615f82ad9c849cfd6747412a0d_MIX,1669957492,1669957492,1,3.887535099374777e+23,388753.5099374777,0.6317806936740602,0,0,0.800000,bridge_dst_event_flow,True
BNB,Poly,bnb_flow_0xf32dfc9371b7__synth_noise_dst_0,0xf32dfc9371b7f7f8e26a03137edb194344ef62615f82ad9c849cfd6747412a0d,0x2f7ac9436ba4b548f9582af91ca1ef02cd2f1f03|0x398f7827dccbefe6990478876bbf3612d93baf05|0x88f859db067c45b114897db6920f3e4a61a5ca66,0x88f859db067c45b114897db6920f3e4a61a5ca66,0x398f7827dccbefe6990478876bbf3612d93baf05,MIX,MIX,0xf32dfc9371b7f7f8e26a03137edb194344ef62615f82ad9c849cfd6747412a0d_MIX,1669957552,1669957552,1,3.887535099374777e+23,388753.5099374777,0.6317806936740602,0,0,0.800000,bridge_dst_event_flow,True
BNB,Poly,bnb_flow_0xf32dfc9371b7__synth_noise_dst_1,0xf32dfc9371b7f7f8e26a03137edb194344ef62615f82ad9c849cfd6747412a0d,0x2f7ac9436ba4b548f9582af91ca1ef02cd2f1f03|0x398f7827dccbefe6990478876bbf3612d93baf05|0x88f859db067c45b114897db6920f3e4a61a5ca66,0x88f859db067c45b114897db6920f3e4a61a5ca66,0x398f7827dccbefe6990478876bbf3612d93baf05,MIX,MIX,0xf32dfc9371b7f7f8e26a03137edb194344ef62615f82ad9c849cfd6747412a0d_MIX,1669957612,1669957612,1,3.887535099374777e+23,388753.5099374777,0.6317806936740602,0,0,0.800000,bridge_dst_event_flow,True
BNB,Poly,bnb_flow_0x21d1f5776328__synth_split_a,0x21d1f5776328670a0aac9487ea2e92371b783ccded2373acb54eb378612fa528,0x2f7ac9436ba4b548f9582af91ca1ef02cd2f1f03|0x7a6a59588b8106045303e1923227a2cefbec2b66|0xee9801669c6138e84bd50deb500827b776777d28,0x7a6a59588b8106045303e1923227a2cefbec2b66,0xee9801669c6138e84bd50deb500827b776777d28,O3,O3,0x21d1f5776328670a0aac9487ea2e92371b783ccded2373acb54eb378612fa528_O3,1658474474,1658474474,1,6.41256025039823e+21,6412.560250398231,6.242383332766266,0,0,0.825000,bridge_dst_event_flow,True
BNB,Poly,bnb_flow_0x21d1f5776328__synth_split_b,0x21d1f5776328670a0aac9487ea2e92371b783ccded2373acb54eb378612fa528,0x2f7ac9436ba4b548f9582af91ca1ef02cd2f1f03|0x7a6a59588b8106045303e1923227a2cefbec2b66|0xee9801669c6138e84bd50deb500827b776777d28,0x7a6a59588b8106045303e1923227a2cefbec2b66,0xee9801669c6138e84bd50deb500827b776777d28,O3,O3,0x21d1f5776328670a0aac9487ea2e92371b783ccded2373acb54eb378612fa528_O3,1658474474,1658474474,1,6.41256025039823e+21,6412.560250398231,6.242383332766266,0,0,0.825000,bridge_dst_event_flow,True
BNB,Poly,bnb_flow_0x21d1f5776328__synth_merge_dst,0x21d1f5776328670a0aac9487ea2e92371b783ccded2373acb54eb378612fa528,0x2f7ac9436ba4b548f9582af91ca1ef02cd2f1f03|0x7a6a59588b8106045303e1923227a2cefbec2b66|0xee9801669c6138e84bd50deb500827b776777d28,0x7a6a59588b8106045303e1923227a2cefbec2b66,0xee9801669c6138e84bd50deb500827b776777d28,O3,O3,0x21d1f5776328670a0aac9487ea2e92371b783ccded2373acb54eb378612fa528_O3,1658474474,1658474474,1,1.282512050079646e+22,12825.120500796462,12.484766665532533,0,0,0.825000,bridge_dst_event_flow,True
BNB,Poly,bnb_flow_0x21d1f5776328__synth_hidden_dst,0x21d1f5776328670a0aac9487ea2e92371b783ccded2373acb54eb378612fa528,0x2f7ac9436ba4b548f9582af91ca1ef02cd2f1f03|0x7a6a59588b8106045303e1923227a2cefbec2b66|0xee9801669c6138e84bd50deb500827b776777d28,0x7a6a59588b8106045303e1923227a2cefbec2b66,0xee9801669c6138e84bd50deb500827b776777d28,O3,O3,0x21d1f5776328670a0aac9487ea2e92371b783ccded2373acb54eb378612fa528_O3,1658474474,1658474474,1,1.282512050079646e+22,12825.120500796462,12.484766665532533,0,0,0.825000,bridge_dst_event_flow,True
BNB,Poly,bnb_flow_0x21d1f5776328__synth_noise_dst_0,0x21d1f5776328670a0aac9487ea2e92371b783ccded2373acb54eb378612fa528,0x2f7ac9436ba4b548f9582af91ca1ef02cd2f1f03|0x7a6a59588b8106045303e1923227a2cefbec2b66|0xee9801669c6138e84bd50deb500827b776777d28,0x7a6a59588b8106045303e1923227a2cefbec2b66,0xee9801669c6138e84bd50deb500827b776777d28,O3,O3,0x21d1f5776328670a0aac9487ea2e92371b783ccded2373acb54eb378612fa528_O3,1658474534,1658474534,1,1.282512050079646e+22,12825.120500796462,12.484766665532533,0,0,0.825000,bridge_dst_event_flow,True
BNB,Poly,bnb_flow_0x21d1f5776328__synth_noise_dst_1,0x21d1f5776328670a0aac9487ea2e92371b783ccded2373acb54eb378612fa528,0x2f7ac9436ba4b548f9582af91ca1ef02cd2f1f03|0x7a6a59588b8106045303e1923227a2cefbec2b66|0xee9801669c6138e84bd50deb500827b776777d28,0x7a6a59588b8106045303e1923227a2cefbec2b66,0xee9801669c6138e84bd50deb500827b776777d28,O3,O3,0x21d1f5776328670a0aac9487ea2e92371b783ccded2373acb54eb378612fa528_O3,1658474594,1658474594,1,1.282512050079646e+22,12825.120500796462,12.484766665532533,0,0,0.825000,bridge_dst_event_flow,True
BNB,Poly,bnb_flow_0xb45cba31b653__synth_split_a,0xb45cba31b6539d941287e979d1da4748ff2564814547d547877aeb497590f3dd,0x0d4b33b9d67416aac57e4b31be4e067c63636f6e|0x2f7ac9436ba4b548f9582af91ca1ef02cd2f1f03|0xe552fb52a4f19e44ef5a967632dbc320b0820639,0x0d4b33b9d67416aac57e4b31be4e067c63636f6e,0xe552fb52a4f19e44ef5a967632dbc320b0820639,Metis,Metis,0xb45cba31b6539d941287e979d1da4748ff2564814547d547877aeb497590f3dd_Metis,1652949087,1652949087,1,1.5e+18,1.5,4.078986807153928,0,0,0.825000,bridge_dst_event_flow,True
BNB,Poly,bnb_flow_0xb45cba31b653__synth_split_b,0xb45cba31b6539d941287e979d1da4748ff2564814547d547877aeb497590f3dd,0x0d4b33b9d67416aac57e4b31be4e067c63636f6e|0x2f7ac9436ba4b548f9582af91ca1ef02cd2f1f03|0xe552fb52a4f19e44ef5a967632dbc320b0820639,0x0d4b33b9d67416aac57e4b31be4e067c63636f6e,0xe552fb52a4f19e44ef5a967632dbc320b0820639,Metis,Metis,0xb45cba31b6539d941287e979d1da4748ff2564814547d547877aeb497590f3dd_Metis,1652949087,1652949087,1,1.5e+18,1.5,4.078986807153928,0,0,0.825000,bridge_dst_event_flow,True
BNB,Poly,bnb_flow_0xb45cba31b653__synth_merge_dst,0xb45cba31b6539d941287e979d1da4748ff2564814547d547877aeb497590f3dd,0x0d4b33b9d67416aac57e4b31be4e067c63636f6e|0x2f7ac9436ba4b548f9582af91ca1ef02cd2f1f03|0xe552fb52a4f19e44ef5a967632dbc320b0820639,0x0d4b33b9d67416aac57e4b31be4e067c63636f6e,0xe552fb52a4f19e44ef5a967632dbc320b0820639,Metis,Metis,0xb45cba31b6539d941287e979d1da4748ff2564814547d547877aeb497590f3dd_Metis,1652949087,1652949087,1,3e+18,3.0,8.157973614307856,0,0,0.825000,bridge_dst_event_flow,True
BNB,Poly,bnb_flow_0xb45cba31b653__synth_hidden_dst,0xb45cba31b6539d941287e979d1da4748ff2564814547d547877aeb497590f3dd,0x0d4b33b9d67416aac57e4b31be4e067c63636f6e|0x2f7ac9436ba4b548f9582af91ca1ef02cd2f1f03|0xe552fb52a4f19e44ef5a967632dbc320b0820639,0x0d4b33b9d67416aac57e4b31be4e067c63636f6e,0xe552fb52a4f19e44ef5a967632dbc320b0820639,Metis,Metis,0xb45cba31b6539d941287e979d1da4748ff2564814547d547877aeb497590f3dd_Metis,1652949087,1652949087,1,3e+18,3.0,8.157973614307856,0,0,0.825000,bridge_dst_event_flow,True
BNB,Poly,bnb_flow_0xb45cba31b653__synth_noise_dst_0,0xb45cba31b6539d941287e979d1da4748ff2564814547d547877aeb497590f3dd,0x0d4b33b9d67416aac57e4b31be4e067c63636f6e|0x2f7ac9436ba4b548f9582af91ca1ef02cd2f1f03|0xe552fb52a4f19e44ef5a967632dbc320b0820639,0x0d4b33b9d67416aac57e4b31be4e067c63636f6e,0xe552fb52a4f19e44ef5a967632dbc320b0820639,Metis,Metis,0xb45cba31b6539d941287e979d1da4748ff2564814547d547877aeb497590f3dd_Metis,1652949147,1652949147,1,3e+18,3.0,8.157973614307856,0,0,0.825000,bridge_dst_event_flow,True
BNB,Poly,bnb_flow_0xb45cba31b653__synth_noise_dst_1,0xb45cba31b6539d941287e979d1da4748ff2564814547d547877aeb497590f3dd,0x0d4b33b9d67416aac57e4b31be4e067c63636f6e|0x2f7ac9436ba4b548f9582af91ca1ef02cd2f1f03|0xe552fb52a4f19e44ef5a967632dbc320b0820639,0x0d4b33b9d67416aac57e4b31be4e067c63636f6e,0xe552fb52a4f19e44ef5a967632dbc320b0820639,Metis,Metis,0xb45cba31b6539d941287e979d1da4748ff2564814547d547877aeb497590f3dd_Metis,1652949207,1652949207,1,3e+18,3.0,8.157973614307856,0,0,0.825000,bridge_dst_event_flow,True
BNB,Poly,bnb_flow_0x059bf4af4e50__synth_split_a,0x059bf4af4e50a56357d792db6e29d476258a6fd79486277930f58df866650218,0x2f7ac9436ba4b548f9582af91ca1ef02cd2f1f03|0x6767bab6284f033a946fe0ef46b0cfbadab6f40d|0xe552fb52a4f19e44ef5a967632dbc320b0820639,0x6767bab6284f033a946fe0ef46b0cfbadab6f40d,0xe552fb52a4f19e44ef5a967632dbc320b0820639,Metis,Metis,0x059bf4af4e50a56357d792db6e29d476258a6fd79486277930f58df866650218_Metis,1646818245,1646818245,1,5.9185e+18,5.9185,16.094322278760348,0,0,0.825000,bridge_dst_event_flow,True
BNB,Poly,bnb_flow_0x059bf4af4e50__synth_split_b,0x059bf4af4e50a56357d792db6e29d476258a6fd79486277930f58df866650218,0x2f7ac9436ba4b548f9582af91ca1ef02cd2f1f03|0x6767bab6284f033a946fe0ef46b0cfbadab6f40d|0xe552fb52a4f19e44ef5a967632dbc320b0820639,0x6767bab6284f033a946fe0ef46b0cfbadab6f40d,0xe552fb52a4f19e44ef5a967632dbc320b0820639,Metis,Metis,0x059bf4af4e50a56357d792db6e29d476258a6fd79486277930f58df866650218_Metis,1646818245,1646818245,1,5.9185e+18,5.9185,16.094322278760348,0,0,0.825000,bridge_dst_event_flow,True
BNB,Poly,bnb_flow_0x059bf4af4e50__synth_merge_dst,0x059bf4af4e50a56357d792db6e29d476258a6fd79486277930f58df866650218,0x2f7ac9436ba4b548f9582af91ca1ef02cd2f1f03|0x6767bab6284f033a946fe0ef46b0cfbadab6f40d|0xe552fb52a4f19e44ef5a967632dbc320b0820639,0x6767bab6284f033a946fe0ef46b0cfbadab6f40d,0xe552fb52a4f19e44ef5a967632dbc320b0820639,Metis,Metis,0x059bf4af4e50a56357d792db6e29d476258a6fd79486277930f58df866650218_Metis,1646818245,1646818245,1,1.1837e+19,11.837,32.188644557520696,0,0,0.825000,bridge_dst_event_flow,True
BNB,Poly,bnb_flow_0x059bf4af4e50__synth_hidden_dst,0x059bf4af4e50a56357d792db6e29d476258a6fd79486277930f58df866650218,0x2f7ac9436ba4b548f9582af91ca1ef02cd2f1f03|0x6767bab6284f033a946fe0ef46b0cfbadab6f40d|0xe552fb52a4f19e44ef5a967632dbc320b0820639,0x6767bab6284f033a946fe0ef46b0cfbadab6f40d,0xe552fb52a4f19e44ef5a967632dbc320b0820639,Metis,Metis,0x059bf4af4e50a56357d792db6e29d476258a6fd79486277930f58df866650218_Metis,1646818245,1646818245,1,1.1837e+19,11.837,32.188644557520696,0,0,0.825000,bridge_dst_event_flow,True
BNB,Poly,bnb_flow_0x059bf4af4e50__synth_noise_dst_0,0x059bf4af4e50a56357d792db6e29d476258a6fd79486277930f58df866650218,0x2f7ac9436ba4b548f9582af91ca1ef02cd2f1f03|0x6767bab6284f033a946fe0ef46b0cfbadab6f40d|0xe552fb52a4f19e44ef5a967632dbc320b0820639,0x6767bab6284f033a946fe0ef46b0cfbadab6f40d,0xe552fb52a4f19e44ef5a967632dbc320b0820639,Metis,Metis,0x059bf4af4e50a56357d792db6e29d476258a6fd79486277930f58df866650218_Metis,1646818305,1646818305,1,1.1837e+19,11.837,32.188644557520696,0,0,0.825000,bridge_dst_event_flow,True
BNB,Poly,bnb_flow_0x059bf4af4e50__synth_noise_dst_1,0x059bf4af4e50a56357d792db6e29d476258a6fd79486277930f58df866650218,0x2f7ac9436ba4b548f9582af91ca1ef02cd2f1f03|0x6767bab6284f033a946fe0ef46b0cfbadab6f40d|0xe552fb52a4f19e44ef5a967632dbc320b0820639,0x6767bab6284f033a946fe0ef46b0cfbadab6f40d,0xe552fb52a4f19e44ef5a967632dbc320b0820639,Metis,Metis,0x059bf4af4e50a56357d792db6e29d476258a6fd79486277930f58df866650218_Metis,1646818365,1646818365,1,1.1837e+19,11.837,32.188644557520696,0,0,0.825000,bridge_dst_event_flow,True
BNB,Poly,bnb_flow_0x62762b5ce75d__synth_split_a,0x62762b5ce75dd65adb861998d34d0311ad4989c5b7333a5755a41803cd26f9af,0x2f7ac9436ba4b548f9582af91ca1ef02cd2f1f03|0x84d0055bbf95e74369fe913531d537dafc65c8e2|0xe552fb52a4f19e44ef5a967632dbc320b0820639,0x84d0055bbf95e74369fe913531d537dafc65c8e2,0xe552fb52a4f19e44ef5a967632dbc320b0820639,Metis,Metis,0x62762b5ce75dd65adb861998d34d0311ad4989c5b7333a5755a41803cd26f9af_Metis,1646884425,1646884425,1,1.8e+18,1.8,4.894784168584714,0,0,0.825000,bridge_dst_event_flow,True
BNB,Poly,bnb_flow_0x62762b5ce75d__synth_split_b,0x62762b5ce75dd65adb861998d34d0311ad4989c5b7333a5755a41803cd26f9af,0x2f7ac9436ba4b548f9582af91ca1ef02cd2f1f03|0x84d0055bbf95e74369fe913531d537dafc65c8e2|0xe552fb52a4f19e44ef5a967632dbc320b0820639,0x84d0055bbf95e74369fe913531d537dafc65c8e2,0xe552fb52a4f19e44ef5a967632dbc320b0820639,Metis,Metis,0x62762b5ce75dd65adb861998d34d0311ad4989c5b7333a5755a41803cd26f9af_Metis,1646884425,1646884425,1,1.8e+18,1.8,4.894784168584714,0,0,0.825000,bridge_dst_event_flow,True
BNB,Poly,bnb_flow_0x62762b5ce75d__synth_merge_dst,0x62762b5ce75dd65adb861998d34d0311ad4989c5b7333a5755a41803cd26f9af,0x2f7ac9436ba4b548f9582af91ca1ef02cd2f1f03|0x84d0055bbf95e74369fe913531d537dafc65c8e2|0xe552fb52a4f19e44ef5a967632dbc320b0820639,0x84d0055bbf95e74369fe913531d537dafc65c8e2,0xe552fb52a4f19e44ef5a967632dbc320b0820639,Metis,Metis,0x62762b5ce75dd65adb861998d34d0311ad4989c5b7333a5755a41803cd26f9af_Metis,1646884425,1646884425,1,3.6e+18,3.6,9.789568337169428,0,0,0.825000,bridge_dst_event_flow,True
BNB,Poly,bnb_flow_0x62762b5ce75d__synth_hidden_dst,0x62762b5ce75dd65adb861998d34d0311ad4989c5b7333a5755a41803cd26f9af,0x2f7ac9436ba4b548f9582af91ca1ef02cd2f1f03|0x84d0055bbf95e74369fe913531d537dafc65c8e2|0xe552fb52a4f19e44ef5a967632dbc320b0820639,0x84d0055bbf95e74369fe913531d537dafc65c8e2,0xe552fb52a4f19e44ef5a967632dbc320b0820639,Metis,Metis,0x62762b5ce75dd65adb861998d34d0311ad4989c5b7333a5755a41803cd26f9af_Metis,1646884425,1646884425,1,3.6e+18,3.6,9.789568337169428,0,0,0.825000,bridge_dst_event_flow,True
BNB,Poly,bnb_flow_0x62762b5ce75d__synth_noise_dst_0,0x62762b5ce75dd65adb861998d34d0311ad4989c5b7333a5755a41803cd26f9af,0x2f7ac9436ba4b548f9582af91ca1ef02cd2f1f03|0x84d0055bbf95e74369fe913531d537dafc65c8e2|0xe552fb52a4f19e44ef5a967632dbc320b0820639,0x84d0055bbf95e74369fe913531d537dafc65c8e2,0xe552fb52a4f19e44ef5a967632dbc320b0820639,Metis,Metis,0x62762b5ce75dd65adb861998d34d0311ad4989c5b7333a5755a41803cd26f9af_Metis,1646884485,1646884485,1,3.6e+18,3.6,9.789568337169428,0,0,0.825000,bridge_dst_event_flow,True
BNB,Poly,bnb_flow_0x62762b5ce75d__synth_noise_dst_1,0x62762b5ce75dd65adb861998d34d0311ad4989c5b7333a5755a41803cd26f9af,0x2f7ac9436ba4b548f9582af91ca1ef02cd2f1f03|0x84d0055bbf95e74369fe913531d537dafc65c8e2|0xe552fb52a4f19e44ef5a967632dbc320b0820639,0x84d0055bbf95e74369fe913531d537dafc65c8e2,0xe552fb52a4f19e44ef5a967632dbc320b0820639,Metis,Metis,0x62762b5ce75dd65adb861998d34d0311ad4989c5b7333a5755a41803cd26f9af_Metis,1646884545,1646884545,1,3.6e+18,3.6,9.789568337169428,0,0,0.825000,bridge_dst_event_flow,True
BNB,Poly,bnb_flow_0x3df5a3562899__synth_split_a,0x3df5a3562899165666f2bb51791830532eacf583379733556da3166536f9543b,0x1457158b51acfa762506add16c87760a2fefbdac|0x2f7ac9436ba4b548f9582af91ca1ef02cd2f1f03|0xc49dde62b4a0810074721faca54aab52369f486a,0x1457158b51acfa762506add16c87760a2fefbdac,0xc49dde62b4a0810074721faca54aab52369f486a,PKR,PKR,0x3df5a3562899165666f2bb51791830532eacf583379733556da3166536f9543b_PKR,1644130307,1644130307,1,3.715779864367816e+22,37157.79864367816,0.8170383082439046,0,0,0.825000,bridge_dst_event_flow,True
BNB,Poly,bnb_flow_0x3df5a3562899__synth_split_b,0x3df5a3562899165666f2bb51791830532eacf583379733556da3166536f9543b,0x1457158b51acfa762506add16c87760a2fefbdac|0x2f7ac9436ba4b548f9582af91ca1ef02cd2f1f03|0xc49dde62b4a0810074721faca54aab52369f486a,0x1457158b51acfa762506add16c87760a2fefbdac,0xc49dde62b4a0810074721faca54aab52369f486a,PKR,PKR,0x3df5a3562899165666f2bb51791830532eacf583379733556da3166536f9543b_PKR,1644130307,1644130307,1,3.715779864367816e+22,37157.79864367816,0.8170383082439046,0,0,0.825000,bridge_dst_event_flow,True
BNB,Poly,bnb_flow_0x3df5a3562899__synth_split_c,0x3df5a3562899165666f2bb51791830532eacf583379733556da3166536f9543b,0x1457158b51acfa762506add16c87760a2fefbdac|0x2f7ac9436ba4b548f9582af91ca1ef02cd2f1f03|0xc49dde62b4a0810074721faca54aab52369f486a,0x1457158b51acfa762506add16c87760a2fefbdac,0xc49dde62b4a0810074721faca54aab52369f486a,PKR,PKR,0x3df5a3562899165666f2bb51791830532eacf583379733556da3166536f9543b_PKR,1644130307,1644130307,1,3.715779864367816e+22,37157.79864367816,0.8170383082439046,0,0,0.825000,bridge_dst_event_flow,True
BNB,Poly,bnb_flow_0x3df5a3562899__synth_split_d,0x3df5a3562899165666f2bb51791830532eacf583379733556da3166536f9543b,0x1457158b51acfa762506add16c87760a2fefbdac|0x2f7ac9436ba4b548f9582af91ca1ef02cd2f1f03|0xc49dde62b4a0810074721faca54aab52369f486a,0x1457158b51acfa762506add16c87760a2fefbdac,0xc49dde62b4a0810074721faca54aab52369f486a,PKR,PKR,0x3df5a3562899165666f2bb51791830532eacf583379733556da3166536f9543b_PKR,1644130307,1644130307,1,3.715779864367816e+22,37157.79864367816,0.8170383082439046,0,0,0.825000,bridge_dst_event_flow,True
BNB,Poly,bnb_flow_0x3df5a3562899__synth_split_e,0x3df5a3562899165666f2bb51791830532eacf583379733556da3166536f9543b,0x1457158b51acfa762506add16c87760a2fefbdac|0x2f7ac9436ba4b548f9582af91ca1ef02cd2f1f03|0xc49dde62b4a0810074721faca54aab52369f486a,0x1457158b51acfa762506add16c87760a2fefbdac,0xc49dde62b4a0810074721faca54aab52369f486a,PKR,PKR,0x3df5a3562899165666f2bb51791830532eacf583379733556da3166536f9543b_PKR,1644130307,1644130307,1,3.715779864367816e+22,37157.79864367816,0.8170383082439046,0,0,0.825000,bridge_dst_event_flow,True
BNB,Poly,bnb_flow_0x3df5a3562899__synth_split_f,0x3df5a3562899165666f2bb51791830532eacf583379733556da3166536f9543b,0x1457158b51acfa762506add16c87760a2fefbdac|0x2f7ac9436ba4b548f9582af91ca1ef02cd2f1f03|0xc49dde62b4a0810074721faca54aab52369f486a,0x1457158b51acfa762506add16c87760a2fefbdac,0xc49dde62b4a0810074721faca54aab52369f486a,PKR,PKR,0x3df5a3562899165666f2bb51791830532eacf583379733556da3166536f9543b_PKR,1644130307,1644130307,1,3.715779864367816e+22,37157.79864367816,0.8170383082439046,0,0,0.825000,bridge_dst_event_flow,True
BNB,Poly,bnb_flow_0x3df5a3562899__synth_split_g,0x3df5a3562899165666f2bb51791830532eacf583379733556da3166536f9543b,0x1457158b51acfa762506add16c87760a2fefbdac|0x2f7ac9436ba4b548f9582af91ca1ef02cd2f1f03|0xc49dde62b4a0810074721faca54aab52369f486a,0x1457158b51acfa762506add16c87760a2fefbdac,0xc49dde62b4a0810074721faca54aab52369f486a,PKR,PKR,0x3df5a3562899165666f2bb51791830532eacf583379733556da3166536f9543b_PKR,1644130307,1644130307,1,3.715779864367816e+22,37157.79864367816,0.8170383082439046,0,0,0.825000,bridge_dst_event_flow,True
BNB,Poly,bnb_flow_0x3df5a3562899__synth_split_h,0x3df5a3562899165666f2bb51791830532eacf583379733556da3166536f9543b,0x1457158b51acfa762506add16c87760a2fefbdac|0x2f7ac9436ba4b548f9582af91ca1ef02cd2f1f03|0xc49dde62b4a0810074721faca54aab52369f486a,0x1457158b51acfa762506add16c87760a2fefbdac,0xc49dde62b4a0810074721faca54aab52369f486a,PKR,PKR,0x3df5a3562899165666f2bb51791830532eacf583379733556da3166536f9543b_PKR,1644130307,1644130307,1,3.715779864367816e+22,37157.79864367816,0.8170383082439046,0,0,0.825000,bridge_dst_event_flow,True
BNB,Poly,bnb_flow_0x3df5a3562899__synth_merge_dst,0x3df5a3562899165666f2bb51791830532eacf583379733556da3166536f9543b,0x1457158b51acfa762506add16c87760a2fefbdac|0x2f7ac9436ba4b548f9582af91ca1ef02cd2f1f03|0xc49dde62b4a0810074721faca54aab52369f486a,0x1457158b51acfa762506add16c87760a2fefbdac,0xc49dde62b4a0810074721faca54aab52369f486a,PKR,PKR,0x3df5a3562899165666f2bb51791830532eacf583379733556da3166536f9543b_PKR,1644130307,1644130307,1,2.9726238914942527e+23,297262.38914942526,6.536306465951236,0,0,0.825000,bridge_dst_event_flow,True
BNB,Poly,bnb_flow_0x3df5a3562899__synth_hidden_dst,0x3df5a3562899165666f2bb51791830532eacf583379733556da3166536f9543b,0x1457158b51acfa762506add16c87760a2fefbdac|0x2f7ac9436ba4b548f9582af91ca1ef02cd2f1f03|0xc49dde62b4a0810074721faca54aab52369f486a,0x1457158b51acfa762506add16c87760a2fefbdac,0xc49dde62b4a0810074721faca54aab52369f486a,PKR,PKR,0x3df5a3562899165666f2bb51791830532eacf583379733556da3166536f9543b_PKR,1644130307,1644130307,1,2.9726238914942527e+23,297262.38914942526,6.536306465951236,0,0,0.825000,bridge_dst_event_flow,True
BNB,Poly,bnb_flow_0x3df5a3562899__synth_noise_dst_0,0x3df5a3562899165666f2bb51791830532eacf583379733556da3166536f9543b,0x1457158b51acfa762506add16c87760a2fefbdac|0x2f7ac9436ba4b548f9582af91ca1ef02cd2f1f03|0xc49dde62b4a0810074721faca54aab52369f486a,0x1457158b51acfa762506add16c87760a2fefbdac,0xc49dde62b4a0810074721faca54aab52369f486a,PKR,PKR,0x3df5a3562899165666f2bb51791830532eacf583379733556da3166536f9543b_PKR,1644130367,1644130367,1,2.9726238914942527e+23,297262.38914942526,6.536306465951236,0,0,0.825000,bridge_dst_event_flow,True
BNB,Poly,bnb_flow_0x3df5a3562899__synth_noise_dst_1,0x3df5a3562899165666f2bb51791830532eacf583379733556da3166536f9543b,0x1457158b51acfa762506add16c87760a2fefbdac|0x2f7ac9436ba4b548f9582af91ca1ef02cd2f1f03|0xc49dde62b4a0810074721faca54aab52369f486a,0x1457158b51acfa762506add16c87760a2fefbdac,0xc49dde62b4a0810074721faca54aab52369f486a,PKR,PKR,0x3df5a3562899165666f2bb51791830532eacf583379733556da3166536f9543b_PKR,1644130427,1644130427,1,2.9726238914942527e+23,297262.38914942526,6.536306465951236,0,0,0.825000,bridge_dst_event_flow,True
BNB,Poly,bnb_flow_0x9d067a5a5145__synth_split_a,0x9d067a5a5145df44bbc225f5e5a12515c5e641540598d59a5ab8af4f7c34c788,0x2f7ac9436ba4b548f9582af91ca1ef02cd2f1f03|0x5df3e4a2cd45be4df4857d0e1b89b871d6d6b9a2|0xe552fb52a4f19e44ef5a967632dbc320b0820639,0x5df3e4a2cd45be4df4857d0e1b89b871d6d6b9a2,0xe552fb52a4f19e44ef5a967632dbc320b0820639,Metis,Metis,0x9d067a5a5145df44bbc225f5e5a12515c5e641540598d59a5ab8af4f7c34c788_Metis,1646652088,1646652088,1,2.7269125105465953e+18,2.7269125105465957,7.415360103188374,0,0,0.825000,bridge_dst_event_flow,True
BNB,Poly,bnb_flow_0x9d067a5a5145__synth_split_b,0x9d067a5a5145df44bbc225f5e5a12515c5e641540598d59a5ab8af4f7c34c788,0x2f7ac9436ba4b548f9582af91ca1ef02cd2f1f03|0x5df3e4a2cd45be4df4857d0e1b89b871d6d6b9a2|0xe552fb52a4f19e44ef5a967632dbc320b0820639,0x5df3e4a2cd45be4df4857d0e1b89b871d6d6b9a2,0xe552fb52a4f19e44ef5a967632dbc320b0820639,Metis,Metis,0x9d067a5a5145df44bbc225f5e5a12515c5e641540598d59a5ab8af4f7c34c788_Metis,1646652088,1646652088,1,2.7269125105465953e+18,2.7269125105465957,7.415360103188374,0,0,0.825000,bridge_dst_event_flow,True
BNB,Poly,bnb_flow_0x9d067a5a5145__synth_split_c,0x9d067a5a5145df44bbc225f5e5a12515c5e641540598d59a5ab8af4f7c34c788,0x2f7ac9436ba4b548f9582af91ca1ef02cd2f1f03|0x5df3e4a2cd45be4df4857d0e1b89b871d6d6b9a2|0xe552fb52a4f19e44ef5a967632dbc320b0820639,0x5df3e4a2cd45be4df4857d0e1b89b871d6d6b9a2,0xe552fb52a4f19e44ef5a967632dbc320b0820639,Metis,Metis,0x9d067a5a5145df44bbc225f5e5a12515c5e641540598d59a5ab8af4f7c34c788_Metis,1646652088,1646652088,1,2.7269125105465953e+18,2.7269125105465957,7.415360103188374,0,0,0.825000,bridge_dst_event_flow,True
BNB,Poly,bnb_flow_0x9d067a5a5145__synth_merge_dst,0x9d067a5a5145df44bbc225f5e5a12515c5e641540598d59a5ab8af4f7c34c788,0x2f7ac9436ba4b548f9582af91ca1ef02cd2f1f03|0x5df3e4a2cd45be4df4857d0e1b89b871d6d6b9a2|0xe552fb52a4f19e44ef5a967632dbc320b0820639,0x5df3e4a2cd45be4df4857d0e1b89b871d6d6b9a2,0xe552fb52a4f19e44ef5a967632dbc320b0820639,Metis,Metis,0x9d067a5a5145df44bbc225f5e5a12515c5e641540598d59a5ab8af4f7c34c788_Metis,1646652088,1646652088,1,8.180737531639786e+18,8.180737531639787,22.246080309565123,0,0,0.825000,bridge_dst_event_flow,True
BNB,Poly,bnb_flow_0x9d067a5a5145__synth_hidden_dst,0x9d067a5a5145df44bbc225f5e5a12515c5e641540598d59a5ab8af4f7c34c788,0x2f7ac9436ba4b548f9582af91ca1ef02cd2f1f03|0x5df3e4a2cd45be4df4857d0e1b89b871d6d6b9a2|0xe552fb52a4f19e44ef5a967632dbc320b0820639,0x5df3e4a2cd45be4df4857d0e1b89b871d6d6b9a2,0xe552fb52a4f19e44ef5a967632dbc320b0820639,Metis,Metis,0x9d067a5a5145df44bbc225f5e5a12515c5e641540598d59a5ab8af4f7c34c788_Metis,1646652088,1646652088,1,8.180737531639786e+18,8.180737531639787,22.246080309565123,0,0,0.825000,bridge_dst_event_flow,True
BNB,Poly,bnb_flow_0x9d067a5a5145__synth_noise_dst_0,0x9d067a5a5145df44bbc225f5e5a12515c5e641540598d59a5ab8af4f7c34c788,0x2f7ac9436ba4b548f9582af91ca1ef02cd2f1f03|0x5df3e4a2cd45be4df4857d0e1b89b871d6d6b9a2|0xe552fb52a4f19e44ef5a967632dbc320b0820639,0x5df3e4a2cd45be4df4857d0e1b89b871d6d6b9a2,0xe552fb52a4f19e44ef5a967632dbc320b0820639,Metis,Metis,0x9d067a5a5145df44bbc225f5e5a12515c5e641540598d59a5ab8af4f7c34c788_Metis,1646652148,1646652148,1,8.180737531639786e+18,8.180737531639787,22.246080309565123,0,0,0.825000,bridge_dst_event_flow,True
BNB,Poly,bnb_flow_0x9d067a5a5145__synth_noise_dst_1,0x9d067a5a5145df44bbc225f5e5a12515c5e641540598d59a5ab8af4f7c34c788,0x2f7ac9436ba4b548f9582af91ca1ef02cd2f1f03|0x5df3e4a2cd45be4df4857d0e1b89b871d6d6b9a2|0xe552fb52a4f19e44ef5a967632dbc320b0820639,0x5df3e4a2cd45be4df4857d0e1b89b871d6d6b9a2,0xe552fb52a4f19e44ef5a967632dbc320b0820639,Metis,Metis,0x9d067a5a5145df44bbc225f5e5a12515c5e641540598d59a5ab8af4f7c34c788_Metis,1646652208,1646652208,1,8.180737531639786e+18,8.180737531639787,22.246080309565123,0,0,0.825000,bridge_dst_event_flow,True
BNB,Poly,bnb_flow_0x1c89d3543d53__synth_split_a,0x1c89d3543d53e3935e630fc1b29d7700e0bd2ba3e93f1bee879fa52b1c36da79,0x2f7ac9436ba4b548f9582af91ca1ef02cd2f1f03|0x7a6a59588b8106045303e1923227a2cefbec2b66|0xee9801669c6138e84bd50deb500827b776777d28,0x7a6a59588b8106045303e1923227a2cefbec2b66,0xee9801669c6138e84bd50deb500827b776777d28,O3,O3,0x1c89d3543d53e3935e630fc1b29d7700e0bd2ba3e93f1bee879fa52b1c36da79_O3,1657163643,1657163643,1,1.7246106822058202e+21,1724.6106822058202,1.6788428580368828,0,0,0.825000,bridge_dst_event_flow,True
BNB,Poly,bnb_flow_0x1c89d3543d53__synth_split_b,0x1c89d3543d53e3935e630fc1b29d7700e0bd2ba3e93f1bee879fa52b1c36da79,0x2f7ac9436ba4b548f9582af91ca1ef02cd2f1f03|0x7a6a59588b8106045303e1923227a2cefbec2b66|0xee9801669c6138e84bd50deb500827b776777d28,0x7a6a59588b8106045303e1923227a2cefbec2b66,0xee9801669c6138e84bd50deb500827b776777d28,O3,O3,0x1c89d3543d53e3935e630fc1b29d7700e0bd2ba3e93f1bee879fa52b1c36da79_O3,1657163643,1657163643,1,1.7246106822058202e+21,1724.6106822058202,1.6788428580368828,0,0,0.825000,bridge_dst_event_flow,True
BNB,Poly,bnb_flow_0x1c89d3543d53__synth_split_c,0x1c89d3543d53e3935e630fc1b29d7700e0bd2ba3e93f1bee879fa52b1c36da79,0x2f7ac9436ba4b548f9582af91ca1ef02cd2f1f03|0x7a6a59588b8106045303e1923227a2cefbec2b66|0xee9801669c6138e84bd50deb500827b776777d28,0x7a6a59588b8106045303e1923227a2cefbec2b66,0xee9801669c6138e84bd50deb500827b776777d28,O3,O3,0x1c89d3543d53e3935e630fc1b29d7700e0bd2ba3e93f1bee879fa52b1c36da79_O3,1657163643,1657163643,1,1.7246106822058202e+21,1724.6106822058202,1.6788428580368828,0,0,0.825000,bridge_dst_event_flow,True
BNB,Poly,bnb_flow_0x1c89d3543d53__synth_split_d,0x1c89d3543d53e3935e630fc1b29d7700e0bd2ba3e93f1bee879fa52b1c36da79,0x2f7ac9436ba4b548f9582af91ca1ef02cd2f1f03|0x7a6a59588b8106045303e1923227a2cefbec2b66|0xee9801669c6138e84bd50deb500827b776777d28,0x7a6a59588b8106045303e1923227a2cefbec2b66,0xee9801669c6138e84bd50deb500827b776777d28,O3,O3,0x1c89d3543d53e3935e630fc1b29d7700e0bd2ba3e93f1bee879fa52b1c36da79_O3,1657163643,1657163643,1,1.7246106822058202e+21,1724.6106822058202,1.6788428580368828,0,0,0.825000,bridge_dst_event_flow,True
BNB,Poly,bnb_flow_0x1c89d3543d53__synth_split_e,0x1c89d3543d53e3935e630fc1b29d7700e0bd2ba3e93f1bee879fa52b1c36da79,0x2f7ac9436ba4b548f9582af91ca1ef02cd2f1f03|0x7a6a59588b8106045303e1923227a2cefbec2b66|0xee9801669c6138e84bd50deb500827b776777d28,0x7a6a59588b8106045303e1923227a2cefbec2b66,0xee9801669c6138e84bd50deb500827b776777d28,O3,O3,0x1c89d3543d53e3935e630fc1b29d7700e0bd2ba3e93f1bee879fa52b1c36da79_O3,1657163643,1657163643,1,1.7246106822058202e+21,1724.6106822058202,1.6788428580368828,0,0,0.825000,bridge_dst_event_flow,True
BNB,Poly,bnb_flow_0x1c89d3543d53__synth_merge_dst,0x1c89d3543d53e3935e630fc1b29d7700e0bd2ba3e93f1bee879fa52b1c36da79,0x2f7ac9436ba4b548f9582af91ca1ef02cd2f1f03|0x7a6a59588b8106045303e1923227a2cefbec2b66|0xee9801669c6138e84bd50deb500827b776777d28,0x7a6a59588b8106045303e1923227a2cefbec2b66,0xee9801669c6138e84bd50deb500827b776777d28,O3,O3,0x1c89d3543d53e3935e630fc1b29d7700e0bd2ba3e93f1bee879fa52b1c36da79_O3,1657163643,1657163643,1,8.623053411029101e+21,8623.053411029101,8.394214290184413,0,0,0.825000,bridge_dst_event_flow,True
BNB,Poly,bnb_flow_0x1c89d3543d53__synth_hidden_dst,0x1c89d3543d53e3935e630fc1b29d7700e0bd2ba3e93f1bee879fa52b1c36da79,0x2f7ac9436ba4b548f9582af91ca1ef02cd2f1f03|0x7a6a59588b8106045303e1923227a2cefbec2b66|0xee9801669c6138e84bd50deb500827b776777d28,0x7a6a59588b8106045303e1923227a2cefbec2b66,0xee9801669c6138e84bd50deb500827b776777d28,O3,O3,0x1c89d3543d53e3935e630fc1b29d7700e0bd2ba3e93f1bee879fa52b1c36da79_O3,1657163643,1657163643,1,8.623053411029101e+21,8623.053411029101,8.394214290184413,0,0,0.825000,bridge_dst_event_flow,True
BNB,Poly,bnb_flow_0x1c89d3543d53__synth_noise_dst_0,0x1c89d3543d53e3935e630fc1b29d7700e0bd2ba3e93f1bee879fa52b1c36da79,0x2f7ac9436ba4b548f9582af91ca1ef02cd2f1f03|0x7a6a59588b8106045303e1923227a2cefbec2b66|0xee9801669c6138e84bd50deb500827b776777d28,0x7a6a59588b8106045303e1923227a2cefbec2b66,0xee9801669c6138e84bd50deb500827b776777d28,O3,O3,0x1c89d3543d53e3935e630fc1b29d7700e0bd2ba3e93f1bee879fa52b1c36da79_O3,1657163703,1657163703,1,8.623053411029101e+21,8623.053411029101,8.394214290184413,0,0,0.825000,bridge_dst_event_flow,True
BNB,Poly,bnb_flow_0x1c89d3543d53__synth_noise_dst_1,0x1c89d3543d53e3935e630fc1b29d7700e0bd2ba3e93f1bee879fa52b1c36da79,0x2f7ac9436ba4b548f9582af91ca1ef02cd2f1f03|0x7a6a59588b8106045303e1923227a2cefbec2b66|0xee9801669c6138e84bd50deb500827b776777d28,0x7a6a59588b8106045303e1923227a2cefbec2b66,0xee9801669c6138e84bd50deb500827b776777d28,O3,O3,0x1c89d3543d53e3935e630fc1b29d7700e0bd2ba3e93f1bee879fa52b1c36da79_O3,1657163763,1657163763,1,8.623053411029101e+21,8623.053411029101,8.394214290184413,0,0,0.825000,bridge_dst_event_flow,True
BNB,Poly,bnb_flow_0x6859f3d92e59__synth_split_a,0x6859f3d92e590db78447b271e4bb7e36f1fecc57b5fb4d484070f59e3ad2823c,0x2f7ac9436ba4b548f9582af91ca1ef02cd2f1f03|0x3431bbbfdf64ebbf516b54293980d642b3d07867|0xe552fb52a4f19e44ef5a967632dbc320b0820639,0x3431bbbfdf64ebbf516b54293980d642b3d07867,0xe552fb52a4f19e44ef5a967632dbc320b0820639,Metis,Metis,0x6859f3d92e590db78447b271e4bb7e36f1fecc57b5fb4d484070f59e3ad2823c_Metis,1648575893,1648575893,1,1.909973044080487e+18,1.909973044080487,5.193836565882622,0,0,0.825000,bridge_dst_event_flow,True
BNB,Poly,bnb_flow_0x6859f3d92e59__synth_split_b,0x6859f3d92e590db78447b271e4bb7e36f1fecc57b5fb4d484070f59e3ad2823c,0x2f7ac9436ba4b548f9582af91ca1ef02cd2f1f03|0x3431bbbfdf64ebbf516b54293980d642b3d07867|0xe552fb52a4f19e44ef5a967632dbc320b0820639,0x3431bbbfdf64ebbf516b54293980d642b3d07867,0xe552fb52a4f19e44ef5a967632dbc320b0820639,Metis,Metis,0x6859f3d92e590db78447b271e4bb7e36f1fecc57b5fb4d484070f59e3ad2823c_Metis,1648575893,1648575893,1,1.909973044080487e+18,1.909973044080487,5.193836565882622,0,0,0.825000,bridge_dst_event_flow,True
BNB,Poly,bnb_flow_0x6859f3d92e59__synth_merge_dst,0x6859f3d92e590db78447b271e4bb7e36f1fecc57b5fb4d484070f59e3ad2823c,0x2f7ac9436ba4b548f9582af91ca1ef02cd2f1f03|0x3431bbbfdf64ebbf516b54293980d642b3d07867|0xe552fb52a4f19e44ef5a967632dbc320b0820639,0x3431bbbfdf64ebbf516b54293980d642b3d07867,0xe552fb52a4f19e44ef5a967632dbc320b0820639,Metis,Metis,0x6859f3d92e590db78447b271e4bb7e36f1fecc57b5fb4d484070f59e3ad2823c_Metis,1648575893,1648575893,1,3.819946088160974e+18,3.819946088160974,10.387673131765244,0,0,0.825000,bridge_dst_event_flow,True
BNB,Poly,bnb_flow_0x6859f3d92e59__synth_hidden_dst,0x6859f3d92e590db78447b271e4bb7e36f1fecc57b5fb4d484070f59e3ad2823c,0x2f7ac9436ba4b548f9582af91ca1ef02cd2f1f03|0x3431bbbfdf64ebbf516b54293980d642b3d07867|0xe552fb52a4f19e44ef5a967632dbc320b0820639,0x3431bbbfdf64ebbf516b54293980d642b3d07867,0xe552fb52a4f19e44ef5a967632dbc320b0820639,Metis,Metis,0x6859f3d92e590db78447b271e4bb7e36f1fecc57b5fb4d484070f59e3ad2823c_Metis,1648575893,1648575893,1,3.819946088160974e+18,3.819946088160974,10.387673131765244,0,0,0.825000,bridge_dst_event_flow,True
BNB,Poly,bnb_flow_0x6859f3d92e59__synth_noise_dst_0,0x6859f3d92e590db78447b271e4bb7e36f1fecc57b5fb4d484070f59e3ad2823c,0x2f7ac9436ba4b548f9582af91ca1ef02cd2f1f03|0x3431bbbfdf64ebbf516b54293980d642b3d07867|0xe552fb52a4f19e44ef5a967632dbc320b0820639,0x3431bbbfdf64ebbf516b54293980d642b3d07867,0xe552fb52a4f19e44ef5a967632dbc320b0820639,Metis,Metis,0x6859f3d92e590db78447b271e4bb7e36f1fecc57b5fb4d484070f59e3ad2823c_Metis,1648575953,1648575953,1,3.819946088160974e+18,3.819946088160974,10.387673131765244,0,0,0.825000,bridge_dst_event_flow,True
BNB,Poly,bnb_flow_0x6859f3d92e59__synth_noise_dst_1,0x6859f3d92e590db78447b271e4bb7e36f1fecc57b5fb4d484070f59e3ad2823c,0x2f7ac9436ba4b548f9582af91ca1ef02cd2f1f03|0x3431bbbfdf64ebbf516b54293980d642b3d07867|0xe552fb52a4f19e44ef5a967632dbc320b0820639,0x3431bbbfdf64ebbf516b54293980d642b3d07867,0xe552fb52a4f19e44ef5a967632dbc320b0820639,Metis,Metis,0x6859f3d92e590db78447b271e4bb7e36f1fecc57b5fb4d484070f59e3ad2823c_Metis,1648576013,1648576013,1,3.819946088160974e+18,3.819946088160974,10.387673131765244,0,0,0.825000,bridge_dst_event_flow,True
BNB,Poly,bnb_flow_0x31d040bb1b06__synth_split_a,0x31d040bb1b061da04c0f2fa7f017436a5feea4e59459e91cba01386eafbafa9a,0x2f7ac9436ba4b548f9582af91ca1ef02cd2f1f03|0x4e1b16ef22935a575a6811d4616f98c4077e4408|0x88f859db067c45b114897db6920f3e4a61a5ca66,0x88f859db067c45b114897db6920f3e4a61a5ca66,0x4e1b16ef22935a575a6811d4616f98c4077e4408,KEL,KEL,0x31d040bb1b061da04c0f2fa7f017436a5feea4e59459e91cba01386eafbafa9a_KEL,1672479202,1672479202,1,1.1376975546586474e+22,11376.975546586475,12.730148290818597,0,0,0.800000,bridge_dst_event_flow,True
BNB,Poly,bnb_flow_0x31d040bb1b06__synth_split_b,0x31d040bb1b061da04c0f2fa7f017436a5feea4e59459e91cba01386eafbafa9a,0x2f7ac9436ba4b548f9582af91ca1ef02cd2f1f03|0x4e1b16ef22935a575a6811d4616f98c4077e4408|0x88f859db067c45b114897db6920f3e4a61a5ca66,0x88f859db067c45b114897db6920f3e4a61a5ca66,0x4e1b16ef22935a575a6811d4616f98c4077e4408,KEL,KEL,0x31d040bb1b061da04c0f2fa7f017436a5feea4e59459e91cba01386eafbafa9a_KEL,1672479202,1672479202,1,1.1376975546586474e+22,11376.975546586475,12.730148290818597,0,0,0.800000,bridge_dst_event_flow,True
BNB,Poly,bnb_flow_0x31d040bb1b06__synth_split_c,0x31d040bb1b061da04c0f2fa7f017436a5feea4e59459e91cba01386eafbafa9a,0x2f7ac9436ba4b548f9582af91ca1ef02cd2f1f03|0x4e1b16ef22935a575a6811d4616f98c4077e4408|0x88f859db067c45b114897db6920f3e4a61a5ca66,0x88f859db067c45b114897db6920f3e4a61a5ca66,0x4e1b16ef22935a575a6811d4616f98c4077e4408,KEL,KEL,0x31d040bb1b061da04c0f2fa7f017436a5feea4e59459e91cba01386eafbafa9a_KEL,1672479202,1672479202,1,1.1376975546586474e+22,11376.975546586475,12.730148290818597,0,0,0.800000,bridge_dst_event_flow,True
BNB,Poly,bnb_flow_0x31d040bb1b06__synth_merge_dst,0x31d040bb1b061da04c0f2fa7f017436a5feea4e59459e91cba01386eafbafa9a,0x2f7ac9436ba4b548f9582af91ca1ef02cd2f1f03|0x4e1b16ef22935a575a6811d4616f98c4077e4408|0x88f859db067c45b114897db6920f3e4a61a5ca66,0x88f859db067c45b114897db6920f3e4a61a5ca66,0x4e1b16ef22935a575a6811d4616f98c4077e4408,KEL,KEL,0x31d040bb1b061da04c0f2fa7f017436a5feea4e59459e91cba01386eafbafa9a_KEL,1672479202,1672479202,1,3.4130926639759424e+22,34130.926639759426,38.19044487245579,0,0,0.800000,bridge_dst_event_flow,True
BNB,Poly,bnb_flow_0x31d040bb1b06__synth_hidden_dst,0x31d040bb1b061da04c0f2fa7f017436a5feea4e59459e91cba01386eafbafa9a,0x2f7ac9436ba4b548f9582af91ca1ef02cd2f1f03|0x4e1b16ef22935a575a6811d4616f98c4077e4408|0x88f859db067c45b114897db6920f3e4a61a5ca66,0x88f859db067c45b114897db6920f3e4a61a5ca66,0x4e1b16ef22935a575a6811d4616f98c4077e4408,KEL,KEL,0x31d040bb1b061da04c0f2fa7f017436a5feea4e59459e91cba01386eafbafa9a_KEL,1672479202,1672479202,1,3.4130926639759424e+22,34130.926639759426,38.19044487245579,0,0,0.800000,bridge_dst_event_flow,True
BNB,Poly,bnb_flow_0x31d040bb1b06__synth_noise_dst_0,0x31d040bb1b061da04c0f2fa7f017436a5feea4e59459e91cba01386eafbafa9a,0x2f7ac9436ba4b548f9582af91ca1ef02cd2f1f03|0x4e1b16ef22935a575a6811d4616f98c4077e4408|0x88f859db067c45b114897db6920f3e4a61a5ca66,0x88f859db067c45b114897db6920f3e4a61a5ca66,0x4e1b16ef22935a575a6811d4616f98c4077e4408,KEL,KEL,0x31d040bb1b061da04c0f2fa7f017436a5feea4e59459e91cba01386eafbafa9a_KEL,1672479262,1672479262,1,3.4130926639759424e+22,34130.926639759426,38.19044487245579,0,0,0.800000,bridge_dst_event_flow,True
BNB,Poly,bnb_flow_0x31d040bb1b06__synth_noise_dst_1,0x31d040bb1b061da04c0f2fa7f017436a5feea4e59459e91cba01386eafbafa9a,0x2f7ac9436ba4b548f9582af91ca1ef02cd2f1f03|0x4e1b16ef22935a575a6811d4616f98c4077e4408|0x88f859db067c45b114897db6920f3e4a61a5ca66,0x88f859db067c45b114897db6920f3e4a61a5ca66,0x4e1b16ef22935a575a6811d4616f98c4077e4408,KEL,KEL,0x31d040bb1b061da04c0f2fa7f017436a5feea4e59459e91cba01386eafbafa9a_KEL,1672479322,1672479322,1,3.4130926639759424e+22,34130.926639759426,38.19044487245579,0,0,0.800000,bridge_dst_event_flow,True
BNB,Poly,bnb_flow_0x690639845da3__synth_split_a,0x690639845da3b3377b547301c4fc99f7fe47085a3b5e6aaf8f2e6a173b10dadc,0x2f7ac9436ba4b548f9582af91ca1ef02cd2f1f03|0x69a1913d334b524ea1632461c78797c837ca9fa6|0x88f859db067c45b114897db6920f3e4a61a5ca66,0x88f859db067c45b114897db6920f3e4a61a5ca66,0x69a1913d334b524ea1632461c78797c837ca9fa6,RFuel,RFuel,0x690639845da3b3377b547301c4fc99f7fe47085a3b5e6aaf8f2e6a173b10dadc_RFuel,1664599541,1664599541,1,1.634835289266971e+22,16348.35289266971,11.453655944757445,0,0,0.800000,bridge_dst_event_flow,True
BNB,Poly,bnb_flow_0x690639845da3__synth_split_b,0x690639845da3b3377b547301c4fc99f7fe47085a3b5e6aaf8f2e6a173b10dadc,0x2f7ac9436ba4b548f9582af91ca1ef02cd2f1f03|0x69a1913d334b524ea1632461c78797c837ca9fa6|0x88f859db067c45b114897db6920f3e4a61a5ca66,0x88f859db067c45b114897db6920f3e4a61a5ca66,0x69a1913d334b524ea1632461c78797c837ca9fa6,RFuel,RFuel,0x690639845da3b3377b547301c4fc99f7fe47085a3b5e6aaf8f2e6a173b10dadc_RFuel,1664599541,1664599541,1,1.634835289266971e+22,16348.35289266971,11.453655944757445,0,0,0.800000,bridge_dst_event_flow,True
BNB,Poly,bnb_flow_0x690639845da3__synth_split_c,0x690639845da3b3377b547301c4fc99f7fe47085a3b5e6aaf8f2e6a173b10dadc,0x2f7ac9436ba4b548f9582af91ca1ef02cd2f1f03|0x69a1913d334b524ea1632461c78797c837ca9fa6|0x88f859db067c45b114897db6920f3e4a61a5ca66,0x88f859db067c45b114897db6920f3e4a61a5ca66,0x69a1913d334b524ea1632461c78797c837ca9fa6,RFuel,RFuel,0x690639845da3b3377b547301c4fc99f7fe47085a3b5e6aaf8f2e6a173b10dadc_RFuel,1664599541,1664599541,1,1.634835289266971e+22,16348.35289266971,11.453655944757445,0,0,0.800000,bridge_dst_event_flow,True
BNB,Poly,bnb_flow_0x690639845da3__synth_split_d,0x690639845da3b3377b547301c4fc99f7fe47085a3b5e6aaf8f2e6a173b10dadc,0x2f7ac9436ba4b548f9582af91ca1ef02cd2f1f03|0x69a1913d334b524ea1632461c78797c837ca9fa6|0x88f859db067c45b114897db6920f3e4a61a5ca66,0x88f859db067c45b114897db6920f3e4a61a5ca66,0x69a1913d334b524ea1632461c78797c837ca9fa6,RFuel,RFuel,0x690639845da3b3377b547301c4fc99f7fe47085a3b5e6aaf8f2e6a173b10dadc_RFuel,1664599541,1664599541,1,1.634835289266971e+22,16348.35289266971,11.453655944757445,0,0,0.800000,bridge_dst_event_flow,True
BNB,Poly,bnb_flow_0x690639845da3__synth_merge_dst,0x690639845da3b3377b547301c4fc99f7fe47085a3b5e6aaf8f2e6a173b10dadc,0x2f7ac9436ba4b548f9582af91ca1ef02cd2f1f03|0x69a1913d334b524ea1632461c78797c837ca9fa6|0x88f859db067c45b114897db6920f3e4a61a5ca66,0x88f859db067c45b114897db6920f3e4a61a5ca66,0x69a1913d334b524ea1632461c78797c837ca9fa6,RFuel,RFuel,0x690639845da3b3377b547301c4fc99f7fe47085a3b5e6aaf8f2e6a173b10dadc_RFuel,1664599541,1664599541,1,6.539341157067884e+22,65393.41157067884,45.81462377902978,0,0,0.800000,bridge_dst_event_flow,True
BNB,Poly,bnb_flow_0x690639845da3__synth_hidden_dst,0x690639845da3b3377b547301c4fc99f7fe47085a3b5e6aaf8f2e6a173b10dadc,0x2f7ac9436ba4b548f9582af91ca1ef02cd2f1f03|0x69a1913d334b524ea1632461c78797c837ca9fa6|0x88f859db067c45b114897db6920f3e4a61a5ca66,0x88f859db067c45b114897db6920f3e4a61a5ca66,0x69a1913d334b524ea1632461c78797c837ca9fa6,RFuel,RFuel,0x690639845da3b3377b547301c4fc99f7fe47085a3b5e6aaf8f2e6a173b10dadc_RFuel,1664599541,1664599541,1,6.539341157067884e+22,65393.41157067884,45.81462377902978,0,0,0.800000,bridge_dst_event_flow,True
BNB,Poly,bnb_flow_0x690639845da3__synth_noise_dst_0,0x690639845da3b3377b547301c4fc99f7fe47085a3b5e6aaf8f2e6a173b10dadc,0x2f7ac9436ba4b548f9582af91ca1ef02cd2f1f03|0x69a1913d334b524ea1632461c78797c837ca9fa6|0x88f859db067c45b114897db6920f3e4a61a5ca66,0x88f859db067c45b114897db6920f3e4a61a5ca66,0x69a1913d334b524ea1632461c78797c837ca9fa6,RFuel,RFuel,0x690639845da3b3377b547301c4fc99f7fe47085a3b5e6aaf8f2e6a173b10dadc_RFuel,1664599601,1664599601,1,6.539341157067884e+22,65393.41157067884,45.81462377902978,0,0,0.800000,bridge_dst_event_flow,True
BNB,Poly,bnb_flow_0x690639845da3__synth_noise_dst_1,0x690639845da3b3377b547301c4fc99f7fe47085a3b5e6aaf8f2e6a173b10dadc,0x2f7ac9436ba4b548f9582af91ca1ef02cd2f1f03|0x69a1913d334b524ea1632461c78797c837ca9fa6|0x88f859db067c45b114897db6920f3e4a61a5ca66,0x88f859db067c45b114897db6920f3e4a61a5ca66,0x69a1913d334b524ea1632461c78797c837ca9fa6,RFuel,RFuel,0x690639845da3b3377b547301c4fc99f7fe47085a3b5e6aaf8f2e6a173b10dadc_RFuel,1664599661,1664599661,1,6.539341157067884e+22,65393.41157067884,45.81462377902978,0,0,0.800000,bridge_dst_event_flow,True
BNB,Poly,bnb_flow_0xd101086fad3e__synth_split_a,0xd101086fad3e4d24e5a37c4fb7c5bceb4547478d86e787f27e8c2a3bfc69bb8e,0x2f7ac9436ba4b548f9582af91ca1ef02cd2f1f03|0x67ebc532d648e6164a6fd726ff0b39e69180dafe|0xee9801669c6138e84bd50deb500827b776777d28,0x67ebc532d648e6164a6fd726ff0b39e69180dafe,0xee9801669c6138e84bd50deb500827b776777d28,O3,O3,0xd101086fad3e4d24e5a37c4fb7c5bceb4547478d86e787f27e8c2a3bfc69bb8e_O3,1652330071,1652330071,1,3.165502760393443e+21,3165.5027603934423,3.081496453788249,0,0,0.825000,bridge_dst_event_flow,True
BNB,Poly,bnb_flow_0xd101086fad3e__synth_split_b,0xd101086fad3e4d24e5a37c4fb7c5bceb4547478d86e787f27e8c2a3bfc69bb8e,0x2f7ac9436ba4b548f9582af91ca1ef02cd2f1f03|0x67ebc532d648e6164a6fd726ff0b39e69180dafe|0xee9801669c6138e84bd50deb500827b776777d28,0x67ebc532d648e6164a6fd726ff0b39e69180dafe,0xee9801669c6138e84bd50deb500827b776777d28,O3,O3,0xd101086fad3e4d24e5a37c4fb7c5bceb4547478d86e787f27e8c2a3bfc69bb8e_O3,1652330071,1652330071,1,3.165502760393443e+21,3165.5027603934423,3.081496453788249,0,0,0.825000,bridge_dst_event_flow,True
BNB,Poly,bnb_flow_0xd101086fad3e__synth_split_c,0xd101086fad3e4d24e5a37c4fb7c5bceb4547478d86e787f27e8c2a3bfc69bb8e,0x2f7ac9436ba4b548f9582af91ca1ef02cd2f1f03|0x67ebc532d648e6164a6fd726ff0b39e69180dafe|0xee9801669c6138e84bd50deb500827b776777d28,0x67ebc532d648e6164a6fd726ff0b39e69180dafe,0xee9801669c6138e84bd50deb500827b776777d28,O3,O3,0xd101086fad3e4d24e5a37c4fb7c5bceb4547478d86e787f27e8c2a3bfc69bb8e_O3,1652330071,1652330071,1,3.165502760393443e+21,3165.5027603934423,3.081496453788249,0,0,0.825000,bridge_dst_event_flow,True
BNB,Poly,bnb_flow_0xd101086fad3e__synth_merge_dst,0xd101086fad3e4d24e5a37c4fb7c5bceb4547478d86e787f27e8c2a3bfc69bb8e,0x2f7ac9436ba4b548f9582af91ca1ef02cd2f1f03|0x67ebc532d648e6164a6fd726ff0b39e69180dafe|0xee9801669c6138e84bd50deb500827b776777d28,0x67ebc532d648e6164a6fd726ff0b39e69180dafe,0xee9801669c6138e84bd50deb500827b776777d28,O3,O3,0xd101086fad3e4d24e5a37c4fb7c5bceb4547478d86e787f27e8c2a3bfc69bb8e_O3,1652330071,1652330071,1,9.496508281180329e+21,9496.508281180328,9.244489361364748,0,0,0.825000,bridge_dst_event_flow,True
BNB,Poly,bnb_flow_0xd101086fad3e__synth_hidden_dst,0xd101086fad3e4d24e5a37c4fb7c5bceb4547478d86e787f27e8c2a3bfc69bb8e,0x2f7ac9436ba4b548f9582af91ca1ef02cd2f1f03|0x67ebc532d648e6164a6fd726ff0b39e69180dafe|0xee9801669c6138e84bd50deb500827b776777d28,0x67ebc532d648e6164a6fd726ff0b39e69180dafe,0xee9801669c6138e84bd50deb500827b776777d28,O3,O3,0xd101086fad3e4d24e5a37c4fb7c5bceb4547478d86e787f27e8c2a3bfc69bb8e_O3,1652330071,1652330071,1,9.496508281180329e+21,9496.508281180328,9.244489361364748,0,0,0.825000,bridge_dst_event_flow,True
BNB,Poly,bnb_flow_0xd101086fad3e__synth_noise_dst_0,0xd101086fad3e4d24e5a37c4fb7c5bceb4547478d86e787f27e8c2a3bfc69bb8e,0x2f7ac9436ba4b548f9582af91ca1ef02cd2f1f03|0x67ebc532d648e6164a6fd726ff0b39e69180dafe|0xee9801669c6138e84bd50deb500827b776777d28,0x67ebc532d648e6164a6fd726ff0b39e69180dafe,0xee9801669c6138e84bd50deb500827b776777d28,O3,O3,0xd101086fad3e4d24e5a37c4fb7c5bceb4547478d86e787f27e8c2a3bfc69bb8e_O3,1652330131,1652330131,1,9.496508281180329e+21,9496.508281180328,9.244489361364748,0,0,0.825000,bridge_dst_event_flow,True
BNB,Poly,bnb_flow_0xd101086fad3e__synth_noise_dst_1,0xd101086fad3e4d24e5a37c4fb7c5bceb4547478d86e787f27e8c2a3bfc69bb8e,0x2f7ac9436ba4b548f9582af91ca1ef02cd2f1f03|0x67ebc532d648e6164a6fd726ff0b39e69180dafe|0xee9801669c6138e84bd50deb500827b776777d28,0x67ebc532d648e6164a6fd726ff0b39e69180dafe,0xee9801669c6138e84bd50deb500827b776777d28,O3,O3,0xd101086fad3e4d24e5a37c4fb7c5bceb4547478d86e787f27e8c2a3bfc69bb8e_O3,1652330191,1652330191,1,9.496508281180329e+21,9496.508281180328,9.244489361364748,0,0,0.825000,bridge_dst_event_flow,True
BNB,Poly,bnb_flow_0xd73245cc158d__synth_split_a,0xd73245cc158dcf607431e1ad006228cfbbd84d8da8f2144bde271f376be754f6,0x2f7ac9436ba4b548f9582af91ca1ef02cd2f1f03|0x4e1b16ef22935a575a6811d4616f98c4077e4408|0xd54e4f8a55247487dd7c8c59f14ee5c0c2889477,0xd54e4f8a55247487dd7c8c59f14ee5c0c2889477,0x4e1b16ef22935a575a6811d4616f98c4077e4408,KEL,KEL,0xd73245cc158dcf607431e1ad006228cfbbd84d8da8f2144bde271f376be754f6_KEL,1671760760,1671760760,1,1.029988e+22,10299.880000000001,11.524943447468104,0,0,0.800000,bridge_dst_event_flow,True
BNB,Poly,bnb_flow_0xd73245cc158d__synth_split_b,0xd73245cc158dcf607431e1ad006228cfbbd84d8da8f2144bde271f376be754f6,0x2f7ac9436ba4b548f9582af91ca1ef02cd2f1f03|0x4e1b16ef22935a575a6811d4616f98c4077e4408|0xd54e4f8a55247487dd7c8c59f14ee5c0c2889477,0xd54e4f8a55247487dd7c8c59f14ee5c0c2889477,0x4e1b16ef22935a575a6811d4616f98c4077e4408,KEL,KEL,0xd73245cc158dcf607431e1ad006228cfbbd84d8da8f2144bde271f376be754f6_KEL,1671760760,1671760760,1,1.029988e+22,10299.880000000001,11.524943447468104,0,0,0.800000,bridge_dst_event_flow,True
BNB,Poly,bnb_flow_0xd73245cc158d__synth_split_c,0xd73245cc158dcf607431e1ad006228cfbbd84d8da8f2144bde271f376be754f6,0x2f7ac9436ba4b548f9582af91ca1ef02cd2f1f03|0x4e1b16ef22935a575a6811d4616f98c4077e4408|0xd54e4f8a55247487dd7c8c59f14ee5c0c2889477,0xd54e4f8a55247487dd7c8c59f14ee5c0c2889477,0x4e1b16ef22935a575a6811d4616f98c4077e4408,KEL,KEL,0xd73245cc158dcf607431e1ad006228cfbbd84d8da8f2144bde271f376be754f6_KEL,1671760760,1671760760,1,1.029988e+22,10299.880000000001,11.524943447468104,0,0,0.800000,bridge_dst_event_flow,True
BNB,Poly,bnb_flow_0xd73245cc158d__synth_split_d,0xd73245cc158dcf607431e1ad006228cfbbd84d8da8f2144bde271f376be754f6,0x2f7ac9436ba4b548f9582af91ca1ef02cd2f1f03|0x4e1b16ef22935a575a6811d4616f98c4077e4408|0xd54e4f8a55247487dd7c8c59f14ee5c0c2889477,0xd54e4f8a55247487dd7c8c59f14ee5c0c2889477,0x4e1b16ef22935a575a6811d4616f98c4077e4408,KEL,KEL,0xd73245cc158dcf607431e1ad006228cfbbd84d8da8f2144bde271f376be754f6_KEL,1671760760,1671760760,1,1.029988e+22,10299.880000000001,11.524943447468104,0,0,0.800000,bridge_dst_event_flow,True
BNB,Poly,bnb_flow_0xd73245cc158d__synth_split_e,0xd73245cc158dcf607431e1ad006228cfbbd84d8da8f2144bde271f376be754f6,0x2f7ac9436ba4b548f9582af91ca1ef02cd2f1f03|0x4e1b16ef22935a575a6811d4616f98c4077e4408|0xd54e4f8a55247487dd7c8c59f14ee5c0c2889477,0xd54e4f8a55247487dd7c8c59f14ee5c0c2889477,0x4e1b16ef22935a575a6811d4616f98c4077e4408,KEL,KEL,0xd73245cc158dcf607431e1ad006228cfbbd84d8da8f2144bde271f376be754f6_KEL,1671760760,1671760760,1,1.029988e+22,10299.880000000001,11.524943447468104,0,0,0.800000,bridge_dst_event_flow,True
BNB,Poly,bnb_flow_0xd73245cc158d__synth_merge_dst,0xd73245cc158dcf607431e1ad006228cfbbd84d8da8f2144bde271f376be754f6,0x2f7ac9436ba4b548f9582af91ca1ef02cd2f1f03|0x4e1b16ef22935a575a6811d4616f98c4077e4408|0xd54e4f8a55247487dd7c8c59f14ee5c0c2889477,0xd54e4f8a55247487dd7c8c59f14ee5c0c2889477,0x4e1b16ef22935a575a6811d4616f98c4077e4408,KEL,KEL,0xd73245cc158dcf607431e1ad006228cfbbd84d8da8f2144bde271f376be754f6_KEL,1671760760,1671760760,1,5.14994e+22,51499.4,57.62471723734052,0,0,0.800000,bridge_dst_event_flow,True
BNB,Poly,bnb_flow_0xd73245cc158d__synth_hidden_dst,0xd73245cc158dcf607431e1ad006228cfbbd84d8da8f2144bde271f376be754f6,0x2f7ac9436ba4b548f9582af91ca1ef02cd2f1f03|0x4e1b16ef22935a575a6811d4616f98c4077e4408|0xd54e4f8a55247487dd7c8c59f14ee5c0c2889477,0xd54e4f8a55247487dd7c8c59f14ee5c0c2889477,0x4e1b16ef22935a575a6811d4616f98c4077e4408,KEL,KEL,0xd73245cc158dcf607431e1ad006228cfbbd84d8da8f2144bde271f376be754f6_KEL,1671760760,1671760760,1,5.14994e+22,51499.4,57.62471723734052,0,0,0.800000,bridge_dst_event_flow,True
BNB,Poly,bnb_flow_0xd73245cc158d__synth_noise_dst_0,0xd73245cc158dcf607431e1ad006228cfbbd84d8da8f2144bde271f376be754f6,0x2f7ac9436ba4b548f9582af91ca1ef02cd2f1f03|0x4e1b16ef22935a575a6811d4616f98c4077e4408|0xd54e4f8a55247487dd7c8c59f14ee5c0c2889477,0xd54e4f8a55247487dd7c8c59f14ee5c0c2889477,0x4e1b16ef22935a575a6811d4616f98c4077e4408,KEL,KEL,0xd73245cc158dcf607431e1ad006228cfbbd84d8da8f2144bde271f376be754f6_KEL,1671760820,1671760820,1,5.14994e+22,51499.4,57.62471723734052,0,0,0.800000,bridge_dst_event_flow,True
BNB,Poly,bnb_flow_0xd73245cc158d__synth_noise_dst_1,0xd73245cc158dcf607431e1ad006228cfbbd84d8da8f2144bde271f376be754f6,0x2f7ac9436ba4b548f9582af91ca1ef02cd2f1f03|0x4e1b16ef22935a575a6811d4616f98c4077e4408|0xd54e4f8a55247487dd7c8c59f14ee5c0c2889477,0xd54e4f8a55247487dd7c8c59f14ee5c0c2889477,0x4e1b16ef22935a575a6811d4616f98c4077e4408,KEL,KEL,0xd73245cc158dcf607431e1ad006228cfbbd84d8da8f2144bde271f376be754f6_KEL,1671760880,1671760880,1,5.14994e+22,51499.4,57.62471723734052,0,0,0.800000,bridge_dst_event_flow,True
BNB,Poly,bnb_flow_0xc78bf8a80bce__synth_split_a,0xc78bf8a80bcef65dff63731648b88dbd02f6f9cd8d8916a84e78b5a280700f6d,0x2f7ac9436ba4b548f9582af91ca1ef02cd2f1f03|0x69a1913d334b524ea1632461c78797c837ca9fa6|0xdd11ef5a5ac03c24b5079c05a8904cdbb2ecf59d,0xdd11ef5a5ac03c24b5079c05a8904cdbb2ecf59d,0x69a1913d334b524ea1632461c78797c837ca9fa6,RFuel,RFuel,0xc78bf8a80bcef65dff63731648b88dbd02f6f9cd8d8916a84e78b5a280700f6d_RFuel,1648886853,1648886853,1,2.3398646316464466e+23,233986.46316464464,163.93091477858675,0,0,0.825000,bridge_dst_event_flow,True
BNB,Poly,bnb_flow_0xc78bf8a80bce__synth_split_b,0xc78bf8a80bcef65dff63731648b88dbd02f6f9cd8d8916a84e78b5a280700f6d,0x2f7ac9436ba4b548f9582af91ca1ef02cd2f1f03|0x69a1913d334b524ea1632461c78797c837ca9fa6|0xdd11ef5a5ac03c24b5079c05a8904cdbb2ecf59d,0xdd11ef5a5ac03c24b5079c05a8904cdbb2ecf59d,0x69a1913d334b524ea1632461c78797c837ca9fa6,RFuel,RFuel,0xc78bf8a80bcef65dff63731648b88dbd02f6f9cd8d8916a84e78b5a280700f6d_RFuel,1648886853,1648886853,1,2.3398646316464466e+23,233986.46316464464,163.93091477858675,0,0,0.825000,bridge_dst_event_flow,True
BNB,Poly,bnb_flow_0xc78bf8a80bce__synth_merge_dst,0xc78bf8a80bcef65dff63731648b88dbd02f6f9cd8d8916a84e78b5a280700f6d,0x2f7ac9436ba4b548f9582af91ca1ef02cd2f1f03|0x69a1913d334b524ea1632461c78797c837ca9fa6|0xdd11ef5a5ac03c24b5079c05a8904cdbb2ecf59d,0xdd11ef5a5ac03c24b5079c05a8904cdbb2ecf59d,0x69a1913d334b524ea1632461c78797c837ca9fa6,RFuel,RFuel,0xc78bf8a80bcef65dff63731648b88dbd02f6f9cd8d8916a84e78b5a280700f6d_RFuel,1648886853,1648886853,1,4.679729263292893e+23,467972.9263292893,327.8618295571735,0,0,0.825000,bridge_dst_event_flow,True
BNB,Poly,bnb_flow_0xc78bf8a80bce__synth_hidden_dst,0xc78bf8a80bcef65dff63731648b88dbd02f6f9cd8d8916a84e78b5a280700f6d,0x2f7ac9436ba4b548f9582af91ca1ef02cd2f1f03|0x69a1913d334b524ea1632461c78797c837ca9fa6|0xdd11ef5a5ac03c24b5079c05a8904cdbb2ecf59d,0xdd11ef5a5ac03c24b5079c05a8904cdbb2ecf59d,0x69a1913d334b524ea1632461c78797c837ca9fa6,RFuel,RFuel,0xc78bf8a80bcef65dff63731648b88dbd02f6f9cd8d8916a84e78b5a280700f6d_RFuel,1648886853,1648886853,1,4.679729263292893e+23,467972.9263292893,327.8618295571735,0,0,0.825000,bridge_dst_event_flow,True
BNB,Poly,bnb_flow_0xc78bf8a80bce__synth_noise_dst_0,0xc78bf8a80bcef65dff63731648b88dbd02f6f9cd8d8916a84e78b5a280700f6d,0x2f7ac9436ba4b548f9582af91ca1ef02cd2f1f03|0x69a1913d334b524ea1632461c78797c837ca9fa6|0xdd11ef5a5ac03c24b5079c05a8904cdbb2ecf59d,0xdd11ef5a5ac03c24b5079c05a8904cdbb2ecf59d,0x69a1913d334b524ea1632461c78797c837ca9fa6,RFuel,RFuel,0xc78bf8a80bcef65dff63731648b88dbd02f6f9cd8d8916a84e78b5a280700f6d_RFuel,1648886913,1648886913,1,4.679729263292893e+23,467972.9263292893,327.8618295571735,0,0,0.825000,bridge_dst_event_flow,True
BNB,Poly,bnb_flow_0xc78bf8a80bce__synth_noise_dst_1,0xc78bf8a80bcef65dff63731648b88dbd02f6f9cd8d8916a84e78b5a280700f6d,0x2f7ac9436ba4b548f9582af91ca1ef02cd2f1f03|0x69a1913d334b524ea1632461c78797c837ca9fa6|0xdd11ef5a5ac03c24b5079c05a8904cdbb2ecf59d,0xdd11ef5a5ac03c24b5079c05a8904cdbb2ecf59d,0x69a1913d334b524ea1632461c78797c837ca9fa6,RFuel,RFuel,0xc78bf8a80bcef65dff63731648b88dbd02f6f9cd8d8916a84e78b5a280700f6d_RFuel,1648886973,1648886973,1,4.679729263292893e+23,467972.9263292893,327.8618295571735,0,0,0.825000,bridge_dst_event_flow,True
BNB,Poly,bnb_flow_0x9abbe85efb02__synth_split_a,0x9abbe85efb027bb0c9e2f3e787062a44861f3baf5961dbca65bf5ae523fc57ce,0x2f7ac9436ba4b548f9582af91ca1ef02cd2f1f03|0xe034db422431b665301665516e60193365367bc2|0xe552fb52a4f19e44ef5a967632dbc320b0820639,0xe034db422431b665301665516e60193365367bc2,0xe552fb52a4f19e44ef5a967632dbc320b0820639,Metis,Metis,0x9abbe85efb027bb0c9e2f3e787062a44861f3baf5961dbca65bf5ae523fc57ce_Metis,1647118330,1647118330,1,4.674503713359719e+19,46.74503713359718,127.11492651190893,0,0,0.825000,bridge_dst_event_flow,True
BNB,Poly,bnb_flow_0x9abbe85efb02__synth_split_b,0x9abbe85efb027bb0c9e2f3e787062a44861f3baf5961dbca65bf5ae523fc57ce,0x2f7ac9436ba4b548f9582af91ca1ef02cd2f1f03|0xe034db422431b665301665516e60193365367bc2|0xe552fb52a4f19e44ef5a967632dbc320b0820639,0xe034db422431b665301665516e60193365367bc2,0xe552fb52a4f19e44ef5a967632dbc320b0820639,Metis,Metis,0x9abbe85efb027bb0c9e2f3e787062a44861f3baf5961dbca65bf5ae523fc57ce_Metis,1647118330,1647118330,1,4.674503713359719e+19,46.74503713359718,127.11492651190893,0,0,0.825000,bridge_dst_event_flow,True
BNB,Poly,bnb_flow_0x9abbe85efb02__synth_merge_dst,0x9abbe85efb027bb0c9e2f3e787062a44861f3baf5961dbca65bf5ae523fc57ce,0x2f7ac9436ba4b548f9582af91ca1ef02cd2f1f03|0xe034db422431b665301665516e60193365367bc2|0xe552fb52a4f19e44ef5a967632dbc320b0820639,0xe034db422431b665301665516e60193365367bc2,0xe552fb52a4f19e44ef5a967632dbc320b0820639,Metis,Metis,0x9abbe85efb027bb0c9e2f3e787062a44861f3baf5961dbca65bf5ae523fc57ce_Metis,1647118330,1647118330,1,9.349007426719438e+19,93.49007426719436,254.22985302381787,0,0,0.825000,bridge_dst_event_flow,True
BNB,Poly,bnb_flow_0x9abbe85efb02__synth_hidden_dst,0x9abbe85efb027bb0c9e2f3e787062a44861f3baf5961dbca65bf5ae523fc57ce,0x2f7ac9436ba4b548f9582af91ca1ef02cd2f1f03|0xe034db422431b665301665516e60193365367bc2|0xe552fb52a4f19e44ef5a967632dbc320b0820639,0xe034db422431b665301665516e60193365367bc2,0xe552fb52a4f19e44ef5a967632dbc320b0820639,Metis,Metis,0x9abbe85efb027bb0c9e2f3e787062a44861f3baf5961dbca65bf5ae523fc57ce_Metis,1647118330,1647118330,1,9.349007426719438e+19,93.49007426719436,254.22985302381787,0,0,0.825000,bridge_dst_event_flow,True
BNB,Poly,bnb_flow_0x9abbe85efb02__synth_noise_dst_0,0x9abbe85efb027bb0c9e2f3e787062a44861f3baf5961dbca65bf5ae523fc57ce,0x2f7ac9436ba4b548f9582af91ca1ef02cd2f1f03|0xe034db422431b665301665516e60193365367bc2|0xe552fb52a4f19e44ef5a967632dbc320b0820639,0xe034db422431b665301665516e60193365367bc2,0xe552fb52a4f19e44ef5a967632dbc320b0820639,Metis,Metis,0x9abbe85efb027bb0c9e2f3e787062a44861f3baf5961dbca65bf5ae523fc57ce_Metis,1647118390,1647118390,1,9.349007426719438e+19,93.49007426719436,254.22985302381787,0,0,0.825000,bridge_dst_event_flow,True
BNB,Poly,bnb_flow_0x9abbe85efb02__synth_noise_dst_1,0x9abbe85efb027bb0c9e2f3e787062a44861f3baf5961dbca65bf5ae523fc57ce,0x2f7ac9436ba4b548f9582af91ca1ef02cd2f1f03|0xe034db422431b665301665516e60193365367bc2|0xe552fb52a4f19e44ef5a967632dbc320b0820639,0xe034db422431b665301665516e60193365367bc2,0xe552fb52a4f19e44ef5a967632dbc320b0820639,Metis,Metis,0x9abbe85efb027bb0c9e2f3e787062a44861f3baf5961dbca65bf5ae523fc57ce_Metis,1647118450,1647118450,1,9.349007426719438e+19,93.49007426719436,254.22985302381787,0,0,0.825000,bridge_dst_event_flow,True
BNB,Poly,bnb_flow_0x6ab2186eb159__synth_split_a,0x6ab2186eb159045a329a24acb58fe8c38f27d8d82d62aa27f1405fa675c3f5fe,0x2f7ac9436ba4b548f9582af91ca1ef02cd2f1f03|0x92bc4d57c9ca7f74b3f08e80515855f43a03fb19|0xe552fb52a4f19e44ef5a967632dbc320b0820639,0x92bc4d57c9ca7f74b3f08e80515855f43a03fb19,0xe552fb52a4f19e44ef5a967632dbc320b0820639,Metis,Metis,0x6ab2186eb159045a329a24acb58fe8c38f27d8d82d62aa27f1405fa675c3f5fe_Metis,1652447800,1652447800,1,3.87233e+19,38.7233,105.30121988630914,0,0,0.825000,bridge_dst_event_flow,True
BNB,Poly,bnb_flow_0x6ab2186eb159__synth_split_b,0x6ab2186eb159045a329a24acb58fe8c38f27d8d82d62aa27f1405fa675c3f5fe,0x2f7ac9436ba4b548f9582af91ca1ef02cd2f1f03|0x92bc4d57c9ca7f74b3f08e80515855f43a03fb19|0xe552fb52a4f19e44ef5a967632dbc320b0820639,0x92bc4d57c9ca7f74b3f08e80515855f43a03fb19,0xe552fb52a4f19e44ef5a967632dbc320b0820639,Metis,Metis,0x6ab2186eb159045a329a24acb58fe8c38f27d8d82d62aa27f1405fa675c3f5fe_Metis,1652447800,1652447800,1,3.87233e+19,38.7233,105.30121988630914,0,0,0.825000,bridge_dst_event_flow,True
BNB,Poly,bnb_flow_0x6ab2186eb159__synth_merge_dst,0x6ab2186eb159045a329a24acb58fe8c38f27d8d82d62aa27f1405fa675c3f5fe,0x2f7ac9436ba4b548f9582af91ca1ef02cd2f1f03|0x92bc4d57c9ca7f74b3f08e80515855f43a03fb19|0xe552fb52a4f19e44ef5a967632dbc320b0820639,0x92bc4d57c9ca7f74b3f08e80515855f43a03fb19,0xe552fb52a4f19e44ef5a967632dbc320b0820639,Metis,Metis,0x6ab2186eb159045a329a24acb58fe8c38f27d8d82d62aa27f1405fa675c3f5fe_Metis,1652447800,1652447800,1,7.74466e+19,77.4466,210.60243977261828,0,0,0.825000,bridge_dst_event_flow,True
BNB,Poly,bnb_flow_0x6ab2186eb159__synth_hidden_dst,0x6ab2186eb159045a329a24acb58fe8c38f27d8d82d62aa27f1405fa675c3f5fe,0x2f7ac9436ba4b548f9582af91ca1ef02cd2f1f03|0x92bc4d57c9ca7f74b3f08e80515855f43a03fb19|0xe552fb52a4f19e44ef5a967632dbc320b0820639,0x92bc4d57c9ca7f74b3f08e80515855f43a03fb19,0xe552fb52a4f19e44ef5a967632dbc320b0820639,Metis,Metis,0x6ab2186eb159045a329a24acb58fe8c38f27d8d82d62aa27f1405fa675c3f5fe_Metis,1652447800,1652447800,1,7.74466e+19,77.4466,210.60243977261828,0,0,0.825000,bridge_dst_event_flow,True
BNB,Poly,bnb_flow_0x6ab2186eb159__synth_noise_dst_0,0x6ab2186eb159045a329a24acb58fe8c38f27d8d82d62aa27f1405fa675c3f5fe,0x2f7ac9436ba4b548f9582af91ca1ef02cd2f1f03|0x92bc4d57c9ca7f74b3f08e80515855f43a03fb19|0xe552fb52a4f19e44ef5a967632dbc320b0820639,0x92bc4d57c9ca7f74b3f08e80515855f43a03fb19,0xe552fb52a4f19e44ef5a967632dbc320b0820639,Metis,Metis,0x6ab2186eb159045a329a24acb58fe8c38f27d8d82d62aa27f1405fa675c3f5fe_Metis,1652447860,1652447860,1,7.74466e+19,77.4466,210.60243977261828,0,0,0.825000,bridge_dst_event_flow,True
BNB,Poly,bnb_flow_0x6ab2186eb159__synth_noise_dst_1,0x6ab2186eb159045a329a24acb58fe8c38f27d8d82d62aa27f1405fa675c3f5fe,0x2f7ac9436ba4b548f9582af91ca1ef02cd2f1f03|0x92bc4d57c9ca7f74b3f08e80515855f43a03fb19|0xe552fb52a4f19e44ef5a967632dbc320b0820639,0x92bc4d57c9ca7f74b3f08e80515855f43a03fb19,0xe552fb52a4f19e44ef5a967632dbc320b0820639,Metis,Metis,0x6ab2186eb159045a329a24acb58fe8c38f27d8d82d62aa27f1405fa675c3f5fe_Metis,1652447920,1652447920,1,7.74466e+19,77.4466,210.60243977261828,0,0,0.825000,bridge_dst_event_flow,True
BNB,Poly,bnb_flow_0xfc523d9c4728__synth_split_a,0xfc523d9c4728a91c61693e8db176ccc341fa5ea63d7c2844e54bdecc42f65147,0x2f7ac9436ba4b548f9582af91ca1ef02cd2f1f03|0x69a1913d334b524ea1632461c78797c837ca9fa6|0xad233db0ba3dcc071b0625921ea01720cf0aba9f,0xad233db0ba3dcc071b0625921ea01720cf0aba9f,0x69a1913d334b524ea1632461c78797c837ca9fa6,RFuel,RFuel,0xfc523d9c4728a91c61693e8db176ccc341fa5ea63d7c2844e54bdecc42f65147_RFuel,1649742305,1649742305,1,5.799531945006963e+22,57995.31945006963,40.6315204808943,0,0,0.825000,bridge_dst_event_flow,True
BNB,Poly,bnb_flow_0xfc523d9c4728__synth_split_b,0xfc523d9c4728a91c61693e8db176ccc341fa5ea63d7c2844e54bdecc42f65147,0x2f7ac9436ba4b548f9582af91ca1ef02cd2f1f03|0x69a1913d334b524ea1632461c78797c837ca9fa6|0xad233db0ba3dcc071b0625921ea01720cf0aba9f,0xad233db0ba3dcc071b0625921ea01720cf0aba9f,0x69a1913d334b524ea1632461c78797c837ca9fa6,RFuel,RFuel,0xfc523d9c4728a91c61693e8db176ccc341fa5ea63d7c2844e54bdecc42f65147_RFuel,1649742305,1649742305,1,5.799531945006963e+22,57995.31945006963,40.6315204808943,0,0,0.825000,bridge_dst_event_flow,True
BNB,Poly,bnb_flow_0xfc523d9c4728__synth_split_c,0xfc523d9c4728a91c61693e8db176ccc341fa5ea63d7c2844e54bdecc42f65147,0x2f7ac9436ba4b548f9582af91ca1ef02cd2f1f03|0x69a1913d334b524ea1632461c78797c837ca9fa6|0xad233db0ba3dcc071b0625921ea01720cf0aba9f,0xad233db0ba3dcc071b0625921ea01720cf0aba9f,0x69a1913d334b524ea1632461c78797c837ca9fa6,RFuel,RFuel,0xfc523d9c4728a91c61693e8db176ccc341fa5ea63d7c2844e54bdecc42f65147_RFuel,1649742305,1649742305,1,5.799531945006963e+22,57995.31945006963,40.6315204808943,0,0,0.825000,bridge_dst_event_flow,True
BNB,Poly,bnb_flow_0xfc523d9c4728__synth_merge_dst,0xfc523d9c4728a91c61693e8db176ccc341fa5ea63d7c2844e54bdecc42f65147,0x2f7ac9436ba4b548f9582af91ca1ef02cd2f1f03|0x69a1913d334b524ea1632461c78797c837ca9fa6|0xad233db0ba3dcc071b0625921ea01720cf0aba9f,0xad233db0ba3dcc071b0625921ea01720cf0aba9f,0x69a1913d334b524ea1632461c78797c837ca9fa6,RFuel,RFuel,0xfc523d9c4728a91c61693e8db176ccc341fa5ea63d7c2844e54bdecc42f65147_RFuel,1649742305,1649742305,1,1.739859583502089e+23,173985.9583502089,121.89456144268291,0,0,0.825000,bridge_dst_event_flow,True
BNB,Poly,bnb_flow_0xfc523d9c4728__synth_hidden_dst,0xfc523d9c4728a91c61693e8db176ccc341fa5ea63d7c2844e54bdecc42f65147,0x2f7ac9436ba4b548f9582af91ca1ef02cd2f1f03|0x69a1913d334b524ea1632461c78797c837ca9fa6|0xad233db0ba3dcc071b0625921ea01720cf0aba9f,0xad233db0ba3dcc071b0625921ea01720cf0aba9f,0x69a1913d334b524ea1632461c78797c837ca9fa6,RFuel,RFuel,0xfc523d9c4728a91c61693e8db176ccc341fa5ea63d7c2844e54bdecc42f65147_RFuel,1649742305,1649742305,1,1.739859583502089e+23,173985.9583502089,121.89456144268291,0,0,0.825000,bridge_dst_event_flow,True
BNB,Poly,bnb_flow_0xfc523d9c4728__synth_noise_dst_0,0xfc523d9c4728a91c61693e8db176ccc341fa5ea63d7c2844e54bdecc42f65147,0x2f7ac9436ba4b548f9582af91ca1ef02cd2f1f03|0x69a1913d334b524ea1632461c78797c837ca9fa6|0xad233db0ba3dcc071b0625921ea01720cf0aba9f,0xad233db0ba3dcc071b0625921ea01720cf0aba9f,0x69a1913d334b524ea1632461c78797c837ca9fa6,RFuel,RFuel,0xfc523d9c4728a91c61693e8db176ccc341fa5ea63d7c2844e54bdecc42f65147_RFuel,1649742365,1649742365,1,1.739859583502089e+23,173985.9583502089,121.89456144268291,0,0,0.825000,bridge_dst_event_flow,True
BNB,Poly,bnb_flow_0xfc523d9c4728__synth_noise_dst_1,0xfc523d9c4728a91c61693e8db176ccc341fa5ea63d7c2844e54bdecc42f65147,0x2f7ac9436ba4b548f9582af91ca1ef02cd2f1f03|0x69a1913d334b524ea1632461c78797c837ca9fa6|0xad233db0ba3dcc071b0625921ea01720cf0aba9f,0xad233db0ba3dcc071b0625921ea01720cf0aba9f,0x69a1913d334b524ea1632461c78797c837ca9fa6,RFuel,RFuel,0xfc523d9c4728a91c61693e8db176ccc341fa5ea63d7c2844e54bdecc42f65147_RFuel,1649742425,1649742425,1,1.739859583502089e+23,173985.9583502089,121.89456144268291,0,0,0.825000,bridge_dst_event_flow,True
BNB,Poly,bnb_flow_0xf428f7634dac__synth_split_a,0xf428f7634daca754455c2b24de7a5cd067708aa8b054526bc85dd8af26bd39b3,0x1bad1270426b8059a783704308cec80753de0b38|0x2f7ac9436ba4b548f9582af91ca1ef02cd2f1f03|0xe552fb52a4f19e44ef5a967632dbc320b0820639,0x1bad1270426b8059a783704308cec80753de0b38,0xe552fb52a4f19e44ef5a967632dbc320b0820639,Metis,Metis,0xf428f7634daca754455c2b24de7a5cd067708aa8b054526bc85dd8af26bd39b3_Metis,1652611551,1652611551,1,3.821061226846484e+19,38.21061226846484,103.90705555756142,0,0,0.825000,bridge_dst_event_flow,True
BNB,Poly,bnb_flow_0xf428f7634dac__synth_split_b,0xf428f7634daca754455c2b24de7a5cd067708aa8b054526bc85dd8af26bd39b3,0x1bad1270426b8059a783704308cec80753de0b38|0x2f7ac9436ba4b548f9582af91ca1ef02cd2f1f03|0xe552fb52a4f19e44ef5a967632dbc320b0820639,0x1bad1270426b8059a783704308cec80753de0b38,0xe552fb52a4f19e44ef5a967632dbc320b0820639,Metis,Metis,0xf428f7634daca754455c2b24de7a5cd067708aa8b054526bc85dd8af26bd39b3_Metis,1652611551,1652611551,1,3.821061226846484e+19,38.21061226846484,103.90705555756142,0,0,0.825000,bridge_dst_event_flow,True
BNB,Poly,bnb_flow_0xf428f7634dac__synth_merge_dst,0xf428f7634daca754455c2b24de7a5cd067708aa8b054526bc85dd8af26bd39b3,0x1bad1270426b8059a783704308cec80753de0b38|0x2f7ac9436ba4b548f9582af91ca1ef02cd2f1f03|0xe552fb52a4f19e44ef5a967632dbc320b0820639,0x1bad1270426b8059a783704308cec80753de0b38,0xe552fb52a4f19e44ef5a967632dbc320b0820639,Metis,Metis,0xf428f7634daca754455c2b24de7a5cd067708aa8b054526bc85dd8af26bd39b3_Metis,1652611551,1652611551,1,7.642122453692968e+19,76.42122453692969,207.81411111512284,0,0,0.825000,bridge_dst_event_flow,True
BNB,Poly,bnb_flow_0xf428f7634dac__synth_hidden_dst,0xf428f7634daca754455c2b24de7a5cd067708aa8b054526bc85dd8af26bd39b3,0x1bad1270426b8059a783704308cec80753de0b38|0x2f7ac9436ba4b548f9582af91ca1ef02cd2f1f03|0xe552fb52a4f19e44ef5a967632dbc320b0820639,0x1bad1270426b8059a783704308cec80753de0b38,0xe552fb52a4f19e44ef5a967632dbc320b0820639,Metis,Metis,0xf428f7634daca754455c2b24de7a5cd067708aa8b054526bc85dd8af26bd39b3_Metis,1652611551,1652611551,1,7.642122453692968e+19,76.42122453692969,207.81411111512284,0,0,0.825000,bridge_dst_event_flow,True
BNB,Poly,bnb_flow_0xf428f7634dac__synth_noise_dst_0,0xf428f7634daca754455c2b24de7a5cd067708aa8b054526bc85dd8af26bd39b3,0x1bad1270426b8059a783704308cec80753de0b38|0x2f7ac9436ba4b548f9582af91ca1ef02cd2f1f03|0xe552fb52a4f19e44ef5a967632dbc320b0820639,0x1bad1270426b8059a783704308cec80753de0b38,0xe552fb52a4f19e44ef5a967632dbc320b0820639,Metis,Metis,0xf428f7634daca754455c2b24de7a5cd067708aa8b054526bc85dd8af26bd39b3_Metis,1652611611,1652611611,1,7.642122453692968e+19,76.42122453692969,207.81411111512284,0,0,0.825000,bridge_dst_event_flow,True
BNB,Poly,bnb_flow_0xf428f7634dac__synth_noise_dst_1,0xf428f7634daca754455c2b24de7a5cd067708aa8b054526bc85dd8af26bd39b3,0x1bad1270426b8059a783704308cec80753de0b38|0x2f7ac9436ba4b548f9582af91ca1ef02cd2f1f03|0xe552fb52a4f19e44ef5a967632dbc320b0820639,0x1bad1270426b8059a783704308cec80753de0b38,0xe552fb52a4f19e44ef5a967632dbc320b0820639,Metis,Metis,0xf428f7634daca754455c2b24de7a5cd067708aa8b054526bc85dd8af26bd39b3_Metis,1652611671,1652611671,1,7.642122453692968e+19,76.42122453692969,207.81411111512284,0,0,0.825000,bridge_dst_event_flow,True
BNB,Poly,bnb_flow_0x736f21807bfa__synth_split_a,0x736f21807bfa4b85a378ab3ccc052e2f4c805bfb8989ee5c50fb6769584c26d5,0x2f7ac9436ba4b548f9582af91ca1ef02cd2f1f03|0xe552fb52a4f19e44ef5a967632dbc320b0820639|0xf2ce52e3d0eb5d237341c9a75ca24647d87d7e55,0xf2ce52e3d0eb5d237341c9a75ca24647d87d7e55,0xe552fb52a4f19e44ef5a967632dbc320b0820639,Metis,Metis,0x736f21807bfa4b85a378ab3ccc052e2f4c805bfb8989ee5c50fb6769584c26d5_Metis,1660501870,1660501870,1,3.979497208302899e+19,39.794972083028995,108.21544407848941,0,0,0.825000,bridge_dst_event_flow,True
BNB,Poly,bnb_flow_0x736f21807bfa__synth_split_b,0x736f21807bfa4b85a378ab3ccc052e2f4c805bfb8989ee5c50fb6769584c26d5,0x2f7ac9436ba4b548f9582af91ca1ef02cd2f1f03|0xe552fb52a4f19e44ef5a967632dbc320b0820639|0xf2ce52e3d0eb5d237341c9a75ca24647d87d7e55,0xf2ce52e3d0eb5d237341c9a75ca24647d87d7e55,0xe552fb52a4f19e44ef5a967632dbc320b0820639,Metis,Metis,0x736f21807bfa4b85a378ab3ccc052e2f4c805bfb8989ee5c50fb6769584c26d5_Metis,1660501870,1660501870,1,3.979497208302899e+19,39.794972083028995,108.21544407848941,0,0,0.825000,bridge_dst_event_flow,True
BNB,Poly,bnb_flow_0x736f21807bfa__synth_split_c,0x736f21807bfa4b85a378ab3ccc052e2f4c805bfb8989ee5c50fb6769584c26d5,0x2f7ac9436ba4b548f9582af91ca1ef02cd2f1f03|0xe552fb52a4f19e44ef5a967632dbc320b0820639|0xf2ce52e3d0eb5d237341c9a75ca24647d87d7e55,0xf2ce52e3d0eb5d237341c9a75ca24647d87d7e55,0xe552fb52a4f19e44ef5a967632dbc320b0820639,Metis,Metis,0x736f21807bfa4b85a378ab3ccc052e2f4c805bfb8989ee5c50fb6769584c26d5_Metis,1660501870,1660501870,1,3.979497208302899e+19,39.794972083028995,108.21544407848941,0,0,0.825000,bridge_dst_event_flow,True
BNB,Poly,bnb_flow_0x736f21807bfa__synth_merge_dst,0x736f21807bfa4b85a378ab3ccc052e2f4c805bfb8989ee5c50fb6769584c26d5,0x2f7ac9436ba4b548f9582af91ca1ef02cd2f1f03|0xe552fb52a4f19e44ef5a967632dbc320b0820639|0xf2ce52e3d0eb5d237341c9a75ca24647d87d7e55,0xf2ce52e3d0eb5d237341c9a75ca24647d87d7e55,0xe552fb52a4f19e44ef5a967632dbc320b0820639,Metis,Metis,0x736f21807bfa4b85a378ab3ccc052e2f4c805bfb8989ee5c50fb6769584c26d5_Metis,1660501870,1660501870,1,1.1938491624908698e+20,119.38491624908698,324.64633223546826,0,0,0.825000,bridge_dst_event_flow,True
BNB,Poly,bnb_flow_0x736f21807bfa__synth_hidden_dst,0x736f21807bfa4b85a378ab3ccc052e2f4c805bfb8989ee5c50fb6769584c26d5,0x2f7ac9436ba4b548f9582af91ca1ef02cd2f1f03|0xe552fb52a4f19e44ef5a967632dbc320b0820639|0xf2ce52e3d0eb5d237341c9a75ca24647d87d7e55,0xf2ce52e3d0eb5d237341c9a75ca24647d87d7e55,0xe552fb52a4f19e44ef5a967632dbc320b0820639,Metis,Metis,0x736f21807bfa4b85a378ab3ccc052e2f4c805bfb8989ee5c50fb6769584c26d5_Metis,1660501870,1660501870,1,1.1938491624908698e+20,119.38491624908698,324.64633223546826,0,0,0.825000,bridge_dst_event_flow,True
BNB,Poly,bnb_flow_0x736f21807bfa__synth_noise_dst_0,0x736f21807bfa4b85a378ab3ccc052e2f4c805bfb8989ee5c50fb6769584c26d5,0x2f7ac9436ba4b548f9582af91ca1ef02cd2f1f03|0xe552fb52a4f19e44ef5a967632dbc320b0820639|0xf2ce52e3d0eb5d237341c9a75ca24647d87d7e55,0xf2ce52e3d0eb5d237341c9a75ca24647d87d7e55,0xe552fb52a4f19e44ef5a967632dbc320b0820639,Metis,Metis,0x736f21807bfa4b85a378ab3ccc052e2f4c805bfb8989ee5c50fb6769584c26d5_Metis,1660501930,1660501930,1,1.1938491624908698e+20,119.38491624908698,324.64633223546826,0,0,0.825000,bridge_dst_event_flow,True
BNB,Poly,bnb_flow_0x736f21807bfa__synth_noise_dst_1,0x736f21807bfa4b85a378ab3ccc052e2f4c805bfb8989ee5c50fb6769584c26d5,0x2f7ac9436ba4b548f9582af91ca1ef02cd2f1f03|0xe552fb52a4f19e44ef5a967632dbc320b0820639|0xf2ce52e3d0eb5d237341c9a75ca24647d87d7e55,0xf2ce52e3d0eb5d237341c9a75ca24647d87d7e55,0xe552fb52a4f19e44ef5a967632dbc320b0820639,Metis,Metis,0x736f21807bfa4b85a378ab3ccc052e2f4c805bfb8989ee5c50fb6769584c26d5_Metis,1660501990,1660501990,1,1.1938491624908698e+20,119.38491624908698,324.64633223546826,0,0,0.825000,bridge_dst_event_flow,True
BNB,Poly,bnb_flow_0x4d06548809f1__synth_split_a,0x4d06548809f1aff774804f85f7cfbcc93178c708d4891209242a4f8a616f343d,0x2f7ac9436ba4b548f9582af91ca1ef02cd2f1f03|0x4e1b16ef22935a575a6811d4616f98c4077e4408|0x8594d8e9483473626908648a5539d9d65ca2fe8d,0x8594d8e9483473626908648a5539d9d65ca2fe8d,0x4e1b16ef22935a575a6811d4616f98c4077e4408,KEL,KEL,0x4d06548809f1aff774804f85f7cfbcc93178c708d4891209242a4f8a616f343d_KEL,1659110941,1659110941,1,1.4897803103920378e+22,14897.803103920378,16.669741614872905,0,0,0.825000,bridge_dst_event_flow,True
BNB,Poly,bnb_flow_0x4d06548809f1__synth_split_b,0x4d06548809f1aff774804f85f7cfbcc93178c708d4891209242a4f8a616f343d,0x2f7ac9436ba4b548f9582af91ca1ef02cd2f1f03|0x4e1b16ef22935a575a6811d4616f98c4077e4408|0x8594d8e9483473626908648a5539d9d65ca2fe8d,0x8594d8e9483473626908648a5539d9d65ca2fe8d,0x4e1b16ef22935a575a6811d4616f98c4077e4408,KEL,KEL,0x4d06548809f1aff774804f85f7cfbcc93178c708d4891209242a4f8a616f343d_KEL,1659110941,1659110941,1,1.4897803103920378e+22,14897.803103920378,16.669741614872905,0,0,0.825000,bridge_dst_event_flow,True
BNB,Poly,bnb_flow_0x4d06548809f1__synth_split_c,0x4d06548809f1aff774804f85f7cfbcc93178c708d4891209242a4f8a616f343d,0x2f7ac9436ba4b548f9582af91ca1ef02cd2f1f03|0x4e1b16ef22935a575a6811d4616f98c4077e4408|0x8594d8e9483473626908648a5539d9d65ca2fe8d,0x8594d8e9483473626908648a5539d9d65ca2fe8d,0x4e1b16ef22935a575a6811d4616f98c4077e4408,KEL,KEL,0x4d06548809f1aff774804f85f7cfbcc93178c708d4891209242a4f8a616f343d_KEL,1659110941,1659110941,1,1.4897803103920378e+22,14897.803103920378,16.669741614872905,0,0,0.825000,bridge_dst_event_flow,True
BNB,Poly,bnb_flow_0x4d06548809f1__synth_split_d,0x4d06548809f1aff774804f85f7cfbcc93178c708d4891209242a4f8a616f343d,0x2f7ac9436ba4b548f9582af91ca1ef02cd2f1f03|0x4e1b16ef22935a575a6811d4616f98c4077e4408|0x8594d8e9483473626908648a5539d9d65ca2fe8d,0x8594d8e9483473626908648a5539d9d65ca2fe8d,0x4e1b16ef22935a575a6811d4616f98c4077e4408,KEL,KEL,0x4d06548809f1aff774804f85f7cfbcc93178c708d4891209242a4f8a616f343d_KEL,1659110941,1659110941,1,1.4897803103920378e+22,14897.803103920378,16.669741614872905,0,0,0.825000,bridge_dst_event_flow,True
BNB,Poly,bnb_flow_0x4d06548809f1__synth_split_e,0x4d06548809f1aff774804f85f7cfbcc93178c708d4891209242a4f8a616f343d,0x2f7ac9436ba4b548f9582af91ca1ef02cd2f1f03|0x4e1b16ef22935a575a6811d4616f98c4077e4408|0x8594d8e9483473626908648a5539d9d65ca2fe8d,0x8594d8e9483473626908648a5539d9d65ca2fe8d,0x4e1b16ef22935a575a6811d4616f98c4077e4408,KEL,KEL,0x4d06548809f1aff774804f85f7cfbcc93178c708d4891209242a4f8a616f343d_KEL,1659110941,1659110941,1,1.4897803103920378e+22,14897.803103920378,16.669741614872905,0,0,0.825000,bridge_dst_event_flow,True
BNB,Poly,bnb_flow_0x4d06548809f1__synth_split_f,0x4d06548809f1aff774804f85f7cfbcc93178c708d4891209242a4f8a616f343d,0x2f7ac9436ba4b548f9582af91ca1ef02cd2f1f03|0x4e1b16ef22935a575a6811d4616f98c4077e4408|0x8594d8e9483473626908648a5539d9d65ca2fe8d,0x8594d8e9483473626908648a5539d9d65ca2fe8d,0x4e1b16ef22935a575a6811d4616f98c4077e4408,KEL,KEL,0x4d06548809f1aff774804f85f7cfbcc93178c708d4891209242a4f8a616f343d_KEL,1659110941,1659110941,1,1.4897803103920378e+22,14897.803103920378,16.669741614872905,0,0,0.825000,bridge_dst_event_flow,True
BNB,Poly,bnb_flow_0x4d06548809f1__synth_merge_dst,0x4d06548809f1aff774804f85f7cfbcc93178c708d4891209242a4f8a616f343d,0x2f7ac9436ba4b548f9582af91ca1ef02cd2f1f03|0x4e1b16ef22935a575a6811d4616f98c4077e4408|0x8594d8e9483473626908648a5539d9d65ca2fe8d,0x8594d8e9483473626908648a5539d9d65ca2fe8d,0x4e1b16ef22935a575a6811d4616f98c4077e4408,KEL,KEL,0x4d06548809f1aff774804f85f7cfbcc93178c708d4891209242a4f8a616f343d_KEL,1659110941,1659110941,1,8.938681862352227e+22,89386.81862352227,100.01844968923744,0,0,0.825000,bridge_dst_event_flow,True
BNB,Poly,bnb_flow_0x4d06548809f1__synth_hidden_dst,0x4d06548809f1aff774804f85f7cfbcc93178c708d4891209242a4f8a616f343d,0x2f7ac9436ba4b548f9582af91ca1ef02cd2f1f03|0x4e1b16ef22935a575a6811d4616f98c4077e4408|0x8594d8e9483473626908648a5539d9d65ca2fe8d,0x8594d8e9483473626908648a5539d9d65ca2fe8d,0x4e1b16ef22935a575a6811d4616f98c4077e4408,KEL,KEL,0x4d06548809f1aff774804f85f7cfbcc93178c708d4891209242a4f8a616f343d_KEL,1659110941,1659110941,1,8.938681862352227e+22,89386.81862352227,100.01844968923744,0,0,0.825000,bridge_dst_event_flow,True
BNB,Poly,bnb_flow_0x4d06548809f1__synth_noise_dst_0,0x4d06548809f1aff774804f85f7cfbcc93178c708d4891209242a4f8a616f343d,0x2f7ac9436ba4b548f9582af91ca1ef02cd2f1f03|0x4e1b16ef22935a575a6811d4616f98c4077e4408|0x8594d8e9483473626908648a5539d9d65ca2fe8d,0x8594d8e9483473626908648a5539d9d65ca2fe8d,0x4e1b16ef22935a575a6811d4616f98c4077e4408,KEL,KEL,0x4d06548809f1aff774804f85f7cfbcc93178c708d4891209242a4f8a616f343d_KEL,1659111001,1659111001,1,8.938681862352227e+22,89386.81862352227,100.01844968923744,0,0,0.825000,bridge_dst_event_flow,True
BNB,Poly,bnb_flow_0x4d06548809f1__synth_noise_dst_1,0x4d06548809f1aff774804f85f7cfbcc93178c708d4891209242a4f8a616f343d,0x2f7ac9436ba4b548f9582af91ca1ef02cd2f1f03|0x4e1b16ef22935a575a6811d4616f98c4077e4408|0x8594d8e9483473626908648a5539d9d65ca2fe8d,0x8594d8e9483473626908648a5539d9d65ca2fe8d,0x4e1b16ef22935a575a6811d4616f98c4077e4408,KEL,KEL,0x4d06548809f1aff774804f85f7cfbcc93178c708d4891209242a4f8a616f343d_KEL,1659111061,1659111061,1,8.938681862352227e+22,89386.81862352227,100.01844968923744,0,0,0.825000,bridge_dst_event_flow,True
BNB,Poly,bnb_flow_0xe55e6c4d0fb8__synth_split_a,0xe55e6c4d0fb8a9155dfc934acb6bb2e15356f0c51ef2736bfb5244b16ccd4f9a,0x2f7ac9436ba4b548f9582af91ca1ef02cd2f1f03|0x69a1913d334b524ea1632461c78797c837ca9fa6|0x8594d8e9483473626908648a5539d9d65ca2fe8d,0x8594d8e9483473626908648a5539d9d65ca2fe8d,0x69a1913d334b524ea1632461c78797c837ca9fa6,RFuel,RFuel,0xe55e6c4d0fb8a9155dfc934acb6bb2e15356f0c51ef2736bfb5244b16ccd4f9a_RFuel,1659149814,1659149814,1,2.9292639949577475e+22,29292.63994957747,20.522423384104506,0,0,0.825000,bridge_dst_event_flow,True
BNB,Poly,bnb_flow_0xe55e6c4d0fb8__synth_split_b,0xe55e6c4d0fb8a9155dfc934acb6bb2e15356f0c51ef2736bfb5244b16ccd4f9a,0x2f7ac9436ba4b548f9582af91ca1ef02cd2f1f03|0x69a1913d334b524ea1632461c78797c837ca9fa6|0x8594d8e9483473626908648a5539d9d65ca2fe8d,0x8594d8e9483473626908648a5539d9d65ca2fe8d,0x69a1913d334b524ea1632461c78797c837ca9fa6,RFuel,RFuel,0xe55e6c4d0fb8a9155dfc934acb6bb2e15356f0c51ef2736bfb5244b16ccd4f9a_RFuel,1659149814,1659149814,1,2.9292639949577475e+22,29292.63994957747,20.522423384104506,0,0,0.825000,bridge_dst_event_flow,True
BNB,Poly,bnb_flow_0xe55e6c4d0fb8__synth_split_c,0xe55e6c4d0fb8a9155dfc934acb6bb2e15356f0c51ef2736bfb5244b16ccd4f9a,0x2f7ac9436ba4b548f9582af91ca1ef02cd2f1f03|0x69a1913d334b524ea1632461c78797c837ca9fa6|0x8594d8e9483473626908648a5539d9d65ca2fe8d,0x8594d8e9483473626908648a5539d9d65ca2fe8d,0x69a1913d334b524ea1632461c78797c837ca9fa6,RFuel,RFuel,0xe55e6c4d0fb8a9155dfc934acb6bb2e15356f0c51ef2736bfb5244b16ccd4f9a_RFuel,1659149814,1659149814,1,2.9292639949577475e+22,29292.63994957747,20.522423384104506,0,0,0.825000,bridge_dst_event_flow,True
BNB,Poly,bnb_flow_0xe55e6c4d0fb8__synth_split_d,0xe55e6c4d0fb8a9155dfc934acb6bb2e15356f0c51ef2736bfb5244b16ccd4f9a,0x2f7ac9436ba4b548f9582af91ca1ef02cd2f1f03|0x69a1913d334b524ea1632461c78797c837ca9fa6|0x8594d8e9483473626908648a5539d9d65ca2fe8d,0x8594d8e9483473626908648a5539d9d65ca2fe8d,0x69a1913d334b524ea1632461c78797c837ca9fa6,RFuel,RFuel,0xe55e6c4d0fb8a9155dfc934acb6bb2e15356f0c51ef2736bfb5244b16ccd4f9a_RFuel,1659149814,1659149814,1,2.9292639949577475e+22,29292.63994957747,20.522423384104506,0,0,0.825000,bridge_dst_event_flow,True
BNB,Poly,bnb_flow_0xe55e6c4d0fb8__synth_split_e,0xe55e6c4d0fb8a9155dfc934acb6bb2e15356f0c51ef2736bfb5244b16ccd4f9a,0x2f7ac9436ba4b548f9582af91ca1ef02cd2f1f03|0x69a1913d334b524ea1632461c78797c837ca9fa6|0x8594d8e9483473626908648a5539d9d65ca2fe8d,0x8594d8e9483473626908648a5539d9d65ca2fe8d,0x69a1913d334b524ea1632461c78797c837ca9fa6,RFuel,RFuel,0xe55e6c4d0fb8a9155dfc934acb6bb2e15356f0c51ef2736bfb5244b16ccd4f9a_RFuel,1659149814,1659149814,1,2.9292639949577475e+22,29292.63994957747,20.522423384104506,0,0,0.825000,bridge_dst_event_flow,True
BNB,Poly,bnb_flow_0xe55e6c4d0fb8__synth_merge_dst,0xe55e6c4d0fb8a9155dfc934acb6bb2e15356f0c51ef2736bfb5244b16ccd4f9a,0x2f7ac9436ba4b548f9582af91ca1ef02cd2f1f03|0x69a1913d334b524ea1632461c78797c837ca9fa6|0x8594d8e9483473626908648a5539d9d65ca2fe8d,0x8594d8e9483473626908648a5539d9d65ca2fe8d,0x69a1913d334b524ea1632461c78797c837ca9fa6,RFuel,RFuel,0xe55e6c4d0fb8a9155dfc934acb6bb2e15356f0c51ef2736bfb5244b16ccd4f9a_RFuel,1659149814,1659149814,1,1.4646319974788736e+23,146463.19974788735,102.61211692052252,0,0,0.825000,bridge_dst_event_flow,True
BNB,Poly,bnb_flow_0xe55e6c4d0fb8__synth_hidden_dst,0xe55e6c4d0fb8a9155dfc934acb6bb2e15356f0c51ef2736bfb5244b16ccd4f9a,0x2f7ac9436ba4b548f9582af91ca1ef02cd2f1f03|0x69a1913d334b524ea1632461c78797c837ca9fa6|0x8594d8e9483473626908648a5539d9d65ca2fe8d,0x8594d8e9483473626908648a5539d9d65ca2fe8d,0x69a1913d334b524ea1632461c78797c837ca9fa6,RFuel,RFuel,0xe55e6c4d0fb8a9155dfc934acb6bb2e15356f0c51ef2736bfb5244b16ccd4f9a_RFuel,1659149814,1659149814,1,1.4646319974788736e+23,146463.19974788735,102.61211692052252,0,0,0.825000,bridge_dst_event_flow,True
BNB,Poly,bnb_flow_0xe55e6c4d0fb8__synth_noise_dst_0,0xe55e6c4d0fb8a9155dfc934acb6bb2e15356f0c51ef2736bfb5244b16ccd4f9a,0x2f7ac9436ba4b548f9582af91ca1ef02cd2f1f03|0x69a1913d334b524ea1632461c78797c837ca9fa6|0x8594d8e9483473626908648a5539d9d65ca2fe8d,0x8594d8e9483473626908648a5539d9d65ca2fe8d,0x69a1913d334b524ea1632461c78797c837ca9fa6,RFuel,RFuel,0xe55e6c4d0fb8a9155dfc934acb6bb2e15356f0c51ef2736bfb5244b16ccd4f9a_RFuel,1659149874,1659149874,1,1.4646319974788736e+23,146463.19974788735,102.61211692052252,0,0,0.825000,bridge_dst_event_flow,True
BNB,Poly,bnb_flow_0xe55e6c4d0fb8__synth_noise_dst_1,0xe55e6c4d0fb8a9155dfc934acb6bb2e15356f0c51ef2736bfb5244b16ccd4f9a,0x2f7ac9436ba4b548f9582af91ca1ef02cd2f1f03|0x69a1913d334b524ea1632461c78797c837ca9fa6|0x8594d8e9483473626908648a5539d9d65ca2fe8d,0x8594d8e9483473626908648a5539d9d65ca2fe8d,0x69a1913d334b524ea1632461c78797c837ca9fa6,RFuel,RFuel,0xe55e6c4d0fb8a9155dfc934acb6bb2e15356f0c51ef2736bfb5244b16ccd4f9a_RFuel,1659149934,1659149934,1,1.4646319974788736e+23,146463.19974788735,102.61211692052252,0,0,0.825000,bridge_dst_event_flow,True
BNB,Poly,bnb_flow_0xa00a5fd29196__synth_split_a,0xa00a5fd29196d419b0dbad037c2c5a4abe0e9bda9492b1264538be72b5286ab9,0x2f7ac9436ba4b548f9582af91ca1ef02cd2f1f03|0x69a1913d334b524ea1632461c78797c837ca9fa6|0xd54e4f8a55247487dd7c8c59f14ee5c0c2889477,0xd54e4f8a55247487dd7c8c59f14ee5c0c2889477,0x69a1913d334b524ea1632461c78797c837ca9fa6,RFuel,RFuel,0xa00a5fd29196d419b0dbad037c2c5a4abe0e9bda9492b1264538be72b5286ab9_RFuel,1666805606,1666805606,1,2.265284841222332e+22,22652.84841222332,15.87058547033731,0,0,0.800000,bridge_dst_event_flow,True
BNB,Poly,bnb_flow_0xa00a5fd29196__synth_split_b,0xa00a5fd29196d419b0dbad037c2c5a4abe0e9bda9492b1264538be72b5286ab9,0x2f7ac9436ba4b548f9582af91ca1ef02cd2f1f03|0x69a1913d334b524ea1632461c78797c837ca9fa6|0xd54e4f8a55247487dd7c8c59f14ee5c0c2889477,0xd54e4f8a55247487dd7c8c59f14ee5c0c2889477,0x69a1913d334b524ea1632461c78797c837ca9fa6,RFuel,RFuel,0xa00a5fd29196d419b0dbad037c2c5a4abe0e9bda9492b1264538be72b5286ab9_RFuel,1666805606,1666805606,1,2.265284841222332e+22,22652.84841222332,15.87058547033731,0,0,0.800000,bridge_dst_event_flow,True
BNB,Poly,bnb_flow_0xa00a5fd29196__synth_split_c,0xa00a5fd29196d419b0dbad037c2c5a4abe0e9bda9492b1264538be72b5286ab9,0x2f7ac9436ba4b548f9582af91ca1ef02cd2f1f03|0x69a1913d334b524ea1632461c78797c837ca9fa6|0xd54e4f8a55247487dd7c8c59f14ee5c0c2889477,0xd54e4f8a55247487dd7c8c59f14ee5c0c2889477,0x69a1913d334b524ea1632461c78797c837ca9fa6,RFuel,RFuel,0xa00a5fd29196d419b0dbad037c2c5a4abe0e9bda9492b1264538be72b5286ab9_RFuel,1666805606,1666805606,1,2.265284841222332e+22,22652.84841222332,15.87058547033731,0,0,0.800000,bridge_dst_event_flow,True
BNB,Poly,bnb_flow_0xa00a5fd29196__synth_split_d,0xa00a5fd29196d419b0dbad037c2c5a4abe0e9bda9492b1264538be72b5286ab9,0x2f7ac9436ba4b548f9582af91ca1ef02cd2f1f03|0x69a1913d334b524ea1632461c78797c837ca9fa6|0xd54e4f8a55247487dd7c8c59f14ee5c0c2889477,0xd54e4f8a55247487dd7c8c59f14ee5c0c2889477,0x69a1913d334b524ea1632461c78797c837ca9fa6,RFuel,RFuel,0xa00a5fd29196d419b0dbad037c2c5a4abe0e9bda9492b1264538be72b5286ab9_RFuel,1666805606,1666805606,1,2.265284841222332e+22,22652.84841222332,15.87058547033731,0,0,0.800000,bridge_dst_event_flow,True
BNB,Poly,bnb_flow_0xa00a5fd29196__synth_split_e,0xa00a5fd29196d419b0dbad037c2c5a4abe0e9bda9492b1264538be72b5286ab9,0x2f7ac9436ba4b548f9582af91ca1ef02cd2f1f03|0x69a1913d334b524ea1632461c78797c837ca9fa6|0xd54e4f8a55247487dd7c8c59f14ee5c0c2889477,0xd54e4f8a55247487dd7c8c59f14ee5c0c2889477,0x69a1913d334b524ea1632461c78797c837ca9fa6,RFuel,RFuel,0xa00a5fd29196d419b0dbad037c2c5a4abe0e9bda9492b1264538be72b5286ab9_RFuel,1666805606,1666805606,1,2.265284841222332e+22,22652.84841222332,15.87058547033731,0,0,0.800000,bridge_dst_event_flow,True
BNB,Poly,bnb_flow_0xa00a5fd29196__synth_split_f,0xa00a5fd29196d419b0dbad037c2c5a4abe0e9bda9492b1264538be72b5286ab9,0x2f7ac9436ba4b548f9582af91ca1ef02cd2f1f03|0x69a1913d334b524ea1632461c78797c837ca9fa6|0xd54e4f8a55247487dd7c8c59f14ee5c0c2889477,0xd54e4f8a55247487dd7c8c59f14ee5c0c2889477,0x69a1913d334b524ea1632461c78797c837ca9fa6,RFuel,RFuel,0xa00a5fd29196d419b0dbad037c2c5a4abe0e9bda9492b1264538be72b5286ab9_RFuel,1666805606,1666805606,1,2.265284841222332e+22,22652.84841222332,15.87058547033731,0,0,0.800000,bridge_dst_event_flow,True
BNB,Poly,bnb_flow_0xa00a5fd29196__synth_split_g,0xa00a5fd29196d419b0dbad037c2c5a4abe0e9bda9492b1264538be72b5286ab9,0x2f7ac9436ba4b548f9582af91ca1ef02cd2f1f03|0x69a1913d334b524ea1632461c78797c837ca9fa6|0xd54e4f8a55247487dd7c8c59f14ee5c0c2889477,0xd54e4f8a55247487dd7c8c59f14ee5c0c2889477,0x69a1913d334b524ea1632461c78797c837ca9fa6,RFuel,RFuel,0xa00a5fd29196d419b0dbad037c2c5a4abe0e9bda9492b1264538be72b5286ab9_RFuel,1666805606,1666805606,1,2.265284841222332e+22,22652.84841222332,15.87058547033731,0,0,0.800000,bridge_dst_event_flow,True
BNB,Poly,bnb_flow_0xa00a5fd29196__synth_merge_dst,0xa00a5fd29196d419b0dbad037c2c5a4abe0e9bda9492b1264538be72b5286ab9,0x2f7ac9436ba4b548f9582af91ca1ef02cd2f1f03|0x69a1913d334b524ea1632461c78797c837ca9fa6|0xd54e4f8a55247487dd7c8c59f14ee5c0c2889477,0xd54e4f8a55247487dd7c8c59f14ee5c0c2889477,0x69a1913d334b524ea1632461c78797c837ca9fa6,RFuel,RFuel,0xa00a5fd29196d419b0dbad037c2c5a4abe0e9bda9492b1264538be72b5286ab9_RFuel,1666805606,1666805606,1,1.5856993888556325e+23,158569.93888556326,111.09409829236118,0,0,0.800000,bridge_dst_event_flow,True
BNB,Poly,bnb_flow_0xa00a5fd29196__synth_hidden_dst,0xa00a5fd29196d419b0dbad037c2c5a4abe0e9bda9492b1264538be72b5286ab9,0x2f7ac9436ba4b548f9582af91ca1ef02cd2f1f03|0x69a1913d334b524ea1632461c78797c837ca9fa6|0xd54e4f8a55247487dd7c8c59f14ee5c0c2889477,0xd54e4f8a55247487dd7c8c59f14ee5c0c2889477,0x69a1913d334b524ea1632461c78797c837ca9fa6,RFuel,RFuel,0xa00a5fd29196d419b0dbad037c2c5a4abe0e9bda9492b1264538be72b5286ab9_RFuel,1666805606,1666805606,1,1.5856993888556325e+23,158569.93888556326,111.09409829236118,0,0,0.800000,bridge_dst_event_flow,True
BNB,Poly,bnb_flow_0xa00a5fd29196__synth_noise_dst_0,0xa00a5fd29196d419b0dbad037c2c5a4abe0e9bda9492b1264538be72b5286ab9,0x2f7ac9436ba4b548f9582af91ca1ef02cd2f1f03|0x69a1913d334b524ea1632461c78797c837ca9fa6|0xd54e4f8a55247487dd7c8c59f14ee5c0c2889477,0xd54e4f8a55247487dd7c8c59f14ee5c0c2889477,0x69a1913d334b524ea1632461c78797c837ca9fa6,RFuel,RFuel,0xa00a5fd29196d419b0dbad037c2c5a4abe0e9bda9492b1264538be72b5286ab9_RFuel,1666805666,1666805666,1,1.5856993888556325e+23,158569.93888556326,111.09409829236118,0,0,0.800000,bridge_dst_event_flow,True
BNB,Poly,bnb_flow_0xa00a5fd29196__synth_noise_dst_1,0xa00a5fd29196d419b0dbad037c2c5a4abe0e9bda9492b1264538be72b5286ab9,0x2f7ac9436ba4b548f9582af91ca1ef02cd2f1f03|0x69a1913d334b524ea1632461c78797c837ca9fa6|0xd54e4f8a55247487dd7c8c59f14ee5c0c2889477,0xd54e4f8a55247487dd7c8c59f14ee5c0c2889477,0x69a1913d334b524ea1632461c78797c837ca9fa6,RFuel,RFuel,0xa00a5fd29196d419b0dbad037c2c5a4abe0e9bda9492b1264538be72b5286ab9_RFuel,1666805726,1666805726,1,1.5856993888556325e+23,158569.93888556326,111.09409829236118,0,0,0.800000,bridge_dst_event_flow,True
BNB,Poly,bnb_flow_0x566d40a4b955__synth_split_a,0x566d40a4b9551c68a1f78aea0b83fded69341de20ebe565e79c13c029b880391,0x2f7ac9436ba4b548f9582af91ca1ef02cd2f1f03|0xd54e4f8a55247487dd7c8c59f14ee5c0c2889477|0xe552fb52a4f19e44ef5a967632dbc320b0820639,0xd54e4f8a55247487dd7c8c59f14ee5c0c2889477,0xe552fb52a4f19e44ef5a967632dbc320b0820639,Metis,Metis,0x566d40a4b9551c68a1f78aea0b83fded69341de20ebe565e79c13c029b880391_Metis,1667923850,1667923850,1,1.7385040748193501e+19,17.385040748193504,47.2755679024765,0,0,0.800000,bridge_dst_event_flow,True
BNB,Poly,bnb_flow_0x566d40a4b955__synth_split_b,0x566d40a4b9551c68a1f78aea0b83fded69341de20ebe565e79c13c029b880391,0x2f7ac9436ba4b548f9582af91ca1ef02cd2f1f03|0xd54e4f8a55247487dd7c8c59f14ee5c0c2889477|0xe552fb52a4f19e44ef5a967632dbc320b0820639,0xd54e4f8a55247487dd7c8c59f14ee5c0c2889477,0xe552fb52a4f19e44ef5a967632dbc320b0820639,Metis,Metis,0x566d40a4b9551c68a1f78aea0b83fded69341de20ebe565e79c13c029b880391_Metis,1667923850,1667923850,1,1.7385040748193501e+19,17.385040748193504,47.2755679024765,0,0,0.800000,bridge_dst_event_flow,True
BNB,Poly,bnb_flow_0x566d40a4b955__synth_split_c,0x566d40a4b9551c68a1f78aea0b83fded69341de20ebe565e79c13c029b880391,0x2f7ac9436ba4b548f9582af91ca1ef02cd2f1f03|0xd54e4f8a55247487dd7c8c59f14ee5c0c2889477|0xe552fb52a4f19e44ef5a967632dbc320b0820639,0xd54e4f8a55247487dd7c8c59f14ee5c0c2889477,0xe552fb52a4f19e44ef5a967632dbc320b0820639,Metis,Metis,0x566d40a4b9551c68a1f78aea0b83fded69341de20ebe565e79c13c029b880391_Metis,1667923850,1667923850,1,1.7385040748193501e+19,17.385040748193504,47.2755679024765,0,0,0.800000,bridge_dst_event_flow,True
BNB,Poly,bnb_flow_0x566d40a4b955__synth_split_d,0x566d40a4b9551c68a1f78aea0b83fded69341de20ebe565e79c13c029b880391,0x2f7ac9436ba4b548f9582af91ca1ef02cd2f1f03|0xd54e4f8a55247487dd7c8c59f14ee5c0c2889477|0xe552fb52a4f19e44ef5a967632dbc320b0820639,0xd54e4f8a55247487dd7c8c59f14ee5c0c2889477,0xe552fb52a4f19e44ef5a967632dbc320b0820639,Metis,Metis,0x566d40a4b9551c68a1f78aea0b83fded69341de20ebe565e79c13c029b880391_Metis,1667923850,1667923850,1,1.7385040748193501e+19,17.385040748193504,47.2755679024765,0,0,0.800000,bridge_dst_event_flow,True
BNB,Poly,bnb_flow_0x566d40a4b955__synth_split_e,0x566d40a4b9551c68a1f78aea0b83fded69341de20ebe565e79c13c029b880391,0x2f7ac9436ba4b548f9582af91ca1ef02cd2f1f03|0xd54e4f8a55247487dd7c8c59f14ee5c0c2889477|0xe552fb52a4f19e44ef5a967632dbc320b0820639,0xd54e4f8a55247487dd7c8c59f14ee5c0c2889477,0xe552fb52a4f19e44ef5a967632dbc320b0820639,Metis,Metis,0x566d40a4b9551c68a1f78aea0b83fded69341de20ebe565e79c13c029b880391_Metis,1667923850,1667923850,1,1.7385040748193501e+19,17.385040748193504,47.2755679024765,0,0,0.800000,bridge_dst_event_flow,True
BNB,Poly,bnb_flow_0x566d40a4b955__synth_merge_dst,0x566d40a4b9551c68a1f78aea0b83fded69341de20ebe565e79c13c029b880391,0x2f7ac9436ba4b548f9582af91ca1ef02cd2f1f03|0xd54e4f8a55247487dd7c8c59f14ee5c0c2889477|0xe552fb52a4f19e44ef5a967632dbc320b0820639,0xd54e4f8a55247487dd7c8c59f14ee5c0c2889477,0xe552fb52a4f19e44ef5a967632dbc320b0820639,Metis,Metis,0x566d40a4b9551c68a1f78aea0b83fded69341de20ebe565e79c13c029b880391_Metis,1667923850,1667923850,1,8.69252037409675e+19,86.92520374096752,236.3778395123825,0,0,0.800000,bridge_dst_event_flow,True
BNB,Poly,bnb_flow_0x566d40a4b955__synth_hidden_dst,0x566d40a4b9551c68a1f78aea0b83fded69341de20ebe565e79c13c029b880391,0x2f7ac9436ba4b548f9582af91ca1ef02cd2f1f03|0xd54e4f8a55247487dd7c8c59f14ee5c0c2889477|0xe552fb52a4f19e44ef5a967632dbc320b0820639,0xd54e4f8a55247487dd7c8c59f14ee5c0c2889477,0xe552fb52a4f19e44ef5a967632dbc320b0820639,Metis,Metis,0x566d40a4b9551c68a1f78aea0b83fded69341de20ebe565e79c13c029b880391_Metis,1667923850,1667923850,1,8.69252037409675e+19,86.92520374096752,236.3778395123825,0,0,0.800000,bridge_dst_event_flow,True
BNB,Poly,bnb_flow_0x566d40a4b955__synth_noise_dst_0,0x566d40a4b9551c68a1f78aea0b83fded69341de20ebe565e79c13c029b880391,0x2f7ac9436ba4b548f9582af91ca1ef02cd2f1f03|0xd54e4f8a55247487dd7c8c59f14ee5c0c2889477|0xe552fb52a4f19e44ef5a967632dbc320b0820639,0xd54e4f8a55247487dd7c8c59f14ee5c0c2889477,0xe552fb52a4f19e44ef5a967632dbc320b0820639,Metis,Metis,0x566d40a4b9551c68a1f78aea0b83fded69341de20ebe565e79c13c029b880391_Metis,1667923910,1667923910,1,8.69252037409675e+19,86.92520374096752,236.3778395123825,0,0,0.800000,bridge_dst_event_flow,True
BNB,Poly,bnb_flow_0x566d40a4b955__synth_noise_dst_1,0x566d40a4b9551c68a1f78aea0b83fded69341de20ebe565e79c13c029b880391,0x2f7ac9436ba4b548f9582af91ca1ef02cd2f1f03|0xd54e4f8a55247487dd7c8c59f14ee5c0c2889477|0xe552fb52a4f19e44ef5a967632dbc320b0820639,0xd54e4f8a55247487dd7c8c59f14ee5c0c2889477,0xe552fb52a4f19e44ef5a967632dbc320b0820639,Metis,Metis,0x566d40a4b9551c68a1f78aea0b83fded69341de20ebe565e79c13c029b880391_Metis,1667923970,1667923970,1,8.69252037409675e+19,86.92520374096752,236.3778395123825,0,0,0.800000,bridge_dst_event_flow,True
BNB,Poly,bnb_flow_0x2f53c708c541__synth_split_a,0x2f53c708c541ddbba81cb72edc7b64141ed91cec486a4fb10083b72fe3fd942f,0x2f7ac9436ba4b548f9582af91ca1ef02cd2f1f03|0x69a1913d334b524ea1632461c78797c837ca9fa6|0x88f859db067c45b114897db6920f3e4a61a5ca66,0x88f859db067c45b114897db6920f3e4a61a5ca66,0x69a1913d334b524ea1632461c78797c837ca9fa6,RFuel,RFuel,0x2f53c708c541ddbba81cb72edc7b64141ed91cec486a4fb10083b72fe3fd942f_RFuel,1664731627,1664731627,1,4.422738499964805e+22,44227.38499964806,30.985705682278812,0,0,0.800000,bridge_dst_event_flow,True
BNB,Poly,bnb_flow_0x2f53c708c541__synth_split_b,0x2f53c708c541ddbba81cb72edc7b64141ed91cec486a4fb10083b72fe3fd942f,0x2f7ac9436ba4b548f9582af91ca1ef02cd2f1f03|0x69a1913d334b524ea1632461c78797c837ca9fa6|0x88f859db067c45b114897db6920f3e4a61a5ca66,0x88f859db067c45b114897db6920f3e4a61a5ca66,0x69a1913d334b524ea1632461c78797c837ca9fa6,RFuel,RFuel,0x2f53c708c541ddbba81cb72edc7b64141ed91cec486a4fb10083b72fe3fd942f_RFuel,1664731627,1664731627,1,4.422738499964805e+22,44227.38499964806,30.985705682278812,0,0,0.800000,bridge_dst_event_flow,True
BNB,Poly,bnb_flow_0x2f53c708c541__synth_split_c,0x2f53c708c541ddbba81cb72edc7b64141ed91cec486a4fb10083b72fe3fd942f,0x2f7ac9436ba4b548f9582af91ca1ef02cd2f1f03|0x69a1913d334b524ea1632461c78797c837ca9fa6|0x88f859db067c45b114897db6920f3e4a61a5ca66,0x88f859db067c45b114897db6920f3e4a61a5ca66,0x69a1913d334b524ea1632461c78797c837ca9fa6,RFuel,RFuel,0x2f53c708c541ddbba81cb72edc7b64141ed91cec486a4fb10083b72fe3fd942f_RFuel,1664731627,1664731627,1,4.422738499964805e+22,44227.38499964806,30.985705682278812,0,0,0.800000,bridge_dst_event_flow,True
BNB,Poly,bnb_flow_0x2f53c708c541__synth_merge_dst,0x2f53c708c541ddbba81cb72edc7b64141ed91cec486a4fb10083b72fe3fd942f,0x2f7ac9436ba4b548f9582af91ca1ef02cd2f1f03|0x69a1913d334b524ea1632461c78797c837ca9fa6|0x88f859db067c45b114897db6920f3e4a61a5ca66,0x88f859db067c45b114897db6920f3e4a61a5ca66,0x69a1913d334b524ea1632461c78797c837ca9fa6,RFuel,RFuel,0x2f53c708c541ddbba81cb72edc7b64141ed91cec486a4fb10083b72fe3fd942f_RFuel,1664731627,1664731627,1,1.3268215499894416e+23,132682.15499894417,92.95711704683644,0,0,0.800000,bridge_dst_event_flow,True
BNB,Poly,bnb_flow_0x2f53c708c541__synth_hidden_dst,0x2f53c708c541ddbba81cb72edc7b64141ed91cec486a4fb10083b72fe3fd942f,0x2f7ac9436ba4b548f9582af91ca1ef02cd2f1f03|0x69a1913d334b524ea1632461c78797c837ca9fa6|0x88f859db067c45b114897db6920f3e4a61a5ca66,0x88f859db067c45b114897db6920f3e4a61a5ca66,0x69a1913d334b524ea1632461c78797c837ca9fa6,RFuel,RFuel,0x2f53c708c541ddbba81cb72edc7b64141ed91cec486a4fb10083b72fe3fd942f_RFuel,1664731627,1664731627,1,1.3268215499894416e+23,132682.15499894417,92.95711704683644,0,0,0.800000,bridge_dst_event_flow,True
BNB,Poly,bnb_flow_0x2f53c708c541__synth_noise_dst_0,0x2f53c708c541ddbba81cb72edc7b64141ed91cec486a4fb10083b72fe3fd942f,0x2f7ac9436ba4b548f9582af91ca1ef02cd2f1f03|0x69a1913d334b524ea1632461c78797c837ca9fa6|0x88f859db067c45b114897db6920f3e4a61a5ca66,0x88f859db067c45b114897db6920f3e4a61a5ca66,0x69a1913d334b524ea1632461c78797c837ca9fa6,RFuel,RFuel,0x2f53c708c541ddbba81cb72edc7b64141ed91cec486a4fb10083b72fe3fd942f_RFuel,1664731687,1664731687,1,1.3268215499894416e+23,132682.15499894417,92.95711704683644,0,0,0.800000,bridge_dst_event_flow,True
BNB,Poly,bnb_flow_0x2f53c708c541__synth_noise_dst_1,0x2f53c708c541ddbba81cb72edc7b64141ed91cec486a4fb10083b72fe3fd942f,0x2f7ac9436ba4b548f9582af91ca1ef02cd2f1f03|0x69a1913d334b524ea1632461c78797c837ca9fa6|0x88f859db067c45b114897db6920f3e4a61a5ca66,0x88f859db067c45b114897db6920f3e4a61a5ca66,0x69a1913d334b524ea1632461c78797c837ca9fa6,RFuel,RFuel,0x2f53c708c541ddbba81cb72edc7b64141ed91cec486a4fb10083b72fe3fd942f_RFuel,1664731747,1664731747,1,1.3268215499894416e+23,132682.15499894417,92.95711704683644,0,0,0.800000,bridge_dst_event_flow,True
BNB,Poly,bnb_flow_0xb4a704186fcd__synth_split_a,0xb4a704186fcd0f994c655af5556e3a71dd01a830551f421305a7cf1fbfbb7ed7,0x2f7ac9436ba4b548f9582af91ca1ef02cd2f1f03|0x4e1b16ef22935a575a6811d4616f98c4077e4408|0xd54e4f8a55247487dd7c8c59f14ee5c0c2889477,0xd54e4f8a55247487dd7c8c59f14ee5c0c2889477,0x4e1b16ef22935a575a6811d4616f98c4077e4408,KEL,KEL,0xb4a704186fcd0f994c655af5556e3a71dd01a830551f421305a7cf1fbfbb7ed7_KEL,1669215971,1669215971,1,2.7569451015768187e+22,27569.451015768183,30.848550064124087,0,0,0.800000,bridge_dst_event_flow,True
BNB,Poly,bnb_flow_0xb4a704186fcd__synth_split_b,0xb4a704186fcd0f994c655af5556e3a71dd01a830551f421305a7cf1fbfbb7ed7,0x2f7ac9436ba4b548f9582af91ca1ef02cd2f1f03|0x4e1b16ef22935a575a6811d4616f98c4077e4408|0xd54e4f8a55247487dd7c8c59f14ee5c0c2889477,0xd54e4f8a55247487dd7c8c59f14ee5c0c2889477,0x4e1b16ef22935a575a6811d4616f98c4077e4408,KEL,KEL,0xb4a704186fcd0f994c655af5556e3a71dd01a830551f421305a7cf1fbfbb7ed7_KEL,1669215971,1669215971,1,2.7569451015768187e+22,27569.451015768183,30.848550064124087,0,0,0.800000,bridge_dst_event_flow,True
BNB,Poly,bnb_flow_0xb4a704186fcd__synth_split_c,0xb4a704186fcd0f994c655af5556e3a71dd01a830551f421305a7cf1fbfbb7ed7,0x2f7ac9436ba4b548f9582af91ca1ef02cd2f1f03|0x4e1b16ef22935a575a6811d4616f98c4077e4408|0xd54e4f8a55247487dd7c8c59f14ee5c0c2889477,0xd54e4f8a55247487dd7c8c59f14ee5c0c2889477,0x4e1b16ef22935a575a6811d4616f98c4077e4408,KEL,KEL,0xb4a704186fcd0f994c655af5556e3a71dd01a830551f421305a7cf1fbfbb7ed7_KEL,1669215971,1669215971,1,2.7569451015768187e+22,27569.451015768183,30.848550064124087,0,0,0.800000,bridge_dst_event_flow,True
BNB,Poly,bnb_flow_0xb4a704186fcd__synth_merge_dst,0xb4a704186fcd0f994c655af5556e3a71dd01a830551f421305a7cf1fbfbb7ed7,0x2f7ac9436ba4b548f9582af91ca1ef02cd2f1f03|0x4e1b16ef22935a575a6811d4616f98c4077e4408|0xd54e4f8a55247487dd7c8c59f14ee5c0c2889477,0xd54e4f8a55247487dd7c8c59f14ee5c0c2889477,0x4e1b16ef22935a575a6811d4616f98c4077e4408,KEL,KEL,0xb4a704186fcd0f994c655af5556e3a71dd01a830551f421305a7cf1fbfbb7ed7_KEL,1669215971,1669215971,1,8.270835304730456e+22,82708.35304730455,92.54565019237226,0,0,0.800000,bridge_dst_event_flow,True
BNB,Poly,bnb_flow_0xb4a704186fcd__synth_hidden_dst,0xb4a704186fcd0f994c655af5556e3a71dd01a830551f421305a7cf1fbfbb7ed7,0x2f7ac9436ba4b548f9582af91ca1ef02cd2f1f03|0x4e1b16ef22935a575a6811d4616f98c4077e4408|0xd54e4f8a55247487dd7c8c59f14ee5c0c2889477,0xd54e4f8a55247487dd7c8c59f14ee5c0c2889477,0x4e1b16ef22935a575a6811d4616f98c4077e4408,KEL,KEL,0xb4a704186fcd0f994c655af5556e3a71dd01a830551f421305a7cf1fbfbb7ed7_KEL,1669215971,1669215971,1,8.270835304730456e+22,82708.35304730455,92.54565019237226,0,0,0.800000,bridge_dst_event_flow,True
BNB,Poly,bnb_flow_0xb4a704186fcd__synth_noise_dst_0,0xb4a704186fcd0f994c655af5556e3a71dd01a830551f421305a7cf1fbfbb7ed7,0x2f7ac9436ba4b548f9582af91ca1ef02cd2f1f03|0x4e1b16ef22935a575a6811d4616f98c4077e4408|0xd54e4f8a55247487dd7c8c59f14ee5c0c2889477,0xd54e4f8a55247487dd7c8c59f14ee5c0c2889477,0x4e1b16ef22935a575a6811d4616f98c4077e4408,KEL,KEL,0xb4a704186fcd0f994c655af5556e3a71dd01a830551f421305a7cf1fbfbb7ed7_KEL,1669216031,1669216031,1,8.270835304730456e+22,82708.35304730455,92.54565019237226,0,0,0.800000,bridge_dst_event_flow,True
BNB,Poly,bnb_flow_0xb4a704186fcd__synth_noise_dst_1,0xb4a704186fcd0f994c655af5556e3a71dd01a830551f421305a7cf1fbfbb7ed7,0x2f7ac9436ba4b548f9582af91ca1ef02cd2f1f03|0x4e1b16ef22935a575a6811d4616f98c4077e4408|0xd54e4f8a55247487dd7c8c59f14ee5c0c2889477,0xd54e4f8a55247487dd7c8c59f14ee5c0c2889477,0x4e1b16ef22935a575a6811d4616f98c4077e4408,KEL,KEL,0xb4a704186fcd0f994c655af5556e3a71dd01a830551f421305a7cf1fbfbb7ed7_KEL,1669216091,1669216091,1,8.270835304730456e+22,82708.35304730455,92.54565019237226,0,0,0.800000,bridge_dst_event_flow,True
BNB,Poly,bnb_flow_0x3ba1471f90e0__synth_split_a,0x3ba1471f90e0d79c67711df30e5252c7ece5b7a13890873b12ad49d0b02231dd,0x1587035f7235b88966558fe1bec20bda3c4473fc|0x2f7ac9436ba4b548f9582af91ca1ef02cd2f1f03|0xe552fb52a4f19e44ef5a967632dbc320b0820639,0x1587035f7235b88966558fe1bec20bda3c4473fc,0xe552fb52a4f19e44ef5a967632dbc320b0820639,Metis,Metis,0x3ba1471f90e0d79c67711df30e5252c7ece5b7a13890873b12ad49d0b02231dd_Metis,1645985076,1645985076,1,6.933e+19,69.33,188.53077022665457,0,0,0.825000,bridge_dst_event_flow,True
BNB,Poly,bnb_flow_0x3ba1471f90e0__synth_split_b,0x3ba1471f90e0d79c67711df30e5252c7ece5b7a13890873b12ad49d0b02231dd,0x1587035f7235b88966558fe1bec20bda3c4473fc|0x2f7ac9436ba4b548f9582af91ca1ef02cd2f1f03|0xe552fb52a4f19e44ef5a967632dbc320b0820639,0x1587035f7235b88966558fe1bec20bda3c4473fc,0xe552fb52a4f19e44ef5a967632dbc320b0820639,Metis,Metis,0x3ba1471f90e0d79c67711df30e5252c7ece5b7a13890873b12ad49d0b02231dd_Metis,1645985076,1645985076,1,6.933e+19,69.33,188.53077022665457,0,0,0.825000,bridge_dst_event_flow,True
BNB,Poly,bnb_flow_0x3ba1471f90e0__synth_merge_dst,0x3ba1471f90e0d79c67711df30e5252c7ece5b7a13890873b12ad49d0b02231dd,0x1587035f7235b88966558fe1bec20bda3c4473fc|0x2f7ac9436ba4b548f9582af91ca1ef02cd2f1f03|0xe552fb52a4f19e44ef5a967632dbc320b0820639,0x1587035f7235b88966558fe1bec20bda3c4473fc,0xe552fb52a4f19e44ef5a967632dbc320b0820639,Metis,Metis,0x3ba1471f90e0d79c67711df30e5252c7ece5b7a13890873b12ad49d0b02231dd_Metis,1645985076,1645985076,1,1.3866e+20,138.66,377.06154045330914,0,0,0.825000,bridge_dst_event_flow,True
BNB,Poly,bnb_flow_0x3ba1471f90e0__synth_hidden_dst,0x3ba1471f90e0d79c67711df30e5252c7ece5b7a13890873b12ad49d0b02231dd,0x1587035f7235b88966558fe1bec20bda3c4473fc|0x2f7ac9436ba4b548f9582af91ca1ef02cd2f1f03|0xe552fb52a4f19e44ef5a967632dbc320b0820639,0x1587035f7235b88966558fe1bec20bda3c4473fc,0xe552fb52a4f19e44ef5a967632dbc320b0820639,Metis,Metis,0x3ba1471f90e0d79c67711df30e5252c7ece5b7a13890873b12ad49d0b02231dd_Metis,1645985076,1645985076,1,1.3866e+20,138.66,377.06154045330914,0,0,0.825000,bridge_dst_event_flow,True
BNB,Poly,bnb_flow_0x3ba1471f90e0__synth_noise_dst_0,0x3ba1471f90e0d79c67711df30e5252c7ece5b7a13890873b12ad49d0b02231dd,0x1587035f7235b88966558fe1bec20bda3c4473fc|0x2f7ac9436ba4b548f9582af91ca1ef02cd2f1f03|0xe552fb52a4f19e44ef5a967632dbc320b0820639,0x1587035f7235b88966558fe1bec20bda3c4473fc,0xe552fb52a4f19e44ef5a967632dbc320b0820639,Metis,Metis,0x3ba1471f90e0d79c67711df30e5252c7ece5b7a13890873b12ad49d0b02231dd_Metis,1645985136,1645985136,1,1.3866e+20,138.66,377.06154045330914,0,0,0.825000,bridge_dst_event_flow,True
BNB,Poly,bnb_flow_0x3ba1471f90e0__synth_noise_dst_1,0x3ba1471f90e0d79c67711df30e5252c7ece5b7a13890873b12ad49d0b02231dd,0x1587035f7235b88966558fe1bec20bda3c4473fc|0x2f7ac9436ba4b548f9582af91ca1ef02cd2f1f03|0xe552fb52a4f19e44ef5a967632dbc320b0820639,0x1587035f7235b88966558fe1bec20bda3c4473fc,0xe552fb52a4f19e44ef5a967632dbc320b0820639,Metis,Metis,0x3ba1471f90e0d79c67711df30e5252c7ece5b7a13890873b12ad49d0b02231dd_Metis,1645985196,1645985196,1,1.3866e+20,138.66,377.06154045330914,0,0,0.825000,bridge_dst_event_flow,True
BNB,Poly,bnb_flow_0x3e406bff3e8a__synth_split_a,0x3e406bff3e8a1a8e5e1dba6023c9c1b75cc6ba964b38b94ea9645923666dabfd,0x2f7ac9436ba4b548f9582af91ca1ef02cd2f1f03|0x8d484c91f791d281dbf767ecb87f4028f7911e7a|0xe552fb52a4f19e44ef5a967632dbc320b0820639,0x8d484c91f791d281dbf767ecb87f4028f7911e7a,0xe552fb52a4f19e44ef5a967632dbc320b0820639,Metis,Metis,0x3e406bff3e8a1a8e5e1dba6023c9c1b75cc6ba964b38b94ea9645923666dabfd_Metis,1649333709,1649333709,1,7.5e+20,750.0,2039.493403576964,0,0,0.825000,bridge_dst_event_flow,True
BNB,Poly,bnb_flow_0x3e406bff3e8a__synth_split_b,0x3e406bff3e8a1a8e5e1dba6023c9c1b75cc6ba964b38b94ea9645923666dabfd,0x2f7ac9436ba4b548f9582af91ca1ef02cd2f1f03|0x8d484c91f791d281dbf767ecb87f4028f7911e7a|0xe552fb52a4f19e44ef5a967632dbc320b0820639,0x8d484c91f791d281dbf767ecb87f4028f7911e7a,0xe552fb52a4f19e44ef5a967632dbc320b0820639,Metis,Metis,0x3e406bff3e8a1a8e5e1dba6023c9c1b75cc6ba964b38b94ea9645923666dabfd_Metis,1649333709,1649333709,1,7.5e+20,750.0,2039.493403576964,0,0,0.825000,bridge_dst_event_flow,True
BNB,Poly,bnb_flow_0x3e406bff3e8a__synth_split_c,0x3e406bff3e8a1a8e5e1dba6023c9c1b75cc6ba964b38b94ea9645923666dabfd,0x2f7ac9436ba4b548f9582af91ca1ef02cd2f1f03|0x8d484c91f791d281dbf767ecb87f4028f7911e7a|0xe552fb52a4f19e44ef5a967632dbc320b0820639,0x8d484c91f791d281dbf767ecb87f4028f7911e7a,0xe552fb52a4f19e44ef5a967632dbc320b0820639,Metis,Metis,0x3e406bff3e8a1a8e5e1dba6023c9c1b75cc6ba964b38b94ea9645923666dabfd_Metis,1649333709,1649333709,1,7.5e+20,750.0,2039.493403576964,0,0,0.825000,bridge_dst_event_flow,True
BNB,Poly,bnb_flow_0x3e406bff3e8a__synth_split_d,0x3e406bff3e8a1a8e5e1dba6023c9c1b75cc6ba964b38b94ea9645923666dabfd,0x2f7ac9436ba4b548f9582af91ca1ef02cd2f1f03|0x8d484c91f791d281dbf767ecb87f4028f7911e7a|0xe552fb52a4f19e44ef5a967632dbc320b0820639,0x8d484c91f791d281dbf767ecb87f4028f7911e7a,0xe552fb52a4f19e44ef5a967632dbc320b0820639,Metis,Metis,0x3e406bff3e8a1a8e5e1dba6023c9c1b75cc6ba964b38b94ea9645923666dabfd_Metis,1649333709,1649333709,1,7.5e+20,750.0,2039.493403576964,0,0,0.825000,bridge_dst_event_flow,True
BNB,Poly,bnb_flow_0x3e406bff3e8a__synth_merge_dst,0x3e406bff3e8a1a8e5e1dba6023c9c1b75cc6ba964b38b94ea9645923666dabfd,0x2f7ac9436ba4b548f9582af91ca1ef02cd2f1f03|0x8d484c91f791d281dbf767ecb87f4028f7911e7a|0xe552fb52a4f19e44ef5a967632dbc320b0820639,0x8d484c91f791d281dbf767ecb87f4028f7911e7a,0xe552fb52a4f19e44ef5a967632dbc320b0820639,Metis,Metis,0x3e406bff3e8a1a8e5e1dba6023c9c1b75cc6ba964b38b94ea9645923666dabfd_Metis,1649333709,1649333709,1,3e+21,3000.0,8157.973614307856,0,0,0.825000,bridge_dst_event_flow,True
BNB,Poly,bnb_flow_0x3e406bff3e8a__synth_hidden_dst,0x3e406bff3e8a1a8e5e1dba6023c9c1b75cc6ba964b38b94ea9645923666dabfd,0x2f7ac9436ba4b548f9582af91ca1ef02cd2f1f03|0x8d484c91f791d281dbf767ecb87f4028f7911e7a|0xe552fb52a4f19e44ef5a967632dbc320b0820639,0x8d484c91f791d281dbf767ecb87f4028f7911e7a,0xe552fb52a4f19e44ef5a967632dbc320b0820639,Metis,Metis,0x3e406bff3e8a1a8e5e1dba6023c9c1b75cc6ba964b38b94ea9645923666dabfd_Metis,1649333709,1649333709,1,3e+21,3000.0,8157.973614307856,0,0,0.825000,bridge_dst_event_flow,True
BNB,Poly,bnb_flow_0x3e406bff3e8a__synth_noise_dst_0,0x3e406bff3e8a1a8e5e1dba6023c9c1b75cc6ba964b38b94ea9645923666dabfd,0x2f7ac9436ba4b548f9582af91ca1ef02cd2f1f03|0x8d484c91f791d281dbf767ecb87f4028f7911e7a|0xe552fb52a4f19e44ef5a967632dbc320b0820639,0x8d484c91f791d281dbf767ecb87f4028f7911e7a,0xe552fb52a4f19e44ef5a967632dbc320b0820639,Metis,Metis,0x3e406bff3e8a1a8e5e1dba6023c9c1b75cc6ba964b38b94ea9645923666dabfd_Metis,1649333769,1649333769,1,3e+21,3000.0,8157.973614307856,0,0,0.825000,bridge_dst_event_flow,True
BNB,Poly,bnb_flow_0x3e406bff3e8a__synth_noise_dst_1,0x3e406bff3e8a1a8e5e1dba6023c9c1b75cc6ba964b38b94ea9645923666dabfd,0x2f7ac9436ba4b548f9582af91ca1ef02cd2f1f03|0x8d484c91f791d281dbf767ecb87f4028f7911e7a|0xe552fb52a4f19e44ef5a967632dbc320b0820639,0x8d484c91f791d281dbf767ecb87f4028f7911e7a,0xe552fb52a4f19e44ef5a967632dbc320b0820639,Metis,Metis,0x3e406bff3e8a1a8e5e1dba6023c9c1b75cc6ba964b38b94ea9645923666dabfd_Metis,1649333829,1649333829,1,3e+21,3000.0,8157.973614307856,0,0,0.825000,bridge_dst_event_flow,True
BNB,Poly,bnb_flow_0xd142fe70eb2b__synth_split_a,0xd142fe70eb2b668b597b0bd47daeafef33e7b26bd5c91b2d87f460cee079873f,0x26ec4ff77df305d5a9a7660e046dd1c06ce517f6|0x2f7ac9436ba4b548f9582af91ca1ef02cd2f1f03|0xe552fb52a4f19e44ef5a967632dbc320b0820639,0x26ec4ff77df305d5a9a7660e046dd1c06ce517f6,0xe552fb52a4f19e44ef5a967632dbc320b0820639,Metis,Metis,0xd142fe70eb2b668b597b0bd47daeafef33e7b26bd5c91b2d87f460cee079873f_Metis,1652383542,1652383542,1,3.333333333333333e+20,333.3333333333333,906.4415127008729,0,0,0.825000,bridge_dst_event_flow,True
BNB,Poly,bnb_flow_0xd142fe70eb2b__synth_split_b,0xd142fe70eb2b668b597b0bd47daeafef33e7b26bd5c91b2d87f460cee079873f,0x26ec4ff77df305d5a9a7660e046dd1c06ce517f6|0x2f7ac9436ba4b548f9582af91ca1ef02cd2f1f03|0xe552fb52a4f19e44ef5a967632dbc320b0820639,0x26ec4ff77df305d5a9a7660e046dd1c06ce517f6,0xe552fb52a4f19e44ef5a967632dbc320b0820639,Metis,Metis,0xd142fe70eb2b668b597b0bd47daeafef33e7b26bd5c91b2d87f460cee079873f_Metis,1652383542,1652383542,1,3.333333333333333e+20,333.3333333333333,906.4415127008729,0,0,0.825000,bridge_dst_event_flow,True
BNB,Poly,bnb_flow_0xd142fe70eb2b__synth_split_c,0xd142fe70eb2b668b597b0bd47daeafef33e7b26bd5c91b2d87f460cee079873f,0x26ec4ff77df305d5a9a7660e046dd1c06ce517f6|0x2f7ac9436ba4b548f9582af91ca1ef02cd2f1f03|0xe552fb52a4f19e44ef5a967632dbc320b0820639,0x26ec4ff77df305d5a9a7660e046dd1c06ce517f6,0xe552fb52a4f19e44ef5a967632dbc320b0820639,Metis,Metis,0xd142fe70eb2b668b597b0bd47daeafef33e7b26bd5c91b2d87f460cee079873f_Metis,1652383542,1652383542,1,3.333333333333333e+20,333.3333333333333,906.4415127008729,0,0,0.825000,bridge_dst_event_flow,True
BNB,Poly,bnb_flow_0xd142fe70eb2b__synth_merge_dst,0xd142fe70eb2b668b597b0bd47daeafef33e7b26bd5c91b2d87f460cee079873f,0x26ec4ff77df305d5a9a7660e046dd1c06ce517f6|0x2f7ac9436ba4b548f9582af91ca1ef02cd2f1f03|0xe552fb52a4f19e44ef5a967632dbc320b0820639,0x26ec4ff77df305d5a9a7660e046dd1c06ce517f6,0xe552fb52a4f19e44ef5a967632dbc320b0820639,Metis,Metis,0xd142fe70eb2b668b597b0bd47daeafef33e7b26bd5c91b2d87f460cee079873f_Metis,1652383542,1652383542,1,1e+21,1000.0,2719.3245381026186,0,0,0.825000,bridge_dst_event_flow,True
BNB,Poly,bnb_flow_0xd142fe70eb2b__synth_hidden_dst,0xd142fe70eb2b668b597b0bd47daeafef33e7b26bd5c91b2d87f460cee079873f,0x26ec4ff77df305d5a9a7660e046dd1c06ce517f6|0x2f7ac9436ba4b548f9582af91ca1ef02cd2f1f03|0xe552fb52a4f19e44ef5a967632dbc320b0820639,0x26ec4ff77df305d5a9a7660e046dd1c06ce517f6,0xe552fb52a4f19e44ef5a967632dbc320b0820639,Metis,Metis,0xd142fe70eb2b668b597b0bd47daeafef33e7b26bd5c91b2d87f460cee079873f_Metis,1652383542,1652383542,1,1e+21,1000.0,2719.3245381026186,0,0,0.825000,bridge_dst_event_flow,True
BNB,Poly,bnb_flow_0xd142fe70eb2b__synth_noise_dst_0,0xd142fe70eb2b668b597b0bd47daeafef33e7b26bd5c91b2d87f460cee079873f,0x26ec4ff77df305d5a9a7660e046dd1c06ce517f6|0x2f7ac9436ba4b548f9582af91ca1ef02cd2f1f03|0xe552fb52a4f19e44ef5a967632dbc320b0820639,0x26ec4ff77df305d5a9a7660e046dd1c06ce517f6,0xe552fb52a4f19e44ef5a967632dbc320b0820639,Metis,Metis,0xd142fe70eb2b668b597b0bd47daeafef33e7b26bd5c91b2d87f460cee079873f_Metis,1652383602,1652383602,1,1e+21,1000.0,2719.3245381026186,0,0,0.825000,bridge_dst_event_flow,True
BNB,Poly,bnb_flow_0xd142fe70eb2b__synth_noise_dst_1,0xd142fe70eb2b668b597b0bd47daeafef33e7b26bd5c91b2d87f460cee079873f,0x26ec4ff77df305d5a9a7660e046dd1c06ce517f6|0x2f7ac9436ba4b548f9582af91ca1ef02cd2f1f03|0xe552fb52a4f19e44ef5a967632dbc320b0820639,0x26ec4ff77df305d5a9a7660e046dd1c06ce517f6,0xe552fb52a4f19e44ef5a967632dbc320b0820639,Metis,Metis,0xd142fe70eb2b668b597b0bd47daeafef33e7b26bd5c91b2d87f460cee079873f_Metis,1652383662,1652383662,1,1e+21,1000.0,2719.3245381026186,0,0,0.825000,bridge_dst_event_flow,True
BNB,Poly,bnb_flow_0xf5cebac69edd__synth_split_a,0xf5cebac69edd5a480a3705f1bc07dbd2db36aef71f4d9f87ddb21b4b53e97347,0x2f7ac9436ba4b548f9582af91ca1ef02cd2f1f03|0x8594d8e9483473626908648a5539d9d65ca2fe8d|0xe552fb52a4f19e44ef5a967632dbc320b0820639,0x8594d8e9483473626908648a5539d9d65ca2fe8d,0xe552fb52a4f19e44ef5a967632dbc320b0820639,Metis,Metis,0xf5cebac69edd5a480a3705f1bc07dbd2db36aef71f4d9f87ddb21b4b53e97347_Metis,1661887980,1661887980,1,2.4702366666666664e+19,24.702366666666666,67.17375182587486,0,0,0.800000,bridge_dst_event_flow,True
BNB,Poly,bnb_flow_0xf5cebac69edd__synth_split_b,0xf5cebac69edd5a480a3705f1bc07dbd2db36aef71f4d9f87ddb21b4b53e97347,0x2f7ac9436ba4b548f9582af91ca1ef02cd2f1f03|0x8594d8e9483473626908648a5539d9d65ca2fe8d|0xe552fb52a4f19e44ef5a967632dbc320b0820639,0x8594d8e9483473626908648a5539d9d65ca2fe8d,0xe552fb52a4f19e44ef5a967632dbc320b0820639,Metis,Metis,0xf5cebac69edd5a480a3705f1bc07dbd2db36aef71f4d9f87ddb21b4b53e97347_Metis,1661887980,1661887980,1,2.4702366666666664e+19,24.702366666666666,67.17375182587486,0,0,0.800000,bridge_dst_event_flow,True
BNB,Poly,bnb_flow_0xf5cebac69edd__synth_split_c,0xf5cebac69edd5a480a3705f1bc07dbd2db36aef71f4d9f87ddb21b4b53e97347,0x2f7ac9436ba4b548f9582af91ca1ef02cd2f1f03|0x8594d8e9483473626908648a5539d9d65ca2fe8d|0xe552fb52a4f19e44ef5a967632dbc320b0820639,0x8594d8e9483473626908648a5539d9d65ca2fe8d,0xe552fb52a4f19e44ef5a967632dbc320b0820639,Metis,Metis,0xf5cebac69edd5a480a3705f1bc07dbd2db36aef71f4d9f87ddb21b4b53e97347_Metis,1661887980,1661887980,1,2.4702366666666664e+19,24.702366666666666,67.17375182587486,0,0,0.800000,bridge_dst_event_flow,True
BNB,Poly,bnb_flow_0xf5cebac69edd__synth_split_d,0xf5cebac69edd5a480a3705f1bc07dbd2db36aef71f4d9f87ddb21b4b53e97347,0x2f7ac9436ba4b548f9582af91ca1ef02cd2f1f03|0x8594d8e9483473626908648a5539d9d65ca2fe8d|0xe552fb52a4f19e44ef5a967632dbc320b0820639,0x8594d8e9483473626908648a5539d9d65ca2fe8d,0xe552fb52a4f19e44ef5a967632dbc320b0820639,Metis,Metis,0xf5cebac69edd5a480a3705f1bc07dbd2db36aef71f4d9f87ddb21b4b53e97347_Metis,1661887980,1661887980,1,2.4702366666666664e+19,24.702366666666666,67.17375182587486,0,0,0.800000,bridge_dst_event_flow,True
BNB,Poly,bnb_flow_0xf5cebac69edd__synth_split_e,0xf5cebac69edd5a480a3705f1bc07dbd2db36aef71f4d9f87ddb21b4b53e97347,0x2f7ac9436ba4b548f9582af91ca1ef02cd2f1f03|0x8594d8e9483473626908648a5539d9d65ca2fe8d|0xe552fb52a4f19e44ef5a967632dbc320b0820639,0x8594d8e9483473626908648a5539d9d65ca2fe8d,0xe552fb52a4f19e44ef5a967632dbc320b0820639,Metis,Metis,0xf5cebac69edd5a480a3705f1bc07dbd2db36aef71f4d9f87ddb21b4b53e97347_Metis,1661887980,1661887980,1,2.4702366666666664e+19,24.702366666666666,67.17375182587486,0,0,0.800000,bridge_dst_event_flow,True
BNB,Poly,bnb_flow_0xf5cebac69edd__synth_split_f,0xf5cebac69edd5a480a3705f1bc07dbd2db36aef71f4d9f87ddb21b4b53e97347,0x2f7ac9436ba4b548f9582af91ca1ef02cd2f1f03|0x8594d8e9483473626908648a5539d9d65ca2fe8d|0xe552fb52a4f19e44ef5a967632dbc320b0820639,0x8594d8e9483473626908648a5539d9d65ca2fe8d,0xe552fb52a4f19e44ef5a967632dbc320b0820639,Metis,Metis,0xf5cebac69edd5a480a3705f1bc07dbd2db36aef71f4d9f87ddb21b4b53e97347_Metis,1661887980,1661887980,1,2.4702366666666664e+19,24.702366666666666,67.17375182587486,0,0,0.800000,bridge_dst_event_flow,True
BNB,Poly,bnb_flow_0xf5cebac69edd__synth_merge_dst,0xf5cebac69edd5a480a3705f1bc07dbd2db36aef71f4d9f87ddb21b4b53e97347,0x2f7ac9436ba4b548f9582af91ca1ef02cd2f1f03|0x8594d8e9483473626908648a5539d9d65ca2fe8d|0xe552fb52a4f19e44ef5a967632dbc320b0820639,0x8594d8e9483473626908648a5539d9d65ca2fe8d,0xe552fb52a4f19e44ef5a967632dbc320b0820639,Metis,Metis,0xf5cebac69edd5a480a3705f1bc07dbd2db36aef71f4d9f87ddb21b4b53e97347_Metis,1661887980,1661887980,1,1.482142e+20,148.2142,403.0425109552492,0,0,0.800000,bridge_dst_event_flow,True
BNB,Poly,bnb_flow_0xf5cebac69edd__synth_hidden_dst,0xf5cebac69edd5a480a3705f1bc07dbd2db36aef71f4d9f87ddb21b4b53e97347,0x2f7ac9436ba4b548f9582af91ca1ef02cd2f1f03|0x8594d8e9483473626908648a5539d9d65ca2fe8d|0xe552fb52a4f19e44ef5a967632dbc320b0820639,0x8594d8e9483473626908648a5539d9d65ca2fe8d,0xe552fb52a4f19e44ef5a967632dbc320b0820639,Metis,Metis,0xf5cebac69edd5a480a3705f1bc07dbd2db36aef71f4d9f87ddb21b4b53e97347_Metis,1661887980,1661887980,1,1.482142e+20,148.2142,403.0425109552492,0,0,0.800000,bridge_dst_event_flow,True
BNB,Poly,bnb_flow_0xf5cebac69edd__synth_noise_dst_0,0xf5cebac69edd5a480a3705f1bc07dbd2db36aef71f4d9f87ddb21b4b53e97347,0x2f7ac9436ba4b548f9582af91ca1ef02cd2f1f03|0x8594d8e9483473626908648a5539d9d65ca2fe8d|0xe552fb52a4f19e44ef5a967632dbc320b0820639,0x8594d8e9483473626908648a5539d9d65ca2fe8d,0xe552fb52a4f19e44ef5a967632dbc320b0820639,Metis,Metis,0xf5cebac69edd5a480a3705f1bc07dbd2db36aef71f4d9f87ddb21b4b53e97347_Metis,1661888040,1661888040,1,1.482142e+20,148.2142,403.0425109552492,0,0,0.800000,bridge_dst_event_flow,True
BNB,Poly,bnb_flow_0xf5cebac69edd__synth_noise_dst_1,0xf5cebac69edd5a480a3705f1bc07dbd2db36aef71f4d9f87ddb21b4b53e97347,0x2f7ac9436ba4b548f9582af91ca1ef02cd2f1f03|0x8594d8e9483473626908648a5539d9d65ca2fe8d|0xe552fb52a4f19e44ef5a967632dbc320b0820639,0x8594d8e9483473626908648a5539d9d65ca2fe8d,0xe552fb52a4f19e44ef5a967632dbc320b0820639,Metis,Metis,0xf5cebac69edd5a480a3705f1bc07dbd2db36aef71f4d9f87ddb21b4b53e97347_Metis,1661888100,1661888100,1,1.482142e+20,148.2142,403.0425109552492,0,0,0.800000,bridge_dst_event_flow,True
BNB,Poly,bnb_flow_0x50d3218a07a0__synth_split_a,0x50d3218a07a04f4b6b84ade054fd46ef602fe1d388475e24498ead3a3917284a,0x2f7ac9436ba4b548f9582af91ca1ef02cd2f1f03|0x613a3870f58893d760e942d0f9ec2e3f1772d336|0xe552fb52a4f19e44ef5a967632dbc320b0820639,0x613a3870f58893d760e942d0f9ec2e3f1772d336,0xe552fb52a4f19e44ef5a967632dbc320b0820639,Metis,Metis,0x50d3218a07a04f4b6b84ade054fd46ef602fe1d388475e24498ead3a3917284a_Metis,1652718422,1652718422,1,1.5e+20,150.0,407.8986807153928,0,0,0.825000,bridge_dst_event_flow,True
BNB,Poly,bnb_flow_0x50d3218a07a0__synth_split_b,0x50d3218a07a04f4b6b84ade054fd46ef602fe1d388475e24498ead3a3917284a,0x2f7ac9436ba4b548f9582af91ca1ef02cd2f1f03|0x613a3870f58893d760e942d0f9ec2e3f1772d336|0xe552fb52a4f19e44ef5a967632dbc320b0820639,0x613a3870f58893d760e942d0f9ec2e3f1772d336,0xe552fb52a4f19e44ef5a967632dbc320b0820639,Metis,Metis,0x50d3218a07a04f4b6b84ade054fd46ef602fe1d388475e24498ead3a3917284a_Metis,1652718422,1652718422,1,1.5e+20,150.0,407.8986807153928,0,0,0.825000,bridge_dst_event_flow,True
BNB,Poly,bnb_flow_0x50d3218a07a0__synth_merge_dst,0x50d3218a07a04f4b6b84ade054fd46ef602fe1d388475e24498ead3a3917284a,0x2f7ac9436ba4b548f9582af91ca1ef02cd2f1f03|0x613a3870f58893d760e942d0f9ec2e3f1772d336|0xe552fb52a4f19e44ef5a967632dbc320b0820639,0x613a3870f58893d760e942d0f9ec2e3f1772d336,0xe552fb52a4f19e44ef5a967632dbc320b0820639,Metis,Metis,0x50d3218a07a04f4b6b84ade054fd46ef602fe1d388475e24498ead3a3917284a_Metis,1652718422,1652718422,1,3e+20,300.0,815.7973614307856,0,0,0.825000,bridge_dst_event_flow,True
BNB,Poly,bnb_flow_0x50d3218a07a0__synth_hidden_dst,0x50d3218a07a04f4b6b84ade054fd46ef602fe1d388475e24498ead3a3917284a,0x2f7ac9436ba4b548f9582af91ca1ef02cd2f1f03|0x613a3870f58893d760e942d0f9ec2e3f1772d336|0xe552fb52a4f19e44ef5a967632dbc320b0820639,0x613a3870f58893d760e942d0f9ec2e3f1772d336,0xe552fb52a4f19e44ef5a967632dbc320b0820639,Metis,Metis,0x50d3218a07a04f4b6b84ade054fd46ef602fe1d388475e24498ead3a3917284a_Metis,1652718422,1652718422,1,3e+20,300.0,815.7973614307856,0,0,0.825000,bridge_dst_event_flow,True
BNB,Poly,bnb_flow_0x50d3218a07a0__synth_noise_dst_0,0x50d3218a07a04f4b6b84ade054fd46ef602fe1d388475e24498ead3a3917284a,0x2f7ac9436ba4b548f9582af91ca1ef02cd2f1f03|0x613a3870f58893d760e942d0f9ec2e3f1772d336|0xe552fb52a4f19e44ef5a967632dbc320b0820639,0x613a3870f58893d760e942d0f9ec2e3f1772d336,0xe552fb52a4f19e44ef5a967632dbc320b0820639,Metis,Metis,0x50d3218a07a04f4b6b84ade054fd46ef602fe1d388475e24498ead3a3917284a_Metis,1652718482,1652718482,1,3e+20,300.0,815.7973614307856,0,0,0.825000,bridge_dst_event_flow,True
BNB,Poly,bnb_flow_0x50d3218a07a0__synth_noise_dst_1,0x50d3218a07a04f4b6b84ade054fd46ef602fe1d388475e24498ead3a3917284a,0x2f7ac9436ba4b548f9582af91ca1ef02cd2f1f03|0x613a3870f58893d760e942d0f9ec2e3f1772d336|0xe552fb52a4f19e44ef5a967632dbc320b0820639,0x613a3870f58893d760e942d0f9ec2e3f1772d336,0xe552fb52a4f19e44ef5a967632dbc320b0820639,Metis,Metis,0x50d3218a07a04f4b6b84ade054fd46ef602fe1d388475e24498ead3a3917284a_Metis,1652718542,1652718542,1,3e+20,300.0,815.7973614307856,0,0,0.825000,bridge_dst_event_flow,True
BNB,Poly,bnb_flow_0x43e6d335d089__synth_split_a,0x43e6d335d089ae277afb00e8f73e6bc3739b71524f782bd19859b2877a8225ef,0x2f7ac9436ba4b548f9582af91ca1ef02cd2f1f03|0xe552fb52a4f19e44ef5a967632dbc320b0820639|0xf2ce52e3d0eb5d237341c9a75ca24647d87d7e55,0xf2ce52e3d0eb5d237341c9a75ca24647d87d7e55,0xe552fb52a4f19e44ef5a967632dbc320b0820639,Metis,Metis,0x43e6d335d089ae277afb00e8f73e6bc3739b71524f782bd19859b2877a8225ef_Metis,1661578356,1661578356,1,7.316904140563038e+19,73.16904140563038,198.97036972377725,0,0,0.825000,bridge_dst_event_flow,True
BNB,Poly,bnb_flow_0x43e6d335d089__synth_split_b,0x43e6d335d089ae277afb00e8f73e6bc3739b71524f782bd19859b2877a8225ef,0x2f7ac9436ba4b548f9582af91ca1ef02cd2f1f03|0xe552fb52a4f19e44ef5a967632dbc320b0820639|0xf2ce52e3d0eb5d237341c9a75ca24647d87d7e55,0xf2ce52e3d0eb5d237341c9a75ca24647d87d7e55,0xe552fb52a4f19e44ef5a967632dbc320b0820639,Metis,Metis,0x43e6d335d089ae277afb00e8f73e6bc3739b71524f782bd19859b2877a8225ef_Metis,1661578356,1661578356,1,7.316904140563038e+19,73.16904140563038,198.97036972377725,0,0,0.825000,bridge_dst_event_flow,True
BNB,Poly,bnb_flow_0x43e6d335d089__synth_merge_dst,0x43e6d335d089ae277afb00e8f73e6bc3739b71524f782bd19859b2877a8225ef,0x2f7ac9436ba4b548f9582af91ca1ef02cd2f1f03|0xe552fb52a4f19e44ef5a967632dbc320b0820639|0xf2ce52e3d0eb5d237341c9a75ca24647d87d7e55,0xf2ce52e3d0eb5d237341c9a75ca24647d87d7e55,0xe552fb52a4f19e44ef5a967632dbc320b0820639,Metis,Metis,0x43e6d335d089ae277afb00e8f73e6bc3739b71524f782bd19859b2877a8225ef_Metis,1661578356,1661578356,1,1.4633808281126076e+20,146.33808281126076,397.9407394475545,0,0,0.825000,bridge_dst_event_flow,True
BNB,Poly,bnb_flow_0x43e6d335d089__synth_hidden_dst,0x43e6d335d089ae277afb00e8f73e6bc3739b71524f782bd19859b2877a8225ef,0x2f7ac9436ba4b548f9582af91ca1ef02cd2f1f03|0xe552fb52a4f19e44ef5a967632dbc320b0820639|0xf2ce52e3d0eb5d237341c9a75ca24647d87d7e55,0xf2ce52e3d0eb5d237341c9a75ca24647d87d7e55,0xe552fb52a4f19e44ef5a967632dbc320b0820639,Metis,Metis,0x43e6d335d089ae277afb00e8f73e6bc3739b71524f782bd19859b2877a8225ef_Metis,1661578356,1661578356,1,1.4633808281126076e+20,146.33808281126076,397.9407394475545,0,0,0.825000,bridge_dst_event_flow,True
BNB,Poly,bnb_flow_0x43e6d335d089__synth_noise_dst_0,0x43e6d335d089ae277afb00e8f73e6bc3739b71524f782bd19859b2877a8225ef,0x2f7ac9436ba4b548f9582af91ca1ef02cd2f1f03|0xe552fb52a4f19e44ef5a967632dbc320b0820639|0xf2ce52e3d0eb5d237341c9a75ca24647d87d7e55,0xf2ce52e3d0eb5d237341c9a75ca24647d87d7e55,0xe552fb52a4f19e44ef5a967632dbc320b0820639,Metis,Metis,0x43e6d335d089ae277afb00e8f73e6bc3739b71524f782bd19859b2877a8225ef_Metis,1661578416,1661578416,1,1.4633808281126076e+20,146.33808281126076,397.9407394475545,0,0,0.825000,bridge_dst_event_flow,True
BNB,Poly,bnb_flow_0x43e6d335d089__synth_noise_dst_1,0x43e6d335d089ae277afb00e8f73e6bc3739b71524f782bd19859b2877a8225ef,0x2f7ac9436ba4b548f9582af91ca1ef02cd2f1f03|0xe552fb52a4f19e44ef5a967632dbc320b0820639|0xf2ce52e3d0eb5d237341c9a75ca24647d87d7e55,0xf2ce52e3d0eb5d237341c9a75ca24647d87d7e55,0xe552fb52a4f19e44ef5a967632dbc320b0820639,Metis,Metis,0x43e6d335d089ae277afb00e8f73e6bc3739b71524f782bd19859b2877a8225ef_Metis,1661578476,1661578476,1,1.4633808281126076e+20,146.33808281126076,397.9407394475545,0,0,0.825000,bridge_dst_event_flow,True
BNB,Poly,bnb_flow_0x4781138b0a2e__synth_split_a,0x4781138b0a2ef04961408cbab947f30c12290805b1dfe8f9e950f5d54e85fb25,0x2f7ac9436ba4b548f9582af91ca1ef02cd2f1f03|0xe552fb52a4f19e44ef5a967632dbc320b0820639|0xf2ce52e3d0eb5d237341c9a75ca24647d87d7e55,0xf2ce52e3d0eb5d237341c9a75ca24647d87d7e55,0xe552fb52a4f19e44ef5a967632dbc320b0820639,Metis,Metis,0x4781138b0a2ef04961408cbab947f30c12290805b1dfe8f9e950f5d54e85fb25_Metis,1662665778,1662665778,1,8.765514466385722e+19,87.65514466385721,238.36278577536174,0,0,0.800000,bridge_dst_event_flow,True
BNB,Poly,bnb_flow_0x4781138b0a2e__synth_split_b,0x4781138b0a2ef04961408cbab947f30c12290805b1dfe8f9e950f5d54e85fb25,0x2f7ac9436ba4b548f9582af91ca1ef02cd2f1f03|0xe552fb52a4f19e44ef5a967632dbc320b0820639|0xf2ce52e3d0eb5d237341c9a75ca24647d87d7e55,0xf2ce52e3d0eb5d237341c9a75ca24647d87d7e55,0xe552fb52a4f19e44ef5a967632dbc320b0820639,Metis,Metis,0x4781138b0a2ef04961408cbab947f30c12290805b1dfe8f9e950f5d54e85fb25_Metis,1662665778,1662665778,1,8.765514466385722e+19,87.65514466385721,238.36278577536174,0,0,0.800000,bridge_dst_event_flow,True
BNB,Poly,bnb_flow_0x4781138b0a2e__synth_merge_dst,0x4781138b0a2ef04961408cbab947f30c12290805b1dfe8f9e950f5d54e85fb25,0x2f7ac9436ba4b548f9582af91ca1ef02cd2f1f03|0xe552fb52a4f19e44ef5a967632dbc320b0820639|0xf2ce52e3d0eb5d237341c9a75ca24647d87d7e55,0xf2ce52e3d0eb5d237341c9a75ca24647d87d7e55,0xe552fb52a4f19e44ef5a967632dbc320b0820639,Metis,Metis,0x4781138b0a2ef04961408cbab947f30c12290805b1dfe8f9e950f5d54e85fb25_Metis,1662665778,1662665778,1,1.7531028932771444e+20,175.31028932771443,476.7255715507235,0,0,0.800000,bridge_dst_event_flow,True
BNB,Poly,bnb_flow_0x4781138b0a2e__synth_hidden_dst,0x4781138b0a2ef04961408cbab947f30c12290805b1dfe8f9e950f5d54e85fb25,0x2f7ac9436ba4b548f9582af91ca1ef02cd2f1f03|0xe552fb52a4f19e44ef5a967632dbc320b0820639|0xf2ce52e3d0eb5d237341c9a75ca24647d87d7e55,0xf2ce52e3d0eb5d237341c9a75ca24647d87d7e55,0xe552fb52a4f19e44ef5a967632dbc320b0820639,Metis,Metis,0x4781138b0a2ef04961408cbab947f30c12290805b1dfe8f9e950f5d54e85fb25_Metis,1662665778,1662665778,1,1.7531028932771444e+20,175.31028932771443,476.7255715507235,0,0,0.800000,bridge_dst_event_flow,True
BNB,Poly,bnb_flow_0x4781138b0a2e__synth_noise_dst_0,0x4781138b0a2ef04961408cbab947f30c12290805b1dfe8f9e950f5d54e85fb25,0x2f7ac9436ba4b548f9582af91ca1ef02cd2f1f03|0xe552fb52a4f19e44ef5a967632dbc320b0820639|0xf2ce52e3d0eb5d237341c9a75ca24647d87d7e55,0xf2ce52e3d0eb5d237341c9a75ca24647d87d7e55,0xe552fb52a4f19e44ef5a967632dbc320b0820639,Metis,Metis,0x4781138b0a2ef04961408cbab947f30c12290805b1dfe8f9e950f5d54e85fb25_Metis,1662665838,1662665838,1,1.7531028932771444e+20,175.31028932771443,476.7255715507235,0,0,0.800000,bridge_dst_event_flow,True
BNB,Poly,bnb_flow_0x4781138b0a2e__synth_noise_dst_1,0x4781138b0a2ef04961408cbab947f30c12290805b1dfe8f9e950f5d54e85fb25,0x2f7ac9436ba4b548f9582af91ca1ef02cd2f1f03|0xe552fb52a4f19e44ef5a967632dbc320b0820639|0xf2ce52e3d0eb5d237341c9a75ca24647d87d7e55,0xf2ce52e3d0eb5d237341c9a75ca24647d87d7e55,0xe552fb52a4f19e44ef5a967632dbc320b0820639,Metis,Metis,0x4781138b0a2ef04961408cbab947f30c12290805b1dfe8f9e950f5d54e85fb25_Metis,1662665898,1662665898,1,1.7531028932771444e+20,175.31028932771443,476.7255715507235,0,0,0.800000,bridge_dst_event_flow,True
BNB,Poly,bnb_flow_0xf4a9260f2470__synth_split_a,0xf4a9260f247023cb3a1acd38195129108f8eaa34981466cf33ed1e3a7767b1c6,0x2f7ac9436ba4b548f9582af91ca1ef02cd2f1f03|0xe552fb52a4f19e44ef5a967632dbc320b0820639|0xee6b88b799884c7a013a7a6bb6451a98cfe82bfc,0xee6b88b799884c7a013a7a6bb6451a98cfe82bfc,0xe552fb52a4f19e44ef5a967632dbc320b0820639,Metis,Metis,0xf4a9260f247023cb3a1acd38195129108f8eaa34981466cf33ed1e3a7767b1c6_Metis,1645248327,1645248327,1,1.5e+20,150.0,407.8986807153928,0,0,0.825000,bridge_dst_event_flow,True
BNB,Poly,bnb_flow_0xf4a9260f2470__synth_split_b,0xf4a9260f247023cb3a1acd38195129108f8eaa34981466cf33ed1e3a7767b1c6,0x2f7ac9436ba4b548f9582af91ca1ef02cd2f1f03|0xe552fb52a4f19e44ef5a967632dbc320b0820639|0xee6b88b799884c7a013a7a6bb6451a98cfe82bfc,0xee6b88b799884c7a013a7a6bb6451a98cfe82bfc,0xe552fb52a4f19e44ef5a967632dbc320b0820639,Metis,Metis,0xf4a9260f247023cb3a1acd38195129108f8eaa34981466cf33ed1e3a7767b1c6_Metis,1645248327,1645248327,1,1.5e+20,150.0,407.8986807153928,0,0,0.825000,bridge_dst_event_flow,True
BNB,Poly,bnb_flow_0xf4a9260f2470__synth_merge_dst,0xf4a9260f247023cb3a1acd38195129108f8eaa34981466cf33ed1e3a7767b1c6,0x2f7ac9436ba4b548f9582af91ca1ef02cd2f1f03|0xe552fb52a4f19e44ef5a967632dbc320b0820639|0xee6b88b799884c7a013a7a6bb6451a98cfe82bfc,0xee6b88b799884c7a013a7a6bb6451a98cfe82bfc,0xe552fb52a4f19e44ef5a967632dbc320b0820639,Metis,Metis,0xf4a9260f247023cb3a1acd38195129108f8eaa34981466cf33ed1e3a7767b1c6_Metis,1645248327,1645248327,1,3e+20,300.0,815.7973614307856,0,0,0.825000,bridge_dst_event_flow,True
BNB,Poly,bnb_flow_0xf4a9260f2470__synth_hidden_dst,0xf4a9260f247023cb3a1acd38195129108f8eaa34981466cf33ed1e3a7767b1c6,0x2f7ac9436ba4b548f9582af91ca1ef02cd2f1f03|0xe552fb52a4f19e44ef5a967632dbc320b0820639|0xee6b88b799884c7a013a7a6bb6451a98cfe82bfc,0xee6b88b799884c7a013a7a6bb6451a98cfe82bfc,0xe552fb52a4f19e44ef5a967632dbc320b0820639,Metis,Metis,0xf4a9260f247023cb3a1acd38195129108f8eaa34981466cf33ed1e3a7767b1c6_Metis,1645248327,1645248327,1,3e+20,300.0,815.7973614307856,0,0,0.825000,bridge_dst_event_flow,True
BNB,Poly,bnb_flow_0xf4a9260f2470__synth_noise_dst_0,0xf4a9260f247023cb3a1acd38195129108f8eaa34981466cf33ed1e3a7767b1c6,0x2f7ac9436ba4b548f9582af91ca1ef02cd2f1f03|0xe552fb52a4f19e44ef5a967632dbc320b0820639|0xee6b88b799884c7a013a7a6bb6451a98cfe82bfc,0xee6b88b799884c7a013a7a6bb6451a98cfe82bfc,0xe552fb52a4f19e44ef5a967632dbc320b0820639,Metis,Metis,0xf4a9260f247023cb3a1acd38195129108f8eaa34981466cf33ed1e3a7767b1c6_Metis,1645248387,1645248387,1,3e+20,300.0,815.7973614307856,0,0,0.825000,bridge_dst_event_flow,True
BNB,Poly,bnb_flow_0xf4a9260f2470__synth_noise_dst_1,0xf4a9260f247023cb3a1acd38195129108f8eaa34981466cf33ed1e3a7767b1c6,0x2f7ac9436ba4b548f9582af91ca1ef02cd2f1f03|0xe552fb52a4f19e44ef5a967632dbc320b0820639|0xee6b88b799884c7a013a7a6bb6451a98cfe82bfc,0xee6b88b799884c7a013a7a6bb6451a98cfe82bfc,0xe552fb52a4f19e44ef5a967632dbc320b0820639,Metis,Metis,0xf4a9260f247023cb3a1acd38195129108f8eaa34981466cf33ed1e3a7767b1c6_Metis,1645248447,1645248447,1,3e+20,300.0,815.7973614307856,0,0,0.825000,bridge_dst_event_flow,True
BNB,Poly,bnb_flow_0x017802f71bdf__synth_split_a,0x017802f71bdfb62900d2a55347d77004360c10a0bff0a3ce8f8a94547f714102,0x2f7ac9436ba4b548f9582af91ca1ef02cd2f1f03|0xd54e4f8a55247487dd7c8c59f14ee5c0c2889477|0xe552fb52a4f19e44ef5a967632dbc320b0820639,0xd54e4f8a55247487dd7c8c59f14ee5c0c2889477,0xe552fb52a4f19e44ef5a967632dbc320b0820639,Metis,Metis,0x017802f71bdfb62900d2a55347d77004360c10a0bff0a3ce8f8a94547f714102_Metis,1667383145,1667383145,1,4.422209750092121e+19,44.22209750092121,120.25423486062154,0,0,0.800000,bridge_dst_event_flow,True
BNB,Poly,bnb_flow_0x017802f71bdf__synth_split_b,0x017802f71bdfb62900d2a55347d77004360c10a0bff0a3ce8f8a94547f714102,0x2f7ac9436ba4b548f9582af91ca1ef02cd2f1f03|0xd54e4f8a55247487dd7c8c59f14ee5c0c2889477|0xe552fb52a4f19e44ef5a967632dbc320b0820639,0xd54e4f8a55247487dd7c8c59f14ee5c0c2889477,0xe552fb52a4f19e44ef5a967632dbc320b0820639,Metis,Metis,0x017802f71bdfb62900d2a55347d77004360c10a0bff0a3ce8f8a94547f714102_Metis,1667383145,1667383145,1,4.422209750092121e+19,44.22209750092121,120.25423486062154,0,0,0.800000,bridge_dst_event_flow,True
BNB,Poly,bnb_flow_0x017802f71bdf__synth_split_c,0x017802f71bdfb62900d2a55347d77004360c10a0bff0a3ce8f8a94547f714102,0x2f7ac9436ba4b548f9582af91ca1ef02cd2f1f03|0xd54e4f8a55247487dd7c8c59f14ee5c0c2889477|0xe552fb52a4f19e44ef5a967632dbc320b0820639,0xd54e4f8a55247487dd7c8c59f14ee5c0c2889477,0xe552fb52a4f19e44ef5a967632dbc320b0820639,Metis,Metis,0x017802f71bdfb62900d2a55347d77004360c10a0bff0a3ce8f8a94547f714102_Metis,1667383145,1667383145,1,4.422209750092121e+19,44.22209750092121,120.25423486062154,0,0,0.800000,bridge_dst_event_flow,True
BNB,Poly,bnb_flow_0x017802f71bdf__synth_split_d,0x017802f71bdfb62900d2a55347d77004360c10a0bff0a3ce8f8a94547f714102,0x2f7ac9436ba4b548f9582af91ca1ef02cd2f1f03|0xd54e4f8a55247487dd7c8c59f14ee5c0c2889477|0xe552fb52a4f19e44ef5a967632dbc320b0820639,0xd54e4f8a55247487dd7c8c59f14ee5c0c2889477,0xe552fb52a4f19e44ef5a967632dbc320b0820639,Metis,Metis,0x017802f71bdfb62900d2a55347d77004360c10a0bff0a3ce8f8a94547f714102_Metis,1667383145,1667383145,1,4.422209750092121e+19,44.22209750092121,120.25423486062154,0,0,0.800000,bridge_dst_event_flow,True
BNB,Poly,bnb_flow_0x017802f71bdf__synth_merge_dst,0x017802f71bdfb62900d2a55347d77004360c10a0bff0a3ce8f8a94547f714102,0x2f7ac9436ba4b548f9582af91ca1ef02cd2f1f03|0xd54e4f8a55247487dd7c8c59f14ee5c0c2889477|0xe552fb52a4f19e44ef5a967632dbc320b0820639,0xd54e4f8a55247487dd7c8c59f14ee5c0c2889477,0xe552fb52a4f19e44ef5a967632dbc320b0820639,Metis,Metis,0x017802f71bdfb62900d2a55347d77004360c10a0bff0a3ce8f8a94547f714102_Metis,1667383145,1667383145,1,1.7688839000368484e+20,176.88839000368483,481.01693944248615,0,0,0.800000,bridge_dst_event_flow,True
BNB,Poly,bnb_flow_0x017802f71bdf__synth_hidden_dst,0x017802f71bdfb62900d2a55347d77004360c10a0bff0a3ce8f8a94547f714102,0x2f7ac9436ba4b548f9582af91ca1ef02cd2f1f03|0xd54e4f8a55247487dd7c8c59f14ee5c0c2889477|0xe552fb52a4f19e44ef5a967632dbc320b0820639,0xd54e4f8a55247487dd7c8c59f14ee5c0c2889477,0xe552fb52a4f19e44ef5a967632dbc320b0820639,Metis,Metis,0x017802f71bdfb62900d2a55347d77004360c10a0bff0a3ce8f8a94547f714102_Metis,1667383145,1667383145,1,1.7688839000368484e+20,176.88839000368483,481.01693944248615,0,0,0.800000,bridge_dst_event_flow,True
BNB,Poly,bnb_flow_0x017802f71bdf__synth_noise_dst_0,0x017802f71bdfb62900d2a55347d77004360c10a0bff0a3ce8f8a94547f714102,0x2f7ac9436ba4b548f9582af91ca1ef02cd2f1f03|0xd54e4f8a55247487dd7c8c59f14ee5c0c2889477|0xe552fb52a4f19e44ef5a967632dbc320b0820639,0xd54e4f8a55247487dd7c8c59f14ee5c0c2889477,0xe552fb52a4f19e44ef5a967632dbc320b0820639,Metis,Metis,0x017802f71bdfb62900d2a55347d77004360c10a0bff0a3ce8f8a94547f714102_Metis,1667383205,1667383205,1,1.7688839000368484e+20,176.88839000368483,481.01693944248615,0,0,0.800000,bridge_dst_event_flow,True
BNB,Poly,bnb_flow_0x017802f71bdf__synth_noise_dst_1,0x017802f71bdfb62900d2a55347d77004360c10a0bff0a3ce8f8a94547f714102,0x2f7ac9436ba4b548f9582af91ca1ef02cd2f1f03|0xd54e4f8a55247487dd7c8c59f14ee5c0c2889477|0xe552fb52a4f19e44ef5a967632dbc320b0820639,0xd54e4f8a55247487dd7c8c59f14ee5c0c2889477,0xe552fb52a4f19e44ef5a967632dbc320b0820639,Metis,Metis,0x017802f71bdfb62900d2a55347d77004360c10a0bff0a3ce8f8a94547f714102_Metis,1667383265,1667383265,1,1.7688839000368484e+20,176.88839000368483,481.01693944248615,0,0,0.800000,bridge_dst_event_flow,True
BNB,Poly,bnb_flow_0x163809b81209__synth_split_a,0x163809b81209dff7d89caf929453eb73dbc8d4c9405a34106e169c2a62f1eed9,0x2f7ac9436ba4b548f9582af91ca1ef02cd2f1f03|0x7a6a59588b8106045303e1923227a2cefbec2b66|0xe552fb52a4f19e44ef5a967632dbc320b0820639,0x7a6a59588b8106045303e1923227a2cefbec2b66,0xe552fb52a4f19e44ef5a967632dbc320b0820639,Metis,Metis,0x163809b81209dff7d89caf929453eb73dbc8d4c9405a34106e169c2a62f1eed9_Metis,1667991030,1667991030,1,8.470730125612661e+19,84.70730125612663,230.34664286223588,0,0,0.800000,bridge_dst_event_flow,True
BNB,Poly,bnb_flow_0x163809b81209__synth_split_b,0x163809b81209dff7d89caf929453eb73dbc8d4c9405a34106e169c2a62f1eed9,0x2f7ac9436ba4b548f9582af91ca1ef02cd2f1f03|0x7a6a59588b8106045303e1923227a2cefbec2b66|0xe552fb52a4f19e44ef5a967632dbc320b0820639,0x7a6a59588b8106045303e1923227a2cefbec2b66,0xe552fb52a4f19e44ef5a967632dbc320b0820639,Metis,Metis,0x163809b81209dff7d89caf929453eb73dbc8d4c9405a34106e169c2a62f1eed9_Metis,1667991030,1667991030,1,8.470730125612661e+19,84.70730125612663,230.34664286223588,0,0,0.800000,bridge_dst_event_flow,True
BNB,Poly,bnb_flow_0x163809b81209__synth_merge_dst,0x163809b81209dff7d89caf929453eb73dbc8d4c9405a34106e169c2a62f1eed9,0x2f7ac9436ba4b548f9582af91ca1ef02cd2f1f03|0x7a6a59588b8106045303e1923227a2cefbec2b66|0xe552fb52a4f19e44ef5a967632dbc320b0820639,0x7a6a59588b8106045303e1923227a2cefbec2b66,0xe552fb52a4f19e44ef5a967632dbc320b0820639,Metis,Metis,0x163809b81209dff7d89caf929453eb73dbc8d4c9405a34106e169c2a62f1eed9_Metis,1667991030,1667991030,1,1.6941460251225322e+20,169.41460251225325,460.69328572447176,0,0,0.800000,bridge_dst_event_flow,True
BNB,Poly,bnb_flow_0x163809b81209__synth_hidden_dst,0x163809b81209dff7d89caf929453eb73dbc8d4c9405a34106e169c2a62f1eed9,0x2f7ac9436ba4b548f9582af91ca1ef02cd2f1f03|0x7a6a59588b8106045303e1923227a2cefbec2b66|0xe552fb52a4f19e44ef5a967632dbc320b0820639,0x7a6a59588b8106045303e1923227a2cefbec2b66,0xe552fb52a4f19e44ef5a967632dbc320b0820639,Metis,Metis,0x163809b81209dff7d89caf929453eb73dbc8d4c9405a34106e169c2a62f1eed9_Metis,1667991030,1667991030,1,1.6941460251225322e+20,169.41460251225325,460.69328572447176,0,0,0.800000,bridge_dst_event_flow,True
BNB,Poly,bnb_flow_0x163809b81209__synth_noise_dst_0,0x163809b81209dff7d89caf929453eb73dbc8d4c9405a34106e169c2a62f1eed9,0x2f7ac9436ba4b548f9582af91ca1ef02cd2f1f03|0x7a6a59588b8106045303e1923227a2cefbec2b66|0xe552fb52a4f19e44ef5a967632dbc320b0820639,0x7a6a59588b8106045303e1923227a2cefbec2b66,0xe552fb52a4f19e44ef5a967632dbc320b0820639,Metis,Metis,0x163809b81209dff7d89caf929453eb73dbc8d4c9405a34106e169c2a62f1eed9_Metis,1667991090,1667991090,1,1.6941460251225322e+20,169.41460251225325,460.69328572447176,0,0,0.800000,bridge_dst_event_flow,True
BNB,Poly,bnb_flow_0x163809b81209__synth_noise_dst_1,0x163809b81209dff7d89caf929453eb73dbc8d4c9405a34106e169c2a62f1eed9,0x2f7ac9436ba4b548f9582af91ca1ef02cd2f1f03|0x7a6a59588b8106045303e1923227a2cefbec2b66|0xe552fb52a4f19e44ef5a967632dbc320b0820639,0x7a6a59588b8106045303e1923227a2cefbec2b66,0xe552fb52a4f19e44ef5a967632dbc320b0820639,Metis,Metis,0x163809b81209dff7d89caf929453eb73dbc8d4c9405a34106e169c2a62f1eed9_Metis,1667991150,1667991150,1,1.6941460251225322e+20,169.41460251225325,460.69328572447176,0,0,0.800000,bridge_dst_event_flow,True
BNB,Poly,bnb_flow_0x64afec01eb0c__synth_split_a,0x64afec01eb0c927c33fccb4550127546ba141a628b22aabf8ca6ac80917fe3af,0x2f7ac9436ba4b548f9582af91ca1ef02cd2f1f03|0xe552fb52a4f19e44ef5a967632dbc320b0820639|0xf2ce52e3d0eb5d237341c9a75ca24647d87d7e55,0xf2ce52e3d0eb5d237341c9a75ca24647d87d7e55,0xe552fb52a4f19e44ef5a967632dbc320b0820639,Metis,Metis,0x64afec01eb0c927c33fccb4550127546ba141a628b22aabf8ca6ac80917fe3af_Metis,1665152110,1665152110,1,7.26527323997482e+19,72.6527323997482,197.56635797483844,0,0,0.800000,bridge_dst_event_flow,True
BNB,Poly,bnb_flow_0x64afec01eb0c__synth_split_b,0x64afec01eb0c927c33fccb4550127546ba141a628b22aabf8ca6ac80917fe3af,0x2f7ac9436ba4b548f9582af91ca1ef02cd2f1f03|0xe552fb52a4f19e44ef5a967632dbc320b0820639|0xf2ce52e3d0eb5d237341c9a75ca24647d87d7e55,0xf2ce52e3d0eb5d237341c9a75ca24647d87d7e55,0xe552fb52a4f19e44ef5a967632dbc320b0820639,Metis,Metis,0x64afec01eb0c927c33fccb4550127546ba141a628b22aabf8ca6ac80917fe3af_Metis,1665152110,1665152110,1,7.26527323997482e+19,72.6527323997482,197.56635797483844,0,0,0.800000,bridge_dst_event_flow,True
BNB,Poly,bnb_flow_0x64afec01eb0c__synth_merge_dst,0x64afec01eb0c927c33fccb4550127546ba141a628b22aabf8ca6ac80917fe3af,0x2f7ac9436ba4b548f9582af91ca1ef02cd2f1f03|0xe552fb52a4f19e44ef5a967632dbc320b0820639|0xf2ce52e3d0eb5d237341c9a75ca24647d87d7e55,0xf2ce52e3d0eb5d237341c9a75ca24647d87d7e55,0xe552fb52a4f19e44ef5a967632dbc320b0820639,Metis,Metis,0x64afec01eb0c927c33fccb4550127546ba141a628b22aabf8ca6ac80917fe3af_Metis,1665152110,1665152110,1,1.453054647994964e+20,145.3054647994964,395.1327159496769,0,0,0.800000,bridge_dst_event_flow,True
BNB,Poly,bnb_flow_0x64afec01eb0c__synth_hidden_dst,0x64afec01eb0c927c33fccb4550127546ba141a628b22aabf8ca6ac80917fe3af,0x2f7ac9436ba4b548f9582af91ca1ef02cd2f1f03|0xe552fb52a4f19e44ef5a967632dbc320b0820639|0xf2ce52e3d0eb5d237341c9a75ca24647d87d7e55,0xf2ce52e3d0eb5d237341c9a75ca24647d87d7e55,0xe552fb52a4f19e44ef5a967632dbc320b0820639,Metis,Metis,0x64afec01eb0c927c33fccb4550127546ba141a628b22aabf8ca6ac80917fe3af_Metis,1665152110,1665152110,1,1.453054647994964e+20,145.3054647994964,395.1327159496769,0,0,0.800000,bridge_dst_event_flow,True
BNB,Poly,bnb_flow_0x64afec01eb0c__synth_noise_dst_0,0x64afec01eb0c927c33fccb4550127546ba141a628b22aabf8ca6ac80917fe3af,0x2f7ac9436ba4b548f9582af91ca1ef02cd2f1f03|0xe552fb52a4f19e44ef5a967632dbc320b0820639|0xf2ce52e3d0eb5d237341c9a75ca24647d87d7e55,0xf2ce52e3d0eb5d237341c9a75ca24647d87d7e55,0xe552fb52a4f19e44ef5a967632dbc320b0820639,Metis,Metis,0x64afec01eb0c927c33fccb4550127546ba141a628b22aabf8ca6ac80917fe3af_Metis,1665152170,1665152170,1,1.453054647994964e+20,145.3054647994964,395.1327159496769,0,0,0.800000,bridge_dst_event_flow,True
BNB,Poly,bnb_flow_0x64afec01eb0c__synth_noise_dst_1,0x64afec01eb0c927c33fccb4550127546ba141a628b22aabf8ca6ac80917fe3af,0x2f7ac9436ba4b548f9582af91ca1ef02cd2f1f03|0xe552fb52a4f19e44ef5a967632dbc320b0820639|0xf2ce52e3d0eb5d237341c9a75ca24647d87d7e55,0xf2ce52e3d0eb5d237341c9a75ca24647d87d7e55,0xe552fb52a4f19e44ef5a967632dbc320b0820639,Metis,Metis,0x64afec01eb0c927c33fccb4550127546ba141a628b22aabf8ca6ac80917fe3af_Metis,1665152230,1665152230,1,1.453054647994964e+20,145.3054647994964,395.1327159496769,0,0,0.800000,bridge_dst_event_flow,True
BNB,Poly,bnb_flow_0x6c76c7e1386f__synth_split_a,0x6c76c7e1386f27e892cfd55138942cbe25b41c7a7768646bcfa204dacfdb4730,0x2f7ac9436ba4b548f9582af91ca1ef02cd2f1f03|0xd54e4f8a55247487dd7c8c59f14ee5c0c2889477|0xe552fb52a4f19e44ef5a967632dbc320b0820639,0xd54e4f8a55247487dd7c8c59f14ee5c0c2889477,0xe552fb52a4f19e44ef5a967632dbc320b0820639,Metis,Metis,0x6c76c7e1386f27e892cfd55138942cbe25b41c7a7768646bcfa204dacfdb4730_Metis,1669223663,1669223663,1,1.6427286782171274e+20,164.27286782171274,446.7112404120715,0,0,0.800000,bridge_dst_event_flow,True
BNB,Poly,bnb_flow_0x6c76c7e1386f__synth_split_b,0x6c76c7e1386f27e892cfd55138942cbe25b41c7a7768646bcfa204dacfdb4730,0x2f7ac9436ba4b548f9582af91ca1ef02cd2f1f03|0xd54e4f8a55247487dd7c8c59f14ee5c0c2889477|0xe552fb52a4f19e44ef5a967632dbc320b0820639,0xd54e4f8a55247487dd7c8c59f14ee5c0c2889477,0xe552fb52a4f19e44ef5a967632dbc320b0820639,Metis,Metis,0x6c76c7e1386f27e892cfd55138942cbe25b41c7a7768646bcfa204dacfdb4730_Metis,1669223663,1669223663,1,1.6427286782171274e+20,164.27286782171274,446.7112404120715,0,0,0.800000,bridge_dst_event_flow,True
BNB,Poly,bnb_flow_0x6c76c7e1386f__synth_merge_dst,0x6c76c7e1386f27e892cfd55138942cbe25b41c7a7768646bcfa204dacfdb4730,0x2f7ac9436ba4b548f9582af91ca1ef02cd2f1f03|0xd54e4f8a55247487dd7c8c59f14ee5c0c2889477|0xe552fb52a4f19e44ef5a967632dbc320b0820639,0xd54e4f8a55247487dd7c8c59f14ee5c0c2889477,0xe552fb52a4f19e44ef5a967632dbc320b0820639,Metis,Metis,0x6c76c7e1386f27e892cfd55138942cbe25b41c7a7768646bcfa204dacfdb4730_Metis,1669223663,1669223663,1,3.285457356434255e+20,328.5457356434255,893.422480824143,0,0,0.800000,bridge_dst_event_flow,True
BNB,Poly,bnb_flow_0x6c76c7e1386f__synth_hidden_dst,0x6c76c7e1386f27e892cfd55138942cbe25b41c7a7768646bcfa204dacfdb4730,0x2f7ac9436ba4b548f9582af91ca1ef02cd2f1f03|0xd54e4f8a55247487dd7c8c59f14ee5c0c2889477|0xe552fb52a4f19e44ef5a967632dbc320b0820639,0xd54e4f8a55247487dd7c8c59f14ee5c0c2889477,0xe552fb52a4f19e44ef5a967632dbc320b0820639,Metis,Metis,0x6c76c7e1386f27e892cfd55138942cbe25b41c7a7768646bcfa204dacfdb4730_Metis,1669223663,1669223663,1,3.285457356434255e+20,328.5457356434255,893.422480824143,0,0,0.800000,bridge_dst_event_flow,True
BNB,Poly,bnb_flow_0x6c76c7e1386f__synth_noise_dst_0,0x6c76c7e1386f27e892cfd55138942cbe25b41c7a7768646bcfa204dacfdb4730,0x2f7ac9436ba4b548f9582af91ca1ef02cd2f1f03|0xd54e4f8a55247487dd7c8c59f14ee5c0c2889477|0xe552fb52a4f19e44ef5a967632dbc320b0820639,0xd54e4f8a55247487dd7c8c59f14ee5c0c2889477,0xe552fb52a4f19e44ef5a967632dbc320b0820639,Metis,Metis,0x6c76c7e1386f27e892cfd55138942cbe25b41c7a7768646bcfa204dacfdb4730_Metis,1669223723,1669223723,1,3.285457356434255e+20,328.5457356434255,893.422480824143,0,0,0.800000,bridge_dst_event_flow,True
BNB,Poly,bnb_flow_0x6c76c7e1386f__synth_noise_dst_1,0x6c76c7e1386f27e892cfd55138942cbe25b41c7a7768646bcfa204dacfdb4730,0x2f7ac9436ba4b548f9582af91ca1ef02cd2f1f03|0xd54e4f8a55247487dd7c8c59f14ee5c0c2889477|0xe552fb52a4f19e44ef5a967632dbc320b0820639,0xd54e4f8a55247487dd7c8c59f14ee5c0c2889477,0xe552fb52a4f19e44ef5a967632dbc320b0820639,Metis,Metis,0x6c76c7e1386f27e892cfd55138942cbe25b41c7a7768646bcfa204dacfdb4730_Metis,1669223783,1669223783,1,3.285457356434255e+20,328.5457356434255,893.422480824143,0,0,0.800000,bridge_dst_event_flow,True
