chain,bridge,flow_id,tx_hashes,address_set,primary_address,token_contracts,token_symbols,asset_group,route_id,start_time,end_time,tx_count,raw_amount_sum,human_amount_sum,usd_amount_sum,aml_score_mean,aml_score_max,evidence_quality_mean,flow_construction_rule,bridge_contract_hit
BNB,Multi,bnb_flow_0xec9c8b890bfc__synth_split_a,0xec9c8b890bfca0ccd308029d5fc69c81189d552589de1eb02e6b15b6e6d4c6e4,0x1c7a05a7b628bafdd0a2a64b9943958e8167989a|0xd1c5966f9f5ee6881ff6b261bbeda45972b1b5f3|0xedf0c420bc3b92b961c6ec411cc810ca81f5f21a,0x1c7a05a7b628bafdd0a2a64b9943958e8167989a,0xedf0c420bc3b92b961c6ec411cc810ca81f5f21a,USDT,USDT,0xec9c8b890bfca0ccd308029d5fc69c81189d552589de1eb02e6b15b6e6d4c6e4_USDT,1638599266,1638599266,1,1.1955e+20,119.55,119.55,0,0,0.775000,bridge_dst_event_flow,True
BNB,Multi,bnb_flow_0xec9c8b890bfc__synth_split_b,0xec9c8b890bfca0ccd308029d5fc69c81189d552589de1eb02e6b15b6e6d4c6e4,0x1c7a05a7b628bafdd0a2a64b9943958e8167989a|0xd1c5966f9f5ee6881ff6b261bbeda45972b1b5f3|0xedf0c420bc3b92b961c6ec411cc810ca81f5f21a,0x1c7a05a7b628bafdd0a2a64b9943958e8167989a,0xedf0c420bc3b92b961c6ec411cc810ca81f5f21a,USDT,USDT,0xec9c8b890bfca0ccd308029d5fc69c81189d552589de1eb02e6b15b6e6d4c6e4_USDT,1638599266,1638599266,1,1.1955e+20,119.55,119.55,0,0,0.775000,bridge_dst_event_flow,True
BNB,Multi,bnb_flow_0xec9c8b890bfc__synth_merge_dst,0xec9c8b890bfca0ccd308029d5fc69c81189d552589de1eb02e6b15b6e6d4c6e4,0x1c7a05a7b628bafdd0a2a64b9943958e8167989a|0xd1c5966f9f5ee6881ff6b261bbeda45972b1b5f3|0xedf0c420bc3b92b961c6ec411cc810ca81f5f21a,0x1c7a05a7b628bafdd0a2a64b9943958e8167989a,0xedf0c420bc3b92b961c6ec411cc810ca81f5f21a,USDT,USDT,0xec9c8b890bfca0ccd308029d5fc69c81189d552589de1eb02e6b15b6e6d4c6e4_USDT,1638599266,1638599266,1,2.391e+20,239.1,239.1,0,0,0.775000,bridge_dst_event_flow,True
BNB,Multi,bnb_flow_0xec9c8b890bfc__synth_hidden_dst,0xec9c8b890bfca0ccd308029d5fc69c81189d552589de1eb02e6b15b6e6d4c6e4,0x1c7a05a7b628bafdd0a2a64b9943958e8167989a|0xd1c5966f9f5ee6881ff6b261bbeda45972b1b5f3|0xedf0c420bc3b92b961c6ec411cc810ca81f5f21a,0x1c7a05a7b628bafdd0a2a64b9943958e8167989a,0xedf0c420bc3b92b961c6ec411cc810ca81f5f21a,USDT,USDT,0xec9c8b890bfca0ccd308029d5fc69c81189d552589de1eb02e6b15b6e6d4c6e4_USDT,1638599266,1638599266,1,2.391e+20,239.1,239.1,0,0,0.775000,bridge_dst_event_flow,True
BNB,Multi,bnb_flow_0xec9c8b890bfc__synth_noise_dst_0,0xec9c8b890bfca0ccd308029d5fc69c81189d552589de1eb02e6b15b6e6d4c6e4,0x1c7a05a7b628bafdd0a2a64b9943958e8167989a|0xd1c5966f9f5ee6881ff6b261bbeda45972b1b5f3|0xedf0c420bc3b92b961c6ec411cc810ca81f5f21a,0x1c7a05a7b628bafdd0a2a64b9943958e8167989a,0xedf0c420bc3b92b961c6ec411cc810ca81f5f21a,USDT,USDT,0xec9c8b890bfca0ccd308029d5fc69c81189d552589de1eb02e6b15b6e6d4c6e4_USDT,1638599326,1638599326,1,2.391e+20,239.1,239.1,0,0,0.775000,bridge_dst_event_flow,True
BNB,Multi,bnb_flow_0xec9c8b890bfc__synth_noise_dst_1,0xec9c8b890bfca0ccd308029d5fc69c81189d552589de1eb02e6b15b6e6d4c6e4,0x1c7a05a7b628bafdd0a2a64b9943958e8167989a|0xd1c5966f9f5ee6881ff6b261bbeda45972b1b5f3|0xedf0c420bc3b92b961c6ec411cc810ca81f5f21a,0x1c7a05a7b628bafdd0a2a64b9943958e8167989a,0xedf0c420bc3b92b961c6ec411cc810ca81f5f21a,USDT,USDT,0xec9c8b890bfca0ccd308029d5fc69c81189d552589de1eb02e6b15b6e6d4c6e4_USDT,1638599386,1638599386,1,2.391e+20,239.1,239.1,0,0,0.775000,bridge_dst_event_flow,True
BNB,Multi,bnb_flow_0xce86a56bf927__synth_split_a,0xce86a56bf9272f9209f7a58b048896c9748e4fb77e9381d72c5dfc4b56362858,0x83443bc737af694cd26fd961bc13d5982292edac|0xd1c5966f9f5ee6881ff6b261bbeda45972b1b5f3|0xedf0c420bc3b92b961c6ec411cc810ca81f5f21a,0x83443bc737af694cd26fd961bc13d5982292edac,0xedf0c420bc3b92b961c6ec411cc810ca81f5f21a,USDT,USDT,0xce86a56bf9272f9209f7a58b048896c9748e4fb77e9381d72c5dfc4b56362858_USDT,1636022740,1636022740,1,6.37715e+19,63.7715,63.7715,0,0,0.750000,bridge_dst_event_flow,True
BNB,Multi,bnb_flow_0xce86a56bf927__synth_split_b,0xce86a56bf9272f9209f7a58b048896c9748e4fb77e9381d72c5dfc4b56362858,0x83443bc737af694cd26fd961bc13d5982292edac|0xd1c5966f9f5ee6881ff6b261bbeda45972b1b5f3|0xedf0c420bc3b92b961c6ec411cc810ca81f5f21a,0x83443bc737af694cd26fd961bc13d5982292edac,0xedf0c420bc3b92b961c6ec411cc810ca81f5f21a,USDT,USDT,0xce86a56bf9272f9209f7a58b048896c9748e4fb77e9381d72c5dfc4b56362858_USDT,1636022740,1636022740,1,6.37715e+19,63.7715,63.7715,0,0,0.750000,bridge_dst_event_flow,True
BNB,Multi,bnb_flow_0xce86a56bf927__synth_merge_dst,0xce86a56bf9272f9209f7a58b048896c9748e4fb77e9381d72c5dfc4b56362858,0x83443bc737af694cd26fd961bc13d5982292edac|0xd1c5966f9f5ee6881ff6b261bbeda45972b1b5f3|0xedf0c420bc3b92b961c6ec411cc810ca81f5f21a,0x83443bc737af694cd26fd961bc13d5982292edac,0xedf0c420bc3b92b961c6ec411cc810ca81f5f21a,USDT,USDT,0xce86a56bf9272f9209f7a58b048896c9748e4fb77e9381d72c5dfc4b56362858_USDT,1636022740,1636022740,1,1.27543e+20,127.543,127.543,0,0,0.750000,bridge_dst_event_flow,True
BNB,Multi,bnb_flow_0xce86a56bf927__synth_hidden_dst,0xce86a56bf9272f9209f7a58b048896c9748e4fb77e9381d72c5dfc4b56362858,0x83443bc737af694cd26fd961bc13d5982292edac|0xd1c5966f9f5ee6881ff6b261bbeda45972b1b5f3|0xedf0c420bc3b92b961c6ec411cc810ca81f5f21a,0x83443bc737af694cd26fd961bc13d5982292edac,0xedf0c420bc3b92b961c6ec411cc810ca81f5f21a,USDT,USDT,0xce86a56bf9272f9209f7a58b048896c9748e4fb77e9381d72c5dfc4b56362858_USDT,1636022740,1636022740,1,1.27543e+20,127.543,127.543,0,0,0.750000,bridge_dst_event_flow,True
BNB,Multi,bnb_flow_0xce86a56bf927__synth_noise_dst_0,0xce86a56bf9272f9209f7a58b048896c9748e4fb77e9381d72c5dfc4b56362858,0x83443bc737af694cd26fd961bc13d5982292edac|0xd1c5966f9f5ee6881ff6b261bbeda45972b1b5f3|0xedf0c420bc3b92b961c6ec411cc810ca81f5f21a,0x83443bc737af694cd26fd961bc13d5982292edac,0xedf0c420bc3b92b961c6ec411cc810ca81f5f21a,USDT,USDT,0xce86a56bf9272f9209f7a58b048896c9748e4fb77e9381d72c5dfc4b56362858_USDT,1636022800,1636022800,1,1.27543e+20,127.543,127.543,0,0,0.750000,bridge_dst_event_flow,True
BNB,Multi,bnb_flow_0xce86a56bf927__synth_noise_dst_1,0xce86a56bf9272f9209f7a58b048896c9748e4fb77e9381d72c5dfc4b56362858,0x83443bc737af694cd26fd961bc13d5982292edac|0xd1c5966f9f5ee6881ff6b261bbeda45972b1b5f3|0xedf0c420bc3b92b961c6ec411cc810ca81f5f21a,0x83443bc737af694cd26fd961bc13d5982292edac,0xedf0c420bc3b92b961c6ec411cc810ca81f5f21a,USDT,USDT,0xce86a56bf9272f9209f7a58b048896c9748e4fb77e9381d72c5dfc4b56362858_USDT,1636022860,1636022860,1,1.27543e+20,127.543,127.543,0,0,0.750000,bridge_dst_event_flow,True
BNB,Multi,bnb_flow_0xf275ce414450__synth_split_a,0xf275ce41445092a15704ab2fa9621b2b86002e55e584d46a47887b4d0e9e92f5,0x634398cb81b76bfc75ebb434cf7c82036f9e7d78|0xabd380327fe66724ffda91a87c772fb8d00be488|0xfbb7b5eb128f4d023a365cb7658222d30b9ab4e0,0xfbb7b5eb128f4d023a365cb7658222d30b9ab4e0,0x634398cb81b76bfc75ebb434cf7c82036f9e7d78,HGET,HGET,0xf275ce41445092a15704ab2fa9621b2b86002e55e584d46a47887b4d0e9e92f5_HGET,1624202689,1624202689,1,1748250000.0,1748.25,108.2642392111126,0,0,0.800000,bridge_dst_event_flow,True
BNB,Multi,bnb_flow_0xf275ce414450__synth_split_b,0xf275ce41445092a15704ab2fa9621b2b86002e55e584d46a47887b4d0e9e92f5,0x634398cb81b76bfc75ebb434cf7c82036f9e7d78|0xabd380327fe66724ffda91a87c772fb8d00be488|0xfbb7b5eb128f4d023a365cb7658222d30b9ab4e0,0xfbb7b5eb128f4d023a365cb7658222d30b9ab4e0,0x634398cb81b76bfc75ebb434cf7c82036f9e7d78,HGET,HGET,0xf275ce41445092a15704ab2fa9621b2b86002e55e584d46a47887b4d0e9e92f5_HGET,1624202689,1624202689,1,1748250000.0,1748.25,108.2642392111126,0,0,0.800000,bridge_dst_event_flow,True
BNB,Multi,bnb_flow_0xf275ce414450__synth_merge_dst,0xf275ce41445092a15704ab2fa9621b2b86002e55e584d46a47887b4d0e9e92f5,0x634398cb81b76bfc75ebb434cf7c82036f9e7d78|0xabd380327fe66724ffda91a87c772fb8d00be488|0xfbb7b5eb128f4d023a365cb7658222d30b9ab4e0,0xfbb7b5eb128f4d023a365cb7658222d30b9ab4e0,0x634398cb81b76bfc75ebb434cf7c82036f9e7d78,HGET,HGET,0xf275ce41445092a15704ab2fa9621b2b86002e55e584d46a47887b4d0e9e92f5_HGET,1624202689,1624202689,1,3496500000.0,3496.5,216.5284784222252,0,0,0.800000,bridge_dst_event_flow,True
BNB,Multi,bnb_flow_0xf275ce414450__synth_hidden_dst,0xf275ce41445092a15704ab2fa9621b2b86002e55e584d46a47887b4d0e9e92f5,0x634398cb81b76bfc75ebb434cf7c82036f9e7d78|0xabd380327fe66724ffda91a87c772fb8d00be488|0xfbb7b5eb128f4d023a365cb7658222d30b9ab4e0,0xfbb7b5eb128f4d023a365cb7658222d30b9ab4e0,0x634398cb81b76bfc75ebb434cf7c82036f9e7d78,HGET,HGET,0xf275ce41445092a15704ab2fa9621b2b86002e55e584d46a47887b4d0e9e92f5_HGET,1624202689,1624202689,1,3496500000.0,3496.5,216.5284784222252,0,0,0.800000,bridge_dst_event_flow,True
BNB,Multi,bnb_flow_0xf275ce414450__synth_noise_dst_0,0xf275ce41445092a15704ab2fa9621b2b86002e55e584d46a47887b4d0e9e92f5,0x634398cb81b76bfc75ebb434cf7c82036f9e7d78|0xabd380327fe66724ffda91a87c772fb8d00be488|0xfbb7b5eb128f4d023a365cb7658222d30b9ab4e0,0xfbb7b5eb128f4d023a365cb7658222d30b9ab4e0,0x634398cb81b76bfc75ebb434cf7c82036f9e7d78,HGET,HGET,0xf275ce41445092a15704ab2fa9621b2b86002e55e584d46a47887b4d0e9e92f5_HGET,1624202749,1624202749,1,3496500000.0,3496.5,216.5284784222252,0,0,0.800000,bridge_dst_event_flow,True
BNB,Multi,bnb_flow_0xf275ce414450__synth_noise_dst_1,0xf275ce41445092a15704ab2fa9621b2b86002e55e584d46a47887b4d0e9e92f5,0x634398cb81b76bfc75ebb434cf7c82036f9e7d78|0xabd380327fe66724ffda91a87c772fb8d00be488|0xfbb7b5eb128f4d023a365cb7658222d30b9ab4e0,0xfbb7b5eb128f4d023a365cb7658222d30b9ab4e0,0x634398cb81b76bfc75ebb434cf7c82036f9e7d78,HGET,HGET,0xf275ce41445092a15704ab2fa9621b2b86002e55e584d46a47887b4d0e9e92f5_HGET,1624202809,1624202809,1,3496500000.0,3496.5,216.5284784222252,0,0,0.800000,bridge_dst_event_flow,True
BNB,Multi,bnb_flow_0xb2c9181d4ce1__synth_split_a,0xb2c9181d4ce17feccd25bd7eee81589696e3a7bb1d8187ed879e366e8cd690bb,0x1c7889bbc8c67f7e8e1d017fe88adec44924adc9|0xd1c5966f9f5ee6881ff6b261bbeda45972b1b5f3|0xdebb1d6a2196f2335ad51fbde7ca587205889360,0x1c7889bbc8c67f7e8e1d017fe88adec44924adc9,0xdebb1d6a2196f2335ad51fbde7ca587205889360,ETH,WETH_ETH,0xb2c9181d4ce17feccd25bd7eee81589696e3a7bb1d8187ed879e366e8cd690bb_ETH,1646177325,1646177325,1,7666666666666666.0,0.007666666666666666,18.866965736739115,0,0,0.800000,bridge_dst_event_flow,True
BNB,Multi,bnb_flow_0xb2c9181d4ce1__synth_split_b,0xb2c9181d4ce17feccd25bd7eee81589696e3a7bb1d8187ed879e366e8cd690bb,0x1c7889bbc8c67f7e8e1d017fe88adec44924adc9|0xd1c5966f9f5ee6881ff6b261bbeda45972b1b5f3|0xdebb1d6a2196f2335ad51fbde7ca587205889360,0x1c7889bbc8c67f7e8e1d017fe88adec44924adc9,0xdebb1d6a2196f2335ad51fbde7ca587205889360,ETH,WETH_ETH,0xb2c9181d4ce17feccd25bd7eee81589696e3a7bb1d8187ed879e366e8cd690bb_ETH,1646177325,1646177325,1,7666666666666666.0,0.007666666666666666,18.866965736739115,0,0,0.800000,bridge_dst_event_flow,True
BNB,Multi,bnb_flow_0xb2c9181d4ce1__synth_split_c,0xb2c9181d4ce17feccd25bd7eee81589696e3a7bb1d8187ed879e366e8cd690bb,0x1c7889bbc8c67f7e8e1d017fe88adec44924adc9|0xd1c5966f9f5ee6881ff6b261bbeda45972b1b5f3|0xdebb1d6a2196f2335ad51fbde7ca587205889360,0x1c7889bbc8c67f7e8e1d017fe88adec44924adc9,0xdebb1d6a2196f2335ad51fbde7ca587205889360,ETH,WETH_ETH,0xb2c9181d4ce17feccd25bd7eee81589696e3a7bb1d8187ed879e366e8cd690bb_ETH,1646177325,1646177325,1,7666666666666666.0,0.007666666666666666,18.866965736739115,0,0,0.800000,bridge_dst_event_flow,True
BNB,Multi,bnb_flow_0xb2c9181d4ce1__synth_merge_dst,0xb2c9181d4ce17feccd25bd7eee81589696e3a7bb1d8187ed879e366e8cd690bb,0x1c7889bbc8c67f7e8e1d017fe88adec44924adc9|0xd1c5966f9f5ee6881ff6b261bbeda45972b1b5f3|0xdebb1d6a2196f2335ad51fbde7ca587205889360,0x1c7889bbc8c67f7e8e1d017fe88adec44924adc9,0xdebb1d6a2196f2335ad51fbde7ca587205889360,ETH,WETH_ETH,0xb2c9181d4ce17feccd25bd7eee81589696e3a7bb1d8187ed879e366e8cd690bb_ETH,1646177325,1646177325,1,2.3e+16,0.023,56.60089721021735,0,0,0.800000,bridge_dst_event_flow,True
BNB,Multi,bnb_flow_0xb2c9181d4ce1__synth_hidden_dst,0xb2c9181d4ce17feccd25bd7eee81589696e3a7bb1d8187ed879e366e8cd690bb,0x1c7889bbc8c67f7e8e1d017fe88adec44924adc9|0xd1c5966f9f5ee6881ff6b261bbeda45972b1b5f3|0xdebb1d6a2196f2335ad51fbde7ca587205889360,0x1c7889bbc8c67f7e8e1d017fe88adec44924adc9,0xdebb1d6a2196f2335ad51fbde7ca587205889360,ETH,WETH_ETH,0xb2c9181d4ce17feccd25bd7eee81589696e3a7bb1d8187ed879e366e8cd690bb_ETH,1646177325,1646177325,1,2.3e+16,0.023,56.60089721021735,0,0,0.800000,bridge_dst_event_flow,True
BNB,Multi,bnb_flow_0xb2c9181d4ce1__synth_noise_dst_0,0xb2c9181d4ce17feccd25bd7eee81589696e3a7bb1d8187ed879e366e8cd690bb,0x1c7889bbc8c67f7e8e1d017fe88adec44924adc9|0xd1c5966f9f5ee6881ff6b261bbeda45972b1b5f3|0xdebb1d6a2196f2335ad51fbde7ca587205889360,0x1c7889bbc8c67f7e8e1d017fe88adec44924adc9,0xdebb1d6a2196f2335ad51fbde7ca587205889360,ETH,WETH_ETH,0xb2c9181d4ce17feccd25bd7eee81589696e3a7bb1d8187ed879e366e8cd690bb_ETH,1646177385,1646177385,1,2.3e+16,0.023,56.60089721021735,0,0,0.800000,bridge_dst_event_flow,True
BNB,Multi,bnb_flow_0xb2c9181d4ce1__synth_noise_dst_1,0xb2c9181d4ce17feccd25bd7eee81589696e3a7bb1d8187ed879e366e8cd690bb,0x1c7889bbc8c67f7e8e1d017fe88adec44924adc9|0xd1c5966f9f5ee6881ff6b261bbeda45972b1b5f3|0xdebb1d6a2196f2335ad51fbde7ca587205889360,0x1c7889bbc8c67f7e8e1d017fe88adec44924adc9,0xdebb1d6a2196f2335ad51fbde7ca587205889360,ETH,WETH_ETH,0xb2c9181d4ce17feccd25bd7eee81589696e3a7bb1d8187ed879e366e8cd690bb_ETH,1646177445,1646177445,1,2.3e+16,0.023,56.60089721021735,0,0,0.800000,bridge_dst_event_flow,True
BNB,Multi,bnb_flow_0xb0233fcda610__synth_split_a,0xb0233fcda610b7e85e7ec195fdf8c4eb1d5a1ae766f36511e5c577ad404eba5f,0x06ee67615c49bf38ccadb99268875cfc20ded69c|0xd1c5966f9f5ee6881ff6b261bbeda45972b1b5f3|0xdebb1d6a2196f2335ad51fbde7ca587205889360,0x06ee67615c49bf38ccadb99268875cfc20ded69c,0xdebb1d6a2196f2335ad51fbde7ca587205889360,ETH,WETH_ETH,0xb0233fcda610b7e85e7ec195fdf8c4eb1d5a1ae766f36511e5c577ad404eba5f_ETH,1646281579,1646281579,1,4900000000000000.0,0.0049,12.058452014350653,0,0,0.800000,bridge_dst_event_flow,True
BNB,Multi,bnb_flow_0xb0233fcda610__synth_split_b,0xb0233fcda610b7e85e7ec195fdf8c4eb1d5a1ae766f36511e5c577ad404eba5f,0x06ee67615c49bf38ccadb99268875cfc20ded69c|0xd1c5966f9f5ee6881ff6b261bbeda45972b1b5f3|0xdebb1d6a2196f2335ad51fbde7ca587205889360,0x06ee67615c49bf38ccadb99268875cfc20ded69c,0xdebb1d6a2196f2335ad51fbde7ca587205889360,ETH,WETH_ETH,0xb0233fcda610b7e85e7ec195fdf8c4eb1d5a1ae766f36511e5c577ad404eba5f_ETH,1646281579,1646281579,1,4900000000000000.0,0.0049,12.058452014350653,0,0,0.800000,bridge_dst_event_flow,True
BNB,Multi,bnb_flow_0xb0233fcda610__synth_split_c,0xb0233fcda610b7e85e7ec195fdf8c4eb1d5a1ae766f36511e5c577ad404eba5f,0x06ee67615c49bf38ccadb99268875cfc20ded69c|0xd1c5966f9f5ee6881ff6b261bbeda45972b1b5f3|0xdebb1d6a2196f2335ad51fbde7ca587205889360,0x06ee67615c49bf38ccadb99268875cfc20ded69c,0xdebb1d6a2196f2335ad51fbde7ca587205889360,ETH,WETH_ETH,0xb0233fcda610b7e85e7ec195fdf8c4eb1d5a1ae766f36511e5c577ad404eba5f_ETH,1646281579,1646281579,1,4900000000000000.0,0.0049,12.058452014350653,0,0,0.800000,bridge_dst_event_flow,True
BNB,Multi,bnb_flow_0xb0233fcda610__synth_merge_dst,0xb0233fcda610b7e85e7ec195fdf8c4eb1d5a1ae766f36511e5c577ad404eba5f,0x06ee67615c49bf38ccadb99268875cfc20ded69c|0xd1c5966f9f5ee6881ff6b261bbeda45972b1b5f3|0xdebb1d6a2196f2335ad51fbde7ca587205889360,0x06ee67615c49bf38ccadb99268875cfc20ded69c,0xdebb1d6a2196f2335ad51fbde7ca587205889360,ETH,WETH_ETH,0xb0233fcda610b7e85e7ec195fdf8c4eb1d5a1ae766f36511e5c577ad404eba5f_ETH,1646281579,1646281579,1,1.47e+16,0.0147,36.17535604305196,0,0,0.800000,bridge_dst_event_flow,True
BNB,Multi,bnb_flow_0xb0233fcda610__synth_hidden_dst,0xb0233fcda610b7e85e7ec195fdf8c4eb1d5a1ae766f36511e5c577ad404eba5f,0x06ee67615c49bf38ccadb99268875cfc20ded69c|0xd1c5966f9f5ee6881ff6b261bbeda45972b1b5f3|0xdebb1d6a2196f2335ad51fbde7ca587205889360,0x06ee67615c49bf38ccadb99268875cfc20ded69c,0xdebb1d6a2196f2335ad51fbde7ca587205889360,ETH,WETH_ETH,0xb0233fcda610b7e85e7ec195fdf8c4eb1d5a1ae766f36511e5c577ad404eba5f_ETH,1646281579,1646281579,1,1.47e+16,0.0147,36.17535604305196,0,0,0.800000,bridge_dst_event_flow,True
BNB,Multi,bnb_flow_0xb0233fcda610__synth_noise_dst_0,0xb0233fcda610b7e85e7ec195fdf8c4eb1d5a1ae766f36511e5c577ad404eba5f,0x06ee67615c49bf38ccadb99268875cfc20ded69c|0xd1c5966f9f5ee6881ff6b261bbeda45972b1b5f3|0xdebb1d6a2196f2335ad51fbde7ca587205889360,0x06ee67615c49bf38ccadb99268875cfc20ded69c,0xdebb1d6a2196f2335ad51fbde7ca587205889360,ETH,WETH_ETH,0xb0233fcda610b7e85e7ec195fdf8c4eb1d5a1ae766f36511e5c577ad404eba5f_ETH,1646281639,1646281639,1,1.47e+16,0.0147,36.17535604305196,0,0,0.800000,bridge_dst_event_flow,True
BNB,Multi,bnb_flow_0xb0233fcda610__synth_noise_dst_1,0xb0233fcda610b7e85e7ec195fdf8c4eb1d5a1ae766f36511e5c577ad404eba5f,0x06ee67615c49bf38ccadb99268875cfc20ded69c|0xd1c5966f9f5ee6881ff6b261bbeda45972b1b5f3|0xdebb1d6a2196f2335ad51fbde7ca587205889360,0x06ee67615c49bf38ccadb99268875cfc20ded69c,0xdebb1d6a2196f2335ad51fbde7ca587205889360,ETH,WETH_ETH,0xb0233fcda610b7e85e7ec195fdf8c4eb1d5a1ae766f36511e5c577ad404eba5f_ETH,1646281699,1646281699,1,1.47e+16,0.0147,36.17535604305196,0,0,0.800000,bridge_dst_event_flow,True
BNB,Multi,bnb_flow_0x2638f0924c88__synth_split_a,0x2638f0924c889ad51215b0dadb0dbe37aab5dff12391a9cf2272e956c63bb20f,0x634398cb81b76bfc75ebb434cf7c82036f9e7d78|0xa444e53ede6a4f5d7970a920300e02e97c9e2bfa|0xabd380327fe66724ffda91a87c772fb8d00be488,0xa444e53ede6a4f5d7970a920300e02e97c9e2bfa,0x634398cb81b76bfc75ebb434cf7c82036f9e7d78,HGET,HGET,0x2638f0924c889ad51215b0dadb0dbe37aab5dff12391a9cf2272e956c63bb20f_HGET,1631846004,1631846004,1,297005000.0,297.005,18.392690042554843,0,0,0.775000,bridge_dst_event_flow,True
BNB,Multi,bnb_flow_0x2638f0924c88__synth_split_b,0x2638f0924c889ad51215b0dadb0dbe37aab5dff12391a9cf2272e956c63bb20f,0x634398cb81b76bfc75ebb434cf7c82036f9e7d78|0xa444e53ede6a4f5d7970a920300e02e97c9e2bfa|0xabd380327fe66724ffda91a87c772fb8d00be488,0xa444e53ede6a4f5d7970a920300e02e97c9e2bfa,0x634398cb81b76bfc75ebb434cf7c82036f9e7d78,HGET,HGET,0x2638f0924c889ad51215b0dadb0dbe37aab5dff12391a9cf2272e956c63bb20f_HGET,1631846004,1631846004,1,297005000.0,297.005,18.392690042554843,0,0,0.775000,bridge_dst_event_flow,True
BNB,Multi,bnb_flow_0x2638f0924c88__synth_merge_dst,0x2638f0924c889ad51215b0dadb0dbe37aab5dff12391a9cf2272e956c63bb20f,0x634398cb81b76bfc75ebb434cf7c82036f9e7d78|0xa444e53ede6a4f5d7970a920300e02e97c9e2bfa|0xabd380327fe66724ffda91a87c772fb8d00be488,0xa444e53ede6a4f5d7970a920300e02e97c9e2bfa,0x634398cb81b76bfc75ebb434cf7c82036f9e7d78,HGET,HGET,0x2638f0924c889ad51215b0dadb0dbe37aab5dff12391a9cf2272e956c63bb20f_HGET,1631846004,1631846004,1,594010000.0,594.01,36.785380085109686,0,0,0.775000,bridge_dst_event_flow,True
BNB,Multi,bnb_flow_0x2638f0924c88__synth_hidden_dst,0x2638f0924c889ad51215b0dadb0dbe37aab5dff12391a9cf2272e956c63bb20f,0x634398cb81b76bfc75ebb434cf7c82036f9e7d78|0xa444e53ede6a4f5d7970a920300e02e97c9e2bfa|0xabd380327fe66724ffda91a87c772fb8d00be488,0xa444e53ede6a4f5d7970a920300e02e97c9e2bfa,0x634398cb81b76bfc75ebb434cf7c82036f9e7d78,HGET,HGET,0x2638f0924c889ad51215b0dadb0dbe37aab5dff12391a9cf2272e956c63bb20f_HGET,1631846004,1631846004,1,594010000.0,594.01,36.785380085109686,0,0,0.775000,bridge_dst_event_flow,True
BNB,Multi,bnb_flow_0x2638f0924c88__synth_noise_dst_0,0x2638f0924c889ad51215b0dadb0dbe37aab5dff12391a9cf2272e956c63bb20f,0x634398cb81b76bfc75ebb434cf7c82036f9e7d78|0xa444e53ede6a4f5d7970a920300e02e97c9e2bfa|0xabd380327fe66724ffda91a87c772fb8d00be488,0xa444e53ede6a4f5d7970a920300e02e97c9e2bfa,0x634398cb81b76bfc75ebb434cf7c82036f9e7d78,HGET,HGET,0x2638f0924c889ad51215b0dadb0dbe37aab5dff12391a9cf2272e956c63bb20f_HGET,1631846064,1631846064,1,594010000.0,594.01,36.785380085109686,0,0,0.775000,bridge_dst_event_flow,True
BNB,Multi,bnb_flow_0x2638f0924c88__synth_noise_dst_1,0x2638f0924c889ad51215b0dadb0dbe37aab5dff12391a9cf2272e956c63bb20f,0x634398cb81b76bfc75ebb434cf7c82036f9e7d78|0xa444e53ede6a4f5d7970a920300e02e97c9e2bfa|0xabd380327fe66724ffda91a87c772fb8d00be488,0xa444e53ede6a4f5d7970a920300e02e97c9e2bfa,0x634398cb81b76bfc75ebb434cf7c82036f9e7d78,HGET,HGET,0x2638f0924c889ad51215b0dadb0dbe37aab5dff12391a9cf2272e956c63bb20f_HGET,1631846124,1631846124,1,594010000.0,594.01,36.785380085109686,0,0,0.775000,bridge_dst_event_flow,True
BNB,Multi,bnb_flow_0xa916f7d8c14d__synth_split_a,0xa916f7d8c14d0dd8989f1b3aae2fd59777bbe17f2487d3d07666eccbf4a523d6,0x27413cfb201c89d68c9ee54eaaefeab5cbea18d6|0x94977c9888f3d2fafae290d33fab4a5a598ad764|0xabd380327fe66724ffda91a87c772fb8d00be488,0x27413cfb201c89d68c9ee54eaaefeab5cbea18d6,0x94977c9888f3d2fafae290d33fab4a5a598ad764,HYVE,HYVE,0xa916f7d8c14d0dd8989f1b3aae2fd59777bbe17f2487d3d07666eccbf4a523d6_HYVE,1623093949,1623093949,1,9.735e+20,973.5,0.1706146585789738,0,0,0.775000,bridge_dst_event_flow,True
BNB,Multi,bnb_flow_0xa916f7d8c14d__synth_split_b,0xa916f7d8c14d0dd8989f1b3aae2fd59777bbe17f2487d3d07666eccbf4a523d6,0x27413cfb201c89d68c9ee54eaaefeab5cbea18d6|0x94977c9888f3d2fafae290d33fab4a5a598ad764|0xabd380327fe66724ffda91a87c772fb8d00be488,0x27413cfb201c89d68c9ee54eaaefeab5cbea18d6,0x94977c9888f3d2fafae290d33fab4a5a598ad764,HYVE,HYVE,0xa916f7d8c14d0dd8989f1b3aae2fd59777bbe17f2487d3d07666eccbf4a523d6_HYVE,1623093949,1623093949,1,9.735e+20,973.5,0.1706146585789738,0,0,0.775000,bridge_dst_event_flow,True
BNB,Multi,bnb_flow_0xa916f7d8c14d__synth_merge_dst,0xa916f7d8c14d0dd8989f1b3aae2fd59777bbe17f2487d3d07666eccbf4a523d6,0x27413cfb201c89d68c9ee54eaaefeab5cbea18d6|0x94977c9888f3d2fafae290d33fab4a5a598ad764|0xabd380327fe66724ffda91a87c772fb8d00be488,0x27413cfb201c89d68c9ee54eaaefeab5cbea18d6,0x94977c9888f3d2fafae290d33fab4a5a598ad764,HYVE,HYVE,0xa916f7d8c14d0dd8989f1b3aae2fd59777bbe17f2487d3d07666eccbf4a523d6_HYVE,1623093949,1623093949,1,1.947e+21,1947.0,0.3412293171579476,0,0,0.775000,bridge_dst_event_flow,True
BNB,Multi,bnb_flow_0xa916f7d8c14d__synth_hidden_dst,0xa916f7d8c14d0dd8989f1b3aae2fd59777bbe17f2487d3d07666eccbf4a523d6,0x27413cfb201c89d68c9ee54eaaefeab5cbea18d6|0x94977c9888f3d2fafae290d33fab4a5a598ad764|0xabd380327fe66724ffda91a87c772fb8d00be488,0x27413cfb201c89d68c9ee54eaaefeab5cbea18d6,0x94977c9888f3d2fafae290d33fab4a5a598ad764,HYVE,HYVE,0xa916f7d8c14d0dd8989f1b3aae2fd59777bbe17f2487d3d07666eccbf4a523d6_HYVE,1623093949,1623093949,1,1.947e+21,1947.0,0.3412293171579476,0,0,0.775000,bridge_dst_event_flow,True
BNB,Multi,bnb_flow_0xa916f7d8c14d__synth_noise_dst_0,0xa916f7d8c14d0dd8989f1b3aae2fd59777bbe17f2487d3d07666eccbf4a523d6,0x27413cfb201c89d68c9ee54eaaefeab5cbea18d6|0x94977c9888f3d2fafae290d33fab4a5a598ad764|0xabd380327fe66724ffda91a87c772fb8d00be488,0x27413cfb201c89d68c9ee54eaaefeab5cbea18d6,0x94977c9888f3d2fafae290d33fab4a5a598ad764,HYVE,HYVE,0xa916f7d8c14d0dd8989f1b3aae2fd59777bbe17f2487d3d07666eccbf4a523d6_HYVE,1623094009,1623094009,1,1.947e+21,1947.0,0.3412293171579476,0,0,0.775000,bridge_dst_event_flow,True
BNB,Multi,bnb_flow_0xa916f7d8c14d__synth_noise_dst_1,0xa916f7d8c14d0dd8989f1b3aae2fd59777bbe17f2487d3d07666eccbf4a523d6,0x27413cfb201c89d68c9ee54eaaefeab5cbea18d6|0x94977c9888f3d2fafae290d33fab4a5a598ad764|0xabd380327fe66724ffda91a87c772fb8d00be488,0x27413cfb201c89d68c9ee54eaaefeab5cbea18d6,0x94977c9888f3d2fafae290d33fab4a5a598ad764,HYVE,HYVE,0xa916f7d8c14d0dd8989f1b3aae2fd59777bbe17f2487d3d07666eccbf4a523d6_HYVE,1623094069,1623094069,1,1.947e+21,1947.0,0.3412293171579476,0,0,0.775000,bridge_dst_event_flow,True
BNB,Multi,bnb_flow_0x4dd3f034fcd1__synth_split_a,0x4dd3f034fcd193c3edf9ce0d2c97c5b436ec689d306439f5790c5d5830960d42,0xd1c5966f9f5ee6881ff6b261bbeda45972b1b5f3|0xedf0c420bc3b92b961c6ec411cc810ca81f5f21a|0xf9ed530453caadc7f894c6d33fe727453de0acca,0xf9ed530453caadc7f894c6d33fe727453de0acca,0xedf0c420bc3b92b961c6ec411cc810ca81f5f21a,USDT,USDT,0x4dd3f034fcd193c3edf9ce0d2c97c5b436ec689d306439f5790c5d5830960d42_USDT,1639243989,1639243989,1,8.1579e+19,81.579,81.579,0,0,0.775000,bridge_dst_event_flow,True
BNB,Multi,bnb_flow_0x4dd3f034fcd1__synth_split_b,0x4dd3f034fcd193c3edf9ce0d2c97c5b436ec689d306439f5790c5d5830960d42,0xd1c5966f9f5ee6881ff6b261bbeda45972b1b5f3|0xedf0c420bc3b92b961c6ec411cc810ca81f5f21a|0xf9ed530453caadc7f894c6d33fe727453de0acca,0xf9ed530453caadc7f894c6d33fe727453de0acca,0xedf0c420bc3b92b961c6ec411cc810ca81f5f21a,USDT,USDT,0x4dd3f034fcd193c3edf9ce0d2c97c5b436ec689d306439f5790c5d5830960d42_USDT,1639243989,1639243989,1,8.1579e+19,81.579,81.579,0,0,0.775000,bridge_dst_event_flow,True
BNB,Multi,bnb_flow_0x4dd3f034fcd1__synth_merge_dst,0x4dd3f034fcd193c3edf9ce0d2c97c5b436ec689d306439f5790c5d5830960d42,0xd1c5966f9f5ee6881ff6b261bbeda45972b1b5f3|0xedf0c420bc3b92b961c6ec411cc810ca81f5f21a|0xf9ed530453caadc7f894c6d33fe727453de0acca,0xf9ed530453caadc7f894c6d33fe727453de0acca,0xedf0c420bc3b92b961c6ec411cc810ca81f5f21a,USDT,USDT,0x4dd3f034fcd193c3edf9ce0d2c97c5b436ec689d306439f5790c5d5830960d42_USDT,1639243989,1639243989,1,1.63158e+20,163.158,163.158,0,0,0.775000,bridge_dst_event_flow,True
BNB,Multi,bnb_flow_0x4dd3f034fcd1__synth_hidden_dst,0x4dd3f034fcd193c3edf9ce0d2c97c5b436ec689d306439f5790c5d5830960d42,0xd1c5966f9f5ee6881ff6b261bbeda45972b1b5f3|0xedf0c420bc3b92b961c6ec411cc810ca81f5f21a|0xf9ed530453caadc7f894c6d33fe727453de0acca,0xf9ed530453caadc7f894c6d33fe727453de0acca,0xedf0c420bc3b92b961c6ec411cc810ca81f5f21a,USDT,USDT,0x4dd3f034fcd193c3edf9ce0d2c97c5b436ec689d306439f5790c5d5830960d42_USDT,1639243989,1639243989,1,1.63158e+20,163.158,163.158,0,0,0.775000,bridge_dst_event_flow,True
BNB,Multi,bnb_flow_0x4dd3f034fcd1__synth_noise_dst_0,0x4dd3f034fcd193c3edf9ce0d2c97c5b436ec689d306439f5790c5d5830960d42,0xd1c5966f9f5ee6881ff6b261bbeda45972b1b5f3|0xedf0c420bc3b92b961c6ec411cc810ca81f5f21a|0xf9ed530453caadc7f894c6d33fe727453de0acca,0xf9ed530453caadc7f894c6d33fe727453de0acca,0xedf0c420bc3b92b961c6ec411cc810ca81f5f21a,USDT,USDT,0x4dd3f034fcd193c3edf9ce0d2c97c5b436ec689d306439f5790c5d5830960d42_USDT,1639244049,1639244049,1,1.63158e+20,163.158,163.158,0,0,0.775000,bridge_dst_event_flow,True
BNB,Multi,bnb_flow_0x4dd3f034fcd1__synth_noise_dst_1,0x4dd3f034fcd193c3edf9ce0d2c97c5b436ec689d306439f5790c5d5830960d42,0xd1c5966f9f5ee6881ff6b261bbeda45972b1b5f3|0xedf0c420bc3b92b961c6ec411cc810ca81f5f21a|0xf9ed530453caadc7f894c6d33fe727453de0acca,0xf9ed530453caadc7f894c6d33fe727453de0acca,0xedf0c420bc3b92b961c6ec411cc810ca81f5f21a,USDT,USDT,0x4dd3f034fcd193c3edf9ce0d2c97c5b436ec689d306439f5790c5d5830960d42_USDT,1639244109,1639244109,1,1.63158e+20,163.158,163.158,0,0,0.775000,bridge_dst_event_flow,True
BNB,Multi,bnb_flow_0xfc35ead03246__synth_split_a,0xfc35ead03246f6101c27e6f244b92c7019eaf79371284c911aaafa11bdbdb840,0x96cc22f36de4b11d0aed50d97886e1d3861389d7|0xd1c5966f9f5ee6881ff6b261bbeda45972b1b5f3|0xedf0c420bc3b92b961c6ec411cc810ca81f5f21a,0x96cc22f36de4b11d0aed50d97886e1d3861389d7,0xedf0c420bc3b92b961c6ec411cc810ca81f5f21a,USDT,USDT,0xfc35ead03246f6101c27e6f244b92c7019eaf79371284c911aaafa11bdbdb840_USDT,1631997667,1631997667,1,9.905e+19,99.05,99.05,0,0,0.825000,bridge_dst_event_flow,True
BNB,Multi,bnb_flow_0xfc35ead03246__synth_split_b,0xfc35ead03246f6101c27e6f244b92c7019eaf79371284c911aaafa11bdbdb840,0x96cc22f36de4b11d0aed50d97886e1d3861389d7|0xd1c5966f9f5ee6881ff6b261bbeda45972b1b5f3|0xedf0c420bc3b92b961c6ec411cc810ca81f5f21a,0x96cc22f36de4b11d0aed50d97886e1d3861389d7,0xedf0c420bc3b92b961c6ec411cc810ca81f5f21a,USDT,USDT,0xfc35ead03246f6101c27e6f244b92c7019eaf79371284c911aaafa11bdbdb840_USDT,1631997667,1631997667,1,9.905e+19,99.05,99.05,0,0,0.825000,bridge_dst_event_flow,True
BNB,Multi,bnb_flow_0xfc35ead03246__synth_merge_dst,0xfc35ead03246f6101c27e6f244b92c7019eaf79371284c911aaafa11bdbdb840,0x96cc22f36de4b11d0aed50d97886e1d3861389d7|0xd1c5966f9f5ee6881ff6b261bbeda45972b1b5f3|0xedf0c420bc3b92b961c6ec411cc810ca81f5f21a,0x96cc22f36de4b11d0aed50d97886e1d3861389d7,0xedf0c420bc3b92b961c6ec411cc810ca81f5f21a,USDT,USDT,0xfc35ead03246f6101c27e6f244b92c7019eaf79371284c911aaafa11bdbdb840_USDT,1631997667,1631997667,1,1.981e+20,198.1,198.1,0,0,0.825000,bridge_dst_event_flow,True
BNB,Multi,bnb_flow_0xfc35ead03246__synth_hidden_dst,0xfc35ead03246f6101c27e6f244b92c7019eaf79371284c911aaafa11bdbdb840,0x96cc22f36de4b11d0aed50d97886e1d3861389d7|0xd1c5966f9f5ee6881ff6b261bbeda45972b1b5f3|0xedf0c420bc3b92b961c6ec411cc810ca81f5f21a,0x96cc22f36de4b11d0aed50d97886e1d3861389d7,0xedf0c420bc3b92b961c6ec411cc810ca81f5f21a,USDT,USDT,0xfc35ead03246f6101c27e6f244b92c7019eaf79371284c911aaafa11bdbdb840_USDT,1631997667,1631997667,1,1.981e+20,198.1,198.1,0,0,0.825000,bridge_dst_event_flow,True
BNB,Multi,bnb_flow_0xfc35ead03246__synth_noise_dst_0,0xfc35ead03246f6101c27e6f244b92c7019eaf79371284c911aaafa11bdbdb840,0x96cc22f36de4b11d0aed50d97886e1d3861389d7|0xd1c5966f9f5ee6881ff6b261bbeda45972b1b5f3|0xedf0c420bc3b92b961c6ec411cc810ca81f5f21a,0x96cc22f36de4b11d0aed50d97886e1d3861389d7,0xedf0c420bc3b92b961c6ec411cc810ca81f5f21a,USDT,USDT,0xfc35ead03246f6101c27e6f244b92c7019eaf79371284c911aaafa11bdbdb840_USDT,1631997727,1631997727,1,1.981e+20,198.1,198.1,0,0,0.825000,bridge_dst_event_flow,True
BNB,Multi,bnb_flow_0xfc35ead03246__synth_noise_dst_1,0xfc35ead03246f6101c27e6f244b92c7019eaf79371284c911aaafa11bdbdb840,0x96cc22f36de4b11d0aed50d97886e1d3861389d7|0xd1c5966f9f5ee6881ff6b261bbeda45972b1b5f3|0xedf0c420bc3b92b961c6ec411cc810ca81f5f21a,0x96cc22f36de4b11d0aed50d97886e1d3861389d7,0xedf0c420bc3b92b961c6ec411cc810ca81f5f21a,USDT,USDT,0xfc35ead03246f6101c27e6f244b92c7019eaf79371284c911aaafa11bdbdb840_USDT,1631997787,1631997787,1,1.981e+20,198.1,198.1,0,0,0.825000,bridge_dst_event_flow,True
BNB,Multi,bnb_flow_0x9ade509b1130__synth_split_a,0x9ade509b113077f02ca1f1bc962a6d800582037a3f5c590e699062d5162b3525,0x6a959d5d9988f8432cb6b794ce71d8371328d687|0xd1c5966f9f5ee6881ff6b261bbeda45972b1b5f3|0xedf0c420bc3b92b961c6ec411cc810ca81f5f21a,0x6a959d5d9988f8432cb6b794ce71d8371328d687,0xedf0c420bc3b92b961c6ec411cc810ca81f5f21a,USDT,USDT,0x9ade509b113077f02ca1f1bc962a6d800582037a3f5c590e699062d5162b3525_USDT,1638262985,1638262985,1,1.00335e+20,100.335,100.335,0,0,0.800000,bridge_dst_event_flow,True
BNB,Multi,bnb_flow_0x9ade509b1130__synth_split_b,0x9ade509b113077f02ca1f1bc962a6d800582037a3f5c590e699062d5162b3525,0x6a959d5d9988f8432cb6b794ce71d8371328d687|0xd1c5966f9f5ee6881ff6b261bbeda45972b1b5f3|0xedf0c420bc3b92b961c6ec411cc810ca81f5f21a,0x6a959d5d9988f8432cb6b794ce71d8371328d687,0xedf0c420bc3b92b961c6ec411cc810ca81f5f21a,USDT,USDT,0x9ade509b113077f02ca1f1bc962a6d800582037a3f5c590e699062d5162b3525_USDT,1638262985,1638262985,1,1.00335e+20,100.335,100.335,0,0,0.800000,bridge_dst_event_flow,True
BNB,Multi,bnb_flow_0x9ade509b1130__synth_merge_dst,0x9ade509b113077f02ca1f1bc962a6d800582037a3f5c590e699062d5162b3525,0x6a959d5d9988f8432cb6b794ce71d8371328d687|0xd1c5966f9f5ee6881ff6b261bbeda45972b1b5f3|0xedf0c420bc3b92b961c6ec411cc810ca81f5f21a,0x6a959d5d9988f8432cb6b794ce71d8371328d687,0xedf0c420bc3b92b961c6ec411cc810ca81f5f21a,USDT,USDT,0x9ade509b113077f02ca1f1bc962a6d800582037a3f5c590e699062d5162b3525_USDT,1638262985,1638262985,1,2.0067e+20,200.67,200.67,0,0,0.800000,bridge_dst_event_flow,True
BNB,Multi,bnb_flow_0x9ade509b1130__synth_hidden_dst,0x9ade509b113077f02ca1f1bc962a6d800582037a3f5c590e699062d5162b3525,0x6a959d5d9988f8432cb6b794ce71d8371328d687|0xd1c5966f9f5ee6881ff6b261bbeda45972b1b5f3|0xedf0c420bc3b92b961c6ec411cc810ca81f5f21a,0x6a959d5d9988f8432cb6b794ce71d8371328d687,0xedf0c420bc3b92b961c6ec411cc810ca81f5f21a,USDT,USDT,0x9ade509b113077f02ca1f1bc962a6d800582037a3f5c590e699062d5162b3525_USDT,1638262985,1638262985,1,2.0067e+20,200.67,200.67,0,0,0.800000,bridge_dst_event_flow,True
BNB,Multi,bnb_flow_0x9ade509b1130__synth_noise_dst_0,0x9ade509b113077f02ca1f1bc962a6d800582037a3f5c590e699062d5162b3525,0x6a959d5d9988f8432cb6b794ce71d8371328d687|0xd1c5966f9f5ee6881ff6b261bbeda45972b1b5f3|0xedf0c420bc3b92b961c6ec411cc810ca81f5f21a,0x6a959d5d9988f8432cb6b794ce71d8371328d687,0xedf0c420bc3b92b961c6ec411cc810ca81f5f21a,USDT,USDT,0x9ade509b113077f02ca1f1bc962a6d800582037a3f5c590e699062d5162b3525_USDT,1638263045,1638263045,1,2.0067e+20,200.67,200.67,0,0,0.800000,bridge_dst_event_flow,True
BNB,Multi,bnb_flow_0x9ade509b1130__synth_noise_dst_1,0x9ade509b113077f02ca1f1bc962a6d800582037a3f5c590e699062d5162b3525,0x6a959d5d9988f8432cb6b794ce71d8371328d687|0xd1c5966f9f5ee6881ff6b261bbeda45972b1b5f3|0xedf0c420bc3b92b961c6ec411cc810ca81f5f21a,0x6a959d5d9988f8432cb6b794ce71d8371328d687,0xedf0c420bc3b92b961c6ec411cc810ca81f5f21a,USDT,USDT,0x9ade509b113077f02ca1f1bc962a6d800582037a3f5c590e699062d5162b3525_USDT,1638263105,1638263105,1,2.0067e+20,200.67,200.67,0,0,0.800000,bridge_dst_event_flow,True
BNB,Multi,bnb_flow_0xa1ed3486b075__synth_split_a,0xa1ed3486b075ad0b0068e5cff7e80e2bd9a33a87ca01d9e9f447642adaff3ac9,0x5726565dfe4a070f93d73999f4ac606b6bac69b9|0xd1c5966f9f5ee6881ff6b261bbeda45972b1b5f3|0xedf0c420bc3b92b961c6ec411cc810ca81f5f21a,0x5726565dfe4a070f93d73999f4ac606b6bac69b9,0xedf0c420bc3b92b961c6ec411cc810ca81f5f21a,USDT,USDT,0xa1ed3486b075ad0b0068e5cff7e80e2bd9a33a87ca01d9e9f447642adaff3ac9_USDT,1638347394,1638347394,1,2.455e+19,24.55,24.55,0,0,0.775000,bridge_dst_event_flow,True
BNB,Multi,bnb_flow_0xa1ed3486b075__synth_split_b,0xa1ed3486b075ad0b0068e5cff7e80e2bd9a33a87ca01d9e9f447642adaff3ac9,0x5726565dfe4a070f93d73999f4ac606b6bac69b9|0xd1c5966f9f5ee6881ff6b261bbeda45972b1b5f3|0xedf0c420bc3b92b961c6ec411cc810ca81f5f21a,0x5726565dfe4a070f93d73999f4ac606b6bac69b9,0xedf0c420bc3b92b961c6ec411cc810ca81f5f21a,USDT,USDT,0xa1ed3486b075ad0b0068e5cff7e80e2bd9a33a87ca01d9e9f447642adaff3ac9_USDT,1638347394,1638347394,1,2.455e+19,24.55,24.55,0,0,0.775000,bridge_dst_event_flow,True
BNB,Multi,bnb_flow_0xa1ed3486b075__synth_merge_dst,0xa1ed3486b075ad0b0068e5cff7e80e2bd9a33a87ca01d9e9f447642adaff3ac9,0x5726565dfe4a070f93d73999f4ac606b6bac69b9|0xd1c5966f9f5ee6881ff6b261bbeda45972b1b5f3|0xedf0c420bc3b92b961c6ec411cc810ca81f5f21a,0x5726565dfe4a070f93d73999f4ac606b6bac69b9,0xedf0c420bc3b92b961c6ec411cc810ca81f5f21a,USDT,USDT,0xa1ed3486b075ad0b0068e5cff7e80e2bd9a33a87ca01d9e9f447642adaff3ac9_USDT,1638347394,1638347394,1,4.91e+19,49.1,49.1,0,0,0.775000,bridge_dst_event_flow,True
BNB,Multi,bnb_flow_0xa1ed3486b075__synth_hidden_dst,0xa1ed3486b075ad0b0068e5cff7e80e2bd9a33a87ca01d9e9f447642adaff3ac9,0x5726565dfe4a070f93d73999f4ac606b6bac69b9|0xd1c5966f9f5ee6881ff6b261bbeda45972b1b5f3|0xedf0c420bc3b92b961c6ec411cc810ca81f5f21a,0x5726565dfe4a070f93d73999f4ac606b6bac69b9,0xedf0c420bc3b92b961c6ec411cc810ca81f5f21a,USDT,USDT,0xa1ed3486b075ad0b0068e5cff7e80e2bd9a33a87ca01d9e9f447642adaff3ac9_USDT,1638347394,1638347394,1,4.91e+19,49.1,49.1,0,0,0.775000,bridge_dst_event_flow,True
BNB,Multi,bnb_flow_0xa1ed3486b075__synth_noise_dst_0,0xa1ed3486b075ad0b0068e5cff7e80e2bd9a33a87ca01d9e9f447642adaff3ac9,0x5726565dfe4a070f93d73999f4ac606b6bac69b9|0xd1c5966f9f5ee6881ff6b261bbeda45972b1b5f3|0xedf0c420bc3b92b961c6ec411cc810ca81f5f21a,0x5726565dfe4a070f93d73999f4ac606b6bac69b9,0xedf0c420bc3b92b961c6ec411cc810ca81f5f21a,USDT,USDT,0xa1ed3486b075ad0b0068e5cff7e80e2bd9a33a87ca01d9e9f447642adaff3ac9_USDT,1638347454,1638347454,1,4.91e+19,49.1,49.1,0,0,0.775000,bridge_dst_event_flow,True
BNB,Multi,bnb_flow_0xa1ed3486b075__synth_noise_dst_1,0xa1ed3486b075ad0b0068e5cff7e80e2bd9a33a87ca01d9e9f447642adaff3ac9,0x5726565dfe4a070f93d73999f4ac606b6bac69b9|0xd1c5966f9f5ee6881ff6b261bbeda45972b1b5f3|0xedf0c420bc3b92b961c6ec411cc810ca81f5f21a,0x5726565dfe4a070f93d73999f4ac606b6bac69b9,0xedf0c420bc3b92b961c6ec411cc810ca81f5f21a,USDT,USDT,0xa1ed3486b075ad0b0068e5cff7e80e2bd9a33a87ca01d9e9f447642adaff3ac9_USDT,1638347514,1638347514,1,4.91e+19,49.1,49.1,0,0,0.775000,bridge_dst_event_flow,True
BNB,Multi,bnb_flow_0x515dff756c67__synth_split_a,0x515dff756c674130f81e1d8545a8237ae67f7a140fdf9c21496cefac2442df75,0x373e768f79c820aa441540d254dca6d045c6d25b|0x9633c6edcf77b260c78015fd996f80200f5ada69|0xabd380327fe66724ffda91a87c772fb8d00be488,0x9633c6edcf77b260c78015fd996f80200f5ada69,0x373e768f79c820aa441540d254dca6d045c6d25b,DERC,DERC,0x515dff756c674130f81e1d8545a8237ae67f7a140fdf9c21496cefac2442df75_DERC,1635927192,1635927192,1,1.011022965e+21,1011.022965,12.019520274495639,0,0,0.800000,bridge_dst_event_flow,True
BNB,Multi,bnb_flow_0x515dff756c67__synth_split_b,0x515dff756c674130f81e1d8545a8237ae67f7a140fdf9c21496cefac2442df75,0x373e768f79c820aa441540d254dca6d045c6d25b|0x9633c6edcf77b260c78015fd996f80200f5ada69|0xabd380327fe66724ffda91a87c772fb8d00be488,0x9633c6edcf77b260c78015fd996f80200f5ada69,0x373e768f79c820aa441540d254dca6d045c6d25b,DERC,DERC,0x515dff756c674130f81e1d8545a8237ae67f7a140fdf9c21496cefac2442df75_DERC,1635927192,1635927192,1,1.011022965e+21,1011.022965,12.019520274495639,0,0,0.800000,bridge_dst_event_flow,True
BNB,Multi,bnb_flow_0x515dff756c67__synth_merge_dst,0x515dff756c674130f81e1d8545a8237ae67f7a140fdf9c21496cefac2442df75,0x373e768f79c820aa441540d254dca6d045c6d25b|0x9633c6edcf77b260c78015fd996f80200f5ada69|0xabd380327fe66724ffda91a87c772fb8d00be488,0x9633c6edcf77b260c78015fd996f80200f5ada69,0x373e768f79c820aa441540d254dca6d045c6d25b,DERC,DERC,0x515dff756c674130f81e1d8545a8237ae67f7a140fdf9c21496cefac2442df75_DERC,1635927192,1635927192,1,2.02204593e+21,2022.04593,24.039040548991277,0,0,0.800000,bridge_dst_event_flow,True
BNB,Multi,bnb_flow_0x515dff756c67__synth_hidden_dst,0x515dff756c674130f81e1d8545a8237ae67f7a140fdf9c21496cefac2442df75,0x373e768f79c820aa441540d254dca6d045c6d25b|0x9633c6edcf77b260c78015fd996f80200f5ada69|0xabd380327fe66724ffda91a87c772fb8d00be488,0x9633c6edcf77b260c78015fd996f80200f5ada69,0x373e768f79c820aa441540d254dca6d045c6d25b,DERC,DERC,0x515dff756c674130f81e1d8545a8237ae67f7a140fdf9c21496cefac2442df75_DERC,1635927192,1635927192,1,2.02204593e+21,2022.04593,24.039040548991277,0,0,0.800000,bridge_dst_event_flow,True
BNB,Multi,bnb_flow_0x515dff756c67__synth_noise_dst_0,0x515dff756c674130f81e1d8545a8237ae67f7a140fdf9c21496cefac2442df75,0x373e768f79c820aa441540d254dca6d045c6d25b|0x9633c6edcf77b260c78015fd996f80200f5ada69|0xabd380327fe66724ffda91a87c772fb8d00be488,0x9633c6edcf77b260c78015fd996f80200f5ada69,0x373e768f79c820aa441540d254dca6d045c6d25b,DERC,DERC,0x515dff756c674130f81e1d8545a8237ae67f7a140fdf9c21496cefac2442df75_DERC,1635927252,1635927252,1,2.02204593e+21,2022.04593,24.039040548991277,0,0,0.800000,bridge_dst_event_flow,True
BNB,Multi,bnb_flow_0x515dff756c67__synth_noise_dst_1,0x515dff756c674130f81e1d8545a8237ae67f7a140fdf9c21496cefac2442df75,0x373e768f79c820aa441540d254dca6d045c6d25b|0x9633c6edcf77b260c78015fd996f80200f5ada69|0xabd380327fe66724ffda91a87c772fb8d00be488,0x9633c6edcf77b260c78015fd996f80200f5ada69,0x373e768f79c820aa441540d254dca6d045c6d25b,DERC,DERC,0x515dff756c674130f81e1d8545a8237ae67f7a140fdf9c21496cefac2442df75_DERC,1635927312,1635927312,1,2.02204593e+21,2022.04593,24.039040548991277,0,0,0.800000,bridge_dst_event_flow,True
BNB,Multi,bnb_flow_0xb4332dd782e7__synth_split_a,0xb4332dd782e715a9d8df16907891d95925752ef147009c0eb551b9dcb327238a,0xb94023ac493a3daad33289a571a56c5c448895d4|0xd1c5966f9f5ee6881ff6b261bbeda45972b1b5f3|0xedf0c420bc3b92b961c6ec411cc810ca81f5f21a,0xb94023ac493a3daad33289a571a56c5c448895d4,0xedf0c420bc3b92b961c6ec411cc810ca81f5f21a,USDT,USDT,0xb4332dd782e715a9d8df16907891d95925752ef147009c0eb551b9dcb327238a_USDT,1637916051,1637916051,1,1.9955e+20,199.55,199.55,0,0,0.775000,bridge_dst_event_flow,True
BNB,Multi,bnb_flow_0xb4332dd782e7__synth_split_b,0xb4332dd782e715a9d8df16907891d95925752ef147009c0eb551b9dcb327238a,0xb94023ac493a3daad33289a571a56c5c448895d4|0xd1c5966f9f5ee6881ff6b261bbeda45972b1b5f3|0xedf0c420bc3b92b961c6ec411cc810ca81f5f21a,0xb94023ac493a3daad33289a571a56c5c448895d4,0xedf0c420bc3b92b961c6ec411cc810ca81f5f21a,USDT,USDT,0xb4332dd782e715a9d8df16907891d95925752ef147009c0eb551b9dcb327238a_USDT,1637916051,1637916051,1,1.9955e+20,199.55,199.55,0,0,0.775000,bridge_dst_event_flow,True
BNB,Multi,bnb_flow_0xb4332dd782e7__synth_merge_dst,0xb4332dd782e715a9d8df16907891d95925752ef147009c0eb551b9dcb327238a,0xb94023ac493a3daad33289a571a56c5c448895d4|0xd1c5966f9f5ee6881ff6b261bbeda45972b1b5f3|0xedf0c420bc3b92b961c6ec411cc810ca81f5f21a,0xb94023ac493a3daad33289a571a56c5c448895d4,0xedf0c420bc3b92b961c6ec411cc810ca81f5f21a,USDT,USDT,0xb4332dd782e715a9d8df16907891d95925752ef147009c0eb551b9dcb327238a_USDT,1637916051,1637916051,1,3.991e+20,399.1,399.1,0,0,0.775000,bridge_dst_event_flow,True
BNB,Multi,bnb_flow_0xb4332dd782e7__synth_hidden_dst,0xb4332dd782e715a9d8df16907891d95925752ef147009c0eb551b9dcb327238a,0xb94023ac493a3daad33289a571a56c5c448895d4|0xd1c5966f9f5ee6881ff6b261bbeda45972b1b5f3|0xedf0c420bc3b92b961c6ec411cc810ca81f5f21a,0xb94023ac493a3daad33289a571a56c5c448895d4,0xedf0c420bc3b92b961c6ec411cc810ca81f5f21a,USDT,USDT,0xb4332dd782e715a9d8df16907891d95925752ef147009c0eb551b9dcb327238a_USDT,1637916051,1637916051,1,3.991e+20,399.1,399.1,0,0,0.775000,bridge_dst_event_flow,True
BNB,Multi,bnb_flow_0xb4332dd782e7__synth_noise_dst_0,0xb4332dd782e715a9d8df16907891d95925752ef147009c0eb551b9dcb327238a,0xb94023ac493a3daad33289a571a56c5c448895d4|0xd1c5966f9f5ee6881ff6b261bbeda45972b1b5f3|0xedf0c420bc3b92b961c6ec411cc810ca81f5f21a,0xb94023ac493a3daad33289a571a56c5c448895d4,0xedf0c420bc3b92b961c6ec411cc810ca81f5f21a,USDT,USDT,0xb4332dd782e715a9d8df16907891d95925752ef147009c0eb551b9dcb327238a_USDT,1637916111,1637916111,1,3.991e+20,399.1,399.1,0,0,0.775000,bridge_dst_event_flow,True
BNB,Multi,bnb_flow_0xb4332dd782e7__synth_noise_dst_1,0xb4332dd782e715a9d8df16907891d95925752ef147009c0eb551b9dcb327238a,0xb94023ac493a3daad33289a571a56c5c448895d4|0xd1c5966f9f5ee6881ff6b261bbeda45972b1b5f3|0xedf0c420bc3b92b961c6ec411cc810ca81f5f21a,0xb94023ac493a3daad33289a571a56c5c448895d4,0xedf0c420bc3b92b961c6ec411cc810ca81f5f21a,USDT,USDT,0xb4332dd782e715a9d8df16907891d95925752ef147009c0eb551b9dcb327238a_USDT,1637916171,1637916171,1,3.991e+20,399.1,399.1,0,0,0.775000,bridge_dst_event_flow,True
BNB,Multi,bnb_flow_0xebb3c4f192fb__synth_split_a,0xebb3c4f192fb186f8f3de1920c48fc8d04bebd9a2334946081f58cd3cb0c19ac,0xb5c7220b091934c7440ce616531538cba757d96e|0xd1c5966f9f5ee6881ff6b261bbeda45972b1b5f3|0xedf0c420bc3b92b961c6ec411cc810ca81f5f21a,0xb5c7220b091934c7440ce616531538cba757d96e,0xedf0c420bc3b92b961c6ec411cc810ca81f5f21a,USDT,USDT,0xebb3c4f192fb186f8f3de1920c48fc8d04bebd9a2334946081f58cd3cb0c19ac_USDT,1638962211,1638962211,1,1.8955e+20,189.55,189.55,0,0,0.775000,bridge_dst_event_flow,True
BNB,Multi,bnb_flow_0xebb3c4f192fb__synth_split_b,0xebb3c4f192fb186f8f3de1920c48fc8d04bebd9a2334946081f58cd3cb0c19ac,0xb5c7220b091934c7440ce616531538cba757d96e|0xd1c5966f9f5ee6881ff6b261bbeda45972b1b5f3|0xedf0c420bc3b92b961c6ec411cc810ca81f5f21a,0xb5c7220b091934c7440ce616531538cba757d96e,0xedf0c420bc3b92b961c6ec411cc810ca81f5f21a,USDT,USDT,0xebb3c4f192fb186f8f3de1920c48fc8d04bebd9a2334946081f58cd3cb0c19ac_USDT,1638962211,1638962211,1,1.8955e+20,189.55,189.55,0,0,0.775000,bridge_dst_event_flow,True
BNB,Multi,bnb_flow_0xebb3c4f192fb__synth_merge_dst,0xebb3c4f192fb186f8f3de1920c48fc8d04bebd9a2334946081f58cd3cb0c19ac,0xb5c7220b091934c7440ce616531538cba757d96e|0xd1c5966f9f5ee6881ff6b261bbeda45972b1b5f3|0xedf0c420bc3b92b961c6ec411cc810ca81f5f21a,0xb5c7220b091934c7440ce616531538cba757d96e,0xedf0c420bc3b92b961c6ec411cc810ca81f5f21a,USDT,USDT,0xebb3c4f192fb186f8f3de1920c48fc8d04bebd9a2334946081f58cd3cb0c19ac_USDT,1638962211,1638962211,1,3.791e+20,379.1,379.1,0,0,0.775000,bridge_dst_event_flow,True
BNB,Multi,bnb_flow_0xebb3c4f192fb__synth_hidden_dst,0xebb3c4f192fb186f8f3de1920c48fc8d04bebd9a2334946081f58cd3cb0c19ac,0xb5c7220b091934c7440ce616531538cba757d96e|0xd1c5966f9f5ee6881ff6b261bbeda45972b1b5f3|0xedf0c420bc3b92b961c6ec411cc810ca81f5f21a,0xb5c7220b091934c7440ce616531538cba757d96e,0xedf0c420bc3b92b961c6ec411cc810ca81f5f21a,USDT,USDT,0xebb3c4f192fb186f8f3de1920c48fc8d04bebd9a2334946081f58cd3cb0c19ac_USDT,1638962211,1638962211,1,3.791e+20,379.1,379.1,0,0,0.775000,bridge_dst_event_flow,True
BNB,Multi,bnb_flow_0xebb3c4f192fb__synth_noise_dst_0,0xebb3c4f192fb186f8f3de1920c48fc8d04bebd9a2334946081f58cd3cb0c19ac,0xb5c7220b091934c7440ce616531538cba757d96e|0xd1c5966f9f5ee6881ff6b261bbeda45972b1b5f3|0xedf0c420bc3b92b961c6ec411cc810ca81f5f21a,0xb5c7220b091934c7440ce616531538cba757d96e,0xedf0c420bc3b92b961c6ec411cc810ca81f5f21a,USDT,USDT,0xebb3c4f192fb186f8f3de1920c48fc8d04bebd9a2334946081f58cd3cb0c19ac_USDT,1638962271,1638962271,1,3.791e+20,379.1,379.1,0,0,0.775000,bridge_dst_event_flow,True
BNB,Multi,bnb_flow_0xebb3c4f192fb__synth_noise_dst_1,0xebb3c4f192fb186f8f3de1920c48fc8d04bebd9a2334946081f58cd3cb0c19ac,0xb5c7220b091934c7440ce616531538cba757d96e|0xd1c5966f9f5ee6881ff6b261bbeda45972b1b5f3|0xedf0c420bc3b92b961c6ec411cc810ca81f5f21a,0xb5c7220b091934c7440ce616531538cba757d96e,0xedf0c420bc3b92b961c6ec411cc810ca81f5f21a,USDT,USDT,0xebb3c4f192fb186f8f3de1920c48fc8d04bebd9a2334946081f58cd3cb0c19ac_USDT,1638962331,1638962331,1,3.791e+20,379.1,379.1,0,0,0.775000,bridge_dst_event_flow,True
BNB,Multi,bnb_flow_0x999066215172__synth_split_a,0x9990662151729afa36ca362060a4140deaa213c1841c90dc15780b922da768b2,0xd1c5966f9f5ee6881ff6b261bbeda45972b1b5f3|0xedf0c420bc3b92b961c6ec411cc810ca81f5f21a|0xf03c5fa3919967e6be3014f03869e6583ae65e4b,0xf03c5fa3919967e6be3014f03869e6583ae65e4b,0xedf0c420bc3b92b961c6ec411cc810ca81f5f21a,USDT,USDT,0x9990662151729afa36ca362060a4140deaa213c1841c90dc15780b922da768b2_USDT,1634028159,1634028159,1,5.9955e+20,599.55,599.55,0,0,0.800000,bridge_dst_event_flow,True
BNB,Multi,bnb_flow_0x999066215172__synth_split_b,0x9990662151729afa36ca362060a4140deaa213c1841c90dc15780b922da768b2,0xd1c5966f9f5ee6881ff6b261bbeda45972b1b5f3|0xedf0c420bc3b92b961c6ec411cc810ca81f5f21a|0xf03c5fa3919967e6be3014f03869e6583ae65e4b,0xf03c5fa3919967e6be3014f03869e6583ae65e4b,0xedf0c420bc3b92b961c6ec411cc810ca81f5f21a,USDT,USDT,0x9990662151729afa36ca362060a4140deaa213c1841c90dc15780b922da768b2_USDT,1634028159,1634028159,1,5.9955e+20,599.55,599.55,0,0,0.800000,bridge_dst_event_flow,True
BNB,Multi,bnb_flow_0x999066215172__synth_merge_dst,0x9990662151729afa36ca362060a4140deaa213c1841c90dc15780b922da768b2,0xd1c5966f9f5ee6881ff6b261bbeda45972b1b5f3|0xedf0c420bc3b92b961c6ec411cc810ca81f5f21a|0xf03c5fa3919967e6be3014f03869e6583ae65e4b,0xf03c5fa3919967e6be3014f03869e6583ae65e4b,0xedf0c420bc3b92b961c6ec411cc810ca81f5f21a,USDT,USDT,0x9990662151729afa36ca362060a4140deaa213c1841c90dc15780b922da768b2_USDT,1634028159,1634028159,1,1.1991e+21,1199.1,1199.1,0,0,0.800000,bridge_dst_event_flow,True
BNB,Multi,bnb_flow_0x999066215172__synth_hidden_dst,0x9990662151729afa36ca362060a4140deaa213c1841c90dc15780b922da768b2,0xd1c5966f9f5ee6881ff6b261bbeda45972b1b5f3|0xedf0c420bc3b92b961c6ec411cc810ca81f5f21a|0xf03c5fa3919967e6be3014f03869e6583ae65e4b,0xf03c5fa3919967e6be3014f03869e6583ae65e4b,0xedf0c420bc3b92b961c6ec411cc810ca81f5f21a,USDT,USDT,0x9990662151729afa36ca362060a4140deaa213c1841c90dc15780b922da768b2_USDT,1634028159,1634028159,1,1.1991e+21,1199.1,1199.1,0,0,0.800000,bridge_dst_event_flow,True
BNB,Multi,bnb_flow_0x999066215172__synth_noise_dst_0,0x9990662151729afa36ca362060a4140deaa213c1841c90dc15780b922da768b2,0xd1c5966f9f5ee6881ff6b261bbeda45972b1b5f3|0xedf0c420bc3b92b961c6ec411cc810ca81f5f21a|0xf03c5fa3919967e6be3014f03869e6583ae65e4b,0xf03c5fa3919967e6be3014f03869e6583ae65e4b,0xedf0c420bc3b92b961c6ec411cc810ca81f5f21a,USDT,USDT,0x9990662151729afa36ca362060a4140deaa213c1841c90dc15780b922da768b2_USDT,1634028219,1634028219,1,1.1991e+21,1199.1,1199.1,0,0,0.800000,bridge_dst_event_flow,True
BNB,Multi,bnb_flow_0x999066215172__synth_noise_dst_1,0x9990662151729afa36ca362060a4140deaa213c1841c90dc15780b922da768b2,0xd1c5966f9f5ee6881ff6b261bbeda45972b1b5f3|0xedf0c420bc3b92b961c6ec411cc810ca81f5f21a|0xf03c5fa3919967e6be3014f03869e6583ae65e4b,0xf03c5fa3919967e6be3014f03869e6583ae65e4b,0xedf0c420bc3b92b961c6ec411cc810ca81f5f21a,USDT,USDT,0x9990662151729afa36ca362060a4140deaa213c1841c90dc15780b922da768b2_USDT,1634028279,1634028279,1,1.1991e+21,1199.1,1199.1,0,0,0.800000,bridge_dst_event_flow,True
BNB,Multi,bnb_flow_0xece0fa4e242b__synth_split_a,0xece0fa4e242bfd7783d1c2742b6d3fd8c56e4d0feac9f91c5025993acbb77edb,0x000ebf672d8d8c59a903b9e07dc5f7064f6971d7|0xd1c5966f9f5ee6881ff6b261bbeda45972b1b5f3|0xedf0c420bc3b92b961c6ec411cc810ca81f5f21a,0x000ebf672d8d8c59a903b9e07dc5f7064f6971d7,0xedf0c420bc3b92b961c6ec411cc810ca81f5f21a,USDT,USDT,0xece0fa4e242bfd7783d1c2742b6d3fd8c56e4d0feac9f91c5025993acbb77edb_USDT,1637721823,1637721823,1,2.49775e+20,249.775,249.775,0,0,0.800000,bridge_dst_event_flow,True
BNB,Multi,bnb_flow_0xece0fa4e242b__synth_split_b,0xece0fa4e242bfd7783d1c2742b6d3fd8c56e4d0feac9f91c5025993acbb77edb,0x000ebf672d8d8c59a903b9e07dc5f7064f6971d7|0xd1c5966f9f5ee6881ff6b261bbeda45972b1b5f3|0xedf0c420bc3b92b961c6ec411cc810ca81f5f21a,0x000ebf672d8d8c59a903b9e07dc5f7064f6971d7,0xedf0c420bc3b92b961c6ec411cc810ca81f5f21a,USDT,USDT,0xece0fa4e242bfd7783d1c2742b6d3fd8c56e4d0feac9f91c5025993acbb77edb_USDT,1637721823,1637721823,1,2.49775e+20,249.775,249.775,0,0,0.800000,bridge_dst_event_flow,True
BNB,Multi,bnb_flow_0xece0fa4e242b__synth_split_c,0xece0fa4e242bfd7783d1c2742b6d3fd8c56e4d0feac9f91c5025993acbb77edb,0x000ebf672d8d8c59a903b9e07dc5f7064f6971d7|0xd1c5966f9f5ee6881ff6b261bbeda45972b1b5f3|0xedf0c420bc3b92b961c6ec411cc810ca81f5f21a,0x000ebf672d8d8c59a903b9e07dc5f7064f6971d7,0xedf0c420bc3b92b961c6ec411cc810ca81f5f21a,USDT,USDT,0xece0fa4e242bfd7783d1c2742b6d3fd8c56e4d0feac9f91c5025993acbb77edb_USDT,1637721823,1637721823,1,2.49775e+20,249.775,249.775,0,0,0.800000,bridge_dst_event_flow,True
BNB,Multi,bnb_flow_0xece0fa4e242b__synth_split_d,0xece0fa4e242bfd7783d1c2742b6d3fd8c56e4d0feac9f91c5025993acbb77edb,0x000ebf672d8d8c59a903b9e07dc5f7064f6971d7|0xd1c5966f9f5ee6881ff6b261bbeda45972b1b5f3|0xedf0c420bc3b92b961c6ec411cc810ca81f5f21a,0x000ebf672d8d8c59a903b9e07dc5f7064f6971d7,0xedf0c420bc3b92b961c6ec411cc810ca81f5f21a,USDT,USDT,0xece0fa4e242bfd7783d1c2742b6d3fd8c56e4d0feac9f91c5025993acbb77edb_USDT,1637721823,1637721823,1,2.49775e+20,249.775,249.775,0,0,0.800000,bridge_dst_event_flow,True
BNB,Multi,bnb_flow_0xece0fa4e242b__synth_merge_dst,0xece0fa4e242bfd7783d1c2742b6d3fd8c56e4d0feac9f91c5025993acbb77edb,0x000ebf672d8d8c59a903b9e07dc5f7064f6971d7|0xd1c5966f9f5ee6881ff6b261bbeda45972b1b5f3|0xedf0c420bc3b92b961c6ec411cc810ca81f5f21a,0x000ebf672d8d8c59a903b9e07dc5f7064f6971d7,0xedf0c420bc3b92b961c6ec411cc810ca81f5f21a,USDT,USDT,0xece0fa4e242bfd7783d1c2742b6d3fd8c56e4d0feac9f91c5025993acbb77edb_USDT,1637721823,1637721823,1,9.991e+20,999.1,999.1,0,0,0.800000,bridge_dst_event_flow,True
BNB,Multi,bnb_flow_0xece0fa4e242b__synth_hidden_dst,0xece0fa4e242bfd7783d1c2742b6d3fd8c56e4d0feac9f91c5025993acbb77edb,0x000ebf672d8d8c59a903b9e07dc5f7064f6971d7|0xd1c5966f9f5ee6881ff6b261bbeda45972b1b5f3|0xedf0c420bc3b92b961c6ec411cc810ca81f5f21a,0x000ebf672d8d8c59a903b9e07dc5f7064f6971d7,0xedf0c420bc3b92b961c6ec411cc810ca81f5f21a,USDT,USDT,0xece0fa4e242bfd7783d1c2742b6d3fd8c56e4d0feac9f91c5025993acbb77edb_USDT,1637721823,1637721823,1,9.991e+20,999.1,999.1,0,0,0.800000,bridge_dst_event_flow,True
BNB,Multi,bnb_flow_0xece0fa4e242b__synth_noise_dst_0,0xece0fa4e242bfd7783d1c2742b6d3fd8c56e4d0feac9f91c5025993acbb77edb,0x000ebf672d8d8c59a903b9e07dc5f7064f6971d7|0xd1c5966f9f5ee6881ff6b261bbeda45972b1b5f3|0xedf0c420bc3b92b961c6ec411cc810ca81f5f21a,0x000ebf672d8d8c59a903b9e07dc5f7064f6971d7,0xedf0c420bc3b92b961c6ec411cc810ca81f5f21a,USDT,USDT,0xece0fa4e242bfd7783d1c2742b6d3fd8c56e4d0feac9f91c5025993acbb77edb_USDT,1637721883,1637721883,1,9.991e+20,999.1,999.1,0,0,0.800000,bridge_dst_event_flow,True
BNB,Multi,bnb_flow_0xece0fa4e242b__synth_noise_dst_1,0xece0fa4e242bfd7783d1c2742b6d3fd8c56e4d0feac9f91c5025993acbb77edb,0x000ebf672d8d8c59a903b9e07dc5f7064f6971d7|0xd1c5966f9f5ee6881ff6b261bbeda45972b1b5f3|0xedf0c420bc3b92b961c6ec411cc810ca81f5f21a,0x000ebf672d8d8c59a903b9e07dc5f7064f6971d7,0xedf0c420bc3b92b961c6ec411cc810ca81f5f21a,USDT,USDT,0xece0fa4e242bfd7783d1c2742b6d3fd8c56e4d0feac9f91c5025993acbb77edb_USDT,1637721943,1637721943,1,9.991e+20,999.1,999.1,0,0,0.800000,bridge_dst_event_flow,True
BNB,Multi,bnb_flow_0xf05364b031ce__synth_split_a,0xf05364b031ce66ab4527417a01fbbd0c50b6c4acbccbeb2f5876db8dcac0b86c,0x35a1be7e44ae96034b5b7726a27131ba31bb7f41|0xd1c5966f9f5ee6881ff6b261bbeda45972b1b5f3|0xdebb1d6a2196f2335ad51fbde7ca587205889360,0x35a1be7e44ae96034b5b7726a27131ba31bb7f41,0xdebb1d6a2196f2335ad51fbde7ca587205889360,ETH,WETH_ETH,0xf05364b031ce66ab4527417a01fbbd0c50b6c4acbccbeb2f5876db8dcac0b86c_ETH,1645637649,1645637649,1,1.1985e+17,0.11985,294.9398926367195,0,0,0.825000,bridge_dst_event_flow,True
BNB,Multi,bnb_flow_0xf05364b031ce__synth_split_b,0xf05364b031ce66ab4527417a01fbbd0c50b6c4acbccbeb2f5876db8dcac0b86c,0x35a1be7e44ae96034b5b7726a27131ba31bb7f41|0xd1c5966f9f5ee6881ff6b261bbeda45972b1b5f3|0xdebb1d6a2196f2335ad51fbde7ca587205889360,0x35a1be7e44ae96034b5b7726a27131ba31bb7f41,0xdebb1d6a2196f2335ad51fbde7ca587205889360,ETH,WETH_ETH,0xf05364b031ce66ab4527417a01fbbd0c50b6c4acbccbeb2f5876db8dcac0b86c_ETH,1645637649,1645637649,1,1.1985e+17,0.11985,294.9398926367195,0,0,0.825000,bridge_dst_event_flow,True
BNB,Multi,bnb_flow_0xf05364b031ce__synth_merge_dst,0xf05364b031ce66ab4527417a01fbbd0c50b6c4acbccbeb2f5876db8dcac0b86c,0x35a1be7e44ae96034b5b7726a27131ba31bb7f41|0xd1c5966f9f5ee6881ff6b261bbeda45972b1b5f3|0xdebb1d6a2196f2335ad51fbde7ca587205889360,0x35a1be7e44ae96034b5b7726a27131ba31bb7f41,0xdebb1d6a2196f2335ad51fbde7ca587205889360,ETH,WETH_ETH,0xf05364b031ce66ab4527417a01fbbd0c50b6c4acbccbeb2f5876db8dcac0b86c_ETH,1645637649,1645637649,1,2.397e+17,0.2397,589.879785273439,0,0,0.825000,bridge_dst_event_flow,True
BNB,Multi,bnb_flow_0xf05364b031ce__synth_hidden_dst,0xf05364b031ce66ab4527417a01fbbd0c50b6c4acbccbeb2f5876db8dcac0b86c,0x35a1be7e44ae96034b5b7726a27131ba31bb7f41|0xd1c5966f9f5ee6881ff6b261bbeda45972b1b5f3|0xdebb1d6a2196f2335ad51fbde7ca587205889360,0x35a1be7e44ae96034b5b7726a27131ba31bb7f41,0xdebb1d6a2196f2335ad51fbde7ca587205889360,ETH,WETH_ETH,0xf05364b031ce66ab4527417a01fbbd0c50b6c4acbccbeb2f5876db8dcac0b86c_ETH,1645637649,1645637649,1,2.397e+17,0.2397,589.879785273439,0,0,0.825000,bridge_dst_event_flow,True
BNB,Multi,bnb_flow_0xf05364b031ce__synth_noise_dst_0,0xf05364b031ce66ab4527417a01fbbd0c50b6c4acbccbeb2f5876db8dcac0b86c,0x35a1be7e44ae96034b5b7726a27131ba31bb7f41|0xd1c5966f9f5ee6881ff6b261bbeda45972b1b5f3|0xdebb1d6a2196f2335ad51fbde7ca587205889360,0x35a1be7e44ae96034b5b7726a27131ba31bb7f41,0xdebb1d6a2196f2335ad51fbde7ca587205889360,ETH,WETH_ETH,0xf05364b031ce66ab4527417a01fbbd0c50b6c4acbccbeb2f5876db8dcac0b86c_ETH,1645637709,1645637709,1,2.397e+17,0.2397,589.879785273439,0,0,0.825000,bridge_dst_event_flow,True
BNB,Multi,bnb_flow_0xf05364b031ce__synth_noise_dst_1,0xf05364b031ce66ab4527417a01fbbd0c50b6c4acbccbeb2f5876db8dcac0b86c,0x35a1be7e44ae96034b5b7726a27131ba31bb7f41|0xd1c5966f9f5ee6881ff6b261bbeda45972b1b5f3|0xdebb1d6a2196f2335ad51fbde7ca587205889360,0x35a1be7e44ae96034b5b7726a27131ba31bb7f41,0xdebb1d6a2196f2335ad51fbde7ca587205889360,ETH,WETH_ETH,0xf05364b031ce66ab4527417a01fbbd0c50b6c4acbccbeb2f5876db8dcac0b86c_ETH,1645637769,1645637769,1,2.397e+17,0.2397,589.879785273439,0,0,0.825000,bridge_dst_event_flow,True
BNB,Multi,bnb_flow_0x3c8605e9765d__synth_split_a,0x3c8605e9765d5651f3f1a59c0c435643506f55e2e830b39571101dc4344332f3,0x8bc2368ba890faf3900e2ceb42a66160ea3edb26|0xd1c5966f9f5ee6881ff6b261bbeda45972b1b5f3|0xedf0c420bc3b92b961c6ec411cc810ca81f5f21a,0x8bc2368ba890faf3900e2ceb42a66160ea3edb26,0xedf0c420bc3b92b961c6ec411cc810ca81f5f21a,USDT,USDT,0x3c8605e9765d5651f3f1a59c0c435643506f55e2e830b39571101dc4344332f3_USDT,1639315941,1639315941,1,5.1915e+20,519.15,519.15,0,0,0.800000,bridge_dst_event_flow,True
BNB,Multi,bnb_flow_0x3c8605e9765d__synth_split_b,0x3c8605e9765d5651f3f1a59c0c435643506f55e2e830b39571101dc4344332f3,0x8bc2368ba890faf3900e2ceb42a66160ea3edb26|0xd1c5966f9f5ee6881ff6b261bbeda45972b1b5f3|0xedf0c420bc3b92b961c6ec411cc810ca81f5f21a,0x8bc2368ba890faf3900e2ceb42a66160ea3edb26,0xedf0c420bc3b92b961c6ec411cc810ca81f5f21a,USDT,USDT,0x3c8605e9765d5651f3f1a59c0c435643506f55e2e830b39571101dc4344332f3_USDT,1639315941,1639315941,1,5.1915e+20,519.15,519.15,0,0,0.800000,bridge_dst_event_flow,True
BNB,Multi,bnb_flow_0x3c8605e9765d__synth_merge_dst,0x3c8605e9765d5651f3f1a59c0c435643506f55e2e830b39571101dc4344332f3,0x8bc2368ba890faf3900e2ceb42a66160ea3edb26|0xd1c5966f9f5ee6881ff6b261bbeda45972b1b5f3|0xedf0c420bc3b92b961c6ec411cc810ca81f5f21a,0x8bc2368ba890faf3900e2ceb42a66160ea3edb26,0xedf0c420bc3b92b961c6ec411cc810ca81f5f21a,USDT,USDT,0x3c8605e9765d5651f3f1a59c0c435643506f55e2e830b39571101dc4344332f3_USDT,1639315941,1639315941,1,1.0383e+21,1038.3,1038.3,0,0,0.800000,bridge_dst_event_flow,True
BNB,Multi,bnb_flow_0x3c8605e9765d__synth_hidden_dst,0x3c8605e9765d5651f3f1a59c0c435643506f55e2e830b39571101dc4344332f3,0x8bc2368ba890faf3900e2ceb42a66160ea3edb26|0xd1c5966f9f5ee6881ff6b261bbeda45972b1b5f3|0xedf0c420bc3b92b961c6ec411cc810ca81f5f21a,0x8bc2368ba890faf3900e2ceb42a66160ea3edb26,0xedf0c420bc3b92b961c6ec411cc810ca81f5f21a,USDT,USDT,0x3c8605e9765d5651f3f1a59c0c435643506f55e2e830b39571101dc4344332f3_USDT,1639315941,1639315941,1,1.0383e+21,1038.3,1038.3,0,0,0.800000,bridge_dst_event_flow,True
BNB,Multi,bnb_flow_0x3c8605e9765d__synth_noise_dst_0,0x3c8605e9765d5651f3f1a59c0c435643506f55e2e830b39571101dc4344332f3,0x8bc2368ba890faf3900e2ceb42a66160ea3edb26|0xd1c5966f9f5ee6881ff6b261bbeda45972b1b5f3|0xedf0c420bc3b92b961c6ec411cc810ca81f5f21a,0x8bc2368ba890faf3900e2ceb42a66160ea3edb26,0xedf0c420bc3b92b961c6ec411cc810ca81f5f21a,USDT,USDT,0x3c8605e9765d5651f3f1a59c0c435643506f55e2e830b39571101dc4344332f3_USDT,1639316001,1639316001,1,1.0383e+21,1038.3,1038.3,0,0,0.800000,bridge_dst_event_flow,True
BNB,Multi,bnb_flow_0x3c8605e9765d__synth_noise_dst_1,0x3c8605e9765d5651f3f1a59c0c435643506f55e2e830b39571101dc4344332f3,0x8bc2368ba890faf3900e2ceb42a66160ea3edb26|0xd1c5966f9f5ee6881ff6b261bbeda45972b1b5f3|0xedf0c420bc3b92b961c6ec411cc810ca81f5f21a,0x8bc2368ba890faf3900e2ceb42a66160ea3edb26,0xedf0c420bc3b92b961c6ec411cc810ca81f5f21a,USDT,USDT,0x3c8605e9765d5651f3f1a59c0c435643506f55e2e830b39571101dc4344332f3_USDT,1639316061,1639316061,1,1.0383e+21,1038.3,1038.3,0,0,0.800000,bridge_dst_event_flow,True
BNB,Multi,bnb_flow_0xfca4b7dfff15__synth_split_a,0xfca4b7dfff15e5910f7b474f45b5e656f842316de3964ab563b5e8f33e48a289,0x34ad95020b43c2c39d8fedca5cc09373240ed189|0xd1c5966f9f5ee6881ff6b261bbeda45972b1b5f3|0xedf0c420bc3b92b961c6ec411cc810ca81f5f21a,0x34ad95020b43c2c39d8fedca5cc09373240ed189,0xedf0c420bc3b92b961c6ec411cc810ca81f5f21a,USDT,USDT,0xfca4b7dfff15e5910f7b474f45b5e656f842316de3964ab563b5e8f33e48a289_USDT,1639221760,1639221760,1,5.30745e+20,530.745,530.745,0,0,0.800000,bridge_dst_event_flow,True
BNB,Multi,bnb_flow_0xfca4b7dfff15__synth_split_b,0xfca4b7dfff15e5910f7b474f45b5e656f842316de3964ab563b5e8f33e48a289,0x34ad95020b43c2c39d8fedca5cc09373240ed189|0xd1c5966f9f5ee6881ff6b261bbeda45972b1b5f3|0xedf0c420bc3b92b961c6ec411cc810ca81f5f21a,0x34ad95020b43c2c39d8fedca5cc09373240ed189,0xedf0c420bc3b92b961c6ec411cc810ca81f5f21a,USDT,USDT,0xfca4b7dfff15e5910f7b474f45b5e656f842316de3964ab563b5e8f33e48a289_USDT,1639221760,1639221760,1,5.30745e+20,530.745,530.745,0,0,0.800000,bridge_dst_event_flow,True
BNB,Multi,bnb_flow_0xfca4b7dfff15__synth_merge_dst,0xfca4b7dfff15e5910f7b474f45b5e656f842316de3964ab563b5e8f33e48a289,0x34ad95020b43c2c39d8fedca5cc09373240ed189|0xd1c5966f9f5ee6881ff6b261bbeda45972b1b5f3|0xedf0c420bc3b92b961c6ec411cc810ca81f5f21a,0x34ad95020b43c2c39d8fedca5cc09373240ed189,0xedf0c420bc3b92b961c6ec411cc810ca81f5f21a,USDT,USDT,0xfca4b7dfff15e5910f7b474f45b5e656f842316de3964ab563b5e8f33e48a289_USDT,1639221760,1639221760,1,1.06149e+21,1061.49,1061.49,0,0,0.800000,bridge_dst_event_flow,True
BNB,Multi,bnb_flow_0xfca4b7dfff15__synth_hidden_dst,0xfca4b7dfff15e5910f7b474f45b5e656f842316de3964ab563b5e8f33e48a289,0x34ad95020b43c2c39d8fedca5cc09373240ed189|0xd1c5966f9f5ee6881ff6b261bbeda45972b1b5f3|0xedf0c420bc3b92b961c6ec411cc810ca81f5f21a,0x34ad95020b43c2c39d8fedca5cc09373240ed189,0xedf0c420bc3b92b961c6ec411cc810ca81f5f21a,USDT,USDT,0xfca4b7dfff15e5910f7b474f45b5e656f842316de3964ab563b5e8f33e48a289_USDT,1639221760,1639221760,1,1.06149e+21,1061.49,1061.49,0,0,0.800000,bridge_dst_event_flow,True
BNB,Multi,bnb_flow_0xfca4b7dfff15__synth_noise_dst_0,0xfca4b7dfff15e5910f7b474f45b5e656f842316de3964ab563b5e8f33e48a289,0x34ad95020b43c2c39d8fedca5cc09373240ed189|0xd1c5966f9f5ee6881ff6b261bbeda45972b1b5f3|0xedf0c420bc3b92b961c6ec411cc810ca81f5f21a,0x34ad95020b43c2c39d8fedca5cc09373240ed189,0xedf0c420bc3b92b961c6ec411cc810ca81f5f21a,USDT,USDT,0xfca4b7dfff15e5910f7b474f45b5e656f842316de3964ab563b5e8f33e48a289_USDT,1639221820,1639221820,1,1.06149e+21,1061.49,1061.49,0,0,0.800000,bridge_dst_event_flow,True
BNB,Multi,bnb_flow_0xfca4b7dfff15__synth_noise_dst_1,0xfca4b7dfff15e5910f7b474f45b5e656f842316de3964ab563b5e8f33e48a289,0x34ad95020b43c2c39d8fedca5cc09373240ed189|0xd1c5966f9f5ee6881ff6b261bbeda45972b1b5f3|0xedf0c420bc3b92b961c6ec411cc810ca81f5f21a,0x34ad95020b43c2c39d8fedca5cc09373240ed189,0xedf0c420bc3b92b961c6ec411cc810ca81f5f21a,USDT,USDT,0xfca4b7dfff15e5910f7b474f45b5e656f842316de3964ab563b5e8f33e48a289_USDT,1639221880,1639221880,1,1.06149e+21,1061.49,1061.49,0,0,0.800000,bridge_dst_event_flow,True
BNB,Multi,bnb_flow_0x96e39bdcba02__synth_split_a,0x96e39bdcba02fbe90b438e2d702eaa34c6025f9e6ee3b0bda9065e52b8eee186,0xb7f380e041f86349defd3550cf27330016026245|0xd1c5966f9f5ee6881ff6b261bbeda45972b1b5f3|0xedf0c420bc3b92b961c6ec411cc810ca81f5f21a,0xb7f380e041f86349defd3550cf27330016026245,0xedf0c420bc3b92b961c6ec411cc810ca81f5f21a,USDT,USDT,0x96e39bdcba02fbe90b438e2d702eaa34c6025f9e6ee3b0bda9065e52b8eee186_USDT,1636198603,1636198603,1,2.4955e+20,249.55,249.55,0,0,0.800000,bridge_dst_event_flow,True
BNB,Multi,bnb_flow_0x96e39bdcba02__synth_split_b,0x96e39bdcba02fbe90b438e2d702eaa34c6025f9e6ee3b0bda9065e52b8eee186,0xb7f380e041f86349defd3550cf27330016026245|0xd1c5966f9f5ee6881ff6b261bbeda45972b1b5f3|0xedf0c420bc3b92b961c6ec411cc810ca81f5f21a,0xb7f380e041f86349defd3550cf27330016026245,0xedf0c420bc3b92b961c6ec411cc810ca81f5f21a,USDT,USDT,0x96e39bdcba02fbe90b438e2d702eaa34c6025f9e6ee3b0bda9065e52b8eee186_USDT,1636198603,1636198603,1,2.4955e+20,249.55,249.55,0,0,0.800000,bridge_dst_event_flow,True
BNB,Multi,bnb_flow_0x96e39bdcba02__synth_merge_dst,0x96e39bdcba02fbe90b438e2d702eaa34c6025f9e6ee3b0bda9065e52b8eee186,0xb7f380e041f86349defd3550cf27330016026245|0xd1c5966f9f5ee6881ff6b261bbeda45972b1b5f3|0xedf0c420bc3b92b961c6ec411cc810ca81f5f21a,0xb7f380e041f86349defd3550cf27330016026245,0xedf0c420bc3b92b961c6ec411cc810ca81f5f21a,USDT,USDT,0x96e39bdcba02fbe90b438e2d702eaa34c6025f9e6ee3b0bda9065e52b8eee186_USDT,1636198603,1636198603,1,4.991e+20,499.1,499.1,0,0,0.800000,bridge_dst_event_flow,True
BNB,Multi,bnb_flow_0x96e39bdcba02__synth_hidden_dst,0x96e39bdcba02fbe90b438e2d702eaa34c6025f9e6ee3b0bda9065e52b8eee186,0xb7f380e041f86349defd3550cf27330016026245|0xd1c5966f9f5ee6881ff6b261bbeda45972b1b5f3|0xedf0c420bc3b92b961c6ec411cc810ca81f5f21a,0xb7f380e041f86349defd3550cf27330016026245,0xedf0c420bc3b92b961c6ec411cc810ca81f5f21a,USDT,USDT,0x96e39bdcba02fbe90b438e2d702eaa34c6025f9e6ee3b0bda9065e52b8eee186_USDT,1636198603,1636198603,1,4.991e+20,499.1,499.1,0,0,0.800000,bridge_dst_event_flow,True
BNB,Multi,bnb_flow_0x96e39bdcba02__synth_noise_dst_0,0x96e39bdcba02fbe90b438e2d702eaa34c6025f9e6ee3b0bda9065e52b8eee186,0xb7f380e041f86349defd3550cf27330016026245|0xd1c5966f9f5ee6881ff6b261bbeda45972b1b5f3|0xedf0c420bc3b92b961c6ec411cc810ca81f5f21a,0xb7f380e041f86349defd3550cf27330016026245,0xedf0c420bc3b92b961c6ec411cc810ca81f5f21a,USDT,USDT,0x96e39bdcba02fbe90b438e2d702eaa34c6025f9e6ee3b0bda9065e52b8eee186_USDT,1636198663,1636198663,1,4.991e+20,499.1,499.1,0,0,0.800000,bridge_dst_event_flow,True
BNB,Multi,bnb_flow_0x96e39bdcba02__synth_noise_dst_1,0x96e39bdcba02fbe90b438e2d702eaa34c6025f9e6ee3b0bda9065e52b8eee186,0xb7f380e041f86349defd3550cf27330016026245|0xd1c5966f9f5ee6881ff6b261bbeda45972b1b5f3|0xedf0c420bc3b92b961c6ec411cc810ca81f5f21a,0xb7f380e041f86349defd3550cf27330016026245,0xedf0c420bc3b92b961c6ec411cc810ca81f5f21a,USDT,USDT,0x96e39bdcba02fbe90b438e2d702eaa34c6025f9e6ee3b0bda9065e52b8eee186_USDT,1636198723,1636198723,1,4.991e+20,499.1,499.1,0,0,0.800000,bridge_dst_event_flow,True
BNB,Multi,bnb_flow_0x892df90db368__synth_split_a,0x892df90db368e6b22c51d821e95477a36f94a1fc42eaf05dfd4d4a01475166cc,0x5114dc98f3ac60772a7676c0e7cb9a2b11d18bb5|0xd1c5966f9f5ee6881ff6b261bbeda45972b1b5f3|0xedf0c420bc3b92b961c6ec411cc810ca81f5f21a,0x5114dc98f3ac60772a7676c0e7cb9a2b11d18bb5,0xedf0c420bc3b92b961c6ec411cc810ca81f5f21a,USDT,USDT,0x892df90db368e6b22c51d821e95477a36f94a1fc42eaf05dfd4d4a01475166cc_USDT,1638062242,1638062242,1,5.8585e+19,58.585,58.585,0,0,0.800000,bridge_dst_event_flow,True
BNB,Multi,bnb_flow_0x892df90db368__synth_split_b,0x892df90db368e6b22c51d821e95477a36f94a1fc42eaf05dfd4d4a01475166cc,0x5114dc98f3ac60772a7676c0e7cb9a2b11d18bb5|0xd1c5966f9f5ee6881ff6b261bbeda45972b1b5f3|0xedf0c420bc3b92b961c6ec411cc810ca81f5f21a,0x5114dc98f3ac60772a7676c0e7cb9a2b11d18bb5,0xedf0c420bc3b92b961c6ec411cc810ca81f5f21a,USDT,USDT,0x892df90db368e6b22c51d821e95477a36f94a1fc42eaf05dfd4d4a01475166cc_USDT,1638062242,1638062242,1,5.8585e+19,58.585,58.585,0,0,0.800000,bridge_dst_event_flow,True
BNB,Multi,bnb_flow_0x892df90db368__synth_split_c,0x892df90db368e6b22c51d821e95477a36f94a1fc42eaf05dfd4d4a01475166cc,0x5114dc98f3ac60772a7676c0e7cb9a2b11d18bb5|0xd1c5966f9f5ee6881ff6b261bbeda45972b1b5f3|0xedf0c420bc3b92b961c6ec411cc810ca81f5f21a,0x5114dc98f3ac60772a7676c0e7cb9a2b11d18bb5,0xedf0c420bc3b92b961c6ec411cc810ca81f5f21a,USDT,USDT,0x892df90db368e6b22c51d821e95477a36f94a1fc42eaf05dfd4d4a01475166cc_USDT,1638062242,1638062242,1,5.8585e+19,58.585,58.585,0,0,0.800000,bridge_dst_event_flow,True
BNB,Multi,bnb_flow_0x892df90db368__synth_split_d,0x892df90db368e6b22c51d821e95477a36f94a1fc42eaf05dfd4d4a01475166cc,0x5114dc98f3ac60772a7676c0e7cb9a2b11d18bb5|0xd1c5966f9f5ee6881ff6b261bbeda45972b1b5f3|0xedf0c420bc3b92b961c6ec411cc810ca81f5f21a,0x5114dc98f3ac60772a7676c0e7cb9a2b11d18bb5,0xedf0c420bc3b92b961c6ec411cc810ca81f5f21a,USDT,USDT,0x892df90db368e6b22c51d821e95477a36f94a1fc42eaf05dfd4d4a01475166cc_USDT,1638062242,1638062242,1,5.8585e+19,58.585,58.585,0,0,0.800000,bridge_dst_event_flow,True
BNB,Multi,bnb_flow_0x892df90db368__synth_split_e,0x892df90db368e6b22c51d821e95477a36f94a1fc42eaf05dfd4d4a01475166cc,0x5114dc98f3ac60772a7676c0e7cb9a2b11d18bb5|0xd1c5966f9f5ee6881ff6b261bbeda45972b1b5f3|0xedf0c420bc3b92b961c6ec411cc810ca81f5f21a,0x5114dc98f3ac60772a7676c0e7cb9a2b11d18bb5,0xedf0c420bc3b92b961c6ec411cc810ca81f5f21a,USDT,USDT,0x892df90db368e6b22c51d821e95477a36f94a1fc42eaf05dfd4d4a01475166cc_USDT,1638062242,1638062242,1,5.8585e+19,58.585,58.585,0,0,0.800000,bridge_dst_event_flow,True
BNB,Multi,bnb_flow_0x892df90db368__synth_split_f,0x892df90db368e6b22c51d821e95477a36f94a1fc42eaf05dfd4d4a01475166cc,0x5114dc98f3ac60772a7676c0e7cb9a2b11d18bb5|0xd1c5966f9f5ee6881ff6b261bbeda45972b1b5f3|0xedf0c420bc3b92b961c6ec411cc810ca81f5f21a,0x5114dc98f3ac60772a7676c0e7cb9a2b11d18bb5,0xedf0c420bc3b92b961c6ec411cc810ca81f5f21a,USDT,USDT,0x892df90db368e6b22c51d821e95477a36f94a1fc42eaf05dfd4d4a01475166cc_USDT,1638062242,1638062242,1,5.8585e+19,58.585,58.585,0,0,0.800000,bridge_dst_event_flow,True
BNB,Multi,bnb_flow_0x892df90db368__synth_split_g,0x892df90db368e6b22c51d821e95477a36f94a1fc42eaf05dfd4d4a01475166cc,0x5114dc98f3ac60772a7676c0e7cb9a2b11d18bb5|0xd1c5966f9f5ee6881ff6b261bbeda45972b1b5f3|0xedf0c420bc3b92b961c6ec411cc810ca81f5f21a,0x5114dc98f3ac60772a7676c0e7cb9a2b11d18bb5,0xedf0c420bc3b92b961c6ec411cc810ca81f5f21a,USDT,USDT,0x892df90db368e6b22c51d821e95477a36f94a1fc42eaf05dfd4d4a01475166cc_USDT,1638062242,1638062242,1,5.8585e+19,58.585,58.585,0,0,0.800000,bridge_dst_event_flow,True
BNB,Multi,bnb_flow_0x892df90db368__synth_split_h,0x892df90db368e6b22c51d821e95477a36f94a1fc42eaf05dfd4d4a01475166cc,0x5114dc98f3ac60772a7676c0e7cb9a2b11d18bb5|0xd1c5966f9f5ee6881ff6b261bbeda45972b1b5f3|0xedf0c420bc3b92b961c6ec411cc810ca81f5f21a,0x5114dc98f3ac60772a7676c0e7cb9a2b11d18bb5,0xedf0c420bc3b92b961c6ec411cc810ca81f5f21a,USDT,USDT,0x892df90db368e6b22c51d821e95477a36f94a1fc42eaf05dfd4d4a01475166cc_USDT,1638062242,1638062242,1,5.8585e+19,58.585,58.585,0,0,0.800000,bridge_dst_event_flow,True
BNB,Multi,bnb_flow_0x892df90db368__synth_merge_dst,0x892df90db368e6b22c51d821e95477a36f94a1fc42eaf05dfd4d4a01475166cc,0x5114dc98f3ac60772a7676c0e7cb9a2b11d18bb5|0xd1c5966f9f5ee6881ff6b261bbeda45972b1b5f3|0xedf0c420bc3b92b961c6ec411cc810ca81f5f21a,0x5114dc98f3ac60772a7676c0e7cb9a2b11d18bb5,0xedf0c420bc3b92b961c6ec411cc810ca81f5f21a,USDT,USDT,0x892df90db368e6b22c51d821e95477a36f94a1fc42eaf05dfd4d4a01475166cc_USDT,1638062242,1638062242,1,4.6868e+20,468.68,468.68,0,0,0.800000,bridge_dst_event_flow,True
BNB,Multi,bnb_flow_0x892df90db368__synth_hidden_dst,0x892df90db368e6b22c51d821e95477a36f94a1fc42eaf05dfd4d4a01475166cc,0x5114dc98f3ac60772a7676c0e7cb9a2b11d18bb5|0xd1c5966f9f5ee6881ff6b261bbeda45972b1b5f3|0xedf0c420bc3b92b961c6ec411cc810ca81f5f21a,0x5114dc98f3ac60772a7676c0e7cb9a2b11d18bb5,0xedf0c420bc3b92b961c6ec411cc810ca81f5f21a,USDT,USDT,0x892df90db368e6b22c51d821e95477a36f94a1fc42eaf05dfd4d4a01475166cc_USDT,1638062242,1638062242,1,4.6868e+20,468.68,468.68,0,0,0.800000,bridge_dst_event_flow,True
BNB,Multi,bnb_flow_0x892df90db368__synth_noise_dst_0,0x892df90db368e6b22c51d821e95477a36f94a1fc42eaf05dfd4d4a01475166cc,0x5114dc98f3ac60772a7676c0e7cb9a2b11d18bb5|0xd1c5966f9f5ee6881ff6b261bbeda45972b1b5f3|0xedf0c420bc3b92b961c6ec411cc810ca81f5f21a,0x5114dc98f3ac60772a7676c0e7cb9a2b11d18bb5,0xedf0c420bc3b92b961c6ec411cc810ca81f5f21a,USDT,USDT,0x892df90db368e6b22c51d821e95477a36f94a1fc42eaf05dfd4d4a01475166cc_USDT,1638062302,1638062302,1,4.6868e+20,468.68,468.68,0,0,0.800000,bridge_dst_event_flow,True
BNB,Multi,bnb_flow_0x892df90db368__synth_noise_dst_1,0x892df90db368e6b22c51d821e95477a36f94a1fc42eaf05dfd4d4a01475166cc,0x5114dc98f3ac60772a7676c0e7cb9a2b11d18bb5|0xd1c5966f9f5ee6881ff6b261bbeda45972b1b5f3|0xedf0c420bc3b92b961c6ec411cc810ca81f5f21a,0x5114dc98f3ac60772a7676c0e7cb9a2b11d18bb5,0xedf0c420bc3b92b961c6ec411cc810ca81f5f21a,USDT,USDT,0x892df90db368e6b22c51d821e95477a36f94a1fc42eaf05dfd4d4a01475166cc_USDT,1638062362,1638062362,1,4.6868e+20,468.68,468.68,0,0,0.800000,bridge_dst_event_flow,True
BNB,Multi,bnb_flow_0xf0ca5fa2244e__synth_split_a,0xf0ca5fa2244e9c0239736f9420b07c13d741369288f901c52921eae04cc32253,0x422efc8e46b6e36efa0ea93cc5e6757e828686e3|0xd1c5966f9f5ee6881ff6b261bbeda45972b1b5f3|0xedf0c420bc3b92b961c6ec411cc810ca81f5f21a,0x422efc8e46b6e36efa0ea93cc5e6757e828686e3,0xedf0c420bc3b92b961c6ec411cc810ca81f5f21a,USDT,USDT,0xf0ca5fa2244e9c0239736f9420b07c13d741369288f901c52921eae04cc32253_USDT,1636813918,1636813918,1,2.5605e+20,256.05,256.05,0,0,0.800000,bridge_dst_event_flow,True
BNB,Multi,bnb_flow_0xf0ca5fa2244e__synth_split_b,0xf0ca5fa2244e9c0239736f9420b07c13d741369288f901c52921eae04cc32253,0x422efc8e46b6e36efa0ea93cc5e6757e828686e3|0xd1c5966f9f5ee6881ff6b261bbeda45972b1b5f3|0xedf0c420bc3b92b961c6ec411cc810ca81f5f21a,0x422efc8e46b6e36efa0ea93cc5e6757e828686e3,0xedf0c420bc3b92b961c6ec411cc810ca81f5f21a,USDT,USDT,0xf0ca5fa2244e9c0239736f9420b07c13d741369288f901c52921eae04cc32253_USDT,1636813918,1636813918,1,2.5605e+20,256.05,256.05,0,0,0.800000,bridge_dst_event_flow,True
BNB,Multi,bnb_flow_0xf0ca5fa2244e__synth_merge_dst,0xf0ca5fa2244e9c0239736f9420b07c13d741369288f901c52921eae04cc32253,0x422efc8e46b6e36efa0ea93cc5e6757e828686e3|0xd1c5966f9f5ee6881ff6b261bbeda45972b1b5f3|0xedf0c420bc3b92b961c6ec411cc810ca81f5f21a,0x422efc8e46b6e36efa0ea93cc5e6757e828686e3,0xedf0c420bc3b92b961c6ec411cc810ca81f5f21a,USDT,USDT,0xf0ca5fa2244e9c0239736f9420b07c13d741369288f901c52921eae04cc32253_USDT,1636813918,1636813918,1,5.121e+20,512.1,512.1,0,0,0.800000,bridge_dst_event_flow,True
BNB,Multi,bnb_flow_0xf0ca5fa2244e__synth_hidden_dst,0xf0ca5fa2244e9c0239736f9420b07c13d741369288f901c52921eae04cc32253,0x422efc8e46b6e36efa0ea93cc5e6757e828686e3|0xd1c5966f9f5ee6881ff6b261bbeda45972b1b5f3|0xedf0c420bc3b92b961c6ec411cc810ca81f5f21a,0x422efc8e46b6e36efa0ea93cc5e6757e828686e3,0xedf0c420bc3b92b961c6ec411cc810ca81f5f21a,USDT,USDT,0xf0ca5fa2244e9c0239736f9420b07c13d741369288f901c52921eae04cc32253_USDT,1636813918,1636813918,1,5.121e+20,512.1,512.1,0,0,0.800000,bridge_dst_event_flow,True
BNB,Multi,bnb_flow_0xf0ca5fa2244e__synth_noise_dst_0,0xf0ca5fa2244e9c0239736f9420b07c13d741369288f901c52921eae04cc32253,0x422efc8e46b6e36efa0ea93cc5e6757e828686e3|0xd1c5966f9f5ee6881ff6b261bbeda45972b1b5f3|0xedf0c420bc3b92b961c6ec411cc810ca81f5f21a,0x422efc8e46b6e36efa0ea93cc5e6757e828686e3,0xedf0c420bc3b92b961c6ec411cc810ca81f5f21a,USDT,USDT,0xf0ca5fa2244e9c0239736f9420b07c13d741369288f901c52921eae04cc32253_USDT,1636813978,1636813978,1,5.121e+20,512.1,512.1,0,0,0.800000,bridge_dst_event_flow,True
BNB,Multi,bnb_flow_0xf0ca5fa2244e__synth_noise_dst_1,0xf0ca5fa2244e9c0239736f9420b07c13d741369288f901c52921eae04cc32253,0x422efc8e46b6e36efa0ea93cc5e6757e828686e3|0xd1c5966f9f5ee6881ff6b261bbeda45972b1b5f3|0xedf0c420bc3b92b961c6ec411cc810ca81f5f21a,0x422efc8e46b6e36efa0ea93cc5e6757e828686e3,0xedf0c420bc3b92b961c6ec411cc810ca81f5f21a,USDT,USDT,0xf0ca5fa2244e9c0239736f9420b07c13d741369288f901c52921eae04cc32253_USDT,1636814038,1636814038,1,5.121e+20,512.1,512.1,0,0,0.800000,bridge_dst_event_flow,True
BNB,Multi,bnb_flow_0x45716c41efe7__synth_split_a,0x45716c41efe72e5b50b42e3cefec946ee7906228ad72896cd51c24c877de89c7,0x7bf35704c7dde871d3a0915c0cbcd5a8ab50adea|0xd1c5966f9f5ee6881ff6b261bbeda45972b1b5f3|0xedf0c420bc3b92b961c6ec411cc810ca81f5f21a,0x7bf35704c7dde871d3a0915c0cbcd5a8ab50adea,0xedf0c420bc3b92b961c6ec411cc810ca81f5f21a,USDT,USDT,0x45716c41efe72e5b50b42e3cefec946ee7906228ad72896cd51c24c877de89c7_USDT,1638317971,1638317971,1,4.0005e+20,400.05,400.05,0,0,0.800000,bridge_dst_event_flow,True
BNB,Multi,bnb_flow_0x45716c41efe7__synth_split_b,0x45716c41efe72e5b50b42e3cefec946ee7906228ad72896cd51c24c877de89c7,0x7bf35704c7dde871d3a0915c0cbcd5a8ab50adea|0xd1c5966f9f5ee6881ff6b261bbeda45972b1b5f3|0xedf0c420bc3b92b961c6ec411cc810ca81f5f21a,0x7bf35704c7dde871d3a0915c0cbcd5a8ab50adea,0xedf0c420bc3b92b961c6ec411cc810ca81f5f21a,USDT,USDT,0x45716c41efe72e5b50b42e3cefec946ee7906228ad72896cd51c24c877de89c7_USDT,1638317971,1638317971,1,4.0005e+20,400.05,400.05,0,0,0.800000,bridge_dst_event_flow,True
BNB,Multi,bnb_flow_0x45716c41efe7__synth_merge_dst,0x45716c41efe72e5b50b42e3cefec946ee7906228ad72896cd51c24c877de89c7,0x7bf35704c7dde871d3a0915c0cbcd5a8ab50adea|0xd1c5966f9f5ee6881ff6b261bbeda45972b1b5f3|0xedf0c420bc3b92b961c6ec411cc810ca81f5f21a,0x7bf35704c7dde871d3a0915c0cbcd5a8ab50adea,0xedf0c420bc3b92b961c6ec411cc810ca81f5f21a,USDT,USDT,0x45716c41efe72e5b50b42e3cefec946ee7906228ad72896cd51c24c877de89c7_USDT,1638317971,1638317971,1,8.001e+20,800.1,800.1,0,0,0.800000,bridge_dst_event_flow,True
BNB,Multi,bnb_flow_0x45716c41efe7__synth_hidden_dst,0x45716c41efe72e5b50b42e3cefec946ee7906228ad72896cd51c24c877de89c7,0x7bf35704c7dde871d3a0915c0cbcd5a8ab50adea|0xd1c5966f9f5ee6881ff6b261bbeda45972b1b5f3|0xedf0c420bc3b92b961c6ec411cc810ca81f5f21a,0x7bf35704c7dde871d3a0915c0cbcd5a8ab50adea,0xedf0c420bc3b92b961c6ec411cc810ca81f5f21a,USDT,USDT,0x45716c41efe72e5b50b42e3cefec946ee7906228ad72896cd51c24c877de89c7_USDT,1638317971,1638317971,1,8.001e+20,800.1,800.1,0,0,0.800000,bridge_dst_event_flow,True
BNB,Multi,bnb_flow_0x45716c41efe7__synth_noise_dst_0,0x45716c41efe72e5b50b42e3cefec946ee7906228ad72896cd51c24c877de89c7,0x7bf35704c7dde871d3a0915c0cbcd5a8ab50adea|0xd1c5966f9f5ee6881ff6b261bbeda45972b1b5f3|0xedf0c420bc3b92b961c6ec411cc810ca81f5f21a,0x7bf35704c7dde871d3a0915c0cbcd5a8ab50adea,0xedf0c420bc3b92b961c6ec411cc810ca81f5f21a,USDT,USDT,0x45716c41efe72e5b50b42e3cefec946ee7906228ad72896cd51c24c877de89c7_USDT,1638318031,1638318031,1,8.001e+20,800.1,800.1,0,0,0.800000,bridge_dst_event_flow,True
BNB,Multi,bnb_flow_0x45716c41efe7__synth_noise_dst_1,0x45716c41efe72e5b50b42e3cefec946ee7906228ad72896cd51c24c877de89c7,0x7bf35704c7dde871d3a0915c0cbcd5a8ab50adea|0xd1c5966f9f5ee6881ff6b261bbeda45972b1b5f3|0xedf0c420bc3b92b961c6ec411cc810ca81f5f21a,0x7bf35704c7dde871d3a0915c0cbcd5a8ab50adea,0xedf0c420bc3b92b961c6ec411cc810ca81f5f21a,USDT,USDT,0x45716c41efe72e5b50b42e3cefec946ee7906228ad72896cd51c24c877de89c7_USDT,1638318091,1638318091,1,8.001e+20,800.1,800.1,0,0,0.800000,bridge_dst_event_flow,True
BNB,Multi,bnb_flow_0xed4aaa0cd9dc__synth_split_a,0xed4aaa0cd9dc012b9da3bf814e4516aa50ecaab901c2e02fe49f260ef0fb779c,0xd1c5966f9f5ee6881ff6b261bbeda45972b1b5f3|0xddf151adbe42047fb76368db2bb02e7302bd76dd|0xedf0c420bc3b92b961c6ec411cc810ca81f5f21a,0xddf151adbe42047fb76368db2bb02e7302bd76dd,0xedf0c420bc3b92b961c6ec411cc810ca81f5f21a,USDT,USDT,0xed4aaa0cd9dc012b9da3bf814e4516aa50ecaab901c2e02fe49f260ef0fb779c_USDT,1638790732,1638790732,1,4.9955e+20,499.55,499.55,0,0,0.800000,bridge_dst_event_flow,True
BNB,Multi,bnb_flow_0xed4aaa0cd9dc__synth_split_b,0xed4aaa0cd9dc012b9da3bf814e4516aa50ecaab901c2e02fe49f260ef0fb779c,0xd1c5966f9f5ee6881ff6b261bbeda45972b1b5f3|0xddf151adbe42047fb76368db2bb02e7302bd76dd|0xedf0c420bc3b92b961c6ec411cc810ca81f5f21a,0xddf151adbe42047fb76368db2bb02e7302bd76dd,0xedf0c420bc3b92b961c6ec411cc810ca81f5f21a,USDT,USDT,0xed4aaa0cd9dc012b9da3bf814e4516aa50ecaab901c2e02fe49f260ef0fb779c_USDT,1638790732,1638790732,1,4.9955e+20,499.55,499.55,0,0,0.800000,bridge_dst_event_flow,True
BNB,Multi,bnb_flow_0xed4aaa0cd9dc__synth_merge_dst,0xed4aaa0cd9dc012b9da3bf814e4516aa50ecaab901c2e02fe49f260ef0fb779c,0xd1c5966f9f5ee6881ff6b261bbeda45972b1b5f3|0xddf151adbe42047fb76368db2bb02e7302bd76dd|0xedf0c420bc3b92b961c6ec411cc810ca81f5f21a,0xddf151adbe42047fb76368db2bb02e7302bd76dd,0xedf0c420bc3b92b961c6ec411cc810ca81f5f21a,USDT,USDT,0xed4aaa0cd9dc012b9da3bf814e4516aa50ecaab901c2e02fe49f260ef0fb779c_USDT,1638790732,1638790732,1,9.991e+20,999.1,999.1,0,0,0.800000,bridge_dst_event_flow,True
BNB,Multi,bnb_flow_0xed4aaa0cd9dc__synth_hidden_dst,0xed4aaa0cd9dc012b9da3bf814e4516aa50ecaab901c2e02fe49f260ef0fb779c,0xd1c5966f9f5ee6881ff6b261bbeda45972b1b5f3|0xddf151adbe42047fb76368db2bb02e7302bd76dd|0xedf0c420bc3b92b961c6ec411cc810ca81f5f21a,0xddf151adbe42047fb76368db2bb02e7302bd76dd,0xedf0c420bc3b92b961c6ec411cc810ca81f5f21a,USDT,USDT,0xed4aaa0cd9dc012b9da3bf814e4516aa50ecaab901c2e02fe49f260ef0fb779c_USDT,1638790732,1638790732,1,9.991e+20,999.1,999.1,0,0,0.800000,bridge_dst_event_flow,True
BNB,Multi,bnb_flow_0xed4aaa0cd9dc__synth_noise_dst_0,0xed4aaa0cd9dc012b9da3bf814e4516aa50ecaab901c2e02fe49f260ef0fb779c,0xd1c5966f9f5ee6881ff6b261bbeda45972b1b5f3|0xddf151adbe42047fb76368db2bb02e7302bd76dd|0xedf0c420bc3b92b961c6ec411cc810ca81f5f21a,0xddf151adbe42047fb76368db2bb02e7302bd76dd,0xedf0c420bc3b92b961c6ec411cc810ca81f5f21a,USDT,USDT,0xed4aaa0cd9dc012b9da3bf814e4516aa50ecaab901c2e02fe49f260ef0fb779c_USDT,1638790792,1638790792,1,9.991e+20,999.1,999.1,0,0,0.800000,bridge_dst_event_flow,True
BNB,Multi,bnb_flow_0xed4aaa0cd9dc__synth_noise_dst_1,0xed4aaa0cd9dc012b9da3bf814e4516aa50ecaab901c2e02fe49f260ef0fb779c,0xd1c5966f9f5ee6881ff6b261bbeda45972b1b5f3|0xddf151adbe42047fb76368db2bb02e7302bd76dd|0xedf0c420bc3b92b961c6ec411cc810ca81f5f21a,0xddf151adbe42047fb76368db2bb02e7302bd76dd,0xedf0c420bc3b92b961c6ec411cc810ca81f5f21a,USDT,USDT,0xed4aaa0cd9dc012b9da3bf814e4516aa50ecaab901c2e02fe49f260ef0fb779c_USDT,1638790852,1638790852,1,9.991e+20,999.1,999.1,0,0,0.800000,bridge_dst_event_flow,True
BNB,Multi,bnb_flow_0xfd00025aebf4__synth_split_a,0xfd00025aebf40868a2cabff6065c34afce494c8a5f572c3707365c36c2ecb539,0x7b0dbf168ff145f44415992119e48654e5f0fbe6|0xd1c5966f9f5ee6881ff6b261bbeda45972b1b5f3|0xedf0c420bc3b92b961c6ec411cc810ca81f5f21a,0x7b0dbf168ff145f44415992119e48654e5f0fbe6,0xedf0c420bc3b92b961c6ec411cc810ca81f5f21a,USDT,USDT,0xfd00025aebf40868a2cabff6065c34afce494c8a5f572c3707365c36c2ecb539_USDT,1638630111,1638630111,1,7.763666666666666e+20,776.3666666666666,776.3666666666666,0,0,0.775000,bridge_dst_event_flow,True
BNB,Multi,bnb_flow_0xfd00025aebf4__synth_split_b,0xfd00025aebf40868a2cabff6065c34afce494c8a5f572c3707365c36c2ecb539,0x7b0dbf168ff145f44415992119e48654e5f0fbe6|0xd1c5966f9f5ee6881ff6b261bbeda45972b1b5f3|0xedf0c420bc3b92b961c6ec411cc810ca81f5f21a,0x7b0dbf168ff145f44415992119e48654e5f0fbe6,0xedf0c420bc3b92b961c6ec411cc810ca81f5f21a,USDT,USDT,0xfd00025aebf40868a2cabff6065c34afce494c8a5f572c3707365c36c2ecb539_USDT,1638630111,1638630111,1,7.763666666666666e+20,776.3666666666666,776.3666666666666,0,0,0.775000,bridge_dst_event_flow,True
BNB,Multi,bnb_flow_0xfd00025aebf4__synth_split_c,0xfd00025aebf40868a2cabff6065c34afce494c8a5f572c3707365c36c2ecb539,0x7b0dbf168ff145f44415992119e48654e5f0fbe6|0xd1c5966f9f5ee6881ff6b261bbeda45972b1b5f3|0xedf0c420bc3b92b961c6ec411cc810ca81f5f21a,0x7b0dbf168ff145f44415992119e48654e5f0fbe6,0xedf0c420bc3b92b961c6ec411cc810ca81f5f21a,USDT,USDT,0xfd00025aebf40868a2cabff6065c34afce494c8a5f572c3707365c36c2ecb539_USDT,1638630111,1638630111,1,7.763666666666666e+20,776.3666666666666,776.3666666666666,0,0,0.775000,bridge_dst_event_flow,True
BNB,Multi,bnb_flow_0xfd00025aebf4__synth_merge_dst,0xfd00025aebf40868a2cabff6065c34afce494c8a5f572c3707365c36c2ecb539,0x7b0dbf168ff145f44415992119e48654e5f0fbe6|0xd1c5966f9f5ee6881ff6b261bbeda45972b1b5f3|0xedf0c420bc3b92b961c6ec411cc810ca81f5f21a,0x7b0dbf168ff145f44415992119e48654e5f0fbe6,0xedf0c420bc3b92b961c6ec411cc810ca81f5f21a,USDT,USDT,0xfd00025aebf40868a2cabff6065c34afce494c8a5f572c3707365c36c2ecb539_USDT,1638630111,1638630111,1,2.3291e+21,2329.1,2329.1,0,0,0.775000,bridge_dst_event_flow,True
BNB,Multi,bnb_flow_0xfd00025aebf4__synth_hidden_dst,0xfd00025aebf40868a2cabff6065c34afce494c8a5f572c3707365c36c2ecb539,0x7b0dbf168ff145f44415992119e48654e5f0fbe6|0xd1c5966f9f5ee6881ff6b261bbeda45972b1b5f3|0xedf0c420bc3b92b961c6ec411cc810ca81f5f21a,0x7b0dbf168ff145f44415992119e48654e5f0fbe6,0xedf0c420bc3b92b961c6ec411cc810ca81f5f21a,USDT,USDT,0xfd00025aebf40868a2cabff6065c34afce494c8a5f572c3707365c36c2ecb539_USDT,1638630111,1638630111,1,2.3291e+21,2329.1,2329.1,0,0,0.775000,bridge_dst_event_flow,True
BNB,Multi,bnb_flow_0xfd00025aebf4__synth_noise_dst_0,0xfd00025aebf40868a2cabff6065c34afce494c8a5f572c3707365c36c2ecb539,0x7b0dbf168ff145f44415992119e48654e5f0fbe6|0xd1c5966f9f5ee6881ff6b261bbeda45972b1b5f3|0xedf0c420bc3b92b961c6ec411cc810ca81f5f21a,0x7b0dbf168ff145f44415992119e48654e5f0fbe6,0xedf0c420bc3b92b961c6ec411cc810ca81f5f21a,USDT,USDT,0xfd00025aebf40868a2cabff6065c34afce494c8a5f572c3707365c36c2ecb539_USDT,1638630171,1638630171,1,2.3291e+21,2329.1,2329.1,0,0,0.775000,bridge_dst_event_flow,True
BNB,Multi,bnb_flow_0xfd00025aebf4__synth_noise_dst_1,0xfd00025aebf40868a2cabff6065c34afce494c8a5f572c3707365c36c2ecb539,0x7b0dbf168ff145f44415992119e48654e5f0fbe6|0xd1c5966f9f5ee6881ff6b261bbeda45972b1b5f3|0xedf0c420bc3b92b961c6ec411cc810ca81f5f21a,0x7b0dbf168ff145f44415992119e48654e5f0fbe6,0xedf0c420bc3b92b961c6ec411cc810ca81f5f21a,USDT,USDT,0xfd00025aebf40868a2cabff6065c34afce494c8a5f572c3707365c36c2ecb539_USDT,1638630231,1638630231,1,2.3291e+21,2329.1,2329.1,0,0,0.775000,bridge_dst_event_flow,True
BNB,Multi,bnb_flow_0x924d204145e1__synth_split_a,0x924d204145e179fef78e4cfe72f052bbf12f4f8be6c070bcc4a4901e9f8068a8,0xacf63120333f45e0dbee0cf51b8c479df8d92279|0xd1c5966f9f5ee6881ff6b261bbeda45972b1b5f3|0xedf0c420bc3b92b961c6ec411cc810ca81f5f21a,0xacf63120333f45e0dbee0cf51b8c479df8d92279,0xedf0c420bc3b92b961c6ec411cc810ca81f5f21a,USDT,USDT,0x924d204145e179fef78e4cfe72f052bbf12f4f8be6c070bcc4a4901e9f8068a8_USDT,1637891636,1637891636,1,3.34036e+20,334.036,334.036,0,0,0.775000,bridge_dst_event_flow,True
BNB,Multi,bnb_flow_0x924d204145e1__synth_split_b,0x924d204145e179fef78e4cfe72f052bbf12f4f8be6c070bcc4a4901e9f8068a8,0xacf63120333f45e0dbee0cf51b8c479df8d92279|0xd1c5966f9f5ee6881ff6b261bbeda45972b1b5f3|0xedf0c420bc3b92b961c6ec411cc810ca81f5f21a,0xacf63120333f45e0dbee0cf51b8c479df8d92279,0xedf0c420bc3b92b961c6ec411cc810ca81f5f21a,USDT,USDT,0x924d204145e179fef78e4cfe72f052bbf12f4f8be6c070bcc4a4901e9f8068a8_USDT,1637891636,1637891636,1,3.34036e+20,334.036,334.036,0,0,0.775000,bridge_dst_event_flow,True
BNB,Multi,bnb_flow_0x924d204145e1__synth_split_c,0x924d204145e179fef78e4cfe72f052bbf12f4f8be6c070bcc4a4901e9f8068a8,0xacf63120333f45e0dbee0cf51b8c479df8d92279|0xd1c5966f9f5ee6881ff6b261bbeda45972b1b5f3|0xedf0c420bc3b92b961c6ec411cc810ca81f5f21a,0xacf63120333f45e0dbee0cf51b8c479df8d92279,0xedf0c420bc3b92b961c6ec411cc810ca81f5f21a,USDT,USDT,0x924d204145e179fef78e4cfe72f052bbf12f4f8be6c070bcc4a4901e9f8068a8_USDT,1637891636,1637891636,1,3.34036e+20,334.036,334.036,0,0,0.775000,bridge_dst_event_flow,True
BNB,Multi,bnb_flow_0x924d204145e1__synth_split_d,0x924d204145e179fef78e4cfe72f052bbf12f4f8be6c070bcc4a4901e9f8068a8,0xacf63120333f45e0dbee0cf51b8c479df8d92279|0xd1c5966f9f5ee6881ff6b261bbeda45972b1b5f3|0xedf0c420bc3b92b961c6ec411cc810ca81f5f21a,0xacf63120333f45e0dbee0cf51b8c479df8d92279,0xedf0c420bc3b92b961c6ec411cc810ca81f5f21a,USDT,USDT,0x924d204145e179fef78e4cfe72f052bbf12f4f8be6c070bcc4a4901e9f8068a8_USDT,1637891636,1637891636,1,3.34036e+20,334.036,334.036,0,0,0.775000,bridge_dst_event_flow,True
BNB,Multi,bnb_flow_0x924d204145e1__synth_split_e,0x924d204145e179fef78e4cfe72f052bbf12f4f8be6c070bcc4a4901e9f8068a8,0xacf63120333f45e0dbee0cf51b8c479df8d92279|0xd1c5966f9f5ee6881ff6b261bbeda45972b1b5f3|0xedf0c420bc3b92b961c6ec411cc810ca81f5f21a,0xacf63120333f45e0dbee0cf51b8c479df8d92279,0xedf0c420bc3b92b961c6ec411cc810ca81f5f21a,USDT,USDT,0x924d204145e179fef78e4cfe72f052bbf12f4f8be6c070bcc4a4901e9f8068a8_USDT,1637891636,1637891636,1,3.34036e+20,334.036,334.036,0,0,0.775000,bridge_dst_event_flow,True
BNB,Multi,bnb_flow_0x924d204145e1__synth_merge_dst,0x924d204145e179fef78e4cfe72f052bbf12f4f8be6c070bcc4a4901e9f8068a8,0xacf63120333f45e0dbee0cf51b8c479df8d92279|0xd1c5966f9f5ee6881ff6b261bbeda45972b1b5f3|0xedf0c420bc3b92b961c6ec411cc810ca81f5f21a,0xacf63120333f45e0dbee0cf51b8c479df8d92279,0xedf0c420bc3b92b961c6ec411cc810ca81f5f21a,USDT,USDT,0x924d204145e179fef78e4cfe72f052bbf12f4f8be6c070bcc4a4901e9f8068a8_USDT,1637891636,1637891636,1,1.67018e+21,1670.1799999999998,1670.1799999999998,0,0,0.775000,bridge_dst_event_flow,True
BNB,Multi,bnb_flow_0x924d204145e1__synth_hidden_dst,0x924d204145e179fef78e4cfe72f052bbf12f4f8be6c070bcc4a4901e9f8068a8,0xacf63120333f45e0dbee0cf51b8c479df8d92279|0xd1c5966f9f5ee6881ff6b261bbeda45972b1b5f3|0xedf0c420bc3b92b961c6ec411cc810ca81f5f21a,0xacf63120333f45e0dbee0cf51b8c479df8d92279,0xedf0c420bc3b92b961c6ec411cc810ca81f5f21a,USDT,USDT,0x924d204145e179fef78e4cfe72f052bbf12f4f8be6c070bcc4a4901e9f8068a8_USDT,1637891636,1637891636,1,1.67018e+21,1670.1799999999998,1670.1799999999998,0,0,0.775000,bridge_dst_event_flow,True
BNB,Multi,bnb_flow_0x924d204145e1__synth_noise_dst_0,0x924d204145e179fef78e4cfe72f052bbf12f4f8be6c070bcc4a4901e9f8068a8,0xacf63120333f45e0dbee0cf51b8c479df8d92279|0xd1c5966f9f5ee6881ff6b261bbeda45972b1b5f3|0xedf0c420bc3b92b961c6ec411cc810ca81f5f21a,0xacf63120333f45e0dbee0cf51b8c479df8d92279,0xedf0c420bc3b92b961c6ec411cc810ca81f5f21a,USDT,USDT,0x924d204145e179fef78e4cfe72f052bbf12f4f8be6c070bcc4a4901e9f8068a8_USDT,1637891696,1637891696,1,1.67018e+21,1670.1799999999998,1670.1799999999998,0,0,0.775000,bridge_dst_event_flow,True
BNB,Multi,bnb_flow_0x924d204145e1__synth_noise_dst_1,0x924d204145e179fef78e4cfe72f052bbf12f4f8be6c070bcc4a4901e9f8068a8,0xacf63120333f45e0dbee0cf51b8c479df8d92279|0xd1c5966f9f5ee6881ff6b261bbeda45972b1b5f3|0xedf0c420bc3b92b961c6ec411cc810ca81f5f21a,0xacf63120333f45e0dbee0cf51b8c479df8d92279,0xedf0c420bc3b92b961c6ec411cc810ca81f5f21a,USDT,USDT,0x924d204145e179fef78e4cfe72f052bbf12f4f8be6c070bcc4a4901e9f8068a8_USDT,1637891756,1637891756,1,1.67018e+21,1670.1799999999998,1670.1799999999998,0,0,0.775000,bridge_dst_event_flow,True
BNB,Multi,bnb_flow_0xb5d705ff0586__synth_split_a,0xb5d705ff0586255ab53726ae25b3f49ed90f73ee2566a95d10be4c866fea1f23,0xaa8ce82ff433de547ff688e420659d35623f0189|0xd1c5966f9f5ee6881ff6b261bbeda45972b1b5f3|0xedf0c420bc3b92b961c6ec411cc810ca81f5f21a,0xaa8ce82ff433de547ff688e420659d35623f0189,0xedf0c420bc3b92b961c6ec411cc810ca81f5f21a,USDT,USDT,0xb5d705ff0586255ab53726ae25b3f49ed90f73ee2566a95d10be4c866fea1f23_USDT,1638375070,1638375070,1,1.50005e+21,1500.05,1500.05,0,0,0.800000,bridge_dst_event_flow,True
BNB,Multi,bnb_flow_0xb5d705ff0586__synth_split_b,0xb5d705ff0586255ab53726ae25b3f49ed90f73ee2566a95d10be4c866fea1f23,0xaa8ce82ff433de547ff688e420659d35623f0189|0xd1c5966f9f5ee6881ff6b261bbeda45972b1b5f3|0xedf0c420bc3b92b961c6ec411cc810ca81f5f21a,0xaa8ce82ff433de547ff688e420659d35623f0189,0xedf0c420bc3b92b961c6ec411cc810ca81f5f21a,USDT,USDT,0xb5d705ff0586255ab53726ae25b3f49ed90f73ee2566a95d10be4c866fea1f23_USDT,1638375070,1638375070,1,1.50005e+21,1500.05,1500.05,0,0,0.800000,bridge_dst_event_flow,True
BNB,Multi,bnb_flow_0xb5d705ff0586__synth_merge_dst,0xb5d705ff0586255ab53726ae25b3f49ed90f73ee2566a95d10be4c866fea1f23,0xaa8ce82ff433de547ff688e420659d35623f0189|0xd1c5966f9f5ee6881ff6b261bbeda45972b1b5f3|0xedf0c420bc3b92b961c6ec411cc810ca81f5f21a,0xaa8ce82ff433de547ff688e420659d35623f0189,0xedf0c420bc3b92b961c6ec411cc810ca81f5f21a,USDT,USDT,0xb5d705ff0586255ab53726ae25b3f49ed90f73ee2566a95d10be4c866fea1f23_USDT,1638375070,1638375070,1,3.0001e+21,3000.1,3000.1,0,0,0.800000,bridge_dst_event_flow,True
BNB,Multi,bnb_flow_0xb5d705ff0586__synth_hidden_dst,0xb5d705ff0586255ab53726ae25b3f49ed90f73ee2566a95d10be4c866fea1f23,0xaa8ce82ff433de547ff688e420659d35623f0189|0xd1c5966f9f5ee6881ff6b261bbeda45972b1b5f3|0xedf0c420bc3b92b961c6ec411cc810ca81f5f21a,0xaa8ce82ff433de547ff688e420659d35623f0189,0xedf0c420bc3b92b961c6ec411cc810ca81f5f21a,USDT,USDT,0xb5d705ff0586255ab53726ae25b3f49ed90f73ee2566a95d10be4c866fea1f23_USDT,1638375070,1638375070,1,3.0001e+21,3000.1,3000.1,0,0,0.800000,bridge_dst_event_flow,True
BNB,Multi,bnb_flow_0xb5d705ff0586__synth_noise_dst_0,0xb5d705ff0586255ab53726ae25b3f49ed90f73ee2566a95d10be4c866fea1f23,0xaa8ce82ff433de547ff688e420659d35623f0189|0xd1c5966f9f5ee6881ff6b261bbeda45972b1b5f3|0xedf0c420bc3b92b961c6ec411cc810ca81f5f21a,0xaa8ce82ff433de547ff688e420659d35623f0189,0xedf0c420bc3b92b961c6ec411cc810ca81f5f21a,USDT,USDT,0xb5d705ff0586255ab53726ae25b3f49ed90f73ee2566a95d10be4c866fea1f23_USDT,1638375130,1638375130,1,3.0001e+21,3000.1,3000.1,0,0,0.800000,bridge_dst_event_flow,True
BNB,Multi,bnb_flow_0xb5d705ff0586__synth_noise_dst_1,0xb5d705ff0586255ab53726ae25b3f49ed90f73ee2566a95d10be4c866fea1f23,0xaa8ce82ff433de547ff688e420659d35623f0189|0xd1c5966f9f5ee6881ff6b261bbeda45972b1b5f3|0xedf0c420bc3b92b961c6ec411cc810ca81f5f21a,0xaa8ce82ff433de547ff688e420659d35623f0189,0xedf0c420bc3b92b961c6ec411cc810ca81f5f21a,USDT,USDT,0xb5d705ff0586255ab53726ae25b3f49ed90f73ee2566a95d10be4c866fea1f23_USDT,1638375190,1638375190,1,3.0001e+21,3000.1,3000.1,0,0,0.800000,bridge_dst_event_flow,True
BNB,Multi,bnb_flow_0xbef124c84dfe__synth_split_a,0xbef124c84dfe484b362f728744c1f36dc79cd0a315328980355f8e9fa24ba503,0x48c17e8ede69a9e6f545befdf4d809b3a0f7d12c|0xd1c5966f9f5ee6881ff6b261bbeda45972b1b5f3|0xdebb1d6a2196f2335ad51fbde7ca587205889360,0x48c17e8ede69a9e6f545befdf4d809b3a0f7d12c,0xdebb1d6a2196f2335ad51fbde7ca587205889360,ETH,WETH_ETH,0xbef124c84dfe484b362f728744c1f36dc79cd0a315328980355f8e9fa24ba503_ETH,1645120508,1645120508,1,7.4485e+17,0.74485,1833.007751610017,0,0,0.825000,bridge_dst_event_flow,True
BNB,Multi,bnb_flow_0xbef124c84dfe__synth_split_b,0xbef124c84dfe484b362f728744c1f36dc79cd0a315328980355f8e9fa24ba503,0x48c17e8ede69a9e6f545befdf4d809b3a0f7d12c|0xd1c5966f9f5ee6881ff6b261bbeda45972b1b5f3|0xdebb1d6a2196f2335ad51fbde7ca587205889360,0x48c17e8ede69a9e6f545befdf4d809b3a0f7d12c,0xdebb1d6a2196f2335ad51fbde7ca587205889360,ETH,WETH_ETH,0xbef124c84dfe484b362f728744c1f36dc79cd0a315328980355f8e9fa24ba503_ETH,1645120508,1645120508,1,7.4485e+17,0.74485,1833.007751610017,0,0,0.825000,bridge_dst_event_flow,True
BNB,Multi,bnb_flow_0xbef124c84dfe__synth_merge_dst,0xbef124c84dfe484b362f728744c1f36dc79cd0a315328980355f8e9fa24ba503,0x48c17e8ede69a9e6f545befdf4d809b3a0f7d12c|0xd1c5966f9f5ee6881ff6b261bbeda45972b1b5f3|0xdebb1d6a2196f2335ad51fbde7ca587205889360,0x48c17e8ede69a9e6f545befdf4d809b3a0f7d12c,0xdebb1d6a2196f2335ad51fbde7ca587205889360,ETH,WETH_ETH,0xbef124c84dfe484b362f728744c1f36dc79cd0a315328980355f8e9fa24ba503_ETH,1645120508,1645120508,1,1.4897e+18,1.4897,3666.015503220034,0,0,0.825000,bridge_dst_event_flow,True
BNB,Multi,bnb_flow_0xbef124c84dfe__synth_hidden_dst,0xbef124c84dfe484b362f728744c1f36dc79cd0a315328980355f8e9fa24ba503,0x48c17e8ede69a9e6f545befdf4d809b3a0f7d12c|0xd1c5966f9f5ee6881ff6b261bbeda45972b1b5f3|0xdebb1d6a2196f2335ad51fbde7ca587205889360,0x48c17e8ede69a9e6f545befdf4d809b3a0f7d12c,0xdebb1d6a2196f2335ad51fbde7ca587205889360,ETH,WETH_ETH,0xbef124c84dfe484b362f728744c1f36dc79cd0a315328980355f8e9fa24ba503_ETH,1645120508,1645120508,1,1.4897e+18,1.4897,3666.015503220034,0,0,0.825000,bridge_dst_event_flow,True
BNB,Multi,bnb_flow_0xbef124c84dfe__synth_noise_dst_0,0xbef124c84dfe484b362f728744c1f36dc79cd0a315328980355f8e9fa24ba503,0x48c17e8ede69a9e6f545befdf4d809b3a0f7d12c|0xd1c5966f9f5ee6881ff6b261bbeda45972b1b5f3|0xdebb1d6a2196f2335ad51fbde7ca587205889360,0x48c17e8ede69a9e6f545befdf4d809b3a0f7d12c,0xdebb1d6a2196f2335ad51fbde7ca587205889360,ETH,WETH_ETH,0xbef124c84dfe484b362f728744c1f36dc79cd0a315328980355f8e9fa24ba503_ETH,1645120568,1645120568,1,1.4897e+18,1.4897,3666.015503220034,0,0,0.825000,bridge_dst_event_flow,True
BNB,Multi,bnb_flow_0xbef124c84dfe__synth_noise_dst_1,0xbef124c84dfe484b362f728744c1f36dc79cd0a315328980355f8e9fa24ba503,0x48c17e8ede69a9e6f545befdf4d809b3a0f7d12c|0xd1c5966f9f5ee6881ff6b261bbeda45972b1b5f3|0xdebb1d6a2196f2335ad51fbde7ca587205889360,0x48c17e8ede69a9e6f545befdf4d809b3a0f7d12c,0xdebb1d6a2196f2335ad51fbde7ca587205889360,ETH,WETH_ETH,0xbef124c84dfe484b362f728744c1f36dc79cd0a315328980355f8e9fa24ba503_ETH,1645120628,1645120628,1,1.4897e+18,1.4897,3666.015503220034,0,0,0.825000,bridge_dst_event_flow,True
BNB,Multi,bnb_flow_0x5842953ce355__synth_split_a,0x5842953ce355e002239d3b955e2b9caba22280dfac78bd5e9d829b15eeb942b9,0xd1c5966f9f5ee6881ff6b261bbeda45972b1b5f3|0xedf0c420bc3b92b961c6ec411cc810ca81f5f21a|0xfa45a170ba1ba6cd6fa769ecdd4a2760e374bc28,0xfa45a170ba1ba6cd6fa769ecdd4a2760e374bc28,0xedf0c420bc3b92b961c6ec411cc810ca81f5f21a,USDT,USDT,0x5842953ce355e002239d3b955e2b9caba22280dfac78bd5e9d829b15eeb942b9_USDT,1639342467,1639342467,1,1.0081833333333333e+21,1008.1833333333334,1008.1833333333334,0,0,0.800000,bridge_dst_event_flow,True
BNB,Multi,bnb_flow_0x5842953ce355__synth_split_b,0x5842953ce355e002239d3b955e2b9caba22280dfac78bd5e9d829b15eeb942b9,0xd1c5966f9f5ee6881ff6b261bbeda45972b1b5f3|0xedf0c420bc3b92b961c6ec411cc810ca81f5f21a|0xfa45a170ba1ba6cd6fa769ecdd4a2760e374bc28,0xfa45a170ba1ba6cd6fa769ecdd4a2760e374bc28,0xedf0c420bc3b92b961c6ec411cc810ca81f5f21a,USDT,USDT,0x5842953ce355e002239d3b955e2b9caba22280dfac78bd5e9d829b15eeb942b9_USDT,1639342467,1639342467,1,1.0081833333333333e+21,1008.1833333333334,1008.1833333333334,0,0,0.800000,bridge_dst_event_flow,True
BNB,Multi,bnb_flow_0x5842953ce355__synth_split_c,0x5842953ce355e002239d3b955e2b9caba22280dfac78bd5e9d829b15eeb942b9,0xd1c5966f9f5ee6881ff6b261bbeda45972b1b5f3|0xedf0c420bc3b92b961c6ec411cc810ca81f5f21a|0xfa45a170ba1ba6cd6fa769ecdd4a2760e374bc28,0xfa45a170ba1ba6cd6fa769ecdd4a2760e374bc28,0xedf0c420bc3b92b961c6ec411cc810ca81f5f21a,USDT,USDT,0x5842953ce355e002239d3b955e2b9caba22280dfac78bd5e9d829b15eeb942b9_USDT,1639342467,1639342467,1,1.0081833333333333e+21,1008.1833333333334,1008.1833333333334,0,0,0.800000,bridge_dst_event_flow,True
BNB,Multi,bnb_flow_0x5842953ce355__synth_merge_dst,0x5842953ce355e002239d3b955e2b9caba22280dfac78bd5e9d829b15eeb942b9,0xd1c5966f9f5ee6881ff6b261bbeda45972b1b5f3|0xedf0c420bc3b92b961c6ec411cc810ca81f5f21a|0xfa45a170ba1ba6cd6fa769ecdd4a2760e374bc28,0xfa45a170ba1ba6cd6fa769ecdd4a2760e374bc28,0xedf0c420bc3b92b961c6ec411cc810ca81f5f21a,USDT,USDT,0x5842953ce355e002239d3b955e2b9caba22280dfac78bd5e9d829b15eeb942b9_USDT,1639342467,1639342467,1,3.02455e+21,3024.55,3024.55,0,0,0.800000,bridge_dst_event_flow,True
BNB,Multi,bnb_flow_0x5842953ce355__synth_hidden_dst,0x5842953ce355e002239d3b955e2b9caba22280dfac78bd5e9d829b15eeb942b9,0xd1c5966f9f5ee6881ff6b261bbeda45972b1b5f3|0xedf0c420bc3b92b961c6ec411cc810ca81f5f21a|0xfa45a170ba1ba6cd6fa769ecdd4a2760e374bc28,0xfa45a170ba1ba6cd6fa769ecdd4a2760e374bc28,0xedf0c420bc3b92b961c6ec411cc810ca81f5f21a,USDT,USDT,0x5842953ce355e002239d3b955e2b9caba22280dfac78bd5e9d829b15eeb942b9_USDT,1639342467,1639342467,1,3.02455e+21,3024.55,3024.55,0,0,0.800000,bridge_dst_event_flow,True
BNB,Multi,bnb_flow_0x5842953ce355__synth_noise_dst_0,0x5842953ce355e002239d3b955e2b9caba22280dfac78bd5e9d829b15eeb942b9,0xd1c5966f9f5ee6881ff6b261bbeda45972b1b5f3|0xedf0c420bc3b92b961c6ec411cc810ca81f5f21a|0xfa45a170ba1ba6cd6fa769ecdd4a2760e374bc28,0xfa45a170ba1ba6cd6fa769ecdd4a2760e374bc28,0xedf0c420bc3b92b961c6ec411cc810ca81f5f21a,USDT,USDT,0x5842953ce355e002239d3b955e2b9caba22280dfac78bd5e9d829b15eeb942b9_USDT,1639342527,1639342527,1,3.02455e+21,3024.55,3024.55,0,0,0.800000,bridge_dst_event_flow,True
BNB,Multi,bnb_flow_0x5842953ce355__synth_noise_dst_1,0x5842953ce355e002239d3b955e2b9caba22280dfac78bd5e9d829b15eeb942b9,0xd1c5966f9f5ee6881ff6b261bbeda45972b1b5f3|0xedf0c420bc3b92b961c6ec411cc810ca81f5f21a|0xfa45a170ba1ba6cd6fa769ecdd4a2760e374bc28,0xfa45a170ba1ba6cd6fa769ecdd4a2760e374bc28,0xedf0c420bc3b92b961c6ec411cc810ca81f5f21a,USDT,USDT,0x5842953ce355e002239d3b955e2b9caba22280dfac78bd5e9d829b15eeb942b9_USDT,1639342587,1639342587,1,3.02455e+21,3024.55,3024.55,0,0,0.800000,bridge_dst_event_flow,True
BNB,Multi,bnb_flow_0xab5e76dc170a__synth_split_a,0xab5e76dc170a95bc2dfa9827597d2302254047389064f842113e0458c5ab31d3,0xd1c5966f9f5ee6881ff6b261bbeda45972b1b5f3|0xdebb1d6a2196f2335ad51fbde7ca587205889360|0xf9ab2ef128d856339ad2c258cdaa14a22c662a14,0xf9ab2ef128d856339ad2c258cdaa14a22c662a14,0xdebb1d6a2196f2335ad51fbde7ca587205889360,ETH,WETH_ETH,0xab5e76dc170a95bc2dfa9827597d2302254047389064f842113e0458c5ab31d3_ETH,1645077332,1645077332,1,3.665666666666666e+17,0.3665666666666666,902.0870530735654,0,0,0.825000,bridge_dst_event_flow,True
BNB,Multi,bnb_flow_0xab5e76dc170a__synth_split_b,0xab5e76dc170a95bc2dfa9827597d2302254047389064f842113e0458c5ab31d3,0xd1c5966f9f5ee6881ff6b261bbeda45972b1b5f3|0xdebb1d6a2196f2335ad51fbde7ca587205889360|0xf9ab2ef128d856339ad2c258cdaa14a22c662a14,0xf9ab2ef128d856339ad2c258cdaa14a22c662a14,0xdebb1d6a2196f2335ad51fbde7ca587205889360,ETH,WETH_ETH,0xab5e76dc170a95bc2dfa9827597d2302254047389064f842113e0458c5ab31d3_ETH,1645077332,1645077332,1,3.665666666666666e+17,0.3665666666666666,902.0870530735654,0,0,0.825000,bridge_dst_event_flow,True
BNB,Multi,bnb_flow_0xab5e76dc170a__synth_split_c,0xab5e76dc170a95bc2dfa9827597d2302254047389064f842113e0458c5ab31d3,0xd1c5966f9f5ee6881ff6b261bbeda45972b1b5f3|0xdebb1d6a2196f2335ad51fbde7ca587205889360|0xf9ab2ef128d856339ad2c258cdaa14a22c662a14,0xf9ab2ef128d856339ad2c258cdaa14a22c662a14,0xdebb1d6a2196f2335ad51fbde7ca587205889360,ETH,WETH_ETH,0xab5e76dc170a95bc2dfa9827597d2302254047389064f842113e0458c5ab31d3_ETH,1645077332,1645077332,1,3.665666666666666e+17,0.3665666666666666,902.0870530735654,0,0,0.825000,bridge_dst_event_flow,True
BNB,Multi,bnb_flow_0xab5e76dc170a__synth_merge_dst,0xab5e76dc170a95bc2dfa9827597d2302254047389064f842113e0458c5ab31d3,0xd1c5966f9f5ee6881ff6b261bbeda45972b1b5f3|0xdebb1d6a2196f2335ad51fbde7ca587205889360|0xf9ab2ef128d856339ad2c258cdaa14a22c662a14,0xf9ab2ef128d856339ad2c258cdaa14a22c662a14,0xdebb1d6a2196f2335ad51fbde7ca587205889360,ETH,WETH_ETH,0xab5e76dc170a95bc2dfa9827597d2302254047389064f842113e0458c5ab31d3_ETH,1645077332,1645077332,1,1.0997e+18,1.0997,2706.2611592206963,0,0,0.825000,bridge_dst_event_flow,True
BNB,Multi,bnb_flow_0xab5e76dc170a__synth_hidden_dst,0xab5e76dc170a95bc2dfa9827597d2302254047389064f842113e0458c5ab31d3,0xd1c5966f9f5ee6881ff6b261bbeda45972b1b5f3|0xdebb1d6a2196f2335ad51fbde7ca587205889360|0xf9ab2ef128d856339ad2c258cdaa14a22c662a14,0xf9ab2ef128d856339ad2c258cdaa14a22c662a14,0xdebb1d6a2196f2335ad51fbde7ca587205889360,ETH,WETH_ETH,0xab5e76dc170a95bc2dfa9827597d2302254047389064f842113e0458c5ab31d3_ETH,1645077332,1645077332,1,1.0997e+18,1.0997,2706.2611592206963,0,0,0.825000,bridge_dst_event_flow,True
BNB,Multi,bnb_flow_0xab5e76dc170a__synth_noise_dst_0,0xab5e76dc170a95bc2dfa9827597d2302254047389064f842113e0458c5ab31d3,0xd1c5966f9f5ee6881ff6b261bbeda45972b1b5f3|0xdebb1d6a2196f2335ad51fbde7ca587205889360|0xf9ab2ef128d856339ad2c258cdaa14a22c662a14,0xf9ab2ef128d856339ad2c258cdaa14a22c662a14,0xdebb1d6a2196f2335ad51fbde7ca587205889360,ETH,WETH_ETH,0xab5e76dc170a95bc2dfa9827597d2302254047389064f842113e0458c5ab31d3_ETH,1645077392,1645077392,1,1.0997e+18,1.0997,2706.2611592206963,0,0,0.825000,bridge_dst_event_flow,True
BNB,Multi,bnb_flow_0xab5e76dc170a__synth_noise_dst_1,0xab5e76dc170a95bc2dfa9827597d2302254047389064f842113e0458c5ab31d3,0xd1c5966f9f5ee6881ff6b261bbeda45972b1b5f3|0xdebb1d6a2196f2335ad51fbde7ca587205889360|0xf9ab2ef128d856339ad2c258cdaa14a22c662a14,0xf9ab2ef128d856339ad2c258cdaa14a22c662a14,0xdebb1d6a2196f2335ad51fbde7ca587205889360,ETH,WETH_ETH,0xab5e76dc170a95bc2dfa9827597d2302254047389064f842113e0458c5ab31d3_ETH,1645077452,1645077452,1,1.0997e+18,1.0997,2706.2611592206963,0,0,0.825000,bridge_dst_event_flow,True
BNB,Multi,bnb_flow_0xd1541b1979e6__synth_split_a,0xd1541b1979e6ff842b7b4b0757309748ab312cff40b779d78abc3f52db1d8c69,0xbf2882cb402438a57e8b0c1bc38aa5813317f531|0xd1c5966f9f5ee6881ff6b261bbeda45972b1b5f3|0xedf0c420bc3b92b961c6ec411cc810ca81f5f21a,0xbf2882cb402438a57e8b0c1bc38aa5813317f531,0xedf0c420bc3b92b961c6ec411cc810ca81f5f21a,USDT,USDT,0xd1541b1979e6ff842b7b4b0757309748ab312cff40b779d78abc3f52db1d8c69_USDT,1638683452,1638683452,1,1.98783e+21,1987.83,1987.83,0,0,0.800000,bridge_dst_event_flow,True
BNB,Multi,bnb_flow_0xd1541b1979e6__synth_split_b,0xd1541b1979e6ff842b7b4b0757309748ab312cff40b779d78abc3f52db1d8c69,0xbf2882cb402438a57e8b0c1bc38aa5813317f531|0xd1c5966f9f5ee6881ff6b261bbeda45972b1b5f3|0xedf0c420bc3b92b961c6ec411cc810ca81f5f21a,0xbf2882cb402438a57e8b0c1bc38aa5813317f531,0xedf0c420bc3b92b961c6ec411cc810ca81f5f21a,USDT,USDT,0xd1541b1979e6ff842b7b4b0757309748ab312cff40b779d78abc3f52db1d8c69_USDT,1638683452,1638683452,1,1.98783e+21,1987.83,1987.83,0,0,0.800000,bridge_dst_event_flow,True
BNB,Multi,bnb_flow_0xd1541b1979e6__synth_merge_dst,0xd1541b1979e6ff842b7b4b0757309748ab312cff40b779d78abc3f52db1d8c69,0xbf2882cb402438a57e8b0c1bc38aa5813317f531|0xd1c5966f9f5ee6881ff6b261bbeda45972b1b5f3|0xedf0c420bc3b92b961c6ec411cc810ca81f5f21a,0xbf2882cb402438a57e8b0c1bc38aa5813317f531,0xedf0c420bc3b92b961c6ec411cc810ca81f5f21a,USDT,USDT,0xd1541b1979e6ff842b7b4b0757309748ab312cff40b779d78abc3f52db1d8c69_USDT,1638683452,1638683452,1,3.97566e+21,3975.66,3975.66,0,0,0.800000,bridge_dst_event_flow,True
BNB,Multi,bnb_flow_0xd1541b1979e6__synth_hidden_dst,0xd1541b1979e6ff842b7b4b0757309748ab312cff40b779d78abc3f52db1d8c69,0xbf2882cb402438a57e8b0c1bc38aa5813317f531|0xd1c5966f9f5ee6881ff6b261bbeda45972b1b5f3|0xedf0c420bc3b92b961c6ec411cc810ca81f5f21a,0xbf2882cb402438a57e8b0c1bc38aa5813317f531,0xedf0c420bc3b92b961c6ec411cc810ca81f5f21a,USDT,USDT,0xd1541b1979e6ff842b7b4b0757309748ab312cff40b779d78abc3f52db1d8c69_USDT,1638683452,1638683452,1,3.97566e+21,3975.66,3975.66,0,0,0.800000,bridge_dst_event_flow,True
BNB,Multi,bnb_flow_0xd1541b1979e6__synth_noise_dst_0,0xd1541b1979e6ff842b7b4b0757309748ab312cff40b779d78abc3f52db1d8c69,0xbf2882cb402438a57e8b0c1bc38aa5813317f531|0xd1c5966f9f5ee6881ff6b261bbeda45972b1b5f3|0xedf0c420bc3b92b961c6ec411cc810ca81f5f21a,0xbf2882cb402438a57e8b0c1bc38aa5813317f531,0xedf0c420bc3b92b961c6ec411cc810ca81f5f21a,USDT,USDT,0xd1541b1979e6ff842b7b4b0757309748ab312cff40b779d78abc3f52db1d8c69_USDT,1638683512,1638683512,1,3.97566e+21,3975.66,3975.66,0,0,0.800000,bridge_dst_event_flow,True
BNB,Multi,bnb_flow_0xd1541b1979e6__synth_noise_dst_1,0xd1541b1979e6ff842b7b4b0757309748ab312cff40b779d78abc3f52db1d8c69,0xbf2882cb402438a57e8b0c1bc38aa5813317f531|0xd1c5966f9f5ee6881ff6b261bbeda45972b1b5f3|0xedf0c420bc3b92b961c6ec411cc810ca81f5f21a,0xbf2882cb402438a57e8b0c1bc38aa5813317f531,0xedf0c420bc3b92b961c6ec411cc810ca81f5f21a,USDT,USDT,0xd1541b1979e6ff842b7b4b0757309748ab312cff40b779d78abc3f52db1d8c69_USDT,1638683572,1638683572,1,3.97566e+21,3975.66,3975.66,0,0,0.800000,bridge_dst_event_flow,True
BNB,Multi,bnb_flow_0xe7f1742fefb9__synth_split_a,0xe7f1742fefb95ddcc5612c2eaa447e79bc5524db80ba673f48178fa59b8964d0,0xd1c5966f9f5ee6881ff6b261bbeda45972b1b5f3|0xd77fdcc3bc019c9adfffaeaf462e3204f64348b0|0xdebb1d6a2196f2335ad51fbde7ca587205889360,0xd77fdcc3bc019c9adfffaeaf462e3204f64348b0,0xdebb1d6a2196f2335ad51fbde7ca587205889360,ETH,WETH_ETH,0xe7f1742fefb95ddcc5612c2eaa447e79bc5524db80ba673f48178fa59b8964d0_ETH,1645552445,1645552445,1,4.4985e+17,0.44985,1107.0397221746207,0,0,0.825000,bridge_dst_event_flow,True
BNB,Multi,bnb_flow_0xe7f1742fefb9__synth_split_b,0xe7f1742fefb95ddcc5612c2eaa447e79bc5524db80ba673f48178fa59b8964d0,0xd1c5966f9f5ee6881ff6b261bbeda45972b1b5f3|0xd77fdcc3bc019c9adfffaeaf462e3204f64348b0|0xdebb1d6a2196f2335ad51fbde7ca587205889360,0xd77fdcc3bc019c9adfffaeaf462e3204f64348b0,0xdebb1d6a2196f2335ad51fbde7ca587205889360,ETH,WETH_ETH,0xe7f1742fefb95ddcc5612c2eaa447e79bc5524db80ba673f48178fa59b8964d0_ETH,1645552445,1645552445,1,4.4985e+17,0.44985,1107.0397221746207,0,0,0.825000,bridge_dst_event_flow,True
BNB,Multi,bnb_flow_0xe7f1742fefb9__synth_merge_dst,0xe7f1742fefb95ddcc5612c2eaa447e79bc5524db80ba673f48178fa59b8964d0,0xd1c5966f9f5ee6881ff6b261bbeda45972b1b5f3|0xd77fdcc3bc019c9adfffaeaf462e3204f64348b0|0xdebb1d6a2196f2335ad51fbde7ca587205889360,0xd77fdcc3bc019c9adfffaeaf462e3204f64348b0,0xdebb1d6a2196f2335ad51fbde7ca587205889360,ETH,WETH_ETH,0xe7f1742fefb95ddcc5612c2eaa447e79bc5524db80ba673f48178fa59b8964d0_ETH,1645552445,1645552445,1,8.997e+17,0.8997,2214.0794443492414,0,0,0.825000,bridge_dst_event_flow,True
BNB,Multi,bnb_flow_0xe7f1742fefb9__synth_hidden_dst,0xe7f1742fefb95ddcc5612c2eaa447e79bc5524db80ba673f48178fa59b8964d0,0xd1c5966f9f5ee6881ff6b261bbeda45972b1b5f3|0xd77fdcc3bc019c9adfffaeaf462e3204f64348b0|0xdebb1d6a2196f2335ad51fbde7ca587205889360,0xd77fdcc3bc019c9adfffaeaf462e3204f64348b0,0xdebb1d6a2196f2335ad51fbde7ca587205889360,ETH,WETH_ETH,0xe7f1742fefb95ddcc5612c2eaa447e79bc5524db80ba673f48178fa59b8964d0_ETH,1645552445,1645552445,1,8.997e+17,0.8997,2214.0794443492414,0,0,0.825000,bridge_dst_event_flow,True
BNB,Multi,bnb_flow_0xe7f1742fefb9__synth_noise_dst_0,0xe7f1742fefb95ddcc5612c2eaa447e79bc5524db80ba673f48178fa59b8964d0,0xd1c5966f9f5ee6881ff6b261bbeda45972b1b5f3|0xd77fdcc3bc019c9adfffaeaf462e3204f64348b0|0xdebb1d6a2196f2335ad51fbde7ca587205889360,0xd77fdcc3bc019c9adfffaeaf462e3204f64348b0,0xdebb1d6a2196f2335ad51fbde7ca587205889360,ETH,WETH_ETH,0xe7f1742fefb95ddcc5612c2eaa447e79bc5524db80ba673f48178fa59b8964d0_ETH,1645552505,1645552505,1,8.997e+17,0.8997,2214.0794443492414,0,0,0.825000,bridge_dst_event_flow,True
BNB,Multi,bnb_flow_0xe7f1742fefb9__synth_noise_dst_1,0xe7f1742fefb95ddcc5612c2eaa447e79bc5524db80ba673f48178fa59b8964d0,0xd1c5966f9f5ee6881ff6b261bbeda45972b1b5f3|0xd77fdcc3bc019c9adfffaeaf462e3204f64348b0|0xdebb1d6a2196f2335ad51fbde7ca587205889360,0xd77fdcc3bc019c9adfffaeaf462e3204f64348b0,0xdebb1d6a2196f2335ad51fbde7ca587205889360,ETH,WETH_ETH,0xe7f1742fefb95ddcc5612c2eaa447e79bc5524db80ba673f48178fa59b8964d0_ETH,1645552565,1645552565,1,8.997e+17,0.8997,2214.0794443492414,0,0,0.825000,bridge_dst_event_flow,True
BNB,Multi,bnb_flow_0x9091ed0419a9__synth_split_a,0x9091ed0419a95a35f05cd2432ea0b077a436f7a31f95d8f61c0beed480d6cbcb,0x09d568c376be4b8a9905e3693b3ea6dce617c52d|0xd1c5966f9f5ee6881ff6b261bbeda45972b1b5f3|0xedf0c420bc3b92b961c6ec411cc810ca81f5f21a,0x09d568c376be4b8a9905e3693b3ea6dce617c52d,0xedf0c420bc3b92b961c6ec411cc810ca81f5f21a,USDT,USDT,0x9091ed0419a95a35f05cd2432ea0b077a436f7a31f95d8f61c0beed480d6cbcb_USDT,1638280411,1638280411,1,5e+20,500.0,500.0,0,0,0.800000,bridge_dst_event_flow,True
BNB,Multi,bnb_flow_0x9091ed0419a9__synth_split_b,0x9091ed0419a95a35f05cd2432ea0b077a436f7a31f95d8f61c0beed480d6cbcb,0x09d568c376be4b8a9905e3693b3ea6dce617c52d|0xd1c5966f9f5ee6881ff6b261bbeda45972b1b5f3|0xedf0c420bc3b92b961c6ec411cc810ca81f5f21a,0x09d568c376be4b8a9905e3693b3ea6dce617c52d,0xedf0c420bc3b92b961c6ec411cc810ca81f5f21a,USDT,USDT,0x9091ed0419a95a35f05cd2432ea0b077a436f7a31f95d8f61c0beed480d6cbcb_USDT,1638280411,1638280411,1,5e+20,500.0,500.0,0,0,0.800000,bridge_dst_event_flow,True
BNB,Multi,bnb_flow_0x9091ed0419a9__synth_split_c,0x9091ed0419a95a35f05cd2432ea0b077a436f7a31f95d8f61c0beed480d6cbcb,0x09d568c376be4b8a9905e3693b3ea6dce617c52d|0xd1c5966f9f5ee6881ff6b261bbeda45972b1b5f3|0xedf0c420bc3b92b961c6ec411cc810ca81f5f21a,0x09d568c376be4b8a9905e3693b3ea6dce617c52d,0xedf0c420bc3b92b961c6ec411cc810ca81f5f21a,USDT,USDT,0x9091ed0419a95a35f05cd2432ea0b077a436f7a31f95d8f61c0beed480d6cbcb_USDT,1638280411,1638280411,1,5e+20,500.0,500.0,0,0,0.800000,bridge_dst_event_flow,True
BNB,Multi,bnb_flow_0x9091ed0419a9__synth_merge_dst,0x9091ed0419a95a35f05cd2432ea0b077a436f7a31f95d8f61c0beed480d6cbcb,0x09d568c376be4b8a9905e3693b3ea6dce617c52d|0xd1c5966f9f5ee6881ff6b261bbeda45972b1b5f3|0xedf0c420bc3b92b961c6ec411cc810ca81f5f21a,0x09d568c376be4b8a9905e3693b3ea6dce617c52d,0xedf0c420bc3b92b961c6ec411cc810ca81f5f21a,USDT,USDT,0x9091ed0419a95a35f05cd2432ea0b077a436f7a31f95d8f61c0beed480d6cbcb_USDT,1638280411,1638280411,1,1.5e+21,1500.0,1500.0,0,0,0.800000,bridge_dst_event_flow,True
BNB,Multi,bnb_flow_0x9091ed0419a9__synth_hidden_dst,0x9091ed0419a95a35f05cd2432ea0b077a436f7a31f95d8f61c0beed480d6cbcb,0x09d568c376be4b8a9905e3693b3ea6dce617c52d|0xd1c5966f9f5ee6881ff6b261bbeda45972b1b5f3|0xedf0c420bc3b92b961c6ec411cc810ca81f5f21a,0x09d568c376be4b8a9905e3693b3ea6dce617c52d,0xedf0c420bc3b92b961c6ec411cc810ca81f5f21a,USDT,USDT,0x9091ed0419a95a35f05cd2432ea0b077a436f7a31f95d8f61c0beed480d6cbcb_USDT,1638280411,1638280411,1,1.5e+21,1500.0,1500.0,0,0,0.800000,bridge_dst_event_flow,True
BNB,Multi,bnb_flow_0x9091ed0419a9__synth_noise_dst_0,0x9091ed0419a95a35f05cd2432ea0b077a436f7a31f95d8f61c0beed480d6cbcb,0x09d568c376be4b8a9905e3693b3ea6dce617c52d|0xd1c5966f9f5ee6881ff6b261bbeda45972b1b5f3|0xedf0c420bc3b92b961c6ec411cc810ca81f5f21a,0x09d568c376be4b8a9905e3693b3ea6dce617c52d,0xedf0c420bc3b92b961c6ec411cc810ca81f5f21a,USDT,USDT,0x9091ed0419a95a35f05cd2432ea0b077a436f7a31f95d8f61c0beed480d6cbcb_USDT,1638280471,1638280471,1,1.5e+21,1500.0,1500.0,0,0,0.800000,bridge_dst_event_flow,True
BNB,Multi,bnb_flow_0x9091ed0419a9__synth_noise_dst_1,0x9091ed0419a95a35f05cd2432ea0b077a436f7a31f95d8f61c0beed480d6cbcb,0x09d568c376be4b8a9905e3693b3ea6dce617c52d|0xd1c5966f9f5ee6881ff6b261bbeda45972b1b5f3|0xedf0c420bc3b92b961c6ec411cc810ca81f5f21a,0x09d568c376be4b8a9905e3693b3ea6dce617c52d,0xedf0c420bc3b92b961c6ec411cc810ca81f5f21a,USDT,USDT,0x9091ed0419a95a35f05cd2432ea0b077a436f7a31f95d8f61c0beed480d6cbcb_USDT,1638280531,1638280531,1,1.5e+21,1500.0,1500.0,0,0,0.800000,bridge_dst_event_flow,True
BNB,Multi,bnb_flow_0xdb34a63c4c47__synth_split_a,0xdb34a63c4c472efe70471e36e74121de2344eb108bbb2ef16b086dfc28822ec0,0xcb41d323a75e278177a60688415361aab10e8bc4|0xd1c5966f9f5ee6881ff6b261bbeda45972b1b5f3|0xedf0c420bc3b92b961c6ec411cc810ca81f5f21a,0xcb41d323a75e278177a60688415361aab10e8bc4,0xedf0c420bc3b92b961c6ec411cc810ca81f5f21a,USDT,USDT,0xdb34a63c4c472efe70471e36e74121de2344eb108bbb2ef16b086dfc28822ec0_USDT,1639096527,1639096527,1,8.7355e+20,873.55,873.55,0,0,0.800000,bridge_dst_event_flow,True
BNB,Multi,bnb_flow_0xdb34a63c4c47__synth_split_b,0xdb34a63c4c472efe70471e36e74121de2344eb108bbb2ef16b086dfc28822ec0,0xcb41d323a75e278177a60688415361aab10e8bc4|0xd1c5966f9f5ee6881ff6b261bbeda45972b1b5f3|0xedf0c420bc3b92b961c6ec411cc810ca81f5f21a,0xcb41d323a75e278177a60688415361aab10e8bc4,0xedf0c420bc3b92b961c6ec411cc810ca81f5f21a,USDT,USDT,0xdb34a63c4c472efe70471e36e74121de2344eb108bbb2ef16b086dfc28822ec0_USDT,1639096527,1639096527,1,8.7355e+20,873.55,873.55,0,0,0.800000,bridge_dst_event_flow,True
BNB,Multi,bnb_flow_0xdb34a63c4c47__synth_merge_dst,0xdb34a63c4c472efe70471e36e74121de2344eb108bbb2ef16b086dfc28822ec0,0xcb41d323a75e278177a60688415361aab10e8bc4|0xd1c5966f9f5ee6881ff6b261bbeda45972b1b5f3|0xedf0c420bc3b92b961c6ec411cc810ca81f5f21a,0xcb41d323a75e278177a60688415361aab10e8bc4,0xedf0c420bc3b92b961c6ec411cc810ca81f5f21a,USDT,USDT,0xdb34a63c4c472efe70471e36e74121de2344eb108bbb2ef16b086dfc28822ec0_USDT,1639096527,1639096527,1,1.7471e+21,1747.1,1747.1,0,0,0.800000,bridge_dst_event_flow,True
BNB,Multi,bnb_flow_0xdb34a63c4c47__synth_hidden_dst,0xdb34a63c4c472efe70471e36e74121de2344eb108bbb2ef16b086dfc28822ec0,0xcb41d323a75e278177a60688415361aab10e8bc4|0xd1c5966f9f5ee6881ff6b261bbeda45972b1b5f3|0xedf0c420bc3b92b961c6ec411cc810ca81f5f21a,0xcb41d323a75e278177a60688415361aab10e8bc4,0xedf0c420bc3b92b961c6ec411cc810ca81f5f21a,USDT,USDT,0xdb34a63c4c472efe70471e36e74121de2344eb108bbb2ef16b086dfc28822ec0_USDT,1639096527,1639096527,1,1.7471e+21,1747.1,1747.1,0,0,0.800000,bridge_dst_event_flow,True
BNB,Multi,bnb_flow_0xdb34a63c4c47__synth_noise_dst_0,0xdb34a63c4c472efe70471e36e74121de2344eb108bbb2ef16b086dfc28822ec0,0xcb41d323a75e278177a60688415361aab10e8bc4|0xd1c5966f9f5ee6881ff6b261bbeda45972b1b5f3|0xedf0c420bc3b92b961c6ec411cc810ca81f5f21a,0xcb41d323a75e278177a60688415361aab10e8bc4,0xedf0c420bc3b92b961c6ec411cc810ca81f5f21a,USDT,USDT,0xdb34a63c4c472efe70471e36e74121de2344eb108bbb2ef16b086dfc28822ec0_USDT,1639096587,1639096587,1,1.7471e+21,1747.1,1747.1,0,0,0.800000,bridge_dst_event_flow,True
BNB,Multi,bnb_flow_0xdb34a63c4c47__synth_noise_dst_1,0xdb34a63c4c472efe70471e36e74121de2344eb108bbb2ef16b086dfc28822ec0,0xcb41d323a75e278177a60688415361aab10e8bc4|0xd1c5966f9f5ee6881ff6b261bbeda45972b1b5f3|0xedf0c420bc3b92b961c6ec411cc810ca81f5f21a,0xcb41d323a75e278177a60688415361aab10e8bc4,0xedf0c420bc3b92b961c6ec411cc810ca81f5f21a,USDT,USDT,0xdb34a63c4c472efe70471e36e74121de2344eb108bbb2ef16b086dfc28822ec0_USDT,1639096647,1639096647,1,1.7471e+21,1747.1,1747.1,0,0,0.800000,bridge_dst_event_flow,True
BNB,Multi,bnb_flow_0x7ce683b10ae2__synth_split_a,0x7ce683b10ae217f884d7e388ba1812baf27db2bc0e8f459c9228945678915edb,0xd1c5966f9f5ee6881ff6b261bbeda45972b1b5f3|0xec33f6bff72f7328f7532d5b70f76047ea3fdaba|0xedf0c420bc3b92b961c6ec411cc810ca81f5f21a,0xec33f6bff72f7328f7532d5b70f76047ea3fdaba,0xedf0c420bc3b92b961c6ec411cc810ca81f5f21a,USDT,USDT,0x7ce683b10ae217f884d7e388ba1812baf27db2bc0e8f459c9228945678915edb_USDT,1638358059,1638358059,1,3.748875e+20,374.8875,374.8875,0,0,0.800000,bridge_dst_event_flow,True
BNB,Multi,bnb_flow_0x7ce683b10ae2__synth_split_b,0x7ce683b10ae217f884d7e388ba1812baf27db2bc0e8f459c9228945678915edb,0xd1c5966f9f5ee6881ff6b261bbeda45972b1b5f3|0xec33f6bff72f7328f7532d5b70f76047ea3fdaba|0xedf0c420bc3b92b961c6ec411cc810ca81f5f21a,0xec33f6bff72f7328f7532d5b70f76047ea3fdaba,0xedf0c420bc3b92b961c6ec411cc810ca81f5f21a,USDT,USDT,0x7ce683b10ae217f884d7e388ba1812baf27db2bc0e8f459c9228945678915edb_USDT,1638358059,1638358059,1,3.748875e+20,374.8875,374.8875,0,0,0.800000,bridge_dst_event_flow,True
BNB,Multi,bnb_flow_0x7ce683b10ae2__synth_split_c,0x7ce683b10ae217f884d7e388ba1812baf27db2bc0e8f459c9228945678915edb,0xd1c5966f9f5ee6881ff6b261bbeda45972b1b5f3|0xec33f6bff72f7328f7532d5b70f76047ea3fdaba|0xedf0c420bc3b92b961c6ec411cc810ca81f5f21a,0xec33f6bff72f7328f7532d5b70f76047ea3fdaba,0xedf0c420bc3b92b961c6ec411cc810ca81f5f21a,USDT,USDT,0x7ce683b10ae217f884d7e388ba1812baf27db2bc0e8f459c9228945678915edb_USDT,1638358059,1638358059,1,3.748875e+20,374.8875,374.8875,0,0,0.800000,bridge_dst_event_flow,True
BNB,Multi,bnb_flow_0x7ce683b10ae2__synth_split_d,0x7ce683b10ae217f884d7e388ba1812baf27db2bc0e8f459c9228945678915edb,0xd1c5966f9f5ee6881ff6b261bbeda45972b1b5f3|0xec33f6bff72f7328f7532d5b70f76047ea3fdaba|0xedf0c420bc3b92b961c6ec411cc810ca81f5f21a,0xec33f6bff72f7328f7532d5b70f76047ea3fdaba,0xedf0c420bc3b92b961c6ec411cc810ca81f5f21a,USDT,USDT,0x7ce683b10ae217f884d7e388ba1812baf27db2bc0e8f459c9228945678915edb_USDT,1638358059,1638358059,1,3.748875e+20,374.8875,374.8875,0,0,0.800000,bridge_dst_event_flow,True
BNB,Multi,bnb_flow_0x7ce683b10ae2__synth_split_e,0x7ce683b10ae217f884d7e388ba1812baf27db2bc0e8f459c9228945678915edb,0xd1c5966f9f5ee6881ff6b261bbeda45972b1b5f3|0xec33f6bff72f7328f7532d5b70f76047ea3fdaba|0xedf0c420bc3b92b961c6ec411cc810ca81f5f21a,0xec33f6bff72f7328f7532d5b70f76047ea3fdaba,0xedf0c420bc3b92b961c6ec411cc810ca81f5f21a,USDT,USDT,0x7ce683b10ae217f884d7e388ba1812baf27db2bc0e8f459c9228945678915edb_USDT,1638358059,1638358059,1,3.748875e+20,374.8875,374.8875,0,0,0.800000,bridge_dst_event_flow,True
BNB,Multi,bnb_flow_0x7ce683b10ae2__synth_split_f,0x7ce683b10ae217f884d7e388ba1812baf27db2bc0e8f459c9228945678915edb,0xd1c5966f9f5ee6881ff6b261bbeda45972b1b5f3|0xec33f6bff72f7328f7532d5b70f76047ea3fdaba|0xedf0c420bc3b92b961c6ec411cc810ca81f5f21a,0xec33f6bff72f7328f7532d5b70f76047ea3fdaba,0xedf0c420bc3b92b961c6ec411cc810ca81f5f21a,USDT,USDT,0x7ce683b10ae217f884d7e388ba1812baf27db2bc0e8f459c9228945678915edb_USDT,1638358059,1638358059,1,3.748875e+20,374.8875,374.8875,0,0,0.800000,bridge_dst_event_flow,True
BNB,Multi,bnb_flow_0x7ce683b10ae2__synth_split_g,0x7ce683b10ae217f884d7e388ba1812baf27db2bc0e8f459c9228945678915edb,0xd1c5966f9f5ee6881ff6b261bbeda45972b1b5f3|0xec33f6bff72f7328f7532d5b70f76047ea3fdaba|0xedf0c420bc3b92b961c6ec411cc810ca81f5f21a,0xec33f6bff72f7328f7532d5b70f76047ea3fdaba,0xedf0c420bc3b92b961c6ec411cc810ca81f5f21a,USDT,USDT,0x7ce683b10ae217f884d7e388ba1812baf27db2bc0e8f459c9228945678915edb_USDT,1638358059,1638358059,1,3.748875e+20,374.8875,374.8875,0,0,0.800000,bridge_dst_event_flow,True
BNB,Multi,bnb_flow_0x7ce683b10ae2__synth_split_h,0x7ce683b10ae217f884d7e388ba1812baf27db2bc0e8f459c9228945678915edb,0xd1c5966f9f5ee6881ff6b261bbeda45972b1b5f3|0xec33f6bff72f7328f7532d5b70f76047ea3fdaba|0xedf0c420bc3b92b961c6ec411cc810ca81f5f21a,0xec33f6bff72f7328f7532d5b70f76047ea3fdaba,0xedf0c420bc3b92b961c6ec411cc810ca81f5f21a,USDT,USDT,0x7ce683b10ae217f884d7e388ba1812baf27db2bc0e8f459c9228945678915edb_USDT,1638358059,1638358059,1,3.748875e+20,374.8875,374.8875,0,0,0.800000,bridge_dst_event_flow,True
BNB,Multi,bnb_flow_0x7ce683b10ae2__synth_merge_dst,0x7ce683b10ae217f884d7e388ba1812baf27db2bc0e8f459c9228945678915edb,0xd1c5966f9f5ee6881ff6b261bbeda45972b1b5f3|0xec33f6bff72f7328f7532d5b70f76047ea3fdaba|0xedf0c420bc3b92b961c6ec411cc810ca81f5f21a,0xec33f6bff72f7328f7532d5b70f76047ea3fdaba,0xedf0c420bc3b92b961c6ec411cc810ca81f5f21a,USDT,USDT,0x7ce683b10ae217f884d7e388ba1812baf27db2bc0e8f459c9228945678915edb_USDT,1638358059,1638358059,1,2.9991e+21,2999.1,2999.1,0,0,0.800000,bridge_dst_event_flow,True
BNB,Multi,bnb_flow_0x7ce683b10ae2__synth_hidden_dst,0x7ce683b10ae217f884d7e388ba1812baf27db2bc0e8f459c9228945678915edb,0xd1c5966f9f5ee6881ff6b261bbeda45972b1b5f3|0xec33f6bff72f7328f7532d5b70f76047ea3fdaba|0xedf0c420bc3b92b961c6ec411cc810ca81f5f21a,0xec33f6bff72f7328f7532d5b70f76047ea3fdaba,0xedf0c420bc3b92b961c6ec411cc810ca81f5f21a,USDT,USDT,0x7ce683b10ae217f884d7e388ba1812baf27db2bc0e8f459c9228945678915edb_USDT,1638358059,1638358059,1,2.9991e+21,2999.1,2999.1,0,0,0.800000,bridge_dst_event_flow,True
BNB,Multi,bnb_flow_0x7ce683b10ae2__synth_noise_dst_0,0x7ce683b10ae217f884d7e388ba1812baf27db2bc0e8f459c9228945678915edb,0xd1c5966f9f5ee6881ff6b261bbeda45972b1b5f3|0xec33f6bff72f7328f7532d5b70f76047ea3fdaba|0xedf0c420bc3b92b961c6ec411cc810ca81f5f21a,0xec33f6bff72f7328f7532d5b70f76047ea3fdaba,0xedf0c420bc3b92b961c6ec411cc810ca81f5f21a,USDT,USDT,0x7ce683b10ae217f884d7e388ba1812baf27db2bc0e8f459c9228945678915edb_USDT,1638358119,1638358119,1,2.9991e+21,2999.1,2999.1,0,0,0.800000,bridge_dst_event_flow,True
BNB,Multi,bnb_flow_0x7ce683b10ae2__synth_noise_dst_1,0x7ce683b10ae217f884d7e388ba1812baf27db2bc0e8f459c9228945678915edb,0xd1c5966f9f5ee6881ff6b261bbeda45972b1b5f3|0xec33f6bff72f7328f7532d5b70f76047ea3fdaba|0xedf0c420bc3b92b961c6ec411cc810ca81f5f21a,0xec33f6bff72f7328f7532d5b70f76047ea3fdaba,0xedf0c420bc3b92b961c6ec411cc810ca81f5f21a,USDT,USDT,0x7ce683b10ae217f884d7e388ba1812baf27db2bc0e8f459c9228945678915edb_USDT,1638358179,1638358179,1,2.9991e+21,2999.1,2999.1,0,0,0.800000,bridge_dst_event_flow,True
BNB,Multi,bnb_flow_0x4e704a1bc69c__synth_split_a,0x4e704a1bc69c5c8fbe5874bc0c026fde72d4da4a450cda6c9469b247a35a6c11,0x7a6976f837f6d499dc78a71b95b066c491e2ebde|0xd1c5966f9f5ee6881ff6b261bbeda45972b1b5f3|0xedf0c420bc3b92b961c6ec411cc810ca81f5f21a,0x7a6976f837f6d499dc78a71b95b066c491e2ebde,0xedf0c420bc3b92b961c6ec411cc810ca81f5f21a,USDT,USDT,0x4e704a1bc69c5c8fbe5874bc0c026fde72d4da4a450cda6c9469b247a35a6c11_USDT,1637740740,1637740740,1,2.158455e+21,2158.455,2158.455,0,0,0.800000,bridge_dst_event_flow,True
BNB,Multi,bnb_flow_0x4e704a1bc69c__synth_split_b,0x4e704a1bc69c5c8fbe5874bc0c026fde72d4da4a450cda6c9469b247a35a6c11,0x7a6976f837f6d499dc78a71b95b066c491e2ebde|0xd1c5966f9f5ee6881ff6b261bbeda45972b1b5f3|0xedf0c420bc3b92b961c6ec411cc810ca81f5f21a,0x7a6976f837f6d499dc78a71b95b066c491e2ebde,0xedf0c420bc3b92b961c6ec411cc810ca81f5f21a,USDT,USDT,0x4e704a1bc69c5c8fbe5874bc0c026fde72d4da4a450cda6c9469b247a35a6c11_USDT,1637740740,1637740740,1,2.158455e+21,2158.455,2158.455,0,0,0.800000,bridge_dst_event_flow,True
BNB,Multi,bnb_flow_0x4e704a1bc69c__synth_merge_dst,0x4e704a1bc69c5c8fbe5874bc0c026fde72d4da4a450cda6c9469b247a35a6c11,0x7a6976f837f6d499dc78a71b95b066c491e2ebde|0xd1c5966f9f5ee6881ff6b261bbeda45972b1b5f3|0xedf0c420bc3b92b961c6ec411cc810ca81f5f21a,0x7a6976f837f6d499dc78a71b95b066c491e2ebde,0xedf0c420bc3b92b961c6ec411cc810ca81f5f21a,USDT,USDT,0x4e704a1bc69c5c8fbe5874bc0c026fde72d4da4a450cda6c9469b247a35a6c11_USDT,1637740740,1637740740,1,4.31691e+21,4316.91,4316.91,0,0,0.800000,bridge_dst_event_flow,True
BNB,Multi,bnb_flow_0x4e704a1bc69c__synth_hidden_dst,0x4e704a1bc69c5c8fbe5874bc0c026fde72d4da4a450cda6c9469b247a35a6c11,0x7a6976f837f6d499dc78a71b95b066c491e2ebde|0xd1c5966f9f5ee6881ff6b261bbeda45972b1b5f3|0xedf0c420bc3b92b961c6ec411cc810ca81f5f21a,0x7a6976f837f6d499dc78a71b95b066c491e2ebde,0xedf0c420bc3b92b961c6ec411cc810ca81f5f21a,USDT,USDT,0x4e704a1bc69c5c8fbe5874bc0c026fde72d4da4a450cda6c9469b247a35a6c11_USDT,1637740740,1637740740,1,4.31691e+21,4316.91,4316.91,0,0,0.800000,bridge_dst_event_flow,True
BNB,Multi,bnb_flow_0x4e704a1bc69c__synth_noise_dst_0,0x4e704a1bc69c5c8fbe5874bc0c026fde72d4da4a450cda6c9469b247a35a6c11,0x7a6976f837f6d499dc78a71b95b066c491e2ebde|0xd1c5966f9f5ee6881ff6b261bbeda45972b1b5f3|0xedf0c420bc3b92b961c6ec411cc810ca81f5f21a,0x7a6976f837f6d499dc78a71b95b066c491e2ebde,0xedf0c420bc3b92b961c6ec411cc810ca81f5f21a,USDT,USDT,0x4e704a1bc69c5c8fbe5874bc0c026fde72d4da4a450cda6c9469b247a35a6c11_USDT,1637740800,1637740800,1,4.31691e+21,4316.91,4316.91,0,0,0.800000,bridge_dst_event_flow,True
BNB,Multi,bnb_flow_0x4e704a1bc69c__synth_noise_dst_1,0x4e704a1bc69c5c8fbe5874bc0c026fde72d4da4a450cda6c9469b247a35a6c11,0x7a6976f837f6d499dc78a71b95b066c491e2ebde|0xd1c5966f9f5ee6881ff6b261bbeda45972b1b5f3|0xedf0c420bc3b92b961c6ec411cc810ca81f5f21a,0x7a6976f837f6d499dc78a71b95b066c491e2ebde,0xedf0c420bc3b92b961c6ec411cc810ca81f5f21a,USDT,USDT,0x4e704a1bc69c5c8fbe5874bc0c026fde72d4da4a450cda6c9469b247a35a6c11_USDT,1637740860,1637740860,1,4.31691e+21,4316.91,4316.91,0,0,0.800000,bridge_dst_event_flow,True
BNB,Multi,bnb_flow_0x3a67b65c0acd__synth_split_a,0x3a67b65c0acd36fb9c1d2c92d7c6db244a58f7ebb84847d32f95ba541e1f688d,0xd1c5966f9f5ee6881ff6b261bbeda45972b1b5f3|0xea5dca8cac9c12df3ab5908a106c15ff024cb44f|0xedf0c420bc3b92b961c6ec411cc810ca81f5f21a,0xea5dca8cac9c12df3ab5908a106c15ff024cb44f,0xedf0c420bc3b92b961c6ec411cc810ca81f5f21a,USDT,USDT,0x3a67b65c0acd36fb9c1d2c92d7c6db244a58f7ebb84847d32f95ba541e1f688d_USDT,1635626073,1635626073,1,9.99955e+21,9999.55,9999.55,0,0,0.775000,bridge_dst_event_flow,True
BNB,Multi,bnb_flow_0x3a67b65c0acd__synth_split_b,0x3a67b65c0acd36fb9c1d2c92d7c6db244a58f7ebb84847d32f95ba541e1f688d,0xd1c5966f9f5ee6881ff6b261bbeda45972b1b5f3|0xea5dca8cac9c12df3ab5908a106c15ff024cb44f|0xedf0c420bc3b92b961c6ec411cc810ca81f5f21a,0xea5dca8cac9c12df3ab5908a106c15ff024cb44f,0xedf0c420bc3b92b961c6ec411cc810ca81f5f21a,USDT,USDT,0x3a67b65c0acd36fb9c1d2c92d7c6db244a58f7ebb84847d32f95ba541e1f688d_USDT,1635626073,1635626073,1,9.99955e+21,9999.55,9999.55,0,0,0.775000,bridge_dst_event_flow,True
BNB,Multi,bnb_flow_0x3a67b65c0acd__synth_merge_dst,0x3a67b65c0acd36fb9c1d2c92d7c6db244a58f7ebb84847d32f95ba541e1f688d,0xd1c5966f9f5ee6881ff6b261bbeda45972b1b5f3|0xea5dca8cac9c12df3ab5908a106c15ff024cb44f|0xedf0c420bc3b92b961c6ec411cc810ca81f5f21a,0xea5dca8cac9c12df3ab5908a106c15ff024cb44f,0xedf0c420bc3b92b961c6ec411cc810ca81f5f21a,USDT,USDT,0x3a67b65c0acd36fb9c1d2c92d7c6db244a58f7ebb84847d32f95ba541e1f688d_USDT,1635626073,1635626073,1,1.99991e+22,19999.1,19999.1,0,0,0.775000,bridge_dst_event_flow,True
BNB,Multi,bnb_flow_0x3a67b65c0acd__synth_hidden_dst,0x3a67b65c0acd36fb9c1d2c92d7c6db244a58f7ebb84847d32f95ba541e1f688d,0xd1c5966f9f5ee6881ff6b261bbeda45972b1b5f3|0xea5dca8cac9c12df3ab5908a106c15ff024cb44f|0xedf0c420bc3b92b961c6ec411cc810ca81f5f21a,0xea5dca8cac9c12df3ab5908a106c15ff024cb44f,0xedf0c420bc3b92b961c6ec411cc810ca81f5f21a,USDT,USDT,0x3a67b65c0acd36fb9c1d2c92d7c6db244a58f7ebb84847d32f95ba541e1f688d_USDT,1635626073,1635626073,1,1.99991e+22,19999.1,19999.1,0,0,0.775000,bridge_dst_event_flow,True
BNB,Multi,bnb_flow_0x3a67b65c0acd__synth_noise_dst_0,0x3a67b65c0acd36fb9c1d2c92d7c6db244a58f7ebb84847d32f95ba541e1f688d,0xd1c5966f9f5ee6881ff6b261bbeda45972b1b5f3|0xea5dca8cac9c12df3ab5908a106c15ff024cb44f|0xedf0c420bc3b92b961c6ec411cc810ca81f5f21a,0xea5dca8cac9c12df3ab5908a106c15ff024cb44f,0xedf0c420bc3b92b961c6ec411cc810ca81f5f21a,USDT,USDT,0x3a67b65c0acd36fb9c1d2c92d7c6db244a58f7ebb84847d32f95ba541e1f688d_USDT,1635626133,1635626133,1,1.99991e+22,19999.1,19999.1,0,0,0.775000,bridge_dst_event_flow,True
BNB,Multi,bnb_flow_0x3a67b65c0acd__synth_noise_dst_1,0x3a67b65c0acd36fb9c1d2c92d7c6db244a58f7ebb84847d32f95ba541e1f688d,0xd1c5966f9f5ee6881ff6b261bbeda45972b1b5f3|0xea5dca8cac9c12df3ab5908a106c15ff024cb44f|0xedf0c420bc3b92b961c6ec411cc810ca81f5f21a,0xea5dca8cac9c12df3ab5908a106c15ff024cb44f,0xedf0c420bc3b92b961c6ec411cc810ca81f5f21a,USDT,USDT,0x3a67b65c0acd36fb9c1d2c92d7c6db244a58f7ebb84847d32f95ba541e1f688d_USDT,1635626193,1635626193,1,1.99991e+22,19999.1,19999.1,0,0,0.775000,bridge_dst_event_flow,True
BNB,Multi,bnb_flow_0x373434ff3b2d__synth_split_a,0x373434ff3b2d2ba8ac0e2da72e1cb1bf577bbfb6ca70cb8abdeba22e48687b66,0x72785e99d6b17b9e906d2dd8ba840dd6ab3bd300|0xd1c5966f9f5ee6881ff6b261bbeda45972b1b5f3|0xedf0c420bc3b92b961c6ec411cc810ca81f5f21a,0x72785e99d6b17b9e906d2dd8ba840dd6ab3bd300,0xedf0c420bc3b92b961c6ec411cc810ca81f5f21a,USDT,USDT,0x373434ff3b2d2ba8ac0e2da72e1cb1bf577bbfb6ca70cb8abdeba22e48687b66_USDT,1638727429,1638727429,1,2.1875e+21,2187.5,2187.5,0,0,0.775000,bridge_dst_event_flow,True
BNB,Multi,bnb_flow_0x373434ff3b2d__synth_split_b,0x373434ff3b2d2ba8ac0e2da72e1cb1bf577bbfb6ca70cb8abdeba22e48687b66,0x72785e99d6b17b9e906d2dd8ba840dd6ab3bd300|0xd1c5966f9f5ee6881ff6b261bbeda45972b1b5f3|0xedf0c420bc3b92b961c6ec411cc810ca81f5f21a,0x72785e99d6b17b9e906d2dd8ba840dd6ab3bd300,0xedf0c420bc3b92b961c6ec411cc810ca81f5f21a,USDT,USDT,0x373434ff3b2d2ba8ac0e2da72e1cb1bf577bbfb6ca70cb8abdeba22e48687b66_USDT,1638727429,1638727429,1,2.1875e+21,2187.5,2187.5,0,0,0.775000,bridge_dst_event_flow,True
BNB,Multi,bnb_flow_0x373434ff3b2d__synth_split_c,0x373434ff3b2d2ba8ac0e2da72e1cb1bf577bbfb6ca70cb8abdeba22e48687b66,0x72785e99d6b17b9e906d2dd8ba840dd6ab3bd300|0xd1c5966f9f5ee6881ff6b261bbeda45972b1b5f3|0xedf0c420bc3b92b961c6ec411cc810ca81f5f21a,0x72785e99d6b17b9e906d2dd8ba840dd6ab3bd300,0xedf0c420bc3b92b961c6ec411cc810ca81f5f21a,USDT,USDT,0x373434ff3b2d2ba8ac0e2da72e1cb1bf577bbfb6ca70cb8abdeba22e48687b66_USDT,1638727429,1638727429,1,2.1875e+21,2187.5,2187.5,0,0,0.775000,bridge_dst_event_flow,True
BNB,Multi,bnb_flow_0x373434ff3b2d__synth_split_d,0x373434ff3b2d2ba8ac0e2da72e1cb1bf577bbfb6ca70cb8abdeba22e48687b66,0x72785e99d6b17b9e906d2dd8ba840dd6ab3bd300|0xd1c5966f9f5ee6881ff6b261bbeda45972b1b5f3|0xedf0c420bc3b92b961c6ec411cc810ca81f5f21a,0x72785e99d6b17b9e906d2dd8ba840dd6ab3bd300,0xedf0c420bc3b92b961c6ec411cc810ca81f5f21a,USDT,USDT,0x373434ff3b2d2ba8ac0e2da72e1cb1bf577bbfb6ca70cb8abdeba22e48687b66_USDT,1638727429,1638727429,1,2.1875e+21,2187.5,2187.5,0,0,0.775000,bridge_dst_event_flow,True
BNB,Multi,bnb_flow_0x373434ff3b2d__synth_split_e,0x373434ff3b2d2ba8ac0e2da72e1cb1bf577bbfb6ca70cb8abdeba22e48687b66,0x72785e99d6b17b9e906d2dd8ba840dd6ab3bd300|0xd1c5966f9f5ee6881ff6b261bbeda45972b1b5f3|0xedf0c420bc3b92b961c6ec411cc810ca81f5f21a,0x72785e99d6b17b9e906d2dd8ba840dd6ab3bd300,0xedf0c420bc3b92b961c6ec411cc810ca81f5f21a,USDT,USDT,0x373434ff3b2d2ba8ac0e2da72e1cb1bf577bbfb6ca70cb8abdeba22e48687b66_USDT,1638727429,1638727429,1,2.1875e+21,2187.5,2187.5,0,0,0.775000,bridge_dst_event_flow,True
BNB,Multi,bnb_flow_0x373434ff3b2d__synth_merge_dst,0x373434ff3b2d2ba8ac0e2da72e1cb1bf577bbfb6ca70cb8abdeba22e48687b66,0x72785e99d6b17b9e906d2dd8ba840dd6ab3bd300|0xd1c5966f9f5ee6881ff6b261bbeda45972b1b5f3|0xedf0c420bc3b92b961c6ec411cc810ca81f5f21a,0x72785e99d6b17b9e906d2dd8ba840dd6ab3bd300,0xedf0c420bc3b92b961c6ec411cc810ca81f5f21a,USDT,USDT,0x373434ff3b2d2ba8ac0e2da72e1cb1bf577bbfb6ca70cb8abdeba22e48687b66_USDT,1638727429,1638727429,1,1.09375e+22,10937.5,10937.5,0,0,0.775000,bridge_dst_event_flow,True
BNB,Multi,bnb_flow_0x373434ff3b2d__synth_hidden_dst,0x373434ff3b2d2ba8ac0e2da72e1cb1bf577bbfb6ca70cb8abdeba22e48687b66,0x72785e99d6b17b9e906d2dd8ba840dd6ab3bd300|0xd1c5966f9f5ee6881ff6b261bbeda45972b1b5f3|0xedf0c420bc3b92b961c6ec411cc810ca81f5f21a,0x72785e99d6b17b9e906d2dd8ba840dd6ab3bd300,0xedf0c420bc3b92b961c6ec411cc810ca81f5f21a,USDT,USDT,0x373434ff3b2d2ba8ac0e2da72e1cb1bf577bbfb6ca70cb8abdeba22e48687b66_USDT,1638727429,1638727429,1,1.09375e+22,10937.5,10937.5,0,0,0.775000,bridge_dst_event_flow,True
BNB,Multi,bnb_flow_0x373434ff3b2d__synth_noise_dst_0,0x373434ff3b2d2ba8ac0e2da72e1cb1bf577bbfb6ca70cb8abdeba22e48687b66,0x72785e99d6b17b9e906d2dd8ba840dd6ab3bd300|0xd1c5966f9f5ee6881ff6b261bbeda45972b1b5f3|0xedf0c420bc3b92b961c6ec411cc810ca81f5f21a,0x72785e99d6b17b9e906d2dd8ba840dd6ab3bd300,0xedf0c420bc3b92b961c6ec411cc810ca81f5f21a,USDT,USDT,0x373434ff3b2d2ba8ac0e2da72e1cb1bf577bbfb6ca70cb8abdeba22e48687b66_USDT,1638727489,1638727489,1,1.09375e+22,10937.5,10937.5,0,0,0.775000,bridge_dst_event_flow,True
BNB,Multi,bnb_flow_0x373434ff3b2d__synth_noise_dst_1,0x373434ff3b2d2ba8ac0e2da72e1cb1bf577bbfb6ca70cb8abdeba22e48687b66,0x72785e99d6b17b9e906d2dd8ba840dd6ab3bd300|0xd1c5966f9f5ee6881ff6b261bbeda45972b1b5f3|0xedf0c420bc3b92b961c6ec411cc810ca81f5f21a,0x72785e99d6b17b9e906d2dd8ba840dd6ab3bd300,0xedf0c420bc3b92b961c6ec411cc810ca81f5f21a,USDT,USDT,0x373434ff3b2d2ba8ac0e2da72e1cb1bf577bbfb6ca70cb8abdeba22e48687b66_USDT,1638727549,1638727549,1,1.09375e+22,10937.5,10937.5,0,0,0.775000,bridge_dst_event_flow,True
BNB,Multi,bnb_flow_0x0df646f4d594__synth_split_a,0x0df646f4d59409201fe17dfb5bcb154bcbd9857b33021b31d6ebca07d4141afb,0xa47dcc127bd2487b01477d8e381dced5de5e5033|0xd1c5966f9f5ee6881ff6b261bbeda45972b1b5f3|0xedf0c420bc3b92b961c6ec411cc810ca81f5f21a,0xa47dcc127bd2487b01477d8e381dced5de5e5033,0xedf0c420bc3b92b961c6ec411cc810ca81f5f21a,USDT,USDT,0x0df646f4d59409201fe17dfb5bcb154bcbd9857b33021b31d6ebca07d4141afb_USDT,1637509476,1637509476,1,5.00005e+21,5000.05,5000.05,0,0,0.775000,bridge_dst_event_flow,True
BNB,Multi,bnb_flow_0x0df646f4d594__synth_split_b,0x0df646f4d59409201fe17dfb5bcb154bcbd9857b33021b31d6ebca07d4141afb,0xa47dcc127bd2487b01477d8e381dced5de5e5033|0xd1c5966f9f5ee6881ff6b261bbeda45972b1b5f3|0xedf0c420bc3b92b961c6ec411cc810ca81f5f21a,0xa47dcc127bd2487b01477d8e381dced5de5e5033,0xedf0c420bc3b92b961c6ec411cc810ca81f5f21a,USDT,USDT,0x0df646f4d59409201fe17dfb5bcb154bcbd9857b33021b31d6ebca07d4141afb_USDT,1637509476,1637509476,1,5.00005e+21,5000.05,5000.05,0,0,0.775000,bridge_dst_event_flow,True
BNB,Multi,bnb_flow_0x0df646f4d594__synth_merge_dst,0x0df646f4d59409201fe17dfb5bcb154bcbd9857b33021b31d6ebca07d4141afb,0xa47dcc127bd2487b01477d8e381dced5de5e5033|0xd1c5966f9f5ee6881ff6b261bbeda45972b1b5f3|0xedf0c420bc3b92b961c6ec411cc810ca81f5f21a,0xa47dcc127bd2487b01477d8e381dced5de5e5033,0xedf0c420bc3b92b961c6ec411cc810ca81f5f21a,USDT,USDT,0x0df646f4d59409201fe17dfb5bcb154bcbd9857b33021b31d6ebca07d4141afb_USDT,1637509476,1637509476,1,1.00001e+22,10000.1,10000.1,0,0,0.775000,bridge_dst_event_flow,True
BNB,Multi,bnb_flow_0x0df646f4d594__synth_hidden_dst,0x0df646f4d59409201fe17dfb5bcb154bcbd9857b33021b31d6ebca07d4141afb,0xa47dcc127bd2487b01477d8e381dced5de5e5033|0xd1c5966f9f5ee6881ff6b261bbeda45972b1b5f3|0xedf0c420bc3b92b961c6ec411cc810ca81f5f21a,0xa47dcc127bd2487b01477d8e381dced5de5e5033,0xedf0c420bc3b92b961c6ec411cc810ca81f5f21a,USDT,USDT,0x0df646f4d59409201fe17dfb5bcb154bcbd9857b33021b31d6ebca07d4141afb_USDT,1637509476,1637509476,1,1.00001e+22,10000.1,10000.1,0,0,0.775000,bridge_dst_event_flow,True
BNB,Multi,bnb_flow_0x0df646f4d594__synth_noise_dst_0,0x0df646f4d59409201fe17dfb5bcb154bcbd9857b33021b31d6ebca07d4141afb,0xa47dcc127bd2487b01477d8e381dced5de5e5033|0xd1c5966f9f5ee6881ff6b261bbeda45972b1b5f3|0xedf0c420bc3b92b961c6ec411cc810ca81f5f21a,0xa47dcc127bd2487b01477d8e381dced5de5e5033,0xedf0c420bc3b92b961c6ec411cc810ca81f5f21a,USDT,USDT,0x0df646f4d59409201fe17dfb5bcb154bcbd9857b33021b31d6ebca07d4141afb_USDT,1637509536,1637509536,1,1.00001e+22,10000.1,10000.1,0,0,0.775000,bridge_dst_event_flow,True
BNB,Multi,bnb_flow_0x0df646f4d594__synth_noise_dst_1,0x0df646f4d59409201fe17dfb5bcb154bcbd9857b33021b31d6ebca07d4141afb,0xa47dcc127bd2487b01477d8e381dced5de5e5033|0xd1c5966f9f5ee6881ff6b261bbeda45972b1b5f3|0xedf0c420bc3b92b961c6ec411cc810ca81f5f21a,0xa47dcc127bd2487b01477d8e381dced5de5e5033,0xedf0c420bc3b92b961c6ec411cc810ca81f5f21a,USDT,USDT,0x0df646f4d59409201fe17dfb5bcb154bcbd9857b33021b31d6ebca07d4141afb_USDT,1637509596,1637509596,1,1.00001e+22,10000.1,10000.1,0,0,0.775000,bridge_dst_event_flow,True
BNB,Multi,bnb_flow_0x06eb668b2b47__synth_split_a,0x06eb668b2b47db8cb420861e8a8f6c2dcae736df19978dddbb009d2c72ab27cd,0x29c7f6f9cf862277183bd91e5da94225a893e9cc|0xd1c5966f9f5ee6881ff6b261bbeda45972b1b5f3|0xedf0c420bc3b92b961c6ec411cc810ca81f5f21a,0x29c7f6f9cf862277183bd91e5da94225a893e9cc,0xedf0c420bc3b92b961c6ec411cc810ca81f5f21a,USDT,USDT,0x06eb668b2b47db8cb420861e8a8f6c2dcae736df19978dddbb009d2c72ab27cd_USDT,1636834229,1636834229,1,4.6376999999999993e+21,4637.7,4637.7,0,0,0.775000,bridge_dst_event_flow,True
BNB,Multi,bnb_flow_0x06eb668b2b47__synth_split_b,0x06eb668b2b47db8cb420861e8a8f6c2dcae736df19978dddbb009d2c72ab27cd,0x29c7f6f9cf862277183bd91e5da94225a893e9cc|0xd1c5966f9f5ee6881ff6b261bbeda45972b1b5f3|0xedf0c420bc3b92b961c6ec411cc810ca81f5f21a,0x29c7f6f9cf862277183bd91e5da94225a893e9cc,0xedf0c420bc3b92b961c6ec411cc810ca81f5f21a,USDT,USDT,0x06eb668b2b47db8cb420861e8a8f6c2dcae736df19978dddbb009d2c72ab27cd_USDT,1636834229,1636834229,1,4.6376999999999993e+21,4637.7,4637.7,0,0,0.775000,bridge_dst_event_flow,True
BNB,Multi,bnb_flow_0x06eb668b2b47__synth_split_c,0x06eb668b2b47db8cb420861e8a8f6c2dcae736df19978dddbb009d2c72ab27cd,0x29c7f6f9cf862277183bd91e5da94225a893e9cc|0xd1c5966f9f5ee6881ff6b261bbeda45972b1b5f3|0xedf0c420bc3b92b961c6ec411cc810ca81f5f21a,0x29c7f6f9cf862277183bd91e5da94225a893e9cc,0xedf0c420bc3b92b961c6ec411cc810ca81f5f21a,USDT,USDT,0x06eb668b2b47db8cb420861e8a8f6c2dcae736df19978dddbb009d2c72ab27cd_USDT,1636834229,1636834229,1,4.6376999999999993e+21,4637.7,4637.7,0,0,0.775000,bridge_dst_event_flow,True
BNB,Multi,bnb_flow_0x06eb668b2b47__synth_merge_dst,0x06eb668b2b47db8cb420861e8a8f6c2dcae736df19978dddbb009d2c72ab27cd,0x29c7f6f9cf862277183bd91e5da94225a893e9cc|0xd1c5966f9f5ee6881ff6b261bbeda45972b1b5f3|0xedf0c420bc3b92b961c6ec411cc810ca81f5f21a,0x29c7f6f9cf862277183bd91e5da94225a893e9cc,0xedf0c420bc3b92b961c6ec411cc810ca81f5f21a,USDT,USDT,0x06eb668b2b47db8cb420861e8a8f6c2dcae736df19978dddbb009d2c72ab27cd_USDT,1636834229,1636834229,1,1.39131e+22,13913.1,13913.1,0,0,0.775000,bridge_dst_event_flow,True
BNB,Multi,bnb_flow_0x06eb668b2b47__synth_hidden_dst,0x06eb668b2b47db8cb420861e8a8f6c2dcae736df19978dddbb009d2c72ab27cd,0x29c7f6f9cf862277183bd91e5da94225a893e9cc|0xd1c5966f9f5ee6881ff6b261bbeda45972b1b5f3|0xedf0c420bc3b92b961c6ec411cc810ca81f5f21a,0x29c7f6f9cf862277183bd91e5da94225a893e9cc,0xedf0c420bc3b92b961c6ec411cc810ca81f5f21a,USDT,USDT,0x06eb668b2b47db8cb420861e8a8f6c2dcae736df19978dddbb009d2c72ab27cd_USDT,1636834229,1636834229,1,1.39131e+22,13913.1,13913.1,0,0,0.775000,bridge_dst_event_flow,True
BNB,Multi,bnb_flow_0x06eb668b2b47__synth_noise_dst_0,0x06eb668b2b47db8cb420861e8a8f6c2dcae736df19978dddbb009d2c72ab27cd,0x29c7f6f9cf862277183bd91e5da94225a893e9cc|0xd1c5966f9f5ee6881ff6b261bbeda45972b1b5f3|0xedf0c420bc3b92b961c6ec411cc810ca81f5f21a,0x29c7f6f9cf862277183bd91e5da94225a893e9cc,0xedf0c420bc3b92b961c6ec411cc810ca81f5f21a,USDT,USDT,0x06eb668b2b47db8cb420861e8a8f6c2dcae736df19978dddbb009d2c72ab27cd_USDT,1636834289,1636834289,1,1.39131e+22,13913.1,13913.1,0,0,0.775000,bridge_dst_event_flow,True
BNB,Multi,bnb_flow_0x06eb668b2b47__synth_noise_dst_1,0x06eb668b2b47db8cb420861e8a8f6c2dcae736df19978dddbb009d2c72ab27cd,0x29c7f6f9cf862277183bd91e5da94225a893e9cc|0xd1c5966f9f5ee6881ff6b261bbeda45972b1b5f3|0xedf0c420bc3b92b961c6ec411cc810ca81f5f21a,0x29c7f6f9cf862277183bd91e5da94225a893e9cc,0xedf0c420bc3b92b961c6ec411cc810ca81f5f21a,USDT,USDT,0x06eb668b2b47db8cb420861e8a8f6c2dcae736df19978dddbb009d2c72ab27cd_USDT,1636834349,1636834349,1,1.39131e+22,13913.1,13913.1,0,0,0.775000,bridge_dst_event_flow,True
BNB,Multi,bnb_flow_0xc6380a516ad1__synth_split_a,0xc6380a516ad1f41944fbb0be7ad4e31129959c17b2e4ec78b600b115dddb2596,0x9d48dff47dbd6b5a7fe483310f91fc8a8e4fc4c0|0xd1c5966f9f5ee6881ff6b261bbeda45972b1b5f3|0xedf0c420bc3b92b961c6ec411cc810ca81f5f21a,0x9d48dff47dbd6b5a7fe483310f91fc8a8e4fc4c0,0xedf0c420bc3b92b961c6ec411cc810ca81f5f21a,USDT,USDT,0xc6380a516ad1f41944fbb0be7ad4e31129959c17b2e4ec78b600b115dddb2596_USDT,1635266181,1635266181,1,6.9777e+21,6977.7,6977.7,0,0,0.800000,bridge_dst_event_flow,True
BNB,Multi,bnb_flow_0xc6380a516ad1__synth_split_b,0xc6380a516ad1f41944fbb0be7ad4e31129959c17b2e4ec78b600b115dddb2596,0x9d48dff47dbd6b5a7fe483310f91fc8a8e4fc4c0|0xd1c5966f9f5ee6881ff6b261bbeda45972b1b5f3|0xedf0c420bc3b92b961c6ec411cc810ca81f5f21a,0x9d48dff47dbd6b5a7fe483310f91fc8a8e4fc4c0,0xedf0c420bc3b92b961c6ec411cc810ca81f5f21a,USDT,USDT,0xc6380a516ad1f41944fbb0be7ad4e31129959c17b2e4ec78b600b115dddb2596_USDT,1635266181,1635266181,1,6.9777e+21,6977.7,6977.7,0,0,0.800000,bridge_dst_event_flow,True
BNB,Multi,bnb_flow_0xc6380a516ad1__synth_merge_dst,0xc6380a516ad1f41944fbb0be7ad4e31129959c17b2e4ec78b600b115dddb2596,0x9d48dff47dbd6b5a7fe483310f91fc8a8e4fc4c0|0xd1c5966f9f5ee6881ff6b261bbeda45972b1b5f3|0xedf0c420bc3b92b961c6ec411cc810ca81f5f21a,0x9d48dff47dbd6b5a7fe483310f91fc8a8e4fc4c0,0xedf0c420bc3b92b961c6ec411cc810ca81f5f21a,USDT,USDT,0xc6380a516ad1f41944fbb0be7ad4e31129959c17b2e4ec78b600b115dddb2596_USDT,1635266181,1635266181,1,1.39554e+22,13955.4,13955.4,0,0,0.800000,bridge_dst_event_flow,True
BNB,Multi,bnb_flow_0xc6380a516ad1__synth_hidden_dst,0xc6380a516ad1f41944fbb0be7ad4e31129959c17b2e4ec78b600b115dddb2596,0x9d48dff47dbd6b5a7fe483310f91fc8a8e4fc4c0|0xd1c5966f9f5ee6881ff6b261bbeda45972b1b5f3|0xedf0c420bc3b92b961c6ec411cc810ca81f5f21a,0x9d48dff47dbd6b5a7fe483310f91fc8a8e4fc4c0,0xedf0c420bc3b92b961c6ec411cc810ca81f5f21a,USDT,USDT,0xc6380a516ad1f41944fbb0be7ad4e31129959c17b2e4ec78b600b115dddb2596_USDT,1635266181,1635266181,1,1.39554e+22,13955.4,13955.4,0,0,0.800000,bridge_dst_event_flow,True
BNB,Multi,bnb_flow_0xc6380a516ad1__synth_noise_dst_0,0xc6380a516ad1f41944fbb0be7ad4e31129959c17b2e4ec78b600b115dddb2596,0x9d48dff47dbd6b5a7fe483310f91fc8a8e4fc4c0|0xd1c5966f9f5ee6881ff6b261bbeda45972b1b5f3|0xedf0c420bc3b92b961c6ec411cc810ca81f5f21a,0x9d48dff47dbd6b5a7fe483310f91fc8a8e4fc4c0,0xedf0c420bc3b92b961c6ec411cc810ca81f5f21a,USDT,USDT,0xc6380a516ad1f41944fbb0be7ad4e31129959c17b2e4ec78b600b115dddb2596_USDT,1635266241,1635266241,1,1.39554e+22,13955.4,13955.4,0,0,0.800000,bridge_dst_event_flow,True
BNB,Multi,bnb_flow_0xc6380a516ad1__synth_noise_dst_1,0xc6380a516ad1f41944fbb0be7ad4e31129959c17b2e4ec78b600b115dddb2596,0x9d48dff47dbd6b5a7fe483310f91fc8a8e4fc4c0|0xd1c5966f9f5ee6881ff6b261bbeda45972b1b5f3|0xedf0c420bc3b92b961c6ec411cc810ca81f5f21a,0x9d48dff47dbd6b5a7fe483310f91fc8a8e4fc4c0,0xedf0c420bc3b92b961c6ec411cc810ca81f5f21a,USDT,USDT,0xc6380a516ad1f41944fbb0be7ad4e31129959c17b2e4ec78b600b115dddb2596_USDT,1635266301,1635266301,1,1.39554e+22,13955.4,13955.4,0,0,0.800000,bridge_dst_event_flow,True
BNB,Multi,bnb_flow_0x774986db1251__synth_split_a,0x774986db1251b9f29370153524a382d352551ab336cff273478865197e5425ce,0xd1c5966f9f5ee6881ff6b261bbeda45972b1b5f3|0xe89020c59d3d2091e5841ae774dd111a800e3416|0xedf0c420bc3b92b961c6ec411cc810ca81f5f21a,0xe89020c59d3d2091e5841ae774dd111a800e3416,0xedf0c420bc3b92b961c6ec411cc810ca81f5f21a,USDT,USDT,0x774986db1251b9f29370153524a382d352551ab336cff273478865197e5425ce_USDT,1633638580,1633638580,1,2.54879e+22,25487.9,25487.9,0,0,0.800000,bridge_dst_event_flow,True
BNB,Multi,bnb_flow_0x774986db1251__synth_split_b,0x774986db1251b9f29370153524a382d352551ab336cff273478865197e5425ce,0xd1c5966f9f5ee6881ff6b261bbeda45972b1b5f3|0xe89020c59d3d2091e5841ae774dd111a800e3416|0xedf0c420bc3b92b961c6ec411cc810ca81f5f21a,0xe89020c59d3d2091e5841ae774dd111a800e3416,0xedf0c420bc3b92b961c6ec411cc810ca81f5f21a,USDT,USDT,0x774986db1251b9f29370153524a382d352551ab336cff273478865197e5425ce_USDT,1633638580,1633638580,1,2.54879e+22,25487.9,25487.9,0,0,0.800000,bridge_dst_event_flow,True
BNB,Multi,bnb_flow_0x774986db1251__synth_merge_dst,0x774986db1251b9f29370153524a382d352551ab336cff273478865197e5425ce,0xd1c5966f9f5ee6881ff6b261bbeda45972b1b5f3|0xe89020c59d3d2091e5841ae774dd111a800e3416|0xedf0c420bc3b92b961c6ec411cc810ca81f5f21a,0xe89020c59d3d2091e5841ae774dd111a800e3416,0xedf0c420bc3b92b961c6ec411cc810ca81f5f21a,USDT,USDT,0x774986db1251b9f29370153524a382d352551ab336cff273478865197e5425ce_USDT,1633638580,1633638580,1,5.09758e+22,50975.8,50975.8,0,0,0.800000,bridge_dst_event_flow,True
BNB,Multi,bnb_flow_0x774986db1251__synth_hidden_dst,0x774986db1251b9f29370153524a382d352551ab336cff273478865197e5425ce,0xd1c5966f9f5ee6881ff6b261bbeda45972b1b5f3|0xe89020c59d3d2091e5841ae774dd111a800e3416|0xedf0c420bc3b92b961c6ec411cc810ca81f5f21a,0xe89020c59d3d2091e5841ae774dd111a800e3416,0xedf0c420bc3b92b961c6ec411cc810ca81f5f21a,USDT,USDT,0x774986db1251b9f29370153524a382d352551ab336cff273478865197e5425ce_USDT,1633638580,1633638580,1,5.09758e+22,50975.8,50975.8,0,0,0.800000,bridge_dst_event_flow,True
BNB,Multi,bnb_flow_0x774986db1251__synth_noise_dst_0,0x774986db1251b9f29370153524a382d352551ab336cff273478865197e5425ce,0xd1c5966f9f5ee6881ff6b261bbeda45972b1b5f3|0xe89020c59d3d2091e5841ae774dd111a800e3416|0xedf0c420bc3b92b961c6ec411cc810ca81f5f21a,0xe89020c59d3d2091e5841ae774dd111a800e3416,0xedf0c420bc3b92b961c6ec411cc810ca81f5f21a,USDT,USDT,0x774986db1251b9f29370153524a382d352551ab336cff273478865197e5425ce_USDT,1633638640,1633638640,1,5.09758e+22,50975.8,50975.8,0,0,0.800000,bridge_dst_event_flow,True
BNB,Multi,bnb_flow_0x774986db1251__synth_noise_dst_1,0x774986db1251b9f29370153524a382d352551ab336cff273478865197e5425ce,0xd1c5966f9f5ee6881ff6b261bbeda45972b1b5f3|0xe89020c59d3d2091e5841ae774dd111a800e3416|0xedf0c420bc3b92b961c6ec411cc810ca81f5f21a,0xe89020c59d3d2091e5841ae774dd111a800e3416,0xedf0c420bc3b92b961c6ec411cc810ca81f5f21a,USDT,USDT,0x774986db1251b9f29370153524a382d352551ab336cff273478865197e5425ce_USDT,1633638700,1633638700,1,5.09758e+22,50975.8,50975.8,0,0,0.800000,bridge_dst_event_flow,True
BNB,Multi,bnb_flow_0x9b9687abee93__synth_split_a,0x9b9687abee93cc0e305ebd761a75307d8421cae5671318e994390994cf3d5ae3,0x18593505ae7bb159a5144e682e670efbc1a35faa|0xd1c5966f9f5ee6881ff6b261bbeda45972b1b5f3|0xedf0c420bc3b92b961c6ec411cc810ca81f5f21a,0x18593505ae7bb159a5144e682e670efbc1a35faa,0xedf0c420bc3b92b961c6ec411cc810ca81f5f21a,USDT,USDT,0x9b9687abee93cc0e305ebd761a75307d8421cae5671318e994390994cf3d5ae3_USDT,1637861009,1637861009,1,4.999955e+22,49999.55,49999.55,0,0,0.800000,bridge_dst_event_flow,True
BNB,Multi,bnb_flow_0x9b9687abee93__synth_split_b,0x9b9687abee93cc0e305ebd761a75307d8421cae5671318e994390994cf3d5ae3,0x18593505ae7bb159a5144e682e670efbc1a35faa|0xd1c5966f9f5ee6881ff6b261bbeda45972b1b5f3|0xedf0c420bc3b92b961c6ec411cc810ca81f5f21a,0x18593505ae7bb159a5144e682e670efbc1a35faa,0xedf0c420bc3b92b961c6ec411cc810ca81f5f21a,USDT,USDT,0x9b9687abee93cc0e305ebd761a75307d8421cae5671318e994390994cf3d5ae3_USDT,1637861009,1637861009,1,4.999955e+22,49999.55,49999.55,0,0,0.800000,bridge_dst_event_flow,True
BNB,Multi,bnb_flow_0x9b9687abee93__synth_merge_dst,0x9b9687abee93cc0e305ebd761a75307d8421cae5671318e994390994cf3d5ae3,0x18593505ae7bb159a5144e682e670efbc1a35faa|0xd1c5966f9f5ee6881ff6b261bbeda45972b1b5f3|0xedf0c420bc3b92b961c6ec411cc810ca81f5f21a,0x18593505ae7bb159a5144e682e670efbc1a35faa,0xedf0c420bc3b92b961c6ec411cc810ca81f5f21a,USDT,USDT,0x9b9687abee93cc0e305ebd761a75307d8421cae5671318e994390994cf3d5ae3_USDT,1637861009,1637861009,1,9.99991e+22,99999.1,99999.1,0,0,0.800000,bridge_dst_event_flow,True
BNB,Multi,bnb_flow_0x9b9687abee93__synth_hidden_dst,0x9b9687abee93cc0e305ebd761a75307d8421cae5671318e994390994cf3d5ae3,0x18593505ae7bb159a5144e682e670efbc1a35faa|0xd1c5966f9f5ee6881ff6b261bbeda45972b1b5f3|0xedf0c420bc3b92b961c6ec411cc810ca81f5f21a,0x18593505ae7bb159a5144e682e670efbc1a35faa,0xedf0c420bc3b92b961c6ec411cc810ca81f5f21a,USDT,USDT,0x9b9687abee93cc0e305ebd761a75307d8421cae5671318e994390994cf3d5ae3_USDT,1637861009,1637861009,1,9.99991e+22,99999.1,99999.1,0,0,0.800000,bridge_dst_event_flow,True
BNB,Multi,bnb_flow_0x9b9687abee93__synth_noise_dst_0,0x9b9687abee93cc0e305ebd761a75307d8421cae5671318e994390994cf3d5ae3,0x18593505ae7bb159a5144e682e670efbc1a35faa|0xd1c5966f9f5ee6881ff6b261bbeda45972b1b5f3|0xedf0c420bc3b92b961c6ec411cc810ca81f5f21a,0x18593505ae7bb159a5144e682e670efbc1a35faa,0xedf0c420bc3b92b961c6ec411cc810ca81f5f21a,USDT,USDT,0x9b9687abee93cc0e305ebd761a75307d8421cae5671318e994390994cf3d5ae3_USDT,1637861069,1637861069,1,9.99991e+22,99999.1,99999.1,0,0,0.800000,bridge_dst_event_flow,True
BNB,Multi,bnb_flow_0x9b9687abee93__synth_noise_dst_1,0x9b9687abee93cc0e305ebd761a75307d8421cae5671318e994390994cf3d5ae3,0x18593505ae7bb159a5144e682e670efbc1a35faa|0xd1c5966f9f5ee6881ff6b261bbeda45972b1b5f3|0xedf0c420bc3b92b961c6ec411cc810ca81f5f21a,0x18593505ae7bb159a5144e682e670efbc1a35faa,0xedf0c420bc3b92b961c6ec411cc810ca81f5f21a,USDT,USDT,0x9b9687abee93cc0e305ebd761a75307d8421cae5671318e994390994cf3d5ae3_USDT,1637861129,1637861129,1,9.99991e+22,99999.1,99999.1,0,0,0.800000,bridge_dst_event_flow,True
BNB,Multi,bnb_flow_0x7b0b125f243a__synth_split_a,0x7b0b125f243a441920119eeb3e58c8650cce6e2b7e9430d9567d1243c3b07819,0xad4002986c58a8875ea6f040eca4fb15f3343edc|0xd1c5966f9f5ee6881ff6b261bbeda45972b1b5f3|0xedf0c420bc3b92b961c6ec411cc810ca81f5f21a,0xad4002986c58a8875ea6f040eca4fb15f3343edc,0xedf0c420bc3b92b961c6ec411cc810ca81f5f21a,USDT,USDT,0x7b0b125f243a441920119eeb3e58c8650cce6e2b7e9430d9567d1243c3b07819_USDT,1639137411,1639137411,1,3.3031e+21,3303.1,3303.1,0,0,0.800000,bridge_dst_event_flow,True
BNB,Multi,bnb_flow_0x7b0b125f243a__synth_split_b,0x7b0b125f243a441920119eeb3e58c8650cce6e2b7e9430d9567d1243c3b07819,0xad4002986c58a8875ea6f040eca4fb15f3343edc|0xd1c5966f9f5ee6881ff6b261bbeda45972b1b5f3|0xedf0c420bc3b92b961c6ec411cc810ca81f5f21a,0xad4002986c58a8875ea6f040eca4fb15f3343edc,0xedf0c420bc3b92b961c6ec411cc810ca81f5f21a,USDT,USDT,0x7b0b125f243a441920119eeb3e58c8650cce6e2b7e9430d9567d1243c3b07819_USDT,1639137411,1639137411,1,3.3031e+21,3303.1,3303.1,0,0,0.800000,bridge_dst_event_flow,True
BNB,Multi,bnb_flow_0x7b0b125f243a__synth_merge_dst,0x7b0b125f243a441920119eeb3e58c8650cce6e2b7e9430d9567d1243c3b07819,0xad4002986c58a8875ea6f040eca4fb15f3343edc|0xd1c5966f9f5ee6881ff6b261bbeda45972b1b5f3|0xedf0c420bc3b92b961c6ec411cc810ca81f5f21a,0xad4002986c58a8875ea6f040eca4fb15f3343edc,0xedf0c420bc3b92b961c6ec411cc810ca81f5f21a,USDT,USDT,0x7b0b125f243a441920119eeb3e58c8650cce6e2b7e9430d9567d1243c3b07819_USDT,1639137411,1639137411,1,6.6062e+21,6606.2,6606.2,0,0,0.800000,bridge_dst_event_flow,True
BNB,Multi,bnb_flow_0x7b0b125f243a__synth_hidden_dst,0x7b0b125f243a441920119eeb3e58c8650cce6e2b7e9430d9567d1243c3b07819,0xad4002986c58a8875ea6f040eca4fb15f3343edc|0xd1c5966f9f5ee6881ff6b261bbeda45972b1b5f3|0xedf0c420bc3b92b961c6ec411cc810ca81f5f21a,0xad4002986c58a8875ea6f040eca4fb15f3343edc,0xedf0c420bc3b92b961c6ec411cc810ca81f5f21a,USDT,USDT,0x7b0b125f243a441920119eeb3e58c8650cce6e2b7e9430d9567d1243c3b07819_USDT,1639137411,1639137411,1,6.6062e+21,6606.2,6606.2,0,0,0.800000,bridge_dst_event_flow,True
BNB,Multi,bnb_flow_0x7b0b125f243a__synth_noise_dst_0,0x7b0b125f243a441920119eeb3e58c8650cce6e2b7e9430d9567d1243c3b07819,0xad4002986c58a8875ea6f040eca4fb15f3343edc|0xd1c5966f9f5ee6881ff6b261bbeda45972b1b5f3|0xedf0c420bc3b92b961c6ec411cc810ca81f5f21a,0xad4002986c58a8875ea6f040eca4fb15f3343edc,0xedf0c420bc3b92b961c6ec411cc810ca81f5f21a,USDT,USDT,0x7b0b125f243a441920119eeb3e58c8650cce6e2b7e9430d9567d1243c3b07819_USDT,1639137471,1639137471,1,6.6062e+21,6606.2,6606.2,0,0,0.800000,bridge_dst_event_flow,True
BNB,Multi,bnb_flow_0x7b0b125f243a__synth_noise_dst_1,0x7b0b125f243a441920119eeb3e58c8650cce6e2b7e9430d9567d1243c3b07819,0xad4002986c58a8875ea6f040eca4fb15f3343edc|0xd1c5966f9f5ee6881ff6b261bbeda45972b1b5f3|0xedf0c420bc3b92b961c6ec411cc810ca81f5f21a,0xad4002986c58a8875ea6f040eca4fb15f3343edc,0xedf0c420bc3b92b961c6ec411cc810ca81f5f21a,USDT,USDT,0x7b0b125f243a441920119eeb3e58c8650cce6e2b7e9430d9567d1243c3b07819_USDT,1639137531,1639137531,1,6.6062e+21,6606.2,6606.2,0,0,0.800000,bridge_dst_event_flow,True
BNB,Multi,bnb_flow_0x28b5b8640578__synth_split_a,0x28b5b8640578bde8e4eecd1021a4aef3c304dc970c16e6a2d12639f9c6abd365,0xd1c5966f9f5ee6881ff6b261bbeda45972b1b5f3|0xe8958e57f0b909d29ec2aa0a4385c12ade0eb40b|0xedf0c420bc3b92b961c6ec411cc810ca81f5f21a,0xe8958e57f0b909d29ec2aa0a4385c12ade0eb40b,0xedf0c420bc3b92b961c6ec411cc810ca81f5f21a,USDT,USDT,0x28b5b8640578bde8e4eecd1021a4aef3c304dc970c16e6a2d12639f9c6abd365_USDT,1638462091,1638462091,1,3.36355e+21,3363.5499999999997,3363.5499999999997,0,0,0.800000,bridge_dst_event_flow,True
BNB,Multi,bnb_flow_0x28b5b8640578__synth_split_b,0x28b5b8640578bde8e4eecd1021a4aef3c304dc970c16e6a2d12639f9c6abd365,0xd1c5966f9f5ee6881ff6b261bbeda45972b1b5f3|0xe8958e57f0b909d29ec2aa0a4385c12ade0eb40b|0xedf0c420bc3b92b961c6ec411cc810ca81f5f21a,0xe8958e57f0b909d29ec2aa0a4385c12ade0eb40b,0xedf0c420bc3b92b961c6ec411cc810ca81f5f21a,USDT,USDT,0x28b5b8640578bde8e4eecd1021a4aef3c304dc970c16e6a2d12639f9c6abd365_USDT,1638462091,1638462091,1,3.36355e+21,3363.5499999999997,3363.5499999999997,0,0,0.800000,bridge_dst_event_flow,True
BNB,Multi,bnb_flow_0x28b5b8640578__synth_merge_dst,0x28b5b8640578bde8e4eecd1021a4aef3c304dc970c16e6a2d12639f9c6abd365,0xd1c5966f9f5ee6881ff6b261bbeda45972b1b5f3|0xe8958e57f0b909d29ec2aa0a4385c12ade0eb40b|0xedf0c420bc3b92b961c6ec411cc810ca81f5f21a,0xe8958e57f0b909d29ec2aa0a4385c12ade0eb40b,0xedf0c420bc3b92b961c6ec411cc810ca81f5f21a,USDT,USDT,0x28b5b8640578bde8e4eecd1021a4aef3c304dc970c16e6a2d12639f9c6abd365_USDT,1638462091,1638462091,1,6.7271e+21,6727.099999999999,6727.099999999999,0,0,0.800000,bridge_dst_event_flow,True
BNB,Multi,bnb_flow_0x28b5b8640578__synth_hidden_dst,0x28b5b8640578bde8e4eecd1021a4aef3c304dc970c16e6a2d12639f9c6abd365,0xd1c5966f9f5ee6881ff6b261bbeda45972b1b5f3|0xe8958e57f0b909d29ec2aa0a4385c12ade0eb40b|0xedf0c420bc3b92b961c6ec411cc810ca81f5f21a,0xe8958e57f0b909d29ec2aa0a4385c12ade0eb40b,0xedf0c420bc3b92b961c6ec411cc810ca81f5f21a,USDT,USDT,0x28b5b8640578bde8e4eecd1021a4aef3c304dc970c16e6a2d12639f9c6abd365_USDT,1638462091,1638462091,1,6.7271e+21,6727.099999999999,6727.099999999999,0,0,0.800000,bridge_dst_event_flow,True
BNB,Multi,bnb_flow_0x28b5b8640578__synth_noise_dst_0,0x28b5b8640578bde8e4eecd1021a4aef3c304dc970c16e6a2d12639f9c6abd365,0xd1c5966f9f5ee6881ff6b261bbeda45972b1b5f3|0xe8958e57f0b909d29ec2aa0a4385c12ade0eb40b|0xedf0c420bc3b92b961c6ec411cc810ca81f5f21a,0xe8958e57f0b909d29ec2aa0a4385c12ade0eb40b,0xedf0c420bc3b92b961c6ec411cc810ca81f5f21a,USDT,USDT,0x28b5b8640578bde8e4eecd1021a4aef3c304dc970c16e6a2d12639f9c6abd365_USDT,1638462151,1638462151,1,6.7271e+21,6727.099999999999,6727.099999999999,0,0,0.800000,bridge_dst_event_flow,True
BNB,Multi,bnb_flow_0x28b5b8640578__synth_noise_dst_1,0x28b5b8640578bde8e4eecd1021a4aef3c304dc970c16e6a2d12639f9c6abd365,0xd1c5966f9f5ee6881ff6b261bbeda45972b1b5f3|0xe8958e57f0b909d29ec2aa0a4385c12ade0eb40b|0xedf0c420bc3b92b961c6ec411cc810ca81f5f21a,0xe8958e57f0b909d29ec2aa0a4385c12ade0eb40b,0xedf0c420bc3b92b961c6ec411cc810ca81f5f21a,USDT,USDT,0x28b5b8640578bde8e4eecd1021a4aef3c304dc970c16e6a2d12639f9c6abd365_USDT,1638462211,1638462211,1,6.7271e+21,6727.099999999999,6727.099999999999,0,0,0.800000,bridge_dst_event_flow,True
BNB,Multi,bnb_flow_0xa697a5442bf6__synth_split_a,0xa697a5442bf64a0781961b08d4531cb4dd8f31c06e67a62ef85f0d0ad2daf663,0x2966e925cc8c2e0c4b39adbf22194265c0584858|0xd1c5966f9f5ee6881ff6b261bbeda45972b1b5f3|0xedf0c420bc3b92b961c6ec411cc810ca81f5f21a,0x2966e925cc8c2e0c4b39adbf22194265c0584858,0xedf0c420bc3b92b961c6ec411cc810ca81f5f21a,USDT,USDT,0xa697a5442bf64a0781961b08d4531cb4dd8f31c06e67a62ef85f0d0ad2daf663_USDT,1636909174,1636909174,1,4.333033333333333e+21,4333.033333333333,4333.033333333333,0,0,0.800000,bridge_dst_event_flow,True
BNB,Multi,bnb_flow_0xa697a5442bf6__synth_split_b,0xa697a5442bf64a0781961b08d4531cb4dd8f31c06e67a62ef85f0d0ad2daf663,0x2966e925cc8c2e0c4b39adbf22194265c0584858|0xd1c5966f9f5ee6881ff6b261bbeda45972b1b5f3|0xedf0c420bc3b92b961c6ec411cc810ca81f5f21a,0x2966e925cc8c2e0c4b39adbf22194265c0584858,0xedf0c420bc3b92b961c6ec411cc810ca81f5f21a,USDT,USDT,0xa697a5442bf64a0781961b08d4531cb4dd8f31c06e67a62ef85f0d0ad2daf663_USDT,1636909174,1636909174,1,4.333033333333333e+21,4333.033333333333,4333.033333333333,0,0,0.800000,bridge_dst_event_flow,True
BNB,Multi,bnb_flow_0xa697a5442bf6__synth_split_c,0xa697a5442bf64a0781961b08d4531cb4dd8f31c06e67a62ef85f0d0ad2daf663,0x2966e925cc8c2e0c4b39adbf22194265c0584858|0xd1c5966f9f5ee6881ff6b261bbeda45972b1b5f3|0xedf0c420bc3b92b961c6ec411cc810ca81f5f21a,0x2966e925cc8c2e0c4b39adbf22194265c0584858,0xedf0c420bc3b92b961c6ec411cc810ca81f5f21a,USDT,USDT,0xa697a5442bf64a0781961b08d4531cb4dd8f31c06e67a62ef85f0d0ad2daf663_USDT,1636909174,1636909174,1,4.333033333333333e+21,4333.033333333333,4333.033333333333,0,0,0.800000,bridge_dst_event_flow,True
BNB,Multi,bnb_flow_0xa697a5442bf6__synth_merge_dst,0xa697a5442bf64a0781961b08d4531cb4dd8f31c06e67a62ef85f0d0ad2daf663,0x2966e925cc8c2e0c4b39adbf22194265c0584858|0xd1c5966f9f5ee6881ff6b261bbeda45972b1b5f3|0xedf0c420bc3b92b961c6ec411cc810ca81f5f21a,0x2966e925cc8c2e0c4b39adbf22194265c0584858,0xedf0c420bc3b92b961c6ec411cc810ca81f5f21a,USDT,USDT,0xa697a5442bf64a0781961b08d4531cb4dd8f31c06e67a62ef85f0d0ad2daf663_USDT,1636909174,1636909174,1,1.29991e+22,12999.1,12999.1,0,0,0.800000,bridge_dst_event_flow,True
BNB,Multi,bnb_flow_0xa697a5442bf6__synth_hidden_dst,0xa697a5442bf64a0781961b08d4531cb4dd8f31c06e67a62ef85f0d0ad2daf663,0x2966e925cc8c2e0c4b39adbf22194265c0584858|0xd1c5966f9f5ee6881ff6b261bbeda45972b1b5f3|0xedf0c420bc3b92b961c6ec411cc810ca81f5f21a,0x2966e925cc8c2e0c4b39adbf22194265c0584858,0xedf0c420bc3b92b961c6ec411cc810ca81f5f21a,USDT,USDT,0xa697a5442bf64a0781961b08d4531cb4dd8f31c06e67a62ef85f0d0ad2daf663_USDT,1636909174,1636909174,1,1.29991e+22,12999.1,12999.1,0,0,0.800000,bridge_dst_event_flow,True
BNB,Multi,bnb_flow_0xa697a5442bf6__synth_noise_dst_0,0xa697a5442bf64a0781961b08d4531cb4dd8f31c06e67a62ef85f0d0ad2daf663,0x2966e925cc8c2e0c4b39adbf22194265c0584858|0xd1c5966f9f5ee6881ff6b261bbeda45972b1b5f3|0xedf0c420bc3b92b961c6ec411cc810ca81f5f21a,0x2966e925cc8c2e0c4b39adbf22194265c0584858,0xedf0c420bc3b92b961c6ec411cc810ca81f5f21a,USDT,USDT,0xa697a5442bf64a0781961b08d4531cb4dd8f31c06e67a62ef85f0d0ad2daf663_USDT,1636909234,1636909234,1,1.29991e+22,12999.1,12999.1,0,0,0.800000,bridge_dst_event_flow,True
BNB,Multi,bnb_flow_0xa697a5442bf6__synth_noise_dst_1,0xa697a5442bf64a0781961b08d4531cb4dd8f31c06e67a62ef85f0d0ad2daf663,0x2966e925cc8c2e0c4b39adbf22194265c0584858|0xd1c5966f9f5ee6881ff6b261bbeda45972b1b5f3|0xedf0c420bc3b92b961c6ec411cc810ca81f5f21a,0x2966e925cc8c2e0c4b39adbf22194265c0584858,0xedf0c420bc3b92b961c6ec411cc810ca81f5f21a,USDT,USDT,0xa697a5442bf64a0781961b08d4531cb4dd8f31c06e67a62ef85f0d0ad2daf663_USDT,1636909294,1636909294,1,1.29991e+22,12999.1,12999.1,0,0,0.800000,bridge_dst_event_flow,True
BNB,Multi,bnb_flow_0x6f0b6551704b__synth_split_a,0x6f0b6551704baa73070a7974afee0bc02caa6331c8852d3c4f375422ca8f32e6,0xd1c5966f9f5ee6881ff6b261bbeda45972b1b5f3|0xedf0c420bc3b92b961c6ec411cc810ca81f5f21a|0xf248d9df55bb5187c855c5cec4898bfc8375979f,0xf248d9df55bb5187c855c5cec4898bfc8375979f,0xedf0c420bc3b92b961c6ec411cc810ca81f5f21a,USDT,USDT,0x6f0b6551704baa73070a7974afee0bc02caa6331c8852d3c4f375422ca8f32e6_USDT,1638184644,1638184644,1,9.99955e+21,9999.55,9999.55,0,0,0.800000,bridge_dst_event_flow,True
BNB,Multi,bnb_flow_0x6f0b6551704b__synth_split_b,0x6f0b6551704baa73070a7974afee0bc02caa6331c8852d3c4f375422ca8f32e6,0xd1c5966f9f5ee6881ff6b261bbeda45972b1b5f3|0xedf0c420bc3b92b961c6ec411cc810ca81f5f21a|0xf248d9df55bb5187c855c5cec4898bfc8375979f,0xf248d9df55bb5187c855c5cec4898bfc8375979f,0xedf0c420bc3b92b961c6ec411cc810ca81f5f21a,USDT,USDT,0x6f0b6551704baa73070a7974afee0bc02caa6331c8852d3c4f375422ca8f32e6_USDT,1638184644,1638184644,1,9.99955e+21,9999.55,9999.55,0,0,0.800000,bridge_dst_event_flow,True
BNB,Multi,bnb_flow_0x6f0b6551704b__synth_merge_dst,0x6f0b6551704baa73070a7974afee0bc02caa6331c8852d3c4f375422ca8f32e6,0xd1c5966f9f5ee6881ff6b261bbeda45972b1b5f3|0xedf0c420bc3b92b961c6ec411cc810ca81f5f21a|0xf248d9df55bb5187c855c5cec4898bfc8375979f,0xf248d9df55bb5187c855c5cec4898bfc8375979f,0xedf0c420bc3b92b961c6ec411cc810ca81f5f21a,USDT,USDT,0x6f0b6551704baa73070a7974afee0bc02caa6331c8852d3c4f375422ca8f32e6_USDT,1638184644,1638184644,1,1.99991e+22,19999.1,19999.1,0,0,0.800000,bridge_dst_event_flow,True
BNB,Multi,bnb_flow_0x6f0b6551704b__synth_hidden_dst,0x6f0b6551704baa73070a7974afee0bc02caa6331c8852d3c4f375422ca8f32e6,0xd1c5966f9f5ee6881ff6b261bbeda45972b1b5f3|0xedf0c420bc3b92b961c6ec411cc810ca81f5f21a|0xf248d9df55bb5187c855c5cec4898bfc8375979f,0xf248d9df55bb5187c855c5cec4898bfc8375979f,0xedf0c420bc3b92b961c6ec411cc810ca81f5f21a,USDT,USDT,0x6f0b6551704baa73070a7974afee0bc02caa6331c8852d3c4f375422ca8f32e6_USDT,1638184644,1638184644,1,1.99991e+22,19999.1,19999.1,0,0,0.800000,bridge_dst_event_flow,True
BNB,Multi,bnb_flow_0x6f0b6551704b__synth_noise_dst_0,0x6f0b6551704baa73070a7974afee0bc02caa6331c8852d3c4f375422ca8f32e6,0xd1c5966f9f5ee6881ff6b261bbeda45972b1b5f3|0xedf0c420bc3b92b961c6ec411cc810ca81f5f21a|0xf248d9df55bb5187c855c5cec4898bfc8375979f,0xf248d9df55bb5187c855c5cec4898bfc8375979f,0xedf0c420bc3b92b961c6ec411cc810ca81f5f21a,USDT,USDT,0x6f0b6551704baa73070a7974afee0bc02caa6331c8852d3c4f375422ca8f32e6_USDT,1638184704,1638184704,1,1.99991e+22,19999.1,19999.1,0,0,0.800000,bridge_dst_event_flow,True
BNB,Multi,bnb_flow_0x6f0b6551704b__synth_noise_dst_1,0x6f0b6551704baa73070a7974afee0bc02caa6331c8852d3c4f375422ca8f32e6,0xd1c5966f9f5ee6881ff6b261bbeda45972b1b5f3|0xedf0c420bc3b92b961c6ec411cc810ca81f5f21a|0xf248d9df55bb5187c855c5cec4898bfc8375979f,0xf248d9df55bb5187c855c5cec4898bfc8375979f,0xedf0c420bc3b92b961c6ec411cc810ca81f5f21a,USDT,USDT,0x6f0b6551704baa73070a7974afee0bc02caa6331c8852d3c4f375422ca8f32e6_USDT,1638184764,1638184764,1,1.99991e+22,19999.1,19999.1,0,0,0.800000,bridge_dst_event_flow,True
BNB,Multi,bnb_flow_0x6971e881aaaa__synth_split_a,0x6971e881aaaa60c28272536437187f0417a3491256b75e94b546add54bb86afc,0xd1c5966f9f5ee6881ff6b261bbeda45972b1b5f3|0xedf0c420bc3b92b961c6ec411cc810ca81f5f21a|0xfa6aba6c24fb23e3139d7500284953ecdf0b98af,0xfa6aba6c24fb23e3139d7500284953ecdf0b98af,0xedf0c420bc3b92b961c6ec411cc810ca81f5f21a,USDT,USDT,0x6971e881aaaa60c28272536437187f0417a3491256b75e94b546add54bb86afc_USDT,1638075445,1638075445,1,6.5576125e+20,655.76125,655.76125,0,0,0.800000,bridge_dst_event_flow,True
BNB,Multi,bnb_flow_0x6971e881aaaa__synth_split_b,0x6971e881aaaa60c28272536437187f0417a3491256b75e94b546add54bb86afc,0xd1c5966f9f5ee6881ff6b261bbeda45972b1b5f3|0xedf0c420bc3b92b961c6ec411cc810ca81f5f21a|0xfa6aba6c24fb23e3139d7500284953ecdf0b98af,0xfa6aba6c24fb23e3139d7500284953ecdf0b98af,0xedf0c420bc3b92b961c6ec411cc810ca81f5f21a,USDT,USDT,0x6971e881aaaa60c28272536437187f0417a3491256b75e94b546add54bb86afc_USDT,1638075445,1638075445,1,6.5576125e+20,655.76125,655.76125,0,0,0.800000,bridge_dst_event_flow,True
BNB,Multi,bnb_flow_0x6971e881aaaa__synth_split_c,0x6971e881aaaa60c28272536437187f0417a3491256b75e94b546add54bb86afc,0xd1c5966f9f5ee6881ff6b261bbeda45972b1b5f3|0xedf0c420bc3b92b961c6ec411cc810ca81f5f21a|0xfa6aba6c24fb23e3139d7500284953ecdf0b98af,0xfa6aba6c24fb23e3139d7500284953ecdf0b98af,0xedf0c420bc3b92b961c6ec411cc810ca81f5f21a,USDT,USDT,0x6971e881aaaa60c28272536437187f0417a3491256b75e94b546add54bb86afc_USDT,1638075445,1638075445,1,6.5576125e+20,655.76125,655.76125,0,0,0.800000,bridge_dst_event_flow,True
BNB,Multi,bnb_flow_0x6971e881aaaa__synth_split_d,0x6971e881aaaa60c28272536437187f0417a3491256b75e94b546add54bb86afc,0xd1c5966f9f5ee6881ff6b261bbeda45972b1b5f3|0xedf0c420bc3b92b961c6ec411cc810ca81f5f21a|0xfa6aba6c24fb23e3139d7500284953ecdf0b98af,0xfa6aba6c24fb23e3139d7500284953ecdf0b98af,0xedf0c420bc3b92b961c6ec411cc810ca81f5f21a,USDT,USDT,0x6971e881aaaa60c28272536437187f0417a3491256b75e94b546add54bb86afc_USDT,1638075445,1638075445,1,6.5576125e+20,655.76125,655.76125,0,0,0.800000,bridge_dst_event_flow,True
BNB,Multi,bnb_flow_0x6971e881aaaa__synth_split_e,0x6971e881aaaa60c28272536437187f0417a3491256b75e94b546add54bb86afc,0xd1c5966f9f5ee6881ff6b261bbeda45972b1b5f3|0xedf0c420bc3b92b961c6ec411cc810ca81f5f21a|0xfa6aba6c24fb23e3139d7500284953ecdf0b98af,0xfa6aba6c24fb23e3139d7500284953ecdf0b98af,0xedf0c420bc3b92b961c6ec411cc810ca81f5f21a,USDT,USDT,0x6971e881aaaa60c28272536437187f0417a3491256b75e94b546add54bb86afc_USDT,1638075445,1638075445,1,6.5576125e+20,655.76125,655.76125,0,0,0.800000,bridge_dst_event_flow,True
BNB,Multi,bnb_flow_0x6971e881aaaa__synth_split_f,0x6971e881aaaa60c28272536437187f0417a3491256b75e94b546add54bb86afc,0xd1c5966f9f5ee6881ff6b261bbeda45972b1b5f3|0xedf0c420bc3b92b961c6ec411cc810ca81f5f21a|0xfa6aba6c24fb23e3139d7500284953ecdf0b98af,0xfa6aba6c24fb23e3139d7500284953ecdf0b98af,0xedf0c420bc3b92b961c6ec411cc810ca81f5f21a,USDT,USDT,0x6971e881aaaa60c28272536437187f0417a3491256b75e94b546add54bb86afc_USDT,1638075445,1638075445,1,6.5576125e+20,655.76125,655.76125,0,0,0.800000,bridge_dst_event_flow,True
BNB,Multi,bnb_flow_0x6971e881aaaa__synth_split_g,0x6971e881aaaa60c28272536437187f0417a3491256b75e94b546add54bb86afc,0xd1c5966f9f5ee6881ff6b261bbeda45972b1b5f3|0xedf0c420bc3b92b961c6ec411cc810ca81f5f21a|0xfa6aba6c24fb23e3139d7500284953ecdf0b98af,0xfa6aba6c24fb23e3139d7500284953ecdf0b98af,0xedf0c420bc3b92b961c6ec411cc810ca81f5f21a,USDT,USDT,0x6971e881aaaa60c28272536437187f0417a3491256b75e94b546add54bb86afc_USDT,1638075445,1638075445,1,6.5576125e+20,655.76125,655.76125,0,0,0.800000,bridge_dst_event_flow,True
BNB,Multi,bnb_flow_0x6971e881aaaa__synth_split_h,0x6971e881aaaa60c28272536437187f0417a3491256b75e94b546add54bb86afc,0xd1c5966f9f5ee6881ff6b261bbeda45972b1b5f3|0xedf0c420bc3b92b961c6ec411cc810ca81f5f21a|0xfa6aba6c24fb23e3139d7500284953ecdf0b98af,0xfa6aba6c24fb23e3139d7500284953ecdf0b98af,0xedf0c420bc3b92b961c6ec411cc810ca81f5f21a,USDT,USDT,0x6971e881aaaa60c28272536437187f0417a3491256b75e94b546add54bb86afc_USDT,1638075445,1638075445,1,6.5576125e+20,655.76125,655.76125,0,0,0.800000,bridge_dst_event_flow,True
BNB,Multi,bnb_flow_0x6971e881aaaa__synth_merge_dst,0x6971e881aaaa60c28272536437187f0417a3491256b75e94b546add54bb86afc,0xd1c5966f9f5ee6881ff6b261bbeda45972b1b5f3|0xedf0c420bc3b92b961c6ec411cc810ca81f5f21a|0xfa6aba6c24fb23e3139d7500284953ecdf0b98af,0xfa6aba6c24fb23e3139d7500284953ecdf0b98af,0xedf0c420bc3b92b961c6ec411cc810ca81f5f21a,USDT,USDT,0x6971e881aaaa60c28272536437187f0417a3491256b75e94b546add54bb86afc_USDT,1638075445,1638075445,1,5.24609e+21,5246.09,5246.09,0,0,0.800000,bridge_dst_event_flow,True
BNB,Multi,bnb_flow_0x6971e881aaaa__synth_hidden_dst,0x6971e881aaaa60c28272536437187f0417a3491256b75e94b546add54bb86afc,0xd1c5966f9f5ee6881ff6b261bbeda45972b1b5f3|0xedf0c420bc3b92b961c6ec411cc810ca81f5f21a|0xfa6aba6c24fb23e3139d7500284953ecdf0b98af,0xfa6aba6c24fb23e3139d7500284953ecdf0b98af,0xedf0c420bc3b92b961c6ec411cc810ca81f5f21a,USDT,USDT,0x6971e881aaaa60c28272536437187f0417a3491256b75e94b546add54bb86afc_USDT,1638075445,1638075445,1,5.24609e+21,5246.09,5246.09,0,0,0.800000,bridge_dst_event_flow,True
BNB,Multi,bnb_flow_0x6971e881aaaa__synth_noise_dst_0,0x6971e881aaaa60c28272536437187f0417a3491256b75e94b546add54bb86afc,0xd1c5966f9f5ee6881ff6b261bbeda45972b1b5f3|0xedf0c420bc3b92b961c6ec411cc810ca81f5f21a|0xfa6aba6c24fb23e3139d7500284953ecdf0b98af,0xfa6aba6c24fb23e3139d7500284953ecdf0b98af,0xedf0c420bc3b92b961c6ec411cc810ca81f5f21a,USDT,USDT,0x6971e881aaaa60c28272536437187f0417a3491256b75e94b546add54bb86afc_USDT,1638075505,1638075505,1,5.24609e+21,5246.09,5246.09,0,0,0.800000,bridge_dst_event_flow,True
BNB,Multi,bnb_flow_0x6971e881aaaa__synth_noise_dst_1,0x6971e881aaaa60c28272536437187f0417a3491256b75e94b546add54bb86afc,0xd1c5966f9f5ee6881ff6b261bbeda45972b1b5f3|0xedf0c420bc3b92b961c6ec411cc810ca81f5f21a|0xfa6aba6c24fb23e3139d7500284953ecdf0b98af,0xfa6aba6c24fb23e3139d7500284953ecdf0b98af,0xedf0c420bc3b92b961c6ec411cc810ca81f5f21a,USDT,USDT,0x6971e881aaaa60c28272536437187f0417a3491256b75e94b546add54bb86afc_USDT,1638075565,1638075565,1,5.24609e+21,5246.09,5246.09,0,0,0.800000,bridge_dst_event_flow,True
