src_flow_id,dst_flow_id,src_amount_usd,dst_amount_usd,median_delay_sec,pattern_type,label_confidence,label_type,src_chain,dst_chain,bridge,src_token,dst_token,asset_group,label_source,support_tx_pair_count,matched_src_amount_usd,matched_dst_amount_usd,flow_mass_ratio_dst
eth_flow_0x8073f328132e__r7fam00__inst00__synth_split_src,bnb_flow_0xe974b5f51072__synth_split_a,150.0,75.0,-1104,one_to_many,0.95,supervised_flow_pair,ETH,BNB,Multi,0x22648c12acd87912ea1710357b1302c6a4154ebc,0xedf0c420bc3b92b961c6ec411cc810ca81f5f21a,USDT,semi_synthetic_split,1,75.0,75.0,
eth_flow_0x8073f328132e__r7fam00__inst00__synth_split_src,bnb_flow_0xe974b5f51072__synth_split_b,150.0,75.0,-1104,one_to_many,0.95,supervised_flow_pair,ETH,BNB,Multi,0x22648c12acd87912ea1710357b1302c6a4154ebc,0xedf0c420bc3b92b961c6ec411cc810ca81f5f21a,USDT,semi_synthetic_split,1,75.0,75.0,
eth_flow_0x8073f328132e__r7fam00__inst00__synth_merge_src1,bnb_flow_0xe974b5f51072__synth_merge_dst,75.0,150.0,-1104,many_to_one,1.0,supervised_flow_pair,ETH,BNB,Multi,0x22648c12acd87912ea1710357b1302c6a4154ebc,0xedf0c420bc3b92b961c6ec411cc810ca81f5f21a,USDT,semi_synthetic_merge,,75.0,75.0,
eth_flow_0x8073f328132e__r7fam00__inst00__synth_merge_src2,bnb_flow_0xe974b5f51072__synth_merge_dst,75.0,150.0,-1104,many_to_one,1.0,supervised_flow_pair,ETH,BNB,Multi,0x22648c12acd87912ea1710357b1302c6a4154ebc,0xedf0c420bc3b92b961c6ec411cc810ca81f5f21a,USDT,semi_synthetic_merge,,75.0,75.0,
eth_flow_0x8073f328132e__r7fam00__inst00__synth_unmatched_src,bnb_flow_0xe974b5f51072__synth_hidden_dst,150.0,0,-1104,one_to_one,0.2,supervised_flow_pair,ETH,BNB,Multi,0x22648c12acd87912ea1710357b1302c6a4154ebc,0xedf0c420bc3b92b961c6ec411cc810ca81f5f21a,USDT,semi_synthetic_unmatched,,,0,0
eth_flow_0x8073f328132e__r7fam00__inst00__synth_noise_src_0,bnb_flow_0xe974b5f51072__synth_noise_dst_0,150.0,149.1,-1044,one_to_one,0.2499,supervised_flow_pair,ETH,BNB,Multi,0x22648c12acd87912ea1710357b1302c6a4154ebc,0xedf0c420bc3b92b961c6ec411cc810ca81f5f21a,USDT,semi_synthetic_delay_noise,,,,
eth_flow_0x8073f328132e__r7fam00__inst00__synth_noise_src_1,bnb_flow_0xe974b5f51072__synth_noise_dst_1,150.0,149.1,-984,one_to_one,0.2399,supervised_flow_pair,ETH,BNB,Multi,0x22648c12acd87912ea1710357b1302c6a4154ebc,0xedf0c420bc3b92b961c6ec411cc810ca81f5f21a,USDT,semi_synthetic_delay_noise,,,,
eth_flow_0xd7bb9eef50ed__r7fam00__inst01__synth_split_src,bnb_flow_0x38ac3ebece19__synth_split_a,118.06,39.35333333333333,-175,one_to_many,0.95,supervised_flow_pair,ETH,BNB,Multi,0x22648c12acd87912ea1710357b1302c6a4154ebc,0xedf0c420bc3b92b961c6ec411cc810ca81f5f21a,USDT,semi_synthetic_split,1,39.35333333333333,39.35333333333333,
eth_flow_0xd7bb9eef50ed__r7fam00__inst01__synth_split_src,bnb_flow_0x38ac3ebece19__synth_split_b,118.06,39.35333333333333,-175,one_to_many,0.95,supervised_flow_pair,ETH,BNB,Multi,0x22648c12acd87912ea1710357b1302c6a4154ebc,0xedf0c420bc3b92b961c6ec411cc810ca81f5f21a,USDT,semi_synthetic_split,1,39.35333333333333,39.35333333333333,
eth_flow_0xd7bb9eef50ed__r7fam00__inst01__synth_split_src,bnb_flow_0x38ac3ebece19__synth_split_c,118.06,39.35333333333333,-175,one_to_many,0.95,supervised_flow_pair,ETH,BNB,Multi,0x22648c12acd87912ea1710357b1302c6a4154ebc,0xedf0c420bc3b92b961c6ec411cc810ca81f5f21a,USDT,semi_synthetic_split,1,39.35333333333333,39.35333333333333,
eth_flow_0xd7bb9eef50ed__r7fam00__inst01__synth_merge_src1,bnb_flow_0x38ac3ebece19__synth_merge_dst,59.03,118.06,-175,many_to_one,1.0,supervised_flow_pair,ETH,BNB,Multi,0x22648c12acd87912ea1710357b1302c6a4154ebc,0xedf0c420bc3b92b961c6ec411cc810ca81f5f21a,USDT,semi_synthetic_merge,,59.03,59.03,
eth_flow_0xd7bb9eef50ed__r7fam00__inst01__synth_merge_src2,bnb_flow_0x38ac3ebece19__synth_merge_dst,59.03,118.06,-175,many_to_one,1.0,supervised_flow_pair,ETH,BNB,Multi,0x22648c12acd87912ea1710357b1302c6a4154ebc,0xedf0c420bc3b92b961c6ec411cc810ca81f5f21a,USDT,semi_synthetic_merge,,59.03,59.03,
eth_flow_0xd7bb9eef50ed__r7fam00__inst01__synth_unmatched_src,bnb_flow_0x38ac3ebece19__synth_hidden_dst,118.06,0,-175,one_to_one,0.2,supervised_flow_pair,ETH,BNB,Multi,0x22648c12acd87912ea1710357b1302c6a4154ebc,0xedf0c420bc3b92b961c6ec411cc810ca81f5f21a,USDT,semi_synthetic_unmatched,,,0,0
eth_flow_0xd7bb9eef50ed__r7fam00__inst01__synth_noise_src_0,bnb_flow_0x38ac3ebece19__synth_noise_dst_0,118.06,117.16,-115,one_to_one,0.2502,supervised_flow_pair,ETH,BNB,Multi,0x22648c12acd87912ea1710357b1302c6a4154ebc,0xedf0c420bc3b92b961c6ec411cc810ca81f5f21a,USDT,semi_synthetic_delay_noise,,,,
eth_flow_0xd7bb9eef50ed__r7fam00__inst01__synth_noise_src_1,bnb_flow_0x38ac3ebece19__synth_noise_dst_1,118.06,117.16,-55,one_to_one,0.2562,supervised_flow_pair,ETH,BNB,Multi,0x22648c12acd87912ea1710357b1302c6a4154ebc,0xedf0c420bc3b92b961c6ec411cc810ca81f5f21a,USDT,semi_synthetic_delay_noise,,,,
eth_flow_0xf5adb4ba59ad__r7fam01__inst00__synth_split_src,bnb_flow_0x0d01ab3aea6f__synth_split_a,40.0,13.333333333333334,61,one_to_many,0.95,supervised_flow_pair,ETH,BNB,Multi,0x22648c12acd87912ea1710357b1302c6a4154ebc,0xedf0c420bc3b92b961c6ec411cc810ca81f5f21a,USDT,semi_synthetic_split,1,13.333333333333334,13.333333333333334,
eth_flow_0xf5adb4ba59ad__r7fam01__inst00__synth_split_src,bnb_flow_0x0d01ab3aea6f__synth_split_b,40.0,13.333333333333334,61,one_to_many,0.95,supervised_flow_pair,ETH,BNB,Multi,0x22648c12acd87912ea1710357b1302c6a4154ebc,0xedf0c420bc3b92b961c6ec411cc810ca81f5f21a,USDT,semi_synthetic_split,1,13.333333333333334,13.333333333333334,
eth_flow_0xf5adb4ba59ad__r7fam01__inst00__synth_split_src,bnb_flow_0x0d01ab3aea6f__synth_split_c,40.0,13.333333333333334,61,one_to_many,0.95,supervised_flow_pair,ETH,BNB,Multi,0x22648c12acd87912ea1710357b1302c6a4154ebc,0xedf0c420bc3b92b961c6ec411cc810ca81f5f21a,USDT,semi_synthetic_split,1,13.333333333333334,13.333333333333334,
eth_flow_0xf5adb4ba59ad__r7fam01__inst00__synth_merge_src1,bnb_flow_0x0d01ab3aea6f__synth_merge_dst,20.0,40.0,61,many_to_one,1.0,supervised_flow_pair,ETH,BNB,Multi,0x22648c12acd87912ea1710357b1302c6a4154ebc,0xedf0c420bc3b92b961c6ec411cc810ca81f5f21a,USDT,semi_synthetic_merge,,20.0,20.0,
eth_flow_0xf5adb4ba59ad__r7fam01__inst00__synth_merge_src2,bnb_flow_0x0d01ab3aea6f__synth_merge_dst,20.0,40.0,61,many_to_one,1.0,supervised_flow_pair,ETH,BNB,Multi,0x22648c12acd87912ea1710357b1302c6a4154ebc,0xedf0c420bc3b92b961c6ec411cc810ca81f5f21a,USDT,semi_synthetic_merge,,20.0,20.0,
eth_flow_0xf5adb4ba59ad__r7fam01__inst00__synth_unmatched_src,bnb_flow_0x0d01ab3aea6f__synth_hidden_dst,40.0,0,61,one_to_one,0.2,supervised_flow_pair,ETH,BNB,Multi,0x22648c12acd87912ea1710357b1302c6a4154ebc,0xedf0c420bc3b92b961c6ec411cc810ca81f5f21a,USDT,semi_synthetic_unmatched,,,0,0
eth_flow_0xf5adb4ba59ad__r7fam01__inst00__synth_noise_src_0,bnb_flow_0x0d01ab3aea6f__synth_noise_dst_0,40.0,39.1,121,one_to_one,0.2275,supervised_flow_pair,ETH,BNB,Multi,0x22648c12acd87912ea1710357b1302c6a4154ebc,0xedf0c420bc3b92b961c6ec411cc810ca81f5f21a,USDT,semi_synthetic_delay_noise,,,,
eth_flow_0xf5adb4ba59ad__r7fam01__inst00__synth_noise_src_1,bnb_flow_0x0d01ab3aea6f__synth_noise_dst_1,40.0,39.1,181,one_to_one,0.239,supervised_flow_pair,ETH,BNB,Multi,0x22648c12acd87912ea1710357b1302c6a4154ebc,0xedf0c420bc3b92b961c6ec411cc810ca81f5f21a,USDT,semi_synthetic_delay_noise,,,,
eth_flow_0x15fc39ceb0fa__r7fam01__inst01__synth_split_src,bnb_flow_0x0024b36e01cc__synth_split_a,41.788479118923945,13.929493039641315,87,one_to_many,0.95,supervised_flow_pair,ETH,BNB,Multi,0x818ec0a7fe18ff94269904fced6ae3dae6d6dc0b,0x634398cb81b76bfc75ebb434cf7c82036f9e7d78,HGET,semi_synthetic_split,1,13.929493039641315,13.929493039641315,
eth_flow_0x15fc39ceb0fa__r7fam01__inst01__synth_split_src,bnb_flow_0x0024b36e01cc__synth_split_b,41.788479118923945,13.929493039641315,87,one_to_many,0.95,supervised_flow_pair,ETH,BNB,Multi,0x818ec0a7fe18ff94269904fced6ae3dae6d6dc0b,0x634398cb81b76bfc75ebb434cf7c82036f9e7d78,HGET,semi_synthetic_split,1,13.929493039641315,13.929493039641315,
eth_flow_0x15fc39ceb0fa__r7fam01__inst01__synth_split_src,bnb_flow_0x0024b36e01cc__synth_split_c,41.788479118923945,13.929493039641315,87,one_to_many,0.95,supervised_flow_pair,ETH,BNB,Multi,0x818ec0a7fe18ff94269904fced6ae3dae6d6dc0b,0x634398cb81b76bfc75ebb434cf7c82036f9e7d78,HGET,semi_synthetic_split,1,13.929493039641315,13.929493039641315,
eth_flow_0x15fc39ceb0fa__r7fam01__inst01__synth_merge_src1,bnb_flow_0x0024b36e01cc__synth_merge_dst,20.894239559461973,41.788479118923945,87,many_to_one,1.0,supervised_flow_pair,ETH,BNB,Multi,0x818ec0a7fe18ff94269904fced6ae3dae6d6dc0b,0x634398cb81b76bfc75ebb434cf7c82036f9e7d78,HGET,semi_synthetic_merge,,20.894239559461973,20.894239559461973,
eth_flow_0x15fc39ceb0fa__r7fam01__inst01__synth_merge_src2,bnb_flow_0x0024b36e01cc__synth_merge_dst,20.894239559461973,41.788479118923945,87,many_to_one,1.0,supervised_flow_pair,ETH,BNB,Multi,0x818ec0a7fe18ff94269904fced6ae3dae6d6dc0b,0x634398cb81b76bfc75ebb434cf7c82036f9e7d78,HGET,semi_synthetic_merge,,20.894239559461973,20.894239559461973,
eth_flow_0x15fc39ceb0fa__r7fam01__inst01__synth_unmatched_src,bnb_flow_0x0024b36e01cc__synth_hidden_dst,41.788479118923945,0,87,one_to_one,0.2,supervised_flow_pair,ETH,BNB,Multi,0x818ec0a7fe18ff94269904fced6ae3dae6d6dc0b,0x634398cb81b76bfc75ebb434cf7c82036f9e7d78,HGET,semi_synthetic_unmatched,,,0,0
eth_flow_0x15fc39ceb0fa__r7fam01__inst01__synth_noise_src_0,bnb_flow_0x0024b36e01cc__synth_noise_dst_0,41.788479118923945,41.66462470541202,147,one_to_one,0.2459,supervised_flow_pair,ETH,BNB,Multi,0x818ec0a7fe18ff94269904fced6ae3dae6d6dc0b,0x634398cb81b76bfc75ebb434cf7c82036f9e7d78,HGET,semi_synthetic_delay_noise,,,,
eth_flow_0x15fc39ceb0fa__r7fam01__inst01__synth_noise_src_1,bnb_flow_0x0024b36e01cc__synth_noise_dst_1,41.788479118923945,41.66462470541202,207,one_to_one,0.2525,supervised_flow_pair,ETH,BNB,Multi,0x818ec0a7fe18ff94269904fced6ae3dae6d6dc0b,0x634398cb81b76bfc75ebb434cf7c82036f9e7d78,HGET,semi_synthetic_delay_noise,,,,
eth_flow_0xbbb17907c222__r7fam02__inst00__synth_split_src,bnb_flow_0x896f5885c9f4__synth_split_a,17.22636002050093,4.306590005125233,99,one_to_many,0.95,supervised_flow_pair,ETH,BNB,Multi,0x0615dbba33fe61a31c7ed131bda6655ed76748b1,0xdebb1d6a2196f2335ad51fbde7ca587205889360,WETH_ETH,semi_synthetic_split,1,4.306590005125233,4.306590005125233,
eth_flow_0xbbb17907c222__r7fam02__inst00__synth_split_src,bnb_flow_0x896f5885c9f4__synth_split_b,17.22636002050093,4.306590005125233,99,one_to_many,0.95,supervised_flow_pair,ETH,BNB,Multi,0x0615dbba33fe61a31c7ed131bda6655ed76748b1,0xdebb1d6a2196f2335ad51fbde7ca587205889360,WETH_ETH,semi_synthetic_split,1,4.306590005125233,4.306590005125233,
eth_flow_0xbbb17907c222__r7fam02__inst00__synth_split_src,bnb_flow_0x896f5885c9f4__synth_split_c,17.22636002050093,4.306590005125233,99,one_to_many,0.95,supervised_flow_pair,ETH,BNB,Multi,0x0615dbba33fe61a31c7ed131bda6655ed76748b1,0xdebb1d6a2196f2335ad51fbde7ca587205889360,WETH_ETH,semi_synthetic_split,1,4.306590005125233,4.306590005125233,
eth_flow_0xbbb17907c222__r7fam02__inst00__synth_split_src,bnb_flow_0x896f5885c9f4__synth_split_d,17.22636002050093,4.306590005125233,99,one_to_many,0.95,supervised_flow_pair,ETH,BNB,Multi,0x0615dbba33fe61a31c7ed131bda6655ed76748b1,0xdebb1d6a2196f2335ad51fbde7ca587205889360,WETH_ETH,semi_synthetic_split,1,4.306590005125233,4.306590005125233,
eth_flow_0xbbb17907c222__r7fam02__inst00__synth_merge_src1,bnb_flow_0x896f5885c9f4__synth_merge_dst,8.613180010250465,17.22636002050093,99,many_to_one,1.0,supervised_flow_pair,ETH,BNB,Multi,0x0615dbba33fe61a31c7ed131bda6655ed76748b1,0xdebb1d6a2196f2335ad51fbde7ca587205889360,WETH_ETH,semi_synthetic_merge,,8.613180010250465,8.613180010250465,
eth_flow_0xbbb17907c222__r7fam02__inst00__synth_merge_src2,bnb_flow_0x896f5885c9f4__synth_merge_dst,8.613180010250465,17.22636002050093,99,many_to_one,1.0,supervised_flow_pair,ETH,BNB,Multi,0x0615dbba33fe61a31c7ed131bda6655ed76748b1,0xdebb1d6a2196f2335ad51fbde7ca587205889360,WETH_ETH,semi_synthetic_merge,,8.613180010250465,8.613180010250465,
eth_flow_0xbbb17907c222__r7fam02__inst00__synth_unmatched_src,bnb_flow_0x896f5885c9f4__synth_hidden_dst,17.22636002050093,0,99,one_to_one,0.2,supervised_flow_pair,ETH,BNB,Multi,0x0615dbba33fe61a31c7ed131bda6655ed76748b1,0xdebb1d6a2196f2335ad51fbde7ca587205889360,WETH_ETH,semi_synthetic_unmatched,,,0,0
eth_flow_0xbbb17907c222__r7fam02__inst00__synth_noise_src_0,bnb_flow_0x896f5885c9f4__synth_noise_dst_0,17.22636002050093,16.48808744819375,159,one_to_one,0.2548,supervised_flow_pair,ETH,BNB,Multi,0x0615dbba33fe61a31c7ed131bda6655ed76748b1,0xdebb1d6a2196f2335ad51fbde7ca587205889360,WETH_ETH,semi_synthetic_delay_noise,,,,
eth_flow_0xbbb17907c222__r7fam02__inst00__synth_noise_src_1,bnb_flow_0x896f5885c9f4__synth_noise_dst_1,17.22636002050093,16.48808744819375,219,one_to_one,0.2358,supervised_flow_pair,ETH,BNB,Multi,0x0615dbba33fe61a31c7ed131bda6655ed76748b1,0xdebb1d6a2196f2335ad51fbde7ca587205889360,WETH_ETH,semi_synthetic_delay_noise,,,,
eth_flow_0xe1b9fbe27fa4__r7fam02__inst01__synth_split_src,bnb_flow_0x35e99ae69bfb__synth_split_a,123.0454287178638,15.380678589732975,146,one_to_many,0.95,supervised_flow_pair,ETH,BNB,Multi,0x0615dbba33fe61a31c7ed131bda6655ed76748b1,0xdebb1d6a2196f2335ad51fbde7ca587205889360,WETH_ETH,semi_synthetic_split,1,15.380678589732975,15.380678589732975,
eth_flow_0xe1b9fbe27fa4__r7fam02__inst01__synth_split_src,bnb_flow_0x35e99ae69bfb__synth_split_b,123.0454287178638,15.380678589732975,146,one_to_many,0.95,supervised_flow_pair,ETH,BNB,Multi,0x0615dbba33fe61a31c7ed131bda6655ed76748b1,0xdebb1d6a2196f2335ad51fbde7ca587205889360,WETH_ETH,semi_synthetic_split,1,15.380678589732975,15.380678589732975,
eth_flow_0xe1b9fbe27fa4__r7fam02__inst01__synth_split_src,bnb_flow_0x35e99ae69bfb__synth_split_c,123.0454287178638,15.380678589732975,146,one_to_many,0.95,supervised_flow_pair,ETH,BNB,Multi,0x0615dbba33fe61a31c7ed131bda6655ed76748b1,0xdebb1d6a2196f2335ad51fbde7ca587205889360,WETH_ETH,semi_synthetic_split,1,15.380678589732975,15.380678589732975,
eth_flow_0xe1b9fbe27fa4__r7fam02__inst01__synth_split_src,bnb_flow_0x35e99ae69bfb__synth_split_d,123.0454287178638,15.380678589732975,146,one_to_many,0.95,supervised_flow_pair,ETH,BNB,Multi,0x0615dbba33fe61a31c7ed131bda6655ed76748b1,0xdebb1d6a2196f2335ad51fbde7ca587205889360,WETH_ETH,semi_synthetic_split,1,15.380678589732975,15.380678589732975,
eth_flow_0xe1b9fbe27fa4__r7fam02__inst01__synth_split_src,bnb_flow_0x35e99ae69bfb__synth_split_e,123.0454287178638,15.380678589732975,146,one_to_many,0.95,supervised_flow_pair,ETH,BNB,Multi,0x0615dbba33fe61a31c7ed131bda6655ed76748b1,0xdebb1d6a2196f2335ad51fbde7ca587205889360,WETH_ETH,semi_synthetic_split,1,15.380678589732975,15.380678589732975,
eth_flow_0xe1b9fbe27fa4__r7fam02__inst01__synth_split_src,bnb_flow_0x35e99ae69bfb__synth_split_f,123.0454287178638,15.380678589732975,146,one_to_many,0.95,supervised_flow_pair,ETH,BNB,Multi,0x0615dbba33fe61a31c7ed131bda6655ed76748b1,0xdebb1d6a2196f2335ad51fbde7ca587205889360,WETH_ETH,semi_synthetic_split,1,15.380678589732975,15.380678589732975,
eth_flow_0xe1b9fbe27fa4__r7fam02__inst01__synth_split_src,bnb_flow_0x35e99ae69bfb__synth_split_g,123.0454287178638,15.380678589732975,146,one_to_many,0.95,supervised_flow_pair,ETH,BNB,Multi,0x0615dbba33fe61a31c7ed131bda6655ed76748b1,0xdebb1d6a2196f2335ad51fbde7ca587205889360,WETH_ETH,semi_synthetic_split,1,15.380678589732975,15.380678589732975,
eth_flow_0xe1b9fbe27fa4__r7fam02__inst01__synth_split_src,bnb_flow_0x35e99ae69bfb__synth_split_h,123.0454287178638,15.380678589732975,146,one_to_many,0.95,supervised_flow_pair,ETH,BNB,Multi,0x0615dbba33fe61a31c7ed131bda6655ed76748b1,0xdebb1d6a2196f2335ad51fbde7ca587205889360,WETH_ETH,semi_synthetic_split,1,15.380678589732975,15.380678589732975,
eth_flow_0xe1b9fbe27fa4__r7fam02__inst01__synth_merge_src1,bnb_flow_0x35e99ae69bfb__synth_merge_dst,61.5227143589319,123.0454287178638,146,many_to_one,1.0,supervised_flow_pair,ETH,BNB,Multi,0x0615dbba33fe61a31c7ed131bda6655ed76748b1,0xdebb1d6a2196f2335ad51fbde7ca587205889360,WETH_ETH,semi_synthetic_merge,,61.5227143589319,61.5227143589319,
eth_flow_0xe1b9fbe27fa4__r7fam02__inst01__synth_merge_src2,bnb_flow_0x35e99ae69bfb__synth_merge_dst,61.5227143589319,123.0454287178638,146,many_to_one,1.0,supervised_flow_pair,ETH,BNB,Multi,0x0615dbba33fe61a31c7ed131bda6655ed76748b1,0xdebb1d6a2196f2335ad51fbde7ca587205889360,WETH_ETH,semi_synthetic_merge,,61.5227143589319,61.5227143589319,
eth_flow_0xe1b9fbe27fa4__r7fam02__inst01__synth_unmatched_src,bnb_flow_0x35e99ae69bfb__synth_hidden_dst,123.0454287178638,0,146,one_to_one,0.2,supervised_flow_pair,ETH,BNB,Multi,0x0615dbba33fe61a31c7ed131bda6655ed76748b1,0xdebb1d6a2196f2335ad51fbde7ca587205889360,WETH_ETH,semi_synthetic_unmatched,,,0,0
eth_flow_0xe1b9fbe27fa4__r7fam02__inst01__synth_noise_src_0,bnb_flow_0x35e99ae69bfb__synth_noise_dst_0,123.0454287178638,122.30715614555662,206,one_to_one,0.2346,supervised_flow_pair,ETH,BNB,Multi,0x0615dbba33fe61a31c7ed131bda6655ed76748b1,0xdebb1d6a2196f2335ad51fbde7ca587205889360,WETH_ETH,semi_synthetic_delay_noise,,,,
eth_flow_0xe1b9fbe27fa4__r7fam02__inst01__synth_noise_src_1,bnb_flow_0x35e99ae69bfb__synth_noise_dst_1,123.0454287178638,122.30715614555662,266,one_to_one,0.2403,supervised_flow_pair,ETH,BNB,Multi,0x0615dbba33fe61a31c7ed131bda6655ed76748b1,0xdebb1d6a2196f2335ad51fbde7ca587205889360,WETH_ETH,semi_synthetic_delay_noise,,,,
eth_flow_0xb7b7416cba92__r7fam03__inst00__synth_split_src,bnb_flow_0x4b8da9839035__synth_split_a,76.68755648624699,25.562518828748996,257,one_to_many,0.95,supervised_flow_pair,ETH,BNB,Multi,0x818ec0a7fe18ff94269904fced6ae3dae6d6dc0b,0x634398cb81b76bfc75ebb434cf7c82036f9e7d78,HGET,semi_synthetic_split,1,25.562518828748996,25.562518828748996,
eth_flow_0xb7b7416cba92__r7fam03__inst00__synth_split_src,bnb_flow_0x4b8da9839035__synth_split_b,76.68755648624699,25.562518828748996,257,one_to_many,0.95,supervised_flow_pair,ETH,BNB,Multi,0x818ec0a7fe18ff94269904fced6ae3dae6d6dc0b,0x634398cb81b76bfc75ebb434cf7c82036f9e7d78,HGET,semi_synthetic_split,1,25.562518828748996,25.562518828748996,
eth_flow_0xb7b7416cba92__r7fam03__inst00__synth_split_src,bnb_flow_0x4b8da9839035__synth_split_c,76.68755648624699,25.562518828748996,257,one_to_many,0.95,supervised_flow_pair,ETH,BNB,Multi,0x818ec0a7fe18ff94269904fced6ae3dae6d6dc0b,0x634398cb81b76bfc75ebb434cf7c82036f9e7d78,HGET,semi_synthetic_split,1,25.562518828748996,25.562518828748996,
eth_flow_0xb7b7416cba92__r7fam03__inst00__synth_merge_src1,bnb_flow_0x4b8da9839035__synth_merge_dst,38.343778243123495,76.68755648624699,257,many_to_one,1.0,supervised_flow_pair,ETH,BNB,Multi,0x818ec0a7fe18ff94269904fced6ae3dae6d6dc0b,0x634398cb81b76bfc75ebb434cf7c82036f9e7d78,HGET,semi_synthetic_merge,,38.343778243123495,38.343778243123495,
eth_flow_0xb7b7416cba92__r7fam03__inst00__synth_merge_src2,bnb_flow_0x4b8da9839035__synth_merge_dst,38.343778243123495,76.68755648624699,257,many_to_one,1.0,supervised_flow_pair,ETH,BNB,Multi,0x818ec0a7fe18ff94269904fced6ae3dae6d6dc0b,0x634398cb81b76bfc75ebb434cf7c82036f9e7d78,HGET,semi_synthetic_merge,,38.343778243123495,38.343778243123495,
eth_flow_0xb7b7416cba92__r7fam03__inst00__synth_unmatched_src,bnb_flow_0x4b8da9839035__synth_hidden_dst,76.68755648624699,0,257,one_to_one,0.2,supervised_flow_pair,ETH,BNB,Multi,0x818ec0a7fe18ff94269904fced6ae3dae6d6dc0b,0x634398cb81b76bfc75ebb434cf7c82036f9e7d78,HGET,semi_synthetic_unmatched,,,0,0
eth_flow_0xb7b7416cba92__r7fam03__inst00__synth_noise_src_0,bnb_flow_0x4b8da9839035__synth_noise_dst_0,76.68755648624699,76.37792045246718,317,one_to_one,0.2282,supervised_flow_pair,ETH,BNB,Multi,0x818ec0a7fe18ff94269904fced6ae3dae6d6dc0b,0x634398cb81b76bfc75ebb434cf7c82036f9e7d78,HGET,semi_synthetic_delay_noise,,,,
eth_flow_0xb7b7416cba92__r7fam03__inst00__synth_noise_src_1,bnb_flow_0x4b8da9839035__synth_noise_dst_1,76.68755648624699,76.37792045246718,377,one_to_one,0.258,supervised_flow_pair,ETH,BNB,Multi,0x818ec0a7fe18ff94269904fced6ae3dae6d6dc0b,0x634398cb81b76bfc75ebb434cf7c82036f9e7d78,HGET,semi_synthetic_delay_noise,,,,
eth_flow_0xd43f7cb488b3__r7fam03__inst01__synth_split_src,bnb_flow_0x1af7008814a8__synth_split_a,50.1083993465876,25.0541996732938,172,one_to_many,0.95,supervised_flow_pair,ETH,BNB,Multi,0x818ec0a7fe18ff94269904fced6ae3dae6d6dc0b,0x634398cb81b76bfc75ebb434cf7c82036f9e7d78,HGET,semi_synthetic_split,1,25.0541996732938,25.0541996732938,
eth_flow_0xd43f7cb488b3__r7fam03__inst01__synth_split_src,bnb_flow_0x1af7008814a8__synth_split_b,50.1083993465876,25.0541996732938,172,one_to_many,0.95,supervised_flow_pair,ETH,BNB,Multi,0x818ec0a7fe18ff94269904fced6ae3dae6d6dc0b,0x634398cb81b76bfc75ebb434cf7c82036f9e7d78,HGET,semi_synthetic_split,1,25.0541996732938,25.0541996732938,
eth_flow_0xd43f7cb488b3__r7fam03__inst01__synth_merge_src1,bnb_flow_0x1af7008814a8__synth_merge_dst,25.0541996732938,50.1083993465876,172,many_to_one,1.0,supervised_flow_pair,ETH,BNB,Multi,0x818ec0a7fe18ff94269904fced6ae3dae6d6dc0b,0x634398cb81b76bfc75ebb434cf7c82036f9e7d78,HGET,semi_synthetic_merge,,25.0541996732938,25.0541996732938,
eth_flow_0xd43f7cb488b3__r7fam03__inst01__synth_merge_src2,bnb_flow_0x1af7008814a8__synth_merge_dst,25.0541996732938,50.1083993465876,172,many_to_one,1.0,supervised_flow_pair,ETH,BNB,Multi,0x818ec0a7fe18ff94269904fced6ae3dae6d6dc0b,0x634398cb81b76bfc75ebb434cf7c82036f9e7d78,HGET,semi_synthetic_merge,,25.0541996732938,25.0541996732938,
eth_flow_0xd43f7cb488b3__r7fam03__inst01__synth_unmatched_src,bnb_flow_0x1af7008814a8__synth_hidden_dst,50.108399346587596,0,172,one_to_one,0.2,supervised_flow_pair,ETH,BNB,Multi,0x818ec0a7fe18ff94269904fced6ae3dae6d6dc0b,0x634398cb81b76bfc75ebb434cf7c82036f9e7d78,HGET,semi_synthetic_unmatched,,,0,0
eth_flow_0xd43f7cb488b3__r7fam03__inst01__synth_noise_src_0,bnb_flow_0x1af7008814a8__synth_noise_dst_0,50.108399346587596,49.984544933075675,232,one_to_one,0.2444,supervised_flow_pair,ETH,BNB,Multi,0x818ec0a7fe18ff94269904fced6ae3dae6d6dc0b,0x634398cb81b76bfc75ebb434cf7c82036f9e7d78,HGET,semi_synthetic_delay_noise,,,,
eth_flow_0xd43f7cb488b3__r7fam03__inst01__synth_noise_src_1,bnb_flow_0x1af7008814a8__synth_noise_dst_1,50.108399346587596,49.984544933075675,292,one_to_one,0.2535,supervised_flow_pair,ETH,BNB,Multi,0x818ec0a7fe18ff94269904fced6ae3dae6d6dc0b,0x634398cb81b76bfc75ebb434cf7c82036f9e7d78,HGET,semi_synthetic_delay_noise,,,,
eth_flow_0x541a4f587cf5__r7fam04__inst00__synth_split_src,bnb_flow_0xdbc6cab65ae6__synth_split_a,248.0,124.0,473,one_to_many,0.95,supervised_flow_pair,ETH,BNB,Multi,0x22648c12acd87912ea1710357b1302c6a4154ebc,0xedf0c420bc3b92b961c6ec411cc810ca81f5f21a,USDT,semi_synthetic_split,1,124.0,124.0,
eth_flow_0x541a4f587cf5__r7fam04__inst00__synth_split_src,bnb_flow_0xdbc6cab65ae6__synth_split_b,248.0,124.0,473,one_to_many,0.95,supervised_flow_pair,ETH,BNB,Multi,0x22648c12acd87912ea1710357b1302c6a4154ebc,0xedf0c420bc3b92b961c6ec411cc810ca81f5f21a,USDT,semi_synthetic_split,1,124.0,124.0,
eth_flow_0x541a4f587cf5__r7fam04__inst00__synth_merge_src1,bnb_flow_0xdbc6cab65ae6__synth_merge_dst,124.0,248.0,473,many_to_one,1.0,supervised_flow_pair,ETH,BNB,Multi,0x22648c12acd87912ea1710357b1302c6a4154ebc,0xedf0c420bc3b92b961c6ec411cc810ca81f5f21a,USDT,semi_synthetic_merge,,124.0,124.0,
eth_flow_0x541a4f587cf5__r7fam04__inst00__synth_merge_src2,bnb_flow_0xdbc6cab65ae6__synth_merge_dst,124.0,248.0,473,many_to_one,1.0,supervised_flow_pair,ETH,BNB,Multi,0x22648c12acd87912ea1710357b1302c6a4154ebc,0xedf0c420bc3b92b961c6ec411cc810ca81f5f21a,USDT,semi_synthetic_merge,,124.0,124.0,
eth_flow_0x541a4f587cf5__r7fam04__inst00__synth_unmatched_src,bnb_flow_0xdbc6cab65ae6__synth_hidden_dst,248.0,0,473,one_to_one,0.2,supervised_flow_pair,ETH,BNB,Multi,0x22648c12acd87912ea1710357b1302c6a4154ebc,0xedf0c420bc3b92b961c6ec411cc810ca81f5f21a,USDT,semi_synthetic_unmatched,,,0,0
eth_flow_0x541a4f587cf5__r7fam04__inst00__synth_noise_src_0,bnb_flow_0xdbc6cab65ae6__synth_noise_dst_0,248.0,247.1,533,one_to_one,0.2332,supervised_flow_pair,ETH,BNB,Multi,0x22648c12acd87912ea1710357b1302c6a4154ebc,0xedf0c420bc3b92b961c6ec411cc810ca81f5f21a,USDT,semi_synthetic_delay_noise,,,,
eth_flow_0x541a4f587cf5__r7fam04__inst00__synth_noise_src_1,bnb_flow_0xdbc6cab65ae6__synth_noise_dst_1,248.0,247.1,593,one_to_one,0.2553,supervised_flow_pair,ETH,BNB,Multi,0x22648c12acd87912ea1710357b1302c6a4154ebc,0xedf0c420bc3b92b961c6ec411cc810ca81f5f21a,USDT,semi_synthetic_delay_noise,,,,
eth_flow_0x67a7033086d4__r7fam04__inst01__synth_split_src,bnb_flow_0x7e0e341bcc1d__synth_split_a,40.12288496601556,20.06144248300778,403,one_to_many,0.95,supervised_flow_pair,ETH,BNB,Multi,0x818ec0a7fe18ff94269904fced6ae3dae6d6dc0b,0x634398cb81b76bfc75ebb434cf7c82036f9e7d78,HGET,semi_synthetic_split,1,20.06144248300778,20.06144248300778,
eth_flow_0x67a7033086d4__r7fam04__inst01__synth_split_src,bnb_flow_0x7e0e341bcc1d__synth_split_b,40.12288496601556,20.06144248300778,403,one_to_many,0.95,supervised_flow_pair,ETH,BNB,Multi,0x818ec0a7fe18ff94269904fced6ae3dae6d6dc0b,0x634398cb81b76bfc75ebb434cf7c82036f9e7d78,HGET,semi_synthetic_split,1,20.06144248300778,20.06144248300778,
eth_flow_0x67a7033086d4__r7fam04__inst01__synth_merge_src1,bnb_flow_0x7e0e341bcc1d__synth_merge_dst,13.374294988671855,40.12288496601556,403,many_to_one,1.0,supervised_flow_pair,ETH,BNB,Multi,0x818ec0a7fe18ff94269904fced6ae3dae6d6dc0b,0x634398cb81b76bfc75ebb434cf7c82036f9e7d78,HGET,semi_synthetic_merge,,13.374294988671855,13.374294988671855,
eth_flow_0x67a7033086d4__r7fam04__inst01__synth_merge_src2,bnb_flow_0x7e0e341bcc1d__synth_merge_dst,13.374294988671855,40.12288496601556,403,many_to_one,1.0,supervised_flow_pair,ETH,BNB,Multi,0x818ec0a7fe18ff94269904fced6ae3dae6d6dc0b,0x634398cb81b76bfc75ebb434cf7c82036f9e7d78,HGET,semi_synthetic_merge,,13.374294988671855,13.374294988671855,
eth_flow_0x67a7033086d4__r7fam04__inst01__synth_merge_src3,bnb_flow_0x7e0e341bcc1d__synth_merge_dst,13.374294988671855,40.12288496601556,403,many_to_one,1.0,supervised_flow_pair,ETH,BNB,Multi,0x818ec0a7fe18ff94269904fced6ae3dae6d6dc0b,0x634398cb81b76bfc75ebb434cf7c82036f9e7d78,HGET,semi_synthetic_merge,,13.374294988671855,13.374294988671855,
eth_flow_0x67a7033086d4__r7fam04__inst01__synth_unmatched_src,bnb_flow_0x7e0e341bcc1d__synth_hidden_dst,40.12288496601556,0,403,one_to_one,0.2,supervised_flow_pair,ETH,BNB,Multi,0x818ec0a7fe18ff94269904fced6ae3dae6d6dc0b,0x634398cb81b76bfc75ebb434cf7c82036f9e7d78,HGET,semi_synthetic_unmatched,,,0,0
eth_flow_0x67a7033086d4__r7fam04__inst01__synth_noise_src_0,bnb_flow_0x7e0e341bcc1d__synth_noise_dst_0,40.12288496601556,39.813248932235744,463,one_to_one,0.2367,supervised_flow_pair,ETH,BNB,Multi,0x818ec0a7fe18ff94269904fced6ae3dae6d6dc0b,0x634398cb81b76bfc75ebb434cf7c82036f9e7d78,HGET,semi_synthetic_delay_noise,,,,
eth_flow_0x67a7033086d4__r7fam04__inst01__synth_noise_src_1,bnb_flow_0x7e0e341bcc1d__synth_noise_dst_1,40.12288496601556,39.813248932235744,523,one_to_one,0.2577,supervised_flow_pair,ETH,BNB,Multi,0x818ec0a7fe18ff94269904fced6ae3dae6d6dc0b,0x634398cb81b76bfc75ebb434cf7c82036f9e7d78,HGET,semi_synthetic_delay_noise,,,,
eth_flow_0x3703ddfa9368__r7fam05__inst00__synth_split_src,bnb_flow_0x4cfd4d0c139b__synth_split_a,6.575514992207459,3.2877574961037297,1907,one_to_many,0.95,supervised_flow_pair,ETH,BNB,Multi,0xc5e509bc8438d4f4ee355282eeb4af92ae14e43a,0x373e768f79c820aa441540d254dca6d045c6d25b,DERC,semi_synthetic_split,1,3.2877574961037297,3.2877574961037297,
eth_flow_0x3703ddfa9368__r7fam05__inst00__synth_split_src,bnb_flow_0x4cfd4d0c139b__synth_split_b,6.575514992207459,3.2877574961037297,1907,one_to_many,0.95,supervised_flow_pair,ETH,BNB,Multi,0xc5e509bc8438d4f4ee355282eeb4af92ae14e43a,0x373e768f79c820aa441540d254dca6d045c6d25b,DERC,semi_synthetic_split,1,3.2877574961037297,3.2877574961037297,
eth_flow_0x3703ddfa9368__r7fam05__inst00__synth_merge_src1,bnb_flow_0x4cfd4d0c139b__synth_merge_dst,3.2877574961037297,6.575514992207459,1907,many_to_one,1.0,supervised_flow_pair,ETH,BNB,Multi,0xc5e509bc8438d4f4ee355282eeb4af92ae14e43a,0x373e768f79c820aa441540d254dca6d045c6d25b,DERC,semi_synthetic_merge,,3.2877574961037297,3.2877574961037297,
eth_flow_0x3703ddfa9368__r7fam05__inst00__synth_merge_src2,bnb_flow_0x4cfd4d0c139b__synth_merge_dst,3.2877574961037297,6.575514992207459,1907,many_to_one,1.0,supervised_flow_pair,ETH,BNB,Multi,0xc5e509bc8438d4f4ee355282eeb4af92ae14e43a,0x373e768f79c820aa441540d254dca6d045c6d25b,DERC,semi_synthetic_merge,,3.2877574961037297,3.2877574961037297,
eth_flow_0x3703ddfa9368__r7fam05__inst00__synth_unmatched_src,bnb_flow_0x4cfd4d0c139b__synth_hidden_dst,6.575514992207459,0,1907,one_to_one,0.2,supervised_flow_pair,ETH,BNB,Multi,0xc5e509bc8438d4f4ee355282eeb4af92ae14e43a,0x373e768f79c820aa441540d254dca6d045c6d25b,DERC,semi_synthetic_unmatched,,,0,0
eth_flow_0x3703ddfa9368__r7fam05__inst00__synth_noise_src_0,bnb_flow_0x4cfd4d0c139b__synth_noise_dst_0,6.575514992207459,6.560059975953852,1967,one_to_one,0.2225,supervised_flow_pair,ETH,BNB,Multi,0xc5e509bc8438d4f4ee355282eeb4af92ae14e43a,0x373e768f79c820aa441540d254dca6d045c6d25b,DERC,semi_synthetic_delay_noise,,,,
eth_flow_0x3703ddfa9368__r7fam05__inst00__synth_noise_src_1,bnb_flow_0x4cfd4d0c139b__synth_noise_dst_1,6.575514992207459,6.560059975953852,2027,one_to_one,0.2215,supervised_flow_pair,ETH,BNB,Multi,0xc5e509bc8438d4f4ee355282eeb4af92ae14e43a,0x373e768f79c820aa441540d254dca6d045c6d25b,DERC,semi_synthetic_delay_noise,,,,
eth_flow_0x80d7404a8fec__r7fam05__inst01__synth_split_src,bnb_flow_0xe9c6ed68a239__synth_split_a,12.0,6.0,1638,one_to_many,0.95,supervised_flow_pair,ETH,BNB,Multi,0x22648c12acd87912ea1710357b1302c6a4154ebc,0xedf0c420bc3b92b961c6ec411cc810ca81f5f21a,USDT,semi_synthetic_split,1,6.0,6.0,
eth_flow_0x80d7404a8fec__r7fam05__inst01__synth_split_src,bnb_flow_0xe9c6ed68a239__synth_split_b,12.0,6.0,1638,one_to_many,0.95,supervised_flow_pair,ETH,BNB,Multi,0x22648c12acd87912ea1710357b1302c6a4154ebc,0xedf0c420bc3b92b961c6ec411cc810ca81f5f21a,USDT,semi_synthetic_split,1,6.0,6.0,
eth_flow_0x80d7404a8fec__r7fam05__inst01__synth_merge_src1,bnb_flow_0xe9c6ed68a239__synth_merge_dst,6.0,12.0,1638,many_to_one,1.0,supervised_flow_pair,ETH,BNB,Multi,0x22648c12acd87912ea1710357b1302c6a4154ebc,0xedf0c420bc3b92b961c6ec411cc810ca81f5f21a,USDT,semi_synthetic_merge,,6.0,6.0,
eth_flow_0x80d7404a8fec__r7fam05__inst01__synth_merge_src2,bnb_flow_0xe9c6ed68a239__synth_merge_dst,6.0,12.0,1638,many_to_one,1.0,supervised_flow_pair,ETH,BNB,Multi,0x22648c12acd87912ea1710357b1302c6a4154ebc,0xedf0c420bc3b92b961c6ec411cc810ca81f5f21a,USDT,semi_synthetic_merge,,6.0,6.0,
eth_flow_0x80d7404a8fec__r7fam05__inst01__synth_unmatched_src,bnb_flow_0xe9c6ed68a239__synth_hidden_dst,12.0,0,1638,one_to_one,0.2,supervised_flow_pair,ETH,BNB,Multi,0x22648c12acd87912ea1710357b1302c6a4154ebc,0xedf0c420bc3b92b961c6ec411cc810ca81f5f21a,USDT,semi_synthetic_unmatched,,,0,0
eth_flow_0x80d7404a8fec__r7fam05__inst01__synth_noise_src_0,bnb_flow_0xe9c6ed68a239__synth_noise_dst_0,12.0,11.1,1698,one_to_one,0.22,supervised_flow_pair,ETH,BNB,Multi,0x22648c12acd87912ea1710357b1302c6a4154ebc,0xedf0c420bc3b92b961c6ec411cc810ca81f5f21a,USDT,semi_synthetic_delay_noise,,,,
eth_flow_0x80d7404a8fec__r7fam05__inst01__synth_noise_src_1,bnb_flow_0xe9c6ed68a239__synth_noise_dst_1,12.0,11.1,1758,one_to_one,0.2231,supervised_flow_pair,ETH,BNB,Multi,0x22648c12acd87912ea1710357b1302c6a4154ebc,0xedf0c420bc3b92b961c6ec411cc810ca81f5f21a,USDT,semi_synthetic_delay_noise,,,,
eth_flow_0x82b58083f60a__r7fam06__inst00__synth_split_src,bnb_flow_0xc87ce55ee5ac__synth_split_a,781.0,260.3333333333333,-1143,one_to_many,0.95,supervised_flow_pair,ETH,BNB,Multi,0x22648c12acd87912ea1710357b1302c6a4154ebc,0xedf0c420bc3b92b961c6ec411cc810ca81f5f21a,USDT,semi_synthetic_split,1,260.3333333333333,260.3333333333333,
eth_flow_0x82b58083f60a__r7fam06__inst00__synth_split_src,bnb_flow_0xc87ce55ee5ac__synth_split_b,781.0,260.3333333333333,-1143,one_to_many,0.95,supervised_flow_pair,ETH,BNB,Multi,0x22648c12acd87912ea1710357b1302c6a4154ebc,0xedf0c420bc3b92b961c6ec411cc810ca81f5f21a,USDT,semi_synthetic_split,1,260.3333333333333,260.3333333333333,
eth_flow_0x82b58083f60a__r7fam06__inst00__synth_split_src,bnb_flow_0xc87ce55ee5ac__synth_split_c,781.0,260.3333333333333,-1143,one_to_many,0.95,supervised_flow_pair,ETH,BNB,Multi,0x22648c12acd87912ea1710357b1302c6a4154ebc,0xedf0c420bc3b92b961c6ec411cc810ca81f5f21a,USDT,semi_synthetic_split,1,260.3333333333333,260.3333333333333,
eth_flow_0x82b58083f60a__r7fam06__inst00__synth_merge_src1,bnb_flow_0xc87ce55ee5ac__synth_merge_dst,390.5,781.0,-1143,many_to_one,1.0,supervised_flow_pair,ETH,BNB,Multi,0x22648c12acd87912ea1710357b1302c6a4154ebc,0xedf0c420bc3b92b961c6ec411cc810ca81f5f21a,USDT,semi_synthetic_merge,,390.5,390.5,
eth_flow_0x82b58083f60a__r7fam06__inst00__synth_merge_src2,bnb_flow_0xc87ce55ee5ac__synth_merge_dst,390.5,781.0,-1143,many_to_one,1.0,supervised_flow_pair,ETH,BNB,Multi,0x22648c12acd87912ea1710357b1302c6a4154ebc,0xedf0c420bc3b92b961c6ec411cc810ca81f5f21a,USDT,semi_synthetic_merge,,390.5,390.5,
eth_flow_0x82b58083f60a__r7fam06__inst00__synth_unmatched_src,bnb_flow_0xc87ce55ee5ac__synth_hidden_dst,781.0,0,-1143,one_to_one,0.2,supervised_flow_pair,ETH,BNB,Multi,0x22648c12acd87912ea1710357b1302c6a4154ebc,0xedf0c420bc3b92b961c6ec411cc810ca81f5f21a,USDT,semi_synthetic_unmatched,,,0,0
eth_flow_0x82b58083f60a__r7fam06__inst00__synth_noise_src_0,bnb_flow_0xc87ce55ee5ac__synth_noise_dst_0,781.0,780.1,-1083,one_to_one,0.2271,supervised_flow_pair,ETH,BNB,Multi,0x22648c12acd87912ea1710357b1302c6a4154ebc,0xedf0c420bc3b92b961c6ec411cc810ca81f5f21a,USDT,semi_synthetic_delay_noise,,,,
eth_flow_0x82b58083f60a__r7fam06__inst00__synth_noise_src_1,bnb_flow_0xc87ce55ee5ac__synth_noise_dst_1,781.0,780.1,-1023,one_to_one,0.2367,supervised_flow_pair,ETH,BNB,Multi,0x22648c12acd87912ea1710357b1302c6a4154ebc,0xedf0c420bc3b92b961c6ec411cc810ca81f5f21a,USDT,semi_synthetic_delay_noise,,,,
eth_flow_0x121856bf0746__r7fam06__inst01__synth_split_src,bnb_flow_0xdbce1b967294__synth_split_a,1001.0,500.5,-1043,one_to_many,0.95,supervised_flow_pair,ETH,BNB,Multi,0x22648c12acd87912ea1710357b1302c6a4154ebc,0xedf0c420bc3b92b961c6ec411cc810ca81f5f21a,USDT,semi_synthetic_split,1,500.5,500.5,
eth_flow_0x121856bf0746__r7fam06__inst01__synth_split_src,bnb_flow_0xdbce1b967294__synth_split_b,1001.0,500.5,-1043,one_to_many,0.95,supervised_flow_pair,ETH,BNB,Multi,0x22648c12acd87912ea1710357b1302c6a4154ebc,0xedf0c420bc3b92b961c6ec411cc810ca81f5f21a,USDT,semi_synthetic_split,1,500.5,500.5,
eth_flow_0x121856bf0746__r7fam06__inst01__synth_merge_src1,bnb_flow_0xdbce1b967294__synth_merge_dst,500.5,1001.0,-1043,many_to_one,1.0,supervised_flow_pair,ETH,BNB,Multi,0x22648c12acd87912ea1710357b1302c6a4154ebc,0xedf0c420bc3b92b961c6ec411cc810ca81f5f21a,USDT,semi_synthetic_merge,,500.5,500.5,
eth_flow_0x121856bf0746__r7fam06__inst01__synth_merge_src2,bnb_flow_0xdbce1b967294__synth_merge_dst,500.5,1001.0,-1043,many_to_one,1.0,supervised_flow_pair,ETH,BNB,Multi,0x22648c12acd87912ea1710357b1302c6a4154ebc,0xedf0c420bc3b92b961c6ec411cc810ca81f5f21a,USDT,semi_synthetic_merge,,500.5,500.5,
eth_flow_0x121856bf0746__r7fam06__inst01__synth_unmatched_src,bnb_flow_0xdbce1b967294__synth_hidden_dst,1001.0,0,-1043,one_to_one,0.2,supervised_flow_pair,ETH,BNB,Multi,0x22648c12acd87912ea1710357b1302c6a4154ebc,0xedf0c420bc3b92b961c6ec411cc810ca81f5f21a,USDT,semi_synthetic_unmatched,,,0,0
eth_flow_0x121856bf0746__r7fam06__inst01__synth_noise_src_0,bnb_flow_0xdbce1b967294__synth_noise_dst_0,1001.0,1000.1,-983,one_to_one,0.2375,supervised_flow_pair,ETH,BNB,Multi,0x22648c12acd87912ea1710357b1302c6a4154ebc,0xedf0c420bc3b92b961c6ec411cc810ca81f5f21a,USDT,semi_synthetic_delay_noise,,,,
eth_flow_0x121856bf0746__r7fam06__inst01__synth_noise_src_1,bnb_flow_0xdbce1b967294__synth_noise_dst_1,1001.0,1000.1,-923,one_to_one,0.2302,supervised_flow_pair,ETH,BNB,Multi,0x22648c12acd87912ea1710357b1302c6a4154ebc,0xedf0c420bc3b92b961c6ec411cc810ca81f5f21a,USDT,semi_synthetic_delay_noise,,,,
eth_flow_0xa66ac08cc0dd__r7fam07__inst00__synth_split_src,bnb_flow_0xd2c45231d7ec__synth_split_a,405.0,202.5,32,one_to_many,0.95,supervised_flow_pair,ETH,BNB,Multi,0x22648c12acd87912ea1710357b1302c6a4154ebc,0xedf0c420bc3b92b961c6ec411cc810ca81f5f21a,USDT,semi_synthetic_split,1,202.5,202.5,
eth_flow_0xa66ac08cc0dd__r7fam07__inst00__synth_split_src,bnb_flow_0xd2c45231d7ec__synth_split_b,405.0,202.5,32,one_to_many,0.95,supervised_flow_pair,ETH,BNB,Multi,0x22648c12acd87912ea1710357b1302c6a4154ebc,0xedf0c420bc3b92b961c6ec411cc810ca81f5f21a,USDT,semi_synthetic_split,1,202.5,202.5,
eth_flow_0xa66ac08cc0dd__r7fam07__inst00__synth_merge_src1,bnb_flow_0xd2c45231d7ec__synth_merge_dst,202.5,405.0,32,many_to_one,1.0,supervised_flow_pair,ETH,BNB,Multi,0x22648c12acd87912ea1710357b1302c6a4154ebc,0xedf0c420bc3b92b961c6ec411cc810ca81f5f21a,USDT,semi_synthetic_merge,,202.5,202.5,
eth_flow_0xa66ac08cc0dd__r7fam07__inst00__synth_merge_src2,bnb_flow_0xd2c45231d7ec__synth_merge_dst,202.5,405.0,32,many_to_one,1.0,supervised_flow_pair,ETH,BNB,Multi,0x22648c12acd87912ea1710357b1302c6a4154ebc,0xedf0c420bc3b92b961c6ec411cc810ca81f5f21a,USDT,semi_synthetic_merge,,202.5,202.5,
eth_flow_0xa66ac08cc0dd__r7fam07__inst00__synth_unmatched_src,bnb_flow_0xd2c45231d7ec__synth_hidden_dst,405.0,0,32,one_to_one,0.2,supervised_flow_pair,ETH,BNB,Multi,0x22648c12acd87912ea1710357b1302c6a4154ebc,0xedf0c420bc3b92b961c6ec411cc810ca81f5f21a,USDT,semi_synthetic_unmatched,,,0,0
eth_flow_0xa66ac08cc0dd__r7fam07__inst00__synth_noise_src_0,bnb_flow_0xd2c45231d7ec__synth_noise_dst_0,405.0,404.1,92,one_to_one,0.2542,supervised_flow_pair,ETH,BNB,Multi,0x22648c12acd87912ea1710357b1302c6a4154ebc,0xedf0c420bc3b92b961c6ec411cc810ca81f5f21a,USDT,semi_synthetic_delay_noise,,,,
eth_flow_0xa66ac08cc0dd__r7fam07__inst00__synth_noise_src_1,bnb_flow_0xd2c45231d7ec__synth_noise_dst_1,405.0,404.1,152,one_to_one,0.2206,supervised_flow_pair,ETH,BNB,Multi,0x22648c12acd87912ea1710357b1302c6a4154ebc,0xedf0c420bc3b92b961c6ec411cc810ca81f5f21a,USDT,semi_synthetic_delay_noise,,,,
eth_flow_0xfda57f739dd4__r7fam07__inst01__synth_split_src,bnb_flow_0x80b75a8c1720__synth_split_a,717.0,89.625,75,one_to_many,0.95,supervised_flow_pair,ETH,BNB,Multi,0x22648c12acd87912ea1710357b1302c6a4154ebc,0xedf0c420bc3b92b961c6ec411cc810ca81f5f21a,USDT,semi_synthetic_split,1,89.625,89.625,
eth_flow_0xfda57f739dd4__r7fam07__inst01__synth_split_src,bnb_flow_0x80b75a8c1720__synth_split_b,717.0,89.625,75,one_to_many,0.95,supervised_flow_pair,ETH,BNB,Multi,0x22648c12acd87912ea1710357b1302c6a4154ebc,0xedf0c420bc3b92b961c6ec411cc810ca81f5f21a,USDT,semi_synthetic_split,1,89.625,89.625,
eth_flow_0xfda57f739dd4__r7fam07__inst01__synth_split_src,bnb_flow_0x80b75a8c1720__synth_split_c,717.0,89.625,75,one_to_many,0.95,supervised_flow_pair,ETH,BNB,Multi,0x22648c12acd87912ea1710357b1302c6a4154ebc,0xedf0c420bc3b92b961c6ec411cc810ca81f5f21a,USDT,semi_synthetic_split,1,89.625,89.625,
eth_flow_0xfda57f739dd4__r7fam07__inst01__synth_split_src,bnb_flow_0x80b75a8c1720__synth_split_d,717.0,89.625,75,one_to_many,0.95,supervised_flow_pair,ETH,BNB,Multi,0x22648c12acd87912ea1710357b1302c6a4154ebc,0xedf0c420bc3b92b961c6ec411cc810ca81f5f21a,USDT,semi_synthetic_split,1,89.625,89.625,
eth_flow_0xfda57f739dd4__r7fam07__inst01__synth_split_src,bnb_flow_0x80b75a8c1720__synth_split_e,717.0,89.625,75,one_to_many,0.95,supervised_flow_pair,ETH,BNB,Multi,0x22648c12acd87912ea1710357b1302c6a4154ebc,0xedf0c420bc3b92b961c6ec411cc810ca81f5f21a,USDT,semi_synthetic_split,1,89.625,89.625,
eth_flow_0xfda57f739dd4__r7fam07__inst01__synth_split_src,bnb_flow_0x80b75a8c1720__synth_split_f,717.0,89.625,75,one_to_many,0.95,supervised_flow_pair,ETH,BNB,Multi,0x22648c12acd87912ea1710357b1302c6a4154ebc,0xedf0c420bc3b92b961c6ec411cc810ca81f5f21a,USDT,semi_synthetic_split,1,89.625,89.625,
eth_flow_0xfda57f739dd4__r7fam07__inst01__synth_split_src,bnb_flow_0x80b75a8c1720__synth_split_g,717.0,89.625,75,one_to_many,0.95,supervised_flow_pair,ETH,BNB,Multi,0x22648c12acd87912ea1710357b1302c6a4154ebc,0xedf0c420bc3b92b961c6ec411cc810ca81f5f21a,USDT,semi_synthetic_split,1,89.625,89.625,
eth_flow_0xfda57f739dd4__r7fam07__inst01__synth_split_src,bnb_flow_0x80b75a8c1720__synth_split_h,717.0,89.625,75,one_to_many,0.95,supervised_flow_pair,ETH,BNB,Multi,0x22648c12acd87912ea1710357b1302c6a4154ebc,0xedf0c420bc3b92b961c6ec411cc810ca81f5f21a,USDT,semi_synthetic_split,1,89.625,89.625,
eth_flow_0xfda57f739dd4__r7fam07__inst01__synth_merge_src1,bnb_flow_0x80b75a8c1720__synth_merge_dst,358.5,717.0,75,many_to_one,1.0,supervised_flow_pair,ETH,BNB,Multi,0x22648c12acd87912ea1710357b1302c6a4154ebc,0xedf0c420bc3b92b961c6ec411cc810ca81f5f21a,USDT,semi_synthetic_merge,,358.5,358.5,
eth_flow_0xfda57f739dd4__r7fam07__inst01__synth_merge_src2,bnb_flow_0x80b75a8c1720__synth_merge_dst,358.5,717.0,75,many_to_one,1.0,supervised_flow_pair,ETH,BNB,Multi,0x22648c12acd87912ea1710357b1302c6a4154ebc,0xedf0c420bc3b92b961c6ec411cc810ca81f5f21a,USDT,semi_synthetic_merge,,358.5,358.5,
eth_flow_0xfda57f739dd4__r7fam07__inst01__synth_unmatched_src,bnb_flow_0x80b75a8c1720__synth_hidden_dst,717.0,0,75,one_to_one,0.2,supervised_flow_pair,ETH,BNB,Multi,0x22648c12acd87912ea1710357b1302c6a4154ebc,0xedf0c420bc3b92b961c6ec411cc810ca81f5f21a,USDT,semi_synthetic_unmatched,,,0,0
eth_flow_0xfda57f739dd4__r7fam07__inst01__synth_noise_src_0,bnb_flow_0x80b75a8c1720__synth_noise_dst_0,717.0,716.1,135,one_to_one,0.2308,supervised_flow_pair,ETH,BNB,Multi,0x22648c12acd87912ea1710357b1302c6a4154ebc,0xedf0c420bc3b92b961c6ec411cc810ca81f5f21a,USDT,semi_synthetic_delay_noise,,,,
eth_flow_0xfda57f739dd4__r7fam07__inst01__synth_noise_src_1,bnb_flow_0x80b75a8c1720__synth_noise_dst_1,717.0,716.1,195,one_to_one,0.2521,supervised_flow_pair,ETH,BNB,Multi,0x22648c12acd87912ea1710357b1302c6a4154ebc,0xedf0c420bc3b92b961c6ec411cc810ca81f5f21a,USDT,semi_synthetic_delay_noise,,,,
eth_flow_0xc107dbed4360__r7fam08__inst00__synth_split_src,bnb_flow_0xae0350997002__synth_split_a,615.227143589319,307.6135717946595,156,one_to_many,0.95,supervised_flow_pair,ETH,BNB,Multi,0x0615dbba33fe61a31c7ed131bda6655ed76748b1,0xdebb1d6a2196f2335ad51fbde7ca587205889360,WETH_ETH,semi_synthetic_split,1,307.6135717946595,307.6135717946595,
eth_flow_0xc107dbed4360__r7fam08__inst00__synth_split_src,bnb_flow_0xae0350997002__synth_split_b,615.227143589319,307.6135717946595,156,one_to_many,0.95,supervised_flow_pair,ETH,BNB,Multi,0x0615dbba33fe61a31c7ed131bda6655ed76748b1,0xdebb1d6a2196f2335ad51fbde7ca587205889360,WETH_ETH,semi_synthetic_split,1,307.6135717946595,307.6135717946595,
eth_flow_0xc107dbed4360__r7fam08__inst00__synth_merge_src1,bnb_flow_0xae0350997002__synth_merge_dst,307.6135717946595,615.227143589319,156,many_to_one,1.0,supervised_flow_pair,ETH,BNB,Multi,0x0615dbba33fe61a31c7ed131bda6655ed76748b1,0xdebb1d6a2196f2335ad51fbde7ca587205889360,WETH_ETH,semi_synthetic_merge,,307.6135717946595,307.6135717946595,
eth_flow_0xc107dbed4360__r7fam08__inst00__synth_merge_src2,bnb_flow_0xae0350997002__synth_merge_dst,307.6135717946595,615.227143589319,156,many_to_one,1.0,supervised_flow_pair,ETH,BNB,Multi,0x0615dbba33fe61a31c7ed131bda6655ed76748b1,0xdebb1d6a2196f2335ad51fbde7ca587205889360,WETH_ETH,semi_synthetic_merge,,307.6135717946595,307.6135717946595,
eth_flow_0xc107dbed4360__r7fam08__inst00__synth_unmatched_src,bnb_flow_0xae0350997002__synth_hidden_dst,615.227143589319,0,156,one_to_one,0.2,supervised_flow_pair,ETH,BNB,Multi,0x0615dbba33fe61a31c7ed131bda6655ed76748b1,0xdebb1d6a2196f2335ad51fbde7ca587205889360,WETH_ETH,semi_synthetic_unmatched,,,0,0
eth_flow_0xc107dbed4360__r7fam08__inst00__synth_noise_src_0,bnb_flow_0xae0350997002__synth_noise_dst_0,615.227143589319,614.4888710170118,216,one_to_one,0.2287,supervised_flow_pair,ETH,BNB,Multi,0x0615dbba33fe61a31c7ed131bda6655ed76748b1,0xdebb1d6a2196f2335ad51fbde7ca587205889360,WETH_ETH,semi_synthetic_delay_noise,,,,
eth_flow_0xc107dbed4360__r7fam08__inst00__synth_noise_src_1,bnb_flow_0xae0350997002__synth_noise_dst_1,615.227143589319,614.4888710170118,276,one_to_one,0.2472,supervised_flow_pair,ETH,BNB,Multi,0x0615dbba33fe61a31c7ed131bda6655ed76748b1,0xdebb1d6a2196f2335ad51fbde7ca587205889360,WETH_ETH,semi_synthetic_delay_noise,,,,
eth_flow_0x534014883cf7__r7fam08__inst01__synth_split_src,bnb_flow_0x0a34f00e0f82__synth_split_a,1200.0,600.0,155,one_to_many,0.95,supervised_flow_pair,ETH,BNB,Multi,0x22648c12acd87912ea1710357b1302c6a4154ebc,0xedf0c420bc3b92b961c6ec411cc810ca81f5f21a,USDT,semi_synthetic_split,1,600.0,600.0,
eth_flow_0x534014883cf7__r7fam08__inst01__synth_split_src,bnb_flow_0x0a34f00e0f82__synth_split_b,1200.0,600.0,155,one_to_many,0.95,supervised_flow_pair,ETH,BNB,Multi,0x22648c12acd87912ea1710357b1302c6a4154ebc,0xedf0c420bc3b92b961c6ec411cc810ca81f5f21a,USDT,semi_synthetic_split,1,600.0,600.0,
eth_flow_0x534014883cf7__r7fam08__inst01__synth_merge_src1,bnb_flow_0x0a34f00e0f82__synth_merge_dst,600.0,1200.0,155,many_to_one,1.0,supervised_flow_pair,ETH,BNB,Multi,0x22648c12acd87912ea1710357b1302c6a4154ebc,0xedf0c420bc3b92b961c6ec411cc810ca81f5f21a,USDT,semi_synthetic_merge,,600.0,600.0,
eth_flow_0x534014883cf7__r7fam08__inst01__synth_merge_src2,bnb_flow_0x0a34f00e0f82__synth_merge_dst,600.0,1200.0,155,many_to_one,1.0,supervised_flow_pair,ETH,BNB,Multi,0x22648c12acd87912ea1710357b1302c6a4154ebc,0xedf0c420bc3b92b961c6ec411cc810ca81f5f21a,USDT,semi_synthetic_merge,,600.0,600.0,
eth_flow_0x534014883cf7__r7fam08__inst01__synth_unmatched_src,bnb_flow_0x0a34f00e0f82__synth_hidden_dst,1200.0,0,155,one_to_one,0.2,supervised_flow_pair,ETH,BNB,Multi,0x22648c12acd87912ea1710357b1302c6a4154ebc,0xedf0c420bc3b92b961c6ec411cc810ca81f5f21a,USDT,semi_synthetic_unmatched,,,0,0
eth_flow_0x534014883cf7__r7fam08__inst01__synth_noise_src_0,bnb_flow_0x0a34f00e0f82__synth_noise_dst_0,1200.0,1199.1000000000001,215,one_to_one,0.2407,supervised_flow_pair,ETH,BNB,Multi,0x22648c12acd87912ea1710357b1302c6a4154ebc,0xedf0c420bc3b92b961c6ec411cc810ca81f5f21a,USDT,semi_synthetic_delay_noise,,,,
eth_flow_0x534014883cf7__r7fam08__inst01__synth_noise_src_1,bnb_flow_0x0a34f00e0f82__synth_noise_dst_1,1200.0,1199.1000000000001,275,one_to_one,0.256,supervised_flow_pair,ETH,BNB,Multi,0x22648c12acd87912ea1710357b1302c6a4154ebc,0xedf0c420bc3b92b961c6ec411cc810ca81f5f21a,USDT,semi_synthetic_delay_noise,,,,
eth_flow_0xb0ac3c7adaf1__r7fam09__inst00__synth_split_src,bnb_flow_0x967cfa966c2f__synth_split_a,491.0,122.75,232,one_to_many,0.95,supervised_flow_pair,ETH,BNB,Multi,0x22648c12acd87912ea1710357b1302c6a4154ebc,0xedf0c420bc3b92b961c6ec411cc810ca81f5f21a,USDT,semi_synthetic_split,1,122.75,122.75,
eth_flow_0xb0ac3c7adaf1__r7fam09__inst00__synth_split_src,bnb_flow_0x967cfa966c2f__synth_split_b,491.0,122.75,232,one_to_many,0.95,supervised_flow_pair,ETH,BNB,Multi,0x22648c12acd87912ea1710357b1302c6a4154ebc,0xedf0c420bc3b92b961c6ec411cc810ca81f5f21a,USDT,semi_synthetic_split,1,122.75,122.75,
eth_flow_0xb0ac3c7adaf1__r7fam09__inst00__synth_split_src,bnb_flow_0x967cfa966c2f__synth_split_c,491.0,122.75,232,one_to_many,0.95,supervised_flow_pair,ETH,BNB,Multi,0x22648c12acd87912ea1710357b1302c6a4154ebc,0xedf0c420bc3b92b961c6ec411cc810ca81f5f21a,USDT,semi_synthetic_split,1,122.75,122.75,
eth_flow_0xb0ac3c7adaf1__r7fam09__inst00__synth_split_src,bnb_flow_0x967cfa966c2f__synth_split_d,491.0,122.75,232,one_to_many,0.95,supervised_flow_pair,ETH,BNB,Multi,0x22648c12acd87912ea1710357b1302c6a4154ebc,0xedf0c420bc3b92b961c6ec411cc810ca81f5f21a,USDT,semi_synthetic_split,1,122.75,122.75,
eth_flow_0xb0ac3c7adaf1__r7fam09__inst00__synth_merge_src1,bnb_flow_0x967cfa966c2f__synth_merge_dst,245.5,491.0,232,many_to_one,1.0,supervised_flow_pair,ETH,BNB,Multi,0x22648c12acd87912ea1710357b1302c6a4154ebc,0xedf0c420bc3b92b961c6ec411cc810ca81f5f21a,USDT,semi_synthetic_merge,,245.5,245.5,
eth_flow_0xb0ac3c7adaf1__r7fam09__inst00__synth_merge_src2,bnb_flow_0x967cfa966c2f__synth_merge_dst,245.5,491.0,232,many_to_one,1.0,supervised_flow_pair,ETH,BNB,Multi,0x22648c12acd87912ea1710357b1302c6a4154ebc,0xedf0c420bc3b92b961c6ec411cc810ca81f5f21a,USDT,semi_synthetic_merge,,245.5,245.5,
eth_flow_0xb0ac3c7adaf1__r7fam09__inst00__synth_unmatched_src,bnb_flow_0x967cfa966c2f__synth_hidden_dst,491.0,0,232,one_to_one,0.2,supervised_flow_pair,ETH,BNB,Multi,0x22648c12acd87912ea1710357b1302c6a4154ebc,0xedf0c420bc3b92b961c6ec411cc810ca81f5f21a,USDT,semi_synthetic_unmatched,,,0,0
eth_flow_0xb0ac3c7adaf1__r7fam09__inst00__synth_noise_src_0,bnb_flow_0x967cfa966c2f__synth_noise_dst_0,491.0,490.1,292,one_to_one,0.2315,supervised_flow_pair,ETH,BNB,Multi,0x22648c12acd87912ea1710357b1302c6a4154ebc,0xedf0c420bc3b92b961c6ec411cc810ca81f5f21a,USDT,semi_synthetic_delay_noise,,,,
eth_flow_0xb0ac3c7adaf1__r7fam09__inst00__synth_noise_src_1,bnb_flow_0x967cfa966c2f__synth_noise_dst_1,491.0,490.1,352,one_to_one,0.2441,supervised_flow_pair,ETH,BNB,Multi,0x22648c12acd87912ea1710357b1302c6a4154ebc,0xedf0c420bc3b92b961c6ec411cc810ca81f5f21a,USDT,semi_synthetic_delay_noise,,,,
eth_flow_0xd1712b0f18bd__r7fam09__inst01__synth_split_src,bnb_flow_0xa261cc9001b5__synth_split_a,652.1407722046781,326.07038610233906,192,one_to_many,0.95,supervised_flow_pair,ETH,BNB,Multi,0x0615dbba33fe61a31c7ed131bda6655ed76748b1,0xdebb1d6a2196f2335ad51fbde7ca587205889360,WETH_ETH,semi_synthetic_split,1,326.07038610233906,326.07038610233906,
eth_flow_0xd1712b0f18bd__r7fam09__inst01__synth_split_src,bnb_flow_0xa261cc9001b5__synth_split_b,652.1407722046781,326.07038610233906,192,one_to_many,0.95,supervised_flow_pair,ETH,BNB,Multi,0x0615dbba33fe61a31c7ed131bda6655ed76748b1,0xdebb1d6a2196f2335ad51fbde7ca587205889360,WETH_ETH,semi_synthetic_split,1,326.07038610233906,326.07038610233906,
eth_flow_0xd1712b0f18bd__r7fam09__inst01__synth_merge_src1,bnb_flow_0xa261cc9001b5__synth_merge_dst,326.07038610233906,652.1407722046781,192,many_to_one,1.0,supervised_flow_pair,ETH,BNB,Multi,0x0615dbba33fe61a31c7ed131bda6655ed76748b1,0xdebb1d6a2196f2335ad51fbde7ca587205889360,WETH_ETH,semi_synthetic_merge,,326.07038610233906,326.07038610233906,
eth_flow_0xd1712b0f18bd__r7fam09__inst01__synth_merge_src2,bnb_flow_0xa261cc9001b5__synth_merge_dst,326.07038610233906,652.1407722046781,192,many_to_one,1.0,supervised_flow_pair,ETH,BNB,Multi,0x0615dbba33fe61a31c7ed131bda6655ed76748b1,0xdebb1d6a2196f2335ad51fbde7ca587205889360,WETH_ETH,semi_synthetic_merge,,326.07038610233906,326.07038610233906,
eth_flow_0xd1712b0f18bd__r7fam09__inst01__synth_unmatched_src,bnb_flow_0xa261cc9001b5__synth_hidden_dst,652.1407722046781,0,192,one_to_one,0.2,supervised_flow_pair,ETH,BNB,Multi,0x0615dbba33fe61a31c7ed131bda6655ed76748b1,0xdebb1d6a2196f2335ad51fbde7ca587205889360,WETH_ETH,semi_synthetic_unmatched,,,0,0
eth_flow_0xd1712b0f18bd__r7fam09__inst01__synth_noise_src_0,bnb_flow_0xa261cc9001b5__synth_noise_dst_0,652.1407722046781,651.4024996323709,252,one_to_one,0.2434,supervised_flow_pair,ETH,BNB,Multi,0x0615dbba33fe61a31c7ed131bda6655ed76748b1,0xdebb1d6a2196f2335ad51fbde7ca587205889360,WETH_ETH,semi_synthetic_delay_noise,,,,
eth_flow_0xd1712b0f18bd__r7fam09__inst01__synth_noise_src_1,bnb_flow_0xa261cc9001b5__synth_noise_dst_1,652.1407722046781,651.4024996323709,312,one_to_one,0.2487,supervised_flow_pair,ETH,BNB,Multi,0x0615dbba33fe61a31c7ed131bda6655ed76748b1,0xdebb1d6a2196f2335ad51fbde7ca587205889360,WETH_ETH,semi_synthetic_delay_noise,,,,
eth_flow_0x3cc9a81c79d9__r7fam10__inst00__synth_split_src,bnb_flow_0x23b9119c5a98__synth_split_a,1000.0,500.0,603,one_to_many,0.95,supervised_flow_pair,ETH,BNB,Multi,0x22648c12acd87912ea1710357b1302c6a4154ebc,0xedf0c420bc3b92b961c6ec411cc810ca81f5f21a,USDT,semi_synthetic_split,1,500.0,500.0,
eth_flow_0x3cc9a81c79d9__r7fam10__inst00__synth_split_src,bnb_flow_0x23b9119c5a98__synth_split_b,1000.0,500.0,603,one_to_many,0.95,supervised_flow_pair,ETH,BNB,Multi,0x22648c12acd87912ea1710357b1302c6a4154ebc,0xedf0c420bc3b92b961c6ec411cc810ca81f5f21a,USDT,semi_synthetic_split,1,500.0,500.0,
eth_flow_0x3cc9a81c79d9__r7fam10__inst00__synth_merge_src1,bnb_flow_0x23b9119c5a98__synth_merge_dst,500.0,1000.0,603,many_to_one,1.0,supervised_flow_pair,ETH,BNB,Multi,0x22648c12acd87912ea1710357b1302c6a4154ebc,0xedf0c420bc3b92b961c6ec411cc810ca81f5f21a,USDT,semi_synthetic_merge,,500.0,500.0,
eth_flow_0x3cc9a81c79d9__r7fam10__inst00__synth_merge_src2,bnb_flow_0x23b9119c5a98__synth_merge_dst,500.0,1000.0,603,many_to_one,1.0,supervised_flow_pair,ETH,BNB,Multi,0x22648c12acd87912ea1710357b1302c6a4154ebc,0xedf0c420bc3b92b961c6ec411cc810ca81f5f21a,USDT,semi_synthetic_merge,,500.0,500.0,
eth_flow_0x3cc9a81c79d9__r7fam10__inst00__synth_unmatched_src,bnb_flow_0x23b9119c5a98__synth_hidden_dst,1000.0,0,603,one_to_one,0.2,supervised_flow_pair,ETH,BNB,Multi,0x22648c12acd87912ea1710357b1302c6a4154ebc,0xedf0c420bc3b92b961c6ec411cc810ca81f5f21a,USDT,semi_synthetic_unmatched,,,0,0
eth_flow_0x3cc9a81c79d9__r7fam10__inst00__synth_noise_src_0,bnb_flow_0x23b9119c5a98__synth_noise_dst_0,1000.0,999.1,663,one_to_one,0.2481,supervised_flow_pair,ETH,BNB,Multi,0x22648c12acd87912ea1710357b1302c6a4154ebc,0xedf0c420bc3b92b961c6ec411cc810ca81f5f21a,USDT,semi_synthetic_delay_noise,,,,
eth_flow_0x3cc9a81c79d9__r7fam10__inst00__synth_noise_src_1,bnb_flow_0x23b9119c5a98__synth_noise_dst_1,1000.0,999.1,723,one_to_one,0.2485,supervised_flow_pair,ETH,BNB,Multi,0x22648c12acd87912ea1710357b1302c6a4154ebc,0xedf0c420bc3b92b961c6ec411cc810ca81f5f21a,USDT,semi_synthetic_delay_noise,,,,
eth_flow_0xaed91109b30e__r7fam10__inst01__synth_split_src,bnb_flow_0x7a47202e8b40__synth_split_a,1083.12,541.56,431,one_to_many,0.95,supervised_flow_pair,ETH,BNB,Multi,0x22648c12acd87912ea1710357b1302c6a4154ebc,0xedf0c420bc3b92b961c6ec411cc810ca81f5f21a,USDT,semi_synthetic_split,1,541.56,541.56,
eth_flow_0xaed91109b30e__r7fam10__inst01__synth_split_src,bnb_flow_0x7a47202e8b40__synth_split_b,1083.12,541.56,431,one_to_many,0.95,supervised_flow_pair,ETH,BNB,Multi,0x22648c12acd87912ea1710357b1302c6a4154ebc,0xedf0c420bc3b92b961c6ec411cc810ca81f5f21a,USDT,semi_synthetic_split,1,541.56,541.56,
eth_flow_0xaed91109b30e__r7fam10__inst01__synth_merge_src1,bnb_flow_0x7a47202e8b40__synth_merge_dst,541.56,1083.12,431,many_to_one,1.0,supervised_flow_pair,ETH,BNB,Multi,0x22648c12acd87912ea1710357b1302c6a4154ebc,0xedf0c420bc3b92b961c6ec411cc810ca81f5f21a,USDT,semi_synthetic_merge,,541.56,541.56,
eth_flow_0xaed91109b30e__r7fam10__inst01__synth_merge_src2,bnb_flow_0x7a47202e8b40__synth_merge_dst,541.56,1083.12,431,many_to_one,1.0,supervised_flow_pair,ETH,BNB,Multi,0x22648c12acd87912ea1710357b1302c6a4154ebc,0xedf0c420bc3b92b961c6ec411cc810ca81f5f21a,USDT,semi_synthetic_merge,,541.56,541.56,
eth_flow_0xaed91109b30e__r7fam10__inst01__synth_unmatched_src,bnb_flow_0x7a47202e8b40__synth_hidden_dst,1083.12,0,431,one_to_one,0.2,supervised_flow_pair,ETH,BNB,Multi,0x22648c12acd87912ea1710357b1302c6a4154ebc,0xedf0c420bc3b92b961c6ec411cc810ca81f5f21a,USDT,semi_synthetic_unmatched,,,0,0
eth_flow_0xaed91109b30e__r7fam10__inst01__synth_noise_src_0,bnb_flow_0x7a47202e8b40__synth_noise_dst_0,1083.12,1082.22,491,one_to_one,0.2497,supervised_flow_pair,ETH,BNB,Multi,0x22648c12acd87912ea1710357b1302c6a4154ebc,0xedf0c420bc3b92b961c6ec411cc810ca81f5f21a,USDT,semi_synthetic_delay_noise,,,,
eth_flow_0xaed91109b30e__r7fam10__inst01__synth_noise_src_1,bnb_flow_0x7a47202e8b40__synth_noise_dst_1,1083.12,1082.22,551,one_to_one,0.2436,supervised_flow_pair,ETH,BNB,Multi,0x22648c12acd87912ea1710357b1302c6a4154ebc,0xedf0c420bc3b92b961c6ec411cc810ca81f5f21a,USDT,semi_synthetic_delay_noise,,,,
eth_flow_0x24ea2bfbaaaf__r7fam11__inst00__synth_split_src,bnb_flow_0x8727eb7d28f6__synth_split_a,733.31713,366.658565,829,one_to_many,0.95,supervised_flow_pair,ETH,BNB,Multi,0x22648c12acd87912ea1710357b1302c6a4154ebc,0xedf0c420bc3b92b961c6ec411cc810ca81f5f21a,USDT,semi_synthetic_split,1,366.658565,366.658565,
eth_flow_0x24ea2bfbaaaf__r7fam11__inst00__synth_split_src,bnb_flow_0x8727eb7d28f6__synth_split_b,733.31713,366.658565,829,one_to_many,0.95,supervised_flow_pair,ETH,BNB,Multi,0x22648c12acd87912ea1710357b1302c6a4154ebc,0xedf0c420bc3b92b961c6ec411cc810ca81f5f21a,USDT,semi_synthetic_split,1,366.658565,366.658565,
eth_flow_0x24ea2bfbaaaf__r7fam11__inst00__synth_merge_src1,bnb_flow_0x8727eb7d28f6__synth_merge_dst,366.658565,733.31713,829,many_to_one,1.0,supervised_flow_pair,ETH,BNB,Multi,0x22648c12acd87912ea1710357b1302c6a4154ebc,0xedf0c420bc3b92b961c6ec411cc810ca81f5f21a,USDT,semi_synthetic_merge,,366.658565,366.658565,
eth_flow_0x24ea2bfbaaaf__r7fam11__inst00__synth_merge_src2,bnb_flow_0x8727eb7d28f6__synth_merge_dst,366.658565,733.31713,829,many_to_one,1.0,supervised_flow_pair,ETH,BNB,Multi,0x22648c12acd87912ea1710357b1302c6a4154ebc,0xedf0c420bc3b92b961c6ec411cc810ca81f5f21a,USDT,semi_synthetic_merge,,366.658565,366.658565,
eth_flow_0x24ea2bfbaaaf__r7fam11__inst00__synth_unmatched_src,bnb_flow_0x8727eb7d28f6__synth_hidden_dst,733.31713,0,829,one_to_one,0.2,supervised_flow_pair,ETH,BNB,Multi,0x22648c12acd87912ea1710357b1302c6a4154ebc,0xedf0c420bc3b92b961c6ec411cc810ca81f5f21a,USDT,semi_synthetic_unmatched,,,0,0
eth_flow_0x24ea2bfbaaaf__r7fam11__inst00__synth_noise_src_0,bnb_flow_0x8727eb7d28f6__synth_noise_dst_0,733.31713,732.4171299999999,889,one_to_one,0.2541,supervised_flow_pair,ETH,BNB,Multi,0x22648c12acd87912ea1710357b1302c6a4154ebc,0xedf0c420bc3b92b961c6ec411cc810ca81f5f21a,USDT,semi_synthetic_delay_noise,,,,
eth_flow_0x24ea2bfbaaaf__r7fam11__inst00__synth_noise_src_1,bnb_flow_0x8727eb7d28f6__synth_noise_dst_1,733.31713,732.4171299999999,949,one_to_one,0.2496,supervised_flow_pair,ETH,BNB,Multi,0x22648c12acd87912ea1710357b1302c6a4154ebc,0xedf0c420bc3b92b961c6ec411cc810ca81f5f21a,USDT,semi_synthetic_delay_noise,,,,
eth_flow_0x76989f1f0c9b__r7fam11__inst01__synth_split_src,bnb_flow_0x9b0174e3b21a__synth_split_a,841.9,420.95,2661,one_to_many,0.95,supervised_flow_pair,ETH,BNB,Multi,0x22648c12acd87912ea1710357b1302c6a4154ebc,0xedf0c420bc3b92b961c6ec411cc810ca81f5f21a,USDT,semi_synthetic_split,1,420.95,420.95,
eth_flow_0x76989f1f0c9b__r7fam11__inst01__synth_split_src,bnb_flow_0x9b0174e3b21a__synth_split_b,841.9,420.95,2661,one_to_many,0.95,supervised_flow_pair,ETH,BNB,Multi,0x22648c12acd87912ea1710357b1302c6a4154ebc,0xedf0c420bc3b92b961c6ec411cc810ca81f5f21a,USDT,semi_synthetic_split,1,420.95,420.95,
eth_flow_0x76989f1f0c9b__r7fam11__inst01__synth_merge_src1,bnb_flow_0x9b0174e3b21a__synth_merge_dst,420.95,841.9,2661,many_to_one,1.0,supervised_flow_pair,ETH,BNB,Multi,0x22648c12acd87912ea1710357b1302c6a4154ebc,0xedf0c420bc3b92b961c6ec411cc810ca81f5f21a,USDT,semi_synthetic_merge,,420.95,420.95,
eth_flow_0x76989f1f0c9b__r7fam11__inst01__synth_merge_src2,bnb_flow_0x9b0174e3b21a__synth_merge_dst,420.95,841.9,2661,many_to_one,1.0,supervised_flow_pair,ETH,BNB,Multi,0x22648c12acd87912ea1710357b1302c6a4154ebc,0xedf0c420bc3b92b961c6ec411cc810ca81f5f21a,USDT,semi_synthetic_merge,,420.95,420.95,
eth_flow_0x76989f1f0c9b__r7fam11__inst01__synth_unmatched_src,bnb_flow_0x9b0174e3b21a__synth_hidden_dst,841.9,0,2661,one_to_one,0.2,supervised_flow_pair,ETH,BNB,Multi,0x22648c12acd87912ea1710357b1302c6a4154ebc,0xedf0c420bc3b92b961c6ec411cc810ca81f5f21a,USDT,semi_synthetic_unmatched,,,0,0
eth_flow_0x76989f1f0c9b__r7fam11__inst01__synth_noise_src_0,bnb_flow_0x9b0174e3b21a__synth_noise_dst_0,841.9,841.0,2721,one_to_one,0.2333,supervised_flow_pair,ETH,BNB,Multi,0x22648c12acd87912ea1710357b1302c6a4154ebc,0xedf0c420bc3b92b961c6ec411cc810ca81f5f21a,USDT,semi_synthetic_delay_noise,,,,
eth_flow_0x76989f1f0c9b__r7fam11__inst01__synth_noise_src_1,bnb_flow_0x9b0174e3b21a__synth_noise_dst_1,841.9,841.0,2781,one_to_one,0.2308,supervised_flow_pair,ETH,BNB,Multi,0x22648c12acd87912ea1710357b1302c6a4154ebc,0xedf0c420bc3b92b961c6ec411cc810ca81f5f21a,USDT,semi_synthetic_delay_noise,,,,
eth_flow_0xa52f768430e7__r7fam12__inst00__synth_split_src,bnb_flow_0xe733955fb023__synth_split_a,2071.66,517.915,-919,one_to_many,0.95,supervised_flow_pair,ETH,BNB,Multi,0x22648c12acd87912ea1710357b1302c6a4154ebc,0xedf0c420bc3b92b961c6ec411cc810ca81f5f21a,USDT,semi_synthetic_split,1,517.915,517.915,
eth_flow_0xa52f768430e7__r7fam12__inst00__synth_split_src,bnb_flow_0xe733955fb023__synth_split_b,2071.66,517.915,-919,one_to_many,0.95,supervised_flow_pair,ETH,BNB,Multi,0x22648c12acd87912ea1710357b1302c6a4154ebc,0xedf0c420bc3b92b961c6ec411cc810ca81f5f21a,USDT,semi_synthetic_split,1,517.915,517.915,
eth_flow_0xa52f768430e7__r7fam12__inst00__synth_split_src,bnb_flow_0xe733955fb023__synth_split_c,2071.66,517.915,-919,one_to_many,0.95,supervised_flow_pair,ETH,BNB,Multi,0x22648c12acd87912ea1710357b1302c6a4154ebc,0xedf0c420bc3b92b961c6ec411cc810ca81f5f21a,USDT,semi_synthetic_split,1,517.915,517.915,
eth_flow_0xa52f768430e7__r7fam12__inst00__synth_split_src,bnb_flow_0xe733955fb023__synth_split_d,2071.66,517.915,-919,one_to_many,0.95,supervised_flow_pair,ETH,BNB,Multi,0x22648c12acd87912ea1710357b1302c6a4154ebc,0xedf0c420bc3b92b961c6ec411cc810ca81f5f21a,USDT,semi_synthetic_split,1,517.915,517.915,
eth_flow_0xa52f768430e7__r7fam12__inst00__synth_merge_src1,bnb_flow_0xe733955fb023__synth_merge_dst,1035.83,2071.66,-919,many_to_one,1.0,supervised_flow_pair,ETH,BNB,Multi,0x22648c12acd87912ea1710357b1302c6a4154ebc,0xedf0c420bc3b92b961c6ec411cc810ca81f5f21a,USDT,semi_synthetic_merge,,1035.83,1035.83,
eth_flow_0xa52f768430e7__r7fam12__inst00__synth_merge_src2,bnb_flow_0xe733955fb023__synth_merge_dst,1035.83,2071.66,-919,many_to_one,1.0,supervised_flow_pair,ETH,BNB,Multi,0x22648c12acd87912ea1710357b1302c6a4154ebc,0xedf0c420bc3b92b961c6ec411cc810ca81f5f21a,USDT,semi_synthetic_merge,,1035.83,1035.83,
eth_flow_0xa52f768430e7__r7fam12__inst00__synth_unmatched_src,bnb_flow_0xe733955fb023__synth_hidden_dst,2071.66,0,-919,one_to_one,0.2,supervised_flow_pair,ETH,BNB,Multi,0x22648c12acd87912ea1710357b1302c6a4154ebc,0xedf0c420bc3b92b961c6ec411cc810ca81f5f21a,USDT,semi_synthetic_unmatched,,,0,0
eth_flow_0xa52f768430e7__r7fam12__inst00__synth_noise_src_0,bnb_flow_0xe733955fb023__synth_noise_dst_0,2071.66,2070.76,-859,one_to_one,0.2244,supervised_flow_pair,ETH,BNB,Multi,0x22648c12acd87912ea1710357b1302c6a4154ebc,0xedf0c420bc3b92b961c6ec411cc810ca81f5f21a,USDT,semi_synthetic_delay_noise,,,,
eth_flow_0xa52f768430e7__r7fam12__inst00__synth_noise_src_1,bnb_flow_0xe733955fb023__synth_noise_dst_1,2071.66,2070.76,-799,one_to_one,0.2373,supervised_flow_pair,ETH,BNB,Multi,0x22648c12acd87912ea1710357b1302c6a4154ebc,0xedf0c420bc3b92b961c6ec411cc810ca81f5f21a,USDT,semi_synthetic_delay_noise,,,,
eth_flow_0x8bb510c39530__r7fam12__inst01__synth_split_src,bnb_flow_0x03a04de68567__synth_split_a,5000.0,2500.0,-464,one_to_many,0.95,supervised_flow_pair,ETH,BNB,Multi,0x22648c12acd87912ea1710357b1302c6a4154ebc,0xedf0c420bc3b92b961c6ec411cc810ca81f5f21a,USDT,semi_synthetic_split,1,2500.0,2500.0,
eth_flow_0x8bb510c39530__r7fam12__inst01__synth_split_src,bnb_flow_0x03a04de68567__synth_split_b,5000.0,2500.0,-464,one_to_many,0.95,supervised_flow_pair,ETH,BNB,Multi,0x22648c12acd87912ea1710357b1302c6a4154ebc,0xedf0c420bc3b92b961c6ec411cc810ca81f5f21a,USDT,semi_synthetic_split,1,2500.0,2500.0,
eth_flow_0x8bb510c39530__r7fam12__inst01__synth_merge_src1,bnb_flow_0x03a04de68567__synth_merge_dst,2500.0,5000.0,-464,many_to_one,1.0,supervised_flow_pair,ETH,BNB,Multi,0x22648c12acd87912ea1710357b1302c6a4154ebc,0xedf0c420bc3b92b961c6ec411cc810ca81f5f21a,USDT,semi_synthetic_merge,,2500.0,2500.0,
eth_flow_0x8bb510c39530__r7fam12__inst01__synth_merge_src2,bnb_flow_0x03a04de68567__synth_merge_dst,2500.0,5000.0,-464,many_to_one,1.0,supervised_flow_pair,ETH,BNB,Multi,0x22648c12acd87912ea1710357b1302c6a4154ebc,0xedf0c420bc3b92b961c6ec411cc810ca81f5f21a,USDT,semi_synthetic_merge,,2500.0,2500.0,
eth_flow_0x8bb510c39530__r7fam12__inst01__synth_unmatched_src,bnb_flow_0x03a04de68567__synth_hidden_dst,5000.0,0,-464,one_to_one,0.2,supervised_flow_pair,ETH,BNB,Multi,0x22648c12acd87912ea1710357b1302c6a4154ebc,0xedf0c420bc3b92b961c6ec411cc810ca81f5f21a,USDT,semi_synthetic_unmatched,,,0,0
eth_flow_0x8bb510c39530__r7fam12__inst01__synth_noise_src_0,bnb_flow_0x03a04de68567__synth_noise_dst_0,5000.0,4999.099999999999,-404,one_to_one,0.25,supervised_flow_pair,ETH,BNB,Multi,0x22648c12acd87912ea1710357b1302c6a4154ebc,0xedf0c420bc3b92b961c6ec411cc810ca81f5f21a,USDT,semi_synthetic_delay_noise,,,,
eth_flow_0x8bb510c39530__r7fam12__inst01__synth_noise_src_1,bnb_flow_0x03a04de68567__synth_noise_dst_1,5000.0,4999.099999999999,-344,one_to_one,0.2378,supervised_flow_pair,ETH,BNB,Multi,0x22648c12acd87912ea1710357b1302c6a4154ebc,0xedf0c420bc3b92b961c6ec411cc810ca81f5f21a,USDT,semi_synthetic_delay_noise,,,,
eth_flow_0xc0ab5cf79601__r7fam13__inst00__synth_split_src,bnb_flow_0xc7f885d7ec91__synth_split_a,4563.56,1140.89,19,one_to_many,0.95,supervised_flow_pair,ETH,BNB,Multi,0x22648c12acd87912ea1710357b1302c6a4154ebc,0xedf0c420bc3b92b961c6ec411cc810ca81f5f21a,USDT,semi_synthetic_split,1,1140.89,1140.89,
eth_flow_0xc0ab5cf79601__r7fam13__inst00__synth_split_src,bnb_flow_0xc7f885d7ec91__synth_split_b,4563.56,1140.89,19,one_to_many,0.95,supervised_flow_pair,ETH,BNB,Multi,0x22648c12acd87912ea1710357b1302c6a4154ebc,0xedf0c420bc3b92b961c6ec411cc810ca81f5f21a,USDT,semi_synthetic_split,1,1140.89,1140.89,
eth_flow_0xc0ab5cf79601__r7fam13__inst00__synth_split_src,bnb_flow_0xc7f885d7ec91__synth_split_c,4563.56,1140.89,19,one_to_many,0.95,supervised_flow_pair,ETH,BNB,Multi,0x22648c12acd87912ea1710357b1302c6a4154ebc,0xedf0c420bc3b92b961c6ec411cc810ca81f5f21a,USDT,semi_synthetic_split,1,1140.89,1140.89,
eth_flow_0xc0ab5cf79601__r7fam13__inst00__synth_split_src,bnb_flow_0xc7f885d7ec91__synth_split_d,4563.56,1140.89,19,one_to_many,0.95,supervised_flow_pair,ETH,BNB,Multi,0x22648c12acd87912ea1710357b1302c6a4154ebc,0xedf0c420bc3b92b961c6ec411cc810ca81f5f21a,USDT,semi_synthetic_split,1,1140.89,1140.89,
eth_flow_0xc0ab5cf79601__r7fam13__inst00__synth_merge_src1,bnb_flow_0xc7f885d7ec91__synth_merge_dst,2281.78,4563.56,19,many_to_one,1.0,supervised_flow_pair,ETH,BNB,Multi,0x22648c12acd87912ea1710357b1302c6a4154ebc,0xedf0c420bc3b92b961c6ec411cc810ca81f5f21a,USDT,semi_synthetic_merge,,2281.78,2281.78,
eth_flow_0xc0ab5cf79601__r7fam13__inst00__synth_merge_src2,bnb_flow_0xc7f885d7ec91__synth_merge_dst,2281.78,4563.56,19,many_to_one,1.0,supervised_flow_pair,ETH,BNB,Multi,0x22648c12acd87912ea1710357b1302c6a4154ebc,0xedf0c420bc3b92b961c6ec411cc810ca81f5f21a,USDT,semi_synthetic_merge,,2281.78,2281.78,
eth_flow_0xc0ab5cf79601__r7fam13__inst00__synth_unmatched_src,bnb_flow_0xc7f885d7ec91__synth_hidden_dst,4563.56,0,19,one_to_one,0.2,supervised_flow_pair,ETH,BNB,Multi,0x22648c12acd87912ea1710357b1302c6a4154ebc,0xedf0c420bc3b92b961c6ec411cc810ca81f5f21a,USDT,semi_synthetic_unmatched,,,0,0
eth_flow_0xc0ab5cf79601__r7fam13__inst00__synth_noise_src_0,bnb_flow_0xc7f885d7ec91__synth_noise_dst_0,4563.56,4562.66,79,one_to_one,0.2366,supervised_flow_pair,ETH,BNB,Multi,0x22648c12acd87912ea1710357b1302c6a4154ebc,0xedf0c420bc3b92b961c6ec411cc810ca81f5f21a,USDT,semi_synthetic_delay_noise,,,,
eth_flow_0xc0ab5cf79601__r7fam13__inst00__synth_noise_src_1,bnb_flow_0xc7f885d7ec91__synth_noise_dst_1,4563.56,4562.66,139,one_to_one,0.2532,supervised_flow_pair,ETH,BNB,Multi,0x22648c12acd87912ea1710357b1302c6a4154ebc,0xedf0c420bc3b92b961c6ec411cc810ca81f5f21a,USDT,semi_synthetic_delay_noise,,,,
eth_flow_0x7a6d78f0ab17__r7fam13__inst01__synth_split_src,bnb_flow_0xd62c288f468f__synth_split_a,3400.0,850.0,78,one_to_many,0.95,supervised_flow_pair,ETH,BNB,Multi,0x22648c12acd87912ea1710357b1302c6a4154ebc,0xedf0c420bc3b92b961c6ec411cc810ca81f5f21a,USDT,semi_synthetic_split,1,850.0,850.0,
eth_flow_0x7a6d78f0ab17__r7fam13__inst01__synth_split_src,bnb_flow_0xd62c288f468f__synth_split_b,3400.0,850.0,78,one_to_many,0.95,supervised_flow_pair,ETH,BNB,Multi,0x22648c12acd87912ea1710357b1302c6a4154ebc,0xedf0c420bc3b92b961c6ec411cc810ca81f5f21a,USDT,semi_synthetic_split,1,850.0,850.0,
eth_flow_0x7a6d78f0ab17__r7fam13__inst01__synth_split_src,bnb_flow_0xd62c288f468f__synth_split_c,3400.0,850.0,78,one_to_many,0.95,supervised_flow_pair,ETH,BNB,Multi,0x22648c12acd87912ea1710357b1302c6a4154ebc,0xedf0c420bc3b92b961c6ec411cc810ca81f5f21a,USDT,semi_synthetic_split,1,850.0,850.0,
eth_flow_0x7a6d78f0ab17__r7fam13__inst01__synth_split_src,bnb_flow_0xd62c288f468f__synth_split_d,3400.0,850.0,78,one_to_many,0.95,supervised_flow_pair,ETH,BNB,Multi,0x22648c12acd87912ea1710357b1302c6a4154ebc,0xedf0c420bc3b92b961c6ec411cc810ca81f5f21a,USDT,semi_synthetic_split,1,850.0,850.0,
eth_flow_0x7a6d78f0ab17__r7fam13__inst01__synth_merge_src1,bnb_flow_0xd62c288f468f__synth_merge_dst,1700.0,3400.0,78,many_to_one,1.0,supervised_flow_pair,ETH,BNB,Multi,0x22648c12acd87912ea1710357b1302c6a4154ebc,0xedf0c420bc3b92b961c6ec411cc810ca81f5f21a,USDT,semi_synthetic_merge,,1700.0,1700.0,
eth_flow_0x7a6d78f0ab17__r7fam13__inst01__synth_merge_src2,bnb_flow_0xd62c288f468f__synth_merge_dst,1700.0,3400.0,78,many_to_one,1.0,supervised_flow_pair,ETH,BNB,Multi,0x22648c12acd87912ea1710357b1302c6a4154ebc,0xedf0c420bc3b92b961c6ec411cc810ca81f5f21a,USDT,semi_synthetic_merge,,1700.0,1700.0,
eth_flow_0x7a6d78f0ab17__r7fam13__inst01__synth_unmatched_src,bnb_flow_0xd62c288f468f__synth_hidden_dst,3400.0,0,78,one_to_one,0.2,supervised_flow_pair,ETH,BNB,Multi,0x22648c12acd87912ea1710357b1302c6a4154ebc,0xedf0c420bc3b92b961c6ec411cc810ca81f5f21a,USDT,semi_synthetic_unmatched,,,0,0
eth_flow_0x7a6d78f0ab17__r7fam13__inst01__synth_noise_src_0,bnb_flow_0xd62c288f468f__synth_noise_dst_0,3400.0,3399.1,138,one_to_one,0.2583,supervised_flow_pair,ETH,BNB,Multi,0x22648c12acd87912ea1710357b1302c6a4154ebc,0xedf0c420bc3b92b961c6ec411cc810ca81f5f21a,USDT,semi_synthetic_delay_noise,,,,
eth_flow_0x7a6d78f0ab17__r7fam13__inst01__synth_noise_src_1,bnb_flow_0xd62c288f468f__synth_noise_dst_1,3400.0,3399.1,198,one_to_one,0.2213,supervised_flow_pair,ETH,BNB,Multi,0x22648c12acd87912ea1710357b1302c6a4154ebc,0xedf0c420bc3b92b961c6ec411cc810ca81f5f21a,USDT,semi_synthetic_delay_noise,,,,
eth_flow_0x3962dfc4b83f__r7fam14__inst00__synth_split_src,bnb_flow_0xedd36c4377c8__synth_split_a,4403.12,2201.56,117,one_to_many,0.95,supervised_flow_pair,ETH,BNB,Multi,0x22648c12acd87912ea1710357b1302c6a4154ebc,0xedf0c420bc3b92b961c6ec411cc810ca81f5f21a,USDT,semi_synthetic_split,1,2201.56,2201.56,
eth_flow_0x3962dfc4b83f__r7fam14__inst00__synth_split_src,bnb_flow_0xedd36c4377c8__synth_split_b,4403.12,2201.56,117,one_to_many,0.95,supervised_flow_pair,ETH,BNB,Multi,0x22648c12acd87912ea1710357b1302c6a4154ebc,0xedf0c420bc3b92b961c6ec411cc810ca81f5f21a,USDT,semi_synthetic_split,1,2201.56,2201.56,
eth_flow_0x3962dfc4b83f__r7fam14__inst00__synth_merge_src1,bnb_flow_0xedd36c4377c8__synth_merge_dst,2201.56,4403.12,117,many_to_one,1.0,supervised_flow_pair,ETH,BNB,Multi,0x22648c12acd87912ea1710357b1302c6a4154ebc,0xedf0c420bc3b92b961c6ec411cc810ca81f5f21a,USDT,semi_synthetic_merge,,2201.56,2201.56,
eth_flow_0x3962dfc4b83f__r7fam14__inst00__synth_merge_src2,bnb_flow_0xedd36c4377c8__synth_merge_dst,2201.56,4403.12,117,many_to_one,1.0,supervised_flow_pair,ETH,BNB,Multi,0x22648c12acd87912ea1710357b1302c6a4154ebc,0xedf0c420bc3b92b961c6ec411cc810ca81f5f21a,USDT,semi_synthetic_merge,,2201.56,2201.56,
eth_flow_0x3962dfc4b83f__r7fam14__inst00__synth_unmatched_src,bnb_flow_0xedd36c4377c8__synth_hidden_dst,4403.12,0,117,one_to_one,0.2,supervised_flow_pair,ETH,BNB,Multi,0x22648c12acd87912ea1710357b1302c6a4154ebc,0xedf0c420bc3b92b961c6ec411cc810ca81f5f21a,USDT,semi_synthetic_unmatched,,,0,0
eth_flow_0x3962dfc4b83f__r7fam14__inst00__synth_noise_src_0,bnb_flow_0xedd36c4377c8__synth_noise_dst_0,4403.12,4402.22,177,one_to_one,0.2392,supervised_flow_pair,ETH,BNB,Multi,0x22648c12acd87912ea1710357b1302c6a4154ebc,0xedf0c420bc3b92b961c6ec411cc810ca81f5f21a,USDT,semi_synthetic_delay_noise,,,,
eth_flow_0x3962dfc4b83f__r7fam14__inst00__synth_noise_src_1,bnb_flow_0xedd36c4377c8__synth_noise_dst_1,4403.12,4402.22,237,one_to_one,0.2299,supervised_flow_pair,ETH,BNB,Multi,0x22648c12acd87912ea1710357b1302c6a4154ebc,0xedf0c420bc3b92b961c6ec411cc810ca81f5f21a,USDT,semi_synthetic_delay_noise,,,,
eth_flow_0x9b5e22279981__r7fam14__inst01__synth_split_src,bnb_flow_0x3077c456995f__synth_split_a,5000.0,1666.6666666666667,120,one_to_many,0.95,supervised_flow_pair,ETH,BNB,Multi,0x22648c12acd87912ea1710357b1302c6a4154ebc,0xedf0c420bc3b92b961c6ec411cc810ca81f5f21a,USDT,semi_synthetic_split,1,1666.6666666666667,1666.6666666666667,
eth_flow_0x9b5e22279981__r7fam14__inst01__synth_split_src,bnb_flow_0x3077c456995f__synth_split_b,5000.0,1666.6666666666667,120,one_to_many,0.95,supervised_flow_pair,ETH,BNB,Multi,0x22648c12acd87912ea1710357b1302c6a4154ebc,0xedf0c420bc3b92b961c6ec411cc810ca81f5f21a,USDT,semi_synthetic_split,1,1666.6666666666667,1666.6666666666667,
eth_flow_0x9b5e22279981__r7fam14__inst01__synth_split_src,bnb_flow_0x3077c456995f__synth_split_c,5000.0,1666.6666666666667,120,one_to_many,0.95,supervised_flow_pair,ETH,BNB,Multi,0x22648c12acd87912ea1710357b1302c6a4154ebc,0xedf0c420bc3b92b961c6ec411cc810ca81f5f21a,USDT,semi_synthetic_split,1,1666.6666666666667,1666.6666666666667,
eth_flow_0x9b5e22279981__r7fam14__inst01__synth_merge_src1,bnb_flow_0x3077c456995f__synth_merge_dst,2500.0,5000.0,120,many_to_one,1.0,supervised_flow_pair,ETH,BNB,Multi,0x22648c12acd87912ea1710357b1302c6a4154ebc,0xedf0c420bc3b92b961c6ec411cc810ca81f5f21a,USDT,semi_synthetic_merge,,2500.0,2500.0,
eth_flow_0x9b5e22279981__r7fam14__inst01__synth_merge_src2,bnb_flow_0x3077c456995f__synth_merge_dst,2500.0,5000.0,120,many_to_one,1.0,supervised_flow_pair,ETH,BNB,Multi,0x22648c12acd87912ea1710357b1302c6a4154ebc,0xedf0c420bc3b92b961c6ec411cc810ca81f5f21a,USDT,semi_synthetic_merge,,2500.0,2500.0,
eth_flow_0x9b5e22279981__r7fam14__inst01__synth_unmatched_src,bnb_flow_0x3077c456995f__synth_hidden_dst,5000.0,0,120,one_to_one,0.2,supervised_flow_pair,ETH,BNB,Multi,0x22648c12acd87912ea1710357b1302c6a4154ebc,0xedf0c420bc3b92b961c6ec411cc810ca81f5f21a,USDT,semi_synthetic_unmatched,,,0,0
eth_flow_0x9b5e22279981__r7fam14__inst01__synth_noise_src_0,bnb_flow_0x3077c456995f__synth_noise_dst_0,5000.0,4999.099999999999,180,one_to_one,0.2267,supervised_flow_pair,ETH,BNB,Multi,0x22648c12acd87912ea1710357b1302c6a4154ebc,0xedf0c420bc3b92b961c6ec411cc810ca81f5f21a,USDT,semi_synthetic_delay_noise,,,,
eth_flow_0x9b5e22279981__r7fam14__inst01__synth_noise_src_1,bnb_flow_0x3077c456995f__synth_noise_dst_1,5000.0,4999.099999999999,240,one_to_one,0.243,supervised_flow_pair,ETH,BNB,Multi,0x22648c12acd87912ea1710357b1302c6a4154ebc,0xedf0c420bc3b92b961c6ec411cc810ca81f5f21a,USDT,semi_synthetic_delay_noise,,,,
eth_flow_0x274e798f5500__r7fam15__inst00__synth_split_src,bnb_flow_0x0b4d1792d009__synth_split_a,1810.83,226.35375,165,one_to_many,0.95,supervised_flow_pair,ETH,BNB,Multi,0x22648c12acd87912ea1710357b1302c6a4154ebc,0xedf0c420bc3b92b961c6ec411cc810ca81f5f21a,USDT,semi_synthetic_split,1,226.35375,226.35375,
eth_flow_0x274e798f5500__r7fam15__inst00__synth_split_src,bnb_flow_0x0b4d1792d009__synth_split_b,1810.83,226.35375,165,one_to_many,0.95,supervised_flow_pair,ETH,BNB,Multi,0x22648c12acd87912ea1710357b1302c6a4154ebc,0xedf0c420bc3b92b961c6ec411cc810ca81f5f21a,USDT,semi_synthetic_split,1,226.35375,226.35375,
eth_flow_0x274e798f5500__r7fam15__inst00__synth_split_src,bnb_flow_0x0b4d1792d009__synth_split_c,1810.83,226.35375,165,one_to_many,0.95,supervised_flow_pair,ETH,BNB,Multi,0x22648c12acd87912ea1710357b1302c6a4154ebc,0xedf0c420bc3b92b961c6ec411cc810ca81f5f21a,USDT,semi_synthetic_split,1,226.35375,226.35375,
eth_flow_0x274e798f5500__r7fam15__inst00__synth_split_src,bnb_flow_0x0b4d1792d009__synth_split_d,1810.83,226.35375,165,one_to_many,0.95,supervised_flow_pair,ETH,BNB,Multi,0x22648c12acd87912ea1710357b1302c6a4154ebc,0xedf0c420bc3b92b961c6ec411cc810ca81f5f21a,USDT,semi_synthetic_split,1,226.35375,226.35375,
eth_flow_0x274e798f5500__r7fam15__inst00__synth_split_src,bnb_flow_0x0b4d1792d009__synth_split_e,1810.83,226.35375,165,one_to_many,0.95,supervised_flow_pair,ETH,BNB,Multi,0x22648c12acd87912ea1710357b1302c6a4154ebc,0xedf0c420bc3b92b961c6ec411cc810ca81f5f21a,USDT,semi_synthetic_split,1,226.35375,226.35375,
eth_flow_0x274e798f5500__r7fam15__inst00__synth_split_src,bnb_flow_0x0b4d1792d009__synth_split_f,1810.83,226.35375,165,one_to_many,0.95,supervised_flow_pair,ETH,BNB,Multi,0x22648c12acd87912ea1710357b1302c6a4154ebc,0xedf0c420bc3b92b961c6ec411cc810ca81f5f21a,USDT,semi_synthetic_split,1,226.35375,226.35375,
eth_flow_0x274e798f5500__r7fam15__inst00__synth_split_src,bnb_flow_0x0b4d1792d009__synth_split_g,1810.83,226.35375,165,one_to_many,0.95,supervised_flow_pair,ETH,BNB,Multi,0x22648c12acd87912ea1710357b1302c6a4154ebc,0xedf0c420bc3b92b961c6ec411cc810ca81f5f21a,USDT,semi_synthetic_split,1,226.35375,226.35375,
eth_flow_0x274e798f5500__r7fam15__inst00__synth_split_src,bnb_flow_0x0b4d1792d009__synth_split_h,1810.83,226.35375,165,one_to_many,0.95,supervised_flow_pair,ETH,BNB,Multi,0x22648c12acd87912ea1710357b1302c6a4154ebc,0xedf0c420bc3b92b961c6ec411cc810ca81f5f21a,USDT,semi_synthetic_split,1,226.35375,226.35375,
eth_flow_0x274e798f5500__r7fam15__inst00__synth_merge_src1,bnb_flow_0x0b4d1792d009__synth_merge_dst,905.415,1810.83,165,many_to_one,1.0,supervised_flow_pair,ETH,BNB,Multi,0x22648c12acd87912ea1710357b1302c6a4154ebc,0xedf0c420bc3b92b961c6ec411cc810ca81f5f21a,USDT,semi_synthetic_merge,,905.415,905.415,
eth_flow_0x274e798f5500__r7fam15__inst00__synth_merge_src2,bnb_flow_0x0b4d1792d009__synth_merge_dst,905.415,1810.83,165,many_to_one,1.0,supervised_flow_pair,ETH,BNB,Multi,0x22648c12acd87912ea1710357b1302c6a4154ebc,0xedf0c420bc3b92b961c6ec411cc810ca81f5f21a,USDT,semi_synthetic_merge,,905.415,905.415,
eth_flow_0x274e798f5500__r7fam15__inst00__synth_unmatched_src,bnb_flow_0x0b4d1792d009__synth_hidden_dst,1810.83,0,165,one_to_one,0.2,supervised_flow_pair,ETH,BNB,Multi,0x22648c12acd87912ea1710357b1302c6a4154ebc,0xedf0c420bc3b92b961c6ec411cc810ca81f5f21a,USDT,semi_synthetic_unmatched,,,0,0
eth_flow_0x274e798f5500__r7fam15__inst00__synth_noise_src_0,bnb_flow_0x0b4d1792d009__synth_noise_dst_0,1810.83,1809.9299999999998,225,one_to_one,0.2298,supervised_flow_pair,ETH,BNB,Multi,0x22648c12acd87912ea1710357b1302c6a4154ebc,0xedf0c420bc3b92b961c6ec411cc810ca81f5f21a,USDT,semi_synthetic_delay_noise,,,,
eth_flow_0x274e798f5500__r7fam15__inst00__synth_noise_src_1,bnb_flow_0x0b4d1792d009__synth_noise_dst_1,1810.83,1809.9299999999998,285,one_to_one,0.258,supervised_flow_pair,ETH,BNB,Multi,0x22648c12acd87912ea1710357b1302c6a4154ebc,0xedf0c420bc3b92b961c6ec411cc810ca81f5f21a,USDT,semi_synthetic_delay_noise,,,,
eth_flow_0x293d601afc46__r7fam15__inst01__synth_split_src,bnb_flow_0xa05597497ce4__synth_split_a,2000.0,1000.0,201,one_to_many,0.95,supervised_flow_pair,ETH,BNB,Multi,0x22648c12acd87912ea1710357b1302c6a4154ebc,0xedf0c420bc3b92b961c6ec411cc810ca81f5f21a,USDT,semi_synthetic_split,1,1000.0,1000.0,
eth_flow_0x293d601afc46__r7fam15__inst01__synth_split_src,bnb_flow_0xa05597497ce4__synth_split_b,2000.0,1000.0,201,one_to_many,0.95,supervised_flow_pair,ETH,BNB,Multi,0x22648c12acd87912ea1710357b1302c6a4154ebc,0xedf0c420bc3b92b961c6ec411cc810ca81f5f21a,USDT,semi_synthetic_split,1,1000.0,1000.0,
eth_flow_0x293d601afc46__r7fam15__inst01__synth_merge_src1,bnb_flow_0xa05597497ce4__synth_merge_dst,1000.0,2000.0,201,many_to_one,1.0,supervised_flow_pair,ETH,BNB,Multi,0x22648c12acd87912ea1710357b1302c6a4154ebc,0xedf0c420bc3b92b961c6ec411cc810ca81f5f21a,USDT,semi_synthetic_merge,,1000.0,1000.0,
eth_flow_0x293d601afc46__r7fam15__inst01__synth_merge_src2,bnb_flow_0xa05597497ce4__synth_merge_dst,1000.0,2000.0,201,many_to_one,1.0,supervised_flow_pair,ETH,BNB,Multi,0x22648c12acd87912ea1710357b1302c6a4154ebc,0xedf0c420bc3b92b961c6ec411cc810ca81f5f21a,USDT,semi_synthetic_merge,,1000.0,1000.0,
eth_flow_0x293d601afc46__r7fam15__inst01__synth_unmatched_src,bnb_flow_0xa05597497ce4__synth_hidden_dst,2000.0,0,201,one_to_one,0.2,supervised_flow_pair,ETH,BNB,Multi,0x22648c12acd87912ea1710357b1302c6a4154ebc,0xedf0c420bc3b92b961c6ec411cc810ca81f5f21a,USDT,semi_synthetic_unmatched,,,0,0
eth_flow_0x293d601afc46__r7fam15__inst01__synth_noise_src_0,bnb_flow_0xa05597497ce4__synth_noise_dst_0,2000.0,1999.1000000000001,261,one_to_one,0.2487,supervised_flow_pair,ETH,BNB,Multi,0x22648c12acd87912ea1710357b1302c6a4154ebc,0xedf0c420bc3b92b961c6ec411cc810ca81f5f21a,USDT,semi_synthetic_delay_noise,,,,
eth_flow_0x293d601afc46__r7fam15__inst01__synth_noise_src_1,bnb_flow_0xa05597497ce4__synth_noise_dst_1,2000.0,1999.1000000000001,321,one_to_one,0.2353,supervised_flow_pair,ETH,BNB,Multi,0x22648c12acd87912ea1710357b1302c6a4154ebc,0xedf0c420bc3b92b961c6ec411cc810ca81f5f21a,USDT,semi_synthetic_delay_noise,,,,
eth_flow_0xdadda465722f__r7fam16__inst00__synth_split_src,bnb_flow_0xe59774706925__synth_split_a,1642.87,821.435,260,one_to_many,0.95,supervised_flow_pair,ETH,BNB,Multi,0x22648c12acd87912ea1710357b1302c6a4154ebc,0xedf0c420bc3b92b961c6ec411cc810ca81f5f21a,USDT,semi_synthetic_split,1,821.435,821.435,
eth_flow_0xdadda465722f__r7fam16__inst00__synth_split_src,bnb_flow_0xe59774706925__synth_split_b,1642.87,821.435,260,one_to_many,0.95,supervised_flow_pair,ETH,BNB,Multi,0x22648c12acd87912ea1710357b1302c6a4154ebc,0xedf0c420bc3b92b961c6ec411cc810ca81f5f21a,USDT,semi_synthetic_split,1,821.435,821.435,
eth_flow_0xdadda465722f__r7fam16__inst00__synth_merge_src1,bnb_flow_0xe59774706925__synth_merge_dst,821.435,1642.87,260,many_to_one,1.0,supervised_flow_pair,ETH,BNB,Multi,0x22648c12acd87912ea1710357b1302c6a4154ebc,0xedf0c420bc3b92b961c6ec411cc810ca81f5f21a,USDT,semi_synthetic_merge,,821.435,821.435,
eth_flow_0xdadda465722f__r7fam16__inst00__synth_merge_src2,bnb_flow_0xe59774706925__synth_merge_dst,821.435,1642.87,260,many_to_one,1.0,supervised_flow_pair,ETH,BNB,Multi,0x22648c12acd87912ea1710357b1302c6a4154ebc,0xedf0c420bc3b92b961c6ec411cc810ca81f5f21a,USDT,semi_synthetic_merge,,821.435,821.435,
eth_flow_0xdadda465722f__r7fam16__inst00__synth_unmatched_src,bnb_flow_0xe59774706925__synth_hidden_dst,1642.87,0,260,one_to_one,0.2,supervised_flow_pair,ETH,BNB,Multi,0x22648c12acd87912ea1710357b1302c6a4154ebc,0xedf0c420bc3b92b961c6ec411cc810ca81f5f21a,USDT,semi_synthetic_unmatched,,,0,0
eth_flow_0xdadda465722f__r7fam16__inst00__synth_noise_src_0,bnb_flow_0xe59774706925__synth_noise_dst_0,1642.87,1641.97,320,one_to_one,0.2504,supervised_flow_pair,ETH,BNB,Multi,0x22648c12acd87912ea1710357b1302c6a4154ebc,0xedf0c420bc3b92b961c6ec411cc810ca81f5f21a,USDT,semi_synthetic_delay_noise,,,,
eth_flow_0xdadda465722f__r7fam16__inst00__synth_noise_src_1,bnb_flow_0xe59774706925__synth_noise_dst_1,1642.87,1641.97,380,one_to_one,0.2457,supervised_flow_pair,ETH,BNB,Multi,0x22648c12acd87912ea1710357b1302c6a4154ebc,0xedf0c420bc3b92b961c6ec411cc810ca81f5f21a,USDT,semi_synthetic_delay_noise,,,,
eth_flow_0x21ff35089129__r7fam16__inst01__synth_split_src,bnb_flow_0x91c513d8effe__synth_split_a,1830.0,915.0,298,one_to_many,0.95,supervised_flow_pair,ETH,BNB,Multi,0x22648c12acd87912ea1710357b1302c6a4154ebc,0xedf0c420bc3b92b961c6ec411cc810ca81f5f21a,USDT,semi_synthetic_split,1,915.0,915.0,
eth_flow_0x21ff35089129__r7fam16__inst01__synth_split_src,bnb_flow_0x91c513d8effe__synth_split_b,1830.0,915.0,298,one_to_many,0.95,supervised_flow_pair,ETH,BNB,Multi,0x22648c12acd87912ea1710357b1302c6a4154ebc,0xedf0c420bc3b92b961c6ec411cc810ca81f5f21a,USDT,semi_synthetic_split,1,915.0,915.0,
eth_flow_0x21ff35089129__r7fam16__inst01__synth_merge_src1,bnb_flow_0x91c513d8effe__synth_merge_dst,915.0,1830.0,298,many_to_one,1.0,supervised_flow_pair,ETH,BNB,Multi,0x22648c12acd87912ea1710357b1302c6a4154ebc,0xedf0c420bc3b92b961c6ec411cc810ca81f5f21a,USDT,semi_synthetic_merge,,915.0,915.0,
eth_flow_0x21ff35089129__r7fam16__inst01__synth_merge_src2,bnb_flow_0x91c513d8effe__synth_merge_dst,915.0,1830.0,298,many_to_one,1.0,supervised_flow_pair,ETH,BNB,Multi,0x22648c12acd87912ea1710357b1302c6a4154ebc,0xedf0c420bc3b92b961c6ec411cc810ca81f5f21a,USDT,semi_synthetic_merge,,915.0,915.0,
eth_flow_0x21ff35089129__r7fam16__inst01__synth_unmatched_src,bnb_flow_0x91c513d8effe__synth_hidden_dst,1830.0,0,298,one_to_one,0.2,supervised_flow_pair,ETH,BNB,Multi,0x22648c12acd87912ea1710357b1302c6a4154ebc,0xedf0c420bc3b92b961c6ec411cc810ca81f5f21a,USDT,semi_synthetic_unmatched,,,0,0
eth_flow_0x21ff35089129__r7fam16__inst01__synth_noise_src_0,bnb_flow_0x91c513d8effe__synth_noise_dst_0,1830.0,1829.1000000000001,358,one_to_one,0.2554,supervised_flow_pair,ETH,BNB,Multi,0x22648c12acd87912ea1710357b1302c6a4154ebc,0xedf0c420bc3b92b961c6ec411cc810ca81f5f21a,USDT,semi_synthetic_delay_noise,,,,
eth_flow_0x21ff35089129__r7fam16__inst01__synth_noise_src_1,bnb_flow_0x91c513d8effe__synth_noise_dst_1,1830.0,1829.1000000000001,418,one_to_one,0.2451,supervised_flow_pair,ETH,BNB,Multi,0x22648c12acd87912ea1710357b1302c6a4154ebc,0xedf0c420bc3b92b961c6ec411cc810ca81f5f21a,USDT,semi_synthetic_delay_noise,,,,
eth_flow_0x83e96ec0ab88__r7fam17__inst00__synth_split_src,bnb_flow_0x29139e6554d8__synth_split_a,2300.0,1150.0,736,one_to_many,0.95,supervised_flow_pair,ETH,BNB,Multi,0x22648c12acd87912ea1710357b1302c6a4154ebc,0xedf0c420bc3b92b961c6ec411cc810ca81f5f21a,USDT,semi_synthetic_split,1,1150.0,1150.0,
eth_flow_0x83e96ec0ab88__r7fam17__inst00__synth_split_src,bnb_flow_0x29139e6554d8__synth_split_b,2300.0,1150.0,736,one_to_many,0.95,supervised_flow_pair,ETH,BNB,Multi,0x22648c12acd87912ea1710357b1302c6a4154ebc,0xedf0c420bc3b92b961c6ec411cc810ca81f5f21a,USDT,semi_synthetic_split,1,1150.0,1150.0,
eth_flow_0x83e96ec0ab88__r7fam17__inst00__synth_merge_src1,bnb_flow_0x29139e6554d8__synth_merge_dst,1150.0,2300.0,736,many_to_one,1.0,supervised_flow_pair,ETH,BNB,Multi,0x22648c12acd87912ea1710357b1302c6a4154ebc,0xedf0c420bc3b92b961c6ec411cc810ca81f5f21a,USDT,semi_synthetic_merge,,1150.0,1150.0,
eth_flow_0x83e96ec0ab88__r7fam17__inst00__synth_merge_src2,bnb_flow_0x29139e6554d8__synth_merge_dst,1150.0,2300.0,736,many_to_one,1.0,supervised_flow_pair,ETH,BNB,Multi,0x22648c12acd87912ea1710357b1302c6a4154ebc,0xedf0c420bc3b92b961c6ec411cc810ca81f5f21a,USDT,semi_synthetic_merge,,1150.0,1150.0,
eth_flow_0x83e96ec0ab88__r7fam17__inst00__synth_unmatched_src,bnb_flow_0x29139e6554d8__synth_hidden_dst,2300.0,0,736,one_to_one,0.2,supervised_flow_pair,ETH,BNB,Multi,0x22648c12acd87912ea1710357b1302c6a4154ebc,0xedf0c420bc3b92b961c6ec411cc810ca81f5f21a,USDT,semi_synthetic_unmatched,,,0,0
eth_flow_0x83e96ec0ab88__r7fam17__inst00__synth_noise_src_0,bnb_flow_0x29139e6554d8__synth_noise_dst_0,2300.0,2299.1,796,one_to_one,0.2369,supervised_flow_pair,ETH,BNB,Multi,0x22648c12acd87912ea1710357b1302c6a4154ebc,0xedf0c420bc3b92b961c6ec411cc810ca81f5f21a,USDT,semi_synthetic_delay_noise,,,,
eth_flow_0x83e96ec0ab88__r7fam17__inst00__synth_noise_src_1,bnb_flow_0x29139e6554d8__synth_noise_dst_1,2300.0,2299.1,856,one_to_one,0.2224,supervised_flow_pair,ETH,BNB,Multi,0x22648c12acd87912ea1710357b1302c6a4154ebc,0xedf0c420bc3b92b961c6ec411cc810ca81f5f21a,USDT,semi_synthetic_delay_noise,,,,
eth_flow_0x94a250c684de__r7fam17__inst01__synth_split_src,bnb_flow_0xe1f5de1124bb__synth_split_a,4000.0,1333.3333333333333,3246,one_to_many,0.95,supervised_flow_pair,ETH,BNB,Multi,0x22648c12acd87912ea1710357b1302c6a4154ebc,0xedf0c420bc3b92b961c6ec411cc810ca81f5f21a,USDT,semi_synthetic_split,1,1333.3333333333333,1333.3333333333333,
eth_flow_0x94a250c684de__r7fam17__inst01__synth_split_src,bnb_flow_0xe1f5de1124bb__synth_split_b,4000.0,1333.3333333333333,3246,one_to_many,0.95,supervised_flow_pair,ETH,BNB,Multi,0x22648c12acd87912ea1710357b1302c6a4154ebc,0xedf0c420bc3b92b961c6ec411cc810ca81f5f21a,USDT,semi_synthetic_split,1,1333.3333333333333,1333.3333333333333,
eth_flow_0x94a250c684de__r7fam17__inst01__synth_split_src,bnb_flow_0xe1f5de1124bb__synth_split_c,4000.0,1333.3333333333333,3246,one_to_many,0.95,supervised_flow_pair,ETH,BNB,Multi,0x22648c12acd87912ea1710357b1302c6a4154ebc,0xedf0c420bc3b92b961c6ec411cc810ca81f5f21a,USDT,semi_synthetic_split,1,1333.3333333333333,1333.3333333333333,
eth_flow_0x94a250c684de__r7fam17__inst01__synth_merge_src1,bnb_flow_0xe1f5de1124bb__synth_merge_dst,2000.0,4000.0,3246,many_to_one,1.0,supervised_flow_pair,ETH,BNB,Multi,0x22648c12acd87912ea1710357b1302c6a4154ebc,0xedf0c420bc3b92b961c6ec411cc810ca81f5f21a,USDT,semi_synthetic_merge,,2000.0,2000.0,
eth_flow_0x94a250c684de__r7fam17__inst01__synth_merge_src2,bnb_flow_0xe1f5de1124bb__synth_merge_dst,2000.0,4000.0,3246,many_to_one,1.0,supervised_flow_pair,ETH,BNB,Multi,0x22648c12acd87912ea1710357b1302c6a4154ebc,0xedf0c420bc3b92b961c6ec411cc810ca81f5f21a,USDT,semi_synthetic_merge,,2000.0,2000.0,
eth_flow_0x94a250c684de__r7fam17__inst01__synth_unmatched_src,bnb_flow_0xe1f5de1124bb__synth_hidden_dst,4000.0,0,3246,one_to_one,0.2,supervised_flow_pair,ETH,BNB,Multi,0x22648c12acd87912ea1710357b1302c6a4154ebc,0xedf0c420bc3b92b961c6ec411cc810ca81f5f21a,USDT,semi_synthetic_unmatched,,,0,0
eth_flow_0x94a250c684de__r7fam17__inst01__synth_noise_src_0,bnb_flow_0xe1f5de1124bb__synth_noise_dst_0,4000.0,3999.1,3306,one_to_one,0.2362,supervised_flow_pair,ETH,BNB,Multi,0x22648c12acd87912ea1710357b1302c6a4154ebc,0xedf0c420bc3b92b961c6ec411cc810ca81f5f21a,USDT,semi_synthetic_delay_noise,,,,
eth_flow_0x94a250c684de__r7fam17__inst01__synth_noise_src_1,bnb_flow_0xe1f5de1124bb__synth_noise_dst_1,4000.0,3999.1,3366,one_to_one,0.2541,supervised_flow_pair,ETH,BNB,Multi,0x22648c12acd87912ea1710357b1302c6a4154ebc,0xedf0c420bc3b92b961c6ec411cc810ca81f5f21a,USDT,semi_synthetic_delay_noise,,,,
eth_flow_0x02a753c779f7__r7fam18__inst00__synth_split_src,bnb_flow_0x1b236e9ee05a__synth_split_a,40725.0,20362.5,-125,one_to_many,0.95,supervised_flow_pair,ETH,BNB,Multi,0x22648c12acd87912ea1710357b1302c6a4154ebc,0xedf0c420bc3b92b961c6ec411cc810ca81f5f21a,USDT,semi_synthetic_split,1,20362.5,20362.5,
eth_flow_0x02a753c779f7__r7fam18__inst00__synth_split_src,bnb_flow_0x1b236e9ee05a__synth_split_b,40725.0,20362.5,-125,one_to_many,0.95,supervised_flow_pair,ETH,BNB,Multi,0x22648c12acd87912ea1710357b1302c6a4154ebc,0xedf0c420bc3b92b961c6ec411cc810ca81f5f21a,USDT,semi_synthetic_split,1,20362.5,20362.5,
eth_flow_0x02a753c779f7__r7fam18__inst00__synth_merge_src1,bnb_flow_0x1b236e9ee05a__synth_merge_dst,20362.5,40725.0,-125,many_to_one,1.0,supervised_flow_pair,ETH,BNB,Multi,0x22648c12acd87912ea1710357b1302c6a4154ebc,0xedf0c420bc3b92b961c6ec411cc810ca81f5f21a,USDT,semi_synthetic_merge,,20362.5,20362.5,
eth_flow_0x02a753c779f7__r7fam18__inst00__synth_merge_src2,bnb_flow_0x1b236e9ee05a__synth_merge_dst,20362.5,40725.0,-125,many_to_one,1.0,supervised_flow_pair,ETH,BNB,Multi,0x22648c12acd87912ea1710357b1302c6a4154ebc,0xedf0c420bc3b92b961c6ec411cc810ca81f5f21a,USDT,semi_synthetic_merge,,20362.5,20362.5,
eth_flow_0x02a753c779f7__r7fam18__inst00__synth_unmatched_src,bnb_flow_0x1b236e9ee05a__synth_hidden_dst,40725.0,0,-125,one_to_one,0.2,supervised_flow_pair,ETH,BNB,Multi,0x22648c12acd87912ea1710357b1302c6a4154ebc,0xedf0c420bc3b92b961c6ec411cc810ca81f5f21a,USDT,semi_synthetic_unmatched,,,0,0
eth_flow_0x02a753c779f7__r7fam18__inst00__synth_noise_src_0,bnb_flow_0x1b236e9ee05a__synth_noise_dst_0,40725.0,40724.100000000006,-65,one_to_one,0.2231,supervised_flow_pair,ETH,BNB,Multi,0x22648c12acd87912ea1710357b1302c6a4154ebc,0xedf0c420bc3b92b961c6ec411cc810ca81f5f21a,USDT,semi_synthetic_delay_noise,,,,
eth_flow_0x02a753c779f7__r7fam18__inst00__synth_noise_src_1,bnb_flow_0x1b236e9ee05a__synth_noise_dst_1,40725.0,40724.100000000006,-5,one_to_one,0.2577,supervised_flow_pair,ETH,BNB,Multi,0x22648c12acd87912ea1710357b1302c6a4154ebc,0xedf0c420bc3b92b961c6ec411cc810ca81f5f21a,USDT,semi_synthetic_delay_noise,,,,
eth_flow_0x0fff0b706f91__r7fam18__inst01__synth_split_src,bnb_flow_0x32d9f113b2ae__synth_split_a,10000.0,3333.3333333333335,-1068,one_to_many,0.95,supervised_flow_pair,ETH,BNB,Multi,0x22648c12acd87912ea1710357b1302c6a4154ebc,0xedf0c420bc3b92b961c6ec411cc810ca81f5f21a,USDT,semi_synthetic_split,1,3333.3333333333335,3333.3333333333335,
eth_flow_0x0fff0b706f91__r7fam18__inst01__synth_split_src,bnb_flow_0x32d9f113b2ae__synth_split_b,10000.0,3333.3333333333335,-1068,one_to_many,0.95,supervised_flow_pair,ETH,BNB,Multi,0x22648c12acd87912ea1710357b1302c6a4154ebc,0xedf0c420bc3b92b961c6ec411cc810ca81f5f21a,USDT,semi_synthetic_split,1,3333.3333333333335,3333.3333333333335,
eth_flow_0x0fff0b706f91__r7fam18__inst01__synth_split_src,bnb_flow_0x32d9f113b2ae__synth_split_c,10000.0,3333.3333333333335,-1068,one_to_many,0.95,supervised_flow_pair,ETH,BNB,Multi,0x22648c12acd87912ea1710357b1302c6a4154ebc,0xedf0c420bc3b92b961c6ec411cc810ca81f5f21a,USDT,semi_synthetic_split,1,3333.3333333333335,3333.3333333333335,
eth_flow_0x0fff0b706f91__r7fam18__inst01__synth_merge_src1,bnb_flow_0x32d9f113b2ae__synth_merge_dst,5000.0,10000.0,-1068,many_to_one,1.0,supervised_flow_pair,ETH,BNB,Multi,0x22648c12acd87912ea1710357b1302c6a4154ebc,0xedf0c420bc3b92b961c6ec411cc810ca81f5f21a,USDT,semi_synthetic_merge,,5000.0,5000.0,
eth_flow_0x0fff0b706f91__r7fam18__inst01__synth_merge_src2,bnb_flow_0x32d9f113b2ae__synth_merge_dst,5000.0,10000.0,-1068,many_to_one,1.0,supervised_flow_pair,ETH,BNB,Multi,0x22648c12acd87912ea1710357b1302c6a4154ebc,0xedf0c420bc3b92b961c6ec411cc810ca81f5f21a,USDT,semi_synthetic_merge,,5000.0,5000.0,
eth_flow_0x0fff0b706f91__r7fam18__inst01__synth_unmatched_src,bnb_flow_0x32d9f113b2ae__synth_hidden_dst,10000.0,0,-1068,one_to_one,0.2,supervised_flow_pair,ETH,BNB,Multi,0x22648c12acd87912ea1710357b1302c6a4154ebc,0xedf0c420bc3b92b961c6ec411cc810ca81f5f21a,USDT,semi_synthetic_unmatched,,,0,0
eth_flow_0x0fff0b706f91__r7fam18__inst01__synth_noise_src_0,bnb_flow_0x32d9f113b2ae__synth_noise_dst_0,10000.0,9999.1,-1008,one_to_one,0.2217,supervised_flow_pair,ETH,BNB,Multi,0x22648c12acd87912ea1710357b1302c6a4154ebc,0xedf0c420bc3b92b961c6ec411cc810ca81f5f21a,USDT,semi_synthetic_delay_noise,,,,
eth_flow_0x0fff0b706f91__r7fam18__inst01__synth_noise_src_1,bnb_flow_0x32d9f113b2ae__synth_noise_dst_1,10000.0,9999.1,-948,one_to_one,0.2502,supervised_flow_pair,ETH,BNB,Multi,0x22648c12acd87912ea1710357b1302c6a4154ebc,0xedf0c420bc3b92b961c6ec411cc810ca81f5f21a,USDT,semi_synthetic_delay_noise,,,,
eth_flow_0x5135b4f5fd81__r7fam19__inst00__synth_split_src,bnb_flow_0x2c512273a07f__synth_split_a,6600.0,3300.0,-35,one_to_many,0.95,supervised_flow_pair,ETH,BNB,Multi,0x22648c12acd87912ea1710357b1302c6a4154ebc,0xedf0c420bc3b92b961c6ec411cc810ca81f5f21a,USDT,semi_synthetic_split,1,3300.0,3300.0,
eth_flow_0x5135b4f5fd81__r7fam19__inst00__synth_split_src,bnb_flow_0x2c512273a07f__synth_split_b,6600.0,3300.0,-35,one_to_many,0.95,supervised_flow_pair,ETH,BNB,Multi,0x22648c12acd87912ea1710357b1302c6a4154ebc,0xedf0c420bc3b92b961c6ec411cc810ca81f5f21a,USDT,semi_synthetic_split,1,3300.0,3300.0,
eth_flow_0x5135b4f5fd81__r7fam19__inst00__synth_merge_src1,bnb_flow_0x2c512273a07f__synth_merge_dst,3300.0,6600.0,-35,many_to_one,1.0,supervised_flow_pair,ETH,BNB,Multi,0x22648c12acd87912ea1710357b1302c6a4154ebc,0xedf0c420bc3b92b961c6ec411cc810ca81f5f21a,USDT,semi_synthetic_merge,,3300.0,3300.0,
eth_flow_0x5135b4f5fd81__r7fam19__inst00__synth_merge_src2,bnb_flow_0x2c512273a07f__synth_merge_dst,3300.0,6600.0,-35,many_to_one,1.0,supervised_flow_pair,ETH,BNB,Multi,0x22648c12acd87912ea1710357b1302c6a4154ebc,0xedf0c420bc3b92b961c6ec411cc810ca81f5f21a,USDT,semi_synthetic_merge,,3300.0,3300.0,
eth_flow_0x5135b4f5fd81__r7fam19__inst00__synth_unmatched_src,bnb_flow_0x2c512273a07f__synth_hidden_dst,6600.0,0,-35,one_to_one,0.2,supervised_flow_pair,ETH,BNB,Multi,0x22648c12acd87912ea1710357b1302c6a4154ebc,0xedf0c420bc3b92b961c6ec411cc810ca81f5f21a,USDT,semi_synthetic_unmatched,,,0,0
eth_flow_0x5135b4f5fd81__r7fam19__inst00__synth_noise_src_0,bnb_flow_0x2c512273a07f__synth_noise_dst_0,6600.0,6599.099999999999,25,one_to_one,0.2239,supervised_flow_pair,ETH,BNB,Multi,0x22648c12acd87912ea1710357b1302c6a4154ebc,0xedf0c420bc3b92b961c6ec411cc810ca81f5f21a,USDT,semi_synthetic_delay_noise,,,,
eth_flow_0x5135b4f5fd81__r7fam19__inst00__synth_noise_src_1,bnb_flow_0x2c512273a07f__synth_noise_dst_1,6600.0,6599.099999999999,85,one_to_one,0.2222,supervised_flow_pair,ETH,BNB,Multi,0x22648c12acd87912ea1710357b1302c6a4154ebc,0xedf0c420bc3b92b961c6ec411cc810ca81f5f21a,USDT,semi_synthetic_delay_noise,,,,
eth_flow_0x4dad3c66f7b1__r7fam19__inst01__synth_split_src,bnb_flow_0x3ba4a4ea27d5__synth_split_a,5016.0,2508.0,-43,one_to_many,0.95,supervised_flow_pair,ETH,BNB,Multi,0x22648c12acd87912ea1710357b1302c6a4154ebc,0xedf0c420bc3b92b961c6ec411cc810ca81f5f21a,USDT,semi_synthetic_split,1,2508.0,2508.0,
eth_flow_0x4dad3c66f7b1__r7fam19__inst01__synth_split_src,bnb_flow_0x3ba4a4ea27d5__synth_split_b,5016.0,2508.0,-43,one_to_many,0.95,supervised_flow_pair,ETH,BNB,Multi,0x22648c12acd87912ea1710357b1302c6a4154ebc,0xedf0c420bc3b92b961c6ec411cc810ca81f5f21a,USDT,semi_synthetic_split,1,2508.0,2508.0,
eth_flow_0x4dad3c66f7b1__r7fam19__inst01__synth_merge_src1,bnb_flow_0x3ba4a4ea27d5__synth_merge_dst,2508.0,5016.0,-43,many_to_one,1.0,supervised_flow_pair,ETH,BNB,Multi,0x22648c12acd87912ea1710357b1302c6a4154ebc,0xedf0c420bc3b92b961c6ec411cc810ca81f5f21a,USDT,semi_synthetic_merge,,2508.0,2508.0,
eth_flow_0x4dad3c66f7b1__r7fam19__inst01__synth_merge_src2,bnb_flow_0x3ba4a4ea27d5__synth_merge_dst,2508.0,5016.0,-43,many_to_one,1.0,supervised_flow_pair,ETH,BNB,Multi,0x22648c12acd87912ea1710357b1302c6a4154ebc,0xedf0c420bc3b92b961c6ec411cc810ca81f5f21a,USDT,semi_synthetic_merge,,2508.0,2508.0,
eth_flow_0x4dad3c66f7b1__r7fam19__inst01__synth_unmatched_src,bnb_flow_0x3ba4a4ea27d5__synth_hidden_dst,5016.0,0,-43,one_to_one,0.2,supervised_flow_pair,ETH,BNB,Multi,0x22648c12acd87912ea1710357b1302c6a4154ebc,0xedf0c420bc3b92b961c6ec411cc810ca81f5f21a,USDT,semi_synthetic_unmatched,,,0,0
eth_flow_0x4dad3c66f7b1__r7fam19__inst01__synth_noise_src_0,bnb_flow_0x3ba4a4ea27d5__synth_noise_dst_0,5016.0,5015.099999999999,17,one_to_one,0.2543,supervised_flow_pair,ETH,BNB,Multi,0x22648c12acd87912ea1710357b1302c6a4154ebc,0xedf0c420bc3b92b961c6ec411cc810ca81f5f21a,USDT,semi_synthetic_delay_noise,,,,
eth_flow_0x4dad3c66f7b1__r7fam19__inst01__synth_noise_src_1,bnb_flow_0x3ba4a4ea27d5__synth_noise_dst_1,5016.0,5015.099999999999,77,one_to_one,0.222,supervised_flow_pair,ETH,BNB,Multi,0x22648c12acd87912ea1710357b1302c6a4154ebc,0xedf0c420bc3b92b961c6ec411cc810ca81f5f21a,USDT,semi_synthetic_delay_noise,,,,
eth_flow_0x0a7c64b6f313__r7fam20__inst00__synth_split_src,bnb_flow_0xca66c6dc981e__synth_split_a,7382.725723071828,1476.5451446143657,149,one_to_many,0.95,supervised_flow_pair,ETH,BNB,Multi,0x0615dbba33fe61a31c7ed131bda6655ed76748b1,0xdebb1d6a2196f2335ad51fbde7ca587205889360,WETH_ETH,semi_synthetic_split,1,1476.5451446143657,1476.5451446143657,
eth_flow_0x0a7c64b6f313__r7fam20__inst00__synth_split_src,bnb_flow_0xca66c6dc981e__synth_split_b,7382.725723071828,1476.5451446143657,149,one_to_many,0.95,supervised_flow_pair,ETH,BNB,Multi,0x0615dbba33fe61a31c7ed131bda6655ed76748b1,0xdebb1d6a2196f2335ad51fbde7ca587205889360,WETH_ETH,semi_synthetic_split,1,1476.5451446143657,1476.5451446143657,
eth_flow_0x0a7c64b6f313__r7fam20__inst00__synth_split_src,bnb_flow_0xca66c6dc981e__synth_split_c,7382.725723071828,1476.5451446143657,149,one_to_many,0.95,supervised_flow_pair,ETH,BNB,Multi,0x0615dbba33fe61a31c7ed131bda6655ed76748b1,0xdebb1d6a2196f2335ad51fbde7ca587205889360,WETH_ETH,semi_synthetic_split,1,1476.5451446143657,1476.5451446143657,
eth_flow_0x0a7c64b6f313__r7fam20__inst00__synth_split_src,bnb_flow_0xca66c6dc981e__synth_split_d,7382.725723071828,1476.5451446143657,149,one_to_many,0.95,supervised_flow_pair,ETH,BNB,Multi,0x0615dbba33fe61a31c7ed131bda6655ed76748b1,0xdebb1d6a2196f2335ad51fbde7ca587205889360,WETH_ETH,semi_synthetic_split,1,1476.5451446143657,1476.5451446143657,
eth_flow_0x0a7c64b6f313__r7fam20__inst00__synth_split_src,bnb_flow_0xca66c6dc981e__synth_split_e,7382.725723071828,1476.5451446143657,149,one_to_many,0.95,supervised_flow_pair,ETH,BNB,Multi,0x0615dbba33fe61a31c7ed131bda6655ed76748b1,0xdebb1d6a2196f2335ad51fbde7ca587205889360,WETH_ETH,semi_synthetic_split,1,1476.5451446143657,1476.5451446143657,
eth_flow_0x0a7c64b6f313__r7fam20__inst00__synth_merge_src1,bnb_flow_0xca66c6dc981e__synth_merge_dst,3691.362861535914,7382.725723071828,149,many_to_one,1.0,supervised_flow_pair,ETH,BNB,Multi,0x0615dbba33fe61a31c7ed131bda6655ed76748b1,0xdebb1d6a2196f2335ad51fbde7ca587205889360,WETH_ETH,semi_synthetic_merge,,3691.362861535914,3691.362861535914,
eth_flow_0x0a7c64b6f313__r7fam20__inst00__synth_merge_src2,bnb_flow_0xca66c6dc981e__synth_merge_dst,3691.362861535914,7382.725723071828,149,many_to_one,1.0,supervised_flow_pair,ETH,BNB,Multi,0x0615dbba33fe61a31c7ed131bda6655ed76748b1,0xdebb1d6a2196f2335ad51fbde7ca587205889360,WETH_ETH,semi_synthetic_merge,,3691.362861535914,3691.362861535914,
eth_flow_0x0a7c64b6f313__r7fam20__inst00__synth_unmatched_src,bnb_flow_0xca66c6dc981e__synth_hidden_dst,7382.725723071828,0,149,one_to_one,0.2,supervised_flow_pair,ETH,BNB,Multi,0x0615dbba33fe61a31c7ed131bda6655ed76748b1,0xdebb1d6a2196f2335ad51fbde7ca587205889360,WETH_ETH,semi_synthetic_unmatched,,,0,0
eth_flow_0x0a7c64b6f313__r7fam20__inst00__synth_noise_src_0,bnb_flow_0xca66c6dc981e__synth_noise_dst_0,7382.725723071828,7381.9874504995205,209,one_to_one,0.2371,supervised_flow_pair,ETH,BNB,Multi,0x0615dbba33fe61a31c7ed131bda6655ed76748b1,0xdebb1d6a2196f2335ad51fbde7ca587205889360,WETH_ETH,semi_synthetic_delay_noise,,,,
eth_flow_0x0a7c64b6f313__r7fam20__inst00__synth_noise_src_1,bnb_flow_0xca66c6dc981e__synth_noise_dst_1,7382.725723071828,7381.9874504995205,269,one_to_one,0.2478,supervised_flow_pair,ETH,BNB,Multi,0x0615dbba33fe61a31c7ed131bda6655ed76748b1,0xdebb1d6a2196f2335ad51fbde7ca587205889360,WETH_ETH,semi_synthetic_delay_noise,,,,
eth_flow_0x7da591204d1d__r7fam20__inst01__synth_split_src,bnb_flow_0x9eb44e4007df__synth_split_a,17576.1,8788.05,147,one_to_many,0.95,supervised_flow_pair,ETH,BNB,Multi,0x22648c12acd87912ea1710357b1302c6a4154ebc,0xedf0c420bc3b92b961c6ec411cc810ca81f5f21a,USDT,semi_synthetic_split,1,8788.05,8788.05,
eth_flow_0x7da591204d1d__r7fam20__inst01__synth_split_src,bnb_flow_0x9eb44e4007df__synth_split_b,17576.1,8788.05,147,one_to_many,0.95,supervised_flow_pair,ETH,BNB,Multi,0x22648c12acd87912ea1710357b1302c6a4154ebc,0xedf0c420bc3b92b961c6ec411cc810ca81f5f21a,USDT,semi_synthetic_split,1,8788.05,8788.05,
eth_flow_0x7da591204d1d__r7fam20__inst01__synth_merge_src1,bnb_flow_0x9eb44e4007df__synth_merge_dst,8788.05,17576.1,147,many_to_one,1.0,supervised_flow_pair,ETH,BNB,Multi,0x22648c12acd87912ea1710357b1302c6a4154ebc,0xedf0c420bc3b92b961c6ec411cc810ca81f5f21a,USDT,semi_synthetic_merge,,8788.05,8788.05,
eth_flow_0x7da591204d1d__r7fam20__inst01__synth_merge_src2,bnb_flow_0x9eb44e4007df__synth_merge_dst,8788.05,17576.1,147,many_to_one,1.0,supervised_flow_pair,ETH,BNB,Multi,0x22648c12acd87912ea1710357b1302c6a4154ebc,0xedf0c420bc3b92b961c6ec411cc810ca81f5f21a,USDT,semi_synthetic_merge,,8788.05,8788.05,
eth_flow_0x7da591204d1d__r7fam20__inst01__synth_unmatched_src,bnb_flow_0x9eb44e4007df__synth_hidden_dst,17576.1,0,147,one_to_one,0.2,supervised_flow_pair,ETH,BNB,Multi,0x22648c12acd87912ea1710357b1302c6a4154ebc,0xedf0c420bc3b92b961c6ec411cc810ca81f5f21a,USDT,semi_synthetic_unmatched,,,0,0
eth_flow_0x7da591204d1d__r7fam20__inst01__synth_noise_src_0,bnb_flow_0x9eb44e4007df__synth_noise_dst_0,17576.1,17575.2,207,one_to_one,0.2326,supervised_flow_pair,ETH,BNB,Multi,0x22648c12acd87912ea1710357b1302c6a4154ebc,0xedf0c420bc3b92b961c6ec411cc810ca81f5f21a,USDT,semi_synthetic_delay_noise,,,,
eth_flow_0x7da591204d1d__r7fam20__inst01__synth_noise_src_1,bnb_flow_0x9eb44e4007df__synth_noise_dst_1,17576.1,17575.2,267,one_to_one,0.2494,supervised_flow_pair,ETH,BNB,Multi,0x22648c12acd87912ea1710357b1302c6a4154ebc,0xedf0c420bc3b92b961c6ec411cc810ca81f5f21a,USDT,semi_synthetic_delay_noise,,,,
eth_flow_0x22b0a2dfd236__r7fam21__inst00__synth_split_src,bnb_flow_0x237ffde4444f__synth_split_a,10886.0,3628.6666666666665,237,one_to_many,0.95,supervised_flow_pair,ETH,BNB,Multi,0x22648c12acd87912ea1710357b1302c6a4154ebc,0xedf0c420bc3b92b961c6ec411cc810ca81f5f21a,USDT,semi_synthetic_split,1,3628.6666666666665,3628.6666666666665,
eth_flow_0x22b0a2dfd236__r7fam21__inst00__synth_split_src,bnb_flow_0x237ffde4444f__synth_split_b,10886.0,3628.6666666666665,237,one_to_many,0.95,supervised_flow_pair,ETH,BNB,Multi,0x22648c12acd87912ea1710357b1302c6a4154ebc,0xedf0c420bc3b92b961c6ec411cc810ca81f5f21a,USDT,semi_synthetic_split,1,3628.6666666666665,3628.6666666666665,
eth_flow_0x22b0a2dfd236__r7fam21__inst00__synth_split_src,bnb_flow_0x237ffde4444f__synth_split_c,10886.0,3628.6666666666665,237,one_to_many,0.95,supervised_flow_pair,ETH,BNB,Multi,0x22648c12acd87912ea1710357b1302c6a4154ebc,0xedf0c420bc3b92b961c6ec411cc810ca81f5f21a,USDT,semi_synthetic_split,1,3628.6666666666665,3628.6666666666665,
eth_flow_0x22b0a2dfd236__r7fam21__inst00__synth_merge_src1,bnb_flow_0x237ffde4444f__synth_merge_dst,5443.0,10886.0,237,many_to_one,1.0,supervised_flow_pair,ETH,BNB,Multi,0x22648c12acd87912ea1710357b1302c6a4154ebc,0xedf0c420bc3b92b961c6ec411cc810ca81f5f21a,USDT,semi_synthetic_merge,,5443.0,5443.0,
eth_flow_0x22b0a2dfd236__r7fam21__inst00__synth_merge_src2,bnb_flow_0x237ffde4444f__synth_merge_dst,5443.0,10886.0,237,many_to_one,1.0,supervised_flow_pair,ETH,BNB,Multi,0x22648c12acd87912ea1710357b1302c6a4154ebc,0xedf0c420bc3b92b961c6ec411cc810ca81f5f21a,USDT,semi_synthetic_merge,,5443.0,5443.0,
eth_flow_0x22b0a2dfd236__r7fam21__inst00__synth_unmatched_src,bnb_flow_0x237ffde4444f__synth_hidden_dst,10886.0,0,237,one_to_one,0.2,supervised_flow_pair,ETH,BNB,Multi,0x22648c12acd87912ea1710357b1302c6a4154ebc,0xedf0c420bc3b92b961c6ec411cc810ca81f5f21a,USDT,semi_synthetic_unmatched,,,0,0
eth_flow_0x22b0a2dfd236__r7fam21__inst00__synth_noise_src_0,bnb_flow_0x237ffde4444f__synth_noise_dst_0,10886.0,10885.1,297,one_to_one,0.2258,supervised_flow_pair,ETH,BNB,Multi,0x22648c12acd87912ea1710357b1302c6a4154ebc,0xedf0c420bc3b92b961c6ec411cc810ca81f5f21a,USDT,semi_synthetic_delay_noise,,,,
eth_flow_0x22b0a2dfd236__r7fam21__inst00__synth_noise_src_1,bnb_flow_0x237ffde4444f__synth_noise_dst_1,10886.0,10885.1,357,one_to_one,0.2349,supervised_flow_pair,ETH,BNB,Multi,0x22648c12acd87912ea1710357b1302c6a4154ebc,0xedf0c420bc3b92b961c6ec411cc810ca81f5f21a,USDT,semi_synthetic_delay_noise,,,,
eth_flow_0x913a7751f7b0__r7fam21__inst01__synth_split_src,bnb_flow_0x29e5fe07237e__synth_split_a,12304.54287178638,3076.135717946595,244,one_to_many,0.95,supervised_flow_pair,ETH,BNB,Multi,0x0615dbba33fe61a31c7ed131bda6655ed76748b1,0xdebb1d6a2196f2335ad51fbde7ca587205889360,WETH_ETH,semi_synthetic_split,1,3076.135717946595,3076.135717946595,
eth_flow_0x913a7751f7b0__r7fam21__inst01__synth_split_src,bnb_flow_0x29e5fe07237e__synth_split_b,12304.54287178638,3076.135717946595,244,one_to_many,0.95,supervised_flow_pair,ETH,BNB,Multi,0x0615dbba33fe61a31c7ed131bda6655ed76748b1,0xdebb1d6a2196f2335ad51fbde7ca587205889360,WETH_ETH,semi_synthetic_split,1,3076.135717946595,3076.135717946595,
eth_flow_0x913a7751f7b0__r7fam21__inst01__synth_split_src,bnb_flow_0x29e5fe07237e__synth_split_c,12304.54287178638,3076.135717946595,244,one_to_many,0.95,supervised_flow_pair,ETH,BNB,Multi,0x0615dbba33fe61a31c7ed131bda6655ed76748b1,0xdebb1d6a2196f2335ad51fbde7ca587205889360,WETH_ETH,semi_synthetic_split,1,3076.135717946595,3076.135717946595,
eth_flow_0x913a7751f7b0__r7fam21__inst01__synth_split_src,bnb_flow_0x29e5fe07237e__synth_split_d,12304.54287178638,3076.135717946595,244,one_to_many,0.95,supervised_flow_pair,ETH,BNB,Multi,0x0615dbba33fe61a31c7ed131bda6655ed76748b1,0xdebb1d6a2196f2335ad51fbde7ca587205889360,WETH_ETH,semi_synthetic_split,1,3076.135717946595,3076.135717946595,
eth_flow_0x913a7751f7b0__r7fam21__inst01__synth_merge_src1,bnb_flow_0x29e5fe07237e__synth_merge_dst,6152.27143589319,12304.54287178638,244,many_to_one,1.0,supervised_flow_pair,ETH,BNB,Multi,0x0615dbba33fe61a31c7ed131bda6655ed76748b1,0xdebb1d6a2196f2335ad51fbde7ca587205889360,WETH_ETH,semi_synthetic_merge,,6152.27143589319,6152.27143589319,
eth_flow_0x913a7751f7b0__r7fam21__inst01__synth_merge_src2,bnb_flow_0x29e5fe07237e__synth_merge_dst,6152.27143589319,12304.54287178638,244,many_to_one,1.0,supervised_flow_pair,ETH,BNB,Multi,0x0615dbba33fe61a31c7ed131bda6655ed76748b1,0xdebb1d6a2196f2335ad51fbde7ca587205889360,WETH_ETH,semi_synthetic_merge,,6152.27143589319,6152.27143589319,
eth_flow_0x913a7751f7b0__r7fam21__inst01__synth_unmatched_src,bnb_flow_0x29e5fe07237e__synth_hidden_dst,12304.54287178638,0,244,one_to_one,0.2,supervised_flow_pair,ETH,BNB,Multi,0x0615dbba33fe61a31c7ed131bda6655ed76748b1,0xdebb1d6a2196f2335ad51fbde7ca587205889360,WETH_ETH,semi_synthetic_unmatched,,,0,0
eth_flow_0x913a7751f7b0__r7fam21__inst01__synth_noise_src_0,bnb_flow_0x29e5fe07237e__synth_noise_dst_0,12304.54287178638,12303.804599214072,304,one_to_one,0.2413,supervised_flow_pair,ETH,BNB,Multi,0x0615dbba33fe61a31c7ed131bda6655ed76748b1,0xdebb1d6a2196f2335ad51fbde7ca587205889360,WETH_ETH,semi_synthetic_delay_noise,,,,
eth_flow_0x913a7751f7b0__r7fam21__inst01__synth_noise_src_1,bnb_flow_0x29e5fe07237e__synth_noise_dst_1,12304.54287178638,12303.804599214072,364,one_to_one,0.2235,supervised_flow_pair,ETH,BNB,Multi,0x0615dbba33fe61a31c7ed131bda6655ed76748b1,0xdebb1d6a2196f2335ad51fbde7ca587205889360,WETH_ETH,semi_synthetic_delay_noise,,,,
eth_flow_0x01ccaf758240__r7fam22__inst00__synth_split_src,bnb_flow_0xa1d5266c72e1__synth_split_a,6229.54,3114.77,386,one_to_many,0.95,supervised_flow_pair,ETH,BNB,Multi,0x22648c12acd87912ea1710357b1302c6a4154ebc,0xedf0c420bc3b92b961c6ec411cc810ca81f5f21a,USDT,semi_synthetic_split,1,3114.77,3114.77,
eth_flow_0x01ccaf758240__r7fam22__inst00__synth_split_src,bnb_flow_0xa1d5266c72e1__synth_split_b,6229.54,3114.77,386,one_to_many,0.95,supervised_flow_pair,ETH,BNB,Multi,0x22648c12acd87912ea1710357b1302c6a4154ebc,0xedf0c420bc3b92b961c6ec411cc810ca81f5f21a,USDT,semi_synthetic_split,1,3114.77,3114.77,
eth_flow_0x01ccaf758240__r7fam22__inst00__synth_merge_src1,bnb_flow_0xa1d5266c72e1__synth_merge_dst,3114.77,6229.54,386,many_to_one,1.0,supervised_flow_pair,ETH,BNB,Multi,0x22648c12acd87912ea1710357b1302c6a4154ebc,0xedf0c420bc3b92b961c6ec411cc810ca81f5f21a,USDT,semi_synthetic_merge,,3114.77,3114.77,
eth_flow_0x01ccaf758240__r7fam22__inst00__synth_merge_src2,bnb_flow_0xa1d5266c72e1__synth_merge_dst,3114.77,6229.54,386,many_to_one,1.0,supervised_flow_pair,ETH,BNB,Multi,0x22648c12acd87912ea1710357b1302c6a4154ebc,0xedf0c420bc3b92b961c6ec411cc810ca81f5f21a,USDT,semi_synthetic_merge,,3114.77,3114.77,
eth_flow_0x01ccaf758240__r7fam22__inst00__synth_unmatched_src,bnb_flow_0xa1d5266c72e1__synth_hidden_dst,6229.54,0,386,one_to_one,0.2,supervised_flow_pair,ETH,BNB,Multi,0x22648c12acd87912ea1710357b1302c6a4154ebc,0xedf0c420bc3b92b961c6ec411cc810ca81f5f21a,USDT,semi_synthetic_unmatched,,,0,0
eth_flow_0x01ccaf758240__r7fam22__inst00__synth_noise_src_0,bnb_flow_0xa1d5266c72e1__synth_noise_dst_0,6229.54,6228.64,446,one_to_one,0.2452,supervised_flow_pair,ETH,BNB,Multi,0x22648c12acd87912ea1710357b1302c6a4154ebc,0xedf0c420bc3b92b961c6ec411cc810ca81f5f21a,USDT,semi_synthetic_delay_noise,,,,
eth_flow_0x01ccaf758240__r7fam22__inst00__synth_noise_src_1,bnb_flow_0xa1d5266c72e1__synth_noise_dst_1,6229.54,6228.64,506,one_to_one,0.2337,supervised_flow_pair,ETH,BNB,Multi,0x22648c12acd87912ea1710357b1302c6a4154ebc,0xedf0c420bc3b92b961c6ec411cc810ca81f5f21a,USDT,semi_synthetic_delay_noise,,,,
eth_flow_0x2c845efe8532__r7fam22__inst01__synth_split_src,bnb_flow_0xa861d8ee5831__synth_split_a,24391.0,8130.333333333333,466,one_to_many,0.95,supervised_flow_pair,ETH,BNB,Multi,0x22648c12acd87912ea1710357b1302c6a4154ebc,0xedf0c420bc3b92b961c6ec411cc810ca81f5f21a,USDT,semi_synthetic_split,1,8130.333333333333,8130.333333333333,
eth_flow_0x2c845efe8532__r7fam22__inst01__synth_split_src,bnb_flow_0xa861d8ee5831__synth_split_b,24391.0,8130.333333333333,466,one_to_many,0.95,supervised_flow_pair,ETH,BNB,Multi,0x22648c12acd87912ea1710357b1302c6a4154ebc,0xedf0c420bc3b92b961c6ec411cc810ca81f5f21a,USDT,semi_synthetic_split,1,8130.333333333333,8130.333333333333,
eth_flow_0x2c845efe8532__r7fam22__inst01__synth_split_src,bnb_flow_0xa861d8ee5831__synth_split_c,24391.0,8130.333333333333,466,one_to_many,0.95,supervised_flow_pair,ETH,BNB,Multi,0x22648c12acd87912ea1710357b1302c6a4154ebc,0xedf0c420bc3b92b961c6ec411cc810ca81f5f21a,USDT,semi_synthetic_split,1,8130.333333333333,8130.333333333333,
eth_flow_0x2c845efe8532__r7fam22__inst01__synth_merge_src1,bnb_flow_0xa861d8ee5831__synth_merge_dst,12195.5,24391.0,466,many_to_one,1.0,supervised_flow_pair,ETH,BNB,Multi,0x22648c12acd87912ea1710357b1302c6a4154ebc,0xedf0c420bc3b92b961c6ec411cc810ca81f5f21a,USDT,semi_synthetic_merge,,12195.5,12195.5,
eth_flow_0x2c845efe8532__r7fam22__inst01__synth_merge_src2,bnb_flow_0xa861d8ee5831__synth_merge_dst,12195.5,24391.0,466,many_to_one,1.0,supervised_flow_pair,ETH,BNB,Multi,0x22648c12acd87912ea1710357b1302c6a4154ebc,0xedf0c420bc3b92b961c6ec411cc810ca81f5f21a,USDT,semi_synthetic_merge,,12195.5,12195.5,
eth_flow_0x2c845efe8532__r7fam22__inst01__synth_unmatched_src,bnb_flow_0xa861d8ee5831__synth_hidden_dst,24391.0,0,466,one_to_one,0.2,supervised_flow_pair,ETH,BNB,Multi,0x22648c12acd87912ea1710357b1302c6a4154ebc,0xedf0c420bc3b92b961c6ec411cc810ca81f5f21a,USDT,semi_synthetic_unmatched,,,0,0
eth_flow_0x2c845efe8532__r7fam22__inst01__synth_noise_src_0,bnb_flow_0xa861d8ee5831__synth_noise_dst_0,24391.0,24390.100000000002,526,one_to_one,0.2546,supervised_flow_pair,ETH,BNB,Multi,0x22648c12acd87912ea1710357b1302c6a4154ebc,0xedf0c420bc3b92b961c6ec411cc810ca81f5f21a,USDT,semi_synthetic_delay_noise,,,,
eth_flow_0x2c845efe8532__r7fam22__inst01__synth_noise_src_1,bnb_flow_0xa861d8ee5831__synth_noise_dst_1,24391.0,24390.100000000002,586,one_to_one,0.2536,supervised_flow_pair,ETH,BNB,Multi,0x22648c12acd87912ea1710357b1302c6a4154ebc,0xedf0c420bc3b92b961c6ec411cc810ca81f5f21a,USDT,semi_synthetic_delay_noise,,,,
eth_flow_0xf5065792d2b0__r7fam23__inst00__synth_split_src,bnb_flow_0x72969b98ce1f__synth_split_a,100000.0,50000.0,882,one_to_many,0.95,supervised_flow_pair,ETH,BNB,Multi,0x22648c12acd87912ea1710357b1302c6a4154ebc,0xedf0c420bc3b92b961c6ec411cc810ca81f5f21a,USDT,semi_synthetic_split,1,50000.0,50000.0,
eth_flow_0xf5065792d2b0__r7fam23__inst00__synth_split_src,bnb_flow_0x72969b98ce1f__synth_split_b,100000.0,50000.0,882,one_to_many,0.95,supervised_flow_pair,ETH,BNB,Multi,0x22648c12acd87912ea1710357b1302c6a4154ebc,0xedf0c420bc3b92b961c6ec411cc810ca81f5f21a,USDT,semi_synthetic_split,1,50000.0,50000.0,
eth_flow_0xf5065792d2b0__r7fam23__inst00__synth_merge_src1,bnb_flow_0x72969b98ce1f__synth_merge_dst,50000.0,100000.0,882,many_to_one,1.0,supervised_flow_pair,ETH,BNB,Multi,0x22648c12acd87912ea1710357b1302c6a4154ebc,0xedf0c420bc3b92b961c6ec411cc810ca81f5f21a,USDT,semi_synthetic_merge,,50000.0,50000.0,
eth_flow_0xf5065792d2b0__r7fam23__inst00__synth_merge_src2,bnb_flow_0x72969b98ce1f__synth_merge_dst,50000.0,100000.0,882,many_to_one,1.0,supervised_flow_pair,ETH,BNB,Multi,0x22648c12acd87912ea1710357b1302c6a4154ebc,0xedf0c420bc3b92b961c6ec411cc810ca81f5f21a,USDT,semi_synthetic_merge,,50000.0,50000.0,
eth_flow_0xf5065792d2b0__r7fam23__inst00__synth_unmatched_src,bnb_flow_0x72969b98ce1f__synth_hidden_dst,100000.0,0,882,one_to_one,0.2,supervised_flow_pair,ETH,BNB,Multi,0x22648c12acd87912ea1710357b1302c6a4154ebc,0xedf0c420bc3b92b961c6ec411cc810ca81f5f21a,USDT,semi_synthetic_unmatched,,,0,0
eth_flow_0xf5065792d2b0__r7fam23__inst00__synth_noise_src_0,bnb_flow_0x72969b98ce1f__synth_noise_dst_0,100000.0,99999.1,942,one_to_one,0.2259,supervised_flow_pair,ETH,BNB,Multi,0x22648c12acd87912ea1710357b1302c6a4154ebc,0xedf0c420bc3b92b961c6ec411cc810ca81f5f21a,USDT,semi_synthetic_delay_noise,,,,
eth_flow_0xf5065792d2b0__r7fam23__inst00__synth_noise_src_1,bnb_flow_0x72969b98ce1f__synth_noise_dst_1,100000.0,99999.1,1002,one_to_one,0.2386,supervised_flow_pair,ETH,BNB,Multi,0x22648c12acd87912ea1710357b1302c6a4154ebc,0xedf0c420bc3b92b961c6ec411cc810ca81f5f21a,USDT,semi_synthetic_delay_noise,,,,
eth_flow_0x653960ac07fe__r7fam23__inst01__synth_split_src,bnb_flow_0x0d112fc5755e__synth_split_a,13030.0,6515.0,1448,one_to_many,0.95,supervised_flow_pair,ETH,BNB,Multi,0x22648c12acd87912ea1710357b1302c6a4154ebc,0xedf0c420bc3b92b961c6ec411cc810ca81f5f21a,USDT,semi_synthetic_split,1,6515.0,6515.0,
eth_flow_0x653960ac07fe__r7fam23__inst01__synth_split_src,bnb_flow_0x0d112fc5755e__synth_split_b,13030.0,6515.0,1448,one_to_many,0.95,supervised_flow_pair,ETH,BNB,Multi,0x22648c12acd87912ea1710357b1302c6a4154ebc,0xedf0c420bc3b92b961c6ec411cc810ca81f5f21a,USDT,semi_synthetic_split,1,6515.0,6515.0,
eth_flow_0x653960ac07fe__r7fam23__inst01__synth_merge_src1,bnb_flow_0x0d112fc5755e__synth_merge_dst,6515.0,13030.0,1448,many_to_one,1.0,supervised_flow_pair,ETH,BNB,Multi,0x22648c12acd87912ea1710357b1302c6a4154ebc,0xedf0c420bc3b92b961c6ec411cc810ca81f5f21a,USDT,semi_synthetic_merge,,6515.0,6515.0,
eth_flow_0x653960ac07fe__r7fam23__inst01__synth_merge_src2,bnb_flow_0x0d112fc5755e__synth_merge_dst,6515.0,13030.0,1448,many_to_one,1.0,supervised_flow_pair,ETH,BNB,Multi,0x22648c12acd87912ea1710357b1302c6a4154ebc,0xedf0c420bc3b92b961c6ec411cc810ca81f5f21a,USDT,semi_synthetic_merge,,6515.0,6515.0,
eth_flow_0x653960ac07fe__r7fam23__inst01__synth_unmatched_src,bnb_flow_0x0d112fc5755e__synth_hidden_dst,13030.0,0,1448,one_to_one,0.2,supervised_flow_pair,ETH,BNB,Multi,0x22648c12acd87912ea1710357b1302c6a4154ebc,0xedf0c420bc3b92b961c6ec411cc810ca81f5f21a,USDT,semi_synthetic_unmatched,,,0,0
eth_flow_0x653960ac07fe__r7fam23__inst01__synth_noise_src_0,bnb_flow_0x0d112fc5755e__synth_noise_dst_0,13030.0,13029.1,1508,one_to_one,0.2335,supervised_flow_pair,ETH,BNB,Multi,0x22648c12acd87912ea1710357b1302c6a4154ebc,0xedf0c420bc3b92b961c6ec411cc810ca81f5f21a,USDT,semi_synthetic_delay_noise,,,,
eth_flow_0x653960ac07fe__r7fam23__inst01__synth_noise_src_1,bnb_flow_0x0d112fc5755e__synth_noise_dst_1,13030.0,13029.1,1568,one_to_one,0.2316,supervised_flow_pair,ETH,BNB,Multi,0x22648c12acd87912ea1710357b1302c6a4154ebc,0xedf0c420bc3b92b961c6ec411cc810ca81f5f21a,USDT,semi_synthetic_delay_noise,,,,
