variant,omitted_component,bridge,seed,method,k,epsilon,lambda,precision,recall,macro_edge_f1,tp_total,fp_total,fn_total,n_pred_edges,n_templates,sinkhorn_iterations,sinkhorn_converged,delta_s_total,delta_t_total,delta_total,cost_weights_json,cost_matrix_sha256,status,source_commit,run_id,runtime_sec
FULL_D6,none,Celer,201,CONDITIONAL_UOT_D4,5.0,0.05,0.5,0.14750645338960558,0.6076388888888888,0.23697669352389875,175,1010,113,1185,48,131,True,0.22946620583540442,0.22946620583540434,0.4589324116708088,"{""amount"": 0.38095238095238093, ""evidence"": 0.047619047619047616, ""novelty"": 0.047619047619047616, ""risk"": 0.14285714285714285, ""route"": 0.14285714285714285, ""time"": 0.23809523809523808}",c1befaa51ac2471f1fe49f56e824f76b742a5d26bc8eb9ea57cd681e1dbd3b3f,ok,d5cd14d8051263b49b01b10ad36e6033b2ec3219,2026-09-17T03:14:28Z__pid32940,3.7374353999985033
FULL_D6,none,Celer,202,CONDITIONAL_UOT_D4,5.0,0.05,0.5,0.14684975049105484,0.6284722222222222,0.237987303710452,181,1047,107,1228,48,129,True,0.1575645033032178,0.15756450330321833,0.31512900660643617,"{""amount"": 0.38095238095238093, ""evidence"": 0.047619047619047616, ""novelty"": 0.047619047619047616, ""risk"": 0.14285714285714285, ""route"": 0.14285714285714285, ""time"": 0.23809523809523808}",f5870efc36f32fa31bc9405542443b01a73f65d99b8b5c8c732f5cbf594c7623,ok,d5cd14d8051263b49b01b10ad36e6033b2ec3219,2026-09-17T03:14:30Z__pid32940,0.2167669000045862
FULL_D6,none,Celer,203,CONDITIONAL_UOT_D4,5.0,0.05,0.5,0.15077341137123748,0.6458333333333334,0.24440484084880634,186,1044,102,1230,48,131,True,0.24475014753326207,0.24475014753326166,0.4895002950665237,"{""amount"": 0.38095238095238093, ""evidence"": 0.047619047619047616, ""novelty"": 0.047619047619047616, ""risk"": 0.14285714285714285, ""route"": 0.14285714285714285, ""time"": 0.23809523809523808}",7af400209753a3c9d4a2ffbd0dca59cf36b5b2a7b115ff940f778c42facc0a71,ok,d5cd14d8051263b49b01b10ad36e6033b2ec3219,2026-09-17T03:14:31Z__pid32940,0.38417089999711607
FULL_D6,none,Celer,204,CONDITIONAL_UOT_D4,5.0,0.05,0.5,0.14329900373378635,0.5833333333333334,0.22884604316137716,168,1002,120,1170,48,130,True,0.279602117408013,0.27960211740801305,0.559204234816026,"{""amount"": 0.38095238095238093, ""evidence"": 0.047619047619047616, ""novelty"": 0.047619047619047616, ""risk"": 0.14285714285714285, ""route"": 0.14285714285714285, ""time"": 0.23809523809523808}",66e7336cbaae44ee32f679e86f2c34f08ea52cc1c21607600bb1cc5fd3c57168,ok,d5cd14d8051263b49b01b10ad36e6033b2ec3219,2026-09-17T03:14:33Z__pid32940,0.2770126000032178
FULL_D6,none,Celer,205,CONDITIONAL_UOT_D4,5.0,0.05,0.5,0.1483610712958539,0.6249999999999999,0.23965069443784218,180,1028,108,1208,48,131,True,0.2579893732170546,0.2579893732170545,0.5159787464341091,"{""amount"": 0.38095238095238093, ""evidence"": 0.047619047619047616, ""novelty"": 0.047619047619047616, ""risk"": 0.14285714285714285, ""route"": 0.14285714285714285, ""time"": 0.23809523809523808}",843d8a8e969b59ad323785d56677aedf23fc3d99597e2f292e738ae4ea90558a,ok,d5cd14d8051263b49b01b10ad36e6033b2ec3219,2026-09-17T03:14:35Z__pid32940,0.2425994000004721
FULL_D6,none,Multi,201,CONDITIONAL_UOT_D4,5.0,0.05,0.5,0.11513678095231068,0.4479166666666666,0.18282676017874033,129,987,159,1116,48,131,True,0.26286073402982385,0.26286073402982413,0.525721468059648,"{""amount"": 0.38095238095238093, ""evidence"": 0.047619047619047616, ""novelty"": 0.047619047619047616, ""risk"": 0.14285714285714285, ""route"": 0.14285714285714285, ""time"": 0.23809523809523808}",36714deda30f3b6ef57ec021e56d89dce9a660ff4cd497bb14442b2b40af2978,ok,d5cd14d8051263b49b01b10ad36e6033b2ec3219,2026-09-17T03:14:36Z__pid32940,0.22616159999597585
FULL_D6,none,Multi,202,CONDITIONAL_UOT_D4,5.0,0.05,0.5,0.11944069329064332,0.46875,0.1899317033181049,135,980,153,1115,48,131,True,0.24540836521311324,0.24540836521311302,0.49081673042622626,"{""amount"": 0.38095238095238093, ""evidence"": 0.047619047619047616, ""novelty"": 0.047619047619047616, ""risk"": 0.14285714285714285, ""route"": 0.14285714285714285, ""time"": 0.23809523809523808}",d2f2709e0c274347200a9f9d16e5b8d1956b42b69b502f31f4b79c3bcf4c8dbc,ok,d5cd14d8051263b49b01b10ad36e6033b2ec3219,2026-09-17T03:14:37Z__pid32940,0.21155899999575922
FULL_D6,none,Multi,203,CONDITIONAL_UOT_D4,5.0,0.05,0.5,0.1116580117462397,0.43402777777777773,0.17714733511079292,125,983,163,1108,48,131,True,0.2665882466932608,0.2665882466932611,0.533176493386522,"{""amount"": 0.38095238095238093, ""evidence"": 0.047619047619047616, ""novelty"": 0.047619047619047616, ""risk"": 0.14285714285714285, ""route"": 0.14285714285714285, ""time"": 0.23809523809523808}",d08c3c4a46036b4442de713e76d659d7f20008d76ee7526e03dcf879a03f17a3,ok,d5cd14d8051263b49b01b10ad36e6033b2ec3219,2026-09-17T03:14:39Z__pid32940,0.27331199999753153
FULL_D6,none,Multi,204,CONDITIONAL_UOT_D4,5.0,0.05,0.5,0.11601455676636836,0.44097222222222215,0.18339109602058015,127,967,161,1094,48,131,True,0.24880858542755963,0.24880858542755963,0.49761717085511925,"{""amount"": 0.38095238095238093, ""evidence"": 0.047619047619047616, ""novelty"": 0.047619047619047616, ""risk"": 0.14285714285714285, ""route"": 0.14285714285714285, ""time"": 0.23809523809523808}",9e58218e04069a0489607c0b9dd7efd093b34df3c745fc4e0ad242b6590bc11d,ok,d5cd14d8051263b49b01b10ad36e6033b2ec3219,2026-09-17T03:14:40Z__pid32940,0.2362871000004816
FULL_D6,none,Multi,205,CONDITIONAL_UOT_D4,5.0,0.05,0.5,0.12169464245316025,0.4791666666666667,0.19363018920430233,138,989,150,1127,48,131,True,0.2909530568250713,0.29095305682507133,0.5819061136501427,"{""amount"": 0.38095238095238093, ""evidence"": 0.047619047619047616, ""novelty"": 0.047619047619047616, ""risk"": 0.14285714285714285, ""route"": 0.14285714285714285, ""time"": 0.23809523809523808}",775944cc4fc0ec3dcd07d4dc78170ae6d75f2a3961605619af0d05f5e51f1751,ok,d5cd14d8051263b49b01b10ad36e6033b2ec3219,2026-09-17T03:14:42Z__pid32940,0.2627481000017724
FULL_D6,none,Poly,201,CONDITIONAL_UOT_D4,5.0,0.05,0.5,0.15095457079152733,0.6527777777777777,0.2451957614942529,188,1057,100,1245,48,131,True,0.2624292300480808,0.2624292300480807,0.5248584600961614,"{""amount"": 0.38095238095238093, ""evidence"": 0.047619047619047616, ""novelty"": 0.047619047619047616, ""risk"": 0.14285714285714285, ""route"": 0.14285714285714285, ""time"": 0.23809523809523808}",1eefbba8fbf1f2fecd9b6d6e879512123986fb80d35212588f1a72cc7468bd01,ok,d5cd14d8051263b49b01b10ad36e6033b2ec3219,2026-09-17T03:14:43Z__pid32940,0.18397640000330284
FULL_D6,none,Poly,202,CONDITIONAL_UOT_D4,5.0,0.05,0.5,0.15064102564102566,0.6527777777777777,0.24479166666666666,188,1060,100,1248,48,132,True,0.23723275117824447,0.23723275117824444,0.4744655023564889,"{""amount"": 0.38095238095238093, ""evidence"": 0.047619047619047616, ""novelty"": 0.047619047619047616, ""risk"": 0.14285714285714285, ""route"": 0.14285714285714285, ""time"": 0.23809523809523808}",fbf4b9009932c4fa50857928fdc1fb9026f159eb98c27f8f19c1e0fb98aa5f08,ok,d5cd14d8051263b49b01b10ad36e6033b2ec3219,2026-09-17T03:14:44Z__pid32940,0.2618478000003961
FULL_D6,none,Poly,203,CONDITIONAL_UOT_D4,5.0,0.05,0.5,0.15224358974358976,0.6597222222222222,0.24739583333333334,190,1058,98,1248,48,132,True,0.2387331833188076,0.2387331833188076,0.4774663666376152,"{""amount"": 0.38095238095238093, ""evidence"": 0.047619047619047616, ""novelty"": 0.047619047619047616, ""risk"": 0.14285714285714285, ""route"": 0.14285714285714285, ""time"": 0.23809523809523808}",25988e7217482d43adda9c16e33af9258b0dd3c16ea4f7efecafe63181f8e999,ok,d5cd14d8051263b49b01b10ad36e6033b2ec3219,2026-09-17T03:14:46Z__pid32940,0.24693739999929676
FULL_D6,none,Poly,204,CONDITIONAL_UOT_D4,5.0,0.05,0.5,0.14903846153846156,0.642361111111111,0.24192708333333335,185,1057,103,1242,48,132,True,0.23113430557994177,0.23113430557994188,0.46226861115988366,"{""amount"": 0.38095238095238093, ""evidence"": 0.047619047619047616, ""novelty"": 0.047619047619047616, ""risk"": 0.14285714285714285, ""route"": 0.14285714285714285, ""time"": 0.23809523809523808}",3063edf0f1e779639f6c85b82036f647c64308c5aaec8e2ef8650b831e687fc2,ok,d5cd14d8051263b49b01b10ad36e6033b2ec3219,2026-09-17T03:14:47Z__pid32940,0.28627469999628374
FULL_D6,none,Poly,205,CONDITIONAL_UOT_D4,5.0,0.05,0.5,0.14584674966046782,0.6145833333333333,0.2355389931724237,177,1033,111,1210,48,132,True,0.23860269217957156,0.23860269217957153,0.47720538435914306,"{""amount"": 0.38095238095238093, ""evidence"": 0.047619047619047616, ""novelty"": 0.047619047619047616, ""risk"": 0.14285714285714285, ""route"": 0.14285714285714285, ""time"": 0.23809523809523808}",9c30a9f56114cad101d8b6420e6e8e25c940ad8ef545ea61ada746cd6f8e8bf5,ok,d5cd14d8051263b49b01b10ad36e6033b2ec3219,2026-09-17T03:14:49Z__pid32940,0.25828829999954905
LOCO_AMOUNT,amount,Celer,201,CONDITIONAL_UOT_D4,5.0,0.05,0.5,0.19833333333333333,0.8263888888888888,0.3198924731182795,238,962,50,1200,48,131,True,0.2752745780594206,0.2752745780594205,0.5505491561188411,"{""amount"": 0.0, ""evidence"": 0.07692307692307691, ""novelty"": 0.07692307692307691, ""risk"": 0.23076923076923073, ""route"": 0.23076923076923073, ""time"": 0.3846153846153845}",99df17ae7a2830918bea2515e656e63e839e7c9ce07d1ab39f694183f6180650,ok,d5cd14d8051263b49b01b10ad36e6033b2ec3219,2026-09-17T03:14:29Z__pid32940,0.14366989999689395
LOCO_AMOUNT,amount,Celer,202,CONDITIONAL_UOT_D4,5.0,0.05,0.5,0.19500000000000003,0.8125,0.314516129032258,234,966,54,1200,48,129,True,0.21315069497760644,0.2131506949776065,0.42630138995521294,"{""amount"": 0.0, ""evidence"": 0.07692307692307691, ""novelty"": 0.07692307692307691, ""risk"": 0.23076923076923073, ""route"": 0.23076923076923073, ""time"": 0.3846153846153845}",2b4576b33c880c17b594d8a81ec868c2b2b093b86d4d78a1d74a487d79d1f662,ok,d5cd14d8051263b49b01b10ad36e6033b2ec3219,2026-09-17T03:14:30Z__pid32940,0.12275889999727951
LOCO_AMOUNT,amount,Celer,203,CONDITIONAL_UOT_D4,5.0,0.05,0.5,0.1975,0.8229166666666666,0.3185483870967742,237,963,51,1200,48,131,True,0.29162587981851323,0.29162587981851307,0.5832517596370264,"{""amount"": 0.0, ""evidence"": 0.07692307692307691, ""novelty"": 0.07692307692307691, ""risk"": 0.23076923076923073, ""route"": 0.23076923076923073, ""time"": 0.3846153846153845}",b5e09afce5ff010b214a3b6023616c090371bb8d153aa755269c993c41c471bf,ok,d5cd14d8051263b49b01b10ad36e6033b2ec3219,2026-09-17T03:14:32Z__pid32940,0.18178920000354992
LOCO_AMOUNT,amount,Celer,204,CONDITIONAL_UOT_D4,5.0,0.05,0.5,0.19916666666666663,0.8298611111111112,0.32123655913978494,239,961,49,1200,48,131,True,0.31769789107861734,0.31769789107861723,0.6353957821572346,"{""amount"": 0.0, ""evidence"": 0.07692307692307691, ""novelty"": 0.07692307692307691, ""risk"": 0.23076923076923073, ""route"": 0.23076923076923073, ""time"": 0.3846153846153845}",501bc61bbca2ddbb4a53c96a48f4e98b0cf7fa3a135cafc0415aa0dc98d8d526,ok,d5cd14d8051263b49b01b10ad36e6033b2ec3219,2026-09-17T03:14:33Z__pid32940,0.13588829999935115
LOCO_AMOUNT,amount,Celer,205,CONDITIONAL_UOT_D4,5.0,0.05,0.5,0.19916666666666663,0.8298611111111112,0.32123655913978494,239,961,49,1200,48,131,True,0.30413012034769676,0.30413012034769643,0.6082602406953932,"{""amount"": 0.0, ""evidence"": 0.07692307692307691, ""novelty"": 0.07692307692307691, ""risk"": 0.23076923076923073, ""route"": 0.23076923076923073, ""time"": 0.3846153846153845}",85b1d10550ace12bea66d53f11f72ccd933b2b8cf6589b275b723084a34911df,ok,d5cd14d8051263b49b01b10ad36e6033b2ec3219,2026-09-17T03:14:35Z__pid32940,0.12318700000469107
LOCO_AMOUNT,amount,Multi,201,CONDITIONAL_UOT_D4,5.0,0.05,0.5,0.18791666666666665,0.7673611111111112,0.300823252688172,221,914,67,1135,48,131,True,0.3195061572587218,0.31950615725872195,0.6390123145174438,"{""amount"": 0.0, ""evidence"": 0.07692307692307691, ""novelty"": 0.07692307692307691, ""risk"": 0.23076923076923073, ""route"": 0.23076923076923073, ""time"": 0.3846153846153845}",d0c238fb506e9b381a78416a2744ed345fe5f529c9dfaef82397ed9c6a076859,ok,d5cd14d8051263b49b01b10ad36e6033b2ec3219,2026-09-17T03:14:36Z__pid32940,0.12969650000013644
LOCO_AMOUNT,amount,Multi,202,CONDITIONAL_UOT_D4,5.0,0.05,0.5,0.19541666666666666,0.798611111111111,0.3129200268817204,230,940,58,1170,48,131,True,0.29864319662325245,0.29864319662325245,0.5972863932465049,"{""amount"": 0.0, ""evidence"": 0.07692307692307691, ""novelty"": 0.07692307692307691, ""risk"": 0.23076923076923073, ""route"": 0.23076923076923073, ""time"": 0.3846153846153845}",2449cc29aceca3dac262b69c83a7dff5a5168995096b96740abc065ca3ce8d05,ok,d5cd14d8051263b49b01b10ad36e6033b2ec3219,2026-09-17T03:14:37Z__pid32940,0.1443959000025643
LOCO_AMOUNT,amount,Multi,203,CONDITIONAL_UOT_D4,5.0,0.05,0.5,0.1925,0.7916666666666666,0.3089717741935483,228,942,60,1170,48,131,True,0.3207849597079028,0.3207849597079028,0.6415699194158055,"{""amount"": 0.0, ""evidence"": 0.07692307692307691, ""novelty"": 0.07692307692307691, ""risk"": 0.23076923076923073, ""route"": 0.23076923076923073, ""time"": 0.3846153846153845}",86b50e8f2ac676c47bdd89c7b63c48ccbd97443ac3c33a9041be01369a2d4821,ok,d5cd14d8051263b49b01b10ad36e6033b2ec3219,2026-09-17T03:14:39Z__pid32940,0.15883689999463968
LOCO_AMOUNT,amount,Multi,204,CONDITIONAL_UOT_D4,5.0,0.05,0.5,0.1758333333333333,0.7083333333333334,0.2791575024437927,204,871,84,1075,48,131,True,0.30659867417807013,0.30659867417807,0.6131973483561401,"{""amount"": 0.0, ""evidence"": 0.07692307692307691, ""novelty"": 0.07692307692307691, ""risk"": 0.23076923076923073, ""route"": 0.23076923076923073, ""time"": 0.3846153846153845}",f16a72400c2679372a8a48478f95c5d2b62cdde5e6c224d13705930bdbc75cd4,ok,d5cd14d8051263b49b01b10ad36e6033b2ec3219,2026-09-17T03:14:40Z__pid32940,0.11300389999814797
LOCO_AMOUNT,amount,Multi,205,CONDITIONAL_UOT_D4,5.0,0.05,0.5,0.19499999999999998,0.8020833333333334,0.3130040322580645,231,939,57,1170,48,132,True,0.3494059832659785,0.3494059832659785,0.698811966531957,"{""amount"": 0.0, ""evidence"": 0.07692307692307691, ""novelty"": 0.07692307692307691, ""risk"": 0.23076923076923073, ""route"": 0.23076923076923073, ""time"": 0.3846153846153845}",3df9710a35d4ee3419f713051cccde619121dfb1199d81755e289195eb5e3fe8,ok,d5cd14d8051263b49b01b10ad36e6033b2ec3219,2026-09-17T03:14:42Z__pid32940,0.1474062999986927
LOCO_AMOUNT,amount,Poly,201,CONDITIONAL_UOT_D4,5.0,0.05,0.5,0.19583333333333333,0.8159722222222223,0.3158602150537634,235,965,53,1200,48,131,True,0.30730483203163467,0.3073048320316347,0.6146096640632694,"{""amount"": 0.0, ""evidence"": 0.07692307692307691, ""novelty"": 0.07692307692307691, ""risk"": 0.23076923076923073, ""route"": 0.23076923076923073, ""time"": 0.3846153846153845}",3ce3f4930a71249852fbff76e3d455be8824eb7e4db17dd20e7113ee7f635544,ok,d5cd14d8051263b49b01b10ad36e6033b2ec3219,2026-09-17T03:14:43Z__pid32940,0.1228045000025304
LOCO_AMOUNT,amount,Poly,202,CONDITIONAL_UOT_D4,5.0,0.05,0.5,0.1958333333333333,0.8159722222222222,0.3158602150537634,235,965,53,1200,48,131,True,0.28316053173962136,0.2831605317396212,0.5663210634792426,"{""amount"": 0.0, ""evidence"": 0.07692307692307691, ""novelty"": 0.07692307692307691, ""risk"": 0.23076923076923073, ""route"": 0.23076923076923073, ""time"": 0.3846153846153845}",84acecb7d5190ce0209dff9828f8a7a5c36363a2b8f93469cab00dbd60775b05,ok,d5cd14d8051263b49b01b10ad36e6033b2ec3219,2026-09-17T03:14:44Z__pid32940,0.15754130000277655
LOCO_AMOUNT,amount,Poly,203,CONDITIONAL_UOT_D4,5.0,0.05,0.5,0.1975,0.8229166666666666,0.3185483870967742,237,963,51,1200,48,131,True,0.28460735993465947,0.2846073599346596,0.569214719869319,"{""amount"": 0.0, ""evidence"": 0.07692307692307691, ""novelty"": 0.07692307692307691, ""risk"": 0.23076923076923073, ""route"": 0.23076923076923073, ""time"": 0.3846153846153845}",95a621f447cd3272bfdce1607a0139e338360fac98f53eea9621414b0bc1532b,ok,d5cd14d8051263b49b01b10ad36e6033b2ec3219,2026-09-17T03:14:46Z__pid32940,0.12710150000202702
LOCO_AMOUNT,amount,Poly,204,CONDITIONAL_UOT_D4,5.0,0.05,0.5,0.19666666666666666,0.8194444444444443,0.31720430107526876,236,964,52,1200,48,131,True,0.27821664957423253,0.2782166495742328,0.5564332991484653,"{""amount"": 0.0, ""evidence"": 0.07692307692307691, ""novelty"": 0.07692307692307691, ""risk"": 0.23076923076923073, ""route"": 0.23076923076923073, ""time"": 0.3846153846153845}",e9feb8c11e856b38f105c239c6e49e9317de059b99dbe34f4b5c55eac3fdfdd3,ok,d5cd14d8051263b49b01b10ad36e6033b2ec3219,2026-09-17T03:14:47Z__pid32940,0.16874990000360413
LOCO_AMOUNT,amount,Poly,205,CONDITIONAL_UOT_D4,5.0,0.05,0.5,0.1958333333333333,0.8159722222222223,0.31586021505376344,235,965,53,1200,48,131,True,0.2848238051807682,0.2848238051807683,0.5696476103615364,"{""amount"": 0.0, ""evidence"": 0.07692307692307691, ""novelty"": 0.07692307692307691, ""risk"": 0.23076923076923073, ""route"": 0.23076923076923073, ""time"": 0.3846153846153845}",532893fa98e33e0cbb5c7ce3dfbc67ff83b544bf6759f5ec2c11bf4d7e721bec,ok,d5cd14d8051263b49b01b10ad36e6033b2ec3219,2026-09-17T03:14:49Z__pid32940,0.14013100000011036
LOCO_EVIDENCE,evidence,Celer,201,CONDITIONAL_UOT_D4,5.0,0.05,0.5,0.1491188431134083,0.611111111111111,0.23933164883874003,176,1003,112,1179,48,131,True,0.22942719626465985,0.2294271962646597,0.4588543925293196,"{""amount"": 0.4, ""evidence"": 0.0, ""novelty"": 0.05, ""risk"": 0.15, ""route"": 0.15, ""time"": 0.25}",69a33c2f0a3881499fbc34ccf674636c5f7d6b45bb7dd665ee3970ef459a839e,ok,d5cd14d8051263b49b01b10ad36e6033b2ec3219,2026-09-17T03:14:29Z__pid32940,0.16068120000272756
LOCO_EVIDENCE,evidence,Celer,202,CONDITIONAL_UOT_D4,5.0,0.05,0.5,0.14702069066199502,0.6284722222222222,0.23820851786815808,181,1046,107,1227,48,129,True,0.15789453578086848,0.1578945357808685,0.31578907156173697,"{""amount"": 0.4, ""evidence"": 0.0, ""novelty"": 0.05, ""risk"": 0.15, ""route"": 0.15, ""time"": 0.25}",6a2a84bcfdcc36986cca990582be6acb3a330e2ac85c043e4b858eebb885b35d,ok,d5cd14d8051263b49b01b10ad36e6033b2ec3219,2026-09-17T03:14:31Z__pid32940,0.14074450000043726
LOCO_EVIDENCE,evidence,Celer,203,CONDITIONAL_UOT_D4,5.0,0.05,0.5,0.15028567447045707,0.642361111111111,0.24350685234305924,185,1042,103,1227,48,131,True,0.24490267923244644,0.2449026792324464,0.4898053584648928,"{""amount"": 0.4, ""evidence"": 0.0, ""novelty"": 0.05, ""risk"": 0.15, ""route"": 0.15, ""time"": 0.25}",de8ec7afdec6154d071a88b415bfbca3dfcb1e39b07aff7caf8d60479e7b6f8a,ok,d5cd14d8051263b49b01b10ad36e6033b2ec3219,2026-09-17T03:14:33Z__pid32940,0.16416219999518944
LOCO_EVIDENCE,evidence,Celer,204,CONDITIONAL_UOT_D4,5.0,0.05,0.5,0.147184331369114,0.5972222222222222,0.2353190258533221,172,998,116,1170,48,130,True,0.2810735503081915,0.2810735503081914,0.562147100616383,"{""amount"": 0.4, ""evidence"": 0.0, ""novelty"": 0.05, ""risk"": 0.15, ""route"": 0.15, ""time"": 0.25}",fc82d32c16cd59542626f0f58613c0fbe655adc6f434eda801a635e9b0107132,ok,d5cd14d8051263b49b01b10ad36e6033b2ec3219,2026-09-17T03:14:34Z__pid32940,0.12208059999829857
LOCO_EVIDENCE,evidence,Celer,205,CONDITIONAL_UOT_D4,5.0,0.05,0.5,0.14664689175558743,0.6215277777777777,0.23719480852551164,179,1036,109,1215,48,131,True,0.2581908037283425,0.25819080372834236,0.5163816074566849,"{""amount"": 0.4, ""evidence"": 0.0, ""novelty"": 0.05, ""risk"": 0.15, ""route"": 0.15, ""time"": 0.25}",8be04f24cd42c62e683ee7a7ba274ea0ca76da44b52ca80298884817eb2f14f4,ok,d5cd14d8051263b49b01b10ad36e6033b2ec3219,2026-09-17T03:14:35Z__pid32940,0.15652639999461826
LOCO_EVIDENCE,evidence,Multi,201,CONDITIONAL_UOT_D4,5.0,0.05,0.5,0.11442960769078958,0.44444444444444436,0.18163870713185107,128,987,160,1115,48,131,True,0.2644597311644393,0.2644597311644392,0.5289194623288785,"{""amount"": 0.4, ""evidence"": 0.0, ""novelty"": 0.05, ""risk"": 0.15, ""route"": 0.15, ""time"": 0.25}",1009629c2c6c1ad8ee999745493568eb3d899d03fbeaa0b2a2bbc59ea54f8cec,ok,d5cd14d8051263b49b01b10ad36e6033b2ec3219,2026-09-17T03:14:37Z__pid32940,0.12489170000480954
LOCO_EVIDENCE,evidence,Multi,202,CONDITIONAL_UOT_D4,5.0,0.05,0.5,0.11863941123936127,0.46527777777777773,0.18862961998477157,134,981,154,1115,48,132,True,0.24623092023194443,0.24623092023194387,0.4924618404638883,"{""amount"": 0.4, ""evidence"": 0.0, ""novelty"": 0.05, ""risk"": 0.15, ""route"": 0.15, ""time"": 0.25}",0ffabffc22d508dbd858ee50232ad07d156ae549df2e972e49f6d151b442580f,ok,d5cd14d8051263b49b01b10ad36e6033b2ec3219,2026-09-17T03:14:38Z__pid32940,0.12451039999723434
LOCO_EVIDENCE,evidence,Multi,203,CONDITIONAL_UOT_D4,5.0,0.05,0.5,0.1099638725521005,0.4270833333333333,0.17442075035295812,123,984,165,1107,48,132,True,0.26785639155133995,0.26785639155134033,0.5357127831026802,"{""amount"": 0.4, ""evidence"": 0.0, ""novelty"": 0.05, ""risk"": 0.15, ""route"": 0.15, ""time"": 0.25}",e194b527bf99f3e3d6a1ea24f96f5dc67e2d8fe3315d28fe024b4e2f798999f4,ok,d5cd14d8051263b49b01b10ad36e6033b2ec3219,2026-09-17T03:14:40Z__pid32940,0.14301079999859212
LOCO_EVIDENCE,evidence,Multi,204,CONDITIONAL_UOT_D4,5.0,0.05,0.5,0.1138846350576423,0.43402777777777773,0.1801179072261525,125,973,163,1098,48,131,True,0.2502497670801031,0.25024976708010316,0.5004995341602063,"{""amount"": 0.4, ""evidence"": 0.0, ""novelty"": 0.05, ""risk"": 0.15, ""route"": 0.15, ""time"": 0.25}",83cc331d41f9aef7f820697f7838bf6f8659a15a25d258feb563944043a2fc8a,ok,d5cd14d8051263b49b01b10ad36e6033b2ec3219,2026-09-17T03:14:41Z__pid32940,0.11151480000262382
LOCO_EVIDENCE,evidence,Multi,205,CONDITIONAL_UOT_D4,5.0,0.05,0.5,0.12272712446390312,0.4826388888888889,0.1952337401074222,139,986,149,1125,48,132,True,0.2930559997118145,0.2930559997118146,0.5861119994236291,"{""amount"": 0.4, ""evidence"": 0.0, ""novelty"": 0.05, ""risk"": 0.15, ""route"": 0.15, ""time"": 0.25}",16c486b985af1f8e13f1f700a5e33c59cffdd4ed462a1c9d19eef86ddf83a886,ok,d5cd14d8051263b49b01b10ad36e6033b2ec3219,2026-09-17T03:14:42Z__pid32940,0.1358293000012054
LOCO_EVIDENCE,evidence,Poly,201,CONDITIONAL_UOT_D4,5.0,0.05,0.5,0.15095457079152733,0.6527777777777777,0.2451957614942529,188,1057,100,1245,48,132,True,0.262586570067448,0.26258657006744796,0.525173140134896,"{""amount"": 0.4, ""evidence"": 0.0, ""novelty"": 0.05, ""risk"": 0.15, ""route"": 0.15, ""time"": 0.25}",d288909fdac5fb4c2c8b4a890ebbe2672bd475c36138881c3a1efb9f0c90ee4e,ok,d5cd14d8051263b49b01b10ad36e6033b2ec3219,2026-09-17T03:14:44Z__pid32940,0.14254369999980554
LOCO_EVIDENCE,evidence,Poly,202,CONDITIONAL_UOT_D4,5.0,0.05,0.5,0.1530448717948718,0.6631944444444443,0.24869791666666666,191,1057,97,1248,48,133,True,0.23723549168002722,0.2372354916800272,0.47447098336005444,"{""amount"": 0.4, ""evidence"": 0.0, ""novelty"": 0.05, ""risk"": 0.15, ""route"": 0.15, ""time"": 0.25}",fdddff71424b19856dd0da9baa23d5e80e03ad58d9b25552cbfedb677679023f,ok,d5cd14d8051263b49b01b10ad36e6033b2ec3219,2026-09-17T03:14:45Z__pid32940,0.12185210000461666
LOCO_EVIDENCE,evidence,Poly,203,CONDITIONAL_UOT_D4,5.0,0.05,0.5,0.1514423076923077,0.6562499999999999,0.24609375,189,1059,99,1248,48,133,True,0.23873152282130936,0.2387315228213096,0.477463045642619,"{""amount"": 0.4, ""evidence"": 0.0, ""novelty"": 0.05, ""risk"": 0.15, ""route"": 0.15, ""time"": 0.25}",de2c8c4eed5d9ded585a500decf37360d89b0ca82a0ebb1aa4fac0e138f57d4f,ok,d5cd14d8051263b49b01b10ad36e6033b2ec3219,2026-09-17T03:14:47Z__pid32940,0.17330429999856278
LOCO_EVIDENCE,evidence,Poly,204,CONDITIONAL_UOT_D4,5.0,0.05,0.5,0.1511752136752137,0.6527777777777777,0.2454861111111111,188,1056,100,1244,48,133,True,0.23121591701563637,0.23121591701563615,0.4624318340312725,"{""amount"": 0.4, ""evidence"": 0.0, ""novelty"": 0.05, ""risk"": 0.15, ""route"": 0.15, ""time"": 0.25}",90d96a682572ed482187e0e077976de10277c52d0a37a61005b5868a00a33383,ok,d5cd14d8051263b49b01b10ad36e6033b2ec3219,2026-09-17T03:14:48Z__pid32940,0.13491390000126557
LOCO_EVIDENCE,evidence,Poly,205,CONDITIONAL_UOT_D4,5.0,0.05,0.5,0.1467052661439843,0.6180555555555555,0.23691766964301195,178,1032,110,1210,48,133,True,0.2386609720082653,0.23866097200826514,0.47732194401653044,"{""amount"": 0.4, ""evidence"": 0.0, ""novelty"": 0.05, ""risk"": 0.15, ""route"": 0.15, ""time"": 0.25}",71d89e90c05266829d16aa3a488e030e18fa308722f41a022005d3869933f36a,ok,d5cd14d8051263b49b01b10ad36e6033b2ec3219,2026-09-17T03:14:50Z__pid32940,0.1482393000042066
LOCO_NOVELTY,novelty,Celer,201,CONDITIONAL_UOT_D4,5.0,0.05,0.5,0.14795091382047904,0.5972222222222222,0.23617476773623514,172,993,116,1165,48,130,True,0.208675831039985,0.2086758310399851,0.4173516620799701,"{""amount"": 0.4, ""evidence"": 0.05, ""novelty"": 0.0, ""risk"": 0.15, ""route"": 0.15, ""time"": 0.25}",a96c59f586fb2c27590cada372c989da5e52a878b9a06c36dd27874e0c5b0a77,ok,d5cd14d8051263b49b01b10ad36e6033b2ec3219,2026-09-17T03:14:30Z__pid32940,0.16436529999919003
LOCO_NOVELTY,novelty,Celer,202,CONDITIONAL_UOT_D4,5.0,0.05,0.5,0.15001439985135637,0.6388888888888888,0.2428918601984161,184,1039,104,1223,48,129,True,0.1369188646904489,0.13691886469044912,0.273837729380898,"{""amount"": 0.4, ""evidence"": 0.05, ""novelty"": 0.0, ""risk"": 0.15, ""route"": 0.15, ""time"": 0.25}",33a509813b576e60dfa0987b02619ed344d5f344a13815922e803dd1dd8b396f,ok,d5cd14d8051263b49b01b10ad36e6033b2ec3219,2026-09-17T03:14:31Z__pid32940,0.1334015000029467
LOCO_NOVELTY,novelty,Celer,203,CONDITIONAL_UOT_D4,5.0,0.05,0.5,0.14819537346711262,0.6319444444444443,0.24000469717064546,182,1042,106,1224,48,130,True,0.2260294696652772,0.22602946966527673,0.45205893933055397,"{""amount"": 0.4, ""evidence"": 0.05, ""novelty"": 0.0, ""risk"": 0.15, ""route"": 0.15, ""time"": 0.25}",61f2c9fe380d9a60a36a3775ac4323a47517edec3f33ffa41c104602445f0553,ok,d5cd14d8051263b49b01b10ad36e6033b2ec3219,2026-09-17T03:14:33Z__pid32940,0.16641029999300372
LOCO_NOVELTY,novelty,Celer,204,CONDITIONAL_UOT_D4,5.0,0.05,0.5,0.14362053405531666,0.5833333333333333,0.2299288654031771,168,1000,120,1168,48,130,True,0.2617580808589727,0.26175808085897234,0.523516161717945,"{""amount"": 0.4, ""evidence"": 0.05, ""novelty"": 0.0, ""risk"": 0.15, ""route"": 0.15, ""time"": 0.25}",25fb9a7165beec3d949be61718e00dcd4099154d9b9a7dc82638ec8232819bc8,ok,d5cd14d8051263b49b01b10ad36e6033b2ec3219,2026-09-17T03:14:34Z__pid32940,0.15775920000305632
LOCO_NOVELTY,novelty,Celer,205,CONDITIONAL_UOT_D4,5.0,0.05,0.5,0.1450085602802994,0.611111111111111,0.2342638750571755,176,1031,112,1207,48,130,True,0.23959700974112016,0.23959700974112005,0.4791940194822402,"{""amount"": 0.4, ""evidence"": 0.05, ""novelty"": 0.0, ""risk"": 0.15, ""route"": 0.15, ""time"": 0.25}",bdb79ffdd911eb9bada58fda0994974487da568b8899a37a63dfbf5675ac14f1,ok,d5cd14d8051263b49b01b10ad36e6033b2ec3219,2026-09-17T03:14:36Z__pid32940,0.14030309999361634
LOCO_NOVELTY,novelty,Multi,201,CONDITIONAL_UOT_D4,5.0,0.05,0.5,0.10708636531162768,0.40972222222222215,0.1693615689474548,118,979,170,1097,48,130,True,0.24264798281205438,0.2426479828120548,0.48529596562410915,"{""amount"": 0.4, ""evidence"": 0.05, ""novelty"": 0.0, ""risk"": 0.15, ""route"": 0.15, ""time"": 0.25}",5510f17a9cc2a1a0006538412cca352233b69ac3208a437299f0eb9e3f63fae9,ok,d5cd14d8051263b49b01b10ad36e6033b2ec3219,2026-09-17T03:14:37Z__pid32940,0.1235369999994873
LOCO_NOVELTY,novelty,Multi,202,CONDITIONAL_UOT_D4,5.0,0.05,0.5,0.11726225578611886,0.4548611111111111,0.18603077107665542,131,972,157,1103,48,131,True,0.22420833650847377,0.22420833650847344,0.4484166730169472,"{""amount"": 0.4, ""evidence"": 0.05, ""novelty"": 0.0, ""risk"": 0.15, ""route"": 0.15, ""time"": 0.25}",984bf110f43b133734b620ad01211e9358141b6f3ba43435b83c17e2e3ea4a8a,ok,d5cd14d8051263b49b01b10ad36e6033b2ec3219,2026-09-17T03:14:38Z__pid32940,0.16555399999924703
LOCO_NOVELTY,novelty,Multi,203,CONDITIONAL_UOT_D4,5.0,0.05,0.5,0.10930653263112033,0.42013888888888884,0.17295243937618907,121,978,167,1099,48,131,True,0.24619862999531222,0.24619862999531236,0.49239725999062456,"{""amount"": 0.4, ""evidence"": 0.05, ""novelty"": 0.0, ""risk"": 0.15, ""route"": 0.15, ""time"": 0.25}",d6464b252ce0b6fbd7a4bd963dcb6fb03891de890c98936ea825fd3cd18b013f,ok,d5cd14d8051263b49b01b10ad36e6033b2ec3219,2026-09-17T03:14:40Z__pid32940,0.15264130000286968
LOCO_NOVELTY,novelty,Multi,204,CONDITIONAL_UOT_D4,5.0,0.05,0.5,0.11006644321861714,0.4166666666666667,0.17383638011129202,120,968,168,1088,48,130,True,0.22819526248902927,0.22819526248902913,0.45639052497805843,"{""amount"": 0.4, ""evidence"": 0.05, ""novelty"": 0.0, ""risk"": 0.15, ""route"": 0.15, ""time"": 0.25}",545fd7b7b8b5eb140bd87870e9888933a2d6093dbf611158e89f1899ad861b3c,ok,d5cd14d8051263b49b01b10ad36e6033b2ec3219,2026-09-17T03:14:41Z__pid32940,0.13551230000302894
LOCO_NOVELTY,novelty,Multi,205,CONDITIONAL_UOT_D4,5.0,0.05,0.5,0.11916305057640637,0.46527777777777773,0.1891736588058345,134,982,154,1116,48,131,True,0.27181142194272523,0.2718114219427251,0.5436228438854503,"{""amount"": 0.4, ""evidence"": 0.05, ""novelty"": 0.0, ""risk"": 0.15, ""route"": 0.15, ""time"": 0.25}",56d66670c7163dcc8dc2edc7b36c67d1c55a4e3dcc1c58dff4ced02c768e7ddf,ok,d5cd14d8051263b49b01b10ad36e6033b2ec3219,2026-09-17T03:14:43Z__pid32940,0.13194620000285795
LOCO_NOVELTY,novelty,Poly,201,CONDITIONAL_UOT_D4,5.0,0.05,0.5,0.15095457079152733,0.6527777777777777,0.2451957614942529,188,1057,100,1245,48,131,True,0.23929752236771998,0.23929752236772006,0.47859504473544,"{""amount"": 0.4, ""evidence"": 0.05, ""novelty"": 0.0, ""risk"": 0.15, ""route"": 0.15, ""time"": 0.25}",f7a4da5ba1d571658094743fddbcd7e52cd43918631d9333a2869fc3733027ca,ok,d5cd14d8051263b49b01b10ad36e6033b2ec3219,2026-09-17T03:14:44Z__pid32940,0.1513582999978098
LOCO_NOVELTY,novelty,Poly,202,CONDITIONAL_UOT_D4,5.0,0.05,0.5,0.15224358974358976,0.6597222222222222,0.24739583333333334,190,1058,98,1248,48,132,True,0.21330289085622917,0.21330289085622867,0.42660578171245783,"{""amount"": 0.4, ""evidence"": 0.05, ""novelty"": 0.0, ""risk"": 0.15, ""route"": 0.15, ""time"": 0.25}",be2ba9c8bbe9a77ec35c353e98064b91d709c874ac41ddbe7876bcba754944ef,ok,d5cd14d8051263b49b01b10ad36e6033b2ec3219,2026-09-17T03:14:45Z__pid32940,0.13357349999569124
LOCO_NOVELTY,novelty,Poly,203,CONDITIONAL_UOT_D4,5.0,0.05,0.5,0.15224358974358976,0.6597222222222222,0.24739583333333334,190,1058,98,1248,48,132,True,0.2147593811866949,0.21475938118669513,0.42951876237339004,"{""amount"": 0.4, ""evidence"": 0.05, ""novelty"": 0.0, ""risk"": 0.15, ""route"": 0.15, ""time"": 0.25}",552c4a72eb69301b03fbfba5ce66e599b997ea394b14eca1ca489f9db163ce14,ok,d5cd14d8051263b49b01b10ad36e6033b2ec3219,2026-09-17T03:14:47Z__pid32940,0.16665759999887086
LOCO_NOVELTY,novelty,Poly,204,CONDITIONAL_UOT_D4,5.0,0.05,0.5,0.15020185128880784,0.6458333333333333,0.24368286466885603,186,1053,102,1239,48,132,True,0.20698593436945847,0.2069859343694586,0.4139718687389171,"{""amount"": 0.4, ""evidence"": 0.05, ""novelty"": 0.0, ""risk"": 0.15, ""route"": 0.15, ""time"": 0.25}",7d2fb91174b243192e2de046835b14c378f733613f83f77aeeecd8f70c918bff,ok,d5cd14d8051263b49b01b10ad36e6033b2ec3219,2026-09-17T03:14:48Z__pid32940,0.17421420000027865
LOCO_NOVELTY,novelty,Poly,205,CONDITIONAL_UOT_D4,5.0,0.05,0.5,0.14825059581431396,0.625,0.2394452431724237,180,1030,108,1210,48,132,True,0.21467217019558338,0.21467217019558338,0.42934434039116676,"{""amount"": 0.4, ""evidence"": 0.05, ""novelty"": 0.0, ""risk"": 0.15, ""route"": 0.15, ""time"": 0.25}",9a639051892d79611fec7e60e9cf2c28b1dbfb151de3696811f9018e08dfbc4e,ok,d5cd14d8051263b49b01b10ad36e6033b2ec3219,2026-09-17T03:14:50Z__pid32940,0.15476879999914672
LOCO_RISK,risk,Celer,201,CONDITIONAL_UOT_D4,5.0,0.05,0.5,0.14630639589878722,0.5902777777777777,0.23407691147454077,170,988,118,1158,48,129,True,0.15826648593397308,0.15826648593397302,0.3165329718679461,"{""amount"": 0.4444444444444444, ""evidence"": 0.05555555555555555, ""novelty"": 0.05555555555555555, ""risk"": 0.0, ""route"": 0.16666666666666663, ""time"": 0.27777777777777773}",38c416ba62ebc294f53373968b52fe364061849d0cda262ab8b2280392d2a818,ok,d5cd14d8051263b49b01b10ad36e6033b2ec3219,2026-09-17T03:14:29Z__pid32940,0.15891659999761032
LOCO_RISK,risk,Celer,202,CONDITIONAL_UOT_D4,5.0,0.05,0.5,0.14952638092583745,0.6388888888888888,0.24224666596480868,184,1043,104,1227,48,128,True,0.06714845982877733,0.06714845982877783,0.13429691965755516,"{""amount"": 0.4444444444444444, ""evidence"": 0.05555555555555555, ""novelty"": 0.05555555555555555, ""risk"": 0.0, ""route"": 0.16666666666666663, ""time"": 0.27777777777777773}",94c5a30383a6ce8ffeca5232c9848cdf68773161a1896b531f7ba0f012abd9b1,ok,d5cd14d8051263b49b01b10ad36e6033b2ec3219,2026-09-17T03:14:31Z__pid32940,0.13291989999561338
LOCO_RISK,risk,Celer,203,CONDITIONAL_UOT_D4,5.0,0.05,0.5,0.14850891861761428,0.6319444444444443,0.24040879199823165,182,1039,106,1221,48,129,True,0.1692837146321993,0.16928371463219916,0.3385674292643984,"{""amount"": 0.4444444444444444, ""evidence"": 0.05555555555555555, ""novelty"": 0.05555555555555555, ""risk"": 0.0, ""route"": 0.16666666666666663, ""time"": 0.27777777777777773}",02acc263a4a69ff9fac7ded6b8638b762916c98bce0bcb3fe2373edec8679b2c,ok,d5cd14d8051263b49b01b10ad36e6033b2ec3219,2026-09-17T03:14:32Z__pid32940,0.16877720000047702
LOCO_RISK,risk,Celer,204,CONDITIONAL_UOT_D4,5.0,0.05,0.5,0.14107306021628274,0.5729166666666666,0.2259510218310682,165,996,123,1161,48,128,True,0.21209378334469275,0.21209378334469287,0.4241875666893856,"{""amount"": 0.4444444444444444, ""evidence"": 0.05555555555555555, ""novelty"": 0.05555555555555555, ""risk"": 0.0, ""route"": 0.16666666666666663, ""time"": 0.27777777777777773}",e4bc545a37e6933f5094c0df8e0fbba5ba3982968bb588bb08086aa34905c554,ok,d5cd14d8051263b49b01b10ad36e6033b2ec3219,2026-09-17T03:14:34Z__pid32940,0.12516250000044238
LOCO_RISK,risk,Celer,205,CONDITIONAL_UOT_D4,5.0,0.05,0.5,0.1457949357405879,0.6145833333333333,0.23555277240071684,177,1031,111,1208,48,129,True,0.18560101896463,0.18560101896462994,0.37120203792925993,"{""amount"": 0.4444444444444444, ""evidence"": 0.05555555555555555, ""novelty"": 0.05555555555555555, ""risk"": 0.0, ""route"": 0.16666666666666663, ""time"": 0.27777777777777773}",60306cdbf2a015add2029207a01432497de9135d9e8d08e159f09b93091f7ecd,ok,d5cd14d8051263b49b01b10ad36e6033b2ec3219,2026-09-17T03:14:35Z__pid32940,0.13427320000482723
LOCO_RISK,risk,Multi,201,CONDITIONAL_UOT_D4,5.0,0.05,0.5,0.11056354621603248,0.42708333333333326,0.17528788169876988,123,984,165,1107,48,131,True,0.1920668109637241,0.19206681096372424,0.3841336219274484,"{""amount"": 0.4444444444444444, ""evidence"": 0.05555555555555555, ""novelty"": 0.05555555555555555, ""risk"": 0.0, ""route"": 0.16666666666666663, ""time"": 0.27777777777777773}",03d2ef3006cce2710b1c51125dfc0570aa13ac9b73f51319f59d13d1b20828f0,ok,d5cd14d8051263b49b01b10ad36e6033b2ec3219,2026-09-17T03:14:37Z__pid32940,0.1555999999982305
LOCO_RISK,risk,Multi,202,CONDITIONAL_UOT_D4,5.0,0.05,0.5,0.11677108029494336,0.4548611111111111,0.18540914154877589,131,977,157,1108,48,131,True,0.16717256722778306,0.16717256722778254,0.3343451344555656,"{""amount"": 0.4444444444444444, ""evidence"": 0.05555555555555555, ""novelty"": 0.05555555555555555, ""risk"": 0.0, ""route"": 0.16666666666666663, ""time"": 0.27777777777777773}",2f964b250d3cc1c22ad6a52b60a45c58ab89bea4aafe293563e98eeddabd9c4e,ok,d5cd14d8051263b49b01b10ad36e6033b2ec3219,2026-09-17T03:14:38Z__pid32940,0.12370850000297651
LOCO_RISK,risk,Multi,203,CONDITIONAL_UOT_D4,5.0,0.05,0.5,0.1099057030645832,0.4236111111111111,0.1740527395323611,122,977,166,1099,48,132,True,0.19246102403530552,0.19246102403530566,0.38492204807061114,"{""amount"": 0.4444444444444444, ""evidence"": 0.05555555555555555, ""novelty"": 0.05555555555555555, ""risk"": 0.0, ""route"": 0.16666666666666663, ""time"": 0.27777777777777773}",901c11f582d5b9e9475009a6a010b7cd77c9c4a5c6317b7131824fa4144a7242,ok,d5cd14d8051263b49b01b10ad36e6033b2ec3219,2026-09-17T03:14:40Z__pid32940,0.15588120000029448
LOCO_RISK,risk,Multi,204,CONDITIONAL_UOT_D4,5.0,0.05,0.5,0.11266852092486151,0.4305555555555555,0.17828088056553715,124,976,164,1100,48,130,True,0.17290777755112152,0.17322289611267888,0.3461306736638004,"{""amount"": 0.4444444444444444, ""evidence"": 0.05555555555555555, ""novelty"": 0.05555555555555555, ""risk"": 0.0, ""route"": 0.16666666666666663, ""time"": 0.27777777777777773}",4a28d17150eb2bf94fc7db14278c12278ad9567df241a88fe37a2588f518c00f,ok,d5cd14d8051263b49b01b10ad36e6033b2ec3219,2026-09-17T03:14:41Z__pid32940,0.12748659999488154
LOCO_RISK,risk,Multi,205,CONDITIONAL_UOT_D4,5.0,0.05,0.5,0.11945740806918674,0.46875,0.18992992374009776,135,987,153,1122,48,131,True,0.22203853461735948,0.22203853461735917,0.4440770692347187,"{""amount"": 0.4444444444444444, ""evidence"": 0.05555555555555555, ""novelty"": 0.05555555555555555, ""risk"": 0.0, ""route"": 0.16666666666666663, ""time"": 0.27777777777777773}",a942412f541af35deea09546d58f7e252322cebfb63c0b0000922c4cc93f5c96,ok,d5cd14d8051263b49b01b10ad36e6033b2ec3219,2026-09-17T03:14:42Z__pid32940,0.12799330000416376
LOCO_RISK,risk,Poly,201,CONDITIONAL_UOT_D4,5.0,0.05,0.5,0.15095457079152733,0.6527777777777777,0.2451957614942529,188,1057,100,1245,48,133,True,0.2013158923344473,0.2013158923344473,0.4026317846688946,"{""amount"": 0.4444444444444444, ""evidence"": 0.05555555555555555, ""novelty"": 0.05555555555555555, ""risk"": 0.0, ""route"": 0.16666666666666663, ""time"": 0.27777777777777773}",633037ec1182480f09992993504e2f5de6dba04c57c68317d6c7970fafcd447f,ok,d5cd14d8051263b49b01b10ad36e6033b2ec3219,2026-09-17T03:14:44Z__pid32940,0.15680179999617394
LOCO_RISK,risk,Poly,202,CONDITIONAL_UOT_D4,5.0,0.05,0.5,0.15064102564102566,0.6527777777777777,0.24479166666666666,188,1060,100,1248,48,133,True,0.1728437057875324,0.17284370578753183,0.3456874115750642,"{""amount"": 0.4444444444444444, ""evidence"": 0.05555555555555555, ""novelty"": 0.05555555555555555, ""risk"": 0.0, ""route"": 0.16666666666666663, ""time"": 0.27777777777777773}",434acd0766e8136d58917be5eebb3138e4b8c0e740a1380b146839de050d8776,ok,d5cd14d8051263b49b01b10ad36e6033b2ec3219,2026-09-17T03:14:45Z__pid32940,0.12553299999854062
LOCO_RISK,risk,Poly,203,CONDITIONAL_UOT_D4,5.0,0.05,0.5,0.1514423076923077,0.6562499999999999,0.24609375,189,1059,99,1248,48,133,True,0.17466128378768397,0.17466128378768392,0.3493225675753679,"{""amount"": 0.4444444444444444, ""evidence"": 0.05555555555555555, ""novelty"": 0.05555555555555555, ""risk"": 0.0, ""route"": 0.16666666666666663, ""time"": 0.27777777777777773}",d2d5651c8548684726aafa87674cb6f450d1770d720200d40db8582ffb4f4416,ok,d5cd14d8051263b49b01b10ad36e6033b2ec3219,2026-09-17T03:14:46Z__pid32940,0.1872609999991255
LOCO_RISK,risk,Poly,204,CONDITIONAL_UOT_D4,5.0,0.05,0.5,0.15108618233618235,0.6527777777777777,0.24536773989898988,188,1057,100,1245,48,133,True,0.16618801386754245,0.16618801386754264,0.3323760277350851,"{""amount"": 0.4444444444444444, ""evidence"": 0.05555555555555555, ""novelty"": 0.05555555555555555, ""risk"": 0.0, ""route"": 0.16666666666666663, ""time"": 0.27777777777777773}",bc7855e89f8ccbdede5437f6cf092a8519b7bd6685fceccfb23556c500d482c0,ok,d5cd14d8051263b49b01b10ad36e6033b2ec3219,2026-09-17T03:14:48Z__pid32940,0.1333080999975209
LOCO_RISK,risk,Poly,205,CONDITIONAL_UOT_D4,5.0,0.05,0.5,0.1430890906528088,0.6041666666666666,0.23119506810239568,174,1038,114,1212,48,133,True,0.17474020046588212,0.17474020046588218,0.3494804009317643,"{""amount"": 0.4444444444444444, ""evidence"": 0.05555555555555555, ""novelty"": 0.05555555555555555, ""risk"": 0.0, ""route"": 0.16666666666666663, ""time"": 0.27777777777777773}",0ae2ff766672ec9c78b3af4a8fd1df2e426e10d7a294e3bdd7fc07ba6b6fe6fa,ok,d5cd14d8051263b49b01b10ad36e6033b2ec3219,2026-09-17T03:14:50Z__pid32940,0.1444155999997747
LOCO_ROUTE,route,Celer,201,CONDITIONAL_UOT_D4,5.0,0.05,0.5,0.14378541898922334,0.5763888888888888,0.22926866895078102,166,984,122,1150,48,131,True,0.24734013868071397,0.24734013868071394,0.49468027736142794,"{""amount"": 0.4444444444444444, ""evidence"": 0.05555555555555555, ""novelty"": 0.05555555555555555, ""risk"": 0.16666666666666663, ""route"": 0.0, ""time"": 0.27777777777777773}",f3a5fc9238ffb80afc0cd2e7422ec92d89056e6bfdd37b7e99c489726cf31f6a,ok,d5cd14d8051263b49b01b10ad36e6033b2ec3219,2026-09-17T03:14:29Z__pid32940,0.1641959000044153
LOCO_ROUTE,route,Celer,202,CONDITIONAL_UOT_D4,5.0,0.05,0.5,0.1484927270796836,0.6319444444444443,0.2403698321219525,182,1040,106,1222,48,130,True,0.17838853511695113,0.17838853511695105,0.35677707023390215,"{""amount"": 0.4444444444444444, ""evidence"": 0.05555555555555555, ""novelty"": 0.05555555555555555, ""risk"": 0.16666666666666663, ""route"": 0.0, ""time"": 0.27777777777777773}",be72a4184dc9068b9f2dea4e1f1ef775371408aea128385e6e4e4d38955df442,ok,d5cd14d8051263b49b01b10ad36e6033b2ec3219,2026-09-17T03:14:30Z__pid32940,0.15968119999888586
LOCO_ROUTE,route,Celer,203,CONDITIONAL_UOT_D4,5.0,0.05,0.5,0.14738712374581941,0.6249999999999999,0.23840558687002653,180,1035,108,1215,48,131,True,0.26284023779882115,0.2628402377988207,0.5256804755976419,"{""amount"": 0.4444444444444444, ""evidence"": 0.05555555555555555, ""novelty"": 0.05555555555555555, ""risk"": 0.16666666666666663, ""route"": 0.0, ""time"": 0.27777777777777773}",bf03e091eb985718d92ca5722527719fbee6130924c3ef5299655921ac8da7a8,ok,d5cd14d8051263b49b01b10ad36e6033b2ec3219,2026-09-17T03:14:32Z__pid32940,0.17043050000211224
LOCO_ROUTE,route,Celer,204,CONDITIONAL_UOT_D4,5.0,0.05,0.5,0.14043900224526826,0.5694444444444444,0.2248458052086102,164,994,124,1158,48,131,True,0.29856289955887444,0.2985628995588744,0.5971257991177488,"{""amount"": 0.4444444444444444, ""evidence"": 0.05555555555555555, ""novelty"": 0.05555555555555555, ""risk"": 0.16666666666666663, ""route"": 0.0, ""time"": 0.27777777777777773}",ad25ec959934ab914f45702868ae35dc8bf90f707ee950f579d0c734f57e63c9,ok,d5cd14d8051263b49b01b10ad36e6033b2ec3219,2026-09-17T03:14:34Z__pid32940,0.14485750000312692
LOCO_ROUTE,route,Celer,205,CONDITIONAL_UOT_D4,5.0,0.05,0.5,0.14286484047353612,0.6006944444444444,0.23066823697877878,173,1029,115,1202,48,131,True,0.27586735056179323,0.2758673505617931,0.5517347011235864,"{""amount"": 0.4444444444444444, ""evidence"": 0.05555555555555555, ""novelty"": 0.05555555555555555, ""risk"": 0.16666666666666663, ""route"": 0.0, ""time"": 0.27777777777777773}",1967153716934389a821d616d97d9c54b24a547ae4621528080a1e6570c37161,ok,d5cd14d8051263b49b01b10ad36e6033b2ec3219,2026-09-17T03:14:35Z__pid32940,0.11904230000072857
LOCO_ROUTE,route,Multi,201,CONDITIONAL_UOT_D4,5.0,0.05,0.5,0.10845014783904715,0.4131944444444444,0.17147099928095355,119,975,169,1094,48,132,True,0.285139356954618,0.2851393569546182,0.5702787139092362,"{""amount"": 0.4444444444444444, ""evidence"": 0.05555555555555555, ""novelty"": 0.05555555555555555, ""risk"": 0.16666666666666663, ""route"": 0.0, ""time"": 0.27777777777777773}",013369ddebd8d87e6ea8c0562fb02ecbe9c80c153564b2944cb082ed73e174d8,ok,d5cd14d8051263b49b01b10ad36e6033b2ec3219,2026-09-17T03:14:36Z__pid32940,0.13813060000393307
LOCO_ROUTE,route,Multi,202,CONDITIONAL_UOT_D4,5.0,0.05,0.5,0.11345700306782265,0.4375,0.17976069516757087,126,971,162,1097,48,132,True,0.26567108364036746,0.26567108364036707,0.5313421672807346,"{""amount"": 0.4444444444444444, ""evidence"": 0.05555555555555555, ""novelty"": 0.05555555555555555, ""risk"": 0.16666666666666663, ""route"": 0.0, ""time"": 0.27777777777777773}",d7dd01ee6f47b18ca983c919867e7df8a904d6bcb3dbd7ab9f5d85126908dbd8,ok,d5cd14d8051263b49b01b10ad36e6033b2ec3219,2026-09-17T03:14:38Z__pid32940,0.16586829999869224
LOCO_ROUTE,route,Multi,203,CONDITIONAL_UOT_D4,5.0,0.05,0.5,0.10885675201563212,0.4131944444444444,0.17186352249939407,119,966,169,1085,48,133,True,0.28769827249536256,0.28769827249536273,0.5753965449907252,"{""amount"": 0.4444444444444444, ""evidence"": 0.05555555555555555, ""novelty"": 0.05555555555555555, ""risk"": 0.16666666666666663, ""route"": 0.0, ""time"": 0.27777777777777773}",f6874eebba5daa00daae60257d8f1f3effc8eea6056a66fe7e1722f5779f229f,ok,d5cd14d8051263b49b01b10ad36e6033b2ec3219,2026-09-17T03:14:39Z__pid32940,0.14567520000127843
LOCO_ROUTE,route,Multi,204,CONDITIONAL_UOT_D4,5.0,0.05,0.5,0.1074095808244359,0.40277777777777773,0.1692955266480248,116,966,172,1082,48,132,True,0.270941041400257,0.2709410414002564,0.5418820828005133,"{""amount"": 0.4444444444444444, ""evidence"": 0.05555555555555555, ""novelty"": 0.05555555555555555, ""risk"": 0.16666666666666663, ""route"": 0.0, ""time"": 0.27777777777777773}",36b13457c1749df7dc855570a31af3744d51578a5f7ed23025af68f05f9a62f3,ok,d5cd14d8051263b49b01b10ad36e6033b2ec3219,2026-09-17T03:14:41Z__pid32940,0.14405949999490986
LOCO_ROUTE,route,Multi,205,CONDITIONAL_UOT_D4,5.0,0.05,0.5,0.11887809607683127,0.46527777777777773,0.18890951714318258,134,984,154,1118,48,132,True,0.314087590582856,0.31408759058285607,0.6281751811657121,"{""amount"": 0.4444444444444444, ""evidence"": 0.05555555555555555, ""novelty"": 0.05555555555555555, ""risk"": 0.16666666666666663, ""route"": 0.0, ""time"": 0.27777777777777773}",b6b48ca9cbd0cd3d513b2341376edb9cb674046cb16c8263ed9047bddde6343c,ok,d5cd14d8051263b49b01b10ad36e6033b2ec3219,2026-09-17T03:14:42Z__pid32940,0.11433329999999842
LOCO_ROUTE,route,Poly,201,CONDITIONAL_UOT_D4,5.0,0.05,0.5,0.15015328874024528,0.6493055555555555,0.24389367816091956,187,1058,101,1245,48,133,True,0.27997625579474644,0.2799762557947464,0.5599525115894928,"{""amount"": 0.4444444444444444, ""evidence"": 0.05555555555555555, ""novelty"": 0.05555555555555555, ""risk"": 0.16666666666666663, ""route"": 0.0, ""time"": 0.27777777777777773}",4274fb66ea0e8c09081405592f9d6ea473b5852bc7502c996cd5d7d1b41e32f1,ok,d5cd14d8051263b49b01b10ad36e6033b2ec3219,2026-09-17T03:14:43Z__pid32940,0.14055419999931473
LOCO_ROUTE,route,Poly,202,CONDITIONAL_UOT_D4,5.0,0.05,0.5,0.1514423076923077,0.6562499999999999,0.24609375,189,1059,99,1248,48,134,True,0.2550157428646299,0.25501574286462975,0.5100314857292596,"{""amount"": 0.4444444444444444, ""evidence"": 0.05555555555555555, ""novelty"": 0.05555555555555555, ""risk"": 0.16666666666666663, ""route"": 0.0, ""time"": 0.27777777777777773}",c03dbad9f5ee040788021ae1c1413c8c8d119d5652ab1ecdad5abd8926b6a004,ok,d5cd14d8051263b49b01b10ad36e6033b2ec3219,2026-09-17T03:14:45Z__pid32940,0.1506509000028018
LOCO_ROUTE,route,Poly,203,CONDITIONAL_UOT_D4,5.0,0.05,0.5,0.1514423076923077,0.6562499999999999,0.24609375,189,1059,99,1248,48,134,True,0.25647225828517967,0.2564722582851797,0.5129445165703594,"{""amount"": 0.4444444444444444, ""evidence"": 0.05555555555555555, ""novelty"": 0.05555555555555555, ""risk"": 0.16666666666666663, ""route"": 0.0, ""time"": 0.27777777777777773}",6a40b82279deba103403347d0cb911e96ecbc4920c86e15edbcb6dc9e142051e,ok,d5cd14d8051263b49b01b10ad36e6033b2ec3219,2026-09-17T03:14:46Z__pid32940,0.12805980000121053
LOCO_ROUTE,route,Poly,204,CONDITIONAL_UOT_D4,5.0,0.05,0.5,0.15108618233618235,0.6527777777777777,0.24536773989898988,188,1057,100,1245,48,134,True,0.24930863522374574,0.24930863522374602,0.49861727044749177,"{""amount"": 0.4444444444444444, ""evidence"": 0.05555555555555555, ""novelty"": 0.05555555555555555, ""risk"": 0.16666666666666663, ""route"": 0.0, ""time"": 0.27777777777777773}",23cee67a0ac727ab1254cb8d5fb48e5f0216f4f76ba184b85cb7939b13129df5,ok,d5cd14d8051263b49b01b10ad36e6033b2ec3219,2026-09-17T03:14:48Z__pid32940,0.13684769999963464
LOCO_ROUTE,route,Poly,205,CONDITIONAL_UOT_D4,5.0,0.05,0.5,0.14224355807236244,0.5902777777777778,0.22896861751503828,170,1016,118,1186,48,134,True,0.2565053893385333,0.2565053893385333,0.5130107786770666,"{""amount"": 0.4444444444444444, ""evidence"": 0.05555555555555555, ""novelty"": 0.05555555555555555, ""risk"": 0.16666666666666663, ""route"": 0.0, ""time"": 0.27777777777777773}",1f8f7531c827288d0be39e91c6fd22f7c06fcabb85067a0682875e28c20c712d,ok,d5cd14d8051263b49b01b10ad36e6033b2ec3219,2026-09-17T03:14:49Z__pid32940,0.16130470000643982
LOCO_TIME,time,Celer,201,CONDITIONAL_UOT_D4,5.0,0.05,0.5,0.08479744725215739,0.32638888888888884,0.13394631078366,94,1024,194,1118,48,130,True,0.25457498707964765,0.25457498707964754,0.5091499741592952,"{""amount"": 0.49999999999999994, ""evidence"": 0.06249999999999999, ""novelty"": 0.06249999999999999, ""risk"": 0.18749999999999994, ""route"": 0.18749999999999994, ""time"": 0.0}",2749bc8ce7625a933c673ce5fae340534b123eb9525475cef29469f22a0d5b82,ok,d5cd14d8051263b49b01b10ad36e6033b2ec3219,2026-09-17T03:14:29Z__pid32940,0.16821290000370936
LOCO_TIME,time,Celer,202,CONDITIONAL_UOT_D4,5.0,0.05,0.5,0.08866387428949897,0.3333333333333333,0.1385405394825584,96,1030,192,1126,48,129,True,0.19395456539191258,0.19395456539191294,0.3879091307838255,"{""amount"": 0.49999999999999994, ""evidence"": 0.06249999999999999, ""novelty"": 0.06249999999999999, ""risk"": 0.18749999999999994, ""route"": 0.18749999999999994, ""time"": 0.0}",d620b25e40299ec6db27b001ec6e9e71cc5477f5d615d32627cf4338c62c69ca,ok,d5cd14d8051263b49b01b10ad36e6033b2ec3219,2026-09-17T03:14:30Z__pid32940,0.14404430000286084
LOCO_TIME,time,Celer,203,CONDITIONAL_UOT_D4,5.0,0.05,0.5,0.08658165296814722,0.34375,0.1381270887468201,99,1054,189,1153,48,131,True,0.2667756775465386,0.2667756775465381,0.5335513550930766,"{""amount"": 0.49999999999999994, ""evidence"": 0.06249999999999999, ""novelty"": 0.06249999999999999, ""risk"": 0.18749999999999994, ""route"": 0.18749999999999994, ""time"": 0.0}",ccd552d9c997aa9ebe34c49b8bf7b4ea432cb833f5c946640a8f8fffec6e77c3,ok,d5cd14d8051263b49b01b10ad36e6033b2ec3219,2026-09-17T03:14:32Z__pid32940,0.16884559999743942
LOCO_TIME,time,Celer,204,CONDITIONAL_UOT_D4,5.0,0.05,0.5,0.08476017130970903,0.3333333333333333,0.134309063009355,96,1049,192,1145,48,131,True,0.283525228140887,0.28352522814088715,0.5670504562817742,"{""amount"": 0.49999999999999994, ""evidence"": 0.06249999999999999, ""novelty"": 0.06249999999999999, ""risk"": 0.18749999999999994, ""route"": 0.18749999999999994, ""time"": 0.0}",3af756e858d186c649977989dc07f78e7e1d4fcaa4af3a7aab6cda0f43e52b3b,ok,d5cd14d8051263b49b01b10ad36e6033b2ec3219,2026-09-17T03:14:33Z__pid32940,0.13444819999858737
LOCO_TIME,time,Celer,205,CONDITIONAL_UOT_D4,5.0,0.05,0.5,0.08475943474131879,0.34027777777777773,0.1353361384781781,98,1073,190,1171,48,130,True,0.2688891515856132,0.2688891515856131,0.5377783031712263,"{""amount"": 0.49999999999999994, ""evidence"": 0.06249999999999999, ""novelty"": 0.06249999999999999, ""risk"": 0.18749999999999994, ""route"": 0.18749999999999994, ""time"": 0.0}",f03cb7a3fbc8950a838047123c1be0e810a97758257503d80564f73e144f57af,ok,d5cd14d8051263b49b01b10ad36e6033b2ec3219,2026-09-17T03:14:35Z__pid32940,0.1249928999968688
LOCO_TIME,time,Multi,201,CONDITIONAL_UOT_D4,5.0,0.05,0.5,0.08382790309483212,0.3368055555555555,0.13402184417659468,97,1071,191,1168,48,130,True,0.2594769566241567,0.2594769566241567,0.5189539132483134,"{""amount"": 0.49999999999999994, ""evidence"": 0.06249999999999999, ""novelty"": 0.06249999999999999, ""risk"": 0.18749999999999994, ""route"": 0.18749999999999994, ""time"": 0.0}",ed8bb258c5add59fd97701ada46e59b950070d0c271a0e26d8a26d6a1e2621d6,ok,d5cd14d8051263b49b01b10ad36e6033b2ec3219,2026-09-17T03:14:36Z__pid32940,0.12274220000108471
LOCO_TIME,time,Multi,202,CONDITIONAL_UOT_D4,5.0,0.05,0.5,0.08414851888583773,0.3333333333333333,0.13423670548583988,96,1052,192,1148,48,131,True,0.262588373379286,0.262588373379287,0.525176746758573,"{""amount"": 0.49999999999999994, ""evidence"": 0.06249999999999999, ""novelty"": 0.06249999999999999, ""risk"": 0.18749999999999994, ""route"": 0.18749999999999994, ""time"": 0.0}",9aebca79efd4f9caa8b77e01acc930ede2a5186135dd3775903365b4f71cbbd7,ok,d5cd14d8051263b49b01b10ad36e6033b2ec3219,2026-09-17T03:14:38Z__pid32940,0.14716819999739528
LOCO_TIME,time,Multi,203,CONDITIONAL_UOT_D4,5.0,0.05,0.5,0.08492371704359462,0.34027777777777773,0.1357117094863897,98,1065,190,1163,48,131,True,0.26959772651855674,0.2695977265185574,0.5391954530371141,"{""amount"": 0.49999999999999994, ""evidence"": 0.06249999999999999, ""novelty"": 0.06249999999999999, ""risk"": 0.18749999999999994, ""route"": 0.18749999999999994, ""time"": 0.0}",9055dce4e3a81b88b8e1385cd2fd3bb5c72b8fd42a3b95afc12a8bc09276cd03,ok,d5cd14d8051263b49b01b10ad36e6033b2ec3219,2026-09-17T03:14:39Z__pid32940,0.14828590000252007
LOCO_TIME,time,Multi,204,CONDITIONAL_UOT_D4,5.0,0.05,0.5,0.08208540285533039,0.3333333333333333,0.131575946937412,96,1082,192,1178,48,131,True,0.2556030193188573,0.255603019318857,0.5112060386377143,"{""amount"": 0.49999999999999994, ""evidence"": 0.06249999999999999, ""novelty"": 0.06249999999999999, ""risk"": 0.18749999999999994, ""route"": 0.18749999999999994, ""time"": 0.0}",53de1f7908cb57b4bb272ee7e9fa5d40c39f795e507b56e395bb3cd6f91985c6,ok,d5cd14d8051263b49b01b10ad36e6033b2ec3219,2026-09-17T03:14:41Z__pid32940,0.12433579999924405
LOCO_TIME,time,Multi,205,CONDITIONAL_UOT_D4,5.0,0.05,0.5,0.08464872989329512,0.3333333333333333,0.13485592516037562,96,1046,192,1142,48,131,True,0.27501330966899995,0.2750133096689999,0.5500266193379999,"{""amount"": 0.49999999999999994, ""evidence"": 0.06249999999999999, ""novelty"": 0.06249999999999999, ""risk"": 0.18749999999999994, ""route"": 0.18749999999999994, ""time"": 0.0}",c411c6e00e0f559ba48dc3d6e540889a542369f133eb8e48e22fa10e0e267bb0,ok,d5cd14d8051263b49b01b10ad36e6033b2ec3219,2026-09-17T03:14:42Z__pid32940,0.10786280000320403
LOCO_TIME,time,Poly,201,CONDITIONAL_UOT_D4,5.0,0.05,0.5,0.0850982569289041,0.34027777777777773,0.13591240129506368,98,1064,190,1162,48,130,True,0.25115846193824165,0.25115846193824176,0.5023169238764834,"{""amount"": 0.49999999999999994, ""evidence"": 0.06249999999999999, ""novelty"": 0.06249999999999999, ""risk"": 0.18749999999999994, ""route"": 0.18749999999999994, ""time"": 0.0}",ada8d27d59096895d8e948f2196ff06b466dd8cf38ed292b2503481200bfa403,ok,d5cd14d8051263b49b01b10ad36e6033b2ec3219,2026-09-17T03:14:43Z__pid32940,0.12140460000227904
LOCO_TIME,time,Poly,202,CONDITIONAL_UOT_D4,5.0,0.05,0.5,0.08388504770813617,0.3333333333333333,0.13385540964737755,96,1058,192,1154,48,130,True,0.24988600293211988,0.2498860029321195,0.49977200586423937,"{""amount"": 0.49999999999999994, ""evidence"": 0.06249999999999999, ""novelty"": 0.06249999999999999, ""risk"": 0.18749999999999994, ""route"": 0.18749999999999994, ""time"": 0.0}",5edeb43bfabd6fcef8c35aacd71d4df4866a73326e1bc66ceefac5dd98ba65f5,ok,d5cd14d8051263b49b01b10ad36e6033b2ec3219,2026-09-17T03:14:45Z__pid32940,0.15105490000132704
LOCO_TIME,time,Poly,203,CONDITIONAL_UOT_D4,5.0,0.05,0.5,0.08285051213524476,0.3333333333333333,0.13251979787076654,96,1073,192,1169,48,131,True,0.25214607374815723,0.2521460737481571,0.5042921474963143,"{""amount"": 0.49999999999999994, ""evidence"": 0.06249999999999999, ""novelty"": 0.06249999999999999, ""risk"": 0.18749999999999994, ""route"": 0.18749999999999994, ""time"": 0.0}",51a4fdb1473b6718b676f069c8ac1375063d008834cccf034a473890ea9ac707,ok,d5cd14d8051263b49b01b10ad36e6033b2ec3219,2026-09-17T03:14:46Z__pid32940,0.1052512000023853
LOCO_TIME,time,Poly,204,CONDITIONAL_UOT_D4,5.0,0.05,0.5,0.0852241210212225,0.3333333333333333,0.13553189127438292,96,1041,192,1137,48,131,True,0.23691713540583378,0.23691713540583378,0.47383427081166757,"{""amount"": 0.49999999999999994, ""evidence"": 0.06249999999999999, ""novelty"": 0.06249999999999999, ""risk"": 0.18749999999999994, ""route"": 0.18749999999999994, ""time"": 0.0}",c137e6b7d8b2399455e1c4d839716fa6b97ed1dbf7bd9428023fce8e797926f6,ok,d5cd14d8051263b49b01b10ad36e6033b2ec3219,2026-09-17T03:14:48Z__pid32940,0.16592920000402955
LOCO_TIME,time,Poly,205,CONDITIONAL_UOT_D4,5.0,0.05,0.5,0.08166673315255274,0.3333333333333333,0.13103641454842543,96,1088,192,1184,48,130,True,0.2497636626689607,0.2497636626689609,0.4995273253379216,"{""amount"": 0.49999999999999994, ""evidence"": 0.06249999999999999, ""novelty"": 0.06249999999999999, ""risk"": 0.18749999999999994, ""route"": 0.18749999999999994, ""time"": 0.0}",507a66335a47cbb8b60bd33d5046dd6d81d723cd619ed1ea07820ae552330325,ok,d5cd14d8051263b49b01b10ad36e6033b2ec3219,2026-09-17T03:14:49Z__pid32940,0.18836089999967953
FULL_D6,none,Celer,201,RAW_UOT_PLAN_D4,5.0,0.05,0.5,0.14790482162764773,0.6249999999999999,0.23874093989760703,180,1031,108,1211,48,131,True,0.22946620583540442,0.22946620583540434,0.4589324116708088,"{""amount"": 0.38095238095238093, ""evidence"": 0.047619047619047616, ""novelty"": 0.047619047619047616, ""risk"": 0.14285714285714285, ""route"": 0.14285714285714285, ""time"": 0.23809523809523808}",c1befaa51ac2471f1fe49f56e824f76b742a5d26bc8eb9ea57cd681e1dbd3b3f,ok,d5cd14d8051263b49b01b10ad36e6033b2ec3219,2026-09-17T03:14:28Z__pid32940,3.7374353999985033
FULL_D6,none,Celer,202,RAW_UOT_PLAN_D4,5.0,0.05,0.5,0.15753653049848704,0.6006944444444444,0.24312896255245395,173,977,115,1150,48,129,True,0.1575645033032178,0.15756450330321833,0.31512900660643617,"{""amount"": 0.38095238095238093, ""evidence"": 0.047619047619047616, ""novelty"": 0.047619047619047616, ""risk"": 0.14285714285714285, ""route"": 0.14285714285714285, ""time"": 0.23809523809523808}",f5870efc36f32fa31bc9405542443b01a73f65d99b8b5c8c732f5cbf594c7623,ok,d5cd14d8051263b49b01b10ad36e6033b2ec3219,2026-09-17T03:14:30Z__pid32940,0.2167669000045862
FULL_D6,none,Celer,203,RAW_UOT_PLAN_D4,5.0,0.05,0.5,0.1512109810479376,0.6527777777777777,0.24553178299962922,188,1055,100,1243,48,131,True,0.24475014753326207,0.24475014753326166,0.4895002950665237,"{""amount"": 0.38095238095238093, ""evidence"": 0.047619047619047616, ""novelty"": 0.047619047619047616, ""risk"": 0.14285714285714285, ""route"": 0.14285714285714285, ""time"": 0.23809523809523808}",7af400209753a3c9d4a2ffbd0dca59cf36b5b2a7b115ff940f778c42facc0a71,ok,d5cd14d8051263b49b01b10ad36e6033b2ec3219,2026-09-17T03:14:31Z__pid32940,0.38417089999711607
FULL_D6,none,Celer,204,RAW_UOT_PLAN_D4,5.0,0.05,0.5,0.1434920026631983,0.5694444444444443,0.2258244180388577,164,978,124,1142,48,130,True,0.279602117408013,0.27960211740801305,0.559204234816026,"{""amount"": 0.38095238095238093, ""evidence"": 0.047619047619047616, ""novelty"": 0.047619047619047616, ""risk"": 0.14285714285714285, ""route"": 0.14285714285714285, ""time"": 0.23809523809523808}",66e7336cbaae44ee32f679e86f2c34f08ea52cc1c21607600bb1cc5fd3c57168,ok,d5cd14d8051263b49b01b10ad36e6033b2ec3219,2026-09-17T03:14:33Z__pid32940,0.2770126000032178
FULL_D6,none,Celer,205,RAW_UOT_PLAN_D4,5.0,0.05,0.5,0.14604692559855603,0.6215277777777777,0.23642474191145169,179,1042,109,1221,48,131,True,0.2579893732170546,0.2579893732170545,0.5159787464341091,"{""amount"": 0.38095238095238093, ""evidence"": 0.047619047619047616, ""novelty"": 0.047619047619047616, ""risk"": 0.14285714285714285, ""route"": 0.14285714285714285, ""time"": 0.23809523809523808}",843d8a8e969b59ad323785d56677aedf23fc3d99597e2f292e738ae4ea90558a,ok,d5cd14d8051263b49b01b10ad36e6033b2ec3219,2026-09-17T03:14:35Z__pid32940,0.2425994000004721
FULL_D6,none,Multi,201,RAW_UOT_PLAN_D4,5.0,0.05,0.5,0.1118076417943672,0.44444444444444436,0.17830184682949668,128,1006,160,1134,48,131,True,0.26286073402982385,0.26286073402982413,0.525721468059648,"{""amount"": 0.38095238095238093, ""evidence"": 0.047619047619047616, ""novelty"": 0.047619047619047616, ""risk"": 0.14285714285714285, ""route"": 0.14285714285714285, ""time"": 0.23809523809523808}",36714deda30f3b6ef57ec021e56d89dce9a660ff4cd497bb14442b2b40af2978,ok,d5cd14d8051263b49b01b10ad36e6033b2ec3219,2026-09-17T03:14:36Z__pid32940,0.22616159999597585
FULL_D6,none,Multi,202,RAW_UOT_PLAN_D4,5.0,0.05,0.5,0.11933047976557472,0.4756944444444444,0.190452872819565,137,1000,151,1137,48,131,True,0.24540836521311324,0.24540836521311302,0.49081673042622626,"{""amount"": 0.38095238095238093, ""evidence"": 0.047619047619047616, ""novelty"": 0.047619047619047616, ""risk"": 0.14285714285714285, ""route"": 0.14285714285714285, ""time"": 0.23809523809523808}",d2f2709e0c274347200a9f9d16e5b8d1956b42b69b502f31f4b79c3bcf4c8dbc,ok,d5cd14d8051263b49b01b10ad36e6033b2ec3219,2026-09-17T03:14:37Z__pid32940,0.21155899999575922
FULL_D6,none,Multi,203,RAW_UOT_PLAN_D4,5.0,0.05,0.5,0.11186282463487611,0.44097222222222215,0.1780086764499422,127,994,161,1121,48,131,True,0.2665882466932608,0.2665882466932611,0.533176493386522,"{""amount"": 0.38095238095238093, ""evidence"": 0.047619047619047616, ""novelty"": 0.047619047619047616, ""risk"": 0.14285714285714285, ""route"": 0.14285714285714285, ""time"": 0.23809523809523808}",d08c3c4a46036b4442de713e76d659d7f20008d76ee7526e03dcf879a03f17a3,ok,d5cd14d8051263b49b01b10ad36e6033b2ec3219,2026-09-17T03:14:39Z__pid32940,0.27331199999753153
FULL_D6,none,Multi,204,RAW_UOT_PLAN_D4,5.0,0.05,0.5,0.11133670140916518,0.4444444444444444,0.177798517170099,128,1016,160,1144,48,131,True,0.24880858542755963,0.24880858542755963,0.49761717085511925,"{""amount"": 0.38095238095238093, ""evidence"": 0.047619047619047616, ""novelty"": 0.047619047619047616, ""risk"": 0.14285714285714285, ""route"": 0.14285714285714285, ""time"": 0.23809523809523808}",9e58218e04069a0489607c0b9dd7efd093b34df3c745fc4e0ad242b6590bc11d,ok,d5cd14d8051263b49b01b10ad36e6033b2ec3219,2026-09-17T03:14:40Z__pid32940,0.2362871000004816
FULL_D6,none,Multi,205,RAW_UOT_PLAN_D4,5.0,0.05,0.5,0.11777825946037795,0.46875,0.1877832169375847,135,995,153,1130,48,131,True,0.2909530568250713,0.29095305682507133,0.5819061136501427,"{""amount"": 0.38095238095238093, ""evidence"": 0.047619047619047616, ""novelty"": 0.047619047619047616, ""risk"": 0.14285714285714285, ""route"": 0.14285714285714285, ""time"": 0.23809523809523808}",775944cc4fc0ec3dcd07d4dc78170ae6d75f2a3961605619af0d05f5e51f1751,ok,d5cd14d8051263b49b01b10ad36e6033b2ec3219,2026-09-17T03:14:42Z__pid32940,0.2627481000017724
FULL_D6,none,Poly,201,RAW_UOT_PLAN_D4,5.0,0.05,0.5,0.14694816053511706,0.6354166666666666,0.23868534482758622,183,1062,105,1245,48,131,True,0.2624292300480808,0.2624292300480807,0.5248584600961614,"{""amount"": 0.38095238095238093, ""evidence"": 0.047619047619047616, ""novelty"": 0.047619047619047616, ""risk"": 0.14285714285714285, ""route"": 0.14285714285714285, ""time"": 0.23809523809523808}",1eefbba8fbf1f2fecd9b6d6e879512123986fb80d35212588f1a72cc7468bd01,ok,d5cd14d8051263b49b01b10ad36e6033b2ec3219,2026-09-17T03:14:43Z__pid32940,0.18397640000330284
FULL_D6,none,Poly,202,RAW_UOT_PLAN_D4,5.0,0.05,0.5,0.15064102564102566,0.6527777777777777,0.24479166666666666,188,1060,100,1248,48,132,True,0.23723275117824447,0.23723275117824444,0.4744655023564889,"{""amount"": 0.38095238095238093, ""evidence"": 0.047619047619047616, ""novelty"": 0.047619047619047616, ""risk"": 0.14285714285714285, ""route"": 0.14285714285714285, ""time"": 0.23809523809523808}",fbf4b9009932c4fa50857928fdc1fb9026f159eb98c27f8f19c1e0fb98aa5f08,ok,d5cd14d8051263b49b01b10ad36e6033b2ec3219,2026-09-17T03:14:44Z__pid32940,0.2618478000003961
FULL_D6,none,Poly,203,RAW_UOT_PLAN_D4,5.0,0.05,0.5,0.15224358974358976,0.6597222222222222,0.24739583333333334,190,1058,98,1248,48,132,True,0.2387331833188076,0.2387331833188076,0.4774663666376152,"{""amount"": 0.38095238095238093, ""evidence"": 0.047619047619047616, ""novelty"": 0.047619047619047616, ""risk"": 0.14285714285714285, ""route"": 0.14285714285714285, ""time"": 0.23809523809523808}",25988e7217482d43adda9c16e33af9258b0dd3c16ea4f7efecafe63181f8e999,ok,d5cd14d8051263b49b01b10ad36e6033b2ec3219,2026-09-17T03:14:46Z__pid32940,0.24693739999929676
FULL_D6,none,Poly,204,RAW_UOT_PLAN_D4,5.0,0.05,0.5,0.1514423076923077,0.6562499999999999,0.24609375,189,1059,99,1248,48,132,True,0.23113430557994177,0.23113430557994188,0.46226861115988366,"{""amount"": 0.38095238095238093, ""evidence"": 0.047619047619047616, ""novelty"": 0.047619047619047616, ""risk"": 0.14285714285714285, ""route"": 0.14285714285714285, ""time"": 0.23809523809523808}",3063edf0f1e779639f6c85b82036f647c64308c5aaec8e2ef8650b831e687fc2,ok,d5cd14d8051263b49b01b10ad36e6033b2ec3219,2026-09-17T03:14:47Z__pid32940,0.28627469999628374
FULL_D6,none,Poly,205,RAW_UOT_PLAN_D4,5.0,0.05,0.5,0.14162240905900328,0.6006944444444443,0.2290334127079817,173,1038,115,1211,48,132,True,0.23860269217957156,0.23860269217957153,0.47720538435914306,"{""amount"": 0.38095238095238093, ""evidence"": 0.047619047619047616, ""novelty"": 0.047619047619047616, ""risk"": 0.14285714285714285, ""route"": 0.14285714285714285, ""time"": 0.23809523809523808}",9c30a9f56114cad101d8b6420e6e8e25c940ad8ef545ea61ada746cd6f8e8bf5,ok,d5cd14d8051263b49b01b10ad36e6033b2ec3219,2026-09-17T03:14:49Z__pid32940,0.25828829999954905
LOCO_AMOUNT,amount,Celer,201,RAW_UOT_PLAN_D4,5.0,0.05,0.5,0.14979166666666668,0.6215277777777777,0.24136683209263854,179,941,109,1120,48,131,True,0.2752745780594206,0.2752745780594205,0.5505491561188411,"{""amount"": 0.0, ""evidence"": 0.07692307692307691, ""novelty"": 0.07692307692307691, ""risk"": 0.23076923076923073, ""route"": 0.23076923076923073, ""time"": 0.3846153846153845}",99df17ae7a2830918bea2515e656e63e839e7c9ce07d1ab39f694183f6180650,ok,d5cd14d8051263b49b01b10ad36e6033b2ec3219,2026-09-17T03:14:29Z__pid32940,0.14366989999689395
LOCO_AMOUNT,amount,Celer,202,RAW_UOT_PLAN_D4,5.0,0.05,0.5,0.14312500000000003,0.59375,0.23061414392059554,171,899,117,1070,48,129,True,0.21315069497760644,0.2131506949776065,0.42630138995521294,"{""amount"": 0.0, ""evidence"": 0.07692307692307691, ""novelty"": 0.07692307692307691, ""risk"": 0.23076923076923073, ""route"": 0.23076923076923073, ""time"": 0.3846153846153845}",2b4576b33c880c17b594d8a81ec868c2b2b093b86d4d78a1d74a487d79d1f662,ok,d5cd14d8051263b49b01b10ad36e6033b2ec3219,2026-09-17T03:14:30Z__pid32940,0.12275889999727951
LOCO_AMOUNT,amount,Celer,203,RAW_UOT_PLAN_D4,5.0,0.05,0.5,0.16,0.6666666666666666,0.25806451612903225,192,1008,96,1200,48,131,True,0.29162587981851323,0.29162587981851307,0.5832517596370264,"{""amount"": 0.0, ""evidence"": 0.07692307692307691, ""novelty"": 0.07692307692307691, ""risk"": 0.23076923076923073, ""route"": 0.23076923076923073, ""time"": 0.3846153846153845}",b5e09afce5ff010b214a3b6023616c090371bb8d153aa755269c993c41c471bf,ok,d5cd14d8051263b49b01b10ad36e6033b2ec3219,2026-09-17T03:14:32Z__pid32940,0.18178920000354992
LOCO_AMOUNT,amount,Celer,204,RAW_UOT_PLAN_D4,5.0,0.05,0.5,0.14979166666666668,0.6215277777777777,0.24136683209263854,179,941,109,1120,48,131,True,0.31769789107861734,0.31769789107861723,0.6353957821572346,"{""amount"": 0.0, ""evidence"": 0.07692307692307691, ""novelty"": 0.07692307692307691, ""risk"": 0.23076923076923073, ""route"": 0.23076923076923073, ""time"": 0.3846153846153845}",501bc61bbca2ddbb4a53c96a48f4e98b0cf7fa3a135cafc0415aa0dc98d8d526,ok,d5cd14d8051263b49b01b10ad36e6033b2ec3219,2026-09-17T03:14:33Z__pid32940,0.13588829999935115
LOCO_AMOUNT,amount,Celer,205,RAW_UOT_PLAN_D4,5.0,0.05,0.5,0.153125,0.6354166666666666,0.24674317617866004,183,962,105,1145,48,131,True,0.30413012034769676,0.30413012034769643,0.6082602406953932,"{""amount"": 0.0, ""evidence"": 0.07692307692307691, ""novelty"": 0.07692307692307691, ""risk"": 0.23076923076923073, ""route"": 0.23076923076923073, ""time"": 0.3846153846153845}",85b1d10550ace12bea66d53f11f72ccd933b2b8cf6589b275b723084a34911df,ok,d5cd14d8051263b49b01b10ad36e6033b2ec3219,2026-09-17T03:14:35Z__pid32940,0.12318700000469107
LOCO_AMOUNT,amount,Multi,201,RAW_UOT_PLAN_D4,5.0,0.05,0.5,0.13416666666666666,0.4791666666666667,0.2035538386344838,138,723,150,861,48,131,True,0.3195061572587218,0.31950615725872195,0.6390123145174438,"{""amount"": 0.0, ""evidence"": 0.07692307692307691, ""novelty"": 0.07692307692307691, ""risk"": 0.23076923076923073, ""route"": 0.23076923076923073, ""time"": 0.3846153846153845}",d0c238fb506e9b381a78416a2744ed345fe5f529c9dfaef82397ed9c6a076859,ok,d5cd14d8051263b49b01b10ad36e6033b2ec3219,2026-09-17T03:14:36Z__pid32940,0.12969650000013644
LOCO_AMOUNT,amount,Multi,202,RAW_UOT_PLAN_D4,5.0,0.05,0.5,0.14440972222222223,0.5694444444444443,0.22746992777234712,164,862,124,1026,48,131,True,0.29864319662325245,0.29864319662325245,0.5972863932465049,"{""amount"": 0.0, ""evidence"": 0.07692307692307691, ""novelty"": 0.07692307692307691, ""risk"": 0.23076923076923073, ""route"": 0.23076923076923073, ""time"": 0.3846153846153845}",2449cc29aceca3dac262b69c83a7dff5a5168995096b96740abc065ca3ce8d05,ok,d5cd14d8051263b49b01b10ad36e6033b2ec3219,2026-09-17T03:14:37Z__pid32940,0.1443959000025643
LOCO_AMOUNT,amount,Multi,203,RAW_UOT_PLAN_D4,5.0,0.05,0.5,0.13479166666666667,0.5381944444444443,0.21414909015715466,155,814,133,969,48,131,True,0.3207849597079028,0.3207849597079028,0.6415699194158055,"{""amount"": 0.0, ""evidence"": 0.07692307692307691, ""novelty"": 0.07692307692307691, ""risk"": 0.23076923076923073, ""route"": 0.23076923076923073, ""time"": 0.3846153846153845}",86b50e8f2ac676c47bdd89c7b63c48ccbd97443ac3c33a9041be01369a2d4821,ok,d5cd14d8051263b49b01b10ad36e6033b2ec3219,2026-09-17T03:14:39Z__pid32940,0.15883689999463968
LOCO_AMOUNT,amount,Multi,204,RAW_UOT_PLAN_D4,5.0,0.05,0.5,0.118125,0.46875,0.18726736972704713,135,719,153,854,48,131,True,0.30659867417807013,0.30659867417807,0.6131973483561401,"{""amount"": 0.0, ""evidence"": 0.07692307692307691, ""novelty"": 0.07692307692307691, ""risk"": 0.23076923076923073, ""route"": 0.23076923076923073, ""time"": 0.3846153846153845}",f16a72400c2679372a8a48478f95c5d2b62cdde5e6c224d13705930bdbc75cd4,ok,d5cd14d8051263b49b01b10ad36e6033b2ec3219,2026-09-17T03:14:40Z__pid32940,0.11300389999814797
LOCO_AMOUNT,amount,Multi,205,RAW_UOT_PLAN_D4,5.0,0.05,0.5,0.14034722222222223,0.548611111111111,0.2205051183881829,158,834,130,992,48,132,True,0.3494059832659785,0.3494059832659785,0.698811966531957,"{""amount"": 0.0, ""evidence"": 0.07692307692307691, ""novelty"": 0.07692307692307691, ""risk"": 0.23076923076923073, ""route"": 0.23076923076923073, ""time"": 0.3846153846153845}",3df9710a35d4ee3419f713051cccde619121dfb1199d81755e289195eb5e3fe8,ok,d5cd14d8051263b49b01b10ad36e6033b2ec3219,2026-09-17T03:14:42Z__pid32940,0.1474062999986927
LOCO_AMOUNT,amount,Poly,201,RAW_UOT_PLAN_D4,5.0,0.05,0.5,0.16,0.6666666666666666,0.25806451612903225,192,1008,96,1200,48,131,True,0.30730483203163467,0.3073048320316347,0.6146096640632694,"{""amount"": 0.0, ""evidence"": 0.07692307692307691, ""novelty"": 0.07692307692307691, ""risk"": 0.23076923076923073, ""route"": 0.23076923076923073, ""time"": 0.3846153846153845}",3ce3f4930a71249852fbff76e3d455be8824eb7e4db17dd20e7113ee7f635544,ok,d5cd14d8051263b49b01b10ad36e6033b2ec3219,2026-09-17T03:14:43Z__pid32940,0.1228045000025304
LOCO_AMOUNT,amount,Poly,202,RAW_UOT_PLAN_D4,5.0,0.05,0.5,0.16,0.6666666666666666,0.25806451612903225,192,1008,96,1200,48,131,True,0.28316053173962136,0.2831605317396212,0.5663210634792426,"{""amount"": 0.0, ""evidence"": 0.07692307692307691, ""novelty"": 0.07692307692307691, ""risk"": 0.23076923076923073, ""route"": 0.23076923076923073, ""time"": 0.3846153846153845}",84acecb7d5190ce0209dff9828f8a7a5c36363a2b8f93469cab00dbd60775b05,ok,d5cd14d8051263b49b01b10ad36e6033b2ec3219,2026-09-17T03:14:44Z__pid32940,0.15754130000277655
LOCO_AMOUNT,amount,Poly,203,RAW_UOT_PLAN_D4,5.0,0.05,0.5,0.16,0.6666666666666666,0.25806451612903225,192,1008,96,1200,48,131,True,0.28460735993465947,0.2846073599346596,0.569214719869319,"{""amount"": 0.0, ""evidence"": 0.07692307692307691, ""novelty"": 0.07692307692307691, ""risk"": 0.23076923076923073, ""route"": 0.23076923076923073, ""time"": 0.3846153846153845}",95a621f447cd3272bfdce1607a0139e338360fac98f53eea9621414b0bc1532b,ok,d5cd14d8051263b49b01b10ad36e6033b2ec3219,2026-09-17T03:14:46Z__pid32940,0.12710150000202702
LOCO_AMOUNT,amount,Poly,204,RAW_UOT_PLAN_D4,5.0,0.05,0.5,0.16,0.6666666666666666,0.25806451612903225,192,1008,96,1200,48,131,True,0.27821664957423253,0.2782166495742328,0.5564332991484653,"{""amount"": 0.0, ""evidence"": 0.07692307692307691, ""novelty"": 0.07692307692307691, ""risk"": 0.23076923076923073, ""route"": 0.23076923076923073, ""time"": 0.3846153846153845}",e9feb8c11e856b38f105c239c6e49e9317de059b99dbe34f4b5c55eac3fdfdd3,ok,d5cd14d8051263b49b01b10ad36e6033b2ec3219,2026-09-17T03:14:47Z__pid32940,0.16874990000360413
LOCO_AMOUNT,amount,Poly,205,RAW_UOT_PLAN_D4,5.0,0.05,0.5,0.16,0.6666666666666666,0.25806451612903225,192,1008,96,1200,48,131,True,0.2848238051807682,0.2848238051807683,0.5696476103615364,"{""amount"": 0.0, ""evidence"": 0.07692307692307691, ""novelty"": 0.07692307692307691, ""risk"": 0.23076923076923073, ""route"": 0.23076923076923073, ""time"": 0.3846153846153845}",532893fa98e33e0cbb5c7ce3dfbc67ff83b544bf6759f5ec2c11bf4d7e721bec,ok,d5cd14d8051263b49b01b10ad36e6033b2ec3219,2026-09-17T03:14:49Z__pid32940,0.14013100000011036
LOCO_EVIDENCE,evidence,Celer,201,RAW_UOT_PLAN_D4,5.0,0.05,0.5,0.149053325901152,0.6319444444444443,0.24079088647880362,182,1033,106,1215,48,131,True,0.22942719626465985,0.2294271962646597,0.4588543925293196,"{""amount"": 0.4, ""evidence"": 0.0, ""novelty"": 0.05, ""risk"": 0.15, ""route"": 0.15, ""time"": 0.25}",69a33c2f0a3881499fbc34ccf674636c5f7d6b45bb7dd665ee3970ef459a839e,ok,d5cd14d8051263b49b01b10ad36e6033b2ec3219,2026-09-17T03:14:29Z__pid32940,0.16068120000272756
LOCO_EVIDENCE,evidence,Celer,202,RAW_UOT_PLAN_D4,5.0,0.05,0.5,0.15743201544831983,0.6006944444444444,0.24299426427659188,173,977,115,1150,48,129,True,0.15789453578086848,0.1578945357808685,0.31578907156173697,"{""amount"": 0.4, ""evidence"": 0.0, ""novelty"": 0.05, ""risk"": 0.15, ""route"": 0.15, ""time"": 0.25}",6a2a84bcfdcc36986cca990582be6acb3a330e2ac85c043e4b858eebb885b35d,ok,d5cd14d8051263b49b01b10ad36e6033b2ec3219,2026-09-17T03:14:31Z__pid32940,0.14074450000043726
LOCO_EVIDENCE,evidence,Celer,203,RAW_UOT_PLAN_D4,5.0,0.05,0.5,0.14880713489409145,0.642361111111111,0.24162553299962922,185,1058,103,1243,48,131,True,0.24490267923244644,0.2449026792324464,0.4898053584648928,"{""amount"": 0.4, ""evidence"": 0.0, ""novelty"": 0.05, ""risk"": 0.15, ""route"": 0.15, ""time"": 0.25}",de8ec7afdec6154d071a88b415bfbca3dfcb1e39b07aff7caf8d60479e7b6f8a,ok,d5cd14d8051263b49b01b10ad36e6033b2ec3219,2026-09-17T03:14:33Z__pid32940,0.16416219999518944
LOCO_EVIDENCE,evidence,Celer,204,RAW_UOT_PLAN_D4,5.0,0.05,0.5,0.14678870595990162,0.5833333333333333,0.23115516946335912,168,975,120,1143,48,130,True,0.2810735503081915,0.2810735503081914,0.562147100616383,"{""amount"": 0.4, ""evidence"": 0.0, ""novelty"": 0.05, ""risk"": 0.15, ""route"": 0.15, ""time"": 0.25}",fc82d32c16cd59542626f0f58613c0fbe655adc6f434eda801a635e9b0107132,ok,d5cd14d8051263b49b01b10ad36e6033b2ec3219,2026-09-17T03:14:34Z__pid32940,0.12208059999829857
LOCO_EVIDENCE,evidence,Celer,205,RAW_UOT_PLAN_D4,5.0,0.05,0.5,0.1437255377472769,0.611111111111111,0.23263152443288937,176,1045,112,1221,48,131,True,0.2581908037283425,0.25819080372834236,0.5163816074566849,"{""amount"": 0.4, ""evidence"": 0.0, ""novelty"": 0.05, ""risk"": 0.15, ""route"": 0.15, ""time"": 0.25}",8be04f24cd42c62e683ee7a7ba274ea0ca76da44b52ca80298884817eb2f14f4,ok,d5cd14d8051263b49b01b10ad36e6033b2ec3219,2026-09-17T03:14:35Z__pid32940,0.15652639999461826
LOCO_EVIDENCE,evidence,Multi,201,RAW_UOT_PLAN_D4,5.0,0.05,0.5,0.1134102058969313,0.45138888888888884,0.18090601349616334,130,1004,158,1134,48,131,True,0.2644597311644393,0.2644597311644392,0.5289194623288785,"{""amount"": 0.4, ""evidence"": 0.0, ""novelty"": 0.05, ""risk"": 0.15, ""route"": 0.15, ""time"": 0.25}",1009629c2c6c1ad8ee999745493568eb3d899d03fbeaa0b2a2bbc59ea54f8cec,ok,d5cd14d8051263b49b01b10ad36e6033b2ec3219,2026-09-17T03:14:37Z__pid32940,0.12489170000480954
LOCO_EVIDENCE,evidence,Multi,202,RAW_UOT_PLAN_D4,5.0,0.05,0.5,0.11790973867092058,0.46527777777777773,0.1877698315499576,134,990,154,1124,48,132,True,0.24623092023194443,0.24623092023194387,0.4924618404638883,"{""amount"": 0.4, ""evidence"": 0.0, ""novelty"": 0.05, ""risk"": 0.15, ""route"": 0.15, ""time"": 0.25}",0ffabffc22d508dbd858ee50232ad07d156ae549df2e972e49f6d151b442580f,ok,d5cd14d8051263b49b01b10ad36e6033b2ec3219,2026-09-17T03:14:38Z__pid32940,0.12451039999723434
LOCO_EVIDENCE,evidence,Multi,203,RAW_UOT_PLAN_D4,5.0,0.05,0.5,0.11186282463487611,0.44097222222222215,0.1780086764499422,127,994,161,1121,48,132,True,0.26785639155133995,0.26785639155134033,0.5357127831026802,"{""amount"": 0.4, ""evidence"": 0.0, ""novelty"": 0.05, ""risk"": 0.15, ""route"": 0.15, ""time"": 0.25}",e194b527bf99f3e3d6a1ea24f96f5dc67e2d8fe3315d28fe024b4e2f798999f4,ok,d5cd14d8051263b49b01b10ad36e6033b2ec3219,2026-09-17T03:14:40Z__pid32940,0.14301079999859212
LOCO_EVIDENCE,evidence,Multi,204,RAW_UOT_PLAN_D4,5.0,0.05,0.5,0.10990136138686864,0.4375,0.17539121721430764,126,1015,162,1141,48,131,True,0.2502497670801031,0.25024976708010316,0.5004995341602063,"{""amount"": 0.4, ""evidence"": 0.0, ""novelty"": 0.05, ""risk"": 0.15, ""route"": 0.15, ""time"": 0.25}",83cc331d41f9aef7f820697f7838bf6f8659a15a25d258feb563944043a2fc8a,ok,d5cd14d8051263b49b01b10ad36e6033b2ec3219,2026-09-17T03:14:41Z__pid32940,0.11151480000262382
LOCO_EVIDENCE,evidence,Multi,205,RAW_UOT_PLAN_D4,5.0,0.05,0.5,0.11777825946037795,0.46875,0.1877832169375847,135,995,153,1130,48,132,True,0.2930559997118145,0.2930559997118146,0.5861119994236291,"{""amount"": 0.4, ""evidence"": 0.0, ""novelty"": 0.05, ""risk"": 0.15, ""route"": 0.15, ""time"": 0.25}",16c486b985af1f8e13f1f700a5e33c59cffdd4ed462a1c9d19eef86ddf83a886,ok,d5cd14d8051263b49b01b10ad36e6033b2ec3219,2026-09-17T03:14:42Z__pid32940,0.1358293000012054
LOCO_EVIDENCE,evidence,Poly,201,RAW_UOT_PLAN_D4,5.0,0.05,0.5,0.15015328874024528,0.6493055555555555,0.24389367816091956,187,1058,101,1245,48,132,True,0.262586570067448,0.26258657006744796,0.525173140134896,"{""amount"": 0.4, ""evidence"": 0.0, ""novelty"": 0.05, ""risk"": 0.15, ""route"": 0.15, ""time"": 0.25}",d288909fdac5fb4c2c8b4a890ebbe2672bd475c36138881c3a1efb9f0c90ee4e,ok,d5cd14d8051263b49b01b10ad36e6033b2ec3219,2026-09-17T03:14:44Z__pid32940,0.14254369999980554
LOCO_EVIDENCE,evidence,Poly,202,RAW_UOT_PLAN_D4,5.0,0.05,0.5,0.1498397435897436,0.6493055555555555,0.24348958333333334,187,1061,101,1248,48,133,True,0.23723549168002722,0.2372354916800272,0.47447098336005444,"{""amount"": 0.4, ""evidence"": 0.0, ""novelty"": 0.05, ""risk"": 0.15, ""route"": 0.15, ""time"": 0.25}",fdddff71424b19856dd0da9baa23d5e80e03ad58d9b25552cbfedb677679023f,ok,d5cd14d8051263b49b01b10ad36e6033b2ec3219,2026-09-17T03:14:45Z__pid32940,0.12185210000461666
LOCO_EVIDENCE,evidence,Poly,203,RAW_UOT_PLAN_D4,5.0,0.05,0.5,0.1514423076923077,0.6562499999999999,0.24609375,189,1059,99,1248,48,133,True,0.23873152282130936,0.2387315228213096,0.477463045642619,"{""amount"": 0.4, ""evidence"": 0.0, ""novelty"": 0.05, ""risk"": 0.15, ""route"": 0.15, ""time"": 0.25}",de2c8c4eed5d9ded585a500decf37360d89b0ca82a0ebb1aa4fac0e138f57d4f,ok,d5cd14d8051263b49b01b10ad36e6033b2ec3219,2026-09-17T03:14:47Z__pid32940,0.17330429999856278
LOCO_EVIDENCE,evidence,Poly,204,RAW_UOT_PLAN_D4,5.0,0.05,0.5,0.15064102564102566,0.6527777777777777,0.24479166666666666,188,1060,100,1248,48,133,True,0.23121591701563637,0.23121591701563615,0.4624318340312725,"{""amount"": 0.4, ""evidence"": 0.0, ""novelty"": 0.05, ""risk"": 0.15, ""route"": 0.15, ""time"": 0.25}",90d96a682572ed482187e0e077976de10277c52d0a37a61005b5868a00a33383,ok,d5cd14d8051263b49b01b10ad36e6033b2ec3219,2026-09-17T03:14:48Z__pid32940,0.13491390000126557
LOCO_EVIDENCE,evidence,Poly,205,RAW_UOT_PLAN_D4,5.0,0.05,0.5,0.13841728085387509,0.5868055555555555,0.22382507937464835,169,1042,119,1211,48,133,True,0.2386609720082653,0.23866097200826514,0.47732194401653044,"{""amount"": 0.4, ""evidence"": 0.0, ""novelty"": 0.05, ""risk"": 0.15, ""route"": 0.15, ""time"": 0.25}",71d89e90c05266829d16aa3a488e030e18fa308722f41a022005d3869933f36a,ok,d5cd14d8051263b49b01b10ad36e6033b2ec3219,2026-09-17T03:14:50Z__pid32940,0.1482393000042066
LOCO_NOVELTY,novelty,Celer,201,RAW_UOT_PLAN_D4,5.0,0.05,0.5,0.14870610367892978,0.6284722222222222,0.24004302323094037,181,1030,107,1211,48,130,True,0.208675831039985,0.2086758310399851,0.4173516620799701,"{""amount"": 0.4, ""evidence"": 0.05, ""novelty"": 0.0, ""risk"": 0.15, ""route"": 0.15, ""time"": 0.25}",a96c59f586fb2c27590cada372c989da5e52a878b9a06c36dd27874e0c5b0a77,ok,d5cd14d8051263b49b01b10ad36e6033b2ec3219,2026-09-17T03:14:30Z__pid32940,0.16436529999919003
LOCO_NOVELTY,novelty,Celer,202,RAW_UOT_PLAN_D4,5.0,0.05,0.5,0.15654446700642355,0.5972222222222222,0.24158575267591073,172,978,116,1150,48,129,True,0.1369188646904489,0.13691886469044912,0.273837729380898,"{""amount"": 0.4, ""evidence"": 0.05, ""novelty"": 0.0, ""risk"": 0.15, ""route"": 0.15, ""time"": 0.25}",33a509813b576e60dfa0987b02619ed344d5f344a13815922e803dd1dd8b396f,ok,d5cd14d8051263b49b01b10ad36e6033b2ec3219,2026-09-17T03:14:31Z__pid32940,0.1334015000029467
LOCO_NOVELTY,novelty,Celer,203,RAW_UOT_PLAN_D4,5.0,0.05,0.5,0.14835144927536234,0.6388888888888888,0.24076954718205412,184,1056,104,1240,48,130,True,0.2260294696652772,0.22602946966527673,0.45205893933055397,"{""amount"": 0.4, ""evidence"": 0.05, ""novelty"": 0.0, ""risk"": 0.15, ""route"": 0.15, ""time"": 0.25}",61f2c9fe380d9a60a36a3775ac4323a47517edec3f33ffa41c104602445f0553,ok,d5cd14d8051263b49b01b10ad36e6033b2ec3219,2026-09-17T03:14:33Z__pid32940,0.16641029999300372
LOCO_NOVELTY,novelty,Celer,204,RAW_UOT_PLAN_D4,5.0,0.05,0.5,0.14117973160092726,0.5590277777777777,0.22204058613002578,161,982,127,1143,48,130,True,0.2617580808589727,0.26175808085897234,0.523516161717945,"{""amount"": 0.4, ""evidence"": 0.05, ""novelty"": 0.0, ""risk"": 0.15, ""route"": 0.15, ""time"": 0.25}",25fb9a7165beec3d949be61718e00dcd4099154d9b9a7dc82638ec8232819bc8,ok,d5cd14d8051263b49b01b10ad36e6033b2ec3219,2026-09-17T03:14:34Z__pid32940,0.15775920000305632
LOCO_NOVELTY,novelty,Celer,205,RAW_UOT_PLAN_D4,5.0,0.05,0.5,0.145328101849841,0.6180555555555555,0.23523569109955603,178,1043,110,1221,48,130,True,0.23959700974112016,0.23959700974112005,0.4791940194822402,"{""amount"": 0.4, ""evidence"": 0.05, ""novelty"": 0.0, ""risk"": 0.15, ""route"": 0.15, ""time"": 0.25}",bdb79ffdd911eb9bada58fda0994974487da568b8899a37a63dfbf5675ac14f1,ok,d5cd14d8051263b49b01b10ad36e6033b2ec3219,2026-09-17T03:14:36Z__pid32940,0.14030309999361634
LOCO_NOVELTY,novelty,Multi,201,RAW_UOT_PLAN_D4,5.0,0.05,0.5,0.11123696260081191,0.4375,0.17693684574866553,126,996,162,1122,48,130,True,0.24264798281205438,0.2426479828120548,0.48529596562410915,"{""amount"": 0.4, ""evidence"": 0.05, ""novelty"": 0.0, ""risk"": 0.15, ""route"": 0.15, ""time"": 0.25}",5510f17a9cc2a1a0006538412cca352233b69ac3208a437299f0eb9e3f63fae9,ok,d5cd14d8051263b49b01b10ad36e6033b2ec3219,2026-09-17T03:14:37Z__pid32940,0.1235369999994873
LOCO_NOVELTY,novelty,Multi,202,RAW_UOT_PLAN_D4,5.0,0.05,0.5,0.11487249813368004,0.4479166666666667,0.1824576283210877,129,981,159,1110,48,131,True,0.22420833650847377,0.22420833650847344,0.4484166730169472,"{""amount"": 0.4, ""evidence"": 0.05, ""novelty"": 0.0, ""risk"": 0.15, ""route"": 0.15, ""time"": 0.25}",984bf110f43b133734b620ad01211e9358141b6f3ba43435b83c17e2e3ea4a8a,ok,d5cd14d8051263b49b01b10ad36e6033b2ec3219,2026-09-17T03:14:38Z__pid32940,0.16555399999924703
LOCO_NOVELTY,novelty,Multi,203,RAW_UOT_PLAN_D4,5.0,0.05,0.5,0.11048753007570473,0.4305555555555555,0.17534886724855084,124,987,164,1111,48,131,True,0.24619862999531222,0.24619862999531236,0.49239725999062456,"{""amount"": 0.4, ""evidence"": 0.05, ""novelty"": 0.0, ""risk"": 0.15, ""route"": 0.15, ""time"": 0.25}",d6464b252ce0b6fbd7a4bd963dcb6fb03891de890c98936ea825fd3cd18b013f,ok,d5cd14d8051263b49b01b10ad36e6033b2ec3219,2026-09-17T03:14:40Z__pid32940,0.15264130000286968
LOCO_NOVELTY,novelty,Multi,204,RAW_UOT_PLAN_D4,5.0,0.05,0.5,0.10238088602219036,0.3958333333333333,0.16236103419490053,114,992,174,1106,48,130,True,0.22819526248902927,0.22819526248902913,0.45639052497805843,"{""amount"": 0.4, ""evidence"": 0.05, ""novelty"": 0.0, ""risk"": 0.15, ""route"": 0.15, ""time"": 0.25}",545fd7b7b8b5eb140bd87870e9888933a2d6093dbf611158e89f1899ad861b3c,ok,d5cd14d8051263b49b01b10ad36e6033b2ec3219,2026-09-17T03:14:41Z__pid32940,0.13551230000302894
LOCO_NOVELTY,novelty,Multi,205,RAW_UOT_PLAN_D4,5.0,0.05,0.5,0.11415018904180574,0.4479166666666667,0.1813833435442549,129,988,159,1117,48,131,True,0.27181142194272523,0.2718114219427251,0.5436228438854503,"{""amount"": 0.4, ""evidence"": 0.05, ""novelty"": 0.0, ""risk"": 0.15, ""route"": 0.15, ""time"": 0.25}",56d66670c7163dcc8dc2edc7b36c67d1c55a4e3dcc1c58dff4ced02c768e7ddf,ok,d5cd14d8051263b49b01b10ad36e6033b2ec3219,2026-09-17T03:14:43Z__pid32940,0.13194620000285795
LOCO_NOVELTY,novelty,Poly,201,RAW_UOT_PLAN_D4,5.0,0.05,0.5,0.1477494425863991,0.6388888888888888,0.23998742816091956,184,1061,104,1245,48,131,True,0.23929752236771998,0.23929752236772006,0.47859504473544,"{""amount"": 0.4, ""evidence"": 0.05, ""novelty"": 0.0, ""risk"": 0.15, ""route"": 0.15, ""time"": 0.25}",f7a4da5ba1d571658094743fddbcd7e52cd43918631d9333a2869fc3733027ca,ok,d5cd14d8051263b49b01b10ad36e6033b2ec3219,2026-09-17T03:14:44Z__pid32940,0.1513582999978098
LOCO_NOVELTY,novelty,Poly,202,RAW_UOT_PLAN_D4,5.0,0.05,0.5,0.1498397435897436,0.6493055555555555,0.24348958333333334,187,1061,101,1248,48,132,True,0.21330289085622917,0.21330289085622867,0.42660578171245783,"{""amount"": 0.4, ""evidence"": 0.05, ""novelty"": 0.0, ""risk"": 0.15, ""route"": 0.15, ""time"": 0.25}",be2ba9c8bbe9a77ec35c353e98064b91d709c874ac41ddbe7876bcba754944ef,ok,d5cd14d8051263b49b01b10ad36e6033b2ec3219,2026-09-17T03:14:45Z__pid32940,0.13357349999569124
LOCO_NOVELTY,novelty,Poly,203,RAW_UOT_PLAN_D4,5.0,0.05,0.5,0.15064102564102566,0.6527777777777778,0.24479166666666666,188,1060,100,1248,48,132,True,0.2147593811866949,0.21475938118669513,0.42951876237339004,"{""amount"": 0.4, ""evidence"": 0.05, ""novelty"": 0.0, ""risk"": 0.15, ""route"": 0.15, ""time"": 0.25}",552c4a72eb69301b03fbfba5ce66e599b997ea394b14eca1ca489f9db163ce14,ok,d5cd14d8051263b49b01b10ad36e6033b2ec3219,2026-09-17T03:14:47Z__pid32940,0.16665759999887086
LOCO_NOVELTY,novelty,Poly,204,RAW_UOT_PLAN_D4,5.0,0.05,0.5,0.1530448717948718,0.6631944444444443,0.24869791666666666,191,1057,97,1248,48,132,True,0.20698593436945847,0.2069859343694586,0.4139718687389171,"{""amount"": 0.4, ""evidence"": 0.05, ""novelty"": 0.0, ""risk"": 0.15, ""route"": 0.15, ""time"": 0.25}",7d2fb91174b243192e2de046835b14c378f733613f83f77aeeecd8f70c918bff,ok,d5cd14d8051263b49b01b10ad36e6033b2ec3219,2026-09-17T03:14:48Z__pid32940,0.17421420000027865
LOCO_NOVELTY,novelty,Poly,205,RAW_UOT_PLAN_D4,5.0,0.05,0.5,0.13908996477868293,0.5902777777777777,0.22495079154561912,170,1042,118,1212,48,132,True,0.21467217019558338,0.21467217019558338,0.42934434039116676,"{""amount"": 0.4, ""evidence"": 0.05, ""novelty"": 0.0, ""risk"": 0.15, ""route"": 0.15, ""time"": 0.25}",9a639051892d79611fec7e60e9cf2c28b1dbfb151de3696811f9018e08dfbc4e,ok,d5cd14d8051263b49b01b10ad36e6033b2ec3219,2026-09-17T03:14:50Z__pid32940,0.15476879999914672
LOCO_RISK,risk,Celer,201,RAW_UOT_PLAN_D4,5.0,0.05,0.5,0.1506085762064023,0.6388888888888887,0.2434762583426029,184,1036,104,1220,48,129,True,0.15826648593397308,0.15826648593397302,0.3165329718679461,"{""amount"": 0.4444444444444444, ""evidence"": 0.05555555555555555, ""novelty"": 0.05555555555555555, ""risk"": 0.0, ""route"": 0.16666666666666663, ""time"": 0.27777777777777773}",38c416ba62ebc294f53373968b52fe364061849d0cda262ab8b2280392d2a818,ok,d5cd14d8051263b49b01b10ad36e6033b2ec3219,2026-09-17T03:14:29Z__pid32940,0.15891659999761032
LOCO_RISK,risk,Celer,202,RAW_UOT_PLAN_D4,5.0,0.05,0.5,0.15820426554122205,0.611111111111111,0.2457124612297026,176,978,112,1154,48,128,True,0.06714845982877733,0.06714845982877783,0.13429691965755516,"{""amount"": 0.4444444444444444, ""evidence"": 0.05555555555555555, ""novelty"": 0.05555555555555555, ""risk"": 0.0, ""route"": 0.16666666666666663, ""time"": 0.27777777777777773}",94c5a30383a6ce8ffeca5232c9848cdf68773161a1896b531f7ba0f012abd9b1,ok,d5cd14d8051263b49b01b10ad36e6033b2ec3219,2026-09-17T03:14:31Z__pid32940,0.13291989999561338
LOCO_RISK,risk,Celer,203,RAW_UOT_PLAN_D4,5.0,0.05,0.5,0.15155657748049053,0.6527777777777777,0.24597788051538746,188,1052,100,1240,48,129,True,0.1692837146321993,0.16928371463219916,0.3385674292643984,"{""amount"": 0.4444444444444444, ""evidence"": 0.05555555555555555, ""novelty"": 0.05555555555555555, ""risk"": 0.0, ""route"": 0.16666666666666663, ""time"": 0.27777777777777773}",02acc263a4a69ff9fac7ded6b8638b762916c98bce0bcb3fe2373edec8679b2c,ok,d5cd14d8051263b49b01b10ad36e6033b2ec3219,2026-09-17T03:14:32Z__pid32940,0.16877720000047702
LOCO_RISK,risk,Celer,204,RAW_UOT_PLAN_D4,5.0,0.05,0.5,0.14384249003814223,0.579861111111111,0.22878002759626748,167,1002,121,1169,48,128,True,0.21209378334469275,0.21209378334469287,0.4241875666893856,"{""amount"": 0.4444444444444444, ""evidence"": 0.05555555555555555, ""novelty"": 0.05555555555555555, ""risk"": 0.0, ""route"": 0.16666666666666663, ""time"": 0.27777777777777773}",e4bc545a37e6933f5094c0df8e0fbba5ba3982968bb588bb08086aa34905c554,ok,d5cd14d8051263b49b01b10ad36e6033b2ec3219,2026-09-17T03:14:34Z__pid32940,0.12516250000044238
LOCO_RISK,risk,Celer,205,RAW_UOT_PLAN_D4,5.0,0.05,0.5,0.1441134469395339,0.6145833333333333,0.2334088845287631,177,1047,111,1224,48,129,True,0.18560101896463,0.18560101896462994,0.37120203792925993,"{""amount"": 0.4444444444444444, ""evidence"": 0.05555555555555555, ""novelty"": 0.05555555555555555, ""risk"": 0.0, ""route"": 0.16666666666666663, ""time"": 0.27777777777777773}",60306cdbf2a015add2029207a01432497de9135d9e8d08e159f09b93091f7ecd,ok,d5cd14d8051263b49b01b10ad36e6033b2ec3219,2026-09-17T03:14:35Z__pid32940,0.13427320000482723
LOCO_RISK,risk,Multi,201,RAW_UOT_PLAN_D4,5.0,0.05,0.5,0.11201667189470162,0.44444444444444436,0.17857124338122085,128,1003,160,1131,48,131,True,0.1920668109637241,0.19206681096372424,0.3841336219274484,"{""amount"": 0.4444444444444444, ""evidence"": 0.05555555555555555, ""novelty"": 0.05555555555555555, ""risk"": 0.0, ""route"": 0.16666666666666663, ""time"": 0.27777777777777773}",03d2ef3006cce2710b1c51125dfc0570aa13ac9b73f51319f59d13d1b20828f0,ok,d5cd14d8051263b49b01b10ad36e6033b2ec3219,2026-09-17T03:14:37Z__pid32940,0.1555999999982305
LOCO_RISK,risk,Multi,202,RAW_UOT_PLAN_D4,5.0,0.05,0.5,0.11841124501481821,0.46527777777777773,0.1883817685034894,134,984,154,1118,48,131,True,0.16717256722778306,0.16717256722778254,0.3343451344555656,"{""amount"": 0.4444444444444444, ""evidence"": 0.05555555555555555, ""novelty"": 0.05555555555555555, ""risk"": 0.0, ""route"": 0.16666666666666663, ""time"": 0.27777777777777773}",2f964b250d3cc1c22ad6a52b60a45c58ab89bea4aafe293563e98eeddabd9c4e,ok,d5cd14d8051263b49b01b10ad36e6033b2ec3219,2026-09-17T03:14:38Z__pid32940,0.12370850000297651
LOCO_RISK,risk,Multi,203,RAW_UOT_PLAN_D4,5.0,0.05,0.5,0.11145743292513659,0.4375,0.17721331520199476,126,991,162,1117,48,132,True,0.19246102403530552,0.19246102403530566,0.38492204807061114,"{""amount"": 0.4444444444444444, ""evidence"": 0.05555555555555555, ""novelty"": 0.05555555555555555, ""risk"": 0.0, ""route"": 0.16666666666666663, ""time"": 0.27777777777777773}",901c11f582d5b9e9475009a6a010b7cd77c9c4a5c6317b7131824fa4144a7242,ok,d5cd14d8051263b49b01b10ad36e6033b2ec3219,2026-09-17T03:14:40Z__pid32940,0.15588120000029448
LOCO_RISK,risk,Multi,204,RAW_UOT_PLAN_D4,5.0,0.05,0.5,0.10947792612647685,0.4236111111111111,0.17366780718131758,122,990,166,1112,48,130,True,0.17290777755112152,0.17322289611267888,0.3461306736638004,"{""amount"": 0.4444444444444444, ""evidence"": 0.05555555555555555, ""novelty"": 0.05555555555555555, ""risk"": 0.0, ""route"": 0.16666666666666663, ""time"": 0.27777777777777773}",4a28d17150eb2bf94fc7db14278c12278ad9567df241a88fe37a2588f518c00f,ok,d5cd14d8051263b49b01b10ad36e6033b2ec3219,2026-09-17T03:14:41Z__pid32940,0.12748659999488154
LOCO_RISK,risk,Multi,205,RAW_UOT_PLAN_D4,5.0,0.05,0.5,0.11627107145893707,0.4618055555555555,0.18528755707366504,133,997,155,1130,48,131,True,0.22203853461735948,0.22203853461735917,0.4440770692347187,"{""amount"": 0.4444444444444444, ""evidence"": 0.05555555555555555, ""novelty"": 0.05555555555555555, ""risk"": 0.0, ""route"": 0.16666666666666663, ""time"": 0.27777777777777773}",a942412f541af35deea09546d58f7e252322cebfb63c0b0000922c4cc93f5c96,ok,d5cd14d8051263b49b01b10ad36e6033b2ec3219,2026-09-17T03:14:42Z__pid32940,0.12799330000416376
LOCO_RISK,risk,Poly,201,RAW_UOT_PLAN_D4,5.0,0.05,0.5,0.15015328874024528,0.6493055555555555,0.24389367816091956,187,1058,101,1245,48,133,True,0.2013158923344473,0.2013158923344473,0.4026317846688946,"{""amount"": 0.4444444444444444, ""evidence"": 0.05555555555555555, ""novelty"": 0.05555555555555555, ""risk"": 0.0, ""route"": 0.16666666666666663, ""time"": 0.27777777777777773}",633037ec1182480f09992993504e2f5de6dba04c57c68317d6c7970fafcd447f,ok,d5cd14d8051263b49b01b10ad36e6033b2ec3219,2026-09-17T03:14:44Z__pid32940,0.15680179999617394
LOCO_RISK,risk,Poly,202,RAW_UOT_PLAN_D4,5.0,0.05,0.5,0.15064102564102566,0.6527777777777777,0.24479166666666666,188,1060,100,1248,48,133,True,0.1728437057875324,0.17284370578753183,0.3456874115750642,"{""amount"": 0.4444444444444444, ""evidence"": 0.05555555555555555, ""novelty"": 0.05555555555555555, ""risk"": 0.0, ""route"": 0.16666666666666663, ""time"": 0.27777777777777773}",434acd0766e8136d58917be5eebb3138e4b8c0e740a1380b146839de050d8776,ok,d5cd14d8051263b49b01b10ad36e6033b2ec3219,2026-09-17T03:14:45Z__pid32940,0.12553299999854062
LOCO_RISK,risk,Poly,203,RAW_UOT_PLAN_D4,5.0,0.05,0.5,0.15224358974358976,0.6597222222222222,0.24739583333333334,190,1058,98,1248,48,133,True,0.17466128378768397,0.17466128378768392,0.3493225675753679,"{""amount"": 0.4444444444444444, ""evidence"": 0.05555555555555555, ""novelty"": 0.05555555555555555, ""risk"": 0.0, ""route"": 0.16666666666666663, ""time"": 0.27777777777777773}",d2d5651c8548684726aafa87674cb6f450d1770d720200d40db8582ffb4f4416,ok,d5cd14d8051263b49b01b10ad36e6033b2ec3219,2026-09-17T03:14:46Z__pid32940,0.1872609999991255
LOCO_RISK,risk,Poly,204,RAW_UOT_PLAN_D4,5.0,0.05,0.5,0.15064102564102566,0.6527777777777777,0.24479166666666666,188,1060,100,1248,48,133,True,0.16618801386754245,0.16618801386754264,0.3323760277350851,"{""amount"": 0.4444444444444444, ""evidence"": 0.05555555555555555, ""novelty"": 0.05555555555555555, ""risk"": 0.0, ""route"": 0.16666666666666663, ""time"": 0.27777777777777773}",bc7855e89f8ccbdede5437f6cf092a8519b7bd6685fceccfb23556c500d482c0,ok,d5cd14d8051263b49b01b10ad36e6033b2ec3219,2026-09-17T03:14:48Z__pid32940,0.1333080999975209
LOCO_RISK,risk,Poly,205,RAW_UOT_PLAN_D4,5.0,0.05,0.5,0.13892274069841537,0.5902777777777777,0.2247539248347438,170,1045,118,1215,48,133,True,0.17474020046588212,0.17474020046588218,0.3494804009317643,"{""amount"": 0.4444444444444444, ""evidence"": 0.05555555555555555, ""novelty"": 0.05555555555555555, ""risk"": 0.0, ""route"": 0.16666666666666663, ""time"": 0.27777777777777773}",0ae2ff766672ec9c78b3af4a8fd1df2e426e10d7a294e3bdd7fc07ba6b6fe6fa,ok,d5cd14d8051263b49b01b10ad36e6033b2ec3219,2026-09-17T03:14:50Z__pid32940,0.1444155999997747
LOCO_ROUTE,route,Celer,201,RAW_UOT_PLAN_D4,5.0,0.05,0.5,0.14820473005255616,0.6284722222222222,0.2395700083426029,181,1039,107,1220,48,131,True,0.24734013868071397,0.24734013868071394,0.49468027736142794,"{""amount"": 0.4444444444444444, ""evidence"": 0.05555555555555555, ""novelty"": 0.05555555555555555, ""risk"": 0.16666666666666663, ""route"": 0.0, ""time"": 0.27777777777777773}",f3a5fc9238ffb80afc0cd2e7422ec92d89056e6bfdd37b7e99c489726cf31f6a,ok,d5cd14d8051263b49b01b10ad36e6033b2ec3219,2026-09-17T03:14:29Z__pid32940,0.1641959000044153
LOCO_ROUTE,route,Celer,202,RAW_UOT_PLAN_D4,5.0,0.05,0.5,0.15743201544831983,0.6006944444444444,0.24299426427659188,173,977,115,1150,48,130,True,0.17838853511695113,0.17838853511695105,0.35677707023390215,"{""amount"": 0.4444444444444444, ""evidence"": 0.05555555555555555, ""novelty"": 0.05555555555555555, ""risk"": 0.16666666666666663, ""route"": 0.0, ""time"": 0.27777777777777773}",be72a4184dc9068b9f2dea4e1f1ef775371408aea128385e6e4e4d38955df442,ok,d5cd14d8051263b49b01b10ad36e6033b2ec3219,2026-09-17T03:14:30Z__pid32940,0.15968119999888586
LOCO_ROUTE,route,Celer,203,RAW_UOT_PLAN_D4,5.0,0.05,0.5,0.14863294314381273,0.6388888888888888,0.24113163932146828,184,1053,104,1237,48,131,True,0.26284023779882115,0.2628402377988207,0.5256804755976419,"{""amount"": 0.4444444444444444, ""evidence"": 0.05555555555555555, ""novelty"": 0.05555555555555555, ""risk"": 0.16666666666666663, ""route"": 0.0, ""time"": 0.27777777777777773}",bf03e091eb985718d92ca5722527719fbee6130924c3ef5299655921ac8da7a8,ok,d5cd14d8051263b49b01b10ad36e6033b2ec3219,2026-09-17T03:14:32Z__pid32940,0.17043050000211224
LOCO_ROUTE,route,Celer,204,RAW_UOT_PLAN_D4,5.0,0.05,0.5,0.14285042654607874,0.5763888888888888,0.22723681771972423,166,1003,122,1169,48,131,True,0.29856289955887444,0.2985628995588744,0.5971257991177488,"{""amount"": 0.4444444444444444, ""evidence"": 0.05555555555555555, ""novelty"": 0.05555555555555555, ""risk"": 0.16666666666666663, ""route"": 0.0, ""time"": 0.27777777777777773}",ad25ec959934ab914f45702868ae35dc8bf90f707ee950f579d0c734f57e63c9,ok,d5cd14d8051263b49b01b10ad36e6033b2ec3219,2026-09-17T03:14:34Z__pid32940,0.14485750000312692
LOCO_ROUTE,route,Celer,205,RAW_UOT_PLAN_D4,5.0,0.05,0.5,0.14348078250252164,0.611111111111111,0.2323255048476359,176,1047,112,1223,48,131,True,0.27586735056179323,0.2758673505617931,0.5517347011235864,"{""amount"": 0.4444444444444444, ""evidence"": 0.05555555555555555, ""novelty"": 0.05555555555555555, ""risk"": 0.16666666666666663, ""route"": 0.0, ""time"": 0.27777777777777773}",1967153716934389a821d616d97d9c54b24a547ae4621528080a1e6570c37161,ok,d5cd14d8051263b49b01b10ad36e6033b2ec3219,2026-09-17T03:14:35Z__pid32940,0.11904230000072857
LOCO_ROUTE,route,Multi,201,RAW_UOT_PLAN_D4,5.0,0.05,0.5,0.1108325902758374,0.4305555555555555,0.1759467157297535,124,986,164,1110,48,132,True,0.285139356954618,0.2851393569546182,0.5702787139092362,"{""amount"": 0.4444444444444444, ""evidence"": 0.05555555555555555, ""novelty"": 0.05555555555555555, ""risk"": 0.16666666666666663, ""route"": 0.0, ""time"": 0.27777777777777773}",013369ddebd8d87e6ea8c0562fb02ecbe9c80c153564b2944cb082ed73e174d8,ok,d5cd14d8051263b49b01b10ad36e6033b2ec3219,2026-09-17T03:14:36Z__pid32940,0.13813060000393307
LOCO_ROUTE,route,Multi,202,RAW_UOT_PLAN_D4,5.0,0.05,0.5,0.11287874912906147,0.43402777777777773,0.178710918387237,125,966,163,1091,48,132,True,0.26567108364036746,0.26567108364036707,0.5313421672807346,"{""amount"": 0.4444444444444444, ""evidence"": 0.05555555555555555, ""novelty"": 0.05555555555555555, ""risk"": 0.16666666666666663, ""route"": 0.0, ""time"": 0.27777777777777773}",d7dd01ee6f47b18ca983c919867e7df8a904d6bcb3dbd7ab9f5d85126908dbd8,ok,d5cd14d8051263b49b01b10ad36e6033b2ec3219,2026-09-17T03:14:38Z__pid32940,0.16586829999869224
LOCO_ROUTE,route,Multi,203,RAW_UOT_PLAN_D4,5.0,0.05,0.5,0.11042051694256842,0.4305555555555555,0.17530434952686527,124,985,164,1109,48,133,True,0.28769827249536256,0.28769827249536273,0.5753965449907252,"{""amount"": 0.4444444444444444, ""evidence"": 0.05555555555555555, ""novelty"": 0.05555555555555555, ""risk"": 0.16666666666666663, ""route"": 0.0, ""time"": 0.27777777777777773}",f6874eebba5daa00daae60257d8f1f3effc8eea6056a66fe7e1722f5779f229f,ok,d5cd14d8051263b49b01b10ad36e6033b2ec3219,2026-09-17T03:14:39Z__pid32940,0.14567520000127843
LOCO_ROUTE,route,Multi,204,RAW_UOT_PLAN_D4,5.0,0.05,0.5,0.10480336759322267,0.3958333333333333,0.16544980583872174,114,977,174,1091,48,132,True,0.270941041400257,0.2709410414002564,0.5418820828005133,"{""amount"": 0.4444444444444444, ""evidence"": 0.05555555555555555, ""novelty"": 0.05555555555555555, ""risk"": 0.16666666666666663, ""route"": 0.0, ""time"": 0.27777777777777773}",36b13457c1749df7dc855570a31af3744d51578a5f7ed23025af68f05f9a62f3,ok,d5cd14d8051263b49b01b10ad36e6033b2ec3219,2026-09-17T03:14:41Z__pid32940,0.14405949999490986
LOCO_ROUTE,route,Multi,205,RAW_UOT_PLAN_D4,5.0,0.05,0.5,0.11581913142366372,0.4583333333333333,0.18442422287699753,132,991,156,1123,48,132,True,0.314087590582856,0.31408759058285607,0.6281751811657121,"{""amount"": 0.4444444444444444, ""evidence"": 0.05555555555555555, ""novelty"": 0.05555555555555555, ""risk"": 0.16666666666666663, ""route"": 0.0, ""time"": 0.27777777777777773}",b6b48ca9cbd0cd3d513b2341376edb9cb674046cb16c8263ed9047bddde6343c,ok,d5cd14d8051263b49b01b10ad36e6033b2ec3219,2026-09-17T03:14:42Z__pid32940,0.11433329999999842
LOCO_ROUTE,route,Poly,201,RAW_UOT_PLAN_D4,5.0,0.05,0.5,0.14935200668896323,0.6458333333333333,0.24259159482758622,186,1059,102,1245,48,133,True,0.27997625579474644,0.2799762557947464,0.5599525115894928,"{""amount"": 0.4444444444444444, ""evidence"": 0.05555555555555555, ""novelty"": 0.05555555555555555, ""risk"": 0.16666666666666663, ""route"": 0.0, ""time"": 0.27777777777777773}",4274fb66ea0e8c09081405592f9d6ea473b5852bc7502c996cd5d7d1b41e32f1,ok,d5cd14d8051263b49b01b10ad36e6033b2ec3219,2026-09-17T03:14:43Z__pid32940,0.14055419999931473
LOCO_ROUTE,route,Poly,202,RAW_UOT_PLAN_D4,5.0,0.05,0.5,0.15064102564102566,0.6527777777777777,0.24479166666666666,188,1060,100,1248,48,134,True,0.2550157428646299,0.25501574286462975,0.5100314857292596,"{""amount"": 0.4444444444444444, ""evidence"": 0.05555555555555555, ""novelty"": 0.05555555555555555, ""risk"": 0.16666666666666663, ""route"": 0.0, ""time"": 0.27777777777777773}",c03dbad9f5ee040788021ae1c1413c8c8d119d5652ab1ecdad5abd8926b6a004,ok,d5cd14d8051263b49b01b10ad36e6033b2ec3219,2026-09-17T03:14:45Z__pid32940,0.1506509000028018
LOCO_ROUTE,route,Poly,203,RAW_UOT_PLAN_D4,5.0,0.05,0.5,0.1514423076923077,0.6562499999999999,0.24609375,189,1059,99,1248,48,134,True,0.25647225828517967,0.2564722582851797,0.5129445165703594,"{""amount"": 0.4444444444444444, ""evidence"": 0.05555555555555555, ""novelty"": 0.05555555555555555, ""risk"": 0.16666666666666663, ""route"": 0.0, ""time"": 0.27777777777777773}",6a40b82279deba103403347d0cb911e96ecbc4920c86e15edbcb6dc9e142051e,ok,d5cd14d8051263b49b01b10ad36e6033b2ec3219,2026-09-17T03:14:46Z__pid32940,0.12805980000121053
LOCO_ROUTE,route,Poly,204,RAW_UOT_PLAN_D4,5.0,0.05,0.5,0.15064102564102566,0.6527777777777777,0.24479166666666666,188,1060,100,1248,48,134,True,0.24930863522374574,0.24930863522374602,0.49861727044749177,"{""amount"": 0.4444444444444444, ""evidence"": 0.05555555555555555, ""novelty"": 0.05555555555555555, ""risk"": 0.16666666666666663, ""route"": 0.0, ""time"": 0.27777777777777773}",23cee67a0ac727ab1254cb8d5fb48e5f0216f4f76ba184b85cb7939b13129df5,ok,d5cd14d8051263b49b01b10ad36e6033b2ec3219,2026-09-17T03:14:48Z__pid32940,0.13684769999963464
LOCO_ROUTE,route,Poly,205,RAW_UOT_PLAN_D4,5.0,0.05,0.5,0.1386868352994665,0.5833333333333334,0.2238781941637545,168,1033,120,1201,48,134,True,0.2565053893385333,0.2565053893385333,0.5130107786770666,"{""amount"": 0.4444444444444444, ""evidence"": 0.05555555555555555, ""novelty"": 0.05555555555555555, ""risk"": 0.16666666666666663, ""route"": 0.0, ""time"": 0.27777777777777773}",1f8f7531c827288d0be39e91c6fd22f7c06fcabb85067a0682875e28c20c712d,ok,d5cd14d8051263b49b01b10ad36e6033b2ec3219,2026-09-17T03:14:49Z__pid32940,0.16130470000643982
LOCO_TIME,time,Celer,201,RAW_UOT_PLAN_D4,5.0,0.05,0.5,0.08635252194129006,0.32638888888888884,0.1349688168903487,94,1024,194,1118,48,130,True,0.25457498707964765,0.25457498707964754,0.5091499741592952,"{""amount"": 0.49999999999999994, ""evidence"": 0.06249999999999999, ""novelty"": 0.06249999999999999, ""risk"": 0.18749999999999994, ""route"": 0.18749999999999994, ""time"": 0.0}",2749bc8ce7625a933c673ce5fae340534b123eb9525475cef29469f22a0d5b82,ok,d5cd14d8051263b49b01b10ad36e6033b2ec3219,2026-09-17T03:14:29Z__pid32940,0.16821290000370936
LOCO_TIME,time,Celer,202,RAW_UOT_PLAN_D4,5.0,0.05,0.5,0.07660693565647338,0.3055555555555555,0.12235134045015394,88,947,200,1035,48,129,True,0.19395456539191258,0.19395456539191294,0.3879091307838255,"{""amount"": 0.49999999999999994, ""evidence"": 0.06249999999999999, ""novelty"": 0.06249999999999999, ""risk"": 0.18749999999999994, ""route"": 0.18749999999999994, ""time"": 0.0}",d620b25e40299ec6db27b001ec6e9e71cc5477f5d615d32627cf4338c62c69ca,ok,d5cd14d8051263b49b01b10ad36e6033b2ec3219,2026-09-17T03:14:30Z__pid32940,0.14404430000286084
LOCO_TIME,time,Celer,203,RAW_UOT_PLAN_D4,5.0,0.05,0.5,0.08714566926585916,0.3368055555555555,0.13705109658102088,97,1056,191,1153,48,131,True,0.2667756775465386,0.2667756775465381,0.5335513550930766,"{""amount"": 0.49999999999999994, ""evidence"": 0.06249999999999999, ""novelty"": 0.06249999999999999, ""risk"": 0.18749999999999994, ""route"": 0.18749999999999994, ""time"": 0.0}",ccd552d9c997aa9ebe34c49b8bf7b4ea432cb833f5c946640a8f8fffec6e77c3,ok,d5cd14d8051263b49b01b10ad36e6033b2ec3219,2026-09-17T03:14:32Z__pid32940,0.16884559999743942
LOCO_TIME,time,Celer,204,RAW_UOT_PLAN_D4,5.0,0.05,0.5,0.11819630086028136,0.3194444444444444,0.14303007805220913,92,987,196,1079,48,131,True,0.283525228140887,0.28352522814088715,0.5670504562817742,"{""amount"": 0.49999999999999994, ""evidence"": 0.06249999999999999, ""novelty"": 0.06249999999999999, ""risk"": 0.18749999999999994, ""route"": 0.18749999999999994, ""time"": 0.0}",3af756e858d186c649977989dc07f78e7e1d4fcaa4af3a7aab6cda0f43e52b3b,ok,d5cd14d8051263b49b01b10ad36e6033b2ec3219,2026-09-17T03:14:33Z__pid32940,0.13444819999858737
LOCO_TIME,time,Celer,205,RAW_UOT_PLAN_D4,5.0,0.05,0.5,0.08691211985143144,0.34375,0.13828127494568557,99,1058,189,1157,48,130,True,0.2688891515856132,0.2688891515856131,0.5377783031712263,"{""amount"": 0.49999999999999994, ""evidence"": 0.06249999999999999, ""novelty"": 0.06249999999999999, ""risk"": 0.18749999999999994, ""route"": 0.18749999999999994, ""time"": 0.0}",f03cb7a3fbc8950a838047123c1be0e810a97758257503d80564f73e144f57af,ok,d5cd14d8051263b49b01b10ad36e6033b2ec3219,2026-09-17T03:14:35Z__pid32940,0.1249928999968688
LOCO_TIME,time,Multi,201,RAW_UOT_PLAN_D4,5.0,0.05,0.5,0.08397452646609317,0.3333333333333333,0.13392760791242084,96,1059,192,1155,48,130,True,0.2594769566241567,0.2594769566241567,0.5189539132483134,"{""amount"": 0.49999999999999994, ""evidence"": 0.06249999999999999, ""novelty"": 0.06249999999999999, ""risk"": 0.18749999999999994, ""route"": 0.18749999999999994, ""time"": 0.0}",ed8bb258c5add59fd97701ada46e59b950070d0c271a0e26d8a26d6a1e2621d6,ok,d5cd14d8051263b49b01b10ad36e6033b2ec3219,2026-09-17T03:14:36Z__pid32940,0.12274220000108471
LOCO_TIME,time,Multi,202,RAW_UOT_PLAN_D4,5.0,0.05,0.5,0.083489044168392,0.3333333333333333,0.13337653505803984,96,1062,192,1158,48,131,True,0.262588373379286,0.262588373379287,0.525176746758573,"{""amount"": 0.49999999999999994, ""evidence"": 0.06249999999999999, ""novelty"": 0.06249999999999999, ""risk"": 0.18749999999999994, ""route"": 0.18749999999999994, ""time"": 0.0}",9aebca79efd4f9caa8b77e01acc930ede2a5186135dd3775903365b4f71cbbd7,ok,d5cd14d8051263b49b01b10ad36e6033b2ec3219,2026-09-17T03:14:38Z__pid32940,0.14716819999739528
LOCO_TIME,time,Multi,203,RAW_UOT_PLAN_D4,5.0,0.05,0.5,0.08396780788990933,0.3333333333333333,0.1339524671143136,96,1057,192,1153,48,131,True,0.26959772651855674,0.2695977265185574,0.5391954530371141,"{""amount"": 0.49999999999999994, ""evidence"": 0.06249999999999999, ""novelty"": 0.06249999999999999, ""risk"": 0.18749999999999994, ""route"": 0.18749999999999994, ""time"": 0.0}",9055dce4e3a81b88b8e1385cd2fd3bb5c72b8fd42a3b95afc12a8bc09276cd03,ok,d5cd14d8051263b49b01b10ad36e6033b2ec3219,2026-09-17T03:14:39Z__pid32940,0.14828590000252007
LOCO_TIME,time,Multi,204,RAW_UOT_PLAN_D4,5.0,0.05,0.5,0.08366252339984225,0.34027777777777773,0.13413399992278485,98,1081,190,1179,48,131,True,0.2556030193188573,0.255603019318857,0.5112060386377143,"{""amount"": 0.49999999999999994, ""evidence"": 0.06249999999999999, ""novelty"": 0.06249999999999999, ""risk"": 0.18749999999999994, ""route"": 0.18749999999999994, ""time"": 0.0}",53de1f7908cb57b4bb272ee7e9fa5d40c39f795e507b56e395bb3cd6f91985c6,ok,d5cd14d8051263b49b01b10ad36e6033b2ec3219,2026-09-17T03:14:41Z__pid32940,0.12433579999924405
LOCO_TIME,time,Multi,205,RAW_UOT_PLAN_D4,5.0,0.05,0.5,0.08468983680034405,0.3333333333333333,0.13491885564078387,96,1045,192,1141,48,131,True,0.27501330966899995,0.2750133096689999,0.5500266193379999,"{""amount"": 0.49999999999999994, ""evidence"": 0.06249999999999999, ""novelty"": 0.06249999999999999, ""risk"": 0.18749999999999994, ""route"": 0.18749999999999994, ""time"": 0.0}",c411c6e00e0f559ba48dc3d6e540889a542369f133eb8e48e22fa10e0e267bb0,ok,d5cd14d8051263b49b01b10ad36e6033b2ec3219,2026-09-17T03:14:42Z__pid32940,0.10786280000320403
LOCO_TIME,time,Poly,201,RAW_UOT_PLAN_D4,5.0,0.05,0.5,0.08567783778865738,0.34027777777777773,0.1366674718418009,98,1055,190,1153,48,130,True,0.25115846193824165,0.25115846193824176,0.5023169238764834,"{""amount"": 0.49999999999999994, ""evidence"": 0.06249999999999999, ""novelty"": 0.06249999999999999, ""risk"": 0.18749999999999994, ""route"": 0.18749999999999994, ""time"": 0.0}",ada8d27d59096895d8e948f2196ff06b466dd8cf38ed292b2503481200bfa403,ok,d5cd14d8051263b49b01b10ad36e6033b2ec3219,2026-09-17T03:14:43Z__pid32940,0.12140460000227904
LOCO_TIME,time,Poly,202,RAW_UOT_PLAN_D4,5.0,0.05,0.5,0.08407515718266594,0.34027777777777773,0.1346872466322318,98,1074,190,1172,48,130,True,0.24988600293211988,0.2498860029321195,0.49977200586423937,"{""amount"": 0.49999999999999994, ""evidence"": 0.06249999999999999, ""novelty"": 0.06249999999999999, ""risk"": 0.18749999999999994, ""route"": 0.18749999999999994, ""time"": 0.0}",5edeb43bfabd6fcef8c35aacd71d4df4866a73326e1bc66ceefac5dd98ba65f5,ok,d5cd14d8051263b49b01b10ad36e6033b2ec3219,2026-09-17T03:14:45Z__pid32940,0.15105490000132704
LOCO_TIME,time,Poly,203,RAW_UOT_PLAN_D4,5.0,0.05,0.5,0.08287502331917625,0.3333333333333333,0.1325447524459158,96,1064,192,1160,48,131,True,0.25214607374815723,0.2521460737481571,0.5042921474963143,"{""amount"": 0.49999999999999994, ""evidence"": 0.06249999999999999, ""novelty"": 0.06249999999999999, ""risk"": 0.18749999999999994, ""route"": 0.18749999999999994, ""time"": 0.0}",51a4fdb1473b6718b676f069c8ac1375063d008834cccf034a473890ea9ac707,ok,d5cd14d8051263b49b01b10ad36e6033b2ec3219,2026-09-17T03:14:46Z__pid32940,0.1052512000023853
LOCO_TIME,time,Poly,204,RAW_UOT_PLAN_D4,5.0,0.05,0.5,0.0853375472311399,0.3333333333333333,0.13564223232222397,96,1041,192,1137,48,131,True,0.23691713540583378,0.23691713540583378,0.47383427081166757,"{""amount"": 0.49999999999999994, ""evidence"": 0.06249999999999999, ""novelty"": 0.06249999999999999, ""risk"": 0.18749999999999994, ""route"": 0.18749999999999994, ""time"": 0.0}",c137e6b7d8b2399455e1c4d839716fa6b97ed1dbf7bd9428023fce8e797926f6,ok,d5cd14d8051263b49b01b10ad36e6033b2ec3219,2026-09-17T03:14:48Z__pid32940,0.16592920000402955
LOCO_TIME,time,Poly,205,RAW_UOT_PLAN_D4,5.0,0.05,0.5,0.08176499217322555,0.3333333333333333,0.13113612047711617,96,1088,192,1184,48,130,True,0.2497636626689607,0.2497636626689609,0.4995273253379216,"{""amount"": 0.49999999999999994, ""evidence"": 0.06249999999999999, ""novelty"": 0.06249999999999999, ""risk"": 0.18749999999999994, ""route"": 0.18749999999999994, ""time"": 0.0}",507a66335a47cbb8b60bd33d5046dd6d81d723cd619ed1ea07820ae552330325,ok,d5cd14d8051263b49b01b10ad36e6033b2ec3219,2026-09-17T03:14:49Z__pid32940,0.18836089999967953
