chain,flow_id,tx_hashes,address_set,primary_address,token_contracts,token_symbols,asset_group,route_id,start_time,end_time,tx_count,raw_amount_sum,human_amount_sum,usd_amount_sum,aml_score_mean,aml_score_max,evidence_quality_mean,flow_construction_rule,bridge
ETH,eth_flow_bdcde2e0486143__r7fam00__inst00__synth_split_src,0xed2a2677067708eabc38641adb1633ad85798f6537570ba1710b153fe68ea735,0x37fc3ebb749947dd415f8bd95e347df3b81be06e|0x5427fefa711eff984124bfbb1ab6fbf5e3da1820,0x37fc3ebb749947dd415f8bd95e347df3b81be06e,0x4fabb145d64652a948d72533023f6e7a623c7c53,BUSD,stable:BUSD,0xed2a2677067708eabc38641adb1633ad85798f6537570ba1710b153fe68ea735_None_BUSD_0x4fabb145d64652a948d72533023f6e7a623c7c53,1639924892,1639924892,1,2.2e+19,22.0,22.0,11.627907,11.627907,0.750000,tx_agg_rolling_1800s_same_asset_group_or_route,Celer
ETH,eth_flow_bdcde2e0486143__r7fam00__inst00__synth_merge_src1,0xed2a2677067708eabc38641adb1633ad85798f6537570ba1710b153fe68ea735,0x37fc3ebb749947dd415f8bd95e347df3b81be06e|0x5427fefa711eff984124bfbb1ab6fbf5e3da1820,0x37fc3ebb749947dd415f8bd95e347df3b81be06e,0x4fabb145d64652a948d72533023f6e7a623c7c53,BUSD,stable:BUSD,0xed2a2677067708eabc38641adb1633ad85798f6537570ba1710b153fe68ea735_None_BUSD_0x4fabb145d64652a948d72533023f6e7a623c7c53,1639924892,1639924892,1,1.1e+19,11.0,11.0,11.627907,11.627907,0.750000,tx_agg_rolling_1800s_same_asset_group_or_route,Celer
ETH,eth_flow_bdcde2e0486143__r7fam00__inst00__synth_merge_src2,0xed2a2677067708eabc38641adb1633ad85798f6537570ba1710b153fe68ea735,0x37fc3ebb749947dd415f8bd95e347df3b81be06e|0x5427fefa711eff984124bfbb1ab6fbf5e3da1820,0x37fc3ebb749947dd415f8bd95e347df3b81be06e,0x4fabb145d64652a948d72533023f6e7a623c7c53,BUSD,stable:BUSD,0xed2a2677067708eabc38641adb1633ad85798f6537570ba1710b153fe68ea735_None_BUSD_0x4fabb145d64652a948d72533023f6e7a623c7c53,1639924892,1639924892,1,1.1e+19,11.0,11.0,11.627907,11.627907,0.750000,tx_agg_rolling_1800s_same_asset_group_or_route,Celer
ETH,eth_flow_bdcde2e0486143__r7fam00__inst00__synth_unmatched_src,0xed2a2677067708eabc38641adb1633ad85798f6537570ba1710b153fe68ea735,0x37fc3ebb749947dd415f8bd95e347df3b81be06e|0x5427fefa711eff984124bfbb1ab6fbf5e3da1820,0x37fc3ebb749947dd415f8bd95e347df3b81be06e,0x4fabb145d64652a948d72533023f6e7a623c7c53,BUSD,stable:BUSD,0xed2a2677067708eabc38641adb1633ad85798f6537570ba1710b153fe68ea735_None_BUSD_0x4fabb145d64652a948d72533023f6e7a623c7c53,1639924892,1639924892,1,2.2e+19,22.0,22.0,11.627907,11.627907,0.750000,tx_agg_rolling_1800s_same_asset_group_or_route,Celer
ETH,eth_flow_bdcde2e0486143__r7fam00__inst00__synth_noise_src_0,0xed2a2677067708eabc38641adb1633ad85798f6537570ba1710b153fe68ea735,0x37fc3ebb749947dd415f8bd95e347df3b81be06e|0x5427fefa711eff984124bfbb1ab6fbf5e3da1820,0x37fc3ebb749947dd415f8bd95e347df3b81be06e,0x4fabb145d64652a948d72533023f6e7a623c7c53,BUSD,stable:BUSD,0xed2a2677067708eabc38641adb1633ad85798f6537570ba1710b153fe68ea735_None_BUSD_0x4fabb145d64652a948d72533023f6e7a623c7c53,1639924892,1639924892,1,2.2e+19,22.0,22.0,11.627907,11.627907,0.750000,tx_agg_rolling_1800s_same_asset_group_or_route,Celer
ETH,eth_flow_bdcde2e0486143__r7fam00__inst00__synth_noise_src_1,0xed2a2677067708eabc38641adb1633ad85798f6537570ba1710b153fe68ea735,0x37fc3ebb749947dd415f8bd95e347df3b81be06e|0x5427fefa711eff984124bfbb1ab6fbf5e3da1820,0x37fc3ebb749947dd415f8bd95e347df3b81be06e,0x4fabb145d64652a948d72533023f6e7a623c7c53,BUSD,stable:BUSD,0xed2a2677067708eabc38641adb1633ad85798f6537570ba1710b153fe68ea735_None_BUSD_0x4fabb145d64652a948d72533023f6e7a623c7c53,1639924892,1639924892,1,2.2e+19,22.0,22.0,11.627907,11.627907,0.750000,tx_agg_rolling_1800s_same_asset_group_or_route,Celer
ETH,eth_flow_57209f4756e449__r7fam00__inst01__synth_split_src,0x9b5df7e007c8bafdca7c6da25f42bc78b47a660f57478c4301869033ec95b7d5,0x5427fefa711eff984124bfbb1ab6fbf5e3da1820|0xc02aaa39b223fe8d0a0e5c4f27ead9083c756cc2,0x5427fefa711eff984124bfbb1ab6fbf5e3da1820,,NATIVE,token:NATIVE,0x9b5df7e007c8bafdca7c6da25f42bc78b47a660f57478c4301869033ec95b7d5_0_native_,1639320580,1639320580,1,1.45e+17,0.145,0.145,0.000000,0.000000,0.775000,tx_agg_rolling_1800s_same_asset_group_or_route,Celer
ETH,eth_flow_57209f4756e449__r7fam00__inst01__synth_merge_src1,0x9b5df7e007c8bafdca7c6da25f42bc78b47a660f57478c4301869033ec95b7d5,0x5427fefa711eff984124bfbb1ab6fbf5e3da1820|0xc02aaa39b223fe8d0a0e5c4f27ead9083c756cc2,0x5427fefa711eff984124bfbb1ab6fbf5e3da1820,,NATIVE,token:NATIVE,0x9b5df7e007c8bafdca7c6da25f42bc78b47a660f57478c4301869033ec95b7d5_0_native_,1639320580,1639320580,1,7.25e+16,0.0725,0.0725,0.000000,0.000000,0.775000,tx_agg_rolling_1800s_same_asset_group_or_route,Celer
ETH,eth_flow_57209f4756e449__r7fam00__inst01__synth_merge_src2,0x9b5df7e007c8bafdca7c6da25f42bc78b47a660f57478c4301869033ec95b7d5,0x5427fefa711eff984124bfbb1ab6fbf5e3da1820|0xc02aaa39b223fe8d0a0e5c4f27ead9083c756cc2,0x5427fefa711eff984124bfbb1ab6fbf5e3da1820,,NATIVE,token:NATIVE,0x9b5df7e007c8bafdca7c6da25f42bc78b47a660f57478c4301869033ec95b7d5_0_native_,1639320580,1639320580,1,7.25e+16,0.0725,0.0725,0.000000,0.000000,0.775000,tx_agg_rolling_1800s_same_asset_group_or_route,Celer
ETH,eth_flow_57209f4756e449__r7fam00__inst01__synth_unmatched_src,0x9b5df7e007c8bafdca7c6da25f42bc78b47a660f57478c4301869033ec95b7d5,0x5427fefa711eff984124bfbb1ab6fbf5e3da1820|0xc02aaa39b223fe8d0a0e5c4f27ead9083c756cc2,0x5427fefa711eff984124bfbb1ab6fbf5e3da1820,,NATIVE,token:NATIVE,0x9b5df7e007c8bafdca7c6da25f42bc78b47a660f57478c4301869033ec95b7d5_0_native_,1639320580,1639320580,1,1.45e+17,0.145,0.145,0.000000,0.000000,0.775000,tx_agg_rolling_1800s_same_asset_group_or_route,Celer
ETH,eth_flow_57209f4756e449__r7fam00__inst01__synth_noise_src_0,0x9b5df7e007c8bafdca7c6da25f42bc78b47a660f57478c4301869033ec95b7d5,0x5427fefa711eff984124bfbb1ab6fbf5e3da1820|0xc02aaa39b223fe8d0a0e5c4f27ead9083c756cc2,0x5427fefa711eff984124bfbb1ab6fbf5e3da1820,,NATIVE,token:NATIVE,0x9b5df7e007c8bafdca7c6da25f42bc78b47a660f57478c4301869033ec95b7d5_0_native_,1639320580,1639320580,1,1.45e+17,0.145,0.145,0.000000,0.000000,0.775000,tx_agg_rolling_1800s_same_asset_group_or_route,Celer
ETH,eth_flow_57209f4756e449__r7fam00__inst01__synth_noise_src_1,0x9b5df7e007c8bafdca7c6da25f42bc78b47a660f57478c4301869033ec95b7d5,0x5427fefa711eff984124bfbb1ab6fbf5e3da1820|0xc02aaa39b223fe8d0a0e5c4f27ead9083c756cc2,0x5427fefa711eff984124bfbb1ab6fbf5e3da1820,,NATIVE,token:NATIVE,0x9b5df7e007c8bafdca7c6da25f42bc78b47a660f57478c4301869033ec95b7d5_0_native_,1639320580,1639320580,1,1.45e+17,0.145,0.145,0.000000,0.000000,0.775000,tx_agg_rolling_1800s_same_asset_group_or_route,Celer
ETH,eth_flow_48fcaccbaaad4f__r7fam01__inst00__synth_split_src,0x3a87702c1b049ce1366bc30f6d84903806e4fb479f48a101b3ea07aea0f93556,0x5427fefa711eff984124bfbb1ab6fbf5e3da1820|0xc02aaa39b223fe8d0a0e5c4f27ead9083c756cc2,0x5427fefa711eff984124bfbb1ab6fbf5e3da1820,,NATIVE,token:NATIVE,0x3a87702c1b049ce1366bc30f6d84903806e4fb479f48a101b3ea07aea0f93556_0_native_,1638622757,1638622757,1,5.6e+17,0.56,0.56,0.000000,0.000000,0.775000,tx_agg_rolling_1800s_same_asset_group_or_route,Celer
ETH,eth_flow_48fcaccbaaad4f__r7fam01__inst00__synth_merge_src1,0x3a87702c1b049ce1366bc30f6d84903806e4fb479f48a101b3ea07aea0f93556,0x5427fefa711eff984124bfbb1ab6fbf5e3da1820|0xc02aaa39b223fe8d0a0e5c4f27ead9083c756cc2,0x5427fefa711eff984124bfbb1ab6fbf5e3da1820,,NATIVE,token:NATIVE,0x3a87702c1b049ce1366bc30f6d84903806e4fb479f48a101b3ea07aea0f93556_0_native_,1638622757,1638622757,1,2.8e+17,0.28,0.28,0.000000,0.000000,0.775000,tx_agg_rolling_1800s_same_asset_group_or_route,Celer
ETH,eth_flow_48fcaccbaaad4f__r7fam01__inst00__synth_merge_src2,0x3a87702c1b049ce1366bc30f6d84903806e4fb479f48a101b3ea07aea0f93556,0x5427fefa711eff984124bfbb1ab6fbf5e3da1820|0xc02aaa39b223fe8d0a0e5c4f27ead9083c756cc2,0x5427fefa711eff984124bfbb1ab6fbf5e3da1820,,NATIVE,token:NATIVE,0x3a87702c1b049ce1366bc30f6d84903806e4fb479f48a101b3ea07aea0f93556_0_native_,1638622757,1638622757,1,2.8e+17,0.28,0.28,0.000000,0.000000,0.775000,tx_agg_rolling_1800s_same_asset_group_or_route,Celer
ETH,eth_flow_48fcaccbaaad4f__r7fam01__inst00__synth_unmatched_src,0x3a87702c1b049ce1366bc30f6d84903806e4fb479f48a101b3ea07aea0f93556,0x5427fefa711eff984124bfbb1ab6fbf5e3da1820|0xc02aaa39b223fe8d0a0e5c4f27ead9083c756cc2,0x5427fefa711eff984124bfbb1ab6fbf5e3da1820,,NATIVE,token:NATIVE,0x3a87702c1b049ce1366bc30f6d84903806e4fb479f48a101b3ea07aea0f93556_0_native_,1638622757,1638622757,1,5.6e+17,0.56,0.56,0.000000,0.000000,0.775000,tx_agg_rolling_1800s_same_asset_group_or_route,Celer
ETH,eth_flow_48fcaccbaaad4f__r7fam01__inst00__synth_noise_src_0,0x3a87702c1b049ce1366bc30f6d84903806e4fb479f48a101b3ea07aea0f93556,0x5427fefa711eff984124bfbb1ab6fbf5e3da1820|0xc02aaa39b223fe8d0a0e5c4f27ead9083c756cc2,0x5427fefa711eff984124bfbb1ab6fbf5e3da1820,,NATIVE,token:NATIVE,0x3a87702c1b049ce1366bc30f6d84903806e4fb479f48a101b3ea07aea0f93556_0_native_,1638622757,1638622757,1,5.6e+17,0.56,0.56,0.000000,0.000000,0.775000,tx_agg_rolling_1800s_same_asset_group_or_route,Celer
ETH,eth_flow_48fcaccbaaad4f__r7fam01__inst00__synth_noise_src_1,0x3a87702c1b049ce1366bc30f6d84903806e4fb479f48a101b3ea07aea0f93556,0x5427fefa711eff984124bfbb1ab6fbf5e3da1820|0xc02aaa39b223fe8d0a0e5c4f27ead9083c756cc2,0x5427fefa711eff984124bfbb1ab6fbf5e3da1820,,NATIVE,token:NATIVE,0x3a87702c1b049ce1366bc30f6d84903806e4fb479f48a101b3ea07aea0f93556_0_native_,1638622757,1638622757,1,5.6e+17,0.56,0.56,0.000000,0.000000,0.775000,tx_agg_rolling_1800s_same_asset_group_or_route,Celer
ETH,eth_flow_674caecd189c45__r7fam01__inst01__synth_split_src,0x2549197e6482960a0bfec156c69fb620566e3719fe4b62270f7a6a6b67f0398b,0x5427fefa711eff984124bfbb1ab6fbf5e3da1820|0x5b0dd94807276f3824bcd23550bd2f5ef1c51820,0x5b0dd94807276f3824bcd23550bd2f5ef1c51820,0xa0b86991c6218b36c1d19d4a2e9eb0ce3606eb48,USDC,stable:USDC,0x2549197e6482960a0bfec156c69fb620566e3719fe4b62270f7a6a6b67f0398b_None_USDC_0xa0b86991c6218b36c1d19d4a2e9eb0ce3606eb48,1640058939,1640058939,1,49920000.0,49.92,49.92,0.000000,0.000000,0.750000,tx_agg_rolling_1800s_same_asset_group_or_route,Celer
ETH,eth_flow_674caecd189c45__r7fam01__inst01__synth_merge_src1,0x2549197e6482960a0bfec156c69fb620566e3719fe4b62270f7a6a6b67f0398b,0x5427fefa711eff984124bfbb1ab6fbf5e3da1820|0x5b0dd94807276f3824bcd23550bd2f5ef1c51820,0x5b0dd94807276f3824bcd23550bd2f5ef1c51820,0xa0b86991c6218b36c1d19d4a2e9eb0ce3606eb48,USDC,stable:USDC,0x2549197e6482960a0bfec156c69fb620566e3719fe4b62270f7a6a6b67f0398b_None_USDC_0xa0b86991c6218b36c1d19d4a2e9eb0ce3606eb48,1640058939,1640058939,1,24960000.0,24.96,24.96,0.000000,0.000000,0.750000,tx_agg_rolling_1800s_same_asset_group_or_route,Celer
ETH,eth_flow_674caecd189c45__r7fam01__inst01__synth_merge_src2,0x2549197e6482960a0bfec156c69fb620566e3719fe4b62270f7a6a6b67f0398b,0x5427fefa711eff984124bfbb1ab6fbf5e3da1820|0x5b0dd94807276f3824bcd23550bd2f5ef1c51820,0x5b0dd94807276f3824bcd23550bd2f5ef1c51820,0xa0b86991c6218b36c1d19d4a2e9eb0ce3606eb48,USDC,stable:USDC,0x2549197e6482960a0bfec156c69fb620566e3719fe4b62270f7a6a6b67f0398b_None_USDC_0xa0b86991c6218b36c1d19d4a2e9eb0ce3606eb48,1640058939,1640058939,1,24960000.0,24.96,24.96,0.000000,0.000000,0.750000,tx_agg_rolling_1800s_same_asset_group_or_route,Celer
ETH,eth_flow_674caecd189c45__r7fam01__inst01__synth_unmatched_src,0x2549197e6482960a0bfec156c69fb620566e3719fe4b62270f7a6a6b67f0398b,0x5427fefa711eff984124bfbb1ab6fbf5e3da1820|0x5b0dd94807276f3824bcd23550bd2f5ef1c51820,0x5b0dd94807276f3824bcd23550bd2f5ef1c51820,0xa0b86991c6218b36c1d19d4a2e9eb0ce3606eb48,USDC,stable:USDC,0x2549197e6482960a0bfec156c69fb620566e3719fe4b62270f7a6a6b67f0398b_None_USDC_0xa0b86991c6218b36c1d19d4a2e9eb0ce3606eb48,1640058939,1640058939,1,49920000.0,49.92,49.92,0.000000,0.000000,0.750000,tx_agg_rolling_1800s_same_asset_group_or_route,Celer
ETH,eth_flow_674caecd189c45__r7fam01__inst01__synth_noise_src_0,0x2549197e6482960a0bfec156c69fb620566e3719fe4b62270f7a6a6b67f0398b,0x5427fefa711eff984124bfbb1ab6fbf5e3da1820|0x5b0dd94807276f3824bcd23550bd2f5ef1c51820,0x5b0dd94807276f3824bcd23550bd2f5ef1c51820,0xa0b86991c6218b36c1d19d4a2e9eb0ce3606eb48,USDC,stable:USDC,0x2549197e6482960a0bfec156c69fb620566e3719fe4b62270f7a6a6b67f0398b_None_USDC_0xa0b86991c6218b36c1d19d4a2e9eb0ce3606eb48,1640058939,1640058939,1,49920000.0,49.92,49.92,0.000000,0.000000,0.750000,tx_agg_rolling_1800s_same_asset_group_or_route,Celer
ETH,eth_flow_674caecd189c45__r7fam01__inst01__synth_noise_src_1,0x2549197e6482960a0bfec156c69fb620566e3719fe4b62270f7a6a6b67f0398b,0x5427fefa711eff984124bfbb1ab6fbf5e3da1820|0x5b0dd94807276f3824bcd23550bd2f5ef1c51820,0x5b0dd94807276f3824bcd23550bd2f5ef1c51820,0xa0b86991c6218b36c1d19d4a2e9eb0ce3606eb48,USDC,stable:USDC,0x2549197e6482960a0bfec156c69fb620566e3719fe4b62270f7a6a6b67f0398b_None_USDC_0xa0b86991c6218b36c1d19d4a2e9eb0ce3606eb48,1640058939,1640058939,1,49920000.0,49.92,49.92,0.000000,0.000000,0.750000,tx_agg_rolling_1800s_same_asset_group_or_route,Celer
ETH,eth_flow_12316bf12c994c__r7fam02__inst00__synth_split_src,0x5b70086103268c763c20528f843bcfdae136aa17dc0149263cf7261d88225f88,0x5427fefa711eff984124bfbb1ab6fbf5e3da1820|0xc02aaa39b223fe8d0a0e5c4f27ead9083c756cc2,0x5427fefa711eff984124bfbb1ab6fbf5e3da1820,,NATIVE,token:NATIVE,0x5b70086103268c763c20528f843bcfdae136aa17dc0149263cf7261d88225f88_0_native_,1638529673,1638529673,1,1.84e+17,0.184,0.184,0.000000,0.000000,0.775000,tx_agg_rolling_1800s_same_asset_group_or_route,Celer
ETH,eth_flow_12316bf12c994c__r7fam02__inst00__synth_merge_src1,0x5b70086103268c763c20528f843bcfdae136aa17dc0149263cf7261d88225f88,0x5427fefa711eff984124bfbb1ab6fbf5e3da1820|0xc02aaa39b223fe8d0a0e5c4f27ead9083c756cc2,0x5427fefa711eff984124bfbb1ab6fbf5e3da1820,,NATIVE,token:NATIVE,0x5b70086103268c763c20528f843bcfdae136aa17dc0149263cf7261d88225f88_0_native_,1638529673,1638529673,1,9.2e+16,0.092,0.092,0.000000,0.000000,0.775000,tx_agg_rolling_1800s_same_asset_group_or_route,Celer
ETH,eth_flow_12316bf12c994c__r7fam02__inst00__synth_merge_src2,0x5b70086103268c763c20528f843bcfdae136aa17dc0149263cf7261d88225f88,0x5427fefa711eff984124bfbb1ab6fbf5e3da1820|0xc02aaa39b223fe8d0a0e5c4f27ead9083c756cc2,0x5427fefa711eff984124bfbb1ab6fbf5e3da1820,,NATIVE,token:NATIVE,0x5b70086103268c763c20528f843bcfdae136aa17dc0149263cf7261d88225f88_0_native_,1638529673,1638529673,1,9.2e+16,0.092,0.092,0.000000,0.000000,0.775000,tx_agg_rolling_1800s_same_asset_group_or_route,Celer
ETH,eth_flow_12316bf12c994c__r7fam02__inst00__synth_unmatched_src,0x5b70086103268c763c20528f843bcfdae136aa17dc0149263cf7261d88225f88,0x5427fefa711eff984124bfbb1ab6fbf5e3da1820|0xc02aaa39b223fe8d0a0e5c4f27ead9083c756cc2,0x5427fefa711eff984124bfbb1ab6fbf5e3da1820,,NATIVE,token:NATIVE,0x5b70086103268c763c20528f843bcfdae136aa17dc0149263cf7261d88225f88_0_native_,1638529673,1638529673,1,1.84e+17,0.184,0.184,0.000000,0.000000,0.775000,tx_agg_rolling_1800s_same_asset_group_or_route,Celer
ETH,eth_flow_12316bf12c994c__r7fam02__inst00__synth_noise_src_0,0x5b70086103268c763c20528f843bcfdae136aa17dc0149263cf7261d88225f88,0x5427fefa711eff984124bfbb1ab6fbf5e3da1820|0xc02aaa39b223fe8d0a0e5c4f27ead9083c756cc2,0x5427fefa711eff984124bfbb1ab6fbf5e3da1820,,NATIVE,token:NATIVE,0x5b70086103268c763c20528f843bcfdae136aa17dc0149263cf7261d88225f88_0_native_,1638529673,1638529673,1,1.84e+17,0.184,0.184,0.000000,0.000000,0.775000,tx_agg_rolling_1800s_same_asset_group_or_route,Celer
ETH,eth_flow_12316bf12c994c__r7fam02__inst00__synth_noise_src_1,0x5b70086103268c763c20528f843bcfdae136aa17dc0149263cf7261d88225f88,0x5427fefa711eff984124bfbb1ab6fbf5e3da1820|0xc02aaa39b223fe8d0a0e5c4f27ead9083c756cc2,0x5427fefa711eff984124bfbb1ab6fbf5e3da1820,,NATIVE,token:NATIVE,0x5b70086103268c763c20528f843bcfdae136aa17dc0149263cf7261d88225f88_0_native_,1638529673,1638529673,1,1.84e+17,0.184,0.184,0.000000,0.000000,0.775000,tx_agg_rolling_1800s_same_asset_group_or_route,Celer
ETH,eth_flow_b47ad810d5e94e__r7fam02__inst01__synth_split_src,0x7db1adca3f71d007371f5f568349060c2752863ccd81fa536b309a418e4e23fc,0x5427fefa711eff984124bfbb1ab6fbf5e3da1820|0xc02aaa39b223fe8d0a0e5c4f27ead9083c756cc2,0x5427fefa711eff984124bfbb1ab6fbf5e3da1820,,NATIVE,token:NATIVE,0x7db1adca3f71d007371f5f568349060c2752863ccd81fa536b309a418e4e23fc_0_native_,1639623321,1639623321,1,1.34e+18,1.34,1.34,0.000000,0.000000,0.775000,tx_agg_rolling_1800s_same_asset_group_or_route,Celer
ETH,eth_flow_b47ad810d5e94e__r7fam02__inst01__synth_merge_src1,0x7db1adca3f71d007371f5f568349060c2752863ccd81fa536b309a418e4e23fc,0x5427fefa711eff984124bfbb1ab6fbf5e3da1820|0xc02aaa39b223fe8d0a0e5c4f27ead9083c756cc2,0x5427fefa711eff984124bfbb1ab6fbf5e3da1820,,NATIVE,token:NATIVE,0x7db1adca3f71d007371f5f568349060c2752863ccd81fa536b309a418e4e23fc_0_native_,1639623321,1639623321,1,6.7e+17,0.67,0.67,0.000000,0.000000,0.775000,tx_agg_rolling_1800s_same_asset_group_or_route,Celer
ETH,eth_flow_b47ad810d5e94e__r7fam02__inst01__synth_merge_src2,0x7db1adca3f71d007371f5f568349060c2752863ccd81fa536b309a418e4e23fc,0x5427fefa711eff984124bfbb1ab6fbf5e3da1820|0xc02aaa39b223fe8d0a0e5c4f27ead9083c756cc2,0x5427fefa711eff984124bfbb1ab6fbf5e3da1820,,NATIVE,token:NATIVE,0x7db1adca3f71d007371f5f568349060c2752863ccd81fa536b309a418e4e23fc_0_native_,1639623321,1639623321,1,6.7e+17,0.67,0.67,0.000000,0.000000,0.775000,tx_agg_rolling_1800s_same_asset_group_or_route,Celer
ETH,eth_flow_b47ad810d5e94e__r7fam02__inst01__synth_unmatched_src,0x7db1adca3f71d007371f5f568349060c2752863ccd81fa536b309a418e4e23fc,0x5427fefa711eff984124bfbb1ab6fbf5e3da1820|0xc02aaa39b223fe8d0a0e5c4f27ead9083c756cc2,0x5427fefa711eff984124bfbb1ab6fbf5e3da1820,,NATIVE,token:NATIVE,0x7db1adca3f71d007371f5f568349060c2752863ccd81fa536b309a418e4e23fc_0_native_,1639623321,1639623321,1,1.34e+18,1.34,1.34,0.000000,0.000000,0.775000,tx_agg_rolling_1800s_same_asset_group_or_route,Celer
ETH,eth_flow_b47ad810d5e94e__r7fam02__inst01__synth_noise_src_0,0x7db1adca3f71d007371f5f568349060c2752863ccd81fa536b309a418e4e23fc,0x5427fefa711eff984124bfbb1ab6fbf5e3da1820|0xc02aaa39b223fe8d0a0e5c4f27ead9083c756cc2,0x5427fefa711eff984124bfbb1ab6fbf5e3da1820,,NATIVE,token:NATIVE,0x7db1adca3f71d007371f5f568349060c2752863ccd81fa536b309a418e4e23fc_0_native_,1639623321,1639623321,1,1.34e+18,1.34,1.34,0.000000,0.000000,0.775000,tx_agg_rolling_1800s_same_asset_group_or_route,Celer
ETH,eth_flow_b47ad810d5e94e__r7fam02__inst01__synth_noise_src_1,0x7db1adca3f71d007371f5f568349060c2752863ccd81fa536b309a418e4e23fc,0x5427fefa711eff984124bfbb1ab6fbf5e3da1820|0xc02aaa39b223fe8d0a0e5c4f27ead9083c756cc2,0x5427fefa711eff984124bfbb1ab6fbf5e3da1820,,NATIVE,token:NATIVE,0x7db1adca3f71d007371f5f568349060c2752863ccd81fa536b309a418e4e23fc_0_native_,1639623321,1639623321,1,1.34e+18,1.34,1.34,0.000000,0.000000,0.775000,tx_agg_rolling_1800s_same_asset_group_or_route,Celer
ETH,eth_flow_4893286f7a894b__r7fam03__inst00__synth_split_src,0x1b3029d4cb8d4770522e6165a92187cbd93bfbe5df716b7e425048f011867724,0x5427fefa711eff984124bfbb1ab6fbf5e3da1820|0x557c4beab39e04582a0195a987946b3112132a2b,0x557c4beab39e04582a0195a987946b3112132a2b,0xdac17f958d2ee523a2206206994597c13d831ec7,USDT,stable:USDT,0x1b3029d4cb8d4770522e6165a92187cbd93bfbe5df716b7e425048f011867724_None_USDT_0xdac17f958d2ee523a2206206994597c13d831ec7,1641062576,1641062576,1,92500000.0,92.5,92.5,0.000000,0.000000,0.750000,tx_agg_rolling_1800s_same_asset_group_or_route,Celer
ETH,eth_flow_4893286f7a894b__r7fam03__inst00__synth_merge_src1,0x1b3029d4cb8d4770522e6165a92187cbd93bfbe5df716b7e425048f011867724,0x5427fefa711eff984124bfbb1ab6fbf5e3da1820|0x557c4beab39e04582a0195a987946b3112132a2b,0x557c4beab39e04582a0195a987946b3112132a2b,0xdac17f958d2ee523a2206206994597c13d831ec7,USDT,stable:USDT,0x1b3029d4cb8d4770522e6165a92187cbd93bfbe5df716b7e425048f011867724_None_USDT_0xdac17f958d2ee523a2206206994597c13d831ec7,1641062576,1641062576,1,46250000.0,46.25,46.25,0.000000,0.000000,0.750000,tx_agg_rolling_1800s_same_asset_group_or_route,Celer
ETH,eth_flow_4893286f7a894b__r7fam03__inst00__synth_merge_src2,0x1b3029d4cb8d4770522e6165a92187cbd93bfbe5df716b7e425048f011867724,0x5427fefa711eff984124bfbb1ab6fbf5e3da1820|0x557c4beab39e04582a0195a987946b3112132a2b,0x557c4beab39e04582a0195a987946b3112132a2b,0xdac17f958d2ee523a2206206994597c13d831ec7,USDT,stable:USDT,0x1b3029d4cb8d4770522e6165a92187cbd93bfbe5df716b7e425048f011867724_None_USDT_0xdac17f958d2ee523a2206206994597c13d831ec7,1641062576,1641062576,1,46250000.0,46.25,46.25,0.000000,0.000000,0.750000,tx_agg_rolling_1800s_same_asset_group_or_route,Celer
ETH,eth_flow_4893286f7a894b__r7fam03__inst00__synth_unmatched_src,0x1b3029d4cb8d4770522e6165a92187cbd93bfbe5df716b7e425048f011867724,0x5427fefa711eff984124bfbb1ab6fbf5e3da1820|0x557c4beab39e04582a0195a987946b3112132a2b,0x557c4beab39e04582a0195a987946b3112132a2b,0xdac17f958d2ee523a2206206994597c13d831ec7,USDT,stable:USDT,0x1b3029d4cb8d4770522e6165a92187cbd93bfbe5df716b7e425048f011867724_None_USDT_0xdac17f958d2ee523a2206206994597c13d831ec7,1641062576,1641062576,1,92500000.0,92.5,92.5,0.000000,0.000000,0.750000,tx_agg_rolling_1800s_same_asset_group_or_route,Celer
ETH,eth_flow_4893286f7a894b__r7fam03__inst00__synth_noise_src_0,0x1b3029d4cb8d4770522e6165a92187cbd93bfbe5df716b7e425048f011867724,0x5427fefa711eff984124bfbb1ab6fbf5e3da1820|0x557c4beab39e04582a0195a987946b3112132a2b,0x557c4beab39e04582a0195a987946b3112132a2b,0xdac17f958d2ee523a2206206994597c13d831ec7,USDT,stable:USDT,0x1b3029d4cb8d4770522e6165a92187cbd93bfbe5df716b7e425048f011867724_None_USDT_0xdac17f958d2ee523a2206206994597c13d831ec7,1641062576,1641062576,1,92500000.0,92.5,92.5,0.000000,0.000000,0.750000,tx_agg_rolling_1800s_same_asset_group_or_route,Celer
ETH,eth_flow_4893286f7a894b__r7fam03__inst00__synth_noise_src_1,0x1b3029d4cb8d4770522e6165a92187cbd93bfbe5df716b7e425048f011867724,0x5427fefa711eff984124bfbb1ab6fbf5e3da1820|0x557c4beab39e04582a0195a987946b3112132a2b,0x557c4beab39e04582a0195a987946b3112132a2b,0xdac17f958d2ee523a2206206994597c13d831ec7,USDT,stable:USDT,0x1b3029d4cb8d4770522e6165a92187cbd93bfbe5df716b7e425048f011867724_None_USDT_0xdac17f958d2ee523a2206206994597c13d831ec7,1641062576,1641062576,1,92500000.0,92.5,92.5,0.000000,0.000000,0.750000,tx_agg_rolling_1800s_same_asset_group_or_route,Celer
ETH,eth_flow_c515b84a1f8345__r7fam03__inst01__synth_split_src,0x750eaf036cf3db5fb6e4eacdf723efd140be2fbf5d6f085c55d854fb0bb7aa49,0x67f1beba75d7721175e120b7a9906df999e52e6c|0x7510792a3b1969f9307f3845ce88e39578f2bae1,0x67f1beba75d7721175e120b7a9906df999e52e6c,0x53263d9ef74db583b15fbc6d5d4e8b83833fa134,LEAP,token:LEAP,0x750eaf036cf3db5fb6e4eacdf723efd140be2fbf5d6f085c55d854fb0bb7aa49_None_LEAP_0x53263d9ef74db583b15fbc6d5d4e8b83833fa134,1673611967,1673611967,1,1.3e+20,130.0,130.0,11.627907,11.627907,0.775000,tx_agg_rolling_1800s_same_asset_group_or_route,Celer
ETH,eth_flow_c515b84a1f8345__r7fam03__inst01__synth_merge_src1,0x750eaf036cf3db5fb6e4eacdf723efd140be2fbf5d6f085c55d854fb0bb7aa49,0x67f1beba75d7721175e120b7a9906df999e52e6c|0x7510792a3b1969f9307f3845ce88e39578f2bae1,0x67f1beba75d7721175e120b7a9906df999e52e6c,0x53263d9ef74db583b15fbc6d5d4e8b83833fa134,LEAP,token:LEAP,0x750eaf036cf3db5fb6e4eacdf723efd140be2fbf5d6f085c55d854fb0bb7aa49_None_LEAP_0x53263d9ef74db583b15fbc6d5d4e8b83833fa134,1673611967,1673611967,1,6.5e+19,65.0,65.0,11.627907,11.627907,0.775000,tx_agg_rolling_1800s_same_asset_group_or_route,Celer
ETH,eth_flow_c515b84a1f8345__r7fam03__inst01__synth_merge_src2,0x750eaf036cf3db5fb6e4eacdf723efd140be2fbf5d6f085c55d854fb0bb7aa49,0x67f1beba75d7721175e120b7a9906df999e52e6c|0x7510792a3b1969f9307f3845ce88e39578f2bae1,0x67f1beba75d7721175e120b7a9906df999e52e6c,0x53263d9ef74db583b15fbc6d5d4e8b83833fa134,LEAP,token:LEAP,0x750eaf036cf3db5fb6e4eacdf723efd140be2fbf5d6f085c55d854fb0bb7aa49_None_LEAP_0x53263d9ef74db583b15fbc6d5d4e8b83833fa134,1673611967,1673611967,1,6.5e+19,65.0,65.0,11.627907,11.627907,0.775000,tx_agg_rolling_1800s_same_asset_group_or_route,Celer
ETH,eth_flow_c515b84a1f8345__r7fam03__inst01__synth_unmatched_src,0x750eaf036cf3db5fb6e4eacdf723efd140be2fbf5d6f085c55d854fb0bb7aa49,0x67f1beba75d7721175e120b7a9906df999e52e6c|0x7510792a3b1969f9307f3845ce88e39578f2bae1,0x67f1beba75d7721175e120b7a9906df999e52e6c,0x53263d9ef74db583b15fbc6d5d4e8b83833fa134,LEAP,token:LEAP,0x750eaf036cf3db5fb6e4eacdf723efd140be2fbf5d6f085c55d854fb0bb7aa49_None_LEAP_0x53263d9ef74db583b15fbc6d5d4e8b83833fa134,1673611967,1673611967,1,1.3e+20,130.0,130.0,11.627907,11.627907,0.775000,tx_agg_rolling_1800s_same_asset_group_or_route,Celer
ETH,eth_flow_c515b84a1f8345__r7fam03__inst01__synth_noise_src_0,0x750eaf036cf3db5fb6e4eacdf723efd140be2fbf5d6f085c55d854fb0bb7aa49,0x67f1beba75d7721175e120b7a9906df999e52e6c|0x7510792a3b1969f9307f3845ce88e39578f2bae1,0x67f1beba75d7721175e120b7a9906df999e52e6c,0x53263d9ef74db583b15fbc6d5d4e8b83833fa134,LEAP,token:LEAP,0x750eaf036cf3db5fb6e4eacdf723efd140be2fbf5d6f085c55d854fb0bb7aa49_None_LEAP_0x53263d9ef74db583b15fbc6d5d4e8b83833fa134,1673611967,1673611967,1,1.3e+20,130.0,130.0,11.627907,11.627907,0.775000,tx_agg_rolling_1800s_same_asset_group_or_route,Celer
ETH,eth_flow_c515b84a1f8345__r7fam03__inst01__synth_noise_src_1,0x750eaf036cf3db5fb6e4eacdf723efd140be2fbf5d6f085c55d854fb0bb7aa49,0x67f1beba75d7721175e120b7a9906df999e52e6c|0x7510792a3b1969f9307f3845ce88e39578f2bae1,0x67f1beba75d7721175e120b7a9906df999e52e6c,0x53263d9ef74db583b15fbc6d5d4e8b83833fa134,LEAP,token:LEAP,0x750eaf036cf3db5fb6e4eacdf723efd140be2fbf5d6f085c55d854fb0bb7aa49_None_LEAP_0x53263d9ef74db583b15fbc6d5d4e8b83833fa134,1673611967,1673611967,1,1.3e+20,130.0,130.0,11.627907,11.627907,0.775000,tx_agg_rolling_1800s_same_asset_group_or_route,Celer
ETH,eth_flow_58dddcedfb1e46__r7fam04__inst00__synth_split_src,0xb5ee8b8ff56d0d76de2a9e156e6e816266ab328a087fe4e14a8f8443bb2cd9c7,0x5427fefa711eff984124bfbb1ab6fbf5e3da1820|0xbd6ec92b6aede0f71f3c60b438af0484ab2a7074,0xbd6ec92b6aede0f71f3c60b438af0484ab2a7074,0x4fabb145d64652a948d72533023f6e7a623c7c53,BUSD,stable:BUSD,0xb5ee8b8ff56d0d76de2a9e156e6e816266ab328a087fe4e14a8f8443bb2cd9c7_None_BUSD_0x4fabb145d64652a948d72533023f6e7a623c7c53,1639636130,1639636130,1,3.1917811131614945e+19,31.917811131614947,31.917811131614947,0.000000,0.000000,0.750000,tx_agg_rolling_1800s_same_asset_group_or_route,Celer
ETH,eth_flow_58dddcedfb1e46__r7fam04__inst00__synth_merge_src1,0xb5ee8b8ff56d0d76de2a9e156e6e816266ab328a087fe4e14a8f8443bb2cd9c7,0x5427fefa711eff984124bfbb1ab6fbf5e3da1820|0xbd6ec92b6aede0f71f3c60b438af0484ab2a7074,0xbd6ec92b6aede0f71f3c60b438af0484ab2a7074,0x4fabb145d64652a948d72533023f6e7a623c7c53,BUSD,stable:BUSD,0xb5ee8b8ff56d0d76de2a9e156e6e816266ab328a087fe4e14a8f8443bb2cd9c7_None_BUSD_0x4fabb145d64652a948d72533023f6e7a623c7c53,1639636130,1639636130,1,1.5958905565807473e+19,15.958905565807473,15.958905565807473,0.000000,0.000000,0.750000,tx_agg_rolling_1800s_same_asset_group_or_route,Celer
ETH,eth_flow_58dddcedfb1e46__r7fam04__inst00__synth_merge_src2,0xb5ee8b8ff56d0d76de2a9e156e6e816266ab328a087fe4e14a8f8443bb2cd9c7,0x5427fefa711eff984124bfbb1ab6fbf5e3da1820|0xbd6ec92b6aede0f71f3c60b438af0484ab2a7074,0xbd6ec92b6aede0f71f3c60b438af0484ab2a7074,0x4fabb145d64652a948d72533023f6e7a623c7c53,BUSD,stable:BUSD,0xb5ee8b8ff56d0d76de2a9e156e6e816266ab328a087fe4e14a8f8443bb2cd9c7_None_BUSD_0x4fabb145d64652a948d72533023f6e7a623c7c53,1639636130,1639636130,1,1.5958905565807473e+19,15.958905565807473,15.958905565807473,0.000000,0.000000,0.750000,tx_agg_rolling_1800s_same_asset_group_or_route,Celer
ETH,eth_flow_58dddcedfb1e46__r7fam04__inst00__synth_unmatched_src,0xb5ee8b8ff56d0d76de2a9e156e6e816266ab328a087fe4e14a8f8443bb2cd9c7,0x5427fefa711eff984124bfbb1ab6fbf5e3da1820|0xbd6ec92b6aede0f71f3c60b438af0484ab2a7074,0xbd6ec92b6aede0f71f3c60b438af0484ab2a7074,0x4fabb145d64652a948d72533023f6e7a623c7c53,BUSD,stable:BUSD,0xb5ee8b8ff56d0d76de2a9e156e6e816266ab328a087fe4e14a8f8443bb2cd9c7_None_BUSD_0x4fabb145d64652a948d72533023f6e7a623c7c53,1639636130,1639636130,1,3.1917811131614945e+19,31.917811131614947,31.917811131614947,0.000000,0.000000,0.750000,tx_agg_rolling_1800s_same_asset_group_or_route,Celer
ETH,eth_flow_58dddcedfb1e46__r7fam04__inst00__synth_noise_src_0,0xb5ee8b8ff56d0d76de2a9e156e6e816266ab328a087fe4e14a8f8443bb2cd9c7,0x5427fefa711eff984124bfbb1ab6fbf5e3da1820|0xbd6ec92b6aede0f71f3c60b438af0484ab2a7074,0xbd6ec92b6aede0f71f3c60b438af0484ab2a7074,0x4fabb145d64652a948d72533023f6e7a623c7c53,BUSD,stable:BUSD,0xb5ee8b8ff56d0d76de2a9e156e6e816266ab328a087fe4e14a8f8443bb2cd9c7_None_BUSD_0x4fabb145d64652a948d72533023f6e7a623c7c53,1639636130,1639636130,1,3.1917811131614945e+19,31.917811131614947,31.917811131614947,0.000000,0.000000,0.750000,tx_agg_rolling_1800s_same_asset_group_or_route,Celer
ETH,eth_flow_58dddcedfb1e46__r7fam04__inst00__synth_noise_src_1,0xb5ee8b8ff56d0d76de2a9e156e6e816266ab328a087fe4e14a8f8443bb2cd9c7,0x5427fefa711eff984124bfbb1ab6fbf5e3da1820|0xbd6ec92b6aede0f71f3c60b438af0484ab2a7074,0xbd6ec92b6aede0f71f3c60b438af0484ab2a7074,0x4fabb145d64652a948d72533023f6e7a623c7c53,BUSD,stable:BUSD,0xb5ee8b8ff56d0d76de2a9e156e6e816266ab328a087fe4e14a8f8443bb2cd9c7_None_BUSD_0x4fabb145d64652a948d72533023f6e7a623c7c53,1639636130,1639636130,1,3.1917811131614945e+19,31.917811131614947,31.917811131614947,0.000000,0.000000,0.750000,tx_agg_rolling_1800s_same_asset_group_or_route,Celer
ETH,eth_flow_c955f059044d47__r7fam04__inst01__synth_split_src,0x58da95d59cf65f60a0c532a037407e3d8d8d4f6568a6f69224b3b607d9d6bdd2,0x5427fefa711eff984124bfbb1ab6fbf5e3da1820|0xe611ded16e02dc75c139d15b4bc30dd4f29c32ea,0xe611ded16e02dc75c139d15b4bc30dd4f29c32ea,0xdac17f958d2ee523a2206206994597c13d831ec7,USDT,stable:USDT,0x58da95d59cf65f60a0c532a037407e3d8d8d4f6568a6f69224b3b607d9d6bdd2_None_USDT_0xdac17f958d2ee523a2206206994597c13d831ec7,1640196041,1640196041,1,200000000.0,200.0,200.0,4.651163,4.651163,0.750000,tx_agg_rolling_1800s_same_asset_group_or_route,Celer
ETH,eth_flow_c955f059044d47__r7fam04__inst01__synth_merge_src1,0x58da95d59cf65f60a0c532a037407e3d8d8d4f6568a6f69224b3b607d9d6bdd2,0x5427fefa711eff984124bfbb1ab6fbf5e3da1820|0xe611ded16e02dc75c139d15b4bc30dd4f29c32ea,0xe611ded16e02dc75c139d15b4bc30dd4f29c32ea,0xdac17f958d2ee523a2206206994597c13d831ec7,USDT,stable:USDT,0x58da95d59cf65f60a0c532a037407e3d8d8d4f6568a6f69224b3b607d9d6bdd2_None_USDT_0xdac17f958d2ee523a2206206994597c13d831ec7,1640196041,1640196041,1,100000000.0,100.0,100.0,4.651163,4.651163,0.750000,tx_agg_rolling_1800s_same_asset_group_or_route,Celer
ETH,eth_flow_c955f059044d47__r7fam04__inst01__synth_merge_src2,0x58da95d59cf65f60a0c532a037407e3d8d8d4f6568a6f69224b3b607d9d6bdd2,0x5427fefa711eff984124bfbb1ab6fbf5e3da1820|0xe611ded16e02dc75c139d15b4bc30dd4f29c32ea,0xe611ded16e02dc75c139d15b4bc30dd4f29c32ea,0xdac17f958d2ee523a2206206994597c13d831ec7,USDT,stable:USDT,0x58da95d59cf65f60a0c532a037407e3d8d8d4f6568a6f69224b3b607d9d6bdd2_None_USDT_0xdac17f958d2ee523a2206206994597c13d831ec7,1640196041,1640196041,1,100000000.0,100.0,100.0,4.651163,4.651163,0.750000,tx_agg_rolling_1800s_same_asset_group_or_route,Celer
ETH,eth_flow_c955f059044d47__r7fam04__inst01__synth_unmatched_src,0x58da95d59cf65f60a0c532a037407e3d8d8d4f6568a6f69224b3b607d9d6bdd2,0x5427fefa711eff984124bfbb1ab6fbf5e3da1820|0xe611ded16e02dc75c139d15b4bc30dd4f29c32ea,0xe611ded16e02dc75c139d15b4bc30dd4f29c32ea,0xdac17f958d2ee523a2206206994597c13d831ec7,USDT,stable:USDT,0x58da95d59cf65f60a0c532a037407e3d8d8d4f6568a6f69224b3b607d9d6bdd2_None_USDT_0xdac17f958d2ee523a2206206994597c13d831ec7,1640196041,1640196041,1,200000000.0,200.0,200.0,4.651163,4.651163,0.750000,tx_agg_rolling_1800s_same_asset_group_or_route,Celer
ETH,eth_flow_c955f059044d47__r7fam04__inst01__synth_noise_src_0,0x58da95d59cf65f60a0c532a037407e3d8d8d4f6568a6f69224b3b607d9d6bdd2,0x5427fefa711eff984124bfbb1ab6fbf5e3da1820|0xe611ded16e02dc75c139d15b4bc30dd4f29c32ea,0xe611ded16e02dc75c139d15b4bc30dd4f29c32ea,0xdac17f958d2ee523a2206206994597c13d831ec7,USDT,stable:USDT,0x58da95d59cf65f60a0c532a037407e3d8d8d4f6568a6f69224b3b607d9d6bdd2_None_USDT_0xdac17f958d2ee523a2206206994597c13d831ec7,1640196041,1640196041,1,200000000.0,200.0,200.0,4.651163,4.651163,0.750000,tx_agg_rolling_1800s_same_asset_group_or_route,Celer
ETH,eth_flow_c955f059044d47__r7fam04__inst01__synth_noise_src_1,0x58da95d59cf65f60a0c532a037407e3d8d8d4f6568a6f69224b3b607d9d6bdd2,0x5427fefa711eff984124bfbb1ab6fbf5e3da1820|0xe611ded16e02dc75c139d15b4bc30dd4f29c32ea,0xe611ded16e02dc75c139d15b4bc30dd4f29c32ea,0xdac17f958d2ee523a2206206994597c13d831ec7,USDT,stable:USDT,0x58da95d59cf65f60a0c532a037407e3d8d8d4f6568a6f69224b3b607d9d6bdd2_None_USDT_0xdac17f958d2ee523a2206206994597c13d831ec7,1640196041,1640196041,1,200000000.0,200.0,200.0,4.651163,4.651163,0.750000,tx_agg_rolling_1800s_same_asset_group_or_route,Celer
ETH,eth_flow_8617f7e4a1e341__r7fam05__inst00__synth_split_src,0x72cc5829cec8d97a16c6ab3ae9463951029cd50bc311d1608b8a134e2fa5e0b7,0x5427fefa711eff984124bfbb1ab6fbf5e3da1820|0xc02aaa39b223fe8d0a0e5c4f27ead9083c756cc2,0x5427fefa711eff984124bfbb1ab6fbf5e3da1820,,NATIVE,token:NATIVE,0x72cc5829cec8d97a16c6ab3ae9463951029cd50bc311d1608b8a134e2fa5e0b7_0_native_,1638999861,1638999861,1,7e+16,0.07,0.07,0.000000,0.000000,0.775000,tx_agg_rolling_1800s_same_asset_group_or_route,Celer
ETH,eth_flow_8617f7e4a1e341__r7fam05__inst00__synth_merge_src1,0x72cc5829cec8d97a16c6ab3ae9463951029cd50bc311d1608b8a134e2fa5e0b7,0x5427fefa711eff984124bfbb1ab6fbf5e3da1820|0xc02aaa39b223fe8d0a0e5c4f27ead9083c756cc2,0x5427fefa711eff984124bfbb1ab6fbf5e3da1820,,NATIVE,token:NATIVE,0x72cc5829cec8d97a16c6ab3ae9463951029cd50bc311d1608b8a134e2fa5e0b7_0_native_,1638999861,1638999861,1,3.5e+16,0.035,0.035,0.000000,0.000000,0.775000,tx_agg_rolling_1800s_same_asset_group_or_route,Celer
ETH,eth_flow_8617f7e4a1e341__r7fam05__inst00__synth_merge_src2,0x72cc5829cec8d97a16c6ab3ae9463951029cd50bc311d1608b8a134e2fa5e0b7,0x5427fefa711eff984124bfbb1ab6fbf5e3da1820|0xc02aaa39b223fe8d0a0e5c4f27ead9083c756cc2,0x5427fefa711eff984124bfbb1ab6fbf5e3da1820,,NATIVE,token:NATIVE,0x72cc5829cec8d97a16c6ab3ae9463951029cd50bc311d1608b8a134e2fa5e0b7_0_native_,1638999861,1638999861,1,3.5e+16,0.035,0.035,0.000000,0.000000,0.775000,tx_agg_rolling_1800s_same_asset_group_or_route,Celer
ETH,eth_flow_8617f7e4a1e341__r7fam05__inst00__synth_unmatched_src,0x72cc5829cec8d97a16c6ab3ae9463951029cd50bc311d1608b8a134e2fa5e0b7,0x5427fefa711eff984124bfbb1ab6fbf5e3da1820|0xc02aaa39b223fe8d0a0e5c4f27ead9083c756cc2,0x5427fefa711eff984124bfbb1ab6fbf5e3da1820,,NATIVE,token:NATIVE,0x72cc5829cec8d97a16c6ab3ae9463951029cd50bc311d1608b8a134e2fa5e0b7_0_native_,1638999861,1638999861,1,7e+16,0.07,0.07,0.000000,0.000000,0.775000,tx_agg_rolling_1800s_same_asset_group_or_route,Celer
ETH,eth_flow_8617f7e4a1e341__r7fam05__inst00__synth_noise_src_0,0x72cc5829cec8d97a16c6ab3ae9463951029cd50bc311d1608b8a134e2fa5e0b7,0x5427fefa711eff984124bfbb1ab6fbf5e3da1820|0xc02aaa39b223fe8d0a0e5c4f27ead9083c756cc2,0x5427fefa711eff984124bfbb1ab6fbf5e3da1820,,NATIVE,token:NATIVE,0x72cc5829cec8d97a16c6ab3ae9463951029cd50bc311d1608b8a134e2fa5e0b7_0_native_,1638999861,1638999861,1,7e+16,0.07,0.07,0.000000,0.000000,0.775000,tx_agg_rolling_1800s_same_asset_group_or_route,Celer
ETH,eth_flow_8617f7e4a1e341__r7fam05__inst00__synth_noise_src_1,0x72cc5829cec8d97a16c6ab3ae9463951029cd50bc311d1608b8a134e2fa5e0b7,0x5427fefa711eff984124bfbb1ab6fbf5e3da1820|0xc02aaa39b223fe8d0a0e5c4f27ead9083c756cc2,0x5427fefa711eff984124bfbb1ab6fbf5e3da1820,,NATIVE,token:NATIVE,0x72cc5829cec8d97a16c6ab3ae9463951029cd50bc311d1608b8a134e2fa5e0b7_0_native_,1638999861,1638999861,1,7e+16,0.07,0.07,0.000000,0.000000,0.775000,tx_agg_rolling_1800s_same_asset_group_or_route,Celer
ETH,eth_flow_85ac8286865943__r7fam05__inst01__synth_split_src,0x981a806e1f64fc0851d0168c581117fc26cd5b370b9f8d5bb4ca743c6b758af0,0x0c6e2612d7e970cfcdd21869e3fd329daae22503|0x5427fefa711eff984124bfbb1ab6fbf5e3da1820,0x0c6e2612d7e970cfcdd21869e3fd329daae22503,0xdac17f958d2ee523a2206206994597c13d831ec7,USDT,stable:USDT,0x981a806e1f64fc0851d0168c581117fc26cd5b370b9f8d5bb4ca743c6b758af0_None_USDT_0xdac17f958d2ee523a2206206994597c13d831ec7,1640515957,1640515957,1,21000000.0,21.0,21.0,0.000000,0.000000,0.750000,tx_agg_rolling_1800s_same_asset_group_or_route,Celer
ETH,eth_flow_85ac8286865943__r7fam05__inst01__synth_merge_src1,0x981a806e1f64fc0851d0168c581117fc26cd5b370b9f8d5bb4ca743c6b758af0,0x0c6e2612d7e970cfcdd21869e3fd329daae22503|0x5427fefa711eff984124bfbb1ab6fbf5e3da1820,0x0c6e2612d7e970cfcdd21869e3fd329daae22503,0xdac17f958d2ee523a2206206994597c13d831ec7,USDT,stable:USDT,0x981a806e1f64fc0851d0168c581117fc26cd5b370b9f8d5bb4ca743c6b758af0_None_USDT_0xdac17f958d2ee523a2206206994597c13d831ec7,1640515957,1640515957,1,10500000.0,10.5,10.5,0.000000,0.000000,0.750000,tx_agg_rolling_1800s_same_asset_group_or_route,Celer
ETH,eth_flow_85ac8286865943__r7fam05__inst01__synth_merge_src2,0x981a806e1f64fc0851d0168c581117fc26cd5b370b9f8d5bb4ca743c6b758af0,0x0c6e2612d7e970cfcdd21869e3fd329daae22503|0x5427fefa711eff984124bfbb1ab6fbf5e3da1820,0x0c6e2612d7e970cfcdd21869e3fd329daae22503,0xdac17f958d2ee523a2206206994597c13d831ec7,USDT,stable:USDT,0x981a806e1f64fc0851d0168c581117fc26cd5b370b9f8d5bb4ca743c6b758af0_None_USDT_0xdac17f958d2ee523a2206206994597c13d831ec7,1640515957,1640515957,1,10500000.0,10.5,10.5,0.000000,0.000000,0.750000,tx_agg_rolling_1800s_same_asset_group_or_route,Celer
ETH,eth_flow_85ac8286865943__r7fam05__inst01__synth_unmatched_src,0x981a806e1f64fc0851d0168c581117fc26cd5b370b9f8d5bb4ca743c6b758af0,0x0c6e2612d7e970cfcdd21869e3fd329daae22503|0x5427fefa711eff984124bfbb1ab6fbf5e3da1820,0x0c6e2612d7e970cfcdd21869e3fd329daae22503,0xdac17f958d2ee523a2206206994597c13d831ec7,USDT,stable:USDT,0x981a806e1f64fc0851d0168c581117fc26cd5b370b9f8d5bb4ca743c6b758af0_None_USDT_0xdac17f958d2ee523a2206206994597c13d831ec7,1640515957,1640515957,1,21000000.0,21.0,21.0,0.000000,0.000000,0.750000,tx_agg_rolling_1800s_same_asset_group_or_route,Celer
ETH,eth_flow_85ac8286865943__r7fam05__inst01__synth_noise_src_0,0x981a806e1f64fc0851d0168c581117fc26cd5b370b9f8d5bb4ca743c6b758af0,0x0c6e2612d7e970cfcdd21869e3fd329daae22503|0x5427fefa711eff984124bfbb1ab6fbf5e3da1820,0x0c6e2612d7e970cfcdd21869e3fd329daae22503,0xdac17f958d2ee523a2206206994597c13d831ec7,USDT,stable:USDT,0x981a806e1f64fc0851d0168c581117fc26cd5b370b9f8d5bb4ca743c6b758af0_None_USDT_0xdac17f958d2ee523a2206206994597c13d831ec7,1640515957,1640515957,1,21000000.0,21.0,21.0,0.000000,0.000000,0.750000,tx_agg_rolling_1800s_same_asset_group_or_route,Celer
ETH,eth_flow_85ac8286865943__r7fam05__inst01__synth_noise_src_1,0x981a806e1f64fc0851d0168c581117fc26cd5b370b9f8d5bb4ca743c6b758af0,0x0c6e2612d7e970cfcdd21869e3fd329daae22503|0x5427fefa711eff984124bfbb1ab6fbf5e3da1820,0x0c6e2612d7e970cfcdd21869e3fd329daae22503,0xdac17f958d2ee523a2206206994597c13d831ec7,USDT,stable:USDT,0x981a806e1f64fc0851d0168c581117fc26cd5b370b9f8d5bb4ca743c6b758af0_None_USDT_0xdac17f958d2ee523a2206206994597c13d831ec7,1640515957,1640515957,1,21000000.0,21.0,21.0,0.000000,0.000000,0.750000,tx_agg_rolling_1800s_same_asset_group_or_route,Celer
ETH,eth_flow_76ba5b41ae144b__r7fam06__inst00__synth_split_src,0xe3a6bf673709197022f784e5b90d0bbf3841c82e7475cc4ba94999fd917b5aa8,0x5427fefa711eff984124bfbb1ab6fbf5e3da1820|0x8e844a7de89d7cfbfe9b4453e65935a22f146abb,0x8e844a7de89d7cfbfe9b4453e65935a22f146abb,0xa0b86991c6218b36c1d19d4a2e9eb0ce3606eb48,USDC,stable:USDC,0xe3a6bf673709197022f784e5b90d0bbf3841c82e7475cc4ba94999fd917b5aa8_None_USDC_0xa0b86991c6218b36c1d19d4a2e9eb0ce3606eb48,1640800266,1640800266,1,490254748.0,490.254748,490.254748,0.000000,0.000000,0.775000,tx_agg_rolling_1800s_same_asset_group_or_route,Celer
ETH,eth_flow_76ba5b41ae144b__r7fam06__inst00__synth_merge_src1,0xe3a6bf673709197022f784e5b90d0bbf3841c82e7475cc4ba94999fd917b5aa8,0x5427fefa711eff984124bfbb1ab6fbf5e3da1820|0x8e844a7de89d7cfbfe9b4453e65935a22f146abb,0x8e844a7de89d7cfbfe9b4453e65935a22f146abb,0xa0b86991c6218b36c1d19d4a2e9eb0ce3606eb48,USDC,stable:USDC,0xe3a6bf673709197022f784e5b90d0bbf3841c82e7475cc4ba94999fd917b5aa8_None_USDC_0xa0b86991c6218b36c1d19d4a2e9eb0ce3606eb48,1640800266,1640800266,1,245127374.0,245.127374,245.127374,0.000000,0.000000,0.775000,tx_agg_rolling_1800s_same_asset_group_or_route,Celer
ETH,eth_flow_76ba5b41ae144b__r7fam06__inst00__synth_merge_src2,0xe3a6bf673709197022f784e5b90d0bbf3841c82e7475cc4ba94999fd917b5aa8,0x5427fefa711eff984124bfbb1ab6fbf5e3da1820|0x8e844a7de89d7cfbfe9b4453e65935a22f146abb,0x8e844a7de89d7cfbfe9b4453e65935a22f146abb,0xa0b86991c6218b36c1d19d4a2e9eb0ce3606eb48,USDC,stable:USDC,0xe3a6bf673709197022f784e5b90d0bbf3841c82e7475cc4ba94999fd917b5aa8_None_USDC_0xa0b86991c6218b36c1d19d4a2e9eb0ce3606eb48,1640800266,1640800266,1,245127374.0,245.127374,245.127374,0.000000,0.000000,0.775000,tx_agg_rolling_1800s_same_asset_group_or_route,Celer
ETH,eth_flow_76ba5b41ae144b__r7fam06__inst00__synth_unmatched_src,0xe3a6bf673709197022f784e5b90d0bbf3841c82e7475cc4ba94999fd917b5aa8,0x5427fefa711eff984124bfbb1ab6fbf5e3da1820|0x8e844a7de89d7cfbfe9b4453e65935a22f146abb,0x8e844a7de89d7cfbfe9b4453e65935a22f146abb,0xa0b86991c6218b36c1d19d4a2e9eb0ce3606eb48,USDC,stable:USDC,0xe3a6bf673709197022f784e5b90d0bbf3841c82e7475cc4ba94999fd917b5aa8_None_USDC_0xa0b86991c6218b36c1d19d4a2e9eb0ce3606eb48,1640800266,1640800266,1,490254748.0,490.254748,490.254748,0.000000,0.000000,0.775000,tx_agg_rolling_1800s_same_asset_group_or_route,Celer
ETH,eth_flow_76ba5b41ae144b__r7fam06__inst00__synth_noise_src_0,0xe3a6bf673709197022f784e5b90d0bbf3841c82e7475cc4ba94999fd917b5aa8,0x5427fefa711eff984124bfbb1ab6fbf5e3da1820|0x8e844a7de89d7cfbfe9b4453e65935a22f146abb,0x8e844a7de89d7cfbfe9b4453e65935a22f146abb,0xa0b86991c6218b36c1d19d4a2e9eb0ce3606eb48,USDC,stable:USDC,0xe3a6bf673709197022f784e5b90d0bbf3841c82e7475cc4ba94999fd917b5aa8_None_USDC_0xa0b86991c6218b36c1d19d4a2e9eb0ce3606eb48,1640800266,1640800266,1,490254748.0,490.254748,490.254748,0.000000,0.000000,0.775000,tx_agg_rolling_1800s_same_asset_group_or_route,Celer
ETH,eth_flow_76ba5b41ae144b__r7fam06__inst00__synth_noise_src_1,0xe3a6bf673709197022f784e5b90d0bbf3841c82e7475cc4ba94999fd917b5aa8,0x5427fefa711eff984124bfbb1ab6fbf5e3da1820|0x8e844a7de89d7cfbfe9b4453e65935a22f146abb,0x8e844a7de89d7cfbfe9b4453e65935a22f146abb,0xa0b86991c6218b36c1d19d4a2e9eb0ce3606eb48,USDC,stable:USDC,0xe3a6bf673709197022f784e5b90d0bbf3841c82e7475cc4ba94999fd917b5aa8_None_USDC_0xa0b86991c6218b36c1d19d4a2e9eb0ce3606eb48,1640800266,1640800266,1,490254748.0,490.254748,490.254748,0.000000,0.000000,0.775000,tx_agg_rolling_1800s_same_asset_group_or_route,Celer
ETH,eth_flow_1dda96ff0afa4f__r7fam06__inst01__synth_split_src,0x2aa1ef322619b1baad51cda1a59a73c3dd4cf0f4b40b07116f1e7a23c561a4fa|0xc96e7d081a74f0954f714dd82439d16b39b6c890177f5cc62503ac00bd5781ec,0x5427fefa711eff984124bfbb1ab6fbf5e3da1820|0x5d02a3a80b7b2031ba77529acff417590c95a382,0x5d02a3a80b7b2031ba77529acff417590c95a382,0xa0b86991c6218b36c1d19d4a2e9eb0ce3606eb48,USDC,stable:USDC,0x2aa1ef322619b1baad51cda1a59a73c3dd4cf0f4b40b07116f1e7a23c561a4fa_None_USDC_0xa0b86991c6218b36c1d19d4a2e9eb0ce3606eb48,1640729270,1640729761,2,927483477.0,927.483477,927.483477,4.651163,4.651163,0.800000,tx_agg_rolling_1800s_same_asset_group_or_route,Celer
ETH,eth_flow_1dda96ff0afa4f__r7fam06__inst01__synth_merge_src1,0x2aa1ef322619b1baad51cda1a59a73c3dd4cf0f4b40b07116f1e7a23c561a4fa|0xc96e7d081a74f0954f714dd82439d16b39b6c890177f5cc62503ac00bd5781ec,0x5427fefa711eff984124bfbb1ab6fbf5e3da1820|0x5d02a3a80b7b2031ba77529acff417590c95a382,0x5d02a3a80b7b2031ba77529acff417590c95a382,0xa0b86991c6218b36c1d19d4a2e9eb0ce3606eb48,USDC,stable:USDC,0x2aa1ef322619b1baad51cda1a59a73c3dd4cf0f4b40b07116f1e7a23c561a4fa_None_USDC_0xa0b86991c6218b36c1d19d4a2e9eb0ce3606eb48,1640729270,1640729761,2,463741738.5,463.7417385,463.7417385,4.651163,4.651163,0.800000,tx_agg_rolling_1800s_same_asset_group_or_route,Celer
ETH,eth_flow_1dda96ff0afa4f__r7fam06__inst01__synth_merge_src2,0x2aa1ef322619b1baad51cda1a59a73c3dd4cf0f4b40b07116f1e7a23c561a4fa|0xc96e7d081a74f0954f714dd82439d16b39b6c890177f5cc62503ac00bd5781ec,0x5427fefa711eff984124bfbb1ab6fbf5e3da1820|0x5d02a3a80b7b2031ba77529acff417590c95a382,0x5d02a3a80b7b2031ba77529acff417590c95a382,0xa0b86991c6218b36c1d19d4a2e9eb0ce3606eb48,USDC,stable:USDC,0x2aa1ef322619b1baad51cda1a59a73c3dd4cf0f4b40b07116f1e7a23c561a4fa_None_USDC_0xa0b86991c6218b36c1d19d4a2e9eb0ce3606eb48,1640729270,1640729761,2,463741738.5,463.7417385,463.7417385,4.651163,4.651163,0.800000,tx_agg_rolling_1800s_same_asset_group_or_route,Celer
ETH,eth_flow_1dda96ff0afa4f__r7fam06__inst01__synth_unmatched_src,0x2aa1ef322619b1baad51cda1a59a73c3dd4cf0f4b40b07116f1e7a23c561a4fa|0xc96e7d081a74f0954f714dd82439d16b39b6c890177f5cc62503ac00bd5781ec,0x5427fefa711eff984124bfbb1ab6fbf5e3da1820|0x5d02a3a80b7b2031ba77529acff417590c95a382,0x5d02a3a80b7b2031ba77529acff417590c95a382,0xa0b86991c6218b36c1d19d4a2e9eb0ce3606eb48,USDC,stable:USDC,0x2aa1ef322619b1baad51cda1a59a73c3dd4cf0f4b40b07116f1e7a23c561a4fa_None_USDC_0xa0b86991c6218b36c1d19d4a2e9eb0ce3606eb48,1640729270,1640729761,2,927483477.0,927.483477,927.483477,4.651163,4.651163,0.800000,tx_agg_rolling_1800s_same_asset_group_or_route,Celer
ETH,eth_flow_1dda96ff0afa4f__r7fam06__inst01__synth_noise_src_0,0x2aa1ef322619b1baad51cda1a59a73c3dd4cf0f4b40b07116f1e7a23c561a4fa|0xc96e7d081a74f0954f714dd82439d16b39b6c890177f5cc62503ac00bd5781ec,0x5427fefa711eff984124bfbb1ab6fbf5e3da1820|0x5d02a3a80b7b2031ba77529acff417590c95a382,0x5d02a3a80b7b2031ba77529acff417590c95a382,0xa0b86991c6218b36c1d19d4a2e9eb0ce3606eb48,USDC,stable:USDC,0x2aa1ef322619b1baad51cda1a59a73c3dd4cf0f4b40b07116f1e7a23c561a4fa_None_USDC_0xa0b86991c6218b36c1d19d4a2e9eb0ce3606eb48,1640729270,1640729761,2,927483477.0,927.483477,927.483477,4.651163,4.651163,0.800000,tx_agg_rolling_1800s_same_asset_group_or_route,Celer
ETH,eth_flow_1dda96ff0afa4f__r7fam06__inst01__synth_noise_src_1,0x2aa1ef322619b1baad51cda1a59a73c3dd4cf0f4b40b07116f1e7a23c561a4fa|0xc96e7d081a74f0954f714dd82439d16b39b6c890177f5cc62503ac00bd5781ec,0x5427fefa711eff984124bfbb1ab6fbf5e3da1820|0x5d02a3a80b7b2031ba77529acff417590c95a382,0x5d02a3a80b7b2031ba77529acff417590c95a382,0xa0b86991c6218b36c1d19d4a2e9eb0ce3606eb48,USDC,stable:USDC,0x2aa1ef322619b1baad51cda1a59a73c3dd4cf0f4b40b07116f1e7a23c561a4fa_None_USDC_0xa0b86991c6218b36c1d19d4a2e9eb0ce3606eb48,1640729270,1640729761,2,927483477.0,927.483477,927.483477,4.651163,4.651163,0.800000,tx_agg_rolling_1800s_same_asset_group_or_route,Celer
ETH,eth_flow_58d068ad53124a__r7fam07__inst00__synth_split_src,0xbbe4302e31e2950dbf66930c253e3a95cc58647f4968d0717c2a1c87cbfbd671,0x5427fefa711eff984124bfbb1ab6fbf5e3da1820|0x6a61e560489b197c37192a7bc14900a6ed1063a1,0x6a61e560489b197c37192a7bc14900a6ed1063a1,0xdac17f958d2ee523a2206206994597c13d831ec7,USDT,stable:USDT,0xbbe4302e31e2950dbf66930c253e3a95cc58647f4968d0717c2a1c87cbfbd671_None_USDT_0xdac17f958d2ee523a2206206994597c13d831ec7,1638937488,1638937488,1,1000000000.0,1000.0,1000.0,0.000000,0.000000,0.800000,tx_agg_rolling_1800s_same_asset_group_or_route,Celer
ETH,eth_flow_58d068ad53124a__r7fam07__inst00__synth_merge_src1,0xbbe4302e31e2950dbf66930c253e3a95cc58647f4968d0717c2a1c87cbfbd671,0x5427fefa711eff984124bfbb1ab6fbf5e3da1820|0x6a61e560489b197c37192a7bc14900a6ed1063a1,0x6a61e560489b197c37192a7bc14900a6ed1063a1,0xdac17f958d2ee523a2206206994597c13d831ec7,USDT,stable:USDT,0xbbe4302e31e2950dbf66930c253e3a95cc58647f4968d0717c2a1c87cbfbd671_None_USDT_0xdac17f958d2ee523a2206206994597c13d831ec7,1638937488,1638937488,1,500000000.0,500.0,500.0,0.000000,0.000000,0.800000,tx_agg_rolling_1800s_same_asset_group_or_route,Celer
ETH,eth_flow_58d068ad53124a__r7fam07__inst00__synth_merge_src2,0xbbe4302e31e2950dbf66930c253e3a95cc58647f4968d0717c2a1c87cbfbd671,0x5427fefa711eff984124bfbb1ab6fbf5e3da1820|0x6a61e560489b197c37192a7bc14900a6ed1063a1,0x6a61e560489b197c37192a7bc14900a6ed1063a1,0xdac17f958d2ee523a2206206994597c13d831ec7,USDT,stable:USDT,0xbbe4302e31e2950dbf66930c253e3a95cc58647f4968d0717c2a1c87cbfbd671_None_USDT_0xdac17f958d2ee523a2206206994597c13d831ec7,1638937488,1638937488,1,500000000.0,500.0,500.0,0.000000,0.000000,0.800000,tx_agg_rolling_1800s_same_asset_group_or_route,Celer
ETH,eth_flow_58d068ad53124a__r7fam07__inst00__synth_unmatched_src,0xbbe4302e31e2950dbf66930c253e3a95cc58647f4968d0717c2a1c87cbfbd671,0x5427fefa711eff984124bfbb1ab6fbf5e3da1820|0x6a61e560489b197c37192a7bc14900a6ed1063a1,0x6a61e560489b197c37192a7bc14900a6ed1063a1,0xdac17f958d2ee523a2206206994597c13d831ec7,USDT,stable:USDT,0xbbe4302e31e2950dbf66930c253e3a95cc58647f4968d0717c2a1c87cbfbd671_None_USDT_0xdac17f958d2ee523a2206206994597c13d831ec7,1638937488,1638937488,1,1000000000.0,1000.0,1000.0,0.000000,0.000000,0.800000,tx_agg_rolling_1800s_same_asset_group_or_route,Celer
ETH,eth_flow_58d068ad53124a__r7fam07__inst00__synth_noise_src_0,0xbbe4302e31e2950dbf66930c253e3a95cc58647f4968d0717c2a1c87cbfbd671,0x5427fefa711eff984124bfbb1ab6fbf5e3da1820|0x6a61e560489b197c37192a7bc14900a6ed1063a1,0x6a61e560489b197c37192a7bc14900a6ed1063a1,0xdac17f958d2ee523a2206206994597c13d831ec7,USDT,stable:USDT,0xbbe4302e31e2950dbf66930c253e3a95cc58647f4968d0717c2a1c87cbfbd671_None_USDT_0xdac17f958d2ee523a2206206994597c13d831ec7,1638937488,1638937488,1,1000000000.0,1000.0,1000.0,0.000000,0.000000,0.800000,tx_agg_rolling_1800s_same_asset_group_or_route,Celer
ETH,eth_flow_58d068ad53124a__r7fam07__inst00__synth_noise_src_1,0xbbe4302e31e2950dbf66930c253e3a95cc58647f4968d0717c2a1c87cbfbd671,0x5427fefa711eff984124bfbb1ab6fbf5e3da1820|0x6a61e560489b197c37192a7bc14900a6ed1063a1,0x6a61e560489b197c37192a7bc14900a6ed1063a1,0xdac17f958d2ee523a2206206994597c13d831ec7,USDT,stable:USDT,0xbbe4302e31e2950dbf66930c253e3a95cc58647f4968d0717c2a1c87cbfbd671_None_USDT_0xdac17f958d2ee523a2206206994597c13d831ec7,1638937488,1638937488,1,1000000000.0,1000.0,1000.0,0.000000,0.000000,0.800000,tx_agg_rolling_1800s_same_asset_group_or_route,Celer
ETH,eth_flow_27c8808558ef44__r7fam07__inst01__synth_split_src,0x9383abf1e4eb82103a1c74d0d23c1b9a821971277fb5b1d36d94c8520224aa41,0x7510792a3b1969f9307f3845ce88e39578f2bae1|0xd3660ee5743108ddbbc6eb9dd07a0c325f6921fe,0xd3660ee5743108ddbbc6eb9dd07a0c325f6921fe,0xfb5c6815ca3ac72ce9f5006869ae67f18bf77006,PSTAKE,token:PSTAKE,0x9383abf1e4eb82103a1c74d0d23c1b9a821971277fb5b1d36d94c8520224aa41_None_PSTAKE_0xfb5c6815ca3ac72ce9f5006869ae67f18bf77006,1660011052,1660011052,1,7.653977120866548e+20,765.3977120866548,765.3977120866548,11.627907,11.627907,0.775000,tx_agg_rolling_1800s_same_asset_group_or_route,Celer
ETH,eth_flow_27c8808558ef44__r7fam07__inst01__synth_merge_src1,0x9383abf1e4eb82103a1c74d0d23c1b9a821971277fb5b1d36d94c8520224aa41,0x7510792a3b1969f9307f3845ce88e39578f2bae1|0xd3660ee5743108ddbbc6eb9dd07a0c325f6921fe,0xd3660ee5743108ddbbc6eb9dd07a0c325f6921fe,0xfb5c6815ca3ac72ce9f5006869ae67f18bf77006,PSTAKE,token:PSTAKE,0x9383abf1e4eb82103a1c74d0d23c1b9a821971277fb5b1d36d94c8520224aa41_None_PSTAKE_0xfb5c6815ca3ac72ce9f5006869ae67f18bf77006,1660011052,1660011052,1,3.826988560433274e+20,382.6988560433274,382.6988560433274,11.627907,11.627907,0.775000,tx_agg_rolling_1800s_same_asset_group_or_route,Celer
ETH,eth_flow_27c8808558ef44__r7fam07__inst01__synth_merge_src2,0x9383abf1e4eb82103a1c74d0d23c1b9a821971277fb5b1d36d94c8520224aa41,0x7510792a3b1969f9307f3845ce88e39578f2bae1|0xd3660ee5743108ddbbc6eb9dd07a0c325f6921fe,0xd3660ee5743108ddbbc6eb9dd07a0c325f6921fe,0xfb5c6815ca3ac72ce9f5006869ae67f18bf77006,PSTAKE,token:PSTAKE,0x9383abf1e4eb82103a1c74d0d23c1b9a821971277fb5b1d36d94c8520224aa41_None_PSTAKE_0xfb5c6815ca3ac72ce9f5006869ae67f18bf77006,1660011052,1660011052,1,3.826988560433274e+20,382.6988560433274,382.6988560433274,11.627907,11.627907,0.775000,tx_agg_rolling_1800s_same_asset_group_or_route,Celer
ETH,eth_flow_27c8808558ef44__r7fam07__inst01__synth_unmatched_src,0x9383abf1e4eb82103a1c74d0d23c1b9a821971277fb5b1d36d94c8520224aa41,0x7510792a3b1969f9307f3845ce88e39578f2bae1|0xd3660ee5743108ddbbc6eb9dd07a0c325f6921fe,0xd3660ee5743108ddbbc6eb9dd07a0c325f6921fe,0xfb5c6815ca3ac72ce9f5006869ae67f18bf77006,PSTAKE,token:PSTAKE,0x9383abf1e4eb82103a1c74d0d23c1b9a821971277fb5b1d36d94c8520224aa41_None_PSTAKE_0xfb5c6815ca3ac72ce9f5006869ae67f18bf77006,1660011052,1660011052,1,7.653977120866548e+20,765.3977120866548,765.3977120866548,11.627907,11.627907,0.775000,tx_agg_rolling_1800s_same_asset_group_or_route,Celer
ETH,eth_flow_27c8808558ef44__r7fam07__inst01__synth_noise_src_0,0x9383abf1e4eb82103a1c74d0d23c1b9a821971277fb5b1d36d94c8520224aa41,0x7510792a3b1969f9307f3845ce88e39578f2bae1|0xd3660ee5743108ddbbc6eb9dd07a0c325f6921fe,0xd3660ee5743108ddbbc6eb9dd07a0c325f6921fe,0xfb5c6815ca3ac72ce9f5006869ae67f18bf77006,PSTAKE,token:PSTAKE,0x9383abf1e4eb82103a1c74d0d23c1b9a821971277fb5b1d36d94c8520224aa41_None_PSTAKE_0xfb5c6815ca3ac72ce9f5006869ae67f18bf77006,1660011052,1660011052,1,7.653977120866548e+20,765.3977120866548,765.3977120866548,11.627907,11.627907,0.775000,tx_agg_rolling_1800s_same_asset_group_or_route,Celer
ETH,eth_flow_27c8808558ef44__r7fam07__inst01__synth_noise_src_1,0x9383abf1e4eb82103a1c74d0d23c1b9a821971277fb5b1d36d94c8520224aa41,0x7510792a3b1969f9307f3845ce88e39578f2bae1|0xd3660ee5743108ddbbc6eb9dd07a0c325f6921fe,0xd3660ee5743108ddbbc6eb9dd07a0c325f6921fe,0xfb5c6815ca3ac72ce9f5006869ae67f18bf77006,PSTAKE,token:PSTAKE,0x9383abf1e4eb82103a1c74d0d23c1b9a821971277fb5b1d36d94c8520224aa41_None_PSTAKE_0xfb5c6815ca3ac72ce9f5006869ae67f18bf77006,1660011052,1660011052,1,7.653977120866548e+20,765.3977120866548,765.3977120866548,11.627907,11.627907,0.775000,tx_agg_rolling_1800s_same_asset_group_or_route,Celer
ETH,eth_flow_ecc04bb5ba2343__r7fam08__inst00__synth_split_src,0x321c5c8ea1283887bbced005de2ccf73f9cc227381de61884bb611a6d85c123c,0x5427fefa711eff984124bfbb1ab6fbf5e3da1820|0x8c993bed369094bb31525b452806b2fae21d6549,0x8c993bed369094bb31525b452806b2fae21d6549,0xa0b86991c6218b36c1d19d4a2e9eb0ce3606eb48,USDC,stable:USDC,0x321c5c8ea1283887bbced005de2ccf73f9cc227381de61884bb611a6d85c123c_None_USDC_0xa0b86991c6218b36c1d19d4a2e9eb0ce3606eb48,1640044530,1640044530,1,340000000.0,340.0,340.0,0.000000,0.000000,0.775000,tx_agg_rolling_1800s_same_asset_group_or_route,Celer
ETH,eth_flow_ecc04bb5ba2343__r7fam08__inst00__synth_merge_src1,0x321c5c8ea1283887bbced005de2ccf73f9cc227381de61884bb611a6d85c123c,0x5427fefa711eff984124bfbb1ab6fbf5e3da1820|0x8c993bed369094bb31525b452806b2fae21d6549,0x8c993bed369094bb31525b452806b2fae21d6549,0xa0b86991c6218b36c1d19d4a2e9eb0ce3606eb48,USDC,stable:USDC,0x321c5c8ea1283887bbced005de2ccf73f9cc227381de61884bb611a6d85c123c_None_USDC_0xa0b86991c6218b36c1d19d4a2e9eb0ce3606eb48,1640044530,1640044530,1,170000000.0,170.0,170.0,0.000000,0.000000,0.775000,tx_agg_rolling_1800s_same_asset_group_or_route,Celer
ETH,eth_flow_ecc04bb5ba2343__r7fam08__inst00__synth_merge_src2,0x321c5c8ea1283887bbced005de2ccf73f9cc227381de61884bb611a6d85c123c,0x5427fefa711eff984124bfbb1ab6fbf5e3da1820|0x8c993bed369094bb31525b452806b2fae21d6549,0x8c993bed369094bb31525b452806b2fae21d6549,0xa0b86991c6218b36c1d19d4a2e9eb0ce3606eb48,USDC,stable:USDC,0x321c5c8ea1283887bbced005de2ccf73f9cc227381de61884bb611a6d85c123c_None_USDC_0xa0b86991c6218b36c1d19d4a2e9eb0ce3606eb48,1640044530,1640044530,1,170000000.0,170.0,170.0,0.000000,0.000000,0.775000,tx_agg_rolling_1800s_same_asset_group_or_route,Celer
ETH,eth_flow_ecc04bb5ba2343__r7fam08__inst00__synth_unmatched_src,0x321c5c8ea1283887bbced005de2ccf73f9cc227381de61884bb611a6d85c123c,0x5427fefa711eff984124bfbb1ab6fbf5e3da1820|0x8c993bed369094bb31525b452806b2fae21d6549,0x8c993bed369094bb31525b452806b2fae21d6549,0xa0b86991c6218b36c1d19d4a2e9eb0ce3606eb48,USDC,stable:USDC,0x321c5c8ea1283887bbced005de2ccf73f9cc227381de61884bb611a6d85c123c_None_USDC_0xa0b86991c6218b36c1d19d4a2e9eb0ce3606eb48,1640044530,1640044530,1,340000000.0,340.0,340.0,0.000000,0.000000,0.775000,tx_agg_rolling_1800s_same_asset_group_or_route,Celer
ETH,eth_flow_ecc04bb5ba2343__r7fam08__inst00__synth_noise_src_0,0x321c5c8ea1283887bbced005de2ccf73f9cc227381de61884bb611a6d85c123c,0x5427fefa711eff984124bfbb1ab6fbf5e3da1820|0x8c993bed369094bb31525b452806b2fae21d6549,0x8c993bed369094bb31525b452806b2fae21d6549,0xa0b86991c6218b36c1d19d4a2e9eb0ce3606eb48,USDC,stable:USDC,0x321c5c8ea1283887bbced005de2ccf73f9cc227381de61884bb611a6d85c123c_None_USDC_0xa0b86991c6218b36c1d19d4a2e9eb0ce3606eb48,1640044530,1640044530,1,340000000.0,340.0,340.0,0.000000,0.000000,0.775000,tx_agg_rolling_1800s_same_asset_group_or_route,Celer
ETH,eth_flow_ecc04bb5ba2343__r7fam08__inst00__synth_noise_src_1,0x321c5c8ea1283887bbced005de2ccf73f9cc227381de61884bb611a6d85c123c,0x5427fefa711eff984124bfbb1ab6fbf5e3da1820|0x8c993bed369094bb31525b452806b2fae21d6549,0x8c993bed369094bb31525b452806b2fae21d6549,0xa0b86991c6218b36c1d19d4a2e9eb0ce3606eb48,USDC,stable:USDC,0x321c5c8ea1283887bbced005de2ccf73f9cc227381de61884bb611a6d85c123c_None_USDC_0xa0b86991c6218b36c1d19d4a2e9eb0ce3606eb48,1640044530,1640044530,1,340000000.0,340.0,340.0,0.000000,0.000000,0.775000,tx_agg_rolling_1800s_same_asset_group_or_route,Celer
ETH,eth_flow_f43f64618b794f__r7fam08__inst01__synth_split_src,0x6636b27b68cfc9f92b48f62b525bb6a548ad03bc9ee0e5eb6d45c1d35a2a1ebd,0x5427fefa711eff984124bfbb1ab6fbf5e3da1820|0x969d3ecbe27b7739644d07522d49af213ed9511b,0x969d3ecbe27b7739644d07522d49af213ed9511b,0xa0b86991c6218b36c1d19d4a2e9eb0ce3606eb48,USDC,stable:USDC,0x6636b27b68cfc9f92b48f62b525bb6a548ad03bc9ee0e5eb6d45c1d35a2a1ebd_None_USDC_0xa0b86991c6218b36c1d19d4a2e9eb0ce3606eb48,1639317545,1639317545,1,800000000.0,800.0,800.0,0.000000,0.000000,0.800000,tx_agg_rolling_1800s_same_asset_group_or_route,Celer
ETH,eth_flow_f43f64618b794f__r7fam08__inst01__synth_merge_src1,0x6636b27b68cfc9f92b48f62b525bb6a548ad03bc9ee0e5eb6d45c1d35a2a1ebd,0x5427fefa711eff984124bfbb1ab6fbf5e3da1820|0x969d3ecbe27b7739644d07522d49af213ed9511b,0x969d3ecbe27b7739644d07522d49af213ed9511b,0xa0b86991c6218b36c1d19d4a2e9eb0ce3606eb48,USDC,stable:USDC,0x6636b27b68cfc9f92b48f62b525bb6a548ad03bc9ee0e5eb6d45c1d35a2a1ebd_None_USDC_0xa0b86991c6218b36c1d19d4a2e9eb0ce3606eb48,1639317545,1639317545,1,400000000.0,400.0,400.0,0.000000,0.000000,0.800000,tx_agg_rolling_1800s_same_asset_group_or_route,Celer
ETH,eth_flow_f43f64618b794f__r7fam08__inst01__synth_merge_src2,0x6636b27b68cfc9f92b48f62b525bb6a548ad03bc9ee0e5eb6d45c1d35a2a1ebd,0x5427fefa711eff984124bfbb1ab6fbf5e3da1820|0x969d3ecbe27b7739644d07522d49af213ed9511b,0x969d3ecbe27b7739644d07522d49af213ed9511b,0xa0b86991c6218b36c1d19d4a2e9eb0ce3606eb48,USDC,stable:USDC,0x6636b27b68cfc9f92b48f62b525bb6a548ad03bc9ee0e5eb6d45c1d35a2a1ebd_None_USDC_0xa0b86991c6218b36c1d19d4a2e9eb0ce3606eb48,1639317545,1639317545,1,400000000.0,400.0,400.0,0.000000,0.000000,0.800000,tx_agg_rolling_1800s_same_asset_group_or_route,Celer
ETH,eth_flow_f43f64618b794f__r7fam08__inst01__synth_unmatched_src,0x6636b27b68cfc9f92b48f62b525bb6a548ad03bc9ee0e5eb6d45c1d35a2a1ebd,0x5427fefa711eff984124bfbb1ab6fbf5e3da1820|0x969d3ecbe27b7739644d07522d49af213ed9511b,0x969d3ecbe27b7739644d07522d49af213ed9511b,0xa0b86991c6218b36c1d19d4a2e9eb0ce3606eb48,USDC,stable:USDC,0x6636b27b68cfc9f92b48f62b525bb6a548ad03bc9ee0e5eb6d45c1d35a2a1ebd_None_USDC_0xa0b86991c6218b36c1d19d4a2e9eb0ce3606eb48,1639317545,1639317545,1,800000000.0,800.0,800.0,0.000000,0.000000,0.800000,tx_agg_rolling_1800s_same_asset_group_or_route,Celer
ETH,eth_flow_f43f64618b794f__r7fam08__inst01__synth_noise_src_0,0x6636b27b68cfc9f92b48f62b525bb6a548ad03bc9ee0e5eb6d45c1d35a2a1ebd,0x5427fefa711eff984124bfbb1ab6fbf5e3da1820|0x969d3ecbe27b7739644d07522d49af213ed9511b,0x969d3ecbe27b7739644d07522d49af213ed9511b,0xa0b86991c6218b36c1d19d4a2e9eb0ce3606eb48,USDC,stable:USDC,0x6636b27b68cfc9f92b48f62b525bb6a548ad03bc9ee0e5eb6d45c1d35a2a1ebd_None_USDC_0xa0b86991c6218b36c1d19d4a2e9eb0ce3606eb48,1639317545,1639317545,1,800000000.0,800.0,800.0,0.000000,0.000000,0.800000,tx_agg_rolling_1800s_same_asset_group_or_route,Celer
ETH,eth_flow_f43f64618b794f__r7fam08__inst01__synth_noise_src_1,0x6636b27b68cfc9f92b48f62b525bb6a548ad03bc9ee0e5eb6d45c1d35a2a1ebd,0x5427fefa711eff984124bfbb1ab6fbf5e3da1820|0x969d3ecbe27b7739644d07522d49af213ed9511b,0x969d3ecbe27b7739644d07522d49af213ed9511b,0xa0b86991c6218b36c1d19d4a2e9eb0ce3606eb48,USDC,stable:USDC,0x6636b27b68cfc9f92b48f62b525bb6a548ad03bc9ee0e5eb6d45c1d35a2a1ebd_None_USDC_0xa0b86991c6218b36c1d19d4a2e9eb0ce3606eb48,1639317545,1639317545,1,800000000.0,800.0,800.0,0.000000,0.000000,0.800000,tx_agg_rolling_1800s_same_asset_group_or_route,Celer
ETH,eth_flow_927be6e341ef4a__r7fam09__inst00__synth_split_src,0x7766282cb0d621adf6e4c9c5698fea57f0eab36230ff7ece68dcd55bd92cdb50,0x23ea51e2bccfd9a93cbfaa240c83c06063267fcc|0x5427fefa711eff984124bfbb1ab6fbf5e3da1820,0x23ea51e2bccfd9a93cbfaa240c83c06063267fcc,0xa0b86991c6218b36c1d19d4a2e9eb0ce3606eb48,USDC,stable:USDC,0x7766282cb0d621adf6e4c9c5698fea57f0eab36230ff7ece68dcd55bd92cdb50_None_USDC_0xa0b86991c6218b36c1d19d4a2e9eb0ce3606eb48,1638790985,1638790985,1,300000000.0,300.0,300.0,0.000000,0.000000,0.800000,tx_agg_rolling_1800s_same_asset_group_or_route,Celer
ETH,eth_flow_927be6e341ef4a__r7fam09__inst00__synth_merge_src1,0x7766282cb0d621adf6e4c9c5698fea57f0eab36230ff7ece68dcd55bd92cdb50,0x23ea51e2bccfd9a93cbfaa240c83c06063267fcc|0x5427fefa711eff984124bfbb1ab6fbf5e3da1820,0x23ea51e2bccfd9a93cbfaa240c83c06063267fcc,0xa0b86991c6218b36c1d19d4a2e9eb0ce3606eb48,USDC,stable:USDC,0x7766282cb0d621adf6e4c9c5698fea57f0eab36230ff7ece68dcd55bd92cdb50_None_USDC_0xa0b86991c6218b36c1d19d4a2e9eb0ce3606eb48,1638790985,1638790985,1,150000000.0,150.0,150.0,0.000000,0.000000,0.800000,tx_agg_rolling_1800s_same_asset_group_or_route,Celer
ETH,eth_flow_927be6e341ef4a__r7fam09__inst00__synth_merge_src2,0x7766282cb0d621adf6e4c9c5698fea57f0eab36230ff7ece68dcd55bd92cdb50,0x23ea51e2bccfd9a93cbfaa240c83c06063267fcc|0x5427fefa711eff984124bfbb1ab6fbf5e3da1820,0x23ea51e2bccfd9a93cbfaa240c83c06063267fcc,0xa0b86991c6218b36c1d19d4a2e9eb0ce3606eb48,USDC,stable:USDC,0x7766282cb0d621adf6e4c9c5698fea57f0eab36230ff7ece68dcd55bd92cdb50_None_USDC_0xa0b86991c6218b36c1d19d4a2e9eb0ce3606eb48,1638790985,1638790985,1,150000000.0,150.0,150.0,0.000000,0.000000,0.800000,tx_agg_rolling_1800s_same_asset_group_or_route,Celer
ETH,eth_flow_927be6e341ef4a__r7fam09__inst00__synth_unmatched_src,0x7766282cb0d621adf6e4c9c5698fea57f0eab36230ff7ece68dcd55bd92cdb50,0x23ea51e2bccfd9a93cbfaa240c83c06063267fcc|0x5427fefa711eff984124bfbb1ab6fbf5e3da1820,0x23ea51e2bccfd9a93cbfaa240c83c06063267fcc,0xa0b86991c6218b36c1d19d4a2e9eb0ce3606eb48,USDC,stable:USDC,0x7766282cb0d621adf6e4c9c5698fea57f0eab36230ff7ece68dcd55bd92cdb50_None_USDC_0xa0b86991c6218b36c1d19d4a2e9eb0ce3606eb48,1638790985,1638790985,1,300000000.0,300.0,300.0,0.000000,0.000000,0.800000,tx_agg_rolling_1800s_same_asset_group_or_route,Celer
ETH,eth_flow_927be6e341ef4a__r7fam09__inst00__synth_noise_src_0,0x7766282cb0d621adf6e4c9c5698fea57f0eab36230ff7ece68dcd55bd92cdb50,0x23ea51e2bccfd9a93cbfaa240c83c06063267fcc|0x5427fefa711eff984124bfbb1ab6fbf5e3da1820,0x23ea51e2bccfd9a93cbfaa240c83c06063267fcc,0xa0b86991c6218b36c1d19d4a2e9eb0ce3606eb48,USDC,stable:USDC,0x7766282cb0d621adf6e4c9c5698fea57f0eab36230ff7ece68dcd55bd92cdb50_None_USDC_0xa0b86991c6218b36c1d19d4a2e9eb0ce3606eb48,1638790985,1638790985,1,300000000.0,300.0,300.0,0.000000,0.000000,0.800000,tx_agg_rolling_1800s_same_asset_group_or_route,Celer
ETH,eth_flow_927be6e341ef4a__r7fam09__inst00__synth_noise_src_1,0x7766282cb0d621adf6e4c9c5698fea57f0eab36230ff7ece68dcd55bd92cdb50,0x23ea51e2bccfd9a93cbfaa240c83c06063267fcc|0x5427fefa711eff984124bfbb1ab6fbf5e3da1820,0x23ea51e2bccfd9a93cbfaa240c83c06063267fcc,0xa0b86991c6218b36c1d19d4a2e9eb0ce3606eb48,USDC,stable:USDC,0x7766282cb0d621adf6e4c9c5698fea57f0eab36230ff7ece68dcd55bd92cdb50_None_USDC_0xa0b86991c6218b36c1d19d4a2e9eb0ce3606eb48,1638790985,1638790985,1,300000000.0,300.0,300.0,0.000000,0.000000,0.800000,tx_agg_rolling_1800s_same_asset_group_or_route,Celer
ETH,eth_flow_88acaaea2c2648__r7fam09__inst01__synth_split_src,0x2ba2d1c61b8b33e6d4cb6a88e3084fc9cdf7d68fdc35f8fd446c0f8aab464aba,0x5427fefa711eff984124bfbb1ab6fbf5e3da1820|0x566a1e9334c93de67edac045f82c6a3d9a32b317,0x566a1e9334c93de67edac045f82c6a3d9a32b317,0xdac17f958d2ee523a2206206994597c13d831ec7,USDT,stable:USDT,0x2ba2d1c61b8b33e6d4cb6a88e3084fc9cdf7d68fdc35f8fd446c0f8aab464aba_None_USDT_0xdac17f958d2ee523a2206206994597c13d831ec7,1640950744,1640950744,1,653780000.0,653.78,653.78,0.000000,0.000000,0.775000,tx_agg_rolling_1800s_same_asset_group_or_route,Celer
ETH,eth_flow_88acaaea2c2648__r7fam09__inst01__synth_merge_src1,0x2ba2d1c61b8b33e6d4cb6a88e3084fc9cdf7d68fdc35f8fd446c0f8aab464aba,0x5427fefa711eff984124bfbb1ab6fbf5e3da1820|0x566a1e9334c93de67edac045f82c6a3d9a32b317,0x566a1e9334c93de67edac045f82c6a3d9a32b317,0xdac17f958d2ee523a2206206994597c13d831ec7,USDT,stable:USDT,0x2ba2d1c61b8b33e6d4cb6a88e3084fc9cdf7d68fdc35f8fd446c0f8aab464aba_None_USDT_0xdac17f958d2ee523a2206206994597c13d831ec7,1640950744,1640950744,1,326890000.0,326.89,326.89,0.000000,0.000000,0.775000,tx_agg_rolling_1800s_same_asset_group_or_route,Celer
ETH,eth_flow_88acaaea2c2648__r7fam09__inst01__synth_merge_src2,0x2ba2d1c61b8b33e6d4cb6a88e3084fc9cdf7d68fdc35f8fd446c0f8aab464aba,0x5427fefa711eff984124bfbb1ab6fbf5e3da1820|0x566a1e9334c93de67edac045f82c6a3d9a32b317,0x566a1e9334c93de67edac045f82c6a3d9a32b317,0xdac17f958d2ee523a2206206994597c13d831ec7,USDT,stable:USDT,0x2ba2d1c61b8b33e6d4cb6a88e3084fc9cdf7d68fdc35f8fd446c0f8aab464aba_None_USDT_0xdac17f958d2ee523a2206206994597c13d831ec7,1640950744,1640950744,1,326890000.0,326.89,326.89,0.000000,0.000000,0.775000,tx_agg_rolling_1800s_same_asset_group_or_route,Celer
ETH,eth_flow_88acaaea2c2648__r7fam09__inst01__synth_unmatched_src,0x2ba2d1c61b8b33e6d4cb6a88e3084fc9cdf7d68fdc35f8fd446c0f8aab464aba,0x5427fefa711eff984124bfbb1ab6fbf5e3da1820|0x566a1e9334c93de67edac045f82c6a3d9a32b317,0x566a1e9334c93de67edac045f82c6a3d9a32b317,0xdac17f958d2ee523a2206206994597c13d831ec7,USDT,stable:USDT,0x2ba2d1c61b8b33e6d4cb6a88e3084fc9cdf7d68fdc35f8fd446c0f8aab464aba_None_USDT_0xdac17f958d2ee523a2206206994597c13d831ec7,1640950744,1640950744,1,653780000.0,653.78,653.78,0.000000,0.000000,0.775000,tx_agg_rolling_1800s_same_asset_group_or_route,Celer
ETH,eth_flow_88acaaea2c2648__r7fam09__inst01__synth_noise_src_0,0x2ba2d1c61b8b33e6d4cb6a88e3084fc9cdf7d68fdc35f8fd446c0f8aab464aba,0x5427fefa711eff984124bfbb1ab6fbf5e3da1820|0x566a1e9334c93de67edac045f82c6a3d9a32b317,0x566a1e9334c93de67edac045f82c6a3d9a32b317,0xdac17f958d2ee523a2206206994597c13d831ec7,USDT,stable:USDT,0x2ba2d1c61b8b33e6d4cb6a88e3084fc9cdf7d68fdc35f8fd446c0f8aab464aba_None_USDT_0xdac17f958d2ee523a2206206994597c13d831ec7,1640950744,1640950744,1,653780000.0,653.78,653.78,0.000000,0.000000,0.775000,tx_agg_rolling_1800s_same_asset_group_or_route,Celer
ETH,eth_flow_88acaaea2c2648__r7fam09__inst01__synth_noise_src_1,0x2ba2d1c61b8b33e6d4cb6a88e3084fc9cdf7d68fdc35f8fd446c0f8aab464aba,0x5427fefa711eff984124bfbb1ab6fbf5e3da1820|0x566a1e9334c93de67edac045f82c6a3d9a32b317,0x566a1e9334c93de67edac045f82c6a3d9a32b317,0xdac17f958d2ee523a2206206994597c13d831ec7,USDT,stable:USDT,0x2ba2d1c61b8b33e6d4cb6a88e3084fc9cdf7d68fdc35f8fd446c0f8aab464aba_None_USDT_0xdac17f958d2ee523a2206206994597c13d831ec7,1640950744,1640950744,1,653780000.0,653.78,653.78,0.000000,0.000000,0.775000,tx_agg_rolling_1800s_same_asset_group_or_route,Celer
ETH,eth_flow_dd4d8606848e4e__r7fam10__inst00__synth_split_src,0xbb94e6ce51df0eaf56d491d7c168153a668c71205f42d5ec48cf5e505233108d,0x3719164471d34b7c256803be59079cb126e6a965|0x5427fefa711eff984124bfbb1ab6fbf5e3da1820,0x3719164471d34b7c256803be59079cb126e6a965,0xdac17f958d2ee523a2206206994597c13d831ec7,USDT,stable:USDT,0xbb94e6ce51df0eaf56d491d7c168153a668c71205f42d5ec48cf5e505233108d_None_USDT_0xdac17f958d2ee523a2206206994597c13d831ec7,1641090938,1641090938,1,495000000.0,495.0,495.0,0.000000,0.000000,0.775000,tx_agg_rolling_1800s_same_asset_group_or_route,Celer
ETH,eth_flow_dd4d8606848e4e__r7fam10__inst00__synth_merge_src1,0xbb94e6ce51df0eaf56d491d7c168153a668c71205f42d5ec48cf5e505233108d,0x3719164471d34b7c256803be59079cb126e6a965|0x5427fefa711eff984124bfbb1ab6fbf5e3da1820,0x3719164471d34b7c256803be59079cb126e6a965,0xdac17f958d2ee523a2206206994597c13d831ec7,USDT,stable:USDT,0xbb94e6ce51df0eaf56d491d7c168153a668c71205f42d5ec48cf5e505233108d_None_USDT_0xdac17f958d2ee523a2206206994597c13d831ec7,1641090938,1641090938,1,247500000.0,247.5,247.5,0.000000,0.000000,0.775000,tx_agg_rolling_1800s_same_asset_group_or_route,Celer
ETH,eth_flow_dd4d8606848e4e__r7fam10__inst00__synth_merge_src2,0xbb94e6ce51df0eaf56d491d7c168153a668c71205f42d5ec48cf5e505233108d,0x3719164471d34b7c256803be59079cb126e6a965|0x5427fefa711eff984124bfbb1ab6fbf5e3da1820,0x3719164471d34b7c256803be59079cb126e6a965,0xdac17f958d2ee523a2206206994597c13d831ec7,USDT,stable:USDT,0xbb94e6ce51df0eaf56d491d7c168153a668c71205f42d5ec48cf5e505233108d_None_USDT_0xdac17f958d2ee523a2206206994597c13d831ec7,1641090938,1641090938,1,247500000.0,247.5,247.5,0.000000,0.000000,0.775000,tx_agg_rolling_1800s_same_asset_group_or_route,Celer
ETH,eth_flow_dd4d8606848e4e__r7fam10__inst00__synth_unmatched_src,0xbb94e6ce51df0eaf56d491d7c168153a668c71205f42d5ec48cf5e505233108d,0x3719164471d34b7c256803be59079cb126e6a965|0x5427fefa711eff984124bfbb1ab6fbf5e3da1820,0x3719164471d34b7c256803be59079cb126e6a965,0xdac17f958d2ee523a2206206994597c13d831ec7,USDT,stable:USDT,0xbb94e6ce51df0eaf56d491d7c168153a668c71205f42d5ec48cf5e505233108d_None_USDT_0xdac17f958d2ee523a2206206994597c13d831ec7,1641090938,1641090938,1,495000000.0,495.0,495.0,0.000000,0.000000,0.775000,tx_agg_rolling_1800s_same_asset_group_or_route,Celer
ETH,eth_flow_dd4d8606848e4e__r7fam10__inst00__synth_noise_src_0,0xbb94e6ce51df0eaf56d491d7c168153a668c71205f42d5ec48cf5e505233108d,0x3719164471d34b7c256803be59079cb126e6a965|0x5427fefa711eff984124bfbb1ab6fbf5e3da1820,0x3719164471d34b7c256803be59079cb126e6a965,0xdac17f958d2ee523a2206206994597c13d831ec7,USDT,stable:USDT,0xbb94e6ce51df0eaf56d491d7c168153a668c71205f42d5ec48cf5e505233108d_None_USDT_0xdac17f958d2ee523a2206206994597c13d831ec7,1641090938,1641090938,1,495000000.0,495.0,495.0,0.000000,0.000000,0.775000,tx_agg_rolling_1800s_same_asset_group_or_route,Celer
ETH,eth_flow_dd4d8606848e4e__r7fam10__inst00__synth_noise_src_1,0xbb94e6ce51df0eaf56d491d7c168153a668c71205f42d5ec48cf5e505233108d,0x3719164471d34b7c256803be59079cb126e6a965|0x5427fefa711eff984124bfbb1ab6fbf5e3da1820,0x3719164471d34b7c256803be59079cb126e6a965,0xdac17f958d2ee523a2206206994597c13d831ec7,USDT,stable:USDT,0xbb94e6ce51df0eaf56d491d7c168153a668c71205f42d5ec48cf5e505233108d_None_USDT_0xdac17f958d2ee523a2206206994597c13d831ec7,1641090938,1641090938,1,495000000.0,495.0,495.0,0.000000,0.000000,0.775000,tx_agg_rolling_1800s_same_asset_group_or_route,Celer
ETH,eth_flow_962d0e4d976e40__r7fam10__inst01__synth_split_src,0xe58071b5f2ee999191b0c78a2e5ea9fcb37c9f1d1a0d798969d66ecdd87356e6,0x5427fefa711eff984124bfbb1ab6fbf5e3da1820|0xb44220ce5d7f19a54a2f3de1d1c7a761d3b18ba9,0xb44220ce5d7f19a54a2f3de1d1c7a761d3b18ba9,0xa0b86991c6218b36c1d19d4a2e9eb0ce3606eb48,USDC,stable:USDC,0xe58071b5f2ee999191b0c78a2e5ea9fcb37c9f1d1a0d798969d66ecdd87356e6_None_USDC_0xa0b86991c6218b36c1d19d4a2e9eb0ce3606eb48,1639179903,1639179903,1,362220838.0,362.220838,362.220838,0.000000,0.000000,0.800000,tx_agg_rolling_1800s_same_asset_group_or_route,Celer
ETH,eth_flow_962d0e4d976e40__r7fam10__inst01__synth_merge_src1,0xe58071b5f2ee999191b0c78a2e5ea9fcb37c9f1d1a0d798969d66ecdd87356e6,0x5427fefa711eff984124bfbb1ab6fbf5e3da1820|0xb44220ce5d7f19a54a2f3de1d1c7a761d3b18ba9,0xb44220ce5d7f19a54a2f3de1d1c7a761d3b18ba9,0xa0b86991c6218b36c1d19d4a2e9eb0ce3606eb48,USDC,stable:USDC,0xe58071b5f2ee999191b0c78a2e5ea9fcb37c9f1d1a0d798969d66ecdd87356e6_None_USDC_0xa0b86991c6218b36c1d19d4a2e9eb0ce3606eb48,1639179903,1639179903,1,181110419.0,181.110419,181.110419,0.000000,0.000000,0.800000,tx_agg_rolling_1800s_same_asset_group_or_route,Celer
ETH,eth_flow_962d0e4d976e40__r7fam10__inst01__synth_merge_src2,0xe58071b5f2ee999191b0c78a2e5ea9fcb37c9f1d1a0d798969d66ecdd87356e6,0x5427fefa711eff984124bfbb1ab6fbf5e3da1820|0xb44220ce5d7f19a54a2f3de1d1c7a761d3b18ba9,0xb44220ce5d7f19a54a2f3de1d1c7a761d3b18ba9,0xa0b86991c6218b36c1d19d4a2e9eb0ce3606eb48,USDC,stable:USDC,0xe58071b5f2ee999191b0c78a2e5ea9fcb37c9f1d1a0d798969d66ecdd87356e6_None_USDC_0xa0b86991c6218b36c1d19d4a2e9eb0ce3606eb48,1639179903,1639179903,1,181110419.0,181.110419,181.110419,0.000000,0.000000,0.800000,tx_agg_rolling_1800s_same_asset_group_or_route,Celer
ETH,eth_flow_962d0e4d976e40__r7fam10__inst01__synth_unmatched_src,0xe58071b5f2ee999191b0c78a2e5ea9fcb37c9f1d1a0d798969d66ecdd87356e6,0x5427fefa711eff984124bfbb1ab6fbf5e3da1820|0xb44220ce5d7f19a54a2f3de1d1c7a761d3b18ba9,0xb44220ce5d7f19a54a2f3de1d1c7a761d3b18ba9,0xa0b86991c6218b36c1d19d4a2e9eb0ce3606eb48,USDC,stable:USDC,0xe58071b5f2ee999191b0c78a2e5ea9fcb37c9f1d1a0d798969d66ecdd87356e6_None_USDC_0xa0b86991c6218b36c1d19d4a2e9eb0ce3606eb48,1639179903,1639179903,1,362220838.0,362.220838,362.220838,0.000000,0.000000,0.800000,tx_agg_rolling_1800s_same_asset_group_or_route,Celer
ETH,eth_flow_962d0e4d976e40__r7fam10__inst01__synth_noise_src_0,0xe58071b5f2ee999191b0c78a2e5ea9fcb37c9f1d1a0d798969d66ecdd87356e6,0x5427fefa711eff984124bfbb1ab6fbf5e3da1820|0xb44220ce5d7f19a54a2f3de1d1c7a761d3b18ba9,0xb44220ce5d7f19a54a2f3de1d1c7a761d3b18ba9,0xa0b86991c6218b36c1d19d4a2e9eb0ce3606eb48,USDC,stable:USDC,0xe58071b5f2ee999191b0c78a2e5ea9fcb37c9f1d1a0d798969d66ecdd87356e6_None_USDC_0xa0b86991c6218b36c1d19d4a2e9eb0ce3606eb48,1639179903,1639179903,1,362220838.0,362.220838,362.220838,0.000000,0.000000,0.800000,tx_agg_rolling_1800s_same_asset_group_or_route,Celer
ETH,eth_flow_962d0e4d976e40__r7fam10__inst01__synth_noise_src_1,0xe58071b5f2ee999191b0c78a2e5ea9fcb37c9f1d1a0d798969d66ecdd87356e6,0x5427fefa711eff984124bfbb1ab6fbf5e3da1820|0xb44220ce5d7f19a54a2f3de1d1c7a761d3b18ba9,0xb44220ce5d7f19a54a2f3de1d1c7a761d3b18ba9,0xa0b86991c6218b36c1d19d4a2e9eb0ce3606eb48,USDC,stable:USDC,0xe58071b5f2ee999191b0c78a2e5ea9fcb37c9f1d1a0d798969d66ecdd87356e6_None_USDC_0xa0b86991c6218b36c1d19d4a2e9eb0ce3606eb48,1639179903,1639179903,1,362220838.0,362.220838,362.220838,0.000000,0.000000,0.800000,tx_agg_rolling_1800s_same_asset_group_or_route,Celer
ETH,eth_flow_2a2de6fc0e3a48__r7fam11__inst00__synth_split_src,0x484f5380474ab4e1289b6459fd22c610eb599bff0c8a5b32f115aebeaef505a1,0x5427fefa711eff984124bfbb1ab6fbf5e3da1820|0x9ca05159b3950af62af32f30fc4eadedeba9c8eb,0x9ca05159b3950af62af32f30fc4eadedeba9c8eb,0xdac17f958d2ee523a2206206994597c13d831ec7,USDT,stable:USDT,0x484f5380474ab4e1289b6459fd22c610eb599bff0c8a5b32f115aebeaef505a1_None_USDT_0xdac17f958d2ee523a2206206994597c13d831ec7,1639555479,1639555479,1,1207567300.0,1207.5673,1207.5673,0.000000,0.000000,0.800000,tx_agg_rolling_1800s_same_asset_group_or_route,Celer
ETH,eth_flow_2a2de6fc0e3a48__r7fam11__inst00__synth_merge_src1,0x484f5380474ab4e1289b6459fd22c610eb599bff0c8a5b32f115aebeaef505a1,0x5427fefa711eff984124bfbb1ab6fbf5e3da1820|0x9ca05159b3950af62af32f30fc4eadedeba9c8eb,0x9ca05159b3950af62af32f30fc4eadedeba9c8eb,0xdac17f958d2ee523a2206206994597c13d831ec7,USDT,stable:USDT,0x484f5380474ab4e1289b6459fd22c610eb599bff0c8a5b32f115aebeaef505a1_None_USDT_0xdac17f958d2ee523a2206206994597c13d831ec7,1639555479,1639555479,1,603783650.0,603.78365,603.78365,0.000000,0.000000,0.800000,tx_agg_rolling_1800s_same_asset_group_or_route,Celer
ETH,eth_flow_2a2de6fc0e3a48__r7fam11__inst00__synth_merge_src2,0x484f5380474ab4e1289b6459fd22c610eb599bff0c8a5b32f115aebeaef505a1,0x5427fefa711eff984124bfbb1ab6fbf5e3da1820|0x9ca05159b3950af62af32f30fc4eadedeba9c8eb,0x9ca05159b3950af62af32f30fc4eadedeba9c8eb,0xdac17f958d2ee523a2206206994597c13d831ec7,USDT,stable:USDT,0x484f5380474ab4e1289b6459fd22c610eb599bff0c8a5b32f115aebeaef505a1_None_USDT_0xdac17f958d2ee523a2206206994597c13d831ec7,1639555479,1639555479,1,603783650.0,603.78365,603.78365,0.000000,0.000000,0.800000,tx_agg_rolling_1800s_same_asset_group_or_route,Celer
ETH,eth_flow_2a2de6fc0e3a48__r7fam11__inst00__synth_unmatched_src,0x484f5380474ab4e1289b6459fd22c610eb599bff0c8a5b32f115aebeaef505a1,0x5427fefa711eff984124bfbb1ab6fbf5e3da1820|0x9ca05159b3950af62af32f30fc4eadedeba9c8eb,0x9ca05159b3950af62af32f30fc4eadedeba9c8eb,0xdac17f958d2ee523a2206206994597c13d831ec7,USDT,stable:USDT,0x484f5380474ab4e1289b6459fd22c610eb599bff0c8a5b32f115aebeaef505a1_None_USDT_0xdac17f958d2ee523a2206206994597c13d831ec7,1639555479,1639555479,1,1207567300.0,1207.5673,1207.5673,0.000000,0.000000,0.800000,tx_agg_rolling_1800s_same_asset_group_or_route,Celer
ETH,eth_flow_2a2de6fc0e3a48__r7fam11__inst00__synth_noise_src_0,0x484f5380474ab4e1289b6459fd22c610eb599bff0c8a5b32f115aebeaef505a1,0x5427fefa711eff984124bfbb1ab6fbf5e3da1820|0x9ca05159b3950af62af32f30fc4eadedeba9c8eb,0x9ca05159b3950af62af32f30fc4eadedeba9c8eb,0xdac17f958d2ee523a2206206994597c13d831ec7,USDT,stable:USDT,0x484f5380474ab4e1289b6459fd22c610eb599bff0c8a5b32f115aebeaef505a1_None_USDT_0xdac17f958d2ee523a2206206994597c13d831ec7,1639555479,1639555479,1,1207567300.0,1207.5673,1207.5673,0.000000,0.000000,0.800000,tx_agg_rolling_1800s_same_asset_group_or_route,Celer
ETH,eth_flow_2a2de6fc0e3a48__r7fam11__inst00__synth_noise_src_1,0x484f5380474ab4e1289b6459fd22c610eb599bff0c8a5b32f115aebeaef505a1,0x5427fefa711eff984124bfbb1ab6fbf5e3da1820|0x9ca05159b3950af62af32f30fc4eadedeba9c8eb,0x9ca05159b3950af62af32f30fc4eadedeba9c8eb,0xdac17f958d2ee523a2206206994597c13d831ec7,USDT,stable:USDT,0x484f5380474ab4e1289b6459fd22c610eb599bff0c8a5b32f115aebeaef505a1_None_USDT_0xdac17f958d2ee523a2206206994597c13d831ec7,1639555479,1639555479,1,1207567300.0,1207.5673,1207.5673,0.000000,0.000000,0.800000,tx_agg_rolling_1800s_same_asset_group_or_route,Celer
ETH,eth_flow_1ea96754f5da49__r7fam11__inst01__synth_split_src,0x4de12d4c0894059878cd5426ba500bbf0c8d6c97e7783ec3835331175c38b0f6,0x5427fefa711eff984124bfbb1ab6fbf5e3da1820|0xe481ecbd7f490125ea1fd9ba59dca9a8cef21ef0,0xe481ecbd7f490125ea1fd9ba59dca9a8cef21ef0,0xdac17f958d2ee523a2206206994597c13d831ec7,USDT,stable:USDT,0x4de12d4c0894059878cd5426ba500bbf0c8d6c97e7783ec3835331175c38b0f6_None_USDT_0xdac17f958d2ee523a2206206994597c13d831ec7,1638658858,1638658858,1,960356000.0,960.356,960.356,4.651163,4.651163,0.800000,tx_agg_rolling_1800s_same_asset_group_or_route,Celer
ETH,eth_flow_1ea96754f5da49__r7fam11__inst01__synth_merge_src1,0x4de12d4c0894059878cd5426ba500bbf0c8d6c97e7783ec3835331175c38b0f6,0x5427fefa711eff984124bfbb1ab6fbf5e3da1820|0xe481ecbd7f490125ea1fd9ba59dca9a8cef21ef0,0xe481ecbd7f490125ea1fd9ba59dca9a8cef21ef0,0xdac17f958d2ee523a2206206994597c13d831ec7,USDT,stable:USDT,0x4de12d4c0894059878cd5426ba500bbf0c8d6c97e7783ec3835331175c38b0f6_None_USDT_0xdac17f958d2ee523a2206206994597c13d831ec7,1638658858,1638658858,1,480178000.0,480.178,480.178,4.651163,4.651163,0.800000,tx_agg_rolling_1800s_same_asset_group_or_route,Celer
ETH,eth_flow_1ea96754f5da49__r7fam11__inst01__synth_merge_src2,0x4de12d4c0894059878cd5426ba500bbf0c8d6c97e7783ec3835331175c38b0f6,0x5427fefa711eff984124bfbb1ab6fbf5e3da1820|0xe481ecbd7f490125ea1fd9ba59dca9a8cef21ef0,0xe481ecbd7f490125ea1fd9ba59dca9a8cef21ef0,0xdac17f958d2ee523a2206206994597c13d831ec7,USDT,stable:USDT,0x4de12d4c0894059878cd5426ba500bbf0c8d6c97e7783ec3835331175c38b0f6_None_USDT_0xdac17f958d2ee523a2206206994597c13d831ec7,1638658858,1638658858,1,480178000.0,480.178,480.178,4.651163,4.651163,0.800000,tx_agg_rolling_1800s_same_asset_group_or_route,Celer
ETH,eth_flow_1ea96754f5da49__r7fam11__inst01__synth_unmatched_src,0x4de12d4c0894059878cd5426ba500bbf0c8d6c97e7783ec3835331175c38b0f6,0x5427fefa711eff984124bfbb1ab6fbf5e3da1820|0xe481ecbd7f490125ea1fd9ba59dca9a8cef21ef0,0xe481ecbd7f490125ea1fd9ba59dca9a8cef21ef0,0xdac17f958d2ee523a2206206994597c13d831ec7,USDT,stable:USDT,0x4de12d4c0894059878cd5426ba500bbf0c8d6c97e7783ec3835331175c38b0f6_None_USDT_0xdac17f958d2ee523a2206206994597c13d831ec7,1638658858,1638658858,1,960356000.0,960.356,960.356,4.651163,4.651163,0.800000,tx_agg_rolling_1800s_same_asset_group_or_route,Celer
ETH,eth_flow_1ea96754f5da49__r7fam11__inst01__synth_noise_src_0,0x4de12d4c0894059878cd5426ba500bbf0c8d6c97e7783ec3835331175c38b0f6,0x5427fefa711eff984124bfbb1ab6fbf5e3da1820|0xe481ecbd7f490125ea1fd9ba59dca9a8cef21ef0,0xe481ecbd7f490125ea1fd9ba59dca9a8cef21ef0,0xdac17f958d2ee523a2206206994597c13d831ec7,USDT,stable:USDT,0x4de12d4c0894059878cd5426ba500bbf0c8d6c97e7783ec3835331175c38b0f6_None_USDT_0xdac17f958d2ee523a2206206994597c13d831ec7,1638658858,1638658858,1,960356000.0,960.356,960.356,4.651163,4.651163,0.800000,tx_agg_rolling_1800s_same_asset_group_or_route,Celer
ETH,eth_flow_1ea96754f5da49__r7fam11__inst01__synth_noise_src_1,0x4de12d4c0894059878cd5426ba500bbf0c8d6c97e7783ec3835331175c38b0f6,0x5427fefa711eff984124bfbb1ab6fbf5e3da1820|0xe481ecbd7f490125ea1fd9ba59dca9a8cef21ef0,0xe481ecbd7f490125ea1fd9ba59dca9a8cef21ef0,0xdac17f958d2ee523a2206206994597c13d831ec7,USDT,stable:USDT,0x4de12d4c0894059878cd5426ba500bbf0c8d6c97e7783ec3835331175c38b0f6_None_USDT_0xdac17f958d2ee523a2206206994597c13d831ec7,1638658858,1638658858,1,960356000.0,960.356,960.356,4.651163,4.651163,0.800000,tx_agg_rolling_1800s_same_asset_group_or_route,Celer
ETH,eth_flow_64165fc7707a41__r7fam12__inst00__synth_split_src,0x55a2f857dd745a6c8edaeb3a38aad1bacd9ab223e3007851d4996c582d594f6b,0xb37d31b2a74029b5951a2778f959282e2d518595|0xe2362a37c9b96517caaa89b46e690e667c0c1b62,0xe2362a37c9b96517caaa89b46e690e667c0c1b62,0xca37530e7c5968627be470081d1c993eb1deaf90,ONEDODO,token:ONEDODO,0x55a2f857dd745a6c8edaeb3a38aad1bacd9ab223e3007851d4996c582d594f6b_None_oneDODO_0xca37530e7c5968627be470081d1c993eb1deaf90,1646838354,1646838354,1,5.922667220292486e+21,5922.667220292486,5922.667220292486,16.279070,16.279070,0.800000,tx_agg_rolling_1800s_same_asset_group_or_route,Celer
ETH,eth_flow_64165fc7707a41__r7fam12__inst00__synth_merge_src1,0x55a2f857dd745a6c8edaeb3a38aad1bacd9ab223e3007851d4996c582d594f6b,0xb37d31b2a74029b5951a2778f959282e2d518595|0xe2362a37c9b96517caaa89b46e690e667c0c1b62,0xe2362a37c9b96517caaa89b46e690e667c0c1b62,0xca37530e7c5968627be470081d1c993eb1deaf90,ONEDODO,token:ONEDODO,0x55a2f857dd745a6c8edaeb3a38aad1bacd9ab223e3007851d4996c582d594f6b_None_oneDODO_0xca37530e7c5968627be470081d1c993eb1deaf90,1646838354,1646838354,1,2.961333610146243e+21,2961.333610146243,2961.333610146243,16.279070,16.279070,0.800000,tx_agg_rolling_1800s_same_asset_group_or_route,Celer
ETH,eth_flow_64165fc7707a41__r7fam12__inst00__synth_merge_src2,0x55a2f857dd745a6c8edaeb3a38aad1bacd9ab223e3007851d4996c582d594f6b,0xb37d31b2a74029b5951a2778f959282e2d518595|0xe2362a37c9b96517caaa89b46e690e667c0c1b62,0xe2362a37c9b96517caaa89b46e690e667c0c1b62,0xca37530e7c5968627be470081d1c993eb1deaf90,ONEDODO,token:ONEDODO,0x55a2f857dd745a6c8edaeb3a38aad1bacd9ab223e3007851d4996c582d594f6b_None_oneDODO_0xca37530e7c5968627be470081d1c993eb1deaf90,1646838354,1646838354,1,2.961333610146243e+21,2961.333610146243,2961.333610146243,16.279070,16.279070,0.800000,tx_agg_rolling_1800s_same_asset_group_or_route,Celer
ETH,eth_flow_64165fc7707a41__r7fam12__inst00__synth_unmatched_src,0x55a2f857dd745a6c8edaeb3a38aad1bacd9ab223e3007851d4996c582d594f6b,0xb37d31b2a74029b5951a2778f959282e2d518595|0xe2362a37c9b96517caaa89b46e690e667c0c1b62,0xe2362a37c9b96517caaa89b46e690e667c0c1b62,0xca37530e7c5968627be470081d1c993eb1deaf90,ONEDODO,token:ONEDODO,0x55a2f857dd745a6c8edaeb3a38aad1bacd9ab223e3007851d4996c582d594f6b_None_oneDODO_0xca37530e7c5968627be470081d1c993eb1deaf90,1646838354,1646838354,1,5.922667220292486e+21,5922.667220292486,5922.667220292486,16.279070,16.279070,0.800000,tx_agg_rolling_1800s_same_asset_group_or_route,Celer
ETH,eth_flow_64165fc7707a41__r7fam12__inst00__synth_noise_src_0,0x55a2f857dd745a6c8edaeb3a38aad1bacd9ab223e3007851d4996c582d594f6b,0xb37d31b2a74029b5951a2778f959282e2d518595|0xe2362a37c9b96517caaa89b46e690e667c0c1b62,0xe2362a37c9b96517caaa89b46e690e667c0c1b62,0xca37530e7c5968627be470081d1c993eb1deaf90,ONEDODO,token:ONEDODO,0x55a2f857dd745a6c8edaeb3a38aad1bacd9ab223e3007851d4996c582d594f6b_None_oneDODO_0xca37530e7c5968627be470081d1c993eb1deaf90,1646838354,1646838354,1,5.922667220292486e+21,5922.667220292486,5922.667220292486,16.279070,16.279070,0.800000,tx_agg_rolling_1800s_same_asset_group_or_route,Celer
ETH,eth_flow_64165fc7707a41__r7fam12__inst00__synth_noise_src_1,0x55a2f857dd745a6c8edaeb3a38aad1bacd9ab223e3007851d4996c582d594f6b,0xb37d31b2a74029b5951a2778f959282e2d518595|0xe2362a37c9b96517caaa89b46e690e667c0c1b62,0xe2362a37c9b96517caaa89b46e690e667c0c1b62,0xca37530e7c5968627be470081d1c993eb1deaf90,ONEDODO,token:ONEDODO,0x55a2f857dd745a6c8edaeb3a38aad1bacd9ab223e3007851d4996c582d594f6b_None_oneDODO_0xca37530e7c5968627be470081d1c993eb1deaf90,1646838354,1646838354,1,5.922667220292486e+21,5922.667220292486,5922.667220292486,16.279070,16.279070,0.800000,tx_agg_rolling_1800s_same_asset_group_or_route,Celer
ETH,eth_flow_d6251b89dc1d49__r7fam12__inst01__synth_split_src,0xcce1bd18cb10a92ee03ddd7aa0149d2dd1b6e664f189d5a176376f33cf596189,0x5427fefa711eff984124bfbb1ab6fbf5e3da1820|0xfe2bc546f0cc6333c448b9fe847d479c360b2047,0xfe2bc546f0cc6333c448b9fe847d479c360b2047,0xdac17f958d2ee523a2206206994597c13d831ec7,USDT,stable:USDT,0xcce1bd18cb10a92ee03ddd7aa0149d2dd1b6e664f189d5a176376f33cf596189_None_USDT_0xdac17f958d2ee523a2206206994597c13d831ec7,1640112663,1640112663,1,3981201076.0,3981.201076,3981.201076,0.000000,0.000000,0.775000,tx_agg_rolling_1800s_same_asset_group_or_route,Celer
ETH,eth_flow_d6251b89dc1d49__r7fam12__inst01__synth_merge_src1,0xcce1bd18cb10a92ee03ddd7aa0149d2dd1b6e664f189d5a176376f33cf596189,0x5427fefa711eff984124bfbb1ab6fbf5e3da1820|0xfe2bc546f0cc6333c448b9fe847d479c360b2047,0xfe2bc546f0cc6333c448b9fe847d479c360b2047,0xdac17f958d2ee523a2206206994597c13d831ec7,USDT,stable:USDT,0xcce1bd18cb10a92ee03ddd7aa0149d2dd1b6e664f189d5a176376f33cf596189_None_USDT_0xdac17f958d2ee523a2206206994597c13d831ec7,1640112663,1640112663,1,1990600538.0,1990.600538,1990.600538,0.000000,0.000000,0.775000,tx_agg_rolling_1800s_same_asset_group_or_route,Celer
ETH,eth_flow_d6251b89dc1d49__r7fam12__inst01__synth_merge_src2,0xcce1bd18cb10a92ee03ddd7aa0149d2dd1b6e664f189d5a176376f33cf596189,0x5427fefa711eff984124bfbb1ab6fbf5e3da1820|0xfe2bc546f0cc6333c448b9fe847d479c360b2047,0xfe2bc546f0cc6333c448b9fe847d479c360b2047,0xdac17f958d2ee523a2206206994597c13d831ec7,USDT,stable:USDT,0xcce1bd18cb10a92ee03ddd7aa0149d2dd1b6e664f189d5a176376f33cf596189_None_USDT_0xdac17f958d2ee523a2206206994597c13d831ec7,1640112663,1640112663,1,1990600538.0,1990.600538,1990.600538,0.000000,0.000000,0.775000,tx_agg_rolling_1800s_same_asset_group_or_route,Celer
ETH,eth_flow_d6251b89dc1d49__r7fam12__inst01__synth_unmatched_src,0xcce1bd18cb10a92ee03ddd7aa0149d2dd1b6e664f189d5a176376f33cf596189,0x5427fefa711eff984124bfbb1ab6fbf5e3da1820|0xfe2bc546f0cc6333c448b9fe847d479c360b2047,0xfe2bc546f0cc6333c448b9fe847d479c360b2047,0xdac17f958d2ee523a2206206994597c13d831ec7,USDT,stable:USDT,0xcce1bd18cb10a92ee03ddd7aa0149d2dd1b6e664f189d5a176376f33cf596189_None_USDT_0xdac17f958d2ee523a2206206994597c13d831ec7,1640112663,1640112663,1,3981201076.0,3981.201076,3981.201076,0.000000,0.000000,0.775000,tx_agg_rolling_1800s_same_asset_group_or_route,Celer
ETH,eth_flow_d6251b89dc1d49__r7fam12__inst01__synth_noise_src_0,0xcce1bd18cb10a92ee03ddd7aa0149d2dd1b6e664f189d5a176376f33cf596189,0x5427fefa711eff984124bfbb1ab6fbf5e3da1820|0xfe2bc546f0cc6333c448b9fe847d479c360b2047,0xfe2bc546f0cc6333c448b9fe847d479c360b2047,0xdac17f958d2ee523a2206206994597c13d831ec7,USDT,stable:USDT,0xcce1bd18cb10a92ee03ddd7aa0149d2dd1b6e664f189d5a176376f33cf596189_None_USDT_0xdac17f958d2ee523a2206206994597c13d831ec7,1640112663,1640112663,1,3981201076.0,3981.201076,3981.201076,0.000000,0.000000,0.775000,tx_agg_rolling_1800s_same_asset_group_or_route,Celer
ETH,eth_flow_d6251b89dc1d49__r7fam12__inst01__synth_noise_src_1,0xcce1bd18cb10a92ee03ddd7aa0149d2dd1b6e664f189d5a176376f33cf596189,0x5427fefa711eff984124bfbb1ab6fbf5e3da1820|0xfe2bc546f0cc6333c448b9fe847d479c360b2047,0xfe2bc546f0cc6333c448b9fe847d479c360b2047,0xdac17f958d2ee523a2206206994597c13d831ec7,USDT,stable:USDT,0xcce1bd18cb10a92ee03ddd7aa0149d2dd1b6e664f189d5a176376f33cf596189_None_USDT_0xdac17f958d2ee523a2206206994597c13d831ec7,1640112663,1640112663,1,3981201076.0,3981.201076,3981.201076,0.000000,0.000000,0.775000,tx_agg_rolling_1800s_same_asset_group_or_route,Celer
ETH,eth_flow_664b395af87544__r7fam13__inst00__synth_split_src,0x09f8619b0eb9bf538dfa20ce9c2607df707b024c6a3eec6d91abdcc32cf50bf9,0x5427fefa711eff984124bfbb1ab6fbf5e3da1820|0xaa9bf48655fd7261146b5dea17f282a74373bc5c,0xaa9bf48655fd7261146b5dea17f282a74373bc5c,0xa0b86991c6218b36c1d19d4a2e9eb0ce3606eb48,USDC,stable:USDC,0x09f8619b0eb9bf538dfa20ce9c2607df707b024c6a3eec6d91abdcc32cf50bf9_None_USDC_0xa0b86991c6218b36c1d19d4a2e9eb0ce3606eb48,1639095929,1639095929,1,3000000000.0,3000.0,3000.0,0.000000,0.000000,0.800000,tx_agg_rolling_1800s_same_asset_group_or_route,Celer
ETH,eth_flow_664b395af87544__r7fam13__inst00__synth_merge_src1,0x09f8619b0eb9bf538dfa20ce9c2607df707b024c6a3eec6d91abdcc32cf50bf9,0x5427fefa711eff984124bfbb1ab6fbf5e3da1820|0xaa9bf48655fd7261146b5dea17f282a74373bc5c,0xaa9bf48655fd7261146b5dea17f282a74373bc5c,0xa0b86991c6218b36c1d19d4a2e9eb0ce3606eb48,USDC,stable:USDC,0x09f8619b0eb9bf538dfa20ce9c2607df707b024c6a3eec6d91abdcc32cf50bf9_None_USDC_0xa0b86991c6218b36c1d19d4a2e9eb0ce3606eb48,1639095929,1639095929,1,1000000000.0,1000.0,1000.0,0.000000,0.000000,0.800000,tx_agg_rolling_1800s_same_asset_group_or_route,Celer
ETH,eth_flow_664b395af87544__r7fam13__inst00__synth_merge_src2,0x09f8619b0eb9bf538dfa20ce9c2607df707b024c6a3eec6d91abdcc32cf50bf9,0x5427fefa711eff984124bfbb1ab6fbf5e3da1820|0xaa9bf48655fd7261146b5dea17f282a74373bc5c,0xaa9bf48655fd7261146b5dea17f282a74373bc5c,0xa0b86991c6218b36c1d19d4a2e9eb0ce3606eb48,USDC,stable:USDC,0x09f8619b0eb9bf538dfa20ce9c2607df707b024c6a3eec6d91abdcc32cf50bf9_None_USDC_0xa0b86991c6218b36c1d19d4a2e9eb0ce3606eb48,1639095929,1639095929,1,1000000000.0,1000.0,1000.0,0.000000,0.000000,0.800000,tx_agg_rolling_1800s_same_asset_group_or_route,Celer
ETH,eth_flow_664b395af87544__r7fam13__inst00__synth_merge_src3,0x09f8619b0eb9bf538dfa20ce9c2607df707b024c6a3eec6d91abdcc32cf50bf9,0x5427fefa711eff984124bfbb1ab6fbf5e3da1820|0xaa9bf48655fd7261146b5dea17f282a74373bc5c,0xaa9bf48655fd7261146b5dea17f282a74373bc5c,0xa0b86991c6218b36c1d19d4a2e9eb0ce3606eb48,USDC,stable:USDC,0x09f8619b0eb9bf538dfa20ce9c2607df707b024c6a3eec6d91abdcc32cf50bf9_None_USDC_0xa0b86991c6218b36c1d19d4a2e9eb0ce3606eb48,1639095929,1639095929,1,1000000000.0,1000.0,1000.0,0.000000,0.000000,0.800000,tx_agg_rolling_1800s_same_asset_group_or_route,Celer
ETH,eth_flow_664b395af87544__r7fam13__inst00__synth_unmatched_src,0x09f8619b0eb9bf538dfa20ce9c2607df707b024c6a3eec6d91abdcc32cf50bf9,0x5427fefa711eff984124bfbb1ab6fbf5e3da1820|0xaa9bf48655fd7261146b5dea17f282a74373bc5c,0xaa9bf48655fd7261146b5dea17f282a74373bc5c,0xa0b86991c6218b36c1d19d4a2e9eb0ce3606eb48,USDC,stable:USDC,0x09f8619b0eb9bf538dfa20ce9c2607df707b024c6a3eec6d91abdcc32cf50bf9_None_USDC_0xa0b86991c6218b36c1d19d4a2e9eb0ce3606eb48,1639095929,1639095929,1,3000000000.0,3000.0,3000.0,0.000000,0.000000,0.800000,tx_agg_rolling_1800s_same_asset_group_or_route,Celer
ETH,eth_flow_664b395af87544__r7fam13__inst00__synth_noise_src_0,0x09f8619b0eb9bf538dfa20ce9c2607df707b024c6a3eec6d91abdcc32cf50bf9,0x5427fefa711eff984124bfbb1ab6fbf5e3da1820|0xaa9bf48655fd7261146b5dea17f282a74373bc5c,0xaa9bf48655fd7261146b5dea17f282a74373bc5c,0xa0b86991c6218b36c1d19d4a2e9eb0ce3606eb48,USDC,stable:USDC,0x09f8619b0eb9bf538dfa20ce9c2607df707b024c6a3eec6d91abdcc32cf50bf9_None_USDC_0xa0b86991c6218b36c1d19d4a2e9eb0ce3606eb48,1639095929,1639095929,1,3000000000.0,3000.0,3000.0,0.000000,0.000000,0.800000,tx_agg_rolling_1800s_same_asset_group_or_route,Celer
ETH,eth_flow_664b395af87544__r7fam13__inst00__synth_noise_src_1,0x09f8619b0eb9bf538dfa20ce9c2607df707b024c6a3eec6d91abdcc32cf50bf9,0x5427fefa711eff984124bfbb1ab6fbf5e3da1820|0xaa9bf48655fd7261146b5dea17f282a74373bc5c,0xaa9bf48655fd7261146b5dea17f282a74373bc5c,0xa0b86991c6218b36c1d19d4a2e9eb0ce3606eb48,USDC,stable:USDC,0x09f8619b0eb9bf538dfa20ce9c2607df707b024c6a3eec6d91abdcc32cf50bf9_None_USDC_0xa0b86991c6218b36c1d19d4a2e9eb0ce3606eb48,1639095929,1639095929,1,3000000000.0,3000.0,3000.0,0.000000,0.000000,0.800000,tx_agg_rolling_1800s_same_asset_group_or_route,Celer
ETH,eth_flow_c97781f7529449__r7fam13__inst01__synth_split_src,0x7b6acc55f099bbda492796a0767febd6a02bf4ce210d9520e6a02eecffb79911,0x5427fefa711eff984124bfbb1ab6fbf5e3da1820|0x9470317577a983a625895e58ed1295ae78f9fb38,0x9470317577a983a625895e58ed1295ae78f9fb38,0xdac17f958d2ee523a2206206994597c13d831ec7,USDT,stable:USDT,0x7b6acc55f099bbda492796a0767febd6a02bf4ce210d9520e6a02eecffb79911_None_USDT_0xdac17f958d2ee523a2206206994597c13d831ec7,1640702687,1640702687,1,1942577292.0,1942.577292,1942.577292,0.000000,0.000000,0.775000,tx_agg_rolling_1800s_same_asset_group_or_route,Celer
ETH,eth_flow_c97781f7529449__r7fam13__inst01__synth_merge_src1,0x7b6acc55f099bbda492796a0767febd6a02bf4ce210d9520e6a02eecffb79911,0x5427fefa711eff984124bfbb1ab6fbf5e3da1820|0x9470317577a983a625895e58ed1295ae78f9fb38,0x9470317577a983a625895e58ed1295ae78f9fb38,0xdac17f958d2ee523a2206206994597c13d831ec7,USDT,stable:USDT,0x7b6acc55f099bbda492796a0767febd6a02bf4ce210d9520e6a02eecffb79911_None_USDT_0xdac17f958d2ee523a2206206994597c13d831ec7,1640702687,1640702687,1,971288646.0,971.288646,971.288646,0.000000,0.000000,0.775000,tx_agg_rolling_1800s_same_asset_group_or_route,Celer
ETH,eth_flow_c97781f7529449__r7fam13__inst01__synth_merge_src2,0x7b6acc55f099bbda492796a0767febd6a02bf4ce210d9520e6a02eecffb79911,0x5427fefa711eff984124bfbb1ab6fbf5e3da1820|0x9470317577a983a625895e58ed1295ae78f9fb38,0x9470317577a983a625895e58ed1295ae78f9fb38,0xdac17f958d2ee523a2206206994597c13d831ec7,USDT,stable:USDT,0x7b6acc55f099bbda492796a0767febd6a02bf4ce210d9520e6a02eecffb79911_None_USDT_0xdac17f958d2ee523a2206206994597c13d831ec7,1640702687,1640702687,1,971288646.0,971.288646,971.288646,0.000000,0.000000,0.775000,tx_agg_rolling_1800s_same_asset_group_or_route,Celer
ETH,eth_flow_c97781f7529449__r7fam13__inst01__synth_unmatched_src,0x7b6acc55f099bbda492796a0767febd6a02bf4ce210d9520e6a02eecffb79911,0x5427fefa711eff984124bfbb1ab6fbf5e3da1820|0x9470317577a983a625895e58ed1295ae78f9fb38,0x9470317577a983a625895e58ed1295ae78f9fb38,0xdac17f958d2ee523a2206206994597c13d831ec7,USDT,stable:USDT,0x7b6acc55f099bbda492796a0767febd6a02bf4ce210d9520e6a02eecffb79911_None_USDT_0xdac17f958d2ee523a2206206994597c13d831ec7,1640702687,1640702687,1,1942577292.0,1942.577292,1942.577292,0.000000,0.000000,0.775000,tx_agg_rolling_1800s_same_asset_group_or_route,Celer
ETH,eth_flow_c97781f7529449__r7fam13__inst01__synth_noise_src_0,0x7b6acc55f099bbda492796a0767febd6a02bf4ce210d9520e6a02eecffb79911,0x5427fefa711eff984124bfbb1ab6fbf5e3da1820|0x9470317577a983a625895e58ed1295ae78f9fb38,0x9470317577a983a625895e58ed1295ae78f9fb38,0xdac17f958d2ee523a2206206994597c13d831ec7,USDT,stable:USDT,0x7b6acc55f099bbda492796a0767febd6a02bf4ce210d9520e6a02eecffb79911_None_USDT_0xdac17f958d2ee523a2206206994597c13d831ec7,1640702687,1640702687,1,1942577292.0,1942.577292,1942.577292,0.000000,0.000000,0.775000,tx_agg_rolling_1800s_same_asset_group_or_route,Celer
ETH,eth_flow_c97781f7529449__r7fam13__inst01__synth_noise_src_1,0x7b6acc55f099bbda492796a0767febd6a02bf4ce210d9520e6a02eecffb79911,0x5427fefa711eff984124bfbb1ab6fbf5e3da1820|0x9470317577a983a625895e58ed1295ae78f9fb38,0x9470317577a983a625895e58ed1295ae78f9fb38,0xdac17f958d2ee523a2206206994597c13d831ec7,USDT,stable:USDT,0x7b6acc55f099bbda492796a0767febd6a02bf4ce210d9520e6a02eecffb79911_None_USDT_0xdac17f958d2ee523a2206206994597c13d831ec7,1640702687,1640702687,1,1942577292.0,1942.577292,1942.577292,0.000000,0.000000,0.775000,tx_agg_rolling_1800s_same_asset_group_or_route,Celer
ETH,eth_flow_becf7e5761f94b__r7fam14__inst00__synth_split_src,0x7bf3419f151e408cf33a89b7d0779b0a1197b96166ea53950732be6ae0eabd3d,0x00a99f4bf5d465f303b6bb8cb53f5ca5e6046ba8|0x5427fefa711eff984124bfbb1ab6fbf5e3da1820,0x00a99f4bf5d465f303b6bb8cb53f5ca5e6046ba8,0xa0b86991c6218b36c1d19d4a2e9eb0ce3606eb48,USDC,stable:USDC,0x7bf3419f151e408cf33a89b7d0779b0a1197b96166ea53950732be6ae0eabd3d_None_USDC_0xa0b86991c6218b36c1d19d4a2e9eb0ce3606eb48,1638986023,1638986023,1,3248700000.0,3248.7,3248.7,0.000000,0.000000,0.800000,tx_agg_rolling_1800s_same_asset_group_or_route,Celer
ETH,eth_flow_becf7e5761f94b__r7fam14__inst00__synth_merge_src1,0x7bf3419f151e408cf33a89b7d0779b0a1197b96166ea53950732be6ae0eabd3d,0x00a99f4bf5d465f303b6bb8cb53f5ca5e6046ba8|0x5427fefa711eff984124bfbb1ab6fbf5e3da1820,0x00a99f4bf5d465f303b6bb8cb53f5ca5e6046ba8,0xa0b86991c6218b36c1d19d4a2e9eb0ce3606eb48,USDC,stable:USDC,0x7bf3419f151e408cf33a89b7d0779b0a1197b96166ea53950732be6ae0eabd3d_None_USDC_0xa0b86991c6218b36c1d19d4a2e9eb0ce3606eb48,1638986023,1638986023,1,1082900000.0,1082.8999999999999,1082.8999999999999,0.000000,0.000000,0.800000,tx_agg_rolling_1800s_same_asset_group_or_route,Celer
ETH,eth_flow_becf7e5761f94b__r7fam14__inst00__synth_merge_src2,0x7bf3419f151e408cf33a89b7d0779b0a1197b96166ea53950732be6ae0eabd3d,0x00a99f4bf5d465f303b6bb8cb53f5ca5e6046ba8|0x5427fefa711eff984124bfbb1ab6fbf5e3da1820,0x00a99f4bf5d465f303b6bb8cb53f5ca5e6046ba8,0xa0b86991c6218b36c1d19d4a2e9eb0ce3606eb48,USDC,stable:USDC,0x7bf3419f151e408cf33a89b7d0779b0a1197b96166ea53950732be6ae0eabd3d_None_USDC_0xa0b86991c6218b36c1d19d4a2e9eb0ce3606eb48,1638986023,1638986023,1,1082900000.0,1082.8999999999999,1082.8999999999999,0.000000,0.000000,0.800000,tx_agg_rolling_1800s_same_asset_group_or_route,Celer
ETH,eth_flow_becf7e5761f94b__r7fam14__inst00__synth_merge_src3,0x7bf3419f151e408cf33a89b7d0779b0a1197b96166ea53950732be6ae0eabd3d,0x00a99f4bf5d465f303b6bb8cb53f5ca5e6046ba8|0x5427fefa711eff984124bfbb1ab6fbf5e3da1820,0x00a99f4bf5d465f303b6bb8cb53f5ca5e6046ba8,0xa0b86991c6218b36c1d19d4a2e9eb0ce3606eb48,USDC,stable:USDC,0x7bf3419f151e408cf33a89b7d0779b0a1197b96166ea53950732be6ae0eabd3d_None_USDC_0xa0b86991c6218b36c1d19d4a2e9eb0ce3606eb48,1638986023,1638986023,1,1082900000.0,1082.8999999999999,1082.8999999999999,0.000000,0.000000,0.800000,tx_agg_rolling_1800s_same_asset_group_or_route,Celer
ETH,eth_flow_becf7e5761f94b__r7fam14__inst00__synth_unmatched_src,0x7bf3419f151e408cf33a89b7d0779b0a1197b96166ea53950732be6ae0eabd3d,0x00a99f4bf5d465f303b6bb8cb53f5ca5e6046ba8|0x5427fefa711eff984124bfbb1ab6fbf5e3da1820,0x00a99f4bf5d465f303b6bb8cb53f5ca5e6046ba8,0xa0b86991c6218b36c1d19d4a2e9eb0ce3606eb48,USDC,stable:USDC,0x7bf3419f151e408cf33a89b7d0779b0a1197b96166ea53950732be6ae0eabd3d_None_USDC_0xa0b86991c6218b36c1d19d4a2e9eb0ce3606eb48,1638986023,1638986023,1,3248700000.0,3248.7,3248.7,0.000000,0.000000,0.800000,tx_agg_rolling_1800s_same_asset_group_or_route,Celer
ETH,eth_flow_becf7e5761f94b__r7fam14__inst00__synth_noise_src_0,0x7bf3419f151e408cf33a89b7d0779b0a1197b96166ea53950732be6ae0eabd3d,0x00a99f4bf5d465f303b6bb8cb53f5ca5e6046ba8|0x5427fefa711eff984124bfbb1ab6fbf5e3da1820,0x00a99f4bf5d465f303b6bb8cb53f5ca5e6046ba8,0xa0b86991c6218b36c1d19d4a2e9eb0ce3606eb48,USDC,stable:USDC,0x7bf3419f151e408cf33a89b7d0779b0a1197b96166ea53950732be6ae0eabd3d_None_USDC_0xa0b86991c6218b36c1d19d4a2e9eb0ce3606eb48,1638986023,1638986023,1,3248700000.0,3248.7,3248.7,0.000000,0.000000,0.800000,tx_agg_rolling_1800s_same_asset_group_or_route,Celer
ETH,eth_flow_becf7e5761f94b__r7fam14__inst00__synth_noise_src_1,0x7bf3419f151e408cf33a89b7d0779b0a1197b96166ea53950732be6ae0eabd3d,0x00a99f4bf5d465f303b6bb8cb53f5ca5e6046ba8|0x5427fefa711eff984124bfbb1ab6fbf5e3da1820,0x00a99f4bf5d465f303b6bb8cb53f5ca5e6046ba8,0xa0b86991c6218b36c1d19d4a2e9eb0ce3606eb48,USDC,stable:USDC,0x7bf3419f151e408cf33a89b7d0779b0a1197b96166ea53950732be6ae0eabd3d_None_USDC_0xa0b86991c6218b36c1d19d4a2e9eb0ce3606eb48,1638986023,1638986023,1,3248700000.0,3248.7,3248.7,0.000000,0.000000,0.800000,tx_agg_rolling_1800s_same_asset_group_or_route,Celer
ETH,eth_flow_97153f711f8442__r7fam14__inst01__synth_split_src,0x7b5409ab0e35c82067ce942e82c8c446b0a45907f074b0a8e4ce501fb97bdef9,0x5427fefa711eff984124bfbb1ab6fbf5e3da1820|0xdf652e33ca1fb208229e1a9d6c12cf1470013a6a,0xdf652e33ca1fb208229e1a9d6c12cf1470013a6a,0xdac17f958d2ee523a2206206994597c13d831ec7,USDT,stable:USDT,0x7b5409ab0e35c82067ce942e82c8c446b0a45907f074b0a8e4ce501fb97bdef9_None_USDT_0xdac17f958d2ee523a2206206994597c13d831ec7,1639889728,1639889728,1,1685770496.0,1685.770496,1685.770496,0.000000,0.000000,0.775000,tx_agg_rolling_1800s_same_asset_group_or_route,Celer
ETH,eth_flow_97153f711f8442__r7fam14__inst01__synth_merge_src1,0x7b5409ab0e35c82067ce942e82c8c446b0a45907f074b0a8e4ce501fb97bdef9,0x5427fefa711eff984124bfbb1ab6fbf5e3da1820|0xdf652e33ca1fb208229e1a9d6c12cf1470013a6a,0xdf652e33ca1fb208229e1a9d6c12cf1470013a6a,0xdac17f958d2ee523a2206206994597c13d831ec7,USDT,stable:USDT,0x7b5409ab0e35c82067ce942e82c8c446b0a45907f074b0a8e4ce501fb97bdef9_None_USDT_0xdac17f958d2ee523a2206206994597c13d831ec7,1639889728,1639889728,1,842885248.0,842.885248,842.885248,0.000000,0.000000,0.775000,tx_agg_rolling_1800s_same_asset_group_or_route,Celer
ETH,eth_flow_97153f711f8442__r7fam14__inst01__synth_merge_src2,0x7b5409ab0e35c82067ce942e82c8c446b0a45907f074b0a8e4ce501fb97bdef9,0x5427fefa711eff984124bfbb1ab6fbf5e3da1820|0xdf652e33ca1fb208229e1a9d6c12cf1470013a6a,0xdf652e33ca1fb208229e1a9d6c12cf1470013a6a,0xdac17f958d2ee523a2206206994597c13d831ec7,USDT,stable:USDT,0x7b5409ab0e35c82067ce942e82c8c446b0a45907f074b0a8e4ce501fb97bdef9_None_USDT_0xdac17f958d2ee523a2206206994597c13d831ec7,1639889728,1639889728,1,842885248.0,842.885248,842.885248,0.000000,0.000000,0.775000,tx_agg_rolling_1800s_same_asset_group_or_route,Celer
ETH,eth_flow_97153f711f8442__r7fam14__inst01__synth_unmatched_src,0x7b5409ab0e35c82067ce942e82c8c446b0a45907f074b0a8e4ce501fb97bdef9,0x5427fefa711eff984124bfbb1ab6fbf5e3da1820|0xdf652e33ca1fb208229e1a9d6c12cf1470013a6a,0xdf652e33ca1fb208229e1a9d6c12cf1470013a6a,0xdac17f958d2ee523a2206206994597c13d831ec7,USDT,stable:USDT,0x7b5409ab0e35c82067ce942e82c8c446b0a45907f074b0a8e4ce501fb97bdef9_None_USDT_0xdac17f958d2ee523a2206206994597c13d831ec7,1639889728,1639889728,1,1685770496.0,1685.770496,1685.770496,0.000000,0.000000,0.775000,tx_agg_rolling_1800s_same_asset_group_or_route,Celer
ETH,eth_flow_97153f711f8442__r7fam14__inst01__synth_noise_src_0,0x7b5409ab0e35c82067ce942e82c8c446b0a45907f074b0a8e4ce501fb97bdef9,0x5427fefa711eff984124bfbb1ab6fbf5e3da1820|0xdf652e33ca1fb208229e1a9d6c12cf1470013a6a,0xdf652e33ca1fb208229e1a9d6c12cf1470013a6a,0xdac17f958d2ee523a2206206994597c13d831ec7,USDT,stable:USDT,0x7b5409ab0e35c82067ce942e82c8c446b0a45907f074b0a8e4ce501fb97bdef9_None_USDT_0xdac17f958d2ee523a2206206994597c13d831ec7,1639889728,1639889728,1,1685770496.0,1685.770496,1685.770496,0.000000,0.000000,0.775000,tx_agg_rolling_1800s_same_asset_group_or_route,Celer
ETH,eth_flow_97153f711f8442__r7fam14__inst01__synth_noise_src_1,0x7b5409ab0e35c82067ce942e82c8c446b0a45907f074b0a8e4ce501fb97bdef9,0x5427fefa711eff984124bfbb1ab6fbf5e3da1820|0xdf652e33ca1fb208229e1a9d6c12cf1470013a6a,0xdf652e33ca1fb208229e1a9d6c12cf1470013a6a,0xdac17f958d2ee523a2206206994597c13d831ec7,USDT,stable:USDT,0x7b5409ab0e35c82067ce942e82c8c446b0a45907f074b0a8e4ce501fb97bdef9_None_USDT_0xdac17f958d2ee523a2206206994597c13d831ec7,1639889728,1639889728,1,1685770496.0,1685.770496,1685.770496,0.000000,0.000000,0.775000,tx_agg_rolling_1800s_same_asset_group_or_route,Celer
ETH,eth_flow_670148c91ef340__r7fam15__inst00__synth_split_src,0x8e208599a48f973bb8e6b6226c4e9524881d1579f5fb331f33eb4b4736005e8a,0x5427fefa711eff984124bfbb1ab6fbf5e3da1820|0x759ea05e9b4521a160b57fac7cece89c37704139,0x759ea05e9b4521a160b57fac7cece89c37704139,0xdac17f958d2ee523a2206206994597c13d831ec7,USDT,stable:USDT,0x8e208599a48f973bb8e6b6226c4e9524881d1579f5fb331f33eb4b4736005e8a_None_USDT_0xdac17f958d2ee523a2206206994597c13d831ec7,1640626451,1640626451,1,3220040390.0,3220.04039,3220.04039,0.000000,0.000000,0.775000,tx_agg_rolling_1800s_same_asset_group_or_route,Celer
ETH,eth_flow_670148c91ef340__r7fam15__inst00__synth_merge_src1,0x8e208599a48f973bb8e6b6226c4e9524881d1579f5fb331f33eb4b4736005e8a,0x5427fefa711eff984124bfbb1ab6fbf5e3da1820|0x759ea05e9b4521a160b57fac7cece89c37704139,0x759ea05e9b4521a160b57fac7cece89c37704139,0xdac17f958d2ee523a2206206994597c13d831ec7,USDT,stable:USDT,0x8e208599a48f973bb8e6b6226c4e9524881d1579f5fb331f33eb4b4736005e8a_None_USDT_0xdac17f958d2ee523a2206206994597c13d831ec7,1640626451,1640626451,1,1610020195.0,1610.020195,1610.020195,0.000000,0.000000,0.775000,tx_agg_rolling_1800s_same_asset_group_or_route,Celer
ETH,eth_flow_670148c91ef340__r7fam15__inst00__synth_merge_src2,0x8e208599a48f973bb8e6b6226c4e9524881d1579f5fb331f33eb4b4736005e8a,0x5427fefa711eff984124bfbb1ab6fbf5e3da1820|0x759ea05e9b4521a160b57fac7cece89c37704139,0x759ea05e9b4521a160b57fac7cece89c37704139,0xdac17f958d2ee523a2206206994597c13d831ec7,USDT,stable:USDT,0x8e208599a48f973bb8e6b6226c4e9524881d1579f5fb331f33eb4b4736005e8a_None_USDT_0xdac17f958d2ee523a2206206994597c13d831ec7,1640626451,1640626451,1,1610020195.0,1610.020195,1610.020195,0.000000,0.000000,0.775000,tx_agg_rolling_1800s_same_asset_group_or_route,Celer
ETH,eth_flow_670148c91ef340__r7fam15__inst00__synth_unmatched_src,0x8e208599a48f973bb8e6b6226c4e9524881d1579f5fb331f33eb4b4736005e8a,0x5427fefa711eff984124bfbb1ab6fbf5e3da1820|0x759ea05e9b4521a160b57fac7cece89c37704139,0x759ea05e9b4521a160b57fac7cece89c37704139,0xdac17f958d2ee523a2206206994597c13d831ec7,USDT,stable:USDT,0x8e208599a48f973bb8e6b6226c4e9524881d1579f5fb331f33eb4b4736005e8a_None_USDT_0xdac17f958d2ee523a2206206994597c13d831ec7,1640626451,1640626451,1,3220040390.0,3220.04039,3220.04039,0.000000,0.000000,0.775000,tx_agg_rolling_1800s_same_asset_group_or_route,Celer
ETH,eth_flow_670148c91ef340__r7fam15__inst00__synth_noise_src_0,0x8e208599a48f973bb8e6b6226c4e9524881d1579f5fb331f33eb4b4736005e8a,0x5427fefa711eff984124bfbb1ab6fbf5e3da1820|0x759ea05e9b4521a160b57fac7cece89c37704139,0x759ea05e9b4521a160b57fac7cece89c37704139,0xdac17f958d2ee523a2206206994597c13d831ec7,USDT,stable:USDT,0x8e208599a48f973bb8e6b6226c4e9524881d1579f5fb331f33eb4b4736005e8a_None_USDT_0xdac17f958d2ee523a2206206994597c13d831ec7,1640626451,1640626451,1,3220040390.0,3220.04039,3220.04039,0.000000,0.000000,0.775000,tx_agg_rolling_1800s_same_asset_group_or_route,Celer
ETH,eth_flow_670148c91ef340__r7fam15__inst00__synth_noise_src_1,0x8e208599a48f973bb8e6b6226c4e9524881d1579f5fb331f33eb4b4736005e8a,0x5427fefa711eff984124bfbb1ab6fbf5e3da1820|0x759ea05e9b4521a160b57fac7cece89c37704139,0x759ea05e9b4521a160b57fac7cece89c37704139,0xdac17f958d2ee523a2206206994597c13d831ec7,USDT,stable:USDT,0x8e208599a48f973bb8e6b6226c4e9524881d1579f5fb331f33eb4b4736005e8a_None_USDT_0xdac17f958d2ee523a2206206994597c13d831ec7,1640626451,1640626451,1,3220040390.0,3220.04039,3220.04039,0.000000,0.000000,0.775000,tx_agg_rolling_1800s_same_asset_group_or_route,Celer
ETH,eth_flow_4ff44ecb239345__r7fam15__inst01__synth_split_src,0x81cb8c0388c953756dce7e47fe9729e70183a90a1eb1a74a6426f5fe3db4b0be,0x5427fefa711eff984124bfbb1ab6fbf5e3da1820|0xced343d3ae995186f1a75520af373f5c087ea713,0xced343d3ae995186f1a75520af373f5c087ea713,0x4fabb145d64652a948d72533023f6e7a623c7c53,BUSD,stable:BUSD,0x81cb8c0388c953756dce7e47fe9729e70183a90a1eb1a74a6426f5fe3db4b0be_None_BUSD_0x4fabb145d64652a948d72533023f6e7a623c7c53,1641075638,1641075638,1,1.96914084e+21,1969.14084,1969.14084,16.279070,16.279070,0.750000,tx_agg_rolling_1800s_same_asset_group_or_route,Celer
ETH,eth_flow_4ff44ecb239345__r7fam15__inst01__synth_merge_src1,0x81cb8c0388c953756dce7e47fe9729e70183a90a1eb1a74a6426f5fe3db4b0be,0x5427fefa711eff984124bfbb1ab6fbf5e3da1820|0xced343d3ae995186f1a75520af373f5c087ea713,0xced343d3ae995186f1a75520af373f5c087ea713,0x4fabb145d64652a948d72533023f6e7a623c7c53,BUSD,stable:BUSD,0x81cb8c0388c953756dce7e47fe9729e70183a90a1eb1a74a6426f5fe3db4b0be_None_BUSD_0x4fabb145d64652a948d72533023f6e7a623c7c53,1641075638,1641075638,1,9.8457042e+20,984.57042,984.57042,16.279070,16.279070,0.750000,tx_agg_rolling_1800s_same_asset_group_or_route,Celer
ETH,eth_flow_4ff44ecb239345__r7fam15__inst01__synth_merge_src2,0x81cb8c0388c953756dce7e47fe9729e70183a90a1eb1a74a6426f5fe3db4b0be,0x5427fefa711eff984124bfbb1ab6fbf5e3da1820|0xced343d3ae995186f1a75520af373f5c087ea713,0xced343d3ae995186f1a75520af373f5c087ea713,0x4fabb145d64652a948d72533023f6e7a623c7c53,BUSD,stable:BUSD,0x81cb8c0388c953756dce7e47fe9729e70183a90a1eb1a74a6426f5fe3db4b0be_None_BUSD_0x4fabb145d64652a948d72533023f6e7a623c7c53,1641075638,1641075638,1,9.8457042e+20,984.57042,984.57042,16.279070,16.279070,0.750000,tx_agg_rolling_1800s_same_asset_group_or_route,Celer
ETH,eth_flow_4ff44ecb239345__r7fam15__inst01__synth_unmatched_src,0x81cb8c0388c953756dce7e47fe9729e70183a90a1eb1a74a6426f5fe3db4b0be,0x5427fefa711eff984124bfbb1ab6fbf5e3da1820|0xced343d3ae995186f1a75520af373f5c087ea713,0xced343d3ae995186f1a75520af373f5c087ea713,0x4fabb145d64652a948d72533023f6e7a623c7c53,BUSD,stable:BUSD,0x81cb8c0388c953756dce7e47fe9729e70183a90a1eb1a74a6426f5fe3db4b0be_None_BUSD_0x4fabb145d64652a948d72533023f6e7a623c7c53,1641075638,1641075638,1,1.96914084e+21,1969.14084,1969.14084,16.279070,16.279070,0.750000,tx_agg_rolling_1800s_same_asset_group_or_route,Celer
ETH,eth_flow_4ff44ecb239345__r7fam15__inst01__synth_noise_src_0,0x81cb8c0388c953756dce7e47fe9729e70183a90a1eb1a74a6426f5fe3db4b0be,0x5427fefa711eff984124bfbb1ab6fbf5e3da1820|0xced343d3ae995186f1a75520af373f5c087ea713,0xced343d3ae995186f1a75520af373f5c087ea713,0x4fabb145d64652a948d72533023f6e7a623c7c53,BUSD,stable:BUSD,0x81cb8c0388c953756dce7e47fe9729e70183a90a1eb1a74a6426f5fe3db4b0be_None_BUSD_0x4fabb145d64652a948d72533023f6e7a623c7c53,1641075638,1641075638,1,1.96914084e+21,1969.14084,1969.14084,16.279070,16.279070,0.750000,tx_agg_rolling_1800s_same_asset_group_or_route,Celer
ETH,eth_flow_4ff44ecb239345__r7fam15__inst01__synth_noise_src_1,0x81cb8c0388c953756dce7e47fe9729e70183a90a1eb1a74a6426f5fe3db4b0be,0x5427fefa711eff984124bfbb1ab6fbf5e3da1820|0xced343d3ae995186f1a75520af373f5c087ea713,0xced343d3ae995186f1a75520af373f5c087ea713,0x4fabb145d64652a948d72533023f6e7a623c7c53,BUSD,stable:BUSD,0x81cb8c0388c953756dce7e47fe9729e70183a90a1eb1a74a6426f5fe3db4b0be_None_BUSD_0x4fabb145d64652a948d72533023f6e7a623c7c53,1641075638,1641075638,1,1.96914084e+21,1969.14084,1969.14084,16.279070,16.279070,0.750000,tx_agg_rolling_1800s_same_asset_group_or_route,Celer
ETH,eth_flow_00902dc9165943__r7fam16__inst00__synth_split_src,0x55c26d0bb695a92d23fef50f56c3b9822dda2bfd3eb8bc059a4eea1a90d9e1c1,0x5427fefa711eff984124bfbb1ab6fbf5e3da1820|0xa2e97c3b1a1b7a385a60fcc9491a5d16ae09674a,0xa2e97c3b1a1b7a385a60fcc9491a5d16ae09674a,0xdac17f958d2ee523a2206206994597c13d831ec7,USDT,stable:USDT,0x55c26d0bb695a92d23fef50f56c3b9822dda2bfd3eb8bc059a4eea1a90d9e1c1_None_USDT_0xdac17f958d2ee523a2206206994597c13d831ec7,1639075385,1639075385,1,2500000000.0,2500.0,2500.0,0.000000,0.000000,0.800000,tx_agg_rolling_1800s_same_asset_group_or_route,Celer
ETH,eth_flow_00902dc9165943__r7fam16__inst00__synth_merge_src1,0x55c26d0bb695a92d23fef50f56c3b9822dda2bfd3eb8bc059a4eea1a90d9e1c1,0x5427fefa711eff984124bfbb1ab6fbf5e3da1820|0xa2e97c3b1a1b7a385a60fcc9491a5d16ae09674a,0xa2e97c3b1a1b7a385a60fcc9491a5d16ae09674a,0xdac17f958d2ee523a2206206994597c13d831ec7,USDT,stable:USDT,0x55c26d0bb695a92d23fef50f56c3b9822dda2bfd3eb8bc059a4eea1a90d9e1c1_None_USDT_0xdac17f958d2ee523a2206206994597c13d831ec7,1639075385,1639075385,1,1250000000.0,1250.0,1250.0,0.000000,0.000000,0.800000,tx_agg_rolling_1800s_same_asset_group_or_route,Celer
ETH,eth_flow_00902dc9165943__r7fam16__inst00__synth_merge_src2,0x55c26d0bb695a92d23fef50f56c3b9822dda2bfd3eb8bc059a4eea1a90d9e1c1,0x5427fefa711eff984124bfbb1ab6fbf5e3da1820|0xa2e97c3b1a1b7a385a60fcc9491a5d16ae09674a,0xa2e97c3b1a1b7a385a60fcc9491a5d16ae09674a,0xdac17f958d2ee523a2206206994597c13d831ec7,USDT,stable:USDT,0x55c26d0bb695a92d23fef50f56c3b9822dda2bfd3eb8bc059a4eea1a90d9e1c1_None_USDT_0xdac17f958d2ee523a2206206994597c13d831ec7,1639075385,1639075385,1,1250000000.0,1250.0,1250.0,0.000000,0.000000,0.800000,tx_agg_rolling_1800s_same_asset_group_or_route,Celer
ETH,eth_flow_00902dc9165943__r7fam16__inst00__synth_unmatched_src,0x55c26d0bb695a92d23fef50f56c3b9822dda2bfd3eb8bc059a4eea1a90d9e1c1,0x5427fefa711eff984124bfbb1ab6fbf5e3da1820|0xa2e97c3b1a1b7a385a60fcc9491a5d16ae09674a,0xa2e97c3b1a1b7a385a60fcc9491a5d16ae09674a,0xdac17f958d2ee523a2206206994597c13d831ec7,USDT,stable:USDT,0x55c26d0bb695a92d23fef50f56c3b9822dda2bfd3eb8bc059a4eea1a90d9e1c1_None_USDT_0xdac17f958d2ee523a2206206994597c13d831ec7,1639075385,1639075385,1,2500000000.0,2500.0,2500.0,0.000000,0.000000,0.800000,tx_agg_rolling_1800s_same_asset_group_or_route,Celer
ETH,eth_flow_00902dc9165943__r7fam16__inst00__synth_noise_src_0,0x55c26d0bb695a92d23fef50f56c3b9822dda2bfd3eb8bc059a4eea1a90d9e1c1,0x5427fefa711eff984124bfbb1ab6fbf5e3da1820|0xa2e97c3b1a1b7a385a60fcc9491a5d16ae09674a,0xa2e97c3b1a1b7a385a60fcc9491a5d16ae09674a,0xdac17f958d2ee523a2206206994597c13d831ec7,USDT,stable:USDT,0x55c26d0bb695a92d23fef50f56c3b9822dda2bfd3eb8bc059a4eea1a90d9e1c1_None_USDT_0xdac17f958d2ee523a2206206994597c13d831ec7,1639075385,1639075385,1,2500000000.0,2500.0,2500.0,0.000000,0.000000,0.800000,tx_agg_rolling_1800s_same_asset_group_or_route,Celer
ETH,eth_flow_00902dc9165943__r7fam16__inst00__synth_noise_src_1,0x55c26d0bb695a92d23fef50f56c3b9822dda2bfd3eb8bc059a4eea1a90d9e1c1,0x5427fefa711eff984124bfbb1ab6fbf5e3da1820|0xa2e97c3b1a1b7a385a60fcc9491a5d16ae09674a,0xa2e97c3b1a1b7a385a60fcc9491a5d16ae09674a,0xdac17f958d2ee523a2206206994597c13d831ec7,USDT,stable:USDT,0x55c26d0bb695a92d23fef50f56c3b9822dda2bfd3eb8bc059a4eea1a90d9e1c1_None_USDT_0xdac17f958d2ee523a2206206994597c13d831ec7,1639075385,1639075385,1,2500000000.0,2500.0,2500.0,0.000000,0.000000,0.800000,tx_agg_rolling_1800s_same_asset_group_or_route,Celer
ETH,eth_flow_5ccbff282e7840__r7fam16__inst01__synth_split_src,0x10d41716512b7ba7aa5e7e71abf32e615ac932c927c8c4b337d7c5ea2d86cbf4,0x5427fefa711eff984124bfbb1ab6fbf5e3da1820|0x599557d881198939a853071299b88a1c8a7cc47a,0x599557d881198939a853071299b88a1c8a7cc47a,0xdac17f958d2ee523a2206206994597c13d831ec7,USDT,stable:USDT,0x10d41716512b7ba7aa5e7e71abf32e615ac932c927c8c4b337d7c5ea2d86cbf4_None_USDT_0xdac17f958d2ee523a2206206994597c13d831ec7,1640703730,1640703730,1,8000000000.0,8000.0,8000.0,0.000000,0.000000,0.775000,tx_agg_rolling_1800s_same_asset_group_or_route,Celer
ETH,eth_flow_5ccbff282e7840__r7fam16__inst01__synth_merge_src1,0x10d41716512b7ba7aa5e7e71abf32e615ac932c927c8c4b337d7c5ea2d86cbf4,0x5427fefa711eff984124bfbb1ab6fbf5e3da1820|0x599557d881198939a853071299b88a1c8a7cc47a,0x599557d881198939a853071299b88a1c8a7cc47a,0xdac17f958d2ee523a2206206994597c13d831ec7,USDT,stable:USDT,0x10d41716512b7ba7aa5e7e71abf32e615ac932c927c8c4b337d7c5ea2d86cbf4_None_USDT_0xdac17f958d2ee523a2206206994597c13d831ec7,1640703730,1640703730,1,4000000000.0,4000.0,4000.0,0.000000,0.000000,0.775000,tx_agg_rolling_1800s_same_asset_group_or_route,Celer
ETH,eth_flow_5ccbff282e7840__r7fam16__inst01__synth_merge_src2,0x10d41716512b7ba7aa5e7e71abf32e615ac932c927c8c4b337d7c5ea2d86cbf4,0x5427fefa711eff984124bfbb1ab6fbf5e3da1820|0x599557d881198939a853071299b88a1c8a7cc47a,0x599557d881198939a853071299b88a1c8a7cc47a,0xdac17f958d2ee523a2206206994597c13d831ec7,USDT,stable:USDT,0x10d41716512b7ba7aa5e7e71abf32e615ac932c927c8c4b337d7c5ea2d86cbf4_None_USDT_0xdac17f958d2ee523a2206206994597c13d831ec7,1640703730,1640703730,1,4000000000.0,4000.0,4000.0,0.000000,0.000000,0.775000,tx_agg_rolling_1800s_same_asset_group_or_route,Celer
ETH,eth_flow_5ccbff282e7840__r7fam16__inst01__synth_unmatched_src,0x10d41716512b7ba7aa5e7e71abf32e615ac932c927c8c4b337d7c5ea2d86cbf4,0x5427fefa711eff984124bfbb1ab6fbf5e3da1820|0x599557d881198939a853071299b88a1c8a7cc47a,0x599557d881198939a853071299b88a1c8a7cc47a,0xdac17f958d2ee523a2206206994597c13d831ec7,USDT,stable:USDT,0x10d41716512b7ba7aa5e7e71abf32e615ac932c927c8c4b337d7c5ea2d86cbf4_None_USDT_0xdac17f958d2ee523a2206206994597c13d831ec7,1640703730,1640703730,1,8000000000.0,8000.0,8000.0,0.000000,0.000000,0.775000,tx_agg_rolling_1800s_same_asset_group_or_route,Celer
ETH,eth_flow_5ccbff282e7840__r7fam16__inst01__synth_noise_src_0,0x10d41716512b7ba7aa5e7e71abf32e615ac932c927c8c4b337d7c5ea2d86cbf4,0x5427fefa711eff984124bfbb1ab6fbf5e3da1820|0x599557d881198939a853071299b88a1c8a7cc47a,0x599557d881198939a853071299b88a1c8a7cc47a,0xdac17f958d2ee523a2206206994597c13d831ec7,USDT,stable:USDT,0x10d41716512b7ba7aa5e7e71abf32e615ac932c927c8c4b337d7c5ea2d86cbf4_None_USDT_0xdac17f958d2ee523a2206206994597c13d831ec7,1640703730,1640703730,1,8000000000.0,8000.0,8000.0,0.000000,0.000000,0.775000,tx_agg_rolling_1800s_same_asset_group_or_route,Celer
ETH,eth_flow_5ccbff282e7840__r7fam16__inst01__synth_noise_src_1,0x10d41716512b7ba7aa5e7e71abf32e615ac932c927c8c4b337d7c5ea2d86cbf4,0x5427fefa711eff984124bfbb1ab6fbf5e3da1820|0x599557d881198939a853071299b88a1c8a7cc47a,0x599557d881198939a853071299b88a1c8a7cc47a,0xdac17f958d2ee523a2206206994597c13d831ec7,USDT,stable:USDT,0x10d41716512b7ba7aa5e7e71abf32e615ac932c927c8c4b337d7c5ea2d86cbf4_None_USDT_0xdac17f958d2ee523a2206206994597c13d831ec7,1640703730,1640703730,1,8000000000.0,8000.0,8000.0,0.000000,0.000000,0.775000,tx_agg_rolling_1800s_same_asset_group_or_route,Celer
ETH,eth_flow_1c2f0f3b64354a__r7fam17__inst00__synth_split_src,0x137365f6db33dd3c1bc6abc5e2bfcec9c3baa4ad5807007ffc480ef2bbc5431b,0x5427fefa711eff984124bfbb1ab6fbf5e3da1820|0xf379ce34f9ffb360d196b61628e2fd1ac808d8d2,0xf379ce34f9ffb360d196b61628e2fd1ac808d8d2,0xa0b86991c6218b36c1d19d4a2e9eb0ce3606eb48,USDC,stable:USDC,0x137365f6db33dd3c1bc6abc5e2bfcec9c3baa4ad5807007ffc480ef2bbc5431b_None_USDC_0xa0b86991c6218b36c1d19d4a2e9eb0ce3606eb48,1639100548,1639100548,1,5913591439.0,5913.591439,5913.591439,0.000000,0.000000,0.800000,tx_agg_rolling_1800s_same_asset_group_or_route,Celer
ETH,eth_flow_1c2f0f3b64354a__r7fam17__inst00__synth_merge_src1,0x137365f6db33dd3c1bc6abc5e2bfcec9c3baa4ad5807007ffc480ef2bbc5431b,0x5427fefa711eff984124bfbb1ab6fbf5e3da1820|0xf379ce34f9ffb360d196b61628e2fd1ac808d8d2,0xf379ce34f9ffb360d196b61628e2fd1ac808d8d2,0xa0b86991c6218b36c1d19d4a2e9eb0ce3606eb48,USDC,stable:USDC,0x137365f6db33dd3c1bc6abc5e2bfcec9c3baa4ad5807007ffc480ef2bbc5431b_None_USDC_0xa0b86991c6218b36c1d19d4a2e9eb0ce3606eb48,1639100548,1639100548,1,2956795719.5,2956.7957195,2956.7957195,0.000000,0.000000,0.800000,tx_agg_rolling_1800s_same_asset_group_or_route,Celer
ETH,eth_flow_1c2f0f3b64354a__r7fam17__inst00__synth_merge_src2,0x137365f6db33dd3c1bc6abc5e2bfcec9c3baa4ad5807007ffc480ef2bbc5431b,0x5427fefa711eff984124bfbb1ab6fbf5e3da1820|0xf379ce34f9ffb360d196b61628e2fd1ac808d8d2,0xf379ce34f9ffb360d196b61628e2fd1ac808d8d2,0xa0b86991c6218b36c1d19d4a2e9eb0ce3606eb48,USDC,stable:USDC,0x137365f6db33dd3c1bc6abc5e2bfcec9c3baa4ad5807007ffc480ef2bbc5431b_None_USDC_0xa0b86991c6218b36c1d19d4a2e9eb0ce3606eb48,1639100548,1639100548,1,2956795719.5,2956.7957195,2956.7957195,0.000000,0.000000,0.800000,tx_agg_rolling_1800s_same_asset_group_or_route,Celer
ETH,eth_flow_1c2f0f3b64354a__r7fam17__inst00__synth_unmatched_src,0x137365f6db33dd3c1bc6abc5e2bfcec9c3baa4ad5807007ffc480ef2bbc5431b,0x5427fefa711eff984124bfbb1ab6fbf5e3da1820|0xf379ce34f9ffb360d196b61628e2fd1ac808d8d2,0xf379ce34f9ffb360d196b61628e2fd1ac808d8d2,0xa0b86991c6218b36c1d19d4a2e9eb0ce3606eb48,USDC,stable:USDC,0x137365f6db33dd3c1bc6abc5e2bfcec9c3baa4ad5807007ffc480ef2bbc5431b_None_USDC_0xa0b86991c6218b36c1d19d4a2e9eb0ce3606eb48,1639100548,1639100548,1,5913591439.0,5913.591439,5913.591439,0.000000,0.000000,0.800000,tx_agg_rolling_1800s_same_asset_group_or_route,Celer
ETH,eth_flow_1c2f0f3b64354a__r7fam17__inst00__synth_noise_src_0,0x137365f6db33dd3c1bc6abc5e2bfcec9c3baa4ad5807007ffc480ef2bbc5431b,0x5427fefa711eff984124bfbb1ab6fbf5e3da1820|0xf379ce34f9ffb360d196b61628e2fd1ac808d8d2,0xf379ce34f9ffb360d196b61628e2fd1ac808d8d2,0xa0b86991c6218b36c1d19d4a2e9eb0ce3606eb48,USDC,stable:USDC,0x137365f6db33dd3c1bc6abc5e2bfcec9c3baa4ad5807007ffc480ef2bbc5431b_None_USDC_0xa0b86991c6218b36c1d19d4a2e9eb0ce3606eb48,1639100548,1639100548,1,5913591439.0,5913.591439,5913.591439,0.000000,0.000000,0.800000,tx_agg_rolling_1800s_same_asset_group_or_route,Celer
ETH,eth_flow_1c2f0f3b64354a__r7fam17__inst00__synth_noise_src_1,0x137365f6db33dd3c1bc6abc5e2bfcec9c3baa4ad5807007ffc480ef2bbc5431b,0x5427fefa711eff984124bfbb1ab6fbf5e3da1820|0xf379ce34f9ffb360d196b61628e2fd1ac808d8d2,0xf379ce34f9ffb360d196b61628e2fd1ac808d8d2,0xa0b86991c6218b36c1d19d4a2e9eb0ce3606eb48,USDC,stable:USDC,0x137365f6db33dd3c1bc6abc5e2bfcec9c3baa4ad5807007ffc480ef2bbc5431b_None_USDC_0xa0b86991c6218b36c1d19d4a2e9eb0ce3606eb48,1639100548,1639100548,1,5913591439.0,5913.591439,5913.591439,0.000000,0.000000,0.800000,tx_agg_rolling_1800s_same_asset_group_or_route,Celer
ETH,eth_flow_a448dc921e8f4d__r7fam17__inst01__synth_split_src,0xf6c440ad29284e5e8877c1b4849777c9ee284f51725a5e64a21f4f72b9bd6294,0x5427fefa711eff984124bfbb1ab6fbf5e3da1820|0x85dd81dc250c2f4e50b52b8ad5ee5616126d10d7,0x85dd81dc250c2f4e50b52b8ad5ee5616126d10d7,0xdac17f958d2ee523a2206206994597c13d831ec7,USDT,stable:USDT,0xf6c440ad29284e5e8877c1b4849777c9ee284f51725a5e64a21f4f72b9bd6294_None_USDT_0xdac17f958d2ee523a2206206994597c13d831ec7,1638645088,1638645088,1,2428654592.0,2428.654592,2428.654592,0.000000,0.000000,0.800000,tx_agg_rolling_1800s_same_asset_group_or_route,Celer
ETH,eth_flow_a448dc921e8f4d__r7fam17__inst01__synth_merge_src1,0xf6c440ad29284e5e8877c1b4849777c9ee284f51725a5e64a21f4f72b9bd6294,0x5427fefa711eff984124bfbb1ab6fbf5e3da1820|0x85dd81dc250c2f4e50b52b8ad5ee5616126d10d7,0x85dd81dc250c2f4e50b52b8ad5ee5616126d10d7,0xdac17f958d2ee523a2206206994597c13d831ec7,USDT,stable:USDT,0xf6c440ad29284e5e8877c1b4849777c9ee284f51725a5e64a21f4f72b9bd6294_None_USDT_0xdac17f958d2ee523a2206206994597c13d831ec7,1638645088,1638645088,1,1214327296.0,1214.327296,1214.327296,0.000000,0.000000,0.800000,tx_agg_rolling_1800s_same_asset_group_or_route,Celer
ETH,eth_flow_a448dc921e8f4d__r7fam17__inst01__synth_merge_src2,0xf6c440ad29284e5e8877c1b4849777c9ee284f51725a5e64a21f4f72b9bd6294,0x5427fefa711eff984124bfbb1ab6fbf5e3da1820|0x85dd81dc250c2f4e50b52b8ad5ee5616126d10d7,0x85dd81dc250c2f4e50b52b8ad5ee5616126d10d7,0xdac17f958d2ee523a2206206994597c13d831ec7,USDT,stable:USDT,0xf6c440ad29284e5e8877c1b4849777c9ee284f51725a5e64a21f4f72b9bd6294_None_USDT_0xdac17f958d2ee523a2206206994597c13d831ec7,1638645088,1638645088,1,1214327296.0,1214.327296,1214.327296,0.000000,0.000000,0.800000,tx_agg_rolling_1800s_same_asset_group_or_route,Celer
ETH,eth_flow_a448dc921e8f4d__r7fam17__inst01__synth_unmatched_src,0xf6c440ad29284e5e8877c1b4849777c9ee284f51725a5e64a21f4f72b9bd6294,0x5427fefa711eff984124bfbb1ab6fbf5e3da1820|0x85dd81dc250c2f4e50b52b8ad5ee5616126d10d7,0x85dd81dc250c2f4e50b52b8ad5ee5616126d10d7,0xdac17f958d2ee523a2206206994597c13d831ec7,USDT,stable:USDT,0xf6c440ad29284e5e8877c1b4849777c9ee284f51725a5e64a21f4f72b9bd6294_None_USDT_0xdac17f958d2ee523a2206206994597c13d831ec7,1638645088,1638645088,1,2428654592.0,2428.654592,2428.654592,0.000000,0.000000,0.800000,tx_agg_rolling_1800s_same_asset_group_or_route,Celer
ETH,eth_flow_a448dc921e8f4d__r7fam17__inst01__synth_noise_src_0,0xf6c440ad29284e5e8877c1b4849777c9ee284f51725a5e64a21f4f72b9bd6294,0x5427fefa711eff984124bfbb1ab6fbf5e3da1820|0x85dd81dc250c2f4e50b52b8ad5ee5616126d10d7,0x85dd81dc250c2f4e50b52b8ad5ee5616126d10d7,0xdac17f958d2ee523a2206206994597c13d831ec7,USDT,stable:USDT,0xf6c440ad29284e5e8877c1b4849777c9ee284f51725a5e64a21f4f72b9bd6294_None_USDT_0xdac17f958d2ee523a2206206994597c13d831ec7,1638645088,1638645088,1,2428654592.0,2428.654592,2428.654592,0.000000,0.000000,0.800000,tx_agg_rolling_1800s_same_asset_group_or_route,Celer
ETH,eth_flow_a448dc921e8f4d__r7fam17__inst01__synth_noise_src_1,0xf6c440ad29284e5e8877c1b4849777c9ee284f51725a5e64a21f4f72b9bd6294,0x5427fefa711eff984124bfbb1ab6fbf5e3da1820|0x85dd81dc250c2f4e50b52b8ad5ee5616126d10d7,0x85dd81dc250c2f4e50b52b8ad5ee5616126d10d7,0xdac17f958d2ee523a2206206994597c13d831ec7,USDT,stable:USDT,0xf6c440ad29284e5e8877c1b4849777c9ee284f51725a5e64a21f4f72b9bd6294_None_USDT_0xdac17f958d2ee523a2206206994597c13d831ec7,1638645088,1638645088,1,2428654592.0,2428.654592,2428.654592,0.000000,0.000000,0.800000,tx_agg_rolling_1800s_same_asset_group_or_route,Celer
ETH,eth_flow_4db9c7a7974e43__r7fam18__inst00__synth_split_src,0xbb4d9ae4fb2eb0719d5231dd1af63b6dd7c589f1f9aa23d093a045c4e4bb172b,0x5427fefa711eff984124bfbb1ab6fbf5e3da1820|0xbc68a2d226b69d2cee7b49e93160a963d6aa9384,0xbc68a2d226b69d2cee7b49e93160a963d6aa9384,0xdac17f958d2ee523a2206206994597c13d831ec7,USDT,stable:USDT,0xbb4d9ae4fb2eb0719d5231dd1af63b6dd7c589f1f9aa23d093a045c4e4bb172b_None_USDT_0xdac17f958d2ee523a2206206994597c13d831ec7,1638987733,1638987733,1,40000000000.0,40000.0,40000.0,0.000000,0.000000,0.800000,tx_agg_rolling_1800s_same_asset_group_or_route,Celer
ETH,eth_flow_4db9c7a7974e43__r7fam18__inst00__synth_merge_src1,0xbb4d9ae4fb2eb0719d5231dd1af63b6dd7c589f1f9aa23d093a045c4e4bb172b,0x5427fefa711eff984124bfbb1ab6fbf5e3da1820|0xbc68a2d226b69d2cee7b49e93160a963d6aa9384,0xbc68a2d226b69d2cee7b49e93160a963d6aa9384,0xdac17f958d2ee523a2206206994597c13d831ec7,USDT,stable:USDT,0xbb4d9ae4fb2eb0719d5231dd1af63b6dd7c589f1f9aa23d093a045c4e4bb172b_None_USDT_0xdac17f958d2ee523a2206206994597c13d831ec7,1638987733,1638987733,1,20000000000.0,20000.0,20000.0,0.000000,0.000000,0.800000,tx_agg_rolling_1800s_same_asset_group_or_route,Celer
ETH,eth_flow_4db9c7a7974e43__r7fam18__inst00__synth_merge_src2,0xbb4d9ae4fb2eb0719d5231dd1af63b6dd7c589f1f9aa23d093a045c4e4bb172b,0x5427fefa711eff984124bfbb1ab6fbf5e3da1820|0xbc68a2d226b69d2cee7b49e93160a963d6aa9384,0xbc68a2d226b69d2cee7b49e93160a963d6aa9384,0xdac17f958d2ee523a2206206994597c13d831ec7,USDT,stable:USDT,0xbb4d9ae4fb2eb0719d5231dd1af63b6dd7c589f1f9aa23d093a045c4e4bb172b_None_USDT_0xdac17f958d2ee523a2206206994597c13d831ec7,1638987733,1638987733,1,20000000000.0,20000.0,20000.0,0.000000,0.000000,0.800000,tx_agg_rolling_1800s_same_asset_group_or_route,Celer
ETH,eth_flow_4db9c7a7974e43__r7fam18__inst00__synth_unmatched_src,0xbb4d9ae4fb2eb0719d5231dd1af63b6dd7c589f1f9aa23d093a045c4e4bb172b,0x5427fefa711eff984124bfbb1ab6fbf5e3da1820|0xbc68a2d226b69d2cee7b49e93160a963d6aa9384,0xbc68a2d226b69d2cee7b49e93160a963d6aa9384,0xdac17f958d2ee523a2206206994597c13d831ec7,USDT,stable:USDT,0xbb4d9ae4fb2eb0719d5231dd1af63b6dd7c589f1f9aa23d093a045c4e4bb172b_None_USDT_0xdac17f958d2ee523a2206206994597c13d831ec7,1638987733,1638987733,1,40000000000.0,40000.0,40000.0,0.000000,0.000000,0.800000,tx_agg_rolling_1800s_same_asset_group_or_route,Celer
ETH,eth_flow_4db9c7a7974e43__r7fam18__inst00__synth_noise_src_0,0xbb4d9ae4fb2eb0719d5231dd1af63b6dd7c589f1f9aa23d093a045c4e4bb172b,0x5427fefa711eff984124bfbb1ab6fbf5e3da1820|0xbc68a2d226b69d2cee7b49e93160a963d6aa9384,0xbc68a2d226b69d2cee7b49e93160a963d6aa9384,0xdac17f958d2ee523a2206206994597c13d831ec7,USDT,stable:USDT,0xbb4d9ae4fb2eb0719d5231dd1af63b6dd7c589f1f9aa23d093a045c4e4bb172b_None_USDT_0xdac17f958d2ee523a2206206994597c13d831ec7,1638987733,1638987733,1,40000000000.0,40000.0,40000.0,0.000000,0.000000,0.800000,tx_agg_rolling_1800s_same_asset_group_or_route,Celer
ETH,eth_flow_4db9c7a7974e43__r7fam18__inst00__synth_noise_src_1,0xbb4d9ae4fb2eb0719d5231dd1af63b6dd7c589f1f9aa23d093a045c4e4bb172b,0x5427fefa711eff984124bfbb1ab6fbf5e3da1820|0xbc68a2d226b69d2cee7b49e93160a963d6aa9384,0xbc68a2d226b69d2cee7b49e93160a963d6aa9384,0xdac17f958d2ee523a2206206994597c13d831ec7,USDT,stable:USDT,0xbb4d9ae4fb2eb0719d5231dd1af63b6dd7c589f1f9aa23d093a045c4e4bb172b_None_USDT_0xdac17f958d2ee523a2206206994597c13d831ec7,1638987733,1638987733,1,40000000000.0,40000.0,40000.0,0.000000,0.000000,0.800000,tx_agg_rolling_1800s_same_asset_group_or_route,Celer
ETH,eth_flow_5244d4967d8d44__r7fam18__inst01__synth_split_src,0xfb9ffa53fcfcf48dc16fd1b9dc4fcd2bb51348b9760d38d9f023f76924833862,0x5427fefa711eff984124bfbb1ab6fbf5e3da1820|0x600dcc09cff8e912127d4bc8699e7be2ce652384,0x600dcc09cff8e912127d4bc8699e7be2ce652384,0xdac17f958d2ee523a2206206994597c13d831ec7,USDT,stable:USDT,0xfb9ffa53fcfcf48dc16fd1b9dc4fcd2bb51348b9760d38d9f023f76924833862_None_USDT_0xdac17f958d2ee523a2206206994597c13d831ec7,1639506232,1639506232,1,21675906671.0,21675.906671,21675.906671,0.000000,0.000000,0.800000,tx_agg_rolling_1800s_same_asset_group_or_route,Celer
ETH,eth_flow_5244d4967d8d44__r7fam18__inst01__synth_merge_src1,0xfb9ffa53fcfcf48dc16fd1b9dc4fcd2bb51348b9760d38d9f023f76924833862,0x5427fefa711eff984124bfbb1ab6fbf5e3da1820|0x600dcc09cff8e912127d4bc8699e7be2ce652384,0x600dcc09cff8e912127d4bc8699e7be2ce652384,0xdac17f958d2ee523a2206206994597c13d831ec7,USDT,stable:USDT,0xfb9ffa53fcfcf48dc16fd1b9dc4fcd2bb51348b9760d38d9f023f76924833862_None_USDT_0xdac17f958d2ee523a2206206994597c13d831ec7,1639506232,1639506232,1,10837953335.5,10837.9533355,10837.9533355,0.000000,0.000000,0.800000,tx_agg_rolling_1800s_same_asset_group_or_route,Celer
ETH,eth_flow_5244d4967d8d44__r7fam18__inst01__synth_merge_src2,0xfb9ffa53fcfcf48dc16fd1b9dc4fcd2bb51348b9760d38d9f023f76924833862,0x5427fefa711eff984124bfbb1ab6fbf5e3da1820|0x600dcc09cff8e912127d4bc8699e7be2ce652384,0x600dcc09cff8e912127d4bc8699e7be2ce652384,0xdac17f958d2ee523a2206206994597c13d831ec7,USDT,stable:USDT,0xfb9ffa53fcfcf48dc16fd1b9dc4fcd2bb51348b9760d38d9f023f76924833862_None_USDT_0xdac17f958d2ee523a2206206994597c13d831ec7,1639506232,1639506232,1,10837953335.5,10837.9533355,10837.9533355,0.000000,0.000000,0.800000,tx_agg_rolling_1800s_same_asset_group_or_route,Celer
ETH,eth_flow_5244d4967d8d44__r7fam18__inst01__synth_unmatched_src,0xfb9ffa53fcfcf48dc16fd1b9dc4fcd2bb51348b9760d38d9f023f76924833862,0x5427fefa711eff984124bfbb1ab6fbf5e3da1820|0x600dcc09cff8e912127d4bc8699e7be2ce652384,0x600dcc09cff8e912127d4bc8699e7be2ce652384,0xdac17f958d2ee523a2206206994597c13d831ec7,USDT,stable:USDT,0xfb9ffa53fcfcf48dc16fd1b9dc4fcd2bb51348b9760d38d9f023f76924833862_None_USDT_0xdac17f958d2ee523a2206206994597c13d831ec7,1639506232,1639506232,1,21675906671.0,21675.906671,21675.906671,0.000000,0.000000,0.800000,tx_agg_rolling_1800s_same_asset_group_or_route,Celer
ETH,eth_flow_5244d4967d8d44__r7fam18__inst01__synth_noise_src_0,0xfb9ffa53fcfcf48dc16fd1b9dc4fcd2bb51348b9760d38d9f023f76924833862,0x5427fefa711eff984124bfbb1ab6fbf5e3da1820|0x600dcc09cff8e912127d4bc8699e7be2ce652384,0x600dcc09cff8e912127d4bc8699e7be2ce652384,0xdac17f958d2ee523a2206206994597c13d831ec7,USDT,stable:USDT,0xfb9ffa53fcfcf48dc16fd1b9dc4fcd2bb51348b9760d38d9f023f76924833862_None_USDT_0xdac17f958d2ee523a2206206994597c13d831ec7,1639506232,1639506232,1,21675906671.0,21675.906671,21675.906671,0.000000,0.000000,0.800000,tx_agg_rolling_1800s_same_asset_group_or_route,Celer
ETH,eth_flow_5244d4967d8d44__r7fam18__inst01__synth_noise_src_1,0xfb9ffa53fcfcf48dc16fd1b9dc4fcd2bb51348b9760d38d9f023f76924833862,0x5427fefa711eff984124bfbb1ab6fbf5e3da1820|0x600dcc09cff8e912127d4bc8699e7be2ce652384,0x600dcc09cff8e912127d4bc8699e7be2ce652384,0xdac17f958d2ee523a2206206994597c13d831ec7,USDT,stable:USDT,0xfb9ffa53fcfcf48dc16fd1b9dc4fcd2bb51348b9760d38d9f023f76924833862_None_USDT_0xdac17f958d2ee523a2206206994597c13d831ec7,1639506232,1639506232,1,21675906671.0,21675.906671,21675.906671,0.000000,0.000000,0.800000,tx_agg_rolling_1800s_same_asset_group_or_route,Celer
ETH,eth_flow_3fff6a8de49545__r7fam19__inst00__synth_split_src,0x68649287a1933bec5fd87d783b1068e425789b79f4f7d2198baf8414cae04222,0x7510792a3b1969f9307f3845ce88e39578f2bae1|0x7f3d9612b0c754f7904f330b9b0367b69f1be7cf,0x7f3d9612b0c754f7904f330b9b0367b69f1be7cf,0xfb5c6815ca3ac72ce9f5006869ae67f18bf77006,PSTAKE,token:PSTAKE,0x68649287a1933bec5fd87d783b1068e425789b79f4f7d2198baf8414cae04222_None_PSTAKE_0xfb5c6815ca3ac72ce9f5006869ae67f18bf77006,1660712785,1660712785,1,2.99747727e+22,29974.7727,29974.7727,4.651163,4.651163,0.800000,tx_agg_rolling_1800s_same_asset_group_or_route,Celer
ETH,eth_flow_3fff6a8de49545__r7fam19__inst00__synth_merge_src1,0x68649287a1933bec5fd87d783b1068e425789b79f4f7d2198baf8414cae04222,0x7510792a3b1969f9307f3845ce88e39578f2bae1|0x7f3d9612b0c754f7904f330b9b0367b69f1be7cf,0x7f3d9612b0c754f7904f330b9b0367b69f1be7cf,0xfb5c6815ca3ac72ce9f5006869ae67f18bf77006,PSTAKE,token:PSTAKE,0x68649287a1933bec5fd87d783b1068e425789b79f4f7d2198baf8414cae04222_None_PSTAKE_0xfb5c6815ca3ac72ce9f5006869ae67f18bf77006,1660712785,1660712785,1,1.498738635e+22,14987.38635,14987.38635,4.651163,4.651163,0.800000,tx_agg_rolling_1800s_same_asset_group_or_route,Celer
ETH,eth_flow_3fff6a8de49545__r7fam19__inst00__synth_merge_src2,0x68649287a1933bec5fd87d783b1068e425789b79f4f7d2198baf8414cae04222,0x7510792a3b1969f9307f3845ce88e39578f2bae1|0x7f3d9612b0c754f7904f330b9b0367b69f1be7cf,0x7f3d9612b0c754f7904f330b9b0367b69f1be7cf,0xfb5c6815ca3ac72ce9f5006869ae67f18bf77006,PSTAKE,token:PSTAKE,0x68649287a1933bec5fd87d783b1068e425789b79f4f7d2198baf8414cae04222_None_PSTAKE_0xfb5c6815ca3ac72ce9f5006869ae67f18bf77006,1660712785,1660712785,1,1.498738635e+22,14987.38635,14987.38635,4.651163,4.651163,0.800000,tx_agg_rolling_1800s_same_asset_group_or_route,Celer
ETH,eth_flow_3fff6a8de49545__r7fam19__inst00__synth_unmatched_src,0x68649287a1933bec5fd87d783b1068e425789b79f4f7d2198baf8414cae04222,0x7510792a3b1969f9307f3845ce88e39578f2bae1|0x7f3d9612b0c754f7904f330b9b0367b69f1be7cf,0x7f3d9612b0c754f7904f330b9b0367b69f1be7cf,0xfb5c6815ca3ac72ce9f5006869ae67f18bf77006,PSTAKE,token:PSTAKE,0x68649287a1933bec5fd87d783b1068e425789b79f4f7d2198baf8414cae04222_None_PSTAKE_0xfb5c6815ca3ac72ce9f5006869ae67f18bf77006,1660712785,1660712785,1,2.99747727e+22,29974.7727,29974.7727,4.651163,4.651163,0.800000,tx_agg_rolling_1800s_same_asset_group_or_route,Celer
ETH,eth_flow_3fff6a8de49545__r7fam19__inst00__synth_noise_src_0,0x68649287a1933bec5fd87d783b1068e425789b79f4f7d2198baf8414cae04222,0x7510792a3b1969f9307f3845ce88e39578f2bae1|0x7f3d9612b0c754f7904f330b9b0367b69f1be7cf,0x7f3d9612b0c754f7904f330b9b0367b69f1be7cf,0xfb5c6815ca3ac72ce9f5006869ae67f18bf77006,PSTAKE,token:PSTAKE,0x68649287a1933bec5fd87d783b1068e425789b79f4f7d2198baf8414cae04222_None_PSTAKE_0xfb5c6815ca3ac72ce9f5006869ae67f18bf77006,1660712785,1660712785,1,2.99747727e+22,29974.7727,29974.7727,4.651163,4.651163,0.800000,tx_agg_rolling_1800s_same_asset_group_or_route,Celer
ETH,eth_flow_3fff6a8de49545__r7fam19__inst00__synth_noise_src_1,0x68649287a1933bec5fd87d783b1068e425789b79f4f7d2198baf8414cae04222,0x7510792a3b1969f9307f3845ce88e39578f2bae1|0x7f3d9612b0c754f7904f330b9b0367b69f1be7cf,0x7f3d9612b0c754f7904f330b9b0367b69f1be7cf,0xfb5c6815ca3ac72ce9f5006869ae67f18bf77006,PSTAKE,token:PSTAKE,0x68649287a1933bec5fd87d783b1068e425789b79f4f7d2198baf8414cae04222_None_PSTAKE_0xfb5c6815ca3ac72ce9f5006869ae67f18bf77006,1660712785,1660712785,1,2.99747727e+22,29974.7727,29974.7727,4.651163,4.651163,0.800000,tx_agg_rolling_1800s_same_asset_group_or_route,Celer
ETH,eth_flow_1bab5df610504e__r7fam19__inst01__synth_split_src,0xb2215028478d8c97f2f2d1106616bcc27a2d25ae4d73580d93db53fe639e2eee,0x5427fefa711eff984124bfbb1ab6fbf5e3da1820|0x6d3bbe07a30a43173f2b0bd32816be867cb08951,0x6d3bbe07a30a43173f2b0bd32816be867cb08951,0xdac17f958d2ee523a2206206994597c13d831ec7,USDT,stable:USDT,0xb2215028478d8c97f2f2d1106616bcc27a2d25ae4d73580d93db53fe639e2eee_None_USDT_0xdac17f958d2ee523a2206206994597c13d831ec7,1640619503,1640619503,1,11851060871.0,11851.060871,11851.060871,0.000000,0.000000,0.775000,tx_agg_rolling_1800s_same_asset_group_or_route,Celer
ETH,eth_flow_1bab5df610504e__r7fam19__inst01__synth_merge_src1,0xb2215028478d8c97f2f2d1106616bcc27a2d25ae4d73580d93db53fe639e2eee,0x5427fefa711eff984124bfbb1ab6fbf5e3da1820|0x6d3bbe07a30a43173f2b0bd32816be867cb08951,0x6d3bbe07a30a43173f2b0bd32816be867cb08951,0xdac17f958d2ee523a2206206994597c13d831ec7,USDT,stable:USDT,0xb2215028478d8c97f2f2d1106616bcc27a2d25ae4d73580d93db53fe639e2eee_None_USDT_0xdac17f958d2ee523a2206206994597c13d831ec7,1640619503,1640619503,1,5925530435.5,5925.5304355,5925.5304355,0.000000,0.000000,0.775000,tx_agg_rolling_1800s_same_asset_group_or_route,Celer
ETH,eth_flow_1bab5df610504e__r7fam19__inst01__synth_merge_src2,0xb2215028478d8c97f2f2d1106616bcc27a2d25ae4d73580d93db53fe639e2eee,0x5427fefa711eff984124bfbb1ab6fbf5e3da1820|0x6d3bbe07a30a43173f2b0bd32816be867cb08951,0x6d3bbe07a30a43173f2b0bd32816be867cb08951,0xdac17f958d2ee523a2206206994597c13d831ec7,USDT,stable:USDT,0xb2215028478d8c97f2f2d1106616bcc27a2d25ae4d73580d93db53fe639e2eee_None_USDT_0xdac17f958d2ee523a2206206994597c13d831ec7,1640619503,1640619503,1,5925530435.5,5925.5304355,5925.5304355,0.000000,0.000000,0.775000,tx_agg_rolling_1800s_same_asset_group_or_route,Celer
ETH,eth_flow_1bab5df610504e__r7fam19__inst01__synth_unmatched_src,0xb2215028478d8c97f2f2d1106616bcc27a2d25ae4d73580d93db53fe639e2eee,0x5427fefa711eff984124bfbb1ab6fbf5e3da1820|0x6d3bbe07a30a43173f2b0bd32816be867cb08951,0x6d3bbe07a30a43173f2b0bd32816be867cb08951,0xdac17f958d2ee523a2206206994597c13d831ec7,USDT,stable:USDT,0xb2215028478d8c97f2f2d1106616bcc27a2d25ae4d73580d93db53fe639e2eee_None_USDT_0xdac17f958d2ee523a2206206994597c13d831ec7,1640619503,1640619503,1,11851060871.0,11851.060871,11851.060871,0.000000,0.000000,0.775000,tx_agg_rolling_1800s_same_asset_group_or_route,Celer
ETH,eth_flow_1bab5df610504e__r7fam19__inst01__synth_noise_src_0,0xb2215028478d8c97f2f2d1106616bcc27a2d25ae4d73580d93db53fe639e2eee,0x5427fefa711eff984124bfbb1ab6fbf5e3da1820|0x6d3bbe07a30a43173f2b0bd32816be867cb08951,0x6d3bbe07a30a43173f2b0bd32816be867cb08951,0xdac17f958d2ee523a2206206994597c13d831ec7,USDT,stable:USDT,0xb2215028478d8c97f2f2d1106616bcc27a2d25ae4d73580d93db53fe639e2eee_None_USDT_0xdac17f958d2ee523a2206206994597c13d831ec7,1640619503,1640619503,1,11851060871.0,11851.060871,11851.060871,0.000000,0.000000,0.775000,tx_agg_rolling_1800s_same_asset_group_or_route,Celer
ETH,eth_flow_1bab5df610504e__r7fam19__inst01__synth_noise_src_1,0xb2215028478d8c97f2f2d1106616bcc27a2d25ae4d73580d93db53fe639e2eee,0x5427fefa711eff984124bfbb1ab6fbf5e3da1820|0x6d3bbe07a30a43173f2b0bd32816be867cb08951,0x6d3bbe07a30a43173f2b0bd32816be867cb08951,0xdac17f958d2ee523a2206206994597c13d831ec7,USDT,stable:USDT,0xb2215028478d8c97f2f2d1106616bcc27a2d25ae4d73580d93db53fe639e2eee_None_USDT_0xdac17f958d2ee523a2206206994597c13d831ec7,1640619503,1640619503,1,11851060871.0,11851.060871,11851.060871,0.000000,0.000000,0.775000,tx_agg_rolling_1800s_same_asset_group_or_route,Celer
ETH,eth_flow_6cbc50e29aba4c__r7fam20__inst00__synth_split_src,0x19196ca686016a1333ff11104b1923e7f18795c7b8ce098efd4d68cbc3ce52e6,0xb37d31b2a74029b5951a2778f959282e2d518595|0xd3660ee5743108ddbbc6eb9dd07a0c325f6921fe,0xd3660ee5743108ddbbc6eb9dd07a0c325f6921fe,0x45c2f8c9b4c0bdc76200448cc26c48ab6ffef83f,DOMI,token:DOMI,0x19196ca686016a1333ff11104b1923e7f18795c7b8ce098efd4d68cbc3ce52e6_None_DOMI_0x45c2f8c9b4c0bdc76200448cc26c48ab6ffef83f,1643695381,1643695381,1,2.1228341983678883e+22,21228.34198367888,21228.34198367888,11.627907,11.627907,0.800000,tx_agg_rolling_1800s_same_asset_group_or_route,Celer
ETH,eth_flow_6cbc50e29aba4c__r7fam20__inst00__synth_merge_src1,0x19196ca686016a1333ff11104b1923e7f18795c7b8ce098efd4d68cbc3ce52e6,0xb37d31b2a74029b5951a2778f959282e2d518595|0xd3660ee5743108ddbbc6eb9dd07a0c325f6921fe,0xd3660ee5743108ddbbc6eb9dd07a0c325f6921fe,0x45c2f8c9b4c0bdc76200448cc26c48ab6ffef83f,DOMI,token:DOMI,0x19196ca686016a1333ff11104b1923e7f18795c7b8ce098efd4d68cbc3ce52e6_None_DOMI_0x45c2f8c9b4c0bdc76200448cc26c48ab6ffef83f,1643695381,1643695381,1,1.0614170991839442e+22,10614.17099183944,10614.17099183944,11.627907,11.627907,0.800000,tx_agg_rolling_1800s_same_asset_group_or_route,Celer
ETH,eth_flow_6cbc50e29aba4c__r7fam20__inst00__synth_merge_src2,0x19196ca686016a1333ff11104b1923e7f18795c7b8ce098efd4d68cbc3ce52e6,0xb37d31b2a74029b5951a2778f959282e2d518595|0xd3660ee5743108ddbbc6eb9dd07a0c325f6921fe,0xd3660ee5743108ddbbc6eb9dd07a0c325f6921fe,0x45c2f8c9b4c0bdc76200448cc26c48ab6ffef83f,DOMI,token:DOMI,0x19196ca686016a1333ff11104b1923e7f18795c7b8ce098efd4d68cbc3ce52e6_None_DOMI_0x45c2f8c9b4c0bdc76200448cc26c48ab6ffef83f,1643695381,1643695381,1,1.0614170991839442e+22,10614.17099183944,10614.17099183944,11.627907,11.627907,0.800000,tx_agg_rolling_1800s_same_asset_group_or_route,Celer
ETH,eth_flow_6cbc50e29aba4c__r7fam20__inst00__synth_unmatched_src,0x19196ca686016a1333ff11104b1923e7f18795c7b8ce098efd4d68cbc3ce52e6,0xb37d31b2a74029b5951a2778f959282e2d518595|0xd3660ee5743108ddbbc6eb9dd07a0c325f6921fe,0xd3660ee5743108ddbbc6eb9dd07a0c325f6921fe,0x45c2f8c9b4c0bdc76200448cc26c48ab6ffef83f,DOMI,token:DOMI,0x19196ca686016a1333ff11104b1923e7f18795c7b8ce098efd4d68cbc3ce52e6_None_DOMI_0x45c2f8c9b4c0bdc76200448cc26c48ab6ffef83f,1643695381,1643695381,1,2.1228341983678883e+22,21228.34198367888,21228.34198367888,11.627907,11.627907,0.800000,tx_agg_rolling_1800s_same_asset_group_or_route,Celer
ETH,eth_flow_6cbc50e29aba4c__r7fam20__inst00__synth_noise_src_0,0x19196ca686016a1333ff11104b1923e7f18795c7b8ce098efd4d68cbc3ce52e6,0xb37d31b2a74029b5951a2778f959282e2d518595|0xd3660ee5743108ddbbc6eb9dd07a0c325f6921fe,0xd3660ee5743108ddbbc6eb9dd07a0c325f6921fe,0x45c2f8c9b4c0bdc76200448cc26c48ab6ffef83f,DOMI,token:DOMI,0x19196ca686016a1333ff11104b1923e7f18795c7b8ce098efd4d68cbc3ce52e6_None_DOMI_0x45c2f8c9b4c0bdc76200448cc26c48ab6ffef83f,1643695381,1643695381,1,2.1228341983678883e+22,21228.34198367888,21228.34198367888,11.627907,11.627907,0.800000,tx_agg_rolling_1800s_same_asset_group_or_route,Celer
ETH,eth_flow_6cbc50e29aba4c__r7fam20__inst00__synth_noise_src_1,0x19196ca686016a1333ff11104b1923e7f18795c7b8ce098efd4d68cbc3ce52e6,0xb37d31b2a74029b5951a2778f959282e2d518595|0xd3660ee5743108ddbbc6eb9dd07a0c325f6921fe,0xd3660ee5743108ddbbc6eb9dd07a0c325f6921fe,0x45c2f8c9b4c0bdc76200448cc26c48ab6ffef83f,DOMI,token:DOMI,0x19196ca686016a1333ff11104b1923e7f18795c7b8ce098efd4d68cbc3ce52e6_None_DOMI_0x45c2f8c9b4c0bdc76200448cc26c48ab6ffef83f,1643695381,1643695381,1,2.1228341983678883e+22,21228.34198367888,21228.34198367888,11.627907,11.627907,0.800000,tx_agg_rolling_1800s_same_asset_group_or_route,Celer
ETH,eth_flow_721ca269d51141__r7fam20__inst01__synth_split_src,0xc4dce1b3e080d8e747da3d0cb26e1e32c14658d33b38bd18e92d82050681c108,0x353ac98d550a0d0a4cf5accc0f241174b34bd57f|0x7510792a3b1969f9307f3845ce88e39578f2bae1,0x353ac98d550a0d0a4cf5accc0f241174b34bd57f,0xfb5c6815ca3ac72ce9f5006869ae67f18bf77006,PSTAKE,token:PSTAKE,0xc4dce1b3e080d8e747da3d0cb26e1e32c14658d33b38bd18e92d82050681c108_None_PSTAKE_0xfb5c6815ca3ac72ce9f5006869ae67f18bf77006,1663137892,1663137892,1,8.375e+22,83750.0,83750.0,4.651163,4.651163,0.800000,tx_agg_rolling_1800s_same_asset_group_or_route,Celer
ETH,eth_flow_721ca269d51141__r7fam20__inst01__synth_merge_src1,0xc4dce1b3e080d8e747da3d0cb26e1e32c14658d33b38bd18e92d82050681c108,0x353ac98d550a0d0a4cf5accc0f241174b34bd57f|0x7510792a3b1969f9307f3845ce88e39578f2bae1,0x353ac98d550a0d0a4cf5accc0f241174b34bd57f,0xfb5c6815ca3ac72ce9f5006869ae67f18bf77006,PSTAKE,token:PSTAKE,0xc4dce1b3e080d8e747da3d0cb26e1e32c14658d33b38bd18e92d82050681c108_None_PSTAKE_0xfb5c6815ca3ac72ce9f5006869ae67f18bf77006,1663137892,1663137892,1,4.1875e+22,41875.0,41875.0,4.651163,4.651163,0.800000,tx_agg_rolling_1800s_same_asset_group_or_route,Celer
ETH,eth_flow_721ca269d51141__r7fam20__inst01__synth_merge_src2,0xc4dce1b3e080d8e747da3d0cb26e1e32c14658d33b38bd18e92d82050681c108,0x353ac98d550a0d0a4cf5accc0f241174b34bd57f|0x7510792a3b1969f9307f3845ce88e39578f2bae1,0x353ac98d550a0d0a4cf5accc0f241174b34bd57f,0xfb5c6815ca3ac72ce9f5006869ae67f18bf77006,PSTAKE,token:PSTAKE,0xc4dce1b3e080d8e747da3d0cb26e1e32c14658d33b38bd18e92d82050681c108_None_PSTAKE_0xfb5c6815ca3ac72ce9f5006869ae67f18bf77006,1663137892,1663137892,1,4.1875e+22,41875.0,41875.0,4.651163,4.651163,0.800000,tx_agg_rolling_1800s_same_asset_group_or_route,Celer
ETH,eth_flow_721ca269d51141__r7fam20__inst01__synth_unmatched_src,0xc4dce1b3e080d8e747da3d0cb26e1e32c14658d33b38bd18e92d82050681c108,0x353ac98d550a0d0a4cf5accc0f241174b34bd57f|0x7510792a3b1969f9307f3845ce88e39578f2bae1,0x353ac98d550a0d0a4cf5accc0f241174b34bd57f,0xfb5c6815ca3ac72ce9f5006869ae67f18bf77006,PSTAKE,token:PSTAKE,0xc4dce1b3e080d8e747da3d0cb26e1e32c14658d33b38bd18e92d82050681c108_None_PSTAKE_0xfb5c6815ca3ac72ce9f5006869ae67f18bf77006,1663137892,1663137892,1,8.375e+22,83750.0,83750.0,4.651163,4.651163,0.800000,tx_agg_rolling_1800s_same_asset_group_or_route,Celer
ETH,eth_flow_721ca269d51141__r7fam20__inst01__synth_noise_src_0,0xc4dce1b3e080d8e747da3d0cb26e1e32c14658d33b38bd18e92d82050681c108,0x353ac98d550a0d0a4cf5accc0f241174b34bd57f|0x7510792a3b1969f9307f3845ce88e39578f2bae1,0x353ac98d550a0d0a4cf5accc0f241174b34bd57f,0xfb5c6815ca3ac72ce9f5006869ae67f18bf77006,PSTAKE,token:PSTAKE,0xc4dce1b3e080d8e747da3d0cb26e1e32c14658d33b38bd18e92d82050681c108_None_PSTAKE_0xfb5c6815ca3ac72ce9f5006869ae67f18bf77006,1663137892,1663137892,1,8.375e+22,83750.0,83750.0,4.651163,4.651163,0.800000,tx_agg_rolling_1800s_same_asset_group_or_route,Celer
ETH,eth_flow_721ca269d51141__r7fam20__inst01__synth_noise_src_1,0xc4dce1b3e080d8e747da3d0cb26e1e32c14658d33b38bd18e92d82050681c108,0x353ac98d550a0d0a4cf5accc0f241174b34bd57f|0x7510792a3b1969f9307f3845ce88e39578f2bae1,0x353ac98d550a0d0a4cf5accc0f241174b34bd57f,0xfb5c6815ca3ac72ce9f5006869ae67f18bf77006,PSTAKE,token:PSTAKE,0xc4dce1b3e080d8e747da3d0cb26e1e32c14658d33b38bd18e92d82050681c108_None_PSTAKE_0xfb5c6815ca3ac72ce9f5006869ae67f18bf77006,1663137892,1663137892,1,8.375e+22,83750.0,83750.0,4.651163,4.651163,0.800000,tx_agg_rolling_1800s_same_asset_group_or_route,Celer
ETH,eth_flow_f2eccc861fe64d__r7fam21__inst00__synth_split_src,0x8730cff1e584502f1dee50e4edf7054922ccbcac61b26c140f4dd9df18672fc3,0x5427fefa711eff984124bfbb1ab6fbf5e3da1820|0xe91fe65198a8d7319b542d742af98ad83f5bb1d7,0xe91fe65198a8d7319b542d742af98ad83f5bb1d7,0xa0b86991c6218b36c1d19d4a2e9eb0ce3606eb48,USDC,stable:USDC,0x8730cff1e584502f1dee50e4edf7054922ccbcac61b26c140f4dd9df18672fc3_None_USDC_0xa0b86991c6218b36c1d19d4a2e9eb0ce3606eb48,1638540322,1638540322,1,80087801954.0,80087.801954,80087.801954,0.000000,0.000000,0.800000,tx_agg_rolling_1800s_same_asset_group_or_route,Celer
ETH,eth_flow_f2eccc861fe64d__r7fam21__inst00__synth_merge_src1,0x8730cff1e584502f1dee50e4edf7054922ccbcac61b26c140f4dd9df18672fc3,0x5427fefa711eff984124bfbb1ab6fbf5e3da1820|0xe91fe65198a8d7319b542d742af98ad83f5bb1d7,0xe91fe65198a8d7319b542d742af98ad83f5bb1d7,0xa0b86991c6218b36c1d19d4a2e9eb0ce3606eb48,USDC,stable:USDC,0x8730cff1e584502f1dee50e4edf7054922ccbcac61b26c140f4dd9df18672fc3_None_USDC_0xa0b86991c6218b36c1d19d4a2e9eb0ce3606eb48,1638540322,1638540322,1,40043900977.0,40043.900977,40043.900977,0.000000,0.000000,0.800000,tx_agg_rolling_1800s_same_asset_group_or_route,Celer
ETH,eth_flow_f2eccc861fe64d__r7fam21__inst00__synth_merge_src2,0x8730cff1e584502f1dee50e4edf7054922ccbcac61b26c140f4dd9df18672fc3,0x5427fefa711eff984124bfbb1ab6fbf5e3da1820|0xe91fe65198a8d7319b542d742af98ad83f5bb1d7,0xe91fe65198a8d7319b542d742af98ad83f5bb1d7,0xa0b86991c6218b36c1d19d4a2e9eb0ce3606eb48,USDC,stable:USDC,0x8730cff1e584502f1dee50e4edf7054922ccbcac61b26c140f4dd9df18672fc3_None_USDC_0xa0b86991c6218b36c1d19d4a2e9eb0ce3606eb48,1638540322,1638540322,1,40043900977.0,40043.900977,40043.900977,0.000000,0.000000,0.800000,tx_agg_rolling_1800s_same_asset_group_or_route,Celer
ETH,eth_flow_f2eccc861fe64d__r7fam21__inst00__synth_unmatched_src,0x8730cff1e584502f1dee50e4edf7054922ccbcac61b26c140f4dd9df18672fc3,0x5427fefa711eff984124bfbb1ab6fbf5e3da1820|0xe91fe65198a8d7319b542d742af98ad83f5bb1d7,0xe91fe65198a8d7319b542d742af98ad83f5bb1d7,0xa0b86991c6218b36c1d19d4a2e9eb0ce3606eb48,USDC,stable:USDC,0x8730cff1e584502f1dee50e4edf7054922ccbcac61b26c140f4dd9df18672fc3_None_USDC_0xa0b86991c6218b36c1d19d4a2e9eb0ce3606eb48,1638540322,1638540322,1,80087801954.0,80087.801954,80087.801954,0.000000,0.000000,0.800000,tx_agg_rolling_1800s_same_asset_group_or_route,Celer
ETH,eth_flow_f2eccc861fe64d__r7fam21__inst00__synth_noise_src_0,0x8730cff1e584502f1dee50e4edf7054922ccbcac61b26c140f4dd9df18672fc3,0x5427fefa711eff984124bfbb1ab6fbf5e3da1820|0xe91fe65198a8d7319b542d742af98ad83f5bb1d7,0xe91fe65198a8d7319b542d742af98ad83f5bb1d7,0xa0b86991c6218b36c1d19d4a2e9eb0ce3606eb48,USDC,stable:USDC,0x8730cff1e584502f1dee50e4edf7054922ccbcac61b26c140f4dd9df18672fc3_None_USDC_0xa0b86991c6218b36c1d19d4a2e9eb0ce3606eb48,1638540322,1638540322,1,80087801954.0,80087.801954,80087.801954,0.000000,0.000000,0.800000,tx_agg_rolling_1800s_same_asset_group_or_route,Celer
ETH,eth_flow_f2eccc861fe64d__r7fam21__inst00__synth_noise_src_1,0x8730cff1e584502f1dee50e4edf7054922ccbcac61b26c140f4dd9df18672fc3,0x5427fefa711eff984124bfbb1ab6fbf5e3da1820|0xe91fe65198a8d7319b542d742af98ad83f5bb1d7,0xe91fe65198a8d7319b542d742af98ad83f5bb1d7,0xa0b86991c6218b36c1d19d4a2e9eb0ce3606eb48,USDC,stable:USDC,0x8730cff1e584502f1dee50e4edf7054922ccbcac61b26c140f4dd9df18672fc3_None_USDC_0xa0b86991c6218b36c1d19d4a2e9eb0ce3606eb48,1638540322,1638540322,1,80087801954.0,80087.801954,80087.801954,0.000000,0.000000,0.800000,tx_agg_rolling_1800s_same_asset_group_or_route,Celer
ETH,eth_flow_4290d1a54cab4f__r7fam21__inst01__synth_split_src,0xdf421296b9e3f771ef25e7c417982e1b5e231971059a44f8fb2bbbe235b92be8,0x5427fefa711eff984124bfbb1ab6fbf5e3da1820|0xffc6c9fc360785e030b327fe6fdc4632941f80bd,0xffc6c9fc360785e030b327fe6fdc4632941f80bd,0xa0b86991c6218b36c1d19d4a2e9eb0ce3606eb48,USDC,stable:USDC,0xdf421296b9e3f771ef25e7c417982e1b5e231971059a44f8fb2bbbe235b92be8_None_USDC_0xa0b86991c6218b36c1d19d4a2e9eb0ce3606eb48,1639888230,1639888230,1,11990000000.0,11990.0,11990.0,0.000000,0.000000,0.775000,tx_agg_rolling_1800s_same_asset_group_or_route,Celer
ETH,eth_flow_4290d1a54cab4f__r7fam21__inst01__synth_merge_src1,0xdf421296b9e3f771ef25e7c417982e1b5e231971059a44f8fb2bbbe235b92be8,0x5427fefa711eff984124bfbb1ab6fbf5e3da1820|0xffc6c9fc360785e030b327fe6fdc4632941f80bd,0xffc6c9fc360785e030b327fe6fdc4632941f80bd,0xa0b86991c6218b36c1d19d4a2e9eb0ce3606eb48,USDC,stable:USDC,0xdf421296b9e3f771ef25e7c417982e1b5e231971059a44f8fb2bbbe235b92be8_None_USDC_0xa0b86991c6218b36c1d19d4a2e9eb0ce3606eb48,1639888230,1639888230,1,5995000000.0,5995.0,5995.0,0.000000,0.000000,0.775000,tx_agg_rolling_1800s_same_asset_group_or_route,Celer
ETH,eth_flow_4290d1a54cab4f__r7fam21__inst01__synth_merge_src2,0xdf421296b9e3f771ef25e7c417982e1b5e231971059a44f8fb2bbbe235b92be8,0x5427fefa711eff984124bfbb1ab6fbf5e3da1820|0xffc6c9fc360785e030b327fe6fdc4632941f80bd,0xffc6c9fc360785e030b327fe6fdc4632941f80bd,0xa0b86991c6218b36c1d19d4a2e9eb0ce3606eb48,USDC,stable:USDC,0xdf421296b9e3f771ef25e7c417982e1b5e231971059a44f8fb2bbbe235b92be8_None_USDC_0xa0b86991c6218b36c1d19d4a2e9eb0ce3606eb48,1639888230,1639888230,1,5995000000.0,5995.0,5995.0,0.000000,0.000000,0.775000,tx_agg_rolling_1800s_same_asset_group_or_route,Celer
ETH,eth_flow_4290d1a54cab4f__r7fam21__inst01__synth_unmatched_src,0xdf421296b9e3f771ef25e7c417982e1b5e231971059a44f8fb2bbbe235b92be8,0x5427fefa711eff984124bfbb1ab6fbf5e3da1820|0xffc6c9fc360785e030b327fe6fdc4632941f80bd,0xffc6c9fc360785e030b327fe6fdc4632941f80bd,0xa0b86991c6218b36c1d19d4a2e9eb0ce3606eb48,USDC,stable:USDC,0xdf421296b9e3f771ef25e7c417982e1b5e231971059a44f8fb2bbbe235b92be8_None_USDC_0xa0b86991c6218b36c1d19d4a2e9eb0ce3606eb48,1639888230,1639888230,1,11990000000.0,11990.0,11990.0,0.000000,0.000000,0.775000,tx_agg_rolling_1800s_same_asset_group_or_route,Celer
ETH,eth_flow_4290d1a54cab4f__r7fam21__inst01__synth_noise_src_0,0xdf421296b9e3f771ef25e7c417982e1b5e231971059a44f8fb2bbbe235b92be8,0x5427fefa711eff984124bfbb1ab6fbf5e3da1820|0xffc6c9fc360785e030b327fe6fdc4632941f80bd,0xffc6c9fc360785e030b327fe6fdc4632941f80bd,0xa0b86991c6218b36c1d19d4a2e9eb0ce3606eb48,USDC,stable:USDC,0xdf421296b9e3f771ef25e7c417982e1b5e231971059a44f8fb2bbbe235b92be8_None_USDC_0xa0b86991c6218b36c1d19d4a2e9eb0ce3606eb48,1639888230,1639888230,1,11990000000.0,11990.0,11990.0,0.000000,0.000000,0.775000,tx_agg_rolling_1800s_same_asset_group_or_route,Celer
ETH,eth_flow_4290d1a54cab4f__r7fam21__inst01__synth_noise_src_1,0xdf421296b9e3f771ef25e7c417982e1b5e231971059a44f8fb2bbbe235b92be8,0x5427fefa711eff984124bfbb1ab6fbf5e3da1820|0xffc6c9fc360785e030b327fe6fdc4632941f80bd,0xffc6c9fc360785e030b327fe6fdc4632941f80bd,0xa0b86991c6218b36c1d19d4a2e9eb0ce3606eb48,USDC,stable:USDC,0xdf421296b9e3f771ef25e7c417982e1b5e231971059a44f8fb2bbbe235b92be8_None_USDC_0xa0b86991c6218b36c1d19d4a2e9eb0ce3606eb48,1639888230,1639888230,1,11990000000.0,11990.0,11990.0,0.000000,0.000000,0.775000,tx_agg_rolling_1800s_same_asset_group_or_route,Celer
ETH,eth_flow_5f88efbe2f8340__r7fam22__inst00__synth_split_src,0xc615b73f62ddf75f5da463332c4fd5735cd4560f39f102f487d62363c76b3adb,0x5427fefa711eff984124bfbb1ab6fbf5e3da1820|0xf3bb97e22ee247b5c38fe2ee4367145d7f908fe6,0xf3bb97e22ee247b5c38fe2ee4367145d7f908fe6,0xa0b86991c6218b36c1d19d4a2e9eb0ce3606eb48,USDC,stable:USDC,0xc615b73f62ddf75f5da463332c4fd5735cd4560f39f102f487d62363c76b3adb_None_USDC_0xa0b86991c6218b36c1d19d4a2e9eb0ce3606eb48,1639120400,1639120400,1,10469647145.0,10469.647145,10469.647145,0.000000,0.000000,0.800000,tx_agg_rolling_1800s_same_asset_group_or_route,Celer
ETH,eth_flow_5f88efbe2f8340__r7fam22__inst00__synth_merge_src1,0xc615b73f62ddf75f5da463332c4fd5735cd4560f39f102f487d62363c76b3adb,0x5427fefa711eff984124bfbb1ab6fbf5e3da1820|0xf3bb97e22ee247b5c38fe2ee4367145d7f908fe6,0xf3bb97e22ee247b5c38fe2ee4367145d7f908fe6,0xa0b86991c6218b36c1d19d4a2e9eb0ce3606eb48,USDC,stable:USDC,0xc615b73f62ddf75f5da463332c4fd5735cd4560f39f102f487d62363c76b3adb_None_USDC_0xa0b86991c6218b36c1d19d4a2e9eb0ce3606eb48,1639120400,1639120400,1,5234823572.5,5234.8235725,5234.8235725,0.000000,0.000000,0.800000,tx_agg_rolling_1800s_same_asset_group_or_route,Celer
ETH,eth_flow_5f88efbe2f8340__r7fam22__inst00__synth_merge_src2,0xc615b73f62ddf75f5da463332c4fd5735cd4560f39f102f487d62363c76b3adb,0x5427fefa711eff984124bfbb1ab6fbf5e3da1820|0xf3bb97e22ee247b5c38fe2ee4367145d7f908fe6,0xf3bb97e22ee247b5c38fe2ee4367145d7f908fe6,0xa0b86991c6218b36c1d19d4a2e9eb0ce3606eb48,USDC,stable:USDC,0xc615b73f62ddf75f5da463332c4fd5735cd4560f39f102f487d62363c76b3adb_None_USDC_0xa0b86991c6218b36c1d19d4a2e9eb0ce3606eb48,1639120400,1639120400,1,5234823572.5,5234.8235725,5234.8235725,0.000000,0.000000,0.800000,tx_agg_rolling_1800s_same_asset_group_or_route,Celer
ETH,eth_flow_5f88efbe2f8340__r7fam22__inst00__synth_unmatched_src,0xc615b73f62ddf75f5da463332c4fd5735cd4560f39f102f487d62363c76b3adb,0x5427fefa711eff984124bfbb1ab6fbf5e3da1820|0xf3bb97e22ee247b5c38fe2ee4367145d7f908fe6,0xf3bb97e22ee247b5c38fe2ee4367145d7f908fe6,0xa0b86991c6218b36c1d19d4a2e9eb0ce3606eb48,USDC,stable:USDC,0xc615b73f62ddf75f5da463332c4fd5735cd4560f39f102f487d62363c76b3adb_None_USDC_0xa0b86991c6218b36c1d19d4a2e9eb0ce3606eb48,1639120400,1639120400,1,10469647145.0,10469.647145,10469.647145,0.000000,0.000000,0.800000,tx_agg_rolling_1800s_same_asset_group_or_route,Celer
ETH,eth_flow_5f88efbe2f8340__r7fam22__inst00__synth_noise_src_0,0xc615b73f62ddf75f5da463332c4fd5735cd4560f39f102f487d62363c76b3adb,0x5427fefa711eff984124bfbb1ab6fbf5e3da1820|0xf3bb97e22ee247b5c38fe2ee4367145d7f908fe6,0xf3bb97e22ee247b5c38fe2ee4367145d7f908fe6,0xa0b86991c6218b36c1d19d4a2e9eb0ce3606eb48,USDC,stable:USDC,0xc615b73f62ddf75f5da463332c4fd5735cd4560f39f102f487d62363c76b3adb_None_USDC_0xa0b86991c6218b36c1d19d4a2e9eb0ce3606eb48,1639120400,1639120400,1,10469647145.0,10469.647145,10469.647145,0.000000,0.000000,0.800000,tx_agg_rolling_1800s_same_asset_group_or_route,Celer
ETH,eth_flow_5f88efbe2f8340__r7fam22__inst00__synth_noise_src_1,0xc615b73f62ddf75f5da463332c4fd5735cd4560f39f102f487d62363c76b3adb,0x5427fefa711eff984124bfbb1ab6fbf5e3da1820|0xf3bb97e22ee247b5c38fe2ee4367145d7f908fe6,0xf3bb97e22ee247b5c38fe2ee4367145d7f908fe6,0xa0b86991c6218b36c1d19d4a2e9eb0ce3606eb48,USDC,stable:USDC,0xc615b73f62ddf75f5da463332c4fd5735cd4560f39f102f487d62363c76b3adb_None_USDC_0xa0b86991c6218b36c1d19d4a2e9eb0ce3606eb48,1639120400,1639120400,1,10469647145.0,10469.647145,10469.647145,0.000000,0.000000,0.800000,tx_agg_rolling_1800s_same_asset_group_or_route,Celer
ETH,eth_flow_53403079860c40__r7fam22__inst01__synth_split_src,0x62d5af925250d3d4317723198d8de2990d8b1f8e6c3049d517b1cb8c92710d2c,0x434d20f4286711530e945957f77384649c5301a7|0xb37d31b2a74029b5951a2778f959282e2d518595,0x434d20f4286711530e945957f77384649c5301a7,0x38b0e3a59183814957d83df2a97492aed1f003e2,ANML,token:ANML,0x62d5af925250d3d4317723198d8de2990d8b1f8e6c3049d517b1cb8c92710d2c_None_ANML_0x38b0e3a59183814957d83df2a97492aed1f003e2,1648876912,1648876912,1,2.9648467e+23,296484.67,296484.67,16.279070,16.279070,0.800000,tx_agg_rolling_1800s_same_asset_group_or_route,Celer
ETH,eth_flow_53403079860c40__r7fam22__inst01__synth_merge_src1,0x62d5af925250d3d4317723198d8de2990d8b1f8e6c3049d517b1cb8c92710d2c,0x434d20f4286711530e945957f77384649c5301a7|0xb37d31b2a74029b5951a2778f959282e2d518595,0x434d20f4286711530e945957f77384649c5301a7,0x38b0e3a59183814957d83df2a97492aed1f003e2,ANML,token:ANML,0x62d5af925250d3d4317723198d8de2990d8b1f8e6c3049d517b1cb8c92710d2c_None_ANML_0x38b0e3a59183814957d83df2a97492aed1f003e2,1648876912,1648876912,1,1.48242335e+23,148242.335,148242.335,16.279070,16.279070,0.800000,tx_agg_rolling_1800s_same_asset_group_or_route,Celer
ETH,eth_flow_53403079860c40__r7fam22__inst01__synth_merge_src2,0x62d5af925250d3d4317723198d8de2990d8b1f8e6c3049d517b1cb8c92710d2c,0x434d20f4286711530e945957f77384649c5301a7|0xb37d31b2a74029b5951a2778f959282e2d518595,0x434d20f4286711530e945957f77384649c5301a7,0x38b0e3a59183814957d83df2a97492aed1f003e2,ANML,token:ANML,0x62d5af925250d3d4317723198d8de2990d8b1f8e6c3049d517b1cb8c92710d2c_None_ANML_0x38b0e3a59183814957d83df2a97492aed1f003e2,1648876912,1648876912,1,1.48242335e+23,148242.335,148242.335,16.279070,16.279070,0.800000,tx_agg_rolling_1800s_same_asset_group_or_route,Celer
ETH,eth_flow_53403079860c40__r7fam22__inst01__synth_unmatched_src,0x62d5af925250d3d4317723198d8de2990d8b1f8e6c3049d517b1cb8c92710d2c,0x434d20f4286711530e945957f77384649c5301a7|0xb37d31b2a74029b5951a2778f959282e2d518595,0x434d20f4286711530e945957f77384649c5301a7,0x38b0e3a59183814957d83df2a97492aed1f003e2,ANML,token:ANML,0x62d5af925250d3d4317723198d8de2990d8b1f8e6c3049d517b1cb8c92710d2c_None_ANML_0x38b0e3a59183814957d83df2a97492aed1f003e2,1648876912,1648876912,1,2.9648467e+23,296484.67,296484.67,16.279070,16.279070,0.800000,tx_agg_rolling_1800s_same_asset_group_or_route,Celer
ETH,eth_flow_53403079860c40__r7fam22__inst01__synth_noise_src_0,0x62d5af925250d3d4317723198d8de2990d8b1f8e6c3049d517b1cb8c92710d2c,0x434d20f4286711530e945957f77384649c5301a7|0xb37d31b2a74029b5951a2778f959282e2d518595,0x434d20f4286711530e945957f77384649c5301a7,0x38b0e3a59183814957d83df2a97492aed1f003e2,ANML,token:ANML,0x62d5af925250d3d4317723198d8de2990d8b1f8e6c3049d517b1cb8c92710d2c_None_ANML_0x38b0e3a59183814957d83df2a97492aed1f003e2,1648876912,1648876912,1,2.9648467e+23,296484.67,296484.67,16.279070,16.279070,0.800000,tx_agg_rolling_1800s_same_asset_group_or_route,Celer
ETH,eth_flow_53403079860c40__r7fam22__inst01__synth_noise_src_1,0x62d5af925250d3d4317723198d8de2990d8b1f8e6c3049d517b1cb8c92710d2c,0x434d20f4286711530e945957f77384649c5301a7|0xb37d31b2a74029b5951a2778f959282e2d518595,0x434d20f4286711530e945957f77384649c5301a7,0x38b0e3a59183814957d83df2a97492aed1f003e2,ANML,token:ANML,0x62d5af925250d3d4317723198d8de2990d8b1f8e6c3049d517b1cb8c92710d2c_None_ANML_0x38b0e3a59183814957d83df2a97492aed1f003e2,1648876912,1648876912,1,2.9648467e+23,296484.67,296484.67,16.279070,16.279070,0.800000,tx_agg_rolling_1800s_same_asset_group_or_route,Celer
ETH,eth_flow_abeba70cc31a4b__r7fam23__inst00__synth_split_src,0x4b2d16fc431086b6dfc764782389846d5bfb7fd7689fd3126f5c63f27b6a8f43,0x5427fefa711eff984124bfbb1ab6fbf5e3da1820|0x7f980ea059e4c45867cde1de4391fbde1014dbbc,0x7f980ea059e4c45867cde1de4391fbde1014dbbc,0xa0b86991c6218b36c1d19d4a2e9eb0ce3606eb48,USDC,stable:USDC,0x4b2d16fc431086b6dfc764782389846d5bfb7fd7689fd3126f5c63f27b6a8f43_None_USDC_0xa0b86991c6218b36c1d19d4a2e9eb0ce3606eb48,1639825640,1639825640,1,14177441993.0,14177.441993,14177.441993,0.000000,0.000000,0.775000,tx_agg_rolling_1800s_same_asset_group_or_route,Celer
ETH,eth_flow_abeba70cc31a4b__r7fam23__inst00__synth_merge_src1,0x4b2d16fc431086b6dfc764782389846d5bfb7fd7689fd3126f5c63f27b6a8f43,0x5427fefa711eff984124bfbb1ab6fbf5e3da1820|0x7f980ea059e4c45867cde1de4391fbde1014dbbc,0x7f980ea059e4c45867cde1de4391fbde1014dbbc,0xa0b86991c6218b36c1d19d4a2e9eb0ce3606eb48,USDC,stable:USDC,0x4b2d16fc431086b6dfc764782389846d5bfb7fd7689fd3126f5c63f27b6a8f43_None_USDC_0xa0b86991c6218b36c1d19d4a2e9eb0ce3606eb48,1639825640,1639825640,1,7088720996.5,7088.7209965,7088.7209965,0.000000,0.000000,0.775000,tx_agg_rolling_1800s_same_asset_group_or_route,Celer
ETH,eth_flow_abeba70cc31a4b__r7fam23__inst00__synth_merge_src2,0x4b2d16fc431086b6dfc764782389846d5bfb7fd7689fd3126f5c63f27b6a8f43,0x5427fefa711eff984124bfbb1ab6fbf5e3da1820|0x7f980ea059e4c45867cde1de4391fbde1014dbbc,0x7f980ea059e4c45867cde1de4391fbde1014dbbc,0xa0b86991c6218b36c1d19d4a2e9eb0ce3606eb48,USDC,stable:USDC,0x4b2d16fc431086b6dfc764782389846d5bfb7fd7689fd3126f5c63f27b6a8f43_None_USDC_0xa0b86991c6218b36c1d19d4a2e9eb0ce3606eb48,1639825640,1639825640,1,7088720996.5,7088.7209965,7088.7209965,0.000000,0.000000,0.775000,tx_agg_rolling_1800s_same_asset_group_or_route,Celer
ETH,eth_flow_abeba70cc31a4b__r7fam23__inst00__synth_unmatched_src,0x4b2d16fc431086b6dfc764782389846d5bfb7fd7689fd3126f5c63f27b6a8f43,0x5427fefa711eff984124bfbb1ab6fbf5e3da1820|0x7f980ea059e4c45867cde1de4391fbde1014dbbc,0x7f980ea059e4c45867cde1de4391fbde1014dbbc,0xa0b86991c6218b36c1d19d4a2e9eb0ce3606eb48,USDC,stable:USDC,0x4b2d16fc431086b6dfc764782389846d5bfb7fd7689fd3126f5c63f27b6a8f43_None_USDC_0xa0b86991c6218b36c1d19d4a2e9eb0ce3606eb48,1639825640,1639825640,1,14177441993.0,14177.441993,14177.441993,0.000000,0.000000,0.775000,tx_agg_rolling_1800s_same_asset_group_or_route,Celer
ETH,eth_flow_abeba70cc31a4b__r7fam23__inst00__synth_noise_src_0,0x4b2d16fc431086b6dfc764782389846d5bfb7fd7689fd3126f5c63f27b6a8f43,0x5427fefa711eff984124bfbb1ab6fbf5e3da1820|0x7f980ea059e4c45867cde1de4391fbde1014dbbc,0x7f980ea059e4c45867cde1de4391fbde1014dbbc,0xa0b86991c6218b36c1d19d4a2e9eb0ce3606eb48,USDC,stable:USDC,0x4b2d16fc431086b6dfc764782389846d5bfb7fd7689fd3126f5c63f27b6a8f43_None_USDC_0xa0b86991c6218b36c1d19d4a2e9eb0ce3606eb48,1639825640,1639825640,1,14177441993.0,14177.441993,14177.441993,0.000000,0.000000,0.775000,tx_agg_rolling_1800s_same_asset_group_or_route,Celer
ETH,eth_flow_abeba70cc31a4b__r7fam23__inst00__synth_noise_src_1,0x4b2d16fc431086b6dfc764782389846d5bfb7fd7689fd3126f5c63f27b6a8f43,0x5427fefa711eff984124bfbb1ab6fbf5e3da1820|0x7f980ea059e4c45867cde1de4391fbde1014dbbc,0x7f980ea059e4c45867cde1de4391fbde1014dbbc,0xa0b86991c6218b36c1d19d4a2e9eb0ce3606eb48,USDC,stable:USDC,0x4b2d16fc431086b6dfc764782389846d5bfb7fd7689fd3126f5c63f27b6a8f43_None_USDC_0xa0b86991c6218b36c1d19d4a2e9eb0ce3606eb48,1639825640,1639825640,1,14177441993.0,14177.441993,14177.441993,0.000000,0.000000,0.775000,tx_agg_rolling_1800s_same_asset_group_or_route,Celer
ETH,eth_flow_ebb956da9bef4c__r7fam23__inst01__synth_split_src,0x3b0544b576d15d417258a7922483ae4d4709dbafde75712624de418183de964b,0x5427fefa711eff984124bfbb1ab6fbf5e3da1820|0xa2e97c3b1a1b7a385a60fcc9491a5d16ae09674a,0xa2e97c3b1a1b7a385a60fcc9491a5d16ae09674a,0xdac17f958d2ee523a2206206994597c13d831ec7,USDT,stable:USDT,0x3b0544b576d15d417258a7922483ae4d4709dbafde75712624de418183de964b_None_USDT_0xdac17f958d2ee523a2206206994597c13d831ec7,1639196961,1639196961,1,168277700000.0,168277.7,168277.7,0.000000,0.000000,0.800000,tx_agg_rolling_1800s_same_asset_group_or_route,Celer
ETH,eth_flow_ebb956da9bef4c__r7fam23__inst01__synth_merge_src1,0x3b0544b576d15d417258a7922483ae4d4709dbafde75712624de418183de964b,0x5427fefa711eff984124bfbb1ab6fbf5e3da1820|0xa2e97c3b1a1b7a385a60fcc9491a5d16ae09674a,0xa2e97c3b1a1b7a385a60fcc9491a5d16ae09674a,0xdac17f958d2ee523a2206206994597c13d831ec7,USDT,stable:USDT,0x3b0544b576d15d417258a7922483ae4d4709dbafde75712624de418183de964b_None_USDT_0xdac17f958d2ee523a2206206994597c13d831ec7,1639196961,1639196961,1,84138850000.0,84138.85,84138.85,0.000000,0.000000,0.800000,tx_agg_rolling_1800s_same_asset_group_or_route,Celer
ETH,eth_flow_ebb956da9bef4c__r7fam23__inst01__synth_merge_src2,0x3b0544b576d15d417258a7922483ae4d4709dbafde75712624de418183de964b,0x5427fefa711eff984124bfbb1ab6fbf5e3da1820|0xa2e97c3b1a1b7a385a60fcc9491a5d16ae09674a,0xa2e97c3b1a1b7a385a60fcc9491a5d16ae09674a,0xdac17f958d2ee523a2206206994597c13d831ec7,USDT,stable:USDT,0x3b0544b576d15d417258a7922483ae4d4709dbafde75712624de418183de964b_None_USDT_0xdac17f958d2ee523a2206206994597c13d831ec7,1639196961,1639196961,1,84138850000.0,84138.85,84138.85,0.000000,0.000000,0.800000,tx_agg_rolling_1800s_same_asset_group_or_route,Celer
ETH,eth_flow_ebb956da9bef4c__r7fam23__inst01__synth_unmatched_src,0x3b0544b576d15d417258a7922483ae4d4709dbafde75712624de418183de964b,0x5427fefa711eff984124bfbb1ab6fbf5e3da1820|0xa2e97c3b1a1b7a385a60fcc9491a5d16ae09674a,0xa2e97c3b1a1b7a385a60fcc9491a5d16ae09674a,0xdac17f958d2ee523a2206206994597c13d831ec7,USDT,stable:USDT,0x3b0544b576d15d417258a7922483ae4d4709dbafde75712624de418183de964b_None_USDT_0xdac17f958d2ee523a2206206994597c13d831ec7,1639196961,1639196961,1,168277700000.0,168277.7,168277.7,0.000000,0.000000,0.800000,tx_agg_rolling_1800s_same_asset_group_or_route,Celer
ETH,eth_flow_ebb956da9bef4c__r7fam23__inst01__synth_noise_src_0,0x3b0544b576d15d417258a7922483ae4d4709dbafde75712624de418183de964b,0x5427fefa711eff984124bfbb1ab6fbf5e3da1820|0xa2e97c3b1a1b7a385a60fcc9491a5d16ae09674a,0xa2e97c3b1a1b7a385a60fcc9491a5d16ae09674a,0xdac17f958d2ee523a2206206994597c13d831ec7,USDT,stable:USDT,0x3b0544b576d15d417258a7922483ae4d4709dbafde75712624de418183de964b_None_USDT_0xdac17f958d2ee523a2206206994597c13d831ec7,1639196961,1639196961,1,168277700000.0,168277.7,168277.7,0.000000,0.000000,0.800000,tx_agg_rolling_1800s_same_asset_group_or_route,Celer
ETH,eth_flow_ebb956da9bef4c__r7fam23__inst01__synth_noise_src_1,0x3b0544b576d15d417258a7922483ae4d4709dbafde75712624de418183de964b,0x5427fefa711eff984124bfbb1ab6fbf5e3da1820|0xa2e97c3b1a1b7a385a60fcc9491a5d16ae09674a,0xa2e97c3b1a1b7a385a60fcc9491a5d16ae09674a,0xdac17f958d2ee523a2206206994597c13d831ec7,USDT,stable:USDT,0x3b0544b576d15d417258a7922483ae4d4709dbafde75712624de418183de964b_None_USDT_0xdac17f958d2ee523a2206206994597c13d831ec7,1639196961,1639196961,1,168277700000.0,168277.7,168277.7,0.000000,0.000000,0.800000,tx_agg_rolling_1800s_same_asset_group_or_route,Celer
